ts_code,stock_name,industry,trade_date,open,close,high,low,vol,amount,amplitude,pct_chg,change,turnover_rate,pre_close,price_type,source,adj_factor
600519.SH,贵州茅台,食品饮料,2019-01-02,336.18,325.18,338.2,321.21,62286,3754387984.0,5.37,2.84,8.97,0.5,,前复权,TuShare Pro daily 日期校验 + 东方财富前复权行情,
600519.SH,贵州茅台,食品饮料,2019-01-03,326.17,316.2,327.86,312.0,30977,1838179168.0,4.88,-2.76,-8.98,0.25,325.18,前复权,TuShare Pro daily 日期校验 + 东方财富前复权行情,
600519.SH,贵州茅台,食品饮料,2019-01-04,313.48,328.2,333.87,308.22,37683,2258501488.0,8.11,3.8,12.0,0.3,316.2,前复权,TuShare Pro daily 日期校验 + 东方财富前复权行情,
600519.SH,贵州茅台,食品饮料,2019-01-07,334.2,331.69,338.2,328.42,34750,2105981456.0,2.98,1.06,3.49,0.28,328.2,前复权,TuShare Pro daily 日期校验 + 东方财富前复权行情,
600519.SH,贵州茅台,食品饮料,2019-01-08,331.7,330.99,338.2,326.48,28838,1750413216.0,3.53,-0.21,-0.7,0.23,331.69,前复权,TuShare Pro daily 日期校验 + 东方财富前复权行情,
600519.SH,贵州茅台,食品饮料,2019-01-09,336.19,342.32,352.36,335.24,49892,3084214784.0,5.17,3.42,11.33,0.4,330.99,前复权,TuShare Pro daily 日期校验 + 东方财富前复权行情,
600519.SH,贵州茅台,食品饮料,2019-01-10,343.33,344.97,351.08,336.45,29044,1797683136.0,4.27,0.77,2.65,0.23,342.32,前复权,TuShare Pro daily 日期校验 + 东方财富前复权行情,
600519.SH,贵州茅台,食品饮料,2019-01-11,351.2,362.08,363.2,344.95,38884,2445929488.0,5.29,4.96,17.11,0.31,344.97,前复权,TuShare Pro daily 日期校验 + 东方财富前复权行情,
600519.SH,贵州茅台,食品饮料,2019-01-14,359.2,350.8,362.09,347.75,25649,1606308128.0,3.96,-3.12,-11.28,0.2,362.08,前复权,TuShare Pro daily 日期校验 + 东方财富前复权行情,
600519.SH,贵州茅台,食品饮料,2019-01-15,354.06,386.18,387.7,351.2,55765,3613919072.0,10.4,10.09,35.38,0.44,350.8,前复权,TuShare Pro daily 日期校验 + 东方财富前复权行情,
600519.SH,贵州茅台,食品饮料,2019-01-16,384.2,387.3,391.85,379.8,42084,2775103936.0,3.12,0.29,1.12,0.34,386.18,前复权,TuShare Pro daily 日期校验 + 东方财富前复权行情,
600519.SH,贵州茅台,食品饮料,2019-01-17,389.2,385.45,395.9,382.0,30285,2004454112.0,3.59,-0.48,-1.85,0.24,387.3,前复权,TuShare Pro daily 日期校验 + 东方财富前复权行情,
600519.SH,贵州茅台,食品饮料,2019-01-18,391.2,409.81,416.4,387.7,68609,4647515904.0,7.45,6.32,24.36,0.55,385.45,前复权,TuShare Pro daily 日期校验 + 东方财富前复权行情,
600519.SH,贵州茅台,食品饮料,2019-01-21,416.2,413.18,425.08,408.08,47052,3242615728.0,4.15,0.82,3.37,0.37,409.81,前复权,TuShare Pro daily 日期校验 + 东方财富前复权行情,
600519.SH,贵州茅台,食品饮料,2019-01-22,412.2,397.2,412.2,391.42,42122,2834735024.0,5.03,-3.87,-15.98,0.34,413.18,前复权,TuShare Pro daily 日期校验 + 东方财富前复权行情,
600519.SH,贵州茅台,食品饮料,2019-01-23,393.42,391.86,400.7,389.33,33625,2247371216.0,2.86,-1.34,-5.34,0.27,397.2,前复权,TuShare Pro daily 日期校验 + 东方财富前复权行情,
600519.SH,贵州茅台,食品饮料,2019-01-24,396.5,398.7,404.03,390.88,29155,1960227056.0,3.36,1.75,6.84,0.23,391.86,前复权,TuShare Pro daily 日期校验 + 东方财富前复权行情,
600519.SH,贵州茅台,食品饮料,2019-01-25,402.08,405.9,411.1,396.13,28986,1966232096.0,3.75,1.81,7.2,0.23,398.7,前复权,TuShare Pro daily 日期校验 + 东方财富前复权行情,
600519.SH,贵州茅台,食品饮料,2019-01-28,410.2,403.2,420.18,402.23,36103,2476277968.0,4.42,-0.67,-2.7,0.29,405.9,前复权,TuShare Pro daily 日期校验 + 东方财富前复权行情,
600519.SH,贵州茅台,食品饮料,2019-01-29,403.7,411.2,414.2,394.2,30343,2069407520.0,4.96,1.98,8.0,0.24,403.2,前复权,TuShare Pro daily 日期校验 + 东方财富前复权行情,
600519.SH,贵州茅台,食品饮料,2019-01-30,411.19,402.2,412.42,402.2,22700,1545353568.0,2.49,-2.19,-9.0,0.18,411.2,前复权,TuShare Pro daily 日期校验 + 东方财富前复权行情,
600519.SH,贵州茅台,食品饮料,2019-01-31,406.2,415.8,415.8,403.76,36697,2515374976.0,2.99,3.38,13.6,0.29,402.2,前复权,TuShare Pro daily 日期校验 + 东方财富前复权行情,
600519.SH,贵州茅台,食品饮料,2019-02-01,423.24,418.87,425.2,415.81,30521,2121326144.0,2.26,0.74,3.07,0.24,415.8,前复权,TuShare Pro daily 日期校验 + 东方财富前复权行情,
600519.SH,贵州茅台,食品饮料,2019-02-11,421.2,451.5,455.7,414.38,58141,4143849808.0,9.86,7.79,32.63,0.46,418.87,前复权,TuShare Pro daily 日期校验 + 东方财富前复权行情,
600519.SH,贵州茅台,食品饮料,2019-02-12,449.2,444.12,451.69,441.4,35091,2521840128.0,2.28,-1.63,-7.38,0.28,451.5,前复权,TuShare Pro daily 日期校验 + 东方财富前复权行情,
600519.SH,贵州茅台,食品饮料,2019-02-13,449.2,461.45,462.36,443.42,35677,2589623536.0,4.26,3.9,17.33,0.28,444.12,前复权,TuShare Pro daily 日期校验 + 东方财富前复权行情,
600519.SH,贵州茅台,食品饮料,2019-02-14,457.4,463.36,469.86,456.34,32258,2375987072.0,2.93,0.41,1.91,0.26,461.45,前复权,TuShare Pro daily 日期校验 + 东方财富前复权行情,
600519.SH,贵州茅台,食品饮料,2019-02-15,461.08,450.98,461.08,449.22,23238,1691515520.0,2.56,-2.67,-12.38,0.18,463.36,前复权,TuShare Pro daily 日期校验 + 东方财富前复权行情,
600519.SH,贵州茅台,食品饮料,2019-02-18,457.2,466.2,471.15,457.2,37746,2787522992.0,3.09,3.37,15.22,0.3,450.98,前复权,TuShare Pro daily 日期校验 + 东方财富前复权行情,
600519.SH,贵州茅台,食品饮料,2019-02-19,467.16,456.96,468.7,452.86,29502,2164408784.0,3.4,-1.98,-9.24,0.23,466.2,前复权,TuShare Pro daily 日期校验 + 东方财富前复权行情,
600519.SH,贵州茅台,食品饮料,2019-02-20,461.2,448.2,461.2,442.26,37882,2742919648.0,4.14,-1.92,-8.76,0.3,456.96,前复权,TuShare Pro daily 日期校验 + 东方财富前复权行情,
600519.SH,贵州茅台,食品饮料,2019-02-21,446.2,446.45,456.68,443.2,29850,2163554336.0,3.01,-0.39,-1.75,0.24,448.2,前复权,TuShare Pro daily 日期校验 + 东方财富前复权行情,
600519.SH,贵州茅台,食品饮料,2019-02-22,443.2,452.21,454.69,440.3,25909,1867253936.0,3.22,1.29,5.76,0.21,446.45,前复权,TuShare Pro daily 日期校验 + 东方财富前复权行情,
600519.SH,贵州茅台,食品饮料,2019-02-25,456.95,468.53,470.64,444.19,82623,6034261248.0,5.85,3.61,16.32,0.66,452.21,前复权,TuShare Pro daily 日期校验 + 东方财富前复权行情,
600519.SH,贵州茅台,食品饮料,2019-02-26,474.0,453.55,475.38,452.2,57965,4265279120.0,4.95,-3.2,-14.98,0.46,468.53,前复权,TuShare Pro daily 日期校验 + 东方财富前复权行情,
600519.SH,贵州茅台,食品饮料,2019-02-27,459.2,466.9,484.22,457.2,65942,4908445184.0,5.96,2.94,13.35,0.52,453.55,前复权,TuShare Pro daily 日期校验 + 东方财富前复权行情,
600519.SH,贵州茅台,食品饮料,2019-02-28,464.1,481.21,489.62,463.15,56986,4289145216.0,5.67,3.06,14.31,0.45,466.9,前复权,TuShare Pro daily 日期校验 + 东方财富前复权行情,
600519.SH,贵州茅台,食品饮料,2019-03-01,487.7,515.5,516.2,487.2,63840,4952509184.0,6.03,7.13,34.29,0.51,481.21,前复权,TuShare Pro daily 日期校验 + 东方财富前复权行情,
600519.SH,贵州茅台,食品饮料,2019-03-04,521.2,508.06,524.53,503.42,84586,6661386496.0,4.1,-1.44,-7.44,0.67,515.5,前复权,TuShare Pro daily 日期校验 + 东方财富前复权行情,
600519.SH,贵州茅台,食品饮料,2019-03-05,511.2,505.98,515.75,502.08,44831,3501155936.0,2.69,-0.41,-2.08,0.36,508.06,前复权,TuShare Pro daily 日期校验 + 东方财富前复权行情,
600519.SH,贵州茅台,食品饮料,2019-03-06,501.2,494.2,505.7,492.08,46731,3602140480.0,2.69,-2.33,-11.78,0.37,505.98,前复权,TuShare Pro daily 日期校验 + 东方财富前复权行情,
600519.SH,贵州茅台,食品饮料,2019-03-07,488.42,474.8,488.42,471.76,60181,4526351872.0,3.37,-3.93,-19.4,0.48,494.2,前复权,TuShare Pro daily 日期校验 + 东方财富前复权行情,
600519.SH,贵州茅台,食品饮料,2019-03-08,464.1,463.7,473.03,459.85,52275,3868415488.0,2.78,-2.34,-11.1,0.42,474.8,前复权,TuShare Pro daily 日期校验 + 东方财富前复权行情,
600519.SH,贵州茅台,食品饮料,2019-03-11,466.24,484.74,493.15,466.24,53057,4001728736.0,5.8,4.54,21.04,0.42,463.7,前复权,TuShare Pro daily 日期校验 + 东方财富前复权行情,
600519.SH,贵州茅台,食品饮料,2019-03-12,490.02,471.21,490.03,465.2,52510,3946382128.0,5.12,-2.79,-13.53,0.42,484.74,前复权,TuShare Pro daily 日期校验 + 东方财富前复权行情,
600519.SH,贵州茅台,食品饮料,2019-03-13,471.7,480.2,486.95,471.7,40561,3058080912.0,3.24,1.91,8.99,0.32,471.21,前复权,TuShare Pro daily 日期校验 + 东方财富前复权行情,
600519.SH,贵州茅台,食品饮料,2019-03-14,483.2,504.2,511.2,480.2,62173,4808607744.0,6.46,5.0,24.0,0.49,480.2,前复权,TuShare Pro daily 日期校验 + 东方财富前复权行情,
600519.SH,贵州茅台,食品饮料,2019-03-15,502.2,503.5,513.7,491.05,52401,4084798336.0,4.49,-0.14,-0.7,0.42,504.2,前复权,TuShare Pro daily 日期校验 + 东方财富前复权行情,
600519.SH,贵州茅台,食品饮料,2019-03-18,505.0,536.29,540.73,503.2,81319,6499567104.0,7.45,6.51,32.79,0.65,503.5,前复权,TuShare Pro daily 日期校验 + 东方财富前复权行情,
600519.SH,贵州茅台,食品饮料,2019-03-19,529.2,518.81,534.12,518.5,40635,3244967392.0,2.91,-3.26,-17.48,0.32,536.29,前复权,TuShare Pro daily 日期校验 + 东方财富前复权行情,
600519.SH,贵州茅台,食品饮料,2019-03-20,516.2,519.0,528.5,511.2,31118,2470811136.0,3.33,0.04,0.19,0.25,518.81,前复权,TuShare Pro daily 日期校验 + 东方财富前复权行情,
600519.SH,贵州茅台,食品饮料,2019-03-21,514.2,511.95,519.0,507.7,32573,2558222912.0,2.18,-1.36,-7.05,0.26,519.0,前复权,TuShare Pro daily 日期校验 + 东方财富前复权行情,
600519.SH,贵州茅台,食品饮料,2019-03-22,514.42,520.2,526.18,511.2,30518,2420497824.0,2.93,1.61,8.25,0.24,511.95,前复权,TuShare Pro daily 日期校验 + 东方财富前复权行情,
600519.SH,贵州茅台,食品饮料,2019-03-25,512.2,501.8,514.2,499.5,37270,2903744160.0,2.83,-3.54,-18.4,0.3,520.2,前复权,TuShare Pro daily 日期校验 + 东方财富前复权行情,
600519.SH,贵州茅台,食品饮料,2019-03-26,506.2,499.2,512.14,490.3,37596,2914112992.0,4.35,-0.52,-2.6,0.3,501.8,前复权,TuShare Pro daily 日期校验 + 东方财富前复权行情,
600519.SH,贵州茅台,食品饮料,2019-03-27,507.2,514.7,520.08,501.2,42807,3366132240.0,3.78,3.1,15.5,0.34,499.2,前复权,TuShare Pro daily 日期校验 + 东方财富前复权行情,
600519.SH,贵州茅台,食品饮料,2019-03-28,519.63,533.0,540.68,511.88,57567,4615969792.0,5.6,3.56,18.3,0.46,514.7,前复权,TuShare Pro daily 日期校验 + 东方财富前复权行情,
600519.SH,贵州茅台,食品饮料,2019-03-29,561.2,580.19,592.88,556.37,90934,7702154752.0,6.85,8.85,47.19,0.72,533.0,前复权,TuShare Pro daily 日期校验 + 东方财富前复权行情,
600519.SH,贵州茅台,食品饮料,2019-04-01,586.2,585.2,595.15,577.2,60935,5228521984.0,3.09,0.86,5.01,0.49,580.19,前复权,TuShare Pro daily 日期校验 + 东方财富前复权行情,
600519.SH,贵州茅台,食品饮料,2019-04-02,586.19,576.2,586.19,562.26,53227,4496538880.0,4.09,-1.54,-9.0,0.42,585.2,前复权,TuShare Pro daily 日期校验 + 东方财富前复权行情,
600519.SH,贵州茅台,食品饮料,2019-04-03,566.32,570.7,577.94,560.41,43057,3629854320.0,3.04,-0.95,-5.5,0.34,576.2,前复权,TuShare Pro daily 日期校验 + 东方财富前复权行情,
600519.SH,贵州茅台,食品饮料,2019-04-04,566.2,591.2,592.0,562.4,55772,4763897856.0,5.19,3.59,20.5,0.44,570.7,前复权,TuShare Pro daily 日期校验 + 东方财富前复权行情,
600519.SH,贵州茅台,食品饮料,2019-04-08,626.2,626.4,634.2,616.32,66252,5944780544.0,3.02,5.95,35.2,0.53,591.2,前复权,TuShare Pro daily 日期校验 + 东方财富前复权行情,
600519.SH,贵州茅台,食品饮料,2019-04-09,629.2,631.2,634.4,618.71,47990,4308645632.0,2.5,0.77,4.8,0.38,626.4,前复权,TuShare Pro daily 日期校验 + 东方财富前复权行情,
600519.SH,贵州茅台,食品饮料,2019-04-10,629.2,674.19,678.1,626.2,67814,6331858688.0,8.22,6.81,42.99,0.54,631.2,前复权,TuShare Pro daily 日期校验 + 东方财富前复权行情,
600519.SH,贵州茅台,食品饮料,2019-04-11,674.2,651.4,676.2,631.75,61103,5643817472.0,6.59,-3.38,-22.79,0.49,674.19,前复权,TuShare Pro daily 日期校验 + 东方财富前复权行情,
600519.SH,贵州茅台,食品饮料,2019-04-12,635.2,640.2,646.19,626.21,48612,4419350016.0,3.07,-1.72,-11.2,0.39,651.4,前复权,TuShare Pro daily 日期校验 + 东方财富前复权行情,
600519.SH,贵州茅台,食品饮料,2019-04-15,657.2,633.2,665.2,633.2,45523,4205548304.0,5.0,-1.09,-7.0,0.36,640.2,前复权,TuShare Pro daily 日期校验 + 东方财富前复权行情,
600519.SH,贵州茅台,食品饮料,2019-04-16,631.1,666.1,666.1,627.42,46423,4297385216.0,6.11,5.2,32.9,0.37,633.2,前复权,TuShare Pro daily 日期校验 + 东方财富前复权行情,
600519.SH,贵州茅台,食品饮料,2019-04-17,664.2,678.2,681.71,651.2,40761,3848216560.0,4.58,1.82,12.1,0.32,666.1,前复权,TuShare Pro daily 日期校验 + 东方财富前复权行情,
600519.SH,贵州茅台,食品饮料,2019-04-18,671.61,671.7,680.88,662.42,19599,1853076080.0,2.72,-0.96,-6.5,0.16,678.2,前复权,TuShare Pro daily 日期校验 + 东方财富前复权行情,
600519.SH,贵州茅台,食品饮料,2019-04-19,670.16,678.76,687.15,657.51,32380,3064971040.0,4.41,1.05,7.06,0.26,671.7,前复权,TuShare Pro daily 日期校验 + 东方财富前复权行情,
600519.SH,贵州茅台,食品饮料,2019-04-22,685.7,675.4,705.09,666.81,40628,3897168688.0,5.64,-0.5,-3.36,0.32,678.76,前复权,TuShare Pro daily 日期校验 + 东方财富前复权行情,
600519.SH,贵州茅台,食品饮料,2019-04-23,677.2,701.15,707.42,675.4,48852,4725480192.0,4.74,3.81,25.75,0.39,675.4,前复权,TuShare Pro daily 日期校验 + 东方财富前复权行情,
600519.SH,贵州茅台,食品饮料,2019-04-24,706.08,696.2,716.2,677.42,45227,4383873024.0,5.53,-0.71,-4.95,0.36,701.15,前复权,TuShare Pro daily 日期校验 + 东方财富前复权行情,
600519.SH,贵州茅台,食品饮料,2019-04-25,694.99,678.57,700.19,677.42,39801,3822767520.0,3.27,-2.53,-17.63,0.32,696.2,前复权,TuShare Pro daily 日期校验 + 东方财富前复权行情,
600519.SH,贵州茅台,食品饮料,2019-04-26,672.5,671.2,686.08,671.2,43278,4119727296.0,2.19,-1.09,-7.37,0.34,678.57,前复权,TuShare Pro daily 日期校验 + 东方财富前复权行情,
600519.SH,贵州茅台,食品饮料,2019-04-29,671.2,698.17,715.2,661.2,52572,5086408448.0,8.05,4.02,26.97,0.42,671.2,前复权,TuShare Pro daily 日期校验 + 东方财富前复权行情,
600519.SH,贵州茅台,食品饮料,2019-04-30,694.2,700.2,711.16,689.31,35943,3503937520.0,3.13,0.29,2.03,0.29,698.17,前复权,TuShare Pro daily 日期校验 + 东方财富前复权行情,
600519.SH,贵州茅台,食品饮料,2019-05-06,651.7,632.2,661.2,619.2,135100,12299395840.0,6.0,-9.71,-68.0,1.08,700.2,前复权,TuShare Pro daily 日期校验 + 东方财富前复权行情,
600519.SH,贵州茅台,食品饮料,2019-05-07,619.48,616.2,640.14,596.42,100837,9045117696.0,6.92,-2.53,-16.0,0.8,632.2,前复权,TuShare Pro daily 日期校验 + 东方财富前复权行情,
600519.SH,贵州茅台,食品饮料,2019-05-08,586.2,610.6,628.0,586.2,81883,7217709568.0,6.78,-0.91,-5.6,0.65,616.2,前复权,TuShare Pro daily 日期校验 + 东方财富前复权行情,
600519.SH,贵州茅台,食品饮料,2019-05-09,601.2,585.01,606.07,568.7,91545,7863312128.0,6.12,-4.19,-25.59,0.73,610.6,前复权,TuShare Pro daily 日期校验 + 东方财富前复权行情,
600519.SH,贵州茅台,食品饮料,2019-05-10,601.86,633.32,636.98,594.39,79907,7121198848.0,7.28,8.26,48.31,0.64,585.01,前复权,TuShare Pro daily 日期校验 + 东方财富前复权行情,
600519.SH,贵州茅台,食品饮料,2019-05-13,625.06,618.2,637.18,610.2,46637,4179329440.0,4.26,-2.39,-15.12,0.37,633.32,前复权,TuShare Pro daily 日期校验 + 东方财富前复权行情,
600519.SH,贵州茅台,食品饮料,2019-05-14,611.2,612.77,632.2,599.2,59983,5349455616.0,5.34,-0.88,-5.43,0.48,618.2,前复权,TuShare Pro daily 日期校验 + 东方财富前复权行情,
600519.SH,贵州茅台,食品饮料,2019-05-15,616.44,653.2,659.2,616.44,63124,5778791936.0,6.98,6.6,40.43,0.5,612.77,前复权,TuShare Pro daily 日期校验 + 东方财富前复权行情,
600519.SH,贵州茅台,食品饮料,2019-05-16,645.2,656.11,658.2,631.2,44540,4108281952.0,4.13,0.45,2.91,0.35,653.2,前复权,TuShare Pro daily 日期校验 + 东方财富前复权行情,
600519.SH,贵州茅台,食品饮料,2019-05-17,653.22,632.99,658.5,626.3,49842,4551116800.0,4.91,-3.52,-23.12,0.4,656.11,前复权,TuShare Pro daily 日期校验 + 东方财富前复权行情,
600519.SH,贵州茅台,食品饮料,2019-05-20,626.2,611.16,626.2,597.2,44408,3931645936.0,4.58,-3.45,-21.83,0.35,632.99,前复权,TuShare Pro daily 日期校验 + 东方财富前复权行情,
600519.SH,贵州茅台,食品饮料,2019-05-21,611.2,621.2,636.2,598.22,42386,3791406208.0,6.21,1.64,10.04,0.34,611.16,前复权,TuShare Pro daily 日期校验 + 东方财富前复权行情,
600519.SH,贵州茅台,食品饮料,2019-05-22,621.18,614.2,630.2,606.2,32042,2853872832.0,3.86,-1.13,-7.0,0.26,621.2,前复权,TuShare Pro daily 日期校验 + 东方财富前复权行情,
600519.SH,贵州茅台,食品饮料,2019-05-23,607.2,587.2,610.18,582.42,58059,5062812416.0,4.52,-4.4,-27.0,0.46,614.2,前复权,TuShare Pro daily 日期校验 + 东方财富前复权行情,
600519.SH,贵州茅台,食品饮料,2019-05-24,591.2,604.7,611.2,590.64,44034,3858962208.0,3.5,2.98,17.5,0.35,587.2,前复权,TuShare Pro daily 日期校验 + 东方财富前复权行情,
600519.SH,贵州茅台,食品饮料,2019-05-27,605.3,605.2,609.19,586.25,39162,3417213664.0,3.79,0.08,0.5,0.31,604.7,前复权,TuShare Pro daily 日期校验 + 东方财富前复权行情,
600519.SH,贵州茅台,食品饮料,2019-05-28,604.19,614.2,633.69,601.22,74773,6670856192.0,5.37,1.49,9.0,0.6,605.2,前复权,TuShare Pro daily 日期校验 + 东方财富前复权行情,
600519.SH,贵州茅台,食品饮料,2019-05-29,614.21,638.11,651.15,614.21,65647,5963755520.0,6.01,3.89,23.91,0.52,614.2,前复权,TuShare Pro daily 日期校验 + 东方财富前复权行情,
600519.SH,贵州茅台,食品饮料,2019-05-30,636.2,631.5,646.19,617.42,40247,3634187680.0,4.51,-1.04,-6.61,0.32,638.11,前复权,TuShare Pro daily 日期校验 + 东方财富前复权行情,
600519.SH,贵州茅台,食品饮料,2019-05-31,626.73,616.2,633.19,616.2,35794,3211384928.0,2.69,-2.42,-15.3,0.28,631.5,前复权,TuShare Pro daily 日期校验 + 东方财富前复权行情,
600519.SH,贵州茅台,食品饮料,2019-06-03,618.2,618.2,627.55,612.48,34479,3076922336.0,2.45,0.32,2.0,0.27,616.2,前复权,TuShare Pro daily 日期校验 + 东方财富前复权行情,
600519.SH,贵州茅台,食品饮料,2019-06-04,621.2,601.5,621.63,597.2,39689,3481384256.0,3.95,-2.7,-16.7,0.32,618.2,前复权,TuShare Pro daily 日期校验 + 东方财富前复权行情,
600519.SH,贵州茅台,食品饮料,2019-06-05,610.2,597.8,612.46,596.2,34067,2988114672.0,2.7,-0.62,-3.7,0.27,601.5,前复权,TuShare Pro daily 日期校验 + 东方财富前复权行情,
600519.SH,贵州茅台,食品饮料,2019-06-06,601.82,588.33,601.97,584.2,34787,3009567792.0,2.97,-1.58,-9.47,0.28,597.8,前复权,TuShare Pro daily 日期校验 + 东方财富前复权行情,
600519.SH,贵州茅台,食品饮料,2019-06-10,584.18,597.28,605.15,566.2,55502,4790052608.0,6.62,1.52,8.95,0.44,588.33,前复权,TuShare Pro daily 日期校验 + 东方财富前复权行情,
600519.SH,贵州茅台,食品饮料,2019-06-11,602.2,637.09,641.81,601.2,80106,7209086976.0,6.8,6.67,39.81,0.64,597.28,前复权,TuShare Pro daily 日期校验 + 东方财富前复权行情,
600519.SH,贵州茅台,食品饮料,2019-06-12,632.42,632.9,637.19,620.2,37747,3420899280.0,2.67,-0.66,-4.19,0.3,637.09,前复权,TuShare Pro daily 日期校验 + 东方财富前复权行情,
600519.SH,贵州茅台,食品饮料,2019-06-13,636.2,636.2,638.5,623.2,32917,2984741680.0,2.42,0.52,3.3,0.26,632.9,前复权,TuShare Pro daily 日期校验 + 东方财富前复权行情,
600519.SH,贵州茅台,食品饮料,2019-06-14,637.2,639.2,658.5,636.22,42455,3905679104.0,3.5,0.47,3.0,0.34,636.2,前复权,TuShare Pro daily 日期校验 + 东方财富前复权行情,
600519.SH,贵州茅台,食品饮料,2019-06-17,633.2,637.8,653.14,632.22,32769,3001512192.0,3.27,-0.22,-1.4,0.26,639.2,前复权,TuShare Pro daily 日期校验 + 东方财富前复权行情,
600519.SH,贵州茅台,食品饮料,2019-06-18,643.2,643.2,646.2,628.8,29441,2687679920.0,2.73,0.85,5.4,0.23,637.8,前复权,TuShare Pro daily 日期校验 + 东方财富前复权行情,
600519.SH,贵州茅台,食品饮料,2019-06-19,666.2,658.21,672.9,658.21,53726,5051192576.0,2.28,2.33,15.01,0.43,643.2,前复权,TuShare Pro daily 日期校验 + 东方财富前复权行情,
600519.SH,贵州茅台,食品饮料,2019-06-20,658.7,701.2,701.7,658.4,67272,6468666112.0,6.58,6.53,42.99,0.54,658.21,前复权,TuShare Pro daily 日期校验 + 东方财富前复权行情,
600519.SH,贵州茅台,食品饮料,2019-06-21,696.17,702.5,710.69,690.7,45927,4482726912.0,2.85,0.19,1.3,0.37,701.2,前复权,TuShare Pro daily 日期校验 + 东方财富前复权行情,
600519.SH,贵州茅台,食品饮料,2019-06-24,704.5,713.3,725.89,701.2,45779,4532527104.0,3.51,1.54,10.8,0.36,702.5,前复权,TuShare Pro daily 日期校验 + 东方财富前复权行情,
600519.SH,贵州茅台,食品饮料,2019-06-25,718.2,709.18,725.2,693.2,51296,5035624448.0,4.49,-0.58,-4.12,0.41,713.3,前复权,TuShare Pro daily 日期校验 + 东方财富前复权行情,
600519.SH,贵州茅台,食品饮料,2019-06-26,711.2,706.06,711.2,697.42,29588,2896585584.0,1.94,-0.44,-3.12,0.24,709.18,前复权,TuShare Pro daily 日期校验 + 东方财富前复权行情,
600519.SH,贵州茅台,食品饮料,2019-06-27,711.2,722.55,727.2,707.32,47978,4772724224.0,2.82,2.34,16.49,0.38,706.06,前复权,TuShare Pro daily 日期校验 + 东方财富前复权行情,
600519.SH,贵州茅台,食品饮料,2019-06-28,726.73,724.74,729.62,712.07,31088,3050739280.0,2.43,0.3,2.19,0.25,722.55,前复权,TuShare Pro daily 日期校验 + 东方财富前复权行情,
600519.SH,贵州茅台,食品饮料,2019-07-01,745.26,772.6,776.34,740.96,52337,5325575936.0,4.88,6.6,47.86,0.42,724.74,前复权,TuShare Pro daily 日期校验 + 东方财富前复权行情,
600519.SH,贵州茅台,食品饮料,2019-07-02,765.74,765.74,770.24,756.74,39061,3989722048.0,1.75,-0.89,-6.86,0.31,772.6,前复权,TuShare Pro daily 日期校验 + 东方财富前复权行情,
600519.SH,贵州茅台,食品饮料,2019-07-03,760.74,728.64,763.74,722.24,67139,6717755648.0,5.42,-4.84,-37.1,0.53,765.74,前复权,TuShare Pro daily 日期校验 + 东方财富前复权行情,
600519.SH,贵州茅台,食品饮料,2019-07-04,726.54,721.94,731.54,711.96,46217,4531685888.0,2.69,-0.92,-6.7,0.37,728.64,前复权,TuShare Pro daily 日期校验 + 东方财富前复权行情,
600519.SH,贵州茅台,食品饮料,2019-07-05,726.74,740.56,746.74,717.04,50033,4968920576.0,4.11,2.58,18.62,0.4,721.94,前复权,TuShare Pro daily 日期校验 + 东方财富前复权行情,
600519.SH,贵州茅台,食品饮料,2019-07-08,735.79,725.6,738.64,715.74,33614,3313713088.0,3.09,-2.02,-14.96,0.27,740.56,前复权,TuShare Pro daily 日期校验 + 东方财富前复权行情,
600519.SH,贵州茅台,食品饮料,2019-07-09,720.04,716.8,729.74,709.09,31723,3103986400.0,2.85,-1.21,-8.8,0.25,725.6,前复权,TuShare Pro daily 日期校验 + 东方财富前复权行情,
600519.SH,贵州茅台,食品饮料,2019-07-10,721.67,723.26,731.32,717.74,28167,2774054720.0,1.89,0.9,6.46,0.22,716.8,前复权,TuShare Pro daily 日期校验 + 东方财富前复权行情,
600519.SH,贵州茅台,食品饮料,2019-07-11,730.7,722.24,739.12,716.74,30514,3011117072.0,3.09,-0.14,-1.02,0.24,723.26,前复权,TuShare Pro daily 日期校验 + 东方财富前复权行情,
600519.SH,贵州茅台,食品饮料,2019-07-12,722.04,726.83,732.24,720.75,28174,2778937968.0,1.59,0.64,4.59,0.22,722.24,前复权,TuShare Pro daily 日期校验 + 东方财富前复权行情,
600519.SH,贵州茅台,食品饮料,2019-07-15,708.54,716.67,720.84,691.87,59870,5785726720.0,3.99,-1.4,-10.16,0.48,726.83,前复权,TuShare Pro daily 日期校验 + 东方财富前复权行情,
600519.SH,贵州茅台,食品饮料,2019-07-16,716.19,708.74,723.04,705.74,33245,3226755648.0,2.41,-1.11,-7.93,0.26,716.67,前复权,TuShare Pro daily 日期校验 + 东方财富前复权行情,
600519.SH,贵州茅台,食品饮料,2019-07-17,708.74,704.24,713.73,702.87,25469,2459954480.0,1.53,-0.63,-4.5,0.2,708.74,前复权,TuShare Pro daily 日期校验 + 东方财富前复权行情,
600519.SH,贵州茅台,食品饮料,2019-07-18,702.24,688.24,703.74,687.92,39253,3748507472.0,2.25,-2.27,-16.0,0.31,704.24,前复权,TuShare Pro daily 日期校验 + 东方财富前复权行情,
600519.SH,贵州茅台,食品饮料,2019-07-19,695.74,696.61,701.54,688.74,28015,2679887456.0,1.86,1.22,8.37,0.22,688.24,前复权,TuShare Pro daily 日期校验 + 东方财富前复权行情,
600519.SH,贵州茅台,食品饮料,2019-07-22,700.74,697.76,704.74,690.99,28125,2695084032.0,1.97,0.17,1.15,0.22,696.61,前复权,TuShare Pro daily 日期校验 + 东方财富前复权行情,
600519.SH,贵州茅台,食品饮料,2019-07-23,703.04,694.72,703.33,684.6,32484,3087319264.0,2.68,-0.44,-3.04,0.26,697.76,前复权,TuShare Pro daily 日期校验 + 东方财富前复权行情,
600519.SH,贵州茅台,食品饮料,2019-07-24,699.05,687.1,700.64,685.43,46771,4450509824.0,2.19,-1.1,-7.62,0.37,694.72,前复权,TuShare Pro daily 日期校验 + 东方财富前复权行情,
600519.SH,贵州茅台,食品饮料,2019-07-25,686.71,703.74,704.1,678.89,38256,3633246144.0,3.67,2.42,16.64,0.3,687.1,前复权,TuShare Pro daily 日期校验 + 东方财富前复权行情,
600519.SH,贵州茅台,食品饮料,2019-07-26,702.71,705.77,711.74,699.29,26468,2556208816.0,1.77,0.29,2.03,0.21,703.74,前复权,TuShare Pro daily 日期校验 + 东方财富前复权行情,
600519.SH,贵州茅台,食品饮料,2019-07-29,702.77,717.15,720.24,700.75,26981,2626793552.0,2.76,1.61,11.38,0.21,705.77,前复权,TuShare Pro daily 日期校验 + 东方财富前复权行情,
600519.SH,贵州茅台,食品饮料,2019-07-30,717.24,719.67,723.74,711.74,19538,1911965184.0,1.67,0.35,2.52,0.16,717.15,前复权,TuShare Pro daily 日期校验 + 东方财富前复权行情,
600519.SH,贵州茅台,食品饮料,2019-07-31,715.74,713.34,722.51,707.33,22526,2191909984.0,2.11,-0.88,-6.33,0.18,719.67,前复权,TuShare Pro daily 日期校验 + 东方财富前复权行情,
600519.SH,贵州茅台,食品饮料,2019-08-01,717.25,700.04,717.74,693.76,35090,3385045856.0,3.36,-1.86,-13.3,0.28,713.34,前复权,TuShare Pro daily 日期校验 + 东方财富前复权行情,
600519.SH,贵州茅台,食品饮料,2019-08-02,684.74,695.19,698.72,683.74,39719,3772328944.0,2.14,-0.69,-4.85,0.32,700.04,前复权,TuShare Pro daily 日期校验 + 东方财富前复权行情,
600519.SH,贵州茅台,食品饮料,2019-08-05,685.74,683.17,694.74,680.74,36774,3473341312.0,2.01,-1.73,-12.02,0.29,695.19,前复权,TuShare Pro daily 日期校验 + 东方财富前复权行情,
600519.SH,贵州茅台,食品饮料,2019-08-06,671.74,687.04,688.74,664.54,43991,4121445008.0,3.54,0.57,3.87,0.35,683.17,前复权,TuShare Pro daily 日期校验 + 东方财富前复权行情,
600519.SH,贵州茅台,食品饮料,2019-08-07,690.24,685.74,696.27,685.74,26870,2553463424.0,1.53,-0.19,-1.3,0.21,687.04,前复权,TuShare Pro daily 日期校验 + 东方财富前复权行情,
600519.SH,贵州茅台,食品饮料,2019-08-08,694.24,712.42,714.74,692.74,38808,3755086992.0,3.21,3.89,26.68,0.31,685.74,前复权,TuShare Pro daily 日期校验 + 东方财富前复权行情,
600519.SH,贵州茅台,食品饮料,2019-08-09,719.24,702.77,721.69,699.73,28462,2760764352.0,3.08,-1.35,-9.65,0.23,712.42,前复权,TuShare Pro daily 日期校验 + 东方财富前复权行情,
600519.SH,贵州茅台,食品饮料,2019-08-12,751.05,759.37,760.84,735.75,81499,8208540672.0,3.57,8.05,56.6,0.65,702.77,前复权,TuShare Pro daily 日期校验 + 东方财富前复权行情,
600519.SH,贵州茅台,食品饮料,2019-08-13,756.9,758.69,766.74,751.42,30330,3088013760.0,2.02,-0.09,-0.68,0.24,759.37,前复权,TuShare Pro daily 日期校验 + 东方财富前复权行情,
600519.SH,贵州茅台,食品饮料,2019-08-14,770.76,784.07,792.64,770.76,41411,4327071232.0,2.88,3.35,25.38,0.33,758.69,前复权,TuShare Pro daily 日期校验 + 东方财富前复权行情,
600519.SH,贵州茅台,食品饮料,2019-08-15,768.74,785.64,787.22,768.74,27237,2821331120.0,2.36,0.2,1.57,0.22,784.07,前复权,TuShare Pro daily 日期校验 + 东方财富前复权行情,
600519.SH,贵州茅台,食品饮料,2019-08-16,790.58,795.34,816.32,781.74,36087,3822488368.0,4.4,1.23,9.7,0.29,785.64,前复权,TuShare Pro daily 日期校验 + 东方财富前复权行情,
600519.SH,贵州茅台,食品饮料,2019-08-19,801.74,796.62,810.72,789.79,32868,3471558016.0,2.63,0.16,1.28,0.26,795.34,前复权,TuShare Pro daily 日期校验 + 东方财富前复权行情,
600519.SH,贵州茅台,食品饮料,2019-08-20,795.74,810.74,814.42,790.74,28602,3038219264.0,2.97,1.77,14.12,0.23,796.62,前复权,TuShare Pro daily 日期校验 + 东方财富前复权行情,
600519.SH,贵州茅台,食品饮料,2019-08-21,810.84,806.74,817.71,802.4,25067,2678841888.0,1.89,-0.49,-4.0,0.2,810.74,前复权,TuShare Pro daily 日期校验 + 东方财富前复权行情,
600519.SH,贵州茅台,食品饮料,2019-08-22,813.73,844.74,844.74,810.74,37591,4099045120.0,4.21,4.71,38.0,0.3,806.74,前复权,TuShare Pro daily 日期校验 + 东方财富前复权行情,
600519.SH,贵州茅台,食品饮料,2019-08-23,845.74,870.84,874.3,836.36,40192,4495782912.0,4.49,3.09,26.1,0.32,844.74,前复权,TuShare Pro daily 日期校验 + 东方财富前复权行情,
600519.SH,贵州茅台,食品饮料,2019-08-26,853.74,843.69,868.74,837.42,48498,5382792448.0,3.6,-3.12,-27.15,0.39,870.84,前复权,TuShare Pro daily 日期校验 + 东方财富前复权行情,
600519.SH,贵州茅台,食品饮料,2019-08-27,857.74,849.74,872.05,849.74,52164,5830617856.0,2.64,0.72,6.05,0.42,843.69,前复权,TuShare Pro daily 日期校验 + 东方财富前复权行情,
600519.SH,贵州茅台,食品饮料,2019-08-28,849.74,840.85,863.93,823.75,47010,5169778944.0,4.73,-1.05,-8.89,0.37,849.74,前复权,TuShare Pro daily 日期校验 + 东方财富前复权行情,
600519.SH,贵州茅台,食品饮料,2019-08-29,845.74,853.84,858.92,833.24,29330,3247704304.0,3.05,1.54,12.99,0.23,840.85,前复权,TuShare Pro daily 日期校验 + 东方财富前复权行情,
600519.SH,贵州茅台,食品饮料,2019-08-30,865.74,882.74,886.74,863.74,44891,5093877248.0,2.69,3.38,28.9,0.36,853.84,前复权,TuShare Pro daily 日期校验 + 东方财富前复权行情,
600519.SH,贵州茅台,食品饮料,2019-09-02,880.73,879.5,885.72,869.74,28234,3210850608.0,1.81,-0.37,-3.24,0.22,882.74,前复权,TuShare Pro daily 日期校验 + 东方财富前复权行情,
600519.SH,贵州茅台,食品饮料,2019-09-03,880.74,880.74,891.76,869.3,29485,3358578416.0,2.55,0.14,1.24,0.23,879.5,前复权,TuShare Pro daily 日期校验 + 东方财富前复权行情,
600519.SH,贵州茅台,食品饮料,2019-09-04,881.54,865.75,883.65,860.85,33600,3785904736.0,2.59,-1.7,-14.99,0.27,880.74,前复权,TuShare Pro daily 日期校验 + 东方财富前复权行情,
600519.SH,贵州茅台,食品饮料,2019-09-05,869.74,884.74,885.64,868.74,32931,3746608080.0,1.95,2.19,18.99,0.26,865.75,前复权,TuShare Pro daily 日期校验 + 东方财富前复权行情,
600519.SH,贵州茅台,食品饮料,2019-09-06,885.24,883.23,886.89,871.74,26177,2978155824.0,1.71,-0.17,-1.51,0.21,884.74,前复权,TuShare Pro daily 日期校验 + 东方财富前复权行情,
600519.SH,贵州茅台,食品饮料,2019-09-09,885.74,877.26,888.74,875.74,29379,3346080768.0,1.47,-0.68,-5.97,0.23,883.23,前复权,TuShare Pro daily 日期校验 + 东方财富前复权行情,
600519.SH,贵州茅台,食品饮料,2019-09-10,875.04,864.59,875.74,860.75,26227,2952753648.0,1.71,-1.44,-12.67,0.21,877.26,前复权,TuShare Pro daily 日期校验 + 东方财富前复权行情,
600519.SH,贵州茅台,食品饮料,2019-09-11,859.96,810.26,860.71,808.74,81717,8904690688.0,6.01,-6.28,-54.33,0.65,864.59,前复权,TuShare Pro daily 日期校验 + 东方财富前复权行情,
600519.SH,贵州茅台,食品饮料,2019-09-12,806.74,839.74,850.72,806.74,41211,4498210304.0,5.43,3.64,29.48,0.33,810.26,前复权,TuShare Pro daily 日期校验 + 东方财富前复权行情,
600519.SH,贵州茅台,食品饮料,2019-09-16,823.74,839.74,844.69,823.74,31372,3432292112.0,2.49,0.0,0.0,0.25,839.74,前复权,TuShare Pro daily 日期校验 + 东方财富前复权行情,
600519.SH,贵州茅台,食品饮料,2019-09-17,834.74,834.75,847.4,827.74,25197,2767385776.0,2.34,-0.59,-4.99,0.2,839.74,前复权,TuShare Pro daily 日期校验 + 东方财富前复权行情,
600519.SH,贵州茅台,食品饮料,2019-09-18,849.24,889.64,890.74,848.92,69314,7899560192.0,5.01,6.58,54.89,0.55,834.75,前复权,TuShare Pro daily 日期校验 + 东方财富前复权行情,
600519.SH,贵州茅台,食品饮料,2019-09-19,888.74,885.74,890.74,877.84,24480,2800064432.0,1.45,-0.44,-3.9,0.19,889.64,前复权,TuShare Pro daily 日期校验 + 东方财富前复权行情,
600519.SH,贵州茅台,食品饮料,2019-09-20,891.74,898.16,900.74,888.33,37627,4346138368.0,1.4,1.4,12.42,0.3,885.74,前复权,TuShare Pro daily 日期校验 + 东方财富前复权行情,
600519.SH,贵州茅台,食品饮料,2019-09-23,897.74,889.74,897.74,871.74,30026,3431058976.0,2.89,-0.94,-8.42,0.24,898.16,前复权,TuShare Pro daily 日期校验 + 东方财富前复权行情,
600519.SH,贵州茅台,食品饮料,2019-09-24,895.74,924.74,925.64,892.74,36269,4259834000.0,3.7,3.93,35.0,0.29,889.74,前复权,TuShare Pro daily 日期校验 + 东方财富前复权行情,
600519.SH,贵州茅台,食品饮料,2019-09-25,920.74,914.74,929.61,911.24,24025,2832308416.0,1.99,-1.08,-10.0,0.19,924.74,前复权,TuShare Pro daily 日期校验 + 东方财富前复权行情,
600519.SH,贵州茅台,食品饮料,2019-09-26,915.68,907.74,924.09,899.55,26082,3050478320.0,2.68,-0.77,-7.0,0.21,914.74,前复权,TuShare Pro daily 日期校验 + 东方财富前复权行情,
600519.SH,贵州茅台,食品饮料,2019-09-27,904.74,915.49,923.74,893.74,22827,2671754320.0,3.3,0.85,7.75,0.18,907.74,前复权,TuShare Pro daily 日期校验 + 东方财富前复权行情,
600519.SH,贵州茅台,食品饮料,2019-09-30,903.74,890.74,910.17,890.74,30825,3565988672.0,2.12,-2.7,-24.75,0.25,915.49,前复权,TuShare Pro daily 日期校验 + 东方财富前复权行情,
600519.SH,贵州茅台,食品饮料,2019-10-08,893.74,907.84,920.74,892.75,31045,3631091488.0,3.14,1.92,17.1,0.25,890.74,前复权,TuShare Pro daily 日期校验 + 东方财富前复权行情,
600519.SH,贵州茅台,食品饮料,2019-10-09,906.94,887.55,906.94,875.79,35789,4105282384.0,3.43,-2.23,-20.29,0.28,907.84,前复权,TuShare Pro daily 日期校验 + 东方财富前复权行情,
600519.SH,贵州茅台,食品饮料,2019-10-10,867.74,895.74,899.67,849.76,41174,4685560576.0,5.62,0.92,8.19,0.33,887.55,前复权,TuShare Pro daily 日期校验 + 东方财富前复权行情,
600519.SH,贵州茅台,食品饮料,2019-10-11,897.74,915.34,915.74,892.95,28689,3343559808.0,2.54,2.19,19.6,0.23,895.74,前复权,TuShare Pro daily 日期校验 + 东方财富前复权行情,
600519.SH,贵州茅台,食品饮料,2019-10-14,926.74,920.74,928.4,910.74,27188,3209362992.0,1.93,0.59,5.4,0.22,915.34,前复权,TuShare Pro daily 日期校验 + 东方财富前复权行情,
600519.SH,贵州茅台,食品饮料,2019-10-15,920.74,951.74,956.42,917.77,40035,4806856448.0,4.2,3.37,31.0,0.32,920.74,前复权,TuShare Pro daily 日期校验 + 东方财富前复权行情,
600519.SH,贵州茅台,食品饮料,2019-10-16,908.74,910.74,928.24,900.74,59151,6935972608.0,2.89,-4.31,-41.0,0.47,951.74,前复权,TuShare Pro daily 日期校验 + 东方财富前复权行情,
600519.SH,贵州茅台,食品饮料,2019-10-17,916.74,924.07,927.4,903.24,30509,3578144112.0,2.65,1.46,13.33,0.24,910.74,前复权,TuShare Pro daily 日期校验 + 东方财富前复权行情,
600519.SH,贵州茅台,食品饮料,2019-10-18,919.74,916.53,930.73,912.43,28292,3335011088.0,1.98,-0.82,-7.54,0.23,924.07,前复权,TuShare Pro daily 日期校验 + 东方财富前复权行情,
600519.SH,贵州茅台,食品饮料,2019-10-21,912.6,909.24,919.64,904.04,25275,2955023936.0,1.7,-0.8,-7.29,0.2,916.53,前复权,TuShare Pro daily 日期校验 + 东方财富前复权行情,
600519.SH,贵州茅台,食品饮料,2019-10-22,918.74,911.54,922.24,904.63,19309,2262188256.0,1.94,0.25,2.3,0.15,909.24,前复权,TuShare Pro daily 日期校验 + 东方财富前复权行情,
600519.SH,贵州茅台,食品饮料,2019-10-23,908.74,899.65,918.74,896.85,23080,2684922176.0,2.4,-1.3,-11.89,0.18,911.54,前复权,TuShare Pro daily 日期校验 + 东方财富前复权行情,
600519.SH,贵州茅台,食品饮料,2019-10-24,905.69,891.01,906.74,887.9,26178,3025245584.0,2.09,-0.96,-8.64,0.21,899.65,前复权,TuShare Pro daily 日期校验 + 东方财富前复权行情,
600519.SH,贵州茅台,食品饮料,2019-10-25,894.04,912.09,913.24,883.77,25998,3015928992.0,3.31,2.37,21.08,0.21,891.01,前复权,TuShare Pro daily 日期校验 + 东方财富前复权行情,
600519.SH,贵州茅台,食品饮料,2019-10-28,906.75,919.03,921.75,905.74,22486,2644563040.0,1.76,0.76,6.94,0.18,912.09,前复权,TuShare Pro daily 日期校验 + 东方财富前复权行情,
600519.SH,贵州茅台,食品饮料,2019-10-29,921.85,933.74,940.7,918.51,27804,3314271728.0,2.41,1.6,14.71,0.22,919.03,前复权,TuShare Pro daily 日期校验 + 东方财富前复权行情,
600519.SH,贵州茅台,食品饮料,2019-10-30,930.74,924.54,933.44,916.74,21255,2516524160.0,1.79,-0.99,-9.2,0.17,933.74,前复权,TuShare Pro daily 日期校验 + 东方财富前复权行情,
600519.SH,贵州茅台,食品饮料,2019-10-31,936.74,920.75,938.74,916.89,25909,3068884880.0,2.36,-0.41,-3.79,0.21,924.54,前复权,TuShare Pro daily 日期校验 + 东方财富前复权行情,
600519.SH,贵州茅台,食品饮料,2019-11-01,921.74,925.74,932.69,913.24,22812,2697638368.0,2.11,0.54,4.99,0.18,920.75,前复权,TuShare Pro daily 日期校验 + 东方财富前复权行情,
600519.SH,贵州茅台,食品饮料,2019-11-04,930.74,940.33,950.73,929.74,26738,3209264032.0,2.27,1.58,14.59,0.21,925.74,前复权,TuShare Pro daily 日期校验 + 东方财富前复权行情,
600519.SH,贵州茅台,食品饮料,2019-11-05,940.24,939.74,945.74,932.74,22255,2667596016.0,1.38,-0.06,-0.59,0.18,940.33,前复权,TuShare Pro daily 日期校验 + 东方财富前复权行情,
600519.SH,贵州茅台,食品饮料,2019-11-06,937.74,933.74,944.74,929.62,19738,2362005424.0,1.61,-0.64,-6.0,0.16,939.74,前复权,TuShare Pro daily 日期校验 + 东方财富前复权行情,
600519.SH,贵州茅台,食品饮料,2019-11-07,937.25,942.11,942.62,929.74,16168,1933203872.0,1.38,0.9,8.37,0.13,933.74,前复权,TuShare Pro daily 日期校验 + 东方财富前复权行情,
600519.SH,贵州茅台,食品饮料,2019-11-08,945.74,945.74,956.39,942.25,24512,2964133776.0,1.5,0.39,3.63,0.2,942.11,前复权,TuShare Pro daily 日期校验 + 东方财富前复权行情,
600519.SH,贵州茅台,食品饮料,2019-11-11,942.24,939.74,946.94,934.25,17342,2082060832.0,1.34,-0.63,-6.0,0.14,945.74,前复权,TuShare Pro daily 日期校验 + 东方财富前复权行情,
600519.SH,贵州茅台,食品饮料,2019-11-12,944.74,942.34,950.34,938.95,19151,2303205536.0,1.21,0.28,2.6,0.15,939.74,前复权,TuShare Pro daily 日期校验 + 东方财富前复权行情,
600519.SH,贵州茅台,食品饮料,2019-11-13,947.74,964.74,968.54,940.74,31977,3890666576.0,2.95,2.38,22.4,0.25,942.34,前复权,TuShare Pro daily 日期校验 + 东方财富前复权行情,
600519.SH,贵州茅台,食品饮料,2019-11-14,967.74,970.74,980.74,962.74,23521,2898399696.0,1.87,0.62,6.0,0.19,964.74,前复权,TuShare Pro daily 日期校验 + 东方财富前复权行情,
600519.SH,贵州茅台,食品饮料,2019-11-15,970.74,965.64,973.65,962.24,16341,2003665312.0,1.18,-0.53,-5.1,0.13,970.74,前复权,TuShare Pro daily 日期校验 + 东方财富前复权行情,
600519.SH,贵州茅台,食品饮料,2019-11-18,965.86,968.02,970.19,958.74,18038,2204546128.0,1.19,0.25,2.38,0.14,965.64,前复权,TuShare Pro daily 日期校验 + 东方财富前复权行情,
600519.SH,贵州茅台,食品饮料,2019-11-19,968.74,973.06,982.35,965.76,20624,2542105920.0,1.71,0.52,5.04,0.16,968.02,前复权,TuShare Pro daily 日期校验 + 东方财富前复权行情,
600519.SH,贵州茅台,食品饮料,2019-11-20,970.74,974.49,980.25,968.8,15281,1884957280.0,1.18,0.15,1.43,0.12,973.06,前复权,TuShare Pro daily 日期校验 + 东方财富前复权行情,
600519.SH,贵州茅台,食品饮料,2019-11-21,971.74,972.04,976.25,961.8,19187,2356277760.0,1.48,-0.25,-2.45,0.15,974.49,前复权,TuShare Pro daily 日期校验 + 东方财富前复权行情,
600519.SH,贵州茅台,食品饮料,2019-11-22,963.74,934.74,969.74,925.74,47054,5677646592.0,4.53,-3.84,-37.3,0.37,972.04,前复权,TuShare Pro daily 日期校验 + 东方财富前复权行情,
600519.SH,贵州茅台,食品饮料,2019-11-25,928.79,922.8,934.74,912.8,38282,4518778880.0,2.35,-1.28,-11.94,0.3,934.74,前复权,TuShare Pro daily 日期校验 + 东方财富前复权行情,
600519.SH,贵州茅台,食品饮料,2019-11-26,927.42,925.74,939.34,923.74,40240,4794179840.0,1.69,0.32,2.94,0.32,922.8,前复权,TuShare Pro daily 日期校验 + 东方财富前复权行情,
600519.SH,贵州茅台,食品饮料,2019-11-27,933.54,930.69,937.36,925.25,19849,2363839728.0,1.31,0.53,4.95,0.16,925.74,前复权,TuShare Pro daily 日期校验 + 东方财富前复权行情,
600519.SH,贵州茅台,食品饮料,2019-11-28,935.71,916.54,938.25,909.76,28845,3405325552.0,3.06,-1.52,-14.15,0.23,930.69,前复权,TuShare Pro daily 日期校验 + 东方财富前复权行情,
600519.SH,贵州茅台,食品饮料,2019-11-29,906.24,869.74,906.24,853.63,82397,9338326528.0,5.74,-5.11,-46.8,0.66,916.54,前复权,TuShare Pro daily 日期校验 + 东方财富前复权行情,
600519.SH,贵州茅台,食品饮料,2019-12-02,858.94,873.74,880.76,858.94,30784,3479717424.0,2.51,0.46,4.0,0.25,869.74,前复权,TuShare Pro daily 日期校验 + 东方财富前复权行情,
600519.SH,贵州茅台,食品饮料,2019-12-03,873.74,858.74,873.74,858.48,27341,3066695648.0,1.75,-1.72,-15.0,0.22,873.74,前复权,TuShare Pro daily 日期校验 + 东方财富前复权行情,
600519.SH,贵州茅台,食品饮料,2019-12-04,880.74,863.07,885.4,858.74,35283,3980511008.0,3.1,0.5,4.33,0.28,858.74,前复权,TuShare Pro daily 日期校验 + 东方财富前复权行情,
600519.SH,贵州茅台,食品饮料,2019-12-05,865.74,870.54,872.75,858.74,21339,2402503472.0,1.62,0.87,7.47,0.17,863.07,前复权,TuShare Pro daily 日期校验 + 东方财富前复权行情,
600519.SH,贵州茅台,食品饮料,2019-12-06,876.71,910.74,910.74,870.84,39506,4565643776.0,4.58,4.62,40.2,0.31,870.54,前复权,TuShare Pro daily 日期校验 + 东方财富前复权行情,
600519.SH,贵州茅台,食品饮料,2019-12-09,915.74,899.44,916.74,896.84,21824,2543532528.0,2.19,-1.24,-11.3,0.17,910.74,前复权,TuShare Pro daily 日期校验 + 东方财富前复权行情,
600519.SH,贵州茅台,食品饮料,2019-12-10,900.34,905.14,905.74,891.74,15087,1749356288.0,1.56,0.63,5.7,0.12,899.44,前复权,TuShare Pro daily 日期校验 + 东方财富前复权行情,
600519.SH,贵州茅台,食品饮料,2019-12-11,908.74,899.72,911.49,896.29,14568,1689987680.0,1.68,-0.6,-5.42,0.12,905.14,前复权,TuShare Pro daily 日期校验 + 东方财富前复权行情,
600519.SH,贵州茅台,食品饮料,2019-12-12,896.74,877.74,900.68,870.82,29409,3362699680.0,3.32,-2.44,-21.98,0.23,899.72,前复权,TuShare Pro daily 日期校验 + 东方财富前复权行情,
600519.SH,贵州茅台,食品饮料,2019-12-13,886.74,903.74,905.74,886.74,30001,3473927968.0,2.16,2.96,26.0,0.24,877.74,前复权,TuShare Pro daily 日期校验 + 东方财富前复权行情,
600519.SH,贵州茅台,食品饮料,2019-12-16,903.74,888.66,903.74,878.68,30936,3554133648.0,2.77,-1.67,-15.08,0.25,903.74,前复权,TuShare Pro daily 日期校验 + 东方财富前复权行情,
600519.SH,贵州茅台,食品饮料,2019-12-17,890.44,910.72,914.34,883.77,42617,4937041920.0,3.44,2.48,22.06,0.34,888.66,前复权,TuShare Pro daily 日期校验 + 东方财富前复权行情,
600519.SH,贵州茅台,食品饮料,2019-12-18,914.74,908.74,915.94,904.74,19640,2295963808.0,1.23,-0.22,-1.98,0.16,910.72,前复权,TuShare Pro daily 日期校验 + 东方财富前复权行情,
600519.SH,贵州茅台,食品饮料,2019-12-19,903.74,898.14,903.74,892.74,19552,2262598592.0,1.21,-1.17,-10.6,0.16,908.74,前复权,TuShare Pro daily 日期校验 + 东方财富前复权行情,
600519.SH,贵州茅台,食品饮料,2019-12-20,902.92,887.04,902.92,882.24,23564,2703612352.0,2.3,-1.24,-11.1,0.19,898.14,前复权,TuShare Pro daily 日期校验 + 东方财富前复权行情,
600519.SH,贵州茅台,食品饮料,2019-12-23,879.74,890.04,903.24,876.74,25919,2981937536.0,2.99,0.34,3.0,0.21,887.04,前复权,TuShare Pro daily 日期校验 + 东方财富前复权行情,
600519.SH,贵州茅台,食品饮料,2019-12-24,893.74,888.74,895.74,885.74,11823,1358536192.0,1.12,-0.15,-1.3,0.09,890.04,前复权,TuShare Pro daily 日期校验 + 东方财富前复权行情,
600519.SH,贵州茅台,食品饮料,2019-12-25,883.74,874.44,883.74,870.75,24306,2755735168.0,1.46,-1.61,-14.3,0.19,888.74,前复权,TuShare Pro daily 日期校验 + 东方财富前复权行情,
600519.SH,贵州茅台,食品饮料,2019-12-26,872.74,875.84,882.72,860.73,22877,2585996496.0,2.51,0.16,1.4,0.18,874.44,前复权,TuShare Pro daily 日期校验 + 东方财富前复权行情,
600519.SH,贵州茅台,食品饮料,2019-12-27,890.74,903.74,912.74,890.74,47066,5486452992.0,2.51,3.19,27.9,0.37,875.84,前复权,TuShare Pro daily 日期校验 + 东方财富前复权行情,
600519.SH,贵州茅台,食品饮料,2019-12-30,910.94,926.54,936.24,910.94,40761,4827682048.0,2.8,2.52,22.8,0.32,903.74,前复权,TuShare Pro daily 日期校验 + 东方财富前复权行情,
600519.SH,贵州茅台,食品饮料,2019-12-31,923.74,923.74,928.74,917.25,22589,2666705104.0,1.24,-0.3,-2.8,0.18,926.54,前复权,TuShare Pro daily 日期校验 + 东方财富前复权行情,
600519.SH,贵州茅台,食品饮料,2020-01-02,868.74,870.74,885.8,856.74,148099,16696837120.0,3.15,-5.74,-53.0,1.18,923.74,前复权,TuShare Pro daily 日期校验 + 东方财富前复权行情,
600519.SH,贵州茅台,食品饮料,2020-01-03,857.74,819.3,857.74,817.64,130319,14266380544.0,4.61,-5.91,-51.44,1.04,870.74,前复权,TuShare Pro daily 日期校验 + 东方财富前复权行情,
600519.SH,贵州茅台,食品饮料,2020-01-06,811.6,818.73,833.64,808.04,63415,6853917696.0,3.12,-0.07,-0.57,0.5,819.3,前复权,TuShare Pro daily 日期校验 + 东方财富前复权行情,
600519.SH,贵州茅台,食品饮料,2020-01-07,818.24,835.27,839.74,817.14,47854,5220697088.0,2.76,2.02,16.54,0.38,818.73,前复权,TuShare Pro daily 日期校验 + 东方财富前复权行情,
600519.SH,贵州茅台,食品饮料,2020-01-08,825.79,828.88,836.24,823.32,25008,2720371920.0,1.55,-0.77,-6.39,0.2,835.27,前复权,TuShare Pro daily 日期校验 + 东方财富前复权行情,
600519.SH,贵州茅台,食品饮料,2020-01-09,834.74,843.44,846.13,830.74,37406,4110949808.0,1.86,1.76,14.56,0.3,828.88,前复权,TuShare Pro daily 日期校验 + 东方财富前复权行情,
600519.SH,贵州茅台,食品饮料,2020-01-10,849.74,853.24,856.73,843.24,35976,3993457120.0,1.6,1.16,9.8,0.29,843.44,前复权,TuShare Pro daily 日期校验 + 东方财富前复权行情,
600519.SH,贵州茅台,食品饮料,2020-01-13,853.24,865.01,869.94,852.74,38516,4325688064.0,2.02,1.38,11.77,0.31,853.24,前复权,TuShare Pro daily 日期校验 + 东方财富前复权行情,
600519.SH,贵州茅台,食品饮料,2020-01-14,864.94,848.14,865.63,843.74,35145,3916300784.0,2.53,-1.95,-16.87,0.28,865.01,前复权,TuShare Pro daily 日期校验 + 东方财富前复权行情,
600519.SH,贵州茅台,食品饮料,2020-01-15,849.75,852.87,862.34,845.74,26029,2895603680.0,1.96,0.56,4.73,0.21,848.14,前复权,TuShare Pro daily 日期校验 + 东方财富前复权行情,
600519.SH,贵州茅台,食品饮料,2020-01-16,859.61,847.74,859.61,843.32,23192,2571593136.0,1.91,-0.6,-5.13,0.18,852.87,前复权,TuShare Pro daily 日期校验 + 东方财富前复权行情,
600519.SH,贵州茅台,食品饮料,2020-01-17,850.74,848.24,853.52,841.75,23473,2599645152.0,1.39,0.06,0.5,0.19,847.74,前复权,TuShare Pro daily 日期校验 + 东方财富前复权行情,
600519.SH,贵州茅台,食品饮料,2020-01-20,852.6,831.74,852.6,822.74,35391,3858246848.0,3.52,-1.95,-16.5,0.28,848.24,前复权,TuShare Pro daily 日期校验 + 东方财富前复权行情,
600519.SH,贵州茅台,食品饮料,2020-01-21,821.74,816.04,827.74,813.04,32874,3542441312.0,1.77,-1.89,-15.7,0.26,831.74,前复权,TuShare Pro daily 日期校验 + 东方财富前复权行情,
600519.SH,贵州茅台,食品饮料,2020-01-22,810.74,816.25,824.74,796.12,36200,3875275072.0,3.51,0.03,0.21,0.29,816.04,前复权,TuShare Pro daily 日期校验 + 东方财富前复权行情,
600519.SH,贵州茅台,食品饮料,2020-01-23,816.74,793.54,816.74,777.74,53468,5638945792.0,4.78,-2.78,-22.71,0.43,816.25,前复权,TuShare Pro daily 日期校验 + 东方财富前复权行情,
600519.SH,贵州茅台,食品饮料,2020-02-03,725.74,744.66,751.42,720.74,123443,12314991872.0,3.87,-6.16,-48.88,0.98,793.54,前复权,TuShare Pro daily 日期校验 + 东方财富前复权行情,
600519.SH,贵州茅台,食品饮料,2020-02-04,755.74,778.75,797.74,751.75,62624,6490469120.0,6.18,4.58,34.09,0.5,744.66,前复权,TuShare Pro daily 日期校验 + 东方财富前复权行情,
600519.SH,贵州茅台,食品饮料,2020-02-05,790.74,790.73,794.74,773.77,47418,4956355328.0,2.69,1.54,11.98,0.38,778.75,前复权,TuShare Pro daily 日期校验 + 东方财富前复权行情,
600519.SH,贵州茅台,食品饮料,2020-02-06,800.17,811.74,815.74,792.76,47171,5011246336.0,2.91,2.66,21.01,0.38,790.73,前复权,TuShare Pro daily 日期校验 + 东方财富前复权行情,
600519.SH,贵州茅台,食品饮料,2020-02-07,810.75,816.74,817.74,801.76,31279,3348894576.0,1.97,0.62,5.0,0.25,811.74,前复权,TuShare Pro daily 日期校验 + 东方财富前复权行情,
600519.SH,贵州茅台,食品饮料,2020-02-10,802.74,807.23,815.34,797.94,30533,3251908512.0,2.13,-1.16,-9.51,0.24,816.74,前复权,TuShare Pro daily 日期校验 + 东方财富前复权行情,
600519.SH,贵州茅台,食品饮料,2020-02-11,803.74,838.74,840.42,803.54,47918,5222918912.0,4.57,3.9,31.51,0.38,807.23,前复权,TuShare Pro daily 日期校验 + 东方财富前复权行情,
600519.SH,贵州茅台,食品饮料,2020-02-12,829.74,838.01,839.53,826.62,28125,3072293968.0,1.54,-0.09,-0.73,0.22,838.74,前复权,TuShare Pro daily 日期校验 + 东方财富前复权行情,
600519.SH,贵州茅台,食品饮料,2020-02-13,838.74,831.74,854.63,828.75,30357,3335277424.0,3.09,-0.75,-6.27,0.24,838.01,前复权,TuShare Pro daily 日期校验 + 东方财富前复权行情,
600519.SH,贵州茅台,食品饮料,2020-02-14,831.19,828.74,834.25,823.85,23288,2534568400.0,1.25,-0.36,-3.0,0.19,831.74,前复权,TuShare Pro daily 日期校验 + 东方财富前复权行情,
600519.SH,贵州茅台,食品饮料,2020-02-17,823.24,834.56,836.93,823.14,27028,2946182656.0,1.66,0.7,5.82,0.22,828.74,前复权,TuShare Pro daily 日期校验 + 东方财富前复权行情,
600519.SH,贵州茅台,食品饮料,2020-02-18,830.75,824.74,837.62,823.74,26665,2897729696.0,1.66,-1.18,-9.82,0.21,834.56,前复权,TuShare Pro daily 日期校验 + 东方财富前复权行情,
600519.SH,贵州茅台,食品饮料,2020-02-19,825.74,837.24,842.24,818.74,37051,4052365600.0,2.85,1.52,12.5,0.29,824.74,前复权,TuShare Pro daily 日期校验 + 东方财富前复权行情,
600519.SH,贵州茅台,食品饮料,2020-02-20,837.44,858.74,864.74,836.15,46803,5220660992.0,3.41,2.57,21.5,0.37,837.24,前复权,TuShare Pro daily 日期校验 + 东方财富前复权行情,
600519.SH,贵州茅台,食品饮料,2020-02-21,852.2,853.62,864.28,850.75,28940,3225337168.0,1.58,-0.6,-5.12,0.23,858.74,前复权,TuShare Pro daily 日期校验 + 东方财富前复权行情,
600519.SH,贵州茅台,食品饮料,2020-02-24,846.24,827.92,850.74,826.24,38650,4221857472.0,2.87,-3.01,-25.7,0.31,853.62,前复权,TuShare Pro daily 日期校验 + 东方财富前复权行情,
600519.SH,贵州茅台,食品饮料,2020-02-25,818.74,815.55,822.83,808.62,38386,4127432128.0,1.72,-1.49,-12.37,0.31,827.92,前复权,TuShare Pro daily 日期校验 + 东方财富前复权行情,
600519.SH,贵州茅台,食品饮料,2020-02-26,802.74,814.44,824.74,795.74,43561,4663278336.0,3.56,-0.14,-1.11,0.35,815.55,前复权,TuShare Pro daily 日期校验 + 东方财富前复权行情,
600519.SH,贵州茅台,食品饮料,2020-02-27,816.74,828.13,835.73,816.74,34498,3758783808.0,2.33,1.68,13.69,0.27,814.44,前复权,TuShare Pro daily 日期校验 + 东方财富前复权行情,
600519.SH,贵州茅台,食品饮料,2020-02-28,811.04,797.74,822.74,790.71,49947,5307929344.0,3.87,-3.67,-30.39,0.4,828.13,前复权,TuShare Pro daily 日期校验 + 东方财富前复权行情,
600519.SH,贵州茅台,食品饮料,2020-03-02,790.85,826.75,837.29,790.75,47663,5154329088.0,5.83,3.64,29.01,0.38,797.74,前复权,TuShare Pro daily 日期校验 + 东方财富前复权行情,
600519.SH,贵州茅台,食品饮料,2020-03-03,838.74,853.74,859.62,838.74,50250,5585227776.0,2.53,3.26,26.99,0.4,826.75,前复权,TuShare Pro daily 日期校验 + 东方财富前复权行情,
600519.SH,贵州茅台,食品饮料,2020-03-04,865.74,869.66,879.74,856.98,53793,6080149248.0,2.67,1.86,15.92,0.43,853.74,前复权,TuShare Pro daily 日期校验 + 东方财富前复权行情,
600519.SH,贵州茅台,食品饮料,2020-03-05,877.05,911.74,915.73,871.3,62426,7210484992.0,5.11,4.84,42.08,0.5,869.66,前复权,TuShare Pro daily 日期校验 + 东方财富前复权行情,
600519.SH,贵州茅台,食品饮料,2020-03-06,903.74,896.24,916.74,892.72,30641,3553622352.0,2.63,-1.7,-15.5,0.24,911.74,前复权,TuShare Pro daily 日期校验 + 东方财富前复权行情,
600519.SH,贵州茅台,食品饮料,2020-03-09,875.74,854.75,875.74,852.05,43404,4865288448.0,2.64,-4.63,-41.49,0.35,896.24,前复权,TuShare Pro daily 日期校验 + 东方财富前复权行情,
600519.SH,贵州茅台,食品饮料,2020-03-10,853.74,896.74,908.74,853.74,58063,6635936256.0,6.43,4.91,41.99,0.46,854.75,前复权,TuShare Pro daily 日期校验 + 东方财富前复权行情,
600519.SH,贵州茅台,食品饮料,2020-03-11,896.24,899.26,910.32,881.74,35548,4124607952.0,3.19,0.28,2.52,0.28,896.74,前复权,TuShare Pro daily 日期校验 + 东方财富前复权行情,
600519.SH,贵州茅台,食品饮料,2020-03-12,881.96,879.24,893.74,865.84,36631,4172606112.0,3.1,-2.23,-20.02,0.29,899.26,前复权,TuShare Pro daily 日期校验 + 东方财富前复权行情,
600519.SH,贵州茅台,食品饮料,2020-03-13,830.74,852.77,869.72,820.74,75885,8348496384.0,5.57,-3.01,-26.47,0.6,879.24,前复权,TuShare Pro daily 日期校验 + 东方财富前复权行情,
600519.SH,贵州茅台,食品饮料,2020-03-16,844.72,807.74,848.69,802.74,51233,5548946688.0,5.39,-5.28,-45.03,0.41,852.77,前复权,TuShare Pro daily 日期校验 + 东方财富前复权行情,
600519.SH,贵州茅台,食品饮料,2020-03-17,795.74,785.84,818.74,751.86,79359,8277472768.0,8.28,-2.71,-21.9,0.63,807.74,前复权,TuShare Pro daily 日期校验 + 东方财富前复权行情,
600519.SH,贵州茅台,食品饮料,2020-03-18,780.74,748.73,800.74,748.73,73460,7582762496.0,6.62,-4.72,-37.11,0.58,785.84,前复权,TuShare Pro daily 日期校验 + 东方财富前复权行情,
600519.SH,贵州茅台,食品饮料,2020-03-19,734.73,736.74,755.74,700.84,102265,10075880448.0,7.33,-1.6,-11.99,0.81,748.73,前复权,TuShare Pro daily 日期校验 + 东方财富前复权行情,
600519.SH,贵州茅台,食品饮料,2020-03-20,751.74,776.02,783.74,751.74,60139,6169094400.0,4.34,5.33,39.28,0.48,736.74,前复权,TuShare Pro daily 日期校验 + 东方财富前复权行情,
600519.SH,贵州茅台,食品饮料,2020-03-23,740.74,759.74,776.02,732.26,48472,4918121984.0,5.64,-2.1,-16.28,0.39,776.02,前复权,TuShare Pro daily 日期校验 + 东方财富前复权行情,
600519.SH,贵州茅台,食品饮料,2020-03-24,783.74,796.74,799.62,775.74,46651,4900364032.0,3.14,4.87,37.0,0.37,759.74,前复权,TuShare Pro daily 日期校验 + 东方财富前复权行情,
600519.SH,贵州茅台,食品饮料,2020-03-25,828.72,820.84,832.1,814.94,37049,4015061216.0,2.15,3.02,24.1,0.29,796.74,前复权,TuShare Pro daily 日期校验 + 东方财富前复权行情,
600519.SH,贵州茅台,食品饮料,2020-03-26,814.07,805.66,831.94,802.74,30049,3231754304.0,3.56,-1.85,-15.18,0.24,820.84,前复权,TuShare Pro daily 日期校验 + 东方财富前复权行情,
600519.SH,贵州茅台,食品饮料,2020-03-27,825.74,816.24,832.74,815.75,36261,3931759360.0,2.11,1.31,10.58,0.29,805.66,前复权,TuShare Pro daily 日期校验 + 东方财富前复权行情,
600519.SH,贵州茅台,食品饮料,2020-03-30,800.99,812.74,817.74,797.74,30687,3279823024.0,2.45,-0.43,-3.5,0.24,816.24,前复权,TuShare Pro daily 日期校验 + 东方财富前复权行情,
600519.SH,贵州茅台,食品饮料,2020-03-31,822.74,851.74,855.74,822.54,47984,5293170688.0,4.08,4.8,39.0,0.38,812.74,前复权,TuShare Pro daily 日期校验 + 东方财富前复权行情,
600519.SH,贵州茅台,食品饮料,2020-04-01,857.74,843.74,869.74,843.74,33205,3700184240.0,3.05,-0.94,-8.0,0.26,851.74,前复权,TuShare Pro daily 日期校验 + 东方财富前复权行情,
600519.SH,贵州茅台,食品饮料,2020-04-02,844.74,885.74,885.74,844.62,45206,5095167488.0,4.87,4.98,42.0,0.36,843.74,前复权,TuShare Pro daily 日期校验 + 东方财富前复权行情,
600519.SH,贵州茅台,食品饮料,2020-04-03,879.77,880.53,888.7,872.72,27618,3148421872.0,1.8,-0.59,-5.21,0.22,885.74,前复权,TuShare Pro daily 日期校验 + 东方财富前复权行情,
600519.SH,贵州茅台,食品饮料,2020-04-07,902.69,900.69,907.24,889.63,43488,5041525504.0,2.0,2.29,20.16,0.35,880.53,前复权,TuShare Pro daily 日期校验 + 东方财富前复权行情,
600519.SH,贵州茅台,食品饮料,2020-04-08,892.74,900.5,907.05,892.74,24224,2809422096.0,1.59,-0.02,-0.19,0.19,900.69,前复权,TuShare Pro daily 日期校验 + 东方财富前复权行情,
600519.SH,贵州茅台,食品饮料,2020-04-09,906.74,899.24,909.74,888.7,22817,2640230496.0,2.34,-0.14,-1.26,0.18,900.5,前复权,TuShare Pro daily 日期校验 + 东方财富前复权行情,
600519.SH,贵州茅台,食品饮料,2020-04-10,898.62,905.74,922.24,894.24,27804,3252600672.0,3.11,0.72,6.5,0.22,899.24,前复权,TuShare Pro daily 日期校验 + 东方财富前复权行情,
600519.SH,贵州茅台,食品饮料,2020-04-13,905.74,903.04,910.72,889.24,15981,1854563728.0,2.37,-0.3,-2.7,0.13,905.74,前复权,TuShare Pro daily 日期校验 + 东方财富前复权行情,
600519.SH,贵州茅台,食品饮料,2020-04-14,916.74,925.84,932.29,906.74,36800,4340858624.0,2.83,2.52,22.8,0.29,903.04,前复权,TuShare Pro daily 日期校验 + 东方财富前复权行情,
600519.SH,贵州茅台,食品饮料,2020-04-15,932.74,930.34,944.73,927.84,29332,3501318256.0,1.82,0.49,4.5,0.23,925.84,前复权,TuShare Pro daily 日期校验 + 东方财富前复权行情,
600519.SH,贵州茅台,食品饮料,2020-04-16,933.71,937.84,937.84,924.84,21728,2588431840.0,1.4,0.81,7.5,0.17,930.34,前复权,TuShare Pro daily 日期校验 + 东方财富前复权行情,
600519.SH,贵州茅台,食品饮料,2020-04-17,950.74,966.74,975.3,945.75,38246,4676618240.0,3.15,3.08,28.9,0.3,937.84,前复权,TuShare Pro daily 日期校验 + 东方财富前复权行情,
600519.SH,贵州茅台,食品饮料,2020-04-20,961.74,968.04,972.24,957.54,24239,2963483328.0,1.52,0.13,1.3,0.19,966.74,前复权,TuShare Pro daily 日期校验 + 东方财富前复权行情,
600519.SH,贵州茅台,食品饮料,2020-04-21,961.76,940.74,964.73,933.74,29224,3517018480.0,3.2,-2.82,-27.3,0.23,968.04,前复权,TuShare Pro daily 日期校验 + 东方财富前复权行情,
600519.SH,贵州茅台,食品饮料,2020-04-22,946.74,985.24,990.24,942.96,44035,5430377728.0,5.03,4.73,44.5,0.35,940.74,前复权,TuShare Pro daily 日期校验 + 东方财富前复权行情,
600519.SH,贵州茅台,食品饮料,2020-04-23,990.74,993.0,1006.42,988.51,26899,3377042464.0,1.82,0.79,7.76,0.21,985.24,前复权,TuShare Pro daily 日期校验 + 东方财富前复权行情,
600519.SH,贵州茅台,食品饮料,2020-04-24,988.74,991.3,1000.63,975.92,19122,2390444032.0,2.49,-0.17,-1.7,0.15,993.0,前复权,TuShare Pro daily 日期校验 + 东方财富前复权行情,
600519.SH,贵州茅台,食品饮料,2020-04-27,997.74,1016.74,1018.91,991.7,25904,3284513344.0,2.74,2.57,25.44,0.21,991.3,前复权,TuShare Pro daily 日期校验 + 东方财富前复权行情,
600519.SH,贵州茅台,食品饮料,2020-04-28,1026.05,1019.87,1040.68,1012.62,34662,4458549504.0,2.76,0.31,3.13,0.28,1016.74,前复权,TuShare Pro daily 日期校验 + 东方财富前复权行情,
600519.SH,贵州茅台,食品饮料,2020-04-29,1018.54,1015.64,1028.84,998.74,23444,2976724960.0,2.95,-0.41,-4.23,0.19,1019.87,前复权,TuShare Pro daily 日期校验 + 东方财富前复权行情,
600519.SH,贵州茅台,食品饮料,2020-04-30,1011.74,1006.44,1025.75,999.62,24661,3134408880.0,2.57,-0.91,-9.2,0.2,1015.64,前复权,TuShare Pro daily 日期校验 + 东方财富前复权行情,
600519.SH,贵州茅台,食品饮料,2020-05-06,991.74,1040.74,1040.74,990.74,35835,4598589696.0,4.97,3.41,34.3,0.29,1006.44,前复权,TuShare Pro daily 日期校验 + 东方财富前复权行情,
600519.SH,贵州茅台,食品饮料,2020-05-07,1040.14,1052.74,1055.73,1033.74,27935,3647628304.0,2.11,1.15,12.0,0.22,1040.74,前复权,TuShare Pro daily 日期校验 + 东方财富前复权行情,
600519.SH,贵州茅台,食品饮料,2020-05-08,1057.74,1055.35,1078.74,1049.25,29079,3839218032.0,2.8,0.25,2.61,0.23,1052.74,前复权,TuShare Pro daily 日期校验 + 东方财富前复权行情,
600519.SH,贵州茅台,食品饮料,2020-05-11,1060.74,1063.75,1075.74,1054.41,23671,3135990960.0,2.02,0.8,8.4,0.19,1055.35,前复权,TuShare Pro daily 日期校验 + 东方财富前复权行情,
600519.SH,贵州茅台,食品饮料,2020-05-12,1058.74,1073.74,1075.73,1056.74,19722,2621824688.0,1.79,0.94,9.99,0.16,1063.75,前复权,TuShare Pro daily 日期校验 + 东方财富前复权行情,
600519.SH,贵州茅台,食品饮料,2020-05-13,1073.74,1076.69,1078.73,1063.62,22014,2931464944.0,1.41,0.27,2.95,0.18,1073.74,前复权,TuShare Pro daily 日期校验 + 东方财富前复权行情,
600519.SH,贵州茅台,食品饮料,2020-05-14,1070.74,1067.33,1075.62,1065.85,18575,2467976352.0,0.91,-0.87,-9.36,0.15,1076.69,前复权,TuShare Pro daily 日期校验 + 东方财富前复权行情,
600519.SH,贵州茅台,食品饮料,2020-05-15,1069.74,1053.74,1074.24,1042.62,26398,3469736816.0,2.96,-1.27,-13.59,0.21,1067.33,前复权,TuShare Pro daily 日期校验 + 东方财富前复权行情,
600519.SH,贵州茅台,食品饮料,2020-05-18,1046.74,1086.95,1092.24,1045.87,34362,4587989760.0,4.4,3.15,33.21,0.27,1053.74,前复权,TuShare Pro daily 日期校验 + 东方财富前复权行情,
600519.SH,贵州茅台,食品饮料,2020-05-19,1104.74,1086.85,1104.74,1078.74,24787,3342210480.0,2.39,-0.01,-0.1,0.2,1086.95,前复权,TuShare Pro daily 日期校验 + 东方财富前复权行情,
600519.SH,贵州茅台,食品饮料,2020-05-20,1086.85,1091.74,1099.92,1077.55,21183,2859455104.0,2.06,0.45,4.89,0.17,1086.85,前复权,TuShare Pro daily 日期校验 + 东方财富前复权行情,
600519.SH,贵州茅台,食品饮料,2020-05-21,1095.74,1106.84,1112.7,1093.6,23052,3147105456.0,1.75,1.38,15.1,0.18,1091.74,前复权,TuShare Pro daily 日期校验 + 东方财富前复权行情,
600519.SH,贵州茅台,食品饮料,2020-05-22,1106.74,1068.94,1106.84,1063.62,34427,4608696064.0,3.9,-3.42,-37.9,0.27,1106.84,前复权,TuShare Pro daily 日期校验 + 东方财富前复权行情,
600519.SH,贵州茅台,食品饮料,2020-05-25,1070.74,1103.64,1107.32,1061.74,31561,4260387680.0,4.26,3.25,34.7,0.25,1068.94,前复权,TuShare Pro daily 日期校验 + 东方财富前复权行情,
600519.SH,贵州茅台,食品饮料,2020-05-26,1110.62,1098.74,1110.69,1095.74,22470,3056188320.0,1.35,-0.44,-4.9,0.18,1103.64,前复权,TuShare Pro daily 日期校验 + 东方财富前复权行情,
600519.SH,贵州茅台,食品饮料,2020-05-27,1099.74,1078.74,1100.74,1073.74,26777,3596654304.0,2.46,-1.82,-20.0,0.21,1098.74,前复权,TuShare Pro daily 日期校验 + 东方财富前复权行情,
600519.SH,贵州茅台,食品饮料,2020-05-28,1078.71,1084.74,1087.68,1061.87,26486,3536546896.0,2.39,0.56,6.0,0.21,1078.74,前复权,TuShare Pro daily 日期校验 + 东方财富前复权行情,
600519.SH,贵州茅台,食品饮料,2020-05-29,1072.84,1107.34,1110.72,1072.84,30444,4144247216.0,3.49,2.08,22.6,0.24,1084.74,前复权,TuShare Pro daily 日期校验 + 东方财富前复权行情,
600519.SH,贵州茅台,食品饮料,2020-06-01,1121.74,1160.24,1160.84,1121.74,35480,4986178816.0,3.53,4.78,52.9,0.28,1107.34,前复权,TuShare Pro daily 日期校验 + 东方财富前复权行情,
600519.SH,贵州茅台,食品饮料,2020-06-02,1156.75,1151.45,1168.64,1147.4,25960,3679210592.0,1.83,-0.76,-8.79,0.21,1160.24,前复权,TuShare Pro daily 日期校验 + 东方财富前复权行情,
600519.SH,贵州茅台,食品饮料,2020-06-03,1155.74,1140.04,1158.24,1136.51,23557,3308382800.0,1.89,-0.99,-11.41,0.19,1151.45,前复权,TuShare Pro daily 日期校验 + 东方财富前复权行情,
600519.SH,贵州茅台,食品饮料,2020-06-04,1136.74,1148.73,1151.74,1136.74,18037,2534459744.0,1.32,0.76,8.69,0.14,1140.04,前复权,TuShare Pro daily 日期校验 + 东方财富前复权行情,
600519.SH,贵州茅台,食品饮料,2020-06-05,1145.99,1165.74,1169.62,1141.82,18347,2597524608.0,2.42,1.48,17.01,0.15,1148.73,前复权,TuShare Pro daily 日期校验 + 东方财富前复权行情,
600519.SH,贵州茅台,食品饮料,2020-06-08,1165.74,1146.84,1175.74,1142.75,29300,4145298448.0,2.83,-1.62,-18.9,0.23,1165.74,前复权,TuShare Pro daily 日期校验 + 东方财富前复权行情,
600519.SH,贵州茅台,食品饮料,2020-06-09,1148.74,1157.29,1165.74,1141.42,22612,3199849664.0,2.12,0.91,10.45,0.18,1146.84,前复权,TuShare Pro daily 日期校验 + 东方财富前复权行情,
600519.SH,贵州茅台,食品饮料,2020-06-10,1165.74,1164.4,1174.07,1157.74,22701,3234843856.0,1.41,0.61,7.11,0.18,1157.29,前复权,TuShare Pro daily 日期校验 + 东方财富前复权行情,
600519.SH,贵州茅台,食品饮料,2020-06-11,1151.75,1141.2,1158.73,1137.73,30712,4314846208.0,1.8,-1.99,-23.2,0.24,1164.4,前复权,TuShare Pro daily 日期校验 + 东方财富前复权行情,
600519.SH,贵州茅台,食品饮料,2020-06-12,1127.91,1157.11,1157.11,1124.05,28427,3992323392.0,2.9,1.39,15.91,0.23,1141.2,前复权,TuShare Pro daily 日期校验 + 东方财富前复权行情,
600519.SH,贵州茅台,食品饮料,2020-06-15,1142.74,1123.74,1152.34,1121.74,34615,4819512320.0,2.64,-2.88,-33.37,0.28,1157.11,前复权,TuShare Pro daily 日期校验 + 东方财富前复权行情,
600519.SH,贵州茅台,食品饮料,2020-06-16,1139.24,1144.62,1154.74,1133.87,29207,4099718928.0,1.86,1.86,20.88,0.23,1123.74,前复权,TuShare Pro daily 日期校验 + 东方财富前复权行情,
600519.SH,贵州茅台,食品饮料,2020-06-17,1152.6,1145.74,1152.64,1135.76,19453,2730097120.0,1.47,0.1,1.12,0.15,1144.62,前复权,TuShare Pro daily 日期校验 + 东方财富前复权行情,
600519.SH,贵州茅台,食品饮料,2020-06-18,1145.64,1153.74,1153.94,1140.84,21010,2956800080.0,1.14,0.7,8.0,0.17,1145.74,前复权,TuShare Pro daily 日期校验 + 东方财富前复权行情,
600519.SH,贵州茅台,食品饮料,2020-06-19,1160.74,1180.58,1185.94,1155.84,38958,5603232768.0,2.61,2.33,26.84,0.31,1153.74,前复权,TuShare Pro daily 日期校验 + 东方财富前复权行情,
600519.SH,贵州茅台,食品饮料,2020-06-22,1175.84,1179.74,1184.63,1173.94,23247,3343536640.0,0.91,-0.07,-0.84,0.19,1180.58,前复权,TuShare Pro daily 日期校验 + 东方财富前复权行情,
600519.SH,贵州茅台,食品饮料,2020-06-23,1175.74,1215.24,1222.74,1174.26,33934,4963194624.0,4.11,3.01,35.5,0.27,1179.74,前复权,TuShare Pro daily 日期校验 + 东方财富前复权行情,
600519.SH,贵州茅台,食品饮料,2020-06-24,1221.37,1217.78,1223.48,1202.77,25139,3663537120.0,1.7,0.21,2.54,0.2,1215.24,前复权,TuShare Pro daily 日期校验 + 东方财富前复权行情,
600519.SH,贵州茅台,食品饮料,2020-06-29,1205.77,1220.94,1223.77,1194.78,28081,4064048240.0,2.38,0.26,3.16,0.22,1217.78,前复权,TuShare Pro daily 日期校验 + 东方财富前复权行情,
600519.SH,贵州茅台,食品饮料,2020-06-30,1220.89,1220.65,1226.75,1212.89,22446,3281641200.0,1.14,-0.02,-0.29,0.18,1220.94,前复权,TuShare Pro daily 日期校验 + 东方财富前复权行情,
600519.SH,贵州茅台,食品饮料,2020-07-01,1225.77,1252.04,1263.87,1221.79,38682,5759640320.0,3.45,2.57,31.39,0.31,1220.65,前复权,TuShare Pro daily 日期校验 + 东方财富前复权行情,
600519.SH,贵州茅台,食品饮料,2020-07-02,1256.77,1301.77,1308.67,1252.77,45884,7014289664.0,4.46,3.97,49.73,0.37,1252.04,前复权,TuShare Pro daily 日期校验 + 东方财富前复权行情,
600519.SH,贵州茅台,食品饮料,2020-07-03,1307.77,1299.56,1310.27,1274.65,35126,5395636992.0,2.74,-0.17,-2.21,0.28,1301.77,前复权,TuShare Pro daily 日期校验 + 东方财富前复权行情,
600519.SH,贵州茅台,食品饮料,2020-07-06,1295.77,1357.77,1373.77,1289.58,51822,8228069120.0,6.48,4.48,58.21,0.41,1299.56,前复权,TuShare Pro daily 日期校验 + 东方财富前复权行情,
600519.SH,贵州茅台,食品饮料,2020-07-07,1360.86,1445.77,1502.59,1358.77,66664,11219852032.0,10.59,6.48,88.0,0.53,1357.77,前复权,TuShare Pro daily 日期校验 + 东方财富前复权行情,
600519.SH,贵州茅台,食品饮料,2020-07-08,1437.77,1439.11,1476.77,1417.77,53170,8963188992.0,4.08,-0.46,-6.66,0.42,1445.77,前复权,TuShare Pro daily 日期校验 + 东方财富前复权行情,
600519.SH,贵州茅台,食品饮料,2020-07-09,1448.77,1463.77,1469.77,1439.77,35033,5951732736.0,2.08,1.71,24.66,0.28,1439.11,前复权,TuShare Pro daily 日期校验 + 东方财富前复权行情,
600519.SH,贵州茅台,食品饮料,2020-07-10,1446.77,1471.62,1494.37,1446.71,37100,6352507392.0,3.26,0.54,7.85,0.3,1463.77,前复权,TuShare Pro daily 日期校验 + 东方财富前复权行情,
600519.SH,贵州茅台,食品饮料,2020-07-13,1472.45,1539.76,1544.77,1472.45,60727,10679460352.0,4.91,4.63,68.14,0.48,1471.62,前复权,TuShare Pro daily 日期校验 + 东方财富前复权行情,
600519.SH,贵州茅台,食品饮料,2020-07-14,1539.76,1519.77,1539.8,1506.17,46094,8135834880.0,2.18,-1.3,-19.99,0.37,1539.76,前复权,TuShare Pro daily 日期校验 + 东方财富前复权行情,
600519.SH,贵州茅台,食品饮料,2020-07-15,1502.65,1510.3,1540.37,1502.48,40713,7176560640.0,2.49,-0.62,-9.47,0.32,1519.77,前复权,TuShare Pro daily 日期校验 + 东方财富前复权行情,
600519.SH,贵州茅台,食品饮料,2020-07-16,1487.68,1371.77,1487.68,1357.77,102242,16901373184.0,8.6,-9.17,-138.53,0.81,1510.3,前复权,TuShare Pro daily 日期校验 + 东方财富前复权行情,
600519.SH,贵州茅台,食品饮料,2020-07-17,1377.77,1405.82,1430.36,1377.77,65902,10863420160.0,3.83,2.48,34.05,0.52,1371.77,前复权,TuShare Pro daily 日期校验 + 东方财富前复权行情,
600519.SH,贵州茅台,食品饮料,2020-07-20,1410.27,1394.73,1421.76,1346.65,45280,7363823104.0,5.34,-0.79,-11.09,0.36,1405.82,前复权,TuShare Pro daily 日期校验 + 东方财富前复权行情,
600519.SH,贵州茅台,食品饮料,2020-07-21,1404.41,1425.77,1460.57,1388.76,41970,7026353152.0,5.15,2.23,31.04,0.33,1394.73,前复权,TuShare Pro daily 日期校验 + 东方财富前复权行情,
600519.SH,贵州茅台,食品饮料,2020-07-22,1415.77,1435.85,1467.77,1415.77,39201,6637265408.0,3.65,0.71,10.08,0.31,1425.77,前复权,TuShare Pro daily 日期校验 + 东方财富前复权行情,
600519.SH,贵州茅台,食品饮料,2020-07-23,1429.77,1433.77,1448.77,1407.77,34321,5739050240.0,2.86,-0.14,-2.08,0.27,1435.85,前复权,TuShare Pro daily 日期校验 + 东方财富前复权行情,
600519.SH,贵州茅台,食品饮料,2020-07-24,1412.62,1353.07,1423.77,1342.77,78752,12705942016.0,5.65,-5.63,-80.7,0.63,1433.77,前复权,TuShare Pro daily 日期校验 + 东方财富前复权行情,
600519.SH,贵州茅台,食品饮料,2020-07-27,1373.78,1380.32,1387.57,1357.77,38788,6279664384.0,2.2,2.01,27.25,0.31,1353.07,前复权,TuShare Pro daily 日期校验 + 东方财富前复权行情,
600519.SH,贵州茅台,食品饮料,2020-07-28,1387.77,1427.77,1437.77,1387.77,54912,9133721856.0,3.62,3.44,47.45,0.44,1380.32,前复权,TuShare Pro daily 日期校验 + 东方财富前复权行情,
600519.SH,贵州茅台,食品饮料,2020-07-29,1447.77,1429.77,1447.77,1390.77,50748,8411790080.0,3.99,0.14,2.0,0.4,1427.77,前复权,TuShare Pro daily 日期校验 + 东方财富前复权行情,
600519.SH,贵州茅台,食品饮料,2020-07-30,1428.97,1437.77,1458.36,1428.27,38373,6486855424.0,2.1,0.56,8.0,0.31,1429.77,前复权,TuShare Pro daily 日期校验 + 东方财富前复权行情,
600519.SH,贵州茅台,食品饮料,2020-07-31,1442.77,1435.95,1462.77,1403.77,40685,6846747392.0,4.1,-0.13,-1.82,0.32,1437.77,前复权,TuShare Pro daily 日期校验 + 东方财富前复权行情,
600519.SH,贵州茅台,食品饮料,2020-08-03,1444.65,1425.77,1454.35,1417.77,34661,5790041344.0,2.55,-0.71,-10.18,0.28,1435.95,前复权,TuShare Pro daily 日期校验 + 东方财富前复权行情,
600519.SH,贵州茅台,食品饮料,2020-08-04,1432.77,1427.76,1440.76,1417.77,31941,5337185792.0,1.61,0.14,1.99,0.25,1425.77,前复权,TuShare Pro daily 日期校验 + 东方财富前复权行情,
600519.SH,贵州茅台,食品饮料,2020-08-05,1419.86,1425.77,1430.86,1401.08,25522,4236612464.0,2.09,-0.14,-1.99,0.2,1427.76,前复权,TuShare Pro daily 日期校验 + 东方财富前复权行情,
600519.SH,贵州茅台,食品饮料,2020-08-06,1427.77,1395.73,1431.8,1387.77,32649,5372942592.0,3.09,-2.11,-30.04,0.26,1425.77,前复权,TuShare Pro daily 日期校验 + 东方财富前复权行情,
600519.SH,贵州茅台,食品饮料,2020-08-07,1402.54,1388.77,1407.44,1356.27,34242,5560065792.0,3.67,-0.5,-6.96,0.27,1395.73,前复权,TuShare Pro daily 日期校验 + 东方财富前复权行情,
600519.SH,贵州茅台,食品饮料,2020-08-10,1385.74,1391.76,1402.73,1365.88,23624,3857721120.0,2.65,0.22,2.99,0.19,1388.77,前复权,TuShare Pro daily 日期校验 + 东方财富前复权行情,
600519.SH,贵州茅台,食品饮料,2020-08-11,1397.77,1400.28,1424.2,1397.77,35818,5936904960.0,1.9,0.61,8.52,0.29,1391.76,前复权,TuShare Pro daily 日期校验 + 东方财富前复权行情,
600519.SH,贵州茅台,食品饮料,2020-08-12,1390.77,1384.72,1398.77,1363.02,27934,4529267456.0,2.55,-1.11,-15.56,0.22,1400.28,前复权,TuShare Pro daily 日期校验 + 东方财富前复权行情,
600519.SH,贵州茅台,食品饮料,2020-08-13,1387.77,1392.77,1396.65,1366.77,20541,3341652192.0,2.16,0.58,8.05,0.16,1384.72,前复权,TuShare Pro daily 日期校验 + 东方财富前复权行情,
600519.SH,贵州茅台,食品饮料,2020-08-14,1397.67,1418.77,1423.47,1388.77,37653,6230475520.0,2.49,1.87,26.0,0.3,1392.77,前复权,TuShare Pro daily 日期校验 + 东方财富前复权行情,
600519.SH,贵州茅台,食品饮料,2020-08-17,1431.77,1447.77,1462.12,1427.77,43572,7363610880.0,2.42,2.04,29.0,0.35,1418.77,前复权,TuShare Pro daily 日期校验 + 东方财富前复权行情,
600519.SH,贵州茅台,食品饮料,2020-08-18,1455.15,1462.77,1477.77,1448.77,30423,5192751872.0,2.0,1.04,15.0,0.24,1447.77,前复权,TuShare Pro daily 日期校验 + 东方财富前复权行情,
600519.SH,贵州茅台,食品饮料,2020-08-19,1457.77,1444.77,1474.77,1440.76,26915,4578143744.0,2.33,-1.23,-18.0,0.21,1462.77,前复权,TuShare Pro daily 日期校验 + 东方财富前复权行情,
600519.SH,贵州茅台,食品饮料,2020-08-20,1431.77,1421.77,1436.77,1413.77,22382,3727183936.0,1.59,-1.59,-23.0,0.18,1444.77,前复权,TuShare Pro daily 日期校验 + 东方财富前复权行情,
600519.SH,贵州茅台,食品饮料,2020-08-21,1430.77,1433.77,1455.77,1428.77,25082,4217048416.0,1.9,0.84,12.0,0.2,1421.77,前复权,TuShare Pro daily 日期校验 + 东方财富前复权行情,
600519.SH,贵州茅台,食品饮料,2020-08-24,1457.77,1454.12,1465.77,1448.78,30933,5260286464.0,1.18,1.42,20.35,0.25,1433.77,前复权,TuShare Pro daily 日期校验 + 东方财富前复权行情,
600519.SH,贵州茅台,食品饮料,2020-08-25,1462.57,1484.77,1504.55,1456.4,41872,7227309824.0,3.31,2.11,30.65,0.33,1454.12,前复权,TuShare Pro daily 日期校验 + 东方财富前复权行情,
600519.SH,贵州茅台,食品饮料,2020-08-26,1491.77,1484.77,1502.77,1472.79,26216,4530374144.0,2.02,0.0,0.0,0.21,1484.77,前复权,TuShare Pro daily 日期校验 + 东方财富前复权行情,
600519.SH,贵州茅台,食品饮料,2020-08-27,1489.76,1488.77,1491.75,1462.77,22636,3896759440.0,1.95,0.27,4.0,0.18,1484.77,前复权,TuShare Pro daily 日期校验 + 东方财富前复权行情,
600519.SH,贵州茅台,食品饮料,2020-08-28,1488.77,1514.77,1521.77,1479.27,42300,7389242368.0,2.85,1.75,26.0,0.34,1488.77,前复权,TuShare Pro daily 日期校验 + 东方财富前复权行情,
600519.SH,贵州茅台,食品饮料,2020-08-31,1528.35,1544.27,1573.77,1528.35,47810,8608932608.0,3.0,1.95,29.5,0.38,1514.77,前复权,TuShare Pro daily 日期校验 + 东方财富前复权行情,
600519.SH,贵州茅台,食品饮料,2020-09-01,1549.77,1559.75,1559.77,1532.78,31640,5661594368.0,1.75,1.0,15.48,0.25,1544.27,前复权,TuShare Pro daily 日期校验 + 东方财富前复权行情,
600519.SH,贵州茅台,食品饮料,2020-09-02,1582.77,1552.77,1585.77,1527.77,32009,5746351872.0,3.72,-0.45,-6.98,0.25,1559.75,前复权,TuShare Pro daily 日期校验 + 东方财富前复权行情,
600519.SH,贵州茅台,食品饮料,2020-09-03,1552.77,1550.77,1569.77,1537.47,30437,5471333888.0,2.08,-0.13,-2.0,0.24,1552.77,前复权,TuShare Pro daily 日期校验 + 东方财富前复权行情,
600519.SH,贵州茅台,食品饮料,2020-09-04,1523.77,1527.77,1534.76,1503.77,30858,5433479424.0,2.0,-1.48,-23.0,0.25,1550.77,前复权,TuShare Pro daily 日期校验 + 东方财富前复权行情,
600519.SH,贵州茅台,食品饮料,2020-09-07,1517.77,1481.27,1535.76,1461.74,31112,5446354688.0,4.84,-3.04,-46.5,0.25,1527.77,前复权,TuShare Pro daily 日期校验 + 东方财富前复权行情,
600519.SH,贵州茅台,食品饮料,2020-09-08,1489.77,1469.17,1495.57,1434.84,34472,5865962752.0,4.1,-0.82,-12.1,0.27,1481.27,前复权,TuShare Pro daily 日期校验 + 东方财富前复权行情,
600519.SH,贵州茅台,食品饮料,2020-09-09,1457.44,1445.77,1468.77,1437.81,25964,4401806080.0,2.11,-1.59,-23.4,0.21,1469.17,前复权,TuShare Pro daily 日期校验 + 东方财富前复权行情,
600519.SH,贵州茅台,食品饮料,2020-09-10,1461.51,1463.57,1477.77,1457.77,24778,4236694400.0,1.38,1.23,17.8,0.2,1445.77,前复权,TuShare Pro daily 日期校验 + 东方财富前复权行情,
600519.SH,贵州茅台,食品饮料,2020-09-11,1445.77,1490.77,1493.77,1445.77,31088,5339883520.0,3.28,1.86,27.2,0.25,1463.57,前复权,TuShare Pro daily 日期校验 + 东方财富前复权行情,
600519.SH,贵州茅台,食品饮料,2020-09-14,1502.77,1523.77,1526.77,1488.35,31056,5448188928.0,2.58,2.21,33.0,0.25,1490.77,前复权,TuShare Pro daily 日期校验 + 东方财富前复权行情,
600519.SH,贵州茅台,食品饮料,2020-09-15,1527.76,1517.77,1527.76,1505.52,20821,3654872016.0,1.46,-0.39,-6.0,0.17,1523.77,前复权,TuShare Pro daily 日期校验 + 东方财富前复权行情,
600519.SH,贵州茅台,食品饮料,2020-09-16,1517.77,1482.87,1522.58,1476.77,22516,3916457760.0,3.02,-2.3,-34.9,0.18,1517.77,前复权,TuShare Pro daily 日期校验 + 东方财富前复权行情,
600519.SH,贵州茅台,食品饮料,2020-09-17,1457.77,1428.29,1457.77,1415.77,63680,10683350272.0,2.83,-3.68,-54.58,0.51,1482.87,前复权,TuShare Pro daily 日期校验 + 东方财富前复权行情,
600519.SH,贵州茅台,食品饮料,2020-09-18,1422.77,1452.77,1452.77,1392.78,47201,7853673216.0,4.2,1.71,24.48,0.38,1428.29,前复权,TuShare Pro daily 日期校验 + 东方财富前复权行情,
600519.SH,贵州茅台,食品饮料,2020-09-21,1450.53,1424.57,1450.53,1424.43,22444,3756765104.0,1.8,-1.94,-28.2,0.18,1452.77,前复权,TuShare Pro daily 日期校验 + 东方财富前复权行情,
600519.SH,贵州茅台,食品饮料,2020-09-22,1407.77,1423.46,1444.75,1407.77,23265,3890070208.0,2.6,-0.08,-1.11,0.19,1424.57,前复权,TuShare Pro daily 日期校验 + 东方财富前复权行情,
600519.SH,贵州茅台,食品饮料,2020-09-23,1392.77,1407.75,1423.78,1378.79,35726,5878691072.0,3.16,-1.1,-15.71,0.28,1423.46,前复权,TuShare Pro daily 日期校验 + 东方财富前复权行情,
600519.SH,贵州茅台,食品饮料,2020-09-24,1393.74,1387.09,1416.65,1384.57,30051,4915392256.0,2.28,-1.47,-20.66,0.24,1407.75,前复权,TuShare Pro daily 日期校验 + 东方财富前复权行情,
600519.SH,贵州茅台,食品饮料,2020-09-25,1387.77,1392.88,1407.77,1382.77,22583,3700843488.0,1.8,0.42,5.79,0.18,1387.09,前复权,TuShare Pro daily 日期校验 + 东方财富前复权行情,
600519.SH,贵州茅台,食品饮料,2020-09-28,1392.96,1418.77,1426.27,1392.96,24232,4019640144.0,2.39,1.86,25.89,0.19,1392.88,前复权,TuShare Pro daily 日期校验 + 东方财富前复权行情,
600519.SH,贵州茅台,食品饮料,2020-09-29,1427.1,1410.07,1427.17,1410.07,17431,2895081360.0,1.21,-0.61,-8.7,0.14,1418.77,前复权,TuShare Pro daily 日期校验 + 东方财富前复权行情,
600519.SH,贵州茅台,食品饮料,2020-09-30,1417.77,1426.27,1449.67,1417.77,27088,4536012544.0,2.26,1.15,16.2,0.22,1410.07,前复权,TuShare Pro daily 日期校验 + 东方财富前复权行情,
600519.SH,贵州茅台,食品饮料,2020-10-09,1449.77,1453.77,1464.19,1445.77,34240,5817280512.0,1.29,1.93,27.5,0.27,1426.27,前复权,TuShare Pro daily 日期校验 + 东方财富前复权行情,
600519.SH,贵州茅台,食品饮料,2020-10-12,1457.77,1508.38,1508.38,1457.77,43729,7597987840.0,3.48,3.76,54.61,0.35,1453.77,前复权,TuShare Pro daily 日期校验 + 东方财富前复权行情,
600519.SH,贵州茅台,食品饮料,2020-10-13,1508.39,1496.77,1508.39,1492.77,22944,3995560512.0,1.04,-0.77,-11.61,0.18,1508.38,前复权,TuShare Pro daily 日期校验 + 东方财富前复权行情,
600519.SH,贵州茅台,食品饮料,2020-10-14,1497.77,1486.77,1504.75,1483.77,20481,3554316592.0,1.4,-0.67,-10.0,0.16,1496.77,前复权,TuShare Pro daily 日期校验 + 东方财富前复权行情,
600519.SH,贵州茅台,食品饮料,2020-10-15,1478.9,1482.77,1492.77,1478.77,16204,2801250560.0,0.94,-0.27,-4.0,0.13,1486.77,前复权,TuShare Pro daily 日期校验 + 东方财富前复权行情,
600519.SH,贵州茅台,食品饮料,2020-10-16,1482.77,1469.77,1492.35,1460.77,17377,2991246896.0,2.13,-0.88,-13.0,0.14,1482.77,前复权,TuShare Pro daily 日期校验 + 东方财富前复权行情,
600519.SH,贵州茅台,食品饮料,2020-10-19,1482.77,1456.77,1491.75,1449.67,19226,3284383408.0,2.86,-0.88,-13.0,0.15,1469.77,前复权,TuShare Pro daily 日期校验 + 东方财富前复权行情,
600519.SH,贵州茅台,食品饮料,2020-10-20,1457.76,1491.77,1492.74,1452.77,27735,4787807488.0,2.74,2.4,35.0,0.22,1456.77,前复权,TuShare Pro daily 日期校验 + 东方财富前复权行情,
600519.SH,贵州茅台,食品饮料,2020-10-21,1491.87,1491.1,1499.92,1480.77,18901,3275357440.0,1.28,-0.04,-0.67,0.15,1491.77,前复权,TuShare Pro daily 日期校验 + 东方财富前复权行情,
600519.SH,贵州茅台,食品饮料,2020-10-22,1487.77,1500.27,1502.77,1473.28,22481,3897729792.0,1.98,0.61,9.17,0.18,1491.1,前复权,TuShare Pro daily 日期校验 + 东方财富前复权行情,
600519.SH,贵州茅台,食品饮料,2020-10-23,1498.55,1473.1,1505.36,1471.77,19292,3339987456.0,2.24,-1.81,-27.17,0.15,1500.27,前复权,TuShare Pro daily 日期校验 + 东方财富前复权行情,
600519.SH,贵州茅台,食品饮料,2020-10-26,1376.77,1400.77,1420.69,1357.77,66015,10821908224.0,4.27,-4.91,-72.33,0.53,1473.1,前复权,TuShare Pro daily 日期校验 + 东方财富前复权行情,
600519.SH,贵州茅台,食品饮料,2020-10-27,1400.77,1382.77,1401.77,1373.89,43944,7156688384.0,1.99,-1.29,-18.0,0.35,1400.77,前复权,TuShare Pro daily 日期校验 + 东方财富前复权行情,
600519.SH,贵州茅台,食品饮料,2020-10-28,1383.77,1422.58,1434.77,1382.85,34637,5739452160.0,3.75,2.88,39.81,0.28,1382.77,前复权,TuShare Pro daily 日期校验 + 东方财富前复权行情,
600519.SH,贵州茅台,食品饮料,2020-10-29,1412.61,1433.77,1465.77,1404.77,39374,6633168640.0,4.29,0.79,11.19,0.31,1422.58,前复权,TuShare Pro daily 日期校验 + 东方财富前复权行情,
600519.SH,贵州茅台,食品饮料,2020-10-30,1435.77,1427.79,1453.77,1422.77,26055,4379602176.0,2.16,-0.42,-5.98,0.21,1433.77,前复权,TuShare Pro daily 日期校验 + 东方财富前复权行情,
600519.SH,贵州茅台,食品饮料,2020-11-02,1432.77,1431.78,1452.77,1429.77,21066,3544422240.0,1.61,0.28,3.99,0.17,1427.79,前复权,TuShare Pro daily 日期校验 + 东方财富前复权行情,
600519.SH,贵州茅台,食品饮料,2020-11-03,1442.76,1452.77,1463.67,1433.27,23497,3976621216.0,2.12,1.47,20.99,0.19,1431.78,前复权,TuShare Pro daily 日期校验 + 东方财富前复权行情,
600519.SH,贵州茅台,食品饮料,2020-11-04,1457.77,1457.35,1461.77,1442.77,16444,2788396256.0,1.31,0.32,4.58,0.13,1452.77,前复权,TuShare Pro daily 日期校验 + 东方财富前复权行情,
600519.SH,贵州茅台,食品饮料,2020-11-05,1474.77,1479.67,1490.25,1469.87,23524,4053043264.0,1.4,1.53,22.32,0.19,1457.35,前复权,TuShare Pro daily 日期校验 + 东方财富前复权行情,
600519.SH,贵州茅台,食品饮料,2020-11-06,1488.32,1458.39,1489.36,1447.77,23052,3932702368.0,2.81,-1.44,-21.28,0.18,1479.67,前复权,TuShare Pro daily 日期校验 + 东方财富前复权行情,
600519.SH,贵州茅台,食品饮料,2020-11-09,1459.15,1500.34,1508.45,1458.39,41470,7198679808.0,3.43,2.88,41.95,0.33,1458.39,前复权,TuShare Pro daily 日期校验 + 东方财富前复权行情,
600519.SH,贵州茅台,食品饮料,2020-11-10,1510.69,1502.77,1522.25,1493.77,30189,5287968256.0,1.9,0.16,2.43,0.24,1500.34,前复权,TuShare Pro daily 日期校验 + 东方财富前复权行情,
600519.SH,贵州茅台,食品饮料,2020-11-11,1502.77,1489.12,1535.27,1488.77,34851,6122365440.0,3.09,-0.91,-13.65,0.28,1502.77,前复权,TuShare Pro daily 日期校验 + 东方财富前复权行情,
600519.SH,贵州茅台,食品饮料,2020-11-12,1487.78,1492.56,1507.77,1480.04,23473,4071729792.0,1.86,0.23,3.44,0.19,1489.12,前复权,TuShare Pro daily 日期校验 + 东方财富前复权行情,
600519.SH,贵州茅台,食品饮料,2020-11-13,1481.77,1462.77,1486.65,1448.77,28155,4791276544.0,2.54,-2.0,-29.79,0.22,1492.56,前复权,TuShare Pro daily 日期校验 + 东方财富前复权行情,
600519.SH,贵州茅台,食品饮料,2020-11-16,1468.77,1487.82,1487.82,1455.03,30613,5247897088.0,2.24,1.71,25.05,0.24,1462.77,前复权,TuShare Pro daily 日期校验 + 东方财富前复权行情,
600519.SH,贵州茅台,食品饮料,2020-11-17,1497.77,1473.57,1500.12,1458.84,25224,4355288064.0,2.77,-0.96,-14.25,0.2,1487.82,前复权,TuShare Pro daily 日期校验 + 东方财富前复权行情,
600519.SH,贵州茅台,食品饮料,2020-11-18,1472.77,1451.42,1478.3,1440.93,35179,5973146880.0,2.54,-1.5,-22.15,0.28,1473.57,前复权,TuShare Pro daily 日期校验 + 东方财富前复权行情,
600519.SH,贵州茅台,食品饮料,2020-11-19,1442.27,1477.96,1482.77,1438.37,27816,4767508736.0,3.06,1.83,26.54,0.22,1451.42,前复权,TuShare Pro daily 日期校验 + 东方财富前复权行情,
600519.SH,贵州茅台,食品饮料,2020-11-20,1477.77,1477.73,1493.77,1470.42,21875,3771894864.0,1.58,-0.02,-0.23,0.17,1477.96,前复权,TuShare Pro daily 日期校验 + 东方财富前复权行情,
600519.SH,贵州茅台,食品饮料,2020-11-23,1528.78,1547.98,1567.67,1528.78,66637,11926870528.0,2.63,4.75,70.25,0.53,1477.73,前复权,TuShare Pro daily 日期校验 + 东方财富前复权行情,
600519.SH,贵州茅台,食品饮料,2020-11-24,1527.76,1521.27,1540.27,1509.24,32465,5736960256.0,2.0,-1.73,-26.71,0.26,1547.98,前复权,TuShare Pro daily 日期校验 + 东方财富前复权行情,
600519.SH,贵州茅台,食品饮料,2020-11-25,1519.27,1484.65,1526.65,1481.77,28226,4910540800.0,2.95,-2.41,-36.62,0.22,1521.27,前复权,TuShare Pro daily 日期校验 + 东方财富前复权行情,
600519.SH,贵州茅台,食品饮料,2020-11-26,1483.77,1492.16,1497.76,1482.95,23228,4027749312.0,1.0,0.51,7.51,0.18,1484.65,前复权,TuShare Pro daily 日期校验 + 东方财富前复权行情,
600519.SH,贵州茅台,食品饮料,2020-11-27,1490.43,1495.67,1497.8,1475.77,21569,3737697984.0,1.48,0.24,3.51,0.17,1492.16,前复权,TuShare Pro daily 日期校验 + 东方财富前复权行情,
600519.SH,贵州茅台,食品饮料,2020-11-30,1492.77,1471.68,1496.67,1471.68,31940,5520322304.0,1.67,-1.6,-23.99,0.25,1495.67,前复权,TuShare Pro daily 日期校验 + 东方财富前复权行情,
600519.SH,贵州茅台,食品饮料,2020-12-01,1483.77,1494.77,1496.76,1477.78,28196,4891829248.0,1.29,1.57,23.09,0.22,1471.68,前复权,TuShare Pro daily 日期校验 + 东方财富前复权行情,
600519.SH,贵州茅台,食品饮料,2020-12-02,1503.77,1495.78,1506.77,1488.77,23572,4101369312.0,1.2,0.07,1.01,0.19,1494.77,前复权,TuShare Pro daily 日期校验 + 东方财富前复权行情,
600519.SH,贵州茅台,食品饮料,2020-12-03,1495.78,1506.77,1513.43,1489.87,29506,5147357696.0,1.58,0.73,10.99,0.23,1495.78,前复权,TuShare Pro daily 日期校验 + 东方财富前复权行情,
600519.SH,贵州茅台,食品饮料,2020-12-04,1509.77,1550.88,1557.87,1509.77,62491,11176048896.0,3.19,2.93,44.11,0.5,1506.77,前复权,TuShare Pro daily 日期校验 + 东方财富前复权行情,
600519.SH,贵州茅台,食品饮料,2020-12-07,1560.47,1570.17,1598.16,1558.32,58331,10617305088.0,2.57,1.24,19.29,0.46,1550.88,前复权,TuShare Pro daily 日期校验 + 东方财富前复权行情,
600519.SH,贵州茅台,食品饮料,2020-12-08,1572.77,1607.77,1632.77,1570.77,61454,11333352192.0,3.95,2.39,37.6,0.49,1570.17,前复权,TuShare Pro daily 日期校验 + 东方财富前复权行情,
600519.SH,贵州茅台,食品饮料,2020-12-09,1623.72,1597.77,1623.77,1596.77,31152,5766037504.0,1.68,-0.62,-10.0,0.25,1607.77,前复权,TuShare Pro daily 日期校验 + 东方财富前复权行情,
600519.SH,贵州茅台,食品饮料,2020-12-10,1597.77,1590.67,1607.54,1585.77,32654,6009239808.0,1.36,-0.44,-7.1,0.26,1597.77,前复权,TuShare Pro daily 日期校验 + 东方财富前复权行情,
600519.SH,贵州茅台,食品饮料,2020-12-11,1592.55,1577.77,1595.09,1562.58,30776,5595359744.0,2.04,-0.81,-12.9,0.24,1590.67,前复权,TuShare Pro daily 日期校验 + 东方财富前复权行情,
600519.SH,贵州茅台,食品饮料,2020-12-14,1585.54,1586.77,1587.75,1572.77,33052,6026813440.0,0.95,0.57,9.0,0.26,1577.77,前复权,TuShare Pro daily 日期校验 + 东方财富前复权行情,
600519.SH,贵州茅台,食品饮料,2020-12-15,1591.27,1573.78,1594.99,1562.77,29605,5383582208.0,2.03,-0.82,-12.99,0.24,1586.77,前复权,TuShare Pro daily 日期校验 + 东方财富前复权行情,
600519.SH,贵州茅台,食品饮料,2020-12-16,1588.27,1597.77,1603.44,1577.98,32150,5901298176.0,1.62,1.52,23.99,0.26,1573.78,前复权,TuShare Pro daily 日期校验 + 东方财富前复权行情,
600519.SH,贵州茅台,食品饮料,2020-12-17,1603.27,1623.28,1625.77,1597.77,36031,6683421952.0,1.75,1.6,25.51,0.29,1597.77,前复权,TuShare Pro daily 日期校验 + 东方财富前复权行情,
600519.SH,贵州茅台,食品饮料,2020-12-18,1609.58,1602.77,1626.78,1598.85,27077,5020968960.0,1.72,-1.26,-20.51,0.22,1623.28,前复权,TuShare Pro daily 日期校验 + 东方财富前复权行情,
600519.SH,贵州茅台,食品饮料,2020-12-21,1597.77,1600.27,1609.0,1595.37,30697,5663526912.0,0.85,-0.16,-2.5,0.24,1602.77,前复权,TuShare Pro daily 日期校验 + 东方财富前复权行情,
600519.SH,贵州茅台,食品饮料,2020-12-22,1607.74,1638.77,1656.76,1600.28,40651,7618583552.0,3.53,2.41,38.5,0.32,1600.27,前复权,TuShare Pro daily 日期校验 + 东方财富前复权行情,
600519.SH,贵州茅台,食品饮料,2020-12-23,1655.76,1599.42,1663.97,1578.79,47706,8901002240.0,5.2,-2.4,-39.35,0.38,1638.77,前复权,TuShare Pro daily 日期校验 + 东方财富前复权行情,
600519.SH,贵州茅台,食品饮料,2020-12-24,1575.77,1588.11,1616.65,1552.79,37857,6921989376.0,3.99,-0.71,-11.31,0.3,1599.42,前复权,TuShare Pro daily 日期校验 + 东方财富前复权行情,
600519.SH,贵州茅台,食品饮料,2020-12-25,1560.76,1587.77,1604.77,1557.77,23088,4218997632.0,2.96,-0.02,-0.34,0.18,1588.11,前复权,TuShare Pro daily 日期校验 + 东方财富前复权行情,
600519.SH,贵州茅台,食品饮料,2020-12-28,1584.37,1630.77,1646.57,1583.82,30080,5616528640.0,3.95,2.71,43.0,0.24,1587.77,前复权,TuShare Pro daily 日期校验 + 东方财富前复权行情,
600519.SH,贵州茅台,食品饮料,2020-12-29,1630.77,1624.77,1644.57,1612.77,22868,4275994832.0,1.95,-0.37,-6.0,0.18,1630.77,前复权,TuShare Pro daily 日期校验 + 东方财富前复权行情,
600519.SH,贵州茅台,食品饮料,2020-12-30,1627.77,1690.77,1690.77,1627.76,34452,6604461312.0,3.88,4.06,66.0,0.27,1624.77,前复权,TuShare Pro daily 日期校验 + 东方财富前复权行情,
600519.SH,贵州茅台,食品饮料,2020-12-31,1698.77,1755.77,1756.75,1696.77,38860,7682300672.0,3.55,3.84,65.0,0.31,1690.77,前复权,TuShare Pro daily 日期校验 + 东方财富前复权行情,
600519.SH,贵州茅台,食品饮料,2021-01-04,1757.75,1754.77,1762.76,1741.58,43514,8686920192.0,1.21,-0.06,-1.0,0.35,1755.77,前复权,TuShare Pro daily 日期校验 + 东方财富前复权行情,
600519.SH,贵州茅台,食品饮料,2021-01-05,1747.77,1817.22,1817.22,1740.23,52116,10592557312.0,4.39,3.56,62.45,0.41,1754.77,前复权,TuShare Pro daily 日期校验 + 东方财富前复权行情,
600519.SH,贵州茅台,食品饮料,2021-01-06,1822.57,1857.77,1882.77,1793.8,47410,9882593792.0,4.9,2.23,40.55,0.38,1817.22,前复权,TuShare Pro daily 日期校验 + 东方财富前复权行情,
600519.SH,贵州茅台,食品饮料,2021-01-07,1854.77,1897.77,1897.77,1832.77,37931,7991178752.0,3.5,2.15,40.0,0.3,1857.77,前复权,TuShare Pro daily 日期校验 + 东方财富前复权行情,
600519.SH,贵州茅台,食品饮料,2021-01-08,1899.77,1847.77,1908.65,1820.79,53862,11345202944.0,4.63,-2.63,-50.0,0.43,1897.77,前复权,TuShare Pro daily 日期校验 + 东方财富前复权行情,
600519.SH,贵州茅台,食品饮料,2021-01-11,1847.77,1857.5,1908.27,1816.37,51080,10768565504.0,4.97,0.53,9.73,0.41,1847.77,前复权,TuShare Pro daily 日期校验 + 东方财富前复权行情,
600519.SH,贵州茅台,食品饮料,2021-01-12,1845.77,1918.67,1918.67,1842.77,41059,8800558336.0,4.09,3.29,61.17,0.33,1857.5,前复权,TuShare Pro daily 日期校验 + 东方财富前复权行情,
600519.SH,贵州茅台,食品饮料,2021-01-13,1921.77,1921.77,1931.1,1892.77,34390,7418330880.0,2.0,0.16,3.1,0.27,1918.67,前复权,TuShare Pro daily 日期校验 + 东方财富前复权行情,
600519.SH,贵州茅台,食品饮料,2021-01-14,1913.77,1891.77,1920.77,1873.88,36152,7722089728.0,2.44,-1.56,-30.0,0.29,1921.77,前复权,TuShare Pro daily 日期校验 + 东方财富前复权行情,
600519.SH,贵州茅台,食品饮料,2021-01-15,1872.77,1839.77,1892.12,1786.77,59509,12372103168.0,5.57,-2.75,-52.0,0.47,1891.77,前复权,TuShare Pro daily 日期校验 + 东方财富前复权行情,
600519.SH,贵州茅台,食品饮料,2021-01-18,1818.83,1820.77,1849.25,1798.04,39144,8076715776.0,2.78,-1.03,-19.0,0.31,1839.77,前复权,TuShare Pro daily 日期校验 + 东方财富前复权行情,
600519.SH,贵州茅台,食品饮料,2021-01-19,1830.88,1767.18,1854.07,1764.62,46345,9479278592.0,4.91,-2.94,-53.59,0.37,1820.77,前复权,TuShare Pro daily 日期校验 + 东方财富前复权行情,
600519.SH,贵州茅台,食品饮料,2021-01-20,1765.77,1798.4,1813.26,1740.27,45082,9126453248.0,4.13,1.77,31.22,0.36,1767.18,前复权,TuShare Pro daily 日期校验 + 东方财富前复权行情,
600519.SH,贵州茅台,食品饮料,2021-01-21,1805.77,1827.77,1847.79,1798.77,38310,7953455872.0,2.73,1.63,29.37,0.3,1798.4,前复权,TuShare Pro daily 日期校验 + 东方财富前复权行情,
600519.SH,贵州茅台,食品饮料,2021-01-22,1826.77,1837.72,1857.77,1817.87,29248,6090260480.0,2.18,0.54,9.95,0.23,1827.77,前复权,TuShare Pro daily 日期校验 + 东方财富前复权行情,
600519.SH,贵州茅台,食品饮料,2021-01-25,1840.77,1932.77,1937.27,1840.77,55957,12029474560.0,5.25,5.17,95.05,0.45,1837.72,前复权,TuShare Pro daily 日期校验 + 东方财富前复权行情,
600519.SH,贵州茅台,食品饮料,2021-01-26,1942.77,1899.66,1944.77,1882.88,31747,6820173312.0,3.2,-1.71,-33.11,0.25,1932.77,前复权,TuShare Pro daily 日期校验 + 东方财富前复权行情,
600519.SH,贵州茅台,食品饮料,2021-01-27,1899.66,1846.77,1899.66,1842.77,37120,7809446400.0,2.99,-2.78,-52.89,0.3,1899.66,前复权,TuShare Pro daily 日期校验 + 东方财富前复权行情,
600519.SH,贵州茅台,食品饮料,2021-01-28,1837.77,1845.77,1867.43,1817.79,35129,7337084416.0,2.69,-0.05,-1.0,0.28,1846.77,前复权,TuShare Pro daily 日期校验 + 东方财富前复权行情,
600519.SH,贵州茅台,食品饮料,2021-01-29,1858.96,1873.95,1907.25,1847.99,33701,7166179328.0,3.21,1.53,28.18,0.27,1845.77,前复权,TuShare Pro daily 日期校验 + 东方财富前复权行情,
600519.SH,贵州茅台,食品饮料,2021-02-01,1887.77,1867.09,1917.77,1852.77,29341,6219639040.0,3.47,-0.37,-6.86,0.23,1873.95,前复权,TuShare Pro daily 日期校验 + 东方财富前复权行情,
600519.SH,贵州茅台,食品饮料,2021-02-02,1869.99,1902.77,1907.76,1859.87,34582,7372233472.0,2.56,1.91,35.68,0.28,1867.09,前复权,TuShare Pro daily 日期校验 + 东方财富前复权行情,
600519.SH,贵州茅台,食品饮料,2021-02-03,1907.77,1947.68,1956.04,1897.77,38714,8384049408.0,3.06,2.36,44.91,0.31,1902.77,前复权,TuShare Pro daily 日期校验 + 东方财富前复权行情,
600519.SH,贵州茅台,食品饮料,2021-02-04,1948.77,2078.62,2087.77,1948.77,63851,14596930304.0,7.14,6.72,130.94,0.51,1947.68,前复权,TuShare Pro daily 日期校验 + 东方财富前复权行情,
600519.SH,贵州茅台,食品饮料,2021-02-05,2082.77,2070.77,2122.37,2048.77,39729,9253566208.0,3.54,-0.38,-7.85,0.32,2078.62,前复权,TuShare Pro daily 日期校验 + 东方财富前复权行情,
600519.SH,贵州茅台,食品饮料,2021-02-08,2094.77,2126.57,2136.65,2070.77,35786,8420758528.0,3.18,2.69,55.8,0.28,2070.77,前复权,TuShare Pro daily 日期校验 + 东方财富前复权行情,
600519.SH,贵州茅台,食品饮料,2021-02-09,2126.57,2214.2,2214.2,2107.77,33297,7972930048.0,5.0,4.12,87.63,0.27,2126.57,前复权,TuShare Pro daily 日期校验 + 东方财富前复权行情,
600519.SH,贵州茅台,食品饮料,2021-02-10,2242.77,2358.77,2358.97,2242.77,61371,15675929600.0,5.25,6.53,144.57,0.49,2214.2,前复权,TuShare Pro daily 日期校验 + 东方财富前复权行情,
600519.SH,贵州茅台,食品饮料,2021-02-18,2345.75,2228.77,2385.65,2222.77,65912,16704135168.0,6.91,-5.51,-130.0,0.52,2358.77,前复权,TuShare Pro daily 日期校验 + 东方财富前复权行情,
600519.SH,贵州茅台,食品饮料,2021-02-19,2208.93,2217.77,2254.43,2139.37,59385,14525164544.0,5.16,-0.49,-11.0,0.47,2228.77,前复权,TuShare Pro daily 日期校验 + 东方财富前复权行情,
600519.SH,贵州茅台,食品饮料,2021-02-22,2212.77,2045.79,2212.77,2035.99,78935,18498777344.0,7.97,-7.75,-171.98,0.63,2217.77,前复权,TuShare Pro daily 日期校验 + 东方财富前复权行情,
600519.SH,贵州茅台,食品饮料,2021-02-23,2022.91,2064.77,2102.66,2022.77,57455,13316110848.0,3.91,0.93,18.98,0.46,2045.79,前复权,TuShare Pro daily 日期校验 + 东方财富前复权行情,
600519.SH,贵州茅台,食品饮料,2021-02-24,2065.76,1946.77,2075.77,1918.27,82116,18195034368.0,7.63,-5.71,-118.0,0.65,2064.77,前复权,TuShare Pro daily 日期校验 + 东方财富前复权行情,
600519.SH,贵州茅台,食品饮料,2021-02-25,1966.77,1907.77,1982.27,1878.98,59726,12982145792.0,5.31,-2.0,-39.0,0.48,1946.77,前复权,TuShare Pro daily 日期校验 + 东方财富前复权行情,
600519.SH,贵州茅台,食品饮料,2021-02-26,1857.77,1880.55,1937.72,1825.07,66525,14097015552.0,5.9,-1.43,-27.22,0.53,1907.77,前复权,TuShare Pro daily 日期校验 + 东方财富前复权行情,
600519.SH,贵州茅台,食品饮料,2021-03-01,1936.77,1915.77,1936.77,1877.77,44916,9686945536.0,3.14,1.87,35.22,0.36,1880.55,前复权,TuShare Pro daily 日期校验 + 东方财富前复权行情,
600519.SH,贵州茅台,食品饮料,2021-03-02,1937.77,1815.77,1937.77,1790.77,70765,14796698624.0,7.67,-5.22,-100.0,0.56,1915.77,前复权,TuShare Pro daily 日期校验 + 东方财富前复权行情,
600519.SH,贵州茅台,食品饮料,2021-03-03,1797.77,1897.77,1907.54,1790.77,54215,11366685440.0,6.43,4.52,82.0,0.43,1815.77,前复权,TuShare Pro daily 日期校验 + 东方财富前复权行情,
600519.SH,贵州茅台,食品饮料,2021-03-04,1852.77,1790.77,1853.77,1767.87,65088,13297304320.0,4.53,-5.64,-107.0,0.52,1897.77,前复权,TuShare Pro daily 日期校验 + 东方财富前复权行情,
600519.SH,贵州茅台,食品饮料,2021-03-05,1757.77,1817.88,1852.77,1745.77,63779,13100315904.0,5.98,1.51,27.11,0.51,1790.77,前复权,TuShare Pro daily 日期校验 + 东方财富前复权行情,
600519.SH,贵州茅台,食品饮料,2021-03-08,1832.73,1717.77,1842.77,1717.77,63100,12724246016.0,6.88,-5.51,-100.11,0.5,1817.88,前复权,TuShare Pro daily 日期校验 + 东方财富前复权行情,
600519.SH,贵州茅台,食品饮料,2021-03-09,1712.77,1694.76,1757.77,1657.95,82266,16100769536.0,5.81,-1.34,-23.01,0.65,1717.77,前复权,TuShare Pro daily 日期校验 + 东方财富前复权行情,
600519.SH,贵州茅台,食品饮料,2021-03-10,1734.77,1727.78,1757.64,1724.77,51172,10136910336.0,1.94,1.95,33.02,0.41,1694.76,前复权,TuShare Pro daily 日期校验 + 东方财富前复权行情,
600519.SH,贵州茅台,食品饮料,2021-03-11,1732.77,1805.77,1837.76,1719.25,56769,11521736448.0,6.86,4.51,77.99,0.45,1727.78,前复权,TuShare Pro daily 日期校验 + 东方财富前复权行情,
600519.SH,贵州茅台,食品饮料,2021-03-12,1827.77,1783.77,1834.77,1759.78,40323,8181594624.0,4.15,-1.22,-22.0,0.32,1805.77,前复权,TuShare Pro daily 日期校验 + 东方财富前复权行情,
600519.SH,贵州茅台,食品饮料,2021-03-15,1807.77,1733.22,1827.57,1708.92,62485,12459955712.0,6.65,-2.83,-50.55,0.5,1783.77,前复权,TuShare Pro daily 日期校验 + 东方财富前复权行情,
600519.SH,贵州茅台,食品饮料,2021-03-16,1732.7,1768.27,1777.76,1722.77,34649,6918600704.0,3.17,2.02,35.05,0.28,1733.22,前复权,TuShare Pro daily 日期校验 + 东方财富前复权行情,
600519.SH,贵州茅台,食品饮料,2021-03-17,1757.77,1788.13,1807.77,1733.78,31375,6352656640.0,4.18,1.12,19.86,0.25,1768.27,前复权,TuShare Pro daily 日期校验 + 东方财富前复权行情,
600519.SH,贵州茅台,食品饮料,2021-03-18,1792.77,1827.47,1844.13,1792.77,33865,6997030400.0,2.87,2.2,39.34,0.27,1788.13,前复权,TuShare Pro daily 日期校验 + 东方财富前复权行情,
600519.SH,贵州茅台,食品饮料,2021-03-19,1792.77,1767.77,1800.77,1750.0,35781,7211521792.0,2.78,-3.27,-59.7,0.28,1827.47,前复权,TuShare Pro daily 日期校验 + 东方财富前复权行情,
600519.SH,贵州茅台,食品饮料,2021-03-22,1757.87,1747.76,1783.86,1713.32,36914,7323391232.0,3.99,-1.13,-20.01,0.29,1767.77,前复权,TuShare Pro daily 日期校验 + 东方财富前复权行情,
600519.SH,贵州茅台,食品饮料,2021-03-23,1756.65,1753.77,1766.57,1727.77,27446,5459520768.0,2.22,0.34,6.01,0.22,1747.76,前复权,TuShare Pro daily 日期校验 + 东方财富前复权行情,
600519.SH,贵州茅台,食品饮料,2021-03-24,1738.77,1746.77,1770.77,1738.77,29357,5857848064.0,1.82,-0.4,-7.0,0.23,1753.77,前复权,TuShare Pro daily 日期校验 + 东方财富前复权行情,
600519.SH,贵州茅台,食品饮料,2021-03-25,1727.78,1728.77,1746.65,1704.57,31575,6216733184.0,2.41,-1.03,-18.0,0.25,1746.77,前复权,TuShare Pro daily 日期校验 + 东方财富前复权行情,
600519.SH,贵州茅台,食品饮料,2021-03-26,1742.77,1770.77,1779.77,1715.77,50016,9987629568.0,3.7,2.43,42.0,0.4,1728.77,前复权,TuShare Pro daily 日期校验 + 东方财富前复权行情,
600519.SH,贵州茅台,食品饮料,2021-03-29,1800.97,1791.87,1854.12,1783.92,56992,11740129536.0,3.96,1.19,21.1,0.45,1770.77,前复权,TuShare Pro daily 日期校验 + 东方财富前复权行情,
600519.SH,贵州茅台,食品饮料,2021-03-30,1797.77,1813.82,1843.77,1792.85,32627,6717493248.0,2.84,1.22,21.95,0.26,1791.87,前复权,TuShare Pro daily 日期校验 + 东方财富前复权行情,
600519.SH,贵州茅台,食品饮料,2021-03-31,1802.87,1766.77,1803.79,1757.77,37154,7489086208.0,2.54,-2.59,-47.05,0.3,1813.82,前复权,TuShare Pro daily 日期校验 + 东方财富前复权行情,
600519.SH,贵州茅台,食品饮料,2021-04-01,1778.77,1802.27,1804.57,1758.99,26588,5379776000.0,2.58,2.01,35.5,0.21,1766.77,前复权,TuShare Pro daily 日期校验 + 东方财富前复权行情,
600519.SH,贵州茅台,食品饮料,2021-04-02,1813.77,1919.77,1922.77,1813.77,52028,10981752576.0,6.05,6.52,117.5,0.41,1802.27,前复权,TuShare Pro daily 日期校验 + 东方财富前复权行情,
600519.SH,贵州茅台,食品饮料,2021-04-06,1918.77,1883.8,1919.75,1860.07,32742,6967525120.0,3.11,-1.87,-35.97,0.26,1919.77,前复权,TuShare Pro daily 日期校验 + 东方财富前复权行情,
600519.SH,贵州茅台,食品饮料,2021-04-07,1861.83,1818.77,1875.07,1807.77,40201,8317799936.0,3.57,-3.45,-65.03,0.32,1883.8,前复权,TuShare Pro daily 日期校验 + 东方财富前复权行情,
600519.SH,贵州茅台,食品饮料,2021-04-08,1804.8,1827.77,1836.77,1801.77,28548,5893307648.0,1.92,0.49,9.0,0.23,1818.77,前复权,TuShare Pro daily 日期校验 + 东方财富前复权行情,
600519.SH,贵州茅台,食品饮料,2021-04-09,1799.77,1777.77,1811.77,1762.78,28809,5832453888.0,2.68,-2.74,-50.0,0.23,1827.77,前复权,TuShare Pro daily 日期校验 + 东方财富前复权行情,
600519.SH,贵州茅台,食品饮料,2021-04-12,1768.77,1766.66,1787.77,1749.47,31943,6409917440.0,2.15,-0.62,-11.11,0.25,1777.77,前复权,TuShare Pro daily 日期校验 + 东方财富前复权行情,
600519.SH,贵州茅台,食品饮料,2021-04-13,1777.77,1778.77,1807.57,1766.77,28992,5883787264.0,2.31,0.69,12.11,0.23,1766.66,前复权,TuShare Pro daily 日期校验 + 东方财富前复权行情,
600519.SH,贵州茅台,食品饮料,2021-04-14,1792.77,1804.77,1805.77,1773.77,24115,4908790016.0,1.8,1.46,26.0,0.19,1778.77,前复权,TuShare Pro daily 日期校验 + 东方财富前复权行情,
600519.SH,贵州茅台,食品饮料,2021-04-15,1788.67,1773.37,1804.67,1747.77,34366,6903769600.0,3.15,-1.74,-31.4,0.27,1804.77,前复权,TuShare Pro daily 日期校验 + 东方财富前复权行情,
600519.SH,贵州茅台,食品饮料,2021-04-16,1782.85,1812.75,1825.77,1769.77,30294,6183895040.0,3.16,2.22,39.38,0.24,1773.37,前复权,TuShare Pro daily 日期校验 + 东方财富前复权行情,
600519.SH,贵州茅台,食品饮料,2021-04-19,1812.77,1845.77,1856.13,1790.77,31754,6610577920.0,3.61,1.82,33.02,0.25,1812.75,前复权,TuShare Pro daily 日期校验 + 东方财富前复权行情,
600519.SH,贵州茅台,食品饮料,2021-04-20,1828.87,1852.57,1886.77,1827.77,28290,5949669888.0,3.2,0.37,6.8,0.23,1845.77,前复权,TuShare Pro daily 日期校验 + 东方财富前复权行情,
600519.SH,贵州茅台,食品饮料,2021-04-21,1833.77,1837.77,1855.57,1822.87,26150,5446146048.0,1.77,-0.8,-14.8,0.21,1852.57,前复权,TuShare Pro daily 日期校验 + 东方财富前复权行情,
600519.SH,贵州茅台,食品饮料,2021-04-22,1847.67,1813.27,1856.77,1809.27,26850,5539295744.0,2.58,-1.33,-24.5,0.21,1837.77,前复权,TuShare Pro daily 日期校验 + 东方财富前复权行情,
600519.SH,贵州茅台,食品饮料,2021-04-23,1813.74,1866.71,1877.65,1810.27,33463,7002695424.0,3.72,2.95,53.44,0.27,1813.27,前复权,TuShare Pro daily 日期校验 + 东方财富前复权行情,
600519.SH,贵州茅台,食品饮料,2021-04-26,1889.77,1835.59,1892.77,1831.37,34045,7160836864.0,3.29,-1.67,-31.12,0.27,1866.71,前复权,TuShare Pro daily 日期校验 + 东方财富前复权行情,
600519.SH,贵州茅台,食品饮料,2021-04-27,1844.85,1852.21,1853.02,1822.86,22108,4607779072.0,1.64,0.91,16.62,0.18,1835.59,前复权,TuShare Pro daily 日期校验 + 东方财富前复权行情,
600519.SH,贵州茅台,食品饮料,2021-04-28,1767.77,1799.77,1805.27,1760.77,81343,16463574528.0,2.4,-2.83,-52.44,0.65,1852.21,前复权,TuShare Pro daily 日期校验 + 东方财富前复权行情,
600519.SH,贵州茅台,食品饮料,2021-04-29,1804.81,1784.13,1807.71,1771.77,41284,8370431232.0,2.0,-0.87,-15.64,0.33,1799.77,前复权,TuShare Pro daily 日期校验 + 东方财富前复权行情,
600519.SH,贵州茅台,食品饮料,2021-04-30,1783.77,1764.55,1793.77,1761.48,38401,7723747072.0,1.81,-1.1,-19.58,0.31,1784.13,前复权,TuShare Pro daily 日期校验 + 东方财富前复权行情,
600519.SH,贵州茅台,食品饮料,2021-05-06,1757.77,1716.77,1764.61,1710.77,53546,10584968960.0,3.05,-2.71,-47.78,0.43,1764.55,前复权,TuShare Pro daily 日期校验 + 东方财富前复权行情,
600519.SH,贵州茅台,食品饮料,2021-05-07,1722.77,1660.77,1725.75,1658.77,52493,10101703424.0,3.9,-3.26,-56.0,0.42,1716.77,前复权,TuShare Pro daily 日期校验 + 东方财富前复权行情,
600519.SH,贵州茅台,食品饮料,2021-05-10,1657.77,1636.8,1666.77,1623.78,46003,8677753600.0,2.59,-1.44,-23.97,0.37,1660.77,前复权,TuShare Pro daily 日期校验 + 东方财富前复权行情,
600519.SH,贵州茅台,食品饮料,2021-05-11,1633.77,1716.77,1723.77,1631.07,42494,8209251840.0,5.66,4.89,79.97,0.34,1636.8,前复权,TuShare Pro daily 日期校验 + 东方财富前复权行情,
600519.SH,贵州茅台,食品饮料,2021-05-12,1706.85,1741.77,1756.77,1706.77,32699,6473203200.0,2.91,1.46,25.0,0.26,1716.77,前复权,TuShare Pro daily 日期校验 + 东方财富前复权行情,
600519.SH,贵州茅台,食品饮料,2021-05-13,1723.52,1729.27,1742.82,1710.77,25078,4934955008.0,1.84,-0.72,-12.5,0.2,1741.77,前复权,TuShare Pro daily 日期校验 + 东方财富前复权行情,
600519.SH,贵州茅台,食品饮料,2021-05-14,1739.77,1767.62,1788.27,1733.77,35611,7150301952.0,3.15,2.22,38.35,0.28,1729.27,前复权,TuShare Pro daily 日期校验 + 东方财富前复权行情,
600519.SH,贵州茅台,食品饮料,2021-05-17,1782.87,1815.73,1842.97,1782.87,44524,9178510080.0,3.4,2.72,48.11,0.35,1767.62,前复权,TuShare Pro daily 日期校验 + 东方财富前复权行情,
600519.SH,贵州茅台,食品饮料,2021-05-18,1822.77,1817.08,1834.77,1802.83,17504,3595891744.0,1.76,0.07,1.35,0.14,1815.73,前复权,TuShare Pro daily 日期校验 + 东方财富前复权行情,
600519.SH,贵州茅台,食品饮料,2021-05-19,1816.77,1806.77,1832.58,1797.77,22410,4606452480.0,1.92,-0.57,-10.31,0.18,1817.08,前复权,TuShare Pro daily 日期校验 + 东方财富前复权行情,
600519.SH,贵州茅台,食品饮料,2021-05-20,1831.77,1816.65,1831.87,1803.13,21857,4500663296.0,1.59,0.55,9.88,0.17,1806.77,前复权,TuShare Pro daily 日期校验 + 东方财富前复权行情,
600519.SH,贵州茅台,食品饮料,2021-05-21,1812.85,1799.87,1837.65,1794.79,24248,4976601344.0,2.36,-0.92,-16.78,0.19,1816.65,前复权,TuShare Pro daily 日期校验 + 东方财富前复权行情,
600519.SH,贵州茅台,食品饮料,2021-05-24,1808.77,1829.06,1837.83,1788.77,32548,6705879296.0,2.73,1.62,29.19,0.26,1799.87,前复权,TuShare Pro daily 日期校验 + 东方财富前复权行情,
600519.SH,贵州茅台,食品饮料,2021-05-25,1842.77,1952.27,1957.87,1842.77,67757,14636718848.0,6.29,6.74,123.21,0.54,1829.06,前复权,TuShare Pro daily 日期校验 + 东方财富前复权行情,
600519.SH,贵州茅台,食品饮料,2021-05-26,1965.75,1977.77,1999.57,1950.85,38604,8558038272.0,2.5,1.31,25.5,0.31,1952.27,前复权,TuShare Pro daily 日期校验 + 东方财富前复权行情,
600519.SH,贵州茅台,食品饮料,2021-05-27,1968.79,2002.77,2077.77,1958.87,45373,10240368896.0,6.01,1.26,25.0,0.36,1977.77,前复权,TuShare Pro daily 日期校验 + 东方财富前复权行情,
600519.SH,贵州茅台,食品饮料,2021-05-28,1998.74,1987.77,2007.77,1963.28,25807,5741331968.0,2.22,-0.75,-15.0,0.21,2002.77,前复权,TuShare Pro daily 日期校验 + 东方财富前复权行情,
600519.SH,贵州茅台,食品饮料,2021-05-31,1973.27,1975.77,1976.12,1929.77,31739,6960864256.0,2.33,-0.6,-12.0,0.25,1987.77,前复权,TuShare Pro daily 日期校验 + 东方财富前复权行情,
600519.SH,贵州茅台,食品饮料,2021-06-01,1979.77,1998.72,2006.72,1963.77,30616,6832594432.0,2.17,1.16,22.95,0.24,1975.77,前复权,TuShare Pro daily 日期校验 + 东方财富前复权行情,
600519.SH,贵州茅台,食品饮料,2021-06-02,2007.77,1979.77,2021.77,1965.95,22863,5088908288.0,2.79,-0.95,-18.95,0.18,1998.72,前复权,TuShare Pro daily 日期校验 + 东方财富前复权行情,
600519.SH,贵州茅台,食品饮料,2021-06-03,1977.77,1979.99,2018.11,1967.85,23450,5242452992.0,2.54,0.01,0.22,0.19,1979.77,前复权,TuShare Pro daily 日期校验 + 东方财富前复权行情,
600519.SH,贵州茅台,食品饮料,2021-06-04,1972.77,2009.27,2045.77,1971.81,31422,7058715136.0,3.74,1.48,29.28,0.25,1979.99,前复权,TuShare Pro daily 日期校验 + 东方财富前复权行情,
600519.SH,贵州茅台,食品饮料,2021-06-07,2022.77,2028.77,2036.77,1997.78,25466,5756592640.0,1.94,0.97,19.5,0.2,2009.27,前复权,TuShare Pro daily 日期校验 + 东方财富前复权行情,
600519.SH,贵州茅台,食品饮料,2021-06-08,2017.77,1948.77,2037.76,1918.92,47314,10479943168.0,5.86,-3.94,-80.0,0.38,2028.77,前复权,TuShare Pro daily 日期校验 + 东方财富前复权行情,
600519.SH,贵州茅台,食品饮料,2021-06-09,1949.77,1957.27,1971.77,1917.88,25502,5591378944.0,2.77,0.44,8.5,0.2,1948.77,前复权,TuShare Pro daily 日期校验 + 东方财富前复权行情,
600519.SH,贵州茅台,食品饮料,2021-06-10,1952.77,1996.25,2009.14,1947.85,25567,5707338496.0,3.13,1.99,38.98,0.2,1957.27,前复权,TuShare Pro daily 日期校验 + 东方财富前复权行情,
600519.SH,贵州茅台,食品饮料,2021-06-11,1996.77,1936.58,2001.77,1936.58,33971,7513797120.0,3.27,-2.99,-59.67,0.27,1996.25,前复权,TuShare Pro daily 日期校验 + 东方财富前复权行情,
600519.SH,贵州茅台,食品饮料,2021-06-15,1952.87,1950.77,1966.65,1905.77,29361,6412821504.0,3.14,0.73,14.19,0.23,1936.58,前复权,TuShare Pro daily 日期校验 + 东方财富前复权行情,
600519.SH,贵州茅台,食品饮料,2021-06-16,1949.77,1915.77,1952.77,1905.77,27593,5978924544.0,2.41,-1.79,-35.0,0.22,1950.77,前复权,TuShare Pro daily 日期校验 + 东方财富前复权行情,
600519.SH,贵州茅台,食品饮料,2021-06-17,1913.42,1914.68,1945.77,1902.13,21068,4558702592.0,2.28,-0.06,-1.09,0.17,1915.77,前复权,TuShare Pro daily 日期校验 + 东方财富前复权行情,
600519.SH,贵州茅台,食品饮料,2021-06-18,1904.77,1848.71,1914.27,1822.77,54028,11329180928.0,4.78,-3.45,-65.97,0.43,1914.68,前复权,TuShare Pro daily 日期校验 + 东方财富前复权行情,
600519.SH,贵州茅台,食品饮料,2021-06-21,1842.77,1839.41,1857.46,1807.77,35488,7367986432.0,2.69,-0.5,-9.3,0.28,1848.71,前复权,TuShare Pro daily 日期校验 + 东方财富前复权行情,
600519.SH,贵州茅台,食品饮料,2021-06-22,1849.77,1832.74,1855.77,1811.66,33228,6900830720.0,2.4,-0.36,-6.67,0.26,1839.41,前复权,TuShare Pro daily 日期校验 + 东方财富前复权行情,
600519.SH,贵州茅台,食品饮料,2021-06-23,1837.77,1795.77,1840.77,1791.92,37079,7596735744.0,2.67,-2.02,-36.97,0.3,1832.74,前复权,TuShare Pro daily 日期校验 + 东方财富前复权行情,
600519.SH,贵州茅台,食品饮料,2021-06-24,1797.78,1825.82,1837.77,1778.77,31474,6452557056.0,3.29,1.67,30.05,0.25,1795.77,前复权,TuShare Pro daily 日期校验 + 东方财富前复权行情,
600519.SH,贵州茅台,食品饮料,2021-06-25,1827.02,1869.06,1886.06,1819.66,35875,7459680512.0,3.64,2.37,43.24,0.29,1825.82,前复权,TuShare Pro daily 日期校验 + 东方财富前复权行情,
600519.SH,贵州茅台,食品饮料,2021-06-28,1877.06,1880.07,1895.06,1850.06,27452,5750241280.0,2.41,0.59,11.01,0.22,1869.06,前复权,TuShare Pro daily 日期校验 + 东方财富前复权行情,
600519.SH,贵州茅台,食品饮料,2021-06-29,1885.06,1839.06,1892.06,1828.06,33031,6835635200.0,3.4,-2.18,-41.01,0.26,1880.07,前复权,TuShare Pro daily 日期校验 + 东方财富前复权行情,
600519.SH,贵州茅台,食品饮料,2021-06-30,1842.06,1833.76,1851.06,1823.36,21916,4511484160.0,1.51,-0.29,-5.3,0.17,1839.06,前复权,TuShare Pro daily 日期校验 + 东方财富前复权行情,
600519.SH,贵州茅台,食品饮料,2021-07-01,1837.03,1882.06,1887.06,1808.66,33701,6970731008.0,4.28,2.63,48.3,0.27,1833.76,前复权,TuShare Pro daily 日期校验 + 东方财富前复权行情,
600519.SH,贵州茅台,食品饮料,2021-07-02,1852.06,1790.06,1852.06,1788.56,46275,9388640256.0,3.37,-4.89,-92.0,0.37,1882.06,前复权,TuShare Pro daily 日期校验 + 东方财富前复权行情,
600519.SH,贵州茅台,食品饮料,2021-07-05,1777.06,1771.06,1796.94,1762.06,34421,6872797696.0,1.95,-1.06,-19.0,0.27,1790.06,前复权,TuShare Pro daily 日期校验 + 东方财富前复权行情,
600519.SH,贵州茅台,食品饮料,2021-07-06,1772.06,1789.96,1791.06,1737.07,35283,7015883008.0,3.05,1.07,18.9,0.28,1771.06,前复权,TuShare Pro daily 日期校验 + 东方财富前复权行情,
600519.SH,贵州茅台,食品饮料,2021-07-07,1787.06,1781.06,1805.94,1776.07,28122,5658210816.0,1.67,-0.5,-8.9,0.22,1789.96,前复权,TuShare Pro daily 日期校验 + 东方财富前复权行情,
600519.SH,贵州茅台,食品饮料,2021-07-08,1777.16,1762.06,1781.06,1745.06,35517,7027713792.0,2.02,-1.07,-19.0,0.28,1781.06,前复权,TuShare Pro daily 日期校验 + 东方财富前复权行情,
600519.SH,贵州茅台,食品饮料,2021-07-09,1741.58,1749.17,1762.97,1722.06,30908,6072340992.0,2.32,-0.73,-12.89,0.25,1762.06,前复权,TuShare Pro daily 日期校验 + 东方财富前复权行情,
600519.SH,贵州茅台,食品饮料,2021-07-12,1752.61,1738.06,1775.84,1717.56,39010,7658786304.0,3.33,-0.64,-11.11,0.31,1749.17,前复权,TuShare Pro daily 日期校验 + 东方财富前复权行情,
600519.SH,贵州茅台,食品饮料,2021-07-13,1745.06,1759.96,1782.56,1742.06,29925,5946287360.0,2.33,1.26,21.9,0.24,1738.06,前复权,TuShare Pro daily 日期校验 + 东方财富前复权行情,
600519.SH,贵州茅台,食品饮料,2021-07-14,1751.06,1739.06,1751.56,1722.06,30771,6011814912.0,1.68,-1.19,-20.9,0.24,1759.96,前复权,TuShare Pro daily 日期校验 + 东方财富前复权行情,
600519.SH,贵州茅台,食品饮料,2021-07-15,1732.08,1775.05,1790.06,1727.66,42190,8391506176.0,3.59,2.07,35.99,0.34,1739.06,前复权,TuShare Pro daily 日期校验 + 东方财富前复权行情,
600519.SH,贵州茅台,食品饮料,2021-07-16,1757.06,1732.96,1773.66,1727.06,35408,6958296832.0,2.63,-2.37,-42.09,0.28,1775.05,前复权,TuShare Pro daily 日期校验 + 东方财富前复权行情,
600519.SH,贵州茅台,食品饮料,2021-07-19,1732.95,1752.06,1763.06,1718.06,30052,5900348160.0,2.6,1.1,19.1,0.24,1732.96,前复权,TuShare Pro daily 日期校验 + 东方财富前复权行情,
600519.SH,贵州茅台,食品饮料,2021-07-20,1752.06,1757.06,1765.99,1738.47,23475,4639300864.0,1.57,0.29,5.0,0.19,1752.06,前复权,TuShare Pro daily 日期校验 + 东方财富前复权行情,
600519.SH,贵州茅台,食品饮料,2021-07-21,1766.06,1746.06,1783.06,1739.07,29780,5902656256.0,2.5,-0.63,-11.0,0.24,1757.06,前复权,TuShare Pro daily 日期校验 + 东方财富前复权行情,
600519.SH,贵州茅台,食品饮料,2021-07-22,1737.06,1717.07,1750.96,1716.02,39090,7619076864.0,2.0,-1.66,-28.99,0.31,1746.06,前复权,TuShare Pro daily 日期校验 + 东方财富前复权行情,
600519.SH,贵州茅台,食品饮料,2021-07-23,1714.88,1677.06,1714.88,1672.15,47585,9057761792.0,2.49,-2.33,-40.01,0.38,1717.07,前复权,TuShare Pro daily 日期校验 + 东方财富前复权行情,
600519.SH,贵州茅台,食品饮料,2021-07-26,1656.06,1581.17,1656.06,1557.06,98619,17894360832.0,5.9,-5.72,-95.89,0.79,1677.06,前复权,TuShare Pro daily 日期校验 + 东方财富前复权行情,
600519.SH,贵州茅台,食品饮料,2021-07-27,1580.06,1489.95,1587.06,1480.06,86577,15230805760.0,6.77,-5.77,-91.22,0.69,1581.17,前复权,TuShare Pro daily 日期校验 + 东方财富前复权行情,
600519.SH,贵州茅台,食品饮料,2021-07-28,1480.06,1545.96,1565.26,1459.18,85369,14792471040.0,7.12,3.76,56.01,0.68,1489.95,前复权,TuShare Pro daily 日期校验 + 东方财富前复权行情,
600519.SH,贵州茅台,食品饮料,2021-07-29,1587.07,1526.85,1600.06,1511.4,63864,11299569920.0,5.73,-1.24,-19.11,0.51,1545.96,前复权,TuShare Pro daily 日期校验 + 东方财富前复权行情,
600519.SH,贵州茅台,食品饮料,2021-07-30,1502.06,1456.05,1502.06,1434.82,77736,13109724928.0,4.4,-4.64,-70.8,0.62,1526.85,前复权,TuShare Pro daily 日期校验 + 东方财富前复权行情,
600519.SH,贵州茅台,食品饮料,2021-08-02,1441.06,1532.06,1533.04,1397.78,97401,16515259136.0,9.29,5.22,76.01,0.78,1456.05,前复权,TuShare Pro daily 日期校验 + 东方财富前复权行情,
600519.SH,贵州茅台,食品饮料,2021-08-03,1507.06,1526.36,1546.05,1465.86,54375,9447823360.0,5.23,-0.37,-5.7,0.43,1532.06,前复权,TuShare Pro daily 日期校验 + 东方财富前复权行情,
600519.SH,贵州茅台,食品饮料,2021-08-04,1511.12,1501.06,1537.06,1495.06,38175,6614683392.0,2.75,-1.66,-25.3,0.3,1526.36,前复权,TuShare Pro daily 日期校验 + 东方财富前复权行情,
600519.SH,贵州茅台,食品饮料,2021-08-05,1469.94,1476.06,1522.06,1453.42,48060,8177369856.0,4.57,-1.67,-25.0,0.38,1501.06,前复权,TuShare Pro daily 日期校验 + 东方财富前复权行情,
600519.SH,贵州茅台,食品饮料,2021-08-06,1466.06,1448.06,1471.07,1423.66,45686,7616109568.0,3.21,-1.9,-28.0,0.36,1476.06,前复权,TuShare Pro daily 日期校验 + 东方财富前复权行情,
600519.SH,贵州茅台,食品饮料,2021-08-09,1428.06,1470.86,1486.06,1427.06,47698,8028155392.0,4.07,1.57,22.8,0.38,1448.06,前复权,TuShare Pro daily 日期校验 + 东方财富前复权行情,
600519.SH,贵州茅台,食品饮料,2021-08-10,1477.06,1576.06,1579.94,1452.06,83285,14549496576.0,8.69,7.15,105.2,0.66,1470.86,前复权,TuShare Pro daily 日期校验 + 东方财富前复权行情,
600519.SH,贵州茅台,食品饮料,2021-08-11,1557.07,1527.56,1562.07,1527.07,38663,6821292800.0,2.22,-3.08,-48.5,0.31,1576.06,前复权,TuShare Pro daily 日期校验 + 东方财富前复权行情,
600519.SH,贵州茅台,食品饮料,2021-08-12,1509.06,1467.06,1526.06,1463.25,47551,8130692608.0,4.11,-3.96,-60.5,0.38,1527.56,前复权,TuShare Pro daily 日期校验 + 东方财富前复权行情,
600519.SH,贵州茅台,食品饮料,2021-08-13,1467.06,1477.1,1490.06,1456.06,37905,6418412544.0,2.32,0.68,10.04,0.3,1467.06,前复权,TuShare Pro daily 日期校验 + 东方财富前复权行情,
600519.SH,贵州茅台,食品饮料,2021-08-16,1473.06,1476.26,1490.66,1462.14,28057,4773049856.0,1.93,-0.06,-0.84,0.22,1477.1,前复权,TuShare Pro daily 日期校验 + 东方财富前复权行情,
600519.SH,贵州茅台,食品饮料,2021-08-17,1477.06,1412.06,1477.06,1405.94,61201,10140292096.0,4.82,-4.35,-64.2,0.49,1476.26,前复权,TuShare Pro daily 日期校验 + 东方财富前复权行情,
600519.SH,贵州茅台,食品饮料,2021-08-18,1401.72,1397.06,1420.05,1377.06,59970,9701556224.0,3.04,-1.06,-15.0,0.48,1412.06,前复权,TuShare Pro daily 日期校验 + 东方财富前复权行情,
600519.SH,贵州茅台,食品饮料,2021-08-19,1399.28,1397.03,1420.26,1377.06,41292,6682355712.0,3.09,0.0,-0.03,0.33,1397.06,前复权,TuShare Pro daily 日期校验 + 东方财富前复权行情,
600519.SH,贵州茅台,食品饮料,2021-08-20,1332.23,1325.06,1374.61,1302.56,114545,17825198336.0,5.16,-5.15,-71.97,0.91,1397.03,前复权,TuShare Pro daily 日期校验 + 东方财富前复权行情,
600519.SH,贵州茅台,食品饮料,2021-08-23,1314.94,1347.25,1376.06,1313.83,71597,11218832896.0,4.7,1.67,22.19,0.57,1325.06,前复权,TuShare Pro daily 日期校验 + 东方财富前复权行情,
600519.SH,贵州茅台,食品饮料,2021-08-24,1352.06,1402.24,1419.61,1342.83,72594,11703813888.0,5.7,4.08,54.99,0.58,1347.25,前复权,TuShare Pro daily 日期校验 + 东方财富前复权行情,
600519.SH,贵州茅台,食品饮料,2021-08-25,1424.7,1442.08,1457.93,1420.06,54239,9037626368.0,2.7,2.84,39.84,0.43,1402.24,前复权,TuShare Pro daily 日期校验 + 东方财富前复权行情,
600519.SH,贵州茅台,食品饮料,2021-08-26,1442.05,1372.06,1442.05,1371.78,54020,8722233088.0,4.87,-4.86,-70.02,0.43,1442.08,前复权,TuShare Pro daily 日期校验 + 东方财富前复权行情,
600519.SH,贵州茅台,食品饮料,2021-08-27,1366.06,1373.09,1402.06,1361.16,36095,5791426304.0,2.98,0.08,1.03,0.29,1372.06,前复权,TuShare Pro daily 日期校验 + 东方财富前复权行情,
600519.SH,贵州茅台,食品饮料,2021-08-30,1382.06,1363.06,1390.06,1323.01,51588,8098190336.0,4.88,-0.73,-10.03,0.41,1373.09,前复权,TuShare Pro daily 日期校验 + 东方财富前复权行情,
600519.SH,贵州茅台,食品饮料,2021-08-31,1366.86,1335.06,1393.41,1332.16,43677,6888080896.0,4.49,-2.05,-28.0,0.35,1363.06,前复权,TuShare Pro daily 日期校验 + 东方财富前复权行情,
600519.SH,贵州茅台,食品饮料,2021-09-01,1336.06,1399.07,1412.05,1308.16,77316,12370243328.0,7.78,4.79,64.01,0.62,1335.06,前复权,TuShare Pro daily 日期校验 + 东方财富前复权行情,
600519.SH,贵州茅台,食品饮料,2021-09-02,1410.05,1395.86,1420.06,1377.95,42837,6939707392.0,3.01,-0.23,-3.21,0.34,1399.07,前复权,TuShare Pro daily 日期校验 + 东方财富前复权行情,
600519.SH,贵州茅台,食品饮料,2021-09-03,1387.08,1435.28,1436.85,1359.06,52835,8631165696.0,5.57,2.82,39.42,0.42,1395.86,前复权,TuShare Pro daily 日期校验 + 东方财富前复权行情,
600519.SH,贵州茅台,食品饮料,2021-09-06,1426.06,1447.73,1485.22,1403.21,55338,9306030592.0,5.71,0.87,12.45,0.44,1435.28,前复权,TuShare Pro daily 日期校验 + 东方财富前复权行情,
600519.SH,贵州茅台,食品饮料,2021-09-07,1438.09,1446.06,1461.54,1428.06,31211,5204051712.0,2.31,-0.12,-1.67,0.25,1447.73,前复权,TuShare Pro daily 日期校验 + 东方财富前复权行情,
600519.SH,贵州茅台,食品饮料,2021-09-08,1437.06,1410.16,1448.24,1405.14,33064,5428265728.0,2.98,-2.48,-35.9,0.26,1446.06,前复权,TuShare Pro daily 日期校验 + 东方财富前复权行情,
600519.SH,贵州茅台,食品饮料,2021-09-09,1403.06,1411.14,1422.06,1401.07,19950,3257785760.0,1.49,0.07,0.98,0.16,1410.16,前复权,TuShare Pro daily 日期校验 + 东方财富前复权行情,
600519.SH,贵州茅台,食品饮料,2021-09-10,1411.14,1439.64,1445.86,1410.06,33388,5528034048.0,2.54,2.02,28.5,0.27,1411.14,前复权,TuShare Pro daily 日期校验 + 东方财富前复权行情,
600519.SH,贵州茅台,食品饮料,2021-09-13,1442.06,1431.06,1461.06,1417.16,27720,4605031680.0,3.05,-0.6,-8.58,0.22,1439.64,前复权,TuShare Pro daily 日期校验 + 东方财富前复权行情,
600519.SH,贵州茅台,食品饮料,2021-09-14,1436.06,1434.06,1460.06,1430.06,33761,5638962688.0,2.1,0.21,3.0,0.27,1431.06,前复权,TuShare Pro daily 日期校验 + 东方财富前复权行情,
600519.SH,贵州茅台,食品饮料,2021-09-15,1427.06,1392.8,1437.06,1387.06,41570,6781755392.0,3.49,-2.88,-41.26,0.33,1434.06,前复权,TuShare Pro daily 日期校验 + 东方财富前复权行情,
600519.SH,贵州茅台,食品饮料,2021-09-16,1380.06,1415.13,1421.06,1362.06,45968,7458455040.0,4.24,1.6,22.33,0.37,1392.8,前复权,TuShare Pro daily 日期校验 + 东方财富前复权行情,
600519.SH,贵州茅台,食品饮料,2021-09-17,1397.06,1463.06,1482.66,1397.06,55130,9242101504.0,6.05,3.39,47.93,0.44,1415.13,前复权,TuShare Pro daily 日期校验 + 东方财富前复权行情,
600519.SH,贵州茅台,食品饮料,2021-09-22,1435.89,1414.75,1465.06,1412.06,31743,5227723008.0,3.62,-3.3,-48.31,0.25,1463.06,前复权,TuShare Pro daily 日期校验 + 东方财富前复权行情,
600519.SH,贵州茅台,食品饮料,2021-09-23,1415.06,1412.06,1432.94,1402.14,30342,4964210176.0,2.18,-0.19,-2.69,0.24,1414.75,前复权,TuShare Pro daily 日期校验 + 东方财富前复权行情,
600519.SH,贵州茅台,食品饮料,2021-09-24,1405.06,1471.06,1497.04,1405.06,69537,11756596224.0,6.51,4.18,59.0,0.55,1412.06,前复权,TuShare Pro daily 日期校验 + 东方财富前复权行情,
600519.SH,贵州茅台,食品饮料,2021-09-27,1527.06,1632.06,1640.46,1527.06,126869,23270689792.0,7.71,10.94,161.0,1.01,1471.06,前复权,TuShare Pro daily 日期校验 + 东方财富前复权行情,
600519.SH,贵州茅台,食品饮料,2021-09-28,1625.06,1599.12,1637.06,1572.06,49221,8973408768.0,3.98,-2.02,-32.94,0.39,1632.06,前复权,TuShare Pro daily 日期校验 + 东方财富前复权行情,
600519.SH,贵州茅台,食品饮料,2021-09-29,1586.06,1597.06,1622.07,1562.96,43291,7870151680.0,3.7,-0.13,-2.06,0.34,1599.12,前复权,TuShare Pro daily 日期校验 + 东方财富前复权行情,
600519.SH,贵州茅台,食品饮料,2021-09-30,1595.24,1607.06,1627.28,1580.46,40539,7411735808.0,2.93,0.63,10.0,0.32,1597.06,前复权,TuShare Pro daily 日期校验 + 东方财富前复权行情,
600519.SH,贵州茅台,食品饮料,2021-10-08,1599.48,1616.66,1655.06,1584.29,47452,8780381184.0,4.4,0.6,9.6,0.38,1607.06,前复权,TuShare Pro daily 日期校验 + 东方财富前复权行情,
600519.SH,贵州茅台,食品饮料,2021-10-11,1616.57,1644.18,1666.96,1608.07,37676,7040475392.0,3.64,1.7,27.52,0.3,1616.66,前复权,TuShare Pro daily 日期校验 + 东方财富前复权行情,
600519.SH,贵州茅台,食品饮料,2021-10-12,1643.06,1648.05,1654.06,1619.48,30606,5688160768.0,2.1,0.24,3.87,0.24,1644.18,前复权,TuShare Pro daily 日期校验 + 东方财富前复权行情,
600519.SH,贵州茅台,食品饮料,2021-10-13,1647.06,1706.96,1727.01,1639.06,50143,9625769216.0,5.34,3.57,58.91,0.4,1648.05,前复权,TuShare Pro daily 日期校验 + 东方财富前复权行情,
600519.SH,贵州茅台,食品饮料,2021-10-14,1705.99,1688.06,1718.86,1673.06,26623,5097602304.0,2.68,-1.11,-18.9,0.21,1706.96,前复权,TuShare Pro daily 日期校验 + 东方财富前复权行情,
600519.SH,贵州茅台,食品饮料,2021-10-15,1667.16,1694.03,1707.05,1667.16,28561,5452953856.0,2.36,0.35,5.97,0.23,1688.06,前复权,TuShare Pro daily 日期校验 + 东方财富前复权行情,
600519.SH,贵州茅台,食品饮料,2021-10-18,1665.06,1577.06,1665.06,1564.06,69652,12651498496.0,5.96,-6.9,-116.97,0.55,1694.03,前复权,TuShare Pro daily 日期校验 + 东方财富前复权行情,
600519.SH,贵州茅台,食品饮料,2021-10-19,1577.06,1589.24,1615.86,1576.94,40315,7330114048.0,2.47,0.77,12.18,0.32,1577.06,前复权,TuShare Pro daily 日期校验 + 东方财富前复权行情,
600519.SH,贵州茅台,食品饮料,2021-10-20,1610.06,1618.06,1626.86,1583.07,28663,5246404608.0,2.76,1.81,28.82,0.23,1589.24,前复权,TuShare Pro daily 日期校验 + 东方财富前复权行情,
600519.SH,贵州茅台,食品饮料,2021-10-21,1618.16,1621.06,1637.06,1606.06,23019,4238584288.0,1.92,0.19,3.0,0.18,1618.06,前复权,TuShare Pro daily 日期校验 + 东方财富前复权行情,
600519.SH,贵州茅台,食品饮料,2021-10-22,1632.06,1678.06,1698.07,1631.06,35963,6794850048.0,4.13,3.52,57.0,0.29,1621.06,前复权,TuShare Pro daily 日期校验 + 东方财富前复权行情,
600519.SH,贵州茅台,食品饮料,2021-10-25,1657.06,1650.09,1662.07,1635.06,32461,6076219904.0,1.61,-1.67,-27.97,0.26,1678.06,前复权,TuShare Pro daily 日期校验 + 东方财富前复权行情,
600519.SH,贵州茅台,食品饮料,2021-10-26,1641.09,1638.11,1656.05,1621.06,21130,3934223712.0,2.12,-0.73,-11.98,0.17,1650.09,前复权,TuShare Pro daily 日期校验 + 东方财富前复权行情,
600519.SH,贵州茅台,食品饮料,2021-10-27,1629.36,1596.06,1635.36,1577.16,34647,6302270976.0,3.55,-2.57,-42.05,0.28,1638.11,前复权,TuShare Pro daily 日期校验 + 东方财富前复权行情,
600519.SH,贵州茅台,食品饮料,2021-10-28,1602.26,1602.55,1620.84,1579.06,29491,5383196160.0,2.62,0.41,6.49,0.23,1596.06,前复权,TuShare Pro daily 日期校验 + 东方财富前复权行情,
600519.SH,贵州茅台,食品饮料,2021-10-29,1602.06,1603.14,1625.06,1590.06,28776,5266898944.0,2.18,0.04,0.59,0.23,1602.55,前复权,TuShare Pro daily 日期校验 + 东方财富前复权行情,
600519.SH,贵州茅台,食品饮料,2021-11-01,1557.06,1580.06,1603.36,1537.06,41690,7486936320.0,4.14,-1.44,-23.08,0.33,1603.14,前复权,TuShare Pro daily 日期校验 + 东方财富前复权行情,
600519.SH,贵州茅台,食品饮料,2021-11-02,1573.76,1581.7,1621.28,1565.06,32500,5875341312.0,3.56,0.1,1.64,0.26,1580.06,前复权,TuShare Pro daily 日期校验 + 东方财富前复权行情,
600519.SH,贵州茅台,食品饮料,2021-11-03,1577.06,1542.06,1587.04,1538.25,27829,4958314496.0,3.08,-2.51,-39.64,0.22,1581.7,前复权,TuShare Pro daily 日期校验 + 东方财富前复权行情,
600519.SH,贵州茅台,食品饮料,2021-11-04,1555.0,1581.26,1593.06,1546.48,31130,5592211712.0,3.02,2.54,39.2,0.25,1542.06,前复权,TuShare Pro daily 日期校验 + 东方财富前复权行情,
600519.SH,贵州茅台,食品饮料,2021-11-05,1581.27,1597.0,1622.05,1581.27,27077,4956331264.0,2.58,1.0,15.74,0.22,1581.26,前复权,TuShare Pro daily 日期校验 + 东方财富前复权行情,
600519.SH,贵州茅台,食品饮料,2021-11-08,1597.06,1597.16,1607.86,1579.11,17706,3220439328.0,1.8,0.01,0.16,0.14,1597.0,前复权,TuShare Pro daily 日期校验 + 东方财富前复权行情,
600519.SH,贵州茅台,食品饮料,2021-11-09,1597.04,1567.07,1604.93,1559.06,27352,4915170048.0,2.87,-1.88,-30.09,0.22,1597.16,前复权,TuShare Pro daily 日期校验 + 东方财富前复权行情,
600519.SH,贵州茅台,食品饮料,2021-11-10,1567.07,1531.05,1572.06,1512.06,35349,6204803328.0,3.83,-2.3,-36.02,0.28,1567.07,前复权,TuShare Pro daily 日期校验 + 东方财富前复权行情,
600519.SH,贵州茅台,食品饮料,2021-11-11,1529.99,1546.66,1546.66,1518.56,22652,3987243280.0,1.84,1.02,15.61,0.18,1531.05,前复权,TuShare Pro daily 日期校验 + 东方财富前复权行情,
600519.SH,贵州茅台,食品饮料,2021-11-12,1555.06,1550.84,1562.11,1543.72,17607,3124400976.0,1.19,0.27,4.18,0.14,1546.66,前复权,TuShare Pro daily 日期校验 + 东方财富前复权行情,
600519.SH,贵州茅台,食品饮料,2021-11-15,1550.74,1538.2,1561.06,1527.06,24947,4410975488.0,2.19,-0.82,-12.64,0.2,1550.84,前复权,TuShare Pro daily 日期校验 + 东方财富前复权行情,
600519.SH,贵州茅台,食品饮料,2021-11-16,1545.06,1585.06,1595.06,1542.06,33526,6033536256.0,3.45,3.05,46.86,0.27,1538.2,前复权,TuShare Pro daily 日期校验 + 东方财富前复权行情,
600519.SH,贵州茅台,食品饮料,2021-11-17,1582.06,1572.06,1597.56,1567.07,24505,4411450880.0,1.92,-0.82,-13.0,0.2,1585.06,前复权,TuShare Pro daily 日期校验 + 东方财富前复权行情,
600519.SH,贵州茅台,食品饮料,2021-11-18,1558.28,1569.06,1584.06,1547.06,19521,3485674960.0,2.35,-0.19,-3.0,0.16,1572.06,前复权,TuShare Pro daily 日期校验 + 东方财富前复权行情,
600519.SH,贵州茅台,食品饮料,2021-11-19,1571.25,1605.47,1626.06,1565.26,31156,5699883776.0,3.87,2.32,36.41,0.25,1569.06,前复权,TuShare Pro daily 日期校验 + 东方财富前复权行情,
600519.SH,贵州茅台,食品饮料,2021-11-22,1626.06,1631.33,1686.06,1625.06,42573,7994018304.0,3.8,1.61,25.86,0.34,1605.47,前复权,TuShare Pro daily 日期校验 + 东方财富前复权行情,
600519.SH,贵州茅台,食品饮料,2021-11-23,1629.06,1673.49,1694.06,1629.06,45782,8676297728.0,3.98,2.58,42.16,0.36,1631.33,前复权,TuShare Pro daily 日期校验 + 东方财富前复权行情,
600519.SH,贵州茅台,食品饮料,2021-11-24,1677.06,1718.06,1743.06,1674.06,54512,10555736832.0,4.12,2.66,44.57,0.43,1673.49,前复权,TuShare Pro daily 日期校验 + 东方财富前复权行情,
600519.SH,贵州茅台,食品饮料,2021-11-25,1730.06,1733.09,1763.26,1723.31,39753,7803035392.0,2.33,0.87,15.03,0.32,1718.06,前复权,TuShare Pro daily 日期校验 + 东方财富前复权行情,
600519.SH,贵州茅台,食品饮料,2021-11-26,1741.89,1718.07,1744.06,1702.06,32656,6337346304.0,2.42,-0.87,-15.02,0.26,1733.09,前复权,TuShare Pro daily 日期校验 + 东方财富前复权行情,
600519.SH,贵州茅台,食品饮料,2021-11-29,1737.06,1762.06,1767.06,1728.14,42399,8372476160.0,2.27,2.56,43.99,0.34,1718.07,前复权,TuShare Pro daily 日期校验 + 东方财富前复权行情,
600519.SH,贵州茅台,食品饮料,2021-11-30,1762.46,1707.83,1766.96,1704.56,36925,7192172544.0,3.54,-3.08,-54.23,0.29,1762.06,前复权,TuShare Pro daily 日期校验 + 东方财富前复权行情,
600519.SH,贵州茅台,食品饮料,2021-12-01,1727.06,1710.05,1737.01,1696.08,26254,5071457024.0,2.4,0.13,2.22,0.21,1707.83,前复权,TuShare Pro daily 日期校验 + 东方财富前复权行情,
600519.SH,贵州茅台,食品饮料,2021-12-02,1717.06,1711.06,1719.21,1696.66,20422,3939731536.0,1.32,0.06,1.01,0.16,1710.05,前复权,TuShare Pro daily 日期校验 + 东方财富前复权行情,
600519.SH,贵州茅台,食品饮料,2021-12-03,1709.06,1748.94,1765.68,1708.11,35818,7045848064.0,3.36,2.21,37.88,0.29,1711.06,前复权,TuShare Pro daily 日期校验 + 东方财富前复权行情,
600519.SH,贵州茅台,食品饮料,2021-12-06,1760.06,1744.36,1767.06,1727.06,31064,6122543872.0,2.29,-0.26,-4.58,0.25,1748.94,前复权,TuShare Pro daily 日期校验 + 东方财富前复权行情,
600519.SH,贵州茅台,食品饮料,2021-12-07,1757.8,1732.93,1764.93,1723.79,36980,7286659584.0,2.36,-0.66,-11.43,0.29,1744.36,前复权,TuShare Pro daily 日期校验 + 东方财富前复权行情,
600519.SH,贵州茅台,食品饮料,2021-12-08,1741.94,1820.06,1822.06,1727.06,61048,12285102080.0,5.48,5.03,87.13,0.49,1732.93,前复权,TuShare Pro daily 日期校验 + 东方财富前复权行情,
600519.SH,贵州茅台,食品饮料,2021-12-09,1832.0,1863.61,1893.98,1822.06,64239,13404724480.0,3.95,2.39,43.55,0.51,1820.06,前复权,TuShare Pro daily 日期校验 + 东方财富前复权行情,
600519.SH,贵州茅台,食品饮料,2021-12-10,1837.06,1867.06,1872.84,1833.06,43148,8944582400.0,2.13,0.19,3.45,0.34,1863.61,前复权,TuShare Pro daily 日期校验 + 东方财富前复权行情,
600519.SH,贵州茅台,食品饮料,2021-12-13,1931.06,1895.26,1957.06,1895.06,65807,14139012352.0,3.32,1.51,28.2,0.52,1867.06,前复权,TuShare Pro daily 日期校验 + 东方财富前复权行情,
600519.SH,贵州茅台,食品饮料,2021-12-14,1895.26,1927.06,1944.96,1877.06,40449,8673733632.0,3.58,1.68,31.8,0.32,1895.26,前复权,TuShare Pro daily 日期校验 + 东方财富前复权行情,
600519.SH,贵州茅台,食品饮料,2021-12-15,1919.21,1912.06,1942.01,1902.08,30078,6444715008.0,2.07,-0.78,-15.0,0.24,1927.06,前复权,TuShare Pro daily 日期校验 + 东方财富前复权行情,
600519.SH,贵州茅台,食品饮料,2021-12-16,1892.06,1896.05,1921.11,1863.29,37211,7865499392.0,3.02,-0.84,-16.01,0.3,1912.06,前复权,TuShare Pro daily 日期校验 + 东方财富前复权行情,
600519.SH,贵州茅台,食品饮料,2021-12-17,1877.56,1827.76,1885.06,1813.06,48403,9988869888.0,3.8,-3.6,-68.29,0.39,1896.05,前复权,TuShare Pro daily 日期校验 + 东方财富前复权行情,
600519.SH,贵州茅台,食品饮料,2021-12-20,1827.76,1836.02,1862.72,1818.06,32258,6654596608.0,2.44,0.45,8.26,0.26,1827.76,前复权,TuShare Pro daily 日期校验 + 东方财富前复权行情,
600519.SH,贵州茅台,食品饮料,2021-12-21,1822.06,1815.26,1846.19,1789.89,26286,5354186496.0,3.07,-1.13,-20.76,0.21,1836.02,前复权,TuShare Pro daily 日期校验 + 东方财富前复权行情,
600519.SH,贵州茅台,食品饮料,2021-12-22,1817.06,1825.06,1840.06,1817.06,17431,3570928368.0,1.27,0.54,9.8,0.14,1815.26,前复权,TuShare Pro daily 日期校验 + 东方财富前复权行情,
600519.SH,贵州茅台,食品饮料,2021-12-23,1830.06,1897.06,1897.06,1802.06,39099,8126298112.0,5.21,3.95,72.0,0.31,1825.06,前复权,TuShare Pro daily 日期校验 + 东方财富前复权行情,
600519.SH,贵州茅台,食品饮料,2021-12-24,1925.94,1971.15,1994.02,1925.94,56130,12295953408.0,3.59,3.91,74.09,0.45,1897.06,前复权,TuShare Pro daily 日期校验 + 东方财富前复权行情,
600519.SH,贵州茅台,食品饮料,2021-12-27,1945.06,1908.88,1945.06,1889.06,37556,8020677632.0,2.84,-3.16,-62.27,0.3,1971.15,前复权,TuShare Pro daily 日期校验 + 东方财富前复权行情,
600519.SH,贵州茅台,食品饮料,2021-12-28,1910.06,1915.24,1932.56,1893.66,27651,5901940736.0,2.04,0.33,6.36,0.22,1908.88,前复权,TuShare Pro daily 日期校验 + 东方财富前复权行情,
600519.SH,贵州茅台,食品饮料,2021-12-29,1927.06,1818.06,1931.31,1818.06,54049,11195625216.0,5.91,-5.07,-97.18,0.43,1915.24,前复权,TuShare Pro daily 日期校验 + 东方财富前复权行情,
600519.SH,贵州茅台,食品饮料,2021-12-30,1818.06,1852.06,1866.04,1805.06,35261,7272866560.0,3.35,1.87,34.0,0.28,1818.06,前复权,TuShare Pro daily 日期校验 + 东方财富前复权行情,
600519.SH,贵州茅台,食品饮料,2021-12-31,1847.06,1827.06,1850.04,1805.06,29665,6061415424.0,2.43,-1.35,-25.0,0.24,1852.06,前复权,TuShare Pro daily 日期校验 + 东方财富前复权行情,
600519.SH,贵州茅台,食品饮料,2022-01-04,1832.06,1828.29,1846.01,1791.06,33843,6913653248.0,3.01,0.07,1.23,0.27,1827.06,前复权,TuShare Pro daily 日期校验 + 东方财富前复权行情,
600519.SH,贵州茅台,食品饮料,2022-01-05,1822.06,1801.06,1842.06,1795.06,28396,5774992128.0,2.57,-1.49,-27.23,0.23,1828.29,前复权,TuShare Pro daily 日期校验 + 东方财富前复权行情,
600519.SH,贵州茅台,食品饮料,2022-01-06,1799.07,1759.28,1813.06,1715.57,51795,10226933760.0,5.41,-2.32,-41.78,0.41,1801.06,前复权,TuShare Pro daily 日期校验 + 东方财富前复权行情,
600519.SH,贵州茅台,食品饮料,2022-01-07,1752.06,1719.06,1765.94,1716.38,29817,5831695360.0,2.82,-2.29,-40.22,0.24,1759.28,前复权,TuShare Pro daily 日期校验 + 东方财富前复权行情,
600519.SH,贵州茅台,食品饮料,2022-01-10,1705.07,1743.06,1754.06,1694.61,29627,5792738048.0,3.46,1.4,24.0,0.24,1719.06,前复权,TuShare Pro daily 日期校验 + 东方财富前复权行情,
600519.SH,贵州茅台,食品饮料,2022-01-11,1725.06,1717.61,1742.06,1708.23,22277,4332180736.0,1.94,-1.46,-25.45,0.18,1743.06,前复权,TuShare Pro daily 日期校验 + 东方财富前复权行情,
600519.SH,贵州茅台,食品饮料,2022-01-12,1725.06,1744.06,1755.86,1725.06,27474,5384359680.0,1.79,1.54,26.45,0.22,1717.61,前复权,TuShare Pro daily 日期校验 + 东方财富前复权行情,
600519.SH,贵州茅台,食品饮料,2022-01-13,1741.88,1654.45,1745.05,1642.62,56747,10781720576.0,5.87,-5.14,-89.61,0.45,1744.06,前复权,TuShare Pro daily 日期校验 + 东方财富前复权行情,
600519.SH,贵州茅台,食品饮料,2022-01-14,1654.45,1644.06,1670.06,1640.06,29322,5506185984.0,1.81,-0.63,-10.39,0.23,1654.45,前复权,TuShare Pro daily 日期校验 + 东方财富前复权行情,
600519.SH,贵州茅台,食品饮料,2022-01-17,1645.06,1638.67,1655.36,1612.4,27354,5074077696.0,2.61,-0.33,-5.39,0.22,1644.06,前复权,TuShare Pro daily 日期校验 + 东方财富前复权行情,
600519.SH,贵州茅台,食品饮料,2022-01-18,1638.74,1669.33,1685.91,1629.06,31216,5906705920.0,3.47,1.87,30.66,0.25,1638.67,前复权,TuShare Pro daily 日期校验 + 东方财富前复权行情,
600519.SH,贵州茅台,食品饮料,2022-01-19,1696.06,1689.06,1696.06,1665.94,26371,5026993408.0,1.8,1.18,19.73,0.21,1669.33,前复权,TuShare Pro daily 日期校验 + 东方财富前复权行情,
600519.SH,贵州茅台,食品饮料,2022-01-20,1693.06,1746.58,1757.05,1693.06,34014,6665294848.0,3.79,3.41,57.52,0.27,1689.06,前复权,TuShare Pro daily 日期校验 + 东方财富前复权行情,
600519.SH,贵州茅台,食品饮料,2022-01-21,1737.06,1762.05,1770.55,1728.07,30813,6091427584.0,2.43,0.89,15.47,0.25,1746.58,前复权,TuShare Pro daily 日期校验 + 东方财富前复权行情,
600519.SH,贵州茅台,食品饮料,2022-01-24,1732.06,1727.26,1761.06,1708.5,23986,4685441792.0,2.98,-1.97,-34.79,0.19,1762.05,前复权,TuShare Pro daily 日期校验 + 东方财富前复权行情,
600519.SH,贵州茅台,食品饮料,2022-01-25,1720.06,1720.06,1743.06,1708.06,25510,4971078400.0,2.03,-0.42,-7.2,0.2,1727.26,前复权,TuShare Pro daily 日期校验 + 东方财富前复权行情,
600519.SH,贵州茅台,食品饮料,2022-01-26,1719.1,1732.06,1746.06,1696.06,23905,4655706624.0,2.91,0.7,12.0,0.19,1720.06,前复权,TuShare Pro daily 日期校验 + 东方财富前复权行情,
600519.SH,贵州茅台,食品饮料,2022-01-27,1778.07,1742.06,1787.88,1729.06,42665,8450329088.0,3.4,0.58,10.0,0.34,1732.06,前复权,TuShare Pro daily 日期校验 + 东方财富前复权行情,
600519.SH,贵州茅台,食品饮料,2022-01-28,1732.06,1664.06,1745.06,1657.07,41020,7889492992.0,5.05,-4.48,-78.0,0.33,1742.06,前复权,TuShare Pro daily 日期校验 + 东方财富前复权行情,
600519.SH,贵州茅台,食品饮料,2022-02-07,1678.05,1645.02,1690.62,1627.06,35150,6601799680.0,3.82,-1.14,-19.04,0.28,1664.06,前复权,TuShare Pro daily 日期校验 + 东方财富前复权行情,
600519.SH,贵州茅台,食品饮料,2022-02-08,1645.94,1616.06,1649.93,1567.06,41713,7585130496.0,5.04,-1.76,-28.96,0.33,1645.02,前复权,TuShare Pro daily 日期校验 + 东方财富前复权行情,
600519.SH,贵州茅台,食品饮料,2022-02-09,1616.15,1673.04,1685.06,1604.03,33885,6346699776.0,5.01,3.53,56.98,0.27,1616.06,前复权,TuShare Pro daily 日期校验 + 东方财富前复权行情,
600519.SH,贵州茅台,食品饮料,2022-02-10,1677.06,1650.06,1682.96,1634.45,23032,4315456768.0,2.9,-1.37,-22.98,0.18,1673.04,前复权,TuShare Pro daily 日期校验 + 东方财富前复权行情,
600519.SH,贵州茅台,食品饮料,2022-02-11,1634.06,1627.03,1677.85,1618.06,33746,6296909568.0,3.62,-1.4,-23.03,0.27,1650.06,前复权,TuShare Pro daily 日期校验 + 东方财富前复权行情,
600519.SH,贵州茅台,食品饮料,2022-02-14,1617.06,1645.73,1654.06,1614.37,20196,3762313344.0,2.44,1.15,18.7,0.16,1627.03,前复权,TuShare Pro daily 日期校验 + 东方财富前复权行情,
600519.SH,贵州茅台,食品饮料,2022-02-15,1645.86,1667.68,1688.06,1636.06,27106,5131842048.0,3.16,1.33,21.95,0.22,1645.73,前复权,TuShare Pro daily 日期校验 + 东方财富前复权行情,
600519.SH,贵州茅台,食品饮料,2022-02-16,1677.06,1669.61,1684.06,1665.06,14587,2769034320.0,1.14,0.12,1.93,0.12,1667.68,前复权,TuShare Pro daily 日期校验 + 东方财富前复权行情,
600519.SH,贵州茅台,食品饮料,2022-02-17,1677.67,1664.05,1688.54,1658.06,18214,3450265040.0,1.83,-0.33,-5.56,0.14,1669.61,前复权,TuShare Pro daily 日期校验 + 东方财富前复权行情,
600519.SH,贵州茅台,食品饮料,2022-02-18,1654.69,1684.06,1685.04,1642.72,19385,3670339744.0,2.54,1.2,20.01,0.15,1664.05,前复权,TuShare Pro daily 日期校验 + 东方财富前复权行情,
600519.SH,贵州茅台,食品饮料,2022-02-21,1677.06,1654.05,1683.96,1646.01,20816,3920377360.0,2.25,-1.78,-30.01,0.17,1684.06,前复权,TuShare Pro daily 日期校验 + 东方财富前复权行情,
600519.SH,贵州茅台,食品饮料,2022-02-22,1637.07,1584.93,1638.06,1577.08,52299,9473992704.0,3.69,-4.18,-69.12,0.42,1654.05,前复权,TuShare Pro daily 日期校验 + 东方财富前复权行情,
600519.SH,贵州茅台,食品饮料,2022-02-23,1588.47,1604.07,1611.06,1577.14,28112,5118197760.0,2.14,1.21,19.14,0.22,1584.93,前复权,TuShare Pro daily 日期校验 + 东方财富前复权行情,
600519.SH,贵州茅台,食品饮料,2022-02-24,1585.06,1541.17,1591.05,1525.16,65359,11578557184.0,4.11,-3.92,-62.9,0.52,1604.07,前复权,TuShare Pro daily 日期校验 + 东方财富前复权行情,
600519.SH,贵州茅台,食品饮料,2022-02-25,1552.06,1576.12,1585.34,1552.06,38979,6999524096.0,2.16,2.27,34.95,0.31,1541.17,前复权,TuShare Pro daily 日期校验 + 东方财富前复权行情,
600519.SH,贵州茅台,食品饮料,2022-02-28,1564.12,1567.46,1574.06,1544.06,28923,5158148352.0,1.9,-0.55,-8.66,0.23,1576.12,前复权,TuShare Pro daily 日期校验 + 东方财富前复权行情,
600519.SH,贵州茅台,食品饮料,2022-03-01,1579.06,1635.54,1640.63,1579.06,47379,8721229312.0,3.93,4.34,68.08,0.38,1567.46,前复权,TuShare Pro daily 日期校验 + 东方财富前复权行情,
600519.SH,贵州茅台,食品饮料,2022-03-02,1617.06,1621.94,1628.05,1602.06,20074,3690612336.0,1.59,-0.83,-13.6,0.16,1635.54,前复权,TuShare Pro daily 日期校验 + 东方财富前复权行情,
600519.SH,贵州茅台,食品饮料,2022-03-03,1622.86,1577.06,1627.31,1571.06,31547,5703580672.0,3.47,-2.77,-44.88,0.25,1621.94,前复权,TuShare Pro daily 日期校验 + 东方财富前复权行情,
600519.SH,贵州茅台,食品饮料,2022-03-04,1549.06,1557.56,1569.95,1532.16,31047,5509157632.0,2.4,-1.24,-19.5,0.25,1577.06,前复权,TuShare Pro daily 日期校验 + 东方财富前复权行情,
600519.SH,贵州茅台,食品饮料,2022-03-07,1537.26,1484.06,1545.06,1480.86,49156,8487507456.0,4.12,-4.72,-73.5,0.39,1557.56,前复权,TuShare Pro daily 日期校验 + 东方财富前复权行情,
600519.SH,贵州茅台,食品饮料,2022-03-08,1537.04,1530.26,1563.72,1509.06,57215,10087484416.0,3.68,3.11,46.2,0.46,1484.06,前复权,TuShare Pro daily 日期校验 + 东方财富前复权行情,
600519.SH,贵州茅台,食品饮料,2022-03-09,1541.16,1556.24,1582.06,1498.17,56434,10018589952.0,5.48,1.7,25.98,0.45,1530.26,前复权,TuShare Pro daily 日期校验 + 东方财富前复权行情,
600519.SH,贵州茅台,食品饮料,2022-03-10,1585.06,1571.49,1598.06,1568.06,36462,6587438848.0,1.93,0.98,15.25,0.29,1556.24,前复权,TuShare Pro daily 日期校验 + 东方财富前复权行情,
600519.SH,贵州茅台,食品饮料,2022-03-11,1543.06,1546.07,1554.06,1495.14,47727,8335618304.0,3.75,-1.62,-25.42,0.38,1571.49,前复权,TuShare Pro daily 日期校验 + 东方财富前复权行情,
600519.SH,贵州茅台,食品饮料,2022-03-14,1507.06,1477.06,1527.06,1477.06,49007,8416841984.0,3.23,-4.46,-69.01,0.39,1546.07,前复权,TuShare Pro daily 日期校验 + 东方财富前复权行情,
600519.SH,贵州茅台,食品饮料,2022-03-15,1427.06,1380.06,1462.06,1380.06,89056,14567142656.0,5.55,-6.57,-97.0,0.71,1477.06,前复权,TuShare Pro daily 日期校验 + 东方财富前复权行情,
600519.SH,贵州茅台,食品饮料,2022-03-16,1411.06,1452.01,1460.96,1370.06,77593,12753010176.0,6.59,5.21,71.95,0.62,1380.06,前复权,TuShare Pro daily 日期校验 + 东方财富前复权行情,
600519.SH,贵州茅台,食品饮料,2022-03-17,1497.06,1497.21,1532.06,1488.72,68352,11843531776.0,2.98,3.11,45.2,0.54,1452.01,前复权,TuShare Pro daily 日期校验 + 东方财富前复权行情,
600519.SH,贵州茅台,食品饮料,2022-03-18,1495.06,1484.85,1522.06,1469.34,38349,6564085504.0,3.52,-0.83,-12.36,0.31,1497.21,前复权,TuShare Pro daily 日期校验 + 东方财富前复权行情,
600519.SH,贵州茅台,食品饮料,2022-03-21,1501.06,1481.36,1502.71,1472.07,27877,4763083264.0,2.06,-0.24,-3.49,0.22,1484.85,前复权,TuShare Pro daily 日期校验 + 东方财富前复权行情,
600519.SH,贵州茅台,食品饮料,2022-03-22,1500.94,1472.06,1500.94,1463.39,21054,3578291200.0,2.53,-0.63,-9.3,0.17,1481.36,前复权,TuShare Pro daily 日期校验 + 东方财富前复权行情,
600519.SH,贵州茅台,食品饮料,2022-03-23,1482.06,1529.25,1547.06,1474.06,58067,10096341504.0,4.96,3.89,57.19,0.46,1472.06,前复权,TuShare Pro daily 日期校验 + 东方财富前复权行情,
600519.SH,贵州茅台,食品饮料,2022-03-24,1515.06,1497.99,1517.06,1494.41,25815,4457504512.0,1.48,-2.04,-31.26,0.21,1529.25,前复权,TuShare Pro daily 日期校验 + 东方财富前复权行情,
600519.SH,贵州茅台,食品饮料,2022-03-25,1489.06,1467.06,1511.06,1462.06,29709,5054831360.0,3.27,-2.06,-30.93,0.24,1497.99,前复权,TuShare Pro daily 日期校验 + 东方财富前复权行情,
600519.SH,贵州茅台,食品饮料,2022-03-28,1402.06,1437.86,1441.86,1381.06,57542,9392007936.0,4.14,-1.99,-29.2,0.46,1467.06,前复权,TuShare Pro daily 日期校验 + 东方财富前复权行情,
600519.SH,贵州茅台,食品饮料,2022-03-29,1438.56,1444.06,1468.56,1438.56,25935,4343365376.0,2.09,0.43,6.2,0.21,1437.86,前复权,TuShare Pro daily 日期校验 + 东方财富前复权行情,
600519.SH,贵州茅台,食品饮料,2022-03-30,1475.06,1507.16,1507.16,1472.06,42433,7276379136.0,2.43,4.37,63.1,0.34,1444.06,前复权,TuShare Pro daily 日期校验 + 东方财富前复权行情,
600519.SH,贵州茅台,食品饮料,2022-03-31,1497.06,1496.06,1515.66,1485.86,25174,4338022912.0,1.98,-0.74,-11.1,0.2,1507.16,前复权,TuShare Pro daily 日期校验 + 东方财富前复权行情,
600519.SH,贵州茅台,食品饮料,2022-04-01,1507.0,1557.07,1570.06,1498.75,44862,7936957184.0,4.77,4.08,61.01,0.36,1496.06,前复权,TuShare Pro daily 日期校验 + 东方财富前复权行情,
600519.SH,贵州茅台,食品饮料,2022-04-06,1530.06,1542.06,1565.79,1530.06,27820,4910792448.0,2.29,-0.96,-15.01,0.22,1557.07,前复权,TuShare Pro daily 日期校验 + 东方财富前复权行情,
600519.SH,贵州茅台,食品饮料,2022-04-07,1535.06,1542.06,1562.06,1527.16,20196,3568182336.0,2.26,0.0,0.0,0.16,1542.06,前复权,TuShare Pro daily 日期校验 + 东方财富前复权行情,
600519.SH,贵州茅台,食品饮料,2022-04-08,1545.06,1561.06,1565.76,1543.6,22941,4081618544.0,1.44,1.23,19.0,0.18,1542.06,前复权,TuShare Pro daily 日期校验 + 东方财富前复权行情,
600519.SH,贵州茅台,食品饮料,2022-04-11,1547.06,1497.06,1547.06,1483.09,43864,7568782592.0,4.1,-4.1,-64.0,0.35,1561.06,前复权,TuShare Pro daily 日期校验 + 东方财富前复权行情,
600519.SH,贵州茅台,食品饮料,2022-04-12,1506.06,1559.06,1565.03,1485.06,41630,7284546304.0,5.34,4.14,62.0,0.33,1497.06,前复权,TuShare Pro daily 日期校验 + 东方财富前复权行情,
600519.SH,贵州茅台,食品饮料,2022-04-13,1544.06,1546.06,1572.06,1528.14,31148,5534915840.0,2.82,-0.83,-13.0,0.25,1559.06,前复权,TuShare Pro daily 日期校验 + 东方财富前复权行情,
600519.SH,贵州茅台,食品饮料,2022-04-14,1565.06,1586.06,1612.96,1557.26,37650,6834657280.0,3.6,2.59,40.0,0.3,1546.06,前复权,TuShare Pro daily 日期校验 + 东方财富前复权行情,
600519.SH,贵州茅台,食品饮料,2022-04-15,1579.26,1583.05,1595.06,1572.95,21041,3800797632.0,1.39,-0.19,-3.01,0.17,1586.06,前复权,TuShare Pro daily 日期校验 + 东方财富前复权行情,
600519.SH,贵州茅台,食品饮料,2022-04-18,1558.19,1567.88,1575.06,1545.06,19793,3525102976.0,1.9,-0.96,-15.17,0.16,1583.05,前复权,TuShare Pro daily 日期校验 + 东方财富前复权行情,
600519.SH,贵州茅台,食品饮料,2022-04-19,1577.06,1567.36,1610.05,1552.56,24205,4359852032.0,3.67,-0.03,-0.52,0.19,1567.88,前复权,TuShare Pro daily 日期校验 + 东方财富前复权行情,
600519.SH,贵州茅台,食品饮料,2022-04-20,1578.75,1574.06,1597.06,1545.74,24156,4342043392.0,3.27,0.43,6.7,0.19,1567.36,前复权,TuShare Pro daily 日期校验 + 东方财富前复权行情,
600519.SH,贵州茅台,食品饮料,2022-04-21,1567.26,1557.04,1583.06,1547.06,28953,5160787968.0,2.29,-1.08,-17.02,0.23,1574.06,前复权,TuShare Pro daily 日期校验 + 东方财富前复权行情,
600519.SH,贵州茅台,食品饮料,2022-04-22,1540.06,1550.06,1564.94,1537.24,27900,4955360768.0,1.78,-0.45,-6.98,0.22,1557.04,前复权,TuShare Pro daily 日期校验 + 东方财富前复权行情,
600519.SH,贵州茅台,食品饮料,2022-04-25,1527.06,1485.06,1553.56,1479.06,53658,9352986880.0,4.81,-4.19,-65.0,0.43,1550.06,前复权,TuShare Pro daily 日期校验 + 东方财富前复权行情,
600519.SH,贵州茅台,食品饮料,2022-04-26,1480.39,1509.54,1526.04,1477.06,44564,7692845312.0,3.3,1.65,24.48,0.35,1485.06,前复权,TuShare Pro daily 日期校验 + 东方财富前复权行情,
600519.SH,贵州茅台,食品饮料,2022-04-27,1544.18,1571.98,1587.06,1544.18,57402,10289893120.0,2.84,4.14,62.44,0.46,1509.54,前复权,TuShare Pro daily 日期校验 + 东方财富前复权行情,
600519.SH,贵州茅台,食品饮料,2022-04-28,1570.06,1612.06,1622.06,1563.56,44010,8038681856.0,3.72,2.55,40.08,0.35,1571.98,前复权,TuShare Pro daily 日期校验 + 东方财富前复权行情,
600519.SH,贵州茅台,食品饮料,2022-04-29,1613.06,1605.44,1626.06,1588.04,34885,6384066560.0,2.36,-0.41,-6.62,0.28,1612.06,前复权,TuShare Pro daily 日期校验 + 东方财富前复权行情,
600519.SH,贵州茅台,食品饮料,2022-05-05,1607.06,1614.06,1647.06,1606.04,33661,6235017472.0,2.56,0.54,8.62,0.27,1605.44,前复权,TuShare Pro daily 日期校验 + 东方财富前复权行情,
600519.SH,贵州茅台,食品饮料,2022-05-06,1592.05,1570.06,1596.06,1558.06,28596,5138176768.0,2.35,-2.73,-44.0,0.23,1614.06,前复权,TuShare Pro daily 日期校验 + 东方财富前复权行情,
600519.SH,贵州茅台,食品饮料,2022-05-09,1557.06,1529.06,1557.06,1515.06,30352,5324616192.0,2.68,-2.61,-41.0,0.24,1570.06,前复权,TuShare Pro daily 日期校验 + 东方财富前复权行情,
600519.SH,贵州茅台,食品饮料,2022-05-10,1497.06,1543.25,1562.02,1482.07,40119,7018451200.0,5.23,0.93,14.19,0.32,1529.06,前复权,TuShare Pro daily 日期校验 + 东方财富前复权行情,
600519.SH,贵州茅台,食品饮料,2022-05-11,1532.06,1545.06,1565.54,1529.06,30313,5372950016.0,2.36,0.12,1.81,0.24,1543.25,前复权,TuShare Pro daily 日期校验 + 东方财富前复权行情,
600519.SH,贵州茅台,食品饮料,2022-05-12,1530.06,1539.73,1555.06,1527.06,22038,3888480080.0,1.81,-0.34,-5.33,0.18,1545.06,前复权,TuShare Pro daily 日期校验 + 东方财富前复权行情,
600519.SH,贵州茅台,食品饮料,2022-05-13,1557.06,1555.3,1575.0,1543.06,20731,3690141232.0,2.07,1.01,15.57,0.17,1539.73,前复权,TuShare Pro daily 日期校验 + 东方财富前复权行情,
600519.SH,贵州茅台,食品饮料,2022-05-16,1574.06,1535.06,1574.06,1519.73,27765,4881208576.0,3.49,-1.3,-20.24,0.22,1555.3,前复权,TuShare Pro daily 日期校验 + 东方财富前复权行情,
600519.SH,贵州茅台,食品饮料,2022-05-17,1546.94,1545.06,1552.06,1532.06,20145,3557048800.0,1.3,0.65,10.0,0.16,1535.06,前复权,TuShare Pro daily 日期校验 + 东方财富前复权行情,
600519.SH,贵州茅台,食品饮料,2022-05-18,1550.72,1538.06,1550.98,1520.08,24850,4362487040.0,2.0,-0.45,-7.0,0.2,1545.06,前复权,TuShare Pro daily 日期校验 + 东方财富前复权行情,
600519.SH,贵州茅台,食品饮料,2022-05-19,1522.06,1533.06,1534.06,1516.06,19776,3459059184.0,1.17,-0.33,-5.0,0.16,1538.06,前复权,TuShare Pro daily 日期校验 + 东方财富前复权行情,
600519.SH,贵州茅台,食品饮料,2022-05-20,1537.05,1577.07,1578.21,1529.06,41950,7493460224.0,3.21,2.87,44.01,0.33,1533.06,前复权,TuShare Pro daily 日期校验 + 东方财富前复权行情,
600519.SH,贵州茅台,食品饮料,2022-05-23,1577.06,1558.06,1580.95,1549.06,22157,3950856592.0,2.02,-1.21,-19.01,0.18,1577.07,前复权,TuShare Pro daily 日期校验 + 东方财富前复权行情,
600519.SH,贵州茅台,食品饮料,2022-05-24,1563.06,1537.06,1564.06,1532.56,27342,4824599808.0,2.02,-1.35,-21.0,0.22,1558.06,前复权,TuShare Pro daily 日期校验 + 东方财富前复权行情,
600519.SH,贵州茅台,食品饮料,2022-05-25,1542.33,1532.57,1549.06,1524.06,22389,3929477104.0,1.63,-0.29,-4.49,0.18,1537.06,前复权,TuShare Pro daily 日期校验 + 东方财富前复权行情,
600519.SH,贵州茅台,食品饮料,2022-05-26,1538.06,1519.86,1538.06,1507.06,28053,4888109312.0,2.02,-0.83,-12.71,0.22,1532.57,前复权,TuShare Pro daily 日期校验 + 东方财富前复权行情,
600519.SH,贵州茅台,食品饮料,2022-05-27,1537.05,1532.22,1557.06,1530.07,25120,4436904960.0,1.78,0.81,12.36,0.2,1519.86,前复权,TuShare Pro daily 日期校验 + 东方财富前复权行情,
600519.SH,贵州茅台,食品饮料,2022-05-30,1543.06,1555.47,1567.61,1543.06,34466,6135631360.0,1.6,1.52,23.25,0.27,1532.22,前复权,TuShare Pro daily 日期校验 + 东方财富前复权行情,
600519.SH,贵州茅台,食品饮料,2022-05-31,1551.83,1581.09,1591.96,1544.04,40751,7329201152.0,3.08,1.65,25.62,0.32,1555.47,前复权,TuShare Pro daily 日期校验 + 东方财富前复权行情,
600519.SH,贵州茅台,食品饮料,2022-06-01,1579.06,1565.31,1591.84,1556.06,21760,3897858992.0,2.26,-1.0,-15.78,0.17,1581.09,前复权,TuShare Pro daily 日期校验 + 东方财富前复权行情,
600519.SH,贵州茅台,食品饮料,2022-06-02,1565.03,1563.06,1572.86,1557.06,16915,3019718032.0,1.01,-0.14,-2.25,0.13,1565.31,前复权,TuShare Pro daily 日期校验 + 东方财富前复权行情,
600519.SH,贵州茅台,食品饮料,2022-06-06,1567.06,1565.06,1572.06,1535.06,36741,6535329280.0,2.37,0.13,2.0,0.29,1563.06,前复权,TuShare Pro daily 日期校验 + 东方财富前复权行情,
600519.SH,贵州茅台,食品饮料,2022-06-07,1561.2,1594.96,1602.06,1547.37,35049,6356030976.0,3.49,1.91,29.9,0.28,1565.06,前复权,TuShare Pro daily 日期校验 + 东方财富前复权行情,
600519.SH,贵州茅台,食品饮料,2022-06-08,1602.06,1642.66,1659.06,1602.06,44354,8236953856.0,3.57,2.99,47.7,0.35,1594.96,前复权,TuShare Pro daily 日期校验 + 东方财富前复权行情,
600519.SH,贵州茅台,食品饮料,2022-06-09,1649.06,1630.06,1665.41,1626.06,26329,4897066752.0,2.4,-0.77,-12.6,0.21,1642.66,前复权,TuShare Pro daily 日期校验 + 东方财富前复权行情,
600519.SH,贵州茅台,食品饮料,2022-06-10,1622.07,1677.66,1684.06,1612.06,47345,8882462720.0,4.42,2.92,47.6,0.38,1630.06,前复权,TuShare Pro daily 日期校验 + 东方财富前复权行情,
600519.SH,贵州茅台,食品饮料,2022-06-13,1667.06,1633.06,1669.06,1625.14,36755,6847248896.0,2.62,-2.66,-44.6,0.29,1677.66,前复权,TuShare Pro daily 日期校验 + 东方财富前复权行情,
600519.SH,贵州茅台,食品饮料,2022-06-14,1611.06,1648.06,1652.48,1609.06,29416,5467949312.0,2.66,0.92,15.0,0.23,1633.06,前复权,TuShare Pro daily 日期校验 + 东方财富前复权行情,
600519.SH,贵州茅台,食品饮料,2022-06-15,1647.06,1652.16,1682.06,1640.05,33664,6354868992.0,2.55,0.25,4.1,0.27,1648.06,前复权,TuShare Pro daily 日期校验 + 东方财富前复权行情,
600519.SH,贵州茅台,食品饮料,2022-06-16,1671.65,1654.06,1684.69,1652.39,26887,5087605504.0,1.96,0.12,1.9,0.21,1652.16,前复权,TuShare Pro daily 日期校验 + 东方财富前复权行情,
600519.SH,贵州茅台,食品饮料,2022-06-17,1655.15,1728.06,1729.06,1655.15,50542,9749530880.0,4.47,4.47,74.0,0.4,1654.06,前复权,TuShare Pro daily 日期校验 + 东方财富前复权行情,
600519.SH,贵州茅台,食品饮料,2022-06-20,1727.06,1719.08,1747.06,1707.06,34975,6802792448.0,2.31,-0.52,-8.98,0.28,1728.06,前复权,TuShare Pro daily 日期校验 + 东方财富前复权行情,
600519.SH,贵州茅台,食品饮料,2022-06-21,1726.06,1722.8,1744.05,1705.06,23717,4617805056.0,2.27,0.22,3.72,0.19,1719.08,前复权,TuShare Pro daily 日期校验 + 东方财富前复权行情,
600519.SH,贵州茅台,食品饮料,2022-06-22,1732.06,1713.06,1735.06,1709.06,19647,3813775296.0,1.51,-0.57,-9.74,0.16,1722.8,前复权,TuShare Pro daily 日期校验 + 东方财富前复权行情,
600519.SH,贵州茅台,食品饮料,2022-06-23,1719.76,1734.16,1742.1,1717.06,26844,5239860480.0,1.46,1.23,21.1,0.21,1713.06,前复权,TuShare Pro daily 日期校验 + 东方财富前复权行情,
600519.SH,贵州茅台,食品饮料,2022-06-24,1747.06,1786.07,1797.06,1742.06,39635,7921199872.0,3.17,2.99,51.91,0.32,1734.16,前复权,TuShare Pro daily 日期校验 + 东方财富前复权行情,
600519.SH,贵州茅台,食品饮料,2022-06-27,1797.0,1787.61,1827.0,1777.36,40115,8124449024.0,2.78,0.09,1.54,0.32,1786.07,前复权,TuShare Pro daily 日期校验 + 东方财富前复权行情,
600519.SH,贵州茅台,食品饮料,2022-06-28,1796.8,1813.06,1818.06,1778.06,25246,5112298752.0,2.24,1.42,25.45,0.2,1787.61,前复权,TuShare Pro daily 日期校验 + 东方财富前复权行情,
600519.SH,贵州茅台,食品饮料,2022-06-29,1805.06,1807.06,1819.06,1788.07,30360,6142508544.0,1.71,-0.33,-6.0,0.24,1813.06,前复权,TuShare Pro daily 日期校验 + 东方财富前复权行情,
600519.SH,贵州茅台,食品饮料,2022-06-30,1798.73,1843.73,1875.73,1798.72,38982,7984019456.0,4.26,2.03,36.67,0.31,1807.06,前复权,TuShare Pro daily 日期校验 + 东方财富前复权行情,
600519.SH,贵州茅台,食品饮料,2022-07-01,1853.73,1827.78,1866.5,1813.94,21596,4385555200.0,2.85,-0.87,-15.95,0.17,1843.73,前复权,TuShare Pro daily 日期校验 + 东方财富前复权行情,
600519.SH,贵州茅台,食品饮料,2022-07-04,1818.74,1816.73,1823.02,1799.74,25076,5042804224.0,1.27,-0.6,-11.05,0.2,1827.78,前复权,TuShare Pro daily 日期校验 + 东方财富前复权行情,
600519.SH,贵州茅台,食品饮料,2022-07-05,1824.01,1831.74,1853.18,1808.73,26329,5345189888.0,2.45,0.83,15.01,0.21,1816.73,前复权,TuShare Pro daily 日期校验 + 东方财富前复权行情,
600519.SH,贵州茅台,食品饮料,2022-07-06,1830.73,1800.73,1837.73,1784.73,32752,6566374912.0,2.89,-1.69,-31.01,0.26,1831.74,前复权,TuShare Pro daily 日期校验 + 东方财富前复权行情,
600519.SH,贵州茅台,食品饮料,2022-07-07,1803.73,1788.73,1808.08,1783.74,20932,4179088240.0,1.35,-0.67,-12.0,0.17,1800.73,前复权,TuShare Pro daily 日期校验 + 东方财富前复权行情,
600519.SH,贵州茅台,食品饮料,2022-07-08,1803.73,1797.73,1813.62,1794.89,15644,3134903456.0,1.05,0.5,9.0,0.12,1788.73,前复权,TuShare Pro daily 日期校验 + 东方财富前复权行情,
600519.SH,贵州茅台,食品饮料,2022-07-11,1788.93,1762.33,1793.5,1749.23,23949,4709248256.0,2.46,-1.97,-35.4,0.19,1797.73,前复权,TuShare Pro daily 日期校验 + 东方财富前复权行情,
600519.SH,贵州茅台,食品饮料,2022-07-12,1763.73,1747.14,1771.53,1728.79,23447,4562731381.0,2.43,-0.86,-15.19,0.19,1762.33,前复权,TuShare Pro daily 日期校验 + 东方财富前复权行情,
600519.SH,贵州茅台,食品饮料,2022-07-13,1743.73,1757.62,1770.73,1739.4,19854,3893406034.0,1.79,0.6,10.48,0.16,1747.14,前复权,TuShare Pro daily 日期校验 + 东方财富前复权行情,
600519.SH,贵州茅台,食品饮料,2022-07-14,1758.73,1751.73,1775.53,1739.73,20527,4014985518.0,2.04,-0.34,-5.89,0.16,1757.62,前复权,TuShare Pro daily 日期校验 + 东方财富前复权行情,
600519.SH,贵州茅台,食品饮料,2022-07-15,1743.84,1748.23,1798.41,1743.24,33416,6588730699.0,3.15,-0.2,-3.5,0.27,1751.73,前复权,TuShare Pro daily 日期校验 + 东方财富前复权行情,
600519.SH,贵州茅台,食品饮料,2022-07-18,1751.09,1750.39,1757.73,1720.73,24221,4701936868.0,2.12,0.12,2.16,0.19,1748.23,前复权,TuShare Pro daily 日期校验 + 东方财富前复权行情,
600519.SH,贵州茅台,食品饮料,2022-07-19,1743.73,1741.83,1750.38,1724.73,21956,4250852886.0,1.47,-0.49,-8.56,0.17,1750.39,前复权,TuShare Pro daily 日期校验 + 东方财富前复权行情,
600519.SH,贵州茅台,食品饮料,2022-07-20,1757.48,1748.83,1768.73,1743.73,18705,3659970961.0,1.44,0.4,7.0,0.15,1741.83,前复权,TuShare Pro daily 日期校验 + 东方财富前复权行情,
600519.SH,贵州茅台,食品饮料,2022-07-21,1741.83,1737.73,1754.63,1733.24,14061,2735503093.0,1.22,-0.63,-11.1,0.11,1748.83,前复权,TuShare Pro daily 日期校验 + 东方财富前复权行情,
600519.SH,贵州茅台,食品饮料,2022-07-22,1747.95,1745.73,1760.73,1733.73,25114,4894378605.0,1.55,0.46,8.0,0.2,1737.73,前复权,TuShare Pro daily 日期校验 + 东方财富前复权行情,
600519.SH,贵州茅台,食品饮料,2022-07-25,1748.24,1743.38,1751.03,1729.73,16912,3285451347.0,1.22,-0.13,-2.35,0.13,1745.73,前复权,TuShare Pro daily 日期校验 + 东方财富前复权行情,
600519.SH,贵州茅台,食品饮料,2022-07-26,1751.72,1748.94,1763.7,1745.75,20685,4041100077.0,1.03,0.32,5.56,0.16,1743.38,前复权,TuShare Pro daily 日期校验 + 东方财富前复权行情,
600519.SH,贵州茅台,食品饮料,2022-07-27,1740.73,1718.33,1746.73,1715.73,21490,4149807166.0,1.77,-1.75,-30.61,0.17,1748.94,前复权,TuShare Pro daily 日期校验 + 东方财富前复权行情,
600519.SH,贵州茅台,食品饮料,2022-07-28,1719.83,1696.73,1736.73,1691.39,34870,6669448409.0,2.64,-1.26,-21.6,0.28,1718.33,前复权,TuShare Pro daily 日期校验 + 东方财富前复权行情,
600519.SH,贵州茅台,食品饮料,2022-07-29,1693.83,1697.17,1717.72,1676.83,37032,7028415881.0,2.41,0.03,0.44,0.29,1696.73,前复权,TuShare Pro daily 日期校验 + 东方财富前复权行情,
600519.SH,贵州茅台,食品饮料,2022-08-01,1688.74,1689.03,1706.73,1679.91,21037,3988198590.0,1.58,-0.48,-8.14,0.17,1697.17,前复权,TuShare Pro daily 日期校验 + 东方财富前复权行情,
600519.SH,贵州茅台,食品饮料,2022-08-02,1678.73,1678.71,1686.71,1656.74,28221,5284516568.0,1.77,-0.61,-10.32,0.22,1689.03,前复权,TuShare Pro daily 日期校验 + 东方财富前复权行情,
600519.SH,贵州茅台,食品饮料,2022-08-03,1688.72,1683.73,1702.73,1675.73,24598,4642442196.0,1.61,0.3,5.02,0.2,1678.71,前复权,TuShare Pro daily 日期校验 + 东方财富前复权行情,
600519.SH,贵州茅台,食品饮料,2022-08-04,1688.73,1714.74,1721.83,1678.86,30357,5797110733.0,2.55,1.84,31.01,0.24,1683.73,前复权,TuShare Pro daily 日期校验 + 东方财富前复权行情,
600519.SH,贵州茅台,食品饮料,2022-08-05,1726.53,1722.69,1733.73,1703.63,20086,3857406327.0,1.76,0.46,7.95,0.16,1714.74,前复权,TuShare Pro daily 日期校验 + 东方财富前复权行情,
600519.SH,贵州茅台,食品饮料,2022-08-08,1713.88,1710.26,1731.61,1706.24,16799,3220702892.0,1.47,-0.72,-12.43,0.13,1722.69,前复权,TuShare Pro daily 日期校验 + 东方财富前复权行情,
600519.SH,贵州茅台,食品饮料,2022-08-09,1710.26,1708.73,1717.72,1703.73,13875,2651800008.0,0.82,-0.09,-1.53,0.11,1710.26,前复权,TuShare Pro daily 日期校验 + 东方财富前复权行情,
600519.SH,贵州茅台,食品饮料,2022-08-10,1708.71,1674.73,1716.73,1663.31,27927,5259452686.0,3.13,-1.99,-34.0,0.22,1708.73,前复权,TuShare Pro daily 日期校验 + 东方财富前复权行情,
600519.SH,贵州茅台,食品饮料,2022-08-11,1684.73,1705.63,1705.73,1676.74,26061,4940834195.0,1.73,1.85,30.9,0.21,1674.73,前复权,TuShare Pro daily 日期校验 + 东方财富前复权行情,
600519.SH,贵州茅台,食品饮料,2022-08-12,1705.63,1726.73,1728.73,1698.73,20260,3882570566.0,1.76,1.24,21.1,0.16,1705.63,前复权,TuShare Pro daily 日期校验 + 东方财富前复权行情,
600519.SH,贵州茅台,食品饮料,2022-08-15,1719.19,1718.62,1738.23,1714.28,19323,3717178491.0,1.39,-0.47,-8.11,0.15,1726.73,前复权,TuShare Pro daily 日期校验 + 东方财富前复权行情,
600519.SH,贵州茅台,食品饮料,2022-08-16,1722.67,1716.57,1732.52,1714.73,14836,2854189586.0,1.04,-0.12,-2.05,0.12,1718.62,前复权,TuShare Pro daily 日期校验 + 东方财富前复权行情,
600519.SH,贵州茅台,食品饮料,2022-08-17,1728.73,1716.73,1728.73,1693.73,18361,3508295541.0,2.04,0.01,0.16,0.15,1716.57,前复权,TuShare Pro daily 日期校验 + 东方财富前复权行情,
600519.SH,贵州茅台,食品饮料,2022-08-18,1706.73,1694.23,1711.81,1679.8,23168,4384060205.0,1.86,-1.31,-22.5,0.18,1716.73,前复权,TuShare Pro daily 日期校验 + 东方财富前复权行情,
600519.SH,贵州茅台,食品饮料,2022-08-19,1696.73,1693.74,1707.08,1686.73,13544,2572000762.0,1.2,-0.03,-0.49,0.11,1694.23,前复权,TuShare Pro daily 日期校验 + 东方财富前复权行情,
600519.SH,贵州茅台,食品饮料,2022-08-22,1683.74,1692.71,1705.73,1680.11,15427,2925285473.0,1.51,-0.06,-1.03,0.12,1693.74,前复权,TuShare Pro daily 日期校验 + 东方财富前复权行情,
600519.SH,贵州茅台,食品饮料,2022-08-23,1697.33,1668.74,1697.33,1665.73,23756,4452538978.0,1.87,-1.42,-23.97,0.19,1692.71,前复权,TuShare Pro daily 日期校验 + 东方财富前复权行情,
600519.SH,贵州茅台,食品饮料,2022-08-24,1668.72,1652.93,1673.96,1649.73,18728,3486382969.0,1.45,-0.95,-15.81,0.15,1668.74,前复权,TuShare Pro daily 日期校验 + 东方财富前复权行情,
600519.SH,贵州茅台,食品饮料,2022-08-25,1657.73,1683.73,1686.73,1652.93,21925,4107597895.0,2.04,1.86,30.8,0.17,1652.93,前复权,TuShare Pro daily 日期校验 + 东方财富前复权行情,
600519.SH,贵州茅台,食品饮料,2022-08-26,1698.73,1696.73,1710.73,1684.73,23142,4397161135.0,1.54,0.77,13.0,0.18,1683.73,前复权,TuShare Pro daily 日期校验 + 东方财富前复权行情,
600519.SH,贵州茅台,食品饮料,2022-08-29,1681.73,1677.55,1698.7,1672.73,13570,2555981192.0,1.53,-1.13,-19.18,0.11,1696.73,前复权,TuShare Pro daily 日期校验 + 东方财富前复权行情,
600519.SH,贵州茅台,食品饮料,2022-08-30,1681.08,1668.73,1683.73,1652.93,18235,3400091358.0,1.84,-0.53,-8.82,0.15,1677.55,前复权,TuShare Pro daily 日期校验 + 东方财富前复权行情,
600519.SH,贵州茅台,食品饮料,2022-08-31,1658.83,1722.73,1724.29,1658.74,44692,8518225337.0,3.93,3.24,54.0,0.36,1668.73,前复权,TuShare Pro daily 日期校验 + 东方财富前复权行情,
600519.SH,贵州茅台,食品饮料,2022-09-01,1710.88,1679.62,1714.73,1679.62,26845,5088658955.0,2.04,-2.5,-43.11,0.21,1722.73,前复权,TuShare Pro daily 日期校验 + 东方财富前复权行情,
600519.SH,贵州茅台,食品饮料,2022-09-02,1688.67,1673.73,1691.69,1664.9,19391,3635162804.0,1.6,-0.35,-5.89,0.15,1679.62,前复权,TuShare Pro daily 日期校验 + 东方财富前复权行情,
600519.SH,贵州茅台,食品饮料,2022-09-05,1661.37,1633.73,1667.73,1618.73,36822,6764549173.0,2.93,-2.39,-40.0,0.29,1673.73,前复权,TuShare Pro daily 日期校验 + 东方财富前复权行情,
600519.SH,贵州茅台,食品饮料,2022-09-06,1634.09,1643.73,1646.93,1623.73,20830,3832086313.0,1.42,0.61,10.0,0.17,1633.73,前复权,TuShare Pro daily 日期校验 + 东方财富前复权行情,
600519.SH,贵州茅台,食品饮料,2022-09-07,1633.76,1616.74,1636.39,1609.74,28306,5151537330.0,1.62,-1.64,-26.99,0.23,1643.73,前复权,TuShare Pro daily 日期校验 + 东方财富前复权行情,
600519.SH,贵州茅台,食品饮料,2022-09-08,1618.73,1613.73,1630.73,1613.73,16591,3026766448.0,1.05,-0.19,-3.01,0.13,1616.74,前复权,TuShare Pro daily 日期校验 + 东方财富前复权行情,
600519.SH,贵州茅台,食品饮料,2022-09-09,1623.73,1643.52,1650.73,1614.73,27090,4991679523.0,2.23,1.85,29.79,0.22,1613.73,前复权,TuShare Pro daily 日期校验 + 东方财富前复权行情,
600519.SH,贵州茅台,食品饮料,2022-09-13,1678.73,1677.73,1687.11,1656.96,28693,5387987148.0,1.83,2.08,34.21,0.23,1643.52,前复权,TuShare Pro daily 日期校验 + 东方财富前复权行情,
600519.SH,贵州茅台,食品饮料,2022-09-14,1662.74,1667.73,1678.73,1661.73,16042,3002693247.0,1.01,-0.6,-10.0,0.13,1677.73,前复权,TuShare Pro daily 日期校验 + 东方财富前复权行情,
600519.SH,贵州茅台,食品饮料,2022-09-15,1668.73,1678.73,1691.85,1668.69,20810,3917954256.0,1.39,0.66,11.0,0.17,1667.73,前复权,TuShare Pro daily 日期校验 + 东方财富前复权行情,
600519.SH,贵州茅台,食品饮料,2022-09-16,1670.53,1657.73,1684.33,1653.84,24121,4501527357.0,1.82,-1.25,-21.0,0.19,1678.73,前复权,TuShare Pro daily 日期校验 + 东方财富前复权行情,
600519.SH,贵州茅台,食品饮料,2022-09-19,1653.73,1670.37,1687.32,1651.61,18584,3479680771.0,2.15,0.76,12.64,0.15,1657.73,前复权,TuShare Pro daily 日期校验 + 东方财富前复权行情,
600519.SH,贵州茅台,食品饮料,2022-09-20,1668.71,1676.73,1683.33,1657.28,14116,2645281859.0,1.56,0.38,6.36,0.11,1670.37,前复权,TuShare Pro daily 日期校验 + 东方财富前复权行情,
600519.SH,贵州茅台,食品饮料,2022-09-21,1675.4,1646.73,1681.73,1646.73,20995,3904096421.0,2.09,-1.79,-30.0,0.17,1676.73,前复权,TuShare Pro daily 日期校验 + 东方财富前复权行情,
600519.SH,贵州茅台,食品饮料,2022-09-22,1638.73,1619.54,1639.75,1615.58,22704,4147900996.0,1.47,-1.65,-27.19,0.18,1646.73,前复权,TuShare Pro daily 日期校验 + 东方财富前复权行情,
600519.SH,贵州茅台,食品饮料,2022-09-23,1619.54,1633.16,1653.73,1619.54,28288,5191904760.0,2.11,0.84,13.62,0.23,1619.54,前复权,TuShare Pro daily 日期校验 + 东方财富前复权行情,
600519.SH,贵州茅台,食品饮料,2022-09-26,1618.73,1661.73,1686.73,1618.71,35135,6566771227.0,4.16,1.75,28.57,0.28,1633.16,前复权,TuShare Pro daily 日期校验 + 东方财富前复权行情,
600519.SH,贵州茅台,食品饮料,2022-09-27,1667.59,1686.73,1695.73,1649.84,28820,5422668135.0,2.76,1.5,25.0,0.23,1661.73,前复权,TuShare Pro daily 日期校验 + 东方财富前复权行情,
600519.SH,贵州茅台,食品饮料,2022-09-28,1679.23,1681.73,1698.13,1672.74,21446,4042506330.0,1.51,-0.3,-5.0,0.17,1686.73,前复权,TuShare Pro daily 日期校验 + 东方财富前复权行情,
600519.SH,贵州茅台,食品饮料,2022-09-29,1696.71,1679.08,1700.91,1669.86,21590,4075515187.0,1.85,-0.16,-2.65,0.17,1681.73,前复权,TuShare Pro daily 日期校验 + 东方财富前复权行情,
600519.SH,贵州茅台,食品饮料,2022-09-30,1697.35,1671.23,1700.72,1664.73,21289,4000917951.0,2.14,-0.47,-7.85,0.17,1679.08,前复权,TuShare Pro daily 日期校验 + 东方财富前复权行情,
600519.SH,贵州茅台,食品饮料,2022-10-10,1688.73,1584.73,1689.73,1578.93,48584,8865386496.0,6.63,-5.18,-86.5,0.39,1671.23,前复权,TuShare Pro daily 日期校验 + 东方财富前复权行情,
600519.SH,贵州茅台,食品饮料,2022-10-11,1587.73,1578.72,1604.73,1558.73,32047,5712249507.0,2.9,-0.38,-6.01,0.26,1584.73,前复权,TuShare Pro daily 日期校验 + 东方财富前复权行情,
600519.SH,贵州茅台,食品饮料,2022-10-12,1572.39,1558.73,1577.73,1506.73,48195,8372252823.0,4.5,-1.27,-19.99,0.38,1578.72,前复权,TuShare Pro daily 日期校验 + 东方财富前复权行情,
600519.SH,贵州茅台,食品饮料,2022-10-13,1519.19,1498.72,1533.73,1495.73,63969,10919727537.0,2.44,-3.85,-60.01,0.51,1558.73,前复权,TuShare Pro daily 日期校验 + 东方财富前复权行情,
600519.SH,贵州茅台,食品饮料,2022-10-14,1508.73,1536.34,1553.73,1500.67,46520,8045032623.0,3.54,2.51,37.62,0.37,1498.72,前复权,TuShare Pro daily 日期校验 + 东方财富前复权行情,
600519.SH,贵州茅台,食品饮料,2022-10-17,1524.73,1517.23,1526.72,1496.53,33550,5740146639.0,1.97,-1.24,-19.11,0.27,1536.34,前复权,TuShare Pro daily 日期校验 + 东方财富前复权行情,
600519.SH,贵州茅台,食品饮料,2022-10-18,1523.73,1504.56,1528.73,1499.73,28083,4800689502.0,1.91,-0.84,-12.67,0.22,1517.23,前复权,TuShare Pro daily 日期校验 + 东方财富前复权行情,
600519.SH,贵州茅台,食品饮料,2022-10-19,1500.71,1446.73,1500.71,1446.73,60121,9997656284.0,3.59,-3.84,-57.83,0.48,1504.56,前复权,TuShare Pro daily 日期校验 + 东方财富前复权行情,
600519.SH,贵州茅台,食品饮料,2022-10-20,1419.73,1442.23,1467.16,1409.73,42778,7020555512.0,3.97,-0.31,-4.5,0.34,1446.73,前复权,TuShare Pro daily 日期校验 + 东方财富前复权行情,
600519.SH,贵州茅台,食品饮料,2022-10-21,1438.73,1422.73,1446.53,1408.73,38907,6317945876.0,2.62,-1.35,-19.5,0.31,1442.23,前复权,TuShare Pro daily 日期校验 + 东方财富前复权行情,
600519.SH,贵州茅台,食品饮料,2022-10-24,1368.73,1300.01,1387.73,1286.74,132098,20217576174.0,7.1,-8.63,-122.72,1.05,1422.73,前复权,TuShare Pro daily 日期校验 + 东方财富前复权行情,
600519.SH,贵州茅台,食品饮料,2022-10-25,1278.15,1278.48,1313.73,1270.73,81362,12136909034.0,3.31,-1.66,-21.53,0.65,1300.01,前复权,TuShare Pro daily 日期校验 + 东方财富前复权行情,
600519.SH,贵州茅台,食品饮料,2022-10-26,1287.53,1262.81,1313.72,1258.73,81781,12120993864.0,4.3,-1.23,-15.67,0.65,1278.48,前复权,TuShare Pro daily 日期校验 + 东方财富前复权行情,
600519.SH,贵州茅台,食品饮料,2022-10-27,1278.73,1199.73,1286.71,1182.58,107106,15258551283.0,8.25,-5.0,-63.08,0.85,1262.81,前复权,TuShare Pro daily 日期校验 + 东方财富前复权行情,
600519.SH,贵州茅台,食品饮料,2022-10-28,1189.5,1158.73,1204.73,1157.44,93143,12823821843.0,3.94,-3.42,-41.0,0.74,1199.73,前复权,TuShare Pro daily 日期校验 + 东方财富前复权行情,
600519.SH,贵州茅台,食品饮料,2022-10-31,1148.73,1148.73,1180.74,1131.73,71847,9758303071.0,4.23,-0.86,-10.0,0.57,1158.73,前复权,TuShare Pro daily 日期校验 + 东方财富前复权行情,
600519.SH,贵州茅台,食品饮料,2022-11-01,1157.73,1260.74,1268.13,1157.73,118766,16859775304.0,9.61,9.75,112.01,0.95,1148.73,前复权,TuShare Pro daily 日期校验 + 东方财富前复权行情,
600519.SH,贵州茅台,食品饮料,2022-11-02,1258.73,1270.69,1304.73,1234.73,79777,11717204099.0,5.55,0.79,9.95,0.64,1260.74,前复权,TuShare Pro daily 日期校验 + 东方财富前复权行情,
600519.SH,贵州茅台,食品饮料,2022-11-03,1242.3,1238.23,1261.23,1226.83,45160,6509550787.0,2.71,-2.55,-32.46,0.36,1270.69,前复权,TuShare Pro daily 日期校验 + 东方财富前复权行情,
600519.SH,贵州茅台,食品饮料,2022-11-04,1236.69,1315.3,1326.5,1236.69,80008,11996968945.0,7.25,6.22,77.07,0.64,1238.23,前复权,TuShare Pro daily 日期校验 + 东方财富前复权行情,
600519.SH,贵州茅台,食品饮料,2022-11-07,1292.78,1305.84,1317.21,1285.32,42698,6414049133.0,2.42,-0.72,-9.46,0.34,1315.3,前复权,TuShare Pro daily 日期校验 + 东方财富前复权行情,
600519.SH,贵州茅台,食品饮料,2022-11-08,1306.73,1283.61,1316.72,1267.69,39325,5842320995.0,3.75,-1.7,-22.23,0.31,1305.84,前复权,TuShare Pro daily 日期校验 + 东方财富前复权行情,
600519.SH,贵州茅台,食品饮料,2022-11-09,1282.68,1258.63,1287.61,1248.73,36090,5276777530.0,3.03,-1.95,-24.98,0.29,1283.61,前复权,TuShare Pro daily 日期校验 + 东方财富前复权行情,
600519.SH,贵州茅台,食品饮料,2022-11-10,1242.73,1273.73,1283.73,1233.88,37720,5518325849.0,3.96,1.2,15.1,0.3,1258.63,前复权,TuShare Pro daily 日期校验 + 东方财富前复权行情,
600519.SH,贵州茅台,食品饮料,2022-11-11,1326.73,1326.88,1343.18,1293.71,73947,11252112275.0,3.88,4.17,53.15,0.59,1273.73,前复权,TuShare Pro daily 日期校验 + 东方财富前复权行情,
600519.SH,贵州茅台,食品饮料,2022-11-14,1342.23,1331.73,1362.26,1326.73,57370,8858049581.0,2.68,0.37,4.85,0.46,1326.88,前复权,TuShare Pro daily 日期校验 + 东方财富前复权行情,
600519.SH,贵州茅台,食品饮料,2022-11-15,1330.73,1386.73,1397.7,1319.73,56318,8858377894.0,5.85,4.13,55.0,0.45,1331.73,前复权,TuShare Pro daily 日期校验 + 东方财富前复权行情,
600519.SH,贵州茅台,食品饮料,2022-11-16,1379.73,1383.98,1396.73,1366.73,26848,4250886805.0,2.16,-0.2,-2.75,0.21,1386.73,前复权,TuShare Pro daily 日期校验 + 东方财富前复权行情,
600519.SH,贵州茅台,食品饮料,2022-11-17,1389.23,1365.73,1395.03,1351.61,30580,4793001162.0,3.14,-1.32,-18.25,0.24,1383.98,前复权,TuShare Pro daily 日期校验 + 东方财富前复权行情,
600519.SH,贵州茅台,食品饮料,2022-11-18,1374.73,1365.86,1382.73,1354.73,23609,3703793426.0,2.05,0.01,0.13,0.19,1365.73,前复权,TuShare Pro daily 日期校验 + 东方财富前复权行情,
600519.SH,贵州茅台,食品饮料,2022-11-21,1340.08,1318.71,1340.08,1297.26,39096,5917086070.0,3.14,-3.45,-47.15,0.31,1365.86,前复权,TuShare Pro daily 日期校验 + 东方财富前复权行情,
600519.SH,贵州茅台,食品饮料,2022-11-22,1316.17,1338.68,1358.47,1314.84,29901,4582790131.0,3.31,1.51,19.97,0.24,1318.71,前复权,TuShare Pro daily 日期校验 + 东方财富前复权行情,
600519.SH,贵州茅台,食品饮料,2022-11-23,1326.73,1347.73,1355.73,1319.77,22177,3428793052.0,2.69,0.68,9.05,0.18,1338.68,前复权,TuShare Pro daily 日期校验 + 东方财富前复权行情,
600519.SH,贵州茅台,食品饮料,2022-11-24,1357.73,1318.72,1367.61,1312.71,27687,4241974248.0,4.07,-2.15,-29.01,0.22,1347.73,前复权,TuShare Pro daily 日期校验 + 东方财富前复权行情,
600519.SH,贵州茅台,食品饮料,2022-11-25,1319.24,1320.74,1330.73,1308.73,18621,2833988373.0,1.67,0.15,2.02,0.15,1318.72,前复权,TuShare Pro daily 日期校验 + 东方财富前复权行情,
600519.SH,贵州茅台,食品饮料,2022-11-28,1283.51,1308.61,1313.73,1249.73,47723,7040991068.0,4.85,-0.92,-12.13,0.38,1320.74,前复权,TuShare Pro daily 日期校验 + 东方财富前复权行情,
600519.SH,贵州茅台,食品饮料,2022-11-29,1368.29,1397.73,1398.73,1349.73,73420,11587859176.0,3.74,6.81,89.12,0.58,1308.61,前复权,TuShare Pro daily 日期校验 + 东方财富前复权行情,
600519.SH,贵州茅台,食品饮料,2022-11-30,1385.85,1397.73,1402.73,1383.73,31497,5019450678.0,1.36,0.0,0.0,0.25,1397.73,前复权,TuShare Pro daily 日期校验 + 东方财富前复权行情,
600519.SH,贵州茅台,食品饮料,2022-12-01,1458.73,1429.53,1478.73,1429.52,51358,8480772923.0,3.52,2.28,31.8,0.41,1397.73,前复权,TuShare Pro daily 日期校验 + 东方财富前复权行情,
600519.SH,贵州茅台,食品饮料,2022-12-02,1433.73,1432.61,1451.72,1419.93,23884,3910860618.0,2.22,0.22,3.08,0.19,1429.53,前复权,TuShare Pro daily 日期校验 + 东方财富前复权行情,
600519.SH,贵州茅台,食品饮料,2022-12-05,1466.73,1463.63,1477.73,1447.73,36127,6018521304.0,2.09,2.17,31.02,0.29,1432.61,前复权,TuShare Pro daily 日期校验 + 东方财富前复权行情,
600519.SH,贵州茅台,食品饮料,2022-12-06,1453.73,1486.73,1525.63,1450.73,44147,7477917194.0,5.12,1.58,23.1,0.35,1463.63,前复权,TuShare Pro daily 日期校验 + 东方财富前复权行情,
600519.SH,贵州茅台,食品饮料,2022-12-07,1476.54,1482.73,1518.73,1468.76,35526,6012253045.0,3.36,-0.27,-4.0,0.28,1486.73,前复权,TuShare Pro daily 日期校验 + 东方财富前复权行情,
600519.SH,贵州茅台,食品饮料,2022-12-08,1480.73,1485.75,1493.73,1463.73,19730,3323420877.0,2.02,0.2,3.02,0.16,1482.73,前复权,TuShare Pro daily 日期校验 + 东方财富前复权行情,
600519.SH,贵州茅台,食品饮料,2022-12-09,1490.73,1528.73,1528.73,1480.73,39215,6716944493.0,3.23,2.89,42.98,0.31,1485.75,前复权,TuShare Pro daily 日期校验 + 东方财富前复权行情,
600519.SH,贵州茅台,食品饮料,2022-12-12,1514.59,1537.75,1564.73,1513.73,34755,6063957619.0,3.34,0.59,9.02,0.28,1528.73,前复权,TuShare Pro daily 日期校验 + 东方财富前复权行情,
600519.SH,贵州茅台,食品饮料,2022-12-13,1535.73,1548.73,1559.42,1528.73,21385,3735089152.0,2.0,0.71,10.98,0.17,1537.75,前复权,TuShare Pro daily 日期校验 + 东方财富前复权行情,
600519.SH,贵州茅台,食品饮料,2022-12-14,1541.73,1569.6,1579.53,1541.73,29098,5141262368.0,2.44,1.35,20.87,0.23,1548.73,前复权,TuShare Pro daily 日期校验 + 东方财富前复权行情,
600519.SH,贵州茅台,食品饮料,2022-12-15,1603.73,1585.72,1614.73,1578.73,30634,5497063390.0,2.29,1.03,16.12,0.24,1569.6,前复权,TuShare Pro daily 日期校验 + 东方财富前复权行情,
600519.SH,贵州茅台,食品饮料,2022-12-16,1571.98,1585.6,1589.73,1541.73,33303,5901587128.0,3.03,-0.01,-0.12,0.27,1585.72,前复权,TuShare Pro daily 日期校验 + 东方财富前复权行情,
600519.SH,贵州茅台,食品饮料,2022-12-19,1597.53,1571.73,1597.53,1558.9,24987,4447236356.0,2.44,-0.87,-13.87,0.2,1585.6,前复权,TuShare Pro daily 日期校验 + 东方财富前复权行情,
600519.SH,贵州茅台,食品饮料,2022-12-20,1564.06,1513.73,1564.06,1481.18,46198,7944120661.0,5.27,-3.69,-58.0,0.37,1571.73,前复权,TuShare Pro daily 日期校验 + 东方财富前复权行情,
600519.SH,贵州茅台,食品饮料,2022-12-21,1522.73,1537.73,1537.73,1516.38,22816,3948926227.0,1.41,1.59,24.0,0.18,1513.73,前复权,TuShare Pro daily 日期校验 + 东方财富前复权行情,
600519.SH,贵州茅台,食品饮料,2022-12-22,1555.43,1566.73,1581.73,1543.73,23175,4093861570.0,2.47,1.89,29.0,0.18,1537.73,前复权,TuShare Pro daily 日期校验 + 东方财富前复权行情,
600519.SH,贵州茅台,食品饮料,2022-12-23,1551.13,1569.73,1580.73,1543.73,17319,3063608409.0,2.36,0.19,3.0,0.14,1566.73,前复权,TuShare Pro daily 日期校验 + 东方财富前复权行情,
600519.SH,贵州茅台,食品饮料,2022-12-26,1569.73,1540.79,1569.73,1533.75,21384,3749121030.0,2.29,-1.84,-28.94,0.17,1569.73,前复权,TuShare Pro daily 日期校验 + 东方财富前复权行情,
600519.SH,贵州茅台,食品饮料,2022-12-27,1558.64,1553.64,1567.79,1546.14,17905,3109270166.0,1.41,0.83,12.85,0.14,1540.79,前复权,TuShare Pro daily 日期校验 + 东方财富前复权行情,
600519.SH,贵州茅台,食品饮料,2022-12-28,1566.52,1553.64,1567.64,1528.65,21438,3699948995.0,2.51,0.0,0.0,0.17,1553.64,前复权,TuShare Pro daily 日期校验 + 东方财富前复权行情,
600519.SH,贵州茅台,食品饮料,2022-12-29,1537.64,1539.64,1547.63,1521.69,22418,3844499655.0,1.67,-0.9,-14.0,0.18,1553.64,前复权,TuShare Pro daily 日期校验 + 东方财富前复权行情,
600519.SH,贵州茅台,食品饮料,2022-12-30,1556.64,1547.64,1573.63,1547.64,25333,4409544297.0,1.69,0.52,8.0,0.2,1539.64,前复权,TuShare Pro daily 日期校验 + 东方财富前复权行情,
600519.SH,贵州茅台,食品饮料,2023-01-03,1551.84,1550.65,1559.07,1526.65,26034,4487760231.0,2.09,0.19,3.01,0.21,1547.64,前复权,TuShare Pro daily 日期校验 + 东方财富前复权行情,
600519.SH,贵州茅台,食品饮料,2023-01-04,1550.64,1545.65,1559.34,1536.64,20416,3523582306.0,1.46,-0.32,-5.0,0.16,1550.65,前复权,TuShare Pro daily 日期校验 + 东方财富前复权行情,
600519.SH,贵州茅台,食品饮料,2023-01-05,1557.64,1621.64,1621.64,1553.64,47943,8541587089.0,4.4,4.92,75.99,0.38,1545.65,前复权,TuShare Pro daily 日期校验 + 东方财富前复权行情,
600519.SH,贵州茅台,食品饮料,2023-01-06,1626.76,1624.41,1632.54,1607.64,24904,4480838898.0,1.54,0.17,2.77,0.2,1621.64,前复权,TuShare Pro daily 日期校验 + 东方财富前复权行情,
600519.SH,贵州茅台,食品饮料,2023-01-09,1655.64,1661.84,1670.62,1628.46,30977,5684181147.0,2.6,2.3,37.43,0.25,1624.41,前复权,TuShare Pro daily 日期校验 + 东方财富前复权行情,
600519.SH,贵州茅台,食品饮料,2023-01-10,1659.7,1675.09,1685.14,1651.14,22732,4204783734.0,2.05,0.8,13.25,0.18,1661.84,前复权,TuShare Pro daily 日期校验 + 东方财富前复权行情,
600519.SH,贵州茅台,食品饮料,2023-01-11,1676.64,1665.59,1680.64,1657.48,22720,4201487773.0,1.38,-0.57,-9.5,0.18,1675.09,前复权,TuShare Pro daily 日期校验 + 东方财富前复权行情,
600519.SH,贵州茅台,食品饮料,2023-01-12,1668.64,1654.64,1676.64,1653.64,17193,3162637136.0,1.38,-0.66,-10.95,0.14,1665.59,前复权,TuShare Pro daily 日期校验 + 东方财富前复权行情,
600519.SH,贵州茅台,食品饮料,2023-01-13,1664.82,1707.64,1708.64,1660.64,31940,5969876222.0,2.9,3.2,53.0,0.25,1654.64,前复权,TuShare Pro daily 日期校验 + 东方财富前复权行情,
600519.SH,贵州茅台,食品饮料,2023-01-16,1706.64,1733.54,1755.64,1701.64,36848,7059982640.0,3.16,1.52,25.9,0.29,1707.64,前复权,TuShare Pro daily 日期校验 + 东方财富前复权行情,
600519.SH,贵州茅台,食品饮料,2023-01-17,1733.8,1728.64,1743.64,1715.64,21299,4068321409.0,1.62,-0.28,-4.9,0.17,1733.54,前复权,TuShare Pro daily 日期校验 + 东方财富前复权行情,
600519.SH,贵州茅台,食品饮料,2023-01-18,1734.64,1713.64,1745.94,1710.64,21063,4008665438.0,2.04,-0.87,-15.0,0.17,1728.64,前复权,TuShare Pro daily 日期校验 + 东方财富前复权行情,
600519.SH,贵州茅台,食品饮料,2023-01-19,1713.14,1700.85,1713.16,1686.64,23439,4401994437.0,1.55,-0.75,-12.79,0.19,1713.64,前复权,TuShare Pro daily 日期校验 + 东方财富前复权行情,
600519.SH,贵州茅台,食品饮料,2023-01-20,1709.83,1680.65,1718.89,1678.64,25609,4807356071.0,2.37,-1.19,-20.2,0.2,1700.85,前复权,TuShare Pro daily 日期校验 + 东方财富前复权行情,
600519.SH,贵州茅台,食品饮料,2023-01-30,1729.64,1708.64,1729.64,1700.64,35923,6799756571.0,1.73,1.67,27.99,0.29,1680.65,前复权,TuShare Pro daily 日期校验 + 东方财富前复权行情,
600519.SH,贵州茅台,食品饮料,2023-01-31,1717.14,1666.4,1720.59,1653.71,32991,6128311548.0,3.91,-2.47,-42.24,0.26,1708.64,前复权,TuShare Pro daily 日期校验 + 东方财富前复权行情,
600519.SH,贵州茅台,食品饮料,2023-02-01,1675.62,1665.61,1679.64,1632.04,33974,6244678925.0,2.86,-0.05,-0.79,0.27,1666.4,前复权,TuShare Pro daily 日期校验 + 东方财富前复权行情,
600519.SH,贵州茅台,食品饮料,2023-02-02,1669.02,1656.75,1679.64,1646.64,29759,5465509510.0,1.98,-0.53,-8.86,0.24,1665.61,前复权,TuShare Pro daily 日期校验 + 东方财富前复权行情,
600519.SH,贵州茅台,食品饮料,2023-02-03,1640.64,1638.64,1646.64,1616.32,34945,6324635031.0,1.83,-1.09,-18.11,0.28,1656.75,前复权,TuShare Pro daily 日期校验 + 东方财富前复权行情,
600519.SH,贵州茅台,食品饮料,2023-02-06,1600.64,1615.64,1615.64,1580.64,42661,7595739044.0,2.14,-1.4,-23.0,0.34,1638.64,前复权,TuShare Pro daily 日期校验 + 东方财富前复权行情,
600519.SH,贵州茅台,食品饮料,2023-02-07,1628.72,1617.64,1629.44,1608.37,24322,4373671735.0,1.3,0.12,2.0,0.19,1615.64,前复权,TuShare Pro daily 日期校验 + 东方财富前复权行情,
600519.SH,贵州茅台,食品饮料,2023-02-08,1620.65,1604.64,1626.61,1595.64,16676,2980574806.0,1.91,-0.8,-13.0,0.13,1617.64,前复权,TuShare Pro daily 日期校验 + 东方财富前复权行情,
600519.SH,贵州茅台,食品饮料,2023-02-09,1598.64,1638.64,1650.39,1595.65,29754,5401399088.0,3.41,2.12,34.0,0.24,1604.64,前复权,TuShare Pro daily 日期校验 + 东方财富前复权行情,
600519.SH,贵州茅台,食品饮料,2023-02-10,1630.74,1630.64,1639.13,1621.69,17985,3253859317.0,1.06,-0.49,-8.0,0.14,1638.64,前复权,TuShare Pro daily 日期校验 + 东方财富前复权行情,
600519.SH,贵州茅台,食品饮料,2023-02-13,1630.64,1676.99,1695.14,1630.64,38147,7058382498.0,3.96,2.84,46.35,0.3,1630.64,前复权,TuShare Pro daily 日期校验 + 东方财富前复权行情,
600519.SH,贵州茅台,食品饮料,2023-02-14,1677.1,1664.43,1678.04,1655.64,19566,3601769574.0,1.34,-0.75,-12.56,0.16,1676.99,前复权,TuShare Pro daily 日期校验 + 东方财富前复权行情,
600519.SH,贵州茅台,食品饮料,2023-02-15,1664.42,1661.64,1675.94,1656.45,18177,3351422211.0,1.17,-0.17,-2.79,0.14,1664.43,前复权,TuShare Pro daily 日期校验 + 东方财富前复权行情,
600519.SH,贵州茅台,食品饮料,2023-02-16,1661.98,1682.46,1707.64,1648.64,33246,6196915130.0,3.55,1.25,20.82,0.26,1661.64,前复权,TuShare Pro daily 日期校验 + 东方财富前复权行情,
600519.SH,贵州茅台,食品饮料,2023-02-17,1670.8,1641.42,1693.64,1640.69,26443,4880328952.0,3.15,-2.44,-41.04,0.21,1682.46,前复权,TuShare Pro daily 日期校验 + 东方财富前复权行情,
600519.SH,贵州茅台,食品饮料,2023-02-20,1641.64,1695.64,1699.44,1637.84,29669,5488800056.0,3.75,3.3,54.22,0.24,1641.42,前复权,TuShare Pro daily 日期校验 + 东方财富前复权行情,
600519.SH,贵州茅台,食品饮料,2023-02-21,1694.64,1687.64,1694.64,1671.64,18751,3491633510.0,1.36,-0.47,-8.0,0.15,1695.64,前复权,TuShare Pro daily 日期校验 + 东方财富前复权行情,
600519.SH,贵州茅台,食品饮料,2023-02-22,1675.65,1656.64,1684.54,1652.44,21869,4031016045.0,1.9,-1.84,-31.0,0.17,1687.64,前复权,TuShare Pro daily 日期校验 + 东方财富前复权行情,
600519.SH,贵州茅台,食品饮料,2023-02-23,1660.64,1638.64,1669.44,1625.89,21881,3983991208.0,2.63,-1.09,-18.0,0.17,1656.64,前复权,TuShare Pro daily 日期校验 + 东方财富前复权行情,
600519.SH,贵州茅台,食品饮料,2023-02-24,1630.75,1608.64,1630.83,1602.82,24635,4415621498.0,1.71,-1.83,-30.0,0.2,1638.64,前复权,TuShare Pro daily 日期校验 + 东方财富前复权行情,
600519.SH,贵州茅台,食品饮料,2023-02-27,1599.14,1631.05,1635.64,1595.66,22065,3978128676.0,2.49,1.39,22.41,0.18,1608.64,前复权,TuShare Pro daily 日期校验 + 东方财富前复权行情,
600519.SH,贵州茅台,食品饮料,2023-02-28,1639.64,1634.38,1642.65,1603.94,23952,4314877096.0,2.37,0.2,3.33,0.19,1631.05,前复权,TuShare Pro daily 日期校验 + 东方财富前复权行情,
600519.SH,贵州茅台,食品饮料,2023-03-01,1633.64,1659.17,1668.64,1623.87,24458,4475592195.0,2.74,1.52,24.79,0.19,1634.38,前复权,TuShare Pro daily 日期校验 + 东方财富前复权行情,
600519.SH,贵州茅台,食品饮料,2023-03-02,1649.64,1648.64,1659.63,1641.74,13144,2405292304.0,1.08,-0.63,-10.53,0.1,1659.17,前复权,TuShare Pro daily 日期校验 + 东方财富前复权行情,
600519.SH,贵州茅台,食品饮料,2023-03-03,1660.41,1638.68,1662.25,1623.12,16198,2946842659.0,2.37,-0.6,-9.96,0.13,1648.64,前复权,TuShare Pro daily 日期校验 + 东方财富前复权行情,
600519.SH,贵州茅台,食品饮料,2023-03-06,1638.82,1627.78,1639.14,1617.41,20646,3730079522.0,1.33,-0.67,-10.9,0.16,1638.68,前复权,TuShare Pro daily 日期校验 + 东方财富前复权行情,
600519.SH,贵州茅台,食品饮料,2023-03-07,1626.62,1608.94,1637.24,1608.64,22785,4101302456.0,1.76,-1.16,-18.84,0.18,1627.78,前复权,TuShare Pro daily 日期校验 + 东方财富前复权行情,
600519.SH,贵州茅台,食品饮料,2023-03-08,1600.66,1591.06,1606.58,1581.76,22764,4035787172.0,1.54,-1.11,-17.88,0.18,1608.94,前复权,TuShare Pro daily 日期校验 + 东方财富前复权行情,
600519.SH,贵州茅台,食品饮料,2023-03-09,1588.64,1590.66,1605.64,1560.64,27612,4881442710.0,2.83,-0.03,-0.4,0.22,1591.06,前复权,TuShare Pro daily 日期校验 + 东方财富前复权行情,
600519.SH,贵州茅台,食品饮料,2023-03-10,1572.21,1570.64,1601.64,1570.64,21161,3725139075.0,1.95,-1.26,-20.02,0.17,1590.66,前复权,TuShare Pro daily 日期校验 + 东方财富前复权行情,
600519.SH,贵州茅台,食品饮料,2023-03-13,1571.64,1582.64,1595.64,1569.64,20560,3626476291.0,1.66,0.76,12.0,0.16,1570.64,前复权,TuShare Pro daily 日期校验 + 东方财富前复权行情,
600519.SH,贵州茅台,食品饮料,2023-03-14,1584.42,1586.64,1600.52,1559.14,23705,4177289027.0,2.61,0.25,4.0,0.19,1582.64,前复权,TuShare Pro daily 日期校验 + 东方财富前复权行情,
600519.SH,贵州茅台,食品饮料,2023-03-15,1599.01,1571.56,1605.52,1570.76,19213,3392698490.0,2.19,-0.95,-15.08,0.15,1586.64,前复权,TuShare Pro daily 日期校验 + 东方财富前复权行情,
600519.SH,贵州茅台,食品饮料,2023-03-16,1560.64,1572.63,1590.64,1559.65,17646,3096791142.0,1.97,0.07,1.07,0.14,1571.56,前复权,TuShare Pro daily 日期校验 + 东方财富前复权行情,
600519.SH,贵州茅台,食品饮料,2023-03-17,1590.64,1562.64,1596.53,1556.64,27023,4744249369.0,2.54,-0.64,-9.99,0.22,1572.63,前复权,TuShare Pro daily 日期校验 + 东方财富前复权行情,
600519.SH,贵州茅台,食品饮料,2023-03-20,1571.64,1550.24,1575.64,1548.64,20491,3557872017.0,1.73,-0.79,-12.4,0.16,1562.64,前复权,TuShare Pro daily 日期校验 + 东方财富前复权行情,
600519.SH,贵州茅台,食品饮料,2023-03-21,1555.64,1595.64,1606.49,1544.61,31142,5491052284.0,3.99,2.93,45.4,0.25,1550.24,前复权,TuShare Pro daily 日期校验 + 东方财富前复权行情,
600519.SH,贵州茅台,食品饮料,2023-03-22,1600.64,1593.99,1613.64,1586.19,15330,2727648674.0,1.72,-0.1,-1.65,0.12,1595.64,前复权,TuShare Pro daily 日期校验 + 东方财富前复权行情,
600519.SH,贵州茅台,食品饮料,2023-03-23,1586.64,1595.5,1611.75,1585.65,17356,3082821551.0,1.64,0.09,1.51,0.14,1593.99,前复权,TuShare Pro daily 日期校验 + 东方财富前复权行情,
600519.SH,贵州茅台,食品饮料,2023-03-24,1589.72,1599.26,1604.24,1586.64,12770,2269649179.0,1.1,0.24,3.76,0.1,1595.5,前复权,TuShare Pro daily 日期校验 + 东方财富前复权行情,
600519.SH,贵州茅台,食品饮料,2023-03-27,1599.24,1588.43,1599.24,1576.64,15296,2700755933.0,1.41,-0.68,-10.83,0.12,1599.26,前复权,TuShare Pro daily 日期校验 + 东方财富前复权行情,
600519.SH,贵州茅台,食品饮料,2023-03-28,1590.64,1602.44,1610.64,1585.66,17261,3073113077.0,1.57,0.88,14.01,0.14,1588.43,前复权,TuShare Pro daily 日期校验 + 东方财富前复权行情,
600519.SH,贵州茅台,食品饮料,2023-03-29,1619.64,1610.64,1620.64,1605.71,15393,2761909333.0,0.93,0.51,8.2,0.12,1602.44,前复权,TuShare Pro daily 日期校验 + 东方财富前复权行情,
600519.SH,贵州茅台,食品饮料,2023-03-30,1613.64,1620.64,1625.64,1599.64,19257,3453573052.0,1.61,0.62,10.0,0.15,1610.64,前复权,TuShare Pro daily 日期校验 + 东方财富前复权行情,
600519.SH,贵州茅台,食品饮料,2023-03-31,1645.64,1640.64,1668.64,1639.64,27446,5024790356.0,1.79,1.23,20.0,0.22,1620.64,前复权,TuShare Pro daily 日期校验 + 东方财富前复权行情,
600519.SH,贵州茅台,食品饮料,2023-04-03,1645.64,1622.71,1648.41,1620.72,21417,3875811673.0,1.69,-1.09,-17.93,0.17,1640.64,前复权,TuShare Pro daily 日期校验 + 东方财富前复权行情,
600519.SH,贵州茅台,食品饮料,2023-04-04,1632.64,1635.23,1635.81,1607.64,20066,3614275263.0,1.74,0.77,12.52,0.16,1622.71,前复权,TuShare Pro daily 日期校验 + 东方财富前复权行情,
600519.SH,贵州茅台,食品饮料,2023-04-06,1625.64,1617.6,1636.54,1608.86,14874,2676251956.0,1.69,-1.08,-17.63,0.12,1635.23,前复权,TuShare Pro daily 日期校验 + 东方财富前复权行情,
600519.SH,贵州茅台,食品饮料,2023-04-07,1615.64,1611.63,1626.65,1608.98,13525,2428160574.0,1.09,-0.37,-5.97,0.11,1617.6,前复权,TuShare Pro daily 日期校验 + 东方财富前复权行情,
600519.SH,贵州茅台,食品饮料,2023-04-10,1611.52,1592.34,1611.52,1564.64,29418,5171150567.0,2.91,-1.2,-19.29,0.23,1611.63,前复权,TuShare Pro daily 日期校验 + 东方财富前复权行情,
600519.SH,贵州茅台,食品饮料,2023-04-11,1613.64,1566.14,1613.64,1564.64,29209,5138854627.0,3.08,-1.65,-26.2,0.23,1592.34,前复权,TuShare Pro daily 日期校验 + 东方财富前复权行情,
600519.SH,贵州茅台,食品饮料,2023-04-12,1567.9,1514.74,1570.64,1513.46,51105,8732657376.0,3.65,-3.28,-51.4,0.41,1566.14,前复权,TuShare Pro daily 日期校验 + 东方财富前复权行情,
600519.SH,贵州茅台,食品饮料,2023-04-13,1510.64,1543.64,1544.23,1504.65,29543,5049310126.0,2.61,1.91,28.9,0.24,1514.74,前复权,TuShare Pro daily 日期校验 + 东方财富前复权行情,
600519.SH,贵州茅台,食品饮料,2023-04-14,1546.64,1534.06,1553.64,1525.44,21232,3646526766.0,1.83,-0.62,-9.58,0.17,1543.64,前复权,TuShare Pro daily 日期校验 + 东方财富前复权行情,
600519.SH,贵州茅台,食品饮料,2023-04-17,1560.64,1573.64,1573.64,1548.64,30467,5303401395.0,1.63,2.58,39.58,0.24,1534.06,前复权,TuShare Pro daily 日期校验 + 东方财富前复权行情,
600519.SH,贵州茅台,食品饮料,2023-04-18,1573.64,1578.64,1589.64,1566.66,18314,3220107647.0,1.46,0.32,5.0,0.15,1573.64,前复权,TuShare Pro daily 日期校验 + 东方财富前复权行情,
600519.SH,贵州茅台,食品饮料,2023-04-19,1582.64,1579.64,1586.14,1570.64,14601,2568632845.0,0.98,0.06,1.0,0.12,1578.64,前复权,TuShare Pro daily 日期校验 + 东方财富前复权行情,
600519.SH,贵州茅台,食品饮料,2023-04-20,1580.75,1562.52,1585.64,1549.64,19885,3468366835.0,2.28,-1.08,-17.12,0.16,1579.64,前复权,TuShare Pro daily 日期校验 + 东方财富前复权行情,
600519.SH,贵州茅台,食品饮料,2023-04-21,1566.64,1546.11,1568.72,1541.92,18518,3210937222.0,1.72,-1.05,-16.41,0.15,1562.52,前复权,TuShare Pro daily 日期校验 + 东方财富前复权行情,
600519.SH,贵州茅台,食品饮料,2023-04-24,1541.64,1525.64,1542.64,1521.64,20231,3456728718.0,1.36,-1.32,-20.47,0.16,1546.11,前复权,TuShare Pro daily 日期校验 + 东方财富前复权行情,
600519.SH,贵州茅台,食品饮料,2023-04-25,1526.64,1551.02,1556.62,1522.64,20583,3534989917.0,2.23,1.66,25.38,0.16,1525.64,前复权,TuShare Pro daily 日期校验 + 东方财富前复权行情,
600519.SH,贵州茅台,食品饮料,2023-04-26,1564.64,1564.55,1581.64,1540.64,27892,4861477657.0,2.64,0.87,13.53,0.22,1551.02,前复权,TuShare Pro daily 日期校验 + 东方财富前复权行情,
600519.SH,贵州茅台,食品饮料,2023-04-27,1568.64,1578.56,1590.64,1550.64,25605,4489906864.0,2.56,0.9,14.01,0.2,1564.55,前复权,TuShare Pro daily 日期校验 + 东方财富前复权行情,
600519.SH,贵州茅台,食品饮料,2023-04-28,1583.65,1581.16,1603.41,1574.61,26225,4636084177.0,1.82,0.16,2.6,0.21,1578.56,前复权,TuShare Pro daily 日期校验 + 东方财富前复权行情,
600519.SH,贵州茅台,食品饮料,2023-05-04,1589.64,1570.54,1598.31,1556.64,27466,4818999650.0,2.64,-0.67,-10.62,0.22,1581.16,前复权,TuShare Pro daily 日期校验 + 东方财富前复权行情,
600519.SH,贵州茅台,食品饮料,2023-05-05,1586.64,1570.64,1586.64,1557.03,20714,3621305973.0,1.89,0.01,0.1,0.16,1570.54,前复权,TuShare Pro daily 日期校验 + 东方财富前复权行情,
600519.SH,贵州茅台,食品饮料,2023-05-08,1588.96,1541.16,1589.64,1537.81,33171,5742915994.0,3.3,-1.88,-29.48,0.26,1570.64,前复权,TuShare Pro daily 日期校验 + 东方财富前复权行情,
600519.SH,贵州茅台,食品饮料,2023-05-09,1535.64,1542.64,1560.62,1527.71,29378,5057346564.0,2.14,0.1,1.48,0.23,1541.16,前复权,TuShare Pro daily 日期校验 + 东方财富前复权行情,
600519.SH,贵州茅台,食品饮料,2023-05-10,1535.83,1545.64,1556.64,1535.64,20773,3588550877.0,1.36,0.19,3.0,0.17,1542.64,前复权,TuShare Pro daily 日期校验 + 东方财富前复权行情,
600519.SH,贵州茅台,食品饮料,2023-05-11,1551.64,1537.71,1555.64,1535.64,15246,2623835905.0,1.29,-0.51,-7.93,0.12,1545.64,前复权,TuShare Pro daily 日期校验 + 东方财富前复权行情,
600519.SH,贵州茅台,食品饮料,2023-05-12,1535.64,1527.04,1550.52,1525.65,19460,3335038590.0,1.62,-0.69,-10.67,0.15,1537.71,前复权,TuShare Pro daily 日期校验 + 东方财富前复权行情,
600519.SH,贵州茅台,食品饮料,2023-05-15,1522.64,1536.94,1537.64,1511.84,25740,4384647977.0,1.69,0.65,9.9,0.2,1527.04,前复权,TuShare Pro daily 日期校验 + 东方财富前复权行情,
600519.SH,贵州茅台,食品饮料,2023-05-16,1534.63,1523.93,1540.63,1517.64,22224,3785811907.0,1.5,-0.85,-13.01,0.18,1536.94,前复权,TuShare Pro daily 日期校验 + 东方财富前复权行情,
600519.SH,贵州茅台,食品饮料,2023-05-17,1528.64,1521.64,1533.64,1519.65,16777,2858697942.0,0.92,-0.15,-2.29,0.13,1523.93,前复权,TuShare Pro daily 日期校验 + 东方财富前复权行情,
600519.SH,贵州茅台,食品饮料,2023-05-18,1525.63,1511.64,1526.04,1510.64,19219,3260170684.0,1.01,-0.66,-10.0,0.15,1521.64,前复权,TuShare Pro daily 日期校验 + 东方财富前复权行情,
600519.SH,贵州茅台,食品饮料,2023-05-19,1491.64,1520.14,1524.97,1476.19,26741,4504022549.0,3.23,0.56,8.5,0.21,1511.64,前复权,TuShare Pro daily 日期校验 + 东方财富前复权行情,
600519.SH,贵州茅台,食品饮料,2023-05-22,1510.65,1566.64,1572.64,1510.64,41284,7165754129.0,4.08,3.06,46.5,0.33,1520.14,前复权,TuShare Pro daily 日期校验 + 东方财富前复权行情,
600519.SH,贵州茅台,食品饮料,2023-05-23,1574.63,1545.19,1574.64,1545.19,16894,2934118394.0,1.88,-1.37,-21.45,0.13,1566.64,前复权,TuShare Pro daily 日期校验 + 东方财富前复权行情,
600519.SH,贵州茅台,食品饮料,2023-05-24,1552.97,1531.54,1554.19,1530.75,18479,3182416491.0,1.52,-0.88,-13.65,0.15,1545.19,前复权,TuShare Pro daily 日期校验 + 东方财富前复权行情,
600519.SH,贵州茅台,食品饮料,2023-05-25,1526.63,1521.64,1530.64,1510.64,22466,3814504093.0,1.31,-0.65,-9.9,0.18,1531.54,前复权,TuShare Pro daily 日期校验 + 东方财富前复权行情,
600519.SH,贵州茅台,食品饮料,2023-05-26,1522.64,1511.2,1525.64,1495.65,18291,3090691546.0,1.97,-0.69,-10.44,0.15,1521.64,前复权,TuShare Pro daily 日期校验 + 东方财富前复权行情,
600519.SH,贵州茅台,食品饮料,2023-05-29,1517.64,1509.64,1518.99,1498.64,17771,2998147159.0,1.35,-0.1,-1.56,0.14,1511.2,前复权,TuShare Pro daily 日期校验 + 东方财富前复权行情,
600519.SH,贵州茅台,食品饮料,2023-05-30,1509.64,1488.93,1519.53,1479.2,26453,4424706688.0,2.67,-1.37,-20.71,0.21,1509.64,前复权,TuShare Pro daily 日期校验 + 东方财富前复权行情,
600519.SH,贵州茅台,食品饮料,2023-05-31,1481.65,1449.54,1486.36,1447.31,36957,6053737281.0,2.62,-2.65,-39.39,0.29,1488.93,前复权,TuShare Pro daily 日期校验 + 东方财富前复权行情,
600519.SH,贵州茅台,食品饮料,2023-06-01,1438.64,1456.56,1495.63,1438.64,28645,4708722933.0,3.93,0.48,7.02,0.23,1449.54,前复权,TuShare Pro daily 日期校验 + 东方财富前复权行情,
600519.SH,贵州茅台,食品饮料,2023-06-02,1465.64,1491.24,1493.79,1456.75,25058,4163116244.0,2.54,2.38,34.68,0.2,1456.56,前复权,TuShare Pro daily 日期校验 + 东方财富前复权行情,
600519.SH,贵州茅台,食品饮料,2023-06-05,1486.8,1485.64,1503.52,1483.64,16201,2704294313.0,1.33,-0.38,-5.6,0.13,1491.24,前复权,TuShare Pro daily 日期校验 + 东方财富前复权行情,
600519.SH,贵州茅台,食品饮料,2023-06-06,1490.64,1487.63,1504.64,1472.19,19914,3326778183.0,2.18,0.13,1.99,0.16,1485.64,前复权,TuShare Pro daily 日期校验 + 东方财富前复权行情,
600519.SH,贵州茅台,食品饮料,2023-06-07,1493.63,1471.54,1499.44,1470.64,17890,2971782064.0,1.94,-1.08,-16.09,0.14,1487.63,前复权,TuShare Pro daily 日期校验 + 东方财富前复权行情,
600519.SH,贵州茅台,食品饮料,2023-06-08,1476.47,1488.64,1495.64,1470.65,14703,2441569677.0,1.7,1.16,17.1,0.12,1471.54,前复权,TuShare Pro daily 日期校验 + 东方财富前复权行情,
600519.SH,贵州茅台,食品饮料,2023-06-09,1492.63,1486.64,1498.61,1486.64,17580,2938014322.0,0.8,-0.13,-2.0,0.14,1488.64,前复权,TuShare Pro daily 日期校验 + 东方财富前复权行情,
600519.SH,贵州茅台,食品饮料,2023-06-12,1486.66,1516.64,1528.64,1482.16,27029,4562308599.0,3.13,2.02,30.0,0.22,1486.64,前复权,TuShare Pro daily 日期校验 + 东方财富前复权行情,
600519.SH,贵州茅台,食品饮料,2023-06-13,1514.52,1519.64,1525.25,1505.64,14663,2485398902.0,1.29,0.2,3.0,0.12,1516.64,前复权,TuShare Pro daily 日期校验 + 东方财富前复权行情,
600519.SH,贵州茅台,食品饮料,2023-06-14,1539.64,1547.52,1554.88,1526.85,31506,5438040356.0,1.84,1.83,27.88,0.25,1519.64,前复权,TuShare Pro daily 日期校验 + 东方财富前复权行情,
600519.SH,贵州茅台,食品饮料,2023-06-15,1550.98,1575.64,1576.29,1543.64,25223,4395900802.0,2.11,1.82,28.12,0.2,1547.52,前复权,TuShare Pro daily 日期校验 + 东方财富前复权行情,
600519.SH,贵州茅台,食品饮料,2023-06-16,1577.64,1618.33,1620.64,1570.74,37918,6742301361.0,3.17,2.71,42.69,0.3,1575.64,前复权,TuShare Pro daily 日期校验 + 东方财富前复权行情,
600519.SH,贵州茅台,食品饮料,2023-06-19,1610.64,1564.64,1618.59,1558.64,31700,5584248725.0,3.7,-3.32,-53.69,0.25,1618.33,前复权,TuShare Pro daily 日期校验 + 东方财富前复权行情,
600519.SH,贵州茅台,食品饮料,2023-06-20,1560.64,1564.1,1585.64,1555.64,20947,3659824529.0,1.92,-0.03,-0.54,0.17,1564.64,前复权,TuShare Pro daily 日期校验 + 东方财富前复权行情,
600519.SH,贵州茅台,食品饮料,2023-06-21,1560.64,1556.47,1577.24,1555.64,17721,3088635934.0,1.38,-0.49,-7.63,0.14,1564.1,前复权,TuShare Pro daily 日期校验 + 东方财富前复权行情,
600519.SH,贵州茅台,食品饮料,2023-06-26,1540.75,1529.64,1550.64,1515.64,23993,4098619510.0,2.25,-1.72,-26.83,0.19,1556.47,前复权,TuShare Pro daily 日期校验 + 东方财富前复权行情,
600519.SH,贵州茅台,食品饮料,2023-06-27,1530.63,1531.69,1540.34,1520.73,15174,2598138744.0,1.28,0.13,2.05,0.12,1529.64,前复权,TuShare Pro daily 日期校验 + 东方财富前复权行情,
600519.SH,贵州茅台,食品饮料,2023-06-28,1533.82,1549.02,1554.64,1531.64,18574,3199294221.0,1.5,1.13,17.33,0.15,1531.69,前复权,TuShare Pro daily 日期校验 + 东方财富前复权行情,
600519.SH,贵州茅台,食品饮料,2023-06-29,1551.64,1534.35,1555.63,1533.65,14231,2446524134.0,1.42,-0.95,-14.67,0.11,1549.02,前复权,TuShare Pro daily 日期校验 + 东方财富前复权行情,
600519.SH,贵州茅台,食品饮料,2023-06-30,1546.55,1537.55,1555.54,1533.03,20459,3472586730.0,1.47,0.21,3.2,0.16,1534.35,前复权,TuShare Pro daily 日期校验 + 东方财富前复权行情,
600519.SH,贵州茅台,食品饮料,2023-07-03,1545.55,1570.65,1571.83,1538.55,19139,3286737792.0,2.16,2.15,33.1,0.15,1537.55,前复权,TuShare Pro daily 日期校验 + 东方财富前复权行情,
600519.SH,贵州茅台,食品饮料,2023-07-04,1570.75,1577.15,1580.99,1564.63,12472,2155553635.0,1.04,0.41,6.5,0.1,1570.65,前复权,TuShare Pro daily 日期校验 + 东方财富前复权行情,
600519.SH,贵州茅台,食品饮料,2023-07-05,1576.55,1561.93,1578.52,1546.55,14745,2523960725.0,2.03,-0.97,-15.22,0.12,1577.15,前复权,TuShare Pro daily 日期校验 + 东方财富前复权行情,
600519.SH,贵州茅台,食品饮料,2023-07-06,1555.71,1549.53,1579.55,1546.55,15141,2589459002.0,2.11,-0.79,-12.4,0.12,1561.93,前复权,TuShare Pro daily 日期校验 + 东方财富前复权行情,
600519.SH,贵州茅台,食品饮料,2023-07-07,1547.55,1536.58,1555.54,1536.55,15167,2571458553.0,1.23,-0.84,-12.95,0.12,1549.53,前复权,TuShare Pro daily 日期校验 + 东方财富前复权行情,
600519.SH,贵州茅台,食品饮料,2023-07-10,1551.55,1547.45,1561.51,1546.55,13477,2298241728.0,0.97,0.71,10.87,0.11,1536.58,前复权,TuShare Pro daily 日期校验 + 东方财富前复权行情,
600519.SH,贵州茅台,食品饮料,2023-07-11,1556.55,1556.55,1561.72,1548.65,12583,2151079270.0,0.84,0.59,9.1,0.1,1547.45,前复权,TuShare Pro daily 日期校验 + 东方财富前复权行情,
600519.SH,贵州茅台,食品饮料,2023-07-12,1559.59,1560.35,1569.55,1557.88,13285,2280785351.0,0.75,0.24,3.8,0.11,1556.55,前复权,TuShare Pro daily 日期校验 + 东方财富前复权行情,
600519.SH,贵州茅台,食品饮料,2023-07-13,1568.54,1584.95,1591.96,1565.56,25807,4479772500.0,1.69,1.58,24.6,0.21,1560.35,前复权,TuShare Pro daily 日期校验 + 东方财富前复权行情,
600519.SH,贵州茅台,食品饮料,2023-07-14,1602.55,1599.55,1605.05,1587.75,18550,3245530255.0,1.09,0.92,14.6,0.15,1584.95,前复权,TuShare Pro daily 日期校验 + 东方财富前复权行情,
600519.SH,贵州茅台,食品饮料,2023-07-17,1597.55,1576.52,1597.55,1573.15,14336,2482069846.0,1.53,-1.44,-23.03,0.11,1599.55,前复权,TuShare Pro daily 日期校验 + 东方财富前复权行情,
600519.SH,贵州茅台,食品饮料,2023-07-18,1580.13,1569.35,1581.06,1567.55,14738,2544005063.0,0.86,-0.45,-7.17,0.12,1576.52,前复权,TuShare Pro daily 日期校验 + 东方财富前复权行情,
600519.SH,贵州茅台,食品饮料,2023-07-19,1561.56,1569.55,1574.55,1560.35,12483,2147704435.0,0.9,0.01,0.2,0.1,1569.35,前复权,TuShare Pro daily 日期校验 + 东方财富前复权行情,
600519.SH,贵州茅台,食品饮料,2023-07-20,1574.54,1570.55,1595.53,1568.55,16693,2897176490.0,1.72,0.06,1.0,0.13,1569.55,前复权,TuShare Pro daily 日期校验 + 东方财富前复权行情,
600519.SH,贵州茅台,食品饮料,2023-07-21,1578.43,1617.85,1619.05,1572.55,39377,6931535726.0,2.96,3.01,47.3,0.31,1570.55,前复权,TuShare Pro daily 日期校验 + 东方财富前复权行情,
600519.SH,贵州茅台,食品饮料,2023-07-24,1597.07,1617.7,1617.7,1597.07,19713,3476648177.0,1.28,-0.01,-0.15,0.16,1617.85,前复权,TuShare Pro daily 日期校验 + 东方财富前复权行情,
600519.SH,贵州茅台,食品饮料,2023-07-25,1646.55,1675.1,1675.43,1646.54,43086,7837450019.0,1.79,3.55,57.4,0.34,1617.7,前复权,TuShare Pro daily 日期校验 + 东方财富前复权行情,
600519.SH,贵州茅台,食品饮料,2023-07-26,1675.1,1675.1,1682.54,1661.63,19611,3580171484.0,1.25,0.0,0.0,0.16,1675.1,前复权,TuShare Pro daily 日期校验 + 东方财富前复权行情,
600519.SH,贵州茅台,食品饮料,2023-07-27,1682.55,1684.58,1701.34,1675.25,20340,3749635290.0,1.56,0.57,9.48,0.16,1675.1,前复权,TuShare Pro daily 日期校验 + 东方财富前复权行情,
600519.SH,贵州茅台,食品饮料,2023-07-28,1678.55,1743.55,1746.55,1674.56,39018,7330314112.0,4.27,3.5,58.97,0.31,1684.58,前复权,TuShare Pro daily 日期校验 + 东方财富前复权行情,
600519.SH,贵州茅台,食品饮料,2023-07-31,1754.55,1727.13,1781.55,1720.55,45379,8615279839.0,3.5,-0.94,-16.42,0.36,1743.55,前复权,TuShare Pro daily 日期校验 + 东方财富前复权行情,
600519.SH,贵州茅台,食品饮料,2023-08-01,1724.56,1735.55,1753.5,1724.44,19231,3635857283.0,1.68,0.49,8.42,0.15,1727.13,前复权,TuShare Pro daily 日期校验 + 东方财富前复权行情,
600519.SH,贵州茅台,食品饮料,2023-08-02,1729.95,1726.55,1736.55,1713.35,18509,3478674239.0,1.34,-0.52,-9.0,0.15,1735.55,前复权,TuShare Pro daily 日期校验 + 东方财富前复权行情,
600519.SH,贵州茅台,食品饮料,2023-08-03,1716.55,1725.02,1736.55,1697.05,21543,4031087705.0,2.29,-0.09,-1.53,0.17,1726.55,前复权,TuShare Pro daily 日期校验 + 东方财富前复权行情,
600519.SH,贵州茅台,食品饮料,2023-08-04,1734.37,1740.02,1753.07,1728.55,24574,4655813751.0,1.42,0.87,15.0,0.2,1725.02,前复权,TuShare Pro daily 日期校验 + 东方财富前复权行情,
600519.SH,贵州茅台,食品饮料,2023-08-07,1727.5,1734.48,1744.55,1717.58,23892,4491893140.0,1.55,-0.32,-5.54,0.19,1740.02,前复权,TuShare Pro daily 日期校验 + 东方财富前复权行情,
600519.SH,贵州茅台,食品饮料,2023-08-08,1726.58,1736.55,1740.26,1710.63,17736,3333559505.0,1.71,0.12,2.07,0.14,1734.48,前复权,TuShare Pro daily 日期校验 + 东方财富前复权行情,
600519.SH,贵州茅台,食品饮料,2023-08-09,1736.55,1736.83,1751.55,1729.51,18523,3506306394.0,1.27,0.02,0.28,0.15,1736.55,前复权,TuShare Pro daily 日期校验 + 东方财富前复权行情,
600519.SH,贵州茅台,食品饮料,2023-08-10,1728.55,1721.55,1735.55,1708.85,18436,3454219140.0,1.54,-0.88,-15.28,0.15,1736.83,前复权,TuShare Pro daily 日期校验 + 东方财富前复权行情,
600519.SH,贵州茅台,食品饮料,2023-08-11,1731.55,1680.55,1731.95,1680.43,26786,4959166751.0,2.99,-2.38,-41.0,0.21,1721.55,前复权,TuShare Pro daily 日期校验 + 东方财富前复权行情,
600519.SH,贵州茅台,食品饮料,2023-08-14,1656.55,1649.55,1671.53,1642.55,23731,4285362053.0,1.72,-1.84,-31.0,0.19,1680.55,前复权,TuShare Pro daily 日期校验 + 东方财富前复权行情,
600519.SH,贵州茅台,食品饮料,2023-08-15,1655.55,1659.53,1664.55,1647.56,14818,2682125119.0,1.03,0.61,9.98,0.12,1649.55,前复权,TuShare Pro daily 日期校验 + 东方财富前复权行情,
600519.SH,贵州茅台,食品饮料,2023-08-16,1654.13,1666.55,1669.9,1652.55,13184,2396261791.0,1.05,0.42,7.02,0.1,1659.53,前复权,TuShare Pro daily 日期校验 + 东方财富前复权行情,
600519.SH,贵州茅台,食品饮料,2023-08-17,1652.63,1674.6,1680.55,1648.1,17290,3141408018.0,1.95,0.48,8.05,0.14,1666.55,前复权,TuShare Pro daily 日期校验 + 东方财富前复权行情,
600519.SH,贵州茅台,食品饮料,2023-08-18,1678.54,1649.14,1681.54,1649.14,17023,3084761577.0,1.93,-1.52,-25.46,0.14,1674.6,前复权,TuShare Pro daily 日期校验 + 东方财富前复权行情,
600519.SH,贵州茅台,食品饮料,2023-08-21,1639.55,1637.55,1660.54,1636.62,18912,3405415645.0,1.45,-0.7,-11.59,0.15,1649.14,前复权,TuShare Pro daily 日期校验 + 东方财富前复权行情,
600519.SH,贵州茅台,食品饮料,2023-08-22,1647.54,1634.55,1649.11,1617.57,26650,4763131152.0,1.93,-0.18,-3.0,0.21,1637.55,前复权,TuShare Pro daily 日期校验 + 东方财富前复权行情,
600519.SH,贵州茅台,食品饮料,2023-08-23,1643.55,1620.55,1646.55,1616.63,19912,3556178584.0,1.83,-0.86,-14.0,0.16,1634.55,前复权,TuShare Pro daily 日期校验 + 东方财富前复权行情,
600519.SH,贵州茅台,食品饮料,2023-08-24,1626.17,1662.85,1674.55,1621.55,26055,4703417600.0,3.27,2.61,42.3,0.21,1620.55,前复权,TuShare Pro daily 日期校验 + 东方财富前复权行情,
600519.SH,贵州茅台,食品饮料,2023-08-25,1655.34,1671.53,1684.32,1652.56,18831,3433296756.0,1.91,0.52,8.68,0.15,1662.85,前复权,TuShare Pro daily 日期校验 + 东方财富前复权行情,
600519.SH,贵州茅台,食品饮料,2023-08-28,1745.13,1681.52,1745.13,1678.43,41052,7633221012.0,3.99,0.6,9.99,0.33,1671.53,前复权,TuShare Pro daily 日期校验 + 东方财富前复权行情,
600519.SH,贵州茅台,食品饮料,2023-08-29,1674.55,1697.88,1715.63,1674.55,28950,5371260173.0,2.44,0.97,16.36,0.23,1681.52,前复权,TuShare Pro daily 日期校验 + 东方财富前复权行情,
600519.SH,贵州茅台,食品饮料,2023-08-30,1714.45,1702.55,1714.55,1690.21,19812,3672570260.0,1.43,0.28,4.67,0.16,1697.88,前复权,TuShare Pro daily 日期校验 + 东方财富前复权行情,
600519.SH,贵州茅台,食品饮料,2023-08-31,1706.55,1693.55,1706.55,1687.56,14820,2738445519.0,1.12,-0.53,-9.0,0.12,1702.55,前复权,TuShare Pro daily 日期校验 + 东方财富前复权行情,
600519.SH,贵州茅台,食品饮料,2023-09-01,1699.38,1697.6,1712.02,1692.58,13145,2438622738.0,1.15,0.24,4.05,0.1,1693.55,前复权,TuShare Pro daily 日期校验 + 东方财富前复权行情,
600519.SH,贵州茅台,食品饮料,2023-09-04,1709.15,1712.55,1726.49,1700.08,23871,4453823216.0,1.56,0.88,14.95,0.19,1697.6,前复权,TuShare Pro daily 日期校验 + 东方财富前复权行情,
600519.SH,贵州茅台,食品饮料,2023-09-05,1714.55,1705.25,1714.55,1703.35,15659,2915625961.0,0.65,-0.43,-7.3,0.12,1712.55,前复权,TuShare Pro daily 日期校验 + 东方财富前复权行情,
600519.SH,贵州茅台,食品饮料,2023-09-06,1704.55,1707.55,1713.21,1695.56,11121,2067605990.0,1.04,0.13,2.3,0.09,1705.25,前复权,TuShare Pro daily 日期校验 + 东方财富前复权行情,
600519.SH,贵州茅台,食品饮料,2023-09-07,1699.15,1684.55,1703.44,1677.74,16982,3128587116.0,1.51,-1.35,-23.0,0.14,1707.55,前复权,TuShare Pro daily 日期校验 + 东方财富前复权行情,
600519.SH,贵州茅台,食品饮料,2023-09-08,1681.49,1665.05,1681.49,1661.5,12212,2224338144.0,1.19,-1.16,-19.5,0.1,1684.55,前复权,TuShare Pro daily 日期校验 + 东方财富前复权行情,
600519.SH,贵州茅台,食品饮料,2023-09-11,1654.55,1668.72,1686.55,1654.55,15926,2902617736.0,1.92,0.22,3.67,0.13,1665.05,前复权,TuShare Pro daily 日期校验 + 东方财富前复权行情,
600519.SH,贵州茅台,食品饮料,2023-09-12,1673.15,1666.51,1673.53,1662.57,12168,2214514112.0,0.66,-0.13,-2.21,0.1,1668.72,前复权,TuShare Pro daily 日期校验 + 东方财富前复权行情,
600519.SH,贵州茅台,食品饮料,2023-09-13,1676.47,1666.46,1676.47,1646.6,19501,3540583633.0,1.79,0.0,-0.05,0.16,1666.51,前复权,TuShare Pro daily 日期校验 + 东方财富前复权行情,
600519.SH,贵州茅台,食品饮料,2023-09-14,1669.08,1665.24,1673.53,1652.55,17505,3180447848.0,1.26,-0.07,-1.22,0.14,1666.46,前复权,TuShare Pro daily 日期校验 + 东方财富前复权行情,
600519.SH,贵州茅台,食品饮料,2023-09-15,1665.55,1628.54,1666.33,1627.85,28431,5105749077.0,2.31,-2.2,-36.7,0.23,1665.24,前复权,TuShare Pro daily 日期校验 + 东方财富前复权行情,
600519.SH,贵州茅台,食品饮料,2023-09-18,1622.86,1675.75,1676.05,1619.55,32559,5905121000.0,3.47,2.9,47.21,0.26,1628.54,前复权,TuShare Pro daily 日期校验 + 东方财富前复权行情,
600519.SH,贵州茅台,食品饮料,2023-09-19,1668.75,1673.49,1675.55,1654.55,14990,2727858953.0,1.25,-0.13,-2.26,0.12,1675.75,前复权,TuShare Pro daily 日期校验 + 东方财富前复权行情,
600519.SH,贵州茅台,食品饮料,2023-09-20,1668.55,1670.55,1676.55,1664.6,12502,2281583949.0,0.71,-0.18,-2.94,0.1,1673.49,前复权,TuShare Pro daily 日期校验 + 东方财富前复权行情,
600519.SH,贵州茅台,食品饮料,2023-09-21,1664.56,1644.94,1668.55,1644.94,19489,3521486755.0,1.41,-1.53,-25.61,0.16,1670.55,前复权,TuShare Pro daily 日期校验 + 东方财富前复权行情,
600519.SH,贵州茅台,食品饮料,2023-09-22,1652.18,1695.55,1696.51,1638.96,34390,6287832575.0,3.5,3.08,50.61,0.27,1644.94,前复权,TuShare Pro daily 日期校验 + 东方财富前复权行情,
600519.SH,贵州茅台,食品饮料,2023-09-25,1694.05,1678.93,1694.55,1673.14,13979,2565773541.0,1.26,-0.98,-16.62,0.11,1695.55,前复权,TuShare Pro daily 日期校验 + 东方财富前复权行情,
600519.SH,贵州茅台,食品饮料,2023-09-26,1674.55,1662.55,1681.43,1659.65,15762,2870852363.0,1.3,-0.98,-16.38,0.13,1678.93,前复权,TuShare Pro daily 日期校验 + 东方财富前复权行情,
600519.SH,贵州茅台,食品饮料,2023-09-27,1661.55,1660.55,1680.05,1649.35,20880,3791876119.0,1.85,-0.12,-2.0,0.17,1662.55,前复权,TuShare Pro daily 日期校验 + 东方财富前复权行情,
600519.SH,贵州茅台,食品饮料,2023-09-28,1671.53,1645.1,1671.53,1644.35,20538,3704812960.0,1.64,-0.93,-15.45,0.16,1660.55,前复权,TuShare Pro daily 日期校验 + 东方财富前复权行情,
600519.SH,贵州茅台,食品饮料,2023-10-09,1643.49,1623.55,1643.49,1611.45,29763,5279950406.0,1.95,-1.31,-21.55,0.24,1645.1,前复权,TuShare Pro daily 日期校验 + 东方财富前复权行情,
600519.SH,贵州茅台,食品饮料,2023-10-10,1629.44,1616.55,1645.53,1614.55,20284,3615557182.0,1.91,-0.43,-7.0,0.16,1623.55,前复权,TuShare Pro daily 日期校验 + 东方财富前复权行情,
600519.SH,贵州茅台,食品饮料,2023-10-11,1631.2,1625.05,1631.2,1614.55,21945,3896568648.0,1.03,0.53,8.5,0.17,1616.55,前复权,TuShare Pro daily 日期校验 + 东方财富前复权行情,
600519.SH,贵州茅台,食品饮料,2023-10-12,1644.45,1632.55,1644.78,1623.75,14865,2657095942.0,1.29,0.46,7.5,0.12,1625.05,前复权,TuShare Pro daily 日期校验 + 东方财富前复权行情,
600519.SH,贵州茅台,食品饮料,2023-10-13,1617.43,1597.55,1624.56,1584.74,25028,4387687934.0,2.44,-2.14,-35.0,0.2,1632.55,前复权,TuShare Pro daily 日期校验 + 东方财富前复权行情,
600519.SH,贵州茅台,食品饮料,2023-10-16,1597.53,1576.45,1602.55,1569.0,20790,3603604610.0,2.1,-1.32,-21.1,0.17,1597.55,前复权,TuShare Pro daily 日期校验 + 东方财富前复权行情,
600519.SH,贵州茅台,食品饮料,2023-10-17,1585.55,1572.55,1585.99,1562.55,14945,2577312288.0,1.49,-0.25,-3.9,0.12,1576.45,前复权,TuShare Pro daily 日期校验 + 东方财富前复权行情,
600519.SH,贵州茅台,食品饮料,2023-10-18,1565.35,1574.55,1588.55,1563.73,20318,3511987514.0,1.58,0.13,2.0,0.16,1572.55,前复权,TuShare Pro daily 日期校验 + 东方财富前复权行情,
600519.SH,贵州茅台,食品饮料,2023-10-19,1546.55,1476.55,1546.58,1472.58,73492,12146921769.0,4.7,-6.22,-98.0,0.59,1574.55,前复权,TuShare Pro daily 日期校验 + 东方财富前复权行情,
600519.SH,贵州茅台,食品饮料,2023-10-20,1476.55,1491.55,1501.55,1462.8,45376,7421390806.0,2.62,1.02,15.0,0.36,1476.55,前复权,TuShare Pro daily 日期校验 + 东方财富前复权行情,
600519.SH,贵州茅台,食品饮料,2023-10-23,1476.52,1490.53,1506.55,1468.15,25234,4138279588.0,2.57,-0.07,-1.02,0.2,1491.55,前复权,TuShare Pro daily 日期校验 + 东方财富前复权行情,
600519.SH,贵州茅台,食品饮料,2023-10-24,1494.55,1489.5,1499.91,1467.76,29861,4894807617.0,2.16,-0.07,-1.03,0.24,1490.53,前复权,TuShare Pro daily 日期校验 + 东方财富前复权行情,
600519.SH,贵州茅台,食品饮料,2023-10-25,1516.66,1524.05,1544.55,1513.57,36179,6075417064.0,2.08,2.32,34.55,0.29,1489.5,前复权,TuShare Pro daily 日期校验 + 东方财富前复权行情,
600519.SH,贵州茅台,食品饮料,2023-10-26,1513.55,1518.78,1534.55,1508.56,22386,3741418874.0,1.71,-0.35,-5.27,0.18,1524.05,前复权,TuShare Pro daily 日期校验 + 东方财富前复权行情,
600519.SH,贵州茅台,食品饮料,2023-10-27,1510.55,1523.26,1538.43,1507.15,34262,5754795486.0,2.06,0.29,4.48,0.27,1518.78,前复权,TuShare Pro daily 日期校验 + 东方财富前复权行情,
600519.SH,贵州茅台,食品饮料,2023-10-30,1515.55,1527.55,1535.43,1515.55,24086,4050573178.0,1.31,0.28,4.29,0.19,1523.26,前复权,TuShare Pro daily 日期校验 + 东方财富前复权行情,
600519.SH,贵州茅台,食品饮料,2023-10-31,1526.55,1531.13,1536.55,1514.4,19859,3335804699.0,1.45,0.23,3.58,0.16,1527.55,前复权,TuShare Pro daily 日期校验 + 东方财富前复权行情,
600519.SH,贵州茅台,食品饮料,2023-11-01,1696.55,1627.54,1696.55,1620.34,93143,16747292689.0,4.98,6.3,96.41,0.74,1531.13,前复权,TuShare Pro daily 日期校验 + 东方财富前复权行情,
600519.SH,贵州茅台,食品饮料,2023-11-02,1641.55,1626.05,1641.55,1622.61,27908,4982090753.0,1.16,-0.09,-1.49,0.22,1627.54,前复权,TuShare Pro daily 日期校验 + 东方财富前复权行情,
600519.SH,贵州茅台,食品饮料,2023-11-03,1626.55,1657.79,1661.44,1620.55,30176,5433116881.0,2.51,1.95,31.74,0.24,1626.05,前复权,TuShare Pro daily 日期校验 + 东方财富前复权行情,
600519.SH,贵州茅台,食品饮料,2023-11-06,1666.55,1658.55,1670.34,1647.67,25524,4624102375.0,1.37,0.05,0.76,0.2,1657.79,前复权,TuShare Pro daily 日期校验 + 东方财富前复权行情,
600519.SH,贵州茅台,食品饮料,2023-11-07,1651.55,1637.72,1656.55,1630.63,19582,3511590028.0,1.56,-1.26,-20.83,0.16,1658.55,前复权,TuShare Pro daily 日期校验 + 东方财富前复权行情,
600519.SH,贵州茅台,食品饮料,2023-11-08,1630.6,1644.89,1650.35,1629.42,14546,2610041959.0,1.28,0.44,7.17,0.12,1637.72,前复权,TuShare Pro daily 日期校验 + 东方财富前复权行情,
600519.SH,贵州茅台,食品饮料,2023-11-09,1636.66,1640.66,1645.55,1629.55,12800,2291996819.0,0.97,-0.26,-4.23,0.1,1644.89,前复权,TuShare Pro daily 日期校验 + 东方财富前复权行情,
600519.SH,贵州茅台,食品饮料,2023-11-10,1627.1,1622.39,1634.55,1619.65,16466,2928380668.0,0.91,-1.11,-18.27,0.13,1640.66,前复权,TuShare Pro daily 日期校验 + 东方财富前复权行情,
600519.SH,贵州茅台,食品饮料,2023-11-13,1618.83,1610.55,1631.43,1603.53,18370,3244573621.0,1.72,-0.73,-11.84,0.15,1622.39,前复权,TuShare Pro daily 日期校验 + 东方财富前复权行情,
600519.SH,贵州茅台,食品饮料,2023-11-14,1610.55,1611.82,1621.54,1606.56,12817,2263963957.0,0.93,0.08,1.27,0.1,1610.55,前复权,TuShare Pro daily 日期校验 + 东方财富前复权行情,
600519.SH,贵州茅台,食品饮料,2023-11-15,1625.55,1619.48,1629.44,1613.55,18435,3271230275.0,0.99,0.48,7.66,0.15,1611.82,前复权,TuShare Pro daily 日期校验 + 东方财富前复权行情,
600519.SH,贵州茅台,食品饮料,2023-11-16,1620.55,1606.6,1622.55,1606.6,12558,2215937273.0,0.98,-0.8,-12.88,0.1,1619.48,前复权,TuShare Pro daily 日期校验 + 东方财富前复权行情,
600519.SH,贵州茅台,食品饮料,2023-11-17,1598.55,1599.97,1605.55,1584.45,21714,3793781119.0,1.31,-0.41,-6.63,0.17,1606.6,前复权,TuShare Pro daily 日期校验 + 东方财富前复权行情,
600519.SH,贵州茅台,食品饮料,2023-11-20,1601.55,1609.05,1616.05,1583.21,18608,3265514010.0,2.05,0.57,9.08,0.15,1599.97,前复权,TuShare Pro daily 日期校验 + 东方财富前复权行情,
600519.SH,贵州茅台,食品饮料,2023-11-21,1629.97,1636.55,1644.55,1616.65,30098,5383107810.0,1.73,1.71,27.5,0.24,1609.05,前复权,TuShare Pro daily 日期校验 + 东方财富前复权行情,
600519.SH,贵州茅台,食品饮料,2023-11-22,1629.85,1628.06,1640.9,1627.09,12665,2263460167.0,0.84,-0.52,-8.49,0.1,1636.55,前复权,TuShare Pro daily 日期校验 + 东方财富前复权行情,
600519.SH,贵州茅台,食品饮料,2023-11-23,1624.85,1632.55,1634.55,1617.55,11550,2055272193.0,1.04,0.28,4.49,0.09,1628.06,前复权,TuShare Pro daily 日期校验 + 东方财富前复权行情,
600519.SH,贵州茅台,食品饮料,2023-11-24,1635.55,1623.55,1635.55,1621.55,13085,2329345658.0,0.86,-0.55,-9.0,0.1,1632.55,前复权,TuShare Pro daily 日期校验 + 东方财富前复权行情,
600519.SH,贵州茅台,食品饮料,2023-11-27,1619.85,1609.55,1619.85,1601.55,16261,2865075217.0,1.13,-0.86,-14.0,0.13,1623.55,前复权,TuShare Pro daily 日期校验 + 东方财富前复权行情,
600519.SH,贵州茅台,食品饮料,2023-11-28,1607.55,1615.59,1620.43,1604.55,14520,2562905659.0,0.99,0.38,6.04,0.12,1609.55,前复权,TuShare Pro daily 日期校验 + 东方财富前复权行情,
600519.SH,贵州茅台,食品饮料,2023-11-29,1614.55,1621.26,1622.55,1604.55,17149,3034175614.0,1.11,0.35,5.67,0.14,1615.59,前复权,TuShare Pro daily 日期校验 + 东方财富前复权行情,
600519.SH,贵州茅台,食品饮料,2023-11-30,1623.27,1638.05,1641.31,1617.63,21353,3817513545.0,1.46,1.04,16.79,0.17,1621.26,前复权,TuShare Pro daily 日期校验 + 东方财富前复权行情,
600519.SH,贵州茅台,食品饮料,2023-12-01,1635.86,1606.83,1636.25,1594.55,33051,5830850111.0,2.55,-1.91,-31.22,0.26,1638.05,前复权,TuShare Pro daily 日期校验 + 东方财富前复权行情,
600519.SH,贵州茅台,食品饮料,2023-12-04,1606.83,1597.26,1608.38,1591.83,18440,3233102118.0,1.03,-0.6,-9.57,0.15,1606.83,前复权,TuShare Pro daily 日期校验 + 东方财富前复权行情,
600519.SH,贵州茅台,食品饮料,2023-12-05,1595.33,1555.55,1595.43,1554.57,29903,5168983317.0,2.56,-2.61,-41.71,0.24,1597.26,前复权,TuShare Pro daily 日期校验 + 东方财富前复权行情,
600519.SH,贵州茅台,食品饮料,2023-12-06,1549.18,1549.55,1566.02,1547.68,23851,4078003022.0,1.18,-0.39,-6.0,0.19,1555.55,前复权,TuShare Pro daily 日期校验 + 东方财富前复权行情,
600519.SH,贵州茅台,食品饮料,2023-12-07,1550.55,1546.55,1555.63,1533.85,25042,4249170906.0,1.41,-0.19,-3.0,0.2,1549.55,前复权,TuShare Pro daily 日期校验 + 东方财富前复权行情,
600519.SH,贵州茅台,食品饮料,2023-12-08,1546.55,1551.47,1555.39,1538.77,26288,4474160126.0,1.07,0.32,4.92,0.21,1546.55,前复权,TuShare Pro daily 日期校验 + 东方财富前复权行情,
600519.SH,贵州茅台,食品饮料,2023-12-11,1536.55,1544.55,1550.55,1503.55,36831,6172810248.0,3.03,-0.45,-6.92,0.29,1551.47,前复权,TuShare Pro daily 日期校验 + 东方财富前复权行情,
600519.SH,贵州茅台,食品饮料,2023-12-12,1534.15,1556.54,1556.54,1530.55,21011,3564305866.0,1.68,0.78,11.99,0.17,1544.55,前复权,TuShare Pro daily 日期校验 + 东方财富前复权行情,
600519.SH,贵州茅台,食品饮料,2023-12-13,1551.77,1506.55,1552.27,1503.63,38789,6480807500.0,3.12,-3.21,-49.99,0.31,1556.54,前复权,TuShare Pro daily 日期校验 + 东方财富前复权行情,
600519.SH,贵州茅台,食品饮料,2023-12-14,1512.51,1482.45,1516.42,1481.57,40672,6703240107.0,2.31,-1.6,-24.1,0.32,1506.55,前复权,TuShare Pro daily 日期校验 + 东方财富前复权行情,
600519.SH,贵州茅台,食品饮料,2023-12-15,1494.78,1491.55,1524.32,1490.56,37093,6140791726.0,2.28,0.61,9.1,0.3,1482.45,前复权,TuShare Pro daily 日期校验 + 东方财富前复权行情,
600519.SH,贵州茅台,食品饮料,2023-12-18,1486.55,1508.55,1509.88,1481.55,19897,3292194757.0,1.9,1.14,17.0,0.16,1491.55,前复权,TuShare Pro daily 日期校验 + 东方财富前复权行情,
600519.SH,贵州茅台,食品饮料,2023-12-19,1511.55,1521.55,1526.42,1491.64,22207,3706057587.0,2.31,0.86,13.0,0.18,1508.55,前复权,TuShare Pro daily 日期校验 + 东方财富前复权行情,
600519.SH,贵州茅台,食品饮料,2023-12-20,1523.66,1515.45,1525.66,1508.66,23092,3816133219.0,1.12,-0.4,-6.1,0.18,1521.55,前复权,TuShare Pro daily 日期校验 + 东方财富前复权行情,
600519.SH,贵州茅台,食品饮料,2023-12-21,1505.67,1535.66,1537.98,1505.67,29012,4827827888.0,2.13,1.33,20.21,0.23,1515.45,前复权,TuShare Pro daily 日期校验 + 东方财富前复权行情,
600519.SH,贵州茅台,食品饮料,2023-12-22,1535.36,1536.31,1544.76,1523.67,21667,3613238325.0,1.37,0.04,0.65,0.17,1535.66,前复权,TuShare Pro daily 日期校验 + 东方财富前复权行情,
600519.SH,贵州茅台,食品饮料,2023-12-25,1536.66,1537.66,1544.26,1533.66,12471,2086014390.0,0.69,0.09,1.35,0.1,1536.31,前复权,TuShare Pro daily 日期校验 + 东方财富前复权行情,
600519.SH,贵州茅台,食品饮料,2023-12-26,1538.16,1535.66,1540.56,1523.16,14771,2457177339.0,1.13,-0.13,-2.0,0.12,1537.66,前复权,TuShare Pro daily 日期校验 + 东方财富前复权行情,
600519.SH,贵州茅台,食品饮料,2023-12-27,1533.66,1532.72,1542.81,1526.66,16056,2679221365.0,1.05,-0.19,-2.94,0.13,1535.66,前复权,TuShare Pro daily 日期校验 + 东方财富前复权行情,
600519.SH,贵州茅台,食品饮料,2023-12-28,1536.65,1590.65,1593.65,1532.72,38338,6537401380.0,3.98,3.78,57.93,0.31,1532.72,前复权,TuShare Pro daily 日期校验 + 东方财富前复权行情,
600519.SH,贵州茅台,食品饮料,2023-12-29,1585.66,1591.66,1615.24,1585.66,27539,4768857531.0,1.86,0.06,1.01,0.22,1590.65,前复权,TuShare Pro daily 日期校验 + 东方财富前复权行情,
600519.SH,贵州茅台,食品饮料,2024-01-02,1580.66,1550.67,1583.85,1543.76,32156,5440082548.0,2.52,-2.58,-40.99,0.26,1591.66,前复权,TuShare Pro daily 日期校验 + 东方财富前复权行情,
600519.SH,贵州茅台,食品饮料,2024-01-03,1546.77,1559.66,1560.88,1541.99,20229,3411400667.0,1.22,0.58,8.99,0.16,1550.67,前复权,TuShare Pro daily 日期校验 + 东方财富前复权行情,
600519.SH,贵州茅台,食品饮料,2024-01-04,1558.66,1534.66,1558.66,1528.59,21551,3603970147.0,1.93,-1.6,-25.0,0.17,1559.66,前复权,TuShare Pro daily 日期校验 + 东方财富前复权行情,
600519.SH,贵州茅台,食品饮料,2024-01-05,1526.99,1529.02,1544.32,1517.77,20243,3373155627.0,1.73,-0.37,-5.64,0.16,1534.66,前复权,TuShare Pro daily 日期校验 + 东方财富前复权行情,
600519.SH,贵州茅台,食品饮料,2024-01-08,1526.66,1509.65,1527.66,1505.67,25586,4211918629.0,1.44,-1.27,-19.37,0.2,1529.02,前复权,TuShare Pro daily 日期校验 + 东方财富前复权行情,
600519.SH,贵州茅台,食品饮料,2024-01-09,1506.67,1506.66,1517.98,1500.73,24412,4009826496.0,1.14,-0.2,-2.99,0.19,1509.65,前复权,TuShare Pro daily 日期校验 + 东方财富前复权行情,
600519.SH,贵州茅台,食品饮料,2024-01-10,1506.76,1507.16,1525.12,1503.66,17351,2856120718.0,1.42,0.03,0.5,0.14,1506.66,前复权,TuShare Pro daily 日期校验 + 东方财富前复权行情,
600519.SH,贵州茅台,食品饮料,2024-01-11,1505.76,1512.23,1523.6,1503.72,16441,2708764500.0,1.32,0.34,5.07,0.13,1507.16,前复权,TuShare Pro daily 日期校验 + 东方财富前复权行情,
600519.SH,贵州茅台,食品饮料,2024-01-12,1505.63,1508.72,1516.92,1505.06,11603,1908084612.0,0.78,-0.23,-3.51,0.09,1512.23,前复权,TuShare Pro daily 日期校验 + 东方财富前复权行情,
600519.SH,贵州茅台,食品饮料,2024-01-15,1500.66,1505.66,1520.63,1500.11,17854,2931202343.0,1.36,-0.2,-3.06,0.14,1508.72,前复权,TuShare Pro daily 日期校验 + 东方财富前复权行情,
600519.SH,贵州茅台,食品饮料,2024-01-16,1504.16,1505.09,1512.66,1490.6,25903,4236042960.0,1.47,-0.04,-0.57,0.21,1505.66,前复权,TuShare Pro daily 日期校验 + 东方财富前复权行情,
600519.SH,贵州茅台,食品饮料,2024-01-17,1495.66,1442.66,1501.14,1442.66,51633,8251735591.0,3.89,-4.15,-62.43,0.41,1505.09,前复权,TuShare Pro daily 日期校验 + 东方财富前复权行情,
600519.SH,贵州茅台,食品饮料,2024-01-18,1439.66,1476.53,1478.46,1421.21,60440,9566349514.0,3.97,2.35,33.87,0.48,1442.66,前复权,TuShare Pro daily 日期校验 + 东方财富前复权行情,
600519.SH,贵州茅台,食品饮料,2024-01-19,1474.53,1500.66,1503.67,1466.54,46378,7550144389.0,2.51,1.63,24.13,0.37,1476.53,前复权,TuShare Pro daily 日期校验 + 东方财富前复权行情,
600519.SH,贵州茅台,食品饮料,2024-01-22,1494.66,1507.66,1508.66,1484.54,46946,7678297836.0,1.61,0.47,7.0,0.37,1500.66,前复权,TuShare Pro daily 日期校验 + 东方财富前复权行情,
600519.SH,贵州茅台,食品饮料,2024-01-23,1497.67,1484.66,1505.61,1474.66,34835,5659457115.0,2.05,-1.53,-23.0,0.28,1507.66,前复权,TuShare Pro daily 日期校验 + 东方财富前复权行情,
600519.SH,贵州茅台,食品饮料,2024-01-24,1494.66,1491.66,1499.5,1469.22,33216,5373603703.0,2.04,0.47,7.0,0.26,1484.66,前复权,TuShare Pro daily 日期校验 + 东方财富前复权行情,
600519.SH,贵州茅台,食品饮料,2024-01-25,1492.48,1503.66,1506.66,1487.66,31206,5094508165.0,1.27,0.8,12.0,0.25,1491.66,前复权,TuShare Pro daily 日期校验 + 东方财富前复权行情,
600519.SH,贵州茅台,食品饮料,2024-01-26,1496.02,1502.98,1509.76,1488.66,26955,4402111882.0,1.4,-0.05,-0.68,0.21,1503.66,前复权,TuShare Pro daily 日期校验 + 东方财富前复权行情,
600519.SH,贵州茅台,食品饮料,2024-01-29,1505.96,1515.66,1526.24,1505.95,31421,5189014946.0,1.35,0.84,12.68,0.25,1502.98,前复权,TuShare Pro daily 日期校验 + 东方财富前复权行情,
600519.SH,贵州茅台,食品饮料,2024-01-30,1515.64,1478.66,1515.64,1475.66,30866,5010784454.0,2.64,-2.44,-37.0,0.25,1515.66,前复权,TuShare Pro daily 日期校验 + 东方财富前复权行情,
600519.SH,贵州茅台,食品饮料,2024-01-31,1478.66,1470.57,1485.63,1463.79,29649,4770104891.0,1.48,-0.55,-8.09,0.24,1478.66,前复权,TuShare Pro daily 日期校验 + 东方财富前复权行情,
600519.SH,贵州茅台,食品饮料,2024-02-01,1471.16,1475.69,1489.55,1466.66,26485,4272298576.0,1.56,0.35,5.12,0.21,1470.57,前复权,TuShare Pro daily 日期校验 + 东方财富前复权行情,
600519.SH,贵州茅台,食品饮料,2024-02-02,1480.66,1461.66,1493.44,1446.66,39382,6336691194.0,3.17,-0.95,-14.03,0.31,1475.69,前复权,TuShare Pro daily 日期校验 + 东方财富前复权行情,
600519.SH,贵州茅台,食品饮料,2024-02-05,1461.66,1495.67,1503.1,1460.91,53130,8590683071.0,2.89,2.33,34.01,0.42,1461.66,前复权,TuShare Pro daily 日期校验 + 东方财富前复权行情,
600519.SH,贵州茅台,食品饮料,2024-02-06,1495.67,1541.66,1551.14,1491.76,52472,8740646588.0,3.97,3.07,45.99,0.42,1495.67,前复权,TuShare Pro daily 日期校验 + 东方财富前复权行情,
600519.SH,贵州茅台,食品饮料,2024-02-07,1546.69,1576.65,1580.25,1527.27,52601,8899606867.0,3.44,2.27,34.99,0.42,1541.66,前复权,TuShare Pro daily 日期校验 + 东方财富前复权行情,
600519.SH,贵州茅台,食品饮料,2024-02-08,1585.67,1571.66,1590.66,1550.66,46757,7953438044.0,2.54,-0.32,-4.99,0.37,1576.65,前复权,TuShare Pro daily 日期校验 + 东方财富前复权行情,
600519.SH,贵州茅台,食品饮料,2024-02-19,1603.53,1561.09,1603.59,1553.66,36977,6288277980.0,3.18,-0.67,-10.57,0.29,1571.66,前复权,TuShare Pro daily 日期校验 + 东方财富前复权行情,
600519.SH,贵州茅台,食品饮料,2024-02-20,1563.02,1535.66,1563.02,1522.22,34470,5755266893.0,2.61,-1.63,-25.43,0.27,1561.09,前复权,TuShare Pro daily 日期校验 + 东方财富前复权行情,
600519.SH,贵州茅台,食品饮料,2024-02-21,1531.68,1583.32,1596.66,1527.66,46154,7868784082.0,4.49,3.1,47.66,0.37,1535.66,前复权,TuShare Pro daily 日期校验 + 东方财富前复权行情,
600519.SH,贵州茅台,食品饮料,2024-02-22,1573.16,1584.04,1588.67,1566.19,22794,3905984695.0,1.42,0.05,0.72,0.18,1583.32,前复权,TuShare Pro daily 日期校验 + 东方财富前复权行情,
600519.SH,贵州茅台,食品饮料,2024-02-23,1576.77,1579.75,1590.04,1565.68,27306,4670706950.0,1.54,-0.27,-4.29,0.22,1584.04,前复权,TuShare Pro daily 日期校验 + 东方财富前复权行情,
600519.SH,贵州茅台,食品饮料,2024-02-26,1573.66,1560.64,1574.4,1550.68,27318,4625594409.0,1.5,-1.21,-19.11,0.22,1579.75,前复权,TuShare Pro daily 日期校验 + 东方财富前复权行情,
600519.SH,贵州茅台,食品饮料,2024-02-27,1548.66,1555.16,1558.58,1543.66,22080,3718478358.0,0.96,-0.35,-5.48,0.18,1560.64,前复权,TuShare Pro daily 日期校验 + 东方财富前复权行情,
600519.SH,贵州茅台,食品饮料,2024-02-28,1554.58,1547.21,1562.23,1539.67,31867,5371312847.0,1.45,-0.51,-7.95,0.25,1555.16,前复权,TuShare Pro daily 日期校验 + 东方财富前复权行情,
600519.SH,贵州茅台,食品饮料,2024-02-29,1547.21,1560.66,1562.16,1544.86,24758,4184917973.0,1.12,0.87,13.45,0.2,1547.21,前复权,TuShare Pro daily 日期校验 + 东方财富前复权行情,
600519.SH,贵州茅台,食品饮料,2024-03-01,1555.66,1550.72,1560.63,1542.34,26868,4526845398.0,1.17,-0.64,-9.94,0.21,1560.66,前复权,TuShare Pro daily 日期校验 + 东方财富前复权行情,
600519.SH,贵州茅台,食品饮料,2024-03-04,1544.66,1541.96,1546.65,1535.71,26485,4434401015.0,0.71,-0.56,-8.76,0.21,1550.72,前复权,TuShare Pro daily 日期校验 + 东方财富前复权行情,
600519.SH,贵州茅台,食品饮料,2024-03-05,1536.47,1560.76,1562.66,1532.34,36238,6102136582.0,1.97,1.22,18.8,0.29,1541.96,前复权,TuShare Pro daily 日期校验 + 东方财富前复权行情,
600519.SH,贵州茅台,食品饮料,2024-03-06,1556.66,1546.21,1560.66,1543.68,22142,3725582802.0,1.09,-0.93,-14.55,0.18,1560.76,前复权,TuShare Pro daily 日期校验 + 东方财富前复权行情,
600519.SH,贵州茅台,食品饮料,2024-03-07,1545.66,1549.29,1555.46,1543.66,21599,3633934774.0,0.76,0.2,3.08,0.17,1546.21,前复权,TuShare Pro daily 日期校验 + 东方财富前复权行情,
600519.SH,贵州茅台,食品饮料,2024-03-08,1546.22,1537.09,1552.34,1535.71,22156,3710678522.0,1.07,-0.79,-12.2,0.18,1549.29,前复权,TuShare Pro daily 日期校验 + 东方财富前复权行情,
600519.SH,贵州茅台,食品饮料,2024-03-11,1540.66,1560.15,1564.54,1538.84,29895,5048394347.0,1.67,1.5,23.06,0.24,1537.09,前复权,TuShare Pro daily 日期校验 + 东方财富前复权行情,
600519.SH,贵州茅台,食品饮料,2024-03-12,1559.6,1610.66,1614.76,1556.16,54227,9393309052.0,3.76,3.24,50.51,0.43,1560.15,前复权,TuShare Pro daily 日期校验 + 东方财富前复权行情,
600519.SH,贵州茅台,食品饮料,2024-03-13,1605.63,1593.11,1613.66,1585.76,26500,4588879420.0,1.73,-1.09,-17.55,0.21,1610.66,前复权,TuShare Pro daily 日期校验 + 东方财富前复权行情,
600519.SH,贵州茅台,食品饮料,2024-03-14,1584.66,1582.29,1600.5,1577.16,19405,3338768308.0,1.47,-0.68,-10.82,0.15,1593.11,前复权,TuShare Pro daily 日期校验 + 东方财富前复权行情,
600519.SH,贵州茅台,食品饮料,2024-03-15,1578.16,1583.15,1598.06,1577.66,17834,3066692399.0,1.29,0.05,0.86,0.14,1582.29,前复权,TuShare Pro daily 日期校验 + 东方财富前复权行情,
600519.SH,贵州茅台,食品饮料,2024-03-18,1580.66,1573.92,1585.51,1564.66,26055,4446059130.0,1.32,-0.58,-9.23,0.21,1583.15,前复权,TuShare Pro daily 日期校验 + 东方财富前复权行情,
600519.SH,贵州茅台,食品饮料,2024-03-19,1568.66,1573.68,1585.6,1558.77,23948,4093701261.0,1.7,-0.02,-0.24,0.19,1573.92,前复权,TuShare Pro daily 日期校验 + 东方财富前复权行情,
600519.SH,贵州茅台,食品饮料,2024-03-20,1569.02,1575.26,1579.34,1565.89,15249,2604543856.0,0.85,0.1,1.58,0.12,1573.68,前复权,TuShare Pro daily 日期校验 + 东方财富前复权行情,
600519.SH,贵州茅台,食品饮料,2024-03-21,1573.76,1574.66,1584.66,1570.16,16596,2839332631.0,0.92,-0.04,-0.6,0.13,1575.26,前复权,TuShare Pro daily 日期校验 + 东方财富前复权行情,
600519.SH,贵州茅台,食品饮料,2024-03-22,1570.69,1567.01,1574.65,1553.66,25456,4318592818.0,1.33,-0.49,-7.65,0.2,1574.66,前复权,TuShare Pro daily 日期校验 + 东方财富前复权行情,
600519.SH,贵州茅台,食品饮料,2024-03-25,1564.2,1554.67,1564.43,1546.24,24473,4131446237.0,1.16,-0.79,-12.34,0.19,1567.01,前复权,TuShare Pro daily 日期校验 + 东方财富前复权行情,
600519.SH,贵州茅台,食品饮料,2024-03-26,1553.12,1574.95,1578.46,1553.12,28069,4782899074.0,1.63,1.3,20.28,0.22,1554.67,前复权,TuShare Pro daily 日期校验 + 东方财富前复权行情,
600519.SH,贵州茅台,食品饮料,2024-03-27,1570.66,1566.66,1577.66,1564.66,18113,3087792980.0,0.83,-0.53,-8.29,0.14,1574.95,前复权,TuShare Pro daily 日期校验 + 东方财富前复权行情,
600519.SH,贵州茅台,食品饮料,2024-03-28,1560.66,1567.3,1583.66,1558.86,24642,4201857059.0,1.58,0.04,0.64,0.2,1566.66,前复权,TuShare Pro daily 日期校验 + 东方财富前复权行情,
600519.SH,贵州茅台,食品饮料,2024-03-29,1567.3,1568.56,1576.65,1563.76,13457,2290584417.0,0.82,0.08,1.26,0.11,1567.3,前复权,TuShare Pro daily 日期校验 + 东方财富前复权行情,
600519.SH,贵州茅台,食品饮料,2024-04-01,1575.65,1586.99,1599.66,1574.36,27131,4679371035.0,1.61,1.17,18.43,0.22,1568.56,前复权,TuShare Pro daily 日期校验 + 东方财富前复权行情,
600519.SH,贵州茅台,食品饮料,2024-04-02,1587.66,1579.65,1590.65,1570.71,25449,4360973684.0,1.26,-0.46,-7.34,0.2,1586.99,前复权,TuShare Pro daily 日期校验 + 东方财富前复权行情,
600519.SH,贵州茅台,食品饮料,2024-04-03,1599.66,1580.77,1605.1,1575.68,29046,5002390042.0,1.86,0.07,1.12,0.23,1579.65,前复权,TuShare Pro daily 日期校验 + 东方财富前复权行情,
600519.SH,贵州茅台,食品饮料,2024-04-08,1560.66,1532.32,1561.66,1528.26,59167,9907355766.0,2.11,-3.06,-48.45,0.47,1580.77,前复权,TuShare Pro daily 日期校验 + 东方财富前复权行情,
600519.SH,贵州茅台,食品饮料,2024-04-09,1526.33,1527.88,1538.66,1524.11,25590,4256226333.0,0.95,-0.29,-4.44,0.2,1532.32,前复权,TuShare Pro daily 日期校验 + 东方财富前复权行情,
600519.SH,贵州茅台,食品饮料,2024-04-10,1527.93,1513.64,1530.65,1510.66,27631,4562853880.0,1.31,-0.93,-14.24,0.22,1527.88,前复权,TuShare Pro daily 日期校验 + 东方财富前复权行情,
600519.SH,贵州茅台,食品饮料,2024-04-11,1505.77,1513.66,1515.66,1500.35,22766,3736417595.0,1.01,0.0,0.02,0.18,1513.64,前复权,TuShare Pro daily 日期校验 + 东方财富前复权行情,
600519.SH,贵州茅台,食品饮料,2024-04-12,1516.66,1499.69,1529.66,1499.69,26744,4403968129.0,1.98,-0.92,-13.97,0.21,1513.66,前复权,TuShare Pro daily 日期校验 + 东方财富前复权行情,
600519.SH,贵州茅台,食品饮料,2024-04-15,1500.67,1538.64,1541.27,1500.64,35818,5960815532.0,2.71,2.6,38.95,0.29,1499.69,前复权,TuShare Pro daily 日期校验 + 东方财富前复权行情,
600519.SH,贵州茅台,食品饮料,2024-04-16,1531.15,1535.66,1545.22,1524.66,26266,4382796962.0,1.34,-0.19,-2.98,0.21,1538.64,前复权,TuShare Pro daily 日期校验 + 东方财富前复权行情,
600519.SH,贵州茅台,食品饮料,2024-04-17,1533.66,1532.66,1540.86,1523.66,24819,4130322018.0,1.12,-0.2,-3.0,0.2,1535.66,前复权,TuShare Pro daily 日期校验 + 东方财富前复权行情,
600519.SH,贵州茅台,食品饮料,2024-04-18,1524.67,1536.44,1548.64,1523.84,26568,4445487745.0,1.62,0.25,3.78,0.21,1532.66,前复权,TuShare Pro daily 日期校验 + 东方财富前复权行情,
600519.SH,贵州茅台,食品饮料,2024-04-19,1526.44,1512.3,1534.16,1506.94,23500,3879233242.0,1.77,-1.57,-24.14,0.19,1536.44,前复权,TuShare Pro daily 日期校验 + 东方财富前复权行情,
600519.SH,贵州茅台,食品饮料,2024-04-22,1519.66,1540.72,1544.54,1510.66,29951,5001684635.0,2.24,1.88,28.42,0.24,1512.3,前复权,TuShare Pro daily 日期校验 + 东方财富前复权行情,
600519.SH,贵州茅台,食品饮料,2024-04-23,1540.66,1557.94,1560.66,1540.66,24980,4217855279.0,1.3,1.12,17.22,0.2,1540.72,前复权,TuShare Pro daily 日期校验 + 东方财富前复权行情,
600519.SH,贵州茅台,食品饮料,2024-04-24,1562.64,1559.26,1565.57,1548.99,17086,2893555635.0,1.06,0.08,1.32,0.14,1557.94,前复权,TuShare Pro daily 日期校验 + 东方财富前复权行情,
600519.SH,贵州茅台,食品饮料,2024-04-25,1555.99,1558.7,1561.26,1547.91,14476,2447183879.0,0.86,-0.04,-0.56,0.12,1559.26,前复权,TuShare Pro daily 日期校验 + 东方财富前复权行情,
600519.SH,贵州茅台,食品饮料,2024-04-26,1559.66,1575.09,1579.66,1559.64,30996,5290248521.0,1.28,1.05,16.39,0.25,1558.7,前复权,TuShare Pro daily 日期校验 + 东方财富前复权行情,
600519.SH,贵州茅台,食品饮料,2024-04-29,1562.61,1569.66,1593.66,1559.48,41332,7072096590.0,2.17,-0.34,-5.43,0.33,1575.09,前复权,TuShare Pro daily 日期校验 + 东方财富前复权行情,
600519.SH,贵州茅台,食品饮料,2024-04-30,1570.67,1570.66,1595.54,1570.66,30760,5273902374.0,1.59,0.06,1.0,0.24,1569.66,前复权,TuShare Pro daily 日期校验 + 东方财富前复权行情,
600519.SH,贵州茅台,食品饮料,2024-05-06,1599.63,1625.86,1630.66,1592.66,59909,10504351712.0,2.42,3.51,55.2,0.48,1570.66,前复权,TuShare Pro daily 日期校验 + 东方财富前复权行情,
600519.SH,贵州茅台,食品饮料,2024-05-07,1631.45,1635.66,1643.46,1622.34,24925,4413196426.0,1.3,0.6,9.8,0.2,1625.86,前复权,TuShare Pro daily 日期校验 + 东方财富前复权行情,
600519.SH,贵州茅台,食品饮料,2024-05-08,1635.35,1629.63,1635.63,1621.33,14769,2603293863.0,0.87,-0.37,-6.03,0.12,1635.66,前复权,TuShare Pro daily 日期校验 + 东方财富前复权行情,
600519.SH,贵州茅台,食品饮料,2024-05-09,1623.66,1621.66,1630.64,1615.66,22387,3929804849.0,0.92,-0.49,-7.97,0.18,1629.63,前复权,TuShare Pro daily 日期校验 + 东方财富前复权行情,
600519.SH,贵州茅台,食品饮料,2024-05-10,1626.76,1604.64,1633.54,1599.65,26207,4571398242.0,2.09,-1.05,-17.02,0.21,1621.66,前复权,TuShare Pro daily 日期校验 + 东方财富前复权行情,
600519.SH,贵州茅台,食品饮料,2024-05-13,1597.68,1571.66,1598.32,1566.88,37662,6435415674.0,1.96,-2.06,-32.98,0.3,1604.64,前复权,TuShare Pro daily 日期校验 + 东方财富前复权行情,
600519.SH,贵州茅台,食品饮料,2024-05-14,1571.65,1567.64,1578.93,1565.67,21274,3623282672.0,0.84,-0.26,-4.02,0.17,1571.66,前复权,TuShare Pro daily 日期校验 + 东方财富前复权行情,
600519.SH,贵州茅台,食品饮料,2024-05-15,1568.24,1565.66,1573.66,1564.25,15739,2677203002.0,0.6,-0.13,-1.98,0.13,1567.64,前复权,TuShare Pro daily 日期校验 + 东方财富前复权行情,
600519.SH,贵州茅台,食品饮料,2024-05-16,1570.66,1570.16,1575.54,1555.66,29680,5048754769.0,1.27,0.29,4.5,0.24,1565.66,前复权,TuShare Pro daily 日期校验 + 东方财富前复权行情,
600519.SH,贵州茅台,食品饮料,2024-05-17,1565.67,1580.66,1582.24,1565.66,28924,4936920634.0,1.06,0.67,10.5,0.23,1570.16,前复权,TuShare Pro daily 日期校验 + 东方财富前复权行情,
600519.SH,贵州茅台,食品饮料,2024-05-20,1583.65,1574.66,1598.65,1573.77,31426,5401389335.0,1.57,-0.38,-6.0,0.25,1580.66,前复权,TuShare Pro daily 日期校验 + 东方财富前复权行情,
600519.SH,贵州茅台,食品饮料,2024-05-21,1573.66,1570.66,1575.39,1563.82,16293,2776847499.0,0.73,-0.25,-4.0,0.13,1574.66,前复权,TuShare Pro daily 日期校验 + 东方财富前复权行情,
600519.SH,贵州茅台,食品饮料,2024-05-22,1568.66,1563.37,1575.62,1556.66,20286,3443977767.0,1.21,-0.46,-7.29,0.16,1570.66,前复权,TuShare Pro daily 日期校验 + 东方财富前复权行情,
600519.SH,贵州茅台,食品饮料,2024-05-23,1565.66,1557.67,1572.04,1555.74,18885,3199923320.0,1.04,-0.36,-5.7,0.15,1563.37,前复权,TuShare Pro daily 日期校验 + 东方财富前复权行情,
600519.SH,贵州茅台,食品饮料,2024-05-24,1558.66,1542.74,1560.66,1542.66,20217,3401323915.0,1.16,-0.96,-14.93,0.16,1557.67,前复权,TuShare Pro daily 日期校验 + 东方财富前复权行情,
600519.SH,贵州茅台,食品饮料,2024-05-27,1543.66,1535.78,1553.11,1533.67,25098,4199001866.0,1.26,-0.45,-6.96,0.2,1542.74,前复权,TuShare Pro daily 日期校验 + 东方财富前复权行情,
600519.SH,贵州茅台,食品饮料,2024-05-28,1536.06,1530.3,1540.83,1528.66,23521,3923020375.0,0.79,-0.36,-5.48,0.19,1535.78,前复权,TuShare Pro daily 日期校验 + 东方财富前复权行情,
600519.SH,贵州茅台,食品饮料,2024-05-29,1531.66,1539.66,1545.66,1530.66,19651,3289173345.0,0.98,0.61,9.36,0.16,1530.3,前复权,TuShare Pro daily 日期校验 + 东方财富前复权行情,
600519.SH,贵州茅台,食品饮料,2024-05-30,1540.66,1514.66,1541.04,1514.66,32208,5333306808.0,1.71,-1.62,-25.0,0.26,1539.66,前复权,TuShare Pro daily 日期校验 + 东方财富前复权行情,
600519.SH,贵州茅台,食品饮料,2024-05-31,1516.16,1514.11,1529.16,1514.11,21857,3617654788.0,0.99,-0.04,-0.55,0.17,1514.66,前复权,TuShare Pro daily 日期校验 + 东方财富前复权行情,
600519.SH,贵州茅台,食品饮料,2024-06-03,1515.66,1505.05,1516.58,1500.77,30261,4966041477.0,1.04,-0.6,-9.06,0.24,1514.11,前复权,TuShare Pro daily 日期校验 + 东方财富前复权行情,
600519.SH,贵州茅台,食品饮料,2024-06-04,1506.16,1518.86,1521.66,1502.21,20841,3432497303.0,1.29,0.92,13.81,0.17,1505.05,前复权,TuShare Pro daily 日期校验 + 东方财富前复权行情,
600519.SH,贵州茅台,食品饮料,2024-06-05,1517.66,1509.66,1524.34,1508.69,19056,3140824328.0,1.03,-0.61,-9.2,0.15,1518.86,前复权,TuShare Pro daily 日期校验 + 东方财富前复权行情,
600519.SH,贵州茅台,食品饮料,2024-06-06,1509.32,1505.47,1517.65,1501.57,25610,4205700983.0,1.07,-0.28,-4.19,0.2,1509.66,前复权,TuShare Pro daily 日期校验 + 东方财富前复权行情,
600519.SH,贵州茅台,食品饮料,2024-06-07,1511.79,1484.84,1511.84,1484.67,33525,5453120695.0,1.8,-1.37,-20.63,0.27,1505.47,前复权,TuShare Pro daily 日期校验 + 东方财富前复权行情,
600519.SH,贵州茅台,食品饮料,2024-06-11,1468.65,1434.66,1470.66,1432.66,70247,11090577610.0,2.56,-3.38,-50.18,0.56,1484.84,前复权,TuShare Pro daily 日期校验 + 东方财富前复权行情,
600519.SH,贵州茅台,食品饮料,2024-06-12,1435.66,1437.34,1455.66,1435.66,33171,5230086503.0,1.39,0.19,2.68,0.26,1434.66,前复权,TuShare Pro daily 日期校验 + 东方财富前复权行情,
600519.SH,贵州茅台,食品饮料,2024-06-13,1442.43,1420.67,1442.55,1418.81,36186,5654938942.0,1.65,-1.16,-16.67,0.29,1437.34,前复权,TuShare Pro daily 日期校验 + 东方财富前复权行情,
600519.SH,贵州茅台,食品饮料,2024-06-14,1420.66,1420.66,1429.62,1386.12,59514,9177637168.0,3.06,0.0,-0.01,0.47,1420.67,前复权,TuShare Pro daily 日期校验 + 东方财富前复权行情,
600519.SH,贵州茅台,食品饮料,2024-06-17,1397.95,1407.16,1414.43,1376.67,48318,7400883243.0,2.66,-0.95,-13.5,0.38,1420.66,前复权,TuShare Pro daily 日期校验 + 东方财富前复权行情,
600519.SH,贵州茅台,食品饮料,2024-06-18,1396.55,1387.16,1420.2,1382.34,41258,6317590943.0,2.69,-1.42,-20.0,0.33,1407.16,前复权,TuShare Pro daily 日期校验 + 东方财富前复权行情,
600519.SH,贵州茅台,食品饮料,2024-06-19,1394.53,1397.54,1400.54,1378.64,41262,6167728416.0,1.58,0.75,10.38,0.33,1387.16,前复权,TuShare Pro daily 日期校验 + 东方财富前复权行情,
600519.SH,贵州茅台,食品饮料,2024-06-20,1396.54,1396.64,1412.55,1394.54,24711,3715924984.0,1.29,-0.06,-0.9,0.2,1397.54,前复权,TuShare Pro daily 日期校验 + 东方财富前复权行情,
600519.SH,贵州茅台,食品饮料,2024-06-21,1397.04,1367.54,1401.52,1366.76,43320,6418543742.0,2.49,-2.08,-29.1,0.34,1396.64,前复权,TuShare Pro daily 日期校验 + 东方财富前复权行情,
600519.SH,贵州茅台,食品饮料,2024-06-24,1319.54,1373.09,1385.53,1310.55,63840,9319362390.0,5.48,0.41,5.55,0.51,1367.54,前复权,TuShare Pro daily 日期校验 + 东方财富前复权行情,
600519.SH,贵州茅台,食品饮料,2024-06-25,1373.54,1383.19,1399.53,1373.54,42098,6273919386.0,1.89,0.74,10.1,0.34,1373.09,前复权,TuShare Pro daily 日期校验 + 东方财富前复权行情,
600519.SH,贵州茅台,食品饮料,2024-06-26,1376.54,1385.76,1397.61,1374.34,29570,4414601922.0,1.68,0.19,2.57,0.24,1383.19,前复权,TuShare Pro daily 日期校验 + 东方财富前复权行情,
600519.SH,贵州茅台,食品饮料,2024-06-27,1388.54,1387.03,1390.51,1364.54,32822,4857959457.0,1.87,0.09,1.27,0.26,1385.76,前复权,TuShare Pro daily 日期校验 + 东方财富前复权行情,
600519.SH,贵州茅台,食品饮料,2024-06-28,1376.54,1363.93,1391.03,1360.54,38582,5699649047.0,2.2,-1.67,-23.1,0.31,1387.03,前复权,TuShare Pro daily 日期校验 + 东方财富前复权行情,
600519.SH,贵州茅台,食品饮料,2024-07-01,1365.42,1336.92,1369.53,1324.54,32161,4636689118.0,3.3,-1.98,-27.01,0.26,1363.93,前复权,TuShare Pro daily 日期校验 + 东方财富前复权行情,
600519.SH,贵州茅台,食品饮料,2024-07-02,1329.54,1387.24,1394.54,1329.54,51853,7659166816.0,4.86,3.76,50.32,0.41,1336.92,前复权,TuShare Pro daily 日期校验 + 东方财富前复权行情,
600519.SH,贵州茅台,食品饮料,2024-07-03,1395.54,1396.54,1409.55,1384.56,31573,4740808130.0,1.8,0.67,9.3,0.25,1387.24,前复权,TuShare Pro daily 日期校验 + 东方财富前复权行情,
600519.SH,贵州茅台,食品饮料,2024-07-04,1401.54,1382.28,1408.54,1377.67,24380,3637968895.0,2.21,-1.02,-14.26,0.19,1396.54,前复权,TuShare Pro daily 日期校验 + 东方财富前复权行情,
600519.SH,贵州茅台,食品饮料,2024-07-05,1375.54,1349.54,1389.72,1346.54,38829,5664477336.0,3.12,-2.37,-32.74,0.31,1382.28,前复权,TuShare Pro daily 日期校验 + 东方财富前复权行情,
600519.SH,贵州茅台,食品饮料,2024-07-08,1339.54,1316.54,1354.31,1315.68,39527,5657951348.0,2.86,-2.45,-33.0,0.31,1349.54,前复权,TuShare Pro daily 日期校验 + 东方财富前复权行情,
600519.SH,贵州茅台,食品饮料,2024-07-09,1316.54,1334.57,1351.43,1306.64,33621,4807957927.0,3.4,1.37,18.03,0.27,1316.54,前复权,TuShare Pro daily 日期校验 + 东方财富前复权行情,
600519.SH,贵州茅台,食品饮料,2024-07-10,1335.79,1334.13,1362.42,1331.54,23763,3436693365.0,2.31,-0.03,-0.44,0.19,1334.57,前复权,TuShare Pro daily 日期校验 + 东方财富前复权行情,
600519.SH,贵州茅台,食品饮料,2024-07-11,1346.51,1358.63,1365.54,1336.75,29020,4236960596.0,2.16,1.84,24.5,0.23,1334.13,前复权,TuShare Pro daily 日期校验 + 东方财富前复权行情,
600519.SH,贵州茅台,食品饮料,2024-07-12,1369.55,1375.36,1382.94,1361.99,23386,3451132648.0,1.54,1.23,16.73,0.19,1358.63,前复权,TuShare Pro daily 日期校验 + 东方财富前复权行情,
600519.SH,贵州茅台,食品饮料,2024-07-15,1366.54,1371.44,1384.54,1366.54,19176,2835374730.0,1.31,-0.29,-3.92,0.15,1375.36,前复权,TuShare Pro daily 日期校验 + 东方财富前复权行情,
600519.SH,贵州茅台,食品饮料,2024-07-16,1372.54,1372.54,1378.54,1361.59,20316,2998367128.0,1.24,0.08,1.1,0.16,1371.44,前复权,TuShare Pro daily 日期校验 + 东方财富前复权行情,
600519.SH,贵州茅台,食品饮料,2024-07-17,1372.64,1397.94,1399.54,1366.56,34311,5115680654.0,2.4,1.85,25.4,0.27,1372.54,前复权,TuShare Pro daily 日期校验 + 东方财富前复权行情,
600519.SH,贵州茅台,食品饮料,2024-07-18,1396.04,1394.05,1411.54,1389.07,28870,4337214601.0,1.61,-0.28,-3.89,0.23,1397.94,前复权,TuShare Pro daily 日期校验 + 东方财富前复权行情,
600519.SH,贵州茅台,食品饮料,2024-07-19,1387.35,1422.16,1425.72,1380.55,38943,5888615145.0,3.24,2.02,28.11,0.31,1394.05,前复权,TuShare Pro daily 日期校验 + 东方财富前复权行情,
600519.SH,贵州茅台,食品饮料,2024-07-22,1421.57,1395.54,1426.52,1388.19,28543,4300813310.0,2.7,-1.87,-26.62,0.23,1422.16,前复权,TuShare Pro daily 日期校验 + 东方财富前复权行情,
600519.SH,贵州茅台,食品饮料,2024-07-23,1395.54,1351.54,1397.54,1351.54,30944,4555460198.0,3.3,-3.15,-44.0,0.25,1395.54,前复权,TuShare Pro daily 日期校验 + 东方财富前复权行情,
600519.SH,贵州茅台,食品饮料,2024-07-24,1346.74,1336.56,1360.24,1331.54,24123,3490200973.0,2.12,-1.11,-14.98,0.19,1351.54,前复权,TuShare Pro daily 日期校验 + 东方财富前复权行情,
600519.SH,贵州茅台,食品饮料,2024-07-25,1336.56,1327.03,1344.54,1316.55,28347,4054086714.0,2.09,-0.71,-9.53,0.23,1336.56,前复权,TuShare Pro daily 日期校验 + 东方财富前复权行情,
600519.SH,贵州茅台,食品饮料,2024-07-26,1327.03,1318.73,1334.26,1307.44,32354,4594928574.0,2.02,-0.63,-8.3,0.26,1327.03,前复权,TuShare Pro daily 日期校验 + 东方财富前复权行情,
600519.SH,贵州茅台,食品饮料,2024-07-29,1311.54,1294.56,1318.53,1294.54,30869,4342610100.0,1.82,-1.83,-24.17,0.25,1318.73,前复权,TuShare Pro daily 日期校验 + 东方财富前复权行情,
600519.SH,贵州茅台,食品饮料,2024-07-30,1282.52,1276.53,1286.81,1257.84,51779,7103491566.0,2.24,-1.39,-18.03,0.41,1294.56,前复权,TuShare Pro daily 日期校验 + 东方财富前复权行情,
600519.SH,贵州茅台,食品饮料,2024-07-31,1269.64,1317.82,1323.81,1269.64,43272,6098149721.0,4.24,3.23,41.29,0.34,1276.53,前复权,TuShare Pro daily 日期校验 + 东方财富前复权行情,
600519.SH,贵州茅台,食品饮料,2024-08-01,1314.54,1282.7,1316.54,1281.24,32038,4470988088.0,2.68,-2.67,-35.12,0.26,1317.82,前复权,TuShare Pro daily 日期校验 + 东方财富前复权行情,
600519.SH,贵州茅台,食品饮料,2024-08-02,1270.14,1281.99,1293.51,1270.14,21928,3041726372.0,1.82,-0.06,-0.71,0.17,1282.7,前复权,TuShare Pro daily 日期校验 + 东方财富前复权行情,
600519.SH,贵州茅台,食品饮料,2024-08-05,1285.42,1306.55,1322.54,1282.06,37736,5327127147.0,3.16,1.92,24.56,0.3,1281.99,前复权,TuShare Pro daily 日期校验 + 东方财富前复权行情,
600519.SH,贵州茅台,食品饮料,2024-08-06,1318.54,1301.24,1320.54,1290.55,27444,3860735014.0,2.3,-0.41,-5.31,0.22,1306.55,前复权,TuShare Pro daily 日期校验 + 东方财富前复权行情,
600519.SH,贵州茅台,食品饮料,2024-08-07,1302.04,1312.04,1318.53,1294.84,20622,2910580747.0,1.82,0.83,10.8,0.16,1301.24,前复权,TuShare Pro daily 日期校验 + 东方财富前复权行情,
600519.SH,贵州茅台,食品饮料,2024-08-08,1307.54,1327.23,1344.72,1305.54,25131,3592705430.0,2.99,1.16,15.19,0.2,1312.04,前复权,TuShare Pro daily 日期校验 + 东方财富前复权行情,
600519.SH,贵州茅台,食品饮料,2024-08-09,1356.57,1333.34,1365.54,1333.34,30138,4368705515.0,2.43,0.46,6.11,0.24,1327.23,前复权,TuShare Pro daily 日期校验 + 东方财富前复权行情,
600519.SH,贵州茅台,食品饮料,2024-08-12,1326.54,1332.64,1339.54,1323.12,13632,1956573438.0,1.23,-0.05,-0.7,0.11,1333.34,前复权,TuShare Pro daily 日期校验 + 东方财富前复权行情,
600519.SH,贵州茅台,食品饮料,2024-08-13,1329.54,1319.55,1331.54,1308.55,16308,2317037756.0,1.73,-0.98,-13.09,0.13,1332.64,前复权,TuShare Pro daily 日期校验 + 东方财富前复权行情,
600519.SH,贵州茅台,食品饮料,2024-08-14,1319.55,1309.84,1321.44,1308.56,13414,1898377426.0,0.98,-0.74,-9.71,0.11,1319.55,前复权,TuShare Pro daily 日期校验 + 东方财富前复权行情,
600519.SH,贵州茅台,食品饮料,2024-08-15,1301.57,1323.43,1332.53,1300.49,23039,3275699572.0,2.45,1.04,13.59,0.18,1309.84,前复权,TuShare Pro daily 日期校验 + 东方财富前复权行情,
600519.SH,贵州茅台,食品饮料,2024-08-16,1323.33,1327.74,1332.46,1313.55,16455,2349825846.0,1.43,0.33,4.31,0.13,1323.43,前复权,TuShare Pro daily 日期校验 + 东方财富前复权行情,
600519.SH,贵州茅台,食品饮料,2024-08-19,1328.54,1321.98,1355.42,1321.54,20433,2942106435.0,2.55,-0.43,-5.76,0.16,1327.74,前复权,TuShare Pro daily 日期校验 + 东方财富前复权行情,
600519.SH,贵州茅台,食品饮料,2024-08-20,1326.44,1319.26,1326.47,1310.54,18591,2644814344.0,1.21,-0.21,-2.72,0.15,1321.98,前复权,TuShare Pro daily 日期校验 + 东方财富前复权行情,
600519.SH,贵州茅台,食品饮料,2024-08-21,1316.54,1314.12,1324.52,1312.23,15092,2144746551.0,0.93,-0.39,-5.14,0.12,1319.26,前复权,TuShare Pro daily 日期校验 + 东方财富前复权行情,
600519.SH,贵州茅台,食品饮料,2024-08-22,1312.54,1306.59,1316.54,1296.55,19527,2750868073.0,1.52,-0.57,-7.53,0.16,1314.12,前复权,TuShare Pro daily 日期校验 + 东方财富前复权行情,
600519.SH,贵州茅台,食品饮料,2024-08-23,1304.54,1311.53,1320.04,1302.66,15320,2166499202.0,1.33,0.38,4.94,0.12,1306.59,前复权,TuShare Pro daily 日期校验 + 东方财富前复权行情,
600519.SH,贵州茅台,食品饮料,2024-08-26,1313.54,1308.54,1320.4,1299.69,15628,2207595461.0,1.58,-0.23,-2.99,0.12,1311.53,前复权,TuShare Pro daily 日期校验 + 东方财富前复权行情,
600519.SH,贵州茅台,食品饮料,2024-08-27,1308.54,1300.61,1309.54,1297.65,13657,1920770570.0,0.91,-0.61,-7.93,0.11,1308.54,前复权,TuShare Pro daily 日期校验 + 东方财富前复权行情,
600519.SH,贵州茅台,食品饮料,2024-08-28,1300.61,1285.54,1302.54,1271.54,31664,4388025875.0,2.38,-1.16,-15.07,0.25,1300.61,前复权,TuShare Pro daily 日期校验 + 东方财富前复权行情,
600519.SH,贵州茅台,食品饮料,2024-08-29,1276.54,1309.84,1314.54,1276.54,27472,3864270621.0,2.96,1.89,24.3,0.22,1285.54,前复权,TuShare Pro daily 日期校验 + 东方财富前复权行情,
600519.SH,贵州茅台,食品饮料,2024-08-30,1309.54,1339.73,1354.61,1301.54,38739,5576118649.0,4.05,2.28,29.89,0.31,1309.84,前复权,TuShare Pro daily 日期校验 + 东方财富前复权行情,
600519.SH,贵州茅台,食品饮料,2024-09-02,1326.54,1291.54,1334.54,1291.54,34135,4801049927.0,3.21,-3.6,-48.19,0.27,1339.73,前复权,TuShare Pro daily 日期校验 + 东方财富前复权行情,
600519.SH,贵州茅台,食品饮料,2024-09-03,1294.54,1306.54,1311.52,1289.56,17888,2516125842.0,1.7,1.16,15.0,0.14,1291.54,前复权,TuShare Pro daily 日期校验 + 东方财富前复权行情,
600519.SH,贵州茅台,食品饮料,2024-09-04,1298.54,1296.54,1315.73,1296.28,14211,1995221417.0,1.49,-0.77,-10.0,0.11,1306.54,前复权,TuShare Pro daily 日期校验 + 东方财富前复权行情,
600519.SH,贵州茅台,食品饮料,2024-09-05,1297.04,1301.42,1303.54,1293.54,14503,2033680839.0,0.77,0.38,4.88,0.12,1296.54,前复权,TuShare Pro daily 日期校验 + 东方财富前复权行情,
600519.SH,贵州茅台,食品饮料,2024-09-06,1301.54,1294.54,1302.54,1294.54,10321,1445537257.0,0.61,-0.53,-6.88,0.08,1301.42,前复权,TuShare Pro daily 日期校验 + 东方财富前复权行情,
600519.SH,贵州茅台,食品饮料,2024-09-09,1276.55,1271.54,1290.25,1266.62,28638,3950086825.0,1.83,-1.78,-23.0,0.23,1294.54,前复权,TuShare Pro daily 日期校验 + 东方财富前复权行情,
600519.SH,贵州茅台,食品饮料,2024-09-10,1266.56,1274.54,1289.54,1266.56,19803,2737295644.0,1.81,0.24,3.0,0.16,1271.54,前复权,TuShare Pro daily 日期校验 + 东方财富前复权行情,
600519.SH,贵州茅台,食品饮料,2024-09-11,1272.14,1276.54,1282.42,1261.54,20996,2892932794.0,1.64,0.16,2.0,0.17,1274.54,前复权,TuShare Pro daily 日期校验 + 东方财富前复权行情,
600519.SH,贵州茅台,食品饮料,2024-09-12,1276.54,1231.6,1281.54,1231.45,47948,6482445000.0,3.92,-3.52,-44.94,0.38,1276.54,前复权,TuShare Pro daily 日期校验 + 东方财富前复权行情,
600519.SH,贵州茅台,食品饮料,2024-09-13,1227.54,1200.67,1228.54,1193.84,56005,7329376917.0,2.82,-2.51,-30.93,0.45,1231.6,前复权,TuShare Pro daily 日期校验 + 东方财富前复权行情,
600519.SH,贵州茅台,食品饮料,2024-09-18,1196.54,1163.44,1196.55,1163.2,46185,5895948011.0,2.78,-3.1,-37.23,0.37,1200.67,前复权,TuShare Pro daily 日期校验 + 东方财富前复权行情,
600519.SH,贵州茅台,食品饮料,2024-09-19,1158.54,1157.54,1189.42,1142.37,59988,7623739997.0,4.04,-0.51,-5.9,0.48,1163.44,前复权,TuShare Pro daily 日期校验 + 东方财富前复权行情,
600519.SH,贵州茅台,食品饮料,2024-09-20,1158.04,1160.46,1170.44,1146.57,39982,5038507835.0,2.06,0.25,2.92,0.32,1157.54,前复权,TuShare Pro daily 日期校验 + 东方财富前复权行情,
600519.SH,贵州茅台,食品饮料,2024-09-23,1164.54,1158.08,1190.04,1157.2,45550,5809791682.0,2.83,-0.21,-2.38,0.36,1160.46,前复权,TuShare Pro daily 日期校验 + 东方财富前复权行情,
600519.SH,贵州茅台,食品饮料,2024-09-24,1181.63,1269.14,1269.54,1161.63,100413,13297277523.0,9.32,9.59,111.06,0.8,1158.08,前复权,TuShare Pro daily 日期校验 + 东方财富前复权行情,
600519.SH,贵州茅台,食品饮料,2024-09-25,1296.59,1295.54,1323.54,1293.25,73954,10420109655.0,2.39,2.08,26.4,0.59,1269.14,前复权,TuShare Pro daily 日期校验 + 东方财富前复权行情,
600519.SH,贵州茅台,食品饮料,2024-09-26,1296.5,1425.54,1426.41,1292.54,97278,14269262657.0,10.33,10.03,130.0,0.77,1295.54,前复权,TuShare Pro daily 日期校验 + 东方财富前复权行情,
600519.SH,贵州茅台,食品饮料,2024-09-27,1496.54,1525.74,1525.74,1461.9,87922,14050260569.0,4.48,7.03,100.2,0.7,1425.54,前复权,TuShare Pro daily 日期校验 + 东方财富前复权行情,
600519.SH,贵州茅台,食品饮料,2024-09-30,1588.54,1644.54,1656.42,1548.54,157293,26982747037.0,7.07,7.79,118.8,1.25,1525.74,前复权,TuShare Pro daily 日期校验 + 东方财富前复权行情,
600519.SH,贵州茅台,食品饮料,2024-10-08,1806.54,1619.54,1806.54,1576.72,194709,35114075007.0,13.97,-1.52,-25.0,1.55,1644.54,前复权,TuShare Pro daily 日期校验 + 东方财富前复权行情,
600519.SH,贵州茅台,食品饮料,2024-10-09,1596.54,1491.69,1596.54,1486.54,120197,19708432734.0,6.79,-7.89,-127.85,0.96,1619.54,前复权,TuShare Pro daily 日期校验 + 东方财富前复权行情,
600519.SH,贵州茅台,食品饮料,2024-10-10,1518.8,1536.54,1564.62,1487.54,74603,12198964035.0,5.17,3.01,44.85,0.59,1491.69,前复权,TuShare Pro daily 日期校验 + 东方财富前复权行情,
600519.SH,贵州茅台,食品饮料,2024-10-11,1511.94,1501.53,1536.5,1486.54,41915,6764982707.0,3.25,-2.28,-35.01,0.33,1536.54,前复权,TuShare Pro daily 日期校验 + 东方财富前复权行情,
600519.SH,贵州茅台,食品饮料,2024-10-14,1509.54,1498.53,1517.17,1477.71,44812,7181350822.0,2.63,-0.2,-3.0,0.36,1501.53,前复权,TuShare Pro daily 日期校验 + 东方财富前复权行情,
600519.SH,贵州茅台,食品饮料,2024-10-15,1495.54,1450.79,1497.53,1449.55,43571,6884141869.0,3.2,-3.19,-47.74,0.35,1498.53,前复权,TuShare Pro daily 日期校验 + 东方财富前复权行情,
600519.SH,贵州茅台,食品饮料,2024-10-16,1437.42,1419.04,1446.34,1406.54,46664,7140169692.0,2.74,-2.19,-31.75,0.37,1450.79,前复权,TuShare Pro daily 日期校验 + 东方财富前复权行情,
600519.SH,贵州茅台,食品饮料,2024-10-17,1433.54,1391.14,1434.2,1389.95,39460,5964778958.0,3.12,-1.97,-27.9,0.31,1419.04,前复权,TuShare Pro daily 日期校验 + 东方财富前复权行情,
600519.SH,贵州茅台,食品饮料,2024-10-18,1389.54,1437.54,1464.38,1375.5,68619,10418043492.0,6.39,3.34,46.4,0.55,1391.14,前复权,TuShare Pro daily 日期校验 + 东方财富前复权行情,
600519.SH,贵州茅台,食品饮料,2024-10-21,1437.75,1425.34,1446.51,1417.75,42008,6433918335.0,2.0,-0.85,-12.2,0.33,1437.54,前复权,TuShare Pro daily 日期校验 + 东方财富前复权行情,
600519.SH,贵州茅台,食品饮料,2024-10-22,1423.1,1439.54,1456.72,1420.74,36269,5607826492.0,2.52,1.0,14.2,0.29,1425.34,前复权,TuShare Pro daily 日期校验 + 东方财富前复权行情,
600519.SH,贵州茅台,食品饮料,2024-10-23,1440.65,1464.04,1473.49,1428.54,40088,6259600035.0,3.12,1.7,24.5,0.32,1439.54,前复权,TuShare Pro daily 日期校验 + 东方财富前复权行情,
600519.SH,贵州茅台,食品饮料,2024-10-24,1457.54,1448.74,1471.54,1441.55,23923,3723973209.0,2.05,-1.05,-15.3,0.19,1464.04,前复权,TuShare Pro daily 日期校验 + 东方财富前复权行情,
600519.SH,贵州茅台,食品饮料,2024-10-25,1443.54,1455.39,1471.33,1442.55,27745,4328271351.0,1.99,0.46,6.65,0.22,1448.74,前复权,TuShare Pro daily 日期校验 + 东方财富前复权行情,
600519.SH,贵州茅台,食品饮料,2024-10-28,1456.54,1461.54,1461.54,1418.77,39121,6064453668.0,2.94,0.42,6.15,0.31,1455.39,前复权,TuShare Pro daily 日期校验 + 东方财富前复权行情,
600519.SH,贵州茅台,食品饮料,2024-10-29,1456.54,1428.16,1476.54,1426.54,41166,6368105233.0,3.42,-2.28,-33.38,0.33,1461.54,前复权,TuShare Pro daily 日期校验 + 东方财富前复权行情,
600519.SH,贵州茅台,食品饮料,2024-10-30,1421.54,1428.54,1447.73,1419.95,32006,4913175983.0,1.95,0.03,0.38,0.25,1428.16,前复权,TuShare Pro daily 日期校验 + 东方财富前复权行情,
600519.SH,贵州茅台,食品饮料,2024-10-31,1428.69,1424.33,1436.54,1416.54,29957,4575545180.0,1.4,-0.29,-4.21,0.24,1428.54,前复权,TuShare Pro daily 日期校验 + 东方财富前复权行情,
600519.SH,贵州茅台,食品饮料,2024-11-01,1417.54,1430.29,1441.67,1417.34,32284,4954302212.0,1.71,0.42,5.96,0.26,1424.33,前复权,TuShare Pro daily 日期校验 + 东方财富前复权行情,
600519.SH,贵州茅台,食品饮料,2024-11-04,1441.47,1444.74,1446.54,1424.6,29093,4481761764.0,1.53,1.01,14.45,0.23,1430.29,前复权,TuShare Pro daily 日期校验 + 东方财富前复权行情,
600519.SH,贵州茅台,食品饮料,2024-11-05,1436.54,1473.53,1474.24,1432.55,45640,7134443464.0,2.89,1.99,28.79,0.36,1444.74,前复权,TuShare Pro daily 日期校验 + 东方财富前复权行情,
600519.SH,贵州茅台,食品饮料,2024-11-06,1471.54,1467.54,1485.53,1457.76,37631,5916917616.0,1.88,-0.41,-5.99,0.3,1473.53,前复权,TuShare Pro daily 日期校验 + 东方财富前复权行情,
600519.SH,贵州茅台,食品饮料,2024-11-07,1459.0,1545.68,1550.04,1458.84,74739,12074951757.0,6.21,5.32,78.14,0.59,1467.54,前复权,TuShare Pro daily 日期校验 + 东方财富前复权行情,
600519.SH,贵州茅台,食品饮料,2024-11-08,1557.43,1506.51,1563.65,1497.55,60771,9885645907.0,4.28,-2.53,-39.17,0.48,1545.68,前复权,TuShare Pro daily 日期校验 + 东方财富前复权行情,
600519.SH,贵州茅台,食品饮料,2024-11-11,1486.54,1494.55,1506.49,1463.73,43854,6957095385.0,2.84,-0.79,-11.96,0.35,1506.51,前复权,TuShare Pro daily 日期校验 + 东方财富前复权行情,
600519.SH,贵州茅台,食品饮料,2024-11-12,1485.54,1473.74,1519.54,1470.49,49223,7844798676.0,3.28,-1.39,-20.81,0.39,1494.55,前复权,TuShare Pro daily 日期校验 + 东方财富前复权行情,
600519.SH,贵州茅台,食品饮料,2024-11-13,1464.54,1475.04,1483.2,1457.82,29125,4594445032.0,1.72,0.09,1.3,0.23,1473.74,前复权,TuShare Pro daily 日期校验 + 东方财富前复权行情,
600519.SH,贵州茅台,食品饮料,2024-11-14,1466.54,1470.34,1490.99,1462.19,29248,4617144097.0,1.95,-0.32,-4.7,0.23,1475.04,前复权,TuShare Pro daily 日期校验 + 东方财富前复权行情,
600519.SH,贵州茅台,食品饮料,2024-11-15,1465.54,1455.54,1480.34,1449.54,33761,5295326892.0,2.09,-1.01,-14.8,0.27,1470.34,前复权,TuShare Pro daily 日期校验 + 东方财富前复权行情,
600519.SH,贵州茅台,食品饮料,2024-11-18,1458.54,1455.54,1472.53,1451.54,27092,4237197499.0,1.44,0.0,0.0,0.22,1455.54,前复权,TuShare Pro daily 日期校验 + 东方财富前复权行情,
600519.SH,贵州茅台,食品饮料,2024-11-19,1461.54,1438.46,1465.91,1421.54,33266,5138831155.0,3.05,-1.17,-17.08,0.26,1455.54,前复权,TuShare Pro daily 日期校验 + 东方财富前复权行情,
600519.SH,贵州茅台,食品饮料,2024-11-20,1439.54,1441.35,1450.51,1427.84,21345,3292675257.0,1.58,0.2,2.89,0.17,1438.46,前复权,TuShare Pro daily 日期校验 + 东方财富前复权行情,
600519.SH,贵州茅台,食品饮料,2024-11-21,1440.41,1441.67,1445.53,1428.54,18262,2810933515.0,1.18,0.02,0.32,0.15,1441.35,前复权,TuShare Pro daily 日期校验 + 东方财富前复权行情,
600519.SH,贵州茅台,食品饮料,2024-11-22,1437.69,1404.36,1444.31,1404.36,33436,5107288992.0,2.77,-2.59,-37.31,0.27,1441.67,前复权,TuShare Pro daily 日期校验 + 东方财富前复权行情,
600519.SH,贵州茅台,食品饮料,2024-11-25,1407.54,1395.11,1428.54,1393.21,33186,5011136234.0,2.52,-0.66,-9.25,0.26,1404.36,前复权,TuShare Pro daily 日期校验 + 东方财富前复权行情,
600519.SH,贵州茅台,食品饮料,2024-11-26,1395.11,1405.54,1415.42,1385.42,25745,3876885984.0,2.15,0.75,10.43,0.2,1395.11,前复权,TuShare Pro daily 日期校验 + 东方财富前复权行情,
600519.SH,贵州茅台,食品饮料,2024-11-27,1405.54,1415.59,1418.69,1401.54,25934,3927607772.0,1.22,0.72,10.05,0.21,1405.54,前复权,TuShare Pro daily 日期校验 + 东方财富前复权行情,
600519.SH,贵州茅台,食品饮料,2024-11-28,1418.54,1414.54,1421.53,1398.54,23952,3627662382.0,1.62,-0.07,-1.05,0.19,1415.59,前复权,TuShare Pro daily 日期校验 + 东方财富前复权行情,
600519.SH,贵州茅台,食品饮料,2024-11-29,1413.54,1422.28,1451.54,1409.75,36088,5534035503.0,2.95,0.55,7.74,0.29,1414.54,前复权,TuShare Pro daily 日期校验 + 东方财富前复权行情,
600519.SH,贵州茅台,食品饮料,2024-12-02,1422.54,1421.54,1426.53,1411.64,26820,4086609952.0,1.05,-0.05,-0.74,0.21,1422.28,前复权,TuShare Pro daily 日期校验 + 东方财富前复权行情,
600519.SH,贵州茅台,食品饮料,2024-12-03,1420.54,1423.28,1425.44,1412.62,24807,3777197199.0,0.9,0.12,1.74,0.2,1421.54,前复权,TuShare Pro daily 日期校验 + 东方财富前复权行情,
600519.SH,贵州茅台,食品饮料,2024-12-04,1416.61,1416.54,1420.2,1406.54,23924,3626565544.0,0.96,-0.47,-6.74,0.19,1423.28,前复权,TuShare Pro daily 日期校验 + 东方财富前复权行情,
600519.SH,贵州茅台,食品饮料,2024-12-05,1407.4,1407.54,1414.4,1406.54,16141,2441318387.0,0.55,-0.64,-9.0,0.13,1416.54,前复权,TuShare Pro daily 日期校验 + 东方财富前复权行情,
600519.SH,贵州茅台,食品饮料,2024-12-06,1409.54,1417.55,1435.44,1404.61,32040,4883148600.0,2.19,0.71,10.01,0.26,1407.54,前复权,TuShare Pro daily 日期校验 + 东方财富前复权行情,
600519.SH,贵州茅台,食品饮料,2024-12-09,1418.56,1415.34,1426.26,1409.74,19800,3008173586.0,1.17,-0.16,-2.21,0.16,1417.55,前复权,TuShare Pro daily 日期校验 + 东方财富前复权行情,
600519.SH,贵州茅台,食品饮料,2024-12-10,1466.54,1443.13,1476.27,1441.72,60312,9421340719.0,2.44,1.96,27.79,0.48,1415.34,前复权,TuShare Pro daily 日期校验 + 东方财富前复权行情,
600519.SH,贵州茅台,食品饮料,2024-12-11,1436.54,1432.14,1451.54,1427.52,29671,4569662604.0,1.66,-0.76,-10.99,0.24,1443.13,前复权,TuShare Pro daily 日期校验 + 东方财富前复权行情,
600519.SH,贵州茅台,食品饮料,2024-12-12,1428.56,1462.34,1462.54,1425.54,41937,6510547810.0,2.58,2.11,30.2,0.33,1432.14,前复权,TuShare Pro daily 日期校验 + 东方财富前复权行情,
600519.SH,贵州茅台,食品饮料,2024-12-13,1446.55,1415.54,1451.53,1415.42,49512,7580908315.0,2.47,-3.2,-46.8,0.39,1462.34,前复权,TuShare Pro daily 日期校验 + 东方财富前复权行情,
600519.SH,贵州茅台,食品饮料,2024-12-16,1417.54,1423.74,1425.54,1407.25,32537,4945298799.0,1.29,0.58,8.2,0.26,1415.54,前复权,TuShare Pro daily 日期校验 + 东方财富前复权行情,
600519.SH,贵州茅台,食品饮料,2024-12-17,1422.53,1454.54,1465.54,1417.55,54172,8398945449.0,3.37,2.16,30.8,0.43,1423.74,前复权,TuShare Pro daily 日期校验 + 东方财富前复权行情,
600519.SH,贵州茅台,食品饮料,2024-12-18,1454.51,1468.04,1473.54,1443.64,41162,6440801971.0,2.06,0.93,13.5,0.33,1454.54,前复权,TuShare Pro daily 日期校验 + 东方财富前复权行情,
600519.SH,贵州茅台,食品饮料,2024-12-19,1461.68,1447.55,1464.47,1446.87,24809,3862602665.0,1.2,-1.4,-20.49,0.2,1468.04,前复权,TuShare Pro daily 日期校验 + 东方财富前复权行情,
600519.SH,贵州茅台,食品饮料,2024-12-20,1451.55,1442.42,1462.22,1440.44,28158,4307425535.0,1.5,-0.35,-5.13,0.22,1447.55,前复权,TuShare Pro daily 日期校验 + 东方财富前复权行情,
600519.SH,贵州茅台,食品饮料,2024-12-23,1443.42,1446.87,1458.42,1437.42,21603,3300971424.0,1.46,0.31,4.45,0.17,1442.42,前复权,TuShare Pro daily 日期校验 + 东方财富前复权行情,
600519.SH,贵州茅台,食品饮料,2024-12-24,1445.42,1459.24,1464.42,1442.01,22105,3394160299.0,1.55,0.85,12.37,0.18,1446.87,前复权,TuShare Pro daily 日期校验 + 东方财富前复权行情,
600519.SH,贵州茅台,食品饮料,2024-12-25,1459.22,1450.42,1459.22,1446.52,17123,2621061878.0,0.87,-0.6,-8.82,0.14,1459.24,前复权,TuShare Pro daily 日期校验 + 东方财富前复权行情,
600519.SH,贵州茅台,食品饮料,2024-12-26,1454.42,1448.21,1459.2,1443.42,18287,2798840003.0,1.09,-0.15,-2.21,0.15,1450.42,前复权,TuShare Pro daily 日期校验 + 东方财富前复权行情,
600519.SH,贵州茅台,食品饮料,2024-12-27,1449.32,1449.39,1456.42,1439.92,20759,3170191445.0,1.14,0.08,1.18,0.17,1448.21,前复权,TuShare Pro daily 日期校验 + 东方财富前复权行情,
600519.SH,贵州茅台,食品饮料,2024-12-30,1454.39,1445.42,1464.38,1445.42,25130,3849542646.0,1.31,-0.27,-3.97,0.2,1449.39,前复权,TuShare Pro daily 日期校验 + 东方财富前复权行情,
600519.SH,贵州茅台,食品饮料,2024-12-31,1445.82,1444.42,1465.42,1442.43,39354,6033540366.0,1.59,-0.07,-1.0,0.31,1445.42,前复权,TuShare Pro daily 日期校验 + 东方财富前复权行情,
600519.SH,贵州茅台,食品饮料,2025-01-02,1444.42,1408.42,1444.91,1400.42,50029,7490883773.0,3.08,-2.49,-36.0,0.4,1444.42,前复权,TuShare Pro daily 日期校验 + 东方财富前复权行情,
600519.SH,贵州茅台,食品饮料,2025-01-03,1414.92,1395.42,1415.41,1387.43,32628,4836610288.0,1.99,-0.92,-13.0,0.26,1408.42,前复权,TuShare Pro daily 日期校验 + 东方财富前复权行情,
600519.SH,贵州茅台,食品饮料,2025-01-06,1373.42,1360.42,1383.08,1353.22,44255,6392479712.0,2.14,-2.51,-35.0,0.35,1395.42,前复权,TuShare Pro daily 日期校验 + 东方财富前复权行情,
600519.SH,贵州茅台,食品饮料,2025-01-07,1365.08,1360.62,1372.31,1359.42,24221,3494634227.0,0.95,0.01,0.2,0.19,1360.42,前复权,TuShare Pro daily 日期校验 + 东方财富前复权行情,
600519.SH,贵州茅台,食品饮料,2025-01-08,1360.42,1362.92,1372.24,1347.08,35258,5071821246.0,1.85,0.17,2.3,0.28,1360.62,前复权,TuShare Pro daily 日期校验 + 东方财富前复权行情,
600519.SH,贵州茅台,食品饮料,2025-01-09,1369.41,1364.42,1385.0,1353.4,29706,4295852736.0,2.32,0.11,1.5,0.24,1362.92,前复权,TuShare Pro daily 日期校验 + 东方财富前复权行情,
600519.SH,贵州茅台,食品饮料,2025-01-10,1367.52,1356.42,1372.37,1356.42,21872,3154677598.0,1.17,-0.59,-8.0,0.17,1364.42,前复权,TuShare Pro daily 日期校验 + 东方财富前复权行情,
600519.SH,贵州茅台,食品饮料,2025-01-13,1345.42,1364.4,1364.86,1342.43,21083,3030806870.0,1.65,0.59,7.98,0.17,1356.42,前复权,TuShare Pro daily 日期校验 + 东方财富前复权行情,
600519.SH,贵州茅台,食品饮料,2025-01-14,1365.37,1392.92,1399.1,1362.42,30957,4535651504.0,2.69,2.09,28.52,0.25,1364.4,前复权,TuShare Pro daily 日期校验 + 东方财富前复权行情,
600519.SH,贵州茅台,食品饮料,2025-01-15,1387.42,1391.69,1395.02,1380.43,18399,2701518712.0,1.05,-0.09,-1.23,0.15,1392.92,前复权,TuShare Pro daily 日期校验 + 东方财富前复权行情,
600519.SH,贵州茅台,食品饮料,2025-01-16,1394.42,1366.8,1403.08,1362.42,26342,3840411437.0,2.92,-1.79,-24.89,0.21,1391.69,前复权,TuShare Pro daily 日期校验 + 东方财富前复权行情,
600519.SH,贵州茅台,食品饮料,2025-01-17,1366.81,1375.17,1381.42,1366.8,18309,2663227309.0,1.07,0.61,8.37,0.15,1366.8,前复权,TuShare Pro daily 日期校验 + 东方财富前复权行情,
600519.SH,贵州茅台,食品饮料,2025-01-20,1381.42,1395.22,1410.21,1380.42,31410,4647626351.0,2.17,1.46,20.05,0.25,1375.17,前复权,TuShare Pro daily 日期校验 + 东方财富前复权行情,
600519.SH,贵州茅台,食品饮料,2025-01-21,1401.42,1388.57,1402.42,1385.42,16856,2481821229.0,1.22,-0.48,-6.65,0.13,1395.22,前复权,TuShare Pro daily 日期校验 + 东方财富前复权行情,
600519.SH,贵州茅台,食品饮料,2025-01-22,1383.69,1361.42,1388.37,1358.42,28294,4088101682.0,2.16,-1.96,-27.15,0.23,1388.57,前复权,TuShare Pro daily 日期校验 + 东方财富前复权行情,
600519.SH,贵州茅台,食品饮料,2025-01-23,1370.39,1363.42,1388.42,1358.42,27125,3932700850.0,2.2,0.15,2.0,0.22,1361.42,前复权,TuShare Pro daily 日期校验 + 东方财富前复权行情,
600519.SH,贵州茅台,食品饮料,2025-01-24,1362.42,1356.42,1368.21,1350.73,31360,4515322685.0,1.28,-0.51,-7.0,0.25,1363.42,前复权,TuShare Pro daily 日期校验 + 东方财富前复权行情,
600519.SH,贵州茅台,食品饮料,2025-01-27,1357.42,1355.41,1364.39,1347.44,29356,4213534543.0,1.25,-0.07,-1.01,0.23,1356.42,前复权,TuShare Pro daily 日期校验 + 东方财富前复权行情,
600519.SH,贵州茅台,食品饮料,2025-02-05,1360.42,1324.22,1363.42,1322.63,40757,5753730034.0,3.01,-2.3,-31.19,0.32,1355.41,前复权,TuShare Pro daily 日期校验 + 东方财富前复权行情,
600519.SH,贵州茅台,食品饮料,2025-02-06,1320.43,1333.26,1342.41,1320.43,27356,3859568163.0,1.66,0.68,9.04,0.22,1324.22,前复权,TuShare Pro daily 日期校验 + 东方财富前复权行情,
600519.SH,贵州茅台,食品饮料,2025-02-07,1334.1,1356.42,1363.1,1323.83,37242,5310850624.0,2.95,1.74,23.16,0.3,1333.26,前复权,TuShare Pro daily 日期校验 + 东方财富前复权行情,
600519.SH,贵州茅台,食品饮料,2025-02-10,1358.42,1351.93,1360.42,1347.51,20840,2988101756.0,0.95,-0.33,-4.49,0.17,1356.42,前复权,TuShare Pro daily 日期校验 + 东方财富前复权行情,
600519.SH,贵州茅台,食品饮料,2025-02-11,1355.37,1338.42,1356.38,1336.32,23573,3348668867.0,1.48,-1.0,-13.51,0.19,1351.93,前复权,TuShare Pro daily 日期校验 + 东方财富前复权行情,
600519.SH,贵州茅台,食品饮料,2025-02-12,1338.42,1363.42,1365.42,1337.3,25476,3644170477.0,2.1,1.87,25.0,0.2,1338.42,前复权,TuShare Pro daily 日期校验 + 东方财富前复权行情,
600519.SH,贵州茅台,食品饮料,2025-02-13,1363.44,1385.48,1395.67,1354.93,43385,6335985851.0,2.99,1.62,22.06,0.35,1363.42,前复权,TuShare Pro daily 日期校验 + 东方财富前复权行情,
600519.SH,贵州茅台,食品饮料,2025-02-14,1385.48,1395.42,1397.42,1378.64,27100,3978694098.0,1.36,0.72,9.94,0.22,1385.48,前复权,TuShare Pro daily 日期校验 + 东方财富前复权行情,
600519.SH,贵州茅台,食品饮料,2025-02-17,1401.42,1392.04,1415.4,1387.52,32471,4804663813.0,2.0,-0.24,-3.38,0.26,1395.42,前复权,TuShare Pro daily 日期校验 + 东方财富前复权行情,
600519.SH,贵州茅台,食品饮料,2025-02-18,1390.42,1395.42,1413.41,1382.5,27800,4113845397.0,2.22,0.24,3.38,0.22,1392.04,前复权,TuShare Pro daily 日期校验 + 东方财富前复权行情,
600519.SH,贵州茅台,食品饮料,2025-02-19,1395.47,1411.42,1414.86,1385.32,32393,4803378441.0,2.12,1.15,16.0,0.26,1395.42,前复权,TuShare Pro daily 日期校验 + 东方财富前复权行情,
600519.SH,贵州茅台,食品饮料,2025-02-20,1403.42,1394.42,1412.39,1393.81,23750,3513552984.0,1.32,-1.2,-17.0,0.19,1411.42,前复权,TuShare Pro daily 日期校验 + 东方财富前复权行情,
600519.SH,贵州茅台,食品饮料,2025-02-21,1400.42,1408.63,1417.15,1393.43,36418,5418169587.0,1.7,1.02,14.21,0.29,1394.42,前复权,TuShare Pro daily 日期校验 + 东方财富前复权行情,
600519.SH,贵州茅台,食品饮料,2025-02-24,1408.42,1399.49,1419.94,1394.42,34744,5157907322.0,1.81,-0.65,-9.14,0.28,1408.63,前复权,TuShare Pro daily 日期校验 + 东方财富前复权行情,
600519.SH,贵州茅台,食品饮料,2025-02-25,1390.43,1374.42,1393.81,1372.42,28387,4142814459.0,1.53,-1.79,-25.07,0.23,1399.49,前复权,TuShare Pro daily 日期校验 + 东方财富前复权行情,
600519.SH,贵州茅台,食品饮料,2025-02-26,1375.87,1380.43,1385.38,1365.42,26366,3835949041.0,1.45,0.44,6.01,0.21,1374.42,前复权,TuShare Pro daily 日期校验 + 东方财富前复权行情,
600519.SH,贵州茅台,食品饮料,2025-02-27,1380.44,1405.98,1410.32,1374.42,49762,7368002361.0,2.6,1.85,25.55,0.4,1380.43,前复权,TuShare Pro daily 日期校验 + 东方财富前复权行情,
600519.SH,贵州茅台,食品饮料,2025-02-28,1405.92,1421.21,1448.8,1402.42,56129,8475738166.0,3.3,1.08,15.23,0.45,1405.98,前复权,TuShare Pro daily 日期校验 + 东方财富前复权行情,
600519.SH,贵州茅台,食品饮料,2025-03-03,1423.02,1407.44,1441.41,1401.92,31596,4736679903.0,2.78,-0.97,-13.77,0.25,1421.21,前复权,TuShare Pro daily 日期校验 + 东方财富前复权行情,
600519.SH,贵州茅台,食品饮料,2025-03-04,1405.42,1390.53,1406.42,1385.63,25211,3710675863.0,1.48,-1.2,-16.91,0.2,1407.44,前复权,TuShare Pro daily 日期校验 + 东方财富前复权行情,
600519.SH,贵州茅台,食品饮料,2025-03-05,1392.42,1386.79,1394.42,1380.52,24605,3606932152.0,1.0,-0.27,-3.74,0.2,1390.53,前复权,TuShare Pro daily 日期校验 + 东方财富前复权行情,
600519.SH,贵州茅台,食品饮料,2025-03-06,1394.42,1426.4,1430.62,1392.5,42168,6297117400.0,2.75,2.86,39.61,0.34,1386.79,前复权,TuShare Pro daily 日期校验 + 东方财富前复权行情,
600519.SH,贵州茅台,食品饮料,2025-03-07,1423.42,1441.42,1448.78,1423.42,37991,5760608729.0,1.78,1.05,15.02,0.3,1426.4,前复权,TuShare Pro daily 日期校验 + 东方财富前复权行情,
600519.SH,贵州茅台,食品饮料,2025-03-10,1440.23,1443.32,1447.3,1426.56,31369,4758789260.0,1.44,0.13,1.9,0.25,1441.42,前复权,TuShare Pro daily 日期校验 + 东方财富前复权行情,
600519.SH,贵州茅台,食品饮料,2025-03-11,1437.42,1469.1,1469.1,1432.42,39776,6094007854.0,2.54,1.79,25.78,0.32,1443.32,前复权,TuShare Pro daily 日期校验 + 东方财富前复权行情,
600519.SH,贵州茅台,食品饮料,2025-03-12,1467.38,1463.0,1470.1,1446.77,29604,4552923644.0,1.59,-0.42,-6.1,0.24,1469.1,前复权,TuShare Pro daily 日期校验 + 东方财富前复权行情,
600519.SH,贵州茅台,食品饮料,2025-03-13,1464.42,1458.19,1475.92,1451.3,25724,3966369271.0,1.68,-0.33,-4.81,0.2,1463.0,前复权,TuShare Pro daily 日期校验 + 东方财富前复权行情,
600519.SH,贵州茅台,食品饮料,2025-03-14,1468.08,1548.43,1548.43,1461.42,92913,14882842708.0,5.97,6.19,90.24,0.74,1458.19,前复权,TuShare Pro daily 日期校验 + 东方财富前复权行情,
600519.SH,贵州茅台,食品饮料,2025-03-17,1577.42,1558.28,1578.41,1547.3,54689,8985138902.0,2.01,0.64,9.85,0.44,1548.43,前复权,TuShare Pro daily 日期校验 + 东方财富前复权行情,
600519.SH,贵州茅台,食品饮料,2025-03-18,1565.46,1544.42,1572.42,1542.12,31613,5153210436.0,1.94,-0.89,-13.86,0.25,1558.28,前复权,TuShare Pro daily 日期校验 + 东方财富前复权行情,
600519.SH,贵州茅台,食品饮料,2025-03-19,1544.71,1556.13,1568.42,1543.42,27390,4477128770.0,1.62,0.76,11.71,0.22,1544.42,前复权,TuShare Pro daily 日期校验 + 东方财富前复权行情,
600519.SH,贵州茅台,食品饮料,2025-03-20,1556.13,1524.42,1558.02,1515.49,36737,5903879207.0,2.73,-2.04,-31.71,0.29,1556.13,前复权,TuShare Pro daily 日期校验 + 东方财富前复权行情,
600519.SH,贵州茅台,食品饮料,2025-03-21,1519.42,1494.17,1532.62,1489.25,33614,5324973190.0,2.85,-1.98,-30.25,0.27,1524.42,前复权,TuShare Pro daily 日期校验 + 东方财富前复权行情,
600519.SH,贵州茅台,食品饮料,2025-03-24,1490.42,1503.42,1510.08,1482.8,25566,4032223482.0,1.83,0.62,9.25,0.2,1494.17,前复权,TuShare Pro daily 日期校验 + 东方财富前复权行情,
600519.SH,贵州茅台,食品饮料,2025-03-25,1508.42,1495.92,1513.22,1487.08,17674,2783286813.0,1.74,-0.5,-7.5,0.14,1503.42,前复权,TuShare Pro daily 日期校验 + 东方财富前复权行情,
600519.SH,贵州茅台,食品饮料,2025-03-26,1493.19,1496.42,1503.0,1491.42,14324,2257639750.0,0.77,0.03,0.5,0.11,1495.92,前复权,TuShare Pro daily 日期校验 + 东方财富前复权行情,
600519.SH,贵州茅台,食品饮料,2025-03-27,1496.42,1509.42,1518.67,1493.8,17956,2848889210.0,1.66,0.87,13.0,0.14,1496.42,前复权,TuShare Pro daily 日期校验 + 东方财富前复权行情,
600519.SH,贵州茅台,食品饮料,2025-03-28,1511.35,1505.63,1513.42,1496.42,16228,2569470015.0,1.13,-0.25,-3.79,0.13,1509.42,前复权,TuShare Pro daily 日期校验 + 东方财富前复权行情,
600519.SH,贵州茅台,食品饮料,2025-03-31,1501.4,1481.42,1507.38,1480.48,21085,3311857714.0,1.79,-1.61,-24.21,0.17,1505.63,前复权,TuShare Pro daily 日期校验 + 东方财富前复权行情,
600519.SH,贵州茅台,食品饮料,2025-04-01,1484.42,1476.44,1490.31,1472.63,18556,2893739955.0,1.19,-0.34,-4.98,0.15,1481.42,前复权,TuShare Pro daily 日期校验 + 东方财富前复权行情,
600519.SH,贵州茅台,食品饮料,2025-04-02,1478.42,1469.44,1488.22,1465.92,21674,3371883024.0,1.51,-0.47,-7.0,0.17,1476.44,前复权,TuShare Pro daily 日期校验 + 东方财富前复权行情,
600519.SH,贵州茅台,食品饮料,2025-04-03,1450.42,1489.3,1506.42,1449.43,35481,5557442052.0,3.88,1.35,19.86,0.28,1469.44,前复权,TuShare Pro daily 日期校验 + 东方财富前复权行情,
600519.SH,贵州茅台,食品饮料,2025-04-07,1440.43,1420.42,1457.27,1382.42,101953,15314738235.0,5.03,-4.62,-68.88,0.81,1489.3,前复权,TuShare Pro daily 日期校验 + 东方财富前复权行情,
600519.SH,贵州茅台,食品饮料,2025-04-08,1433.42,1465.42,1465.42,1415.42,73876,11226977557.0,3.52,3.17,45.0,0.59,1420.42,前复权,TuShare Pro daily 日期校验 + 东方财富前复权行情,
600519.SH,贵州茅台,食品饮料,2025-04-09,1445.44,1461.46,1477.22,1440.97,55630,8562928225.0,2.47,-0.27,-3.96,0.44,1465.42,前复权,TuShare Pro daily 日期校验 + 东方财富前复权行情,
600519.SH,贵州茅台,食品饮料,2025-04-10,1471.41,1469.42,1475.42,1448.42,38620,5963650791.0,1.85,0.54,7.96,0.31,1461.46,前复权,TuShare Pro daily 日期校验 + 东方财富前复权行情,
600519.SH,贵州茅台,食品饮料,2025-04-11,1500.39,1489.4,1500.39,1465.42,32634,5087359924.0,2.38,1.36,19.98,0.26,1469.42,前复权,TuShare Pro daily 日期校验 + 东方财富前复权行情,
600519.SH,贵州茅台,食品饮料,2025-04-14,1481.39,1472.41,1486.42,1471.95,21711,3379425640.0,0.97,-1.14,-16.99,0.17,1489.4,前复权,TuShare Pro daily 日期校验 + 东方财富前复权行情,
600519.SH,贵州茅台,食品饮料,2025-04-15,1472.42,1478.42,1485.42,1465.42,21489,3339942729.0,1.36,0.41,6.01,0.17,1472.41,前复权,TuShare Pro daily 日期校验 + 东方财富前复权行情,
600519.SH,贵州茅台,食品饮料,2025-04-16,1472.42,1479.59,1496.42,1457.42,31156,4834880596.0,2.64,0.08,1.17,0.25,1478.42,前复权,TuShare Pro daily 日期校验 + 东方财富前复权行情,
600519.SH,贵州茅台,食品饮料,2025-04-17,1474.42,1490.42,1496.92,1470.41,23846,3733924973.0,1.79,0.73,10.83,0.19,1479.59,前复权,TuShare Pro daily 日期校验 + 东方财富前复权行情,
600519.SH,贵州茅台,食品饮料,2025-04-18,1486.42,1486.36,1495.42,1476.42,20298,3179974340.0,1.27,-0.27,-4.06,0.16,1490.42,前复权,TuShare Pro daily 日期校验 + 东方财富前复权行情,
600519.SH,贵州茅台,食品饮料,2025-04-21,1485.92,1471.42,1485.92,1471.42,18057,2808158177.0,0.98,-1.01,-14.94,0.14,1486.36,前复权,TuShare Pro daily 日期校验 + 东方财富前复权行情,
600519.SH,贵州茅台,食品饮料,2025-04-22,1470.42,1469.22,1476.72,1463.63,18432,2857525967.0,0.89,-0.15,-2.2,0.15,1471.42,前复权,TuShare Pro daily 日期校验 + 东方财富前复权行情,
600519.SH,贵州茅台,食品饮料,2025-04-23,1479.42,1472.42,1479.64,1465.42,18669,2895468892.0,0.97,0.22,3.2,0.15,1469.22,前复权,TuShare Pro daily 日期校验 + 东方财富前复权行情,
600519.SH,贵州茅台,食品饮料,2025-04-24,1472.42,1472.67,1481.1,1469.4,14872,2313372072.0,0.79,0.02,0.25,0.12,1472.42,前复权,TuShare Pro daily 日期校验 + 东方财富前复权行情,
600519.SH,贵州茅台,食品饮料,2025-04-25,1477.52,1470.42,1481.62,1470.42,14765,2295029705.0,0.76,-0.15,-2.25,0.12,1472.67,前复权,TuShare Pro daily 日期校验 + 东方财富前复权行情,
600519.SH,贵州茅台,食品饮料,2025-04-28,1472.42,1470.42,1475.42,1467.02,14660,2274252465.0,0.57,0.0,0.0,0.12,1470.42,前复权,TuShare Pro daily 日期校验 + 东方财富前复权行情,
600519.SH,贵州茅台,食品饮料,2025-04-29,1470.42,1464.42,1472.96,1452.44,18922,2917422938.0,1.4,-0.41,-6.0,0.15,1470.42,前复权,TuShare Pro daily 日期校验 + 东方财富前复权行情,
600519.SH,贵州茅台,食品饮料,2025-04-30,1470.41,1467.42,1487.08,1466.72,25754,4005439429.0,1.39,0.2,3.0,0.21,1464.42,前复权,TuShare Pro daily 日期校验 + 东方财富前复权行情,
600519.SH,贵州茅台,食品饮料,2025-05-06,1479.42,1470.62,1479.42,1464.75,18300,2838614215.0,1.0,0.22,3.2,0.15,1467.42,前复权,TuShare Pro daily 日期校验 + 东方财富前复权行情,
600519.SH,贵州茅台,食品饮料,2025-05-07,1490.42,1475.42,1490.42,1470.62,27462,4275142569.0,1.35,0.33,4.8,0.22,1470.62,前复权,TuShare Pro daily 日期校验 + 东方财富前复权行情,
600519.SH,贵州茅台,食品饮料,2025-05-08,1473.42,1498.61,1513.2,1470.25,33481,5265446444.0,2.91,1.57,23.19,0.27,1475.42,前复权,TuShare Pro daily 日期校验 + 东方财富前复权行情,
600519.SH,贵州茅台,食品饮料,2025-05-09,1499.41,1511.6,1517.87,1495.47,23672,3757574546.0,1.49,0.87,12.99,0.19,1498.61,前复权,TuShare Pro daily 日期校验 + 东方财富前复权行情,
600519.SH,贵州茅台,食品饮料,2025-05-12,1518.42,1524.92,1539.35,1517.03,24735,3967785800.0,1.48,0.88,13.32,0.2,1511.6,前复权,TuShare Pro daily 日期校验 + 东方财富前复权行情,
600519.SH,贵州茅台,食品饮料,2025-05-13,1529.34,1510.72,1529.34,1505.53,21258,3386617848.0,1.56,-0.93,-14.2,0.17,1524.92,前复权,TuShare Pro daily 日期校验 + 东方财富前复权行情,
600519.SH,贵州茅台,食品饮料,2025-05-14,1510.42,1555.41,1565.42,1508.6,39460,6394735058.0,3.76,2.96,44.69,0.31,1510.72,前复权,TuShare Pro daily 日期校验 + 东方财富前复权行情,
600519.SH,贵州茅台,食品饮料,2025-05-15,1555.22,1552.43,1564.01,1544.55,24733,4043402636.0,1.25,-0.19,-2.98,0.2,1555.41,前复权,TuShare Pro daily 日期校验 + 东方财富前复权行情,
600519.SH,贵州茅台,食品饮料,2025-05-16,1554.41,1534.55,1557.41,1534.55,22935,3714508659.0,1.47,-1.15,-17.88,0.18,1552.43,前复权,TuShare Pro daily 日期校验 + 东方财富前复权行情,
600519.SH,贵州茅台,食品饮料,2025-05-19,1516.42,1499.4,1520.42,1494.3,38063,6021950010.0,1.7,-2.29,-35.15,0.3,1534.55,前复权,TuShare Pro daily 日期校验 + 东方财富前复权行情,
600519.SH,贵州茅台,食品饮料,2025-05-20,1500.42,1506.42,1515.22,1495.52,19522,3095742637.0,1.31,0.47,7.02,0.16,1499.4,前复权,TuShare Pro daily 日期校验 + 东方财富前复权行情,
600519.SH,贵州茅台,食品饮料,2025-05-21,1505.42,1501.39,1516.36,1501.39,19795,3143941416.0,0.99,-0.33,-5.03,0.16,1506.42,前复权,TuShare Pro daily 日期校验 + 东方财富前复权行情,
600519.SH,贵州茅台,食品饮料,2025-05-22,1501.41,1500.42,1505.41,1490.52,15090,2381236586.0,0.99,-0.06,-0.97,0.12,1501.39,前复权,TuShare Pro daily 日期校验 + 东方财富前复权行情,
600519.SH,贵州茅台,食品饮料,2025-05-23,1495.62,1493.02,1508.32,1492.08,21537,3399424961.0,1.08,-0.49,-7.4,0.17,1500.42,前复权,TuShare Pro daily 日期校验 + 东方财富前复权行情,
600519.SH,贵州茅台,食品饮料,2025-05-26,1490.42,1470.92,1495.05,1465.42,27087,4212944430.0,1.98,-1.48,-22.1,0.22,1493.02,前复权,TuShare Pro daily 日期校验 + 东方财富前复权行情,
600519.SH,贵州茅台,食品饮料,2025-05-27,1471.42,1464.32,1479.02,1463.93,17752,2748945675.0,1.03,-0.45,-6.6,0.14,1470.92,前复权,TuShare Pro daily 日期校验 + 东方财富前复权行情,
600519.SH,贵州茅台,食品饮料,2025-05-28,1464.41,1457.42,1466.88,1453.42,16266,2504624605.0,0.92,-0.47,-6.9,0.13,1464.32,前复权,TuShare Pro daily 日期校验 + 东方财富前复权行情,
600519.SH,贵州茅台,食品饮料,2025-05-29,1460.42,1460.42,1475.42,1452.42,21860,3375465796.0,1.58,0.21,3.0,0.17,1457.42,前复权,TuShare Pro daily 日期校验 + 东方财富前复权行情,
600519.SH,贵州茅台,食品饮料,2025-05-30,1460.57,1442.42,1465.42,1435.66,31239,4764875947.0,2.04,-1.23,-18.0,0.25,1460.42,前复权,TuShare Pro daily 日期校验 + 东方财富前复权行情,
600519.SH,贵州茅台,食品饮料,2025-06-03,1428.43,1429.42,1439.42,1425.44,28979,4377892799.0,0.97,-0.9,-13.0,0.23,1442.42,前复权,TuShare Pro daily 日期校验 + 东方财富前复权行情,
600519.SH,贵州茅台,食品饮料,2025-06-04,1430.92,1430.38,1443.42,1429.64,23008,3480363797.0,0.96,0.07,0.96,0.18,1429.42,前复权,TuShare Pro daily 日期校验 + 东方财富前复权行情,
600519.SH,贵州茅台,食品饮料,2025-06-05,1434.42,1434.42,1436.42,1422.62,23214,3504925524.0,0.96,0.28,4.04,0.18,1430.38,前复权,TuShare Pro daily 日期校验 + 东方财富前复权行情,
600519.SH,贵州茅台,食品饮料,2025-06-06,1434.22,1426.81,1439.39,1423.42,25023,3777727616.0,1.11,-0.53,-7.61,0.2,1434.42,前复权,TuShare Pro daily 日期校验 + 东方财富前复权行情,
600519.SH,贵州茅台,食品饮料,2025-06-09,1425.44,1406.53,1429.12,1406.1,44959,6723839138.0,1.61,-1.42,-20.28,0.36,1426.81,前复权,TuShare Pro daily 日期校验 + 东方财富前复权行情,
600519.SH,贵州茅台,食品饮料,2025-06-10,1406.42,1395.43,1412.42,1395.22,30492,4511934584.0,1.22,-0.79,-11.1,0.24,1406.53,前复权,TuShare Pro daily 日期校验 + 东方财富前复权行情,
600519.SH,贵州茅台,食品饮料,2025-06-11,1397.22,1400.42,1414.42,1396.52,30893,4585522755.0,1.28,0.36,4.99,0.25,1395.43,前复权,TuShare Pro daily 日期校验 + 东方财富前复权行情,
600519.SH,贵州茅台,食品饮料,2025-06-12,1400.42,1379.42,1404.29,1374.52,49904,7306800800.0,2.13,-1.5,-21.0,0.4,1400.42,前复权,TuShare Pro daily 日期校验 + 东方财富前复权行情,
600519.SH,贵州茅台,食品饮料,2025-06-13,1364.83,1347.37,1370.39,1345.48,59113,8466515559.0,1.81,-2.32,-32.05,0.47,1379.42,前复权,TuShare Pro daily 日期校验 + 东方财富前复权行情,
600519.SH,贵州茅台,食品饮料,2025-06-16,1321.62,1342.71,1345.46,1321.6,42888,6060448438.0,1.77,-0.35,-4.66,0.34,1347.37,前复权,TuShare Pro daily 日期校验 + 东方财富前复权行情,
600519.SH,贵州茅台,食品饮料,2025-06-17,1340.42,1347.42,1347.42,1332.6,27232,3868364671.0,1.1,0.35,4.71,0.22,1342.71,前复权,TuShare Pro daily 日期校验 + 东方财富前复权行情,
600519.SH,贵州茅台,食品饮料,2025-06-18,1360.42,1345.42,1363.86,1341.43,30761,4404131364.0,1.66,-0.15,-2.0,0.24,1347.42,前复权,TuShare Pro daily 日期校验 + 东方财富前复权行情,
600519.SH,贵州茅台,食品饮料,2025-06-19,1346.42,1346.42,1354.09,1337.6,24501,3490268568.0,1.23,0.07,1.0,0.2,1345.42,前复权,TuShare Pro daily 日期校验 + 东方财富前复权行情,
600519.SH,贵州茅台,食品饮料,2025-06-20,1344.0,1349.08,1361.56,1340.62,34816,4990683314.0,1.56,0.2,2.66,0.28,1346.42,前复权,TuShare Pro daily 日期校验 + 东方财富前复权行情,
600519.SH,贵州茅台,食品饮料,2025-06-23,1340.42,1340.42,1353.42,1325.6,26723,3794012343.0,2.06,-0.64,-8.66,0.21,1349.08,前复权,TuShare Pro daily 日期校验 + 东方财富前复权行情,
600519.SH,贵州茅台,食品饮料,2025-06-24,1343.77,1357.62,1372.1,1343.77,36312,5229183514.0,2.11,1.28,17.2,0.29,1340.42,前复权,TuShare Pro daily 日期校验 + 东方财富前复权行情,
600519.SH,贵州茅台,食品饮料,2025-06-25,1359.53,1356.28,1369.62,1340.93,41050,5869292227.0,2.11,-0.1,-1.34,0.33,1357.62,前复权,TuShare Pro daily 日期校验 + 东方财富前复权行情,
600519.SH,贵州茅台,食品饮料,2025-06-26,1363.02,1368.02,1376.02,1358.1,34860,4955829982.0,1.32,0.87,11.74,0.28,1356.28,前复权,TuShare Pro daily 日期校验 + 东方财富前复权行情,
600519.SH,贵州茅台,食品饮料,2025-06-27,1368.03,1351.11,1371.02,1351.11,38250,5404312675.0,1.46,-1.24,-16.91,0.3,1368.02,前复权,TuShare Pro daily 日期校验 + 东方财富前复权行情,
600519.SH,贵州茅台,食品饮料,2025-06-30,1351.52,1357.54,1361.25,1350.02,30457,4287373691.0,0.83,0.48,6.43,0.24,1351.11,前复权,TuShare Pro daily 日期校验 + 东方财富前复权行情,
600519.SH,贵州茅台,食品饮料,2025-07-01,1357.02,1353.12,1359.96,1351.33,19878,2794423203.0,0.64,-0.33,-4.42,0.16,1357.54,前复权,TuShare Pro daily 日期校验 + 东方财富前复权行情,
600519.SH,贵州茅台,食品饮料,2025-07-02,1357.52,1357.62,1362.82,1348.02,26218,3689246316.0,1.09,0.33,4.5,0.21,1353.12,前复权,TuShare Pro daily 日期校验 + 东方财富前复权行情,
600519.SH,贵州茅台,食品饮料,2025-07-03,1360.02,1363.62,1370.71,1356.02,24413,3456733002.0,1.08,0.44,6.0,0.19,1357.62,前复权,TuShare Pro daily 日期校验 + 东方财富前复权行情,
600519.SH,贵州茅台,食品饮料,2025-07-04,1363.72,1370.24,1379.91,1358.03,28767,4086547268.0,1.6,0.49,6.62,0.23,1363.62,前复权,TuShare Pro daily 日期校验 + 东方财富前复权行情,
600519.SH,贵州茅台,食品饮料,2025-07-07,1370.3,1358.72,1371.52,1358.03,23855,3370562659.0,0.98,-0.84,-11.52,0.19,1370.24,前复权,TuShare Pro daily 日期校验 + 东方财富前复权行情,
600519.SH,贵州茅台,食品饮料,2025-07-08,1358.73,1364.13,1368.02,1358.72,18674,2643302691.0,0.68,0.4,5.41,0.15,1358.72,前复权,TuShare Pro daily 日期校验 + 东方财富前复权行情,
600519.SH,贵州茅台,食品饮料,2025-07-09,1363.02,1366.9,1377.99,1362.19,27745,3950810723.0,1.16,0.2,2.77,0.22,1364.13,前复权,TuShare Pro daily 日期校验 + 东方财富前复权行情,
600519.SH,贵州茅台,食品饮料,2025-07-10,1366.99,1374.52,1384.2,1358.42,38725,5503329754.0,1.89,0.56,7.62,0.31,1366.9,前复权,TuShare Pro daily 日期校验 + 东方财富前复权行情,
600519.SH,贵州茅台,食品饮料,2025-07-11,1371.18,1375.02,1406.02,1371.18,57243,8239010390.0,2.53,0.04,0.5,0.46,1374.52,前复权,TuShare Pro daily 日期校验 + 东方财富前复权行情,
600519.SH,贵州茅台,食品饮料,2025-07-14,1378.02,1371.62,1383.0,1369.62,27781,3961736006.0,0.97,-0.25,-3.4,0.22,1375.02,前复权,TuShare Pro daily 日期校验 + 东方财富前复权行情,
600519.SH,贵州茅台,食品饮料,2025-07-15,1369.0,1359.02,1370.95,1356.34,35406,5005150165.0,1.07,-0.92,-12.6,0.28,1371.62,前复权,TuShare Pro daily 日期校验 + 东方财富前复权行情,
600519.SH,贵州茅台,食品饮料,2025-07-16,1358.03,1359.05,1365.51,1357.97,21286,3006882579.0,0.55,0.0,0.03,0.17,1359.02,前复权,TuShare Pro daily 日期校验 + 东方财富前复权行情,
600519.SH,贵州茅台,食品饮料,2025-07-17,1362.0,1364.37,1371.03,1360.9,23106,3273100406.0,0.75,0.39,5.32,0.18,1359.05,前复权,TuShare Pro daily 日期校验 + 东方财富前复权行情,
600519.SH,贵州茅台,食品饮料,2025-07-18,1368.02,1385.02,1385.83,1364.4,41823,5984949774.0,1.57,1.51,20.65,0.33,1364.37,前复权,TuShare Pro daily 日期校验 + 东方财富前复权行情,
600519.SH,贵州茅台,食品饮料,2025-07-21,1385.01,1391.02,1394.82,1383.02,26203,3779891829.0,0.85,0.43,6.0,0.21,1385.02,前复权,TuShare Pro daily 日期校验 + 东方财富前复权行情,
600519.SH,贵州茅台,食品饮料,2025-07-22,1392.02,1413.0,1414.62,1388.7,42119,6127636851.0,1.86,1.58,21.98,0.34,1391.02,前复权,TuShare Pro daily 日期校验 + 东方财富前复权行情,
600519.SH,贵州茅台,食品饮料,2025-07-23,1417.02,1423.52,1443.02,1416.97,45045,6676301462.0,1.84,0.74,10.52,0.36,1413.0,前复权,TuShare Pro daily 日期校验 + 东方财富前复权行情,
600519.SH,贵州茅台,食品饮料,2025-07-24,1424.02,1439.52,1447.02,1423.02,38804,5786337377.0,1.69,1.12,16.0,0.31,1423.52,前复权,TuShare Pro daily 日期校验 + 东方财富前复权行情,
600519.SH,贵州茅台,食品饮料,2025-07-25,1439.42,1403.02,1439.42,1401.02,41911,6140078741.0,2.67,-2.54,-36.5,0.33,1439.52,前复权,TuShare Pro daily 日期校验 + 东方财富前复权行情,
600519.SH,贵州茅台,食品饮料,2025-07-28,1401.02,1386.68,1403.01,1384.32,38586,5560966386.0,1.33,-1.16,-16.34,0.31,1403.02,前复权,TuShare Pro daily 日期校验 + 东方财富前复权行情,
600519.SH,贵州茅台,食品饮料,2025-07-29,1387.62,1387.02,1396.81,1383.03,26304,3785848102.0,0.99,0.02,0.34,0.21,1386.68,前复权,TuShare Pro daily 日期校验 + 东方财富前复权行情,
600519.SH,贵州茅台,食品饮料,2025-07-30,1392.02,1397.46,1405.18,1385.02,31868,4612883040.0,1.45,0.75,10.44,0.25,1387.02,前复权,TuShare Pro daily 日期校验 + 东方财富前复权行情,
600519.SH,贵州茅台,食品饮料,2025-07-31,1391.02,1369.69,1392.89,1366.02,51798,7386302758.0,1.92,-1.99,-27.77,0.41,1397.46,前复权,TuShare Pro daily 日期校验 + 东方财富前复权行情,
600519.SH,贵州茅台,食品饮料,2025-08-01,1369.89,1365.02,1373.98,1362.02,29636,4200850790.0,0.87,-0.34,-4.67,0.24,1369.69,前复权,TuShare Pro daily 日期校验 + 东方财富前复权行情,
600519.SH,贵州茅台,食品饮料,2025-08-04,1363.02,1367.02,1367.82,1362.02,18688,2647105740.0,0.42,0.15,2.0,0.15,1365.02,前复权,TuShare Pro daily 日期校验 + 东方财富前复权行情,
600519.SH,贵州茅台,食品饮料,2025-08-05,1369.02,1375.76,1377.96,1365.13,25342,3607931488.0,0.94,0.64,8.74,0.2,1367.02,前复权,TuShare Pro daily 日期校验 + 东方财富前复权行情,
600519.SH,贵州茅台,食品饮料,2025-08-06,1377.02,1371.9,1377.02,1367.32,23699,3372334940.0,0.71,-0.28,-3.86,0.19,1375.76,前复权,TuShare Pro daily 日期校验 + 东方财富前复权行情,
600519.SH,贵州茅台,食品饮料,2025-08-07,1371.9,1370.37,1375.72,1368.08,28001,3988765795.0,0.56,-0.11,-1.53,0.22,1371.9,前复权,TuShare Pro daily 日期校验 + 东方财富前复权行情,
600519.SH,贵州茅台,食品饮料,2025-08-08,1371.07,1368.99,1374.52,1366.02,18655,2651478118.0,0.62,-0.1,-1.38,0.15,1370.37,前复权,TuShare Pro daily 日期校验 + 东方财富前复权行情,
600519.SH,贵州茅台,食品饮料,2025-08-11,1371.52,1393.02,1400.01,1371.02,47159,6794034090.0,2.12,1.76,24.03,0.38,1368.99,前复权,TuShare Pro daily 日期校验 + 东方财富前复权行情,
600519.SH,贵州茅台,食品饮料,2025-08-12,1397.02,1385.06,1413.09,1384.02,42019,6095342036.0,2.09,-0.57,-7.96,0.33,1393.02,前复权,TuShare Pro daily 日期校验 + 东方财富前复权行情,
600519.SH,贵州茅台,食品饮料,2025-08-13,1373.02,1368.07,1381.7,1368.02,65528,9325460101.0,0.99,-1.23,-16.99,0.52,1385.06,前复权,TuShare Pro daily 日期校验 + 东方财富前复权行情,
600519.SH,贵州茅台,食品饮料,2025-08-14,1368.96,1375.01,1395.53,1368.96,48129,6897535330.0,1.94,0.51,6.94,0.38,1368.07,前复权,TuShare Pro daily 日期校验 + 东方财富前复权行情,
600519.SH,贵州茅台,食品饮料,2025-08-15,1374.03,1370.1,1376.68,1368.24,47582,6772436997.0,0.61,-0.36,-4.91,0.38,1375.01,前复权,TuShare Pro daily 日期校验 + 东方财富前复权行情,
600519.SH,贵州茅台,食品饮料,2025-08-18,1375.01,1376.52,1384.66,1371.12,47378,6773477871.0,0.99,0.47,6.42,0.38,1370.1,前复权,TuShare Pro daily 日期校验 + 东方财富前复权行情,
600519.SH,贵州茅台,食品饮料,2025-08-19,1381.52,1386.02,1394.68,1380.02,46372,6678541001.0,1.07,0.69,9.5,0.37,1376.52,前复权,TuShare Pro daily 日期校验 + 东方财富前复权行情,
600519.SH,贵州茅台,食品饮料,2025-08-20,1386.02,1398.02,1400.82,1378.04,45805,6623095725.0,1.64,0.87,12.0,0.36,1386.02,前复权,TuShare Pro daily 日期校验 + 东方财富前复权行情,
600519.SH,贵州茅台,食品饮料,2025-08-21,1401.47,1396.27,1403.01,1391.67,30891,4470441662.0,0.81,-0.13,-1.75,0.25,1398.02,前复权,TuShare Pro daily 日期校验 + 东方财富前复权行情,
600519.SH,贵州茅台,食品饮料,2025-08-22,1396.9,1411.97,1412.02,1392.79,44971,6544867368.0,1.38,1.12,15.7,0.36,1396.27,前复权,TuShare Pro daily 日期校验 + 东方财富前复权行情,
600519.SH,贵州茅台,食品饮料,2025-08-25,1418.03,1438.35,1444.02,1414.02,65325,9676719498.0,2.12,1.87,26.38,0.52,1411.97,前复权,TuShare Pro daily 日期校验 + 东方财富前复权行情,
600519.SH,贵州茅台,食品饮料,2025-08-26,1438.34,1429.63,1442.25,1428.03,39602,5883917000.0,0.99,-0.61,-8.72,0.32,1438.35,前复权,TuShare Pro daily 日期校验 + 东方财富前复权行情,
600519.SH,贵州茅台,食品饮料,2025-08-27,1429.9,1396.02,1432.95,1396.02,56006,8184169113.0,2.58,-2.35,-33.61,0.45,1429.63,前复权,TuShare Pro daily 日期校验 + 东方财富前复权行情,
600519.SH,贵州茅台,食品饮料,2025-08-28,1395.99,1394.12,1404.12,1386.79,39282,5683673273.0,1.24,-0.14,-1.9,0.31,1396.02,前复权,TuShare Pro daily 日期校验 + 东方财富前复权行情,
600519.SH,贵州茅台,食品饮料,2025-08-29,1401.02,1428.02,1430.6,1400.02,62256,9159701454.0,2.19,2.43,33.9,0.5,1394.12,前复权,TuShare Pro daily 日期校验 + 东方财富前复权行情,
600519.SH,贵州茅台,食品饮料,2025-09-01,1430.22,1424.12,1436.02,1413.72,45123,6658918555.0,1.56,-0.27,-3.9,0.36,1428.02,前复权,TuShare Pro daily 日期校验 + 东方财富前复权行情,
600519.SH,贵州茅台,食品饮料,2025-09-02,1426.68,1439.32,1457.02,1426.02,56688,8470012816.0,2.18,1.07,15.2,0.45,1424.12,前复权,TuShare Pro daily 日期校验 + 东方财富前复权行情,
600519.SH,贵州茅台,食品饮料,2025-09-03,1439.02,1428.57,1451.52,1414.02,45045,6656011145.0,2.61,-0.75,-10.75,0.36,1439.32,前复权,TuShare Pro daily 日期校验 + 东方财富前复权行情,
600519.SH,贵州茅台,食品饮料,2025-09-04,1420.02,1420.68,1427.32,1408.49,47747,7017084750.0,1.32,-0.55,-7.89,0.38,1428.57,前复权,TuShare Pro daily 日期校验 + 东方财富前复权行情,
600519.SH,贵州茅台,食品饮料,2025-09-05,1419.02,1431.02,1434.99,1412.02,37388,5519312163.0,1.62,0.73,10.34,0.3,1420.68,前复权,TuShare Pro daily 日期校验 + 东方财富前复权行情,
600519.SH,贵州茅台,食品饮料,2025-09-08,1431.02,1449.25,1454.46,1425.52,51383,7682065696.0,2.02,1.27,18.23,0.41,1431.02,前复权,TuShare Pro daily 日期校验 + 东方财富前复权行情,
600519.SH,贵州茅台,食品饮料,2025-09-09,1453.02,1453.02,1457.97,1441.44,35743,5366650005.0,1.14,0.26,3.77,0.29,1449.25,前复权,TuShare Pro daily 日期校验 + 东方财富前复权行情,
600519.SH,贵州茅台,食品饮料,2025-09-10,1454.68,1470.03,1477.97,1444.02,49663,7541460049.0,2.34,1.17,17.01,0.4,1453.02,前复权,TuShare Pro daily 日期校验 + 东方财富前复权行情,
600519.SH,贵州茅台,食品饮料,2025-09-11,1470.03,1471.52,1474.04,1456.52,37239,5642778456.0,1.19,0.1,1.49,0.3,1470.03,前复权,TuShare Pro daily 日期校验 + 东方财富前复权行情,
600519.SH,贵州茅台,食品饮料,2025-09-12,1474.02,1464.02,1486.04,1458.55,33722,5132184935.0,1.87,-0.51,-7.5,0.27,1471.52,前复权,TuShare Pro daily 日期校验 + 东方财富前复权行情,
600519.SH,贵州茅台,食品饮料,2025-09-15,1463.89,1463.12,1465.5,1449.52,25827,3901929718.0,1.09,-0.06,-0.9,0.21,1464.02,前复权,TuShare Pro daily 日期校验 + 东方财富前复权行情,
600519.SH,贵州茅台,食品饮料,2025-09-16,1463.12,1448.0,1469.01,1444.23,32718,4928374478.0,1.69,-1.03,-15.12,0.26,1463.12,前复权,TuShare Pro daily 日期校验 + 东方财富前复权行情,
600519.SH,贵州茅台,食品饮料,2025-09-17,1448.01,1441.02,1458.3,1438.03,30331,4534770634.0,1.4,-0.48,-6.98,0.24,1448.0,前复权,TuShare Pro daily 日期校验 + 东方财富前复权行情,
600519.SH,贵州茅台,食品饮料,2025-09-18,1440.02,1415.98,1445.82,1411.52,49721,7347477479.0,2.38,-1.74,-25.04,0.4,1441.02,前复权,TuShare Pro daily 日期校验 + 东方财富前复权行情,
600519.SH,贵州茅台,食品饮料,2025-09-19,1416.01,1415.99,1423.52,1405.03,32637,4784528851.0,1.31,0.0,0.01,0.26,1415.98,前复权,TuShare Pro daily 日期校验 + 东方财富前复权行情,
600519.SH,贵州茅台,食品饮料,2025-09-22,1413.11,1401.37,1415.99,1398.03,34947,5085057536.0,1.27,-1.03,-14.62,0.28,1415.99,前复权,TuShare Pro daily 日期校验 + 东方财富前复权行情,
600519.SH,贵州茅台,食品饮料,2025-09-23,1398.52,1395.44,1405.52,1388.02,38663,5588384388.0,1.25,-0.42,-5.93,0.31,1401.37,前复权,TuShare Pro daily 日期校验 + 东方财富前复权行情,
600519.SH,贵州茅台,食品饮料,2025-09-24,1382.09,1390.02,1404.8,1382.09,30744,4443052872.0,1.63,-0.39,-5.42,0.25,1395.44,前复权,TuShare Pro daily 日期校验 + 东方财富前复权行情,
600519.SH,贵州茅台,食品饮料,2025-09-25,1390.85,1387.02,1393.23,1384.02,33870,4873274661.0,0.66,-0.22,-3.0,0.27,1390.02,前复权,TuShare Pro daily 日期校验 + 东方财富前复权行情,
600519.SH,贵州茅台,食品饮料,2025-09-26,1389.2,1383.02,1395.13,1376.03,45121,6480889597.0,1.38,-0.29,-4.0,0.36,1387.02,前复权,TuShare Pro daily 日期校验 + 东方财富前复权行情,
600519.SH,贵州茅台,食品饮料,2025-09-29,1387.4,1408.88,1418.01,1383.02,53684,7798434586.0,2.53,1.87,25.86,0.43,1383.02,前复权,TuShare Pro daily 日期校验 + 东方财富前复权行情,
600519.SH,贵州茅台,食品饮料,2025-09-30,1408.02,1392.01,1408.78,1388.02,39364,5687474876.0,1.47,-1.2,-16.87,0.31,1408.88,前复权,TuShare Pro daily 日期校验 + 东方财富前复权行情,
600519.SH,贵州茅台,食品饮料,2025-10-09,1384.02,1384.8,1387.4,1368.02,54918,7845448947.0,1.39,-0.52,-7.21,0.44,1392.01,前复权,TuShare Pro daily 日期校验 + 东方财富前复权行情,
600519.SH,贵州茅台,食品饮料,2025-10-10,1385.62,1378.02,1387.96,1375.52,36001,5157459262.0,0.9,-0.49,-6.78,0.29,1384.8,前复权,TuShare Pro daily 日期校验 + 东方财富前复权行情,
600519.SH,贵州茅台,食品饮料,2025-10-13,1363.72,1367.22,1370.87,1363.14,46069,6533147458.0,0.56,-0.78,-10.8,0.37,1378.02,前复权,TuShare Pro daily 日期校验 + 东方财富前复权行情,
600519.SH,贵州茅台,食品饮料,2025-10-14,1378.01,1399.04,1412.02,1378.01,66672,9639484605.0,2.49,2.33,31.82,0.53,1367.22,前复权,TuShare Pro daily 日期校验 + 东方财富前复权行情,
600519.SH,贵州茅台,食品饮料,2025-10-15,1399.0,1410.02,1411.02,1393.1,42785,6233407482.0,1.28,0.78,10.98,0.34,1399.04,前复权,TuShare Pro daily 日期校验 + 东方财富前复权行情,
600519.SH,贵州茅台,食品饮料,2025-10-16,1409.94,1432.93,1432.97,1406.9,45730,6749162949.0,1.85,1.62,22.91,0.37,1410.02,前复权,TuShare Pro daily 日期校验 + 东方财富前复权行情,
600519.SH,贵州茅台,食品饮料,2025-10-17,1431.12,1403.02,1436.02,1402.05,38086,5594724900.0,2.37,-2.09,-29.91,0.3,1432.93,前复权,TuShare Pro daily 日期校验 + 东方财富前复权行情,
600519.SH,贵州茅台,食品饮料,2025-10-20,1403.02,1405.95,1417.52,1402.9,25950,3793283759.0,1.04,0.21,2.93,0.21,1403.02,前复权,TuShare Pro daily 日期校验 + 东方财富前复权行情,
600519.SH,贵州茅台,食品饮料,2025-10-21,1407.02,1410.28,1417.96,1403.52,25443,3727984130.0,1.03,0.31,4.33,0.2,1405.95,前复权,TuShare Pro daily 日期校验 + 东方财富前复权行情,
600519.SH,贵州茅台,食品饮料,2025-10-22,1410.1,1406.72,1413.75,1404.02,18195,2657486636.0,0.69,-0.25,-3.56,0.15,1410.28,前复权,TuShare Pro daily 日期校验 + 东方财富前复权行情,
600519.SH,贵州茅台,食品饮料,2025-10-23,1403.02,1416.0,1416.82,1395.22,29322,4274652090.0,1.54,0.66,9.28,0.23,1406.72,前复权,TuShare Pro daily 日期校验 + 东方财富前复权行情,
600519.SH,贵州茅台,食品饮料,2025-10-24,1415.97,1398.02,1426.9,1397.36,38226,5578603148.0,2.09,-1.27,-17.98,0.31,1416.0,前复权,TuShare Pro daily 日期校验 + 东方财富前复权行情,
600519.SH,贵州茅台,食品饮料,2025-10-27,1388.02,1388.43,1400.51,1384.01,37102,5352667152.0,1.18,-0.69,-9.59,0.3,1398.02,前复权,TuShare Pro daily 日期校验 + 东方财富前复权行情,
600519.SH,贵州茅台,食品饮料,2025-10-28,1390.02,1393.02,1399.22,1389.12,27124,3923817140.0,0.73,0.33,4.59,0.22,1388.43,前复权,TuShare Pro daily 日期校验 + 东方财富前复权行情,
600519.SH,贵州茅台,食品饮料,2025-10-29,1388.04,1379.92,1394.57,1378.06,33937,4868780319.0,1.19,-0.94,-13.1,0.27,1393.02,前复权,TuShare Pro daily 日期校验 + 东方财富前复权行情,
600519.SH,贵州茅台,食品饮料,2025-10-30,1369.83,1374.76,1384.65,1369.83,47456,6768821311.0,1.07,-0.37,-5.16,0.38,1379.92,前复权,TuShare Pro daily 日期校验 + 东方财富前复权行情,
600519.SH,贵州茅台,食品饮料,2025-10-31,1370.02,1378.03,1384.0,1368.13,35694,5109623861.0,1.15,0.24,3.27,0.29,1374.76,前复权,TuShare Pro daily 日期校验 + 东方财富前复权行情,
600519.SH,贵州茅台,食品饮料,2025-11-03,1379.02,1383.02,1396.02,1368.12,34548,4945310830.0,2.02,0.36,4.99,0.28,1378.03,前复权,TuShare Pro daily 日期校验 + 东方财富前复权行情,
600519.SH,贵州茅台,食品饮料,2025-11-04,1383.12,1377.02,1383.8,1371.8,26566,3793892903.0,0.87,-0.43,-6.0,0.21,1383.02,前复权,TuShare Pro daily 日期校验 + 东方财富前复权行情,
600519.SH,贵州茅台,食品饮料,2025-11-05,1373.91,1368.1,1379.01,1368.03,34475,4908475373.0,0.8,-0.65,-8.92,0.28,1377.02,前复权,TuShare Pro daily 日期校验 + 东方财富前复权行情,
600519.SH,贵州茅台,食品饮料,2025-11-06,1378.02,1383.15,1389.47,1378.01,38348,5505960415.0,0.84,1.1,15.05,0.31,1368.1,前复权,TuShare Pro daily 日期校验 + 东方财富前复权行情,
600519.SH,贵州茅台,食品饮料,2025-11-07,1383.13,1381.35,1387.8,1379.13,18861,2704995856.0,0.63,-0.13,-1.8,0.15,1383.15,前复权,TuShare Pro daily 日期校验 + 东方财富前复权行情,
600519.SH,贵州茅台,食品饮料,2025-11-10,1383.02,1410.32,1411.71,1383.0,49452,7181246441.0,2.08,2.1,28.97,0.39,1381.35,前复权,TuShare Pro daily 日期校验 + 东方财富前复权行情,
600519.SH,贵州茅台,食品饮料,2025-11-11,1410.02,1407.01,1410.2,1395.02,26692,3882776772.0,1.08,-0.23,-3.31,0.21,1410.32,前复权,TuShare Pro daily 日期校验 + 东方财富前复权行情,
600519.SH,贵州茅台,食品饮料,2025-11-12,1408.0,1413.17,1426.38,1407.23,32992,4849073051.0,1.36,0.44,6.16,0.26,1407.01,前复权,TuShare Pro daily 日期校验 + 东方财富前复权行情,
600519.SH,贵州茅台,食品饮料,2025-11-13,1410.14,1418.4,1421.6,1406.02,31179,4569178269.0,1.1,0.37,5.23,0.25,1413.17,前复权,TuShare Pro daily 日期校验 + 东方财富前复权行情,
600519.SH,贵州茅台,食品饮料,2025-11-14,1418.02,1404.62,1426.97,1404.32,27473,4031007106.0,1.6,-0.97,-13.78,0.22,1418.4,前复权,TuShare Pro daily 日期校验 + 东方财富前复权行情,
600519.SH,贵州茅台,食品饮料,2025-11-17,1402.02,1419.02,1421.02,1393.81,34462,5035780027.0,1.94,1.03,14.4,0.28,1404.62,前复权,TuShare Pro daily 日期校验 + 东方财富前复权行情,
600519.SH,贵州茅台,食品饮料,2025-11-18,1418.72,1424.02,1434.09,1417.02,34205,5055675474.0,1.2,0.35,5.0,0.27,1419.02,前复权,TuShare Pro daily 日期校验 + 东方财富前复权行情,
600519.SH,贵州茅台,食品饮料,2025-11-19,1422.02,1419.03,1427.55,1417.98,22045,3249449214.0,0.67,-0.35,-4.99,0.18,1424.02,前复权,TuShare Pro daily 日期校验 + 东方财富前复权行情,
600519.SH,贵州茅台,食品饮料,2025-11-20,1420.02,1415.13,1427.92,1413.05,24002,3531653943.0,1.05,-0.27,-3.9,0.19,1419.03,前复权,TuShare Pro daily 日期校验 + 东方财富前复权行情,
600519.SH,贵州茅台,食品饮料,2025-11-21,1418.52,1414.62,1428.02,1404.02,42607,6259873433.0,1.7,-0.04,-0.51,0.34,1415.13,前复权,TuShare Pro daily 日期校验 + 东方财富前复权行情,
600519.SH,贵州茅台,食品饮料,2025-11-24,1415.02,1400.02,1419.02,1399.15,33607,4901903705.0,1.4,-1.03,-14.6,0.27,1414.62,前复权,TuShare Pro daily 日期校验 + 东方财富前复权行情,
600519.SH,贵州茅台,食品饮料,2025-11-25,1406.02,1392.67,1406.02,1392.52,28441,4119930011.0,0.96,-0.52,-7.35,0.23,1400.02,前复权,TuShare Pro daily 日期校验 + 东方财富前复权行情,
600519.SH,贵州茅台,食品饮料,2025-11-26,1396.9,1397.17,1401.51,1391.6,20306,2938818095.0,0.71,0.32,4.5,0.16,1392.67,前复权,TuShare Pro daily 日期校验 + 东方财富前复权行情,
600519.SH,贵州茅台,食品饮料,2025-11-27,1397.52,1395.32,1398.02,1387.06,22287,3216797187.0,0.78,-0.13,-1.85,0.18,1397.17,前复权,TuShare Pro daily 日期校验 + 东方财富前复权行情,
600519.SH,贵州茅台,食品饮料,2025-11-28,1394.52,1398.52,1403.52,1391.02,23211,3366696622.0,0.9,0.23,3.2,0.19,1395.32,前复权,TuShare Pro daily 日期校验 + 东方财富前复权行情,
600519.SH,贵州茅台,食品饮料,2025-12-01,1399.02,1396.02,1410.29,1390.02,27333,3961994999.0,1.45,-0.18,-2.5,0.22,1398.52,前复权,TuShare Pro daily 日期校验 + 东方财富前复权行情,
600519.SH,贵州茅台,食品饮料,2025-12-02,1396.02,1384.05,1399.94,1383.04,25047,3607543825.0,1.21,-0.86,-11.97,0.2,1396.02,前复权,TuShare Pro daily 日期校验 + 东方财富前复权行情,
600519.SH,贵州茅台,食品饮料,2025-12-03,1383.83,1377.12,1383.99,1376.02,23573,3370080066.0,0.58,-0.5,-6.93,0.19,1384.05,前复权,TuShare Pro daily 日期校验 + 东方财富前复权行情,
600519.SH,贵州茅台,食品饮料,2025-12-04,1377.12,1372.0,1380.52,1366.4,29075,4134921902.0,1.03,-0.37,-5.12,0.23,1377.12,前复权,TuShare Pro daily 日期校验 + 东方财富前复权行情,
600519.SH,贵州茅台,食品饮料,2025-12-05,1372.0,1378.03,1381.11,1367.52,25402,3622681597.0,0.99,0.44,6.03,0.2,1372.0,前复权,TuShare Pro daily 日期校验 + 东方财富前复权行情,
600519.SH,贵州茅台,食品饮料,2025-12-08,1377.22,1366.24,1384.69,1366.02,33603,4789155770.0,1.35,-0.86,-11.79,0.27,1378.03,前复权,TuShare Pro daily 日期校验 + 东方财富前复权行情,
600519.SH,贵州茅台,食品饮料,2025-12-09,1366.25,1349.03,1369.02,1348.07,42634,5995722121.0,1.53,-1.26,-17.21,0.34,1366.24,前复权,TuShare Pro daily 日期校验 + 东方财富前复权行情,
600519.SH,贵州茅台,食品饮料,2025-12-10,1348.02,1350.82,1350.82,1331.2,33133,4625906139.0,1.45,0.13,1.79,0.26,1349.03,前复权,TuShare Pro daily 日期校验 + 东方财富前复权行情,
600519.SH,贵州茅台,食品饮料,2025-12-11,1354.68,1360.01,1360.01,1349.57,22385,3149974074.0,0.77,0.68,9.19,0.18,1350.82,前复权,TuShare Pro daily 日期校验 + 东方财富前复权行情,
600519.SH,贵州茅台,食品饮料,2025-12-12,1366.02,1368.67,1373.02,1361.59,37159,5273563274.0,0.84,0.64,8.66,0.3,1360.01,前复权,TuShare Pro daily 日期校验 + 东方财富前复权行情,
600519.SH,贵州茅台,食品饮料,2025-12-15,1387.61,1374.02,1388.01,1373.59,33359,4774362060.0,1.05,0.39,5.35,0.27,1368.67,前复权,TuShare Pro daily 日期校验 + 东方财富前复权行情,
600519.SH,贵州茅台,食品饮料,2025-12-16,1374.22,1370.02,1376.8,1363.02,23964,3403139194.0,1.0,-0.29,-4.0,0.19,1374.02,前复权,TuShare Pro daily 日期校验 + 东方财富前复权行情,
600519.SH,贵州茅台,食品饮料,2025-12-17,1373.02,1381.12,1387.96,1365.7,31382,4489482138.0,1.62,0.81,11.1,0.25,1370.02,前复权,TuShare Pro daily 日期校验 + 东方财富前复权行情,
600519.SH,贵州茅台,食品饮料,2025-12-18,1381.52,1379.02,1386.9,1374.13,17830,2551177659.0,0.92,-0.15,-2.1,0.14,1381.12,前复权,TuShare Pro daily 日期校验 + 东方财富前复权行情,
600519.SH,贵州茅台,食品饮料,2025-12-19,1381.98,1381.98,1384.43,1372.99,26509,3733028357.0,0.83,0.21,2.96,0.21,1379.02,前复权,TuShare Pro daily 日期校验 + 东方财富前复权行情,
600519.SH,贵州茅台,食品饮料,2025-12-22,1381.98,1380.24,1386.12,1378.56,20426,2881636856.0,0.55,-0.13,-1.74,0.16,1381.98,前复权,TuShare Pro daily 日期校验 + 东方财富前复权行情,
600519.SH,贵州茅台,食品饮料,2025-12-23,1380.24,1379.84,1384.91,1369.17,24507,3445377032.0,1.14,-0.03,-0.4,0.2,1380.24,前复权,TuShare Pro daily 日期校验 + 东方财富前复权行情,
600519.SH,贵州茅台,食品饮料,2025-12-24,1376.97,1372.88,1378.34,1371.98,25187,3533253565.0,0.46,-0.5,-6.96,0.2,1379.84,前复权,TuShare Pro daily 日期校验 + 东方财富前复权行情,
600519.SH,贵州茅台,食品饮料,2025-12-25,1376.98,1386.15,1391.46,1373.36,23386,3299572096.0,1.32,0.97,13.27,0.19,1372.88,前复权,TuShare Pro daily 日期校验 + 东方财富前复权行情,
600519.SH,贵州茅台,食品饮料,2025-12-26,1386.15,1386.11,1391.12,1381.98,17803,2520605635.0,0.66,0.0,-0.04,0.14,1386.15,前复权,TuShare Pro daily 日期校验 + 东方财富前复权行情,
600519.SH,贵州茅台,食品饮料,2025-12-29,1386.11,1373.98,1386.11,1372.98,26308,3694660107.0,0.95,-0.88,-12.13,0.21,1386.11,前复权,TuShare Pro daily 日期校验 + 东方财富前复权行情,
600519.SH,贵州茅台,食品饮料,2025-12-30,1372.98,1361.7,1373.88,1357.98,33792,4702489813.0,1.16,-0.89,-12.28,0.27,1373.98,前复权,TuShare Pro daily 日期校验 + 东方财富前复权行情,
600519.SH,贵州茅台,食品饮料,2025-12-31,1361.98,1349.16,1365.98,1349.15,34766,4799456452.0,1.24,-0.92,-12.54,0.28,1361.7,前复权,TuShare Pro daily 日期校验 + 东方财富前复权行情,
600519.SH,贵州茅台,食品饮料,2026-01-05,1356.98,1397.98,1403.86,1356.98,70949,10018086372.0,3.47,3.62,48.82,0.57,1349.16,前复权,TuShare Pro daily 日期校验 + 东方财富前复权行情,
600519.SH,贵州茅台,食品饮料,2026-01-06,1404.53,1399.99,1408.95,1388.51,39586,5649710153.0,1.46,0.14,2.01,0.32,1397.98,前复权,TuShare Pro daily 日期校验 + 东方财富前复权行情,
600519.SH,贵州茅台,食品饮料,2026-01-07,1404.86,1395.34,1406.98,1392.18,29684,4234255286.0,1.06,-0.33,-4.65,0.24,1399.99,前复权,TuShare Pro daily 日期校验 + 东方财富前复权行情,
600519.SH,贵州茅台,食品饮料,2026-01-08,1395.31,1384.28,1395.34,1380.12,29135,4117925041.0,1.09,-0.79,-11.06,0.23,1395.34,前复权,TuShare Pro daily 日期校验 + 东方财富前复权行情,
600519.SH,贵州茅台,食品饮料,2026-01-09,1388.98,1391.08,1400.58,1387.99,29848,4243865418.0,0.91,0.49,6.8,0.24,1384.28,前复权,TuShare Pro daily 日期校验 + 东方财富前复权行情,
600519.SH,贵州茅台,食品饮料,2026-01-12,1391.08,1395.21,1402.98,1389.08,36083,5135636033.0,1.0,0.3,4.13,0.29,1391.08,前复权,TuShare Pro daily 日期校验 + 东方财富前复权行情,
600519.SH,贵州茅台,食品饮料,2026-01-13,1398.77,1382.98,1401.5,1380.97,39169,5555633779.0,1.47,-0.88,-12.23,0.31,1395.21,前复权,TuShare Pro daily 日期校验 + 东方财富前复权行情,
600519.SH,贵州茅台,食品饮料,2026-01-14,1382.98,1369.99,1394.23,1368.16,51758,7285041159.0,1.89,-0.94,-12.99,0.41,1382.98,前复权,TuShare Pro daily 日期校验 + 东方财富前复权行情,
600519.SH,贵州茅台,食品饮料,2026-01-15,1368.0,1360.87,1374.81,1360.56,40907,5698739671.0,1.04,-0.67,-9.12,0.33,1369.99,前复权,TuShare Pro daily 日期校验 + 东方财富前复权行情,
600519.SH,贵州茅台,食品饮料,2026-01-16,1366.98,1353.98,1369.48,1351.98,55121,7643061998.0,1.29,-0.51,-6.89,0.44,1360.87,前复权,TuShare Pro daily 日期校验 + 东方财富前复权行情,
600519.SH,贵州茅台,食品饮料,2026-01-19,1353.88,1347.98,1359.47,1346.98,42286,5833745442.0,0.92,-0.44,-6.0,0.34,1353.98,前复权,TuShare Pro daily 日期校验 + 东方财富前复权行情,
600519.SH,贵州茅台,食品饮料,2026-01-20,1351.48,1345.53,1353.56,1344.03,36484,5021900765.0,0.71,-0.18,-2.45,0.29,1347.98,前复权,TuShare Pro daily 日期校验 + 东方财富前复权行情,
600519.SH,贵州茅台,食品饮料,2026-01-21,1345.54,1323.04,1346.38,1321.98,64516,8775880803.0,1.81,-1.67,-22.49,0.52,1345.53,前复权,TuShare Pro daily 日期校验 + 东方财富前复权行情,
600519.SH,贵州茅台,食品饮料,2026-01-22,1323.99,1312.04,1333.74,1309.46,59011,7962441434.0,1.84,-0.83,-11.0,0.47,1323.04,前复权,TuShare Pro daily 日期校验 + 东方财富前复权行情,
600519.SH,贵州茅台,食品饮料,2026-01-23,1312.08,1308.98,1319.98,1304.45,61949,8301311489.0,1.18,-0.23,-3.06,0.49,1312.04,前复权,TuShare Pro daily 日期校验 + 东方财富前复权行情,
600519.SH,贵州茅台,食品饮料,2026-01-26,1312.49,1313.98,1326.98,1297.1,80166,10751225525.0,2.28,0.38,5.0,0.64,1308.98,前复权,TuShare Pro daily 日期校验 + 东方财富前复权行情,
600519.SH,贵州茅台,食品饮料,2026-01-27,1316.96,1314.99,1325.68,1309.98,48416,6514513216.0,1.19,0.08,1.01,0.39,1313.98,前复权,TuShare Pro daily 日期校验 + 东方财富前复权行情,
600519.SH,贵州茅台,食品饮料,2026-01-28,1315.02,1295.67,1318.69,1293.99,76218,10135019524.0,1.88,-1.47,-19.32,0.61,1314.99,前复权,TuShare Pro daily 日期校验 + 东方财富前复权行情,
600519.SH,贵州茅台,食品饮料,2026-01-29,1306.98,1409.7,1416.98,1301.04,189534,26305591086.0,8.95,8.8,114.03,1.51,1295.67,前复权,TuShare Pro daily 日期校验 + 东方财富前复权行情,
600519.SH,贵州茅台,食品饮料,2026-01-30,1406.98,1372.98,1406.98,1372.98,94480,13366329414.0,2.41,-2.6,-36.72,0.75,1409.7,前复权,TuShare Pro daily 日期校验 + 东方财富前复权行情,
600519.SH,贵州茅台,食品饮料,2026-02-02,1396.98,1398.98,1430.56,1383.6,85724,12312646443.0,3.42,1.89,26.0,0.68,1372.98,前复权,TuShare Pro daily 日期校验 + 东方财富前复权行情,
600519.SH,贵州茅台,食品饮料,2026-02-03,1416.98,1446.9,1448.79,1415.01,86321,12628439703.0,2.41,3.43,47.92,0.69,1398.98,前复权,TuShare Pro daily 日期校验 + 东方财富前复权行情,
600519.SH,贵州茅台,食品饮料,2026-02-04,1456.98,1496.98,1505.25,1445.98,109123,16444345980.0,4.1,3.46,50.08,0.87,1446.9,前复权,TuShare Pro daily 日期校验 + 东方财富前复权行情,
600519.SH,贵州茅台,食品饮料,2026-02-05,1491.98,1526.98,1536.98,1486.98,91623,14183456476.0,3.34,2.0,30.0,0.73,1496.98,前复权,TuShare Pro daily 日期校验 + 东方财富前复权行情,
600519.SH,贵州茅台,食品饮料,2026-02-06,1526.98,1486.99,1539.98,1477.86,78965,12019878669.0,4.07,-2.62,-39.99,0.63,1526.98,前复权,TuShare Pro daily 日期校验 + 东方财富前复权行情,
600519.SH,贵州茅台,食品饮料,2026-02-09,1489.98,1496.94,1514.86,1485.47,51168,7809067705.0,1.98,0.67,9.95,0.41,1486.99,前复权,TuShare Pro daily 日期校验 + 东方财富前复权行情,
600519.SH,贵州茅台,食品饮料,2026-02-10,1496.95,1476.78,1496.95,1468.48,39576,5953269321.0,1.9,-1.35,-20.16,0.32,1496.94,前复权,TuShare Pro daily 日期校验 + 东方财富前复权行情,
600519.SH,贵州茅台,食品饮料,2026-02-11,1476.78,1476.31,1485.98,1467.98,30928,4648360030.0,1.22,-0.03,-0.47,0.25,1476.78,前复权,TuShare Pro daily 日期校验 + 东方财富前复权行情,
600519.SH,贵州茅台,食品饮料,2026-02-12,1472.18,1458.58,1474.8,1445.34,46246,6874370113.0,2.0,-1.2,-17.73,0.37,1476.31,前复权,TuShare Pro daily 日期校验 + 东方财富前复权行情,
600519.SH,贵州茅台,食品饮料,2026-02-13,1458.58,1457.28,1479.78,1442.56,41679,6216379203.0,2.55,-0.09,-1.3,0.33,1458.58,前复权,TuShare Pro daily 日期校验 + 东方财富前复权行情,
600519.SH,贵州茅台,食品饮料,2026-02-24,1492.98,1438.78,1496.38,1435.58,41913,6198840572.0,4.17,-1.27,-18.5,0.33,1457.28,前复权,TuShare Pro daily 日期校验 + 东方财富前复权行情,
600519.SH,贵州茅台,食品饮料,2026-02-25,1441.98,1463.64,1481.64,1439.86,36881,5490316149.0,2.9,1.73,24.86,0.29,1438.78,前复权,TuShare Pro daily 日期校验 + 东方财富前复权行情,
600519.SH,贵州茅台,食品饮料,2026-02-26,1458.58,1438.19,1461.47,1436.65,32958,4855471430.0,1.7,-1.74,-25.45,0.26,1463.64,前复权,TuShare Pro daily 日期校验 + 东方财富前复权行情,
600519.SH,贵州茅台,食品饮料,2026-02-27,1438.97,1427.0,1448.19,1427.0,32160,4697692477.0,1.47,-0.78,-11.19,0.26,1438.19,前复权,TuShare Pro daily 日期校验 + 东方财富前复权行情,
600519.SH,贵州茅台,食品饮料,2026-03-02,1421.98,1412.09,1428.98,1408.64,35454,5115063511.0,1.43,-1.04,-14.91,0.28,1427.0,前复权,TuShare Pro daily 日期校验 + 东方财富前复权行情,
600519.SH,贵州茅台,食品饮料,2026-03-03,1412.08,1398.17,1424.85,1394.11,45891,6565381648.0,2.18,-0.99,-13.92,0.37,1412.09,前复权,TuShare Pro daily 日期校验 + 东方财富前复权行情,
600519.SH,贵州茅台,食品饮料,2026-03-04,1386.98,1373.16,1394.98,1364.07,48014,6743267103.0,2.21,-1.79,-25.01,0.38,1398.17,前复权,TuShare Pro daily 日期校验 + 东方财富前复权行情,
600519.SH,贵州茅台,食品饮料,2026-03-05,1377.98,1371.02,1384.94,1366.98,30505,4276226062.0,1.31,-0.16,-2.14,0.24,1373.16,前复权,TuShare Pro daily 日期校验 + 东方财富前复权行情,
600519.SH,贵州茅台,食品饮料,2026-03-06,1366.98,1373.98,1379.48,1359.98,29154,4072328833.0,1.42,0.22,2.96,0.23,1371.02,前复权,TuShare Pro daily 日期校验 + 东方财富前复权行情,
600519.SH,贵州茅台,食品饮料,2026-03-09,1361.98,1368.98,1376.88,1355.18,37442,5220095639.0,1.58,-0.36,-5.0,0.3,1373.98,前复权,TuShare Pro daily 日期校验 + 东方财富前复权行情,
600519.SH,贵州茅台,食品饮料,2026-03-10,1376.88,1373.86,1381.47,1369.98,24626,3457808916.0,0.84,0.36,4.88,0.2,1368.98,前复权,TuShare Pro daily 日期校验 + 东方财富前复权行情,
600519.SH,贵州茅台,食品饮料,2026-03-11,1374.97,1371.98,1377.97,1370.0,24457,3425363892.0,0.58,-0.14,-1.88,0.2,1373.86,前复权,TuShare Pro daily 日期校验 + 东方财富前复权行情,
600519.SH,贵州茅台,食品饮料,2026-03-12,1366.98,1363.98,1375.93,1362.99,27586,3850521717.0,0.94,-0.58,-8.0,0.22,1371.98,前复权,TuShare Pro daily 日期校验 + 东方财富前复权行情,
600519.SH,贵州茅台,食品饮料,2026-03-13,1364.46,1385.62,1389.6,1363.98,33608,4738808558.0,1.88,1.59,21.64,0.27,1363.98,前复权,TuShare Pro daily 日期校验 + 东方财富前复权行情,
600519.SH,贵州茅台,食品饮料,2026-03-16,1391.98,1432.16,1437.98,1391.98,60086,8711525836.0,3.32,3.36,46.54,0.48,1385.62,前复权,TuShare Pro daily 日期校验 + 东方财富前复权行情,
600519.SH,贵州茅台,食品饮料,2026-03-17,1439.98,1456.98,1470.05,1433.17,49454,7347310632.0,2.58,1.73,24.82,0.39,1432.16,前复权,TuShare Pro daily 日期校验 + 东方财富前复权行情,
600519.SH,贵州茅台,食品饮料,2026-03-18,1460.98,1440.78,1468.48,1435.13,35551,5239992522.0,2.29,-1.11,-16.2,0.28,1456.98,前复权,TuShare Pro daily 日期校验 + 东方财富前复权行情,
600519.SH,贵州茅台,食品饮料,2026-03-19,1444.94,1424.85,1444.98,1417.98,30319,4404953481.0,1.87,-1.11,-15.93,0.24,1440.78,前复权,TuShare Pro daily 日期校验 + 东方财富前复权行情,
600519.SH,贵州茅台,食品饮料,2026-03-20,1424.94,1416.98,1434.48,1410.98,26132,3782818260.0,1.65,-0.55,-7.87,0.21,1424.85,前复权,TuShare Pro daily 日期校验 + 东方财富前复权行情,
600519.SH,贵州茅台,食品饮料,2026-03-23,1405.31,1380.05,1406.98,1372.01,47256,6669708665.0,2.47,-2.61,-36.93,0.38,1416.98,前复权,TuShare Pro daily 日期校验 + 东方财富前复权行情,
600519.SH,贵州茅台,食品饮料,2026-03-24,1387.98,1379.31,1389.57,1372.16,28562,4017694387.0,1.26,-0.05,-0.74,0.23,1380.05,前复权,TuShare Pro daily 日期校验 + 东方财富前复权行情,
600519.SH,贵州茅台,食品饮料,2026-03-25,1382.09,1382.25,1389.85,1372.99,26093,3677905549.0,1.22,0.21,2.94,0.21,1379.31,前复权,TuShare Pro daily 日期校验 + 东方财富前复权行情,
600519.SH,贵州茅台,食品饮料,2026-03-26,1380.98,1373.16,1385.88,1372.28,23093,3243387502.0,0.98,-0.66,-9.09,0.18,1382.25,前复权,TuShare Pro daily 日期校验 + 东方财富前复权行情,
600519.SH,贵州茅台,食品饮料,2026-03-27,1371.98,1388.0,1397.98,1368.64,30087,4257499781.0,2.14,1.08,14.84,0.24,1373.16,前复权,TuShare Pro daily 日期校验 + 东方财富前复权行情,
600519.SH,贵州茅台,食品饮料,2026-03-30,1378.98,1391.98,1402.98,1374.5,28685,4060684934.0,2.05,0.29,3.98,0.23,1388.0,前复权,TuShare Pro daily 日期校验 + 东方财富前复权行情,
600519.SH,贵州茅台,食品饮料,2026-03-31,1439.98,1421.98,1451.91,1420.39,61691,9015486797.0,2.26,2.16,30.0,0.49,1391.98,前复权,TuShare Pro daily 日期校验 + 东方财富前复权行情,
600519.SH,贵州茅台,食品饮料,2026-04-01,1436.47,1431.42,1441.97,1424.86,29125,4256185472.0,1.2,0.66,9.44,0.23,1421.98,前复权,TuShare Pro daily 日期校验 + 东方财富前复权行情,
600519.SH,贵州茅台,食品饮料,2026-04-02,1431.42,1431.86,1436.86,1424.08,21064,3071809846.0,0.89,0.03,0.44,0.17,1431.42,前复权,TuShare Pro daily 日期校验 + 东方财富前复权行情,
600519.SH,贵州茅台,食品饮料,2026-04-03,1431.52,1431.98,1441.94,1426.98,20194,2953993081.0,1.04,0.01,0.12,0.16,1431.86,前复权,TuShare Pro daily 日期校验 + 东方财富前复权行情,
600519.SH,贵州茅台,食品饮料,2026-04-07,1432.03,1412.0,1441.98,1407.03,24152,3507471653.0,2.44,-1.4,-19.98,0.19,1431.98,前复权,TuShare Pro daily 日期校验 + 东方财富前复权行情,
600519.SH,贵州茅台,食品饮料,2026-04-08,1431.98,1437.0,1441.06,1424.11,33836,4947937007.0,1.2,1.77,25.0,0.27,1412.0,前复权,TuShare Pro daily 日期校验 + 东方财富前复权行情,
600519.SH,贵州茅台,食品饮料,2026-04-09,1437.0,1432.47,1437.0,1419.48,20705,3012278579.0,1.22,-0.32,-4.53,0.17,1437.0,前复权,TuShare Pro daily 日期校验 + 东方财富前复权行情,
600519.SH,贵州茅台,食品饮料,2026-04-10,1431.12,1425.94,1431.69,1413.08,28866,4187181529.0,1.3,-0.46,-6.53,0.23,1432.47,前复权,TuShare Pro daily 日期校验 + 东方财富前复权行情,
600519.SH,贵州茅台,食品饮料,2026-04-13,1415.98,1415.29,1418.48,1404.98,25214,3629675490.0,0.95,-0.75,-10.65,0.2,1425.94,前复权,TuShare Pro daily 日期校验 + 东方财富前复权行情,
600519.SH,贵州茅台,食品饮料,2026-04-14,1414.58,1418.88,1420.58,1406.98,24233,3492544230.0,0.96,0.25,3.59,0.19,1415.29,前复权,TuShare Pro daily 日期校验 + 东方财富前复权行情,
600519.SH,贵州茅台,食品饮料,2026-04-15,1416.96,1439.48,1442.77,1413.98,34553,5049317187.0,2.03,1.45,20.6,0.28,1418.88,前复权,TuShare Pro daily 日期校验 + 东方财富前复权行情,
600519.SH,贵州茅台,食品饮料,2026-04-16,1439.43,1434.82,1449.39,1431.98,24513,3597294838.0,1.21,-0.32,-4.66,0.2,1439.48,前复权,TuShare Pro daily 日期校验 + 东方财富前复权行情,
600519.SH,贵州茅台,食品饮料,2026-04-17,1371.98,1379.22,1392.98,1371.85,96825,13631929446.0,1.47,-3.88,-55.6,0.77,1434.82,前复权,TuShare Pro daily 日期校验 + 东方财富前复权行情,
600519.SH,贵州茅台,食品饮料,2026-04-20,1374.98,1382.87,1385.92,1371.98,36451,5127146041.0,1.01,0.26,3.65,0.29,1379.22,前复权,TuShare Pro daily 日期校验 + 东方财富前复权行情,
600519.SH,贵州茅台,食品饮料,2026-04-21,1382.98,1383.99,1391.88,1381.98,21754,3074595192.0,0.72,0.08,1.12,0.17,1382.87,前复权,TuShare Pro daily 日期校验 + 东方财富前复权行情,
600519.SH,贵州茅台,食品饮料,2026-04-22,1386.98,1381.48,1390.98,1376.96,26916,3793827534.0,1.01,-0.18,-2.51,0.21,1383.99,前复权,TuShare Pro daily 日期校验 + 东方财富前复权行情,
600519.SH,贵州茅台,食品饮料,2026-04-23,1379.98,1390.98,1391.68,1377.08,37701,5332831151.0,1.06,0.69,9.5,0.3,1381.48,前复权,TuShare Pro daily 日期校验 + 东方财富前复权行情,
600519.SH,贵州茅台,食品饮料,2026-04-24,1385.08,1430.47,1430.86,1385.08,55455,8003410999.0,3.29,2.84,39.49,0.44,1390.98,前复权,TuShare Pro daily 日期校验 + 东方财富前复权行情,
600519.SH,贵州茅台,食品饮料,2026-04-27,1391.98,1375.18,1391.98,1374.18,72798,10239763452.0,1.24,-3.87,-55.29,0.58,1430.47,前复权,TuShare Pro daily 日期校验 + 东方财富前复权行情,
600519.SH,贵州茅台,食品饮料,2026-04-28,1373.98,1376.98,1381.37,1372.09,34004,4772513712.0,0.67,0.13,1.8,0.27,1375.18,前复权,TuShare Pro daily 日期校验 + 东方财富前复权行情,
600519.SH,贵州茅台,食品饮料,2026-04-29,1376.98,1373.15,1381.73,1372.26,34813,4881691348.0,0.69,-0.28,-3.83,0.28,1376.98,前复权,TuShare Pro daily 日期校验 + 东方财富前复权行情,
600519.SH,贵州茅台,食品饮料,2026-04-30,1371.98,1356.77,1373.15,1351.98,52753,7316111748.0,1.54,-1.19,-16.38,0.42,1373.15,前复权,TuShare Pro daily 日期校验 + 东方财富前复权行情,
600519.SH,贵州茅台,食品饮料,2026-05-06,1337.08,1346.98,1350.98,1332.03,47806,6550750940.0,1.4,-0.72,-9.79,0.38,1356.77,前复权,TuShare Pro daily 日期校验 + 东方财富前复权行情,
600519.SH,贵州茅台,食品饮料,2026-05-07,1346.98,1343.03,1359.98,1341.99,40461,5573286315.0,1.34,-0.29,-3.95,0.32,1346.98,前复权,TuShare Pro daily 日期校验 + 东方财富前复权行情,
600519.SH,贵州茅台,食品饮料,2026-05-08,1343.64,1344.97,1354.75,1341.98,33369,4582855939.0,0.95,0.14,1.94,0.27,1343.03,前复权,TuShare Pro daily 日期校验 + 东方财富前复权行情,
600519.SH,贵州茅台,食品饮料,2026-05-11,1344.87,1333.31,1344.87,1332.98,57135,7790721392.0,0.88,-0.87,-11.66,0.46,1344.97,前复权,TuShare Pro daily 日期校验 + 东方财富前复权行情,
600519.SH,贵州茅台,食品饮料,2026-05-12,1333.98,1326.53,1335.56,1322.48,50837,6886304982.0,0.98,-0.51,-6.78,0.41,1333.31,前复权,TuShare Pro daily 日期校验 + 东方财富前复权行情,
600519.SH,贵州茅台,食品饮料,2026-05-13,1326.48,1316.07,1330.58,1309.98,56968,7653257144.0,1.55,-0.79,-10.46,0.45,1326.53,前复权,TuShare Pro daily 日期校验 + 东方财富前复权行情,
600519.SH,贵州茅台,食品饮料,2026-05-14,1309.98,1314.15,1341.04,1307.16,55244,7428592859.0,2.57,-0.15,-1.92,0.44,1316.07,前复权,TuShare Pro daily 日期校验 + 东方财富前复权行情,
600519.SH,贵州茅台,食品饮料,2026-05-15,1307.13,1304.93,1311.26,1299.09,58184,7749366540.0,0.93,-0.7,-9.22,0.46,1314.15,前复权,TuShare Pro daily 日期校验 + 东方财富前复权行情,
600519.SH,贵州茅台,食品饮料,2026-05-18,1307.98,1294.98,1314.66,1291.59,49661,6594983723.0,1.77,-0.76,-9.95,0.4,1304.93,前复权,TuShare Pro daily 日期校验 + 东方财富前复权行情,
600519.SH,贵州茅台,食品饮料,2026-05-19,1293.88,1296.28,1301.97,1289.98,43255,5719170335.0,0.93,0.1,1.3,0.35,1294.98,前复权,TuShare Pro daily 日期校验 + 东方财富前复权行情,
600519.SH,贵州茅台,食品饮料,2026-05-20,1292.98,1286.98,1304.97,1285.98,47487,6271273748.0,1.46,-0.72,-9.3,0.38,1296.28,前复权,TuShare Pro daily 日期校验 + 东方财富前复权行情,
600519.SH,贵州茅台,食品饮料,2026-05-21,1284.96,1282.98,1295.5,1282.98,38868,5112740391.0,0.97,-0.31,-4.0,0.31,1286.98,前复权,TuShare Pro daily 日期校验 + 东方财富前复权行情,
600519.SH,贵州茅台,食品饮料,2026-05-22,1282.93,1262.18,1283.89,1262.1,49157,6372389482.0,1.7,-1.62,-20.8,0.39,1282.98,前复权,TuShare Pro daily 日期校验 + 东方财富前复权行情,
600519.SH,贵州茅台,食品饮料,2026-05-25,1258.98,1257.86,1276.77,1248.98,46353,5978725158.0,2.2,-0.34,-4.32,0.37,1262.18,前复权,TuShare Pro daily 日期校验 + 东方财富前复权行情,
600519.SH,贵州茅台,食品饮料,2026-05-26,1257.33,1245.36,1261.87,1241.99,45932,5867830633.0,1.58,-0.99,-12.5,0.37,1257.86,前复权,TuShare Pro daily 日期校验 + 东方财富前复权行情,
600519.SH,贵州茅台,食品饮料,2026-05-27,1240.0,1274.98,1290.98,1222.08,82728,10586574902.0,5.53,2.38,29.62,0.66,1245.36,前复权,TuShare Pro daily 日期校验 + 东方财富前复权行情,
600519.SH,贵州茅台,食品饮料,2026-05-28,1261.98,1247.96,1275.98,1242.98,45890,5895475019.0,2.59,-2.12,-27.02,0.37,1274.98,前复权,TuShare Pro daily 日期校验 + 东方财富前复权行情,
600519.SH,贵州茅台,食品饮料,2026-05-29,1242.58,1297.98,1300.98,1241.98,76478,10037388211.0,4.73,4.01,50.02,0.61,1247.96,前复权,TuShare Pro daily 日期校验 + 东方财富前复权行情,
600519.SH,贵州茅台,食品饮料,2026-06-01,1298.98,1281.58,1298.98,1273.29,43845,5741133268.0,1.98,-1.26,-16.4,0.35,1297.98,前复权,TuShare Pro daily 日期校验 + 东方财富前复权行情,
600519.SH,贵州茅台,食品饮料,2026-06-02,1277.98,1279.2,1298.34,1272.98,36362,4769963104.0,1.98,-0.19,-2.38,0.29,1281.58,前复权,TuShare Pro daily 日期校验 + 东方财富前复权行情,
600519.SH,贵州茅台,食品饮料,2026-06-03,1275.98,1253.89,1275.98,1247.98,52477,6743202681.0,2.19,-1.98,-25.31,0.42,1279.2,前复权,TuShare Pro daily 日期校验 + 东方财富前复权行情,
600519.SH,贵州茅台,食品饮料,2026-06-04,1250.97,1239.98,1260.97,1238.67,33506,4273269325.0,1.78,-1.11,-13.91,0.27,1253.89,前复权,TuShare Pro daily 日期校验 + 东方财富前复权行情,
600519.SH,贵州茅台,食品饮料,2026-06-05,1249.98,1244.84,1254.98,1239.72,31304,3984001862.0,1.23,0.39,4.86,0.25,1239.98,前复权,TuShare Pro daily 日期校验 + 东方财富前复权行情,
600519.SH,贵州茅台,食品饮料,2026-06-08,1243.98,1234.96,1249.98,1231.98,30828,3898027116.0,1.45,-0.79,-9.88,0.25,1244.84,前复权,TuShare Pro daily 日期校验 + 东方财富前复权行情,
600519.SH,贵州茅台,食品饮料,2026-06-09,1234.97,1227.98,1234.98,1224.53,27860,3500590715.0,0.85,-0.57,-6.98,0.22,1234.96,前复权,TuShare Pro daily 日期校验 + 东方财富前复权行情,
600519.SH,贵州茅台,食品饮料,2026-06-10,1224.06,1247.86,1253.98,1222.19,39244,4991686419.0,2.59,1.62,19.88,0.31,1227.98,前复权,TuShare Pro daily 日期校验 + 东方财富前复权行情,
600519.SH,贵州茅台,食品饮料,2026-06-11,1244.1,1250.98,1254.86,1238.89,25352,3230008220.0,1.28,0.25,3.12,0.2,1247.86,前复权,TuShare Pro daily 日期校验 + 东方财富前复权行情,
600519.SH,贵州茅台,食品饮料,2026-06-12,1243.16,1263.89,1266.98,1236.99,50495,6477910214.0,2.4,1.03,12.91,0.4,1250.98,前复权,TuShare Pro daily 日期校验 + 东方财富前复权行情,
600519.SH,贵州茅台,食品饮料,2026-06-15,1264.68,1243.08,1264.68,1242.08,41586,5303656129.0,1.79,-1.65,-20.81,0.33,1263.89,前复权,TuShare Pro daily 日期校验 + 东方财富前复权行情,
600519.SH,贵州茅台,食品饮料,2026-06-16,1238.99,1227.65,1239.86,1226.98,34970,4399957625.0,1.04,-1.24,-15.43,0.28,1243.08,前复权,TuShare Pro daily 日期校验 + 东方财富前复权行情,
600519.SH,贵州茅台,食品饮料,2026-06-17,1229.98,1211.98,1231.75,1210.54,44803,5581256291.0,1.73,-1.28,-15.67,0.36,1227.65,前复权,TuShare Pro daily 日期校验 + 东方财富前复权行情,
600519.SH,贵州茅台,食品饮料,2026-06-18,1206.98,1186.98,1210.85,1183.2,57472,7016713941.0,2.28,-2.06,-25.0,0.46,1211.98,前复权,TuShare Pro daily 日期校验 + 东方财富前复权行情,
600519.SH,贵州茅台,食品饮料,2026-06-22,1186.29,1213.39,1224.78,1176.98,58251,7163236298.0,4.03,2.22,26.41,0.47,1186.98,前复权,TuShare Pro daily 日期校验 + 东方财富前复权行情,
600519.SH,贵州茅台,食品饮料,2026-06-23,1210.98,1194.43,1235.98,1188.98,58004,7179745911.0,3.87,-1.56,-18.96,0.46,1213.39,前复权,TuShare Pro daily 日期校验 + 东方财富前复权行情,
600519.SH,贵州茅台,食品饮料,2026-06-24,1194.63,1179.66,1213.85,1179.49,45335,5516574460.0,2.88,-1.24,-14.77,0.36,1194.43,前复权,TuShare Pro daily 日期校验 + 东方财富前复权行情,
600519.SH,贵州茅台,食品饮料,2026-06-25,1178.98,1184.08,1198.98,1171.98,48446,5860481755.0,2.29,0.37,4.42,0.39,1179.66,前复权,TuShare Pro daily 日期校验 + 东方财富前复权行情,
600519.SH,贵州茅台,食品饮料,2026-06-26,1199.0,1168.63,1199.0,1168.1,50066,5922014054.0,2.61,-1.3,-15.45,0.4,1184.08,前复权,TuShare Pro daily 日期校验 + 东方财富前复权行情,
600519.SH,贵州茅台,食品饮料,2026-06-29,1169.0,1194.96,1215.0,1151.01,66878,7949237761.0,5.48,2.25,26.33,0.53,1168.63,前复权,TuShare Pro daily 日期校验 + 东方财富前复权行情,
600519.SH,贵州茅台,食品饮料,2026-06-30,1187.0,1185.49,1195.67,1176.0,39608,4684236159.0,1.65,-0.79,-9.47,0.32,1194.96,前复权,TuShare Pro daily 日期校验 + 东方财富前复权行情,
600519.SH,贵州茅台,食品饮料,2026-07-01,1180.1,1193.01,1196.8,1166.33,42474,5033838236.0,2.57,0.63,7.52,0.34,1185.49,前复权,TuShare Pro daily 日期校验 + 东方财富前复权行情,
600519.SH,贵州茅台,食品饮料,2026-07-02,1193.01,1203.0,1215.52,1190.51,50870,6122360932.0,2.1,0.84,9.99,0.41,1193.01,前复权,TuShare Pro daily 日期校验 + 东方财富前复权行情,
600519.SH,贵州茅台,食品饮料,2026-07-03,1205.24,1194.45,1210.14,1185.0,34268,4099266243.0,2.09,-0.71,-8.55,0.27,1203.0,前复权,TuShare Pro daily 日期校验 + 东方财富前复权行情,
600519.SH,贵州茅台,食品饮料,2026-07-06,1186.0,1206.91,1215.0,1180.0,40970,4913750668.0,2.93,1.04,12.46,0.33,1194.45,前复权,TuShare Pro daily 日期校验 + 东方财富前复权行情,
600519.SH,贵州茅台,食品饮料,2026-07-07,1200.0,1188.8,1202.0,1188.11,27365,3264967794.0,1.15,-1.5,-18.11,0.22,1206.91,前复权,TuShare Pro daily 日期校验 + 东方财富前复权行情,
600519.SH,贵州茅台,食品饮料,2026-07-08,1188.77,1199.3,1200.98,1177.0,25776,3071933498.0,2.02,0.88,10.5,0.21,1188.8,前复权,TuShare Pro daily 日期校验 + 东方财富前复权行情,
600519.SH,贵州茅台,食品饮料,2026-07-09,1191.0,1182.19,1191.99,1178.0,34096,4035216946.0,1.17,-1.43,-17.11,0.27,1199.3,前复权,TuShare Pro daily 日期校验 + 东方财富前复权行情,
600519.SH,贵州茅台,食品饮料,2026-07-10,1182.2,1204.98,1204.98,1170.28,52213,6223343642.0,2.94,1.93,22.79,0.42,1182.19,前复权,TuShare Pro daily 日期校验 + 东方财富前复权行情,
