trade_date,ts_code,open,close,high,low,volume,amount,amplitude_pct,pct_change,price_change,turnover_rate,stock_name
2015-01-05,000408,2.93000000,2.77000000,3.05000000,2.38000000,194732,199218008.00000000,21.90000000,-9.48000000,-0.29000000,7.72000000,藏格矿业
2015-01-06,000408,2.69000000,2.78000000,2.92000000,2.46000000,137142,140281331.00000000,16.61000000,0.36000000,0.01000000,5.44000000,藏格矿业
2015-01-07,000408,2.68000000,3.25000000,3.58000000,2.61000000,177031,189503860.00000000,34.89000000,16.91000000,0.47000000,7.02000000,藏格矿业
2015-01-08,000408,3.15000000,3.37000000,3.75000000,3.09000000,158559,174742544.00000000,20.31000000,3.69000000,0.12000000,6.28000000,藏格矿业
2015-01-09,000408,3.13000000,3.31000000,3.68000000,3.13000000,100971,109916262.00000000,16.32000000,-1.78000000,-0.06000000,4.00000000,藏格矿业
2015-01-12,000408,3.13000000,2.75000000,3.39000000,2.70000000,102086,106859726.00000000,20.85000000,-16.92000000,-0.56000000,4.05000000,藏格矿业
2015-01-13,000408,2.79000000,2.95000000,3.47000000,2.79000000,78558,82598083.00000000,24.73000000,7.27000000,0.20000000,3.11000000,藏格矿业
2015-01-14,000408,2.89000000,3.47000000,3.49000000,2.84000000,165714,178451223.00000000,22.03000000,17.63000000,0.52000000,6.57000000,藏格矿业
2015-01-15,000408,3.48000000,3.39000000,3.69000000,3.18000000,97126,106179852.00000000,14.70000000,-2.31000000,-0.08000000,3.85000000,藏格矿业
2015-01-16,000408,3.19000000,3.39000000,3.55000000,3.19000000,99226,107441681.00000000,10.62000000,0.00000000,0.00000000,3.93000000,藏格矿业
2015-01-19,000408,3.02000000,3.10000000,3.45000000,2.64000000,113323,119890708.00000000,23.89000000,-8.55000000,-0.29000000,4.49000000,藏格矿业
2015-01-20,000408,3.04000000,3.25000000,3.35000000,2.95000000,101886,108380402.00000000,12.90000000,4.84000000,0.15000000,4.04000000,藏格矿业
2015-01-21,000408,3.39000000,3.42000000,3.45000000,3.15000000,108464,117327591.00000000,9.23000000,5.23000000,0.17000000,4.30000000,藏格矿业
2015-01-22,000408,3.40000000,4.51000000,4.51000000,3.32000000,200016,235534791.00000000,34.80000000,31.87000000,1.09000000,7.93000000,藏格矿业
2015-01-23,000408,5.04000000,4.48000000,5.67000000,4.47000000,368803,461420112.00000000,26.61000000,-0.67000000,-0.03000000,14.62000000,藏格矿业
2015-01-26,000408,4.18000000,4.39000000,4.67000000,4.09000000,148187,176524524.00000000,12.95000000,-2.01000000,-0.09000000,5.87000000,藏格矿业
2015-01-27,000408,4.32000000,5.20000000,5.45000000,4.30000000,253700,316934256.00000000,26.20000000,18.45000000,0.81000000,10.06000000,藏格矿业
2015-01-28,000408,5.02000000,5.04000000,5.19000000,4.80000000,103745,129598739.00000000,7.50000000,-3.08000000,-0.16000000,4.11000000,藏格矿业
2015-01-29,000408,4.89000000,4.89000000,5.70000000,4.81000000,144573,183883904.00000000,17.66000000,-2.98000000,-0.15000000,5.73000000,藏格矿业
2015-01-30,000408,4.78000000,4.52000000,4.79000000,4.39000000,126045,152149479.00000000,8.18000000,-7.57000000,-0.37000000,5.00000000,藏格矿业
2015-02-02,000408,4.53000000,4.78000000,5.01000000,4.35000000,77937,95288976.00000000,14.60000000,5.75000000,0.26000000,3.09000000,藏格矿业
2015-02-03,000408,4.79000000,4.76000000,4.99000000,4.55000000,83703,102906209.00000000,9.21000000,-0.42000000,-0.02000000,3.32000000,藏格矿业
2015-02-04,000408,4.68000000,4.24000000,4.71000000,4.16000000,128902,153299484.00000000,11.55000000,-10.92000000,-0.52000000,5.11000000,藏格矿业
2015-02-05,000408,4.29000000,3.79000000,4.44000000,3.77000000,80764,93862980.00000000,15.80000000,-10.61000000,-0.45000000,3.20000000,藏格矿业
2015-02-06,000408,3.62000000,3.28000000,3.69000000,3.19000000,86479,94526332.00000000,13.19000000,-13.46000000,-0.51000000,3.43000000,藏格矿业
2015-02-09,000408,3.37000000,3.45000000,3.69000000,3.09000000,60812,66102722.00000000,18.29000000,5.18000000,0.17000000,2.41000000,藏格矿业
2015-02-10,000408,3.48000000,3.35000000,3.61000000,3.28000000,35005,38319690.00000000,9.57000000,-2.90000000,-0.10000000,1.39000000,藏格矿业
2015-02-11,000408,3.39000000,3.46000000,3.64000000,3.36000000,37216,41106159.00000000,8.36000000,3.28000000,0.11000000,1.48000000,藏格矿业
2015-02-12,000408,3.57000000,3.75000000,3.86000000,3.46000000,51253,57699235.00000000,11.56000000,8.38000000,0.29000000,2.03000000,藏格矿业
2015-02-13,000408,3.76000000,4.12000000,4.29000000,3.76000000,63797,73887194.00000000,14.13000000,9.87000000,0.37000000,2.53000000,藏格矿业
2015-02-16,000408,4.21000000,4.57000000,4.71000000,4.20000000,57522,69200756.00000000,12.38000000,10.92000000,0.45000000,2.28000000,藏格矿业
2015-02-17,000408,4.61000000,4.57000000,4.82000000,4.40000000,50249,60919887.00000000,9.19000000,0.00000000,0.00000000,1.99000000,藏格矿业
2015-02-25,000408,4.57000000,4.31000000,4.66000000,4.29000000,43150,51347844.00000000,8.10000000,-5.69000000,-0.26000000,1.71000000,藏格矿业
2015-02-26,000408,4.28000000,4.58000000,4.58000000,4.23000000,44234,53076396.00000000,8.12000000,6.26000000,0.27000000,1.75000000,藏格矿业
2015-02-27,000408,4.51000000,4.47000000,4.61000000,4.42000000,38696,46389460.00000000,4.15000000,-2.40000000,-0.11000000,1.53000000,藏格矿业
2015-03-02,000408,4.50000000,4.51000000,4.61000000,4.31000000,62607,75021790.00000000,6.71000000,0.89000000,0.04000000,2.48000000,藏格矿业
2015-03-03,000408,4.45000000,4.80000000,5.11000000,4.42000000,95516,118079866.00000000,15.30000000,6.43000000,0.29000000,3.79000000,藏格矿业
2015-03-04,000408,4.80000000,5.44000000,5.48000000,4.68000000,116969,147795348.00000000,16.67000000,13.33000000,0.64000000,4.64000000,藏格矿业
2015-03-05,000408,5.39000000,5.25000000,5.39000000,5.04000000,81205,103228362.00000000,6.43000000,-3.49000000,-0.19000000,3.22000000,藏格矿业
2015-03-06,000408,5.17000000,5.80000000,6.37000000,5.03000000,144397,192831751.00000000,25.52000000,10.48000000,0.55000000,5.72000000,藏格矿业
2015-03-09,000408,5.91000000,5.99000000,6.17000000,5.64000000,81273,109317981.00000000,9.14000000,3.28000000,0.19000000,3.22000000,藏格矿业
2015-03-10,000408,5.92000000,5.92000000,6.34000000,5.79000000,69635,94186942.00000000,9.18000000,-1.17000000,-0.07000000,2.76000000,藏格矿业
2015-03-11,000408,5.92000000,5.62000000,5.98000000,5.53000000,61574,81284590.00000000,7.60000000,-5.07000000,-0.30000000,2.44000000,藏格矿业
2015-03-12,000408,5.63000000,5.33000000,5.69000000,5.31000000,55715,72085373.00000000,6.76000000,-5.16000000,-0.29000000,2.21000000,藏格矿业
2015-03-13,000408,5.30000000,5.81000000,5.92000000,5.25000000,50603,66930271.00000000,12.57000000,9.01000000,0.48000000,2.01000000,藏格矿业
2015-03-16,000408,5.81000000,6.03000000,6.25000000,5.69000000,63560,86105720.00000000,9.64000000,3.79000000,0.22000000,2.52000000,藏格矿业
2015-03-17,000408,6.10000000,6.11000000,6.37000000,6.03000000,86600,118711247.00000000,5.64000000,1.33000000,0.08000000,3.43000000,藏格矿业
2015-03-18,000408,6.27000000,6.29000000,6.47000000,5.90000000,97674,134024040.00000000,9.33000000,2.95000000,0.18000000,3.87000000,藏格矿业
2015-03-19,000408,6.25000000,6.19000000,6.42000000,6.04000000,75498,103624359.00000000,6.04000000,-1.59000000,-0.10000000,2.99000000,藏格矿业
2015-03-20,000408,6.19000000,6.75000000,6.76000000,6.19000000,108571,152512827.00000000,9.21000000,9.05000000,0.56000000,4.30000000,藏格矿业
2015-03-23,000408,6.77000000,6.99000000,7.37000000,6.59000000,132306,190752298.00000000,11.56000000,3.56000000,0.24000000,5.24000000,藏格矿业
2015-03-24,000408,7.05000000,6.65000000,7.08000000,6.19000000,95237,134305671.00000000,12.73000000,-4.86000000,-0.34000000,3.77000000,藏格矿业
2015-03-25,000408,6.65000000,6.53000000,6.67000000,6.32000000,60956,85216984.00000000,5.26000000,-1.80000000,-0.12000000,2.42000000,藏格矿业
2015-03-26,000408,6.49000000,6.63000000,6.72000000,6.36000000,78157,109778503.00000000,5.51000000,1.53000000,0.10000000,3.10000000,藏格矿业
2015-03-27,000408,6.69000000,6.52000000,6.69000000,6.39000000,51109,71609410.00000000,4.52000000,-1.66000000,-0.11000000,2.03000000,藏格矿业
2015-03-30,000408,6.49000000,6.41000000,6.57000000,6.25000000,72315,100463196.00000000,4.91000000,-1.69000000,-0.11000000,2.87000000,藏格矿业
2015-03-31,000408,6.42000000,6.42000000,6.53000000,6.20000000,69052,95748776.00000000,5.15000000,0.16000000,0.01000000,2.74000000,藏格矿业
2015-04-01,000408,6.40000000,7.77000000,7.79000000,6.35000000,151768,222051510.00000000,22.43000000,21.03000000,1.35000000,6.02000000,藏格矿业
2015-04-02,000408,7.69000000,8.25000000,8.49000000,7.38000000,150321,236315983.00000000,14.29000000,6.18000000,0.48000000,5.96000000,藏格矿业
2015-04-03,000408,8.23000000,8.24000000,8.73000000,8.10000000,113218,180678652.00000000,7.64000000,-0.12000000,-0.01000000,4.49000000,藏格矿业
2015-04-07,000408,8.24000000,8.29000000,8.39000000,8.00000000,102190,160978472.00000000,4.73000000,0.61000000,0.05000000,4.05000000,藏格矿业
2015-04-08,000408,8.29000000,8.14000000,8.64000000,7.99000000,109277,172633297.00000000,7.84000000,-1.81000000,-0.15000000,4.33000000,藏格矿业
2015-04-09,000408,7.99000000,7.39000000,8.02000000,7.09000000,126493,189339365.00000000,11.43000000,-9.21000000,-0.75000000,5.01000000,藏格矿业
2015-04-10,000408,7.29000000,7.60000000,7.67000000,7.09000000,65456,97811941.00000000,7.85000000,2.84000000,0.21000000,2.59000000,藏格矿业
2015-04-13,000408,7.61000000,7.61000000,7.85000000,7.35000000,80615,121418488.00000000,6.58000000,0.13000000,0.01000000,3.20000000,藏格矿业
2015-04-14,000408,7.62000000,7.79000000,7.92000000,7.19000000,112853,169829580.00000000,9.59000000,2.37000000,0.18000000,4.47000000,藏格矿业
2015-04-15,000408,7.86000000,7.59000000,7.99000000,7.54000000,84213,128644588.00000000,5.78000000,-2.57000000,-0.20000000,3.34000000,藏格矿业
2015-04-16,000408,7.29000000,7.84000000,7.85000000,6.84000000,79361,118373604.00000000,13.31000000,3.29000000,0.25000000,3.15000000,藏格矿业
2015-04-17,000408,7.95000000,7.78000000,8.44000000,7.69000000,103847,160916104.00000000,9.57000000,-0.77000000,-0.06000000,4.12000000,藏格矿业
2015-04-20,000408,7.68000000,7.56000000,8.07000000,7.44000000,107212,163237773.00000000,8.10000000,-2.83000000,-0.22000000,4.25000000,藏格矿业
2015-04-21,000408,7.62000000,8.20000000,8.29000000,7.59000000,96511,149711454.00000000,9.26000000,8.47000000,0.64000000,3.83000000,藏格矿业
2015-04-22,000408,8.29000000,8.38000000,8.51000000,8.15000000,109940,174283019.00000000,4.39000000,2.20000000,0.18000000,4.36000000,藏格矿业
2015-04-23,000408,8.38000000,9.97000000,9.97000000,8.37000000,225152,387011680.00000000,19.09000000,18.97000000,1.59000000,8.92000000,藏格矿业
2015-04-24,000408,9.95000000,10.45000000,11.23000000,9.43000000,189780,342445424.00000000,18.05000000,4.81000000,0.48000000,7.52000000,藏格矿业
2015-04-27,000408,10.59000000,10.22000000,10.97000000,9.95000000,147489,262272670.00000000,9.76000000,-2.20000000,-0.23000000,5.85000000,藏格矿业
2015-04-29,000408,9.84000000,11.50000000,11.93000000,8.99000000,180933,330841216.00000000,28.77000000,12.52000000,1.28000000,7.17000000,藏格矿业
2015-04-30,000408,11.59000000,11.69000000,12.09000000,11.16000000,108556,207055497.00000000,8.09000000,1.65000000,0.19000000,4.30000000,藏格矿业
2015-05-04,000408,11.69000000,12.39000000,12.75000000,11.64000000,127305,252423001.00000000,9.50000000,5.99000000,0.70000000,5.05000000,藏格矿业
2015-05-05,000408,12.39000000,11.43000000,13.07000000,11.29000000,128294,251880661.00000000,14.37000000,-7.75000000,-0.96000000,5.08000000,藏格矿业
2015-05-06,000408,11.49000000,12.35000000,12.77000000,11.00000000,155109,302785856.00000000,15.49000000,8.05000000,0.92000000,6.15000000,藏格矿业
2015-05-07,000408,12.00000000,11.22000000,12.47000000,11.22000000,86493,166677009.00000000,10.12000000,-9.15000000,-1.13000000,3.43000000,藏格矿业
2015-05-08,000408,11.29000000,11.49000000,11.75000000,10.83000000,99306,187279045.00000000,8.20000000,2.41000000,0.27000000,3.94000000,藏格矿业
2015-05-11,000408,11.64000000,12.47000000,12.65000000,11.64000000,100239,197829307.00000000,8.79000000,8.53000000,0.98000000,3.97000000,藏格矿业
2015-05-12,000408,12.58000000,14.39000000,14.43000000,12.49000000,135894,288662048.00000000,15.56000000,15.40000000,1.92000000,5.39000000,藏格矿业
2015-05-13,000408,14.40000000,14.05000000,14.66000000,13.64000000,99206,212777387.00000000,7.09000000,-2.36000000,-0.34000000,3.93000000,藏格矿业
2015-05-14,000408,13.61000000,13.28000000,14.03000000,13.17000000,126077,264744845.00000000,6.12000000,-5.48000000,-0.77000000,5.00000000,藏格矿业
2015-05-15,000408,13.09000000,13.79000000,14.30000000,12.69000000,111201,233161561.00000000,12.12000000,3.84000000,0.51000000,4.41000000,藏格矿业
2015-05-18,000408,14.09000000,14.39000000,15.57000000,13.99000000,123251,274125120.00000000,11.46000000,4.35000000,0.60000000,4.89000000,藏格矿业
2015-05-19,000408,14.39000000,14.91000000,15.49000000,14.03000000,92452,207523787.00000000,10.15000000,3.61000000,0.52000000,3.66000000,藏格矿业
2015-05-20,000408,14.88000000,15.58000000,16.18000000,14.49000000,109233,250645015.00000000,11.33000000,4.49000000,0.67000000,4.33000000,藏格矿业
2015-05-21,000408,15.58000000,15.73000000,16.09000000,15.29000000,104820,242357392.00000000,5.13000000,0.96000000,0.15000000,4.15000000,藏格矿业
2015-05-22,000408,15.73000000,17.59000000,18.05000000,15.29000000,209745,510373568.00000000,17.55000000,11.82000000,1.86000000,8.31000000,藏格矿业
2015-05-25,000408,17.49000000,18.77000000,19.28000000,16.59000000,165577,424849040.00000000,15.29000000,6.71000000,1.18000000,6.56000000,藏格矿业
2015-05-26,000408,18.77000000,20.05000000,20.49000000,18.39000000,145102,391862192.00000000,11.19000000,6.82000000,1.28000000,5.75000000,藏格矿业
2015-05-27,000408,19.99000000,20.80000000,21.29000000,19.49000000,131714,369808032.00000000,8.98000000,3.74000000,0.75000000,5.22000000,藏格矿业
2015-05-28,000408,20.24000000,17.97000000,20.84000000,17.97000000,214215,576367824.00000000,13.80000000,-13.61000000,-2.83000000,8.49000000,藏格矿业
2015-05-29,000408,16.79000000,17.99000000,19.15000000,15.61000000,183871,458393520.00000000,19.70000000,0.11000000,0.02000000,7.29000000,藏格矿业
2015-06-01,000408,18.49000000,20.35000000,20.48000000,18.01000000,214631,586536880.00000000,13.73000000,13.12000000,2.36000000,8.51000000,藏格矿业
2015-06-02,000408,20.44000000,23.13000000,23.14000000,20.44000000,158505,461360976.00000000,13.27000000,13.66000000,2.78000000,6.28000000,藏格矿业
2015-06-03,000408,23.13000000,23.45000000,24.47000000,21.39000000,162240,497575248.00000000,13.32000000,1.38000000,0.32000000,6.43000000,藏格矿业
2015-06-04,000408,23.06000000,22.19000000,23.06000000,20.39000000,138142,405669680.00000000,11.39000000,-5.37000000,-1.26000000,5.48000000,藏格矿业
2015-06-05,000408,22.45000000,22.10000000,23.29000000,21.29000000,137594,408809312.00000000,9.01000000,-0.41000000,-0.09000000,5.45000000,藏格矿业
2015-06-08,000408,21.89000000,20.08000000,21.89000000,19.69000000,169843,472260400.00000000,9.95000000,-9.14000000,-2.02000000,6.73000000,藏格矿业
2015-06-09,000408,20.07000000,20.89000000,21.34000000,18.79000000,112581,315594752.00000000,12.70000000,4.03000000,0.81000000,4.46000000,藏格矿业
2015-06-10,000408,20.99000000,22.00000000,23.29000000,19.99000000,163990,478626384.00000000,15.80000000,5.31000000,1.11000000,6.50000000,藏格矿业
2015-06-11,000408,21.94000000,21.47000000,21.95000000,20.79000000,153114,441749200.00000000,5.27000000,-2.41000000,-0.53000000,6.07000000,藏格矿业
2015-06-12,000408,21.59000000,22.63000000,22.79000000,21.50000000,187509,555330128.00000000,6.01000000,5.40000000,1.16000000,7.43000000,藏格矿业
2015-06-15,000408,24.27000000,22.99000000,24.36000000,22.09000000,199885,615670752.00000000,10.03000000,1.59000000,0.36000000,7.92000000,藏格矿业
2015-06-16,000408,22.49000000,23.69000000,24.01000000,21.99000000,168692,520241808.00000000,8.79000000,3.04000000,0.70000000,6.69000000,藏格矿业
2015-06-17,000408,23.39000000,26.23000000,26.37000000,23.00000000,167659,538609120.00000000,14.23000000,10.72000000,2.54000000,6.65000000,藏格矿业
2015-06-18,000408,26.56000000,28.36000000,29.15000000,26.49000000,180036,642417008.00000000,10.14000000,8.12000000,2.13000000,7.14000000,藏格矿业
2015-06-19,000408,28.40000000,24.77000000,28.43000000,24.77000000,116684,386086032.00000000,12.91000000,-12.66000000,-3.59000000,4.62000000,藏格矿业
2015-06-23,000408,21.96000000,21.54000000,22.82000000,21.54000000,54919,161217272.00000000,5.17000000,-13.04000000,-3.23000000,2.18000000,藏格矿业
2015-06-24,000408,19.79000000,20.80000000,23.11000000,19.68000000,218003,617118240.00000000,15.92000000,-3.44000000,-0.74000000,8.64000000,藏格矿业
2015-06-25,000408,20.63000000,17.97000000,20.63000000,17.97000000,184773,489595104.00000000,12.79000000,-13.61000000,-2.83000000,7.32000000,藏格矿业
2015-06-26,000408,16.18000000,15.42000000,16.21000000,15.42000000,61603,141721948.00000000,4.40000000,-14.19000000,-2.55000000,2.44000000,藏格矿业
2015-06-29,000408,13.44000000,13.13000000,14.98000000,13.13000000,56341,118807230.00000000,12.00000000,-14.85000000,-2.29000000,2.23000000,藏格矿业
2015-06-30,000408,11.07000000,12.19000000,14.19000000,11.07000000,271538,526744672.00000000,23.76000000,-7.16000000,-0.94000000,10.76000000,藏格矿业
2015-07-01,000408,12.15000000,10.22000000,12.81000000,10.22000000,245757,468189360.00000000,21.25000000,-16.16000000,-1.97000000,9.74000000,藏格矿业
2015-07-02,000408,8.90000000,8.45000000,9.99000000,8.45000000,187323,302069376.00000000,15.07000000,-17.32000000,-1.77000000,7.42000000,藏格矿业
2015-07-03,000408,7.01000000,6.85000000,7.58000000,6.85000000,168729,243712561.00000000,8.64000000,-18.93000000,-1.60000000,6.69000000,藏格矿业
2015-07-06,000408,7.29000000,5.41000000,8.12000000,5.41000000,224921,313861760.00000000,39.56000000,-21.02000000,-1.44000000,8.91000000,藏格矿业
2015-07-07,000408,4.12000000,4.12000000,4.12000000,4.12000000,12681,14748003.00000000,0.00000000,-23.84000000,-1.29000000,0.50000000,藏格矿业
2015-07-15,000408,5.28000000,5.28000000,5.28000000,5.28000000,8489,10857597.00000000,0.00000000,28.16000000,1.16000000,0.34000000,藏格矿业
2015-07-16,000408,5.29000000,6.56000000,6.56000000,4.00000000,391718,519667344.00000000,48.48000000,24.24000000,1.28000000,15.53000000,藏格矿业
2015-07-17,000408,6.68000000,7.97000000,7.97000000,6.68000000,270312,403131072.00000000,19.66000000,21.49000000,1.41000000,10.71000000,藏格矿业
2015-07-20,000408,8.49000000,8.83000000,9.35000000,7.57000000,300572,484051872.00000000,22.33000000,10.79000000,0.86000000,11.91000000,藏格矿业
2015-07-21,000408,8.61000000,9.27000000,9.59000000,8.04000000,177075,296261280.00000000,17.55000000,4.98000000,0.44000000,7.02000000,藏格矿业
2015-07-22,000408,9.32000000,9.17000000,9.67000000,8.42000000,189976,314438720.00000000,13.48000000,-1.08000000,-0.10000000,7.53000000,藏格矿业
2015-07-23,000408,9.04000000,10.19000000,10.61000000,8.70000000,202965,348792336.00000000,20.83000000,11.12000000,1.02000000,8.04000000,藏格矿业
2015-07-24,000408,10.24000000,10.40000000,11.32000000,9.92000000,239208,439293808.00000000,13.74000000,2.06000000,0.21000000,9.48000000,藏格矿业
2015-07-27,000408,9.69000000,8.61000000,11.44000000,8.61000000,300397,533250880.00000000,27.21000000,-17.21000000,-1.79000000,11.91000000,藏格矿业
2015-07-28,000408,7.04000000,7.93000000,9.36000000,7.03000000,215802,332159136.00000000,27.06000000,-7.90000000,-0.68000000,8.55000000,藏格矿业
2015-07-29,000408,8.61000000,9.46000000,9.46000000,7.15000000,179098,284129408.00000000,29.13000000,19.29000000,1.53000000,7.10000000,藏格矿业
2015-07-30,000408,9.51000000,9.51000000,10.99000000,9.34000000,253372,449421728.00000000,17.44000000,0.53000000,0.05000000,10.04000000,藏格矿业
2015-07-31,000408,9.64000000,10.12000000,10.49000000,9.51000000,195647,343594416.00000000,10.30000000,6.41000000,0.61000000,7.75000000,藏格矿业
2015-08-03,000408,9.96000000,8.36000000,10.19000000,8.36000000,166151,277837072.00000000,18.08000000,-17.39000000,-1.76000000,6.59000000,藏格矿业
2015-08-04,000408,8.54000000,9.95000000,9.95000000,8.36000000,137675,228980815.00000000,19.02000000,19.02000000,1.59000000,5.46000000,藏格矿业
2015-08-05,000408,10.24000000,9.99000000,10.49000000,9.49000000,166873,294186480.00000000,10.05000000,0.40000000,0.04000000,6.61000000,藏格矿业
2015-08-06,000408,9.49000000,9.63000000,10.26000000,9.39000000,96312,166522310.00000000,8.71000000,-3.60000000,-0.36000000,3.82000000,藏格矿业
2015-08-07,000408,9.77000000,10.06000000,10.19000000,9.63000000,113055,197503775.00000000,5.82000000,4.47000000,0.43000000,4.48000000,藏格矿业
2015-08-10,000408,10.27000000,10.94000000,11.17000000,9.99000000,150539,273178816.00000000,11.73000000,8.75000000,0.88000000,5.97000000,藏格矿业
2015-08-11,000408,10.82000000,11.97000000,12.48000000,10.60000000,224772,431447088.00000000,17.18000000,9.41000000,1.03000000,8.91000000,藏格矿业
2015-08-12,000408,13.29000000,11.95000000,13.30000000,11.89000000,223997,447299152.00000000,11.78000000,-0.17000000,-0.02000000,8.88000000,藏格矿业
2015-08-13,000408,11.49000000,12.49000000,12.54000000,11.02000000,157313,310089696.00000000,12.72000000,4.52000000,0.54000000,6.24000000,藏格矿业
2015-08-14,000408,12.77000000,14.49000000,14.49000000,12.74000000,240932,508516560.00000000,14.01000000,16.01000000,2.00000000,9.55000000,藏格矿业
2015-08-17,000408,14.99000000,15.64000000,16.64000000,14.99000000,241295,561872912.00000000,11.39000000,7.94000000,1.15000000,9.56000000,藏格矿业
2015-08-18,000408,15.89000000,13.33000000,16.28000000,13.33000000,211291,459703728.00000000,18.86000000,-14.77000000,-2.31000000,8.37000000,藏格矿业
2015-08-19,000408,11.25000000,13.71000000,14.05000000,11.25000000,226489,448222288.00000000,21.01000000,2.85000000,0.38000000,8.98000000,藏格矿业
2015-08-20,000408,13.00000000,11.79000000,13.64000000,11.79000000,146354,294737888.00000000,13.49000000,-14.00000000,-1.92000000,5.80000000,藏格矿业
2015-08-21,000408,11.29000000,10.16000000,12.26000000,9.99000000,120241,223350124.00000000,19.25000000,-13.83000000,-1.63000000,4.77000000,藏格矿业
2015-08-24,000408,8.99000000,8.39000000,9.14000000,8.39000000,54636,87508067.00000000,7.38000000,-17.42000000,-1.77000000,2.17000000,藏格矿业
2015-08-25,000408,6.80000000,6.80000000,6.80000000,6.80000000,17606,25194186.00000000,0.00000000,-18.95000000,-1.59000000,0.70000000,藏格矿业
2015-08-26,000408,5.99000000,5.37000000,6.95000000,5.37000000,238189,319372560.00000000,23.24000000,-21.03000000,-1.43000000,9.44000000,藏格矿业
2015-08-27,000408,5.69000000,5.37000000,6.14000000,4.09000000,163387,210059617.00000000,38.18000000,0.00000000,0.00000000,6.48000000,藏格矿业
2015-08-28,000408,5.93000000,6.66000000,6.66000000,5.37000000,186468,250799921.00000000,24.02000000,24.02000000,1.29000000,7.39000000,藏格矿业
2015-08-31,000408,6.89000000,5.64000000,6.89000000,5.56000000,151312,208022328.00000000,19.97000000,-15.32000000,-1.02000000,6.00000000,藏格矿业
2015-09-01,000408,5.64000000,4.33000000,5.64000000,4.33000000,112040,135570036.00000000,23.23000000,-23.23000000,-1.31000000,4.44000000,藏格矿业
2015-09-02,000408,3.49000000,3.15000000,4.69000000,3.15000000,112784,125824491.00000000,35.57000000,-27.25000000,-1.18000000,4.47000000,藏格矿业
2015-09-07,000408,3.44000000,3.60000000,3.93000000,3.44000000,89643,100229369.00000000,15.56000000,14.29000000,0.45000000,3.55000000,藏格矿业
2015-09-08,000408,3.49000000,4.71000000,4.71000000,3.34000000,94894,109972335.00000000,38.06000000,30.83000000,1.11000000,3.76000000,藏格矿业
2015-09-09,000408,4.99000000,5.87000000,5.88000000,4.91000000,138680,180232174.00000000,20.59000000,24.63000000,1.16000000,5.50000000,藏格矿业
2015-09-10,000408,5.69000000,5.53000000,6.37000000,5.30000000,123334,165430736.00000000,18.23000000,-5.79000000,-0.34000000,4.89000000,藏格矿业
2015-09-11,000408,5.41000000,5.84000000,6.08000000,5.29000000,95907,126801585.00000000,14.29000000,5.61000000,0.31000000,3.80000000,藏格矿业
2015-09-14,000408,5.96000000,4.51000000,6.09000000,4.51000000,98861,124189688.00000000,27.05000000,-22.77000000,-1.33000000,3.92000000,藏格矿业
2015-09-15,000408,4.00000000,3.35000000,4.44000000,3.31000000,106973,119921879.00000000,25.06000000,-25.72000000,-1.16000000,4.24000000,藏格矿业
2015-09-16,000408,3.35000000,4.44000000,4.44000000,3.35000000,89444,101632411.00000000,32.54000000,32.54000000,1.09000000,3.55000000,藏格矿业
2015-09-17,000408,4.59000000,4.02000000,5.14000000,4.01000000,122339,149624190.00000000,25.45000000,-9.46000000,-0.42000000,4.85000000,藏格矿业
2015-09-18,000408,4.19000000,4.72000000,4.98000000,4.08000000,100433,120088118.00000000,22.39000000,17.41000000,0.70000000,3.98000000,藏格矿业
2015-09-21,000408,4.39000000,5.26000000,5.42000000,4.29000000,94332,116460029.00000000,23.94000000,11.44000000,0.54000000,3.74000000,藏格矿业
2015-09-22,000408,5.10000000,5.25000000,5.59000000,4.99000000,87773,112699177.00000000,11.41000000,-0.19000000,-0.01000000,3.48000000,藏格矿业
2015-09-23,000408,4.99000000,4.69000000,5.07000000,4.50000000,89062,109240632.00000000,10.86000000,-10.67000000,-0.56000000,3.53000000,藏格矿业
2015-09-24,000408,4.71000000,5.03000000,5.22000000,4.71000000,64773,80985605.00000000,10.87000000,7.25000000,0.34000000,2.57000000,藏格矿业
2015-09-25,000408,5.00000000,4.58000000,5.27000000,4.40000000,68398,84308582.00000000,17.30000000,-8.95000000,-0.45000000,2.71000000,藏格矿业
2015-09-28,000408,4.58000000,4.84000000,4.92000000,4.29000000,43537,53096254.00000000,13.76000000,5.68000000,0.26000000,1.73000000,藏格矿业
2015-09-29,000408,4.55000000,4.51000000,4.74000000,4.37000000,46935,56656787.00000000,7.64000000,-6.82000000,-0.33000000,1.86000000,藏格矿业
2015-09-30,000408,4.58000000,4.61000000,4.76000000,4.52000000,33638,40933882.00000000,5.32000000,2.22000000,0.10000000,1.33000000,藏格矿业
2015-10-08,000408,5.12000000,5.13000000,5.25000000,4.79000000,67310,84505833.00000000,9.98000000,11.28000000,0.52000000,2.67000000,藏格矿业
2015-10-09,000408,5.24000000,5.67000000,5.82000000,5.01000000,88385,113162319.00000000,15.79000000,10.53000000,0.54000000,3.50000000,藏格矿业
2015-10-12,000408,5.82000000,6.39000000,6.47000000,5.67000000,115730,158211888.00000000,14.11000000,12.70000000,0.72000000,4.59000000,藏格矿业
2015-10-13,000408,6.19000000,6.46000000,6.66000000,6.02000000,105576,145774393.00000000,10.02000000,1.10000000,0.07000000,4.18000000,藏格矿业
2015-10-14,000408,6.36000000,5.87000000,6.60000000,5.67000000,104310,143706503.00000000,14.40000000,-9.13000000,-0.59000000,4.13000000,藏格矿业
2015-10-15,000408,5.94000000,6.32000000,6.46000000,5.93000000,81159,111238586.00000000,9.03000000,7.67000000,0.45000000,3.22000000,藏格矿业
2015-10-16,000408,6.40000000,6.51000000,6.88000000,6.19000000,101621,142283842.00000000,10.92000000,3.01000000,0.19000000,4.03000000,藏格矿业
2015-10-19,000408,6.34000000,6.91000000,7.06000000,6.34000000,138496,197333932.00000000,11.06000000,6.14000000,0.40000000,5.49000000,藏格矿业
2015-10-20,000408,6.93000000,7.10000000,7.15000000,6.70000000,103577,149457035.00000000,6.51000000,2.75000000,0.19000000,4.11000000,藏格矿业
2015-10-21,000408,7.22000000,5.65000000,7.53000000,5.64000000,151168,214308929.00000000,26.62000000,-20.42000000,-1.45000000,5.99000000,藏格矿业
2015-10-22,000408,5.48000000,6.50000000,6.68000000,5.48000000,109643,148988083.00000000,21.24000000,15.04000000,0.85000000,4.35000000,藏格矿业
2015-10-23,000408,6.63000000,7.17000000,7.35000000,6.61000000,136082,198443361.00000000,11.38000000,10.31000000,0.67000000,5.39000000,藏格矿业
2015-10-26,000408,7.10000000,7.44000000,7.44000000,6.89000000,115509,170028220.00000000,7.67000000,3.77000000,0.27000000,4.58000000,藏格矿业
2015-10-27,000408,7.29000000,7.49000000,7.49000000,6.41000000,106640,153980025.00000000,14.52000000,0.67000000,0.05000000,4.23000000,藏格矿业
2015-10-28,000408,7.32000000,7.67000000,8.36000000,7.24000000,175866,271040512.00000000,14.95000000,2.40000000,0.18000000,6.97000000,藏格矿业
2015-10-29,000408,7.75000000,7.72000000,8.09000000,7.28000000,119528,182192268.00000000,10.56000000,0.65000000,0.05000000,4.74000000,藏格矿业
2015-10-30,000408,7.52000000,7.49000000,7.82000000,7.29000000,87073,131167594.00000000,6.87000000,-2.98000000,-0.23000000,3.45000000,藏格矿业
2015-11-02,000408,7.15000000,6.97000000,7.58000000,6.79000000,74115,108447338.00000000,10.55000000,-6.94000000,-0.52000000,2.94000000,藏格矿业
2015-11-03,000408,6.79000000,7.08000000,7.18000000,6.79000000,69283,100365255.00000000,5.60000000,1.58000000,0.11000000,2.75000000,藏格矿业
2015-11-04,000408,7.07000000,8.11000000,8.44000000,7.07000000,132267,200103918.00000000,19.35000000,14.55000000,1.03000000,5.24000000,藏格矿业
2015-11-05,000408,8.12000000,7.77000000,8.28000000,7.66000000,139439,215390441.00000000,7.64000000,-4.19000000,-0.34000000,5.53000000,藏格矿业
2015-11-06,000408,7.89000000,8.17000000,8.22000000,7.65000000,107061,166599117.00000000,7.34000000,5.15000000,0.40000000,4.24000000,藏格矿业
2015-11-09,000408,7.94000000,8.45000000,8.66000000,7.67000000,151307,236503838.00000000,12.12000000,3.43000000,0.28000000,6.00000000,藏格矿业
2015-11-10,000408,8.42000000,8.79000000,9.13000000,8.20000000,134464,219194295.00000000,11.01000000,4.02000000,0.34000000,5.33000000,藏格矿业
2015-11-11,000408,8.79000000,10.42000000,10.42000000,8.61000000,153961,268706032.00000000,20.59000000,18.54000000,1.63000000,6.10000000,藏格矿业
2015-11-12,000408,11.29000000,10.44000000,11.49000000,10.39000000,210219,385198608.00000000,10.56000000,0.19000000,0.02000000,8.33000000,藏格矿业
2015-11-13,000408,10.44000000,12.01000000,12.24000000,9.99000000,252987,478729504.00000000,21.55000000,15.04000000,1.57000000,10.03000000,藏格矿业
2015-11-16,000408,11.99000000,12.08000000,12.49000000,11.49000000,166460,324579968.00000000,8.33000000,0.58000000,0.07000000,6.60000000,藏格矿业
2015-11-17,000408,12.14000000,11.67000000,12.79000000,11.48000000,137828,268813504.00000000,10.84000000,-3.39000000,-0.41000000,5.46000000,藏格矿业
2015-11-18,000408,11.62000000,10.69000000,11.64000000,10.49000000,116204,216245570.00000000,9.85000000,-8.40000000,-0.98000000,4.61000000,藏格矿业
2015-11-19,000408,10.79000000,11.89000000,11.91000000,10.79000000,97436,182601745.00000000,10.48000000,11.23000000,1.20000000,3.86000000,藏格矿业
2015-11-24,000408,11.89000000,12.70000000,13.49000000,11.50000000,152366,308536400.00000000,16.74000000,6.81000000,0.81000000,6.04000000,藏格矿业
2015-11-25,000408,12.76000000,14.72000000,14.72000000,12.74000000,147420,313716288.00000000,15.59000000,15.91000000,2.02000000,5.84000000,藏格矿业
2015-12-17,000408,16.89000000,15.27000000,16.89000000,14.72000000,278278,640736336.00000000,14.74000000,3.74000000,0.55000000,11.03000000,藏格矿业
2015-12-18,000408,14.49000000,14.47000000,15.19000000,14.12000000,151811,334888640.00000000,7.01000000,-5.24000000,-0.80000000,6.02000000,藏格矿业
2015-12-21,000408,14.09000000,13.09000000,14.09000000,12.61000000,160941,333415952.00000000,10.23000000,-9.54000000,-1.38000000,6.38000000,藏格矿业
2015-12-22,000408,13.13000000,13.66000000,13.97000000,13.09000000,105900,223491940.00000000,6.72000000,4.35000000,0.57000000,4.20000000,藏格矿业
2015-12-23,000408,13.65000000,12.15000000,13.65000000,12.04000000,157450,316916752.00000000,11.79000000,-11.05000000,-1.51000000,6.24000000,藏格矿业
2015-12-24,000408,11.91000000,12.14000000,12.65000000,11.49000000,163421,316832720.00000000,9.55000000,-0.08000000,-0.01000000,6.48000000,藏格矿业
2015-12-25,000408,11.94000000,13.18000000,13.39000000,11.87000000,154871,314458752.00000000,12.52000000,8.57000000,1.04000000,6.14000000,藏格矿业
2015-12-28,000408,13.16000000,12.44000000,13.79000000,12.40000000,139804,288403760.00000000,10.55000000,-5.61000000,-0.74000000,5.54000000,藏格矿业
2015-12-29,000408,12.25000000,12.18000000,12.64000000,11.57000000,72743,142248043.00000000,8.60000000,-2.09000000,-0.26000000,2.88000000,藏格矿业
2015-12-30,000408,12.48000000,12.21000000,12.77000000,12.09000000,63396,125906017.00000000,5.58000000,0.25000000,0.03000000,2.51000000,藏格矿业
2015-12-31,000408,12.25000000,12.32000000,12.76000000,12.14000000,59847,119461852.00000000,5.08000000,0.90000000,0.11000000,2.37000000,藏格矿业
2016-01-04,000408,11.63000000,10.34000000,12.26000000,10.34000000,81264,150401730.00000000,15.58000000,-16.07000000,-1.98000000,3.22000000,藏格矿业
2016-01-05,000408,9.00000000,8.80000000,9.89000000,8.56000000,116348,193688352.00000000,12.86000000,-14.89000000,-1.54000000,4.61000000,藏格矿业
2016-01-06,000408,9.04000000,9.54000000,9.75000000,9.04000000,78180,132323217.00000000,8.07000000,8.41000000,0.74000000,3.10000000,藏格矿业
2016-01-07,000408,9.29000000,7.85000000,9.31000000,7.84000000,25287,40070682.00000000,15.41000000,-17.71000000,-1.69000000,1.00000000,藏格矿业
2016-01-08,000408,8.36000000,8.00000000,8.67000000,6.52000000,96922,150652480.00000000,27.39000000,1.91000000,0.15000000,3.84000000,藏格矿业
2016-01-11,000408,7.59000000,6.69000000,8.29000000,6.49000000,75396,112944434.00000000,22.50000000,-16.38000000,-1.31000000,2.99000000,藏格矿业
2016-01-12,000408,6.69000000,6.50000000,7.25000000,6.07000000,60619,85727328.00000000,17.64000000,-2.84000000,-0.19000000,2.40000000,藏格矿业
2016-01-13,000408,6.84000000,6.35000000,6.99000000,6.19000000,52731,74621908.00000000,12.31000000,-2.31000000,-0.15000000,2.09000000,藏格矿业
2016-01-14,000408,5.95000000,6.69000000,6.78000000,5.49000000,80049,109146053.00000000,20.31000000,5.35000000,0.34000000,3.17000000,藏格矿业
2016-01-15,000408,6.47000000,5.59000000,6.54000000,5.49000000,70843,96214746.00000000,15.70000000,-16.44000000,-1.10000000,2.81000000,藏格矿业
2016-01-18,000408,5.50000000,5.86000000,6.04000000,5.09000000,52576,69902946.00000000,16.99000000,4.83000000,0.27000000,2.08000000,藏格矿业
2016-01-19,000408,5.86000000,6.58000000,6.59000000,5.59000000,56617,77252203.00000000,17.06000000,12.29000000,0.72000000,2.24000000,藏格矿业
2016-01-20,000408,7.10000000,7.99000000,7.99000000,7.09000000,133103,203901541.00000000,13.68000000,21.43000000,1.41000000,5.28000000,藏格矿业
2016-01-21,000408,7.95000000,6.81000000,8.18000000,6.79000000,113100,171609069.00000000,17.40000000,-14.77000000,-1.18000000,4.48000000,藏格矿业
2016-01-22,000408,7.27000000,6.81000000,7.29000000,6.39000000,64116,91891200.00000000,13.22000000,0.00000000,0.00000000,2.54000000,藏格矿业
2016-01-25,000408,6.90000000,7.19000000,7.28000000,6.74000000,50535,73260480.00000000,7.93000000,5.58000000,0.38000000,2.00000000,藏格矿业
2016-01-26,000408,6.96000000,5.72000000,6.96000000,5.72000000,71965,99092223.00000000,17.25000000,-20.45000000,-1.47000000,2.85000000,藏格矿业
2016-01-27,000408,5.73000000,5.19000000,5.85000000,4.47000000,64641,80401289.00000000,24.13000000,-9.27000000,-0.53000000,2.56000000,藏格矿业
2016-01-28,000408,4.80000000,4.29000000,5.09000000,4.29000000,58669,71612632.00000000,15.41000000,-17.34000000,-0.90000000,2.33000000,藏格矿业
2016-01-29,000408,4.29000000,4.80000000,4.99000000,4.18000000,47880,58292392.00000000,18.88000000,11.89000000,0.51000000,1.90000000,藏格矿业
2016-02-01,000408,4.75000000,4.69000000,5.02000000,4.40000000,40197,49132359.00000000,12.92000000,-2.29000000,-0.11000000,1.59000000,藏格矿业
2016-02-02,000408,4.78000000,5.05000000,5.14000000,4.58000000,38446,48039793.00000000,11.94000000,7.68000000,0.36000000,1.52000000,藏格矿业
2016-02-03,000408,4.89000000,5.18000000,5.25000000,4.79000000,34374,42849219.00000000,9.11000000,2.57000000,0.13000000,1.36000000,藏格矿业
2016-02-04,000408,5.39000000,5.60000000,5.95000000,5.32000000,43995,57845009.00000000,12.16000000,8.11000000,0.42000000,1.74000000,藏格矿业
2016-02-05,000408,5.70000000,5.66000000,5.92000000,5.59000000,31166,41292913.00000000,5.89000000,1.07000000,0.06000000,1.24000000,藏格矿业
2016-02-15,000408,5.45000000,6.63000000,6.98000000,5.32000000,90245,125772618.00000000,29.33000000,17.14000000,0.97000000,3.58000000,藏格矿业
2016-02-16,000408,6.21000000,6.87000000,7.13000000,6.09000000,89775,127298500.00000000,15.69000000,3.62000000,0.24000000,3.56000000,藏格矿业
2016-02-17,000408,6.82000000,6.73000000,6.83000000,6.44000000,61067,86460981.00000000,5.68000000,-2.04000000,-0.14000000,2.42000000,藏格矿业
2016-02-18,000408,6.84000000,6.63000000,6.92000000,6.57000000,51793,73655707.00000000,5.20000000,-1.49000000,-0.10000000,2.05000000,藏格矿业
2016-02-19,000408,6.63000000,6.45000000,6.68000000,6.36000000,38097,53324734.00000000,4.83000000,-2.71000000,-0.18000000,1.51000000,藏格矿业
2016-02-22,000408,6.55000000,6.75000000,7.09000000,6.55000000,69253,99515723.00000000,8.37000000,4.65000000,0.30000000,2.74000000,藏格矿业
2016-02-23,000408,6.76000000,7.11000000,7.19000000,6.65000000,95834,138891721.00000000,8.00000000,5.33000000,0.36000000,3.80000000,藏格矿业
2016-02-24,000408,6.97000000,7.54000000,7.83000000,6.97000000,79179,118474252.00000000,12.10000000,6.05000000,0.43000000,3.14000000,藏格矿业
2016-02-25,000408,7.49000000,6.04000000,7.73000000,6.04000000,100536,144018443.00000000,22.41000000,-19.89000000,-1.50000000,3.98000000,藏格矿业
2016-02-26,000408,6.10000000,6.38000000,6.44000000,5.89000000,55288,76081632.00000000,9.11000000,5.63000000,0.34000000,2.19000000,藏格矿业
2016-02-29,000408,6.37000000,5.32000000,6.37000000,5.14000000,53956,69932442.00000000,19.28000000,-16.61000000,-1.06000000,2.14000000,藏格矿业
2016-03-01,000408,5.50000000,5.54000000,5.75000000,5.29000000,40652,53129184.00000000,8.65000000,4.14000000,0.22000000,1.61000000,藏格矿业
2016-03-02,000408,5.61000000,6.22000000,6.29000000,5.61000000,44805,60646388.00000000,12.27000000,12.27000000,0.68000000,1.78000000,藏格矿业
2016-03-03,000408,6.33000000,6.49000000,6.89000000,6.33000000,52699,74270605.00000000,9.00000000,4.34000000,0.27000000,2.09000000,藏格矿业
2016-03-04,000408,6.70000000,6.12000000,6.73000000,5.93000000,49240,68333926.00000000,12.33000000,-5.70000000,-0.37000000,1.95000000,藏格矿业
2016-03-07,000408,6.25000000,6.75000000,6.82000000,6.18000000,66841,93612731.00000000,10.46000000,10.29000000,0.63000000,2.65000000,藏格矿业
2016-03-08,000408,6.99000000,6.69000000,6.99000000,6.17000000,65673,91968491.00000000,12.15000000,-0.89000000,-0.06000000,2.60000000,藏格矿业
2016-03-09,000408,6.19000000,6.14000000,6.42000000,5.82000000,42231,57935679.00000000,8.97000000,-8.22000000,-0.55000000,1.67000000,藏格矿业
2016-03-10,000408,6.17000000,5.76000000,6.31000000,5.74000000,33515,45418940.00000000,9.28000000,-6.19000000,-0.38000000,1.33000000,藏格矿业
2016-03-11,000408,5.51000000,5.66000000,5.99000000,4.91000000,84969,109992403.00000000,18.75000000,-1.74000000,-0.10000000,3.37000000,藏格矿业
2016-03-14,000408,5.60000000,5.94000000,6.22000000,5.49000000,75502,101162529.00000000,12.90000000,4.95000000,0.28000000,2.99000000,藏格矿业
2016-03-15,000408,5.83000000,5.48000000,5.86000000,5.37000000,51644,67583465.00000000,8.25000000,-7.74000000,-0.46000000,2.05000000,藏格矿业
2016-03-16,000408,5.81000000,5.50000000,5.89000000,5.40000000,45514,59834991.00000000,8.94000000,0.36000000,0.02000000,1.80000000,藏格矿业
2016-03-17,000408,5.51000000,5.77000000,5.91000000,5.42000000,54965,72707314.00000000,8.91000000,4.91000000,0.27000000,2.18000000,藏格矿业
2016-03-18,000408,5.85000000,6.34000000,6.48000000,5.75000000,85303,116825592.00000000,12.65000000,9.88000000,0.57000000,3.38000000,藏格矿业
2016-03-21,000408,6.51000000,6.99000000,7.24000000,6.51000000,95233,136931829.00000000,11.51000000,10.25000000,0.65000000,3.77000000,藏格矿业
2016-03-22,000408,6.90000000,6.69000000,6.91000000,6.59000000,62116,88595728.00000000,4.58000000,-4.29000000,-0.30000000,2.46000000,藏格矿业
2016-03-23,000408,6.59000000,6.74000000,6.92000000,6.46000000,64153,91050120.00000000,6.88000000,0.75000000,0.05000000,2.54000000,藏格矿业
2016-03-24,000408,6.74000000,6.30000000,6.74000000,6.16000000,59055,81911142.00000000,8.61000000,-6.53000000,-0.44000000,2.34000000,藏格矿业
2016-03-25,000408,6.29000000,6.41000000,6.56000000,6.17000000,38404,53322859.00000000,6.19000000,1.75000000,0.11000000,1.52000000,藏格矿业
2016-03-28,000408,6.41000000,6.44000000,6.68000000,6.34000000,52016,72963306.00000000,5.30000000,0.47000000,0.03000000,2.06000000,藏格矿业
2016-03-29,000408,6.59000000,6.02000000,6.66000000,5.89000000,51997,71264851.00000000,11.96000000,-6.52000000,-0.42000000,2.06000000,藏格矿业
2016-03-30,000408,6.24000000,6.41000000,6.44000000,6.12000000,36916,50915635.00000000,5.32000000,6.48000000,0.39000000,1.46000000,藏格矿业
2016-03-31,000408,6.45000000,6.54000000,6.64000000,6.45000000,50779,71458057.00000000,2.96000000,2.03000000,0.13000000,2.01000000,藏格矿业
2016-04-01,000408,6.39000000,6.59000000,6.61000000,6.29000000,39303,54869975.00000000,4.89000000,0.76000000,0.05000000,1.56000000,藏格矿业
2016-04-05,000408,6.76000000,7.63000000,7.94000000,6.61000000,126839,188957842.00000000,20.18000000,15.78000000,1.04000000,5.03000000,藏格矿业
2016-04-06,000408,7.64000000,7.70000000,7.88000000,7.49000000,91211,138762841.00000000,5.11000000,0.92000000,0.07000000,3.62000000,藏格矿业
2016-04-07,000408,7.64000000,7.61000000,7.89000000,7.54000000,67430,102550499.00000000,4.55000000,-1.17000000,-0.09000000,2.67000000,藏格矿业
2016-04-08,000408,7.50000000,8.31000000,8.61000000,7.30000000,115516,181092535.00000000,17.21000000,9.20000000,0.70000000,4.58000000,藏格矿业
2016-04-11,000408,8.49000000,8.48000000,9.07000000,8.39000000,97550,158892729.00000000,8.18000000,2.05000000,0.17000000,3.87000000,藏格矿业
2016-04-12,000408,8.04000000,8.85000000,8.92000000,8.04000000,78006,125655944.00000000,10.38000000,4.36000000,0.37000000,3.09000000,藏格矿业
2016-04-13,000408,8.89000000,8.72000000,9.09000000,8.65000000,82585,135057234.00000000,4.97000000,-1.47000000,-0.13000000,3.27000000,藏格矿业
2016-04-14,000408,8.67000000,8.43000000,8.82000000,8.29000000,77044,123058975.00000000,6.08000000,-3.33000000,-0.29000000,3.05000000,藏格矿业
2016-04-15,000408,8.79000000,8.35000000,8.83000000,8.19000000,56290,89662598.00000000,7.59000000,-0.95000000,-0.08000000,2.23000000,藏格矿业
2016-04-18,000408,8.36000000,7.74000000,8.45000000,7.49000000,72758,111040142.00000000,11.50000000,-7.31000000,-0.61000000,2.88000000,藏格矿业
2016-04-19,000408,7.86000000,7.97000000,8.21000000,7.84000000,48358,74926404.00000000,4.78000000,2.97000000,0.23000000,1.92000000,藏格矿业
2016-04-20,000408,8.00000000,7.08000000,8.29000000,6.59000000,88109,132216795.00000000,21.33000000,-11.17000000,-0.89000000,3.49000000,藏格矿业
2016-04-21,000408,7.15000000,6.99000000,7.38000000,6.93000000,48724,71124662.00000000,6.36000000,-1.27000000,-0.09000000,1.93000000,藏格矿业
2016-04-22,000408,6.86000000,7.09000000,7.16000000,6.69000000,32843,47779149.00000000,6.72000000,1.43000000,0.10000000,1.30000000,藏格矿业
2016-04-25,000408,7.12000000,7.22000000,7.24000000,6.61000000,43160,62290246.00000000,8.89000000,1.83000000,0.13000000,1.71000000,藏格矿业
2016-04-26,000408,7.14000000,7.35000000,7.49000000,7.09000000,45152,66752729.00000000,5.54000000,1.80000000,0.13000000,1.79000000,藏格矿业
2016-04-28,000408,6.61000000,6.61000000,6.61000000,6.61000000,30881,43603972.00000000,0.00000000,-10.07000000,-0.74000000,1.22000000,藏格矿业
2016-04-29,000408,5.90000000,6.83000000,7.32000000,5.90000000,135829,188476199.00000000,21.48000000,3.33000000,0.22000000,5.38000000,藏格矿业
2016-05-03,000408,6.49000000,6.70000000,6.78000000,6.30000000,71504,100863786.00000000,7.03000000,-1.90000000,-0.13000000,2.83000000,藏格矿业
2016-05-04,000408,6.59000000,6.86000000,7.07000000,6.57000000,51386,74081945.00000000,7.46000000,2.39000000,0.16000000,2.04000000,藏格矿业
2016-05-05,000408,6.86000000,7.47000000,7.58000000,6.71000000,73071,107929153.00000000,12.68000000,8.89000000,0.61000000,2.90000000,藏格矿业
2016-05-06,000408,7.57000000,7.11000000,7.87000000,7.11000000,74788,112197283.00000000,10.17000000,-4.82000000,-0.36000000,2.96000000,藏格矿业
2016-05-09,000408,7.11000000,6.38000000,7.11000000,6.38000000,51599,72659487.00000000,10.27000000,-10.27000000,-0.73000000,2.05000000,藏格矿业
2016-05-10,000408,6.10000000,6.39000000,6.59000000,6.10000000,26743,37242413.00000000,7.68000000,0.16000000,0.01000000,1.06000000,藏格矿业
2016-05-11,000408,6.54000000,6.32000000,6.67000000,6.21000000,20273,28172170.00000000,7.20000000,-1.10000000,-0.07000000,0.80000000,藏格矿业
2016-05-12,000408,6.07000000,6.20000000,6.24000000,5.90000000,23484,31896511.00000000,5.38000000,-1.90000000,-0.12000000,0.93000000,藏格矿业
2016-05-13,000408,6.24000000,6.11000000,6.34000000,6.04000000,17195,23572741.00000000,4.84000000,-1.45000000,-0.09000000,0.68000000,藏格矿业
2016-05-16,000408,6.35000000,6.22000000,6.35000000,5.99000000,27699,37874405.00000000,5.89000000,1.80000000,0.11000000,1.10000000,藏格矿业
2016-05-17,000408,6.28000000,6.17000000,6.34000000,6.13000000,27709,37954569.00000000,3.38000000,-0.80000000,-0.05000000,1.10000000,藏格矿业
2016-05-18,000408,6.12000000,5.49000000,6.12000000,5.49000000,36874,48581304.00000000,10.21000000,-11.02000000,-0.68000000,1.46000000,藏格矿业
2016-05-19,000408,5.49000000,5.36000000,5.64000000,5.29000000,21339,27788102.00000000,6.38000000,-2.37000000,-0.13000000,0.85000000,藏格矿业
2016-05-20,000408,5.29000000,5.29000000,5.34000000,4.89000000,22671,28644541.00000000,8.40000000,-1.31000000,-0.07000000,0.90000000,藏格矿业
2016-05-23,000408,5.25000000,5.71000000,5.93000000,5.23000000,25335,33447205.00000000,13.23000000,7.94000000,0.42000000,1.00000000,藏格矿业
2016-05-24,000408,5.69000000,5.58000000,5.78000000,5.49000000,17351,22792433.00000000,5.08000000,-2.28000000,-0.13000000,0.69000000,藏格矿业
2016-05-25,000408,5.67000000,5.58000000,5.78000000,5.54000000,15535,20358459.00000000,4.30000000,0.00000000,0.00000000,0.62000000,藏格矿业
2016-05-26,000408,5.58000000,5.49000000,5.63000000,5.29000000,19777,25588869.00000000,6.09000000,-1.61000000,-0.09000000,0.78000000,藏格矿业
2016-05-27,000408,5.49000000,5.61000000,5.72000000,5.48000000,22540,29605442.00000000,4.37000000,2.19000000,0.12000000,0.89000000,藏格矿业
2016-05-30,000408,5.60000000,5.86000000,6.04000000,5.42000000,33630,44878131.00000000,11.05000000,4.46000000,0.25000000,1.33000000,藏格矿业
2016-05-31,000408,5.86000000,6.25000000,6.29000000,5.86000000,43443,58910418.00000000,7.34000000,6.66000000,0.39000000,1.72000000,藏格矿业
2016-06-01,000408,6.21000000,6.35000000,6.55000000,6.14000000,37759,52420427.00000000,6.56000000,1.60000000,0.10000000,1.50000000,藏格矿业
2016-06-02,000408,6.37000000,6.67000000,6.67000000,6.35000000,35448,49893588.00000000,5.04000000,5.04000000,0.32000000,1.40000000,藏格矿业
2016-06-03,000408,6.69000000,6.63000000,6.78000000,6.49000000,32911,46575539.00000000,4.35000000,-0.60000000,-0.04000000,1.30000000,藏格矿业
2016-06-06,000408,6.76000000,7.05000000,7.12000000,6.67000000,35951,51756575.00000000,6.79000000,6.33000000,0.42000000,1.42000000,藏格矿业
2016-06-07,000408,7.19000000,7.42000000,7.45000000,7.12000000,43232,64328599.00000000,4.68000000,5.25000000,0.37000000,1.71000000,藏格矿业
2016-06-08,000408,7.43000000,7.67000000,7.67000000,7.31000000,38085,57099707.00000000,4.85000000,3.37000000,0.25000000,1.51000000,藏格矿业
2016-06-13,000408,7.49000000,6.91000000,7.79000000,6.91000000,61302,91571232.00000000,11.47000000,-9.91000000,-0.76000000,2.43000000,藏格矿业
2016-06-14,000408,6.51000000,6.95000000,6.95000000,6.51000000,34540,49175916.00000000,6.37000000,0.58000000,0.04000000,1.37000000,藏格矿业
2016-06-15,000408,6.77000000,7.49000000,7.63000000,6.64000000,36980,54935511.00000000,14.24000000,7.77000000,0.54000000,1.47000000,藏格矿业
2016-06-16,000408,7.59000000,7.51000000,7.95000000,7.33000000,44278,67243569.00000000,8.28000000,0.27000000,0.02000000,1.75000000,藏格矿业
2016-06-17,000408,7.74000000,7.66000000,7.79000000,7.51000000,30537,46299936.00000000,3.73000000,2.00000000,0.15000000,1.21000000,藏格矿业
2016-06-20,000408,7.64000000,7.39000000,7.67000000,7.35000000,28489,42577230.00000000,4.18000000,-3.52000000,-0.27000000,1.13000000,藏格矿业
2016-06-21,000408,7.49000000,7.17000000,7.64000000,7.14000000,23858,35516870.00000000,6.77000000,-2.98000000,-0.22000000,0.95000000,藏格矿业
2016-06-22,000408,7.17000000,7.28000000,7.45000000,7.09000000,20877,30897883.00000000,5.02000000,1.53000000,0.11000000,0.83000000,藏格矿业
2016-06-23,000408,7.21000000,7.29000000,7.44000000,7.18000000,20656,30602735.00000000,3.57000000,0.14000000,0.01000000,0.82000000,藏格矿业
2016-06-24,000408,7.27000000,7.33000000,7.38000000,6.70000000,31400,46040066.00000000,9.33000000,0.55000000,0.04000000,1.24000000,藏格矿业
2016-06-27,000408,7.14000000,8.07000000,8.07000000,7.14000000,44864,69005784.00000000,12.69000000,10.10000000,0.74000000,1.78000000,藏格矿业
2016-06-28,000408,8.77000000,8.84000000,8.85000000,8.49000000,88726,144460657.00000000,4.46000000,9.54000000,0.77000000,3.52000000,藏格矿业
2016-06-29,000408,8.94000000,8.61000000,8.97000000,8.33000000,54323,87659830.00000000,7.24000000,-2.60000000,-0.23000000,2.15000000,藏格矿业
2016-06-30,000408,8.50000000,8.77000000,8.93000000,8.49000000,32408,52550962.00000000,5.11000000,1.86000000,0.16000000,1.28000000,藏格矿业
2016-07-01,000408,8.76000000,8.98000000,9.35000000,8.73000000,52292,86568865.00000000,7.07000000,2.39000000,0.21000000,2.07000000,藏格矿业
2016-07-04,000408,8.84000000,8.89000000,9.35000000,8.64000000,45652,75546966.00000000,7.91000000,-1.00000000,-0.09000000,1.81000000,藏格矿业
2016-07-05,000408,9.49000000,9.36000000,9.54000000,9.01000000,51497,86536859.00000000,5.96000000,5.29000000,0.47000000,2.04000000,藏格矿业
2016-07-06,000408,9.29000000,9.29000000,9.50000000,9.21000000,31528,53045355.00000000,3.10000000,-0.75000000,-0.07000000,1.25000000,藏格矿业
2016-07-07,000408,9.34000000,9.20000000,9.40000000,8.94000000,32704,54511444.00000000,4.95000000,-0.97000000,-0.09000000,1.30000000,藏格矿业
2016-07-08,000408,9.20000000,9.05000000,9.20000000,8.95000000,29253,48471348.00000000,2.72000000,-1.63000000,-0.15000000,1.16000000,藏格矿业
2016-07-11,000408,8.96000000,9.09000000,9.41000000,8.96000000,37030,62025380.00000000,4.97000000,0.44000000,0.04000000,1.47000000,藏格矿业
2016-07-12,000408,9.07000000,8.76000000,9.07000000,8.47000000,44285,71745613.00000000,6.60000000,-3.63000000,-0.33000000,1.76000000,藏格矿业
2016-07-13,000408,8.76000000,8.67000000,8.86000000,8.52000000,30168,48787434.00000000,3.88000000,-1.03000000,-0.09000000,1.20000000,藏格矿业
2016-07-14,000408,8.74000000,9.29000000,9.29000000,8.67000000,51174,85082547.00000000,7.15000000,7.15000000,0.62000000,2.03000000,藏格矿业
2016-07-15,000408,9.06000000,9.01000000,9.28000000,8.99000000,28817,47891819.00000000,3.12000000,-3.01000000,-0.28000000,1.14000000,藏格矿业
2016-07-18,000408,8.99000000,9.08000000,9.19000000,8.89000000,33842,56122422.00000000,3.33000000,0.78000000,0.07000000,1.34000000,藏格矿业
2016-07-19,000408,9.17000000,9.13000000,9.43000000,9.00000000,39510,66026550.00000000,4.74000000,0.55000000,0.05000000,1.57000000,藏格矿业
2016-07-20,000408,9.14000000,9.05000000,9.36000000,9.04000000,20728,34479369.00000000,3.50000000,-0.88000000,-0.08000000,0.82000000,藏格矿业
2016-07-21,000408,9.08000000,8.99000000,9.12000000,8.84000000,27517,45399692.00000000,3.09000000,-0.66000000,-0.06000000,1.09000000,藏格矿业
2016-07-22,000408,9.08000000,8.94000000,9.12000000,8.94000000,21043,34824388.00000000,2.00000000,-0.56000000,-0.05000000,0.83000000,藏格矿业
2016-07-25,000408,8.89000000,9.04000000,9.19000000,8.89000000,22733,37721239.00000000,3.36000000,1.12000000,0.10000000,0.90000000,藏格矿业
2016-07-26,000408,9.21000000,9.02000000,9.26000000,8.89000000,28737,47400529.00000000,4.09000000,-0.22000000,-0.02000000,1.14000000,藏格矿业
2016-07-27,000408,9.01000000,8.37000000,9.13000000,8.19000000,63626,102439196.00000000,10.42000000,-7.21000000,-0.65000000,2.52000000,藏格矿业
2016-07-28,000408,8.20000000,7.75000000,8.44000000,7.59000000,44513,68577492.00000000,10.16000000,-7.41000000,-0.62000000,1.76000000,藏格矿业
2016-07-29,000408,7.88000000,7.77000000,7.97000000,7.69000000,28965,44434463.00000000,3.61000000,0.26000000,0.02000000,1.15000000,藏格矿业
2016-08-01,000408,7.77000000,7.51000000,7.84000000,7.16000000,34219,51675572.00000000,8.75000000,-3.35000000,-0.26000000,1.36000000,藏格矿业
2016-08-02,000408,7.52000000,7.52000000,7.65000000,7.42000000,19738,29720580.00000000,3.06000000,0.13000000,0.01000000,0.78000000,藏格矿业
2016-08-03,000408,7.58000000,7.35000000,7.58000000,6.77000000,23530,34885063.00000000,10.77000000,-2.26000000,-0.17000000,0.93000000,藏格矿业
2016-08-04,000408,7.35000000,8.09000000,8.09000000,7.29000000,27831,42125577.00000000,10.88000000,10.07000000,0.74000000,1.10000000,藏格矿业
2016-08-05,000408,8.11000000,8.52000000,8.87000000,8.10000000,48430,78100670.00000000,9.52000000,5.32000000,0.43000000,1.92000000,藏格矿业
2016-08-08,000408,8.44000000,8.57000000,8.70000000,8.29000000,21172,34034379.00000000,4.81000000,0.59000000,0.05000000,0.84000000,藏格矿业
2016-08-09,000408,8.57000000,8.57000000,8.68000000,8.54000000,14490,23360724.00000000,1.63000000,0.00000000,0.00000000,0.57000000,藏格矿业
2016-08-10,000408,8.69000000,8.64000000,8.72000000,8.59000000,14930,24117902.00000000,1.52000000,0.82000000,0.07000000,0.59000000,藏格矿业
2016-08-11,000408,8.69000000,8.37000000,8.69000000,8.18000000,29920,47639177.00000000,5.90000000,-3.13000000,-0.27000000,1.19000000,藏格矿业
2016-08-12,000408,8.29000000,8.96000000,8.98000000,8.29000000,47209,76646647.00000000,8.24000000,7.05000000,0.59000000,1.87000000,藏格矿业
2016-08-15,000408,8.89000000,9.41000000,9.57000000,8.87000000,85532,143749400.00000000,7.81000000,5.02000000,0.45000000,3.39000000,藏格矿业
2016-08-16,000408,9.50000000,9.52000000,9.58000000,9.41000000,39482,67152704.00000000,1.81000000,1.17000000,0.11000000,1.56000000,藏格矿业
2016-08-17,000408,9.49000000,9.50000000,9.76000000,9.45000000,30061,51433043.00000000,3.26000000,-0.21000000,-0.02000000,1.19000000,藏格矿业
2016-08-18,000408,9.49000000,9.50000000,9.63000000,9.40000000,33908,57567875.00000000,2.42000000,0.00000000,0.00000000,1.34000000,藏格矿业
2016-08-19,000408,9.49000000,9.36000000,9.49000000,9.20000000,22502,37849101.00000000,3.05000000,-1.47000000,-0.14000000,0.89000000,藏格矿业
2016-08-22,000408,9.35000000,9.29000000,9.64000000,9.10000000,23270,39469525.00000000,5.77000000,-0.75000000,-0.07000000,0.92000000,藏格矿业
2016-08-23,000408,9.24000000,9.37000000,9.44000000,9.24000000,20947,35262830.00000000,2.15000000,0.86000000,0.08000000,0.83000000,藏格矿业
2016-08-24,000408,9.63000000,9.33000000,9.63000000,9.17000000,17038,28694823.00000000,4.91000000,-0.43000000,-0.04000000,0.68000000,藏格矿业
2016-08-25,000408,9.21000000,9.22000000,9.27000000,8.97000000,27866,46324100.00000000,3.22000000,-1.18000000,-0.11000000,1.10000000,藏格矿业
2016-08-26,000408,9.25000000,9.48000000,9.56000000,9.22000000,23667,40010717.00000000,3.69000000,2.82000000,0.26000000,0.94000000,藏格矿业
2016-08-29,000408,9.48000000,9.75000000,9.75000000,9.39000000,27145,46568471.00000000,3.80000000,2.85000000,0.27000000,1.08000000,藏格矿业
2016-08-30,000408,9.72000000,9.60000000,9.78000000,9.58000000,27567,47289110.00000000,2.05000000,-1.54000000,-0.15000000,1.09000000,藏格矿业
2016-08-31,000408,9.40000000,9.06000000,9.49000000,9.06000000,45754,76384959.00000000,4.48000000,-5.63000000,-0.54000000,1.81000000,藏格矿业
2016-09-01,000408,9.02000000,9.13000000,9.24000000,8.97000000,20403,33818822.00000000,2.98000000,0.77000000,0.07000000,0.81000000,藏格矿业
2016-09-02,000408,9.13000000,8.77000000,9.13000000,8.72000000,32932,53924221.00000000,4.49000000,-3.94000000,-0.36000000,1.31000000,藏格矿业
2016-09-05,000408,8.77000000,8.58000000,8.90000000,8.54000000,21976,35616432.00000000,4.10000000,-2.17000000,-0.19000000,0.87000000,藏格矿业
2016-09-06,000408,8.50000000,8.79000000,8.79000000,8.35000000,25289,40724332.00000000,5.13000000,2.45000000,0.21000000,1.00000000,藏格矿业
2016-09-07,000408,8.60000000,8.63000000,8.85000000,8.60000000,16329,26490468.00000000,2.84000000,-1.82000000,-0.16000000,0.65000000,藏格矿业
2016-09-08,000408,8.63000000,8.92000000,9.01000000,8.39000000,26433,42942789.00000000,7.18000000,3.36000000,0.29000000,1.05000000,藏格矿业
2016-09-09,000408,8.97000000,8.84000000,8.98000000,8.82000000,15396,25281536.00000000,1.79000000,-0.90000000,-0.08000000,0.61000000,藏格矿业
2016-09-12,000408,8.52000000,8.34000000,8.68000000,8.33000000,25056,39984505.00000000,3.96000000,-5.66000000,-0.50000000,0.99000000,藏格矿业
2016-09-13,000408,8.39000000,8.38000000,8.55000000,8.30000000,11313,17990684.00000000,3.00000000,0.48000000,0.04000000,0.45000000,藏格矿业
2016-09-14,000408,8.37000000,8.34000000,8.47000000,7.99000000,9899,15632024.00000000,5.73000000,-0.48000000,-0.04000000,0.39000000,藏格矿业
2016-09-19,000408,8.34000000,8.56000000,8.57000000,8.34000000,13301,21302653.00000000,2.76000000,2.64000000,0.22000000,0.53000000,藏格矿业
2016-09-20,000408,8.81000000,8.56000000,8.84000000,8.53000000,10529,16969110.00000000,3.62000000,0.00000000,0.00000000,0.42000000,藏格矿业
2016-09-21,000408,8.64000000,8.53000000,8.64000000,8.26000000,9311,14928638.00000000,4.44000000,-0.35000000,-0.03000000,0.37000000,藏格矿业
2016-09-22,000408,8.65000000,8.43000000,8.65000000,8.43000000,11133,17832254.00000000,2.58000000,-1.17000000,-0.10000000,0.44000000,藏格矿业
2016-09-23,000408,8.43000000,8.34000000,8.48000000,8.33000000,9807,15580458.00000000,1.78000000,-1.07000000,-0.09000000,0.39000000,藏格矿业
2016-09-26,000408,8.34000000,7.86000000,8.39000000,7.82000000,25006,38811165.00000000,6.83000000,-5.76000000,-0.48000000,0.99000000,藏格矿业
2016-09-27,000408,8.04000000,7.90000000,8.04000000,7.69000000,16747,25815906.00000000,4.45000000,0.51000000,0.04000000,0.66000000,藏格矿业
2016-09-28,000408,8.45000000,8.22000000,8.45000000,8.16000000,18211,28802687.00000000,3.67000000,4.05000000,0.32000000,0.72000000,藏格矿业
2016-09-29,000408,8.22000000,8.16000000,8.35000000,8.10000000,12796,20085025.00000000,3.04000000,-0.73000000,-0.06000000,0.51000000,藏格矿业
2016-09-30,000408,8.19000000,8.34000000,8.36000000,8.11000000,13799,21796020.00000000,3.06000000,2.21000000,0.18000000,0.55000000,藏格矿业
2016-10-10,000408,8.47000000,8.49000000,8.57000000,8.23000000,18055,28765968.00000000,4.08000000,1.80000000,0.15000000,0.72000000,藏格矿业
2016-10-11,000408,8.41000000,8.47000000,8.52000000,8.40000000,14781,23588010.00000000,1.41000000,-0.24000000,-0.02000000,0.59000000,藏格矿业
2016-10-12,000408,8.49000000,8.24000000,8.49000000,8.09000000,19088,30156426.00000000,4.72000000,-2.72000000,-0.23000000,0.76000000,藏格矿业
2016-10-13,000408,8.16000000,8.19000000,8.38000000,8.14000000,12900,20273264.00000000,2.91000000,-0.61000000,-0.05000000,0.51000000,藏格矿业
2016-10-14,000408,8.22000000,8.36000000,8.51000000,8.22000000,14520,23026156.00000000,3.54000000,2.08000000,0.17000000,0.58000000,藏格矿业
2016-10-17,000408,8.36000000,8.29000000,8.55000000,8.19000000,19060,30322960.00000000,4.31000000,-0.84000000,-0.07000000,0.76000000,藏格矿业
2016-10-18,000408,8.28000000,8.34000000,8.48000000,8.22000000,12933,20488074.00000000,3.14000000,0.60000000,0.05000000,0.51000000,藏格矿业
2016-10-19,000408,8.34000000,8.51000000,8.52000000,8.26000000,24442,38851600.00000000,3.12000000,2.04000000,0.17000000,0.97000000,藏格矿业
2016-10-20,000408,8.51000000,8.40000000,8.54000000,8.33000000,12611,20067907.00000000,2.47000000,-1.29000000,-0.11000000,0.50000000,藏格矿业
2016-10-21,000408,8.34000000,8.43000000,8.53000000,8.33000000,18732,29815816.00000000,2.38000000,0.36000000,0.03000000,0.74000000,藏格矿业
2016-10-24,000408,8.40000000,8.49000000,8.59000000,8.40000000,18556,29664141.00000000,2.25000000,0.71000000,0.06000000,0.74000000,藏格矿业
2016-10-25,000408,8.49000000,8.49000000,8.65000000,8.42000000,18367,29401742.00000000,2.71000000,0.00000000,0.00000000,0.73000000,藏格矿业
2016-10-26,000408,8.55000000,8.87000000,9.29000000,8.51000000,54062,88552662.00000000,9.19000000,4.48000000,0.38000000,2.14000000,藏格矿业
2016-10-27,000408,8.70000000,8.97000000,9.02000000,8.70000000,23159,38010216.00000000,3.61000000,1.13000000,0.10000000,0.92000000,藏格矿业
2016-10-28,000408,8.89000000,9.31000000,9.49000000,8.89000000,53605,89947919.00000000,6.69000000,3.79000000,0.34000000,2.12000000,藏格矿业
2016-10-31,000408,9.31000000,9.08000000,9.41000000,8.84000000,33828,55994847.00000000,6.12000000,-2.47000000,-0.23000000,1.34000000,藏格矿业
2016-11-01,000408,9.08000000,9.04000000,9.26000000,8.89000000,20126,33236081.00000000,4.07000000,-0.44000000,-0.04000000,0.80000000,藏格矿业
2016-11-02,000408,9.07000000,8.89000000,9.15000000,8.84000000,21115,34845366.00000000,3.43000000,-1.66000000,-0.15000000,0.84000000,藏格矿业
2016-11-03,000408,8.74000000,8.84000000,9.03000000,8.74000000,23322,38147468.00000000,3.26000000,-0.56000000,-0.05000000,0.92000000,藏格矿业
2016-11-04,000408,8.84000000,8.87000000,9.00000000,8.72000000,14711,24064397.00000000,3.17000000,0.34000000,0.03000000,0.58000000,藏格矿业
2016-11-07,000408,8.78000000,8.69000000,8.91000000,8.59000000,18628,30215583.00000000,3.61000000,-2.03000000,-0.18000000,0.74000000,藏格矿业
2016-11-08,000408,8.82000000,8.66000000,8.93000000,8.59000000,15515,25177806.00000000,3.91000000,-0.35000000,-0.03000000,0.61000000,藏格矿业
2016-11-09,000408,8.74000000,8.74000000,8.80000000,8.50000000,33545,54180009.00000000,3.46000000,0.92000000,0.08000000,1.33000000,藏格矿业
2016-11-10,000408,8.77000000,8.74000000,8.88000000,8.66000000,29302,47656189.00000000,2.52000000,0.00000000,0.00000000,1.16000000,藏格矿业
2016-11-11,000408,8.74000000,8.63000000,8.79000000,8.57000000,32679,52875179.00000000,2.52000000,-1.26000000,-0.11000000,1.30000000,藏格矿业
2016-11-14,000408,8.62000000,8.58000000,8.74000000,8.54000000,28976,46775279.00000000,2.32000000,-0.58000000,-0.05000000,1.15000000,藏格矿业
2016-11-15,000408,8.56000000,8.64000000,8.66000000,8.52000000,19061,30718652.00000000,1.63000000,0.70000000,0.06000000,0.76000000,藏格矿业
2016-11-16,000408,8.64000000,8.85000000,8.92000000,8.57000000,37906,61893345.00000000,4.05000000,2.43000000,0.21000000,1.50000000,藏格矿业
2016-11-17,000408,8.84000000,8.76000000,8.95000000,8.70000000,18750,30604248.00000000,2.82000000,-1.02000000,-0.09000000,0.74000000,藏格矿业
2016-11-18,000408,8.78000000,8.65000000,8.84000000,8.64000000,20399,33148155.00000000,2.28000000,-1.26000000,-0.11000000,0.81000000,藏格矿业
2016-11-21,000408,8.59000000,8.62000000,8.68000000,8.57000000,19068,30740028.00000000,1.27000000,-0.35000000,-0.03000000,0.76000000,藏格矿业
2016-11-22,000408,8.62000000,8.64000000,8.74000000,8.50000000,24146,38891020.00000000,2.78000000,0.23000000,0.02000000,0.96000000,藏格矿业
2016-11-23,000408,8.68000000,8.49000000,8.68000000,8.40000000,18902,30309599.00000000,3.24000000,-1.74000000,-0.15000000,0.75000000,藏格矿业
2016-11-24,000408,8.46000000,8.45000000,8.56000000,8.40000000,11512,18406983.00000000,1.88000000,-0.47000000,-0.04000000,0.46000000,藏格矿业
2016-11-25,000408,8.41000000,8.45000000,8.50000000,8.29000000,17283,27502859.00000000,2.49000000,0.00000000,0.00000000,0.69000000,藏格矿业
2016-11-28,000408,8.47000000,8.63000000,8.76000000,8.39000000,24101,38926377.00000000,4.38000000,2.13000000,0.18000000,0.96000000,藏格矿业
2016-11-29,000408,8.58000000,8.47000000,8.64000000,8.42000000,12798,20529984.00000000,2.55000000,-1.85000000,-0.16000000,0.51000000,藏格矿业
2016-11-30,000408,8.47000000,8.50000000,8.60000000,8.42000000,11747,18856281.00000000,2.13000000,0.35000000,0.03000000,0.47000000,藏格矿业
2016-12-01,000408,8.56000000,8.46000000,8.57000000,8.39000000,11598,18499105.00000000,2.12000000,-0.47000000,-0.04000000,0.46000000,藏格矿业
2016-12-02,000408,8.48000000,8.23000000,8.48000000,8.23000000,17611,27889403.00000000,2.96000000,-2.72000000,-0.23000000,0.70000000,藏格矿业
2016-12-05,000408,8.06000000,8.09000000,8.26000000,7.90000000,20559,32118949.00000000,4.37000000,-1.70000000,-0.14000000,0.81000000,藏格矿业
2016-12-06,000408,8.21000000,8.08000000,8.21000000,8.04000000,7345,11461520.00000000,2.10000000,-0.12000000,-0.01000000,0.29000000,藏格矿业
2016-12-07,000408,8.09000000,8.12000000,8.13000000,7.99000000,12661,19737794.00000000,1.73000000,0.50000000,0.04000000,0.50000000,藏格矿业
2016-12-08,000408,8.11000000,8.12000000,8.17000000,8.06000000,11248,17591453.00000000,1.35000000,0.00000000,0.00000000,0.45000000,藏格矿业
2016-12-09,000408,8.14000000,8.09000000,8.18000000,8.04000000,8931,13936392.00000000,1.72000000,-0.37000000,-0.03000000,0.35000000,藏格矿业
2016-12-12,000408,8.29000000,7.59000000,8.29000000,7.49000000,24061,37102539.00000000,9.89000000,-6.18000000,-0.50000000,0.95000000,藏格矿业
2016-12-13,000408,7.59000000,7.63000000,7.79000000,7.49000000,9873,14899931.00000000,3.95000000,0.53000000,0.04000000,0.39000000,藏格矿业
2016-12-14,000408,7.65000000,7.68000000,7.78000000,7.65000000,8267,12583960.00000000,1.70000000,0.66000000,0.05000000,0.33000000,藏格矿业
2016-12-15,000408,7.74000000,8.02000000,8.18000000,7.65000000,17204,26580167.00000000,6.90000000,4.43000000,0.34000000,0.68000000,藏格矿业
2016-12-16,000408,8.23000000,8.07000000,8.23000000,8.03000000,7232,11270862.00000000,2.49000000,0.62000000,0.05000000,0.29000000,藏格矿业
2016-12-19,000408,8.11000000,7.96000000,8.11000000,7.92000000,11514,17860458.00000000,2.35000000,-1.36000000,-0.11000000,0.46000000,藏格矿业
2016-12-20,000408,7.89000000,7.95000000,8.04000000,7.80000000,8900,13671715.00000000,3.02000000,-0.13000000,-0.01000000,0.35000000,藏格矿业
2016-12-21,000408,7.89000000,7.89000000,7.96000000,7.82000000,11905,18317178.00000000,1.76000000,-0.75000000,-0.06000000,0.47000000,藏格矿业
2016-12-22,000408,7.91000000,7.79000000,7.91000000,7.77000000,10462,16042332.00000000,1.77000000,-1.27000000,-0.10000000,0.41000000,藏格矿业
2016-12-23,000408,7.84000000,7.63000000,7.84000000,7.48000000,12795,19387739.00000000,4.62000000,-2.05000000,-0.16000000,0.51000000,藏格矿业
2016-12-26,000408,7.62000000,7.56000000,7.62000000,7.41000000,11107,16717569.00000000,2.75000000,-0.92000000,-0.07000000,0.44000000,藏格矿业
2016-12-27,000408,7.55000000,7.59000000,7.68000000,7.49000000,7464,11282388.00000000,2.51000000,0.40000000,0.03000000,0.30000000,藏格矿业
2016-12-28,000408,7.59000000,7.60000000,7.70000000,7.52000000,8623,13038766.00000000,2.37000000,0.13000000,0.01000000,0.34000000,藏格矿业
2016-12-29,000408,7.61000000,7.53000000,7.64000000,7.46000000,7639,11504458.00000000,2.37000000,-0.92000000,-0.07000000,0.30000000,藏格矿业
2016-12-30,000408,7.60000000,7.61000000,7.67000000,7.54000000,8129,12286694.00000000,1.73000000,1.06000000,0.08000000,0.32000000,藏格矿业
2017-01-03,000408,7.61000000,7.76000000,7.82000000,7.61000000,10000,15272684.00000000,2.76000000,1.97000000,0.15000000,0.40000000,藏格矿业
2017-01-04,000408,7.83000000,7.85000000,7.89000000,7.72000000,9350,14346609.00000000,2.19000000,1.16000000,0.09000000,0.37000000,藏格矿业
2017-01-05,000408,7.80000000,7.67000000,7.90000000,7.62000000,13375,20386540.00000000,3.57000000,-2.29000000,-0.18000000,0.53000000,藏格矿业
2017-01-06,000408,7.52000000,7.60000000,7.71000000,7.49000000,14244,21489279.00000000,2.87000000,-0.91000000,-0.07000000,0.56000000,藏格矿业
2017-01-09,000408,7.63000000,8.36000000,8.36000000,7.60000000,37331,58535554.00000000,10.00000000,10.00000000,0.76000000,1.48000000,藏格矿业
2017-01-10,000408,8.53000000,8.43000000,8.66000000,8.36000000,33236,53242402.00000000,3.59000000,0.84000000,0.07000000,1.32000000,藏格矿业
2017-01-11,000408,8.39000000,8.20000000,8.44000000,8.14000000,15619,24573959.00000000,3.56000000,-2.73000000,-0.23000000,0.62000000,藏格矿业
2017-01-12,000408,8.18000000,8.09000000,8.29000000,8.04000000,12667,19815500.00000000,3.05000000,-1.34000000,-0.11000000,0.50000000,藏格矿业
2017-01-13,000408,8.10000000,7.81000000,8.16000000,7.80000000,11816,18272539.00000000,4.45000000,-3.46000000,-0.28000000,0.47000000,藏格矿业
2017-01-16,000408,7.73000000,7.64000000,7.78000000,7.20000000,33342,50220364.00000000,7.43000000,-2.18000000,-0.17000000,1.32000000,藏格矿业
2017-01-17,000408,7.64000000,7.66000000,7.72000000,7.39000000,13322,20057565.00000000,4.32000000,0.26000000,0.02000000,0.53000000,藏格矿业
2017-01-18,000408,7.44000000,7.62000000,7.66000000,7.44000000,6075,9188828.00000000,2.87000000,-0.52000000,-0.04000000,0.24000000,藏格矿业
2017-01-19,000408,7.62000000,7.63000000,7.63000000,7.52000000,8313,12539050.00000000,1.44000000,0.13000000,0.01000000,0.33000000,藏格矿业
2017-01-20,000408,7.59000000,7.64000000,7.67000000,7.50000000,21167,31987636.00000000,2.23000000,0.13000000,0.01000000,0.84000000,藏格矿业
2017-01-23,000408,6.88000000,7.73000000,7.76000000,6.88000000,11188,16921931.00000000,11.52000000,1.18000000,0.09000000,0.44000000,藏格矿业
2017-01-24,000408,7.75000000,7.53000000,8.34000000,7.22000000,76292,114951837.00000000,14.49000000,-2.59000000,-0.20000000,3.02000000,藏格矿业
2017-01-25,000408,7.38000000,7.13000000,7.67000000,7.10000000,45658,67541729.00000000,7.57000000,-5.31000000,-0.40000000,1.81000000,藏格矿业
2017-01-26,000408,7.22000000,7.24000000,7.28000000,7.12000000,10492,15431089.00000000,2.24000000,1.54000000,0.11000000,0.42000000,藏格矿业
2017-02-03,000408,7.31000000,7.30000000,7.34000000,7.21000000,6917,10219416.00000000,1.80000000,0.83000000,0.06000000,0.27000000,藏格矿业
2017-02-06,000408,7.30000000,7.58000000,7.61000000,7.26000000,17742,26657027.00000000,4.79000000,3.84000000,0.28000000,0.70000000,藏格矿业
2017-02-07,000408,7.61000000,7.52000000,7.63000000,7.49000000,9395,14156974.00000000,1.85000000,-0.79000000,-0.06000000,0.37000000,藏格矿业
2017-02-08,000408,7.55000000,7.52000000,7.56000000,7.40000000,9765,14636819.00000000,2.13000000,0.00000000,0.00000000,0.39000000,藏格矿业
2017-02-09,000408,7.52000000,7.53000000,7.59000000,7.44000000,10307,15487082.00000000,1.99000000,0.13000000,0.01000000,0.41000000,藏格矿业
2017-02-10,000408,7.55000000,7.43000000,7.56000000,7.43000000,15061,22591979.00000000,1.73000000,-1.33000000,-0.10000000,0.60000000,藏格矿业
2017-02-13,000408,7.49000000,7.58000000,7.62000000,7.44000000,15649,23611669.00000000,2.42000000,2.02000000,0.15000000,0.62000000,藏格矿业
2017-02-14,000408,7.65000000,7.56000000,7.65000000,7.50000000,8753,13174583.00000000,1.98000000,-0.26000000,-0.02000000,0.35000000,藏格矿业
2017-02-15,000408,7.57000000,7.51000000,7.59000000,7.49000000,16776,25256785.00000000,1.32000000,-0.66000000,-0.05000000,0.66000000,藏格矿业
2017-02-16,000408,7.51000000,7.89000000,7.91000000,7.49000000,26323,40148638.00000000,5.59000000,5.06000000,0.38000000,1.04000000,藏格矿业
2017-02-17,000408,7.94000000,8.06000000,8.26000000,7.89000000,29283,45693960.00000000,4.69000000,2.15000000,0.17000000,1.16000000,藏格矿业
2017-02-20,000408,7.94000000,8.04000000,8.19000000,7.92000000,17604,27338714.00000000,3.35000000,-0.25000000,-0.02000000,0.70000000,藏格矿业
2017-02-21,000408,8.19000000,8.06000000,8.29000000,8.01000000,13079,20409139.00000000,3.48000000,0.25000000,0.02000000,0.52000000,藏格矿业
2017-02-22,000408,8.00000000,8.14000000,8.15000000,8.00000000,12171,18981746.00000000,1.86000000,0.99000000,0.08000000,0.48000000,藏格矿业
2017-02-23,000408,8.14000000,8.04000000,8.14000000,7.95000000,18861,29343976.00000000,2.33000000,-1.23000000,-0.10000000,0.75000000,藏格矿业
2017-02-24,000408,8.05000000,8.32000000,8.38000000,7.99000000,23631,37292387.00000000,4.85000000,3.48000000,0.28000000,0.94000000,藏格矿业
2017-02-27,000408,8.31000000,8.42000000,8.49000000,8.25000000,27571,43900854.00000000,2.88000000,1.20000000,0.10000000,1.09000000,藏格矿业
2017-02-28,000408,8.44000000,8.67000000,8.76000000,8.36000000,40316,65078485.00000000,4.75000000,2.97000000,0.25000000,1.60000000,藏格矿业
2017-03-01,000408,8.67000000,8.77000000,8.94000000,8.49000000,38358,62625179.00000000,5.19000000,1.15000000,0.10000000,1.52000000,藏格矿业
2017-03-02,000408,8.80000000,8.65000000,8.89000000,8.59000000,29155,47259270.00000000,3.42000000,-1.37000000,-0.12000000,1.16000000,藏格矿业
2017-03-03,000408,8.65000000,8.51000000,8.72000000,8.49000000,33921,54494649.00000000,2.66000000,-1.62000000,-0.14000000,1.34000000,藏格矿业
2017-03-06,000408,8.59000000,8.78000000,8.85000000,8.59000000,17607,28611959.00000000,3.06000000,3.17000000,0.27000000,0.70000000,藏格矿业
2017-03-07,000408,8.78000000,8.76000000,8.89000000,8.71000000,17982,29275861.00000000,2.05000000,-0.23000000,-0.02000000,0.71000000,藏格矿业
2017-03-08,000408,8.71000000,8.64000000,8.80000000,8.54000000,14036,22661805.00000000,2.97000000,-1.37000000,-0.12000000,0.56000000,藏格矿业
2017-03-09,000408,8.59000000,8.56000000,8.60000000,8.49000000,12731,20423404.00000000,1.27000000,-0.93000000,-0.08000000,0.50000000,藏格矿业
2017-03-10,000408,8.54000000,8.55000000,8.64000000,8.39000000,12166,19503161.00000000,2.92000000,-0.12000000,-0.01000000,0.48000000,藏格矿业
2017-03-13,000408,8.52000000,8.55000000,8.59000000,8.39000000,11699,18723939.00000000,2.34000000,0.00000000,0.00000000,0.46000000,藏格矿业
2017-03-14,000408,8.61000000,8.55000000,8.74000000,8.53000000,18135,29301865.00000000,2.46000000,0.00000000,0.00000000,0.72000000,藏格矿业
2017-03-15,000408,8.56000000,8.66000000,8.73000000,8.51000000,14666,23711280.00000000,2.57000000,1.29000000,0.11000000,0.58000000,藏格矿业
2017-03-16,000408,8.69000000,8.78000000,8.88000000,8.69000000,28356,46167229.00000000,2.19000000,1.39000000,0.12000000,1.12000000,藏格矿业
2017-03-17,000408,8.80000000,9.52000000,9.59000000,8.75000000,125439,211177387.00000000,9.57000000,8.43000000,0.74000000,4.97000000,藏格矿业
2017-03-20,000408,9.48000000,9.68000000,10.12000000,9.39000000,83753,145283018.00000000,7.67000000,1.68000000,0.16000000,3.32000000,藏格矿业
2017-03-21,000408,9.67000000,9.47000000,9.76000000,9.35000000,48468,82429075.00000000,4.24000000,-2.17000000,-0.21000000,1.92000000,藏格矿业
2017-03-22,000408,9.42000000,9.54000000,9.59000000,9.17000000,51008,86296004.00000000,4.44000000,0.74000000,0.07000000,2.02000000,藏格矿业
2017-03-23,000408,9.50000000,9.42000000,9.65000000,9.29000000,28235,47880067.00000000,3.77000000,-1.26000000,-0.12000000,1.12000000,藏格矿业
2017-03-24,000408,9.40000000,9.44000000,9.66000000,9.30000000,31618,53726666.00000000,3.82000000,0.21000000,0.02000000,1.25000000,藏格矿业
2017-03-27,000408,9.45000000,9.28000000,9.56000000,9.24000000,35926,60533332.00000000,3.39000000,-1.69000000,-0.16000000,1.42000000,藏格矿业
2017-03-28,000408,9.36000000,9.29000000,9.57000000,9.26000000,28015,47307890.00000000,3.34000000,0.11000000,0.01000000,1.11000000,藏格矿业
2017-03-29,000408,9.29000000,9.03000000,9.42000000,8.99000000,32981,54792045.00000000,4.63000000,-2.80000000,-0.26000000,1.31000000,藏格矿业
2017-03-30,000408,8.97000000,8.66000000,9.13000000,8.66000000,36041,59054448.00000000,5.20000000,-4.10000000,-0.37000000,1.43000000,藏格矿业
2017-03-31,000408,8.65000000,8.57000000,8.76000000,7.99000000,53097,84850138.00000000,8.89000000,-1.04000000,-0.09000000,2.10000000,藏格矿业
2017-04-05,000408,8.62000000,8.91000000,9.37000000,8.62000000,42921,71002304.00000000,8.75000000,3.97000000,0.34000000,1.70000000,藏格矿业
2017-04-06,000408,8.85000000,8.75000000,8.94000000,8.69000000,24813,40416227.00000000,2.81000000,-1.80000000,-0.16000000,0.98000000,藏格矿业
2017-04-07,000408,8.71000000,8.92000000,9.11000000,8.67000000,24193,39798924.00000000,5.03000000,1.94000000,0.17000000,0.96000000,藏格矿业
2017-04-10,000408,8.94000000,9.08000000,9.26000000,8.81000000,48006,79468433.00000000,5.04000000,1.79000000,0.16000000,1.90000000,藏格矿业
2017-04-11,000408,9.08000000,8.85000000,9.16000000,8.74000000,45321,74286999.00000000,4.63000000,-2.53000000,-0.23000000,1.80000000,藏格矿业
2017-04-12,000408,8.84000000,8.97000000,9.07000000,8.72000000,24381,39897769.00000000,3.95000000,1.36000000,0.12000000,0.97000000,藏格矿业
2017-04-13,000408,8.89000000,8.97000000,9.15000000,8.84000000,25621,42306514.00000000,3.46000000,0.00000000,0.00000000,1.02000000,藏格矿业
2017-04-14,000408,8.92000000,8.69000000,8.92000000,8.50000000,30562,49661297.00000000,4.68000000,-3.12000000,-0.28000000,1.21000000,藏格矿业
2017-04-17,000408,8.49000000,8.61000000,8.89000000,8.49000000,39888,64653891.00000000,4.60000000,-0.92000000,-0.08000000,1.58000000,藏格矿业
2017-04-18,000408,8.50000000,7.85000000,8.71000000,7.80000000,62973,98746911.00000000,10.57000000,-8.83000000,-0.76000000,2.50000000,藏格矿业
2017-04-19,000408,7.74000000,7.59000000,7.75000000,7.38000000,30052,45216360.00000000,4.71000000,-3.31000000,-0.26000000,1.19000000,藏格矿业
2017-04-20,000408,7.64000000,7.59000000,7.76000000,7.52000000,15876,24019147.00000000,3.16000000,0.00000000,0.00000000,0.63000000,藏格矿业
2017-04-21,000408,7.62000000,7.43000000,7.74000000,7.37000000,14232,21341048.00000000,4.87000000,-2.11000000,-0.16000000,0.56000000,藏格矿业
2017-04-24,000408,7.44000000,6.84000000,7.54000000,6.81000000,20403,29775814.00000000,9.83000000,-7.94000000,-0.59000000,0.81000000,藏格矿业
2017-04-25,000408,6.74000000,6.92000000,7.06000000,6.74000000,16965,24528350.00000000,4.68000000,1.17000000,0.08000000,0.67000000,藏格矿业
2017-04-26,000408,6.98000000,7.64000000,7.64000000,6.97000000,26384,39427109.00000000,9.68000000,10.40000000,0.72000000,1.05000000,藏格矿业
2017-04-27,000408,7.89000000,7.49000000,7.92000000,7.31000000,25926,38958583.00000000,7.98000000,-1.96000000,-0.15000000,1.03000000,藏格矿业
2017-04-28,000408,7.47000000,7.88000000,7.99000000,7.47000000,22141,33769480.00000000,6.94000000,5.21000000,0.39000000,0.88000000,藏格矿业
2017-05-02,000408,7.42000000,7.52000000,7.75000000,7.41000000,15396,23263894.00000000,4.31000000,-4.57000000,-0.36000000,0.61000000,藏格矿业
2017-05-03,000408,7.38000000,7.64000000,7.75000000,7.38000000,23398,35180730.00000000,4.92000000,1.60000000,0.12000000,0.93000000,藏格矿业
2017-05-04,000408,7.66000000,7.34000000,7.66000000,7.31000000,18399,27573740.00000000,4.58000000,-3.93000000,-0.30000000,0.73000000,藏格矿业
2017-05-05,000408,7.35000000,7.19000000,7.49000000,7.16000000,18542,27401172.00000000,4.50000000,-2.04000000,-0.15000000,0.73000000,藏格矿业
2017-05-08,000408,6.99000000,6.99000000,7.19000000,6.97000000,14236,20706543.00000000,3.06000000,-2.78000000,-0.20000000,0.56000000,藏格矿业
2017-05-09,000408,7.00000000,6.89000000,7.02000000,6.89000000,8084,11670255.00000000,1.86000000,-1.43000000,-0.10000000,0.32000000,藏格矿业
2017-05-10,000408,6.98000000,6.92000000,7.15000000,6.81000000,14088,20390301.00000000,4.93000000,0.44000000,0.03000000,0.56000000,藏格矿业
2017-05-11,000408,6.95000000,6.20000000,7.07000000,6.20000000,26188,36423266.00000000,12.57000000,-10.40000000,-0.72000000,1.04000000,藏格矿业
2017-05-12,000408,6.26000000,6.50000000,6.71000000,5.51000000,61270,82467409.00000000,19.35000000,4.84000000,0.30000000,2.43000000,藏格矿业
2017-05-15,000408,6.51000000,6.38000000,6.84000000,6.30000000,22148,31116652.00000000,8.31000000,-1.85000000,-0.12000000,0.88000000,藏格矿业
2017-05-16,000408,6.51000000,6.82000000,6.82000000,6.09000000,26234,36866139.00000000,11.44000000,6.90000000,0.44000000,1.04000000,藏格矿业
2017-05-17,000408,6.89000000,6.93000000,7.06000000,6.71000000,25611,36893305.00000000,5.13000000,1.61000000,0.11000000,1.02000000,藏格矿业
2017-05-18,000408,6.93000000,7.38000000,7.64000000,6.93000000,34049,50646694.00000000,10.25000000,6.49000000,0.45000000,1.35000000,藏格矿业
2017-05-19,000408,7.59000000,7.53000000,7.81000000,7.42000000,32080,48436282.00000000,5.28000000,2.03000000,0.15000000,1.27000000,藏格矿业
2017-05-23,000408,7.39000000,6.03000000,7.39000000,6.03000000,103071,143866398.00000000,18.06000000,-19.92000000,-1.50000000,4.09000000,藏格矿业
2017-05-24,000408,6.04000000,5.78000000,6.04000000,5.14000000,32161,42277101.00000000,14.93000000,-4.15000000,-0.25000000,1.27000000,藏格矿业
2017-05-25,000408,5.66000000,5.97000000,6.23000000,5.66000000,21548,29211243.00000000,9.86000000,3.29000000,0.19000000,0.85000000,藏格矿业
2017-05-26,000408,6.11000000,5.85000000,6.23000000,5.60000000,19291,25791023.00000000,10.55000000,-2.01000000,-0.12000000,0.76000000,藏格矿业
2017-05-31,000408,5.85000000,6.18000000,7.09000000,5.85000000,29888,41273514.00000000,21.20000000,5.64000000,0.33000000,1.18000000,藏格矿业
2017-06-01,000408,6.24000000,6.04000000,6.52000000,5.89000000,24562,33565704.00000000,10.19000000,-2.27000000,-0.14000000,0.97000000,藏格矿业
2017-06-02,000408,5.98000000,6.02000000,6.42000000,5.68000000,17814,24070328.00000000,12.25000000,-0.33000000,-0.02000000,0.71000000,藏格矿业
2017-06-05,000408,5.92000000,6.00000000,6.08000000,5.81000000,10832,14573407.00000000,4.49000000,-0.33000000,-0.02000000,0.43000000,藏格矿业
2017-06-06,000408,6.09000000,5.98000000,6.09000000,5.87000000,12858,17300042.00000000,3.67000000,-0.33000000,-0.02000000,0.51000000,藏格矿业
2017-06-07,000408,6.03000000,6.42000000,6.57000000,5.89000000,28121,38631321.00000000,11.37000000,7.36000000,0.44000000,1.11000000,藏格矿业
2017-06-08,000408,6.34000000,6.44000000,6.47000000,6.20000000,33703,46724494.00000000,4.21000000,0.31000000,0.02000000,1.34000000,藏格矿业
2017-06-09,000408,6.44000000,6.27000000,6.47000000,6.25000000,16916,23419595.00000000,3.42000000,-2.64000000,-0.17000000,0.67000000,藏格矿业
2017-06-12,000408,6.26000000,6.04000000,6.26000000,6.01000000,11009,14981735.00000000,3.99000000,-3.67000000,-0.23000000,0.44000000,藏格矿业
2017-06-13,000408,5.99000000,6.17000000,6.26000000,5.89000000,12749,17402444.00000000,6.13000000,2.15000000,0.13000000,0.51000000,藏格矿业
2017-06-14,000408,6.07000000,5.91000000,6.21000000,5.91000000,13273,17958093.00000000,4.86000000,-4.21000000,-0.26000000,0.53000000,藏格矿业
2017-06-15,000408,5.84000000,5.92000000,6.09000000,5.80000000,15732,21221894.00000000,4.91000000,0.17000000,0.01000000,0.62000000,藏格矿业
2017-06-16,000408,6.03000000,6.04000000,6.09000000,5.92000000,13140,17800460.00000000,2.87000000,2.03000000,0.12000000,0.52000000,藏格矿业
2017-06-19,000408,5.96000000,5.99000000,6.19000000,5.95000000,15415,20817688.00000000,3.97000000,-0.83000000,-0.05000000,0.61000000,藏格矿业
2017-06-20,000408,5.97000000,5.97000000,6.03000000,5.92000000,9637,12997112.00000000,1.84000000,-0.33000000,-0.02000000,0.38000000,藏格矿业
2017-06-21,000408,6.01000000,5.92000000,6.10000000,5.91000000,13704,18477699.00000000,3.18000000,-0.84000000,-0.05000000,0.54000000,藏格矿业
2017-06-22,000408,6.01000000,5.69000000,6.01000000,5.69000000,18048,24087385.00000000,5.41000000,-3.89000000,-0.23000000,0.72000000,藏格矿业
2017-06-23,000408,5.91000000,5.76000000,5.99000000,5.60000000,13031,17278392.00000000,6.85000000,1.23000000,0.07000000,0.52000000,藏格矿业
2017-06-26,000408,5.77000000,6.66000000,6.79000000,5.77000000,60282,82827128.00000000,17.71000000,15.63000000,0.90000000,2.39000000,藏格矿业
2017-06-27,000408,6.57000000,6.69000000,7.09000000,6.31000000,61813,87432481.00000000,11.71000000,0.45000000,0.03000000,2.45000000,藏格矿业
2017-06-28,000408,6.50000000,6.38000000,6.66000000,6.36000000,26708,37336340.00000000,4.48000000,-4.63000000,-0.31000000,1.06000000,藏格矿业
2017-06-29,000408,6.37000000,6.49000000,6.73000000,6.29000000,30825,43163297.00000000,6.90000000,1.72000000,0.11000000,1.22000000,藏格矿业
2017-06-30,000408,6.44000000,6.37000000,6.46000000,6.33000000,12936,17978586.00000000,2.00000000,-1.85000000,-0.12000000,0.51000000,藏格矿业
2017-07-03,000408,6.30000000,6.33000000,6.46000000,6.28000000,15789,21876897.00000000,2.83000000,-0.63000000,-0.04000000,0.63000000,藏格矿业
2017-07-04,000408,6.14000000,6.27000000,6.39000000,6.14000000,16285,22441642.00000000,3.95000000,-0.95000000,-0.06000000,0.65000000,藏格矿业
2017-07-05,000408,6.19000000,6.23000000,6.29000000,6.16000000,11665,16016326.00000000,2.07000000,-0.64000000,-0.04000000,0.46000000,藏格矿业
2017-07-06,000408,6.20000000,6.29000000,6.46000000,6.20000000,19005,26267255.00000000,4.17000000,0.96000000,0.06000000,0.75000000,藏格矿业
2017-07-07,000408,6.28000000,6.27000000,6.35000000,6.18000000,14468,19911891.00000000,2.70000000,-0.32000000,-0.02000000,0.57000000,藏格矿业
2017-07-10,000408,6.21000000,6.30000000,6.34000000,6.21000000,23768,32749813.00000000,2.07000000,0.48000000,0.03000000,0.94000000,藏格矿业
2017-07-11,000408,6.34000000,6.27000000,6.39000000,6.22000000,23469,32393274.00000000,2.70000000,-0.48000000,-0.03000000,0.93000000,藏格矿业
2017-07-12,000408,6.34000000,6.14000000,6.34000000,5.99000000,14516,19841757.00000000,5.58000000,-2.07000000,-0.13000000,0.58000000,藏格矿业
2017-07-13,000408,6.16000000,6.08000000,6.21000000,6.02000000,13678,18665428.00000000,3.09000000,-0.98000000,-0.06000000,0.54000000,藏格矿业
2017-07-14,000408,6.06000000,6.12000000,6.15000000,6.03000000,10375,14135845.00000000,1.97000000,0.66000000,0.04000000,0.41000000,藏格矿业
2017-07-17,000408,6.29000000,5.81000000,6.38000000,5.79000000,29630,40185918.00000000,9.64000000,-5.07000000,-0.31000000,1.17000000,藏格矿业
2017-07-18,000408,5.50000000,5.89000000,5.91000000,5.48000000,23978,31715928.00000000,7.40000000,1.38000000,0.08000000,0.95000000,藏格矿业
2017-07-19,000408,5.89000000,5.99000000,5.99000000,5.76000000,18076,24217607.00000000,3.90000000,1.70000000,0.10000000,0.72000000,藏格矿业
2017-07-20,000408,6.00000000,6.79000000,6.89000000,5.97000000,72060,101689079.00000000,15.36000000,13.36000000,0.80000000,2.86000000,藏格矿业
2017-07-21,000408,6.60000000,6.37000000,6.76000000,6.29000000,34307,47975597.00000000,6.92000000,-6.19000000,-0.42000000,1.36000000,藏格矿业
2017-07-24,000408,6.30000000,6.39000000,6.83000000,6.22000000,37061,51889015.00000000,9.58000000,0.31000000,0.02000000,1.47000000,藏格矿业
2017-07-25,000408,6.37000000,6.60000000,6.86000000,6.19000000,65046,91808685.00000000,10.49000000,3.29000000,0.21000000,2.58000000,藏格矿业
2017-07-26,000408,6.39000000,6.45000000,6.59000000,6.19000000,53175,73716435.00000000,6.06000000,-2.27000000,-0.15000000,2.11000000,藏格矿业
2017-07-27,000408,6.41000000,6.47000000,6.69000000,6.39000000,42718,60032755.00000000,4.65000000,0.31000000,0.02000000,1.69000000,藏格矿业
2017-07-28,000408,6.48000000,6.41000000,6.59000000,6.40000000,28645,40059629.00000000,2.94000000,-0.93000000,-0.06000000,1.14000000,藏格矿业
2017-07-31,000408,6.36000000,6.77000000,6.77000000,6.26000000,59405,83912938.00000000,7.96000000,5.62000000,0.36000000,2.35000000,藏格矿业
2017-08-01,000408,6.77000000,6.46000000,6.77000000,6.36000000,42215,59097764.00000000,6.06000000,-4.58000000,-0.31000000,1.67000000,藏格矿业
2017-08-02,000408,6.29000000,6.28000000,6.65000000,6.04000000,46800,64837487.00000000,9.44000000,-2.79000000,-0.18000000,1.49000000,藏格矿业
2017-08-03,000408,6.11000000,6.25000000,6.39000000,6.01000000,34275,46969648.00000000,6.05000000,-0.48000000,-0.03000000,1.09000000,藏格矿业
2017-08-04,000408,6.26000000,5.80000000,6.29000000,5.80000000,26780,36391798.00000000,7.84000000,-7.20000000,-0.45000000,0.85000000,藏格矿业
2017-08-07,000408,5.83000000,5.84000000,6.03000000,5.77000000,23459,31427310.00000000,4.48000000,0.69000000,0.04000000,0.75000000,藏格矿业
2017-08-08,000408,5.89000000,5.84000000,6.03000000,5.74000000,21391,28525105.00000000,4.97000000,0.00000000,0.00000000,0.68000000,藏格矿业
2017-08-09,000408,5.97000000,5.84000000,5.97000000,5.79000000,20656,27555190.00000000,3.08000000,0.00000000,0.00000000,0.66000000,藏格矿业
2017-08-10,000408,5.87000000,5.95000000,6.04000000,5.80000000,43943,59062430.00000000,4.11000000,1.88000000,0.11000000,1.40000000,藏格矿业
2017-08-11,000408,5.87000000,5.99000000,6.34000000,5.84000000,46529,63341788.00000000,8.40000000,0.67000000,0.04000000,1.49000000,藏格矿业
2017-08-14,000408,6.09000000,6.01000000,6.11000000,5.91000000,39280,52979687.00000000,3.34000000,0.33000000,0.02000000,1.25000000,藏格矿业
2017-08-15,000408,6.01000000,5.92000000,6.07000000,5.86000000,32564,43679900.00000000,3.49000000,-1.50000000,-0.09000000,1.04000000,藏格矿业
2017-08-16,000408,5.88000000,5.78000000,6.03000000,5.73000000,40704,54218337.00000000,5.07000000,-2.36000000,-0.14000000,1.30000000,藏格矿业
2017-08-17,000408,5.83000000,5.82000000,5.87000000,5.73000000,30360,40383974.00000000,2.42000000,0.69000000,0.04000000,0.97000000,藏格矿业
2017-08-18,000408,5.87000000,6.06000000,6.12000000,5.74000000,48234,64908710.00000000,6.53000000,4.12000000,0.24000000,1.54000000,藏格矿业
2017-08-21,000408,6.01000000,6.24000000,6.29000000,6.01000000,36978,50718769.00000000,4.62000000,2.97000000,0.18000000,1.18000000,藏格矿业
2017-08-22,000408,6.26000000,6.20000000,6.29000000,6.12000000,16713,22886531.00000000,2.72000000,-0.64000000,-0.04000000,0.53000000,藏格矿业
2017-08-23,000408,6.20000000,6.34000000,6.45000000,6.20000000,34570,47939007.00000000,4.03000000,2.26000000,0.14000000,1.10000000,藏格矿业
2017-08-24,000408,6.49000000,7.73000000,7.73000000,6.49000000,104270,156913948.00000000,19.56000000,21.92000000,1.39000000,3.33000000,藏格矿业
2017-08-25,000408,8.37000000,7.20000000,8.37000000,7.09000000,176847,265970147.00000000,16.56000000,-6.86000000,-0.53000000,5.64000000,藏格矿业
2017-08-28,000408,7.35000000,7.48000000,7.61000000,7.34000000,78753,118069289.00000000,3.75000000,3.89000000,0.28000000,2.51000000,藏格矿业
2017-09-01,000408,8.98000000,8.98000000,8.98000000,8.98000000,21897,36108878.00000000,0.00000000,20.05000000,1.50000000,0.70000000,藏格矿业
2017-09-04,000408,10.47000000,9.49000000,10.47000000,9.15000000,347429,598379296.00000000,14.70000000,5.68000000,0.51000000,11.09000000,藏格矿业
2017-09-05,000408,9.76000000,9.74000000,9.95000000,9.15000000,246901,424889216.00000000,8.43000000,2.63000000,0.25000000,7.88000000,藏格矿业
2017-09-06,000408,9.41000000,10.99000000,11.47000000,9.34000000,332659,606094688.00000000,21.87000000,12.83000000,1.25000000,10.62000000,藏格矿业
2017-09-07,000408,10.87000000,10.93000000,11.16000000,10.49000000,143137,261013772.00000000,6.10000000,-0.55000000,-0.06000000,4.57000000,藏格矿业
2017-09-08,000408,10.72000000,11.19000000,11.77000000,10.61000000,135139,254477573.00000000,10.61000000,2.38000000,0.26000000,4.31000000,藏格矿业
2017-09-11,000408,11.53000000,11.99000000,12.47000000,11.19000000,230474,449267984.00000000,11.44000000,7.15000000,0.80000000,7.36000000,藏格矿业
2017-09-12,000408,12.35000000,11.21000000,12.66000000,10.84000000,257331,502977264.00000000,15.18000000,-6.51000000,-0.78000000,8.21000000,藏格矿业
2017-09-13,000408,11.19000000,11.95000000,12.08000000,10.87000000,156289,298741568.00000000,10.79000000,6.60000000,0.74000000,4.99000000,藏格矿业
2017-09-14,000408,11.95000000,13.01000000,13.81000000,11.94000000,235013,479608320.00000000,15.65000000,8.87000000,1.06000000,7.50000000,藏格矿业
2017-09-15,000408,13.09000000,13.68000000,14.44000000,12.29000000,258263,539943440.00000000,16.53000000,5.15000000,0.67000000,8.24000000,藏格矿业
2017-09-18,000408,13.31000000,12.70000000,13.59000000,12.31000000,222343,449204256.00000000,9.36000000,-7.16000000,-0.98000000,7.10000000,藏格矿业
2017-09-19,000408,12.44000000,12.52000000,13.18000000,12.19000000,240403,485987728.00000000,7.80000000,-1.42000000,-0.18000000,7.67000000,藏格矿业
2017-09-20,000408,12.19000000,13.13000000,13.99000000,12.10000000,361277,747355312.00000000,15.10000000,4.87000000,0.61000000,11.53000000,藏格矿业
2017-09-21,000408,12.79000000,11.57000000,12.87000000,11.47000000,311043,608558096.00000000,10.66000000,-11.88000000,-1.56000000,9.93000000,藏格矿业
2017-09-22,000408,11.62000000,11.26000000,11.87000000,11.10000000,186753,352852992.00000000,6.66000000,-2.68000000,-0.31000000,5.96000000,藏格矿业
2017-09-25,000408,11.34000000,10.74000000,11.34000000,10.59000000,145527,268941504.00000000,6.66000000,-4.62000000,-0.52000000,4.64000000,藏格矿业
2017-09-26,000408,10.69000000,11.01000000,11.41000000,10.58000000,168236,311666032.00000000,7.73000000,2.51000000,0.27000000,5.37000000,藏格矿业
2017-09-27,000408,11.24000000,11.57000000,12.64000000,11.11000000,328738,639054576.00000000,13.90000000,5.09000000,0.56000000,10.49000000,藏格矿业
2017-09-28,000408,11.29000000,11.63000000,12.07000000,11.19000000,225293,431920720.00000000,7.61000000,0.52000000,0.06000000,7.19000000,藏格矿业
2017-09-29,000408,11.81000000,10.89000000,11.81000000,10.62000000,237250,440913264.00000000,10.23000000,-6.36000000,-0.74000000,7.57000000,藏格矿业
2017-10-09,000408,11.15000000,11.06000000,11.19000000,10.59000000,154439,284588656.00000000,5.51000000,1.56000000,0.17000000,4.93000000,藏格矿业
2017-10-10,000408,10.94000000,10.68000000,11.05000000,10.60000000,149751,273748976.00000000,4.07000000,-3.44000000,-0.38000000,3.35000000,藏格矿业
2017-10-11,000408,10.78000000,10.84000000,11.06000000,10.67000000,133567,245055212.00000000,3.65000000,1.50000000,0.16000000,2.99000000,藏格矿业
2017-10-12,000408,10.69000000,9.75000000,10.86000000,9.50000000,223699,393976848.00000000,12.55000000,-10.06000000,-1.09000000,5.01000000,藏格矿业
2017-10-13,000408,9.80000000,9.81000000,9.97000000,9.68000000,112252,194674848.00000000,2.97000000,0.62000000,0.06000000,2.51000000,藏格矿业
2017-10-16,000408,9.58000000,9.69000000,10.14000000,9.58000000,90793,157346232.00000000,5.71000000,-1.22000000,-0.12000000,2.03000000,藏格矿业
2017-10-17,000408,9.75000000,9.78000000,9.92000000,9.66000000,71805,124253036.00000000,2.68000000,0.93000000,0.09000000,1.61000000,藏格矿业
2017-10-18,000408,9.82000000,10.27000000,10.58000000,9.70000000,171717,304831984.00000000,9.00000000,5.01000000,0.49000000,3.84000000,藏格矿业
2017-10-19,000408,10.49000000,10.70000000,10.75000000,10.09000000,157625,284532384.00000000,6.43000000,4.19000000,0.43000000,3.53000000,藏格矿业
2017-10-20,000408,10.58000000,12.33000000,12.52000000,10.55000000,299541,580846784.00000000,18.41000000,15.23000000,1.63000000,6.71000000,藏格矿业
2017-10-25,000408,12.57000000,11.78000000,12.92000000,11.42000000,287474,560206608.00000000,12.17000000,-4.46000000,-0.55000000,6.44000000,藏格矿业
2017-10-26,000408,11.86000000,11.61000000,11.87000000,11.35000000,137770,262432616.00000000,4.41000000,-1.44000000,-0.17000000,3.08000000,藏格矿业
2017-10-27,000408,11.45000000,11.89000000,12.27000000,11.38000000,164300,318501024.00000000,7.67000000,2.41000000,0.28000000,3.68000000,藏格矿业
2017-10-30,000408,11.98000000,10.97000000,12.09000000,10.97000000,156814,295135088.00000000,9.42000000,-7.74000000,-0.92000000,3.51000000,藏格矿业
2017-10-31,000408,10.92000000,11.25000000,11.37000000,10.82000000,85468,159396416.00000000,5.01000000,2.55000000,0.28000000,1.91000000,藏格矿业
2017-11-01,000408,11.16000000,11.79000000,11.93000000,11.15000000,110153,211622700.00000000,6.93000000,4.80000000,0.54000000,2.47000000,藏格矿业
2017-11-02,000408,11.80000000,11.37000000,11.80000000,11.24000000,97354,184975784.00000000,4.75000000,-3.56000000,-0.42000000,2.18000000,藏格矿业
2017-11-03,000408,11.09000000,10.54000000,11.19000000,10.39000000,112223,203974004.00000000,7.04000000,-7.30000000,-0.83000000,2.51000000,藏格矿业
2017-11-06,000408,10.54000000,10.42000000,10.54000000,9.86000000,93278,164646149.00000000,6.45000000,-1.14000000,-0.12000000,2.09000000,藏格矿业
2017-11-07,000408,10.26000000,10.28000000,10.83000000,10.15000000,89162,160587741.00000000,6.53000000,-1.34000000,-0.14000000,2.00000000,藏格矿业
2017-11-08,000408,10.34000000,10.43000000,10.70000000,10.27000000,91007,163469013.00000000,4.18000000,1.46000000,0.15000000,2.04000000,藏格矿业
2017-11-09,000408,10.39000000,10.28000000,10.62000000,10.07000000,80432,143067556.00000000,5.27000000,-1.44000000,-0.15000000,1.80000000,藏格矿业
2017-11-10,000408,10.20000000,10.61000000,10.64000000,10.14000000,81012,144856575.00000000,4.86000000,3.21000000,0.33000000,1.81000000,藏格矿业
2017-11-13,000408,10.59000000,11.32000000,11.33000000,10.43000000,129510,237766845.00000000,8.48000000,6.69000000,0.71000000,2.90000000,藏格矿业
2017-11-14,000408,11.34000000,11.64000000,11.87000000,11.24000000,164278,309903856.00000000,5.57000000,2.83000000,0.32000000,3.68000000,藏格矿业
2017-11-15,000408,11.62000000,10.75000000,11.62000000,10.47000000,169393,308368576.00000000,9.88000000,-7.65000000,-0.89000000,3.79000000,藏格矿业
2017-11-16,000408,10.60000000,10.92000000,11.07000000,10.39000000,84233,152278855.00000000,6.33000000,1.58000000,0.17000000,1.89000000,藏格矿业
2017-11-17,000408,10.92000000,10.48000000,10.92000000,10.34000000,80731,143218856.00000000,5.31000000,-4.03000000,-0.44000000,1.81000000,藏格矿业
2017-11-20,000408,10.39000000,10.51000000,10.51000000,8.79000000,80580,138581013.00000000,16.41000000,0.29000000,0.03000000,1.80000000,藏格矿业
2017-11-21,000408,10.50000000,10.75000000,10.88000000,10.34000000,54581,97121519.00000000,5.14000000,2.28000000,0.24000000,1.22000000,藏格矿业
2017-11-22,000408,10.88000000,10.51000000,10.94000000,10.46000000,57125,102361859.00000000,4.47000000,-2.23000000,-0.24000000,1.28000000,藏格矿业
2017-11-23,000408,10.51000000,9.73000000,10.51000000,9.73000000,79275,136324566.00000000,7.42000000,-7.42000000,-0.78000000,1.77000000,藏格矿业
2017-11-24,000408,9.72000000,10.37000000,10.79000000,9.33000000,98426,169613487.00000000,15.01000000,6.58000000,0.64000000,2.20000000,藏格矿业
2017-11-27,000408,10.29000000,10.17000000,10.72000000,9.91000000,64553,112907706.00000000,7.81000000,-1.93000000,-0.20000000,1.45000000,藏格矿业
2017-11-28,000408,9.99000000,10.60000000,10.64000000,9.95000000,67684,119673237.00000000,6.78000000,4.23000000,0.43000000,1.52000000,藏格矿业
2017-11-29,000408,10.46000000,11.07000000,11.15000000,10.46000000,108363,196366690.00000000,6.51000000,4.43000000,0.47000000,2.43000000,藏格矿业
2017-11-30,000408,10.96000000,10.91000000,11.39000000,10.71000000,78703,143406144.00000000,6.14000000,-1.45000000,-0.16000000,1.76000000,藏格矿业
2017-12-01,000408,10.87000000,11.08000000,11.22000000,10.58000000,60367,109836860.00000000,5.87000000,1.56000000,0.17000000,1.35000000,藏格矿业
2017-12-04,000408,11.00000000,10.54000000,11.48000000,10.50000000,81798,149295794.00000000,8.84000000,-4.87000000,-0.54000000,1.83000000,藏格矿业
2017-12-05,000408,10.44000000,10.16000000,10.44000000,9.78000000,85990,148737621.00000000,6.26000000,-3.61000000,-0.38000000,1.93000000,藏格矿业
2017-12-06,000408,10.17000000,10.35000000,10.35000000,9.92000000,42149,73311442.00000000,4.23000000,1.87000000,0.19000000,0.94000000,藏格矿业
2017-12-07,000408,10.49000000,10.33000000,10.79000000,10.26000000,43226,76531411.00000000,5.12000000,-0.19000000,-0.02000000,0.97000000,藏格矿业
2017-12-08,000408,10.28000000,10.19000000,10.46000000,10.08000000,56576,98659526.00000000,3.68000000,-1.36000000,-0.14000000,1.27000000,藏格矿业
2017-12-11,000408,10.14000000,10.26000000,10.28000000,9.97000000,40537,70344599.00000000,3.04000000,0.69000000,0.07000000,0.91000000,藏格矿业
2017-12-12,000408,10.29000000,10.27000000,10.77000000,10.06000000,66114,116487696.00000000,6.92000000,0.10000000,0.01000000,1.48000000,藏格矿业
2017-12-13,000408,10.17000000,10.19000000,10.28000000,10.04000000,34998,60755820.00000000,2.34000000,-0.78000000,-0.08000000,0.78000000,藏格矿业
2017-12-14,000408,10.17000000,10.26000000,10.26000000,10.03000000,25356,43889440.00000000,2.26000000,0.69000000,0.07000000,0.57000000,藏格矿业
2017-12-15,000408,10.16000000,10.16000000,10.37000000,10.10000000,35428,61838276.00000000,2.63000000,-0.97000000,-0.10000000,0.79000000,藏格矿业
2017-12-18,000408,10.19000000,10.54000000,10.74000000,10.17000000,58027,102857435.00000000,5.61000000,3.74000000,0.38000000,1.30000000,藏格矿业
2017-12-19,000408,10.45000000,10.88000000,11.07000000,10.45000000,87586,158460418.00000000,5.88000000,3.23000000,0.34000000,1.96000000,藏格矿业
2017-12-20,000408,10.99000000,10.96000000,11.19000000,10.62000000,75372,136429088.00000000,5.24000000,0.74000000,0.08000000,1.69000000,藏格矿业
2017-12-21,000408,11.29000000,10.83000000,11.46000000,10.67000000,147914,269379968.00000000,7.21000000,-1.19000000,-0.13000000,3.31000000,藏格矿业
2017-12-22,000408,10.84000000,10.87000000,10.98000000,10.49000000,89278,160207420.00000000,4.52000000,0.37000000,0.04000000,2.00000000,藏格矿业
2017-12-25,000408,10.86000000,10.62000000,10.91000000,10.57000000,51551,92550198.00000000,3.13000000,-2.30000000,-0.25000000,1.15000000,藏格矿业
2017-12-26,000408,10.60000000,10.37000000,10.82000000,10.05000000,66785,117648985.00000000,7.25000000,-2.35000000,-0.25000000,1.50000000,藏格矿业
2017-12-27,000408,10.62000000,10.79000000,11.18000000,10.55000000,162760,294669376.00000000,6.08000000,4.05000000,0.42000000,3.64000000,藏格矿业
2017-12-28,000408,10.66000000,10.55000000,10.77000000,10.30000000,87449,154688774.00000000,4.36000000,-2.22000000,-0.24000000,1.96000000,藏格矿业
2017-12-29,000408,10.46000000,10.49000000,10.51000000,10.22000000,48310,84761429.00000000,2.75000000,-0.57000000,-0.06000000,1.08000000,藏格矿业
2018-01-02,000408,10.51000000,10.56000000,10.67000000,10.32000000,50586,89468433.00000000,3.34000000,0.67000000,0.07000000,1.13000000,藏格矿业
2018-01-03,000408,10.50000000,10.89000000,10.98000000,10.40000000,123189,222233391.00000000,5.49000000,3.13000000,0.33000000,2.76000000,藏格矿业
2018-01-04,000408,10.88000000,10.86000000,10.95000000,10.69000000,72011,129786691.00000000,2.39000000,-0.28000000,-0.03000000,1.61000000,藏格矿业
2018-01-05,000408,10.88000000,11.77000000,12.02000000,10.81000000,359939,676221808.00000000,11.14000000,8.38000000,0.91000000,8.06000000,藏格矿业
2018-01-08,000408,11.93000000,11.91000000,12.39000000,11.85000000,224924,434522272.00000000,4.59000000,1.19000000,0.14000000,5.04000000,藏格矿业
2018-01-09,000408,11.85000000,12.09000000,12.09000000,11.49000000,127369,241683489.00000000,5.04000000,1.51000000,0.18000000,2.85000000,藏格矿业
2018-01-10,000408,12.16000000,11.81000000,12.76000000,11.74000000,163371,317257424.00000000,8.44000000,-2.32000000,-0.28000000,3.66000000,藏格矿业
2018-01-11,000408,11.57000000,12.10000000,12.52000000,11.41000000,171104,329743632.00000000,9.40000000,2.46000000,0.29000000,3.83000000,藏格矿业
2018-01-12,000408,12.02000000,11.66000000,12.02000000,11.47000000,107948,203608757.00000000,4.55000000,-3.64000000,-0.44000000,2.42000000,藏格矿业
2018-01-15,000408,11.70000000,10.69000000,11.75000000,10.29000000,145322,265571693.00000000,12.52000000,-8.32000000,-0.97000000,3.25000000,藏格矿业
2018-01-16,000408,10.69000000,10.61000000,10.85000000,10.41000000,78829,140526646.00000000,4.12000000,-0.75000000,-0.08000000,1.76000000,藏格矿业
2018-01-17,000408,10.60000000,10.15000000,10.67000000,10.09000000,101288,177513502.00000000,5.47000000,-4.34000000,-0.46000000,2.27000000,藏格矿业
2018-01-18,000408,10.12000000,10.21000000,10.49000000,10.12000000,42448,74341981.00000000,3.65000000,0.59000000,0.06000000,0.95000000,藏格矿业
2018-01-19,000408,10.21000000,10.31000000,10.31000000,9.79000000,71216,122796169.00000000,5.09000000,0.98000000,0.10000000,1.59000000,藏格矿业
2018-01-22,000408,10.24000000,10.45000000,10.52000000,10.05000000,52905,92700790.00000000,4.56000000,1.36000000,0.14000000,1.18000000,藏格矿业
2018-01-23,000408,10.37000000,10.29000000,10.73000000,10.28000000,51896,91844020.00000000,4.31000000,-1.53000000,-0.16000000,1.16000000,藏格矿业
2018-01-24,000408,10.30000000,9.92000000,10.42000000,9.82000000,80654,138635476.00000000,5.83000000,-3.60000000,-0.37000000,1.81000000,藏格矿业
2018-01-25,000408,9.87000000,9.87000000,10.14000000,9.79000000,54373,93196518.00000000,3.53000000,-0.50000000,-0.05000000,1.22000000,藏格矿业
2018-01-26,000408,9.91000000,9.51000000,10.04000000,9.29000000,107997,181252357.00000000,7.60000000,-3.65000000,-0.36000000,2.42000000,藏格矿业
2018-01-29,000408,9.59000000,8.92000000,9.67000000,8.84000000,137480,224138722.00000000,8.73000000,-6.20000000,-0.59000000,3.08000000,藏格矿业
2018-01-30,000408,8.97000000,9.13000000,9.30000000,8.69000000,90297,146482494.00000000,6.84000000,2.35000000,0.21000000,2.02000000,藏格矿业
2018-01-31,000408,9.31000000,9.17000000,9.37000000,9.01000000,60444,99402929.00000000,3.94000000,0.44000000,0.04000000,1.35000000,藏格矿业
2018-02-01,000408,8.83000000,8.79000000,9.14000000,8.79000000,66140,106121186.00000000,3.82000000,-4.14000000,-0.38000000,1.48000000,藏格矿业
2018-02-02,000408,8.77000000,8.83000000,8.97000000,8.19000000,83797,134038007.00000000,8.87000000,0.46000000,0.04000000,1.88000000,藏格矿业
2018-02-05,000408,8.84000000,8.88000000,9.12000000,8.84000000,83331,134351455.00000000,3.17000000,0.57000000,0.05000000,1.87000000,藏格矿业
2018-02-06,000408,8.88000000,8.21000000,9.05000000,7.81000000,171724,273566672.00000000,13.96000000,-7.55000000,-0.67000000,3.84000000,藏格矿业
2018-02-07,000408,8.59000000,7.98000000,8.69000000,7.29000000,62945,95533996.00000000,17.05000000,-2.80000000,-0.23000000,1.41000000,藏格矿业
2018-02-08,000408,7.90000000,7.94000000,8.00000000,7.60000000,38194,57417767.00000000,5.01000000,-0.50000000,-0.04000000,0.86000000,藏格矿业
2018-02-09,000408,7.93000000,7.74000000,7.93000000,7.39000000,61643,91920111.00000000,6.80000000,-2.52000000,-0.20000000,1.38000000,藏格矿业
2018-02-12,000408,7.74000000,8.41000000,8.64000000,7.61000000,67280,103711189.00000000,13.31000000,8.66000000,0.67000000,1.51000000,藏格矿业
2018-02-13,000408,8.39000000,8.42000000,8.64000000,8.32000000,38514,60385490.00000000,3.80000000,0.12000000,0.01000000,0.86000000,藏格矿业
2018-02-14,000408,8.41000000,8.51000000,8.52000000,8.30000000,20751,32382635.00000000,2.61000000,1.07000000,0.09000000,0.46000000,藏格矿业
2018-02-22,000408,8.67000000,8.92000000,9.19000000,8.54000000,33556,54058086.00000000,7.64000000,4.82000000,0.41000000,0.75000000,藏格矿业
2018-02-23,000408,8.89000000,8.84000000,9.01000000,8.60000000,24262,38800330.00000000,4.60000000,-0.90000000,-0.08000000,0.54000000,藏格矿业
2018-02-26,000408,8.77000000,9.25000000,9.33000000,8.77000000,68674,112484625.00000000,6.33000000,4.64000000,0.41000000,1.54000000,藏格矿业
2018-02-27,000408,9.18000000,9.19000000,9.42000000,9.00000000,44578,73183175.00000000,4.54000000,-0.65000000,-0.06000000,1.00000000,藏格矿业
2018-02-28,000408,9.06000000,9.24000000,9.39000000,9.03000000,31965,52581846.00000000,3.92000000,0.54000000,0.05000000,0.72000000,藏格矿业
2018-03-01,000408,9.14000000,9.25000000,9.52000000,9.06000000,35642,58665887.00000000,4.98000000,0.11000000,0.01000000,0.80000000,藏格矿业
2018-03-02,000408,9.17000000,9.48000000,9.51000000,9.09000000,43390,72044869.00000000,4.54000000,2.49000000,0.23000000,0.97000000,藏格矿业
2018-03-05,000408,9.44000000,9.46000000,9.74000000,9.29000000,38006,63712596.00000000,4.75000000,-0.21000000,-0.02000000,0.85000000,藏格矿业
2018-03-06,000408,9.37000000,9.40000000,9.51000000,9.29000000,31148,51716791.00000000,2.33000000,-0.63000000,-0.06000000,0.70000000,藏格矿业
2018-03-07,000408,9.42000000,8.99000000,9.42000000,8.99000000,29102,47660341.00000000,4.57000000,-4.36000000,-0.41000000,0.65000000,藏格矿业
2018-03-08,000408,8.99000000,9.16000000,9.38000000,8.99000000,19815,32454962.00000000,4.34000000,1.89000000,0.17000000,0.44000000,藏格矿业
2018-03-09,000408,9.12000000,9.33000000,9.33000000,9.04000000,28100,46191957.00000000,3.17000000,1.86000000,0.17000000,0.63000000,藏格矿业
2018-03-12,000408,9.44000000,9.64000000,9.77000000,9.30000000,48854,81937705.00000000,5.04000000,3.32000000,0.31000000,1.09000000,藏格矿业
2018-03-13,000408,9.65000000,9.65000000,10.38000000,9.59000000,121747,208757027.00000000,8.20000000,0.10000000,0.01000000,2.73000000,藏格矿业
2018-03-14,000408,9.60000000,9.64000000,9.85000000,9.41000000,75597,127611670.00000000,4.56000000,-0.10000000,-0.01000000,1.69000000,藏格矿业
2018-03-15,000408,9.49000000,9.47000000,9.64000000,9.30000000,43549,72482550.00000000,3.53000000,-1.76000000,-0.17000000,0.98000000,藏格矿业
2018-03-16,000408,9.50000000,9.19000000,9.56000000,9.12000000,48242,79669820.00000000,4.65000000,-2.96000000,-0.28000000,1.08000000,藏格矿业
2018-03-19,000408,9.19000000,9.34000000,9.47000000,9.15000000,37934,62648585.00000000,3.48000000,1.63000000,0.15000000,0.85000000,藏格矿业
2018-03-20,000408,9.26000000,9.11000000,9.26000000,9.00000000,27063,44119433.00000000,2.78000000,-2.46000000,-0.23000000,0.61000000,藏格矿业
2018-03-21,000408,9.02000000,9.07000000,9.28000000,9.02000000,23598,38604786.00000000,2.85000000,-0.44000000,-0.04000000,0.53000000,藏格矿业
2018-03-22,000408,9.05000000,8.81000000,9.16000000,8.81000000,25551,41221203.00000000,3.86000000,-2.87000000,-0.26000000,0.57000000,藏格矿业
2018-03-23,000408,8.38000000,7.50000000,8.38000000,7.29000000,60793,91472879.00000000,12.37000000,-14.87000000,-1.31000000,1.36000000,藏格矿业
2018-03-26,000408,7.37000000,7.79000000,7.83000000,7.29000000,36598,54358887.00000000,7.20000000,3.87000000,0.29000000,0.82000000,藏格矿业
2018-03-27,000408,8.58000000,8.81000000,9.04000000,8.35000000,77629,123305865.00000000,8.86000000,13.09000000,1.02000000,1.74000000,藏格矿业
2018-03-28,000408,8.58000000,8.67000000,9.07000000,8.49000000,35070,56215971.00000000,6.58000000,-1.59000000,-0.14000000,0.79000000,藏格矿业
2018-03-29,000408,8.59000000,8.95000000,9.06000000,8.59000000,33377,53796862.00000000,5.42000000,3.23000000,0.28000000,0.75000000,藏格矿业
2018-03-30,000408,9.15000000,9.49000000,9.69000000,9.15000000,59687,99610776.00000000,6.03000000,6.03000000,0.54000000,1.34000000,藏格矿业
2018-04-02,000408,9.68000000,9.29000000,9.83000000,9.21000000,104939,175645709.00000000,6.53000000,-2.11000000,-0.20000000,2.35000000,藏格矿业
2018-04-03,000408,9.69000000,9.62000000,9.92000000,9.30000000,164112,277304768.00000000,6.67000000,3.55000000,0.33000000,3.67000000,藏格矿业
2018-04-04,000408,9.41000000,9.45000000,9.73000000,9.20000000,93149,155111214.00000000,5.51000000,-1.77000000,-0.17000000,2.09000000,藏格矿业
2018-04-09,000408,9.39000000,9.49000000,9.66000000,9.14000000,54143,90053118.00000000,5.50000000,0.42000000,0.04000000,1.21000000,藏格矿业
2018-04-10,000408,9.39000000,9.54000000,9.59000000,9.39000000,43980,73410614.00000000,2.11000000,0.53000000,0.05000000,0.98000000,藏格矿业
2018-04-11,000408,9.72000000,9.46000000,9.72000000,9.37000000,44939,75049346.00000000,3.67000000,-0.84000000,-0.08000000,1.01000000,藏格矿业
2018-04-12,000408,9.36000000,9.42000000,9.54000000,9.26000000,43976,73056161.00000000,2.96000000,-0.42000000,-0.04000000,0.98000000,藏格矿业
2018-04-13,000408,9.47000000,9.12000000,9.47000000,8.93000000,59582,97427683.00000000,5.73000000,-3.18000000,-0.30000000,1.33000000,藏格矿业
2018-04-16,000408,9.07000000,9.26000000,9.44000000,9.06000000,49377,81498743.00000000,4.17000000,1.54000000,0.14000000,1.11000000,藏格矿业
2018-04-17,000408,9.26000000,9.10000000,9.44000000,9.04000000,35369,58098267.00000000,4.32000000,-1.73000000,-0.16000000,0.79000000,藏格矿业
2018-04-18,000408,9.19000000,9.09000000,9.25000000,8.62000000,67243,108565597.00000000,6.92000000,-0.11000000,-0.01000000,1.51000000,藏格矿业
2018-04-19,000408,9.18000000,9.20000000,9.27000000,9.14000000,45936,75334406.00000000,1.43000000,1.21000000,0.11000000,1.03000000,藏格矿业
2018-04-20,000408,9.14000000,9.15000000,9.37000000,9.14000000,50647,83034307.00000000,2.50000000,-0.54000000,-0.05000000,1.13000000,藏格矿业
2018-04-23,000408,9.15000000,9.16000000,9.23000000,8.91000000,38191,62454531.00000000,3.50000000,0.11000000,0.01000000,0.86000000,藏格矿业
2018-04-24,000408,9.14000000,9.19000000,9.29000000,9.14000000,36904,60582765.00000000,1.64000000,0.33000000,0.03000000,0.83000000,藏格矿业
2018-04-25,000408,9.15000000,9.24000000,9.24000000,9.14000000,32768,53642860.00000000,1.09000000,0.54000000,0.05000000,0.73000000,藏格矿业
2018-04-26,000408,9.27000000,9.16000000,9.32000000,9.16000000,37034,60690400.00000000,1.73000000,-0.87000000,-0.08000000,0.83000000,藏格矿业
2018-04-27,000408,9.19000000,9.57000000,9.68000000,9.16000000,68345,113256001.00000000,5.68000000,4.48000000,0.41000000,1.53000000,藏格矿业
2018-05-02,000408,9.55000000,9.29000000,9.67000000,9.19000000,52079,86944117.00000000,5.02000000,-2.93000000,-0.28000000,1.17000000,藏格矿业
2018-05-03,000408,9.27000000,9.18000000,9.28000000,9.16000000,39907,65410305.00000000,1.29000000,-1.18000000,-0.11000000,0.89000000,藏格矿业
2018-05-04,000408,9.18000000,9.16000000,9.30000000,9.16000000,33187,54416381.00000000,1.53000000,-0.22000000,-0.02000000,0.74000000,藏格矿业
2018-05-07,000408,9.19000000,9.27000000,9.35000000,9.16000000,40056,65877451.00000000,2.07000000,1.20000000,0.11000000,0.90000000,藏格矿业
2018-05-08,000408,9.20000000,9.30000000,9.54000000,9.20000000,26381,43712513.00000000,3.67000000,0.32000000,0.03000000,0.59000000,藏格矿业
2018-05-09,000408,9.32000000,9.52000000,9.53000000,9.18000000,42688,70999422.00000000,3.76000000,2.37000000,0.22000000,0.96000000,藏格矿业
2018-05-10,000408,9.55000000,9.45000000,9.64000000,9.37000000,27072,45267074.00000000,2.84000000,-0.74000000,-0.07000000,0.61000000,藏格矿业
2018-05-11,000408,9.42000000,9.84000000,9.96000000,9.41000000,81859,138676532.00000000,5.82000000,4.13000000,0.39000000,1.83000000,藏格矿业
2018-05-14,000408,10.09000000,9.69000000,10.28000000,9.56000000,63527,107794713.00000000,7.32000000,-1.52000000,-0.15000000,1.42000000,藏格矿业
2018-05-15,000408,9.64000000,9.49000000,9.69000000,9.25000000,40796,67755684.00000000,4.54000000,-2.06000000,-0.20000000,0.91000000,藏格矿业
2018-05-16,000408,9.51000000,9.31000000,9.51000000,9.29000000,25305,41888895.00000000,2.32000000,-1.90000000,-0.18000000,0.57000000,藏格矿业
2018-05-17,000408,9.19000000,9.36000000,9.41000000,9.10000000,27865,45886907.00000000,3.33000000,0.54000000,0.05000000,0.62000000,藏格矿业
2018-05-18,000408,9.31000000,9.19000000,9.32000000,9.02000000,39193,63978467.00000000,3.21000000,-1.82000000,-0.17000000,0.88000000,藏格矿业
2018-05-21,000408,9.20000000,9.46000000,9.52000000,9.20000000,35575,59194288.00000000,3.48000000,2.94000000,0.27000000,0.80000000,藏格矿业
2018-05-22,000408,9.49000000,9.34000000,9.54000000,9.24000000,35955,59362987.00000000,3.17000000,-1.27000000,-0.12000000,0.80000000,藏格矿业
2018-05-23,000408,9.37000000,9.59000000,9.78000000,9.37000000,68589,115464742.00000000,4.39000000,2.68000000,0.25000000,1.54000000,藏格矿业
2018-05-24,000408,9.56000000,9.30000000,9.83000000,9.29000000,45461,76042033.00000000,5.63000000,-3.02000000,-0.29000000,1.02000000,藏格矿业
2018-05-25,000408,9.23000000,9.25000000,9.51000000,9.10000000,31420,51730881.00000000,4.41000000,-0.54000000,-0.05000000,0.70000000,藏格矿业
2018-05-28,000408,9.19000000,9.30000000,9.53000000,9.12000000,38814,64509148.00000000,4.43000000,0.54000000,0.05000000,0.87000000,藏格矿业
2018-05-29,000408,9.30000000,8.68000000,9.31000000,8.43000000,62185,99962726.00000000,9.46000000,-6.67000000,-0.62000000,1.39000000,藏格矿业
2018-05-30,000408,7.93000000,8.29000000,8.57000000,7.91000000,40843,63355116.00000000,7.60000000,-4.49000000,-0.39000000,0.91000000,藏格矿业
2018-05-31,000408,8.43000000,8.17000000,8.57000000,7.95000000,44352,68385479.00000000,7.48000000,-1.45000000,-0.12000000,0.99000000,藏格矿业
2018-06-01,000408,8.18000000,7.84000000,8.18000000,7.68000000,48112,72232278.00000000,6.12000000,-4.04000000,-0.33000000,1.08000000,藏格矿业
2018-06-04,000408,7.96000000,7.97000000,8.07000000,7.76000000,35752,54013961.00000000,3.95000000,1.66000000,0.13000000,0.80000000,藏格矿业
2018-06-05,000408,7.97000000,8.03000000,8.06000000,7.87000000,21656,32874378.00000000,2.38000000,0.75000000,0.06000000,0.48000000,藏格矿业
2018-06-06,000408,8.03000000,7.86000000,8.03000000,7.82000000,21407,32344477.00000000,2.62000000,-2.12000000,-0.17000000,0.48000000,藏格矿业
2018-06-07,000408,7.93000000,7.82000000,7.93000000,7.77000000,23732,35653747.00000000,2.04000000,-0.51000000,-0.04000000,0.53000000,藏格矿业
2018-06-08,000408,7.79000000,7.69000000,7.80000000,7.62000000,18493,27622436.00000000,2.30000000,-1.66000000,-0.13000000,0.41000000,藏格矿业
2018-06-11,000408,7.66000000,7.66000000,7.99000000,7.50000000,18800,28085692.00000000,6.37000000,-0.39000000,-0.03000000,0.42000000,藏格矿业
2018-06-12,000408,7.57000000,7.66000000,7.78000000,7.48000000,17721,26265108.00000000,3.92000000,0.00000000,0.00000000,0.40000000,藏格矿业
2018-06-13,000408,7.65000000,7.53000000,7.70000000,7.32000000,26812,39463486.00000000,4.96000000,-1.70000000,-0.13000000,0.60000000,藏格矿业
2018-06-14,000408,7.49000000,7.43000000,7.64000000,7.41000000,12027,17692964.00000000,3.05000000,-1.33000000,-0.10000000,0.27000000,藏格矿业
2018-06-15,000408,7.31000000,6.73000000,7.57000000,6.49000000,58849,83596222.00000000,14.54000000,-9.42000000,-0.70000000,1.32000000,藏格矿业
2018-06-19,000408,6.64000000,5.34000000,6.64000000,5.34000000,70395,91580157.00000000,19.32000000,-20.65000000,-1.39000000,1.58000000,藏格矿业
2018-06-20,000408,4.59000000,5.09000000,5.71000000,4.59000000,52890,66675462.00000000,20.97000000,-4.68000000,-0.25000000,1.18000000,藏格矿业
2018-06-21,000408,5.09000000,4.74000000,5.27000000,4.11000000,96648,115161557.00000000,22.79000000,-6.88000000,-0.35000000,2.16000000,藏格矿业
2018-06-22,000408,4.83000000,4.84000000,4.92000000,4.36000000,46777,55794639.00000000,11.81000000,2.11000000,0.10000000,1.05000000,藏格矿业
2018-06-25,000408,5.02000000,4.65000000,5.05000000,4.59000000,38312,45830787.00000000,9.50000000,-3.93000000,-0.19000000,0.86000000,藏格矿业
2018-06-26,000408,4.46000000,5.45000000,5.68000000,4.32000000,66591,82596986.00000000,29.25000000,17.20000000,0.80000000,1.49000000,藏格矿业
2018-06-27,000408,5.49000000,6.38000000,6.38000000,5.49000000,103620,136305122.00000000,16.33000000,17.06000000,0.93000000,2.32000000,藏格矿业
2018-06-28,000408,6.22000000,7.34000000,7.74000000,6.22000000,139293,202017390.00000000,23.82000000,15.05000000,0.96000000,3.12000000,藏格矿业
2018-08-03,000408,5.89000000,5.89000000,5.89000000,5.89000000,9938,13018780.00000000,0.00000000,-19.75000000,-1.45000000,0.22000000,藏格矿业
2018-08-06,000408,4.58000000,5.32000000,6.55000000,4.58000000,129458,160364741.00000000,33.45000000,-9.68000000,-0.57000000,2.90000000,藏格矿业
2018-08-07,000408,4.79000000,5.05000000,5.26000000,4.33000000,89362,106964857.00000000,17.48000000,-5.08000000,-0.27000000,2.00000000,藏格矿业
2018-08-08,000408,4.84000000,5.13000000,5.58000000,4.84000000,93713,116995414.00000000,14.65000000,1.58000000,0.08000000,2.10000000,藏格矿业
2018-08-09,000408,4.89000000,5.05000000,5.39000000,4.79000000,63172,77806822.00000000,11.70000000,-1.56000000,-0.08000000,1.41000000,藏格矿业
2018-08-10,000408,5.21000000,5.21000000,5.45000000,4.93000000,46293,57322536.00000000,10.30000000,3.17000000,0.16000000,1.04000000,藏格矿业
2018-08-13,000408,5.04000000,4.87000000,5.08000000,4.65000000,51304,61533803.00000000,8.25000000,-6.53000000,-0.34000000,1.15000000,藏格矿业
2018-08-14,000408,4.87000000,4.61000000,4.87000000,4.47000000,47464,56093456.00000000,8.21000000,-5.34000000,-0.26000000,1.06000000,藏格矿业
2018-08-15,000408,4.59000000,4.50000000,4.70000000,4.46000000,26090,30726577.00000000,5.21000000,-2.39000000,-0.11000000,0.58000000,藏格矿业
2018-08-16,000408,4.39000000,4.63000000,4.72000000,4.39000000,24873,29392301.00000000,7.33000000,2.89000000,0.13000000,0.56000000,藏格矿业
2018-08-17,000408,4.70000000,4.30000000,4.75000000,4.20000000,21184,24635705.00000000,11.88000000,-7.13000000,-0.33000000,0.47000000,藏格矿业
2018-08-20,000408,4.22000000,4.03000000,4.38000000,3.17000000,51754,56777455.00000000,28.14000000,-6.28000000,-0.27000000,1.16000000,藏格矿业
2018-08-21,000408,3.92000000,3.64000000,3.92000000,3.50000000,56499,61650198.00000000,10.42000000,-9.68000000,-0.39000000,1.27000000,藏格矿业
2018-08-22,000408,3.72000000,3.55000000,3.84000000,3.50000000,39406,42986273.00000000,9.34000000,-2.47000000,-0.09000000,0.88000000,藏格矿业
2018-08-23,000408,3.58000000,3.81000000,3.92000000,3.58000000,37421,41178464.00000000,9.58000000,7.32000000,0.26000000,0.84000000,藏格矿业
2018-08-24,000408,3.89000000,3.69000000,4.04000000,3.63000000,20425,22397002.00000000,10.76000000,-3.15000000,-0.12000000,0.46000000,藏格矿业
2018-08-27,000408,3.70000000,3.93000000,3.95000000,3.69000000,23768,26390958.00000000,7.05000000,6.50000000,0.24000000,0.53000000,藏格矿业
2018-08-28,000408,3.91000000,4.22000000,4.48000000,3.83000000,30025,34104918.00000000,16.54000000,7.38000000,0.29000000,0.67000000,藏格矿业
2018-08-29,000408,4.22000000,4.79000000,4.91000000,4.04000000,76548,90492178.00000000,20.62000000,13.51000000,0.57000000,1.71000000,藏格矿业
2018-08-30,000408,4.79000000,4.54000000,4.81000000,4.50000000,37736,44569989.00000000,6.47000000,-5.22000000,-0.25000000,0.84000000,藏格矿业
2018-08-31,000408,4.49000000,4.37000000,5.04000000,4.29000000,58248,69624397.00000000,16.52000000,-3.74000000,-0.17000000,1.30000000,藏格矿业
2018-09-03,000408,4.29000000,4.54000000,4.77000000,4.05000000,48192,56368225.00000000,16.48000000,3.89000000,0.17000000,1.08000000,藏格矿业
2018-09-04,000408,4.54000000,4.52000000,4.85000000,4.32000000,43525,51484361.00000000,11.67000000,-0.44000000,-0.02000000,0.97000000,藏格矿业
2018-09-05,000408,4.49000000,4.04000000,4.49000000,4.00000000,46521,53342880.00000000,10.84000000,-10.62000000,-0.48000000,1.04000000,藏格矿业
2018-09-06,000408,4.22000000,4.21000000,4.54000000,4.09000000,38534,44409520.00000000,11.14000000,4.21000000,0.17000000,0.86000000,藏格矿业
2018-09-07,000408,4.13000000,4.21000000,4.51000000,4.13000000,25343,29167580.00000000,9.03000000,0.00000000,0.00000000,0.57000000,藏格矿业
2018-09-10,000408,4.24000000,4.49000000,4.53000000,4.14000000,42839,49862955.00000000,9.26000000,6.65000000,0.28000000,0.96000000,藏格矿业
2018-09-11,000408,4.43000000,4.57000000,4.65000000,4.32000000,42643,50105536.00000000,7.35000000,1.78000000,0.08000000,0.95000000,藏格矿业
2018-09-12,000408,4.57000000,4.50000000,4.68000000,4.47000000,19410,22774353.00000000,4.60000000,-1.53000000,-0.07000000,0.43000000,藏格矿业
2018-09-13,000408,4.58000000,4.69000000,4.69000000,4.40000000,23057,27159178.00000000,6.44000000,4.22000000,0.19000000,0.52000000,藏格矿业
2018-09-14,000408,4.74000000,5.21000000,5.78000000,4.64000000,44219,54360561.00000000,24.31000000,11.09000000,0.52000000,0.99000000,藏格矿业
2018-09-17,000408,5.27000000,4.87000000,5.56000000,4.59000000,74330,91262486.00000000,18.62000000,-6.53000000,-0.34000000,1.66000000,藏格矿业
2018-09-18,000408,5.14000000,4.88000000,5.26000000,4.70000000,66832,80888220.00000000,11.50000000,0.21000000,0.01000000,1.50000000,藏格矿业
2018-09-19,000408,4.69000000,4.79000000,4.87000000,4.60000000,44573,53203867.00000000,5.53000000,-1.84000000,-0.09000000,1.00000000,藏格矿业
2018-09-20,000408,4.72000000,4.80000000,4.89000000,4.72000000,21958,26350881.00000000,3.55000000,0.21000000,0.01000000,0.49000000,藏格矿业
2018-09-21,000408,4.80000000,5.22000000,5.22000000,4.74000000,53973,65508869.00000000,10.00000000,8.75000000,0.42000000,1.21000000,藏格矿业
2018-09-25,000408,5.06000000,4.88000000,5.06000000,4.84000000,31269,37845309.00000000,4.21000000,-6.51000000,-0.34000000,0.70000000,藏格矿业
2018-09-26,000408,4.88000000,4.94000000,4.96000000,4.77000000,26343,31750399.00000000,3.89000000,1.23000000,0.06000000,0.59000000,藏格矿业
2018-09-27,000408,4.89000000,4.89000000,4.94000000,4.78000000,21956,26447846.00000000,3.24000000,-1.01000000,-0.05000000,0.49000000,藏格矿业
2018-09-28,000408,4.89000000,4.94000000,4.99000000,4.77000000,27355,33071651.00000000,4.50000000,1.02000000,0.05000000,0.61000000,藏格矿业
2018-10-08,000408,4.88000000,4.83000000,4.89000000,4.59000000,17819,21251448.00000000,6.07000000,-2.23000000,-0.11000000,0.40000000,藏格矿业
2018-10-09,000408,4.76000000,4.79000000,4.86000000,4.67000000,13702,16397046.00000000,3.93000000,-0.83000000,-0.04000000,0.31000000,藏格矿业
2018-10-10,000408,4.76000000,4.52000000,4.79000000,4.19000000,59397,69680024.00000000,12.53000000,-5.64000000,-0.27000000,1.33000000,藏格矿业
2018-10-11,000408,4.31000000,3.59000000,4.31000000,3.47000000,44297,48671488.00000000,18.58000000,-20.58000000,-0.93000000,0.99000000,藏格矿业
2018-10-12,000408,3.46000000,4.01000000,4.17000000,3.39000000,43442,47557177.00000000,21.73000000,11.70000000,0.42000000,0.97000000,藏格矿业
2018-10-15,000408,3.90000000,3.92000000,4.07000000,3.90000000,19780,22131375.00000000,4.24000000,-2.24000000,-0.09000000,0.44000000,藏格矿业
2018-10-16,000408,4.00000000,4.04000000,4.17000000,3.86000000,26373,29518399.00000000,7.91000000,3.06000000,0.12000000,0.59000000,藏格矿业
2018-10-17,000408,4.26000000,4.03000000,4.26000000,3.65000000,27062,30021004.00000000,15.10000000,-0.25000000,-0.01000000,0.61000000,藏格矿业
2018-10-18,000408,4.03000000,3.84000000,4.03000000,3.64000000,26592,29132132.00000000,9.68000000,-4.71000000,-0.19000000,0.60000000,藏格矿业
2018-10-19,000408,3.74000000,3.86000000,3.94000000,3.59000000,16562,18255182.00000000,9.11000000,0.52000000,0.02000000,0.37000000,藏格矿业
2018-10-22,000408,3.86000000,4.28000000,4.68000000,3.86000000,74365,85699443.00000000,21.24000000,10.88000000,0.42000000,1.67000000,藏格矿业
2018-10-23,000408,4.21000000,4.12000000,4.30000000,4.06000000,17412,19737626.00000000,5.61000000,-3.74000000,-0.16000000,0.39000000,藏格矿业
2018-10-24,000408,4.13000000,4.09000000,4.20000000,4.09000000,6997,7939584.00000000,2.67000000,-0.73000000,-0.03000000,0.16000000,藏格矿业
2018-10-25,000408,3.74000000,3.80000000,3.91000000,3.60000000,13746,15115955.00000000,7.58000000,-7.09000000,-0.29000000,0.31000000,藏格矿业
2018-10-26,000408,3.86000000,3.80000000,3.97000000,3.74000000,10204,11265013.00000000,6.05000000,0.00000000,0.00000000,0.23000000,藏格矿业
2018-10-29,000408,3.90000000,3.72000000,3.90000000,3.60000000,15472,16938067.00000000,7.89000000,-2.11000000,-0.08000000,0.35000000,藏格矿业
2018-10-30,000408,3.70000000,3.65000000,3.74000000,3.36000000,15228,16510851.00000000,10.22000000,-1.88000000,-0.07000000,0.34000000,藏格矿业
2018-10-31,000408,3.74000000,3.75000000,3.80000000,3.60000000,12365,13504636.00000000,5.48000000,2.74000000,0.10000000,0.28000000,藏格矿业
2018-11-01,000408,3.84000000,3.63000000,3.84000000,3.63000000,20337,22231994.00000000,5.60000000,-3.20000000,-0.12000000,0.46000000,藏格矿业
2018-11-02,000408,3.64000000,3.89000000,3.93000000,3.64000000,32297,35458731.00000000,7.99000000,7.16000000,0.26000000,0.72000000,藏格矿业
2018-11-05,000408,3.88000000,3.86000000,3.93000000,3.73000000,20471,22593970.00000000,5.14000000,-0.77000000,-0.03000000,0.46000000,藏格矿业
2018-11-06,000408,3.86000000,3.86000000,3.88000000,3.69000000,14771,16231386.00000000,4.92000000,0.00000000,0.00000000,0.33000000,藏格矿业
2018-11-07,000408,3.90000000,3.94000000,4.12000000,3.76000000,25519,28575503.00000000,9.33000000,2.07000000,0.08000000,0.57000000,藏格矿业
2018-11-08,000408,3.91000000,4.00000000,4.08000000,3.90000000,19674,22040097.00000000,4.57000000,1.52000000,0.06000000,0.44000000,藏格矿业
2018-11-09,000408,3.97000000,3.77000000,3.97000000,3.76000000,25766,28493795.00000000,5.25000000,-5.75000000,-0.23000000,0.58000000,藏格矿业
2018-11-12,000408,3.77000000,3.86000000,3.88000000,3.66000000,35759,39133234.00000000,5.84000000,2.39000000,0.09000000,0.80000000,藏格矿业
2018-11-13,000408,3.77000000,3.84000000,3.93000000,3.67000000,32637,36022043.00000000,6.74000000,-0.52000000,-0.02000000,0.73000000,藏格矿业
2018-11-14,000408,3.90000000,3.86000000,4.04000000,3.80000000,34428,38315764.00000000,6.25000000,0.52000000,0.02000000,0.77000000,藏格矿业
2018-11-15,000408,3.91000000,4.27000000,4.64000000,3.81000000,79567,90491085.00000000,21.50000000,10.62000000,0.41000000,1.78000000,藏格矿业
2018-11-16,000408,4.48000000,4.48000000,4.69000000,4.30000000,56444,66160900.00000000,9.13000000,4.92000000,0.21000000,1.26000000,藏格矿业
2018-11-19,000408,4.46000000,4.49000000,4.67000000,4.42000000,30749,36025417.00000000,5.58000000,0.22000000,0.01000000,0.69000000,藏格矿业
2018-11-20,000408,4.58000000,4.65000000,4.84000000,4.45000000,38500,45543251.00000000,8.69000000,3.56000000,0.16000000,0.86000000,藏格矿业
2018-11-21,000408,4.57000000,4.54000000,4.59000000,4.45000000,24477,28708604.00000000,3.01000000,-2.37000000,-0.11000000,0.55000000,藏格矿业
2018-11-22,000408,4.55000000,4.65000000,4.83000000,4.46000000,27967,33241088.00000000,8.15000000,2.42000000,0.11000000,0.63000000,藏格矿业
2018-11-23,000408,4.66000000,4.30000000,4.68000000,4.26000000,40267,46770820.00000000,9.03000000,-7.53000000,-0.35000000,0.90000000,藏格矿业
2018-11-26,000408,4.26000000,3.99000000,4.32000000,3.90000000,34750,39379865.00000000,9.77000000,-7.21000000,-0.31000000,0.78000000,藏格矿业
2018-11-27,000408,4.08000000,4.08000000,4.24000000,3.93000000,24966,28151782.00000000,7.77000000,2.26000000,0.09000000,0.56000000,藏格矿业
2018-11-28,000408,4.11000000,4.17000000,4.31000000,4.03000000,20329,23106568.00000000,6.86000000,2.21000000,0.09000000,0.46000000,藏格矿业
2018-11-29,000408,4.18000000,3.79000000,4.28000000,3.79000000,33260,37220660.00000000,11.75000000,-9.11000000,-0.38000000,0.74000000,藏格矿业
2018-11-30,000408,3.83000000,4.08000000,4.14000000,3.72000000,29404,32853303.00000000,11.08000000,7.65000000,0.29000000,0.66000000,藏格矿业
2018-12-03,000408,4.20000000,4.19000000,4.28000000,4.06000000,84588,96273747.00000000,5.39000000,2.70000000,0.11000000,1.89000000,藏格矿业
2018-12-04,000408,4.21000000,4.16000000,4.27000000,4.10000000,48123,54874376.00000000,4.06000000,-0.72000000,-0.03000000,1.08000000,藏格矿业
2018-12-05,000408,3.95000000,4.20000000,4.23000000,3.79000000,35852,40558967.00000000,10.58000000,0.96000000,0.04000000,0.80000000,藏格矿业
2018-12-06,000408,4.24000000,3.99000000,4.24000000,3.98000000,24713,27925939.00000000,6.19000000,-5.00000000,-0.21000000,0.55000000,藏格矿业
2018-12-07,000408,3.99000000,4.15000000,4.19000000,3.90000000,16715,18905218.00000000,7.27000000,4.01000000,0.16000000,0.37000000,藏格矿业
2018-12-10,000408,4.18000000,4.37000000,4.42000000,4.01000000,38237,43751203.00000000,9.88000000,5.30000000,0.22000000,0.86000000,藏格矿业
2018-12-11,000408,4.39000000,4.36000000,4.43000000,4.29000000,27457,31775248.00000000,3.20000000,-0.23000000,-0.01000000,0.61000000,藏格矿业
2018-12-12,000408,4.44000000,4.62000000,4.81000000,4.33000000,54691,64641769.00000000,11.01000000,5.96000000,0.26000000,1.22000000,藏格矿业
2018-12-13,000408,4.60000000,4.72000000,4.82000000,4.59000000,44486,53122585.00000000,4.98000000,2.16000000,0.10000000,1.00000000,藏格矿业
2018-12-14,000408,4.72000000,4.55000000,4.89000000,4.50000000,71449,84922043.00000000,8.26000000,-3.60000000,-0.17000000,1.60000000,藏格矿业
2018-12-17,000408,4.66000000,4.39000000,4.66000000,4.28000000,30458,35367605.00000000,8.35000000,-3.52000000,-0.16000000,0.68000000,藏格矿业
2018-12-18,000408,4.34000000,4.13000000,4.48000000,4.13000000,21787,24962313.00000000,7.97000000,-5.92000000,-0.26000000,0.49000000,藏格矿业
2018-12-19,000408,4.22000000,4.03000000,4.22000000,3.95000000,15669,17638564.00000000,6.54000000,-2.42000000,-0.10000000,0.35000000,藏格矿业
2018-12-20,000408,3.99000000,3.98000000,4.07000000,3.86000000,13704,15322343.00000000,5.21000000,-1.24000000,-0.05000000,0.31000000,藏格矿业
2018-12-21,000408,3.88000000,3.89000000,4.03000000,3.77000000,28630,31695084.00000000,6.53000000,-2.26000000,-0.09000000,0.64000000,藏格矿业
2018-12-24,000408,3.93000000,3.83000000,3.95000000,3.82000000,12933,14333131.00000000,3.34000000,-1.54000000,-0.06000000,0.29000000,藏格矿业
2018-12-25,000408,3.89000000,3.76000000,3.89000000,3.37000000,22807,24740267.00000000,13.58000000,-1.83000000,-0.07000000,0.51000000,藏格矿业
2018-12-26,000408,3.76000000,3.83000000,3.96000000,3.59000000,16174,17794045.00000000,9.84000000,1.86000000,0.07000000,0.36000000,藏格矿业
2018-12-27,000408,3.96000000,3.64000000,4.02000000,3.50000000,16528,18178620.00000000,13.58000000,-4.96000000,-0.19000000,0.37000000,藏格矿业
2018-12-28,000408,3.64000000,4.01000000,4.01000000,3.49000000,26491,29146083.00000000,14.29000000,10.16000000,0.37000000,0.59000000,藏格矿业
2019-01-02,000408,3.94000000,3.97000000,4.06000000,3.74000000,18666,20726480.00000000,7.98000000,-1.00000000,-0.04000000,0.42000000,藏格矿业
2019-01-03,000408,3.83000000,3.85000000,4.03000000,3.83000000,12125,13522445.00000000,5.04000000,-3.02000000,-0.12000000,0.27000000,藏格矿业
2019-01-04,000408,3.78000000,3.98000000,4.03000000,3.69000000,11134,12411416.00000000,8.83000000,3.38000000,0.13000000,0.25000000,藏格矿业
2019-01-07,000408,4.00000000,4.00000000,4.07000000,3.96000000,18639,20868236.00000000,2.76000000,0.50000000,0.02000000,0.42000000,藏格矿业
2019-01-08,000408,4.02000000,3.88000000,4.02000000,3.85000000,9921,11065206.00000000,4.25000000,-3.00000000,-0.12000000,0.22000000,藏格矿业
2019-01-09,000408,3.95000000,3.92000000,4.35000000,3.89000000,24018,27215088.00000000,11.86000000,1.03000000,0.04000000,0.54000000,藏格矿业
2019-01-10,000408,3.91000000,4.01000000,4.13000000,3.90000000,12384,13886199.00000000,5.87000000,2.30000000,0.09000000,0.28000000,藏格矿业
2019-01-11,000408,4.01000000,4.14000000,4.21000000,3.94000000,17844,20159761.00000000,6.73000000,3.24000000,0.13000000,0.40000000,藏格矿业
2019-01-14,000408,4.25000000,4.59000000,4.66000000,4.13000000,52790,61368733.00000000,12.80000000,10.87000000,0.45000000,1.18000000,藏格矿业
2019-01-15,000408,4.77000000,4.48000000,4.78000000,4.37000000,43672,51430397.00000000,8.93000000,-2.40000000,-0.11000000,0.98000000,藏格矿业
2019-01-16,000408,4.39000000,4.26000000,4.48000000,4.13000000,29550,33852249.00000000,7.81000000,-4.91000000,-0.22000000,0.66000000,藏格矿业
2019-01-17,000408,4.24000000,4.26000000,4.31000000,4.04000000,16114,18347303.00000000,6.34000000,0.00000000,0.00000000,0.36000000,藏格矿业
2019-01-18,000408,4.36000000,4.21000000,4.36000000,4.11000000,15892,18144445.00000000,5.87000000,-1.17000000,-0.05000000,0.36000000,藏格矿业
2019-01-21,000408,4.21000000,4.15000000,4.39000000,4.12000000,20042,22915355.00000000,6.41000000,-1.43000000,-0.06000000,0.45000000,藏格矿业
2019-01-22,000408,4.15000000,3.86000000,4.17000000,3.84000000,19040,21283462.00000000,7.95000000,-6.99000000,-0.29000000,0.43000000,藏格矿业
2019-01-23,000408,3.80000000,3.94000000,4.00000000,3.80000000,14517,16165254.00000000,5.18000000,2.07000000,0.08000000,0.33000000,藏格矿业
2019-01-24,000408,3.94000000,3.89000000,3.98000000,3.84000000,10184,11309080.00000000,3.55000000,-1.27000000,-0.05000000,0.23000000,藏格矿业
2019-01-25,000408,3.85000000,3.78000000,3.95000000,3.77000000,14973,16591217.00000000,4.63000000,-2.83000000,-0.11000000,0.34000000,藏格矿业
2019-01-28,000408,3.78000000,3.59000000,3.87000000,3.54000000,25341,27708317.00000000,8.73000000,-5.03000000,-0.19000000,0.57000000,藏格矿业
2019-01-29,000408,3.60000000,3.62000000,3.72000000,3.29000000,15850,17033644.00000000,11.98000000,0.84000000,0.03000000,0.35000000,藏格矿业
2019-01-30,000408,3.61000000,3.57000000,3.76000000,3.51000000,14115,15254293.00000000,6.91000000,-1.38000000,-0.05000000,0.32000000,藏格矿业
2019-01-31,000408,3.57000000,3.31000000,3.61000000,3.31000000,21598,22953000.00000000,8.40000000,-7.28000000,-0.26000000,0.48000000,藏格矿业
2019-02-01,000408,3.29000000,3.62000000,3.64000000,3.29000000,15751,16839947.00000000,10.57000000,9.37000000,0.31000000,0.35000000,藏格矿业
2019-02-11,000408,3.59000000,3.93000000,3.94000000,3.59000000,33802,37361622.00000000,9.67000000,8.56000000,0.31000000,0.76000000,藏格矿业
2019-02-12,000408,3.96000000,3.88000000,3.96000000,3.77000000,28264,31188026.00000000,4.83000000,-1.27000000,-0.05000000,0.63000000,藏格矿业
2019-02-13,000408,3.83000000,4.02000000,4.04000000,3.81000000,30591,34136068.00000000,5.93000000,3.61000000,0.14000000,0.68000000,藏格矿业
2019-02-14,000408,4.04000000,3.98000000,4.13000000,3.93000000,24874,27869213.00000000,4.98000000,-1.00000000,-0.04000000,0.56000000,藏格矿业
2019-02-15,000408,4.00000000,3.93000000,4.02000000,3.91000000,20620,23028266.00000000,2.76000000,-1.26000000,-0.05000000,0.46000000,藏格矿业
2019-02-18,000408,3.97000000,4.11000000,4.18000000,3.91000000,42309,47596834.00000000,6.87000000,4.58000000,0.18000000,0.95000000,藏格矿业
2019-02-19,000408,4.11000000,4.04000000,4.15000000,3.91000000,35160,39561318.00000000,5.84000000,-1.70000000,-0.07000000,0.79000000,藏格矿业
2019-02-20,000408,4.07000000,4.11000000,4.25000000,3.99000000,40129,45504561.00000000,6.44000000,1.73000000,0.07000000,0.90000000,藏格矿业
2019-02-21,000408,4.13000000,4.35000000,4.66000000,4.11000000,88073,102402188.00000000,13.38000000,5.84000000,0.24000000,1.97000000,藏格矿业
2019-02-22,000408,4.32000000,4.36000000,4.40000000,4.14000000,57212,65657756.00000000,5.98000000,0.23000000,0.01000000,1.28000000,藏格矿业
2019-02-25,000408,4.44000000,4.78000000,4.87000000,4.36000000,116015,137553824.00000000,11.70000000,9.63000000,0.42000000,2.60000000,藏格矿业
2019-02-26,000408,4.78000000,4.83000000,5.14000000,4.53000000,149782,180691394.00000000,12.76000000,1.05000000,0.05000000,3.35000000,藏格矿业
2019-02-27,000408,4.76000000,4.63000000,4.88000000,4.53000000,78140,93368280.00000000,7.25000000,-4.14000000,-0.20000000,1.75000000,藏格矿业
2019-02-28,000408,4.59000000,4.56000000,4.70000000,4.47000000,47194,55573902.00000000,4.97000000,-1.51000000,-0.07000000,1.06000000,藏格矿业
2019-03-01,000408,4.63000000,4.78000000,4.81000000,4.50000000,67927,80716267.00000000,6.80000000,4.82000000,0.22000000,1.52000000,藏格矿业
2019-03-04,000408,4.82000000,4.75000000,4.89000000,4.72000000,127710,153287807.00000000,3.56000000,-0.63000000,-0.03000000,2.86000000,藏格矿业
2019-03-05,000408,4.66000000,4.72000000,4.75000000,4.50000000,113753,134325880.00000000,5.26000000,-0.63000000,-0.03000000,2.55000000,藏格矿业
2019-03-06,000408,4.70000000,5.57000000,5.67000000,4.67000000,214501,263688619.00000000,21.19000000,18.01000000,0.85000000,4.80000000,藏格矿业
2019-03-07,000408,5.31000000,5.45000000,5.54000000,5.18000000,177298,222924799.00000000,6.46000000,-2.15000000,-0.12000000,3.97000000,藏格矿业
2019-03-08,000408,5.17000000,5.21000000,5.80000000,5.07000000,129534,163412636.00000000,13.39000000,-4.40000000,-0.24000000,2.90000000,藏格矿业
2019-03-11,000408,5.19000000,5.71000000,5.73000000,5.18000000,106922,136079377.00000000,10.56000000,9.60000000,0.50000000,2.39000000,藏格矿业
2019-03-12,000408,5.75000000,5.57000000,5.99000000,5.46000000,130533,168464430.00000000,9.28000000,-2.45000000,-0.14000000,2.92000000,藏格矿业
2019-03-13,000408,5.59000000,5.34000000,5.62000000,5.17000000,92642,116214331.00000000,8.08000000,-4.13000000,-0.23000000,2.07000000,藏格矿业
2019-03-14,000408,5.24000000,5.13000000,5.37000000,4.85000000,67599,83147730.00000000,9.74000000,-3.93000000,-0.21000000,1.51000000,藏格矿业
2019-03-15,000408,5.27000000,5.15000000,5.27000000,5.03000000,57754,71576364.00000000,4.68000000,0.39000000,0.02000000,1.29000000,藏格矿业
2019-03-18,000408,5.11000000,5.64000000,5.64000000,5.04000000,96194,121417092.00000000,11.65000000,9.51000000,0.49000000,2.15000000,藏格矿业
2019-03-19,000408,5.63000000,5.53000000,5.63000000,5.40000000,66565,84634992.00000000,4.08000000,-1.95000000,-0.11000000,1.49000000,藏格矿业
2019-03-20,000408,5.51000000,5.65000000,5.87000000,5.42000000,107008,137518634.00000000,8.14000000,2.17000000,0.12000000,2.40000000,藏格矿业
2019-03-21,000408,5.57000000,5.53000000,5.75000000,5.45000000,90974,116388362.00000000,5.31000000,-2.12000000,-0.12000000,2.04000000,藏格矿业
2019-03-22,000408,5.53000000,5.38000000,5.57000000,5.26000000,62817,79189458.00000000,5.61000000,-2.71000000,-0.15000000,1.41000000,藏格矿业
2019-03-25,000408,5.28000000,5.06000000,5.34000000,5.05000000,67801,84017550.00000000,5.39000000,-5.95000000,-0.32000000,1.52000000,藏格矿业
2019-03-26,000408,5.14000000,4.64000000,5.15000000,4.60000000,88322,106349944.00000000,10.87000000,-8.30000000,-0.42000000,1.98000000,藏格矿业
2019-03-27,000408,4.78000000,4.88000000,5.05000000,4.59000000,68124,82012764.00000000,9.91000000,5.17000000,0.24000000,1.53000000,藏格矿业
2019-03-28,000408,4.89000000,4.64000000,4.96000000,4.64000000,47572,57117710.00000000,6.56000000,-4.92000000,-0.24000000,1.07000000,藏格矿业
2019-03-29,000408,4.57000000,4.82000000,4.84000000,4.50000000,74187,88283773.00000000,7.33000000,3.88000000,0.18000000,1.66000000,藏格矿业
2019-04-01,000408,4.96000000,5.31000000,5.38000000,4.81000000,108469,134010119.00000000,11.83000000,10.17000000,0.49000000,2.43000000,藏格矿业
2019-04-02,000408,5.37000000,5.34000000,5.48000000,5.20000000,103014,129073266.00000000,5.27000000,0.56000000,0.03000000,2.31000000,藏格矿业
2019-04-03,000408,5.29000000,5.46000000,5.47000000,5.21000000,78039,98197871.00000000,4.87000000,2.25000000,0.12000000,1.75000000,藏格矿业
2019-04-04,000408,5.47000000,5.31000000,5.50000000,5.26000000,74195,93209339.00000000,4.40000000,-2.75000000,-0.15000000,1.66000000,藏格矿业
2019-04-08,000408,5.45000000,5.41000000,5.56000000,5.17000000,120429,151740788.00000000,7.34000000,1.88000000,0.10000000,2.70000000,藏格矿业
2019-04-09,000408,5.40000000,5.21000000,5.40000000,5.09000000,75690,93898073.00000000,5.73000000,-3.70000000,-0.20000000,1.69000000,藏格矿业
2019-04-10,000408,5.17000000,5.22000000,5.37000000,4.95000000,57761,71408164.00000000,8.06000000,0.19000000,0.01000000,1.29000000,藏格矿业
2019-04-11,000408,5.20000000,4.85000000,5.49000000,4.76000000,67386,82493544.00000000,13.98000000,-7.09000000,-0.37000000,1.51000000,藏格矿业
2019-04-12,000408,4.79000000,5.07000000,5.17000000,4.78000000,59493,72593952.00000000,8.04000000,4.54000000,0.22000000,1.33000000,藏格矿业
2019-04-15,000408,5.13000000,4.54000000,5.18000000,4.52000000,103143,124328820.00000000,13.02000000,-10.45000000,-0.53000000,2.31000000,藏格矿业
2019-04-16,000408,4.58000000,4.71000000,4.72000000,4.40000000,79671,94119568.00000000,7.05000000,3.74000000,0.17000000,1.78000000,藏格矿业
2019-04-17,000408,4.63000000,4.74000000,4.87000000,4.63000000,70647,84567405.00000000,5.10000000,0.64000000,0.03000000,1.58000000,藏格矿业
2019-04-18,000408,4.77000000,4.67000000,4.79000000,4.62000000,54286,64594703.00000000,3.59000000,-1.48000000,-0.07000000,1.22000000,藏格矿业
2019-04-19,000408,4.69000000,4.55000000,4.70000000,4.45000000,81643,95776335.00000000,5.35000000,-2.57000000,-0.12000000,1.83000000,藏格矿业
2019-04-22,000408,4.59000000,4.21000000,4.59000000,4.18000000,86806,100442399.00000000,9.01000000,-7.47000000,-0.34000000,1.94000000,藏格矿业
2019-04-23,000408,4.19000000,3.88000000,4.25000000,3.82000000,78971,88840100.00000000,10.21000000,-7.84000000,-0.33000000,1.77000000,藏格矿业
2019-04-24,000408,3.79000000,4.24000000,4.36000000,3.72000000,164568,185949384.00000000,16.49000000,9.28000000,0.36000000,3.68000000,藏格矿业
2019-04-25,000408,4.09000000,3.59000000,4.18000000,3.54000000,106062,117791401.00000000,15.09000000,-15.33000000,-0.65000000,2.37000000,藏格矿业
2019-04-26,000408,3.50000000,3.36000000,3.68000000,3.31000000,82517,87925428.00000000,10.31000000,-6.41000000,-0.23000000,1.85000000,藏格矿业
2019-04-29,000408,3.24000000,2.30000000,3.29000000,2.30000000,241447,231817797.00000000,29.46000000,-31.55000000,-1.06000000,5.41000000,藏格矿业
2019-04-30,000408,2.41000000,2.91000000,3.07000000,2.36000000,160925,160262859.00000000,30.87000000,26.52000000,0.61000000,3.60000000,藏格矿业
2019-05-06,000408,2.52000000,2.60000000,2.99000000,2.35000000,194568,191455134.00000000,21.99000000,-10.65000000,-0.31000000,4.36000000,藏格矿业
2019-05-07,000408,2.59000000,2.60000000,2.71000000,2.39000000,124688,122351120.00000000,12.31000000,0.00000000,0.00000000,2.79000000,藏格矿业
2019-05-08,000408,2.50000000,2.39000000,2.54000000,2.09000000,85231,81816342.00000000,17.31000000,-8.08000000,-0.21000000,1.91000000,藏格矿业
2019-05-09,000408,2.30000000,2.06000000,2.39000000,2.04000000,82390,77498665.00000000,14.64000000,-13.81000000,-0.33000000,1.84000000,藏格矿业
2019-05-10,000408,2.10000000,2.17000000,2.26000000,1.86000000,90490,84439087.00000000,19.42000000,5.34000000,0.11000000,2.03000000,藏格矿业
2019-05-13,000408,2.03000000,1.33000000,2.13000000,1.23000000,226751,196031851.00000000,41.47000000,-38.71000000,-0.84000000,5.08000000,藏格矿业
2019-05-14,000408,1.21000000,1.35000000,1.46000000,1.11000000,180330,154364613.00000000,26.32000000,1.50000000,0.02000000,4.04000000,藏格矿业
2019-05-15,000408,1.17000000,1.37000000,1.40000000,0.75000000,292001,242182854.00000000,48.15000000,1.48000000,0.02000000,6.54000000,藏格矿业
2019-05-16,000408,1.25000000,1.38000000,1.46000000,1.10000000,189332,161375532.00000000,26.28000000,0.73000000,0.01000000,4.24000000,藏格矿业
2019-05-17,000408,1.35000000,0.77000000,1.36000000,0.68000000,213802,174732179.00000000,49.28000000,-44.20000000,-0.61000000,4.79000000,藏格矿业
2019-05-20,000408,0.82000000,0.00000000,0.82000000,-0.03000000,245444,180206304.00000000,110.39000000,-100.00000000,-0.77000000,5.50000000,藏格矿业
2019-05-21,000408,0.16000000,0.72000000,0.72000000,0.09000000,268336,204432271.00000000,-34222.43000000,0.00000000,0.72000000,6.01000000,藏格矿业
2019-05-22,000408,0.78000000,0.49000000,1.11000000,0.37000000,295452,234775386.00000000,102.78000000,-31.94000000,-0.23000000,6.62000000,藏格矿业
2019-05-23,000408,0.64000000,0.42000000,0.67000000,0.34000000,193344,149368618.00000000,67.35000000,-14.29000000,-0.07000000,4.33000000,藏格矿业
2019-05-24,000408,0.38000000,0.29000000,0.56000000,0.29000000,137067,104530176.00000000,64.29000000,-30.95000000,-0.13000000,3.07000000,藏格矿业
2019-05-27,000408,0.36000000,0.46000000,0.52000000,0.10000000,149558,112687435.00000000,144.83000000,58.62000000,0.17000000,3.35000000,藏格矿业
2019-05-28,000408,0.39000000,0.29000000,0.45000000,0.28000000,126580,95884563.00000000,36.96000000,-36.96000000,-0.17000000,2.83000000,藏格矿业
2019-05-29,000408,0.29000000,0.34000000,0.36000000,0.18000000,95486,71649752.00000000,62.07000000,17.24000000,0.05000000,2.14000000,藏格矿业
2019-05-30,000408,0.21000000,0.13000000,0.25000000,-0.11000000,154706,112683718.00000000,105.88000000,-61.76000000,-0.21000000,3.46000000,藏格矿业
2019-05-31,000408,0.20000000,0.18000000,0.51000000,0.11000000,170368,127720865.00000000,307.69000000,38.46000000,0.05000000,3.81000000,藏格矿业
2019-06-03,000408,0.39000000,-0.07000000,0.45000000,-0.11000000,200855,147111950.00000000,311.11000000,-138.89000000,-0.25000000,4.50000000,藏格矿业
2019-06-04,000408,-0.07000000,-0.39000000,-0.06000000,-0.71000000,255240,170787693.00000000,-928.57000000,-457.14000000,-0.32000000,5.71000000,藏格矿业
2019-06-05,000408,-0.31000000,-0.41000000,-0.28000000,-0.54000000,162844,110853349.00000000,-66.67000000,-5.13000000,-0.02000000,3.65000000,藏格矿业
2019-06-06,000408,-0.39000000,-0.65000000,-0.38000000,-0.70000000,125017,83178344.00000000,-78.05000000,-58.54000000,-0.24000000,2.80000000,藏格矿业
2019-06-10,000408,-0.67000000,-0.53000000,-0.46000000,-0.67000000,89871,59938471.00000000,-32.31000000,18.46000000,0.12000000,2.01000000,藏格矿业
2019-06-11,000408,-0.52000000,-0.31000000,-0.28000000,-0.75000000,146586,99232152.00000000,-88.68000000,41.51000000,0.22000000,3.28000000,藏格矿业
2019-06-12,000408,-0.33000000,-0.41000000,-0.20000000,-0.43000000,125529,86476376.00000000,-74.19000000,-32.26000000,-0.10000000,2.81000000,藏格矿业
2019-06-13,000408,-0.45000000,-0.28000000,-0.22000000,-0.55000000,118667,80978121.00000000,-80.49000000,31.71000000,0.13000000,2.66000000,藏格矿业
2019-06-14,000408,-0.29000000,-0.43000000,-0.28000000,-0.48000000,107375,73472743.00000000,-71.43000000,-53.57000000,-0.15000000,2.40000000,藏格矿业
2019-06-17,000408,-0.45000000,-0.62000000,-0.36000000,-0.65000000,101479,67832369.00000000,-67.44000000,-44.19000000,-0.19000000,2.27000000,藏格矿业
2019-06-18,000408,-0.51000000,0.04000000,0.04000000,-0.54000000,264700,186770026.00000000,-93.55000000,106.45000000,0.66000000,5.93000000,藏格矿业
2019-06-19,000408,0.39000000,0.77000000,0.77000000,0.27000000,589233,457407136.00000000,1250.00000000,1825.00000000,0.73000000,13.19000000,藏格矿业
2019-06-20,000408,0.49000000,0.94000000,1.36000000,0.41000000,645689,527125296.00000000,123.38000000,22.08000000,0.17000000,14.46000000,藏格矿业
2019-06-21,000408,0.78000000,0.72000000,0.94000000,0.60000000,411700,328458832.00000000,36.17000000,-23.40000000,-0.22000000,9.22000000,藏格矿业
2019-06-24,000408,-0.06000000,1.51000000,1.51000000,-0.06000000,769943,610199808.00000000,218.06000000,109.72000000,0.79000000,17.24000000,藏格矿业
2019-06-25,000408,1.20000000,1.76000000,2.29000000,1.01000000,709634,626097392.00000000,84.77000000,16.56000000,0.25000000,15.89000000,藏格矿业
2019-06-26,000408,1.43000000,1.56000000,2.15000000,1.29000000,467445,418195728.00000000,48.86000000,-11.36000000,-0.20000000,10.47000000,藏格矿业
2019-06-27,000408,1.64000000,1.37000000,1.88000000,1.15000000,352190,307487440.00000000,46.79000000,-12.18000000,-0.19000000,7.89000000,藏格矿业
2019-06-28,000408,1.45000000,1.06000000,1.55000000,1.04000000,218465,183946773.00000000,37.23000000,-22.63000000,-0.31000000,4.89000000,藏格矿业
2019-07-01,000408,1.35000000,1.22000000,1.40000000,1.08000000,216881,182895164.00000000,30.19000000,15.09000000,0.16000000,4.86000000,藏格矿业
2019-07-02,000408,1.15000000,1.10000000,1.15000000,0.84000000,211732,174162479.00000000,25.41000000,-9.84000000,-0.12000000,4.74000000,藏格矿业
2019-07-03,000408,1.19000000,1.18000000,1.37000000,0.93000000,181242,150991501.00000000,40.00000000,7.27000000,0.08000000,4.06000000,藏格矿业
2019-07-04,000408,1.10000000,0.78000000,1.10000000,0.53000000,343318,273923824.00000000,48.31000000,-33.90000000,-0.40000000,7.69000000,藏格矿业
2019-07-05,000408,1.14000000,1.19000000,1.47000000,1.01000000,362379,304804528.00000000,58.97000000,52.56000000,0.41000000,8.11000000,藏格矿业
2019-07-08,000408,1.18000000,1.67000000,1.97000000,1.06000000,408950,355557904.00000000,76.47000000,40.34000000,0.48000000,9.16000000,藏格矿业
2019-07-09,000408,2.02000000,1.82000000,2.04000000,1.44000000,305527,274013264.00000000,35.93000000,8.98000000,0.15000000,6.84000000,藏格矿业
2019-07-10,000408,1.73000000,1.51000000,1.76000000,1.45000000,168712,148463693.00000000,17.03000000,-17.03000000,-0.31000000,3.78000000,藏格矿业
2019-07-11,000408,1.57000000,1.85000000,1.93000000,1.43000000,195604,174158672.00000000,33.11000000,22.52000000,0.34000000,4.38000000,藏格矿业
2019-07-12,000408,1.77000000,1.54000000,2.02000000,1.53000000,194932,174282509.00000000,26.49000000,-16.76000000,-0.31000000,4.36000000,藏格矿业
2019-07-15,000408,1.06000000,1.46000000,1.54000000,0.78000000,176885,148957985.00000000,49.35000000,-5.19000000,-0.08000000,3.96000000,藏格矿业
2019-07-16,000408,1.49000000,1.40000000,1.63000000,1.37000000,96464,83857454.00000000,17.81000000,-4.11000000,-0.06000000,2.16000000,藏格矿业
2019-07-17,000408,1.48000000,1.23000000,1.49000000,1.17000000,117564,99979912.00000000,22.86000000,-12.14000000,-0.17000000,2.63000000,藏格矿业
2019-07-18,000408,1.21000000,1.38000000,1.48000000,1.18000000,96705,82689081.00000000,24.39000000,12.20000000,0.15000000,2.17000000,藏格矿业
2019-07-19,000408,1.39000000,1.75000000,1.85000000,1.33000000,176796,157115913.00000000,37.68000000,26.81000000,0.37000000,3.96000000,藏格矿业
2019-07-22,000408,1.84000000,1.80000000,2.17000000,1.73000000,206261,188342159.00000000,25.14000000,2.86000000,0.05000000,4.62000000,藏格矿业
2019-07-23,000408,1.79000000,1.80000000,2.04000000,1.63000000,130349,117744295.00000000,22.78000000,0.00000000,0.00000000,2.92000000,藏格矿业
2019-07-24,000408,1.79000000,1.85000000,2.00000000,1.70000000,102566,92958506.00000000,16.67000000,2.78000000,0.05000000,2.30000000,藏格矿业
2019-07-25,000408,1.77000000,1.73000000,1.87000000,1.71000000,72601,65100693.00000000,8.65000000,-6.49000000,-0.12000000,1.63000000,藏格矿业
2019-07-26,000408,1.64000000,1.88000000,2.03000000,1.64000000,163263,149354228.00000000,22.54000000,8.67000000,0.15000000,3.66000000,藏格矿业
2019-07-29,000408,1.98000000,2.24000000,2.37000000,1.90000000,191213,179739669.00000000,25.00000000,19.15000000,0.36000000,4.28000000,藏格矿业
2019-07-30,000408,2.19000000,2.25000000,2.40000000,2.08000000,108988,103047925.00000000,14.29000000,0.45000000,0.01000000,2.44000000,藏格矿业
2019-07-31,000408,2.28000000,2.76000000,3.04000000,2.18000000,165242,161028695.00000000,38.22000000,22.67000000,0.51000000,3.70000000,藏格矿业
2019-08-01,000408,2.63000000,3.19000000,3.44000000,2.51000000,254553,261586004.00000000,33.70000000,15.58000000,0.43000000,5.70000000,藏格矿业
2019-08-02,000408,2.99000000,3.19000000,3.39000000,2.89000000,203471,211062476.00000000,15.67000000,0.00000000,0.00000000,4.56000000,藏格矿业
2019-08-05,000408,3.07000000,2.71000000,3.26000000,2.41000000,198489,199943214.00000000,26.65000000,-15.05000000,-0.48000000,4.44000000,藏格矿业
2019-08-06,000408,2.48000000,2.19000000,2.48000000,1.81000000,222625,207983913.00000000,24.72000000,-19.19000000,-0.52000000,4.98000000,藏格矿业
2019-08-07,000408,2.28000000,2.10000000,2.56000000,2.04000000,102553,97595881.00000000,23.74000000,-4.11000000,-0.09000000,2.30000000,藏格矿业
2019-08-08,000408,1.99000000,2.18000000,2.34000000,1.95000000,85993,80691344.00000000,18.57000000,3.81000000,0.08000000,1.93000000,藏格矿业
2019-08-09,000408,2.24000000,1.89000000,2.30000000,1.83000000,83568,77042704.00000000,21.56000000,-13.30000000,-0.29000000,1.87000000,藏格矿业
2019-08-12,000408,2.02000000,2.25000000,2.27000000,1.85000000,68771,63764676.00000000,22.22000000,19.05000000,0.36000000,1.54000000,藏格矿业
2019-08-13,000408,2.08000000,2.60000000,2.65000000,2.07000000,111162,107607876.00000000,25.78000000,15.56000000,0.35000000,2.49000000,藏格矿业
2019-08-14,000408,2.60000000,2.56000000,2.86000000,2.48000000,99962,98289646.00000000,14.62000000,-1.54000000,-0.04000000,2.24000000,藏格矿业
2019-08-15,000408,2.36000000,2.59000000,2.64000000,2.23000000,79216,76524866.00000000,16.02000000,1.17000000,0.03000000,1.77000000,藏格矿业
2019-08-16,000408,2.65000000,2.52000000,2.74000000,2.50000000,71968,70533831.00000000,9.27000000,-2.70000000,-0.07000000,1.61000000,藏格矿业
2019-08-19,000408,2.69000000,2.64000000,2.73000000,2.43000000,87056,85438651.00000000,11.90000000,4.76000000,0.12000000,1.95000000,藏格矿业
2019-08-20,000408,2.58000000,2.55000000,2.63000000,2.46000000,58356,56824916.00000000,6.44000000,-3.41000000,-0.09000000,1.31000000,藏格矿业
2019-08-21,000408,2.44000000,1.99000000,2.55000000,1.79000000,127018,118839539.00000000,29.80000000,-21.96000000,-0.56000000,2.84000000,藏格矿业
2019-08-22,000408,2.06000000,2.05000000,2.17000000,1.99000000,52588,48782310.00000000,9.05000000,3.02000000,0.06000000,1.13000000,藏格矿业
2019-08-23,000408,2.04000000,1.60000000,2.06000000,1.60000000,95220,86026541.00000000,22.44000000,-21.95000000,-0.45000000,2.05000000,藏格矿业
2019-08-26,000408,1.37000000,1.76000000,1.87000000,1.37000000,81235,71773351.00000000,31.25000000,10.00000000,0.16000000,1.75000000,藏格矿业
2019-08-27,000408,1.85000000,1.75000000,1.89000000,1.71000000,59665,53737283.00000000,10.23000000,-0.57000000,-0.01000000,1.28000000,藏格矿业
2019-08-28,000408,1.82000000,1.68000000,1.82000000,1.59000000,45562,40433563.00000000,13.14000000,-4.00000000,-0.07000000,0.98000000,藏格矿业
2019-08-29,000408,1.63000000,1.42000000,1.64000000,1.41000000,75599,65871788.00000000,13.69000000,-15.48000000,-0.26000000,1.63000000,藏格矿业
2019-08-30,000408,1.42000000,1.43000000,1.61000000,1.38000000,49531,43151519.00000000,16.20000000,0.70000000,0.01000000,1.07000000,藏格矿业
2019-09-02,000408,1.39000000,1.45000000,1.61000000,1.32000000,66530,57828734.00000000,20.28000000,1.40000000,0.02000000,1.43000000,藏格矿业
2019-09-03,000408,1.45000000,1.32000000,1.52000000,1.02000000,89744,76690360.00000000,34.48000000,-8.97000000,-0.13000000,1.93000000,藏格矿业
2019-09-04,000408,1.33000000,1.32000000,1.43000000,1.23000000,61733,52815131.00000000,15.15000000,0.00000000,0.00000000,1.33000000,藏格矿业
2019-09-05,000408,1.35000000,1.65000000,1.92000000,1.31000000,129712,114508282.00000000,46.21000000,25.00000000,0.33000000,2.79000000,藏格矿业
2019-09-06,000408,1.69000000,1.71000000,1.81000000,1.60000000,55338,49259532.00000000,12.73000000,3.64000000,0.06000000,1.19000000,藏格矿业
2019-09-09,000408,1.78000000,1.81000000,1.88000000,1.67000000,73889,66434820.00000000,12.28000000,5.85000000,0.10000000,1.59000000,藏格矿业
2019-09-10,000408,1.79000000,1.82000000,1.82000000,1.59000000,72180,64487504.00000000,12.71000000,0.55000000,0.01000000,1.55000000,藏格矿业
2019-09-11,000408,1.77000000,2.45000000,2.47000000,1.77000000,180056,169798572.00000000,38.46000000,34.62000000,0.63000000,3.88000000,藏格矿业
2019-09-12,000408,2.39000000,2.25000000,2.41000000,2.21000000,105403,100140859.00000000,8.16000000,-8.16000000,-0.20000000,2.27000000,藏格矿业
2019-09-16,000408,2.27000000,2.25000000,2.44000000,2.23000000,68925,65705938.00000000,9.33000000,0.00000000,0.00000000,1.48000000,藏格矿业
2019-09-17,000408,2.26000000,2.22000000,2.45000000,2.12000000,85341,80854019.00000000,14.67000000,-1.33000000,-0.03000000,1.84000000,藏格矿业
2019-09-18,000408,2.19000000,2.04000000,2.27000000,2.01000000,55679,51887996.00000000,11.71000000,-8.11000000,-0.18000000,1.20000000,藏格矿业
2019-09-19,000408,2.05000000,2.05000000,2.13000000,1.96000000,46833,43289154.00000000,8.33000000,0.49000000,0.01000000,1.01000000,藏格矿业
2019-09-20,000408,2.04000000,2.02000000,2.38000000,2.01000000,117143,110408310.00000000,18.05000000,-1.46000000,-0.03000000,2.52000000,藏格矿业
2019-09-23,000408,2.11000000,1.82000000,2.14000000,1.67000000,101985,92277336.00000000,23.27000000,-9.90000000,-0.20000000,2.20000000,藏格矿业
2019-09-24,000408,1.80000000,1.70000000,1.90000000,1.65000000,53071,47667704.00000000,13.74000000,-6.59000000,-0.12000000,1.14000000,藏格矿业
2019-09-25,000408,1.74000000,1.47000000,1.74000000,1.44000000,51733,45287077.00000000,17.65000000,-13.53000000,-0.23000000,1.11000000,藏格矿业
2019-09-26,000408,1.51000000,1.35000000,1.57000000,1.24000000,43805,37731782.00000000,22.45000000,-8.16000000,-0.12000000,0.94000000,藏格矿业
2019-09-27,000408,1.24000000,1.35000000,1.39000000,1.24000000,36017,30782344.00000000,11.11000000,0.00000000,0.00000000,0.78000000,藏格矿业
2019-09-30,000408,1.37000000,1.26000000,1.43000000,1.19000000,29598,25170703.00000000,17.78000000,-6.67000000,-0.09000000,0.64000000,藏格矿业
2019-10-08,000408,1.27000000,1.26000000,1.37000000,1.20000000,23980,20354937.00000000,13.49000000,0.00000000,0.00000000,0.52000000,藏格矿业
2019-10-09,000408,1.28000000,1.51000000,1.55000000,1.01000000,47553,40252979.00000000,42.86000000,19.84000000,0.25000000,1.02000000,藏格矿业
2019-10-10,000408,1.51000000,1.66000000,1.83000000,1.43000000,54367,48315960.00000000,26.49000000,9.93000000,0.15000000,1.17000000,藏格矿业
2019-10-11,000408,1.69000000,1.61000000,1.78000000,1.61000000,31164,27699513.00000000,10.24000000,-3.01000000,-0.05000000,0.67000000,藏格矿业
2019-10-14,000408,1.69000000,1.68000000,1.81000000,1.61000000,49608,44193610.00000000,12.42000000,4.35000000,0.07000000,1.07000000,藏格矿业
2019-10-15,000408,1.59000000,1.39000000,1.59000000,1.37000000,49810,43218907.00000000,13.10000000,-17.26000000,-0.29000000,1.07000000,藏格矿业
2019-10-16,000408,1.40000000,1.43000000,1.59000000,1.39000000,47451,41260014.00000000,14.39000000,2.88000000,0.04000000,1.02000000,藏格矿业
2019-10-17,000408,1.51000000,1.39000000,1.51000000,1.13000000,46343,39560399.00000000,26.57000000,-2.80000000,-0.04000000,1.00000000,藏格矿业
2019-10-18,000408,1.41000000,1.19000000,1.44000000,1.13000000,38768,32756746.00000000,22.30000000,-14.39000000,-0.20000000,0.83000000,藏格矿业
2019-10-21,000408,1.19000000,1.23000000,1.29000000,1.00000000,24273,20383261.00000000,24.37000000,3.36000000,0.04000000,0.52000000,藏格矿业
2019-10-22,000408,1.27000000,1.21000000,1.27000000,1.13000000,17475,14686082.00000000,11.38000000,-1.63000000,-0.02000000,0.38000000,藏格矿业
2019-10-23,000408,1.21000000,1.11000000,1.23000000,1.09000000,17559,14688218.00000000,11.57000000,-8.26000000,-0.10000000,0.38000000,藏格矿业
2019-10-24,000408,1.28000000,1.59000000,1.79000000,1.24000000,70682,61833381.00000000,49.55000000,43.24000000,0.48000000,1.52000000,藏格矿业
2019-10-25,000408,1.59000000,1.53000000,1.59000000,1.42000000,35381,30768496.00000000,10.69000000,-3.77000000,-0.06000000,0.76000000,藏格矿业
2019-10-28,000408,1.50000000,1.54000000,1.64000000,1.50000000,38972,34184170.00000000,9.15000000,0.65000000,0.01000000,0.84000000,藏格矿业
2019-10-29,000408,1.58000000,1.58000000,1.68000000,1.53000000,28336,24992882.00000000,9.74000000,2.60000000,0.04000000,0.61000000,藏格矿业
2019-10-30,000408,1.57000000,1.55000000,1.58000000,1.42000000,32767,28487735.00000000,10.13000000,-1.90000000,-0.03000000,0.71000000,藏格矿业
2019-10-31,000408,1.53000000,1.42000000,1.56000000,1.42000000,34365,29863127.00000000,9.03000000,-8.39000000,-0.13000000,0.74000000,藏格矿业
2019-11-01,000408,1.39000000,1.68000000,1.71000000,1.29000000,55358,48851639.00000000,29.58000000,18.31000000,0.26000000,1.19000000,藏格矿业
2019-11-04,000408,1.68000000,1.80000000,1.84000000,1.64000000,64771,58263490.00000000,11.90000000,7.14000000,0.12000000,1.39000000,藏格矿业
2019-11-05,000408,1.85000000,1.81000000,1.86000000,1.72000000,40143,36184296.00000000,7.78000000,0.56000000,0.01000000,0.86000000,藏格矿业
2019-11-06,000408,1.80000000,1.74000000,1.82000000,1.71000000,29627,26593898.00000000,6.08000000,-3.87000000,-0.07000000,0.64000000,藏格矿业
2019-11-07,000408,1.74000000,1.60000000,1.78000000,1.54000000,57795,51096135.00000000,13.79000000,-8.05000000,-0.14000000,1.24000000,藏格矿业
2019-11-08,000408,1.67000000,1.55000000,1.69000000,1.49000000,36481,32049554.00000000,12.50000000,-3.13000000,-0.05000000,0.79000000,藏格矿业
2019-11-11,000408,1.38000000,1.15000000,1.46000000,1.13000000,44051,37394975.00000000,21.29000000,-25.81000000,-0.40000000,0.95000000,藏格矿业
2019-11-12,000408,1.12000000,1.04000000,1.20000000,1.02000000,36226,30016782.00000000,15.65000000,-9.57000000,-0.11000000,0.78000000,藏格矿业
2019-11-13,000408,1.06000000,1.12000000,1.30000000,1.04000000,37022,31077280.00000000,25.00000000,7.69000000,0.08000000,0.78000000,藏格矿业
2019-11-14,000408,1.05000000,1.10000000,1.20000000,1.04000000,18220,15134738.00000000,14.29000000,-1.79000000,-0.02000000,0.38000000,藏格矿业
2019-11-15,000408,1.17000000,0.97000000,1.17000000,0.89000000,30930,25317672.00000000,25.45000000,-11.82000000,-0.13000000,0.65000000,藏格矿业
2019-11-18,000408,1.07000000,0.91000000,1.08000000,0.86000000,20093,16426487.00000000,22.68000000,-6.19000000,-0.06000000,0.42000000,藏格矿业
2019-11-19,000408,0.95000000,1.13000000,1.13000000,0.88000000,26768,22051360.00000000,27.47000000,24.18000000,0.22000000,0.57000000,藏格矿业
2019-11-20,000408,1.06000000,1.03000000,1.14000000,1.01000000,18325,15154497.00000000,11.50000000,-8.85000000,-0.10000000,0.39000000,藏格矿业
2019-11-21,000408,1.08000000,1.00000000,1.08000000,0.93000000,13335,10919298.00000000,14.56000000,-2.91000000,-0.03000000,0.28000000,藏格矿业
2019-11-22,000408,0.97000000,0.94000000,1.05000000,0.93000000,25096,20565092.00000000,12.00000000,-6.00000000,-0.06000000,0.53000000,藏格矿业
2019-11-25,000408,1.14000000,1.31000000,1.34000000,0.91000000,46325,38763778.00000000,45.74000000,39.36000000,0.37000000,0.98000000,藏格矿业
2019-11-26,000408,1.34000000,1.47000000,1.52000000,1.33000000,64394,55807882.00000000,14.50000000,12.21000000,0.16000000,1.36000000,藏格矿业
2019-11-27,000408,1.48000000,1.36000000,1.48000000,1.34000000,22437,19310723.00000000,9.52000000,-7.48000000,-0.11000000,0.47000000,藏格矿业
2019-11-28,000408,1.41000000,1.46000000,1.53000000,1.35000000,21186,18347252.00000000,13.24000000,7.35000000,0.10000000,0.45000000,藏格矿业
2019-11-29,000408,1.50000000,1.46000000,1.51000000,1.36000000,16652,14364738.00000000,10.27000000,0.00000000,0.00000000,0.35000000,藏格矿业
2019-12-02,000408,1.48000000,1.64000000,1.68000000,1.42000000,40408,35412968.00000000,17.81000000,12.33000000,0.18000000,0.85000000,藏格矿业
2019-12-03,000408,1.67000000,1.35000000,1.68000000,1.31000000,40982,35449775.00000000,22.56000000,-17.68000000,-0.29000000,0.87000000,藏格矿业
2019-12-04,000408,1.37000000,1.12000000,1.41000000,1.09000000,44275,37303830.00000000,23.70000000,-17.04000000,-0.23000000,0.94000000,藏格矿业
2019-12-05,000408,1.18000000,1.06000000,1.18000000,0.98000000,35521,29342359.00000000,17.86000000,-5.36000000,-0.06000000,0.75000000,藏格矿业
2019-12-06,000408,1.04000000,0.99000000,1.07000000,0.89000000,37848,31022429.00000000,16.98000000,-6.60000000,-0.07000000,0.80000000,藏格矿业
2019-12-09,000408,0.99000000,0.93000000,1.04000000,0.89000000,50486,41182654.00000000,15.15000000,-6.06000000,-0.06000000,1.07000000,藏格矿业
2019-12-10,000408,0.92000000,0.69000000,0.92000000,0.55000000,82318,65195482.00000000,39.78000000,-25.81000000,-0.24000000,1.74000000,藏格矿业
2019-12-11,000408,0.75000000,0.47000000,0.75000000,0.39000000,70907,54963538.00000000,52.17000000,-31.88000000,-0.22000000,1.50000000,藏格矿业
2019-12-12,000408,0.51000000,0.49000000,0.66000000,0.45000000,87738,68051608.00000000,44.68000000,4.26000000,0.02000000,1.85000000,藏格矿业
2019-12-13,000408,0.49000000,-0.07000000,0.55000000,-0.28000000,240915,173272306.00000000,169.39000000,-114.29000000,-0.56000000,5.09000000,藏格矿业
2019-12-16,000408,-0.03000000,-0.09000000,-0.03000000,-0.19000000,115278,81657573.00000000,-228.57000000,-28.57000000,-0.02000000,2.43000000,藏格矿业
2019-12-17,000408,-0.10000000,0.04000000,0.06000000,-0.14000000,135486,97178268.00000000,-222.22000000,144.44000000,0.13000000,2.86000000,藏格矿业
2019-12-18,000408,0.04000000,0.34000000,0.47000000,-0.03000000,149504,110290130.00000000,1250.00000000,750.00000000,0.30000000,3.16000000,藏格矿业
2019-12-19,000408,0.27000000,0.29000000,0.39000000,0.22000000,71927,53947407.00000000,50.00000000,-14.71000000,-0.05000000,1.52000000,藏格矿业
2019-12-20,000408,0.31000000,0.08000000,0.32000000,0.07000000,70152,51884774.00000000,86.21000000,-72.41000000,-0.21000000,1.48000000,藏格矿业
2019-12-23,000408,0.10000000,-0.12000000,0.10000000,-0.15000000,57765,41331482.00000000,312.50000000,-250.00000000,-0.20000000,1.22000000,藏格矿业
2019-12-24,000408,-0.11000000,0.15000000,0.19000000,-0.14000000,69883,50406940.00000000,-275.00000000,225.00000000,0.27000000,1.48000000,藏格矿业
2019-12-25,000408,0.12000000,0.04000000,0.12000000,-0.06000000,61339,44278016.00000000,120.00000000,-73.33000000,-0.11000000,1.30000000,藏格矿业
2019-12-26,000408,0.02000000,-0.01000000,0.07000000,-0.06000000,49354,35591757.00000000,325.00000000,-125.00000000,-0.05000000,1.04000000,藏格矿业
2019-12-27,000408,-0.03000000,0.09000000,0.23000000,-0.04000000,88540,64793830.00000000,-2700.00000000,1000.00000000,0.10000000,1.87000000,藏格矿业
2019-12-30,000408,0.04000000,0.28000000,0.29000000,-0.03000000,103197,76494865.00000000,355.56000000,211.11000000,0.19000000,2.18000000,藏格矿业
2019-12-31,000408,0.21000000,0.17000000,0.31000000,0.10000000,71299,52655604.00000000,75.00000000,-39.29000000,-0.11000000,1.51000000,藏格矿业
2020-01-02,000408,0.21000000,0.19000000,0.24000000,0.10000000,116161,85515664.00000000,82.35000000,11.76000000,0.02000000,2.45000000,藏格矿业
2020-01-03,000408,0.15000000,0.14000000,0.18000000,0.10000000,58013,42648979.00000000,42.11000000,-26.32000000,-0.05000000,1.23000000,藏格矿业
2020-01-06,000408,0.11000000,0.33000000,0.45000000,0.05000000,159975,119992608.00000000,285.71000000,135.71000000,0.19000000,3.38000000,藏格矿业
2020-01-07,000408,0.31000000,0.31000000,0.34000000,0.21000000,91193,68283133.00000000,39.39000000,-6.06000000,-0.02000000,1.93000000,藏格矿业
2020-01-08,000408,0.31000000,0.35000000,0.51000000,0.29000000,140671,106869648.00000000,70.97000000,12.90000000,0.04000000,2.97000000,藏格矿业
2020-01-09,000408,0.29000000,0.34000000,0.37000000,0.24000000,74997,56345787.00000000,37.14000000,-2.86000000,-0.01000000,1.58000000,藏格矿业
2020-01-10,000408,0.34000000,0.19000000,0.38000000,0.15000000,73318,54595479.00000000,67.65000000,-44.12000000,-0.15000000,1.55000000,藏格矿业
2020-01-13,000408,0.19000000,0.21000000,0.23000000,0.04000000,82175,60166114.00000000,100.00000000,10.53000000,0.02000000,1.74000000,藏格矿业
2020-01-14,000408,0.22000000,0.95000000,0.95000000,0.19000000,402305,319345616.00000000,361.90000000,352.38000000,0.74000000,8.50000000,藏格矿业
2020-01-15,000408,0.78000000,0.58000000,0.81000000,0.55000000,248277,195216883.00000000,27.37000000,-38.95000000,-0.37000000,5.24000000,藏格矿业
2020-01-16,000408,0.63000000,0.64000000,0.85000000,0.52000000,155227,122311395.00000000,56.90000000,10.34000000,0.06000000,3.28000000,藏格矿业
2020-01-17,000408,0.62000000,0.68000000,0.77000000,0.55000000,114938,90370576.00000000,34.38000000,6.25000000,0.04000000,2.43000000,藏格矿业
2020-01-20,000408,0.67000000,0.55000000,0.68000000,0.49000000,99178,76936707.00000000,27.94000000,-19.12000000,-0.13000000,2.09000000,藏格矿业
2020-01-21,000408,0.50000000,0.35000000,0.50000000,0.31000000,83635,63469923.00000000,34.55000000,-36.36000000,-0.20000000,1.77000000,藏格矿业
2020-01-22,000408,0.36000000,0.18000000,0.36000000,0.08000000,70523,52354398.00000000,80.00000000,-48.57000000,-0.17000000,1.49000000,藏格矿业
2020-01-23,000408,0.09000000,-0.18000000,0.16000000,-0.23000000,101341,72630496.00000000,216.67000000,-200.00000000,-0.36000000,2.14000000,藏格矿业
2020-02-03,000408,-0.88000000,-0.88000000,-0.88000000,-0.88000000,13723,8686659.00000000,0.00000000,-388.89000000,-0.70000000,0.29000000,藏格矿业
2020-02-04,000408,-1.51000000,-1.24000000,-0.97000000,-1.51000000,136194,81278266.00000000,-61.36000000,-40.91000000,-0.36000000,2.88000000,藏格矿业
2020-02-05,000408,-1.27000000,-1.15000000,-1.04000000,-1.27000000,86366,52485463.00000000,-18.55000000,7.26000000,0.09000000,1.82000000,藏格矿业
2020-02-06,000408,-1.15000000,-0.97000000,-0.93000000,-1.23000000,91695,56417440.00000000,-26.09000000,15.65000000,0.18000000,1.94000000,藏格矿业
2020-02-07,000408,-0.97000000,-1.00000000,-0.86000000,-1.07000000,65314,40642163.00000000,-21.65000000,-3.09000000,-0.03000000,1.38000000,藏格矿业
2020-02-10,000408,-1.02000000,-0.73000000,-0.69000000,-1.07000000,86121,55064530.00000000,-38.00000000,27.00000000,0.27000000,1.82000000,藏格矿业
2020-02-11,000408,-0.75000000,-0.74000000,-0.51000000,-0.77000000,99001,64932823.00000000,-35.62000000,-1.37000000,-0.01000000,2.09000000,藏格矿业
2020-02-12,000408,-0.75000000,-0.51000000,-0.46000000,-0.79000000,97401,64971458.00000000,-44.59000000,31.08000000,0.23000000,2.06000000,藏格矿业
2020-02-13,000408,-0.52000000,-0.44000000,-0.31000000,-0.58000000,104180,70671093.00000000,-52.94000000,13.73000000,0.07000000,2.20000000,藏格矿业
2020-02-14,000408,-0.48000000,-0.55000000,-0.44000000,-0.58000000,71813,47920778.00000000,-31.82000000,-25.00000000,-0.11000000,1.52000000,藏格矿业
2020-02-17,000408,-0.51000000,-0.39000000,-0.39000000,-0.55000000,78933,53425687.00000000,-29.09000000,29.09000000,0.16000000,1.67000000,藏格矿业
2020-02-18,000408,-0.38000000,-0.33000000,-0.26000000,-0.43000000,85601,58714023.00000000,-43.59000000,15.38000000,0.06000000,1.81000000,藏格矿业
2020-02-19,000408,-0.06000000,-0.12000000,0.16000000,-0.24000000,142913,101752768.00000000,-121.21000000,63.64000000,0.21000000,3.02000000,藏格矿业
2020-02-20,000408,-0.16000000,0.05000000,0.16000000,-0.19000000,142011,103003573.00000000,-291.67000000,141.67000000,0.17000000,3.00000000,藏格矿业
2020-02-21,000408,0.14000000,0.42000000,0.77000000,-0.09000000,216433,160712037.00000000,1720.00000000,740.00000000,0.37000000,4.57000000,藏格矿业
2020-02-24,000408,0.27000000,0.56000000,0.65000000,0.20000000,194328,149154691.00000000,107.14000000,33.33000000,0.14000000,4.10000000,藏格矿业
2020-02-25,000408,0.29000000,0.34000000,0.38000000,-0.14000000,192780,143326400.00000000,92.86000000,-39.29000000,-0.22000000,4.07000000,藏格矿业
2020-02-26,000408,0.14000000,0.06000000,0.28000000,0.02000000,115407,84975127.00000000,76.47000000,-82.35000000,-0.28000000,2.44000000,藏格矿业
2020-02-27,000408,0.10000000,0.11000000,0.16000000,-0.01000000,67234,49024531.00000000,283.33000000,83.33000000,0.05000000,1.42000000,藏格矿业
2020-02-28,000408,-0.16000000,-0.51000000,-0.03000000,-0.58000000,125396,87051021.00000000,500.00000000,-563.64000000,-0.62000000,2.65000000,藏格矿业
2020-03-02,000408,-0.50000000,-0.18000000,-0.16000000,-0.50000000,77016,53333879.00000000,-66.67000000,64.71000000,0.33000000,1.63000000,藏格矿业
2020-03-03,000408,-0.08000000,-0.22000000,0.04000000,-0.26000000,87946,62505603.00000000,-166.67000000,-22.22000000,-0.04000000,1.86000000,藏格矿业
2020-03-04,000408,-0.23000000,-0.18000000,-0.03000000,-0.29000000,73069,51382536.00000000,-118.18000000,18.18000000,0.04000000,1.54000000,藏格矿业
2020-03-05,000408,-0.15000000,-0.01000000,-0.01000000,-0.15000000,91573,65519914.00000000,-77.78000000,94.44000000,0.17000000,1.93000000,藏格矿业
2020-03-06,000408,-0.04000000,-0.11000000,-0.03000000,-0.15000000,77725,55269998.00000000,-1200.00000000,-1000.00000000,-0.10000000,1.64000000,藏格矿业
2020-03-09,000408,-0.21000000,-0.43000000,-0.20000000,-0.46000000,94499,65057822.00000000,-236.36000000,-290.91000000,-0.32000000,2.00000000,藏格矿业
2020-03-10,000408,-0.53000000,-0.44000000,-0.38000000,-0.78000000,99944,66521524.00000000,-93.02000000,-2.33000000,-0.01000000,2.11000000,藏格矿业
2020-03-11,000408,-0.39000000,-0.55000000,-0.39000000,-0.58000000,72620,48846277.00000000,-43.18000000,-25.00000000,-0.11000000,1.53000000,藏格矿业
2020-03-12,000408,-0.62000000,-0.79000000,-0.58000000,-0.83000000,67397,43693378.00000000,-45.45000000,-43.64000000,-0.24000000,1.42000000,藏格矿业
2020-03-13,000408,-1.14000000,-0.93000000,-0.87000000,-1.29000000,85573,52439814.00000000,-53.16000000,-17.72000000,-0.14000000,1.81000000,藏格矿业
2020-03-16,000408,-0.87000000,-1.17000000,-0.87000000,-1.22000000,79028,48677427.00000000,-37.63000000,-25.81000000,-0.24000000,1.67000000,藏格矿业
2020-03-17,000408,-1.21000000,-1.31000000,-1.07000000,-1.54000000,97113,56782585.00000000,-40.17000000,-11.97000000,-0.14000000,2.05000000,藏格矿业
2020-03-18,000408,-1.25000000,-1.42000000,-1.17000000,-1.45000000,58140,34501456.00000000,-21.37000000,-8.40000000,-0.11000000,1.23000000,藏格矿业
2020-03-19,000408,-1.46000000,-1.39000000,-1.35000000,-1.56000000,67342,38578090.00000000,-14.79000000,2.11000000,0.03000000,1.42000000,藏格矿业
2020-03-20,000408,-1.38000000,-1.39000000,-1.28000000,-1.43000000,61900,36176145.00000000,-10.79000000,0.00000000,0.00000000,1.31000000,藏格矿业
2020-03-23,000408,-1.49000000,-1.75000000,-1.45000000,-1.81000000,74006,41417048.00000000,-25.90000000,-25.90000000,-0.36000000,1.56000000,藏格矿业
2020-03-24,000408,-1.66000000,-1.67000000,-1.60000000,-1.83000000,93609,51571497.00000000,-13.14000000,4.57000000,0.08000000,1.98000000,藏格矿业
2020-03-25,000408,-1.54000000,-1.48000000,-1.32000000,-1.58000000,92795,53209070.00000000,-15.57000000,11.38000000,0.19000000,1.96000000,藏格矿业
2020-03-26,000408,-1.51000000,-1.54000000,-1.46000000,-1.58000000,46808,26621707.00000000,-8.11000000,-4.05000000,-0.06000000,0.99000000,藏格矿业
2020-03-27,000408,-1.46000000,-1.46000000,-1.43000000,-1.56000000,54208,30947413.00000000,-8.44000000,5.19000000,0.08000000,1.14000000,藏格矿业
2020-03-30,000408,-1.56000000,-1.56000000,-1.50000000,-1.68000000,62414,35052380.00000000,-12.33000000,-6.85000000,-0.10000000,1.32000000,藏格矿业
2020-03-31,000408,-1.50000000,-1.28000000,-1.18000000,-1.55000000,94466,54943645.00000000,-23.72000000,17.95000000,0.28000000,2.00000000,藏格矿业
2020-04-01,000408,-1.29000000,-1.36000000,-1.18000000,-1.38000000,78699,46698785.00000000,-15.63000000,-6.25000000,-0.08000000,1.66000000,藏格矿业
2020-04-02,000408,-1.45000000,-1.33000000,-1.31000000,-1.47000000,52796,30792484.00000000,-11.76000000,2.21000000,0.03000000,1.12000000,藏格矿业
2020-04-03,000408,-1.31000000,-1.32000000,-1.21000000,-1.36000000,55939,33092378.00000000,-11.28000000,0.75000000,0.01000000,1.18000000,藏格矿业
2020-04-07,000408,-1.26000000,-1.12000000,-1.11000000,-1.26000000,99957,60352297.00000000,-11.36000000,15.15000000,0.20000000,2.11000000,藏格矿业
2020-04-08,000408,-1.15000000,-1.13000000,-1.05000000,-1.21000000,78145,47334421.00000000,-14.29000000,-0.89000000,-0.01000000,1.65000000,藏格矿业
2020-04-09,000408,-1.09000000,-1.19000000,-1.08000000,-1.19000000,76355,46319461.00000000,-9.73000000,-5.31000000,-0.06000000,1.61000000,藏格矿业
2020-04-10,000408,-1.15000000,-1.26000000,-1.12000000,-1.36000000,59560,35439029.00000000,-20.17000000,-5.88000000,-0.07000000,1.26000000,藏格矿业
2020-04-13,000408,-1.32000000,-1.48000000,-1.32000000,-1.52000000,69739,40229951.00000000,-15.87000000,-17.46000000,-0.22000000,1.47000000,藏格矿业
2020-04-14,000408,-1.44000000,-1.47000000,-1.44000000,-1.55000000,122243,69716345.00000000,-7.43000000,0.68000000,0.01000000,2.58000000,藏格矿业
2020-04-15,000408,-1.54000000,-1.45000000,-1.34000000,-1.57000000,100140,57602642.00000000,-15.65000000,1.36000000,0.02000000,2.11000000,藏格矿业
2020-04-16,000408,-1.50000000,-1.50000000,-1.47000000,-1.56000000,66838,38079178.00000000,-6.21000000,-3.45000000,-0.05000000,1.41000000,藏格矿业
2020-04-17,000408,-1.44000000,-1.50000000,-1.42000000,-1.51000000,60100,34494186.00000000,-6.00000000,0.00000000,0.00000000,1.27000000,藏格矿业
2020-04-20,000408,-1.50000000,-1.43000000,-1.34000000,-1.58000000,88314,50561524.00000000,-16.00000000,4.67000000,0.07000000,1.87000000,藏格矿业
2020-04-21,000408,-1.47000000,-1.38000000,-1.33000000,-1.47000000,67370,39076003.00000000,-9.79000000,3.50000000,0.05000000,1.42000000,藏格矿业
2020-04-22,000408,-1.41000000,-1.41000000,-1.32000000,-1.46000000,64732,37569512.00000000,-10.14000000,-2.17000000,-0.03000000,1.37000000,藏格矿业
2020-04-23,000408,-1.39000000,-1.35000000,-1.31000000,-1.43000000,82837,48355383.00000000,-8.51000000,4.26000000,0.06000000,1.75000000,藏格矿业
2020-04-24,000408,-1.38000000,-1.64000000,-1.37000000,-1.66000000,148010,83687891.00000000,-21.48000000,-21.48000000,-0.29000000,3.13000000,藏格矿业
2020-04-27,000408,-2.19000000,-2.20000000,-1.94000000,-2.20000000,117429,59036429.00000000,-15.85000000,-34.15000000,-0.56000000,2.48000000,藏格矿业
2020-04-28,000408,-2.70000000,-2.70000000,-2.52000000,-2.70000000,365153,166055283.00000000,-8.18000000,-22.73000000,-0.50000000,7.71000000,藏格矿业
2020-04-29,000408,-2.79000000,-2.87000000,-2.65000000,-2.92000000,327654,145242191.00000000,-10.00000000,-6.30000000,-0.17000000,6.92000000,藏格矿业
2020-05-06,000408,-3.09000000,-3.09000000,-3.09000000,-3.09000000,6840,2818080.00000000,0.00000000,-7.67000000,-0.22000000,0.14000000,藏格矿业
2020-05-07,000408,-3.30000000,-3.30000000,-3.30000000,-3.30000000,6952,2718232.00000000,0.00000000,-6.80000000,-0.21000000,0.15000000,藏格矿业
2020-05-08,000408,-3.50000000,-3.50000000,-3.44000000,-3.50000000,474971,176411485.00000000,-1.82000000,-6.06000000,-0.20000000,10.03000000,藏格矿业
2020-05-11,000408,-3.50000000,-3.43000000,-3.31000000,-3.55000000,366419,138065601.00000000,-6.86000000,2.00000000,0.07000000,7.74000000,藏格矿业
2020-05-12,000408,-3.46000000,-3.60000000,-3.43000000,-3.61000000,197987,72475819.00000000,-5.25000000,-4.96000000,-0.17000000,4.18000000,藏格矿业
2020-05-13,000408,-3.64000000,-3.56000000,-3.54000000,-3.66000000,88672,32150697.00000000,-3.33000000,1.11000000,0.04000000,1.87000000,藏格矿业
2020-05-14,000408,-3.38000000,-3.38000000,-3.38000000,-3.38000000,44314,16972426.00000000,0.00000000,5.06000000,0.18000000,0.94000000,藏格矿业
2020-05-15,000408,-3.19000000,-3.19000000,-3.19000000,-3.19000000,6519,2620638.00000000,0.00000000,5.62000000,0.19000000,0.14000000,藏格矿业
2020-05-18,000408,-2.99000000,-2.99000000,-2.99000000,-2.99000000,8602,3630044.00000000,0.00000000,6.27000000,0.20000000,0.18000000,藏格矿业
2020-05-19,000408,-2.78000000,-2.78000000,-2.78000000,-2.78000000,4789,2121527.00000000,0.00000000,7.02000000,0.21000000,0.10000000,藏格矿业
2020-05-20,000408,-2.56000000,-2.64000000,-2.56000000,-2.76000000,451923,207431989.00000000,-7.19000000,5.04000000,0.14000000,9.54000000,藏格矿业
2020-05-21,000408,-2.66000000,-2.41000000,-2.41000000,-2.79000000,170831,78879135.00000000,-14.39000000,8.71000000,0.23000000,3.61000000,藏格矿业
2020-05-22,000408,-2.34000000,-2.26000000,-2.17000000,-2.49000000,186949,91995174.00000000,-13.28000000,6.22000000,0.15000000,3.95000000,藏格矿业
2020-05-25,000408,-2.23000000,-2.33000000,-2.15000000,-2.35000000,110132,54275028.00000000,-8.85000000,-3.10000000,-0.07000000,2.33000000,藏格矿业
2020-05-26,000408,-2.35000000,-2.51000000,-2.33000000,-2.54000000,128800,61260911.00000000,-9.01000000,-7.73000000,-0.18000000,2.72000000,藏格矿业
2020-05-27,000408,-2.31000000,-2.27000000,-2.27000000,-2.35000000,43071,21168509.00000000,-3.19000000,9.56000000,0.24000000,0.91000000,藏格矿业
2020-05-28,000408,-2.02000000,-2.03000000,-2.02000000,-2.10000000,185083,95938615.00000000,-3.52000000,10.57000000,0.24000000,3.91000000,藏格矿业
2020-05-29,000408,-2.03000000,-1.77000000,-1.77000000,-2.15000000,112229,60155830.00000000,-18.72000000,12.81000000,0.26000000,2.37000000,藏格矿业
2020-06-01,000408,-1.55000000,-1.50000000,-1.50000000,-1.69000000,91731,51760096.00000000,-10.73000000,15.25000000,0.27000000,1.94000000,藏格矿业
2020-06-02,000408,-1.22000000,-1.21000000,-1.21000000,-1.30000000,115792,69346492.00000000,-6.00000000,19.33000000,0.29000000,2.45000000,藏格矿业
2020-06-03,000408,-0.93000000,-0.91000000,-0.91000000,-0.99000000,59884,37662957.00000000,-6.61000000,24.79000000,0.30000000,1.26000000,藏格矿业
2020-06-04,000408,-0.59000000,-0.59000000,-0.59000000,-0.60000000,28274,18715553.00000000,-1.10000000,35.16000000,0.32000000,0.60000000,藏格矿业
2020-06-05,000408,-0.26000000,-0.92000000,-0.26000000,-0.92000000,243300,159070852.00000000,-111.86000000,-55.93000000,-0.33000000,5.14000000,藏格矿业
2020-06-08,000408,-0.75000000,-1.23000000,-0.75000000,-1.23000000,86690,53157219.00000000,-52.17000000,-33.70000000,-0.31000000,1.83000000,藏格矿业
2020-06-09,000408,-1.53000000,-1.02000000,-0.93000000,-1.53000000,257332,152006897.00000000,-48.78000000,17.07000000,0.21000000,5.43000000,藏格矿业
2020-06-10,000408,-1.17000000,-1.31000000,-1.11000000,-1.33000000,184438,109647443.00000000,-21.57000000,-28.43000000,-0.29000000,3.90000000,藏格矿业
2020-06-11,000408,-1.41000000,-1.37000000,-1.18000000,-1.41000000,60341,35735511.00000000,-17.56000000,-4.58000000,-0.06000000,1.27000000,藏格矿业
2020-06-12,000408,-1.54000000,-1.54000000,-1.42000000,-1.66000000,88348,49662984.00000000,-17.52000000,-12.41000000,-0.17000000,1.87000000,藏格矿业
2020-06-15,000408,-1.55000000,-1.82000000,-1.55000000,-1.82000000,94825,51803693.00000000,-17.53000000,-18.18000000,-0.28000000,2.00000000,藏格矿业
2020-06-16,000408,-1.81000000,-1.73000000,-1.66000000,-2.02000000,131048,70075842.00000000,-19.78000000,4.95000000,0.09000000,2.77000000,藏格矿业
2020-06-17,000408,-1.81000000,-1.87000000,-1.74000000,-1.89000000,53692,28846360.00000000,-8.67000000,-8.09000000,-0.14000000,1.13000000,藏格矿业
2020-06-18,000408,-1.86000000,-1.79000000,-1.74000000,-1.87000000,34602,18708300.00000000,-6.95000000,4.28000000,0.08000000,0.73000000,藏格矿业
2020-06-19,000408,-1.76000000,-1.52000000,-1.52000000,-1.83000000,64573,36481595.00000000,-17.32000000,15.08000000,0.27000000,1.36000000,藏格矿业
2020-06-22,000408,-1.51000000,-1.34000000,-1.24000000,-1.51000000,129051,75265421.00000000,-17.76000000,11.84000000,0.18000000,2.73000000,藏格矿业
2020-06-23,000408,-1.38000000,-1.40000000,-1.26000000,-1.43000000,58039,33889325.00000000,-12.69000000,-4.48000000,-0.06000000,1.23000000,藏格矿业
2020-06-24,000408,-1.36000000,-1.41000000,-1.29000000,-1.41000000,38574,22532416.00000000,-8.57000000,-0.71000000,-0.01000000,0.81000000,藏格矿业
2020-06-29,000408,-1.22000000,-1.12000000,-1.12000000,-1.36000000,79513,48089650.00000000,-17.02000000,20.57000000,0.29000000,1.68000000,藏格矿业
2020-06-30,000408,-0.82000000,-0.82000000,-0.82000000,-1.11000000,22377,14283406.00000000,-25.89000000,26.79000000,0.30000000,0.47000000,藏格矿业
2020-07-01,000408,-0.50000000,-0.97000000,-0.50000000,-1.01000000,161799,105173184.00000000,-62.20000000,-18.29000000,-0.15000000,3.42000000,藏格矿业
2020-07-02,000408,-1.01000000,-0.87000000,-0.73000000,-1.01000000,70882,44872608.00000000,-28.87000000,10.31000000,0.10000000,1.50000000,藏格矿业
2020-07-03,000408,-0.87000000,-0.99000000,-0.79000000,-1.05000000,71648,44849602.00000000,-29.89000000,-13.79000000,-0.12000000,1.51000000,藏格矿业
2020-07-06,000408,-0.95000000,-0.98000000,-0.88000000,-1.03000000,101439,63261895.00000000,-15.15000000,1.01000000,0.01000000,2.14000000,藏格矿业
2020-07-07,000408,-0.93000000,-1.03000000,-0.93000000,-1.05000000,77843,48271446.00000000,-12.24000000,-5.10000000,-0.05000000,1.64000000,藏格矿业
2020-07-08,000408,-1.03000000,-1.08000000,-0.98000000,-1.21000000,86079,52449935.00000000,-22.33000000,-4.85000000,-0.05000000,1.82000000,藏格矿业
2020-07-09,000408,-1.04000000,-1.04000000,-0.97000000,-1.11000000,96731,59504888.00000000,-12.96000000,3.70000000,0.04000000,2.04000000,藏格矿业
2020-07-10,000408,-0.96000000,-0.73000000,-0.73000000,-1.03000000,115031,74013291.00000000,-28.85000000,29.81000000,0.31000000,2.43000000,藏格矿业
2020-07-13,000408,-0.64000000,-0.43000000,-0.41000000,-0.78000000,146698,97656440.00000000,-50.68000000,41.10000000,0.30000000,3.10000000,藏格矿业
2020-07-14,000408,-0.42000000,-0.44000000,-0.13000000,-0.64000000,152799,103956531.00000000,-118.60000000,-2.33000000,-0.01000000,3.23000000,藏格矿业
2020-07-15,000408,-0.43000000,-0.66000000,-0.28000000,-0.66000000,107986,72242335.00000000,-86.36000000,-50.00000000,-0.22000000,2.28000000,藏格矿业
2020-07-16,000408,-0.70000000,-0.79000000,-0.48000000,-0.79000000,83743,54988187.00000000,-46.97000000,-19.70000000,-0.13000000,1.77000000,藏格矿业
2020-07-17,000408,-0.75000000,-0.72000000,-0.56000000,-0.81000000,63186,41135039.00000000,-31.65000000,8.86000000,0.07000000,1.33000000,藏格矿业
2020-07-20,000408,-0.75000000,-0.63000000,-0.53000000,-0.75000000,62056,40997045.00000000,-30.56000000,12.50000000,0.09000000,1.31000000,藏格矿业
2020-07-21,000408,-0.61000000,-0.51000000,-0.51000000,-0.67000000,63744,42267332.00000000,-25.40000000,19.05000000,0.12000000,1.35000000,藏格矿业
2020-07-22,000408,-0.51000000,-0.17000000,-0.17000000,-0.51000000,127749,89480793.00000000,-66.67000000,66.67000000,0.34000000,2.70000000,藏格矿业
2020-07-23,000408,-0.13000000,0.18000000,0.18000000,-0.17000000,246733,180901346.00000000,-205.88000000,205.88000000,0.35000000,5.21000000,藏格矿业
2020-07-24,000408,0.19000000,0.03000000,0.26000000,-0.01000000,133111,97122658.00000000,150.00000000,-83.33000000,-0.15000000,2.81000000,藏格矿业
2020-07-27,000408,0.26000000,0.39000000,0.39000000,0.26000000,75196,57032206.00000000,433.33000000,1200.00000000,0.36000000,1.59000000,藏格矿业
2020-07-28,000408,0.49000000,0.45000000,0.77000000,0.28000000,141928,109904111.00000000,125.64000000,15.38000000,0.06000000,3.00000000,藏格矿业
2020-07-29,000408,0.42000000,0.61000000,0.72000000,0.30000000,83597,65183752.00000000,93.33000000,35.56000000,0.16000000,1.77000000,藏格矿业
2020-07-30,000408,0.62000000,1.00000000,1.00000000,0.62000000,137296,111744893.00000000,62.30000000,63.93000000,0.39000000,2.90000000,藏格矿业
2020-07-31,000408,0.96000000,1.03000000,1.26000000,0.89000000,120961,99873135.00000000,37.00000000,3.00000000,0.03000000,2.55000000,藏格矿业
2020-08-03,000408,1.02000000,1.04000000,1.34000000,1.01000000,94629,79015261.00000000,32.04000000,0.97000000,0.01000000,2.00000000,藏格矿业
2020-08-04,000408,1.04000000,0.78000000,1.06000000,0.63000000,131418,105328736.00000000,41.35000000,-25.00000000,-0.26000000,2.78000000,藏格矿业
2020-08-05,000408,0.76000000,0.85000000,0.89000000,0.50000000,78319,61952623.00000000,50.00000000,8.97000000,0.07000000,1.65000000,藏格矿业
2020-08-06,000408,0.79000000,0.80000000,0.92000000,0.76000000,46360,37227422.00000000,18.82000000,-5.88000000,-0.05000000,0.98000000,藏格矿业
2020-08-07,000408,0.79000000,1.20000000,1.20000000,0.77000000,119617,100198908.00000000,53.75000000,50.00000000,0.40000000,2.53000000,藏格矿业
2020-08-10,000408,1.34000000,1.51000000,1.56000000,1.21000000,93283,80276807.00000000,29.17000000,25.83000000,0.31000000,1.97000000,藏格矿业
2020-08-11,000408,1.50000000,1.40000000,1.75000000,1.29000000,94736,82107370.00000000,30.46000000,-7.28000000,-0.11000000,2.00000000,藏格矿业
2020-08-12,000408,1.41000000,1.37000000,1.47000000,1.21000000,53054,45105915.00000000,18.57000000,-2.14000000,-0.03000000,1.12000000,藏格矿业
2020-08-13,000408,1.44000000,1.24000000,1.49000000,1.22000000,40918,34803741.00000000,19.71000000,-9.49000000,-0.13000000,0.86000000,藏格矿业
2020-08-14,000408,1.24000000,1.44000000,1.63000000,0.95000000,77980,66419258.00000000,54.84000000,16.13000000,0.20000000,1.65000000,藏格矿业
2020-08-17,000408,1.47000000,1.44000000,1.53000000,1.19000000,81156,69543972.00000000,23.61000000,0.00000000,0.00000000,1.71000000,藏格矿业
2020-08-18,000408,1.39000000,1.29000000,1.49000000,1.23000000,72221,61635153.00000000,18.06000000,-10.42000000,-0.15000000,1.53000000,藏格矿业
2020-08-19,000408,1.33000000,0.97000000,1.33000000,0.87000000,148358,121394659.00000000,35.66000000,-24.81000000,-0.32000000,3.13000000,藏格矿业
2020-08-20,000408,0.91000000,0.95000000,1.10000000,0.61000000,80539,65388054.00000000,50.52000000,-2.06000000,-0.02000000,1.70000000,藏格矿业
2020-08-21,000408,0.94000000,1.02000000,1.12000000,0.90000000,36482,30006413.00000000,23.16000000,7.37000000,0.07000000,0.77000000,藏格矿业
2020-08-24,000408,1.01000000,0.94000000,1.05000000,0.92000000,32665,26690890.00000000,12.75000000,-7.84000000,-0.08000000,0.69000000,藏格矿业
2020-08-25,000408,0.99000000,0.80000000,0.99000000,0.69000000,96913,77821694.00000000,31.91000000,-14.89000000,-0.14000000,2.05000000,藏格矿业
2020-08-26,000408,0.83000000,0.67000000,0.83000000,0.66000000,31304,24780966.00000000,21.25000000,-16.25000000,-0.13000000,0.66000000,藏格矿业
2020-08-27,000408,0.70000000,0.60000000,0.71000000,0.40000000,77805,60548202.00000000,46.27000000,-10.45000000,-0.07000000,1.64000000,藏格矿业
2020-08-28,000408,0.59000000,0.65000000,0.78000000,0.51000000,49575,39028743.00000000,45.00000000,8.33000000,0.05000000,1.05000000,藏格矿业
2020-08-31,000408,0.81000000,0.99000000,1.04000000,0.69000000,113964,93456624.00000000,53.85000000,52.31000000,0.34000000,2.41000000,藏格矿业
2020-09-01,000408,0.93000000,0.88000000,1.02000000,0.87000000,77922,63362109.00000000,15.15000000,-11.11000000,-0.11000000,1.65000000,藏格矿业
2020-09-02,000408,0.93000000,1.08000000,1.25000000,0.89000000,43345,35855699.00000000,40.91000000,22.73000000,0.20000000,0.92000000,藏格矿业
2020-09-03,000408,0.99000000,0.97000000,1.14000000,0.93000000,66739,54715090.00000000,19.44000000,-10.19000000,-0.11000000,1.41000000,藏格矿业
2020-09-04,000408,0.89000000,1.04000000,1.06000000,0.79000000,27820,22704254.00000000,27.84000000,7.22000000,0.07000000,0.59000000,藏格矿业
2020-09-07,000408,1.05000000,1.02000000,1.08000000,0.88000000,29705,24254196.00000000,19.23000000,-1.92000000,-0.02000000,0.63000000,藏格矿业
2020-09-08,000408,1.00000000,1.09000000,1.25000000,0.99000000,59361,49534915.00000000,25.49000000,6.86000000,0.07000000,1.25000000,藏格矿业
2020-09-09,000408,1.09000000,1.08000000,1.15000000,0.93000000,41794,34360385.00000000,20.18000000,-0.92000000,-0.01000000,0.88000000,藏格矿业
2020-09-10,000408,1.03000000,0.98000000,1.11000000,0.77000000,61831,50386622.00000000,31.48000000,-9.26000000,-0.10000000,1.31000000,藏格矿业
2020-09-11,000408,0.57000000,0.57000000,0.86000000,0.57000000,143261,111742801.00000000,29.59000000,-41.84000000,-0.41000000,3.03000000,藏格矿业
2020-09-14,000408,0.57000000,0.23000000,0.57000000,0.18000000,105716,79058076.00000000,68.42000000,-59.65000000,-0.34000000,2.23000000,藏格矿业
2020-09-15,000408,0.31000000,0.33000000,0.37000000,0.26000000,38489,28957015.00000000,47.83000000,43.48000000,0.10000000,0.81000000,藏格矿业
2020-09-16,000408,0.32000000,0.11000000,0.40000000,0.03000000,84306,62043825.00000000,112.12000000,-66.67000000,-0.22000000,1.78000000,藏格矿业
2020-09-17,000408,0.17000000,-0.08000000,0.17000000,-0.21000000,72807,51653143.00000000,345.45000000,-172.73000000,-0.19000000,1.54000000,藏格矿业
2020-09-18,000408,-0.19000000,-0.06000000,-0.06000000,-0.23000000,32848,23215406.00000000,-212.50000000,25.00000000,0.02000000,0.69000000,藏格矿业
2020-09-21,000408,-0.13000000,-0.06000000,0.05000000,-0.14000000,23005,16429217.00000000,-316.67000000,0.00000000,0.00000000,0.49000000,藏格矿业
2020-09-22,000408,-0.04000000,-0.07000000,0.10000000,-0.18000000,104736,74501610.00000000,-466.67000000,-16.67000000,-0.01000000,2.21000000,藏格矿业
2020-09-23,000408,-0.16000000,-0.06000000,0.05000000,-0.20000000,79336,56594400.00000000,-357.14000000,14.29000000,0.01000000,1.68000000,藏格矿业
2020-09-24,000408,-0.01000000,-0.06000000,-0.01000000,-0.17000000,29334,20794526.00000000,-266.67000000,0.00000000,0.00000000,0.62000000,藏格矿业
2020-09-25,000408,-0.06000000,-0.05000000,0.01000000,-0.11000000,32167,23020437.00000000,-200.00000000,16.67000000,0.01000000,0.68000000,藏格矿业
2020-09-28,000408,-0.06000000,-0.09000000,-0.05000000,-0.19000000,28349,20089537.00000000,-280.00000000,-80.00000000,-0.04000000,0.60000000,藏格矿业
2020-09-29,000408,-0.04000000,-0.19000000,-0.04000000,-0.29000000,50232,35294237.00000000,-277.78000000,-111.11000000,-0.10000000,1.06000000,藏格矿业
2020-09-30,000408,-0.18000000,-0.10000000,-0.09000000,-0.26000000,28391,20049300.00000000,-89.47000000,47.37000000,0.09000000,0.60000000,藏格矿业
2020-10-09,000408,-0.09000000,-0.07000000,-0.03000000,-0.15000000,25774,18348417.00000000,-120.00000000,30.00000000,0.03000000,0.54000000,藏格矿业
2020-10-12,000408,-0.07000000,-0.04000000,-0.03000000,-0.14000000,46849,33325116.00000000,-157.14000000,42.86000000,0.03000000,0.99000000,藏格矿业
2020-10-13,000408,-0.09000000,-0.10000000,-0.07000000,-0.14000000,16320,11591692.00000000,-175.00000000,-150.00000000,-0.06000000,0.34000000,藏格矿业
2020-10-14,000408,-0.08000000,-0.19000000,-0.08000000,-0.19000000,14922,10522778.00000000,-110.00000000,-90.00000000,-0.09000000,0.32000000,藏格矿业
2020-10-15,000408,-0.19000000,-0.17000000,-0.13000000,-0.23000000,11523,8100413.00000000,-52.63000000,10.53000000,0.02000000,0.24000000,藏格矿业
2020-10-16,000408,-0.14000000,-0.16000000,-0.14000000,-0.30000000,38730,27011084.00000000,-94.12000000,5.88000000,0.01000000,0.82000000,藏格矿业
2020-10-19,000408,-0.21000000,-0.18000000,-0.17000000,-0.31000000,21118,14735496.00000000,-87.50000000,-12.50000000,-0.02000000,0.45000000,藏格矿业
2020-10-20,000408,-0.25000000,-0.38000000,-0.25000000,-0.44000000,32229,22089899.00000000,-105.56000000,-111.11000000,-0.20000000,0.68000000,藏格矿业
2020-10-21,000408,-0.43000000,-0.71000000,-0.41000000,-0.72000000,58430,38320062.00000000,-81.58000000,-86.84000000,-0.33000000,1.23000000,藏格矿业
2020-10-22,000408,-0.47000000,-0.38000000,-0.38000000,-0.50000000,37457,25500623.00000000,-16.90000000,46.48000000,0.33000000,0.79000000,藏格矿业
2020-10-23,000408,-0.04000000,-0.04000000,-0.04000000,-0.04000000,7209,5168853.00000000,0.00000000,89.47000000,0.34000000,0.15000000,藏格矿业
2020-10-26,000408,0.08000000,0.32000000,0.32000000,0.08000000,97726,72823309.00000000,-600.00000000,900.00000000,0.36000000,2.06000000,藏格矿业
2020-10-27,000408,0.54000000,0.51000000,0.64000000,0.29000000,69316,53318987.00000000,109.38000000,59.38000000,0.19000000,1.46000000,藏格矿业
2020-10-28,000408,0.52000000,0.48000000,0.63000000,0.40000000,37576,28990550.00000000,45.10000000,-5.88000000,-0.03000000,0.79000000,藏格矿业
2020-10-29,000408,0.43000000,0.40000000,0.46000000,0.32000000,30222,22963048.00000000,29.17000000,-16.67000000,-0.08000000,0.64000000,藏格矿业
2020-10-30,000408,0.45000000,0.61000000,0.64000000,0.39000000,52348,40622542.00000000,62.50000000,52.50000000,0.21000000,1.11000000,藏格矿业
2020-11-02,000408,0.49000000,0.53000000,0.58000000,0.37000000,24047,18506613.00000000,34.43000000,-13.11000000,-0.08000000,0.51000000,藏格矿业
2020-11-03,000408,0.54000000,0.77000000,0.89000000,0.51000000,33363,26590237.00000000,71.70000000,45.28000000,0.24000000,0.70000000,藏格矿业
2020-11-04,000408,0.72000000,0.93000000,1.08000000,0.72000000,52991,43319986.00000000,46.75000000,20.78000000,0.16000000,1.12000000,藏格矿业
2020-11-05,000408,0.98000000,0.98000000,1.08000000,0.87000000,38099,31194738.00000000,22.58000000,5.38000000,0.05000000,0.80000000,藏格矿业
2020-11-06,000408,1.01000000,1.18000000,1.26000000,1.01000000,45815,38388987.00000000,25.51000000,20.41000000,0.20000000,0.97000000,藏格矿业
2020-11-09,000408,1.20000000,1.54000000,1.59000000,1.14000000,68874,59652516.00000000,38.14000000,30.51000000,0.36000000,1.45000000,藏格矿业
2020-11-10,000408,1.54000000,1.19000000,1.66000000,1.19000000,62873,54053807.00000000,30.52000000,-22.73000000,-0.35000000,1.33000000,藏格矿业
2020-11-11,000408,1.24000000,0.77000000,1.24000000,0.77000000,84473,68270603.00000000,39.50000000,-35.29000000,-0.42000000,1.78000000,藏格矿业
2020-11-12,000408,0.94000000,0.89000000,1.11000000,0.83000000,35125,28625015.00000000,36.36000000,15.58000000,0.12000000,0.74000000,藏格矿业
2020-11-13,000408,0.89000000,1.30000000,1.30000000,0.88000000,71673,59662398.00000000,47.19000000,46.07000000,0.41000000,1.51000000,藏格矿业
2020-11-16,000408,1.65000000,1.41000000,1.65000000,1.21000000,86081,74434109.00000000,33.85000000,8.46000000,0.11000000,1.82000000,藏格矿业
2020-11-17,000408,1.35000000,1.40000000,1.47000000,1.28000000,31662,27166733.00000000,13.48000000,-0.71000000,-0.01000000,0.67000000,藏格矿业
2020-11-18,000408,1.39000000,1.36000000,1.50000000,1.30000000,29731,25538011.00000000,14.29000000,-2.86000000,-0.04000000,0.63000000,藏格矿业
2020-11-19,000408,1.30000000,1.38000000,1.56000000,1.30000000,31184,26937431.00000000,19.12000000,1.47000000,0.02000000,0.66000000,藏格矿业
2020-11-20,000408,1.44000000,1.58000000,1.65000000,1.34000000,75873,66407094.00000000,22.46000000,14.49000000,0.20000000,1.60000000,藏格矿业
2020-11-23,000408,1.50000000,1.49000000,1.61000000,1.46000000,40570,35525419.00000000,9.49000000,-5.70000000,-0.09000000,0.86000000,藏格矿业
2020-11-24,000408,1.54000000,1.22000000,1.54000000,1.17000000,57235,48766581.00000000,24.83000000,-18.12000000,-0.27000000,1.21000000,藏格矿业
2020-11-25,000408,1.29000000,1.21000000,1.44000000,1.14000000,54040,46016203.00000000,24.59000000,-0.82000000,-0.01000000,1.14000000,藏格矿业
2020-11-26,000408,1.10000000,0.99000000,1.18000000,0.94000000,41409,34068402.00000000,19.83000000,-18.18000000,-0.22000000,0.87000000,藏格矿业
2020-11-27,000408,0.94000000,1.04000000,1.09000000,0.84000000,24111,19621228.00000000,25.25000000,5.05000000,0.05000000,0.51000000,藏格矿业
2020-11-30,000408,1.04000000,0.96000000,1.04000000,0.87000000,24062,19587386.00000000,16.35000000,-7.69000000,-0.08000000,0.51000000,藏格矿业
2020-12-01,000408,0.96000000,0.91000000,0.98000000,0.81000000,26589,21522629.00000000,17.71000000,-5.21000000,-0.05000000,0.56000000,藏格矿业
2020-12-02,000408,0.89000000,0.89000000,0.97000000,0.85000000,28305,22987137.00000000,13.19000000,-2.20000000,-0.02000000,0.60000000,藏格矿业
2020-12-03,000408,0.92000000,0.97000000,1.28000000,0.88000000,119051,99125141.00000000,44.94000000,8.99000000,0.08000000,2.51000000,藏格矿业
2020-12-04,000408,0.95000000,0.87000000,0.98000000,0.81000000,29419,23831520.00000000,17.53000000,-10.31000000,-0.10000000,0.62000000,藏格矿业
2020-12-07,000408,0.88000000,0.59000000,0.90000000,0.59000000,37462,29711507.00000000,35.63000000,-32.18000000,-0.28000000,0.79000000,藏格矿业
2020-12-08,000408,0.59000000,0.50000000,0.64000000,0.43000000,39220,30327435.00000000,35.59000000,-15.25000000,-0.09000000,0.83000000,藏格矿业
2020-12-09,000408,0.49000000,0.58000000,0.69000000,0.44000000,26214,20389895.00000000,50.00000000,16.00000000,0.08000000,0.55000000,藏格矿业
2020-12-10,000408,0.59000000,0.54000000,0.64000000,0.46000000,20399,15844398.00000000,31.03000000,-6.90000000,-0.04000000,0.43000000,藏格矿业
2020-12-11,000408,0.53000000,0.36000000,0.63000000,0.29000000,25578,19560222.00000000,62.96000000,-33.33000000,-0.18000000,0.54000000,藏格矿业
2020-12-14,000408,0.36000000,0.22000000,0.37000000,0.05000000,32601,24139989.00000000,88.89000000,-38.89000000,-0.14000000,0.69000000,藏格矿业
2020-12-15,000408,0.17000000,0.22000000,0.23000000,-0.10000000,29098,21100782.00000000,150.00000000,0.00000000,0.00000000,0.61000000,藏格矿业
2020-12-16,000408,0.24000000,0.20000000,0.30000000,0.13000000,21612,16052187.00000000,77.27000000,-9.09000000,-0.02000000,0.46000000,藏格矿业
2020-12-17,000408,0.22000000,0.21000000,0.24000000,0.05000000,18595,13739784.00000000,95.00000000,5.00000000,0.01000000,0.39000000,藏格矿业
2020-12-18,000408,0.24000000,0.43000000,0.49000000,0.15000000,44409,33634331.00000000,161.90000000,104.76000000,0.22000000,0.94000000,藏格矿业
2020-12-21,000408,0.52000000,0.81000000,0.81000000,0.51000000,138155,110601810.00000000,69.77000000,88.37000000,0.38000000,2.92000000,藏格矿业
2020-12-22,000408,0.68000000,0.41000000,0.69000000,0.41000000,83903,65151789.00000000,34.57000000,-49.38000000,-0.40000000,1.77000000,藏格矿业
2020-12-23,000408,0.37000000,0.28000000,0.49000000,0.25000000,26082,19754288.00000000,58.54000000,-31.71000000,-0.13000000,0.55000000,藏格矿业
2020-12-24,000408,0.28000000,0.35000000,0.39000000,0.25000000,17816,13394074.00000000,50.00000000,25.00000000,0.07000000,0.38000000,藏格矿业
2020-12-25,000408,0.35000000,0.47000000,0.56000000,0.30000000,18356,14039138.00000000,74.29000000,34.29000000,0.12000000,0.39000000,藏格矿业
2020-12-28,000408,0.34000000,0.25000000,0.44000000,0.21000000,31089,23305366.00000000,48.94000000,-46.81000000,-0.22000000,0.66000000,藏格矿业
2020-12-29,000408,0.31000000,0.29000000,0.42000000,0.22000000,29326,22098858.00000000,80.00000000,16.00000000,0.04000000,0.62000000,藏格矿业
2020-12-30,000408,0.29000000,0.43000000,0.55000000,0.28000000,34209,26081624.00000000,93.10000000,48.28000000,0.14000000,0.72000000,藏格矿业
2020-12-31,000408,0.39000000,0.80000000,0.81000000,0.39000000,80060,63393084.00000000,97.67000000,86.05000000,0.37000000,1.69000000,藏格矿业
2021-01-04,000408,0.79000000,0.70000000,1.00000000,0.67000000,75206,59964965.00000000,41.25000000,-12.50000000,-0.10000000,1.59000000,藏格矿业
2021-01-05,000408,0.79000000,0.78000000,0.89000000,0.63000000,63530,50534292.00000000,37.14000000,11.43000000,0.08000000,1.34000000,藏格矿业
2021-01-06,000408,0.76000000,0.67000000,0.81000000,0.64000000,42395,33612357.00000000,21.79000000,-14.10000000,-0.11000000,0.90000000,藏格矿业
2021-01-07,000408,0.79000000,0.75000000,0.86000000,0.63000000,80400,64112043.00000000,34.33000000,11.94000000,0.08000000,1.70000000,藏格矿业
2021-01-08,000408,0.79000000,0.55000000,0.86000000,0.52000000,61616,48495604.00000000,45.33000000,-26.67000000,-0.20000000,1.30000000,藏格矿业
2021-01-11,000408,0.55000000,0.37000000,0.61000000,0.35000000,50886,39112027.00000000,47.27000000,-32.73000000,-0.18000000,1.07000000,藏格矿业
2021-01-12,000408,0.37000000,0.39000000,0.48000000,0.26000000,24976,18869809.00000000,59.46000000,5.41000000,0.02000000,0.53000000,藏格矿业
2021-01-13,000408,0.47000000,0.71000000,0.77000000,0.33000000,95862,75909464.00000000,112.82000000,82.05000000,0.32000000,2.02000000,藏格矿业
2021-01-14,000408,0.73000000,0.50000000,0.73000000,0.50000000,40626,31686470.00000000,32.39000000,-29.58000000,-0.21000000,0.86000000,藏格矿业
2021-01-15,000408,0.40000000,0.58000000,0.69000000,0.40000000,31925,24824410.00000000,58.00000000,16.00000000,0.08000000,0.67000000,藏格矿业
2021-01-18,000408,0.59000000,0.44000000,0.63000000,0.42000000,46737,36051651.00000000,36.21000000,-24.14000000,-0.14000000,0.99000000,藏格矿业
2021-01-19,000408,0.45000000,0.39000000,0.54000000,0.36000000,24164,18410084.00000000,40.91000000,-11.36000000,-0.05000000,0.51000000,藏格矿业
2021-01-20,000408,0.47000000,0.48000000,0.59000000,0.40000000,34789,26843925.00000000,48.72000000,23.08000000,0.09000000,0.73000000,藏格矿业
2021-01-21,000408,0.44000000,0.71000000,0.85000000,0.40000000,100323,79471641.00000000,93.75000000,47.92000000,0.23000000,2.12000000,藏格矿业
2021-01-22,000408,0.71000000,1.05000000,1.11000000,0.59000000,138585,113476658.00000000,73.24000000,47.89000000,0.34000000,2.93000000,藏格矿业
2021-01-25,000408,1.29000000,1.46000000,1.46000000,1.19000000,262383,226868815.00000000,25.71000000,39.05000000,0.41000000,5.54000000,藏格矿业
2021-01-26,000408,1.89000000,1.89000000,1.89000000,1.89000000,11091,10092464.00000000,0.00000000,29.45000000,0.43000000,0.23000000,藏格矿业
2021-01-27,000408,2.35000000,2.35000000,2.35000000,2.01000000,473155,451267312.00000000,17.99000000,24.34000000,0.46000000,9.99000000,藏格矿业
2021-01-28,000408,2.35000000,2.46000000,2.83000000,2.12000000,567844,558947504.00000000,30.21000000,4.68000000,0.11000000,11.99000000,藏格矿业
2021-01-29,000408,2.31000000,1.98000000,2.44000000,1.98000000,193638,179742571.00000000,18.70000000,-19.51000000,-0.48000000,4.09000000,藏格矿业
2021-02-01,000408,1.59000000,1.56000000,2.14000000,1.52000000,221833,198052341.00000000,31.31000000,-21.21000000,-0.42000000,4.69000000,藏格矿业
2021-02-02,000408,1.65000000,1.81000000,1.84000000,1.17000000,209719,182631258.00000000,42.95000000,16.03000000,0.25000000,4.43000000,藏格矿业
2021-02-03,000408,1.71000000,1.72000000,2.07000000,1.54000000,237388,212422236.00000000,29.28000000,-4.97000000,-0.09000000,5.01000000,藏格矿业
2021-02-04,000408,1.69000000,1.67000000,1.72000000,1.31000000,146328,127668432.00000000,23.84000000,-2.91000000,-0.05000000,3.09000000,藏格矿业
2021-02-05,000408,1.79000000,1.26000000,1.94000000,1.23000000,154475,135099064.00000000,42.51000000,-24.55000000,-0.41000000,3.26000000,藏格矿业
2021-02-08,000408,1.11000000,0.98000000,1.14000000,0.85000000,124265,101610883.00000000,23.02000000,-22.22000000,-0.28000000,2.62000000,藏格矿业
2021-02-09,000408,0.84000000,0.85000000,1.04000000,0.70000000,113122,91520465.00000000,34.69000000,-13.27000000,-0.13000000,2.39000000,藏格矿业
2021-02-10,000408,0.89000000,1.07000000,1.21000000,0.87000000,111417,92162429.00000000,40.00000000,25.88000000,0.22000000,2.35000000,藏格矿业
2021-02-18,000408,1.35000000,1.48000000,1.48000000,1.32000000,165543,143463393.00000000,14.95000000,38.32000000,0.41000000,3.50000000,藏格矿业
2021-02-19,000408,1.49000000,1.91000000,1.91000000,1.42000000,213592,191702110.00000000,33.11000000,29.05000000,0.43000000,4.51000000,藏格矿业
2021-02-22,000408,2.17000000,2.15000000,2.37000000,2.03000000,354366,335410160.00000000,17.80000000,12.57000000,0.24000000,7.48000000,藏格矿业
2021-02-23,000408,1.68000000,1.68000000,1.75000000,1.68000000,141946,126257046.00000000,3.26000000,-21.86000000,-0.47000000,3.00000000,藏格矿业
2021-02-24,000408,1.29000000,1.24000000,1.53000000,1.24000000,355289,302842000.00000000,17.26000000,-26.19000000,-0.44000000,7.50000000,藏格矿业
2021-02-25,000408,1.31000000,1.66000000,1.66000000,1.12000000,203316,178311923.00000000,43.55000000,33.87000000,0.42000000,4.29000000,藏格矿业
2021-02-26,000408,1.39000000,1.22000000,1.39000000,1.22000000,348564,294149280.00000000,10.24000000,-26.51000000,-0.44000000,7.36000000,藏格矿业
2021-03-01,000408,0.94000000,1.62000000,1.64000000,0.94000000,215337,185091976.00000000,57.38000000,32.79000000,0.40000000,4.55000000,藏格矿业
2021-03-02,000408,1.79000000,2.06000000,2.06000000,1.71000000,113490,104155329.00000000,21.60000000,27.16000000,0.44000000,2.40000000,藏格矿业
2021-03-03,000408,2.20000000,2.17000000,2.44000000,2.02000000,129508,121640933.00000000,20.39000000,5.34000000,0.11000000,2.74000000,藏格矿业
2021-03-04,000408,2.14000000,2.21000000,2.43000000,2.09000000,104286,98353306.00000000,15.67000000,1.84000000,0.04000000,2.20000000,藏格矿业
2021-03-05,000408,1.74000000,1.74000000,1.74000000,1.74000000,80092,71682340.00000000,0.00000000,-21.27000000,-0.47000000,1.69000000,藏格矿业
2021-03-08,000408,1.94000000,1.67000000,2.19000000,1.67000000,113859,103409942.00000000,29.89000000,-4.02000000,-0.07000000,2.40000000,藏格矿业
2021-03-09,000408,1.81000000,1.54000000,1.81000000,1.32000000,84605,73990892.00000000,29.34000000,-7.78000000,-0.13000000,1.79000000,藏格矿业
2021-03-10,000408,1.62000000,1.41000000,1.62000000,1.33000000,54012,46750792.00000000,18.83000000,-8.44000000,-0.13000000,1.14000000,藏格矿业
2021-03-11,000408,1.49000000,1.65000000,1.71000000,1.36000000,48489,42347606.00000000,24.82000000,17.02000000,0.24000000,1.02000000,藏格矿业
2021-03-12,000408,1.69000000,1.51000000,1.72000000,1.44000000,55407,48504982.00000000,16.97000000,-8.48000000,-0.14000000,1.17000000,藏格矿业
2021-03-15,000408,1.50000000,1.67000000,1.72000000,1.37000000,44572,39224502.00000000,23.18000000,10.60000000,0.16000000,0.94000000,藏格矿业
2021-03-16,000408,1.65000000,1.64000000,1.73000000,1.57000000,25947,23009498.00000000,9.58000000,-1.80000000,-0.03000000,0.55000000,藏格矿业
2021-03-17,000408,1.68000000,1.89000000,2.06000000,1.59000000,59852,54246212.00000000,28.66000000,15.24000000,0.25000000,1.26000000,藏格矿业
2021-03-18,000408,1.87000000,2.30000000,2.34000000,1.87000000,70517,66179794.00000000,24.87000000,21.69000000,0.41000000,1.49000000,藏格矿业
2021-03-19,000408,2.25000000,1.86000000,2.30000000,1.82000000,113171,104033192.00000000,20.87000000,-19.13000000,-0.44000000,2.39000000,藏格矿业
2021-03-22,000408,1.94000000,2.00000000,2.14000000,1.87000000,40533,37377073.00000000,14.52000000,7.53000000,0.14000000,0.86000000,藏格矿业
2021-03-23,000408,1.95000000,2.04000000,2.25000000,1.95000000,37643,34933779.00000000,15.00000000,2.00000000,0.04000000,0.80000000,藏格矿业
2021-03-24,000408,2.09000000,1.92000000,2.19000000,1.74000000,43365,39794856.00000000,22.06000000,-5.88000000,-0.12000000,0.92000000,藏格矿业
2021-03-25,000408,1.88000000,1.93000000,2.06000000,1.84000000,25464,23336243.00000000,11.46000000,0.52000000,0.01000000,0.54000000,藏格矿业
2021-03-26,000408,1.94000000,2.12000000,2.14000000,1.88000000,57200,53005693.00000000,13.47000000,9.84000000,0.19000000,1.21000000,藏格矿业
2021-03-29,000408,2.19000000,2.46000000,2.59000000,2.19000000,136546,132816076.00000000,18.87000000,16.04000000,0.34000000,2.88000000,藏格矿业
2021-03-30,000408,2.36000000,2.18000000,2.45000000,2.18000000,90755,86331226.00000000,10.98000000,-11.38000000,-0.28000000,1.92000000,藏格矿业
2021-03-31,000408,2.30000000,2.51000000,2.52000000,2.18000000,61881,59156207.00000000,15.60000000,15.14000000,0.33000000,1.31000000,藏格矿业
2021-04-01,000408,2.61000000,2.75000000,3.00000000,2.52000000,159525,160047886.00000000,19.12000000,9.56000000,0.24000000,3.37000000,藏格矿业
2021-04-02,000408,3.07000000,2.93000000,3.21000000,2.90000000,113815,116802375.00000000,11.27000000,6.55000000,0.18000000,2.40000000,藏格矿业
2021-04-06,000408,2.95000000,3.44000000,3.44000000,2.92000000,74252,77967388.00000000,17.75000000,17.41000000,0.51000000,1.57000000,藏格矿业
2021-04-07,000408,3.56000000,3.79000000,3.97000000,3.39000000,171583,187443811.00000000,16.86000000,10.17000000,0.35000000,3.62000000,藏格矿业
2021-04-08,000408,3.81000000,4.13000000,4.19000000,3.69000000,96614,107862213.00000000,13.19000000,8.97000000,0.34000000,2.04000000,藏格矿业
2021-04-09,000408,4.19000000,3.95000000,4.51000000,3.90000000,112561,128955406.00000000,14.77000000,-4.36000000,-0.18000000,2.38000000,藏格矿业
2021-04-12,000408,3.97000000,3.59000000,4.44000000,3.39000000,171737,188744947.00000000,26.58000000,-9.11000000,-0.36000000,3.63000000,藏格矿业
2021-04-13,000408,3.80000000,3.41000000,3.99000000,3.21000000,114526,123520960.00000000,21.73000000,-5.01000000,-0.18000000,2.42000000,藏格矿业
2021-04-14,000408,3.46000000,3.54000000,3.64000000,3.31000000,63985,68503636.00000000,9.68000000,3.81000000,0.13000000,1.35000000,藏格矿业
2021-04-15,000408,3.58000000,3.70000000,3.73000000,3.41000000,47444,51042700.00000000,9.04000000,4.52000000,0.16000000,1.00000000,藏格矿业
2021-04-16,000408,3.69000000,3.56000000,3.84000000,3.39000000,67487,72879515.00000000,12.16000000,-3.78000000,-0.14000000,1.43000000,藏格矿业
2021-04-19,000408,3.54000000,4.10000000,4.10000000,3.41000000,110075,122205465.00000000,19.38000000,15.17000000,0.54000000,2.32000000,藏格矿业
2021-04-20,000408,4.10000000,4.43000000,4.66000000,3.94000000,120122,138136139.00000000,17.56000000,8.05000000,0.33000000,2.54000000,藏格矿业
2021-04-21,000408,4.30000000,4.55000000,4.77000000,4.28000000,84237,98987112.00000000,11.06000000,2.71000000,0.12000000,1.78000000,藏格矿业
2021-04-22,000408,4.55000000,4.51000000,4.70000000,4.42000000,59987,70381194.00000000,6.15000000,-0.88000000,-0.04000000,1.27000000,藏格矿业
2021-04-23,000408,4.44000000,4.59000000,4.71000000,4.34000000,51971,61041525.00000000,8.20000000,1.77000000,0.08000000,1.10000000,藏格矿业
2021-04-26,000408,4.65000000,4.00000000,4.75000000,4.00000000,136878,155761498.00000000,16.34000000,-12.85000000,-0.59000000,2.89000000,藏格矿业
2021-04-27,000408,3.82000000,3.56000000,4.08000000,3.44000000,149891,163920785.00000000,16.00000000,-11.00000000,-0.44000000,3.17000000,藏格矿业
2021-04-28,000408,3.49000000,4.10000000,4.10000000,3.39000000,177699,198688763.00000000,19.94000000,15.17000000,0.54000000,3.75000000,藏格矿业
2021-04-29,000408,4.12000000,4.42000000,4.65000000,4.11000000,100870,117241812.00000000,13.17000000,7.80000000,0.32000000,2.13000000,藏格矿业
2021-04-30,000408,4.29000000,5.00000000,5.00000000,4.00000000,183393,219245182.00000000,22.62000000,13.12000000,0.58000000,3.87000000,藏格矿业
2021-05-06,000408,5.54000000,5.61000000,5.61000000,5.07000000,154720,196772992.00000000,10.80000000,12.20000000,0.61000000,3.27000000,藏格矿业
2021-05-07,000408,6.25000000,6.25000000,6.25000000,6.25000000,37316,50227093.00000000,0.00000000,11.41000000,0.64000000,0.79000000,藏格矿业
2021-05-10,000408,6.92000000,6.92000000,6.92000000,6.92000000,37745,53333444.00000000,0.00000000,10.72000000,0.67000000,0.80000000,藏格矿业
2021-05-12,000408,6.92000000,7.32000000,7.54000000,5.90000000,470668,663697728.00000000,23.70000000,5.78000000,0.40000000,9.94000000,藏格矿业
2021-05-13,000408,6.99000000,7.52000000,8.77000000,6.69000000,770010,1179067744.00000000,28.42000000,2.73000000,0.20000000,16.26000000,藏格矿业
2021-05-14,000408,7.46000000,7.65000000,8.87000000,6.79000000,613095,916078400.00000000,27.66000000,1.73000000,0.13000000,12.95000000,藏格矿业
2021-05-17,000408,7.91000000,7.26000000,8.29000000,7.21000000,369918,550962096.00000000,14.12000000,-5.10000000,-0.39000000,7.81000000,藏格矿业
2021-05-18,000408,7.37000000,8.19000000,8.71000000,7.29000000,543208,826581376.00000000,19.56000000,12.81000000,0.93000000,11.47000000,藏格矿业
2021-05-19,000408,8.29000000,9.73000000,9.73000000,8.21000000,374737,624530480.00000000,18.56000000,18.80000000,1.54000000,7.91000000,藏格矿业
2021-05-20,000408,10.24000000,10.82000000,11.26000000,9.29000000,675406,1184104512.00000000,20.25000000,11.20000000,1.09000000,14.26000000,藏格矿业
2021-05-21,000408,10.37000000,11.37000000,12.36000000,10.05000000,592631,1081893616.00000000,21.35000000,5.08000000,0.55000000,12.52000000,藏格矿业
2021-05-24,000408,11.29000000,10.90000000,11.72000000,10.32000000,467152,848803120.00000000,12.31000000,-4.13000000,-0.47000000,9.87000000,藏格矿业
2021-05-25,000408,10.78000000,11.79000000,12.29000000,10.20000000,572604,1058362208.00000000,19.17000000,8.17000000,0.89000000,12.09000000,藏格矿业
2021-05-26,000408,11.44000000,11.36000000,12.59000000,11.29000000,415754,794829936.00000000,11.03000000,-3.65000000,-0.43000000,8.78000000,藏格矿业
2021-05-27,000408,11.01000000,10.89000000,11.70000000,10.06000000,375029,680285024.00000000,14.44000000,-4.14000000,-0.47000000,7.92000000,藏格矿业
2021-05-28,000408,11.01000000,11.68000000,11.72000000,10.82000000,376873,700692544.00000000,8.26000000,7.25000000,0.79000000,7.96000000,藏格矿业
2021-05-31,000408,11.81000000,13.57000000,13.57000000,11.52000000,637876,1286066208.00000000,17.55000000,16.18000000,1.89000000,13.47000000,藏格矿业
2021-06-01,000408,12.90000000,12.79000000,13.63000000,12.20000000,456652,916755536.00000000,10.54000000,-5.75000000,-0.78000000,9.64000000,藏格矿业
2021-06-02,000408,12.54000000,10.79000000,13.04000000,10.79000000,549219,1027092352.00000000,17.59000000,-15.64000000,-2.00000000,11.60000000,藏格矿业
2021-06-03,000408,10.22000000,11.12000000,11.77000000,9.84000000,372143,670194464.00000000,17.89000000,3.06000000,0.33000000,7.86000000,藏格矿业
2021-06-04,000408,10.93000000,12.95000000,12.95000000,10.93000000,498329,990929856.00000000,18.17000000,16.46000000,1.83000000,10.52000000,藏格矿业
2021-06-07,000408,13.78000000,14.67000000,14.84000000,13.27000000,544664,1165127424.00000000,12.12000000,13.28000000,1.72000000,11.50000000,藏格矿业
2021-06-08,000408,14.19000000,14.74000000,16.19000000,14.15000000,488255,1097557040.00000000,13.91000000,0.48000000,0.07000000,10.31000000,藏格矿业
2021-06-09,000408,14.80000000,15.99000000,16.56000000,14.27000000,434527,988625472.00000000,15.54000000,8.48000000,1.25000000,9.18000000,藏格矿业
2021-06-10,000408,16.80000000,15.65000000,17.37000000,15.00000000,554914,1297110736.00000000,14.82000000,-2.13000000,-0.34000000,11.72000000,藏格矿业
2021-06-11,000408,13.45000000,13.95000000,15.19000000,13.45000000,464484,999099728.00000000,11.12000000,-10.86000000,-1.70000000,9.81000000,藏格矿业
2021-06-15,000408,14.03000000,13.79000000,14.79000000,13.79000000,249493,533151040.00000000,7.17000000,-1.15000000,-0.16000000,5.27000000,藏格矿业
2021-06-16,000408,13.50000000,12.85000000,13.68000000,12.67000000,261712,531535520.00000000,7.32000000,-6.82000000,-0.94000000,5.53000000,藏格矿业
2021-06-17,000408,12.85000000,14.00000000,14.51000000,12.79000000,291225,610924064.00000000,13.39000000,8.95000000,1.15000000,6.15000000,藏格矿业
2021-06-18,000408,13.80000000,14.44000000,14.77000000,13.31000000,277957,591138320.00000000,10.43000000,3.14000000,0.44000000,5.87000000,藏格矿业
2021-06-21,000408,14.12000000,13.51000000,14.28000000,13.30000000,255505,533916832.00000000,6.79000000,-6.44000000,-0.93000000,5.40000000,藏格矿业
2021-06-22,000408,13.44000000,12.79000000,13.69000000,12.04000000,258056,515947424.00000000,12.21000000,-5.33000000,-0.72000000,5.45000000,藏格矿业
2021-06-23,000408,12.57000000,13.64000000,14.04000000,12.57000000,258064,532577520.00000000,11.49000000,6.65000000,0.85000000,5.45000000,藏格矿业
2021-06-24,000408,13.47000000,13.40000000,13.99000000,12.29000000,261930,534616048.00000000,12.46000000,-1.76000000,-0.24000000,5.53000000,藏格矿业
2021-06-25,000408,13.40000000,13.50000000,14.36000000,13.40000000,195242,410859024.00000000,7.16000000,0.75000000,0.10000000,4.12000000,藏格矿业
2021-06-28,000408,13.39000000,13.37000000,14.14000000,13.10000000,207745,432941168.00000000,7.70000000,-0.96000000,-0.13000000,4.39000000,藏格矿业
2021-06-29,000408,13.24000000,15.12000000,15.43000000,13.05000000,384667,829942400.00000000,17.80000000,13.09000000,1.75000000,8.12000000,藏格矿业
2021-06-30,000408,14.69000000,15.12000000,15.47000000,14.29000000,275103,607681120.00000000,7.80000000,0.00000000,0.00000000,5.81000000,藏格矿业
2021-07-01,000408,15.11000000,16.25000000,16.99000000,14.90000000,388585,906769312.00000000,13.82000000,7.47000000,1.13000000,8.21000000,藏格矿业
2021-07-02,000408,15.86000000,16.80000000,17.32000000,15.67000000,369977,882971744.00000000,10.15000000,3.38000000,0.55000000,7.81000000,藏格矿业
2021-07-05,000408,17.09000000,18.65000000,18.87000000,17.09000000,365500,932691072.00000000,10.60000000,11.01000000,1.85000000,7.72000000,藏格矿业
2021-07-06,000408,18.09000000,17.11000000,19.19000000,16.09000000,462752,1144840832.00000000,16.62000000,-8.26000000,-1.54000000,9.77000000,藏格矿业
2021-07-07,000408,16.87000000,17.35000000,18.12000000,16.84000000,378850,934855152.00000000,7.48000000,1.40000000,0.24000000,8.00000000,藏格矿业
2021-07-08,000408,16.91000000,16.61000000,17.66000000,16.22000000,350022,843244512.00000000,8.30000000,-4.27000000,-0.74000000,7.39000000,藏格矿业
2021-07-09,000408,16.32000000,17.19000000,17.49000000,15.38000000,376478,893480832.00000000,12.70000000,3.49000000,0.58000000,7.95000000,藏格矿业
2021-07-12,000408,17.29000000,18.32000000,18.79000000,16.77000000,481676,1208926192.00000000,11.75000000,6.57000000,1.13000000,10.17000000,藏格矿业
2021-07-13,000408,18.34000000,18.14000000,18.76000000,17.04000000,416834,1047710144.00000000,9.39000000,-0.98000000,-0.18000000,8.80000000,藏格矿业
2021-07-14,000408,17.64000000,16.79000000,17.97000000,16.79000000,351684,860512368.00000000,6.50000000,-7.44000000,-1.35000000,7.43000000,藏格矿业
2021-07-15,000408,16.39000000,18.90000000,19.19000000,15.87000000,581715,1468278352.00000000,19.77000000,12.57000000,2.11000000,12.29000000,藏格矿业
2021-07-16,000408,19.00000000,19.73000000,20.83000000,18.49000000,597360,1605352384.00000000,12.38000000,4.39000000,0.83000000,12.62000000,藏格矿业
2021-07-19,000408,19.49000000,18.76000000,20.39000000,18.72000000,442282,1184984784.00000000,8.46000000,-4.92000000,-0.97000000,9.34000000,藏格矿业
2021-07-20,000408,17.87000000,18.88000000,19.25000000,17.79000000,240155,618676384.00000000,7.78000000,0.64000000,0.12000000,5.07000000,藏格矿业
2021-07-21,000408,19.09000000,19.79000000,20.64000000,18.97000000,434512,1182085200.00000000,8.85000000,4.82000000,0.91000000,9.18000000,藏格矿业
2021-07-22,000408,20.59000000,19.99000000,20.59000000,19.25000000,379198,1026937168.00000000,6.77000000,1.01000000,0.20000000,8.01000000,藏格矿业
2021-07-23,000408,19.99000000,19.54000000,20.57000000,18.85000000,362349,978085136.00000000,8.60000000,-2.25000000,-0.45000000,7.65000000,藏格矿业
2021-07-26,000408,19.49000000,20.77000000,20.77000000,18.97000000,333123,901719568.00000000,9.21000000,6.29000000,1.23000000,7.04000000,藏格矿业
2021-07-27,000408,20.79000000,20.10000000,23.57000000,19.79000000,557171,1619439232.00000000,18.20000000,-3.23000000,-0.67000000,11.77000000,藏格矿业
2021-07-28,000408,18.99000000,18.16000000,19.92000000,17.46000000,385921,992129888.00000000,12.24000000,-9.65000000,-1.94000000,8.15000000,藏格矿业
2021-07-29,000408,18.83000000,19.52000000,19.89000000,18.29000000,299833,792340432.00000000,8.81000000,7.49000000,1.36000000,6.33000000,藏格矿业
2021-07-30,000408,19.63000000,20.82000000,21.37000000,19.01000000,417003,1136189888.00000000,12.09000000,6.66000000,1.30000000,8.81000000,藏格矿业
2021-08-02,000408,22.67000000,21.55000000,23.59000000,20.54000000,479161,1403590880.00000000,14.65000000,3.51000000,0.73000000,10.12000000,藏格矿业
2021-08-03,000408,21.22000000,20.04000000,22.56000000,20.00000000,321334,907081840.00000000,11.88000000,-7.01000000,-1.51000000,6.79000000,藏格矿业
2021-08-04,000408,20.04000000,21.89000000,22.09000000,19.47000000,330687,942234400.00000000,13.07000000,9.23000000,1.85000000,6.98000000,藏格矿业
2021-08-05,000408,21.54000000,22.80000000,22.90000000,21.11000000,347132,1009444432.00000000,8.18000000,4.16000000,0.91000000,7.33000000,藏格矿业
2021-08-06,000408,23.12000000,23.32000000,24.25000000,23.00000000,357115,1099115744.00000000,5.48000000,2.28000000,0.52000000,7.54000000,藏格矿业
2021-08-09,000408,22.68000000,24.27000000,24.30000000,20.80000000,364295,1082017408.00000000,15.01000000,4.07000000,0.95000000,7.69000000,藏格矿业
2021-08-10,000408,23.29000000,21.76000000,24.48000000,21.12000000,481480,1417665776.00000000,13.84000000,-10.34000000,-2.51000000,10.17000000,藏格矿业
2021-08-11,000408,20.80000000,20.44000000,21.86000000,19.90000000,334957,932899040.00000000,9.01000000,-6.07000000,-1.32000000,7.07000000,藏格矿业
2021-08-12,000408,19.98000000,20.06000000,20.89000000,17.79000000,525638,1389426784.00000000,15.17000000,-1.86000000,-0.38000000,11.10000000,藏格矿业
2021-08-13,000408,19.40000000,19.80000000,21.39000000,19.19000000,381157,1052644976.00000000,10.97000000,-1.30000000,-0.26000000,8.05000000,藏格矿业
2021-08-16,000408,19.19000000,18.04000000,19.20000000,17.81000000,232118,594334592.00000000,7.02000000,-8.89000000,-1.76000000,4.90000000,藏格矿业
2021-08-17,000408,17.80000000,17.06000000,18.67000000,17.06000000,230966,580013184.00000000,8.92000000,-5.43000000,-0.98000000,4.88000000,藏格矿业
2021-08-18,000408,17.90000000,19.49000000,19.49000000,17.90000000,178945,474879760.00000000,9.32000000,14.24000000,2.43000000,3.78000000,藏格矿业
2021-08-19,000408,20.09000000,21.96000000,22.15000000,19.60000000,679301,1915007648.00000000,13.08000000,12.67000000,2.47000000,14.35000000,藏格矿业
2021-08-20,000408,21.08000000,22.05000000,22.54000000,21.08000000,521568,1508154720.00000000,6.65000000,0.41000000,0.09000000,11.02000000,藏格矿业
2021-08-23,000408,22.07000000,22.24000000,23.36000000,22.07000000,527108,1579490352.00000000,5.85000000,0.86000000,0.19000000,11.13000000,藏格矿业
2021-08-24,000408,21.88000000,22.13000000,23.65000000,21.87000000,427570,1272084016.00000000,8.00000000,-0.49000000,-0.11000000,9.03000000,藏格矿业
2021-08-25,000408,21.86000000,23.56000000,24.49000000,21.12000000,565605,1707674992.00000000,15.23000000,6.46000000,1.43000000,11.95000000,藏格矿业
2021-08-26,000408,23.29000000,22.88000000,24.65000000,22.60000000,412728,1268326288.00000000,8.70000000,-2.89000000,-0.68000000,8.72000000,藏格矿业
2021-08-27,000408,22.80000000,23.28000000,23.64000000,21.67000000,390546,1176949616.00000000,8.61000000,1.75000000,0.40000000,8.25000000,藏格矿业
2021-08-30,000408,23.51000000,22.59000000,24.27000000,22.59000000,414992,1272130080.00000000,7.22000000,-2.96000000,-0.69000000,8.76000000,藏格矿业
2021-08-31,000408,22.15000000,23.34000000,23.40000000,21.41000000,381220,1131725152.00000000,8.81000000,3.32000000,0.75000000,8.05000000,藏格矿业
2021-09-01,000408,23.12000000,20.64000000,23.96000000,20.39000000,460945,1340452160.00000000,15.30000000,-11.57000000,-2.70000000,9.73000000,藏格矿业
2021-09-02,000408,20.45000000,21.59000000,21.60000000,20.10000000,310121,869592000.00000000,7.27000000,4.60000000,0.95000000,6.55000000,藏格矿业
2021-09-03,000408,21.44000000,20.74000000,21.88000000,19.79000000,283747,793686864.00000000,9.68000000,-3.94000000,-0.85000000,5.99000000,藏格矿业
2021-09-06,000408,20.90000000,23.54000000,23.54000000,20.57000000,422922,1246540288.00000000,14.32000000,13.50000000,2.80000000,8.93000000,藏格矿业
2021-09-07,000408,24.79000000,24.65000000,25.79000000,24.02000000,596193,1925233136.00000000,7.52000000,4.72000000,1.11000000,12.59000000,藏格矿业
2021-09-08,000408,24.98000000,23.79000000,25.59000000,23.49000000,480136,1523101616.00000000,8.52000000,-3.49000000,-0.86000000,10.14000000,藏格矿业
2021-09-09,000408,24.27000000,23.77000000,24.75000000,23.14000000,318180,986196208.00000000,6.77000000,-0.08000000,-0.02000000,6.72000000,藏格矿业
2021-09-10,000408,24.29000000,26.28000000,26.79000000,23.54000000,528981,1724525072.00000000,13.67000000,10.56000000,2.51000000,11.17000000,藏格矿业
2021-09-13,000408,26.17000000,27.00000000,27.59000000,26.08000000,393509,1339060144.00000000,5.75000000,2.74000000,0.72000000,8.31000000,藏格矿业
2021-09-14,000408,27.34000000,26.59000000,28.34000000,25.34000000,384207,1317286304.00000000,11.11000000,-1.52000000,-0.41000000,8.11000000,藏格矿业
2021-09-15,000408,26.79000000,26.53000000,27.76000000,25.72000000,339260,1143044912.00000000,7.67000000,-0.23000000,-0.06000000,7.16000000,藏格矿业
2021-09-16,000408,26.59000000,23.39000000,26.59000000,23.16000000,427162,1355122864.00000000,12.93000000,-11.84000000,-3.14000000,9.02000000,藏格矿业
2021-09-17,000408,23.58000000,23.89000000,24.67000000,21.86000000,268533,829218512.00000000,12.01000000,2.14000000,0.50000000,5.67000000,藏格矿业
2021-09-22,000408,23.78000000,24.00000000,25.16000000,23.45000000,222866,704320576.00000000,7.16000000,0.46000000,0.11000000,4.71000000,藏格矿业
2021-09-23,000408,24.45000000,23.39000000,24.55000000,22.47000000,241886,737145104.00000000,8.67000000,-2.54000000,-0.61000000,5.11000000,藏格矿业
2021-09-24,000408,23.07000000,21.59000000,23.23000000,21.34000000,217672,639266512.00000000,8.08000000,-7.70000000,-1.80000000,4.60000000,藏格矿业
2021-09-27,000408,21.58000000,19.34000000,21.79000000,18.71000000,308452,833778784.00000000,14.27000000,-10.42000000,-2.25000000,6.51000000,藏格矿业
2021-09-28,000408,19.22000000,19.00000000,19.79000000,18.95000000,123122,325857888.00000000,4.34000000,-1.76000000,-0.34000000,2.60000000,藏格矿业
2021-09-29,000408,18.87000000,17.13000000,19.00000000,17.03000000,212712,533101296.00000000,10.37000000,-9.84000000,-1.87000000,4.49000000,藏格矿业
2021-09-30,000408,17.53000000,19.56000000,19.56000000,17.53000000,160855,421062656.00000000,11.85000000,14.19000000,2.43000000,3.40000000,藏格矿业
2021-10-08,000408,20.79000000,20.76000000,21.53000000,19.91000000,289011,804689248.00000000,8.28000000,6.13000000,1.20000000,6.10000000,藏格矿业
2021-10-11,000408,22.79000000,21.43000000,23.00000000,21.09000000,331806,965118592.00000000,9.20000000,3.23000000,0.67000000,7.01000000,藏格矿业
2021-10-12,000408,21.29000000,23.39000000,24.19000000,21.06000000,357183,1074473264.00000000,14.61000000,9.15000000,1.96000000,7.54000000,藏格矿业
2021-10-13,000408,22.76000000,22.98000000,23.49000000,22.12000000,243484,732233872.00000000,5.86000000,-1.75000000,-0.41000000,5.14000000,藏格矿业
2021-10-14,000408,22.71000000,21.80000000,23.58000000,21.70000000,215200,640824432.00000000,8.18000000,-5.13000000,-1.18000000,4.54000000,藏格矿业
2021-10-15,000408,21.59000000,22.47000000,22.78000000,21.15000000,188252,552567152.00000000,7.48000000,3.07000000,0.67000000,3.98000000,藏格矿业
2021-10-18,000408,22.29000000,22.88000000,23.18000000,21.59000000,198736,590010384.00000000,7.08000000,1.82000000,0.41000000,4.20000000,藏格矿业
2021-10-19,000408,23.04000000,23.03000000,23.19000000,22.58000000,169244,509963808.00000000,2.67000000,0.66000000,0.15000000,3.57000000,藏格矿业
2021-10-20,000408,23.18000000,25.06000000,26.05000000,22.80000000,508690,1650367472.00000000,14.11000000,8.81000000,2.03000000,10.74000000,藏格矿业
2021-10-21,000408,25.06000000,23.61000000,25.13000000,23.39000000,321343,1005839552.00000000,6.94000000,-5.79000000,-1.45000000,6.79000000,藏格矿业
2021-10-22,000408,23.91000000,22.73000000,24.51000000,22.60000000,209380,642407408.00000000,8.09000000,-3.73000000,-0.88000000,4.42000000,藏格矿业
2021-10-25,000408,22.29000000,23.58000000,23.63000000,22.04000000,179932,542456208.00000000,7.00000000,3.74000000,0.85000000,3.80000000,藏格矿业
2021-10-26,000408,24.29000000,24.27000000,26.02000000,23.66000000,270347,864648944.00000000,10.01000000,2.93000000,0.69000000,5.71000000,藏格矿业
2021-10-27,000408,24.19000000,23.67000000,24.79000000,22.99000000,207694,645414928.00000000,7.42000000,-2.47000000,-0.60000000,4.39000000,藏格矿业
2021-10-28,000408,23.99000000,21.39000000,23.99000000,21.09000000,218723,644764112.00000000,12.25000000,-9.63000000,-2.28000000,4.62000000,藏格矿业
2021-10-29,000408,21.67000000,21.73000000,22.22000000,20.96000000,139691,403249872.00000000,5.89000000,1.59000000,0.34000000,2.95000000,藏格矿业
2021-11-01,000408,21.74000000,20.97000000,22.09000000,20.67000000,130272,369354800.00000000,6.53000000,-3.50000000,-0.76000000,2.75000000,藏格矿业
2021-11-02,000408,21.39000000,20.40000000,21.39000000,19.68000000,141638,392216176.00000000,8.15000000,-2.72000000,-0.57000000,2.99000000,藏格矿业
2021-11-03,000408,20.40000000,20.49000000,20.62000000,19.74000000,106413,290470800.00000000,4.31000000,0.44000000,0.09000000,2.25000000,藏格矿业
2021-11-04,000408,20.39000000,21.14000000,21.59000000,19.89000000,207042,579104144.00000000,8.30000000,3.17000000,0.65000000,4.37000000,藏格矿业
2021-11-05,000408,21.09000000,20.75000000,22.42000000,20.65000000,173031,497496464.00000000,8.37000000,-1.84000000,-0.39000000,3.65000000,藏格矿业
2021-11-08,000408,20.29000000,21.86000000,22.21000000,20.26000000,182952,527969984.00000000,9.40000000,5.35000000,1.11000000,3.86000000,藏格矿业
2021-11-09,000408,21.67000000,21.45000000,21.99000000,21.19000000,112942,324958320.00000000,3.66000000,-1.88000000,-0.41000000,2.39000000,藏格矿业
2021-11-10,000408,21.35000000,20.53000000,21.35000000,20.00000000,119859,332219024.00000000,6.29000000,-4.29000000,-0.92000000,2.53000000,藏格矿业
2021-11-11,000408,20.49000000,20.21000000,20.71000000,19.97000000,77297,212882285.00000000,3.60000000,-1.56000000,-0.32000000,1.63000000,藏格矿业
2021-11-12,000408,20.48000000,20.00000000,20.63000000,19.76000000,103682,283882416.00000000,4.30000000,-1.04000000,-0.21000000,2.19000000,藏格矿业
2021-11-15,000408,19.17000000,18.99000000,19.39000000,18.16000000,158839,412808208.00000000,6.15000000,-5.05000000,-1.01000000,3.35000000,藏格矿业
2021-11-16,000408,18.79000000,17.94000000,19.09000000,17.84000000,157969,404099744.00000000,6.58000000,-5.53000000,-1.05000000,3.34000000,藏格矿业
2021-11-17,000408,18.37000000,18.90000000,19.06000000,18.09000000,168573,437578336.00000000,5.41000000,5.35000000,0.96000000,3.56000000,藏格矿业
2021-11-18,000408,18.74000000,20.12000000,20.90000000,18.44000000,260756,702430368.00000000,13.02000000,6.46000000,1.22000000,5.51000000,藏格矿业
2021-11-19,000408,19.82000000,19.54000000,20.57000000,19.18000000,184298,496238432.00000000,6.91000000,-2.88000000,-0.58000000,3.89000000,藏格矿业
2021-11-22,000408,19.49000000,20.30000000,20.54000000,19.29000000,153238,420158976.00000000,6.40000000,3.89000000,0.76000000,3.24000000,藏格矿业
2021-11-23,000408,20.14000000,19.75000000,20.44000000,19.49000000,124169,336635296.00000000,4.68000000,-2.71000000,-0.55000000,2.62000000,藏格矿业
2021-11-24,000408,19.57000000,19.17000000,19.90000000,19.09000000,104615,277807424.00000000,4.10000000,-2.94000000,-0.58000000,2.21000000,藏格矿业
2021-11-25,000408,19.21000000,19.22000000,19.95000000,18.96000000,130747,347192880.00000000,5.16000000,0.26000000,0.05000000,2.76000000,藏格矿业
2021-11-26,000408,19.59000000,20.39000000,20.78000000,19.22000000,218923,600687616.00000000,8.12000000,6.09000000,1.17000000,4.62000000,藏格矿业
2021-11-29,000408,19.74000000,21.35000000,21.71000000,19.60000000,248951,702706992.00000000,10.35000000,4.71000000,0.96000000,5.26000000,藏格矿业
2021-11-30,000408,21.35000000,20.29000000,21.74000000,20.18000000,175465,487708112.00000000,7.31000000,-4.96000000,-1.06000000,3.71000000,藏格矿业
2021-12-01,000408,20.31000000,19.72000000,20.43000000,19.43000000,127445,343136960.00000000,4.93000000,-2.81000000,-0.57000000,2.69000000,藏格矿业
2021-12-02,000408,19.53000000,19.10000000,19.69000000,18.96000000,143339,379050144.00000000,3.70000000,-3.14000000,-0.62000000,3.03000000,藏格矿业
2021-12-03,000408,19.18000000,21.73000000,21.73000000,19.03000000,394846,1110921568.00000000,14.14000000,13.77000000,2.63000000,8.34000000,藏格矿业
2021-12-06,000408,22.09000000,22.35000000,23.14000000,21.73000000,523047,1554630816.00000000,6.49000000,2.85000000,0.62000000,11.05000000,藏格矿业
2021-12-07,000408,22.79000000,22.47000000,23.68000000,22.09000000,331058,993817072.00000000,7.11000000,0.54000000,0.12000000,6.99000000,藏格矿业
2021-12-08,000408,22.44000000,21.89000000,22.45000000,20.86000000,213499,621012192.00000000,7.08000000,-2.58000000,-0.58000000,4.51000000,藏格矿业
2021-12-09,000408,21.79000000,21.94000000,22.90000000,21.65000000,205954,607715696.00000000,5.71000000,0.23000000,0.05000000,4.35000000,藏格矿业
2021-12-10,000408,22.46000000,24.15000000,24.79000000,22.07000000,504795,1574750608.00000000,12.40000000,10.07000000,2.21000000,10.66000000,藏格矿业
2021-12-13,000408,23.70000000,26.60000000,27.17000000,23.45000000,486764,1588620864.00000000,15.40000000,10.14000000,2.45000000,10.28000000,藏格矿业
2021-12-14,000408,26.85000000,28.12000000,28.58000000,26.51000000,441892,1547181264.00000000,7.78000000,5.71000000,1.52000000,9.33000000,藏格矿业
2021-12-15,000408,28.24000000,27.01000000,28.29000000,26.00000000,344166,1186180928.00000000,8.14000000,-3.95000000,-1.11000000,7.27000000,藏格矿业
2021-12-16,000408,27.08000000,25.54000000,27.27000000,25.13000000,243272,802364816.00000000,7.92000000,-5.44000000,-1.47000000,5.14000000,藏格矿业
2021-12-17,000408,25.59000000,26.84000000,27.27000000,25.39000000,220458,738950864.00000000,7.36000000,5.09000000,1.30000000,4.66000000,藏格矿业
2021-12-20,000408,26.80000000,26.29000000,27.09000000,25.34000000,182446,609759280.00000000,6.52000000,-2.05000000,-0.55000000,3.85000000,藏格矿业
2021-12-21,000408,26.10000000,27.09000000,27.78000000,26.10000000,157542,536561616.00000000,6.39000000,3.04000000,0.80000000,3.33000000,藏格矿业
2021-12-22,000408,27.11000000,27.36000000,29.70000000,26.59000000,277970,982392896.00000000,11.48000000,1.00000000,0.27000000,5.87000000,藏格矿业
2021-12-23,000408,27.20000000,27.73000000,28.29000000,27.08000000,154852,542168080.00000000,4.42000000,1.35000000,0.37000000,3.27000000,藏格矿业
2021-12-24,000408,27.75000000,25.60000000,28.05000000,25.07000000,220349,727337792.00000000,10.75000000,-7.68000000,-2.13000000,4.65000000,藏格矿业
2021-12-27,000408,26.07000000,26.99000000,28.37000000,26.07000000,189986,657740240.00000000,8.98000000,5.43000000,1.39000000,4.01000000,藏格矿业
2021-12-28,000408,27.50000000,30.41000000,30.41000000,26.79000000,216377,792286352.00000000,13.41000000,12.67000000,3.42000000,4.57000000,藏格矿业
2021-12-29,000408,31.01000000,31.80000000,32.63000000,30.79000000,470054,1826853856.00000000,6.05000000,4.57000000,1.39000000,9.93000000,藏格矿业
2021-12-30,000408,31.39000000,30.63000000,31.95000000,29.59000000,328359,1239814304.00000000,7.42000000,-3.68000000,-1.17000000,6.93000000,藏格矿业
2021-12-31,000408,30.56000000,33.79000000,34.30000000,30.24000000,438923,1744250560.00000000,13.25000000,10.32000000,3.16000000,9.27000000,藏格矿业
2022-01-04,000408,34.39000000,31.07000000,34.56000000,29.78000000,401553,1545578768.00000000,14.15000000,-8.05000000,-2.72000000,8.48000000,藏格矿业
2022-01-05,000408,30.07000000,29.14000000,30.94000000,28.21000000,233491,854618368.00000000,8.79000000,-6.21000000,-1.93000000,4.93000000,藏格矿业
2022-01-06,000408,29.14000000,31.58000000,32.49000000,29.14000000,244479,932049504.00000000,11.50000000,8.37000000,2.44000000,5.16000000,藏格矿业
2022-01-07,000408,31.59000000,28.44000000,31.63000000,28.34000000,274530,1005054560.00000000,10.42000000,-9.94000000,-3.14000000,5.80000000,藏格矿业
2022-01-10,000408,28.44000000,27.65000000,29.26000000,27.39000000,219127,778029856.00000000,6.58000000,-2.78000000,-0.79000000,4.63000000,藏格矿业
2022-01-11,000408,26.79000000,27.04000000,27.63000000,24.79000000,245070,824735248.00000000,10.27000000,-2.21000000,-0.61000000,5.18000000,藏格矿业
2022-01-12,000408,28.39000000,26.32000000,28.77000000,25.41000000,226694,768685312.00000000,12.43000000,-2.66000000,-0.72000000,4.79000000,藏格矿业
2022-01-13,000408,26.29000000,24.44000000,26.51000000,24.39000000,233719,752074416.00000000,8.05000000,-7.14000000,-1.88000000,1.53000000,藏格矿业
2022-01-14,000408,24.37000000,24.74000000,25.41000000,24.29000000,141446,452723552.00000000,4.58000000,1.23000000,0.30000000,0.93000000,藏格矿业
2022-01-17,000408,24.75000000,24.20000000,25.02000000,23.67000000,139566,440639008.00000000,5.46000000,-2.18000000,-0.54000000,0.91000000,藏格矿业
2022-01-18,000408,24.18000000,23.29000000,24.18000000,22.65000000,207166,629124624.00000000,6.32000000,-3.76000000,-0.91000000,1.36000000,藏格矿业
2022-01-19,000408,23.27000000,21.82000000,23.29000000,21.62000000,184128,540281552.00000000,7.17000000,-6.31000000,-1.47000000,1.21000000,藏格矿业
2022-01-20,000408,21.83000000,21.67000000,22.45000000,21.54000000,142101,414459552.00000000,4.17000000,-0.69000000,-0.15000000,0.93000000,藏格矿业
2022-01-21,000408,21.68000000,21.64000000,23.08000000,21.31000000,163414,479537856.00000000,8.17000000,-0.14000000,-0.03000000,1.07000000,藏格矿业
2022-01-24,000408,21.79000000,24.53000000,24.53000000,21.33000000,345683,1064766576.00000000,14.79000000,13.35000000,2.89000000,2.27000000,藏格矿业
2022-01-25,000408,24.04000000,24.52000000,25.61000000,23.71000000,295072,941999248.00000000,7.75000000,-0.04000000,-0.01000000,1.93000000,藏格矿业
2022-01-26,000408,25.06000000,25.24000000,25.66000000,24.07000000,201999,648969376.00000000,6.48000000,2.94000000,0.72000000,1.32000000,藏格矿业
2022-01-27,000408,25.14000000,24.29000000,25.66000000,24.19000000,196751,636482304.00000000,5.82000000,-3.76000000,-0.95000000,1.29000000,藏格矿业
2022-01-28,000408,24.56000000,25.24000000,25.35000000,22.91000000,217173,680702640.00000000,10.05000000,3.91000000,0.95000000,1.42000000,藏格矿业
2022-02-07,000408,26.16000000,25.84000000,26.35000000,24.78000000,191083,626798768.00000000,6.22000000,2.38000000,0.60000000,1.25000000,藏格矿业
2022-02-08,000408,25.58000000,25.04000000,25.59000000,24.11000000,136558,436187456.00000000,5.73000000,-3.10000000,-0.80000000,0.90000000,藏格矿业
2022-02-09,000408,24.79000000,26.26000000,27.04000000,24.56000000,181396,602677920.00000000,9.90000000,4.87000000,1.22000000,1.19000000,藏格矿业
2022-02-10,000408,27.49000000,27.20000000,27.92000000,26.42000000,224425,771933504.00000000,5.71000000,3.58000000,0.94000000,1.47000000,藏格矿业
2022-02-11,000408,26.46000000,27.79000000,29.69000000,26.39000000,267930,951207440.00000000,12.13000000,2.17000000,0.59000000,1.76000000,藏格矿业
2022-02-14,000408,27.09000000,28.03000000,29.28000000,27.00000000,168825,599833360.00000000,8.20000000,0.86000000,0.24000000,1.11000000,藏格矿业
2022-02-15,000408,28.29000000,28.24000000,28.66000000,27.15000000,121360,425939680.00000000,5.39000000,0.75000000,0.21000000,0.80000000,藏格矿业
2022-02-16,000408,29.02000000,28.93000000,29.74000000,28.49000000,224041,816888256.00000000,4.43000000,2.44000000,0.69000000,1.47000000,藏格矿业
2022-02-17,000408,28.38000000,30.54000000,31.09000000,28.29000000,286640,1071226864.00000000,9.68000000,5.57000000,1.61000000,1.88000000,藏格矿业
2022-02-18,000408,29.79000000,30.02000000,30.36000000,29.44000000,167760,622341728.00000000,3.01000000,-1.70000000,-0.52000000,1.10000000,藏格矿业
2022-02-21,000408,29.85000000,30.10000000,30.68000000,29.61000000,198952,742580544.00000000,3.56000000,0.27000000,0.08000000,1.30000000,藏格矿业
2022-02-22,000408,30.50000000,30.93000000,31.15000000,30.04000000,272898,1034898272.00000000,3.69000000,2.76000000,0.83000000,1.79000000,藏格矿业
2022-02-23,000408,30.75000000,30.09000000,31.18000000,29.52000000,272572,1020550064.00000000,5.37000000,-2.72000000,-0.84000000,1.79000000,藏格矿业
2022-02-24,000408,29.59000000,29.39000000,30.92000000,28.29000000,295622,1092387264.00000000,8.74000000,-2.33000000,-0.70000000,1.94000000,藏格矿业
2022-02-25,000408,30.29000000,30.27000000,30.84000000,29.75000000,230566,867487024.00000000,3.71000000,2.99000000,0.88000000,1.51000000,藏格矿业
2022-02-28,000408,30.64000000,31.23000000,31.28000000,29.99000000,249774,951680880.00000000,4.26000000,3.17000000,0.96000000,1.64000000,藏格矿业
2022-03-01,000408,30.78000000,28.86000000,30.99000000,28.70000000,326493,1206541808.00000000,7.33000000,-7.59000000,-2.37000000,2.14000000,藏格矿业
2022-03-02,000408,28.77000000,29.64000000,30.03000000,28.77000000,163789,600576288.00000000,4.37000000,2.70000000,0.78000000,1.07000000,藏格矿业
2022-03-03,000408,29.81000000,30.53000000,31.51000000,29.36000000,262981,993699712.00000000,7.25000000,3.00000000,0.89000000,1.72000000,藏格矿业
2022-03-04,000408,30.19000000,29.93000000,30.94000000,29.38000000,145643,542461968.00000000,5.11000000,-1.97000000,-0.60000000,0.95000000,藏格矿业
2022-03-07,000408,30.35000000,30.72000000,31.38000000,30.34000000,211592,806508352.00000000,3.47000000,2.64000000,0.79000000,1.39000000,藏格矿业
2022-03-08,000408,30.19000000,28.50000000,30.96000000,27.15000000,254513,918395552.00000000,12.40000000,-7.23000000,-2.22000000,1.67000000,藏格矿业
2022-03-09,000408,28.59000000,27.39000000,28.97000000,25.37000000,166160,570554288.00000000,12.63000000,-3.89000000,-1.11000000,1.09000000,藏格矿业
2022-03-10,000408,28.29000000,29.39000000,29.56000000,27.49000000,174658,625326016.00000000,7.56000000,7.30000000,2.00000000,1.15000000,藏格矿业
2022-03-11,000408,27.79000000,27.53000000,28.74000000,26.69000000,215645,751442800.00000000,6.98000000,-6.33000000,-1.86000000,1.41000000,藏格矿业
2022-03-14,000408,27.19000000,26.07000000,27.27000000,25.71000000,178398,599646848.00000000,5.67000000,-5.30000000,-1.46000000,1.17000000,藏格矿业
2022-03-15,000408,25.49000000,25.36000000,27.07000000,25.17000000,172541,571903792.00000000,7.29000000,-2.72000000,-0.71000000,1.13000000,藏格矿业
2022-03-16,000408,26.04000000,26.29000000,26.37000000,24.67000000,189715,626689328.00000000,6.70000000,3.67000000,0.93000000,1.24000000,藏格矿业
2022-03-17,000408,26.34000000,25.91000000,27.19000000,25.82000000,160198,540705872.00000000,5.21000000,-1.45000000,-0.38000000,1.05000000,藏格矿业
2022-03-18,000408,25.79000000,26.03000000,26.34000000,25.32000000,97264,321215344.00000000,3.94000000,0.46000000,0.12000000,0.64000000,藏格矿业
2022-03-21,000408,25.54000000,25.80000000,26.39000000,25.24000000,165048,545565088.00000000,4.42000000,-0.88000000,-0.23000000,1.08000000,藏格矿业
2022-03-22,000408,25.61000000,25.44000000,26.52000000,25.07000000,150336,493541776.00000000,5.62000000,-1.40000000,-0.36000000,0.99000000,藏格矿业
2022-03-23,000408,25.55000000,24.88000000,25.74000000,24.71000000,126141,407595488.00000000,4.05000000,-2.20000000,-0.56000000,0.83000000,藏格矿业
2022-03-24,000408,25.02000000,25.39000000,25.82000000,23.94000000,169192,541810576.00000000,7.56000000,2.05000000,0.51000000,1.11000000,藏格矿业
2022-03-25,000408,25.55000000,25.70000000,26.28000000,25.10000000,189418,625926048.00000000,4.65000000,1.22000000,0.31000000,1.24000000,藏格矿业
2022-03-28,000408,25.55000000,24.57000000,25.55000000,24.12000000,129154,411310544.00000000,5.56000000,-4.40000000,-1.13000000,0.85000000,藏格矿业
2022-03-29,000408,24.78000000,25.14000000,25.58000000,24.21000000,140670,454830288.00000000,5.58000000,2.32000000,0.57000000,0.92000000,藏格矿业
2022-03-30,000408,24.83000000,24.88000000,25.34000000,24.46000000,116397,373786656.00000000,3.50000000,-1.03000000,-0.26000000,0.76000000,藏格矿业
2022-03-31,000408,24.80000000,22.97000000,24.96000000,22.73000000,200838,613511008.00000000,8.96000000,-7.68000000,-1.91000000,1.32000000,藏格矿业
2022-04-01,000408,22.70000000,23.59000000,23.99000000,22.54000000,123324,378867008.00000000,6.31000000,2.70000000,0.62000000,0.81000000,藏格矿业
2022-04-06,000408,23.28000000,22.73000000,23.67000000,22.49000000,102728,307591488.00000000,5.00000000,-3.65000000,-0.86000000,0.67000000,藏格矿业
2022-04-07,000408,22.71000000,24.01000000,24.49000000,22.39000000,179684,553282608.00000000,9.24000000,5.63000000,1.28000000,1.18000000,藏格矿业
2022-04-08,000408,23.77000000,23.79000000,24.89000000,23.19000000,196107,611953120.00000000,7.08000000,-0.92000000,-0.22000000,1.29000000,藏格矿业
2022-04-11,000408,23.49000000,21.91000000,23.54000000,21.89000000,168158,497787824.00000000,6.94000000,-7.90000000,-1.88000000,1.10000000,藏格矿业
2022-04-12,000408,22.29000000,21.86000000,22.99000000,21.32000000,126185,368412832.00000000,7.62000000,-0.23000000,-0.05000000,0.83000000,藏格矿业
2022-04-13,000408,21.86000000,21.80000000,22.54000000,21.30000000,114791,334357696.00000000,5.67000000,-0.27000000,-0.06000000,0.75000000,藏格矿业
2022-04-14,000408,21.82000000,21.87000000,22.39000000,21.01000000,133796,386936512.00000000,6.33000000,0.32000000,0.07000000,0.88000000,藏格矿业
2022-04-15,000408,21.68000000,20.55000000,21.73000000,20.55000000,115428,325605680.00000000,5.40000000,-6.04000000,-1.32000000,0.76000000,藏格矿业
2022-04-18,000408,20.75000000,20.14000000,20.77000000,19.89000000,107289,293705616.00000000,4.28000000,-2.00000000,-0.41000000,0.70000000,藏格矿业
2022-04-19,000408,20.56000000,21.30000000,21.69000000,20.09000000,152152,429609296.00000000,7.94000000,5.76000000,1.16000000,1.00000000,藏格矿业
2022-04-20,000408,21.14000000,20.30000000,21.35000000,20.27000000,109532,306987664.00000000,5.07000000,-4.69000000,-1.00000000,0.72000000,藏格矿业
2022-04-21,000408,20.31000000,18.46000000,20.48000000,18.29000000,148163,389013040.00000000,10.79000000,-9.06000000,-1.84000000,0.97000000,藏格矿业
2022-04-22,000408,18.26000000,18.12000000,18.79000000,17.84000000,102308,260642667.00000000,5.15000000,-1.84000000,-0.34000000,0.67000000,藏格矿业
2022-04-25,000408,17.69000000,15.59000000,17.69000000,15.59000000,215643,510412880.00000000,11.59000000,-13.96000000,-2.53000000,1.41000000,藏格矿业
2022-04-26,000408,15.58000000,14.92000000,15.82000000,14.71000000,156747,352846928.00000000,7.12000000,-4.30000000,-0.67000000,1.03000000,藏格矿业
2022-04-27,000408,14.60000000,16.86000000,16.89000000,14.59000000,206356,474840976.00000000,15.42000000,13.00000000,1.94000000,1.35000000,藏格矿业
2022-04-28,000408,16.49000000,17.42000000,18.03000000,16.32000000,207947,509271536.00000000,10.14000000,3.32000000,0.56000000,1.36000000,藏格矿业
2022-04-29,000408,17.66000000,18.65000000,19.07000000,17.27000000,200161,505122800.00000000,10.33000000,7.06000000,1.23000000,1.31000000,藏格矿业
2022-05-05,000408,18.52000000,18.87000000,19.29000000,18.22000000,147752,386556768.00000000,5.74000000,1.18000000,0.22000000,0.97000000,藏格矿业
2022-05-06,000408,18.08000000,18.42000000,18.99000000,17.99000000,121875,313355152.00000000,5.30000000,-2.38000000,-0.45000000,0.80000000,藏格矿业
2022-05-09,000408,18.44000000,18.48000000,19.17000000,18.29000000,98085,253228698.00000000,4.78000000,0.33000000,0.06000000,0.64000000,藏格矿业
2022-05-10,000408,18.10000000,18.84000000,18.89000000,17.81000000,107582,276182768.00000000,5.84000000,1.95000000,0.36000000,0.71000000,藏格矿业
2022-05-11,000408,18.64000000,19.01000000,19.95000000,18.55000000,158278,419560832.00000000,7.43000000,0.90000000,0.17000000,1.04000000,藏格矿业
2022-05-12,000408,18.79000000,18.60000000,19.29000000,18.15000000,111501,288899168.00000000,6.00000000,-2.16000000,-0.41000000,0.73000000,藏格矿业
2022-05-13,000408,18.72000000,18.46000000,19.05000000,18.42000000,67851,175485991.00000000,3.39000000,-0.75000000,-0.14000000,0.44000000,藏格矿业
2022-05-16,000408,18.74000000,18.74000000,19.31000000,18.56000000,96339,251498382.00000000,4.06000000,1.52000000,0.28000000,0.63000000,藏格矿业
2022-05-17,000408,19.29000000,21.34000000,21.34000000,19.00000000,141056,390887984.00000000,12.49000000,13.87000000,2.60000000,0.92000000,藏格矿业
2022-05-18,000408,22.17000000,22.23000000,22.83000000,21.66000000,388344,1145772384.00000000,5.48000000,4.17000000,0.89000000,2.55000000,藏格矿业
2022-05-19,000408,21.79000000,22.46000000,22.75000000,21.60000000,217313,637409456.00000000,5.17000000,1.03000000,0.23000000,1.42000000,藏格矿业
2022-05-20,000408,22.29000000,22.78000000,23.08000000,22.11000000,200864,599264960.00000000,4.32000000,1.42000000,0.32000000,1.32000000,藏格矿业
2022-05-23,000408,23.00000000,24.77000000,25.23000000,23.00000000,295071,934600288.00000000,9.79000000,8.74000000,1.99000000,1.93000000,藏格矿业
2022-05-24,000408,24.29000000,23.74000000,25.67000000,23.66000000,323509,1030262528.00000000,8.11000000,-4.16000000,-1.03000000,2.12000000,藏格矿业
2022-05-25,000408,22.74000000,22.63000000,23.72000000,21.99000000,267883,798604560.00000000,7.29000000,-4.68000000,-1.11000000,1.76000000,藏格矿业
2022-05-26,000408,22.64000000,22.91000000,23.64000000,22.05000000,173124,521028672.00000000,7.03000000,1.24000000,0.28000000,1.13000000,藏格矿业
2022-05-27,000408,23.45000000,23.02000000,24.10000000,22.69000000,138364,423280064.00000000,6.15000000,0.48000000,0.11000000,0.91000000,藏格矿业
2022-05-30,000408,23.64000000,23.07000000,23.67000000,22.32000000,141087,424010784.00000000,5.86000000,0.22000000,0.05000000,0.92000000,藏格矿业
2022-05-31,000408,22.72000000,22.73000000,22.96000000,22.25000000,96845,288293680.00000000,3.08000000,-1.47000000,-0.34000000,0.63000000,藏格矿业
2022-06-01,000408,22.42000000,22.46000000,22.78000000,22.00000000,86323,255337506.00000000,3.43000000,-1.19000000,-0.27000000,0.57000000,藏格矿业
2022-06-02,000408,22.29000000,22.98000000,23.07000000,22.15000000,124132,372101824.00000000,4.10000000,2.32000000,0.52000000,0.81000000,藏格矿业
2022-06-06,000408,22.80000000,24.37000000,24.94000000,22.69000000,199750,627670720.00000000,9.79000000,6.05000000,1.39000000,1.31000000,藏格矿业
2022-06-07,000408,24.49000000,24.35000000,24.76000000,23.85000000,149673,472881152.00000000,3.73000000,-0.08000000,-0.02000000,0.98000000,藏格矿业
2022-06-08,000408,24.69000000,25.41000000,26.05000000,24.40000000,232628,759405776.00000000,6.78000000,4.35000000,1.06000000,1.53000000,藏格矿业
2022-06-09,000408,25.10000000,25.63000000,26.01000000,24.94000000,171368,561003936.00000000,4.21000000,0.87000000,0.22000000,1.12000000,藏格矿业
2022-06-10,000408,25.41000000,25.97000000,26.25000000,25.22000000,197964,656193280.00000000,4.02000000,1.33000000,0.34000000,1.30000000,藏格矿业
2022-06-13,000408,25.63000000,26.40000000,27.11000000,25.61000000,192057,646678896.00000000,5.78000000,1.66000000,0.43000000,1.26000000,藏格矿业
2022-06-14,000408,25.82000000,26.32000000,26.38000000,24.99000000,155482,513491376.00000000,5.27000000,-0.30000000,-0.08000000,1.02000000,藏格矿业
2022-06-15,000408,26.49000000,25.69000000,26.85000000,25.65000000,133220,443208400.00000000,4.56000000,-2.39000000,-0.63000000,0.87000000,藏格矿业
2022-06-16,000408,25.60000000,25.79000000,26.33000000,25.19000000,116611,383137728.00000000,4.44000000,0.39000000,0.10000000,0.76000000,藏格矿业
2022-06-17,000408,25.80000000,27.15000000,27.29000000,25.64000000,227673,775560032.00000000,6.40000000,5.27000000,1.36000000,1.49000000,藏格矿业
2022-06-20,000408,27.17000000,26.79000000,27.68000000,26.44000000,150456,512363152.00000000,4.57000000,-1.33000000,-0.36000000,0.99000000,藏格矿业
2022-06-21,000408,26.60000000,25.03000000,26.79000000,24.87000000,175337,575243584.00000000,7.17000000,-6.57000000,-1.76000000,1.15000000,藏格矿业
2022-06-22,000408,25.03000000,25.10000000,25.78000000,24.91000000,111597,363479872.00000000,3.48000000,0.28000000,0.07000000,0.73000000,藏格矿业
2022-06-23,000408,24.99000000,25.40000000,25.52000000,23.83000000,142000,452481424.00000000,6.73000000,1.20000000,0.30000000,0.93000000,藏格矿业
2022-06-24,000408,25.49000000,25.61000000,25.77000000,24.69000000,95450,310981744.00000000,4.25000000,0.83000000,0.21000000,0.63000000,藏格矿业
2022-06-27,000408,25.59000000,26.07000000,27.09000000,24.59000000,168657,563626464.00000000,9.76000000,1.80000000,0.46000000,1.11000000,藏格矿业
2022-06-28,000408,26.01000000,26.40000000,27.18000000,25.66000000,139992,469417920.00000000,5.83000000,1.27000000,0.33000000,0.89000000,藏格矿业
2022-06-29,000408,26.09000000,24.58000000,26.15000000,24.47000000,160909,519923360.00000000,6.36000000,-6.89000000,-1.82000000,1.02000000,藏格矿业
2022-06-30,000408,24.59000000,25.73000000,26.25000000,24.59000000,167245,552900384.00000000,6.75000000,4.68000000,1.15000000,1.06000000,藏格矿业
2022-07-01,000408,26.30000000,28.17000000,28.74000000,25.54000000,318176,1101045472.00000000,12.44000000,9.48000000,2.44000000,2.01000000,藏格矿业
2022-07-04,000408,28.09000000,29.45000000,29.94000000,27.61000000,229459,838167344.00000000,8.27000000,4.54000000,1.28000000,1.45000000,藏格矿业
2022-07-05,000408,29.45000000,30.15000000,30.49000000,28.83000000,184579,679445248.00000000,5.64000000,2.38000000,0.70000000,1.17000000,藏格矿业
2022-07-06,000408,29.69000000,29.69000000,30.13000000,28.99000000,169270,621854912.00000000,3.78000000,-1.53000000,-0.46000000,1.07000000,藏格矿业
2022-07-07,000408,29.73000000,30.43000000,31.29000000,29.19000000,164609,620354608.00000000,7.07000000,2.49000000,0.74000000,1.04000000,藏格矿业
2022-07-08,000408,30.47000000,30.57000000,31.39000000,29.69000000,145249,545411168.00000000,5.59000000,0.46000000,0.14000000,0.92000000,藏格矿业
2022-07-11,000408,30.46000000,29.65000000,30.97000000,28.73000000,151818,555911040.00000000,7.33000000,-3.01000000,-0.92000000,0.96000000,藏格矿业
2022-07-12,000408,30.35000000,28.57000000,30.82000000,28.04000000,227735,825005402.55999994,9.38000000,-3.64000000,-1.08000000,1.44000000,藏格矿业
2022-07-13,000408,28.10000000,29.26000000,30.29000000,27.46000000,188170,682140937.27999997,9.91000000,2.42000000,0.69000000,1.19000000,藏格矿业
2022-07-14,000408,28.59000000,28.77000000,29.27000000,28.17000000,113354,407233186.19000000,3.76000000,-1.67000000,-0.49000000,0.72000000,藏格矿业
2022-07-15,000408,28.77000000,28.75000000,29.95000000,28.59000000,105957,386976182.89999998,4.73000000,-0.07000000,-0.02000000,0.67000000,藏格矿业
2022-07-18,000408,28.67000000,28.70000000,28.99000000,27.58000000,132776,472489297.33999997,4.90000000,-0.17000000,-0.05000000,0.84000000,藏格矿业
2022-07-19,000408,28.52000000,28.48000000,29.04000000,27.90000000,86581,309330623.54000002,3.97000000,-0.77000000,-0.22000000,0.55000000,藏格矿业
2022-07-20,000408,28.74000000,29.02000000,29.72000000,28.44000000,96783,351703820.80000001,4.49000000,1.90000000,0.54000000,0.61000000,藏格矿业
2022-07-21,000408,28.96000000,27.59000000,28.96000000,27.58000000,110122,388818897.02999997,4.76000000,-4.93000000,-1.43000000,0.70000000,藏格矿业
2022-07-22,000408,27.64000000,28.38000000,28.77000000,27.35000000,115087,404858268.25000000,5.15000000,2.86000000,0.79000000,0.73000000,藏格矿业
2022-07-25,000408,28.94000000,27.53000000,29.29000000,27.47000000,104170,370140024.95999998,6.41000000,-3.00000000,-0.85000000,0.66000000,藏格矿业
2022-07-26,000408,28.26000000,29.50000000,30.24000000,28.26000000,281654,1030594749.34000003,7.19000000,7.16000000,1.97000000,1.78000000,藏格矿业
2022-07-27,000408,29.24000000,27.84000000,29.32000000,27.46000000,257841,905290461.88000000,6.31000000,-5.63000000,-1.66000000,1.63000000,藏格矿业
2022-07-28,000408,27.83000000,26.32000000,27.99000000,26.24000000,224112,759694437.27999997,6.29000000,-5.46000000,-1.52000000,1.42000000,藏格矿业
2022-07-29,000408,26.05000000,26.30000000,26.62000000,25.69000000,108890,362611891.43000001,3.53000000,-0.08000000,-0.02000000,0.69000000,藏格矿业
2022-08-01,000408,26.19000000,26.72000000,26.85000000,25.43000000,145890,488454643.94000000,5.40000000,1.60000000,0.42000000,0.92000000,藏格矿业
2022-08-02,000408,26.26000000,25.62000000,26.41000000,25.15000000,155512,511843335.06999999,4.72000000,-4.12000000,-1.10000000,0.98000000,藏格矿业
2022-08-03,000408,25.62000000,25.61000000,26.73000000,25.39000000,105335,350719640.56000000,5.23000000,-0.04000000,-0.01000000,0.67000000,藏格矿业
2022-08-04,000408,25.94000000,25.89000000,26.80000000,25.62000000,102704,341536597.44999999,4.61000000,1.09000000,0.28000000,0.65000000,藏格矿业
2022-08-05,000408,25.90000000,26.21000000,26.46000000,25.40000000,97689,324014866.64999998,4.09000000,1.24000000,0.32000000,0.62000000,藏格矿业
2022-08-08,000408,26.27000000,26.89000000,26.89000000,26.04000000,107615,364473380.25000000,3.24000000,2.59000000,0.68000000,0.68000000,藏格矿业
2022-08-09,000408,26.72000000,26.92000000,27.21000000,26.46000000,90444,308252526.25999999,2.79000000,0.11000000,0.03000000,0.57000000,藏格矿业
2022-08-10,000408,26.97000000,26.84000000,27.38000000,26.54000000,105855,360916876.37000000,3.12000000,-0.30000000,-0.08000000,0.67000000,藏格矿业
2022-08-11,000408,26.79000000,26.57000000,26.87000000,25.83000000,129566,434753535.47000003,3.87000000,-1.01000000,-0.27000000,0.82000000,藏格矿业
2022-08-12,000408,26.41000000,26.68000000,27.08000000,26.31000000,89626,304650303.88000000,2.90000000,0.41000000,0.11000000,0.57000000,藏格矿业
2022-08-15,000408,27.17000000,27.78000000,28.51000000,27.14000000,211936,743103760.41999996,5.13000000,4.12000000,1.10000000,1.34000000,藏格矿业
2022-08-16,000408,27.85000000,27.61000000,28.17000000,27.42000000,124536,434249702.99000001,2.70000000,-0.61000000,-0.17000000,0.79000000,藏格矿业
2022-08-17,000408,27.61000000,27.84000000,28.26000000,26.87000000,133733,464488060.01999998,5.03000000,0.83000000,0.23000000,0.85000000,藏格矿业
2022-08-18,000408,28.09000000,27.83000000,28.09000000,27.49000000,124879,436073574.91000003,2.16000000,-0.04000000,-0.01000000,0.79000000,藏格矿业
2022-08-19,000408,27.65000000,26.34000000,27.65000000,25.79000000,157885,502902214.01999998,6.68000000,-5.35000000,-1.49000000,1.00000000,藏格矿业
2022-08-22,000408,25.99000000,27.54000000,27.66000000,25.52000000,173522,557546453.83000004,8.12000000,4.56000000,1.20000000,1.10000000,藏格矿业
2022-08-23,000408,27.39000000,26.87000000,27.95000000,26.73000000,110959,359948284.55000001,4.43000000,-2.43000000,-0.67000000,0.70000000,藏格矿业
2022-08-24,000408,27.01000000,26.40000000,27.40000000,26.09000000,97022,310919069.44000000,4.88000000,-1.75000000,-0.47000000,0.61000000,藏格矿业
2022-08-25,000408,26.34000000,25.65000000,26.53000000,25.31000000,95693,297000893.25999999,4.62000000,-2.84000000,-0.75000000,0.61000000,藏格矿业
2022-08-26,000408,25.84000000,26.04000000,26.84000000,25.69000000,115260,365839429.31999999,4.48000000,1.52000000,0.39000000,0.73000000,藏格矿业
2022-08-29,000408,25.32000000,25.93000000,26.21000000,25.09000000,77060,239311033.88000000,4.30000000,-0.42000000,-0.11000000,0.49000000,藏格矿业
2022-08-30,000408,26.02000000,25.94000000,26.57000000,25.61000000,77724,243672628.28000000,3.70000000,0.04000000,0.01000000,0.49000000,藏格矿业
2022-08-31,000408,26.07000000,25.99000000,26.45000000,24.97000000,192271,595399782.28999996,5.71000000,0.19000000,0.05000000,1.22000000,藏格矿业
2022-09-01,000408,25.69000000,24.16000000,25.78000000,23.96000000,177625,530569249.79000002,7.00000000,-7.04000000,-1.83000000,1.12000000,藏格矿业
2022-09-02,000408,24.23000000,23.96000000,24.49000000,23.58000000,95870,280344846.10000002,3.77000000,-0.83000000,-0.20000000,0.61000000,藏格矿业
2022-09-05,000408,23.71000000,23.76000000,23.97000000,23.51000000,52869,153609073.08000001,1.92000000,-0.83000000,-0.20000000,0.33000000,藏格矿业
2022-09-06,000408,23.97000000,26.06000000,26.19000000,23.77000000,205624,632026357.00999999,10.19000000,9.68000000,2.30000000,1.30000000,藏格矿业
2022-09-07,000408,25.62000000,25.79000000,26.29000000,25.37000000,85015,264821563.97000000,3.53000000,-1.04000000,-0.27000000,0.54000000,藏格矿业
2022-09-08,000408,25.80000000,25.41000000,26.07000000,25.32000000,67989,210566113.80000001,2.91000000,-1.47000000,-0.38000000,0.43000000,藏格矿业
2022-09-09,000408,25.44000000,26.10000000,26.15000000,25.20000000,103100,320645046.70999998,3.74000000,2.72000000,0.69000000,0.65000000,藏格矿业
2022-09-13,000408,26.69000000,26.94000000,27.58000000,26.40000000,154549,500720103.06999999,4.52000000,3.22000000,0.84000000,0.98000000,藏格矿业
2022-09-14,000408,26.24000000,26.59000000,27.19000000,26.05000000,109124,349032586.37000000,4.23000000,-1.30000000,-0.35000000,0.69000000,藏格矿业
2022-09-15,000408,26.89000000,26.39000000,27.22000000,25.60000000,119516,378017189.29000002,6.09000000,-0.75000000,-0.20000000,0.76000000,藏格矿业
2022-09-16,000408,25.88000000,26.19000000,26.19000000,24.86000000,127055,394437602.80000001,5.04000000,-0.76000000,-0.20000000,0.80000000,藏格矿业
2022-09-19,000408,25.87000000,25.84000000,26.44000000,25.35000000,130051,405392246.14999998,4.16000000,-1.34000000,-0.35000000,0.82000000,藏格矿业
2022-09-20,000408,25.90000000,26.45000000,26.89000000,25.90000000,117680,374046197.41000003,3.83000000,2.36000000,0.61000000,0.74000000,藏格矿业
2022-09-21,000408,26.25000000,26.22000000,26.51000000,25.76000000,75675,237911007.97000000,2.84000000,-0.87000000,-0.23000000,0.48000000,藏格矿业
2022-09-22,000408,25.83000000,25.48000000,26.21000000,25.25000000,88700,274579265.98000002,3.66000000,-2.82000000,-0.74000000,0.56000000,藏格矿业
2022-09-23,000408,25.39000000,24.62000000,25.64000000,24.24000000,83737,251988986.16999999,5.49000000,-3.38000000,-0.86000000,0.53000000,藏格矿业
2022-09-26,000408,24.38000000,24.08000000,24.69000000,24.01000000,63732,189188368.84000000,2.76000000,-2.19000000,-0.54000000,0.40000000,藏格矿业
2022-09-27,000408,24.01000000,23.89000000,24.39000000,23.19000000,66865,193368372.12000000,4.98000000,-0.79000000,-0.19000000,0.42000000,藏格矿业
2022-09-28,000408,23.89000000,22.45000000,23.90000000,22.40000000,82626,232616646.27000001,6.28000000,-6.03000000,-1.44000000,0.52000000,藏格矿业
2022-09-29,000408,22.80000000,23.47000000,23.89000000,22.75000000,105822,304612345.81999999,5.08000000,4.54000000,1.02000000,0.67000000,藏格矿业
2022-09-30,000408,23.50000000,23.19000000,23.74000000,23.10000000,51255,146762555.77000001,2.73000000,-1.19000000,-0.28000000,0.32000000,藏格矿业
2022-10-10,000408,23.30000000,22.28000000,23.41000000,22.18000000,63170,176498873.99000001,5.30000000,-3.92000000,-0.91000000,0.40000000,藏格矿业
2022-10-11,000408,22.13000000,22.69000000,23.14000000,22.13000000,54382,151830394.34999999,4.53000000,1.84000000,0.41000000,0.34000000,藏格矿业
2022-10-12,000408,22.53000000,22.91000000,22.91000000,21.61000000,75595,208120323.59999999,5.73000000,0.97000000,0.22000000,0.48000000,藏格矿业
2022-10-13,000408,22.60000000,22.12000000,22.78000000,22.03000000,65090,180104898.19999999,3.27000000,-3.45000000,-0.79000000,0.41000000,藏格矿业
2022-10-14,000408,22.97000000,23.77000000,23.90000000,22.97000000,143268,412489098.75999999,4.20000000,7.46000000,1.65000000,0.91000000,藏格矿业
2022-10-17,000408,23.43000000,23.82000000,23.90000000,23.21000000,99763,287943643.61000001,2.90000000,0.21000000,0.05000000,0.63000000,藏格矿业
2022-10-18,000408,23.90000000,23.71000000,24.33000000,23.55000000,63701,185921120.52000001,3.27000000,-0.46000000,-0.11000000,0.40000000,藏格矿业
2022-10-19,000408,23.67000000,23.53000000,24.29000000,23.29000000,64035,186102878.08000001,4.22000000,-0.76000000,-0.18000000,0.41000000,藏格矿业
2022-10-20,000408,23.46000000,22.69000000,23.49000000,22.48000000,93772,263384245.75999999,4.29000000,-3.57000000,-0.84000000,0.59000000,藏格矿业
2022-10-21,000408,22.99000000,22.64000000,23.17000000,22.39000000,65351,183682316.37000000,3.44000000,-0.22000000,-0.05000000,0.41000000,藏格矿业
2022-10-24,000408,22.77000000,22.15000000,23.27000000,22.10000000,76505,214206633.84999999,5.17000000,-2.16000000,-0.49000000,0.48000000,藏格矿业
2022-10-25,000408,22.19000000,22.18000000,22.39000000,21.21000000,79033,213813417.12000000,5.33000000,0.14000000,0.03000000,0.50000000,藏格矿业
2022-10-26,000408,22.18000000,22.61000000,22.90000000,22.07000000,69819,194221520.49000001,3.74000000,1.94000000,0.43000000,0.44000000,藏格矿业
2022-10-27,000408,22.67000000,22.48000000,23.09000000,22.40000000,61222,172033144.68000001,3.05000000,-0.57000000,-0.13000000,0.39000000,藏格矿业
2022-10-28,000408,21.99000000,21.20000000,22.29000000,21.08000000,74628,200290290.22000000,5.38000000,-5.69000000,-1.28000000,0.47000000,藏格矿业
2022-10-31,000408,20.64000000,21.84000000,22.04000000,20.64000000,76034,204792153.50000000,6.60000000,3.02000000,0.64000000,0.48000000,藏格矿业
2022-11-01,000408,21.90000000,23.45000000,23.88000000,21.90000000,127252,363185665.69000000,9.07000000,7.37000000,1.61000000,0.81000000,藏格矿业
2022-11-02,000408,23.26000000,23.34000000,23.59000000,23.11000000,96841,277163382.57999998,2.05000000,-0.47000000,-0.11000000,0.61000000,藏格矿业
2022-11-03,000408,22.69000000,23.65000000,24.24000000,22.28000000,97290,282257880.06999999,8.40000000,1.33000000,0.31000000,0.62000000,藏格矿业
2022-11-04,000408,23.96000000,25.80000000,26.19000000,23.65000000,215575,658839729.71000004,10.74000000,9.09000000,2.15000000,1.36000000,藏格矿业
2022-11-07,000408,25.96000000,26.24000000,26.88000000,25.80000000,193191,610400576.38999999,4.19000000,1.71000000,0.44000000,1.22000000,藏格矿业
2022-11-08,000408,26.00000000,26.23000000,26.57000000,25.83000000,93736,295480797.82999998,2.82000000,-0.04000000,-0.01000000,0.59000000,藏格矿业
2022-11-09,000408,26.65000000,26.26000000,26.69000000,25.96000000,82295,260294342.55000001,2.78000000,0.11000000,0.03000000,0.52000000,藏格矿业
2022-11-10,000408,26.23000000,25.70000000,26.42000000,25.37000000,110019,341444729.49000001,4.00000000,-2.13000000,-0.56000000,0.70000000,藏格矿业
2022-11-11,000408,26.42000000,25.37000000,26.60000000,25.34000000,104585,326147380.67000002,4.90000000,-1.28000000,-0.33000000,0.66000000,藏格矿业
2022-11-14,000408,25.54000000,24.70000000,25.74000000,24.62000000,94952,288313645.39999998,4.41000000,-2.64000000,-0.67000000,0.60000000,藏格矿业
2022-11-15,000408,24.92000000,25.11000000,25.18000000,24.14000000,85092,255644428.06000000,4.21000000,1.66000000,0.41000000,0.54000000,藏格矿业
2022-11-16,000408,24.80000000,24.38000000,25.11000000,24.32000000,71688,214305973.22999999,3.15000000,-2.91000000,-0.73000000,0.45000000,藏格矿业
2022-11-17,000408,24.34000000,24.49000000,24.57000000,24.02000000,68482,202780127.50000000,2.26000000,0.45000000,0.11000000,0.43000000,藏格矿业
2022-11-18,000408,24.63000000,24.54000000,25.17000000,24.21000000,100749,301849532.88999999,3.92000000,0.20000000,0.05000000,0.64000000,藏格矿业
2022-11-21,000408,24.00000000,24.90000000,25.07000000,23.59000000,99028,296706501.55000001,6.03000000,1.47000000,0.36000000,0.63000000,藏格矿业
2022-11-22,000408,24.91000000,24.72000000,25.10000000,24.51000000,65948,198590850.59000000,2.37000000,-0.72000000,-0.18000000,0.42000000,藏格矿业
2022-11-23,000408,24.69000000,24.48000000,24.83000000,24.21000000,58284,174050522.66000000,2.51000000,-0.97000000,-0.24000000,0.37000000,藏格矿业
2022-11-24,000408,24.67000000,25.80000000,26.19000000,24.45000000,143836,441858272.35000002,7.11000000,5.39000000,1.32000000,0.91000000,藏格矿业
2022-11-25,000408,25.81000000,25.29000000,25.84000000,25.07000000,74198,227791495.03000000,2.98000000,-1.98000000,-0.51000000,0.47000000,藏格矿业
2022-11-28,000408,24.80000000,25.01000000,25.08000000,24.15000000,62974,189308371.69000000,3.68000000,-1.11000000,-0.28000000,0.40000000,藏格矿业
2022-11-29,000408,25.02000000,24.92000000,25.33000000,24.52000000,53132,160411792.63000000,3.24000000,-0.36000000,-0.09000000,0.34000000,藏格矿业
2022-11-30,000408,24.92000000,25.47000000,25.47000000,24.35000000,89788,271653453.24000001,4.49000000,2.21000000,0.55000000,0.57000000,藏格矿业
2022-12-01,000408,25.29000000,24.89000000,25.47000000,24.85000000,85065,258704269.53000000,2.43000000,-2.28000000,-0.58000000,0.54000000,藏格矿业
2022-12-02,000408,24.62000000,24.31000000,24.87000000,24.25000000,91156,271360280.10000002,2.49000000,-2.33000000,-0.58000000,0.58000000,藏格矿业
2022-12-05,000408,24.32000000,24.04000000,24.66000000,23.84000000,92497,272391854.83999997,3.37000000,-1.11000000,-0.27000000,0.59000000,藏格矿业
2022-12-06,000408,23.70000000,23.46000000,23.91000000,22.81000000,132949,381144939.19000000,4.58000000,-2.41000000,-0.58000000,0.84000000,藏格矿业
2022-12-07,000408,23.41000000,22.84000000,23.93000000,22.68000000,161705,460087977.13000000,5.33000000,-2.64000000,-0.62000000,1.02000000,藏格矿业
2022-12-08,000408,22.69000000,22.92000000,23.04000000,22.34000000,93024,261419100.97000000,3.06000000,0.35000000,0.08000000,0.59000000,藏格矿业
2022-12-09,000408,22.79000000,22.88000000,23.47000000,22.60000000,128739,363633635.17000002,3.80000000,-0.17000000,-0.04000000,0.81000000,藏格矿业
2022-12-12,000408,22.87000000,22.18000000,22.97000000,22.13000000,113231,312660658.00000000,3.67000000,-3.06000000,-0.70000000,0.72000000,藏格矿业
2022-12-13,000408,22.19000000,21.69000000,22.44000000,21.55000000,91283,248608812.40000001,4.01000000,-2.21000000,-0.49000000,0.58000000,藏格矿业
2022-12-14,000408,21.57000000,21.58000000,21.93000000,21.49000000,77116,208303095.78000000,2.03000000,-0.51000000,-0.11000000,0.49000000,藏格矿业
2022-12-15,000408,21.54000000,21.38000000,21.71000000,21.08000000,88835,236305107.41000000,2.92000000,-0.93000000,-0.20000000,0.56000000,藏格矿业
2022-12-16,000408,21.38000000,21.27000000,21.45000000,20.92000000,89157,236002405.40000001,2.48000000,-0.51000000,-0.11000000,0.56000000,藏格矿业
2022-12-19,000408,21.13000000,20.87000000,21.87000000,20.67000000,122686,325188663.86000001,5.64000000,-1.88000000,-0.40000000,0.78000000,藏格矿业
2022-12-20,000408,20.76000000,20.92000000,21.03000000,20.41000000,68025,177299638.59999999,2.97000000,0.24000000,0.05000000,0.43000000,藏格矿业
2022-12-21,000408,20.89000000,20.55000000,21.07000000,20.44000000,58168,151147113.88999999,3.01000000,-1.77000000,-0.37000000,0.37000000,藏格矿业
2022-12-22,000408,20.69000000,19.66000000,20.78000000,19.59000000,103980,263273560.19000000,5.79000000,-4.33000000,-0.89000000,0.66000000,藏格矿业
2022-12-23,000408,19.65000000,19.82000000,19.96000000,19.55000000,61510,154271923.59000000,2.09000000,0.81000000,0.16000000,0.39000000,藏格矿业
2022-12-26,000408,19.82000000,20.67000000,20.76000000,19.82000000,70587,181930057.36000001,4.74000000,4.29000000,0.85000000,0.45000000,藏格矿业
2022-12-27,000408,20.69000000,21.22000000,21.34000000,20.59000000,90402,239073770.87000000,3.63000000,2.66000000,0.55000000,0.57000000,藏格矿业
2022-12-28,000408,21.06000000,20.98000000,21.34000000,20.81000000,79923,210919042.50999999,2.50000000,-1.13000000,-0.24000000,0.51000000,藏格矿业
2022-12-29,000408,20.88000000,20.79000000,21.27000000,20.70000000,73687,193768967.78000000,2.72000000,-0.91000000,-0.19000000,0.47000000,藏格矿业
2022-12-30,000408,21.03000000,20.66000000,21.19000000,20.63000000,75405,197177561.06000000,2.69000000,-0.63000000,-0.13000000,0.48000000,藏格矿业
2023-01-03,000408,20.79000000,21.22000000,21.31000000,20.49000000,85226,224186374.56999999,3.97000000,2.71000000,0.56000000,0.54000000,藏格矿业
2023-01-04,000408,21.09000000,20.59000000,21.26000000,20.50000000,66435,173342247.77000001,3.58000000,-2.97000000,-0.63000000,0.42000000,藏格矿业
2023-01-05,000408,20.61000000,20.86000000,21.31000000,20.45000000,84941,222724950.31000000,4.18000000,1.31000000,0.27000000,0.54000000,藏格矿业
2023-01-06,000408,20.79000000,21.19000000,21.43000000,20.74000000,86593,229689888.47999999,3.31000000,1.58000000,0.33000000,0.55000000,藏格矿业
2023-01-09,000408,21.35000000,21.46000000,21.73000000,21.23000000,74514,199596907.13999999,2.36000000,1.27000000,0.27000000,0.47000000,藏格矿业
2023-01-10,000408,21.35000000,21.46000000,21.63000000,21.12000000,62744,167664022.34000000,2.38000000,0.00000000,0.00000000,0.40000000,藏格矿业
2023-01-11,000408,21.46000000,21.26000000,21.71000000,21.25000000,52263,139746452.71000001,2.14000000,-0.93000000,-0.20000000,0.33000000,藏格矿业
2023-01-12,000408,21.49000000,21.29000000,21.95000000,21.19000000,74317,199041385.81000000,3.57000000,0.14000000,0.03000000,0.47000000,藏格矿业
2023-01-13,000408,21.29000000,21.58000000,21.66000000,21.15000000,73108,195792418.38000000,2.40000000,1.36000000,0.29000000,0.46000000,藏格矿业
2023-01-16,000408,21.50000000,21.65000000,22.05000000,21.34000000,80945,218602377.49000001,3.29000000,0.32000000,0.07000000,0.51000000,藏格矿业
2023-01-17,000408,21.80000000,21.82000000,22.05000000,21.63000000,70805,192262575.91000000,1.94000000,0.79000000,0.17000000,0.45000000,藏格矿业
2023-01-18,000408,21.69000000,21.82000000,22.06000000,21.60000000,68976,187456979.59000000,2.11000000,0.00000000,0.00000000,0.44000000,藏格矿业
2023-01-19,000408,21.84000000,21.86000000,21.94000000,21.60000000,76356,206761007.49000001,1.56000000,0.18000000,0.04000000,0.48000000,藏格矿业
2023-01-20,000408,21.86000000,22.69000000,22.81000000,21.84000000,124067,343697550.07999998,4.44000000,3.80000000,0.83000000,0.79000000,藏格矿业
2023-01-30,000408,23.08000000,22.78000000,23.59000000,22.62000000,164855,467194349.88999999,4.28000000,0.40000000,0.09000000,1.04000000,藏格矿业
2023-01-31,000408,22.76000000,22.55000000,22.80000000,22.37000000,98165,273487400.61000001,1.89000000,-1.01000000,-0.23000000,0.62000000,藏格矿业
2023-02-01,000408,22.59000000,22.81000000,22.87000000,22.57000000,88502,248139583.24000001,1.33000000,1.15000000,0.26000000,0.56000000,藏格矿业
2023-02-02,000408,22.88000000,22.94000000,23.06000000,22.71000000,96970,273393903.97000003,1.53000000,0.57000000,0.13000000,0.61000000,藏格矿业
2023-02-03,000408,22.87000000,22.69000000,22.93000000,22.32000000,75475,210649555.56999999,2.66000000,-1.09000000,-0.25000000,0.48000000,藏格矿业
2023-02-06,000408,22.61000000,22.67000000,22.68000000,22.39000000,66819,186087165.43000001,1.28000000,-0.09000000,-0.02000000,0.42000000,藏格矿业
2023-02-07,000408,22.59000000,22.95000000,22.95000000,22.59000000,80085,225063494.87000000,1.59000000,1.24000000,0.28000000,0.51000000,藏格矿业
2023-02-08,000408,23.07000000,23.29000000,23.49000000,22.94000000,128404,367193986.14999998,2.40000000,1.48000000,0.34000000,0.81000000,藏格矿业
2023-02-09,000408,23.07000000,23.33000000,23.34000000,22.85000000,109681,311218322.81999999,2.10000000,0.17000000,0.04000000,0.69000000,藏格矿业
2023-02-10,000408,23.21000000,22.80000000,23.26000000,22.73000000,104940,296781516.60000002,2.27000000,-2.27000000,-0.53000000,0.66000000,藏格矿业
2023-02-13,000408,22.81000000,22.88000000,23.07000000,22.70000000,76888,216353442.34999999,1.62000000,0.35000000,0.08000000,0.49000000,藏格矿业
2023-02-14,000408,22.88000000,23.14000000,23.14000000,22.74000000,72624,205326186.63000000,1.75000000,1.14000000,0.26000000,0.46000000,藏格矿业
2023-02-15,000408,23.03000000,22.68000000,23.13000000,22.60000000,68588,192792514.43000001,2.29000000,-1.99000000,-0.46000000,0.43000000,藏格矿业
2023-02-16,000408,22.61000000,22.08000000,22.86000000,21.93000000,80756,224374716.84999999,4.10000000,-2.65000000,-0.60000000,0.51000000,藏格矿业
2023-02-17,000408,22.09000000,22.17000000,22.69000000,22.09000000,81980,227120632.02000001,2.72000000,0.41000000,0.09000000,0.52000000,藏格矿业
2023-02-20,000408,22.09000000,22.17000000,22.25000000,21.12000000,113113,305582775.23000002,5.10000000,0.00000000,0.00000000,0.72000000,藏格矿业
2023-02-21,000408,22.17000000,22.29000000,22.64000000,22.08000000,89434,247321046.55000001,2.53000000,0.54000000,0.12000000,0.57000000,藏格矿业
2023-02-22,000408,22.09000000,22.22000000,22.31000000,21.94000000,44968,123560886.64000000,1.66000000,-0.31000000,-0.07000000,0.28000000,藏格矿业
2023-02-23,000408,22.23000000,22.69000000,22.91000000,22.23000000,119529,334144879.33999997,3.06000000,2.12000000,0.47000000,0.76000000,藏格矿业
2023-02-24,000408,22.74000000,22.60000000,22.84000000,22.35000000,50417,140402922.94999999,2.16000000,-0.40000000,-0.09000000,0.32000000,藏格矿业
2023-02-27,000408,22.60000000,22.49000000,22.81000000,22.38000000,63190,176202213.18000001,1.90000000,-0.49000000,-0.11000000,0.40000000,藏格矿业
2023-02-28,000408,22.51000000,22.60000000,22.67000000,22.38000000,57789,160817475.56000000,1.29000000,0.49000000,0.11000000,0.37000000,藏格矿业
2023-03-01,000408,22.55000000,22.36000000,22.58000000,22.09000000,60117,165921569.16000000,2.17000000,-1.06000000,-0.24000000,0.38000000,藏格矿业
2023-03-02,000408,22.36000000,21.83000000,22.48000000,21.82000000,67001,183274061.43000001,2.95000000,-2.37000000,-0.53000000,0.42000000,藏格矿业
2023-03-03,000408,21.83000000,21.98000000,22.07000000,21.68000000,46099,125483390.43000001,1.79000000,0.69000000,0.15000000,0.29000000,藏格矿业
2023-03-06,000408,21.98000000,22.14000000,22.17000000,21.55000000,50372,137073338.38000000,2.82000000,0.73000000,0.16000000,0.32000000,藏格矿业
2023-03-07,000408,22.09000000,22.28000000,22.37000000,21.99000000,65512,180311588.21000001,1.72000000,0.63000000,0.14000000,0.41000000,藏格矿业
2023-03-08,000408,22.30000000,22.68000000,22.84000000,22.15000000,105828,294862964.24000001,3.10000000,1.80000000,0.40000000,0.67000000,藏格矿业
2023-03-09,000408,22.74000000,23.11000000,23.45000000,22.52000000,175640,499195689.50000000,4.10000000,1.90000000,0.43000000,1.11000000,藏格矿业
2023-03-10,000408,23.01000000,22.35000000,23.01000000,22.25000000,119412,332209150.38999999,3.29000000,-3.29000000,-0.76000000,0.76000000,藏格矿业
2023-03-13,000408,22.07000000,21.15000000,22.34000000,21.06000000,146226,391724915.56000000,5.73000000,-5.37000000,-1.20000000,0.93000000,藏格矿业
2023-03-14,000408,20.99000000,21.00000000,21.64000000,20.89000000,114960,304956348.75000000,3.55000000,-0.71000000,-0.15000000,0.73000000,藏格矿业
2023-03-15,000408,21.03000000,21.16000000,21.29000000,20.89000000,87494,231238577.84999999,1.90000000,0.76000000,0.16000000,0.55000000,藏格矿业
2023-03-16,000408,20.69000000,20.39000000,20.87000000,20.28000000,74569,192833213.86000001,2.79000000,-3.64000000,-0.77000000,0.47000000,藏格矿业
2023-03-17,000408,20.34000000,20.25000000,20.54000000,19.95000000,78296,200141749.16000000,2.89000000,-0.69000000,-0.14000000,0.50000000,藏格矿业
2023-03-20,000408,20.25000000,20.64000000,20.67000000,19.64000000,90996,230759192.69999999,5.09000000,1.93000000,0.39000000,0.58000000,藏格矿业
2023-03-21,000408,20.48000000,20.69000000,20.77000000,20.41000000,55029,142871299.56999999,1.74000000,0.24000000,0.05000000,0.35000000,藏格矿业
2023-03-22,000408,20.71000000,20.73000000,20.86000000,20.44000000,54818,142364183.47999999,2.03000000,0.19000000,0.04000000,0.35000000,藏格矿业
2023-03-23,000408,20.69000000,20.19000000,20.69000000,20.08000000,80324,205460890.19000000,2.94000000,-2.60000000,-0.54000000,0.51000000,藏格矿业
2023-03-24,000408,20.29000000,19.77000000,20.34000000,19.61000000,120964,304626542.44000000,3.62000000,-2.08000000,-0.42000000,0.77000000,藏格矿业
2023-03-27,000408,19.74000000,19.47000000,19.74000000,19.18000000,102084,252164454.47999999,2.83000000,-1.52000000,-0.30000000,0.65000000,藏格矿业
2023-03-28,000408,19.46000000,18.72000000,19.53000000,18.67000000,126439,306558104.56000000,4.42000000,-3.85000000,-0.75000000,0.80000000,藏格矿业
2023-03-29,000408,18.78000000,18.84000000,19.15000000,18.70000000,93928,227393200.16999999,2.40000000,0.64000000,0.12000000,0.59000000,藏格矿业
2023-03-30,000408,18.89000000,18.97000000,18.98000000,18.68000000,57121,137993220.83000001,1.59000000,0.69000000,0.13000000,0.36000000,藏格矿业
2023-03-31,000408,18.87000000,18.85000000,19.08000000,18.82000000,50330,122045023.43000001,1.37000000,-0.63000000,-0.12000000,0.32000000,藏格矿业
2023-04-03,000408,18.83000000,19.05000000,19.23000000,18.67000000,94369,229288531.69999999,2.97000000,1.06000000,0.20000000,0.60000000,藏格矿业
2023-04-04,000408,18.99000000,18.73000000,18.99000000,18.72000000,57948,139631293.71000001,1.42000000,-1.68000000,-0.32000000,0.37000000,藏格矿业
2023-04-06,000408,19.16000000,18.75000000,19.17000000,18.69000000,56024,135127610.47999999,2.56000000,0.11000000,0.02000000,0.35000000,藏格矿业
2023-04-07,000408,18.73000000,18.61000000,18.85000000,18.60000000,59779,143512745.43000001,1.33000000,-0.75000000,-0.14000000,0.38000000,藏格矿业
2023-04-10,000408,18.59000000,18.75000000,18.82000000,18.52000000,61125,146769854.22999999,1.61000000,0.75000000,0.14000000,0.39000000,藏格矿业
2023-04-11,000408,18.75000000,18.93000000,19.05000000,18.44000000,86990,210106281.84000000,3.25000000,0.96000000,0.18000000,0.55000000,藏格矿业
2023-04-12,000408,18.94000000,18.80000000,18.99000000,18.60000000,63665,153319312.44000000,2.06000000,-0.69000000,-0.13000000,0.40000000,藏格矿业
2023-04-13,000408,18.66000000,18.80000000,18.84000000,18.24000000,77478,178136532.40000001,3.19000000,0.00000000,0.00000000,0.49000000,藏格矿业
2023-04-14,000408,18.73000000,19.48000000,19.85000000,18.56000000,118322,281058379.31999999,6.86000000,3.62000000,0.68000000,0.75000000,藏格矿业
2023-04-17,000408,19.54000000,19.45000000,19.55000000,19.15000000,64220,152278774.03000000,2.05000000,-0.15000000,-0.03000000,0.41000000,藏格矿业
2023-04-18,000408,19.80000000,19.81000000,20.53000000,19.66000000,142617,348456292.91000003,4.47000000,1.85000000,0.36000000,0.90000000,藏格矿业
2023-04-19,000408,19.82000000,19.32000000,19.90000000,19.28000000,82715,196592261.81999999,3.13000000,-2.47000000,-0.49000000,0.52000000,藏格矿业
2023-04-20,000408,19.35000000,18.64000000,19.35000000,18.50000000,86891,200137701.06999999,4.40000000,-3.52000000,-0.68000000,0.55000000,藏格矿业
2023-04-21,000408,18.53000000,18.10000000,18.77000000,17.97000000,62029,140870182.19000000,4.29000000,-2.90000000,-0.54000000,0.39000000,藏格矿业
2023-04-24,000408,18.12000000,18.67000000,19.55000000,17.66000000,105317,243165759.53999999,10.44000000,3.15000000,0.57000000,0.67000000,藏格矿业
2023-04-25,000408,18.64000000,17.61000000,18.64000000,17.44000000,93160,206515610.56999999,6.43000000,-5.68000000,-1.06000000,0.59000000,藏格矿业
2023-04-26,000408,17.46000000,18.24000000,18.63000000,17.32000000,79892,180167469.99000001,7.44000000,3.58000000,0.63000000,0.51000000,藏格矿业
2023-04-27,000408,18.27000000,18.39000000,18.50000000,17.98000000,55793,126075704.48000000,2.85000000,0.82000000,0.15000000,0.35000000,藏格矿业
2023-04-28,000408,18.37000000,18.53000000,18.82000000,18.23000000,70012,160020637.83000001,3.21000000,0.76000000,0.14000000,0.44000000,藏格矿业
2023-05-04,000408,18.61000000,18.44000000,19.12000000,18.25000000,74668,171198244.31000000,4.70000000,-0.49000000,-0.09000000,0.47000000,藏格矿业
2023-05-05,000408,18.35000000,18.22000000,18.36000000,18.05000000,42250,95153488.52000000,1.68000000,-1.19000000,-0.22000000,0.27000000,藏格矿业
2023-05-08,000408,18.32000000,18.38000000,18.61000000,18.13000000,55611,126333189.53000000,2.63000000,0.88000000,0.16000000,0.35000000,藏格矿业
2023-05-09,000408,18.49000000,18.33000000,18.85000000,18.02000000,65276,148283786.43000001,4.52000000,-0.27000000,-0.05000000,0.41000000,藏格矿业
2023-05-10,000408,18.40000000,18.79000000,19.10000000,18.26000000,98085,226416434.77000001,4.58000000,2.51000000,0.46000000,0.62000000,藏格矿业
2023-05-11,000408,18.89000000,18.79000000,18.97000000,18.56000000,52096,120523536.65000001,2.18000000,0.00000000,0.00000000,0.33000000,藏格矿业
2023-05-12,000408,19.03000000,18.55000000,19.15000000,18.52000000,66245,152729545.31000000,3.35000000,-1.28000000,-0.24000000,0.42000000,藏格矿业
2023-05-15,000408,18.63000000,20.17000000,20.29000000,18.62000000,208730,500260974.61000001,9.00000000,8.73000000,1.62000000,1.32000000,藏格矿业
2023-05-16,000408,19.93000000,19.49000000,19.95000000,19.35000000,103956,248816416.68000001,2.97000000,-3.37000000,-0.68000000,0.66000000,藏格矿业
2023-05-17,000408,19.45000000,19.23000000,19.46000000,19.08000000,65383,154137440.25000000,1.95000000,-1.33000000,-0.26000000,0.41000000,藏格矿业
2023-05-18,000408,19.27000000,19.08000000,19.42000000,18.88000000,57874,135523530.65000001,2.81000000,-0.78000000,-0.15000000,0.37000000,藏格矿业
2023-05-19,000408,19.09000000,19.15000000,19.26000000,18.80000000,72784,170880727.06999999,2.41000000,0.37000000,0.07000000,0.46000000,藏格矿业
2023-05-22,000408,19.03000000,19.08000000,19.20000000,18.77000000,57955,135159520.69999999,2.25000000,-0.37000000,-0.07000000,0.37000000,藏格矿业
2023-05-23,000408,19.06000000,19.15000000,19.62000000,18.98000000,61731,146112684.31000000,3.35000000,0.37000000,0.07000000,0.39000000,藏格矿业
2023-05-24,000408,19.10000000,19.15000000,19.43000000,19.10000000,50606,119482361.94000000,1.72000000,0.00000000,0.00000000,0.32000000,藏格矿业
2023-05-25,000408,18.98000000,18.48000000,19.06000000,18.45000000,81616,188227830.28000000,3.19000000,-3.50000000,-0.67000000,0.52000000,藏格矿业
2023-05-26,000408,18.46000000,18.55000000,18.56000000,18.01000000,53810,121418428.65000001,2.98000000,0.38000000,0.07000000,0.34000000,藏格矿业
2023-05-29,000408,18.52000000,18.31000000,18.72000000,18.17000000,42544,96496744.73000000,2.96000000,-1.29000000,-0.24000000,0.27000000,藏格矿业
2023-05-30,000408,18.27000000,18.35000000,18.46000000,18.05000000,35341,79890556.65000001,2.24000000,0.22000000,0.04000000,0.22000000,藏格矿业
2023-05-31,000408,18.36000000,18.63000000,18.63000000,18.08000000,53924,122439186.59000000,3.00000000,1.53000000,0.28000000,0.34000000,藏格矿业
2023-06-01,000408,18.43000000,18.67000000,19.40000000,18.41000000,61156,142333807.91000000,5.31000000,0.21000000,0.04000000,0.39000000,藏格矿业
2023-06-02,000408,18.00000000,19.47000000,19.52000000,18.00000000,137362,323946908.26999998,8.14000000,4.28000000,0.80000000,0.87000000,藏格矿业
2023-06-05,000408,19.71000000,19.45000000,19.89000000,19.17000000,99830,238073411.59999999,3.70000000,-0.10000000,-0.02000000,0.63000000,藏格矿业
2023-06-06,000408,19.49000000,19.28000000,19.54000000,19.08000000,59819,141150535.34000000,2.37000000,-0.87000000,-0.17000000,0.38000000,藏格矿业
2023-06-07,000408,19.25000000,19.25000000,19.40000000,19.03000000,53900,126760440.59999999,1.92000000,-0.16000000,-0.03000000,0.34000000,藏格矿业
2023-06-08,000408,19.22000000,19.38000000,19.77000000,19.15000000,65817,156617641.75999999,3.22000000,0.68000000,0.13000000,0.42000000,藏格矿业
2023-06-09,000408,19.30000000,19.63000000,19.69000000,19.20000000,70281,167292284.41999999,2.53000000,1.29000000,0.25000000,0.44000000,藏格矿业
2023-06-12,000408,19.53000000,19.52000000,19.70000000,19.30000000,56649,135400234.00000000,2.04000000,-0.56000000,-0.11000000,0.36000000,藏格矿业
2023-06-13,000408,19.51000000,19.13000000,19.55000000,19.01000000,71131,167164892.30000001,2.77000000,-2.00000000,-0.39000000,0.45000000,藏格矿业
2023-06-14,000408,19.35000000,18.88000000,19.42000000,18.80000000,60492,141601276.43000001,3.24000000,-1.31000000,-0.25000000,0.38000000,藏格矿业
2023-06-15,000408,18.85000000,19.18000000,19.28000000,18.62000000,69972,163265035.88000000,3.50000000,1.59000000,0.30000000,0.44000000,藏格矿业
2023-06-16,000408,19.18000000,19.12000000,19.34000000,18.96000000,67302,158033225.58000001,1.98000000,-0.31000000,-0.06000000,0.43000000,藏格矿业
2023-06-19,000408,19.15000000,18.71000000,19.31000000,18.65000000,66453,154673351.63000000,3.45000000,-2.14000000,-0.41000000,0.42000000,藏格矿业
2023-06-20,000408,18.79000000,18.47000000,18.90000000,18.42000000,48517,111367133.00000000,2.57000000,-1.28000000,-0.24000000,0.31000000,藏格矿业
2023-06-21,000408,18.35000000,18.46000000,18.83000000,18.35000000,55624,127386379.08000000,2.60000000,-0.05000000,-0.01000000,0.35000000,藏格矿业
2023-06-26,000408,18.31000000,17.98000000,18.47000000,17.93000000,71507,161003408.33000001,2.93000000,-2.60000000,-0.48000000,0.45000000,藏格矿业
2023-06-27,000408,18.01000000,18.20000000,18.39000000,17.78000000,59906,134534693.84999999,3.39000000,1.22000000,0.22000000,0.38000000,藏格矿业
2023-06-28,000408,18.15000000,18.01000000,18.17000000,17.77000000,64733,144196734.78000000,2.20000000,-1.04000000,-0.19000000,0.41000000,藏格矿业
2023-06-29,000408,17.95000000,17.65000000,17.95000000,17.62000000,81159,178713807.94999999,1.83000000,-2.00000000,-0.36000000,0.51000000,藏格矿业
2023-06-30,000408,17.65000000,18.22000000,18.55000000,17.61000000,88952,199835663.13000000,5.33000000,3.23000000,0.57000000,0.56000000,藏格矿业
2023-07-03,000408,18.24000000,18.66000000,18.71000000,18.23000000,71439,163487225.28999999,2.63000000,2.41000000,0.44000000,0.45000000,藏格矿业
2023-07-04,000408,18.80000000,18.56000000,18.80000000,18.50000000,43553,99895374.68000001,1.61000000,-0.54000000,-0.10000000,0.28000000,藏格矿业
2023-07-05,000408,18.56000000,18.77000000,18.83000000,18.46000000,53889,124169462.03000000,1.99000000,1.13000000,0.21000000,0.34000000,藏格矿业
2023-07-06,000408,18.80000000,18.54000000,18.80000000,18.45000000,41866,95981667.98999999,1.86000000,-1.23000000,-0.23000000,0.26000000,藏格矿业
2023-07-07,000408,18.46000000,18.46000000,18.58000000,18.12000000,55879,126842319.86000000,2.48000000,-0.43000000,-0.08000000,0.35000000,藏格矿业
2023-07-10,000408,18.53000000,18.72000000,19.09000000,18.51000000,60788,140949009.72999999,3.14000000,1.41000000,0.26000000,0.38000000,藏格矿业
2023-07-11,000408,18.69000000,18.66000000,18.74000000,18.43000000,32438,74473944.44000000,1.66000000,-0.32000000,-0.06000000,0.21000000,藏格矿业
2023-07-12,000408,18.59000000,18.68000000,18.89000000,18.49000000,52280,120642781.93000001,2.14000000,0.11000000,0.02000000,0.33000000,藏格矿业
2023-07-13,000408,18.83000000,18.75000000,19.08000000,18.69000000,48917,113374792.39000000,2.09000000,0.37000000,0.07000000,0.31000000,藏格矿业
2023-07-14,000408,18.75000000,18.58000000,18.83000000,18.57000000,40989,94346833.93000001,1.39000000,-0.91000000,-0.17000000,0.26000000,藏格矿业
2023-07-17,000408,18.55000000,18.64000000,18.67000000,18.43000000,39685,90952503.48000000,1.29000000,0.32000000,0.06000000,0.25000000,藏格矿业
2023-07-18,000408,18.72000000,18.88000000,19.00000000,18.55000000,48697,113029995.66000000,2.41000000,1.29000000,0.24000000,0.31000000,藏格矿业
2023-07-19,000408,18.88000000,19.04000000,19.07000000,18.79000000,54233,126461424.00000000,1.48000000,0.85000000,0.16000000,0.34000000,藏格矿业
2023-07-20,000408,19.04000000,19.46000000,19.81000000,19.00000000,118344,282645391.89999998,4.25000000,2.21000000,0.42000000,0.75000000,藏格矿业
2023-07-21,000408,19.27000000,19.30000000,19.46000000,18.88000000,79172,186432966.93000001,2.98000000,-0.82000000,-0.16000000,0.50000000,藏格矿业
2023-07-24,000408,19.28000000,18.37000000,19.29000000,18.32000000,95178,218295519.19000000,5.03000000,-4.82000000,-0.93000000,0.60000000,藏格矿业
2023-07-25,000408,20.64000000,19.25000000,20.64000000,19.25000000,271100,658197022.22000003,7.57000000,4.79000000,0.88000000,1.72000000,藏格矿业
2023-07-26,000408,19.82000000,19.45000000,19.97000000,19.41000000,146184,350404320.42000002,2.91000000,1.04000000,0.20000000,0.92000000,藏格矿业
2023-07-27,000408,19.41000000,19.03000000,19.50000000,19.02000000,85994,202751692.61000001,2.47000000,-2.16000000,-0.42000000,0.54000000,藏格矿业
2023-07-28,000408,18.93000000,19.94000000,20.05000000,18.80000000,170639,409419912.58999997,6.57000000,4.78000000,0.91000000,1.08000000,藏格矿业
2023-07-31,000408,19.95000000,19.71000000,20.30000000,19.63000000,130712,316186233.91000003,3.36000000,-1.15000000,-0.23000000,0.83000000,藏格矿业
2023-08-01,000408,19.75000000,19.43000000,19.78000000,19.38000000,96546,230695076.80000001,2.03000000,-1.42000000,-0.28000000,0.61000000,藏格矿业
2023-08-02,000408,19.44000000,19.26000000,19.49000000,19.17000000,57279,135497293.00000000,1.65000000,-0.87000000,-0.17000000,0.36000000,藏格矿业
2023-08-03,000408,19.26000000,19.37000000,19.47000000,19.07000000,48937,115724813.87000000,2.08000000,0.57000000,0.11000000,0.31000000,藏格矿业
2023-08-04,000408,19.50000000,20.16000000,20.31000000,19.44000000,185105,450435757.13000000,4.49000000,4.08000000,0.79000000,1.17000000,藏格矿业
2023-08-07,000408,20.20000000,20.02000000,20.39000000,19.85000000,90499,221043523.33000001,2.68000000,-0.69000000,-0.14000000,0.57000000,藏格矿业
2023-08-08,000408,20.07000000,20.02000000,20.20000000,19.85000000,61481,149710959.34000000,1.75000000,0.00000000,0.00000000,0.39000000,藏格矿业
2023-08-09,000408,19.95000000,19.95000000,20.08000000,19.86000000,40558,98661671.44000000,1.10000000,-0.35000000,-0.07000000,0.26000000,藏格矿业
2023-08-10,000408,20.00000000,19.90000000,20.09000000,19.84000000,46349,112576396.42000000,1.25000000,-0.25000000,-0.05000000,0.29000000,藏格矿业
2023-08-11,000408,19.94000000,19.65000000,19.99000000,19.64000000,62001,149676011.88999999,1.76000000,-1.26000000,-0.25000000,0.39000000,藏格矿业
2023-08-14,000408,19.17000000,19.65000000,19.72000000,19.01000000,79294,189007062.09000000,3.61000000,0.00000000,0.00000000,0.50000000,藏格矿业
2023-08-15,000408,19.58000000,19.65000000,19.76000000,19.20000000,68624,164098186.91000000,2.85000000,0.00000000,0.00000000,0.43000000,藏格矿业
2023-08-16,000408,19.50000000,19.65000000,19.78000000,19.40000000,47916,115007872.70000000,1.93000000,0.00000000,0.00000000,0.30000000,藏格矿业
2023-08-17,000408,19.47000000,19.67000000,19.69000000,19.41000000,92245,220728832.75000000,1.42000000,0.10000000,0.02000000,0.58000000,藏格矿业
2023-08-18,000408,19.53000000,19.20000000,19.71000000,19.19000000,55136,131284562.66000000,2.64000000,-2.39000000,-0.47000000,0.35000000,藏格矿业
2023-08-21,000408,19.15000000,18.96000000,19.34000000,18.96000000,36709,86132183.56000000,1.98000000,-1.25000000,-0.24000000,0.23000000,藏格矿业
2023-08-22,000408,19.01000000,18.99000000,19.20000000,18.73000000,47216,110121648.45999999,2.48000000,0.16000000,0.03000000,0.30000000,藏格矿业
2023-08-23,000408,18.98000000,18.60000000,19.04000000,18.51000000,52780,121720806.59999999,2.79000000,-2.05000000,-0.39000000,0.33000000,藏格矿业
2023-08-24,000408,18.63000000,18.96000000,19.17000000,18.36000000,63485,141690939.80000001,4.35000000,1.94000000,0.36000000,0.40000000,藏格矿业
2023-08-25,000408,18.96000000,18.67000000,19.34000000,18.54000000,51134,115275861.59999999,4.22000000,-1.53000000,-0.29000000,0.32000000,藏格矿业
2023-08-28,000408,19.64000000,18.83000000,19.65000000,18.75000000,91957,209637987.22999999,4.82000000,0.86000000,0.16000000,0.58000000,藏格矿业
2023-08-29,000408,18.80000000,19.08000000,19.27000000,18.61000000,53086,119808037.55000000,3.51000000,1.33000000,0.25000000,0.34000000,藏格矿业
2023-08-30,000408,19.10000000,19.06000000,19.35000000,19.02000000,31874,72430295.84999999,1.73000000,-0.10000000,-0.02000000,0.20000000,藏格矿业
2023-08-31,000408,19.01000000,18.92000000,19.12000000,18.76000000,42749,95907243.59999999,1.89000000,-0.73000000,-0.14000000,0.27000000,藏格矿业
2023-09-01,000408,18.99000000,19.07000000,19.15000000,18.79000000,28381,64057592.62000000,1.90000000,0.79000000,0.15000000,0.18000000,藏格矿业
2023-09-04,000408,19.12000000,20.65000000,20.87000000,19.07000000,172961,411366913.14999998,9.44000000,8.29000000,1.58000000,1.09000000,藏格矿业
2023-09-05,000408,20.55000000,20.74000000,20.88000000,20.46000000,80288,194981640.50000000,2.03000000,0.44000000,0.09000000,0.51000000,藏格矿业
2023-09-06,000408,20.93000000,20.42000000,20.97000000,20.33000000,51121,123069360.00000000,3.09000000,-1.54000000,-0.32000000,0.32000000,藏格矿业
2023-09-07,000408,20.38000000,20.14000000,20.45000000,20.12000000,40139,95526365.92000000,1.62000000,-1.37000000,-0.28000000,0.25000000,藏格矿业
2023-09-08,000408,20.01000000,19.95000000,20.19000000,19.89000000,35382,83291899.81999999,1.49000000,-0.94000000,-0.19000000,0.22000000,藏格矿业
2023-09-11,000408,20.16000000,19.88000000,20.19000000,19.88000000,49782,117190869.02000000,1.55000000,-0.35000000,-0.07000000,0.31000000,藏格矿业
2023-09-12,000408,19.93000000,20.13000000,20.63000000,19.83000000,84208,200712791.19000000,4.02000000,1.26000000,0.25000000,0.53000000,藏格矿业
2023-09-13,000408,20.22000000,20.19000000,20.40000000,20.06000000,40067,95218274.02000000,1.69000000,0.30000000,0.06000000,0.25000000,藏格矿业
2023-09-14,000408,20.08000000,20.24000000,20.35000000,20.08000000,36006,85520983.41000000,1.34000000,0.25000000,0.05000000,0.23000000,藏格矿业
2023-09-15,000408,20.31000000,20.05000000,20.37000000,19.95000000,44295,104967537.23000000,2.08000000,-0.94000000,-0.19000000,0.28000000,藏格矿业
2023-09-18,000408,19.98000000,20.00000000,20.35000000,19.78000000,43158,102128395.95999999,2.84000000,-0.25000000,-0.05000000,0.27000000,藏格矿业
2023-09-19,000408,20.00000000,20.03000000,20.07000000,19.80000000,44247,103877339.38000000,1.35000000,0.15000000,0.03000000,0.28000000,藏格矿业
2023-09-20,000408,19.95000000,19.92000000,20.00000000,19.85000000,22945,53839447.50000000,0.75000000,-0.55000000,-0.11000000,0.15000000,藏格矿业
2023-09-21,000408,19.84000000,19.71000000,19.91000000,19.58000000,40358,93991484.92000000,1.66000000,-1.05000000,-0.21000000,0.26000000,藏格矿业
2023-09-22,000408,19.66000000,19.79000000,19.94000000,19.47000000,39324,91349022.22000000,2.38000000,0.41000000,0.08000000,0.25000000,藏格矿业
2023-09-25,000408,19.74000000,19.97000000,20.17000000,19.63000000,61892,145292834.87000000,2.73000000,0.91000000,0.18000000,0.39000000,藏格矿业
2023-09-26,000408,20.00000000,18.98000000,20.08000000,18.95000000,100699,230086630.38999999,5.66000000,-4.96000000,-0.99000000,0.64000000,藏格矿业
2023-09-27,000408,18.89000000,19.36000000,19.47000000,18.83000000,61241,139287925.33000001,3.37000000,2.00000000,0.38000000,0.39000000,藏格矿业
2023-09-28,000408,19.34000000,19.27000000,19.64000000,19.24000000,32539,74559569.25000000,2.07000000,-0.46000000,-0.09000000,0.21000000,藏格矿业
2023-10-09,000408,19.18000000,19.02000000,19.18000000,18.85000000,42929,96784142.90000001,1.71000000,-1.30000000,-0.25000000,0.27000000,藏格矿业
2023-10-10,000408,19.02000000,19.02000000,19.50000000,18.90000000,54369,123347695.76000001,3.15000000,0.00000000,0.00000000,0.34000000,藏格矿业
2023-10-11,000408,19.11000000,18.69000000,19.15000000,18.63000000,62517,139888661.44000000,2.73000000,-1.74000000,-0.33000000,0.40000000,藏格矿业
2023-10-12,000408,18.78000000,19.27000000,19.38000000,18.78000000,102422,232170478.15000001,3.21000000,3.10000000,0.58000000,0.65000000,藏格矿业
2023-10-13,000408,19.15000000,18.87000000,19.15000000,18.73000000,56844,127524988.48999999,2.18000000,-2.08000000,-0.40000000,0.36000000,藏格矿业
2023-10-16,000408,18.88000000,18.63000000,19.00000000,18.52000000,66950,148526568.47999999,2.54000000,-1.27000000,-0.24000000,0.42000000,藏格矿业
2023-10-17,000408,18.63000000,18.53000000,18.85000000,18.42000000,54679,121117123.44000000,2.31000000,-0.54000000,-0.10000000,0.35000000,藏格矿业
2023-10-18,000408,18.53000000,18.29000000,18.53000000,18.13000000,39327,85807434.80000000,2.16000000,-1.30000000,-0.24000000,0.25000000,藏格矿业
2023-10-19,000408,18.08000000,17.37000000,18.11000000,17.35000000,73814,156632141.00000000,4.16000000,-5.03000000,-0.92000000,0.47000000,藏格矿业
2023-10-20,000408,17.41000000,18.03000000,18.51000000,17.38000000,93540,201317682.78000000,6.51000000,3.80000000,0.66000000,0.59000000,藏格矿业
2023-10-23,000408,18.03000000,18.03000000,18.14000000,17.57000000,61792,131854759.73999999,3.16000000,0.00000000,0.00000000,0.39000000,藏格矿业
2023-10-24,000408,18.03000000,18.27000000,18.48000000,17.89000000,55309,120563995.37000000,3.27000000,1.33000000,0.24000000,0.35000000,藏格矿业
2023-10-25,000408,18.46000000,18.16000000,18.54000000,18.05000000,71400,155650105.94999999,2.68000000,-0.60000000,-0.11000000,0.45000000,藏格矿业
2023-10-26,000408,18.01000000,18.43000000,18.52000000,17.82000000,48735,105879111.86000000,3.85000000,1.49000000,0.27000000,0.31000000,藏格矿业
2023-10-27,000408,18.30000000,18.70000000,18.97000000,18.24000000,77101,172105479.25000000,3.96000000,1.47000000,0.27000000,0.49000000,藏格矿业
2023-10-30,000408,18.55000000,18.87000000,18.96000000,18.51000000,46893,104965342.43000001,2.41000000,0.91000000,0.17000000,0.30000000,藏格矿业
2023-10-31,000408,18.75000000,18.84000000,18.93000000,18.67000000,36335,81284507.56000000,1.38000000,-0.16000000,-0.03000000,0.23000000,藏格矿业
2023-11-01,000408,18.86000000,18.75000000,18.93000000,18.70000000,36495,81574259.56999999,1.22000000,-0.48000000,-0.09000000,0.23000000,藏格矿业
2023-11-02,000408,18.78000000,18.61000000,18.90000000,18.50000000,37355,82955414.62000000,2.13000000,-0.75000000,-0.14000000,0.24000000,藏格矿业
2023-11-03,000408,18.63000000,18.64000000,18.85000000,18.60000000,39447,87719390.81000000,1.34000000,0.16000000,0.03000000,0.25000000,藏格矿业
2023-11-06,000408,18.76000000,18.95000000,19.03000000,18.66000000,54366,121851781.56000000,1.98000000,1.66000000,0.31000000,0.34000000,藏格矿业
2023-11-07,000408,18.87000000,19.06000000,19.19000000,18.71000000,54780,123309662.58000000,2.53000000,0.58000000,0.11000000,0.35000000,藏格矿业
2023-11-08,000408,18.99000000,18.94000000,19.30000000,18.83000000,53767,121417773.34000000,2.47000000,-0.63000000,-0.12000000,0.34000000,藏格矿业
2023-11-09,000408,18.96000000,19.17000000,19.23000000,18.88000000,51628,116635727.36000000,1.85000000,1.21000000,0.23000000,0.33000000,藏格矿业
2023-11-10,000408,19.23000000,19.73000000,19.90000000,19.02000000,106315,245651093.75000000,4.59000000,2.92000000,0.56000000,0.67000000,藏格矿业
2023-11-13,000408,19.73000000,20.46000000,20.68000000,19.61000000,123300,293352125.73000002,5.42000000,3.70000000,0.73000000,0.78000000,藏格矿业
2023-11-14,000408,20.44000000,20.58000000,20.94000000,20.34000000,96354,232504338.58000001,2.93000000,0.59000000,0.12000000,0.61000000,藏格矿业
2023-11-15,000408,21.02000000,20.94000000,21.54000000,20.74000000,156948,387244150.02999997,3.89000000,1.75000000,0.36000000,0.99000000,藏格矿业
2023-11-16,000408,21.06000000,21.11000000,21.23000000,20.82000000,70946,174359402.66999999,1.96000000,0.81000000,0.17000000,0.45000000,藏格矿业
2023-11-17,000408,21.06000000,21.14000000,21.40000000,20.92000000,61412,151630305.53999999,2.27000000,0.14000000,0.03000000,0.39000000,藏格矿业
2023-11-20,000408,21.14000000,20.95000000,21.43000000,20.95000000,71254,175829799.80000001,2.27000000,-0.90000000,-0.19000000,0.45000000,藏格矿业
2023-11-21,000408,21.11000000,20.95000000,21.11000000,20.82000000,76306,186990616.55000001,1.38000000,0.00000000,0.00000000,0.48000000,藏格矿业
2023-11-22,000408,20.97000000,20.52000000,20.97000000,20.51000000,64461,156548943.28999999,2.20000000,-2.05000000,-0.43000000,0.41000000,藏格矿业
2023-11-23,000408,20.45000000,20.86000000,20.88000000,20.30000000,76040,183887856.56999999,2.83000000,1.66000000,0.34000000,0.48000000,藏格矿业
2023-11-24,000408,20.77000000,20.76000000,21.03000000,20.62000000,51996,126430060.52000000,1.97000000,-0.48000000,-0.10000000,0.33000000,藏格矿业
2023-11-27,000408,20.84000000,20.53000000,20.84000000,20.45000000,56298,135798012.00000000,1.88000000,-1.11000000,-0.23000000,0.36000000,藏格矿业
2023-11-28,000408,20.41000000,20.61000000,20.66000000,20.20000000,61790,148157251.87000000,2.24000000,0.39000000,0.08000000,0.39000000,藏格矿业
2023-11-29,000408,20.46000000,20.43000000,20.79000000,20.19000000,85900,206504655.16000000,2.91000000,-0.87000000,-0.18000000,0.54000000,藏格矿业
2023-11-30,000408,20.25000000,20.37000000,20.59000000,20.25000000,51729,123979628.56000000,1.66000000,-0.29000000,-0.06000000,0.33000000,藏格矿业
2023-12-01,000408,20.34000000,20.34000000,20.68000000,20.11000000,77881,186018328.59999999,2.80000000,-0.15000000,-0.03000000,0.49000000,藏格矿业
2023-12-04,000408,20.36000000,20.51000000,20.73000000,20.33000000,78249,188710436.59999999,1.97000000,0.84000000,0.17000000,0.50000000,藏格矿业
2023-12-05,000408,20.33000000,20.05000000,20.67000000,20.05000000,95774,229060960.12000000,3.02000000,-2.24000000,-0.46000000,0.61000000,藏格矿业
2023-12-06,000408,19.98000000,20.39000000,21.01000000,19.98000000,179703,434284403.80000001,5.14000000,1.70000000,0.34000000,1.14000000,藏格矿业
2023-12-07,000408,20.25000000,20.46000000,20.61000000,19.95000000,93867,223904888.31999999,3.24000000,0.34000000,0.07000000,0.59000000,藏格矿业
2023-12-08,000408,20.65000000,20.50000000,20.75000000,20.20000000,104720,251892723.91999999,2.69000000,0.20000000,0.04000000,0.66000000,藏格矿业
2023-12-11,000408,20.42000000,20.75000000,20.82000000,20.18000000,86690,209060338.46000001,3.12000000,1.22000000,0.25000000,0.55000000,藏格矿业
2023-12-12,000408,20.73000000,20.54000000,20.80000000,20.45000000,69541,168030175.80000001,1.69000000,-1.01000000,-0.21000000,0.44000000,藏格矿业
2023-12-13,000408,20.48000000,20.38000000,20.62000000,20.25000000,56760,136183672.06000000,1.80000000,-0.78000000,-0.16000000,0.36000000,藏格矿业
2023-12-14,000408,20.52000000,20.55000000,20.80000000,20.42000000,62425,150912478.97000000,1.86000000,0.83000000,0.17000000,0.39000000,藏格矿业
2023-12-15,000408,20.65000000,20.47000000,21.03000000,20.41000000,90728,219998599.84000000,3.02000000,-0.39000000,-0.08000000,0.57000000,藏格矿业
2023-12-18,000408,20.33000000,20.47000000,20.62000000,20.22000000,50431,120961426.69000000,1.95000000,0.00000000,0.00000000,0.32000000,藏格矿业
2023-12-19,000408,20.43000000,20.74000000,20.77000000,20.34000000,51797,124980193.80000000,2.10000000,1.32000000,0.27000000,0.33000000,藏格矿业
2023-12-20,000408,20.81000000,20.60000000,20.97000000,20.57000000,72654,176888888.05000001,1.93000000,-0.68000000,-0.14000000,0.46000000,藏格矿业
2023-12-21,000408,20.46000000,20.81000000,20.91000000,20.44000000,65552,158947113.06999999,2.28000000,1.02000000,0.21000000,0.41000000,藏格矿业
2023-12-22,000408,20.80000000,21.00000000,21.30000000,20.45000000,94599,231198797.74000001,4.08000000,0.91000000,0.19000000,0.60000000,藏格矿业
2023-12-25,000408,20.95000000,21.19000000,21.20000000,20.86000000,43533,107053368.48000000,1.62000000,0.90000000,0.19000000,0.28000000,藏格矿业
2023-12-26,000408,21.18000000,21.37000000,21.51000000,21.12000000,64270,159928897.97000000,1.84000000,0.85000000,0.18000000,0.41000000,藏格矿业
2023-12-27,000408,21.40000000,21.11000000,21.44000000,20.94000000,64223,158142173.31999999,2.34000000,-1.22000000,-0.26000000,0.41000000,藏格矿业
2023-12-28,000408,21.44000000,21.74000000,21.78000000,21.20000000,98333,247219061.88000000,2.75000000,2.98000000,0.63000000,0.62000000,藏格矿业
2023-12-29,000408,21.65000000,21.79000000,21.94000000,21.57000000,77098,195201313.31000000,1.70000000,0.23000000,0.05000000,0.49000000,藏格矿业
2024-01-02,000408,21.85000000,22.40000000,22.71000000,21.81000000,111853,290458059.49000001,4.13000000,2.80000000,0.61000000,0.71000000,藏格矿业
2024-01-03,000408,22.31000000,22.62000000,22.67000000,22.15000000,65827,171581009.69999999,2.32000000,0.98000000,0.22000000,0.42000000,藏格矿业
2024-01-04,000408,22.72000000,23.40000000,23.45000000,22.65000000,158199,422943634.51999998,3.54000000,3.45000000,0.78000000,1.00000000,藏格矿业
2024-01-05,000408,23.45000000,23.14000000,23.85000000,23.01000000,134192,362310244.77999997,3.59000000,-1.11000000,-0.26000000,0.85000000,藏格矿业
2024-01-08,000408,23.24000000,23.22000000,23.70000000,23.11000000,120093,322915080.88999999,2.55000000,0.35000000,0.08000000,0.76000000,藏格矿业
2024-01-09,000408,23.21000000,23.35000000,23.50000000,22.85000000,166167,444590460.19999999,2.80000000,0.56000000,0.13000000,1.05000000,藏格矿业
2024-01-10,000408,23.25000000,23.36000000,23.57000000,23.19000000,80476,216677175.47999999,1.63000000,0.04000000,0.01000000,0.51000000,藏格矿业
2024-01-11,000408,23.36000000,23.46000000,23.76000000,23.16000000,112695,304210660.36000001,2.57000000,0.43000000,0.10000000,0.71000000,藏格矿业
2024-01-12,000408,23.48000000,23.85000000,23.93000000,23.40000000,110425,301890944.26999998,2.26000000,1.66000000,0.39000000,0.70000000,藏格矿业
2024-01-15,000408,23.85000000,23.12000000,24.03000000,23.09000000,125151,338027852.33999997,3.94000000,-3.06000000,-0.73000000,0.79000000,藏格矿业
2024-01-16,000408,23.33000000,23.20000000,23.35000000,22.71000000,108060,287238284.43000001,2.77000000,0.35000000,0.08000000,0.68000000,藏格矿业
2024-01-17,000408,23.30000000,22.66000000,23.33000000,22.58000000,64172,170137853.50999999,3.23000000,-2.33000000,-0.54000000,0.41000000,藏格矿业
2024-01-18,000408,22.53000000,22.72000000,22.78000000,21.85000000,162554,418661393.29000002,4.10000000,0.26000000,0.06000000,1.03000000,藏格矿业
2024-01-19,000408,22.72000000,22.56000000,23.20000000,22.45000000,102200,268500362.44000000,3.30000000,-0.70000000,-0.16000000,0.65000000,藏格矿业
2024-01-22,000408,22.44000000,21.66000000,22.60000000,21.44000000,104179,266860193.56999999,5.14000000,-3.99000000,-0.90000000,0.66000000,藏格矿业
2024-01-23,000408,21.66000000,22.04000000,22.15000000,21.24000000,92220,234154525.97000000,4.20000000,1.75000000,0.38000000,0.58000000,藏格矿业
2024-01-24,000408,22.15000000,22.15000000,22.40000000,21.46000000,82872,211962109.19999999,4.26000000,0.50000000,0.11000000,0.52000000,藏格矿业
2024-01-25,000408,22.29000000,22.69000000,22.97000000,21.98000000,129620,339451115.80000001,4.47000000,2.44000000,0.54000000,0.82000000,藏格矿业
2024-01-26,000408,22.53000000,23.11000000,23.31000000,22.48000000,127946,338796845.23000002,3.66000000,1.85000000,0.42000000,0.81000000,藏格矿业
2024-01-29,000408,23.02000000,22.04000000,23.13000000,21.97000000,110425,286888502.17000002,5.02000000,-4.63000000,-1.07000000,0.70000000,藏格矿业
2024-01-30,000408,21.79000000,21.75000000,22.23000000,21.62000000,67315,171670634.25999999,2.77000000,-1.32000000,-0.29000000,0.43000000,藏格矿业
2024-01-31,000408,21.60000000,21.22000000,21.79000000,21.16000000,89135,222154973.53000000,2.90000000,-2.44000000,-0.53000000,0.56000000,藏格矿业
2024-02-01,000408,20.91000000,21.01000000,21.38000000,20.67000000,78467,193026929.22000000,3.35000000,-0.99000000,-0.21000000,0.50000000,藏格矿业
2024-02-02,000408,21.01000000,20.50000000,21.35000000,19.85000000,114443,277395142.19000000,7.14000000,-2.43000000,-0.51000000,0.72000000,藏格矿业
2024-02-05,000408,20.31000000,20.33000000,20.92000000,19.51000000,130597,311204638.22000003,6.88000000,-0.83000000,-0.17000000,0.83000000,藏格矿业
2024-02-06,000408,20.12000000,21.82000000,22.03000000,20.00000000,141964,354711647.80000001,9.99000000,7.33000000,1.49000000,0.90000000,藏格矿业
2024-02-07,000408,21.82000000,22.82000000,22.85000000,21.72000000,127385,332946315.56999999,5.18000000,4.58000000,1.00000000,0.81000000,藏格矿业
2024-02-08,000408,22.90000000,22.55000000,23.17000000,22.27000000,135221,355053893.42000002,3.94000000,-1.18000000,-0.27000000,0.86000000,藏格矿业
2024-02-19,000408,22.70000000,22.86000000,23.04000000,22.28000000,120616,316996506.72000003,3.37000000,1.37000000,0.31000000,0.76000000,藏格矿业
2024-02-20,000408,22.70000000,22.93000000,23.07000000,22.60000000,84150,222168742.15000001,2.06000000,0.31000000,0.07000000,0.53000000,藏格矿业
2024-02-21,000408,22.95000000,22.87000000,23.28000000,22.70000000,92260,245054939.81999999,2.53000000,-0.26000000,-0.06000000,0.58000000,藏格矿业
2024-02-22,000408,22.77000000,23.39000000,23.43000000,22.70000000,98132,260921798.34999999,3.19000000,2.27000000,0.52000000,0.62000000,藏格矿业
2024-02-23,000408,23.40000000,24.15000000,24.33000000,23.35000000,151632,416929271.44999999,4.19000000,3.25000000,0.76000000,0.96000000,藏格矿业
2024-02-26,000408,24.36000000,24.28000000,25.45000000,24.20000000,150319,425429078.62000000,5.18000000,0.54000000,0.13000000,0.95000000,藏格矿业
2024-02-27,000408,24.26000000,24.23000000,24.45000000,23.86000000,93597,258712983.62000000,2.43000000,-0.21000000,-0.05000000,0.59000000,藏格矿业
2024-02-28,000408,24.35000000,23.91000000,24.64000000,23.83000000,96740,268729057.54000002,3.34000000,-1.32000000,-0.32000000,0.61000000,藏格矿业
2024-02-29,000408,23.95000000,25.74000000,25.74000000,23.92000000,215177,613089752.00999999,7.61000000,7.65000000,1.83000000,1.36000000,藏格矿业
2024-03-01,000408,25.73000000,25.88000000,26.93000000,25.61000000,200701,597803831.05999994,5.13000000,0.54000000,0.14000000,1.27000000,藏格矿业
2024-03-04,000408,25.90000000,26.12000000,26.83000000,25.90000000,166432,498033605.51999998,3.59000000,0.93000000,0.24000000,1.05000000,藏格矿业
2024-03-05,000408,26.24000000,25.68000000,26.25000000,25.43000000,140109,408883167.63999999,3.14000000,-1.68000000,-0.44000000,0.89000000,藏格矿业
2024-03-06,000408,25.49000000,25.87000000,26.33000000,25.18000000,106848,313263746.01999998,4.48000000,0.74000000,0.19000000,0.68000000,藏格矿业
2024-03-07,000408,26.06000000,26.05000000,26.66000000,25.92000000,129330,386577799.37000000,2.86000000,0.70000000,0.18000000,0.82000000,藏格矿业
2024-03-08,000408,26.13000000,26.35000000,26.73000000,26.05000000,113690,339453339.77999997,2.61000000,1.15000000,0.30000000,0.72000000,藏格矿业
2024-03-11,000408,26.14000000,26.14000000,26.35000000,25.61000000,154227,456268852.68000001,2.81000000,-0.80000000,-0.21000000,0.98000000,藏格矿业
2024-03-12,000408,25.95000000,25.45000000,26.19000000,25.29000000,143709,418888471.95999998,3.44000000,-2.64000000,-0.69000000,0.91000000,藏格矿业
2024-03-13,000408,25.46000000,25.35000000,25.68000000,25.17000000,98084,283450976.95999998,2.00000000,-0.39000000,-0.10000000,0.62000000,藏格矿业
2024-03-14,000408,26.45000000,26.10000000,27.53000000,25.98000000,247779,752210454.14999998,6.11000000,2.96000000,0.75000000,1.57000000,藏格矿业
2024-03-15,000408,26.10000000,27.91000000,27.92000000,25.92000000,294444,903470355.88000000,7.66000000,6.93000000,1.81000000,1.86000000,藏格矿业
2024-03-18,000408,27.76000000,27.93000000,28.11000000,27.30000000,182401,571771303.14999998,2.90000000,0.07000000,0.02000000,1.15000000,藏格矿业
2024-03-19,000408,27.93000000,27.88000000,28.56000000,27.67000000,135084,427980658.20999998,3.19000000,-0.18000000,-0.05000000,0.85000000,藏格矿业
2024-03-20,000408,27.55000000,27.61000000,27.93000000,27.15000000,107589,335888516.38000000,2.80000000,-0.97000000,-0.27000000,0.68000000,藏格矿业
2024-03-21,000408,27.31000000,27.09000000,27.77000000,26.22000000,184587,562276199.45000005,5.61000000,-1.88000000,-0.52000000,1.17000000,藏格矿业
2024-03-22,000408,26.84000000,25.46000000,27.13000000,25.30000000,190112,559785370.72000003,6.76000000,-6.02000000,-1.63000000,1.20000000,藏格矿业
2024-03-25,000408,25.36000000,26.16000000,26.59000000,25.36000000,160684,477465223.66000003,4.83000000,2.75000000,0.70000000,1.02000000,藏格矿业
2024-03-26,000408,26.16000000,26.10000000,26.34000000,25.67000000,81137,239613649.66999999,2.56000000,-0.23000000,-0.06000000,0.51000000,藏格矿业
2024-03-27,000408,26.15000000,26.31000000,26.80000000,25.92000000,119340,357989632.36000001,3.37000000,0.80000000,0.21000000,0.76000000,藏格矿业
2024-03-28,000408,26.38000000,26.20000000,26.83000000,25.98000000,112732,337172475.13000000,3.23000000,-0.42000000,-0.11000000,0.71000000,藏格矿业
2024-03-29,000408,26.25000000,27.98000000,28.20000000,26.25000000,219351,681933240.26999998,7.44000000,6.79000000,1.78000000,1.39000000,藏格矿业
2024-04-01,000408,27.65000000,28.14000000,28.38000000,27.55000000,163549,515484171.97000003,2.97000000,0.57000000,0.16000000,1.03000000,藏格矿业
2024-04-02,000408,28.14000000,28.28000000,28.72000000,28.02000000,112338,358653972.85000002,2.49000000,0.50000000,0.14000000,0.71000000,藏格矿业
2024-04-03,000408,28.42000000,29.81000000,30.12000000,28.28000000,246877,813511753.11000001,6.51000000,5.41000000,1.53000000,1.56000000,藏格矿业
2024-04-08,000408,29.95000000,29.73000000,30.53000000,29.53000000,185943,626057142.60000002,3.35000000,-0.27000000,-0.08000000,1.18000000,藏格矿业
2024-04-09,000408,29.48000000,28.85000000,29.64000000,28.77000000,122729,400888132.36000001,2.93000000,-2.96000000,-0.88000000,0.78000000,藏格矿业
2024-04-10,000408,28.91000000,28.96000000,29.51000000,28.46000000,121582,395195411.56999999,3.64000000,0.38000000,0.11000000,0.77000000,藏格矿业
2024-04-11,000408,27.54000000,28.17000000,29.09000000,27.54000000,193224,616259301.30999994,5.35000000,-2.73000000,-0.79000000,1.22000000,藏格矿业
2024-04-12,000408,28.24000000,28.53000000,28.94000000,27.98000000,93384,299115348.79000002,3.41000000,1.28000000,0.36000000,0.59000000,藏格矿业
2024-04-15,000408,28.33000000,28.80000000,29.01000000,28.15000000,94084,302558694.06999999,3.01000000,0.95000000,0.27000000,0.60000000,藏格矿业
2024-04-16,000408,27.45000000,25.57000000,27.89000000,25.57000000,531927,1591721634.27999997,8.06000000,-11.22000000,-3.23000000,3.37000000,藏格矿业
2024-04-17,000408,25.38000000,25.35000000,26.05000000,24.93000000,273230,791899400.84000003,4.38000000,-0.86000000,-0.22000000,1.73000000,藏格矿业
2024-04-18,000408,25.62000000,26.85000000,26.99000000,25.41000000,226201,677617476.50000000,6.23000000,5.92000000,1.50000000,1.43000000,藏格矿业
2024-04-19,000408,27.35000000,28.03000000,28.36000000,27.15000000,188177,578530193.44000006,4.51000000,4.39000000,1.18000000,1.19000000,藏格矿业
2024-04-22,000408,27.93000000,26.93000000,28.19000000,26.76000000,146444,441871616.13000000,5.10000000,-3.92000000,-1.10000000,0.93000000,藏格矿业
2024-04-23,000408,26.80000000,25.39000000,26.87000000,25.31000000,167644,476960175.35000002,5.79000000,-5.72000000,-1.54000000,1.06000000,藏格矿业
2024-04-24,000408,25.29000000,25.37000000,25.51000000,25.13000000,98421,275692701.22000003,1.50000000,-0.08000000,-0.02000000,0.62000000,藏格矿业
2024-04-25,000408,25.35000000,25.64000000,26.16000000,25.22000000,88767,252879380.66000000,3.71000000,1.06000000,0.27000000,0.56000000,藏格矿业
2024-04-26,000408,25.65000000,25.79000000,25.95000000,25.45000000,98938,281482409.47000003,1.95000000,0.59000000,0.15000000,0.63000000,藏格矿业
2024-04-29,000408,25.84000000,25.87000000,26.20000000,25.35000000,122720,349738103.35000002,3.30000000,0.31000000,0.08000000,0.78000000,藏格矿业
2024-04-30,000408,25.90000000,26.09000000,26.65000000,25.48000000,129932,376702780.23000002,4.52000000,0.85000000,0.22000000,0.82000000,藏格矿业
2024-05-06,000408,26.24000000,26.09000000,26.38000000,25.15000000,153598,436790222.88000000,4.71000000,0.00000000,0.00000000,0.97000000,藏格矿业
2024-05-07,000408,26.07000000,26.00000000,26.50000000,25.84000000,115748,334553894.56999999,2.53000000,-0.34000000,-0.09000000,0.73000000,藏格矿业
2024-05-08,000408,25.98000000,25.50000000,25.98000000,25.48000000,67364,191268512.62000000,1.92000000,-1.92000000,-0.50000000,0.43000000,藏格矿业
2024-05-09,000408,25.45000000,25.89000000,26.24000000,25.45000000,93944,268396495.28999999,3.10000000,1.53000000,0.39000000,0.59000000,藏格矿业
2024-05-10,000408,25.87000000,25.44000000,26.25000000,25.28000000,120981,341602672.30000001,3.75000000,-1.74000000,-0.45000000,0.77000000,藏格矿业
2024-05-13,000408,25.30000000,25.36000000,25.45000000,24.79000000,98217,274584272.66000003,2.59000000,-0.31000000,-0.08000000,0.62000000,藏格矿业
2024-05-14,000408,25.60000000,25.92000000,26.23000000,25.52000000,121885,349727085.80000001,2.80000000,2.21000000,0.56000000,0.77000000,藏格矿业
2024-05-15,000408,25.86000000,25.79000000,26.04000000,25.34000000,79468,226057923.88000000,2.70000000,-0.50000000,-0.13000000,0.50000000,藏格矿业
2024-05-16,000408,26.34000000,25.78000000,26.64000000,25.75000000,123608,358509359.72000003,3.45000000,-0.04000000,-0.01000000,0.78000000,藏格矿业
2024-05-17,000408,25.75000000,25.61000000,25.90000000,25.20000000,84762,239009055.16999999,2.72000000,-0.66000000,-0.17000000,0.54000000,藏格矿业
2024-05-20,000408,26.43000000,26.51000000,27.04000000,26.16000000,181726,533131501.67000002,3.44000000,3.51000000,0.90000000,1.15000000,藏格矿业
2024-05-21,000408,26.51000000,25.97000000,26.57000000,25.76000000,109529,315119850.67000002,3.06000000,-2.04000000,-0.54000000,0.69000000,藏格矿业
2024-05-22,000408,25.83000000,24.35000000,25.96000000,24.25000000,260084,717086183.08000004,6.58000000,-6.24000000,-1.62000000,1.65000000,藏格矿业
2024-05-23,000408,23.99000000,23.61000000,23.99000000,23.49000000,170805,452439293.27999997,2.05000000,-3.04000000,-0.74000000,1.08000000,藏格矿业
2024-05-24,000408,23.78000000,24.07000000,24.30000000,23.66000000,87641,234903816.00999999,2.71000000,1.95000000,0.46000000,0.55000000,藏格矿业
2024-05-27,000408,24.10000000,24.10000000,24.42000000,23.87000000,86732,232870066.80000001,2.29000000,0.12000000,0.03000000,0.55000000,藏格矿业
2024-05-28,000408,24.32000000,23.91000000,24.40000000,23.85000000,70696,190352064.00000000,2.28000000,-0.79000000,-0.19000000,0.45000000,藏格矿业
2024-05-29,000408,23.84000000,24.33000000,24.57000000,23.83000000,89573,241979590.28999999,3.09000000,1.76000000,0.42000000,0.57000000,藏格矿业
2024-05-30,000408,24.17000000,23.74000000,24.50000000,23.70000000,70183,187754843.75000000,3.29000000,-2.42000000,-0.59000000,0.44000000,藏格矿业
2024-05-31,000408,23.65000000,23.34000000,23.70000000,23.29000000,118982,312014398.81000000,1.73000000,-1.68000000,-0.40000000,0.75000000,藏格矿业
2024-06-03,000408,23.34000000,23.23000000,23.43000000,22.95000000,88680,230207038.52000001,2.06000000,-0.47000000,-0.11000000,0.56000000,藏格矿业
2024-06-04,000408,23.28000000,23.35000000,23.56000000,23.07000000,71309,185974570.94999999,2.11000000,0.52000000,0.12000000,0.45000000,藏格矿业
2024-06-05,000408,23.12000000,22.70000000,23.12000000,22.64000000,108577,277484578.68000001,2.06000000,-2.78000000,-0.65000000,0.69000000,藏格矿业
2024-06-06,000408,22.85000000,22.86000000,23.30000000,22.75000000,101061,259980874.53999999,2.42000000,0.70000000,0.16000000,0.64000000,藏格矿业
2024-06-07,000408,23.14000000,22.91000000,23.33000000,22.78000000,75273,193831951.44000000,2.41000000,0.22000000,0.05000000,0.48000000,藏格矿业
2024-06-11,000408,22.78000000,22.57000000,22.85000000,22.44000000,63572,161124423.52000001,1.79000000,-1.48000000,-0.34000000,0.40000000,藏格矿业
2024-06-12,000408,22.46000000,22.57000000,22.78000000,22.35000000,72853,184176294.90000001,1.91000000,0.00000000,0.00000000,0.46000000,藏格矿业
2024-06-13,000408,22.60000000,22.19000000,22.62000000,22.10000000,58567,146660324.69999999,2.30000000,-1.68000000,-0.38000000,0.37000000,藏格矿业
2024-06-14,000408,22.20000000,22.56000000,22.84000000,22.20000000,91830,233033962.09999999,2.88000000,1.67000000,0.37000000,0.58000000,藏格矿业
2024-06-17,000408,22.50000000,22.44000000,22.63000000,22.13000000,60018,150724019.88999999,2.22000000,-0.53000000,-0.12000000,0.38000000,藏格矿业
2024-06-18,000408,22.40000000,22.35000000,22.63000000,22.25000000,42464,106781832.42000000,1.69000000,-0.40000000,-0.09000000,0.27000000,藏格矿业
2024-06-19,000408,22.44000000,22.27000000,22.68000000,22.23000000,53772,135368910.47999999,2.01000000,-0.36000000,-0.08000000,0.34000000,藏格矿业
2024-06-20,000408,22.39000000,22.19000000,22.72000000,22.17000000,78516,198060300.88000000,2.47000000,-0.36000000,-0.08000000,0.50000000,藏格矿业
2024-06-21,000408,22.17000000,21.98000000,22.42000000,21.79000000,97156,240674562.11000001,2.84000000,-0.95000000,-0.21000000,0.61000000,藏格矿业
2024-06-24,000408,21.77000000,21.77000000,22.03000000,21.60000000,66073,162075324.00000000,1.96000000,-0.96000000,-0.21000000,0.42000000,藏格矿业
2024-06-25,000408,21.66000000,21.44000000,21.95000000,21.32000000,82373,199434522.30000001,2.89000000,-1.52000000,-0.33000000,0.52000000,藏格矿业
2024-06-26,000408,21.44000000,21.85000000,21.88000000,20.91000000,96186,232484596.65000001,4.52000000,1.91000000,0.41000000,0.61000000,藏格矿业
2024-06-27,000408,21.73000000,21.30000000,21.87000000,21.19000000,74304,179277175.97000000,3.11000000,-2.52000000,-0.55000000,0.47000000,藏格矿业
2024-06-28,000408,21.27000000,21.32000000,21.41000000,21.03000000,82056,197208054.84000000,1.78000000,0.09000000,0.02000000,0.52000000,藏格矿业
2024-07-01,000408,21.90000000,23.48000000,23.53000000,21.88000000,242247,616534666.40999997,7.74000000,10.13000000,2.16000000,1.53000000,藏格矿业
2024-07-02,000408,23.25000000,22.31000000,23.35000000,22.07000000,198906,502199710.45999998,5.45000000,-4.98000000,-1.17000000,1.26000000,藏格矿业
2024-07-03,000408,22.21000000,21.75000000,22.43000000,21.41000000,150363,367735612.22000003,4.57000000,-2.51000000,-0.56000000,0.95000000,藏格矿业
2024-07-04,000408,22.24000000,22.36000000,22.80000000,22.23000000,153349,386127996.48000002,2.62000000,2.80000000,0.61000000,0.97000000,藏格矿业
2024-07-05,000408,22.40000000,22.80000000,22.86000000,22.05000000,109991,277906619.12000000,3.62000000,1.97000000,0.44000000,0.70000000,藏格矿业
2024-07-08,000408,22.82000000,22.54000000,23.27000000,22.39000000,132381,339431988.55000001,3.86000000,-1.14000000,-0.26000000,0.84000000,藏格矿业
2024-07-09,000408,22.57000000,22.36000000,22.58000000,21.74000000,131953,328660933.01999998,3.73000000,-0.80000000,-0.18000000,0.83000000,藏格矿业
2024-07-10,000408,22.25000000,21.72000000,22.71000000,21.72000000,135769,339813271.10000002,4.43000000,-2.86000000,-0.64000000,0.86000000,藏格矿业
2024-07-11,000408,21.95000000,22.60000000,22.75000000,21.65000000,148229,371348059.81999999,5.06000000,4.05000000,0.88000000,0.94000000,藏格矿业
2024-07-12,000408,22.43000000,21.90000000,22.59000000,21.80000000,135930,336496348.57999998,3.50000000,-3.10000000,-0.70000000,0.86000000,藏格矿业
2024-07-15,000408,21.85000000,22.00000000,22.13000000,21.68000000,75544,186753449.52000001,2.05000000,0.46000000,0.10000000,0.48000000,藏格矿业
2024-07-16,000408,21.82000000,21.76000000,22.05000000,21.55000000,77096,188774560.44000000,2.27000000,-1.09000000,-0.24000000,0.49000000,藏格矿业
2024-07-17,000408,21.85000000,20.92000000,21.89000000,20.90000000,117990,281686006.17000002,4.55000000,-3.86000000,-0.84000000,0.75000000,藏格矿业
2024-07-18,000408,20.85000000,21.24000000,21.26000000,20.53000000,80414,190140156.16999999,3.49000000,1.53000000,0.32000000,0.51000000,藏格矿业
2024-07-19,000408,20.80000000,20.98000000,21.06000000,20.29000000,90336,211802575.80000001,3.63000000,-1.22000000,-0.26000000,0.57000000,藏格矿业
2024-07-22,000408,20.90000000,20.54000000,21.17000000,20.40000000,91053,212771590.46000001,3.67000000,-2.10000000,-0.44000000,0.58000000,藏格矿业
2024-07-23,000408,20.60000000,19.57000000,20.60000000,19.57000000,101039,229228100.63000000,5.01000000,-4.72000000,-0.97000000,0.64000000,藏格矿业
2024-07-24,000408,19.58000000,19.18000000,19.69000000,18.95000000,91454,200994388.38000000,3.78000000,-1.99000000,-0.39000000,0.58000000,藏格矿业
2024-07-25,000408,18.90000000,19.18000000,19.29000000,18.65000000,100548,217772479.30000001,3.34000000,0.00000000,0.00000000,0.64000000,藏格矿业
2024-07-26,000408,19.25000000,19.86000000,20.14000000,19.25000000,118760,268015791.74000001,4.64000000,3.55000000,0.68000000,0.75000000,藏格矿业
2024-07-29,000408,20.18000000,19.82000000,20.37000000,19.66000000,90161,204256556.56999999,3.58000000,-0.20000000,-0.04000000,0.57000000,藏格矿业
2024-07-30,000408,19.67000000,19.80000000,19.89000000,19.40000000,61304,137105828.44999999,2.47000000,-0.10000000,-0.02000000,0.39000000,藏格矿业
2024-07-31,000408,19.85000000,20.25000000,20.25000000,19.63000000,97717,222562426.91999999,3.13000000,2.27000000,0.45000000,0.62000000,藏格矿业
2024-08-01,000408,20.44000000,20.13000000,20.93000000,20.08000000,113147,262204100.97999999,4.20000000,-0.59000000,-0.12000000,0.72000000,藏格矿业
2024-08-02,000408,19.85000000,20.06000000,20.28000000,19.78000000,68226,155331060.24000001,2.48000000,-0.35000000,-0.07000000,0.43000000,藏格矿业
2024-08-05,000408,19.84000000,19.35000000,20.21000000,19.15000000,108266,241410568.49000001,5.28000000,-3.54000000,-0.71000000,0.69000000,藏格矿业
2024-08-06,000408,19.47000000,19.39000000,19.52000000,19.22000000,71364,157675568.94000000,1.55000000,0.21000000,0.04000000,0.45000000,藏格矿业
2024-08-07,000408,19.38000000,19.33000000,19.39000000,19.07000000,38793,85425058.95000000,1.65000000,-0.31000000,-0.06000000,0.25000000,藏格矿业
2024-08-08,000408,19.23000000,19.34000000,19.52000000,19.14000000,55492,122424965.12000000,1.97000000,0.05000000,0.01000000,0.35000000,藏格矿业
2024-08-09,000408,19.52000000,19.39000000,19.67000000,19.27000000,64027,141991355.28000000,2.07000000,0.26000000,0.05000000,0.41000000,藏格矿业
2024-08-12,000408,19.75000000,19.73000000,19.93000000,19.32000000,86633,194277061.63999999,3.15000000,1.75000000,0.34000000,0.55000000,藏格矿业
2024-08-13,000408,19.84000000,20.03000000,20.31000000,19.78000000,74719,170350052.13999999,2.69000000,1.52000000,0.30000000,0.47000000,藏格矿业
2024-08-14,000408,20.05000000,19.69000000,20.19000000,19.69000000,47378,107155415.83000000,2.50000000,-1.70000000,-0.34000000,0.30000000,藏格矿业
2024-08-15,000408,19.71000000,19.85000000,19.91000000,19.51000000,44902,101047241.59999999,2.03000000,0.81000000,0.16000000,0.28000000,藏格矿业
2024-08-16,000408,19.94000000,19.98000000,20.37000000,19.86000000,75895,173460999.56000000,2.57000000,0.65000000,0.13000000,0.48000000,藏格矿业
2024-08-19,000408,20.01000000,20.27000000,20.50000000,19.96000000,82164,189431172.00000000,2.70000000,1.45000000,0.29000000,0.52000000,藏格矿业
2024-08-20,000408,20.33000000,19.76000000,20.36000000,19.58000000,65684,149149674.27000001,3.85000000,-2.52000000,-0.51000000,0.42000000,藏格矿业
2024-08-21,000408,19.65000000,19.93000000,20.10000000,19.54000000,54414,123203890.34999999,2.83000000,0.86000000,0.17000000,0.34000000,藏格矿业
2024-08-22,000408,20.25000000,19.88000000,20.25000000,19.76000000,52832,120010650.00000000,2.46000000,-0.25000000,-0.05000000,0.33000000,藏格矿业
2024-08-23,000408,19.78000000,19.96000000,20.00000000,19.72000000,37312,84375536.00000000,1.41000000,0.40000000,0.08000000,0.24000000,藏格矿业
2024-08-26,000408,20.03000000,20.80000000,20.95000000,20.03000000,103851,242090043.87000000,4.61000000,4.21000000,0.84000000,0.66000000,藏格矿业
2024-08-27,000408,20.68000000,20.94000000,21.30000000,20.65000000,65757,156013571.34999999,3.13000000,0.67000000,0.14000000,0.42000000,藏格矿业
2024-08-28,000408,20.83000000,21.12000000,21.21000000,20.67000000,68195,161860079.02000001,2.58000000,0.86000000,0.18000000,0.43000000,藏格矿业
2024-08-29,000408,21.02000000,21.04000000,21.20000000,20.77000000,58505,138833799.00000000,2.04000000,-0.38000000,-0.08000000,0.37000000,藏格矿业
2024-08-30,000408,21.25000000,21.31000000,21.60000000,20.70000000,85115,204371045.41999999,4.28000000,1.28000000,0.27000000,0.54000000,藏格矿业
2024-09-02,000408,21.25000000,21.24000000,21.80000000,21.21000000,84445,204357193.59999999,2.77000000,-0.33000000,-0.07000000,0.53000000,藏格矿业
2024-09-03,000408,21.15000000,21.34000000,21.77000000,21.15000000,65489,158179093.00000000,2.92000000,0.47000000,0.10000000,0.41000000,藏格矿业
2024-09-04,000408,21.08000000,20.96000000,21.23000000,20.73000000,81795,194163758.06999999,2.34000000,-1.78000000,-0.38000000,0.52000000,藏格矿业
2024-09-05,000408,21.10000000,20.92000000,21.34000000,20.80000000,55100,129398234.26000001,2.58000000,-0.19000000,-0.04000000,0.35000000,藏格矿业
2024-09-06,000408,21.06000000,20.83000000,21.06000000,20.73000000,38406,89749272.00000000,1.58000000,-0.43000000,-0.09000000,0.24000000,藏格矿业
2024-09-09,000408,20.75000000,20.53000000,21.15000000,20.36000000,72413,167489874.00000000,3.79000000,-1.44000000,-0.30000000,0.46000000,藏格矿业
2024-09-10,000408,20.72000000,20.47000000,20.72000000,20.15000000,46380,105901782.84000000,2.78000000,-0.29000000,-0.06000000,0.29000000,藏格矿业
2024-09-11,000408,20.48000000,20.94000000,20.96000000,20.35000000,67750,157517634.03000000,2.98000000,2.30000000,0.47000000,0.43000000,藏格矿业
2024-09-12,000408,20.87000000,21.28000000,21.44000000,20.75000000,99348,236114868.41000000,3.30000000,1.62000000,0.34000000,0.63000000,藏格矿业
2024-09-13,000408,21.39000000,20.90000000,21.46000000,20.68000000,56473,132741586.58000000,3.67000000,-1.79000000,-0.38000000,0.36000000,藏格矿业
2024-09-18,000408,20.92000000,21.61000000,21.73000000,20.90000000,77992,186149065.58000001,3.97000000,3.40000000,0.71000000,0.49000000,藏格矿业
2024-09-19,000408,21.60000000,21.92000000,22.18000000,21.37000000,80157,195303727.66999999,3.75000000,1.43000000,0.31000000,0.51000000,藏格矿业
2024-09-20,000408,21.92000000,21.86000000,22.17000000,21.53000000,67863,165073015.75000000,2.92000000,-0.27000000,-0.06000000,0.43000000,藏格矿业
2024-09-23,000408,21.76000000,21.41000000,21.91000000,21.33000000,65775,158159571.19999999,2.65000000,-2.06000000,-0.45000000,0.42000000,藏格矿业
2024-09-24,000408,21.59000000,22.25000000,22.35000000,21.45000000,102774,251686580.03999999,4.20000000,3.92000000,0.84000000,0.65000000,藏格矿业
2024-09-25,000408,22.70000000,22.47000000,23.00000000,22.43000000,110398,278451762.49000001,2.56000000,0.99000000,0.22000000,0.70000000,藏格矿业
2024-09-26,000408,22.48000000,23.35000000,23.35000000,22.40000000,97363,247332542.59000000,4.23000000,3.92000000,0.88000000,0.62000000,藏格矿业
2024-09-27,000408,23.84000000,24.58000000,25.02000000,23.84000000,204094,552094387.45000005,5.05000000,5.27000000,1.23000000,1.29000000,藏格矿业
2024-09-30,000408,25.50000000,26.25000000,26.78000000,24.84000000,277775,788494796.63000000,7.89000000,6.79000000,1.67000000,1.76000000,藏格矿业
2024-10-08,000408,29.00000000,25.85000000,29.00000000,24.88000000,350075,1019020640.90999997,15.70000000,-1.52000000,-0.40000000,2.22000000,藏格矿业
2024-10-09,000408,25.32000000,23.35000000,25.32000000,23.12000000,279490,746118553.67999995,8.51000000,-9.67000000,-2.50000000,1.77000000,藏格矿业
2024-10-10,000408,23.88000000,23.62000000,24.60000000,23.18000000,214597,564958674.52999997,6.08000000,1.16000000,0.27000000,1.36000000,藏格矿业
2024-10-11,000408,23.62000000,23.28000000,23.89000000,23.03000000,159386,413638444.50999999,3.64000000,-1.44000000,-0.34000000,1.01000000,藏格矿业
2024-10-14,000408,23.37000000,25.00000000,25.00000000,23.24000000,188884,503444808.44000000,7.56000000,7.39000000,1.72000000,1.20000000,藏格矿业
2024-10-15,000408,25.05000000,25.10000000,26.10000000,24.66000000,233318,651969130.22000003,5.76000000,0.40000000,0.10000000,1.48000000,藏格矿业
2024-10-16,000408,24.90000000,24.72000000,25.39000000,24.63000000,111305,305781633.27999997,3.03000000,-1.51000000,-0.38000000,0.70000000,藏格矿业
2024-10-17,000408,25.08000000,24.53000000,25.51000000,24.47000000,82583,226555002.33000001,4.21000000,-0.77000000,-0.19000000,0.52000000,藏格矿业
2024-10-18,000408,24.56000000,24.60000000,25.03000000,24.16000000,152537,411720764.58999997,3.55000000,0.29000000,0.07000000,0.97000000,藏格矿业
2024-10-21,000408,24.70000000,24.98000000,25.50000000,24.52000000,128486,353222074.17000002,3.98000000,1.54000000,0.38000000,0.81000000,藏格矿业
2024-10-22,000408,24.72000000,25.47000000,25.56000000,24.65000000,99625,276550889.07999998,3.64000000,1.96000000,0.49000000,0.63000000,藏格矿业
2024-10-23,000408,25.48000000,25.62000000,26.22000000,25.16000000,148731,419023417.07999998,4.16000000,0.59000000,0.15000000,0.94000000,藏格矿业
2024-10-24,000408,25.50000000,25.48000000,26.15000000,25.27000000,138415,388762128.83999997,3.43000000,-0.55000000,-0.14000000,0.88000000,藏格矿业
2024-10-25,000408,25.36000000,25.82000000,26.23000000,25.25000000,124739,352359831.91000003,3.85000000,1.33000000,0.34000000,0.79000000,藏格矿业
2024-10-28,000408,25.90000000,25.98000000,26.09000000,25.15000000,150751,423916530.23000002,3.64000000,0.62000000,0.16000000,0.95000000,藏格矿业
2024-10-29,000408,25.96000000,26.84000000,27.13000000,25.87000000,181572,529233439.74000001,4.85000000,3.31000000,0.86000000,1.15000000,藏格矿业
2024-10-30,000408,26.68000000,26.36000000,27.00000000,26.06000000,94969,274611169.05000001,3.50000000,-1.79000000,-0.48000000,0.60000000,藏格矿业
2024-10-31,000408,26.31000000,26.23000000,26.45000000,25.87000000,97682,279283567.80000001,2.20000000,-0.49000000,-0.13000000,0.62000000,藏格矿业
2024-11-01,000408,26.23000000,26.81000000,27.46000000,26.00000000,139585,410259813.23000002,5.57000000,2.21000000,0.58000000,0.88000000,藏格矿业
2024-11-04,000408,27.09000000,27.01000000,27.19000000,26.52000000,81201,237583554.19000000,2.50000000,0.75000000,0.20000000,0.51000000,藏格矿业
2024-11-05,000408,26.99000000,27.79000000,27.92000000,26.80000000,153648,460930673.25000000,4.15000000,2.89000000,0.78000000,0.97000000,藏格矿业
2024-11-06,000408,27.90000000,27.56000000,29.13000000,27.38000000,172787,531145586.25999999,6.30000000,-0.83000000,-0.23000000,1.09000000,藏格矿业
2024-11-07,000408,26.67000000,27.83000000,28.00000000,26.50000000,120090,359709492.88000000,5.44000000,0.98000000,0.27000000,0.76000000,藏格矿业
2024-11-08,000408,28.51000000,27.97000000,29.00000000,27.70000000,133588,411039002.26999998,4.67000000,0.50000000,0.14000000,0.85000000,藏格矿业
2024-11-11,000408,27.70000000,27.86000000,28.36000000,27.28000000,102536,309555315.19999999,3.86000000,-0.39000000,-0.11000000,0.65000000,藏格矿业
2024-11-12,000408,27.82000000,27.76000000,29.25000000,27.62000000,208767,646018307.71000004,5.85000000,-0.36000000,-0.10000000,1.32000000,藏格矿业
2024-11-13,000408,27.50000000,27.98000000,28.47000000,27.44000000,118875,358881130.24000001,3.71000000,0.79000000,0.22000000,0.75000000,藏格矿业
2024-11-14,000408,27.98000000,26.82000000,28.18000000,26.77000000,169974,506983955.55000001,5.04000000,-4.15000000,-1.16000000,1.08000000,藏格矿业
2024-11-15,000408,26.65000000,26.45000000,27.04000000,26.37000000,89947,262518438.00000000,2.50000000,-1.38000000,-0.37000000,0.57000000,藏格矿业
2024-11-18,000408,26.57000000,25.72000000,26.64000000,25.55000000,116721,334230807.73000002,4.12000000,-2.76000000,-0.73000000,0.74000000,藏格矿业
2024-11-19,000408,26.02000000,27.10000000,27.27000000,25.70000000,131123,380026616.43000001,6.10000000,5.37000000,1.38000000,0.83000000,藏格矿业
2024-11-20,000408,27.09000000,26.85000000,27.43000000,26.82000000,78073,230598563.30000001,2.25000000,-0.92000000,-0.25000000,0.49000000,藏格矿业
2024-11-21,000408,26.81000000,26.89000000,27.17000000,26.60000000,57556,168821097.97999999,2.12000000,0.15000000,0.04000000,0.36000000,藏格矿业
2024-11-22,000408,26.77000000,25.66000000,27.02000000,25.63000000,98817,283453475.66000003,5.17000000,-4.57000000,-1.23000000,0.63000000,藏格矿业
2024-11-25,000408,25.88000000,25.78000000,26.45000000,25.60000000,90570,258189034.50000000,3.31000000,0.47000000,0.12000000,0.57000000,藏格矿业
2024-11-26,000408,25.84000000,25.52000000,26.00000000,25.50000000,47299,133372589.91000000,1.94000000,-1.01000000,-0.26000000,0.30000000,藏格矿业
2024-11-27,000408,25.50000000,25.88000000,25.94000000,25.15000000,67014,188874128.80000001,3.10000000,1.41000000,0.36000000,0.42000000,藏格矿业
2024-11-28,000408,25.99000000,25.57000000,26.02000000,25.43000000,44191,124655030.84000000,2.28000000,-1.20000000,-0.31000000,0.28000000,藏格矿业
2024-11-29,000408,25.53000000,26.26000000,26.48000000,25.50000000,86922,248474032.59000000,3.83000000,2.70000000,0.69000000,0.55000000,藏格矿业
2024-12-02,000408,26.20000000,25.92000000,26.32000000,25.81000000,92097,262773956.28000000,1.94000000,-1.29000000,-0.34000000,0.58000000,藏格矿业
2024-12-03,000408,26.10000000,25.98000000,26.35000000,25.82000000,71911,204685917.31999999,2.04000000,0.23000000,0.06000000,0.46000000,藏格矿业
2024-12-04,000408,26.15000000,25.71000000,26.15000000,25.58000000,61609,174121363.00000000,2.19000000,-1.04000000,-0.27000000,0.39000000,藏格矿业
2024-12-05,000408,25.65000000,25.13000000,25.75000000,24.89000000,103032,286072480.69999999,3.35000000,-2.26000000,-0.58000000,0.65000000,藏格矿业
2024-12-06,000408,25.09000000,25.35000000,25.56000000,24.99000000,81068,225038245.59999999,2.27000000,0.88000000,0.22000000,0.51000000,藏格矿业
2024-12-09,000408,25.35000000,25.42000000,25.59000000,25.13000000,53316,148624818.00000000,1.81000000,0.28000000,0.07000000,0.34000000,藏格矿业
2024-12-10,000408,26.01000000,25.31000000,26.17000000,25.25000000,118225,332535026.00000000,3.62000000,-0.43000000,-0.11000000,0.75000000,藏格矿业
2024-12-11,000408,25.24000000,25.63000000,26.28000000,25.21000000,109547,309623506.20999998,4.23000000,1.26000000,0.32000000,0.69000000,藏格矿业
2024-12-12,000408,25.65000000,26.25000000,26.35000000,25.54000000,73871,210550641.00000000,3.16000000,2.42000000,0.62000000,0.47000000,藏格矿业
2024-12-13,000408,26.15000000,25.18000000,26.19000000,25.13000000,93477,262434802.16999999,4.04000000,-4.08000000,-1.07000000,0.59000000,藏格矿业
2024-12-16,000408,25.22000000,24.62000000,25.30000000,24.50000000,81181,221090468.05000001,3.18000000,-2.22000000,-0.56000000,0.51000000,藏格矿业
2024-12-17,000408,24.62000000,24.61000000,25.03000000,24.50000000,57949,157959234.78000000,2.15000000,-0.04000000,-0.01000000,0.37000000,藏格矿业
2024-12-18,000408,24.78000000,24.67000000,24.98000000,24.62000000,34451,93984143.75000000,1.46000000,0.24000000,0.06000000,0.22000000,藏格矿业
2024-12-19,000408,24.50000000,24.57000000,24.83000000,24.25000000,51337,139013551.88000000,2.35000000,-0.41000000,-0.10000000,0.32000000,藏格矿业
2024-12-20,000408,24.57000000,24.58000000,24.88000000,24.45000000,46085,125144845.00000000,1.75000000,0.04000000,0.01000000,0.29000000,藏格矿业
2024-12-23,000408,24.75000000,24.49000000,25.01000000,24.41000000,65129,176840385.13999999,2.44000000,-0.37000000,-0.09000000,0.41000000,藏格矿业
2024-12-24,000408,24.57000000,25.25000000,25.27000000,24.55000000,79987,220537663.81999999,2.94000000,3.10000000,0.76000000,0.51000000,藏格矿业
2024-12-25,000408,25.33000000,25.63000000,25.88000000,25.23000000,74467,209192421.19999999,2.57000000,1.50000000,0.38000000,0.47000000,藏格矿业
2024-12-26,000408,25.79000000,25.49000000,25.95000000,25.19000000,64987,182089325.19999999,2.97000000,-0.55000000,-0.14000000,0.41000000,藏格矿业
2024-12-27,000408,25.49000000,25.23000000,25.59000000,25.05000000,75924,210955814.56000000,2.12000000,-1.02000000,-0.26000000,0.48000000,藏格矿业
2024-12-30,000408,25.23000000,25.40000000,25.57000000,25.12000000,62978,175578685.96000001,1.78000000,0.67000000,0.17000000,0.40000000,藏格矿业
2024-12-31,000408,25.36000000,25.23000000,25.51000000,25.13000000,50631,140800765.00000000,1.50000000,-0.67000000,-0.17000000,0.32000000,藏格矿业
2025-01-02,000408,25.23000000,24.78000000,25.40000000,24.60000000,74503,205079024.69000000,3.17000000,-1.78000000,-0.45000000,0.47000000,藏格矿业
2025-01-03,000408,24.80000000,24.67000000,25.53000000,24.61000000,110738,305958295.60000002,3.71000000,-0.44000000,-0.11000000,0.70000000,藏格矿业
2025-01-06,000408,24.77000000,25.40000000,25.88000000,24.77000000,130289,363340277.12000000,4.50000000,2.96000000,0.73000000,0.82000000,藏格矿业
2025-01-07,000408,25.46000000,25.47000000,25.88000000,24.94000000,93868,262643982.97000000,3.70000000,0.28000000,0.07000000,0.59000000,藏格矿业
2025-01-08,000408,25.50000000,25.23000000,25.50000000,24.70000000,96011,264985389.31999999,3.14000000,-0.94000000,-0.24000000,0.61000000,藏格矿业
2025-01-09,000408,25.23000000,27.00000000,27.20000000,25.03000000,271069,787158127.97000003,8.60000000,7.02000000,1.77000000,1.72000000,藏格矿业
2025-01-17,000408,29.95000000,29.95000000,29.95000000,29.95000000,69792,226476435.34999999,0.00000000,10.93000000,2.95000000,0.44000000,藏格矿业
2025-01-20,000408,29.63000000,29.90000000,30.90000000,29.38000000,417103,1356844707.23000002,5.08000000,-0.17000000,-0.05000000,2.64000000,藏格矿业
2025-01-21,000408,29.90000000,28.73000000,30.00000000,28.20000000,287196,900262101.13000000,6.02000000,-3.91000000,-1.17000000,1.82000000,藏格矿业
2025-01-22,000408,28.80000000,27.62000000,28.80000000,27.57000000,215231,655420345.23000002,4.28000000,-3.86000000,-1.11000000,1.36000000,藏格矿业
2025-01-23,000408,28.18000000,27.49000000,28.50000000,27.41000000,153797,465602166.18000001,3.95000000,-0.47000000,-0.13000000,0.97000000,藏格矿业
2025-01-24,000408,27.75000000,27.65000000,28.06000000,27.40000000,138908,418098524.18000001,2.40000000,0.58000000,0.16000000,0.88000000,藏格矿业
2025-01-27,000408,27.87000000,28.26000000,28.81000000,27.65000000,130376,402293675.43000001,4.20000000,2.21000000,0.61000000,0.82000000,藏格矿业
2025-02-05,000408,28.54000000,27.89000000,28.56000000,27.50000000,124996,379253969.48000002,3.75000000,-1.31000000,-0.37000000,0.79000000,藏格矿业
2025-02-06,000408,27.89000000,28.71000000,28.80000000,27.64000000,132982,410269370.04000002,4.16000000,2.94000000,0.82000000,0.84000000,藏格矿业
2025-02-07,000408,28.86000000,29.80000000,29.91000000,28.41000000,168659,537933026.75999999,5.22000000,3.80000000,1.09000000,1.07000000,藏格矿业
2025-02-10,000408,29.80000000,29.47000000,30.18000000,29.20000000,120273,386112105.42000002,3.29000000,-1.11000000,-0.33000000,0.76000000,藏格矿业
2025-02-11,000408,29.50000000,29.36000000,29.92000000,29.31000000,88615,283934163.44000000,2.07000000,-0.37000000,-0.11000000,0.56000000,藏格矿业
2025-02-12,000408,29.20000000,30.08000000,30.37000000,29.12000000,128226,413895300.26999998,4.26000000,2.45000000,0.72000000,0.81000000,藏格矿业
2025-02-13,000408,30.08000000,30.30000000,30.74000000,29.92000000,144813,475574894.83999997,2.73000000,0.73000000,0.22000000,0.92000000,藏格矿业
2025-02-14,000408,30.30000000,30.30000000,30.60000000,30.00000000,108553,355691900.33999997,1.98000000,0.00000000,0.00000000,0.69000000,藏格矿业
2025-02-17,000408,30.17000000,29.74000000,30.22000000,29.10000000,113161,362211543.48000002,3.70000000,-1.85000000,-0.56000000,0.72000000,藏格矿业
2025-02-18,000408,29.73000000,30.00000000,30.41000000,29.58000000,99467,324585194.31999999,2.79000000,0.87000000,0.26000000,0.63000000,藏格矿业
2025-02-19,000408,30.00000000,30.46000000,30.65000000,29.92000000,133161,438073351.56000000,2.43000000,1.53000000,0.46000000,0.84000000,藏格矿业
2025-02-20,000408,30.63000000,30.89000000,31.58000000,30.40000000,127353,427648247.75999999,3.87000000,1.41000000,0.43000000,0.81000000,藏格矿业
2025-02-21,000408,31.11000000,30.55000000,31.14000000,30.45000000,104177,345274113.38000000,2.23000000,-1.10000000,-0.34000000,0.66000000,藏格矿业
2025-02-24,000408,30.85000000,30.59000000,31.46000000,30.46000000,88150,293833294.56999999,3.27000000,0.13000000,0.04000000,0.56000000,藏格矿业
2025-02-25,000408,30.51000000,30.16000000,30.90000000,30.13000000,75991,250688108.00000000,2.52000000,-1.41000000,-0.43000000,0.48000000,藏格矿业
2025-02-26,000408,30.20000000,30.21000000,31.00000000,29.99000000,96681,317875045.88000000,3.35000000,0.17000000,0.05000000,0.61000000,藏格矿业
2025-02-27,000408,30.17000000,30.12000000,30.29000000,29.59000000,75188,243569796.91999999,2.32000000,-0.30000000,-0.09000000,0.48000000,藏格矿业
2025-02-28,000408,29.90000000,29.45000000,30.36000000,29.40000000,81738,263984655.58000001,3.19000000,-2.22000000,-0.67000000,0.52000000,藏格矿业
2025-03-03,000408,29.64000000,30.09000000,30.51000000,29.63000000,87921,286987856.07999998,2.99000000,2.17000000,0.64000000,0.56000000,藏格矿业
2025-03-04,000408,30.12000000,30.10000000,30.24000000,29.85000000,65071,211987615.47999999,1.30000000,0.03000000,0.01000000,0.41000000,藏格矿业
2025-03-05,000408,30.00000000,30.07000000,30.18000000,29.78000000,50480,164077449.47000000,1.33000000,-0.10000000,-0.03000000,0.32000000,藏格矿业
2025-03-06,000408,30.39000000,30.47000000,30.63000000,30.07000000,88148,289889689.66000003,1.86000000,1.33000000,0.40000000,0.56000000,藏格矿业
2025-03-07,000408,30.52000000,30.53000000,31.23000000,30.40000000,74511,247614792.05000001,2.72000000,0.20000000,0.06000000,0.47000000,藏格矿业
2025-03-10,000408,30.55000000,31.07000000,31.10000000,30.38000000,94168,313666909.44999999,2.36000000,1.77000000,0.54000000,0.60000000,藏格矿业
2025-03-11,000408,30.80000000,32.51000000,32.51000000,30.67000000,121309,412556877.06999999,5.92000000,4.63000000,1.44000000,0.77000000,藏格矿业
2025-03-12,000408,32.62000000,34.81000000,35.39000000,32.22000000,286395,1044671985.72000003,9.75000000,7.07000000,2.30000000,1.82000000,藏格矿业
2025-03-13,000408,34.85000000,34.70000000,35.10000000,34.40000000,172710,642595156.60000002,2.01000000,-0.32000000,-0.11000000,1.10000000,藏格矿业
2025-03-14,000408,35.18000000,34.30000000,35.29000000,34.17000000,140207,518896310.35000002,3.23000000,-1.15000000,-0.40000000,0.89000000,藏格矿业
2025-03-17,000408,34.30000000,34.29000000,34.55000000,33.88000000,93369,342902932.00000000,1.95000000,-0.03000000,-0.01000000,0.59000000,藏格矿业
2025-03-18,000408,34.30000000,34.70000000,34.96000000,34.30000000,120362,447586279.42000002,1.92000000,1.20000000,0.41000000,0.77000000,藏格矿业
2025-03-19,000408,34.50000000,34.12000000,34.64000000,33.95000000,78137,286290537.93000001,1.99000000,-1.67000000,-0.58000000,0.50000000,藏格矿业
2025-03-20,000408,34.38000000,34.36000000,35.25000000,34.23000000,107129,399201314.70999998,2.99000000,0.70000000,0.24000000,0.68000000,藏格矿业
2025-03-21,000408,34.13000000,33.66000000,34.55000000,33.42000000,91117,330648186.85000002,3.29000000,-2.04000000,-0.70000000,0.58000000,藏格矿业
2025-03-24,000408,33.68000000,33.36000000,34.28000000,32.99000000,117298,422273729.75999999,3.83000000,-0.89000000,-0.30000000,0.75000000,藏格矿业
2025-03-25,000408,33.44000000,33.15000000,33.99000000,32.98000000,85171,305248861.01999998,3.03000000,-0.63000000,-0.21000000,0.54000000,藏格矿业
2025-03-26,000408,33.70000000,33.20000000,34.33000000,33.08000000,130314,471834243.14999998,3.77000000,0.15000000,0.05000000,0.83000000,藏格矿业
2025-03-27,000408,33.10000000,33.53000000,33.99000000,33.08000000,77444,279490578.17000002,2.74000000,0.99000000,0.33000000,0.49000000,藏格矿业
2025-03-28,000408,33.56000000,33.31000000,33.75000000,33.21000000,51524,185146318.99000001,1.61000000,-0.66000000,-0.22000000,0.33000000,藏格矿业
2025-03-31,000408,33.10000000,33.34000000,33.86000000,32.96000000,97207,348625524.92000002,2.70000000,0.09000000,0.03000000,0.62000000,藏格矿业
2025-04-01,000408,33.50000000,34.53000000,34.73000000,33.34000000,124398,456282368.66000003,4.17000000,3.57000000,1.19000000,0.79000000,藏格矿业
2025-04-02,000408,34.51000000,33.87000000,35.18000000,33.70000000,118713,438866246.86000001,4.29000000,-1.91000000,-0.66000000,0.76000000,藏格矿业
2025-04-03,000408,33.60000000,33.65000000,33.92000000,33.34000000,92262,333485652.85000002,1.71000000,-0.65000000,-0.22000000,0.59000000,藏格矿业
2025-04-07,000408,30.04000000,30.04000000,30.47000000,30.04000000,181293,590743001.52999997,1.28000000,-10.73000000,-3.61000000,1.15000000,藏格矿业
2025-04-08,000408,30.00000000,29.71000000,30.19000000,28.70000000,216375,692966543.10000002,4.96000000,-1.10000000,-0.33000000,1.38000000,藏格矿业
2025-04-09,000408,29.19000000,30.52000000,30.69000000,28.50000000,198476,637705215.84000003,7.37000000,2.73000000,0.81000000,1.26000000,藏格矿业
2025-04-10,000408,31.10000000,31.04000000,32.36000000,30.72000000,191494,649944500.94000006,5.37000000,1.70000000,0.52000000,1.22000000,藏格矿业
2025-04-11,000408,31.20000000,31.44000000,31.70000000,31.00000000,96789,327941785.75000000,2.26000000,1.29000000,0.40000000,0.62000000,藏格矿业
2025-04-14,000408,31.94000000,31.93000000,32.50000000,31.49000000,94302,326488957.39999998,3.21000000,1.56000000,0.49000000,0.60000000,藏格矿业
2025-04-15,000408,32.18000000,31.88000000,32.37000000,31.53000000,65928,226895828.97999999,2.63000000,-0.16000000,-0.05000000,0.42000000,藏格矿业
2025-04-16,000408,31.90000000,31.48000000,32.21000000,30.96000000,76821,259848882.49000001,3.92000000,-1.25000000,-0.40000000,0.49000000,藏格矿业
2025-04-17,000408,31.48000000,32.23000000,32.58000000,31.38000000,117834,408343197.19000000,3.81000000,2.38000000,0.75000000,0.75000000,藏格矿业
2025-04-18,000408,32.29000000,32.10000000,32.40000000,31.83000000,61249,211979954.00000000,1.77000000,-0.40000000,-0.13000000,0.39000000,藏格矿业
2025-04-21,000408,32.39000000,32.95000000,33.25000000,32.05000000,83014,291621790.24000001,3.74000000,2.65000000,0.85000000,0.53000000,藏格矿业
2025-04-22,000408,33.16000000,32.91000000,33.38000000,32.72000000,64557,229574074.94000000,2.00000000,-0.12000000,-0.04000000,0.41000000,藏格矿业
2025-04-23,000408,32.96000000,33.20000000,33.26000000,32.70000000,62013,220455663.94000000,1.70000000,0.88000000,0.29000000,0.39000000,藏格矿业
2025-04-24,000408,33.09000000,33.75000000,33.78000000,33.09000000,66084,238115857.00000000,2.08000000,1.66000000,0.55000000,0.42000000,藏格矿业
2025-04-25,000408,33.61000000,33.50000000,34.10000000,33.44000000,63569,230364238.09000000,1.96000000,-0.74000000,-0.25000000,0.40000000,藏格矿业
2025-04-28,000408,33.48000000,33.88000000,34.09000000,33.40000000,71293,258749363.80000001,2.06000000,1.13000000,0.38000000,0.45000000,藏格矿业
2025-04-29,000408,33.88000000,33.34000000,33.98000000,33.00000000,63700,229130287.91999999,2.89000000,-1.59000000,-0.54000000,0.41000000,藏格矿业
2025-04-30,000408,33.30000000,33.64000000,33.90000000,33.17000000,49980,180656415.84999999,2.19000000,0.90000000,0.30000000,0.32000000,藏格矿业
2025-05-06,000408,33.79000000,34.39000000,34.49000000,33.59000000,82127,300699544.75999999,2.68000000,2.23000000,0.75000000,0.52000000,藏格矿业
2025-05-07,000408,34.70000000,34.09000000,34.85000000,33.93000000,88601,325170190.50000000,2.68000000,-0.87000000,-0.30000000,0.56000000,藏格矿业
2025-05-08,000408,33.92000000,33.31000000,33.95000000,33.11000000,78734,282787910.47000003,2.46000000,-2.29000000,-0.78000000,0.50000000,藏格矿业
2025-05-09,000408,33.34000000,34.08000000,34.25000000,33.26000000,74135,269411409.18000001,2.97000000,2.31000000,0.77000000,0.47000000,藏格矿业
2025-05-12,000408,34.08000000,33.84000000,34.34000000,33.34000000,85139,309250814.06000000,2.93000000,-0.70000000,-0.24000000,0.54000000,藏格矿业
2025-05-13,000408,33.89000000,33.90000000,34.43000000,33.66000000,93347,341248618.22000003,2.28000000,0.18000000,0.06000000,0.59000000,藏格矿业
2025-05-14,000408,33.98000000,34.34000000,34.82000000,33.87000000,84881,313123947.00000000,2.80000000,1.30000000,0.44000000,0.54000000,藏格矿业
2025-05-15,000408,34.34000000,33.90000000,34.53000000,33.50000000,62563,228565830.87000000,3.00000000,-1.28000000,-0.44000000,0.40000000,藏格矿业
2025-05-16,000408,33.93000000,33.60000000,34.13000000,33.42000000,58418,211091650.97000000,2.09000000,-0.88000000,-0.30000000,0.37000000,藏格矿业
2025-05-19,000408,33.38000000,33.27000000,33.67000000,33.20000000,82845,297009651.75000000,1.40000000,-0.98000000,-0.33000000,0.53000000,藏格矿业
2025-05-20,000408,33.35000000,33.20000000,33.72000000,33.16000000,78290,281298788.00000000,1.68000000,-0.21000000,-0.07000000,0.50000000,藏格矿业
2025-05-21,000408,33.43000000,33.86000000,34.02000000,33.35000000,75712,274752254.42000002,2.02000000,1.99000000,0.66000000,0.48000000,藏格矿业
2025-05-22,000408,33.89000000,33.96000000,34.13000000,33.67000000,45060,164262369.81000000,1.36000000,0.30000000,0.10000000,0.29000000,藏格矿业
2025-05-23,000408,34.32000000,34.30000000,34.71000000,34.15000000,80496,296914727.47000003,1.65000000,1.00000000,0.34000000,0.51000000,藏格矿业
2025-05-26,000408,34.40000000,35.05000000,36.05000000,34.38000000,139018,526637271.42000002,4.87000000,2.19000000,0.75000000,0.89000000,藏格矿业
2025-05-27,000408,35.22000000,35.17000000,35.63000000,34.81000000,69371,261183875.53000000,2.34000000,0.34000000,0.12000000,0.44000000,藏格矿业
2025-05-28,000408,35.15000000,34.39000000,35.21000000,34.28000000,74570,276846895.32999998,2.64000000,-2.22000000,-0.78000000,0.47000000,藏格矿业
2025-05-29,000408,34.30000000,34.11000000,34.39000000,34.05000000,46043,168776912.00000000,0.99000000,-0.81000000,-0.28000000,0.29000000,藏格矿业
2025-05-30,000408,34.13000000,33.76000000,34.28000000,33.76000000,56971,207398730.80000001,1.52000000,-1.03000000,-0.35000000,0.36000000,藏格矿业
2025-06-03,000408,34.10000000,33.78000000,34.16000000,33.51000000,59634,216320863.94999999,1.93000000,0.06000000,0.02000000,0.38000000,藏格矿业
2025-06-04,000408,33.90000000,34.26000000,34.50000000,33.72000000,57920,212910334.63999999,2.31000000,1.42000000,0.48000000,0.37000000,藏格矿业
2025-06-05,000408,34.25000000,34.10000000,34.67000000,34.06000000,43214,158974335.19999999,1.78000000,-0.47000000,-0.16000000,0.28000000,藏格矿业
2025-06-06,000408,34.20000000,35.08000000,35.38000000,34.20000000,88247,330558428.80000001,3.46000000,2.87000000,0.98000000,0.56000000,藏格矿业
2025-06-09,000408,35.10000000,35.10000000,35.27000000,34.43000000,72035,268146849.47999999,2.39000000,0.06000000,0.02000000,0.46000000,藏格矿业
2025-06-10,000408,34.96000000,35.79000000,35.95000000,34.91000000,99324,378674518.51999998,2.96000000,1.97000000,0.69000000,0.63000000,藏格矿业
2025-06-11,000408,35.98000000,37.27000000,37.70000000,35.73000000,135689,536530323.92000002,5.50000000,4.14000000,1.48000000,0.86000000,藏格矿业
2025-06-12,000408,37.46000000,38.19000000,38.48000000,37.11000000,123421,498357334.68000001,3.68000000,2.47000000,0.92000000,0.79000000,藏格矿业
2025-06-13,000408,38.36000000,37.96000000,38.58000000,37.87000000,112958,459786412.91000003,1.86000000,-0.60000000,-0.23000000,0.72000000,藏格矿业
2025-06-16,000408,38.04000000,38.32000000,39.07000000,37.82000000,85824,350066649.05000001,3.29000000,0.95000000,0.36000000,0.55000000,藏格矿业
2025-06-17,000408,38.33000000,38.27000000,38.92000000,38.20000000,53905,220833953.68000001,1.88000000,-0.13000000,-0.05000000,0.34000000,藏格矿业
2025-06-18,000408,38.28000000,38.40000000,38.58000000,38.00000000,45315,185032186.77000001,1.52000000,0.34000000,0.13000000,0.29000000,藏格矿业
2025-06-19,000408,38.25000000,38.39000000,38.79000000,38.15000000,47921,196058939.00000000,1.67000000,-0.03000000,-0.01000000,0.31000000,藏格矿业
2025-06-20,000408,38.26000000,38.30000000,38.55000000,38.05000000,43850,178774738.34000000,1.30000000,-0.23000000,-0.09000000,0.28000000,藏格矿业
2025-06-23,000408,38.30000000,38.51000000,38.70000000,37.98000000,58505,239035004.58000001,1.88000000,0.55000000,0.21000000,0.37000000,藏格矿业
2025-06-24,000408,38.93000000,39.75000000,40.38000000,38.93000000,114989,486376576.33999997,3.77000000,3.22000000,1.24000000,0.73000000,藏格矿业
2025-06-25,000408,39.54000000,39.72000000,39.99000000,39.20000000,62055,260854408.00000000,1.99000000,-0.08000000,-0.03000000,0.40000000,藏格矿业
2025-06-26,000408,39.64000000,39.55000000,39.88000000,39.23000000,51529,216412410.78000000,1.64000000,-0.43000000,-0.17000000,0.33000000,藏格矿业
2025-06-27,000408,39.98000000,41.24000000,41.61000000,39.72000000,117116,508015365.47000003,4.78000000,4.27000000,1.69000000,0.75000000,藏格矿业
2025-06-30,000408,41.38000000,40.17000000,41.94000000,39.90000000,97770,421181237.66000003,4.95000000,-2.59000000,-1.07000000,0.62000000,藏格矿业
2025-07-01,000408,40.17000000,41.07000000,41.39000000,39.61000000,62885,270143002.45999998,4.43000000,2.24000000,0.90000000,0.40000000,藏格矿业
2025-07-02,000408,40.80000000,41.30000000,41.70000000,40.67000000,66774,292402765.31000000,2.51000000,0.56000000,0.23000000,0.43000000,藏格矿业
2025-07-03,000408,41.84000000,40.94000000,41.98000000,40.70000000,81464,354848140.14999998,3.10000000,-0.87000000,-0.36000000,0.52000000,藏格矿业
2025-07-04,000408,40.50000000,40.39000000,40.89000000,39.80000000,94891,406807674.01999998,2.66000000,-1.34000000,-0.55000000,0.60000000,藏格矿业
2025-07-07,000408,40.01000000,39.82000000,40.29000000,39.49000000,68248,288790741.25000000,1.98000000,-1.41000000,-0.57000000,0.43000000,藏格矿业
2025-07-08,000408,39.82000000,39.76000000,40.34000000,39.32000000,85786,362744677.63000000,2.56000000,-0.15000000,-0.06000000,0.55000000,藏格矿业
2025-07-09,000408,39.95000000,39.06000000,40.09000000,38.84000000,114067,475097071.44000000,3.14000000,-1.76000000,-0.70000000,0.73000000,藏格矿业
2025-07-10,000408,38.81000000,38.93000000,39.33000000,38.81000000,50435,209561147.66000000,1.33000000,-0.33000000,-0.13000000,0.32000000,藏格矿业
2025-07-11,000408,39.11000000,39.26000000,39.67000000,38.93000000,60287,252401545.18000001,1.90000000,0.85000000,0.33000000,0.38000000,藏格矿业
2025-07-14,000408,40.11000000,40.49000000,41.16000000,40.09000000,119812,517065470.80000001,2.73000000,3.13000000,1.23000000,0.76000000,藏格矿业
2025-07-15,000408,40.50000000,40.36000000,40.84000000,40.16000000,61783,265260030.34000000,1.68000000,-0.32000000,-0.13000000,0.39000000,藏格矿业
2025-07-16,000408,40.34000000,39.88000000,40.50000000,39.65000000,57554,244088105.71000001,2.11000000,-1.19000000,-0.48000000,0.37000000,藏格矿业
2025-07-17,000408,40.33000000,40.42000000,41.00000000,39.22000000,118436,508046848.85000002,4.46000000,1.35000000,0.54000000,0.75000000,藏格矿业
2025-07-18,000408,40.40000000,41.25000000,41.69000000,40.36000000,83583,364715033.00000000,3.29000000,2.05000000,0.83000000,0.53000000,藏格矿业
2025-07-21,000408,41.75000000,42.09000000,42.38000000,41.20000000,102074,453182281.26999998,2.86000000,2.04000000,0.84000000,0.65000000,藏格矿业
2025-07-22,000408,42.20000000,44.28000000,44.48000000,42.04000000,143634,659864985.22000003,5.80000000,5.20000000,2.19000000,0.91000000,藏格矿业
2025-07-23,000408,44.45000000,44.26000000,44.79000000,43.86000000,89989,421675170.00000000,2.10000000,-0.05000000,-0.02000000,0.57000000,藏格矿业
2025-07-24,000408,44.00000000,45.18000000,45.60000000,43.90000000,125458,594104617.75999999,3.84000000,2.08000000,0.92000000,0.80000000,藏格矿业
2025-07-25,000408,45.45000000,44.59000000,45.47000000,44.28000000,99107,468194300.50000000,2.63000000,-1.31000000,-0.59000000,0.63000000,藏格矿业
2025-07-28,000408,44.20000000,44.94000000,45.08000000,43.60000000,92114,432739603.83999997,3.32000000,0.78000000,0.35000000,0.59000000,藏格矿业
2025-07-29,000408,44.71000000,45.18000000,46.15000000,44.71000000,107521,514182138.51999998,3.20000000,0.53000000,0.24000000,0.68000000,藏格矿业
2025-07-30,000408,45.43000000,45.65000000,46.15000000,44.95000000,89088,429092160.63000000,2.66000000,1.04000000,0.47000000,0.57000000,藏格矿业
2025-07-31,000408,45.02000000,43.45000000,45.30000000,43.25000000,173472,806032107.37000000,4.49000000,-4.82000000,-2.20000000,1.10000000,藏格矿业
2025-08-01,000408,43.39000000,43.56000000,44.04000000,43.32000000,87065,402260745.39999998,1.66000000,0.25000000,0.11000000,0.55000000,藏格矿业
2025-08-04,000408,44.51000000,45.32000000,45.66000000,44.30000000,130876,620699352.79999995,3.12000000,4.04000000,1.76000000,0.83000000,藏格矿业
2025-08-05,000408,45.60000000,46.30000000,46.35000000,45.22000000,110330,535375131.51999998,2.49000000,2.16000000,0.98000000,0.70000000,藏格矿业
2025-08-06,000408,46.18000000,47.50000000,47.55000000,46.10000000,91210,451480544.98000002,3.13000000,2.59000000,1.20000000,0.58000000,藏格矿业
2025-08-07,000408,47.65000000,47.92000000,48.64000000,47.33000000,99195,499354352.67000002,2.76000000,0.88000000,0.42000000,0.63000000,藏格矿业
2025-08-08,000408,47.69000000,48.08000000,48.46000000,47.26000000,70983,357547998.18000001,2.50000000,0.33000000,0.16000000,0.45000000,藏格矿业
2025-08-11,000408,49.41000000,47.96000000,49.55000000,47.11000000,128739,648682124.51999998,5.07000000,-0.25000000,-0.12000000,0.82000000,藏格矿业
2025-08-12,000408,47.69000000,48.01000000,48.25000000,47.27000000,77787,391160814.82999998,2.04000000,0.10000000,0.05000000,0.50000000,藏格矿业
2025-08-13,000408,48.20000000,48.50000000,49.12000000,48.02000000,101884,521145997.10000002,2.29000000,1.02000000,0.49000000,0.65000000,藏格矿业
2025-08-14,000408,48.51000000,47.81000000,48.66000000,47.60000000,92524,468103205.44999999,2.19000000,-1.42000000,-0.69000000,0.59000000,藏格矿业
2025-08-15,000408,47.81000000,48.03000000,48.27000000,47.36000000,98829,496807123.02999997,1.90000000,0.46000000,0.22000000,0.63000000,藏格矿业
2025-08-18,000408,48.08000000,47.29000000,48.10000000,47.01000000,122225,609893371.62000000,2.27000000,-1.54000000,-0.74000000,0.78000000,藏格矿业
2025-08-19,000408,47.19000000,47.34000000,47.93000000,47.19000000,88671,443625083.01999998,1.56000000,0.11000000,0.05000000,0.56000000,藏格矿业
2025-08-20,000408,47.34000000,47.72000000,47.86000000,47.08000000,77625,388329799.48000002,1.65000000,0.80000000,0.38000000,0.49000000,藏格矿业
2025-08-21,000408,47.80000000,47.35000000,48.19000000,47.27000000,86333,433635657.32999998,1.93000000,-0.78000000,-0.37000000,0.55000000,藏格矿业
2025-08-22,000408,47.50000000,47.06000000,47.55000000,46.87000000,101734,504835210.08999997,1.44000000,-0.61000000,-0.29000000,0.65000000,藏格矿业
2025-08-25,000408,47.65000000,48.24000000,48.54000000,47.40000000,168249,849663875.01999998,2.42000000,2.51000000,1.18000000,1.07000000,藏格矿业
2025-08-26,000408,48.00000000,49.03000000,49.39000000,47.75000000,105088,540065661.80999994,3.40000000,1.64000000,0.79000000,0.67000000,藏格矿业
2025-08-27,000408,49.06000000,47.13000000,49.15000000,47.13000000,178430,895164129.21000004,4.12000000,-3.88000000,-1.90000000,1.14000000,藏格矿业
2025-08-28,000408,47.10000000,48.19000000,48.21000000,47.05000000,110163,552732328.96000004,2.46000000,2.25000000,1.06000000,0.70000000,藏格矿业
2025-08-29,000408,48.20000000,51.41000000,51.75000000,48.12000000,194879,1033214886.21000004,7.53000000,6.68000000,3.22000000,1.24000000,藏格矿业
2025-09-01,000408,51.50000000,52.29000000,53.02000000,50.83000000,165444,902726034.00999999,4.26000000,1.71000000,0.88000000,1.05000000,藏格矿业
2025-09-02,000408,52.52000000,52.94000000,53.66000000,52.50000000,140528,780404766.16999996,2.22000000,1.24000000,0.65000000,0.89000000,藏格矿业
2025-09-03,000408,54.00000000,52.82000000,54.50000000,52.13000000,138765,771155445.03999996,4.48000000,-0.23000000,-0.12000000,0.88000000,藏格矿业
2025-09-04,000408,52.86000000,51.03000000,52.90000000,50.11000000,160941,863572876.12000000,5.28000000,-3.39000000,-1.79000000,1.02000000,藏格矿业
2025-09-05,000408,51.51000000,54.06000000,54.07000000,51.45000000,129297,701218888.32000005,5.13000000,5.94000000,3.03000000,0.82000000,藏格矿业
2025-09-08,000408,54.59000000,54.18000000,56.00000000,53.58000000,160072,899035031.13000000,4.48000000,0.22000000,0.12000000,1.02000000,藏格矿业
2025-09-09,000408,54.50000000,54.32000000,55.07000000,53.11000000,131562,732113852.67999995,3.62000000,0.26000000,0.14000000,0.84000000,藏格矿业
2025-09-10,000408,53.74000000,53.29000000,53.99000000,52.16000000,150338,817656807.20000005,3.37000000,-1.90000000,-1.03000000,0.96000000,藏格矿业
2025-09-11,000408,53.29000000,54.25000000,54.39000000,53.16000000,118505,655214220.07000005,2.31000000,1.80000000,0.96000000,0.75000000,藏格矿业
2025-09-12,000408,54.76000000,54.81000000,55.48000000,54.31000000,94130,530175100.04000002,2.16000000,1.03000000,0.56000000,0.60000000,藏格矿业
2025-09-15,000408,55.08000000,55.27000000,56.12000000,54.30000000,100312,569064925.00999999,3.32000000,0.84000000,0.46000000,0.64000000,藏格矿业
2025-09-16,000408,55.87000000,54.05000000,56.05000000,53.30000000,106567,592742336.38999999,4.98000000,-2.21000000,-1.22000000,0.68000000,藏格矿业
2025-09-17,000408,53.98000000,53.90000000,54.05000000,52.99000000,96678,529902418.69999999,1.96000000,-0.28000000,-0.15000000,0.62000000,藏格矿业
2025-09-18,000408,53.30000000,52.27000000,53.50000000,51.68000000,105790,573563538.17999995,3.38000000,-3.02000000,-1.63000000,0.67000000,藏格矿业
2025-09-19,000408,52.13000000,52.80000000,53.78000000,52.13000000,92823,506266784.75999999,3.16000000,1.01000000,0.53000000,0.59000000,藏格矿业
2025-09-22,000408,53.40000000,52.74000000,53.56000000,51.93000000,83998,453452277.38000000,3.09000000,-0.11000000,-0.06000000,0.53000000,藏格矿业
2025-09-23,000408,52.70000000,52.05000000,53.05000000,51.17000000,99352,530708328.12000000,3.56000000,-1.31000000,-0.69000000,0.63000000,藏格矿业
2025-09-24,000408,51.50000000,52.60000000,52.80000000,51.21000000,105662,565615917.08000004,3.05000000,1.06000000,0.55000000,0.67000000,藏格矿业
2025-09-25,000408,54.08000000,53.64000000,54.90000000,52.52000000,154735,854137890.75000000,4.52000000,1.98000000,1.04000000,0.99000000,藏格矿业
2025-09-26,000408,53.09000000,52.88000000,53.99000000,52.80000000,86828,475901059.91000003,2.22000000,-1.42000000,-0.76000000,0.55000000,藏格矿业
2025-09-29,000408,53.15000000,54.39000000,54.47000000,52.80000000,132786,732635796.91999996,3.16000000,2.86000000,1.51000000,0.85000000,藏格矿业
2025-09-30,000408,55.50000000,56.83000000,57.00000000,54.62000000,146293,844733828.88999999,4.38000000,4.49000000,2.44000000,0.93000000,藏格矿业
2025-10-09,000408,58.58000000,59.72000000,60.38000000,57.53000000,208286,1260020962.28999996,5.01000000,5.09000000,2.89000000,1.33000000,藏格矿业
2025-10-10,000408,59.78000000,59.20000000,61.30000000,57.93000000,201762,1241309986.34999990,5.64000000,-0.87000000,-0.52000000,1.28000000,藏格矿业
2025-10-13,000408,57.22000000,58.94000000,59.40000000,57.12000000,143349,857700327.26999998,3.85000000,-0.44000000,-0.26000000,0.91000000,藏格矿业
2025-10-14,000408,60.58000000,55.63000000,60.75000000,55.50000000,202129,1199430226.90000010,8.91000000,-5.62000000,-3.31000000,1.29000000,藏格矿业
2025-10-15,000408,56.77000000,56.98000000,57.22000000,55.39000000,153701,891604996.82000005,3.29000000,2.43000000,1.35000000,0.98000000,藏格矿业
2025-10-16,000408,56.98000000,55.89000000,57.50000000,55.30000000,123949,716239432.60000002,3.86000000,-1.91000000,-1.09000000,0.79000000,藏格矿业
2025-10-17,000408,55.85000000,53.19000000,56.27000000,52.86000000,213194,1186473079.20000005,6.10000000,-4.83000000,-2.70000000,1.36000000,藏格矿业
2025-10-20,000408,53.60000000,53.86000000,55.67000000,52.95000000,158359,885661478.62000000,5.11000000,1.26000000,0.67000000,1.01000000,藏格矿业
2025-10-21,000408,54.79000000,55.20000000,55.58000000,53.88000000,117744,666545493.94000006,3.16000000,2.49000000,1.34000000,0.75000000,藏格矿业
2025-10-22,000408,54.10000000,55.87000000,56.39000000,54.10000000,103707,591919221.49000001,4.15000000,1.21000000,0.67000000,0.66000000,藏格矿业
2025-10-23,000408,55.55000000,57.06000000,57.09000000,55.40000000,90521,522945709.11000001,3.02000000,2.13000000,1.19000000,0.58000000,藏格矿业
2025-10-24,000408,57.86000000,57.65000000,58.47000000,56.76000000,99216,584702303.27999997,3.00000000,1.03000000,0.59000000,0.63000000,藏格矿业
2025-10-27,000408,58.39000000,59.08000000,59.67000000,58.24000000,112671,681745857.53999996,2.48000000,2.48000000,1.43000000,0.72000000,藏格矿业
2025-10-28,000408,58.85000000,56.59000000,59.09000000,56.30000000,140921,831045099.24000001,4.72000000,-4.21000000,-2.49000000,0.90000000,藏格矿业
2025-10-29,000408,57.28000000,59.66000000,59.66000000,57.28000000,122389,735907432.89999998,4.21000000,5.42000000,3.07000000,0.78000000,藏格矿业
2025-10-30,000408,59.50000000,58.69000000,60.35000000,58.50000000,134720,820411506.14999998,3.10000000,-1.63000000,-0.97000000,0.86000000,藏格矿业
2025-10-31,000408,58.75000000,57.36000000,59.68000000,57.26000000,114011,678727330.52999997,4.12000000,-2.27000000,-1.33000000,0.73000000,藏格矿业
2025-11-03,000408,57.12000000,56.06000000,57.20000000,54.18000000,206220,1172360166.05999994,5.26000000,-2.27000000,-1.30000000,1.31000000,藏格矿业
2025-11-04,000408,55.60000000,53.19000000,56.35000000,52.80000000,167109,930772727.15999997,6.33000000,-5.12000000,-2.87000000,1.06000000,藏格矿业
2025-11-05,000408,52.47000000,53.14000000,53.69000000,51.60000000,150413,812660258.74000001,3.93000000,-0.09000000,-0.05000000,0.96000000,藏格矿业
2025-11-06,000408,53.61000000,55.52000000,55.84000000,53.50000000,134025,757849947.77999997,4.40000000,4.48000000,2.38000000,0.85000000,藏格矿业
2025-11-07,000408,55.35000000,56.12000000,56.77000000,55.12000000,116938,673031794.41999996,2.97000000,1.08000000,0.60000000,0.74000000,藏格矿业
2025-11-10,000408,56.40000000,56.07000000,57.83000000,55.84000000,119639,698384548.88000000,3.55000000,-0.09000000,-0.05000000,0.76000000,藏格矿业
2025-11-11,000408,56.90000000,55.73000000,57.57000000,55.26000000,88654,511277418.00999999,4.12000000,-0.61000000,-0.34000000,0.56000000,藏格矿业
2025-11-12,000408,55.40000000,55.04000000,56.00000000,54.50000000,75358,426498538.19999999,2.69000000,-1.24000000,-0.69000000,0.48000000,藏格矿业
2025-11-13,000408,55.53000000,58.70000000,59.27000000,55.53000000,208122,1239768772.47000003,6.80000000,6.65000000,3.66000000,1.33000000,藏格矿业
2025-11-14,000408,58.10000000,58.88000000,59.68000000,57.58000000,121747,732662266.24000001,3.58000000,0.31000000,0.18000000,0.78000000,藏格矿业
2025-11-17,000408,59.40000000,59.43000000,61.27000000,59.00000000,182814,1123271274.71000004,3.86000000,0.93000000,0.55000000,1.16000000,藏格矿业
2025-11-18,000408,59.54000000,57.49000000,60.37000000,57.00000000,152065,909927365.85000002,5.67000000,-3.26000000,-1.94000000,0.97000000,藏格矿业
2025-11-19,000408,57.89000000,59.34000000,60.10000000,57.89000000,141801,860456421.10000002,3.84000000,3.22000000,1.85000000,0.90000000,藏格矿业
2025-11-20,000408,59.69000000,61.00000000,62.50000000,59.50000000,239384,1503106956.35999990,5.06000000,2.80000000,1.66000000,1.52000000,藏格矿业
2025-11-21,000408,59.40000000,57.30000000,60.02000000,57.13000000,208406,1239948455.38000011,4.74000000,-6.07000000,-3.70000000,1.33000000,藏格矿业
2025-11-24,000408,58.26000000,56.07000000,58.26000000,55.31000000,155565,897948745.96000004,5.15000000,-2.15000000,-1.23000000,0.99000000,藏格矿业
2025-11-25,000408,56.86000000,57.87000000,58.69000000,56.52000000,130370,772429155.50000000,3.87000000,3.21000000,1.80000000,0.83000000,藏格矿业
2025-11-26,000408,58.31000000,57.38000000,59.28000000,57.20000000,112047,666308941.58000004,3.59000000,-0.85000000,-0.49000000,0.71000000,藏格矿业
2025-11-27,000408,58.27000000,58.73000000,60.00000000,57.73000000,131701,797852388.20000005,3.96000000,2.35000000,1.35000000,0.84000000,藏格矿业
2025-11-28,000408,58.76000000,59.28000000,60.15000000,58.55000000,120257,732294893.80999994,2.72000000,0.94000000,0.55000000,0.77000000,藏格矿业
2025-12-01,000408,62.01000000,61.42000000,63.69000000,60.64000000,308780,1960341049.84999990,5.15000000,3.61000000,2.14000000,1.97000000,藏格矿业
2025-12-02,000408,61.43000000,61.57000000,61.87000000,60.26000000,143746,901243711.92999995,2.62000000,0.24000000,0.15000000,0.92000000,藏格矿业
2025-12-03,000408,61.94000000,63.21000000,64.35000000,61.57000000,202996,1316441799.05999994,4.52000000,2.66000000,1.64000000,1.29000000,藏格矿业
2025-12-04,000408,65.17000000,65.41000000,67.33000000,64.80000000,253457,1707316427.85999990,4.00000000,3.48000000,2.20000000,1.61000000,藏格矿业
2025-12-05,000408,65.50000000,66.50000000,66.75000000,65.00000000,157337,1063272149.00000000,2.68000000,1.67000000,1.09000000,1.00000000,藏格矿业
2025-12-08,000408,67.09000000,68.37000000,68.50000000,65.45000000,200528,1378430485.93000007,4.59000000,2.81000000,1.87000000,1.28000000,藏格矿业
2025-12-09,000408,67.50000000,66.50000000,67.81000000,65.98000000,169414,1156654399.77999997,2.68000000,-2.74000000,-1.87000000,1.08000000,藏格矿业
2025-12-10,000408,66.50000000,68.51000000,68.68000000,66.28000000,146661,1014865025.72000003,3.61000000,3.02000000,2.01000000,0.93000000,藏格矿业
2025-12-11,000408,69.30000000,70.49000000,71.82000000,69.00000000,194175,1400764549.04999995,4.12000000,2.89000000,1.98000000,1.24000000,藏格矿业
2025-12-12,000408,71.30000000,71.08000000,72.38000000,70.31000000,178410,1297025451.99000001,2.94000000,0.84000000,0.59000000,1.14000000,藏格矿业
2025-12-15,000408,70.00000000,71.22000000,73.45000000,69.91000000,146244,1071676625.96000004,4.98000000,0.20000000,0.14000000,0.93000000,藏格矿业
2025-12-16,000408,71.22000000,71.19000000,72.82000000,70.45000000,132418,966914750.28999996,3.33000000,-0.04000000,-0.03000000,0.84000000,藏格矿业
2025-12-17,000408,71.28000000,73.69000000,74.18000000,70.80000000,163252,1220106910.47000003,4.75000000,3.51000000,2.50000000,1.04000000,藏格矿业
2025-12-18,000408,73.10000000,73.39000000,74.43000000,72.51000000,123210,926583159.20000005,2.61000000,-0.41000000,-0.30000000,0.78000000,藏格矿业
2025-12-19,000408,73.50000000,78.30000000,78.30000000,72.70000000,199967,1552647884.26999998,7.63000000,6.69000000,4.91000000,1.27000000,藏格矿业
2025-12-22,000408,78.30000000,78.39000000,79.10000000,77.03000000,175783,1398592197.23000002,2.64000000,0.11000000,0.09000000,1.12000000,藏格矿业
2025-12-23,000408,78.43000000,78.27000000,79.97000000,76.46000000,148421,1184311242.14000010,4.48000000,-0.15000000,-0.12000000,0.95000000,藏格矿业
2025-12-24,000408,79.00000000,77.93000000,79.27000000,75.27000000,177620,1398709446.99000001,5.11000000,-0.43000000,-0.34000000,1.13000000,藏格矿业
2025-12-25,000408,77.54000000,78.11000000,78.84000000,76.00000000,123010,970384432.52999997,3.64000000,0.23000000,0.18000000,0.78000000,藏格矿业
2025-12-26,000408,79.53000000,83.83000000,84.31000000,78.81000000,176753,1475644916.01999998,7.04000000,7.32000000,5.72000000,1.13000000,藏格矿业
2025-12-29,000408,86.00000000,81.07000000,86.18000000,80.45000000,184867,1552975383.05999994,6.84000000,-3.29000000,-2.76000000,1.18000000,藏格矿业
2025-12-30,000408,79.87000000,82.39000000,82.87000000,79.16000000,137106,1136748883.83999991,4.58000000,1.63000000,1.32000000,0.87000000,藏格矿业
2025-12-31,000408,82.30000000,82.90000000,84.86000000,81.51000000,134255,1136552574.74000001,4.07000000,0.62000000,0.51000000,0.86000000,藏格矿业
2026-01-05,000408,83.51000000,88.49000000,89.08000000,83.28000000,203634,1802183962.93000007,7.00000000,6.74000000,5.59000000,1.30000000,藏格矿业
2026-01-06,000408,89.66000000,90.52000000,92.08000000,87.94000000,180505,1652457940.95000005,4.68000000,2.29000000,2.03000000,1.15000000,藏格矿业
2026-01-07,000408,90.31000000,89.65000000,91.99000000,88.70000000,139622,1278425305.16000009,3.63000000,-0.96000000,-0.87000000,0.89000000,藏格矿业
2026-01-08,000408,89.01000000,86.50000000,89.50000000,85.21000000,194311,1715781737.94000006,4.79000000,-3.51000000,-3.15000000,1.24000000,藏格矿业
2026-01-09,000408,84.50000000,85.71000000,87.45000000,84.50000000,176934,1548030658.94000006,3.41000000,-0.91000000,-0.79000000,1.13000000,藏格矿业
2026-01-12,000408,88.40000000,83.91000000,88.50000000,82.76000000,220585,1895993326.11999989,6.70000000,-2.10000000,-1.80000000,1.40000000,藏格矿业
2026-01-13,000408,83.98000000,88.40000000,89.00000000,83.98000000,237196,2098338270.61999989,5.98000000,5.35000000,4.49000000,1.51000000,藏格矿业
2026-01-14,000408,88.00000000,88.23000000,89.68000000,86.70000000,170436,1527861149.40000010,3.37000000,-0.19000000,-0.17000000,1.09000000,藏格矿业
2026-01-15,000408,87.51000000,89.10000000,91.70000000,87.30000000,158882,1449253957.01999998,4.99000000,0.99000000,0.87000000,1.01000000,藏格矿业
2026-01-16,000408,89.20000000,88.01000000,92.20000000,87.37000000,171584,1566472233.38000011,5.42000000,-1.22000000,-1.09000000,1.09000000,藏格矿业
2026-01-19,000408,87.38000000,88.50000000,89.69000000,85.93000000,133767,1199967979.69000006,4.27000000,0.56000000,0.49000000,0.85000000,藏格矿业
2026-01-20,000408,89.49000000,89.95000000,91.62000000,86.20000000,161602,1465608882.50999999,6.12000000,1.64000000,1.45000000,1.03000000,藏格矿业
2026-01-21,000408,90.38000000,89.96000000,90.67000000,88.05000000,121697,1110612084.77999997,2.91000000,0.01000000,0.01000000,0.78000000,藏格矿业
2026-01-22,000408,89.95000000,90.41000000,91.98000000,89.32000000,132924,1226714279.56999993,2.96000000,0.50000000,0.45000000,0.85000000,藏格矿业
2026-01-23,000408,91.50000000,91.99000000,92.98000000,89.62000000,145655,1354116074.68000007,3.72000000,1.75000000,1.58000000,0.93000000,藏格矿业
2026-01-26,000408,92.50000000,93.37000000,95.78000000,92.07000000,189179,1802324797.63000011,4.03000000,1.50000000,1.38000000,1.20000000,藏格矿业
2026-01-27,000408,92.74000000,88.50000000,94.54000000,87.98000000,276428,2524945259.15999985,7.03000000,-5.22000000,-4.87000000,1.76000000,藏格矿业
2026-01-28,000408,88.50000000,88.00000000,89.40000000,85.50000000,257205,2295382257.17999983,4.41000000,-0.56000000,-0.50000000,1.64000000,藏格矿业
2026-01-29,000408,88.00000000,89.81000000,92.90000000,87.61000000,269973,2464018451.07000017,6.01000000,2.06000000,1.81000000,1.72000000,藏格矿业
2026-01-30,000408,87.50000000,84.80000000,87.99000000,81.30000000,285721,2463024321.94000006,7.45000000,-5.58000000,-5.01000000,1.82000000,藏格矿业
2026-02-02,000408,80.09000000,80.27000000,84.53000000,80.09000000,266497,2232300784.17999983,5.24000000,-5.34000000,-4.53000000,1.70000000,藏格矿业
2026-02-03,000408,83.00000000,85.80000000,85.89000000,81.36000000,182091,1546445402.08999991,5.64000000,6.89000000,5.53000000,1.16000000,藏格矿业
2026-02-04,000408,85.82000000,85.27000000,86.67000000,84.16000000,145775,1264916530.47000003,2.93000000,-0.62000000,-0.53000000,0.93000000,藏格矿业
2026-02-05,000408,83.53000000,81.06000000,84.16000000,80.10000000,186766,1551724579.45000005,4.76000000,-4.94000000,-4.21000000,1.19000000,藏格矿业
2026-02-06,000408,77.18000000,81.50000000,82.50000000,77.18000000,153132,1259188638.00999999,6.56000000,0.54000000,0.44000000,0.98000000,藏格矿业
2026-02-09,000408,83.95000000,83.37000000,84.83000000,82.92000000,108426,923481437.11000001,2.34000000,2.29000000,1.87000000,0.69000000,藏格矿业
2026-02-10,000408,83.68000000,83.54000000,83.97000000,82.65000000,84660,718530711.11000001,1.58000000,0.20000000,0.17000000,0.54000000,藏格矿业
2026-02-11,000408,83.06000000,83.34000000,84.70000000,83.00000000,104799,892654887.48000002,2.03000000,-0.24000000,-0.20000000,0.67000000,藏格矿业
2026-02-12,000408,83.38000000,83.83000000,85.60000000,82.92000000,141080,1213761328.32999992,3.22000000,0.59000000,0.49000000,0.90000000,藏格矿业
2026-02-13,000408,82.86000000,81.32000000,83.85000000,80.98000000,153563,1284688390.30999994,3.42000000,-2.99000000,-2.51000000,0.98000000,藏格矿业
2026-02-24,000408,83.08000000,82.10000000,83.08000000,81.63000000,124667,1045440137.86000001,1.78000000,0.96000000,0.78000000,0.79000000,藏格矿业
2026-02-25,000408,82.48000000,83.30000000,84.30000000,81.62000000,163604,1389475627.61999989,3.26000000,1.46000000,1.20000000,1.04000000,藏格矿业
2026-02-26,000408,85.63000000,85.50000000,87.77000000,84.75000000,225518,1972033238.41000009,3.63000000,2.64000000,2.20000000,1.44000000,藏格矿业
2026-02-27,000408,84.46000000,84.66000000,86.67000000,83.62000000,156117,1346716388.03999996,3.57000000,-0.98000000,-0.84000000,0.99000000,藏格矿业
2026-03-02,000408,84.98000000,84.51000000,85.20000000,81.55000000,212218,1793465698.39000010,4.31000000,-0.18000000,-0.15000000,1.35000000,藏格矿业
2026-03-03,000408,83.61000000,78.55000000,83.82000000,78.45000000,256534,2103874819.54999995,6.35000000,-7.05000000,-5.96000000,1.63000000,藏格矿业
2026-03-04,000408,78.55000000,79.47000000,81.22000000,78.26000000,181332,1472045698.43000007,3.77000000,1.17000000,0.92000000,1.15000000,藏格矿业
2026-03-05,000408,80.31000000,79.43000000,80.98000000,78.85000000,135240,1099794008.57999992,2.68000000,-0.05000000,-0.04000000,0.86000000,藏格矿业
2026-03-06,000408,78.70000000,78.90000000,80.27000000,78.38000000,148720,1200293643.42000008,2.38000000,-0.67000000,-0.53000000,0.95000000,藏格矿业
2026-03-09,000408,77.20000000,79.67000000,80.35000000,75.00000000,246340,1946242540.99000001,6.78000000,0.98000000,0.77000000,1.57000000,藏格矿业
2026-03-10,000408,80.60000000,81.46000000,81.78000000,79.71000000,122503,1011140336.57000005,2.60000000,2.25000000,1.79000000,0.78000000,藏格矿业
2026-03-11,000408,81.38000000,80.93000000,81.89000000,80.01000000,99922,823447384.42999995,2.31000000,-0.65000000,-0.53000000,0.64000000,藏格矿业
2026-03-12,000408,80.60000000,79.11000000,81.70000000,78.48000000,119300,969733195.16999996,3.98000000,-2.25000000,-1.82000000,0.76000000,藏格矿业
2026-03-13,000408,79.50000000,78.24000000,81.86000000,78.00000000,189635,1538020861.04999995,4.88000000,-1.10000000,-0.87000000,1.21000000,藏格矿业
2026-03-16,000408,80.00000000,79.14000000,81.08000000,76.71000000,246742,1980077051.99000001,5.59000000,1.15000000,0.90000000,1.57000000,藏格矿业
2026-03-17,000408,79.19000000,79.00000000,82.80000000,78.73000000,243949,2007775881.81999993,5.14000000,-0.18000000,-0.14000000,1.55000000,藏格矿业
2026-03-18,000408,79.50000000,76.48000000,79.79000000,76.16000000,187019,1467346453.99000001,4.59000000,-3.19000000,-2.52000000,1.19000000,藏格矿业
2026-03-19,000408,73.30000000,70.94000000,74.48000000,70.91000000,377925,2781811394.09999990,4.67000000,-7.24000000,-5.54000000,2.41000000,藏格矿业
2026-03-20,000408,72.39000000,71.38000000,73.08000000,71.16000000,214113,1571619169.49000001,2.71000000,0.62000000,0.44000000,1.36000000,藏格矿业
2026-03-23,000408,69.70000000,69.05000000,72.41000000,68.50000000,290019,2074406333.73000002,5.48000000,-3.26000000,-2.33000000,1.85000000,藏格矿业
2026-03-24,000408,71.55000000,74.34000000,74.34000000,70.58000000,270805,2009582461.91000009,5.45000000,7.66000000,5.29000000,1.72000000,藏格矿业
2026-03-25,000408,76.93000000,76.63000000,77.83000000,75.82000000,263502,2066939775.42000008,2.70000000,3.08000000,2.29000000,1.68000000,藏格矿业
2026-03-26,000408,76.55000000,76.31000000,78.38000000,75.40000000,139264,1089279379.56999993,3.89000000,-0.42000000,-0.32000000,0.89000000,藏格矿业
2026-03-27,000408,75.26000000,79.00000000,80.32000000,75.26000000,190891,1523510191.00000000,6.63000000,3.53000000,2.69000000,1.22000000,藏格矿业
2026-03-30,000408,79.00000000,79.53000000,80.00000000,77.61000000,184577,1486825316.75000000,3.03000000,0.67000000,0.53000000,1.18000000,藏格矿业
2026-03-31,000408,79.50000000,77.77000000,79.75000000,77.32000000,139770,1114470932.23000002,3.06000000,-2.21000000,-1.76000000,0.89000000,藏格矿业
2026-04-01,000408,80.30000000,80.68000000,81.35000000,79.50000000,179229,1469689493.38000011,2.38000000,3.74000000,2.91000000,1.14000000,藏格矿业
2026-04-02,000408,80.60000000,80.75000000,81.71000000,79.38000000,124097,1019192014.00999999,2.89000000,0.09000000,0.07000000,0.79000000,藏格矿业
2026-04-03,000408,80.51000000,79.90000000,81.00000000,79.30000000,79883,650917316.61000001,2.11000000,-1.05000000,-0.85000000,0.51000000,藏格矿业
2026-04-07,000408,79.77000000,79.50000000,80.37000000,78.51000000,107762,870165526.50000000,2.33000000,-0.50000000,-0.40000000,0.69000000,藏格矿业
2026-04-08,000408,81.15000000,83.00000000,83.43000000,80.72000000,179040,1506719414.15000010,3.41000000,4.40000000,3.50000000,1.14000000,藏格矿业
2026-04-09,000408,82.50000000,82.58000000,83.75000000,82.00000000,90690,765362767.41999996,2.11000000,-0.51000000,-0.42000000,0.58000000,藏格矿业
2026-04-10,000408,82.93000000,81.60000000,83.49000000,81.38000000,99536,832860427.84000003,2.56000000,-1.19000000,-0.98000000,0.63000000,藏格矿业
2026-04-13,000408,81.79000000,80.84000000,82.18000000,80.46000000,126203,1042231092.74000001,2.11000000,-0.93000000,-0.76000000,0.80000000,藏格矿业
2026-04-14,000408,82.50000000,83.31000000,84.04000000,82.50000000,139880,1185298620.02999997,1.90000000,3.06000000,2.47000000,0.89000000,藏格矿业
2026-04-15,000408,83.99000000,82.98000000,86.50000000,82.60000000,146314,1258342938.81999993,4.68000000,-0.40000000,-0.33000000,0.93000000,藏格矿业
2026-04-16,000408,83.16000000,86.44000000,86.67000000,82.80000000,192831,1672317181.76999998,4.66000000,4.17000000,3.46000000,1.23000000,藏格矿业
2026-04-17,000408,86.40000000,84.85000000,86.40000000,84.10000000,136692,1160714566.03999996,2.66000000,-1.84000000,-1.59000000,0.87000000,藏格矿业
2026-04-20,000408,87.00000000,86.54000000,88.50000000,86.20000000,190829,1661183805.53999996,2.71000000,1.99000000,1.69000000,1.22000000,藏格矿业
2026-04-21,000408,86.97000000,86.46000000,86.99000000,84.38000000,124885,1071222734.25000000,3.02000000,-0.09000000,-0.08000000,0.80000000,藏格矿业
2026-04-22,000408,86.12000000,88.29000000,88.76000000,85.71000000,131402,1153823302.75000000,3.53000000,2.12000000,1.83000000,0.84000000,藏格矿业
2026-04-23,000408,88.87000000,87.29000000,90.85000000,86.73000000,143634,1271330100.19000006,4.67000000,-1.13000000,-1.00000000,0.91000000,藏格矿业
2026-04-24,000408,87.00000000,90.25000000,90.77000000,86.81000000,152946,1357252906.67000008,4.54000000,3.39000000,2.96000000,0.97000000,藏格矿业
2026-04-27,000408,90.24000000,89.93000000,90.97000000,88.11000000,126041,1128761238.79999995,3.17000000,-0.35000000,-0.32000000,0.80000000,藏格矿业
2026-04-28,000408,89.09000000,88.73000000,89.99000000,87.51000000,92680,823719720.89999998,2.76000000,-1.33000000,-1.20000000,0.59000000,藏格矿业
2026-04-29,000408,88.10000000,91.01000000,91.29000000,87.23000000,136944,1228242612.66000009,4.58000000,2.57000000,2.28000000,0.87000000,藏格矿业
2026-04-30,000408,90.79000000,89.26000000,92.40000000,88.66000000,142100,1280912600.41000009,4.11000000,-1.92000000,-1.75000000,0.90000000,藏格矿业
2026-05-06,000408,89.89000000,90.18000000,90.50000000,87.33000000,157852,1407604962.95000005,3.55000000,1.03000000,0.92000000,1.01000000,藏格矿业
2026-05-07,000408,91.00000000,88.63000000,91.20000000,87.18000000,166084,1469811175.14000010,4.46000000,-1.72000000,-1.55000000,1.06000000,藏格矿业
2026-05-08,000408,88.05000000,87.70000000,89.58000000,85.60000000,179960,1567634967.75000000,4.49000000,-1.05000000,-0.93000000,1.15000000,藏格矿业
2026-05-11,000408,87.54000000,86.61000000,88.80000000,86.39000000,160478,1398985996.42000008,2.75000000,-1.24000000,-1.09000000,1.02000000,藏格矿业
2026-05-12,000408,88.37000000,88.02000000,89.99000000,87.66000000,180489,1600925638.65000010,2.69000000,1.63000000,1.41000000,1.15000000,藏格矿业
2026-05-13,000408,90.02000000,91.11000000,92.88000000,90.02000000,209088,1914330787.43000007,3.25000000,3.51000000,3.09000000,1.33000000,藏格矿业
2026-05-14,000408,90.84000000,87.68000000,92.14000000,87.68000000,133720,1196524121.90000010,4.90000000,-3.76000000,-3.43000000,0.85000000,藏格矿业
2026-05-15,000408,87.01000000,83.71000000,87.65000000,83.49000000,210364,1788886630.60999990,4.74000000,-4.53000000,-3.97000000,1.34000000,藏格矿业
2026-05-18,000408,81.66000000,80.14000000,82.46000000,79.22000000,224922,1813542187.98000002,3.87000000,-4.26000000,-3.57000000,1.43000000,藏格矿业
2026-05-19,000408,80.70000000,80.16000000,80.76000000,79.00000000,127740,1021303945.63999999,2.20000000,0.02000000,0.02000000,0.81000000,藏格矿业
2026-05-20,000408,78.50000000,79.91000000,80.63000000,77.48000000,137172,1083035634.71000004,3.93000000,-0.31000000,-0.25000000,0.87000000,藏格矿业
2026-05-21,000408,81.43000000,78.19000000,82.65000000,78.00000000,121426,979102757.45000005,5.82000000,-2.15000000,-1.72000000,0.77000000,藏格矿业
2026-05-22,000408,79.15000000,80.96000000,81.39000000,78.02000000,124263,991876360.14999998,4.31000000,3.54000000,2.77000000,0.79000000,藏格矿业
2026-05-25,000408,82.16000000,79.20000000,83.18000000,79.08000000,147177,1184290672.75000000,5.06000000,-2.17000000,-1.76000000,0.94000000,藏格矿业
2026-05-26,000408,79.20000000,84.24000000,84.58000000,78.31000000,211525,1729034585.23000002,7.92000000,6.36000000,5.04000000,1.35000000,藏格矿业
2026-05-27,000408,83.80000000,80.79000000,84.59000000,80.33000000,140734,1151366641.32999992,5.06000000,-4.10000000,-3.45000000,0.90000000,藏格矿业
2026-05-28,000408,80.26000000,77.68000000,80.87000000,77.00000000,159001,1240337894.09999990,4.79000000,-3.85000000,-3.11000000,1.01000000,藏格矿业
2026-05-29,000408,79.30000000,77.18000000,79.78000000,76.98000000,130062,1014966602.70000005,3.60000000,-0.64000000,-0.50000000,0.83000000,藏格矿业
2026-06-01,000408,77.00000000,76.05000000,78.16000000,75.79000000,121022,929427181.28999996,3.07000000,-1.46000000,-1.13000000,0.77000000,藏格矿业
2026-06-02,000408,78.01000000,79.24000000,79.75000000,75.75000000,143959,1124023884.90000010,5.26000000,4.19000000,3.19000000,0.92000000,藏格矿业
2026-06-03,000408,78.56000000,79.90000000,81.20000000,78.50000000,120584,966541717.89999998,3.41000000,0.83000000,0.66000000,0.77000000,藏格矿业
2026-06-04,000408,79.00000000,77.65000000,79.39000000,77.02000000,89561,697976904.20000005,2.97000000,-2.82000000,-2.25000000,0.57000000,藏格矿业
2026-06-05,000408,77.65000000,76.08000000,78.98000000,75.82000000,95135,734129886.84000003,4.07000000,-2.02000000,-1.57000000,0.61000000,藏格矿业
2026-06-08,000408,73.00000000,73.05000000,74.15000000,71.50000000,148368,1084530507.21000004,3.48000000,-3.98000000,-3.03000000,0.95000000,藏格矿业
2026-06-09,000408,73.65000000,75.30000000,75.68000000,72.30000000,102080,752521414.15999997,4.63000000,3.08000000,2.25000000,0.65000000,藏格矿业
2026-06-10,000408,73.12000000,74.59000000,75.50000000,72.85000000,91493,679285432.24000001,3.52000000,-0.94000000,-0.71000000,0.58000000,藏格矿业
2026-06-11,000408,74.00000000,76.01000000,77.29000000,73.50000000,127398,961810608.64999998,5.08000000,1.90000000,1.42000000,0.81000000,藏格矿业
2026-06-12,000408,78.00000000,79.47000000,81.15000000,76.73000000,190992,1515731840.22000003,5.82000000,4.55000000,3.46000000,1.22000000,藏格矿业
2026-06-15,000408,81.99000000,81.86000000,83.60000000,80.00000000,235912,1932349194.98000002,4.53000000,3.01000000,2.39000000,1.50000000,藏格矿业
2026-06-16,000408,81.48000000,76.34000000,81.54000000,76.23000000,177598,1392353654.96000004,6.49000000,-6.74000000,-5.52000000,1.13000000,藏格矿业
2026-06-17,000408,77.15000000,77.18000000,77.94000000,75.68000000,114683,882494842.00000000,2.96000000,1.10000000,0.84000000,0.73000000,藏格矿业
2026-06-18,000408,76.26000000,76.42000000,79.44000000,75.11000000,151432,1166106282.83999991,5.61000000,-0.98000000,-0.76000000,0.97000000,藏格矿业
2026-06-22,000408,75.50000000,78.96000000,79.42000000,73.50000000,221056,1688872310.49000001,7.75000000,3.32000000,2.54000000,1.41000000,藏格矿业
2026-06-23,000408,78.89000000,72.50000000,78.89000000,72.08000000,229395,1701131584.69000006,8.62000000,-8.18000000,-6.46000000,1.46000000,藏格矿业
2026-06-24,000408,72.00000000,73.20000000,74.18000000,71.37000000,148048,1076671516.96000004,3.88000000,0.97000000,0.70000000,0.94000000,藏格矿业
2026-06-25,000408,71.00000000,70.10000000,71.67000000,69.60000000,205246,1445761582.45000005,2.83000000,-4.23000000,-3.10000000,1.31000000,藏格矿业
2026-06-26,000408,70.78000000,68.05000000,70.95000000,67.89000000,171947,1184772751.41000009,4.37000000,-2.92000000,-2.05000000,1.10000000,藏格矿业
2026-06-29,000408,68.06000000,70.16000000,70.93000000,67.65000000,132416,917401697.32000005,4.82000000,3.10000000,2.11000000,0.84000000,藏格矿业
2026-06-30,000408,69.40000000,69.32000000,70.09000000,68.21000000,126280,870713519.16999996,2.68000000,-1.20000000,-0.84000000,0.80000000,藏格矿业
2026-07-01,000408,68.80000000,68.32000000,70.23000000,67.44000000,147876,1011825788.65999997,4.02000000,-1.44000000,-1.00000000,0.94000000,藏格矿业
2026-07-02,000408,69.00000000,69.80000000,71.07000000,67.90000000,183768,1281530017.43000007,4.64000000,2.17000000,1.48000000,1.17000000,藏格矿业
2026-07-03,000408,71.60000000,73.35000000,75.19000000,71.50000000,224687,1658323986.74000001,5.29000000,5.09000000,3.55000000,1.43000000,藏格矿业
