trade_date,ts_code,open,close,high,low,volume,amount,amplitude_pct,pct_change,price_change,turnover_rate,stock_name
2015-01-05,000538,26.60000000,27.87000000,28.62000000,26.18000000,198490,1278906864.00000000,9.18000000,4.85000000,1.29000000,1.91000000,云南白药
2015-01-06,000538,27.83000000,29.50000000,31.80000000,27.19000000,232618,1566886880.00000000,16.54000000,5.85000000,1.63000000,2.23000000,云南白药
2015-01-07,000538,29.30000000,29.12000000,29.47000000,28.35000000,113365,751573216.00000000,3.80000000,-1.29000000,-0.38000000,1.09000000,云南白药
2015-01-08,000538,29.03000000,29.12000000,31.18000000,28.88000000,115356,778768000.00000000,7.90000000,0.00000000,0.00000000,1.11000000,云南白药
2015-01-09,000538,29.12000000,27.76000000,29.60000000,27.76000000,132380,871056064.00000000,6.32000000,-4.67000000,-1.36000000,1.27000000,云南白药
2015-01-12,000538,27.76000000,27.97000000,28.61000000,26.90000000,113403,735711152.00000000,6.16000000,0.76000000,0.21000000,1.09000000,云南白药
2015-01-13,000538,27.97000000,27.88000000,29.03000000,27.82000000,69103,454608880.00000000,4.33000000,-0.32000000,-0.09000000,0.66000000,云南白药
2015-01-14,000538,27.90000000,27.59000000,28.32000000,27.20000000,52697,341353184.00000000,4.02000000,-1.04000000,-0.29000000,0.51000000,云南白药
2015-01-15,000538,27.67000000,27.90000000,28.25000000,27.19000000,63035,407352064.00000000,3.84000000,1.12000000,0.31000000,0.61000000,云南白药
2015-01-16,000538,27.92000000,28.63000000,28.65000000,27.55000000,67494,441314192.00000000,3.94000000,2.62000000,0.73000000,0.65000000,云南白药
2015-01-19,000538,27.83000000,26.26000000,28.58000000,25.77000000,110439,707954368.00000000,9.81000000,-8.28000000,-2.37000000,1.06000000,云南白药
2015-01-20,000538,26.37000000,27.12000000,27.17000000,26.37000000,88646,562294624.00000000,3.05000000,3.27000000,0.86000000,0.85000000,云南白药
2015-01-21,000538,27.12000000,27.97000000,27.97000000,26.83000000,86043,556093904.00000000,4.20000000,3.13000000,0.85000000,0.83000000,云南白药
2015-01-22,000538,27.97000000,28.18000000,28.51000000,27.67000000,75305,491493760.00000000,3.00000000,0.75000000,0.21000000,0.72000000,云南白药
2015-01-23,000538,28.17000000,27.65000000,28.51000000,27.19000000,80552,520799920.00000000,4.68000000,-1.88000000,-0.53000000,0.77000000,云南白药
2015-01-26,000538,27.55000000,29.02000000,29.22000000,27.41000000,100931,667313104.00000000,6.55000000,4.95000000,1.37000000,0.97000000,云南白药
2015-01-27,000538,29.03000000,28.57000000,29.68000000,27.83000000,88572,586272112.00000000,6.37000000,-1.55000000,-0.45000000,0.85000000,云南白药
2015-01-28,000538,28.32000000,27.40000000,28.55000000,27.21000000,78447,508776352.00000000,4.69000000,-4.10000000,-1.17000000,0.75000000,云南白药
2015-01-29,000538,27.17000000,26.40000000,27.17000000,26.26000000,69203,436864976.00000000,3.32000000,-3.65000000,-1.00000000,0.66000000,云南白药
2015-01-30,000538,26.75000000,26.43000000,26.92000000,25.89000000,54991,346616800.00000000,3.90000000,0.11000000,0.03000000,0.53000000,云南白药
2015-02-02,000538,25.76000000,25.87000000,26.42000000,25.62000000,53656,334659408.00000000,3.03000000,-2.12000000,-0.56000000,0.52000000,云南白药
2015-02-03,000538,26.25000000,26.62000000,26.62000000,26.05000000,51840,325750016.00000000,2.20000000,2.90000000,0.75000000,0.50000000,云南白药
2015-02-04,000538,26.85000000,25.85000000,26.85000000,25.81000000,53293,333885600.00000000,3.91000000,-2.89000000,-0.77000000,0.51000000,云南白药
2015-02-05,000538,26.23000000,25.10000000,26.37000000,25.05000000,74651,460442352.00000000,5.11000000,-2.90000000,-0.75000000,0.72000000,云南白药
2015-02-06,000538,25.10000000,24.35000000,25.40000000,24.23000000,68710,416091456.00000000,4.66000000,-2.99000000,-0.75000000,0.66000000,云南白药
2015-02-09,000538,24.26000000,24.62000000,24.96000000,24.25000000,42923,259093676.00000000,2.92000000,1.11000000,0.27000000,0.41000000,云南白药
2015-02-10,000538,24.62000000,24.82000000,24.96000000,24.39000000,49100,297267248.00000000,2.32000000,0.81000000,0.20000000,0.47000000,云南白药
2015-02-11,000538,24.70000000,25.25000000,25.47000000,24.70000000,45771,279914448.00000000,3.10000000,1.73000000,0.43000000,0.44000000,云南白药
2015-02-12,000538,25.30000000,25.20000000,25.67000000,25.19000000,34232,210364166.00000000,1.90000000,-0.20000000,-0.05000000,0.33000000,云南白药
2015-02-13,000538,25.31000000,25.57000000,26.09000000,25.31000000,54542,338173296.00000000,3.10000000,1.47000000,0.37000000,0.52000000,云南白药
2015-02-16,000538,25.58000000,25.76000000,25.97000000,25.55000000,59015,365565424.00000000,1.64000000,0.74000000,0.19000000,0.57000000,云南白药
2015-02-17,000538,25.92000000,26.25000000,26.30000000,25.88000000,47810,298333488.00000000,1.63000000,1.90000000,0.49000000,0.46000000,云南白药
2015-02-25,000538,26.26000000,25.32000000,26.32000000,25.20000000,59144,365702816.00000000,4.27000000,-3.54000000,-0.93000000,0.57000000,云南白药
2015-02-26,000538,25.12000000,25.72000000,25.72000000,24.80000000,57452,351578304.00000000,3.63000000,1.58000000,0.40000000,0.55000000,云南白药
2015-02-27,000538,25.67000000,25.96000000,26.26000000,25.37000000,51608,321555952.00000000,3.46000000,0.93000000,0.24000000,0.50000000,云南白药
2015-03-02,000538,26.17000000,26.17000000,26.26000000,25.83000000,59508,371637536.00000000,1.66000000,0.81000000,0.21000000,0.57000000,云南白药
2015-03-03,000538,26.17000000,26.39000000,27.36000000,26.17000000,140964,891116176.00000000,4.55000000,0.84000000,0.22000000,1.35000000,云南白药
2015-03-04,000538,26.35000000,27.46000000,27.55000000,25.95000000,129754,826558048.00000000,6.06000000,4.05000000,1.07000000,1.25000000,云南白药
2015-03-05,000538,27.19000000,26.90000000,27.76000000,26.58000000,85503,545452208.00000000,4.30000000,-2.04000000,-0.56000000,0.82000000,云南白药
2015-03-06,000538,26.82000000,25.81000000,26.82000000,25.76000000,75534,471863440.00000000,3.94000000,-4.05000000,-1.09000000,0.73000000,云南白药
2015-03-09,000538,25.80000000,26.01000000,26.12000000,25.05000000,78468,484069392.00000000,4.15000000,0.77000000,0.20000000,0.75000000,云南白药
2015-03-10,000538,25.98000000,27.05000000,27.35000000,25.75000000,93376,586488896.00000000,6.15000000,4.00000000,1.04000000,0.90000000,云南白药
2015-03-11,000538,27.05000000,26.60000000,27.45000000,26.33000000,75083,476622800.00000000,4.14000000,-1.66000000,-0.45000000,0.72000000,云南白药
2015-03-12,000538,26.60000000,26.75000000,27.32000000,26.39000000,85148,541064304.00000000,3.50000000,0.56000000,0.15000000,0.82000000,云南白药
2015-03-13,000538,26.84000000,26.38000000,26.96000000,25.77000000,90392,569516864.00000000,4.45000000,-1.38000000,-0.37000000,0.87000000,云南白药
2015-03-16,000538,26.44000000,27.46000000,27.53000000,26.33000000,118439,757949392.00000000,4.55000000,4.09000000,1.08000000,1.14000000,云南白药
2015-03-17,000538,27.67000000,27.19000000,27.72000000,26.97000000,153873,986254976.00000000,2.73000000,-0.98000000,-0.27000000,1.48000000,云南白药
2015-03-18,000538,27.26000000,28.19000000,28.19000000,27.17000000,169407,1093513008.00000000,3.75000000,3.68000000,1.00000000,1.63000000,云南白药
2015-03-19,000538,28.15000000,27.85000000,28.16000000,27.53000000,126366,820295984.00000000,2.23000000,-1.21000000,-0.34000000,1.21000000,云南白药
2015-03-20,000538,27.77000000,28.15000000,28.52000000,27.70000000,120778,788838784.00000000,2.94000000,1.08000000,0.30000000,1.16000000,云南白药
2015-03-23,000538,28.17000000,28.69000000,29.02000000,28.12000000,151911,1000591824.00000000,3.20000000,1.92000000,0.54000000,1.46000000,云南白药
2015-03-24,000538,28.69000000,30.15000000,30.76000000,27.62000000,215233,1431112656.00000000,10.94000000,5.09000000,1.46000000,2.07000000,云南白药
2015-03-25,000538,29.33000000,29.67000000,30.10000000,29.26000000,120614,813222608.00000000,2.79000000,-1.59000000,-0.48000000,1.16000000,云南白药
2015-03-26,000538,29.33000000,28.87000000,29.44000000,28.60000000,97815,650854720.00000000,2.83000000,-2.70000000,-0.80000000,0.94000000,云南白药
2015-03-27,000538,28.80000000,28.97000000,29.18000000,28.58000000,86785,576455088.00000000,2.08000000,0.35000000,0.10000000,0.83000000,云南白药
2015-03-30,000538,29.11000000,29.53000000,29.85000000,28.73000000,148938,996143040.00000000,3.87000000,1.93000000,0.56000000,1.43000000,云南白药
2015-03-31,000538,29.80000000,29.08000000,30.50000000,28.98000000,152992,1033344048.00000000,5.15000000,-1.52000000,-0.45000000,1.47000000,云南白药
2015-04-01,000538,29.09000000,30.05000000,30.09000000,28.92000000,142499,961072192.00000000,4.02000000,3.34000000,0.97000000,1.37000000,云南白药
2015-04-02,000538,30.11000000,30.14000000,30.85000000,29.30000000,129176,879473024.00000000,5.16000000,0.30000000,0.09000000,1.24000000,云南白药
2015-04-03,000538,30.06000000,30.08000000,30.50000000,29.75000000,112355,763589360.00000000,2.49000000,-0.20000000,-0.06000000,1.08000000,云南白药
2015-04-07,000538,30.47000000,31.50000000,31.66000000,30.05000000,196483,1357917248.00000000,5.35000000,4.72000000,1.42000000,1.89000000,云南白药
2015-04-08,000538,31.72000000,30.84000000,32.00000000,30.37000000,162116,1126800976.00000000,5.17000000,-2.10000000,-0.66000000,1.56000000,云南白药
2015-04-09,000538,30.84000000,29.97000000,30.84000000,29.08000000,162046,1097829088.00000000,5.71000000,-2.82000000,-0.87000000,1.56000000,云南白药
2015-04-10,000538,29.93000000,30.87000000,30.88000000,29.47000000,173911,1188302064.00000000,4.70000000,3.00000000,0.90000000,1.67000000,云南白药
2015-04-13,000538,30.87000000,31.49000000,32.19000000,30.65000000,191027,1339093536.00000000,4.99000000,2.01000000,0.62000000,1.83000000,云南白药
2015-04-14,000538,31.50000000,33.33000000,34.08000000,31.05000000,227472,1622776240.00000000,9.62000000,5.84000000,1.84000000,2.18000000,云南白药
2015-04-15,000538,33.01000000,30.97000000,33.06000000,30.97000000,167471,1179788944.00000000,6.27000000,-7.08000000,-2.36000000,1.61000000,云南白药
2015-04-16,000538,30.97000000,32.90000000,33.67000000,30.52000000,191506,1361673888.00000000,10.17000000,6.23000000,1.93000000,1.84000000,云南白药
2015-04-17,000538,32.97000000,32.62000000,33.83000000,32.05000000,181456,1303969232.00000000,5.41000000,-0.85000000,-0.28000000,1.74000000,云南白药
2015-04-20,000538,32.20000000,31.50000000,32.55000000,31.37000000,167961,1185936656.00000000,3.62000000,-3.43000000,-1.12000000,1.61000000,云南白药
2015-04-21,000538,31.45000000,33.27000000,33.42000000,31.33000000,150143,1075468256.00000000,6.63000000,5.62000000,1.77000000,1.44000000,云南白药
2015-04-22,000538,33.37000000,34.97000000,35.23000000,33.27000000,158033,1165969760.00000000,5.89000000,5.11000000,1.70000000,1.52000000,云南白药
2015-04-23,000538,34.62000000,34.07000000,35.03000000,33.60000000,123343,909218864.00000000,4.09000000,-2.57000000,-0.90000000,1.18000000,云南白药
2015-04-24,000538,33.47000000,32.96000000,33.82000000,32.56000000,122498,885792176.00000000,3.70000000,-3.26000000,-1.11000000,1.18000000,云南白药
2015-04-27,000538,33.62000000,33.33000000,34.37000000,32.76000000,123124,892477376.00000000,4.88000000,1.12000000,0.37000000,1.18000000,云南白药
2015-04-28,000538,33.61000000,31.47000000,34.09000000,31.13000000,185519,1320776656.00000000,8.88000000,-5.58000000,-1.86000000,1.78000000,云南白药
2015-04-29,000538,31.32000000,31.83000000,32.10000000,30.77000000,110509,774645552.00000000,4.23000000,1.14000000,0.36000000,1.06000000,云南白药
2015-04-30,000538,31.82000000,31.10000000,32.11000000,31.05000000,162884,1136524544.00000000,3.33000000,-2.29000000,-0.73000000,1.56000000,云南白药
2015-05-04,000538,31.11000000,30.26000000,31.30000000,30.06000000,130081,890813744.00000000,3.99000000,-2.70000000,-0.84000000,1.25000000,云南白药
2015-05-05,000538,30.33000000,30.02000000,30.75000000,29.83000000,107920,738314128.00000000,3.04000000,-0.79000000,-0.24000000,1.04000000,云南白药
2015-05-06,000538,30.41000000,30.25000000,31.46000000,29.88000000,134555,928149376.00000000,5.26000000,0.77000000,0.23000000,1.29000000,云南白药
2015-05-07,000538,30.25000000,29.24000000,30.75000000,29.09000000,97521,660279744.00000000,5.49000000,-3.34000000,-1.01000000,0.94000000,云南白药
2015-05-08,000538,29.51000000,30.15000000,30.62000000,29.51000000,122029,830978160.00000000,3.80000000,3.11000000,0.91000000,1.17000000,云南白药
2015-05-11,000538,30.47000000,31.35000000,31.47000000,29.90000000,148729,1027038736.00000000,5.21000000,3.98000000,1.20000000,1.43000000,云南白药
2015-05-12,000538,31.35000000,31.37000000,31.62000000,30.90000000,114913,801547872.00000000,2.30000000,0.06000000,0.02000000,1.10000000,云南白药
2015-05-13,000538,31.25000000,30.95000000,31.40000000,30.54000000,106901,740187840.00000000,2.74000000,-1.34000000,-0.42000000,1.03000000,云南白药
2015-05-14,000538,31.03000000,30.15000000,31.04000000,30.02000000,97464,666104592.00000000,3.30000000,-2.58000000,-0.80000000,0.94000000,云南白药
2015-05-15,000538,30.12000000,30.35000000,30.76000000,29.60000000,95886,654564016.00000000,3.85000000,0.66000000,0.20000000,0.92000000,云南白药
2015-05-18,000538,30.33000000,29.92000000,30.40000000,29.90000000,76157,518123456.00000000,1.65000000,-1.42000000,-0.43000000,0.73000000,云南白药
2015-05-19,000538,29.92000000,31.04000000,31.12000000,29.64000000,116217,798475456.00000000,4.95000000,3.74000000,1.12000000,1.12000000,云南白药
2015-05-20,000538,31.04000000,31.13000000,31.82000000,30.76000000,143764,1000578688.00000000,3.41000000,0.29000000,0.09000000,1.38000000,云南白药
2015-05-21,000538,30.97000000,32.41000000,32.52000000,30.76000000,161112,1135513056.00000000,5.65000000,4.11000000,1.28000000,1.55000000,云南白药
2015-05-22,000538,32.48000000,32.52000000,32.66000000,31.55000000,148590,1053903072.00000000,3.42000000,0.34000000,0.11000000,1.43000000,云南白药
2015-05-25,000538,32.40000000,33.73000000,34.39000000,32.19000000,198949,1453032512.00000000,6.77000000,3.72000000,1.21000000,1.91000000,云南白药
2015-05-26,000538,33.69000000,34.20000000,34.37000000,32.90000000,260834,1900869168.00000000,4.36000000,1.39000000,0.47000000,2.50000000,云南白药
2015-05-27,000538,34.07000000,34.19000000,34.47000000,33.17000000,218621,1599883904.00000000,3.80000000,-0.03000000,-0.01000000,2.10000000,云南白药
2015-05-28,000538,34.19000000,32.44000000,36.23000000,32.05000000,257828,1919846144.00000000,12.23000000,-5.12000000,-1.75000000,2.48000000,云南白药
2015-05-29,000538,32.44000000,35.03000000,35.05000000,31.48000000,261252,1903510400.00000000,11.00000000,7.98000000,2.59000000,2.51000000,云南白药
2015-06-01,000538,35.43000000,37.20000000,37.40000000,34.94000000,299012,2305229872.00000000,7.02000000,6.19000000,2.17000000,2.87000000,云南白药
2015-06-02,000538,37.20000000,36.53000000,37.20000000,35.77000000,164665,1264120784.00000000,3.84000000,-1.80000000,-0.67000000,1.58000000,云南白药
2015-06-03,000538,36.47000000,36.35000000,36.76000000,35.33000000,135999,1037932640.00000000,3.91000000,-0.49000000,-0.18000000,1.31000000,云南白药
2015-06-04,000538,36.44000000,35.57000000,36.44000000,31.51000000,151996,1125357584.00000000,13.56000000,-2.15000000,-0.78000000,1.46000000,云南白药
2015-06-05,000538,35.17000000,34.97000000,35.92000000,34.47000000,156017,1175452704.00000000,4.08000000,-1.69000000,-0.60000000,1.50000000,云南白药
2015-06-08,000538,34.97000000,35.52000000,36.05000000,34.42000000,136872,1030810944.00000000,4.66000000,1.57000000,0.55000000,1.31000000,云南白药
2015-06-09,000538,35.55000000,34.20000000,35.90000000,33.64000000,127876,951317152.00000000,6.36000000,-3.72000000,-1.32000000,1.23000000,云南白药
2015-06-10,000538,34.05000000,34.35000000,34.95000000,33.62000000,116727,867946400.00000000,3.89000000,0.44000000,0.15000000,1.12000000,云南白药
2015-06-11,000538,34.37000000,35.08000000,35.26000000,34.37000000,100648,751732928.00000000,2.59000000,2.13000000,0.73000000,0.97000000,云南白药
2015-06-12,000538,35.32000000,35.77000000,36.08000000,34.84000000,122849,927323248.00000000,3.53000000,1.97000000,0.69000000,1.18000000,云南白药
2015-06-15,000538,35.76000000,41.20000000,41.20000000,35.76000000,311325,2539202256.00000000,15.21000000,15.18000000,5.43000000,2.99000000,云南白药
2015-06-16,000538,41.47000000,41.60000000,43.15000000,39.41000000,277721,2335924928.00000000,9.08000000,0.97000000,0.40000000,2.67000000,云南白药
2015-06-17,000538,41.60000000,41.32000000,42.29000000,38.62000000,149668,1236063472.00000000,8.82000000,-0.67000000,-0.28000000,1.44000000,云南白药
2015-06-18,000538,40.33000000,40.12000000,43.14000000,40.05000000,152010,1277851424.00000000,7.48000000,-2.90000000,-1.20000000,1.46000000,云南白药
2015-06-19,000538,39.51000000,38.83000000,41.34000000,38.32000000,140996,1144480976.00000000,7.53000000,-3.22000000,-1.29000000,1.35000000,云南白药
2015-06-23,000538,39.33000000,44.54000000,44.57000000,38.62000000,267828,2290419760.00000000,15.32000000,14.71000000,5.71000000,2.57000000,云南白药
2015-06-24,000538,44.96000000,44.83000000,45.27000000,42.90000000,184289,1614767760.00000000,5.32000000,0.65000000,0.29000000,1.77000000,云南白药
2015-06-25,000538,44.25000000,43.18000000,44.79000000,42.35000000,134750,1168713808.00000000,5.44000000,-3.68000000,-1.65000000,1.29000000,云南白药
2015-06-26,000538,42.19000000,38.84000000,44.29000000,37.01000000,256528,2128007440.00000000,16.86000000,-10.05000000,-4.34000000,2.46000000,云南白药
2015-06-29,000538,41.12000000,38.42000000,42.45000000,34.12000000,226931,1838922128.00000000,21.45000000,-1.08000000,-0.42000000,2.18000000,云南白药
2015-06-30,000538,38.42000000,43.10000000,43.62000000,36.12000000,257999,2112527520.00000000,19.52000000,12.18000000,4.68000000,2.48000000,云南白药
2015-07-01,000538,42.19000000,39.32000000,43.75000000,38.80000000,177105,1487916096.00000000,11.48000000,-8.77000000,-3.78000000,1.70000000,云南白药
2015-07-02,000538,39.32000000,35.40000000,39.76000000,34.50000000,165983,1287412752.00000000,13.38000000,-9.97000000,-3.92000000,1.59000000,云南白药
2015-07-03,000538,35.05000000,35.05000000,37.90000000,31.41000000,179999,1335287488.00000000,18.33000000,-0.99000000,-0.35000000,1.73000000,云南白药
2015-07-06,000538,40.05000000,35.76000000,40.05000000,31.51000000,226329,1728896672.00000000,24.37000000,2.03000000,0.71000000,2.17000000,云南白药
2015-07-07,000538,34.33000000,32.42000000,34.47000000,31.52000000,224327,1603386672.00000000,8.25000000,-9.34000000,-3.34000000,2.15000000,云南白药
2015-07-08,000538,27.32000000,27.33000000,29.00000000,27.32000000,310814,2020842480.00000000,5.18000000,-15.70000000,-5.09000000,2.98000000,云南白药
2015-07-09,000538,27.33000000,31.92000000,31.92000000,27.33000000,199284,1364652784.00000000,16.79000000,16.79000000,4.59000000,1.91000000,云南白药
2015-07-10,000538,33.15000000,36.32000000,36.96000000,32.37000000,428971,3262061456.00000000,14.38000000,13.78000000,4.40000000,4.12000000,云南白药
2015-07-13,000538,35.05000000,36.47000000,39.22000000,33.63000000,302380,2332176784.00000000,15.39000000,0.41000000,0.15000000,2.90000000,云南白药
2015-07-14,000538,35.67000000,34.69000000,36.67000000,34.33000000,157013,1179239088.00000000,6.42000000,-4.88000000,-1.78000000,1.51000000,云南白药
2015-07-15,000538,33.75000000,31.90000000,34.68000000,31.16000000,115521,829270432.00000000,10.15000000,-8.04000000,-2.79000000,1.11000000,云南白药
2015-07-16,000538,31.90000000,32.87000000,34.02000000,30.05000000,92470,664820592.00000000,12.45000000,3.04000000,0.97000000,0.89000000,云南白药
2015-07-17,000538,32.90000000,34.63000000,35.05000000,32.87000000,75823,559363312.00000000,6.63000000,5.35000000,1.76000000,0.73000000,云南白药
2015-07-20,000538,34.63000000,34.55000000,35.45000000,33.89000000,78416,582749616.00000000,4.50000000,-0.23000000,-0.08000000,0.75000000,云南白药
2015-07-21,000538,34.30000000,35.05000000,35.81000000,33.75000000,89143,662249696.00000000,5.96000000,1.45000000,0.50000000,0.86000000,云南白药
2015-07-22,000538,34.69000000,34.08000000,35.40000000,33.83000000,66495,491146576.00000000,4.48000000,-2.77000000,-0.97000000,0.64000000,云南白药
2015-07-23,000538,34.30000000,35.12000000,35.97000000,33.53000000,87804,650898080.00000000,7.16000000,3.05000000,1.04000000,0.84000000,云南白药
2015-07-24,000538,35.19000000,36.94000000,37.51000000,34.55000000,139984,1060495248.00000000,8.43000000,5.18000000,1.82000000,1.34000000,云南白药
2015-07-27,000538,35.76000000,32.26000000,36.94000000,31.83000000,107633,796833504.00000000,13.83000000,-12.67000000,-4.68000000,1.03000000,云南白药
2015-07-28,000538,31.25000000,33.97000000,34.68000000,31.13000000,153903,1106781952.00000000,11.00000000,5.30000000,1.71000000,1.48000000,云南白药
2015-07-29,000538,33.97000000,34.55000000,34.91000000,32.92000000,68624,499549872.00000000,5.86000000,1.71000000,0.58000000,0.66000000,云南白药
2015-07-30,000538,34.33000000,33.40000000,34.53000000,33.39000000,64905,473030816.00000000,3.30000000,-3.33000000,-1.15000000,0.62000000,云南白药
2015-07-31,000538,32.88000000,34.38000000,34.40000000,32.44000000,74637,545097120.00000000,5.87000000,2.93000000,0.98000000,0.72000000,云南白药
2015-08-03,000538,33.67000000,35.53000000,35.53000000,33.40000000,78239,581850752.00000000,6.20000000,3.34000000,1.15000000,0.75000000,云南白药
2015-08-04,000538,35.47000000,36.08000000,36.51000000,34.62000000,62887,475465168.00000000,5.32000000,1.55000000,0.55000000,0.60000000,云南白药
2015-08-05,000538,36.08000000,35.47000000,37.19000000,35.40000000,56644,432073888.00000000,4.96000000,-1.69000000,-0.61000000,0.54000000,云南白药
2015-08-06,000538,35.40000000,34.91000000,36.19000000,34.83000000,29078,218685938.00000000,3.83000000,-1.58000000,-0.56000000,0.28000000,云南白药
2015-08-07,000538,35.40000000,35.42000000,36.47000000,34.91000000,59673,447298192.00000000,4.47000000,1.46000000,0.51000000,0.57000000,云南白药
2015-08-10,000538,35.67000000,36.54000000,37.14000000,35.42000000,120861,920620224.00000000,4.86000000,3.16000000,1.12000000,1.16000000,云南白药
2015-08-11,000538,36.55000000,36.82000000,37.10000000,35.95000000,57376,439097376.00000000,3.15000000,0.77000000,0.28000000,0.55000000,云南白药
2015-08-12,000538,36.47000000,35.62000000,37.95000000,35.50000000,61661,475532144.00000000,6.65000000,-3.26000000,-1.20000000,0.59000000,云南白药
2015-08-13,000538,35.59000000,35.70000000,36.19000000,34.82000000,37519,281402320.00000000,3.85000000,0.22000000,0.08000000,0.36000000,云南白药
2015-08-14,000538,35.78000000,35.25000000,36.04000000,34.97000000,45286,339375872.00000000,3.00000000,-1.26000000,-0.45000000,0.43000000,云南白药
2015-08-17,000538,34.97000000,35.29000000,35.37000000,34.62000000,26194,195065122.00000000,2.13000000,0.11000000,0.04000000,0.25000000,云南白药
2015-08-18,000538,35.33000000,32.65000000,36.51000000,32.62000000,81511,608073520.00000000,11.02000000,-7.48000000,-2.64000000,0.78000000,云南白药
2015-08-19,000538,31.90000000,33.78000000,34.18000000,31.83000000,59638,426489808.00000000,7.20000000,3.46000000,1.13000000,0.57000000,云南白药
2015-08-20,000538,33.40000000,32.75000000,34.23000000,32.40000000,56702,408072496.00000000,5.42000000,-3.05000000,-1.03000000,0.54000000,云南白药
2015-08-21,000538,32.18000000,31.40000000,33.20000000,31.03000000,55897,393652512.00000000,6.63000000,-4.12000000,-1.35000000,0.54000000,云南白药
2015-08-24,000538,29.93000000,26.44000000,29.93000000,26.44000000,111346,705959072.00000000,11.11000000,-15.80000000,-4.96000000,1.07000000,云南白药
2015-08-25,000538,24.68000000,24.23000000,26.75000000,23.52000000,74155,448135216.00000000,12.22000000,-8.36000000,-2.21000000,0.71000000,云南白药
2015-08-26,000538,24.87000000,26.18000000,28.47000000,24.25000000,78749,493976144.00000000,17.42000000,8.05000000,1.95000000,0.76000000,云南白药
2015-08-27,000538,26.55000000,28.19000000,28.26000000,26.55000000,45028,288469648.00000000,6.53000000,7.68000000,2.01000000,0.43000000,云南白药
2015-08-28,000538,28.11000000,29.87000000,30.40000000,28.05000000,52219,346221536.00000000,8.34000000,5.96000000,1.68000000,0.50000000,云南白药
2015-08-31,000538,29.68000000,31.38000000,31.47000000,28.26000000,48550,327511232.00000000,10.75000000,5.06000000,1.51000000,0.47000000,云南白药
2015-09-01,000538,30.41000000,32.94000000,32.95000000,29.30000000,119731,842705136.00000000,11.63000000,4.97000000,1.56000000,1.15000000,云南白药
2015-09-02,000538,28.97000000,32.82000000,32.90000000,28.97000000,122332,865023696.00000000,11.93000000,-0.36000000,-0.12000000,1.17000000,云南白药
2015-09-07,000538,31.83000000,29.62000000,32.67000000,28.97000000,75711,518149984.00000000,11.27000000,-9.75000000,-3.20000000,0.73000000,云南白药
2015-09-08,000538,29.10000000,30.76000000,30.77000000,28.62000000,28331,190447766.00000000,7.26000000,3.85000000,1.14000000,0.27000000,云南白药
2015-09-09,000538,30.84000000,32.32000000,32.90000000,30.84000000,51206,360744544.00000000,6.70000000,5.07000000,1.56000000,0.49000000,云南白药
2015-09-10,000538,31.55000000,31.18000000,32.55000000,30.97000000,21880,153670764.00000000,4.89000000,-3.53000000,-1.14000000,0.21000000,云南白药
2015-09-11,000538,31.12000000,30.68000000,31.82000000,29.70000000,32667,222506396.00000000,6.80000000,-1.60000000,-0.50000000,0.31000000,云南白药
2015-09-14,000538,30.77000000,30.54000000,31.26000000,29.60000000,45846,312449040.00000000,5.41000000,-0.46000000,-0.14000000,0.44000000,云南白药
2015-09-15,000538,30.05000000,28.50000000,30.32000000,27.83000000,25301,166359250.00000000,8.15000000,-6.68000000,-2.04000000,0.24000000,云南白药
2015-09-16,000538,28.62000000,31.12000000,31.83000000,27.94000000,47271,317018272.00000000,13.65000000,9.19000000,2.62000000,0.45000000,云南白药
2015-09-17,000538,30.05000000,29.69000000,30.60000000,29.34000000,32879,220716846.00000000,4.05000000,-4.60000000,-1.43000000,0.32000000,云南白药
2015-09-18,000538,29.69000000,29.05000000,29.87000000,28.97000000,21491,142748306.00000000,3.03000000,-2.16000000,-0.64000000,0.21000000,云南白药
2015-09-21,000538,28.69000000,29.68000000,30.07000000,28.69000000,28658,191067573.00000000,4.75000000,2.17000000,0.63000000,0.28000000,云南白药
2015-09-22,000538,29.69000000,30.41000000,30.52000000,29.47000000,21733,147230156.00000000,3.54000000,2.46000000,0.73000000,0.21000000,云南白药
2015-09-23,000538,30.08000000,29.90000000,30.33000000,29.72000000,13720,92499590.00000000,2.01000000,-1.68000000,-0.51000000,0.13000000,云南白药
2015-09-24,000538,29.90000000,29.44000000,30.26000000,29.05000000,18934,125907985.00000000,4.05000000,-1.54000000,-0.46000000,0.18000000,云南白药
2015-09-25,000538,29.45000000,28.62000000,29.45000000,27.90000000,20967,137165456.00000000,5.26000000,-2.79000000,-0.82000000,0.20000000,云南白药
2015-09-28,000538,28.55000000,28.40000000,28.55000000,27.96000000,13968,90869248.00000000,2.06000000,-0.77000000,-0.22000000,0.13000000,云南白药
2015-09-29,000538,27.98000000,27.15000000,28.22000000,27.05000000,26577,169857314.00000000,4.12000000,-4.40000000,-1.25000000,0.26000000,云南白药
2015-09-30,000538,27.22000000,27.55000000,27.90000000,27.12000000,29198,186337059.00000000,2.87000000,1.47000000,0.40000000,0.28000000,云南白药
2015-10-08,000538,29.33000000,28.99000000,29.55000000,28.49000000,38457,254082531.00000000,3.85000000,5.23000000,1.44000000,0.37000000,云南白药
2015-10-09,000538,28.80000000,28.92000000,29.05000000,28.37000000,30777,201974188.00000000,2.35000000,-0.24000000,-0.07000000,0.30000000,云南白药
2015-10-12,000538,28.98000000,30.75000000,31.18000000,28.93000000,50878,345235536.00000000,7.78000000,6.33000000,1.83000000,0.49000000,云南白药
2015-10-13,000538,30.40000000,30.69000000,30.82000000,29.97000000,23603,160626707.00000000,2.76000000,-0.20000000,-0.06000000,0.23000000,云南白药
2015-10-14,000538,30.42000000,30.19000000,30.76000000,29.84000000,26575,179859983.00000000,3.00000000,-1.63000000,-0.50000000,0.26000000,云南白药
2015-10-15,000538,30.05000000,30.76000000,30.90000000,29.81000000,22184,151173796.00000000,3.61000000,1.89000000,0.57000000,0.21000000,云南白药
2015-10-16,000538,30.85000000,30.70000000,31.32000000,30.30000000,24617,168840859.00000000,3.32000000,-0.20000000,-0.06000000,0.24000000,云南白药
2015-10-19,000538,30.76000000,29.76000000,31.17000000,29.76000000,36478,249117586.00000000,4.59000000,-3.06000000,-0.94000000,0.35000000,云南白药
2015-10-20,000538,29.77000000,30.25000000,30.44000000,29.72000000,32080,216616176.00000000,2.42000000,1.65000000,0.49000000,0.31000000,云南白药
2015-10-21,000538,30.15000000,29.55000000,30.90000000,28.81000000,37051,250177549.00000000,6.91000000,-2.31000000,-0.70000000,0.36000000,云南白药
2015-10-22,000538,29.52000000,29.96000000,30.05000000,28.97000000,36752,245648261.00000000,3.65000000,1.39000000,0.41000000,0.35000000,云南白药
2015-10-23,000538,30.19000000,31.07000000,31.47000000,29.90000000,53407,366543440.00000000,5.24000000,3.70000000,1.11000000,0.51000000,云南白药
2015-10-26,000538,31.47000000,30.90000000,31.59000000,30.46000000,29661,203429972.00000000,3.64000000,-0.55000000,-0.17000000,0.28000000,云南白药
2015-10-27,000538,30.83000000,30.42000000,30.83000000,29.69000000,22338,151109295.00000000,3.69000000,-1.55000000,-0.48000000,0.21000000,云南白药
2015-10-28,000538,30.37000000,29.90000000,31.07000000,29.76000000,20248,137640012.00000000,4.31000000,-1.71000000,-0.52000000,0.19000000,云南白药
2015-10-29,000538,29.92000000,30.49000000,30.65000000,29.60000000,20690,139689440.00000000,3.51000000,1.97000000,0.59000000,0.20000000,云南白药
2015-10-30,000538,30.40000000,29.94000000,30.40000000,29.62000000,26194,176386599.00000000,2.56000000,-1.80000000,-0.55000000,0.25000000,云南白药
2015-11-02,000538,29.65000000,29.67000000,30.26000000,29.55000000,21303,143267806.00000000,2.37000000,-0.90000000,-0.27000000,0.20000000,云南白药
2015-11-03,000538,29.69000000,29.02000000,30.04000000,28.97000000,20062,133427862.00000000,3.61000000,-2.19000000,-0.65000000,0.19000000,云南白药
2015-11-04,000538,29.15000000,30.68000000,31.09000000,29.15000000,58525,398309520.00000000,6.69000000,5.72000000,1.66000000,0.56000000,云南白药
2015-11-05,000538,30.33000000,31.30000000,31.95000000,30.19000000,63466,436884672.00000000,5.74000000,2.02000000,0.62000000,0.61000000,云南白药
2015-11-06,000538,31.09000000,31.49000000,31.69000000,30.87000000,42017,290814448.00000000,2.62000000,0.61000000,0.19000000,0.40000000,云南白药
2015-11-09,000538,31.83000000,32.16000000,32.90000000,31.80000000,45116,319125344.00000000,3.49000000,2.13000000,0.67000000,0.43000000,云南白药
2015-11-10,000538,31.97000000,32.09000000,32.37000000,31.61000000,30345,212954863.00000000,2.36000000,-0.22000000,-0.07000000,0.29000000,云南白药
2015-11-11,000538,31.83000000,32.04000000,32.10000000,31.20000000,40740,283494320.00000000,2.80000000,-0.16000000,-0.05000000,0.39000000,云南白药
2015-11-12,000538,31.97000000,32.47000000,32.88000000,31.73000000,32412,228157474.00000000,3.59000000,1.34000000,0.43000000,0.31000000,云南白药
2015-11-13,000538,31.90000000,31.97000000,32.29000000,31.72000000,31179,219039493.00000000,1.76000000,-1.54000000,-0.50000000,0.30000000,云南白药
2015-11-16,000538,31.29000000,31.88000000,31.93000000,31.26000000,21750,151902628.00000000,2.10000000,-0.28000000,-0.09000000,0.21000000,云南白药
2015-11-17,000538,32.00000000,33.15000000,33.97000000,32.00000000,40591,291517840.00000000,6.18000000,3.98000000,1.27000000,0.39000000,云南白药
2015-11-18,000538,33.19000000,33.47000000,33.82000000,32.57000000,28816,207705893.00000000,3.77000000,0.97000000,0.32000000,0.28000000,云南白药
2015-11-19,000538,33.26000000,33.26000000,33.76000000,32.77000000,20847,150052494.00000000,2.96000000,-0.63000000,-0.21000000,0.20000000,云南白药
2015-11-20,000538,33.30000000,32.62000000,33.46000000,32.25000000,36429,259340757.00000000,3.64000000,-1.92000000,-0.64000000,0.35000000,云南白药
2015-11-23,000538,32.55000000,32.58000000,32.81000000,32.26000000,18156,128701261.00000000,1.69000000,-0.12000000,-0.04000000,0.17000000,云南白药
2015-11-24,000538,32.60000000,31.90000000,32.69000000,31.77000000,21277,149456103.00000000,2.82000000,-2.09000000,-0.68000000,0.20000000,云南白药
2015-11-25,000538,32.03000000,32.09000000,32.13000000,31.72000000,25827,180951271.00000000,1.29000000,0.60000000,0.19000000,0.25000000,云南白药
2015-11-26,000538,32.10000000,32.15000000,32.18000000,31.77000000,22227,156096874.00000000,1.28000000,0.19000000,0.06000000,0.21000000,云南白药
2015-11-27,000538,32.10000000,31.12000000,32.55000000,30.55000000,31368,218430504.00000000,6.22000000,-3.20000000,-1.03000000,0.30000000,云南白药
2015-11-30,000538,31.12000000,30.17000000,31.32000000,29.40000000,32659,221493134.00000000,6.17000000,-3.05000000,-0.95000000,0.31000000,云南白药
2015-12-01,000538,30.17000000,30.60000000,31.09000000,29.55000000,24900,169296334.00000000,5.10000000,1.43000000,0.43000000,0.24000000,云南白药
2015-12-02,000538,30.64000000,32.75000000,32.75000000,30.42000000,68778,483573392.00000000,7.61000000,7.03000000,2.15000000,0.66000000,云南白药
2015-12-03,000538,32.40000000,32.03000000,32.73000000,31.70000000,39311,276383744.00000000,3.15000000,-2.20000000,-0.72000000,0.38000000,云南白药
2015-12-04,000538,31.83000000,32.18000000,32.32000000,31.69000000,25507,178991489.00000000,1.97000000,0.47000000,0.15000000,0.24000000,云南白药
2015-12-07,000538,32.25000000,33.26000000,34.32000000,31.96000000,60861,439011472.00000000,7.33000000,3.36000000,1.08000000,0.58000000,云南白药
2015-12-08,000538,32.94000000,33.59000000,35.35000000,32.63000000,51953,379415952.00000000,8.18000000,0.99000000,0.33000000,0.50000000,云南白药
2015-12-09,000538,33.53000000,33.55000000,34.52000000,33.05000000,28480,206638289.00000000,4.38000000,-0.12000000,-0.04000000,0.27000000,云南白药
2015-12-10,000538,33.52000000,33.85000000,34.97000000,33.10000000,34301,251655487.00000000,5.57000000,0.89000000,0.30000000,0.33000000,云南白药
2015-12-11,000538,33.47000000,32.90000000,34.32000000,32.72000000,25219,182017909.00000000,4.73000000,-2.81000000,-0.95000000,0.24000000,云南白药
2015-12-14,000538,32.82000000,34.32000000,34.33000000,32.65000000,32935,238525624.00000000,5.11000000,4.32000000,1.42000000,0.32000000,云南白药
2015-12-15,000538,34.17000000,34.10000000,34.54000000,33.63000000,18146,132470437.00000000,2.65000000,-0.64000000,-0.22000000,0.17000000,云南白药
2015-12-16,000538,33.98000000,33.10000000,34.17000000,32.77000000,31101,224589721.00000000,4.11000000,-2.93000000,-1.00000000,0.30000000,云南白药
2015-12-17,000538,33.33000000,33.92000000,34.19000000,33.27000000,29804,216990420.00000000,2.78000000,2.48000000,0.82000000,0.29000000,云南白药
2015-12-18,000538,33.65000000,34.74000000,34.88000000,33.62000000,36937,272894784.00000000,3.71000000,2.42000000,0.82000000,0.35000000,云南白药
2015-12-21,000538,34.56000000,38.50000000,39.94000000,34.56000000,91861,726266576.00000000,15.49000000,10.82000000,3.76000000,0.88000000,云南白药
2015-12-22,000538,38.62000000,37.97000000,38.76000000,37.26000000,43150,337446928.00000000,3.90000000,-1.38000000,-0.53000000,0.41000000,云南白药
2015-12-23,000538,38.05000000,36.97000000,39.87000000,36.83000000,49680,392032832.00000000,8.01000000,-2.63000000,-1.00000000,0.48000000,云南白药
2015-12-24,000538,36.94000000,36.07000000,37.14000000,35.25000000,48987,370342352.00000000,5.11000000,-2.43000000,-0.90000000,0.47000000,云南白药
2015-12-25,000538,36.08000000,36.18000000,36.83000000,35.60000000,30630,232928750.00000000,3.41000000,0.30000000,0.11000000,0.29000000,云南白药
2015-12-28,000538,36.19000000,34.94000000,36.33000000,34.42000000,38196,285584288.00000000,5.28000000,-3.43000000,-1.24000000,0.37000000,云南白药
2015-12-29,000538,34.83000000,34.94000000,35.51000000,34.58000000,28279,210446513.00000000,2.66000000,0.00000000,0.00000000,0.27000000,云南白药
2015-12-30,000538,35.05000000,34.97000000,35.52000000,34.87000000,31450,234680789.00000000,1.86000000,0.09000000,0.03000000,0.30000000,云南白药
2015-12-31,000538,34.94000000,33.70000000,35.39000000,33.62000000,49988,367208720.00000000,5.06000000,-3.63000000,-1.27000000,0.48000000,云南白药
2016-01-04,000538,33.75000000,30.31000000,33.95000000,29.90000000,33695,239333875.00000000,12.02000000,-10.06000000,-3.39000000,0.32000000,云南白药
2016-01-05,000538,30.32000000,31.26000000,31.83000000,30.32000000,66274,455735888.00000000,4.98000000,3.13000000,0.95000000,0.64000000,云南白药
2016-01-06,000538,31.33000000,31.33000000,31.33000000,30.62000000,46262,318648640.00000000,2.27000000,0.22000000,0.07000000,0.44000000,云南白药
2016-01-07,000538,30.83000000,27.96000000,30.83000000,27.88000000,15036,99516638.00000000,9.42000000,-10.76000000,-3.37000000,0.14000000,云南白药
2016-01-08,000538,28.97000000,28.61000000,29.69000000,27.56000000,67757,446697136.00000000,7.62000000,2.32000000,0.65000000,0.65000000,云南白药
2016-01-11,000538,28.30000000,27.12000000,28.96000000,26.84000000,44677,288658720.00000000,7.41000000,-5.21000000,-1.49000000,0.43000000,云南白药
2016-01-12,000538,27.22000000,27.23000000,27.72000000,26.84000000,44418,282561936.00000000,3.24000000,0.41000000,0.11000000,0.43000000,云南白药
2016-01-13,000538,27.50000000,25.66000000,27.50000000,25.40000000,56181,352276576.00000000,7.71000000,-5.77000000,-1.57000000,0.54000000,云南白药
2016-01-14,000538,24.95000000,26.27000000,26.62000000,24.62000000,62532,382866560.00000000,7.79000000,2.38000000,0.61000000,0.60000000,云南白药
2016-01-15,000538,25.68000000,24.83000000,26.25000000,24.69000000,62303,377852608.00000000,5.94000000,-5.48000000,-1.44000000,0.60000000,云南白药
2016-01-18,000538,24.55000000,25.49000000,25.57000000,24.06000000,43616,264647157.00000000,6.08000000,2.66000000,0.66000000,0.42000000,云南白药
2016-01-19,000538,25.47000000,26.33000000,26.55000000,24.87000000,64320,395368112.00000000,6.59000000,3.30000000,0.84000000,0.62000000,云南白药
2016-01-20,000538,26.10000000,25.12000000,26.27000000,25.03000000,42583,261069650.00000000,4.71000000,-4.60000000,-1.21000000,0.41000000,云南白药
2016-01-21,000538,24.62000000,24.19000000,25.56000000,24.19000000,30126,181699084.00000000,5.45000000,-3.70000000,-0.93000000,0.29000000,云南白药
2016-01-22,000538,24.42000000,24.19000000,24.80000000,23.55000000,51564,304462144.00000000,5.17000000,0.00000000,0.00000000,0.50000000,云南白药
2016-01-25,000538,24.55000000,25.22000000,25.47000000,24.19000000,43507,262533149.00000000,5.29000000,4.26000000,1.03000000,0.42000000,云南白药
2016-01-26,000538,24.87000000,23.28000000,25.05000000,23.26000000,54052,321723360.00000000,7.10000000,-7.69000000,-1.94000000,0.52000000,云南白药
2016-01-27,000538,23.32000000,23.23000000,23.80000000,22.33000000,51712,297468352.00000000,6.31000000,-0.21000000,-0.05000000,0.50000000,云南白药
2016-01-28,000538,23.05000000,23.23000000,23.78000000,22.77000000,28627,166353757.00000000,4.35000000,0.00000000,0.00000000,0.27000000,云南白药
2016-01-29,000538,23.33000000,24.68000000,24.77000000,23.26000000,28795,171229639.00000000,6.50000000,6.24000000,1.45000000,0.28000000,云南白药
2016-02-01,000538,24.69000000,24.21000000,25.02000000,23.77000000,21746,129869396.00000000,5.06000000,-1.90000000,-0.47000000,0.21000000,云南白药
2016-02-02,000538,24.30000000,25.32000000,25.62000000,24.30000000,30480,185191187.00000000,5.45000000,4.58000000,1.11000000,0.29000000,云南白药
2016-02-03,000538,25.19000000,25.15000000,25.32000000,24.71000000,20677,125196384.00000000,2.41000000,-0.67000000,-0.17000000,0.20000000,云南白药
2016-02-04,000538,25.15000000,25.33000000,25.66000000,25.12000000,20863,127219340.00000000,2.15000000,0.72000000,0.18000000,0.20000000,云南白药
2016-02-05,000538,25.35000000,25.12000000,25.53000000,25.05000000,15975,97180503.00000000,1.89000000,-0.83000000,-0.21000000,0.15000000,云南白药
2016-02-15,000538,24.69000000,24.67000000,25.03000000,24.00000000,15032,90061376.00000000,4.10000000,-1.79000000,-0.45000000,0.14000000,云南白药
2016-02-16,000538,24.91000000,25.65000000,25.80000000,24.87000000,35131,214419527.00000000,3.77000000,3.97000000,0.98000000,0.34000000,云南白药
2016-02-17,000538,25.75000000,25.75000000,26.04000000,25.10000000,39268,240775214.00000000,3.66000000,0.39000000,0.10000000,0.38000000,云南白药
2016-02-18,000538,25.85000000,25.29000000,26.03000000,24.77000000,68754,418670896.00000000,4.89000000,-1.79000000,-0.46000000,0.66000000,云南白药
2016-02-19,000538,25.03000000,24.90000000,25.40000000,24.76000000,24754,149772403.00000000,2.53000000,-1.54000000,-0.39000000,0.24000000,云南白药
2016-02-22,000538,25.36000000,25.48000000,25.55000000,24.95000000,34740,211507458.00000000,2.41000000,2.33000000,0.58000000,0.33000000,云南白药
2016-02-23,000538,25.48000000,24.77000000,25.55000000,24.51000000,41525,250546718.00000000,4.08000000,-2.79000000,-0.71000000,0.40000000,云南白药
2016-02-24,000538,24.69000000,24.81000000,25.00000000,24.21000000,26229,157194195.00000000,3.19000000,0.16000000,0.04000000,0.25000000,云南白药
2016-02-25,000538,24.76000000,22.55000000,24.76000000,22.52000000,43894,256593002.00000000,9.03000000,-9.11000000,-2.26000000,0.42000000,云南白药
2016-02-26,000538,22.62000000,22.55000000,23.44000000,22.54000000,31819,183122155.00000000,3.99000000,0.00000000,0.00000000,0.31000000,云南白药
2016-02-29,000538,22.76000000,21.12000000,22.84000000,20.05000000,43776,240487947.00000000,12.37000000,-6.34000000,-1.43000000,0.42000000,云南白药
2016-03-01,000538,21.17000000,21.26000000,21.55000000,20.77000000,35561,196555830.00000000,3.69000000,0.66000000,0.14000000,0.34000000,云南白药
2016-03-02,000538,21.45000000,22.82000000,22.90000000,21.26000000,46835,264528560.00000000,7.71000000,7.34000000,1.56000000,0.45000000,云南白药
2016-03-03,000538,22.55000000,22.55000000,23.22000000,22.34000000,47696,273501856.00000000,3.86000000,-1.18000000,-0.27000000,0.46000000,云南白药
2016-03-04,000538,22.55000000,22.97000000,23.24000000,22.33000000,64518,370848192.00000000,4.04000000,1.86000000,0.42000000,0.62000000,云南白药
2016-03-07,000538,23.20000000,23.27000000,23.90000000,23.10000000,33045,192754480.00000000,3.48000000,1.31000000,0.30000000,0.32000000,云南白药
2016-03-08,000538,23.33000000,23.40000000,23.62000000,22.76000000,28960,167673485.00000000,3.70000000,0.56000000,0.13000000,0.28000000,云南白药
2016-03-09,000538,23.25000000,22.60000000,23.25000000,22.44000000,16178,92672953.00000000,3.46000000,-3.42000000,-0.80000000,0.16000000,云南白药
2016-03-10,000538,22.69000000,22.68000000,23.40000000,22.55000000,17048,98235879.00000000,3.76000000,0.35000000,0.08000000,0.16000000,云南白药
2016-03-11,000538,22.55000000,22.57000000,22.76000000,22.30000000,13969,79559882.00000000,2.03000000,-0.49000000,-0.11000000,0.13000000,云南白药
2016-03-14,000538,23.06000000,23.69000000,24.08000000,22.77000000,34889,204031333.00000000,5.80000000,4.96000000,1.12000000,0.34000000,云南白药
2016-03-15,000538,23.47000000,24.37000000,24.67000000,23.26000000,41444,244905938.00000000,5.95000000,2.87000000,0.68000000,0.40000000,云南白药
2016-03-16,000538,24.33000000,24.33000000,24.73000000,23.90000000,33146,197462569.00000000,3.41000000,-0.16000000,-0.04000000,0.32000000,云南白药
2016-03-17,000538,24.27000000,24.65000000,25.01000000,24.15000000,32340,193893951.00000000,3.53000000,1.32000000,0.32000000,0.31000000,云南白药
2016-03-18,000538,24.76000000,25.26000000,25.60000000,24.54000000,45422,274725744.00000000,4.30000000,2.47000000,0.61000000,0.44000000,云南白药
2016-03-21,000538,25.28000000,25.32000000,25.46000000,25.01000000,56977,346231104.00000000,1.78000000,0.24000000,0.06000000,0.55000000,云南白药
2016-03-22,000538,25.05000000,25.06000000,25.52000000,24.83000000,26006,157910734.00000000,2.73000000,-1.03000000,-0.26000000,0.25000000,云南白药
2016-03-23,000538,24.87000000,25.13000000,25.49000000,24.87000000,16554,100520279.00000000,2.47000000,0.28000000,0.07000000,0.16000000,云南白药
2016-03-24,000538,24.99000000,24.15000000,25.15000000,24.12000000,50941,304134096.00000000,4.10000000,-3.90000000,-0.98000000,0.49000000,云南白药
2016-03-25,000538,24.08000000,24.71000000,24.83000000,24.05000000,33229,198388024.00000000,3.23000000,2.32000000,0.56000000,0.32000000,云南白药
2016-03-28,000538,24.70000000,24.90000000,26.12000000,24.70000000,48060,293945904.00000000,5.75000000,0.77000000,0.19000000,0.46000000,云南白药
2016-03-29,000538,24.80000000,24.26000000,25.01000000,23.99000000,33776,200997416.00000000,4.10000000,-2.57000000,-0.64000000,0.32000000,云南白药
2016-03-30,000538,24.37000000,25.40000000,25.88000000,24.37000000,37144,225964191.00000000,6.22000000,4.70000000,1.14000000,0.36000000,云南白药
2016-03-31,000538,25.45000000,25.62000000,25.94000000,25.22000000,41730,255879479.00000000,2.83000000,0.87000000,0.22000000,0.40000000,云南白药
2016-04-01,000538,25.47000000,25.33000000,25.75000000,24.87000000,23549,143132827.00000000,3.43000000,-1.13000000,-0.29000000,0.23000000,云南白药
2016-04-05,000538,25.26000000,25.92000000,26.11000000,25.05000000,30380,186674265.00000000,4.18000000,2.33000000,0.59000000,0.29000000,云南白药
2016-04-06,000538,25.91000000,26.15000000,26.22000000,25.72000000,28890,178462698.00000000,1.93000000,0.89000000,0.23000000,0.28000000,云南白药
2016-04-07,000538,26.20000000,26.08000000,27.18000000,25.97000000,50296,315032288.00000000,4.63000000,-0.27000000,-0.07000000,0.48000000,云南白药
2016-04-08,000538,26.00000000,25.38000000,26.00000000,25.12000000,26746,163218022.00000000,3.37000000,-2.68000000,-0.70000000,0.26000000,云南白药
2016-04-11,000538,25.44000000,25.63000000,25.90000000,25.44000000,37316,229290879.00000000,1.81000000,0.99000000,0.25000000,0.36000000,云南白药
2016-04-12,000538,25.78000000,25.65000000,25.87000000,25.44000000,21052,129201232.00000000,1.68000000,0.08000000,0.02000000,0.20000000,云南白药
2016-04-13,000538,25.64000000,25.94000000,26.55000000,25.63000000,35657,221386063.00000000,3.59000000,1.13000000,0.29000000,0.34000000,云南白药
2016-04-14,000538,26.18000000,26.10000000,26.19000000,25.87000000,17169,106226533.00000000,1.23000000,0.62000000,0.16000000,0.16000000,云南白药
2016-04-15,000538,25.98000000,25.96000000,26.47000000,25.78000000,27465,169955211.00000000,2.64000000,-0.54000000,-0.14000000,0.26000000,云南白药
2016-04-18,000538,25.76000000,25.17000000,25.90000000,24.80000000,22616,137442112.00000000,4.24000000,-3.04000000,-0.79000000,0.22000000,云南白药
2016-04-19,000538,25.22000000,25.47000000,25.51000000,25.07000000,13546,82530443.00000000,1.75000000,1.19000000,0.30000000,0.13000000,云南白药
2016-04-20,000538,25.30000000,24.58000000,25.85000000,24.01000000,40211,241848080.00000000,7.22000000,-3.49000000,-0.89000000,0.39000000,云南白药
2016-04-21,000538,24.62000000,24.43000000,24.89000000,24.40000000,11087,66502014.00000000,1.99000000,-0.61000000,-0.15000000,0.11000000,云南白药
2016-04-22,000538,24.22000000,24.55000000,24.76000000,24.20000000,21641,129368678.00000000,2.29000000,0.49000000,0.12000000,0.21000000,云南白药
2016-04-25,000538,24.62000000,24.08000000,24.67000000,23.97000000,19499,115617689.00000000,2.85000000,-1.91000000,-0.47000000,0.19000000,云南白药
2016-04-26,000538,23.98000000,24.24000000,24.44000000,23.97000000,14373,85129863.00000000,1.95000000,0.66000000,0.16000000,0.14000000,云南白药
2016-04-27,000538,24.12000000,24.22000000,24.44000000,24.02000000,12899,76618198.00000000,1.73000000,-0.08000000,-0.02000000,0.12000000,云南白药
2016-04-28,000538,24.10000000,24.75000000,24.82000000,24.10000000,23551,140957823.00000000,2.97000000,2.19000000,0.53000000,0.23000000,云南白药
2016-04-29,000538,24.72000000,25.01000000,25.14000000,24.57000000,12023,72539593.00000000,2.30000000,1.05000000,0.26000000,0.12000000,云南白药
2016-05-03,000538,24.99000000,26.12000000,26.76000000,24.75000000,45772,284393984.00000000,8.04000000,4.44000000,1.11000000,0.44000000,云南白药
2016-05-04,000538,26.12000000,26.21000000,27.19000000,26.12000000,37210,233390605.00000000,4.10000000,0.34000000,0.09000000,0.36000000,云南白药
2016-05-05,000538,26.12000000,25.97000000,26.19000000,25.62000000,21321,131437056.00000000,2.17000000,-0.92000000,-0.24000000,0.20000000,云南白药
2016-05-06,000538,25.77000000,25.05000000,26.00000000,24.97000000,20837,126936897.00000000,3.97000000,-3.54000000,-0.92000000,0.20000000,云南白药
2016-05-09,000538,24.42000000,24.51000000,24.99000000,24.19000000,22662,135451045.00000000,3.19000000,-2.16000000,-0.54000000,0.22000000,云南白药
2016-05-10,000538,24.40000000,24.03000000,24.72000000,23.80000000,25669,152494675.00000000,3.75000000,-1.96000000,-0.48000000,0.25000000,云南白药
2016-05-11,000538,24.03000000,25.70000000,27.01000000,24.03000000,84911,524771264.00000000,12.40000000,6.95000000,1.67000000,0.82000000,云南白药
2016-05-12,000538,25.26000000,26.15000000,26.40000000,24.94000000,40646,250591742.00000000,5.68000000,1.75000000,0.45000000,0.39000000,云南白药
2016-05-13,000538,25.94000000,26.03000000,26.81000000,25.68000000,34603,214498388.00000000,4.32000000,-0.46000000,-0.12000000,0.33000000,云南白药
2016-05-16,000538,25.77000000,26.84000000,26.97000000,25.77000000,45026,282408992.00000000,4.61000000,3.11000000,0.81000000,0.43000000,云南白药
2016-05-17,000538,26.90000000,26.47000000,27.10000000,26.24000000,25553,159841811.00000000,3.20000000,-1.38000000,-0.37000000,0.25000000,云南白药
2016-05-18,000538,26.15000000,26.96000000,26.97000000,25.76000000,38440,239018182.00000000,4.57000000,1.85000000,0.49000000,0.37000000,云南白药
2016-05-19,000538,26.76000000,26.12000000,27.17000000,25.97000000,32251,201960889.00000000,4.45000000,-3.12000000,-0.84000000,0.31000000,云南白药
2016-05-20,000538,25.79000000,26.17000000,26.35000000,25.53000000,21177,130660874.00000000,3.14000000,0.19000000,0.05000000,0.20000000,云南白药
2016-05-23,000538,26.20000000,25.90000000,26.32000000,25.70000000,31395,193559028.00000000,2.37000000,-1.03000000,-0.27000000,0.30000000,云南白药
2016-05-24,000538,25.89000000,25.95000000,26.30000000,25.68000000,26198,161805796.00000000,2.39000000,0.19000000,0.05000000,0.25000000,云南白药
2016-05-25,000538,26.01000000,25.69000000,26.58000000,25.69000000,20564,127288169.00000000,3.43000000,-1.00000000,-0.26000000,0.20000000,云南白药
2016-05-26,000538,25.64000000,25.64000000,25.92000000,25.32000000,17371,106184175.00000000,2.34000000,-0.19000000,-0.05000000,0.17000000,云南白药
2016-05-27,000538,25.53000000,25.67000000,26.03000000,25.42000000,12868,79077572.00000000,2.38000000,0.12000000,0.03000000,0.12000000,云南白药
2016-05-30,000538,25.69000000,25.32000000,25.76000000,25.09000000,13740,83770275.00000000,2.61000000,-1.36000000,-0.35000000,0.13000000,云南白药
2016-05-31,000538,25.40000000,26.42000000,26.71000000,25.32000000,61770,383182768.00000000,5.49000000,4.34000000,1.10000000,0.59000000,云南白药
2016-06-01,000538,26.35000000,26.26000000,26.54000000,26.12000000,39586,246471747.00000000,1.59000000,-0.61000000,-0.16000000,0.38000000,云南白药
2016-06-02,000538,26.23000000,26.45000000,26.55000000,26.12000000,24415,152140345.00000000,1.64000000,0.72000000,0.19000000,0.23000000,云南白药
2016-06-03,000538,26.82000000,27.73000000,28.05000000,26.49000000,72034,460636336.00000000,5.90000000,4.84000000,1.28000000,0.69000000,云南白药
2016-06-06,000538,28.15000000,27.53000000,28.24000000,27.30000000,36443,233871905.00000000,3.39000000,-0.72000000,-0.20000000,0.35000000,云南白药
2016-06-07,000538,27.88000000,27.76000000,28.10000000,27.40000000,29099,186843225.00000000,2.54000000,0.84000000,0.23000000,0.28000000,云南白药
2016-06-08,000538,27.76000000,27.67000000,28.21000000,27.43000000,33549,215678362.00000000,2.81000000,-0.32000000,-0.09000000,0.32000000,云南白药
2016-06-13,000538,27.18000000,26.25000000,27.37000000,26.17000000,33164,208728730.00000000,4.34000000,-5.13000000,-1.42000000,0.32000000,云南白药
2016-06-14,000538,26.25000000,26.40000000,26.61000000,26.12000000,16954,105685777.00000000,1.87000000,0.57000000,0.15000000,0.16000000,云南白药
2016-06-15,000538,26.52000000,26.74000000,26.90000000,25.75000000,46047,285535712.00000000,4.36000000,1.29000000,0.34000000,0.44000000,云南白药
2016-06-16,000538,26.73000000,26.17000000,26.73000000,26.12000000,31189,192443542.00000000,2.28000000,-2.13000000,-0.57000000,0.30000000,云南白药
2016-06-17,000538,26.15000000,26.46000000,26.76000000,26.12000000,31377,194342978.00000000,2.45000000,1.11000000,0.29000000,0.30000000,云南白药
2016-06-20,000538,26.40000000,26.70000000,26.83000000,26.03000000,29450,182179908.00000000,3.02000000,0.91000000,0.24000000,0.28000000,云南白药
2016-06-21,000538,26.92000000,26.34000000,27.12000000,26.27000000,28964,180409940.00000000,3.18000000,-1.35000000,-0.36000000,0.28000000,云南白药
2016-06-22,000538,26.45000000,27.23000000,27.47000000,26.19000000,28942,180894781.00000000,4.86000000,3.38000000,0.89000000,0.28000000,云南白药
2016-06-23,000538,27.26000000,27.02000000,27.47000000,26.87000000,22563,141609384.00000000,2.20000000,-0.77000000,-0.21000000,0.22000000,云南白药
2016-06-24,000538,26.99000000,26.60000000,27.23000000,25.56000000,35061,216848171.00000000,6.18000000,-1.55000000,-0.42000000,0.34000000,云南白药
2016-06-27,000538,26.47000000,27.40000000,27.44000000,26.26000000,34398,215896871.00000000,4.44000000,3.01000000,0.80000000,0.33000000,云南白药
2016-06-28,000538,27.19000000,28.13000000,28.65000000,27.10000000,74227,474899536.00000000,5.66000000,2.66000000,0.73000000,0.71000000,云南白药
2016-06-29,000538,28.22000000,28.09000000,28.45000000,27.77000000,50915,326550688.00000000,2.42000000,-0.14000000,-0.04000000,0.49000000,云南白药
2016-06-30,000538,28.18000000,28.19000000,29.00000000,27.97000000,36206,234559741.00000000,3.67000000,0.36000000,0.10000000,0.35000000,云南白药
2016-07-01,000538,28.33000000,27.70000000,28.38000000,27.62000000,28971,185183534.00000000,2.70000000,-1.74000000,-0.49000000,0.28000000,云南白药
2016-07-04,000538,27.62000000,28.14000000,28.52000000,27.26000000,33984,217545714.00000000,4.55000000,1.59000000,0.44000000,0.33000000,云南白药
2016-07-05,000538,28.20000000,28.40000000,28.62000000,28.19000000,34305,221509648.00000000,1.53000000,0.92000000,0.26000000,0.33000000,云南白药
2016-07-06,000538,28.52000000,29.94000000,30.10000000,27.97000000,68424,451458352.00000000,7.50000000,5.42000000,1.54000000,0.66000000,云南白药
2016-07-07,000538,30.24000000,30.62000000,32.45000000,30.03000000,117415,806972864.00000000,8.08000000,2.27000000,0.68000000,1.13000000,云南白药
2016-07-08,000538,30.37000000,30.09000000,30.62000000,29.77000000,47332,316916752.00000000,2.78000000,-1.73000000,-0.53000000,0.45000000,云南白药
2016-07-11,000538,30.30000000,31.82000000,32.75000000,30.12000000,103133,715165024.00000000,8.74000000,5.75000000,1.73000000,0.99000000,云南白药
2016-07-12,000538,31.34000000,33.10000000,33.87000000,31.34000000,112656,798377920.00000000,7.95000000,4.02000000,1.28000000,1.08000000,云南白药
2016-07-13,000538,32.62000000,32.97000000,33.61000000,32.37000000,56503,399621056.00000000,3.75000000,-0.39000000,-0.13000000,0.54000000,云南白药
2016-07-14,000538,32.97000000,32.50000000,33.07000000,32.26000000,29139,205117225.00000000,2.46000000,-1.43000000,-0.47000000,0.28000000,云南白药
2016-07-15,000538,32.48000000,32.40000000,32.74000000,31.55000000,49752,347076480.00000000,3.66000000,-0.31000000,-0.10000000,0.48000000,云南白药
2016-07-18,000538,31.98000000,31.71000000,32.40000000,31.70000000,30125,209388359.00000000,2.16000000,-2.13000000,-0.69000000,0.29000000,云南白药
2016-12-30,000538,36.65000000,36.65000000,36.65000000,36.65000000,21193,161382715.00000000,0.00000000,15.58000000,4.94000000,0.20000000,云南白药
2017-01-03,000538,38.60000000,34.88000000,38.69000000,33.76000000,281397,2113998400.00000000,13.45000000,-4.83000000,-1.77000000,2.70000000,云南白药
2017-01-04,000538,34.77000000,35.05000000,35.59000000,34.42000000,154006,1138143664.00000000,3.35000000,0.49000000,0.17000000,1.48000000,云南白药
2017-01-05,000538,35.02000000,33.97000000,35.40000000,33.84000000,115365,844693744.00000000,4.45000000,-3.08000000,-1.08000000,1.11000000,云南白药
2017-01-06,000538,33.80000000,34.34000000,36.05000000,33.13000000,133164,977096096.00000000,8.60000000,1.09000000,0.37000000,1.28000000,云南白药
2017-01-09,000538,34.34000000,35.85000000,36.97000000,34.34000000,149403,1120987024.00000000,7.66000000,4.40000000,1.51000000,1.43000000,云南白药
2017-01-10,000538,36.53000000,35.54000000,36.53000000,35.30000000,52405,392344208.00000000,3.43000000,-0.86000000,-0.31000000,0.50000000,云南白药
2017-01-11,000538,35.41000000,34.90000000,36.80000000,34.83000000,68302,512809264.00000000,5.54000000,-1.80000000,-0.64000000,0.66000000,云南白药
2017-01-12,000538,34.69000000,34.17000000,35.22000000,33.92000000,54115,395270016.00000000,3.72000000,-2.09000000,-0.73000000,0.52000000,云南白药
2017-01-13,000538,34.17000000,33.30000000,34.37000000,33.06000000,71474,512682048.00000000,3.83000000,-2.55000000,-0.87000000,0.69000000,云南白药
2017-01-16,000538,33.17000000,33.43000000,34.33000000,32.66000000,76614,550093296.00000000,5.02000000,0.39000000,0.13000000,0.74000000,云南白药
2017-01-17,000538,33.40000000,34.33000000,34.46000000,33.20000000,56677,412361968.00000000,3.77000000,2.69000000,0.90000000,0.54000000,云南白药
2017-01-18,000538,33.97000000,34.90000000,35.60000000,33.97000000,53103,393090112.00000000,4.75000000,1.66000000,0.57000000,0.51000000,云南白药
2017-01-19,000538,35.03000000,34.80000000,35.55000000,34.70000000,28694,211757597.00000000,2.44000000,-0.29000000,-0.10000000,0.28000000,云南白药
2017-01-20,000538,34.94000000,35.50000000,35.92000000,34.94000000,35259,263480619.00000000,2.82000000,2.01000000,0.70000000,0.34000000,云南白药
2017-01-23,000538,35.51000000,34.80000000,35.96000000,34.72000000,38274,284209872.00000000,3.49000000,-1.97000000,-0.70000000,0.37000000,云南白药
2017-01-24,000538,34.83000000,34.53000000,35.25000000,34.20000000,33251,243737506.00000000,3.02000000,-0.78000000,-0.27000000,0.32000000,云南白药
2017-01-25,000538,34.89000000,35.15000000,35.19000000,34.47000000,28196,208068571.00000000,2.09000000,1.80000000,0.62000000,0.27000000,云南白药
2017-01-26,000538,35.22000000,36.12000000,36.72000000,35.20000000,52150,393335424.00000000,4.32000000,2.76000000,0.97000000,0.50000000,云南白药
2017-02-03,000538,36.19000000,37.44000000,38.23000000,36.14000000,51184,394992272.00000000,5.79000000,3.65000000,1.32000000,0.49000000,云南白药
2017-02-06,000538,37.44000000,37.05000000,38.53000000,36.88000000,50272,390869584.00000000,4.41000000,-1.04000000,-0.39000000,0.48000000,云南白药
2017-02-07,000538,37.28000000,37.12000000,37.44000000,36.55000000,25574,195780137.00000000,2.40000000,0.19000000,0.07000000,0.25000000,云南白药
2017-02-08,000538,37.08000000,36.65000000,37.08000000,36.16000000,35260,267388963.00000000,2.48000000,-1.27000000,-0.47000000,0.34000000,云南白药
2017-02-09,000538,36.55000000,36.70000000,36.97000000,36.35000000,24010,182706542.00000000,1.69000000,0.14000000,0.05000000,0.23000000,云南白药
2017-02-10,000538,36.90000000,36.22000000,36.95000000,36.20000000,32838,249310537.00000000,2.04000000,-1.31000000,-0.48000000,0.32000000,云南白药
2017-02-13,000538,36.17000000,37.15000000,37.15000000,35.65000000,38838,294876800.00000000,4.14000000,2.57000000,0.93000000,0.37000000,云南白药
2017-02-14,000538,37.15000000,37.22000000,37.62000000,36.69000000,24841,191087765.00000000,2.50000000,0.19000000,0.07000000,0.24000000,云南白药
2017-02-15,000538,37.22000000,36.58000000,37.40000000,36.56000000,24553,188494414.00000000,2.26000000,-1.72000000,-0.64000000,0.24000000,云南白药
2017-02-16,000538,36.65000000,37.30000000,37.30000000,36.39000000,24595,188803350.00000000,2.49000000,1.97000000,0.72000000,0.24000000,云南白药
2017-02-17,000538,37.36000000,37.26000000,37.83000000,36.55000000,24761,191055495.00000000,3.43000000,-0.11000000,-0.04000000,0.24000000,云南白药
2017-02-20,000538,37.16000000,37.80000000,38.97000000,36.97000000,70856,555922432.00000000,5.37000000,1.45000000,0.54000000,0.68000000,云南白药
2017-02-21,000538,38.20000000,38.62000000,39.25000000,38.13000000,71802,567309552.00000000,2.96000000,2.17000000,0.82000000,0.69000000,云南白药
2017-02-22,000538,38.85000000,38.72000000,39.04000000,38.15000000,35897,283486912.00000000,2.30000000,0.26000000,0.10000000,0.34000000,云南白药
2017-02-23,000538,38.69000000,38.33000000,38.70000000,38.12000000,28851,226534515.00000000,1.50000000,-1.01000000,-0.39000000,0.28000000,云南白药
2017-02-24,000538,38.26000000,38.38000000,39.22000000,38.15000000,25802,203747862.00000000,2.79000000,0.13000000,0.05000000,0.25000000,云南白药
2017-02-27,000538,37.98000000,37.45000000,38.37000000,37.05000000,39239,302997760.00000000,3.44000000,-2.42000000,-0.93000000,0.38000000,云南白药
2017-02-28,000538,37.40000000,37.02000000,37.73000000,36.81000000,24553,188654029.00000000,2.46000000,-1.15000000,-0.43000000,0.24000000,云南白药
2017-03-01,000538,36.98000000,36.83000000,37.57000000,36.56000000,29169,223437838.00000000,2.73000000,-0.51000000,-0.19000000,0.28000000,云南白药
2017-03-02,000538,36.83000000,37.02000000,37.33000000,36.59000000,23050,176510687.00000000,2.01000000,0.52000000,0.19000000,0.22000000,云南白药
2017-03-03,000538,36.83000000,36.80000000,37.02000000,36.53000000,30911,235770943.00000000,1.32000000,-0.59000000,-0.22000000,0.30000000,云南白药
2017-03-06,000538,36.65000000,36.85000000,37.15000000,36.55000000,28997,221601185.00000000,1.63000000,0.14000000,0.05000000,0.28000000,云南白药
2017-03-07,000538,36.83000000,37.40000000,37.45000000,36.62000000,23912,183372997.00000000,2.25000000,1.49000000,0.55000000,0.23000000,云南白药
2017-03-08,000538,37.40000000,36.94000000,37.55000000,36.87000000,30966,237401947.00000000,1.82000000,-1.23000000,-0.46000000,0.30000000,云南白药
2017-03-09,000538,36.70000000,36.29000000,36.97000000,36.24000000,34344,260495865.00000000,1.98000000,-1.76000000,-0.65000000,0.33000000,云南白药
2017-03-10,000538,36.30000000,37.15000000,37.19000000,36.26000000,29554,226214633.00000000,2.56000000,2.37000000,0.86000000,0.28000000,云南白药
2017-03-13,000538,37.15000000,37.42000000,37.57000000,36.70000000,35254,271833952.00000000,2.34000000,0.73000000,0.27000000,0.34000000,云南白药
2017-03-14,000538,37.43000000,37.12000000,37.59000000,36.93000000,24141,185791433.00000000,1.76000000,-0.80000000,-0.30000000,0.23000000,云南白药
2017-03-15,000538,37.16000000,38.33000000,38.40000000,36.97000000,54139,420591280.00000000,3.85000000,3.26000000,1.21000000,0.52000000,云南白药
2017-03-16,000538,38.33000000,38.07000000,38.90000000,37.87000000,35323,276650112.00000000,2.69000000,-0.68000000,-0.26000000,0.34000000,云南白药
2017-03-17,000538,38.08000000,37.80000000,38.82000000,37.70000000,29717,232627498.00000000,2.94000000,-0.71000000,-0.27000000,0.29000000,云南白药
2017-03-20,000538,37.90000000,39.62000000,39.75000000,37.90000000,59912,475959008.00000000,4.89000000,4.81000000,1.82000000,0.58000000,云南白药
2017-03-21,000538,39.53000000,42.26000000,42.97000000,39.33000000,90907,755843216.00000000,9.19000000,6.66000000,2.64000000,0.87000000,云南白药
2017-03-22,000538,41.76000000,45.73000000,45.76000000,41.64000000,118374,1025491632.00000000,9.75000000,8.21000000,3.47000000,1.14000000,云南白药
2017-03-23,000538,45.25000000,44.46000000,45.73000000,43.69000000,85993,750812656.00000000,4.46000000,-2.78000000,-1.27000000,0.83000000,云南白药
2017-03-24,000538,44.48000000,44.48000000,44.97000000,43.92000000,48044,417832768.00000000,2.36000000,0.04000000,0.02000000,0.46000000,云南白药
2017-03-27,000538,44.51000000,43.12000000,44.60000000,42.97000000,62968,540198944.00000000,3.66000000,-3.06000000,-1.36000000,0.60000000,云南白药
2017-03-28,000538,43.12000000,43.79000000,44.20000000,42.40000000,43668,373597920.00000000,4.17000000,1.55000000,0.67000000,0.42000000,云南白药
2017-03-29,000538,43.72000000,43.62000000,44.10000000,43.01000000,29825,255725245.00000000,2.49000000,-0.39000000,-0.17000000,0.29000000,云南白药
2017-03-30,000538,43.39000000,43.04000000,43.42000000,41.47000000,54532,460731296.00000000,4.47000000,-1.33000000,-0.58000000,0.52000000,云南白药
2017-03-31,000538,42.67000000,43.06000000,43.47000000,42.44000000,29848,253992138.00000000,2.39000000,0.05000000,0.02000000,0.29000000,云南白药
2017-04-05,000538,43.05000000,43.06000000,44.90000000,42.80000000,95166,815655488.00000000,4.88000000,0.00000000,0.00000000,0.91000000,云南白药
2017-04-06,000538,42.83000000,43.47000000,43.53000000,42.15000000,42988,364482496.00000000,3.20000000,0.95000000,0.41000000,0.41000000,云南白药
2017-04-07,000538,43.25000000,44.04000000,44.04000000,42.83000000,28875,247270089.00000000,2.78000000,1.31000000,0.57000000,0.28000000,云南白药
2017-04-10,000538,44.05000000,42.62000000,44.36000000,42.53000000,40153,342889680.00000000,4.16000000,-3.22000000,-1.42000000,0.39000000,云南白药
2017-04-11,000538,42.39000000,41.22000000,42.41000000,40.35000000,63706,526269488.00000000,4.83000000,-3.28000000,-1.40000000,0.61000000,云南白药
2017-04-12,000538,41.19000000,40.85000000,41.55000000,40.38000000,39332,323697888.00000000,2.84000000,-0.90000000,-0.37000000,0.38000000,云南白药
2017-04-13,000538,41.04000000,42.73000000,42.97000000,40.85000000,39528,331543632.00000000,5.19000000,4.60000000,1.88000000,0.38000000,云南白药
2017-04-14,000538,42.73000000,42.53000000,43.23000000,42.19000000,29432,248910119.00000000,2.43000000,-0.47000000,-0.20000000,0.28000000,云南白药
2017-04-17,000538,42.54000000,43.12000000,43.83000000,42.42000000,27458,233914744.00000000,3.32000000,1.39000000,0.59000000,0.26000000,云南白药
2017-04-18,000538,43.11000000,43.57000000,44.90000000,43.11000000,69142,598029616.00000000,4.15000000,1.04000000,0.45000000,0.66000000,云南白药
2017-04-19,000538,43.62000000,44.15000000,44.47000000,42.97000000,43795,377743632.00000000,3.44000000,1.33000000,0.58000000,0.42000000,云南白药
2017-04-20,000538,44.35000000,47.51000000,47.71000000,44.15000000,103124,927800160.00000000,8.06000000,7.61000000,3.36000000,0.99000000,云南白药
2017-04-21,000538,47.47000000,46.18000000,47.60000000,45.17000000,67797,608845200.00000000,5.11000000,-2.80000000,-1.33000000,0.65000000,云南白药
2017-04-24,000538,44.41000000,43.62000000,45.12000000,41.94000000,69115,595717152.00000000,6.89000000,-5.54000000,-2.56000000,0.66000000,云南白药
2017-04-27,000538,43.69000000,44.69000000,46.09000000,43.02000000,68015,595295440.00000000,7.04000000,2.45000000,1.07000000,0.65000000,云南白药
2017-04-28,000538,44.49000000,43.33000000,45.76000000,42.97000000,48624,420408048.00000000,6.24000000,-3.04000000,-1.36000000,0.47000000,云南白药
2017-05-02,000538,42.26000000,43.47000000,43.68000000,40.14000000,59267,493548640.00000000,8.17000000,0.32000000,0.14000000,0.57000000,云南白药
2017-05-03,000538,42.19000000,43.35000000,44.26000000,42.12000000,31503,269848640.00000000,4.92000000,-0.28000000,-0.12000000,0.30000000,云南白药
2017-05-04,000538,43.35000000,43.35000000,43.90000000,42.36000000,42699,364080576.00000000,3.55000000,0.00000000,0.00000000,0.41000000,云南白药
2017-05-05,000538,43.12000000,41.76000000,43.12000000,41.55000000,38600,323685360.00000000,3.62000000,-3.67000000,-1.59000000,0.37000000,云南白药
2017-05-08,000538,41.65000000,41.75000000,41.94000000,41.46000000,26624,221382601.00000000,1.15000000,-0.02000000,-0.01000000,0.26000000,云南白药
2017-05-09,000538,41.58000000,41.87000000,42.39000000,40.91000000,28192,234971987.00000000,3.54000000,0.29000000,0.12000000,0.27000000,云南白药
2017-05-10,000538,42.21000000,43.30000000,43.75000000,41.90000000,49488,421716256.00000000,4.42000000,3.42000000,1.43000000,0.48000000,云南白药
2017-05-11,000538,43.30000000,44.40000000,44.77000000,42.59000000,41890,361865920.00000000,5.03000000,2.54000000,1.10000000,0.40000000,云南白药
2017-05-12,000538,44.19000000,44.30000000,45.02000000,43.95000000,28593,249816695.00000000,2.41000000,-0.23000000,-0.10000000,0.27000000,云南白药
2017-05-15,000538,44.47000000,44.94000000,45.05000000,43.99000000,26320,230140026.00000000,2.39000000,1.44000000,0.64000000,0.25000000,云南白药
2017-05-16,000538,45.47000000,45.67000000,45.97000000,44.51000000,43379,384111680.00000000,3.25000000,1.62000000,0.73000000,0.42000000,云南白药
2017-05-17,000538,45.69000000,44.37000000,46.07000000,44.33000000,33319,294015664.00000000,3.81000000,-2.85000000,-1.30000000,0.32000000,云南白药
2017-05-18,000538,44.25000000,44.77000000,45.26000000,44.05000000,21747,190078822.00000000,2.73000000,0.90000000,0.40000000,0.21000000,云南白药
2017-05-19,000538,44.40000000,46.15000000,46.22000000,44.30000000,32953,292166928.00000000,4.29000000,3.08000000,1.38000000,0.32000000,云南白药
2017-05-22,000538,46.05000000,46.60000000,47.60000000,45.84000000,41343,374203264.00000000,3.81000000,0.98000000,0.45000000,0.40000000,云南白药
2017-05-23,000538,46.64000000,47.68000000,47.96000000,46.64000000,60231,550004384.00000000,2.83000000,2.32000000,1.08000000,0.58000000,云南白药
2017-05-24,000538,47.76000000,46.52000000,47.76000000,45.32000000,51621,465332832.00000000,5.12000000,-2.43000000,-1.16000000,0.50000000,云南白药
2017-05-25,000538,46.40000000,45.90000000,47.47000000,45.84000000,41200,370610496.00000000,3.50000000,-1.33000000,-0.62000000,0.40000000,云南白药
2017-05-26,000538,45.90000000,45.69000000,46.33000000,45.16000000,35899,319292992.00000000,2.55000000,-0.46000000,-0.21000000,0.34000000,云南白药
2017-05-31,000538,46.05000000,45.60000000,46.17000000,44.89000000,31226,276052256.00000000,2.80000000,-0.20000000,-0.09000000,0.30000000,云南白药
2017-06-01,000538,45.60000000,47.15000000,47.37000000,45.46000000,46634,420364928.00000000,4.19000000,3.40000000,1.55000000,0.45000000,云南白药
2017-06-02,000538,46.90000000,46.76000000,47.01000000,46.05000000,29965,269592400.00000000,2.04000000,-0.83000000,-0.39000000,0.29000000,云南白药
2017-06-05,000538,46.60000000,45.19000000,46.62000000,45.03000000,44929,396743824.00000000,3.40000000,-3.36000000,-1.57000000,0.43000000,云南白药
2017-06-06,000538,45.20000000,45.87000000,45.95000000,44.89000000,26301,232747386.00000000,2.35000000,1.50000000,0.68000000,0.25000000,云南白药
2017-06-07,000538,46.65000000,46.58000000,47.67000000,46.26000000,63662,576505360.00000000,3.07000000,1.55000000,0.71000000,0.61000000,云南白药
2017-06-08,000538,46.55000000,50.10000000,50.47000000,46.21000000,103230,966589328.00000000,9.15000000,7.56000000,3.52000000,0.99000000,云南白药
2017-06-09,000538,50.25000000,49.27000000,50.33000000,48.96000000,52828,498860464.00000000,2.73000000,-1.66000000,-0.83000000,0.51000000,云南白药
2017-06-12,000538,49.08000000,50.69000000,51.90000000,48.90000000,74956,718505472.00000000,6.09000000,2.88000000,1.42000000,0.72000000,云南白药
2017-06-13,000538,50.69000000,51.58000000,51.83000000,50.47000000,54270,524152560.00000000,2.68000000,1.76000000,0.89000000,0.52000000,云南白药
2017-06-14,000538,51.40000000,49.33000000,51.40000000,49.33000000,61526,583671264.00000000,4.01000000,-4.36000000,-2.25000000,0.59000000,云南白药
2017-06-15,000538,49.32000000,49.10000000,49.55000000,47.83000000,46889,435393664.00000000,3.49000000,-0.47000000,-0.23000000,0.45000000,云南白药
2017-06-16,000538,48.87000000,48.63000000,49.65000000,48.53000000,43745,407891584.00000000,2.28000000,-0.96000000,-0.47000000,0.42000000,云南白药
2017-06-19,000538,48.83000000,48.95000000,49.37000000,48.53000000,40323,375996416.00000000,1.73000000,0.66000000,0.32000000,0.39000000,云南白药
2017-06-20,000538,48.95000000,48.42000000,49.10000000,47.82000000,51150,472025648.00000000,2.61000000,-1.08000000,-0.53000000,0.49000000,云南白药
2017-06-21,000538,49.05000000,50.27000000,50.35000000,48.13000000,57051,533522496.00000000,4.58000000,3.82000000,1.85000000,0.55000000,云南白药
2017-06-22,000538,50.11000000,49.40000000,50.55000000,49.22000000,60480,571824528.00000000,2.65000000,-1.73000000,-0.87000000,0.58000000,云南白药
2017-06-23,000538,49.41000000,50.34000000,50.47000000,48.26000000,64280,602073728.00000000,4.47000000,1.90000000,0.94000000,0.62000000,云南白药
2017-06-26,000538,50.11000000,51.15000000,51.40000000,49.62000000,77375,739630080.00000000,3.54000000,1.61000000,0.81000000,0.74000000,云南白药
2017-06-27,000538,51.00000000,51.05000000,51.32000000,50.48000000,34658,332923312.00000000,1.64000000,-0.20000000,-0.10000000,0.33000000,云南白药
2017-06-28,000538,50.92000000,49.12000000,50.96000000,48.72000000,72183,678825952.00000000,4.39000000,-3.78000000,-1.93000000,0.69000000,云南白药
2017-06-29,000538,49.15000000,48.97000000,49.47000000,48.22000000,44559,415362496.00000000,2.54000000,-0.31000000,-0.15000000,0.43000000,云南白药
2017-06-30,000538,49.10000000,49.30000000,49.50000000,48.33000000,35045,327858048.00000000,2.39000000,0.67000000,0.33000000,0.34000000,云南白药
2017-07-03,000538,49.30000000,47.41000000,49.31000000,47.30000000,71121,653951312.00000000,4.08000000,-3.83000000,-1.89000000,0.68000000,云南白药
2017-07-04,000538,47.35000000,46.23000000,47.37000000,46.02000000,75348,676884848.00000000,2.85000000,-2.49000000,-1.18000000,0.72000000,云南白药
2017-07-05,000538,46.26000000,47.55000000,47.66000000,46.07000000,55765,505197808.00000000,3.44000000,2.86000000,1.32000000,0.54000000,云南白药
2017-07-06,000538,47.12000000,46.97000000,47.19000000,46.13000000,50650,456583936.00000000,2.23000000,-1.22000000,-0.58000000,0.49000000,云南白药
2017-07-07,000538,46.72000000,46.85000000,46.90000000,46.17000000,25930,233087375.00000000,1.55000000,-0.26000000,-0.12000000,0.25000000,云南白药
2017-07-10,000538,46.76000000,46.93000000,47.30000000,46.26000000,24430,220801226.00000000,2.22000000,0.17000000,0.08000000,0.23000000,云南白药
2017-07-11,000538,46.57000000,47.47000000,47.72000000,46.51000000,36052,327756960.00000000,2.58000000,1.15000000,0.54000000,0.35000000,云南白药
2017-07-12,000538,47.23000000,46.67000000,47.47000000,46.46000000,28599,258432562.00000000,2.13000000,-1.69000000,-0.80000000,0.27000000,云南白药
2017-07-13,000538,46.65000000,47.05000000,47.06000000,46.40000000,26260,236964611.00000000,1.41000000,0.81000000,0.38000000,0.25000000,云南白药
2017-07-14,000538,46.97000000,47.17000000,47.26000000,46.44000000,20451,184943240.00000000,1.74000000,0.26000000,0.12000000,0.20000000,云南白药
2017-07-17,000538,47.01000000,46.33000000,47.01000000,44.41000000,49667,446087552.00000000,5.51000000,-1.78000000,-0.84000000,0.48000000,云南白药
2017-07-18,000538,46.22000000,46.33000000,46.62000000,45.90000000,27662,245966175.00000000,1.55000000,0.00000000,0.00000000,0.27000000,云南白药
2017-07-19,000538,46.32000000,46.62000000,47.60000000,45.90000000,29797,267346385.00000000,3.67000000,0.63000000,0.29000000,0.29000000,云南白药
2017-07-20,000538,46.72000000,48.26000000,48.40000000,46.47000000,37361,339239936.00000000,4.14000000,3.52000000,1.64000000,0.36000000,云南白药
2017-07-21,000538,47.97000000,47.72000000,48.19000000,47.58000000,23273,211720595.00000000,1.26000000,-1.12000000,-0.54000000,0.22000000,云南白药
2017-07-24,000538,48.02000000,47.49000000,48.22000000,47.49000000,25620,233155073.00000000,1.53000000,-0.48000000,-0.23000000,0.25000000,云南白药
2017-07-25,000538,47.49000000,47.01000000,47.94000000,46.88000000,38842,349479392.00000000,2.23000000,-1.01000000,-0.48000000,0.37000000,云南白药
2017-07-26,000538,46.84000000,45.39000000,47.10000000,45.12000000,51036,451371456.00000000,4.21000000,-3.45000000,-1.62000000,0.49000000,云南白药
2017-07-27,000538,45.69000000,45.85000000,46.12000000,45.40000000,32971,290543024.00000000,1.59000000,1.01000000,0.46000000,0.32000000,云南白药
2017-07-28,000538,45.82000000,46.16000000,46.36000000,45.25000000,20504,181104716.00000000,2.42000000,0.68000000,0.31000000,0.20000000,云南白药
2017-07-31,000538,46.12000000,45.72000000,46.32000000,45.69000000,23261,205250034.00000000,1.36000000,-0.95000000,-0.44000000,0.22000000,云南白药
2017-08-01,000538,45.72000000,45.17000000,45.97000000,44.84000000,34188,298638016.00000000,2.47000000,-1.20000000,-0.55000000,0.33000000,云南白药
2017-08-02,000538,45.17000000,44.76000000,45.44000000,44.29000000,34883,301990592.00000000,2.55000000,-0.91000000,-0.41000000,0.33000000,云南白药
2017-08-03,000538,44.72000000,44.10000000,44.72000000,43.19000000,48016,410179712.00000000,3.42000000,-1.47000000,-0.66000000,0.46000000,云南白药
2017-08-04,000538,43.99000000,43.54000000,44.22000000,43.23000000,25623,217706994.00000000,2.24000000,-1.27000000,-0.56000000,0.25000000,云南白药
2017-08-07,000538,43.15000000,45.01000000,45.10000000,43.08000000,25298,217542013.00000000,4.64000000,3.38000000,1.47000000,0.24000000,云南白药
2017-08-08,000538,44.97000000,44.97000000,45.57000000,44.62000000,25446,221281169.00000000,2.11000000,-0.09000000,-0.04000000,0.24000000,云南白药
2017-08-09,000538,45.52000000,46.26000000,46.75000000,44.90000000,48834,433531920.00000000,4.11000000,2.87000000,1.29000000,0.47000000,云南白药
2017-08-10,000538,45.97000000,46.33000000,47.24000000,45.72000000,34913,312263424.00000000,3.29000000,0.15000000,0.07000000,0.34000000,云南白药
2017-08-11,000538,46.05000000,46.33000000,47.12000000,45.96000000,32980,294659888.00000000,2.50000000,0.00000000,0.00000000,0.32000000,云南白药
2017-08-14,000538,46.33000000,47.60000000,48.06000000,46.07000000,38768,351926144.00000000,4.30000000,2.74000000,1.27000000,0.37000000,云南白药
2017-08-15,000538,47.60000000,47.11000000,48.11000000,46.89000000,20597,185760324.00000000,2.56000000,-1.03000000,-0.49000000,0.20000000,云南白药
2017-08-16,000538,47.11000000,46.15000000,47.11000000,45.78000000,30042,266085575.00000000,2.82000000,-2.04000000,-0.96000000,0.29000000,云南白药
2017-08-17,000538,45.97000000,46.38000000,46.87000000,45.72000000,18939,168376937.00000000,2.49000000,0.50000000,0.23000000,0.18000000,云南白药
2017-08-18,000538,46.38000000,45.82000000,46.38000000,45.65000000,26351,232572939.00000000,1.57000000,-1.21000000,-0.56000000,0.25000000,云南白药
2017-08-21,000538,46.10000000,46.15000000,47.22000000,45.97000000,37015,330987296.00000000,2.73000000,0.72000000,0.33000000,0.36000000,云南白药
2017-08-22,000538,46.12000000,46.40000000,47.12000000,46.05000000,22422,200259232.00000000,2.32000000,0.54000000,0.25000000,0.22000000,云南白药
2017-08-23,000538,46.75000000,46.17000000,46.95000000,45.72000000,18145,160652996.00000000,2.65000000,-0.50000000,-0.23000000,0.17000000,云南白药
2017-08-24,000538,46.08000000,45.69000000,46.15000000,45.60000000,33349,294097920.00000000,1.19000000,-1.04000000,-0.48000000,0.32000000,云南白药
2017-08-25,000538,45.90000000,45.77000000,46.57000000,45.64000000,19715,174467150.00000000,2.04000000,0.18000000,0.08000000,0.19000000,云南白药
2017-08-28,000538,45.78000000,46.05000000,46.63000000,45.78000000,38095,338461696.00000000,1.86000000,0.61000000,0.28000000,0.37000000,云南白药
2017-08-29,000538,46.12000000,46.13000000,46.40000000,46.03000000,18494,164008279.00000000,0.80000000,0.17000000,0.08000000,0.18000000,云南白药
2017-08-30,000538,46.13000000,46.19000000,46.60000000,45.86000000,18169,161203719.00000000,1.60000000,0.13000000,0.06000000,0.17000000,云南白药
2017-08-31,000538,45.98000000,44.97000000,46.40000000,44.89000000,28095,245822438.00000000,3.27000000,-2.64000000,-1.22000000,0.27000000,云南白药
2017-09-01,000538,44.96000000,44.57000000,45.19000000,44.26000000,31217,270358384.00000000,2.07000000,-0.89000000,-0.40000000,0.30000000,云南白药
2017-09-04,000538,44.57000000,44.33000000,44.97000000,44.11000000,26468,228350746.00000000,1.93000000,-0.54000000,-0.24000000,0.25000000,云南白药
2017-09-05,000538,44.33000000,45.77000000,45.90000000,44.30000000,37229,325874752.00000000,3.61000000,3.25000000,1.44000000,0.36000000,云南白药
2017-09-06,000538,45.69000000,45.90000000,46.37000000,45.34000000,32057,283338736.00000000,2.25000000,0.28000000,0.13000000,0.31000000,云南白药
2017-09-07,000538,45.73000000,44.62000000,45.90000000,44.44000000,36888,319936576.00000000,3.18000000,-2.79000000,-1.28000000,0.35000000,云南白药
2017-09-08,000538,44.61000000,44.35000000,44.73000000,44.28000000,17473,150877863.00000000,1.01000000,-0.61000000,-0.27000000,0.17000000,云南白药
2017-09-11,000538,44.33000000,44.33000000,45.15000000,44.20000000,47532,410971472.00000000,2.14000000,-0.05000000,-0.02000000,0.46000000,云南白药
2017-09-12,000538,44.35000000,44.01000000,44.72000000,43.81000000,35734,306087200.00000000,2.05000000,-0.72000000,-0.32000000,0.34000000,云南白药
2017-09-13,000538,43.76000000,44.53000000,44.90000000,43.76000000,27243,235215553.00000000,2.59000000,1.18000000,0.52000000,0.26000000,云南白药
2017-09-14,000538,44.32000000,44.09000000,44.41000000,43.90000000,17047,146075085.00000000,1.15000000,-0.99000000,-0.44000000,0.16000000,云南白药
2017-09-15,000538,44.10000000,44.32000000,44.61000000,43.88000000,21436,184306755.00000000,1.66000000,0.52000000,0.23000000,0.21000000,云南白药
2017-09-18,000538,44.32000000,45.85000000,46.08000000,44.31000000,45340,398348800.00000000,3.99000000,3.45000000,1.53000000,0.44000000,云南白药
2017-09-19,000538,45.90000000,44.62000000,46.07000000,44.38000000,46445,403531984.00000000,3.69000000,-2.68000000,-1.23000000,0.45000000,云南白药
2017-09-20,000538,44.69000000,44.24000000,44.79000000,44.05000000,28463,245425558.00000000,1.66000000,-0.85000000,-0.38000000,0.27000000,云南白药
2017-09-21,000538,44.26000000,44.32000000,44.65000000,44.26000000,18025,155445474.00000000,0.88000000,0.18000000,0.08000000,0.17000000,云南白药
2017-09-22,000538,44.37000000,44.70000000,44.85000000,44.32000000,22576,195377397.00000000,1.20000000,0.86000000,0.38000000,0.22000000,云南白药
2017-09-25,000538,44.84000000,45.83000000,45.94000000,44.83000000,56068,492993984.00000000,2.48000000,2.53000000,1.13000000,0.54000000,云南白药
2017-09-26,000538,45.85000000,45.75000000,45.90000000,44.97000000,32661,286801744.00000000,2.03000000,-0.17000000,-0.08000000,0.31000000,云南白药
2017-09-27,000538,45.62000000,45.69000000,46.26000000,44.97000000,32189,283232848.00000000,2.82000000,-0.13000000,-0.06000000,0.31000000,云南白药
2017-09-28,000538,45.68000000,46.83000000,46.87000000,45.34000000,39715,353243072.00000000,3.35000000,2.50000000,1.14000000,0.38000000,云南白药
2017-09-29,000538,47.12000000,47.62000000,48.49000000,47.12000000,59658,544099712.00000000,2.93000000,1.69000000,0.79000000,0.57000000,云南白药
2017-10-09,000538,48.59000000,47.75000000,49.17000000,47.14000000,54641,497954016.00000000,4.26000000,0.27000000,0.13000000,0.52000000,云南白药
2017-10-10,000538,47.75000000,48.02000000,48.72000000,47.75000000,64574,590270016.00000000,2.03000000,0.57000000,0.27000000,0.62000000,云南白药
2017-10-11,000538,48.03000000,49.11000000,49.51000000,48.03000000,57719,535676128.00000000,3.08000000,2.27000000,1.09000000,0.55000000,云南白药
2017-10-12,000538,49.33000000,49.44000000,49.76000000,48.97000000,34213,318419264.00000000,1.61000000,0.67000000,0.33000000,0.33000000,云南白药
2017-10-13,000538,49.44000000,47.94000000,49.44000000,47.93000000,42451,389775072.00000000,3.05000000,-3.03000000,-1.50000000,0.41000000,云南白药
2017-10-16,000538,48.02000000,47.96000000,48.90000000,47.58000000,42984,392756192.00000000,2.75000000,0.04000000,0.02000000,0.41000000,云南白药
2017-10-17,000538,47.97000000,48.65000000,48.75000000,47.41000000,28934,264758729.00000000,2.79000000,1.44000000,0.69000000,0.28000000,云南白药
2017-10-18,000538,48.62000000,52.19000000,52.19000000,48.34000000,78907,749481776.00000000,7.91000000,7.28000000,3.54000000,0.76000000,云南白药
2017-10-19,000538,52.48000000,53.83000000,54.81000000,51.87000000,80630,796579136.00000000,5.63000000,3.14000000,1.64000000,0.77000000,云南白药
2017-10-20,000538,53.40000000,53.69000000,54.77000000,52.83000000,46154,457839152.00000000,3.60000000,-0.26000000,-0.14000000,0.44000000,云南白药
2017-10-23,000538,53.72000000,55.33000000,56.76000000,53.05000000,64121,653668112.00000000,6.91000000,3.05000000,1.64000000,0.62000000,云南白药
2017-10-24,000538,55.33000000,56.27000000,57.01000000,54.83000000,48465,498302256.00000000,3.94000000,1.70000000,0.94000000,0.47000000,云南白药
2017-10-25,000538,56.27000000,56.12000000,57.08000000,54.79000000,49235,500939248.00000000,4.07000000,-0.27000000,-0.15000000,0.47000000,云南白药
2017-10-26,000538,55.76000000,54.97000000,58.40000000,54.83000000,87877,902016752.00000000,6.36000000,-2.05000000,-1.15000000,0.84000000,云南白药
2017-10-27,000538,54.75000000,56.33000000,56.69000000,54.26000000,68838,701234976.00000000,4.42000000,2.47000000,1.36000000,0.66000000,云南白药
2017-10-30,000538,56.04000000,59.03000000,61.31000000,55.05000000,86826,918295136.00000000,11.11000000,4.79000000,2.70000000,0.83000000,云南白药
2017-10-31,000538,57.67000000,57.72000000,59.40000000,56.89000000,76156,799668960.00000000,4.25000000,-2.22000000,-1.31000000,0.73000000,云南白药
2017-11-01,000538,57.72000000,56.68000000,59.40000000,55.80000000,70209,731502640.00000000,6.24000000,-1.80000000,-1.04000000,0.67000000,云南白药
2017-11-02,000538,56.36000000,57.59000000,57.60000000,55.56000000,52235,540031040.00000000,3.60000000,1.61000000,0.91000000,0.50000000,云南白药
2017-11-03,000538,56.76000000,57.02000000,58.80000000,56.76000000,56086,588596768.00000000,3.54000000,-0.99000000,-0.57000000,0.54000000,云南白药
2017-11-06,000538,56.58000000,58.15000000,59.05000000,55.53000000,96018,1005814880.00000000,6.17000000,1.98000000,1.13000000,0.92000000,云南白药
2017-11-07,000538,57.83000000,58.45000000,60.12000000,57.12000000,91122,967157600.00000000,5.16000000,0.52000000,0.30000000,0.88000000,云南白药
2017-11-08,000538,58.14000000,55.55000000,58.40000000,55.05000000,172256,1771968416.00000000,5.73000000,-4.96000000,-2.90000000,1.65000000,云南白药
2017-11-09,000538,55.12000000,55.33000000,55.69000000,54.26000000,82974,838012032.00000000,2.57000000,-0.40000000,-0.22000000,0.80000000,云南白药
2017-11-10,000538,55.62000000,55.20000000,55.83000000,54.40000000,73659,746677216.00000000,2.58000000,-0.23000000,-0.13000000,0.71000000,云南白药
2017-11-13,000538,54.97000000,54.65000000,55.80000000,54.26000000,74615,753753760.00000000,2.79000000,-1.00000000,-0.55000000,0.72000000,云南白药
2017-11-14,000538,55.47000000,53.98000000,55.76000000,53.55000000,78412,788858208.00000000,4.04000000,-1.23000000,-0.67000000,0.75000000,云南白药
2017-11-15,000538,54.12000000,54.07000000,54.90000000,52.83000000,58994,586863200.00000000,3.83000000,0.17000000,0.09000000,0.57000000,云南白药
2017-11-16,000538,53.80000000,56.20000000,56.30000000,53.80000000,84498,856850640.00000000,4.62000000,3.94000000,2.13000000,0.81000000,云南白药
2017-11-17,000538,55.93000000,55.55000000,56.01000000,54.10000000,58407,592142688.00000000,3.40000000,-1.16000000,-0.65000000,0.56000000,云南白药
2017-11-20,000538,54.97000000,55.20000000,55.97000000,53.70000000,42232,426203056.00000000,4.09000000,-0.63000000,-0.35000000,0.41000000,云南白药
2017-11-21,000538,55.22000000,57.16000000,57.16000000,54.84000000,91308,937303984.00000000,4.20000000,3.55000000,1.96000000,0.88000000,云南白药
2017-11-22,000538,57.33000000,56.69000000,58.73000000,55.90000000,80233,836579056.00000000,4.95000000,-0.82000000,-0.47000000,0.77000000,云南白药
2017-11-23,000538,56.33000000,52.76000000,56.33000000,52.12000000,80311,802398640.00000000,7.43000000,-6.93000000,-3.93000000,0.77000000,云南白药
2017-11-24,000538,52.76000000,53.42000000,53.46000000,51.69000000,46065,449733648.00000000,3.35000000,1.25000000,0.66000000,0.44000000,云南白药
2017-11-27,000538,53.12000000,51.96000000,53.12000000,51.08000000,44370,428908416.00000000,3.82000000,-2.73000000,-1.46000000,0.43000000,云南白药
2017-11-28,000538,51.76000000,51.55000000,52.73000000,51.19000000,36065,348723392.00000000,2.96000000,-0.79000000,-0.41000000,0.35000000,云南白药
2017-11-29,000538,52.05000000,50.05000000,52.05000000,49.40000000,52316,493898864.00000000,5.14000000,-2.91000000,-1.50000000,0.50000000,云南白药
2017-11-30,000538,49.90000000,50.05000000,50.94000000,49.53000000,30988,291873504.00000000,2.82000000,0.00000000,0.00000000,0.30000000,云南白药
2017-12-01,000538,50.05000000,50.45000000,51.15000000,49.76000000,31401,297876848.00000000,2.78000000,0.80000000,0.40000000,0.30000000,云南白药
2017-12-04,000538,50.12000000,51.05000000,51.75000000,49.99000000,40324,386093856.00000000,3.49000000,1.19000000,0.60000000,0.39000000,云南白药
2017-12-05,000538,51.05000000,51.17000000,51.46000000,49.87000000,45713,435707632.00000000,3.11000000,0.24000000,0.12000000,0.44000000,云南白药
2017-12-06,000538,50.69000000,51.40000000,51.62000000,50.30000000,22762,217523928.00000000,2.58000000,0.45000000,0.23000000,0.22000000,云南白药
2017-12-07,000538,51.25000000,49.76000000,51.39000000,49.72000000,21748,205352417.00000000,3.25000000,-3.19000000,-1.64000000,0.21000000,云南白药
2017-12-08,000538,49.69000000,50.60000000,50.80000000,49.60000000,27316,258215460.00000000,2.41000000,1.69000000,0.84000000,0.26000000,云南白药
2017-12-11,000538,50.69000000,53.05000000,53.22000000,50.69000000,68433,665623296.00000000,5.00000000,4.84000000,2.45000000,0.66000000,云南白药
2017-12-12,000538,52.85000000,52.56000000,53.26000000,52.14000000,27631,271154736.00000000,2.11000000,-0.92000000,-0.49000000,0.27000000,云南白药
2017-12-13,000538,52.83000000,53.83000000,54.01000000,52.26000000,36524,360740640.00000000,3.33000000,2.42000000,1.27000000,0.35000000,云南白药
2017-12-14,000538,53.76000000,53.79000000,54.25000000,53.26000000,20334,201980882.00000000,1.84000000,-0.07000000,-0.04000000,0.20000000,云南白药
2017-12-15,000538,53.90000000,53.26000000,54.10000000,52.93000000,15316,151385083.00000000,2.18000000,-0.99000000,-0.53000000,0.15000000,云南白药
2017-12-18,000538,53.19000000,53.18000000,53.75000000,52.53000000,21909,215727661.00000000,2.29000000,-0.15000000,-0.08000000,0.21000000,云南白药
2017-12-19,000538,53.55000000,55.21000000,55.25000000,53.22000000,30345,305248608.00000000,3.82000000,3.82000000,2.03000000,0.29000000,云南白药
2017-12-20,000538,55.32000000,56.10000000,56.37000000,55.07000000,29403,300632960.00000000,2.35000000,1.61000000,0.89000000,0.28000000,云南白药
2017-12-21,000538,56.12000000,55.97000000,56.27000000,55.07000000,25574,261488982.00000000,2.14000000,-0.23000000,-0.13000000,0.25000000,云南白药
2017-12-22,000538,56.05000000,56.38000000,56.62000000,55.26000000,21606,221330827.00000000,2.43000000,0.73000000,0.41000000,0.21000000,云南白药
2017-12-25,000538,56.29000000,56.19000000,56.81000000,55.39000000,17861,182972738.00000000,2.52000000,-0.34000000,-0.19000000,0.17000000,云南白药
2017-12-26,000538,56.17000000,56.26000000,56.66000000,55.55000000,22272,228937590.00000000,1.98000000,0.12000000,0.07000000,0.21000000,云南白药
2017-12-27,000538,56.37000000,54.26000000,56.55000000,54.14000000,38665,390930896.00000000,4.28000000,-3.55000000,-2.00000000,0.37000000,云南白药
2017-12-28,000538,54.62000000,55.45000000,56.05000000,54.48000000,52657,535496720.00000000,2.89000000,2.19000000,1.19000000,0.51000000,云南白药
2017-12-29,000538,55.67000000,55.54000000,55.83000000,55.16000000,28974,295121152.00000000,1.21000000,0.16000000,0.09000000,0.28000000,云南白药
2018-01-02,000538,55.98000000,56.04000000,56.47000000,54.97000000,34151,349001040.00000000,2.70000000,0.90000000,0.50000000,0.33000000,云南白药
2018-01-03,000538,56.49000000,55.55000000,56.53000000,55.40000000,41337,423056704.00000000,2.02000000,-0.87000000,-0.49000000,0.40000000,云南白药
2018-01-04,000538,55.83000000,56.65000000,56.65000000,55.55000000,48015,494845840.00000000,1.98000000,1.98000000,1.10000000,0.46000000,云南白药
2018-01-05,000538,56.67000000,55.75000000,56.97000000,55.57000000,29952,307866448.00000000,2.47000000,-1.59000000,-0.90000000,0.29000000,云南白药
2018-01-08,000538,55.05000000,57.05000000,57.20000000,55.05000000,45853,473894208.00000000,3.86000000,2.33000000,1.30000000,0.44000000,云南白药
2018-01-09,000538,57.05000000,58.76000000,58.86000000,56.70000000,78718,823701552.00000000,3.79000000,3.00000000,1.71000000,0.76000000,云南白药
2018-01-10,000538,58.19000000,57.53000000,58.76000000,57.03000000,44046,461200416.00000000,2.94000000,-2.09000000,-1.23000000,0.42000000,云南白药
2018-01-11,000538,57.11000000,55.47000000,57.43000000,55.22000000,57463,587840976.00000000,3.84000000,-3.58000000,-2.06000000,0.55000000,云南白药
2018-01-12,000538,55.48000000,55.92000000,56.12000000,54.89000000,34281,349326960.00000000,2.22000000,0.81000000,0.45000000,0.33000000,云南白药
2018-01-15,000538,55.69000000,56.25000000,56.70000000,54.94000000,42092,430019424.00000000,3.15000000,0.59000000,0.33000000,0.40000000,云南白药
2018-01-16,000538,56.30000000,57.82000000,59.26000000,55.33000000,72449,760911232.00000000,6.99000000,2.79000000,1.57000000,0.70000000,云南白药
2018-01-17,000538,57.85000000,56.33000000,58.19000000,56.08000000,52199,542093056.00000000,3.65000000,-2.58000000,-1.49000000,0.50000000,云南白药
2018-01-18,000538,56.41000000,55.66000000,57.10000000,55.53000000,32755,335718848.00000000,2.79000000,-1.19000000,-0.67000000,0.31000000,云南白药
2018-01-19,000538,55.70000000,55.18000000,55.83000000,54.90000000,29706,301419248.00000000,1.67000000,-0.86000000,-0.48000000,0.29000000,云南白药
2018-01-22,000538,55.17000000,57.39000000,57.40000000,54.91000000,56471,582983792.00000000,4.51000000,4.01000000,2.21000000,0.54000000,云南白药
2018-01-23,000538,57.82000000,57.58000000,57.82000000,56.41000000,44140,459001696.00000000,2.46000000,0.33000000,0.19000000,0.42000000,云南白药
2018-01-24,000538,57.65000000,56.82000000,57.97000000,56.42000000,41068,427704128.00000000,2.69000000,-1.32000000,-0.76000000,0.39000000,云南白药
2018-01-25,000538,56.77000000,55.60000000,57.09000000,55.34000000,41756,427010864.00000000,3.08000000,-2.15000000,-1.22000000,0.40000000,云南白药
2018-01-26,000538,55.72000000,55.85000000,56.02000000,55.33000000,33216,338815888.00000000,1.24000000,0.45000000,0.25000000,0.32000000,云南白药
2018-01-29,000538,55.85000000,53.71000000,55.85000000,53.31000000,49457,496060304.00000000,4.55000000,-3.83000000,-2.14000000,0.47000000,云南白药
2018-01-30,000538,53.26000000,54.14000000,54.46000000,53.20000000,17797,177314293.00000000,2.35000000,0.80000000,0.43000000,0.17000000,云南白药
2018-01-31,000538,54.26000000,55.06000000,55.69000000,54.07000000,26340,265989209.00000000,2.99000000,1.70000000,0.92000000,0.25000000,云南白药
2018-02-01,000538,55.07000000,54.17000000,55.47000000,53.42000000,29585,294547536.00000000,3.72000000,-1.62000000,-0.89000000,0.28000000,云南白药
2018-02-02,000538,54.10000000,53.95000000,54.67000000,53.21000000,28447,282701488.00000000,2.70000000,-0.41000000,-0.22000000,0.27000000,云南白药
2018-02-05,000538,53.19000000,51.47000000,53.92000000,51.33000000,36409,354761312.00000000,4.80000000,-4.60000000,-2.48000000,0.35000000,云南白药
2018-02-06,000538,50.68000000,50.99000000,51.55000000,49.67000000,53981,512913136.00000000,3.65000000,-0.93000000,-0.48000000,0.52000000,云南白药
2018-02-07,000538,51.15000000,47.85000000,51.75000000,47.42000000,40980,384950512.00000000,8.49000000,-6.16000000,-3.14000000,0.39000000,云南白药
2018-02-08,000538,47.87000000,49.97000000,50.25000000,47.87000000,36456,340071952.00000000,4.97000000,4.43000000,2.12000000,0.35000000,云南白药
2018-02-09,000538,48.69000000,48.47000000,49.26000000,47.85000000,47306,435614208.00000000,2.82000000,-3.00000000,-1.50000000,0.45000000,云南白药
2018-02-12,000538,48.47000000,49.89000000,50.69000000,48.26000000,36269,336944432.00000000,5.01000000,2.93000000,1.42000000,0.35000000,云南白药
2018-02-13,000538,49.85000000,49.97000000,51.10000000,49.69000000,20251,191229759.00000000,2.83000000,0.16000000,0.08000000,0.19000000,云南白药
2018-02-14,000538,49.97000000,50.17000000,50.60000000,49.65000000,10084,94957473.00000000,1.90000000,0.40000000,0.20000000,0.10000000,云南白药
2018-02-22,000538,51.04000000,51.55000000,51.65000000,50.38000000,19281,184534778.00000000,2.53000000,2.75000000,1.38000000,0.19000000,云南白药
2018-02-23,000538,51.66000000,51.98000000,51.98000000,51.05000000,22580,216974793.00000000,1.80000000,0.83000000,0.43000000,0.22000000,云南白药
2018-02-26,000538,51.99000000,52.13000000,52.24000000,51.40000000,32032,309251952.00000000,1.62000000,0.29000000,0.15000000,0.31000000,云南白药
2018-02-27,000538,52.26000000,50.77000000,52.29000000,50.69000000,22517,215764077.00000000,3.07000000,-2.61000000,-1.36000000,0.22000000,云南白药
2018-02-28,000538,50.55000000,49.47000000,50.55000000,49.19000000,25241,236233875.00000000,2.68000000,-2.56000000,-1.30000000,0.24000000,云南白药
2018-03-01,000538,49.12000000,50.62000000,50.67000000,48.96000000,16844,158579504.00000000,3.46000000,2.32000000,1.15000000,0.16000000,云南白药
2018-03-02,000538,50.00000000,51.54000000,52.10000000,49.90000000,24730,237388282.00000000,4.35000000,1.82000000,0.92000000,0.24000000,云南白药
2018-03-05,000538,51.55000000,51.99000000,52.09000000,51.12000000,19566,188973841.00000000,1.88000000,0.87000000,0.45000000,0.19000000,云南白药
2018-03-06,000538,52.22000000,53.30000000,53.62000000,52.22000000,33334,328354464.00000000,2.69000000,2.52000000,1.31000000,0.32000000,云南白药
2018-03-07,000538,53.30000000,52.90000000,54.04000000,52.83000000,21804,215931786.00000000,2.27000000,-0.75000000,-0.40000000,0.21000000,云南白药
2018-03-08,000538,53.18000000,54.97000000,55.17000000,52.60000000,34916,350010896.00000000,4.86000000,3.91000000,2.07000000,0.34000000,云南白药
2018-03-09,000538,54.90000000,54.47000000,54.90000000,53.83000000,18549,185658585.00000000,1.95000000,-0.91000000,-0.50000000,0.18000000,云南白药
2018-03-12,000538,54.47000000,55.04000000,55.40000000,54.12000000,23961,241476819.00000000,2.35000000,1.05000000,0.57000000,0.23000000,云南白药
2018-03-13,000538,55.11000000,53.55000000,55.11000000,53.21000000,18427,183319963.00000000,3.45000000,-2.71000000,-1.49000000,0.18000000,云南白药
2018-03-14,000538,53.32000000,53.12000000,54.04000000,53.12000000,15707,155447293.00000000,1.72000000,-0.80000000,-0.43000000,0.15000000,云南白药
2018-03-15,000538,53.11000000,55.08000000,55.17000000,52.87000000,29695,298050736.00000000,4.33000000,3.69000000,1.96000000,0.29000000,云南白药
2018-03-16,000538,55.19000000,54.55000000,55.69000000,54.18000000,21162,213920321.00000000,2.74000000,-0.96000000,-0.53000000,0.20000000,云南白药
2018-03-19,000538,54.57000000,55.69000000,55.69000000,53.92000000,23518,238738619.00000000,3.24000000,2.09000000,1.14000000,0.23000000,云南白药
2018-03-20,000538,55.42000000,56.76000000,57.41000000,55.03000000,34064,350487088.00000000,4.27000000,1.92000000,1.07000000,0.33000000,云南白药
2018-03-21,000538,56.61000000,55.60000000,57.08000000,55.58000000,22485,231237958.00000000,2.64000000,-2.04000000,-1.16000000,0.22000000,云南白药
2018-03-22,000538,55.05000000,55.12000000,56.05000000,54.10000000,27527,277663040.00000000,3.51000000,-0.86000000,-0.48000000,0.26000000,云南白药
2018-03-23,000538,53.56000000,54.80000000,54.86000000,52.87000000,31780,316037792.00000000,3.61000000,-0.58000000,-0.32000000,0.31000000,云南白药
2018-03-26,000538,53.62000000,55.99000000,56.05000000,53.55000000,35293,356654624.00000000,4.56000000,2.17000000,1.19000000,0.34000000,云南白药
2018-03-27,000538,55.83000000,56.15000000,56.62000000,55.34000000,30311,310463168.00000000,2.29000000,0.29000000,0.16000000,0.29000000,云南白药
2018-03-28,000538,56.16000000,55.26000000,56.40000000,54.05000000,34405,347523152.00000000,4.19000000,-1.59000000,-0.89000000,0.33000000,云南白药
2018-03-29,000538,54.91000000,54.01000000,54.91000000,52.94000000,26568,264635253.00000000,3.56000000,-2.26000000,-1.25000000,0.26000000,云南白药
2018-03-30,000538,53.97000000,53.55000000,54.60000000,53.34000000,30929,307011760.00000000,2.33000000,-0.85000000,-0.46000000,0.30000000,云南白药
2018-04-02,000538,53.55000000,51.22000000,53.85000000,51.12000000,58325,564533312.00000000,5.10000000,-4.35000000,-2.33000000,0.56000000,云南白药
2018-04-03,000538,51.12000000,51.95000000,52.10000000,50.69000000,26068,250256514.00000000,2.75000000,1.43000000,0.73000000,0.25000000,云南白药
2018-04-04,000538,51.95000000,51.32000000,52.52000000,51.27000000,28496,275837264.00000000,2.41000000,-1.21000000,-0.63000000,0.27000000,云南白药
2018-04-09,000538,51.32000000,51.53000000,51.90000000,50.84000000,18270,175632462.00000000,2.07000000,0.41000000,0.21000000,0.18000000,云南白药
2018-04-10,000538,51.56000000,52.95000000,53.19000000,51.51000000,24604,240023284.00000000,3.26000000,2.76000000,1.42000000,0.24000000,云南白药
2018-04-11,000538,52.97000000,53.33000000,54.25000000,52.83000000,23448,232079223.00000000,2.68000000,0.72000000,0.38000000,0.23000000,云南白药
2018-04-12,000538,52.97000000,52.46000000,53.25000000,51.96000000,33136,322840352.00000000,2.42000000,-1.63000000,-0.87000000,0.32000000,云南白药
2018-04-13,000538,52.67000000,51.56000000,53.11000000,51.31000000,26592,256850763.00000000,3.43000000,-1.72000000,-0.90000000,0.26000000,云南白药
2018-04-16,000538,51.53000000,50.58000000,51.75000000,50.33000000,25203,239933600.00000000,2.75000000,-1.90000000,-0.98000000,0.24000000,云南白药
2018-04-17,000538,50.62000000,50.62000000,51.22000000,50.35000000,20872,198604787.00000000,1.72000000,0.08000000,0.04000000,0.20000000,云南白药
2018-04-18,000538,50.62000000,49.52000000,51.02000000,48.40000000,43018,399795984.00000000,5.18000000,-2.17000000,-1.10000000,0.41000000,云南白药
2018-04-19,000538,49.61000000,50.02000000,50.17000000,49.01000000,22551,211716620.00000000,2.34000000,1.01000000,0.50000000,0.22000000,云南白药
2018-04-20,000538,50.02000000,50.26000000,51.52000000,49.90000000,22916,217704668.00000000,3.24000000,0.48000000,0.24000000,0.22000000,云南白药
2018-04-23,000538,50.26000000,50.22000000,51.50000000,49.98000000,35079,333164512.00000000,3.02000000,-0.08000000,-0.04000000,0.34000000,云南白药
2018-04-24,000538,50.30000000,50.57000000,51.33000000,50.30000000,28571,271941408.00000000,2.05000000,0.70000000,0.35000000,0.27000000,云南白药
2018-04-25,000538,50.48000000,50.61000000,50.97000000,50.21000000,21068,199867911.00000000,1.50000000,0.08000000,0.04000000,0.20000000,云南白药
2018-04-26,000538,50.58000000,50.61000000,51.10000000,50.27000000,25405,241015289.00000000,1.64000000,0.00000000,0.00000000,0.24000000,云南白药
2018-04-27,000538,50.69000000,50.51000000,51.43000000,49.27000000,45457,430315568.00000000,4.27000000,-0.20000000,-0.10000000,0.44000000,云南白药
2018-05-02,000538,50.14000000,52.91000000,53.55000000,49.75000000,83744,815373024.00000000,7.52000000,4.75000000,2.40000000,0.80000000,云南白药
2018-05-03,000538,52.84000000,53.90000000,54.33000000,52.19000000,72359,717284288.00000000,4.04000000,1.87000000,0.99000000,0.69000000,云南白药
2018-05-04,000538,53.97000000,53.61000000,54.76000000,53.40000000,46664,465334768.00000000,2.52000000,-0.54000000,-0.29000000,0.45000000,云南白药
2018-05-07,000538,53.72000000,60.69000000,60.69000000,53.72000000,137261,1439091024.00000000,13.00000000,13.21000000,7.08000000,1.32000000,云南白药
2018-05-08,000538,61.40000000,60.84000000,62.12000000,59.62000000,82303,895996592.00000000,4.12000000,0.25000000,0.15000000,0.79000000,云南白药
2018-05-09,000538,60.76000000,59.48000000,60.82000000,58.83000000,53979,579279904.00000000,3.27000000,-2.24000000,-1.36000000,0.52000000,云南白药
2018-05-10,000538,59.47000000,60.03000000,60.33000000,58.52000000,51739,555730592.00000000,3.04000000,0.92000000,0.55000000,0.50000000,云南白药
2018-05-11,000538,59.98000000,57.82000000,60.54000000,57.51000000,76435,812415968.00000000,5.05000000,-3.68000000,-2.21000000,0.73000000,云南白药
2018-05-14,000538,58.10000000,58.79000000,59.25000000,57.60000000,49610,525780880.00000000,2.85000000,1.68000000,0.97000000,0.48000000,云南白药
2018-05-15,000538,59.11000000,60.72000000,61.18000000,57.83000000,52833,571805792.00000000,5.70000000,3.28000000,1.93000000,0.51000000,云南白药
2018-05-16,000538,60.87000000,62.30000000,64.22000000,60.22000000,90537,1009758800.00000000,6.59000000,2.60000000,1.58000000,0.87000000,云南白药
2018-05-17,000538,62.19000000,62.20000000,63.15000000,61.40000000,55758,620949648.00000000,2.81000000,-0.16000000,-0.10000000,0.54000000,云南白药
2018-05-18,000538,61.45000000,62.19000000,63.32000000,61.09000000,34928,386714720.00000000,3.59000000,-0.02000000,-0.01000000,0.34000000,云南白药
2018-05-21,000538,62.83000000,62.01000000,63.30000000,60.76000000,39177,431982704.00000000,4.08000000,-0.29000000,-0.18000000,0.38000000,云南白药
2018-05-22,000538,61.92000000,63.77000000,64.12000000,61.40000000,42114,475164784.00000000,4.39000000,2.84000000,1.76000000,0.40000000,云南白药
2018-05-23,000538,63.48000000,65.72000000,67.56000000,63.41000000,78346,910550416.00000000,6.51000000,3.06000000,1.95000000,0.75000000,云南白药
2018-05-24,000538,65.92000000,65.77000000,66.52000000,65.10000000,30228,351487728.00000000,2.16000000,0.08000000,0.05000000,0.29000000,云南白药
2018-05-25,000538,65.76000000,66.37000000,67.47000000,64.85000000,39074,456950160.00000000,3.98000000,0.91000000,0.60000000,0.38000000,云南白药
2018-05-28,000538,66.35000000,67.44000000,68.58000000,63.69000000,76465,890118496.00000000,7.37000000,1.61000000,1.07000000,0.73000000,云南白药
2018-05-29,000538,66.62000000,61.42000000,67.83000000,60.69000000,84152,965400432.00000000,10.59000000,-8.93000000,-6.02000000,0.81000000,云南白药
2018-05-30,000538,59.97000000,60.17000000,62.69000000,57.87000000,60888,664440400.00000000,7.85000000,-2.04000000,-1.25000000,0.58000000,云南白药
2018-05-31,000538,61.22000000,64.33000000,64.43000000,60.49000000,65899,737214112.00000000,6.55000000,6.91000000,4.16000000,0.63000000,云南白药
2018-06-01,000538,63.62000000,61.48000000,64.19000000,61.13000000,52152,579276880.00000000,4.76000000,-4.43000000,-2.85000000,0.50000000,云南白药
2018-06-04,000538,61.47000000,62.01000000,62.47000000,59.07000000,27000,295236144.00000000,5.53000000,0.86000000,0.53000000,0.26000000,云南白药
2018-06-05,000538,62.01000000,62.89000000,64.15000000,61.66000000,38800,436623360.00000000,4.02000000,1.42000000,0.88000000,0.37000000,云南白药
2018-06-06,000538,62.89000000,62.46000000,63.62000000,61.99000000,24242,271358512.00000000,2.59000000,-0.68000000,-0.43000000,0.23000000,云南白药
2018-06-07,000538,62.47000000,60.34000000,62.94000000,60.25000000,31596,346070528.00000000,4.31000000,-3.39000000,-2.12000000,0.30000000,云南白药
2018-06-08,000538,60.48000000,60.27000000,61.87000000,59.48000000,31686,344565840.00000000,3.96000000,-0.12000000,-0.07000000,0.30000000,云南白药
2018-06-11,000538,59.97000000,59.55000000,60.50000000,58.92000000,25064,269709712.00000000,2.62000000,-1.19000000,-0.72000000,0.24000000,云南白药
2018-06-12,000538,59.82000000,60.80000000,61.45000000,57.95000000,40707,437041776.00000000,5.88000000,2.10000000,1.25000000,0.39000000,云南白药
2018-06-13,000538,60.33000000,59.10000000,60.33000000,58.74000000,28420,304958144.00000000,2.62000000,-2.80000000,-1.70000000,0.27000000,云南白药
2018-06-14,000538,58.58000000,58.72000000,59.75000000,57.97000000,25560,271794800.00000000,3.01000000,-0.64000000,-0.38000000,0.25000000,云南白药
2018-06-15,000538,58.72000000,58.19000000,58.72000000,57.00000000,27303,286008960.00000000,2.93000000,-0.90000000,-0.53000000,0.26000000,云南白药
2018-06-19,000538,57.33000000,56.60000000,58.55000000,55.76000000,40924,424929760.00000000,4.79000000,-2.73000000,-1.59000000,0.39000000,云南白药
2018-06-20,000538,56.47000000,58.47000000,59.02000000,56.43000000,30471,320376064.00000000,4.58000000,3.30000000,1.87000000,0.29000000,云南白药
2018-06-21,000538,58.53000000,57.95000000,59.94000000,57.83000000,21834,232400551.00000000,3.61000000,-0.89000000,-0.52000000,0.21000000,云南白药
2018-06-22,000538,57.82000000,58.37000000,58.87000000,56.66000000,15143,159471220.00000000,3.81000000,0.72000000,0.42000000,0.15000000,云南白药
2018-06-25,000538,58.87000000,59.33000000,59.84000000,58.46000000,22894,244932599.00000000,2.36000000,1.64000000,0.96000000,0.22000000,云南白药
2018-06-26,000538,58.96000000,58.76000000,59.83000000,58.01000000,21379,227224849.00000000,3.07000000,-0.96000000,-0.57000000,0.21000000,云南白药
2018-06-27,000538,58.79000000,57.14000000,59.42000000,56.39000000,29310,307301104.00000000,5.16000000,-2.76000000,-1.62000000,0.28000000,云南白药
2018-06-28,000538,55.75000000,56.82000000,58.08000000,55.72000000,26328,273481360.00000000,4.13000000,-0.56000000,-0.32000000,0.25000000,云南白药
2018-06-29,000538,57.12000000,59.23000000,59.46000000,56.72000000,30614,324206000.00000000,4.82000000,4.24000000,2.41000000,0.29000000,云南白药
2018-07-02,000538,59.23000000,58.33000000,60.82000000,57.80000000,32633,350905088.00000000,5.10000000,-1.52000000,-0.90000000,0.31000000,云南白药
2018-07-03,000538,58.47000000,57.92000000,59.00000000,56.05000000,28074,293226064.00000000,5.06000000,-0.70000000,-0.41000000,0.27000000,云南白药
2018-07-04,000538,57.98000000,56.23000000,58.04000000,55.75000000,18237,187938522.00000000,3.95000000,-2.92000000,-1.69000000,0.18000000,云南白药
2018-07-05,000538,56.37000000,55.05000000,56.46000000,54.17000000,27840,281300128.00000000,4.07000000,-2.10000000,-1.18000000,0.27000000,云南白药
2018-07-06,000538,55.12000000,55.82000000,57.33000000,54.82000000,20684,208565013.00000000,4.56000000,1.40000000,0.77000000,0.20000000,云南白药
2018-07-09,000538,55.83000000,57.34000000,57.47000000,55.74000000,27071,277257712.00000000,3.10000000,2.72000000,1.52000000,0.26000000,云南白药
2018-07-10,000538,56.15000000,56.97000000,57.04000000,53.92000000,48506,487185696.00000000,5.44000000,-0.65000000,-0.37000000,0.47000000,云南白药
2018-07-11,000538,55.68000000,55.99000000,56.76000000,54.85000000,21926,220893291.00000000,3.35000000,-1.72000000,-0.98000000,0.21000000,云南白药
2018-07-12,000538,55.99000000,57.11000000,58.67000000,55.73000000,46358,476250240.00000000,5.25000000,2.00000000,1.12000000,0.45000000,云南白药
2018-07-13,000538,57.37000000,59.55000000,59.83000000,56.77000000,39940,419076960.00000000,5.36000000,4.27000000,2.44000000,0.38000000,云南白药
2018-07-16,000538,59.62000000,60.10000000,60.60000000,58.90000000,37534,398883008.00000000,2.85000000,0.92000000,0.55000000,0.36000000,云南白药
2018-07-17,000538,60.32000000,59.50000000,60.43000000,58.76000000,22487,237542373.00000000,2.78000000,-1.00000000,-0.60000000,0.22000000,云南白药
2018-07-18,000538,59.50000000,59.62000000,60.18000000,59.19000000,20826,221103085.00000000,1.66000000,0.20000000,0.12000000,0.20000000,云南白药
2018-07-19,000538,59.10000000,58.05000000,59.49000000,57.47000000,19055,198738228.00000000,3.39000000,-2.63000000,-1.57000000,0.18000000,云南白药
2018-07-20,000538,58.20000000,58.35000000,58.40000000,56.77000000,19251,198865020.00000000,2.81000000,0.52000000,0.30000000,0.18000000,云南白药
2018-07-23,000538,56.77000000,55.69000000,57.19000000,55.07000000,55443,558586880.00000000,3.63000000,-4.56000000,-2.66000000,0.53000000,云南白药
2018-07-24,000538,55.33000000,56.33000000,56.97000000,54.90000000,46927,475146528.00000000,3.72000000,1.15000000,0.64000000,0.45000000,云南白药
2018-07-25,000538,56.27000000,56.76000000,56.76000000,55.70000000,22521,228531318.00000000,1.88000000,0.76000000,0.43000000,0.22000000,云南白药
2018-07-26,000538,56.56000000,56.27000000,57.11000000,56.05000000,14174,143756131.00000000,1.87000000,-0.86000000,-0.49000000,0.14000000,云南白药
2018-07-27,000538,56.19000000,56.06000000,56.56000000,55.72000000,15190,153453719.00000000,1.49000000,-0.37000000,-0.21000000,0.15000000,云南白药
2018-07-30,000538,55.65000000,54.62000000,56.03000000,54.46000000,29843,296423360.00000000,2.80000000,-2.57000000,-1.44000000,0.29000000,云南白药
2018-07-31,000538,54.55000000,55.05000000,55.51000000,54.47000000,12927,128576901.00000000,1.90000000,0.79000000,0.43000000,0.12000000,云南白药
2018-08-01,000538,55.30000000,54.26000000,55.54000000,53.65000000,25113,248177514.00000000,3.43000000,-1.44000000,-0.79000000,0.24000000,云南白药
2018-08-02,000538,54.45000000,53.80000000,54.45000000,52.34000000,26363,255702147.00000000,3.89000000,-0.85000000,-0.46000000,0.25000000,云南白药
2018-08-03,000538,53.40000000,52.12000000,54.19000000,51.82000000,28951,280094080.00000000,4.41000000,-3.12000000,-1.68000000,0.28000000,云南白药
2018-08-06,000538,51.76000000,51.47000000,52.62000000,50.67000000,28285,267858306.00000000,3.74000000,-1.25000000,-0.65000000,0.27000000,云南白药
2018-08-07,000538,51.47000000,51.81000000,52.11000000,49.55000000,35138,329396048.00000000,4.97000000,0.66000000,0.34000000,0.34000000,云南白药
2018-08-08,000538,51.74000000,50.09000000,51.74000000,49.97000000,20838,194195898.00000000,3.42000000,-3.32000000,-1.72000000,0.20000000,云南白药
2018-08-09,000538,49.97000000,50.77000000,51.27000000,49.05000000,31219,291816880.00000000,4.43000000,1.36000000,0.68000000,0.30000000,云南白药
2018-08-10,000538,50.64000000,52.11000000,52.19000000,50.35000000,29581,280704080.00000000,3.62000000,2.64000000,1.34000000,0.28000000,云南白药
2018-08-13,000538,51.76000000,50.86000000,51.76000000,49.97000000,36347,339236368.00000000,3.44000000,-2.40000000,-1.25000000,0.35000000,云南白药
2018-08-14,000538,50.61000000,49.57000000,50.65000000,49.00000000,32135,296218768.00000000,3.24000000,-2.54000000,-1.29000000,0.31000000,云南白药
2018-08-15,000538,49.62000000,48.00000000,49.86000000,47.76000000,39630,357891664.00000000,4.24000000,-3.17000000,-1.57000000,0.38000000,云南白药
2018-08-16,000538,47.12000000,47.12000000,47.63000000,46.10000000,36730,325060496.00000000,3.19000000,-1.83000000,-0.88000000,0.35000000,云南白药
2018-08-17,000538,47.76000000,44.83000000,47.76000000,44.62000000,42112,364128384.00000000,6.66000000,-4.86000000,-2.29000000,0.40000000,云南白药
2018-08-20,000538,42.47000000,41.05000000,43.55000000,38.90000000,128340,1014344832.00000000,10.37000000,-8.43000000,-3.78000000,1.23000000,云南白药
2018-08-21,000538,41.22000000,42.19000000,42.47000000,40.47000000,69347,562052016.00000000,4.87000000,2.78000000,1.14000000,0.67000000,云南白药
2018-08-22,000538,42.18000000,41.12000000,42.18000000,40.68000000,44018,353896096.00000000,3.56000000,-2.54000000,-1.07000000,0.42000000,云南白药
2018-08-23,000538,41.19000000,41.08000000,41.74000000,40.69000000,27631,221319713.00000000,2.55000000,-0.10000000,-0.04000000,0.27000000,云南白药
2018-08-24,000538,41.02000000,39.88000000,41.18000000,39.41000000,40032,314330160.00000000,4.31000000,-2.92000000,-1.20000000,0.38000000,云南白药
2018-08-27,000538,40.19000000,42.32000000,42.92000000,40.19000000,69777,566868016.00000000,6.85000000,6.12000000,2.44000000,0.67000000,云南白药
2018-08-28,000538,42.47000000,41.12000000,42.65000000,40.62000000,67684,543403472.00000000,4.80000000,-2.84000000,-1.20000000,0.65000000,云南白药
2018-08-29,000538,41.05000000,41.10000000,41.39000000,40.33000000,34860,277715472.00000000,2.58000000,-0.05000000,-0.02000000,0.33000000,云南白药
2018-08-30,000538,40.89000000,41.13000000,42.23000000,40.73000000,36794,296057472.00000000,3.65000000,0.07000000,0.03000000,0.35000000,云南白药
2018-08-31,000538,41.05000000,40.76000000,41.11000000,38.97000000,37033,292086288.00000000,5.20000000,-0.90000000,-0.37000000,0.36000000,云南白药
2018-09-03,000538,40.19000000,39.62000000,40.30000000,39.39000000,30337,236415080.00000000,2.23000000,-2.80000000,-1.14000000,0.29000000,云南白药
2018-09-04,000538,39.40000000,39.90000000,40.08000000,39.01000000,31954,248930745.00000000,2.70000000,0.71000000,0.28000000,0.31000000,云南白药
2018-09-05,000538,39.90000000,38.95000000,39.90000000,38.80000000,35032,271034176.00000000,2.76000000,-2.38000000,-0.95000000,0.34000000,云南白药
2018-09-06,000538,38.42000000,37.70000000,39.20000000,37.19000000,40610,307033792.00000000,5.16000000,-3.21000000,-1.25000000,0.39000000,云南白药
2018-09-07,000538,37.76000000,37.49000000,38.47000000,36.96000000,46261,348105056.00000000,4.01000000,-0.56000000,-0.21000000,0.44000000,云南白药
2018-09-10,000538,37.55000000,36.26000000,38.12000000,35.90000000,42425,312783280.00000000,5.92000000,-3.28000000,-1.23000000,0.41000000,云南白药
2018-09-11,000538,37.05000000,36.30000000,37.05000000,35.90000000,30339,222764185.00000000,3.17000000,0.11000000,0.04000000,0.29000000,云南白药
2018-09-12,000538,36.29000000,35.76000000,36.30000000,35.52000000,37792,274612096.00000000,2.15000000,-1.49000000,-0.54000000,0.36000000,云南白药
2018-09-13,000538,36.39000000,36.02000000,36.47000000,34.74000000,33628,243100410.00000000,4.84000000,0.73000000,0.26000000,0.32000000,云南白药
2018-09-14,000538,36.02000000,36.25000000,36.65000000,35.35000000,31089,226727542.00000000,3.61000000,0.64000000,0.23000000,0.30000000,云南白药
2018-09-17,000538,35.69000000,34.12000000,35.69000000,33.19000000,57426,404108704.00000000,6.90000000,-5.88000000,-2.13000000,0.55000000,云南白药
2018-09-18,000538,34.09000000,34.07000000,34.51000000,33.08000000,69877,486589120.00000000,4.19000000,-0.15000000,-0.05000000,0.67000000,云南白药
2018-11-23,000538,33.06000000,37.50000000,38.17000000,32.83000000,258822,1910241472.00000000,15.67000000,10.07000000,3.43000000,2.49000000,云南白药
2018-11-26,000538,36.05000000,35.12000000,37.14000000,34.62000000,83920,606695680.00000000,6.72000000,-6.35000000,-2.38000000,0.81000000,云南白药
2018-11-27,000538,33.91000000,34.42000000,36.32000000,33.91000000,55138,392992608.00000000,6.86000000,-1.99000000,-0.70000000,0.53000000,云南白药
2018-11-28,000538,34.66000000,34.10000000,34.87000000,32.97000000,53909,377514272.00000000,5.52000000,-0.93000000,-0.32000000,0.52000000,云南白药
2018-11-29,000538,34.33000000,36.00000000,36.57000000,34.33000000,99626,722524096.00000000,6.57000000,5.57000000,1.90000000,0.96000000,云南白药
2018-11-30,000538,35.33000000,37.12000000,37.39000000,35.19000000,80588,596960272.00000000,6.11000000,3.11000000,1.12000000,0.77000000,云南白药
2018-12-03,000538,37.90000000,38.10000000,39.30000000,37.34000000,90345,683716704.00000000,5.28000000,2.64000000,0.98000000,0.87000000,云南白药
2018-12-04,000538,38.08000000,37.75000000,38.08000000,37.19000000,45555,342130368.00000000,2.34000000,-0.92000000,-0.35000000,0.44000000,云南白药
2018-12-05,000538,36.56000000,38.62000000,39.10000000,36.56000000,84519,644766624.00000000,6.73000000,2.30000000,0.87000000,0.81000000,云南白药
2018-12-06,000538,38.05000000,37.49000000,39.26000000,37.00000000,56695,429926976.00000000,5.85000000,-2.93000000,-1.13000000,0.54000000,云南白药
2018-12-07,000538,37.14000000,38.24000000,38.67000000,36.90000000,54323,411638032.00000000,4.72000000,2.00000000,0.75000000,0.52000000,云南白药
2018-12-10,000538,37.94000000,38.37000000,38.66000000,37.25000000,44734,337797184.00000000,3.69000000,0.34000000,0.13000000,0.43000000,云南白药
2018-12-11,000538,38.47000000,39.24000000,39.43000000,38.47000000,49628,383480016.00000000,2.50000000,2.27000000,0.87000000,0.48000000,云南白药
2018-12-12,000538,39.47000000,38.97000000,40.25000000,38.83000000,40979,319691376.00000000,3.62000000,-0.69000000,-0.27000000,0.39000000,云南白药
2018-12-13,000538,38.97000000,40.53000000,41.02000000,38.97000000,59721,470797472.00000000,5.26000000,4.00000000,1.56000000,0.57000000,云南白药
2018-12-14,000538,40.51000000,40.33000000,40.87000000,39.96000000,43560,344652224.00000000,2.25000000,-0.49000000,-0.20000000,0.42000000,云南白药
2018-12-17,000538,40.24000000,39.19000000,40.24000000,38.75000000,54558,423445840.00000000,3.69000000,-2.83000000,-1.14000000,0.52000000,云南白药
2018-12-18,000538,38.96000000,38.51000000,39.40000000,38.00000000,30903,236204913.00000000,3.57000000,-1.74000000,-0.68000000,0.30000000,云南白药
2018-12-19,000538,38.52000000,36.69000000,38.55000000,36.67000000,45661,341006400.00000000,4.88000000,-4.73000000,-1.82000000,0.44000000,云南白药
2018-12-20,000538,35.97000000,35.58000000,36.65000000,35.11000000,33232,240865313.00000000,4.20000000,-3.03000000,-1.11000000,0.32000000,云南白药
2018-12-21,000538,35.55000000,34.80000000,35.58000000,34.10000000,31146,221683642.00000000,4.16000000,-2.19000000,-0.78000000,0.30000000,云南白药
2018-12-24,000538,35.30000000,37.45000000,37.83000000,34.97000000,40474,299240032.00000000,8.22000000,7.61000000,2.65000000,0.39000000,云南白药
2018-12-25,000538,37.02000000,37.50000000,37.82000000,36.32000000,28351,210604621.00000000,4.01000000,0.13000000,0.05000000,0.27000000,云南白药
2018-12-26,000538,37.47000000,37.49000000,38.58000000,37.12000000,24982,189087162.00000000,3.89000000,-0.03000000,-0.01000000,0.24000000,云南白药
2018-12-27,000538,38.12000000,37.61000000,38.47000000,37.61000000,23979,181359151.00000000,2.29000000,0.32000000,0.12000000,0.23000000,云南白药
2018-12-28,000538,37.62000000,36.73000000,37.89000000,36.40000000,24618,183010640.00000000,3.96000000,-2.34000000,-0.88000000,0.24000000,云南白药
2019-01-02,000538,37.19000000,35.28000000,37.25000000,35.12000000,39175,283258336.00000000,5.80000000,-3.95000000,-1.45000000,0.38000000,云南白药
2019-01-03,000538,35.70000000,33.90000000,35.70000000,33.46000000,53736,377536912.00000000,6.35000000,-3.91000000,-1.38000000,0.52000000,云南白药
2019-01-04,000538,33.20000000,34.58000000,35.05000000,33.19000000,28201,199110895.00000000,5.49000000,2.01000000,0.68000000,0.27000000,云南白药
2019-01-07,000538,35.17000000,35.62000000,35.87000000,34.19000000,42819,308707904.00000000,4.86000000,3.01000000,1.04000000,0.41000000,云南白药
2019-01-08,000538,35.50000000,36.90000000,37.29000000,35.19000000,47934,352379680.00000000,5.90000000,3.59000000,1.28000000,0.46000000,云南白药
2019-01-09,000538,36.95000000,36.98000000,38.28000000,36.67000000,54877,413092240.00000000,4.36000000,0.22000000,0.08000000,0.53000000,云南白药
2019-01-10,000538,36.68000000,36.50000000,37.55000000,36.28000000,25162,185929246.00000000,3.43000000,-1.30000000,-0.48000000,0.24000000,云南白药
2019-01-11,000538,36.54000000,36.56000000,36.90000000,35.57000000,29551,216115392.00000000,3.64000000,0.16000000,0.06000000,0.28000000,云南白药
2019-01-14,000538,36.69000000,35.39000000,36.76000000,35.34000000,28748,209015803.00000000,3.88000000,-3.20000000,-1.17000000,0.28000000,云南白药
2019-01-15,000538,35.39000000,37.57000000,37.69000000,35.39000000,38232,283569712.00000000,6.50000000,6.16000000,2.18000000,0.37000000,云南白药
2019-01-16,000538,37.93000000,38.90000000,38.97000000,37.55000000,50812,388335984.00000000,3.78000000,3.54000000,1.33000000,0.49000000,云南白药
2019-01-17,000538,38.90000000,38.08000000,39.32000000,37.94000000,36775,281519872.00000000,3.55000000,-2.11000000,-0.82000000,0.35000000,云南白药
2019-01-18,000538,38.19000000,39.96000000,40.19000000,38.13000000,54558,424090400.00000000,5.41000000,4.94000000,1.88000000,0.52000000,云南白药
2019-01-21,000538,39.95000000,39.99000000,40.65000000,39.47000000,50002,393424624.00000000,2.95000000,0.08000000,0.03000000,0.48000000,云南白药
2019-01-22,000538,39.90000000,39.15000000,39.90000000,38.69000000,33468,258742985.00000000,3.03000000,-2.10000000,-0.84000000,0.32000000,云南白药
2019-01-23,000538,38.76000000,40.18000000,40.47000000,38.76000000,35891,281421888.00000000,4.37000000,2.63000000,1.03000000,0.34000000,云南白药
2019-01-24,000538,40.01000000,40.77000000,40.93000000,39.15000000,32670,258547861.00000000,4.43000000,1.47000000,0.59000000,0.31000000,云南白药
2019-01-25,000538,40.78000000,39.78000000,41.17000000,39.62000000,28300,223708776.00000000,3.80000000,-2.43000000,-0.99000000,0.27000000,云南白药
2019-01-28,000538,39.82000000,39.62000000,40.63000000,38.72000000,48860,380856896.00000000,4.80000000,-0.40000000,-0.16000000,0.47000000,云南白药
2019-01-29,000538,39.55000000,40.32000000,40.42000000,39.16000000,32607,256154601.00000000,3.18000000,1.77000000,0.70000000,0.31000000,云南白药
2019-01-30,000538,40.10000000,39.40000000,40.46000000,39.17000000,23816,185546115.00000000,3.20000000,-2.28000000,-0.92000000,0.23000000,云南白药
2019-01-31,000538,39.30000000,39.42000000,39.96000000,38.97000000,29451,229450272.00000000,2.51000000,0.05000000,0.02000000,0.28000000,云南白药
2019-02-01,000538,39.85000000,41.73000000,42.11000000,39.43000000,38811,311387296.00000000,6.80000000,5.86000000,2.31000000,0.37000000,云南白药
2019-02-11,000538,41.40000000,43.40000000,43.76000000,41.23000000,42832,354456592.00000000,6.06000000,4.00000000,1.67000000,0.41000000,云南白药
2019-02-12,000538,43.50000000,44.72000000,45.32000000,43.16000000,56852,481449968.00000000,4.98000000,3.04000000,1.32000000,0.55000000,云南白药
2019-02-13,000538,44.67000000,45.01000000,45.44000000,44.17000000,40594,345800400.00000000,2.84000000,0.65000000,0.29000000,0.39000000,云南白药
2019-02-14,000538,45.02000000,44.40000000,45.02000000,43.82000000,44663,377192752.00000000,2.67000000,-1.36000000,-0.61000000,0.43000000,云南白药
2019-02-15,000538,44.19000000,43.05000000,44.19000000,42.70000000,40382,336046496.00000000,3.36000000,-3.04000000,-1.35000000,0.39000000,云南白药
2019-02-18,000538,43.15000000,44.79000000,44.90000000,43.15000000,42845,362474688.00000000,4.07000000,4.04000000,1.74000000,0.41000000,云南白药
2019-02-19,000538,44.82000000,43.65000000,44.82000000,43.32000000,38277,322353328.00000000,3.35000000,-2.55000000,-1.14000000,0.37000000,云南白药
2019-02-20,000538,43.64000000,43.75000000,44.08000000,43.23000000,32412,270940880.00000000,1.95000000,0.23000000,0.10000000,0.31000000,云南白药
2019-02-21,000538,43.75000000,43.10000000,43.85000000,43.00000000,30526,254290370.00000000,1.94000000,-1.49000000,-0.65000000,0.29000000,云南白药
2019-02-22,000538,43.09000000,43.27000000,43.32000000,42.05000000,39011,320858080.00000000,2.95000000,0.39000000,0.17000000,0.37000000,云南白药
2019-02-25,000538,43.33000000,44.65000000,44.96000000,43.20000000,104468,880155296.00000000,4.07000000,3.19000000,1.38000000,1.00000000,云南白药
2019-02-26,000538,44.62000000,45.71000000,46.84000000,43.91000000,94088,815460272.00000000,6.56000000,2.37000000,1.06000000,0.90000000,云南白药
2019-02-27,000538,45.71000000,44.67000000,46.41000000,44.30000000,56768,489179872.00000000,4.62000000,-2.28000000,-1.04000000,0.55000000,云南白药
2019-03-01,000538,47.39000000,45.72000000,47.47000000,44.97000000,65970,569969712.00000000,5.60000000,2.35000000,1.05000000,0.63000000,云南白药
2019-03-04,000538,45.97000000,47.49000000,47.65000000,45.94000000,85777,758254928.00000000,3.74000000,3.87000000,1.77000000,0.82000000,云南白药
2019-03-05,000538,47.44000000,47.47000000,47.47000000,46.62000000,46569,412187744.00000000,1.79000000,-0.04000000,-0.02000000,0.45000000,云南白药
2019-03-06,000538,47.39000000,46.76000000,47.47000000,46.25000000,48139,423140928.00000000,2.57000000,-1.50000000,-0.71000000,0.46000000,云南白药
2019-03-07,000538,46.62000000,45.20000000,46.62000000,44.55000000,73369,630414320.00000000,4.43000000,-3.34000000,-1.56000000,0.70000000,云南白药
2019-03-08,000538,44.05000000,43.03000000,44.97000000,42.94000000,63809,535496320.00000000,4.49000000,-4.80000000,-2.17000000,0.61000000,云南白药
2019-03-11,000538,42.90000000,43.94000000,44.21000000,42.87000000,43772,365846064.00000000,3.11000000,2.11000000,0.91000000,0.42000000,云南白药
2019-03-12,000538,44.56000000,43.74000000,44.56000000,43.46000000,49615,416534944.00000000,2.50000000,-0.46000000,-0.20000000,0.48000000,云南白药
2019-03-13,000538,43.33000000,44.20000000,44.63000000,43.20000000,48860,410378928.00000000,3.27000000,1.05000000,0.46000000,0.47000000,云南白药
2019-03-14,000538,44.20000000,44.33000000,44.82000000,43.92000000,38832,328952240.00000000,2.04000000,0.29000000,0.13000000,0.37000000,云南白药
2019-03-15,000538,44.40000000,43.97000000,44.90000000,43.52000000,48923,413603552.00000000,3.11000000,-0.81000000,-0.36000000,0.47000000,云南白药
2019-03-18,000538,44.02000000,46.70000000,46.75000000,43.90000000,114354,988415456.00000000,6.48000000,6.21000000,2.73000000,1.10000000,云南白药
2019-03-19,000538,46.76000000,45.54000000,46.90000000,44.97000000,81443,703807200.00000000,4.13000000,-2.48000000,-1.16000000,0.78000000,云南白药
2019-03-20,000538,45.47000000,45.17000000,45.87000000,44.50000000,48344,414678960.00000000,3.01000000,-0.81000000,-0.37000000,0.46000000,云南白药
2019-03-21,000538,45.12000000,45.42000000,45.42000000,44.70000000,47667,408329664.00000000,1.59000000,0.55000000,0.25000000,0.46000000,云南白药
2019-03-22,000538,46.05000000,45.35000000,46.36000000,44.90000000,58720,507116144.00000000,3.21000000,-0.15000000,-0.07000000,0.56000000,云南白药
2019-03-25,000538,44.52000000,43.29000000,44.52000000,43.26000000,80171,670687952.00000000,2.78000000,-4.54000000,-2.06000000,0.77000000,云南白药
2019-03-26,000538,43.29000000,42.88000000,43.81000000,42.62000000,39441,327355200.00000000,2.75000000,-0.95000000,-0.41000000,0.38000000,云南白药
2019-03-27,000538,42.77000000,43.78000000,43.96000000,42.77000000,43582,364245360.00000000,2.78000000,2.10000000,0.90000000,0.42000000,云南白药
2019-03-28,000538,43.72000000,43.32000000,43.72000000,42.95000000,36480,302987600.00000000,1.76000000,-1.05000000,-0.46000000,0.35000000,云南白药
2019-03-29,000538,43.32000000,44.97000000,45.12000000,43.20000000,72727,617496176.00000000,4.43000000,3.81000000,1.65000000,0.70000000,云南白药
2019-04-01,000538,45.19000000,46.40000000,46.62000000,45.18000000,88580,770592960.00000000,3.20000000,3.18000000,1.43000000,0.85000000,云南白药
2019-04-02,000538,46.27000000,45.80000000,46.27000000,45.26000000,67464,582192016.00000000,2.18000000,-1.29000000,-0.60000000,0.65000000,云南白药
2019-04-03,000538,45.77000000,45.08000000,47.33000000,43.34000000,158242,1363511360.00000000,8.71000000,-1.57000000,-0.72000000,1.52000000,云南白药
2019-04-04,000538,44.62000000,44.52000000,44.65000000,43.68000000,97524,821916688.00000000,2.15000000,-1.24000000,-0.56000000,0.94000000,云南白药
2019-04-08,000538,44.55000000,45.00000000,45.68000000,44.26000000,88462,754420048.00000000,3.19000000,1.08000000,0.48000000,0.85000000,云南白药
2019-04-09,000538,45.33000000,48.90000000,49.26000000,44.77000000,183973,1630668816.00000000,9.98000000,8.67000000,3.90000000,1.77000000,云南白药
2019-04-10,000538,48.90000000,51.11000000,54.53000000,48.47000000,171285,1619425360.00000000,12.39000000,4.52000000,2.21000000,1.64000000,云南白药
2019-04-11,000538,50.69000000,48.76000000,51.02000000,48.23000000,105491,966954656.00000000,5.46000000,-4.60000000,-2.35000000,1.01000000,云南白药
2019-04-12,000538,48.90000000,48.17000000,49.40000000,47.47000000,71104,640662400.00000000,3.96000000,-1.21000000,-0.59000000,0.68000000,云南白药
2019-04-15,000538,48.46000000,47.58000000,50.01000000,47.57000000,64122,581373200.00000000,5.07000000,-1.22000000,-0.59000000,0.62000000,云南白药
2019-04-16,000538,47.56000000,48.30000000,48.30000000,46.76000000,57566,513690832.00000000,3.24000000,1.51000000,0.72000000,0.55000000,云南白药
2019-04-17,000538,48.12000000,49.04000000,49.54000000,47.64000000,60088,545250976.00000000,3.93000000,1.53000000,0.74000000,0.58000000,云南白药
2019-04-18,000538,48.90000000,48.23000000,49.55000000,48.19000000,46469,422478112.00000000,2.77000000,-1.65000000,-0.81000000,0.45000000,云南白药
2019-04-19,000538,48.13000000,48.15000000,48.80000000,47.25000000,43809,391943312.00000000,3.21000000,-0.17000000,-0.08000000,0.42000000,云南白药
2019-04-22,000538,48.15000000,49.49000000,49.60000000,47.85000000,74384,676735728.00000000,3.63000000,2.78000000,1.34000000,0.71000000,云南白药
2019-04-23,000538,49.05000000,48.76000000,49.50000000,48.62000000,49056,446792080.00000000,1.78000000,-1.48000000,-0.73000000,0.47000000,云南白药
2019-04-24,000538,48.97000000,49.62000000,49.95000000,48.97000000,56146,515562896.00000000,2.01000000,1.76000000,0.86000000,0.54000000,云南白药
2019-04-25,000538,49.84000000,47.76000000,49.97000000,47.64000000,46251,417859792.00000000,4.70000000,-3.75000000,-1.86000000,0.44000000,云南白药
2019-04-26,000538,47.69000000,45.48000000,47.69000000,45.48000000,62655,545745728.00000000,4.63000000,-4.77000000,-2.28000000,0.60000000,云南白药
2019-04-29,000538,45.48000000,46.44000000,47.40000000,45.03000000,49825,437049760.00000000,5.21000000,2.11000000,0.96000000,0.48000000,云南白药
2019-04-30,000538,46.05000000,47.12000000,47.40000000,45.76000000,39172,344361760.00000000,3.53000000,1.46000000,0.68000000,0.38000000,云南白药
2019-05-06,000538,45.69000000,42.48000000,45.70000000,41.69000000,87320,731944336.00000000,8.51000000,-9.85000000,-4.64000000,0.84000000,云南白药
2019-05-07,000538,42.75000000,44.00000000,44.25000000,42.75000000,44316,370525296.00000000,3.53000000,3.58000000,1.52000000,0.43000000,云南白药
2019-05-08,000538,42.62000000,43.90000000,44.80000000,42.40000000,45270,381546544.00000000,5.45000000,-0.23000000,-0.10000000,0.43000000,云南白药
2019-05-09,000538,43.36000000,40.61000000,43.82000000,39.97000000,75055,605515072.00000000,8.77000000,-7.49000000,-3.29000000,0.72000000,云南白药
2019-05-10,000538,41.05000000,41.05000000,41.65000000,39.62000000,68936,551743744.00000000,5.00000000,1.08000000,0.44000000,0.66000000,云南白药
2019-05-13,000538,40.79000000,40.40000000,41.05000000,39.51000000,34885,276391104.00000000,3.75000000,-1.58000000,-0.65000000,0.33000000,云南白药
2019-05-14,000538,40.15000000,40.10000000,40.97000000,39.83000000,38810,306453008.00000000,2.82000000,-0.74000000,-0.30000000,0.37000000,云南白药
2019-05-15,000538,40.12000000,41.05000000,41.15000000,39.70000000,76427,608212720.00000000,3.62000000,2.37000000,0.95000000,0.73000000,云南白药
2019-05-29,000538,41.05000000,40.28000000,41.76000000,35.41000000,72149,563551568.00000000,15.47000000,-1.88000000,-0.77000000,0.69000000,云南白药
2019-05-30,000538,40.25000000,39.97000000,40.25000000,39.25000000,34576,270722592.00000000,2.48000000,-0.77000000,-0.31000000,0.33000000,云南白药
2019-05-31,000538,39.96000000,39.40000000,41.05000000,39.40000000,38993,307393648.00000000,4.13000000,-1.43000000,-0.57000000,0.37000000,云南白药
2019-06-03,000538,39.46000000,40.13000000,40.45000000,39.46000000,36056,283565328.00000000,2.51000000,1.85000000,0.73000000,0.35000000,云南白药
2019-06-04,000538,40.30000000,39.66000000,40.80000000,39.33000000,32609,254567511.00000000,3.66000000,-1.17000000,-0.47000000,0.31000000,云南白药
2019-06-05,000538,39.62000000,38.55000000,40.23000000,38.44000000,43545,326375184.00000000,4.51000000,-2.80000000,-1.11000000,0.42000000,云南白药
2019-06-06,000538,38.55000000,38.43000000,38.88000000,38.22000000,41898,311859168.00000000,1.71000000,-0.31000000,-0.12000000,0.40000000,云南白药
2019-06-10,000538,38.43000000,39.17000000,39.40000000,37.72000000,31818,238449319.00000000,4.37000000,1.93000000,0.74000000,0.31000000,云南白药
2019-06-11,000538,39.17000000,40.87000000,40.95000000,39.00000000,41321,317443952.00000000,4.98000000,4.34000000,1.70000000,0.40000000,云南白药
2019-06-12,000538,40.42000000,40.64000000,40.94000000,40.12000000,25285,195149206.00000000,2.01000000,-0.56000000,-0.23000000,0.24000000,云南白药
2019-06-13,000538,40.63000000,40.92000000,41.05000000,39.98000000,21731,168240055.00000000,2.63000000,0.69000000,0.28000000,0.21000000,云南白药
2019-06-14,000538,40.92000000,40.74000000,41.25000000,40.55000000,21542,167554634.00000000,1.71000000,-0.44000000,-0.18000000,0.21000000,云南白药
2019-06-17,000538,40.81000000,40.45000000,41.39000000,40.35000000,27297,211980920.00000000,2.55000000,-0.71000000,-0.29000000,0.26000000,云南白药
2019-06-18,000538,40.90000000,40.45000000,40.95000000,39.99000000,28111,216288445.00000000,2.37000000,0.00000000,0.00000000,0.27000000,云南白药
2019-06-19,000538,41.15000000,41.01000000,41.47000000,40.75000000,33934,264524728.00000000,1.78000000,1.38000000,0.56000000,0.33000000,云南白药
2019-06-20,000538,41.01000000,41.66000000,42.40000000,40.80000000,65016,513027248.00000000,3.90000000,1.58000000,0.65000000,0.62000000,云南白药
2019-06-21,000538,41.68000000,41.72000000,42.05000000,41.47000000,46695,368537968.00000000,1.39000000,0.14000000,0.06000000,0.45000000,云南白药
2019-06-24,000538,41.72000000,42.18000000,42.31000000,41.25000000,38013,301147552.00000000,2.54000000,1.10000000,0.46000000,0.37000000,云南白药
2019-06-25,000538,42.20000000,42.98000000,43.02000000,41.83000000,54869,438784944.00000000,2.82000000,1.90000000,0.80000000,0.53000000,云南白药
2019-06-26,000538,42.90000000,43.22000000,43.45000000,42.40000000,33434,269142720.00000000,2.44000000,0.56000000,0.24000000,0.32000000,云南白药
2019-06-27,000538,42.95000000,45.17000000,45.39000000,42.95000000,52676,434552832.00000000,5.65000000,4.51000000,1.95000000,0.51000000,云南白药
2019-06-28,000538,45.19000000,44.92000000,45.19000000,44.27000000,34460,285932464.00000000,2.04000000,-0.55000000,-0.25000000,0.33000000,云南白药
2019-07-01,000538,45.45000000,45.62000000,46.40000000,45.45000000,43416,367490896.00000000,2.11000000,1.56000000,0.70000000,0.42000000,云南白药
2019-07-02,000538,46.25000000,45.97000000,46.25000000,45.34000000,41670,352528320.00000000,1.99000000,0.77000000,0.35000000,0.68000000,云南白药
2019-07-03,000538,45.60000000,45.44000000,45.95000000,45.05000000,41898,352571280.00000000,1.96000000,-1.15000000,-0.53000000,0.69000000,云南白药
2019-07-04,000538,45.39000000,44.77000000,45.55000000,44.22000000,37852,314713776.00000000,2.93000000,-1.47000000,-0.67000000,0.62000000,云南白药
2019-07-05,000538,44.97000000,45.40000000,45.90000000,44.76000000,24530,205968186.00000000,2.55000000,1.41000000,0.63000000,0.40000000,云南白药
2019-07-08,000538,45.40000000,43.83000000,45.40000000,43.01000000,35996,296150256.00000000,5.26000000,-3.46000000,-1.57000000,0.59000000,云南白药
2019-07-09,000538,43.87000000,44.09000000,44.60000000,43.86000000,19642,161979360.00000000,1.69000000,0.59000000,0.26000000,0.32000000,云南白药
2019-07-10,000538,44.74000000,43.97000000,44.87000000,43.51000000,21860,179593484.00000000,3.08000000,-0.27000000,-0.12000000,0.36000000,云南白药
2019-07-11,000538,43.90000000,42.98000000,44.27000000,42.80000000,32232,262412639.00000000,3.34000000,-2.25000000,-0.99000000,0.53000000,云南白药
2019-07-12,000538,43.35000000,43.64000000,44.02000000,43.21000000,28075,229441779.00000000,1.88000000,1.54000000,0.66000000,0.46000000,云南白药
2019-07-15,000538,43.61000000,43.60000000,43.87000000,42.39000000,39211,317195136.00000000,3.39000000,-0.09000000,-0.04000000,0.64000000,云南白药
2019-07-16,000538,43.80000000,42.57000000,44.00000000,42.52000000,31950,257791750.00000000,3.39000000,-2.36000000,-1.03000000,0.52000000,云南白药
2019-07-17,000538,42.51000000,41.06000000,42.51000000,40.76000000,51545,404375856.00000000,4.11000000,-3.55000000,-1.51000000,0.85000000,云南白药
2019-07-18,000538,40.90000000,40.00000000,41.10000000,39.67000000,45017,345336320.00000000,3.48000000,-2.58000000,-1.06000000,0.74000000,云南白药
2019-07-19,000538,40.30000000,40.05000000,40.62000000,39.83000000,34728,266141815.00000000,1.98000000,0.13000000,0.05000000,0.57000000,云南白药
2019-07-22,000538,40.06000000,39.44000000,40.35000000,39.29000000,31427,238749529.00000000,2.65000000,-1.52000000,-0.61000000,0.52000000,云南白药
2019-07-23,000538,39.62000000,40.78000000,41.00000000,39.41000000,50382,388916768.00000000,4.03000000,3.40000000,1.34000000,0.83000000,云南白药
2019-07-24,000538,41.03000000,40.67000000,41.19000000,40.52000000,28923,224805061.00000000,1.64000000,-0.27000000,-0.11000000,0.47000000,云南白药
2019-07-25,000538,40.77000000,41.47000000,41.60000000,40.48000000,32389,253693049.00000000,2.75000000,1.97000000,0.80000000,0.53000000,云南白药
2019-07-26,000538,41.46000000,40.88000000,42.11000000,40.76000000,51905,405941360.00000000,3.26000000,-1.42000000,-0.59000000,0.85000000,云南白药
2019-07-29,000538,40.90000000,39.62000000,41.19000000,39.51000000,63112,482325584.00000000,4.11000000,-3.08000000,-1.26000000,1.04000000,云南白药
2019-07-30,000538,39.48000000,39.44000000,39.97000000,39.26000000,47663,361866080.00000000,1.79000000,-0.45000000,-0.18000000,0.78000000,云南白药
2019-07-31,000538,39.45000000,39.56000000,39.83000000,39.30000000,29673,225549032.00000000,1.34000000,0.30000000,0.12000000,0.49000000,云南白药
2019-08-01,000538,39.69000000,39.42000000,39.69000000,39.07000000,28751,217318842.00000000,1.57000000,-0.35000000,-0.14000000,0.47000000,云南白药
2019-08-02,000538,38.98000000,39.18000000,39.25000000,38.68000000,24156,181619981.00000000,1.45000000,-0.61000000,-0.24000000,0.40000000,云南白药
2019-08-05,000538,39.12000000,38.47000000,39.16000000,38.19000000,25607,191330720.00000000,2.48000000,-1.81000000,-0.71000000,0.42000000,云南白药
2019-08-06,000538,37.76000000,38.69000000,38.80000000,37.55000000,46858,348204528.00000000,3.25000000,0.57000000,0.22000000,0.77000000,云南白药
2019-08-07,000538,38.68000000,38.42000000,39.00000000,38.40000000,25681,191368057.00000000,1.55000000,-0.70000000,-0.27000000,0.42000000,云南白药
2019-08-08,000538,38.64000000,39.10000000,39.23000000,38.51000000,21586,162053436.00000000,1.87000000,1.77000000,0.68000000,0.35000000,云南白药
2019-08-09,000538,39.17000000,38.40000000,39.53000000,38.33000000,27569,206017447.00000000,3.07000000,-1.79000000,-0.70000000,0.45000000,云南白药
2019-08-12,000538,38.47000000,39.30000000,39.37000000,38.47000000,22474,169037593.00000000,2.34000000,2.34000000,0.90000000,0.37000000,云南白药
2019-08-13,000538,39.26000000,39.62000000,39.67000000,38.90000000,20634,156218308.00000000,1.96000000,0.81000000,0.32000000,0.34000000,云南白药
2019-08-14,000538,39.83000000,39.40000000,40.10000000,39.22000000,23535,178853117.00000000,2.22000000,-0.56000000,-0.22000000,0.39000000,云南白药
2019-08-15,000538,38.69000000,39.04000000,39.33000000,38.37000000,23573,176570081.00000000,2.44000000,-0.91000000,-0.36000000,0.39000000,云南白药
2019-08-16,000538,39.18000000,39.15000000,39.80000000,38.56000000,29663,223587853.00000000,3.18000000,0.28000000,0.11000000,0.49000000,云南白药
2019-08-19,000538,39.19000000,40.14000000,40.32000000,39.19000000,44911,342429008.00000000,2.89000000,2.53000000,0.99000000,0.74000000,云南白药
2019-08-20,000538,39.97000000,41.05000000,41.60000000,39.87000000,40106,311332416.00000000,4.31000000,2.27000000,0.91000000,0.66000000,云南白药
2019-08-21,000538,41.18000000,40.59000000,41.18000000,40.22000000,24602,189989133.00000000,2.34000000,-1.12000000,-0.46000000,0.40000000,云南白药
2019-08-22,000538,40.30000000,40.55000000,40.69000000,39.97000000,31333,240778275.00000000,1.77000000,-0.10000000,-0.04000000,0.51000000,云南白药
2019-08-23,000538,40.67000000,40.95000000,41.60000000,40.12000000,29375,228705808.00000000,3.65000000,0.99000000,0.40000000,0.48000000,云南白药
2019-08-26,000538,40.22000000,41.94000000,42.47000000,39.99000000,55160,435076720.00000000,6.06000000,2.42000000,0.99000000,0.91000000,云南白药
2019-08-27,000538,42.46000000,42.37000000,42.85000000,41.90000000,54858,438835920.00000000,2.27000000,1.03000000,0.43000000,0.90000000,云南白药
2019-08-28,000538,42.16000000,41.55000000,42.66000000,41.26000000,38581,304490160.00000000,3.30000000,-1.94000000,-0.82000000,0.63000000,云南白药
2019-08-29,000538,40.93000000,39.98000000,40.93000000,39.98000000,70164,539272864.00000000,2.29000000,-3.78000000,-1.57000000,1.15000000,云南白药
2019-08-30,000538,39.99000000,40.12000000,40.45000000,39.62000000,59000,451168064.00000000,2.08000000,0.35000000,0.14000000,0.97000000,云南白药
2019-09-02,000538,39.77000000,39.66000000,40.04000000,38.96000000,68224,516518368.00000000,2.69000000,-1.15000000,-0.46000000,1.12000000,云南白药
2019-09-03,000538,39.64000000,39.31000000,39.65000000,39.05000000,40266,303931184.00000000,1.51000000,-0.88000000,-0.35000000,0.66000000,云南白药
2019-09-04,000538,39.29000000,39.66000000,39.67000000,39.05000000,38492,291480176.00000000,1.58000000,0.89000000,0.35000000,0.63000000,云南白药
2019-09-05,000538,39.69000000,39.62000000,40.26000000,39.26000000,68504,523360608.00000000,2.52000000,-0.10000000,-0.04000000,1.12000000,云南白药
2019-09-06,000538,39.75000000,39.69000000,39.88000000,39.37000000,43302,328685840.00000000,1.29000000,0.18000000,0.07000000,0.71000000,云南白药
2019-09-09,000538,39.89000000,40.10000000,40.12000000,39.62000000,44293,338241280.00000000,1.26000000,1.03000000,0.41000000,0.73000000,云南白药
2019-09-10,000538,40.10000000,41.05000000,41.05000000,39.83000000,81685,632589600.00000000,3.04000000,2.37000000,0.95000000,1.34000000,云南白药
2019-09-11,000538,41.05000000,39.98000000,41.11000000,39.89000000,66495,511655344.00000000,2.97000000,-2.61000000,-1.07000000,1.09000000,云南白药
2019-09-12,000538,40.01000000,40.05000000,40.17000000,39.77000000,38435,294012816.00000000,1.00000000,0.18000000,0.07000000,0.63000000,云南白药
2019-09-16,000538,40.01000000,40.65000000,40.89000000,40.01000000,49808,385211088.00000000,2.20000000,1.50000000,0.60000000,0.82000000,云南白药
2019-09-17,000538,40.65000000,40.20000000,40.83000000,40.03000000,36471,280949552.00000000,1.97000000,-1.11000000,-0.45000000,0.60000000,云南白药
2019-09-18,000538,40.20000000,40.67000000,40.93000000,40.20000000,35533,275192336.00000000,1.82000000,1.17000000,0.47000000,0.58000000,云南白药
2019-09-19,000538,40.80000000,40.63000000,40.83000000,40.38000000,31663,245214356.00000000,1.11000000,-0.10000000,-0.04000000,0.52000000,云南白药
2019-09-20,000538,40.69000000,40.76000000,41.17000000,40.37000000,51467,399147984.00000000,1.97000000,0.32000000,0.13000000,0.85000000,云南白药
2019-09-23,000538,40.76000000,39.75000000,40.77000000,39.62000000,38262,291638112.00000000,2.82000000,-2.48000000,-1.01000000,0.63000000,云南白药
2019-09-24,000538,39.75000000,39.72000000,39.98000000,39.62000000,29844,227578170.00000000,0.91000000,-0.08000000,-0.03000000,0.49000000,云南白药
2019-09-25,000538,39.79000000,40.94000000,41.76000000,38.98000000,98710,766804240.00000000,7.00000000,3.07000000,1.22000000,1.62000000,云南白药
2019-09-26,000538,40.93000000,40.39000000,41.40000000,40.17000000,46774,362603040.00000000,3.00000000,-1.34000000,-0.55000000,0.77000000,云南白药
2019-09-27,000538,39.87000000,39.95000000,40.39000000,39.66000000,25505,195152310.00000000,1.81000000,-1.09000000,-0.44000000,0.42000000,云南白药
2019-09-30,000538,39.95000000,39.65000000,40.19000000,39.63000000,17638,134742360.00000000,1.40000000,-0.75000000,-0.30000000,0.29000000,云南白药
2019-10-08,000538,39.65000000,40.18000000,40.45000000,39.62000000,22170,170116336.00000000,2.09000000,1.34000000,0.53000000,0.36000000,云南白药
2019-10-09,000538,40.19000000,39.76000000,40.19000000,39.43000000,25289,192372787.00000000,1.89000000,-1.05000000,-0.42000000,0.42000000,云南白药
2019-10-10,000538,39.67000000,39.30000000,39.75000000,39.15000000,35038,264739698.00000000,1.51000000,-1.16000000,-0.46000000,0.58000000,云南白药
2019-10-11,000538,39.45000000,39.67000000,39.70000000,39.19000000,27279,206973735.00000000,1.30000000,0.94000000,0.37000000,0.45000000,云南白药
2019-10-14,000538,41.12000000,45.10000000,45.10000000,40.77000000,231226,1874918080.00000000,10.92000000,13.69000000,5.43000000,3.80000000,云南白药
2019-10-15,000538,45.12000000,45.77000000,46.90000000,45.12000000,125655,1068093824.00000000,3.95000000,1.49000000,0.67000000,2.06000000,云南白药
2019-10-16,000538,45.68000000,43.97000000,46.50000000,43.76000000,110500,921789376.00000000,5.99000000,-3.93000000,-1.80000000,1.81000000,云南白药
2019-10-17,000538,44.33000000,43.60000000,44.47000000,43.34000000,80476,658136608.00000000,2.57000000,-0.84000000,-0.37000000,1.32000000,云南白药
2019-10-18,000538,44.05000000,42.37000000,44.15000000,42.15000000,93641,755717552.00000000,4.59000000,-2.82000000,-1.23000000,1.54000000,云南白药
2019-10-21,000538,42.46000000,43.38000000,43.67000000,42.12000000,86109,695840448.00000000,3.66000000,2.38000000,1.01000000,1.41000000,云南白药
2019-10-22,000538,43.15000000,43.54000000,44.29000000,42.90000000,51579,421022576.00000000,3.20000000,0.37000000,0.16000000,0.85000000,云南白药
2019-10-23,000538,43.52000000,43.05000000,44.22000000,42.69000000,44693,363272464.00000000,3.51000000,-1.13000000,-0.49000000,0.73000000,云南白药
2019-10-24,000538,43.15000000,42.47000000,43.31000000,42.12000000,40276,322758144.00000000,2.76000000,-1.35000000,-0.58000000,0.66000000,云南白药
2019-10-25,000538,42.48000000,43.03000000,43.68000000,42.10000000,39343,316533056.00000000,3.72000000,1.32000000,0.56000000,0.65000000,云南白药
2019-10-28,000538,43.47000000,43.03000000,43.88000000,42.47000000,74874,604019024.00000000,3.28000000,0.00000000,0.00000000,1.23000000,云南白药
2019-10-29,000538,43.97000000,47.62000000,48.26000000,43.97000000,187326,1603393328.00000000,9.97000000,10.67000000,4.59000000,3.08000000,云南白药
2019-10-30,000538,46.75000000,45.33000000,47.46000000,44.83000000,108360,914975168.00000000,5.52000000,-4.81000000,-2.29000000,1.78000000,云南白药
2019-10-31,000538,46.02000000,47.15000000,48.19000000,45.40000000,102286,881954832.00000000,6.15000000,4.02000000,1.82000000,1.68000000,云南白药
2019-11-01,000538,46.40000000,47.27000000,48.09000000,45.90000000,76715,665148784.00000000,4.64000000,0.25000000,0.12000000,1.26000000,云南白药
2019-11-04,000538,47.35000000,49.15000000,50.33000000,47.33000000,102136,912307984.00000000,6.35000000,3.98000000,1.88000000,1.68000000,云南白药
2019-11-05,000538,49.62000000,49.65000000,51.38000000,48.92000000,110886,1008198656.00000000,5.01000000,1.02000000,0.50000000,1.82000000,云南白药
2019-11-06,000538,50.00000000,48.56000000,50.03000000,48.40000000,72087,641056832.00000000,3.28000000,-2.20000000,-1.09000000,1.18000000,云南白药
2019-11-07,000538,48.82000000,50.00000000,50.76000000,48.80000000,56987,515867600.00000000,4.04000000,2.97000000,1.44000000,0.94000000,云南白药
2019-11-08,000538,50.07000000,49.33000000,50.62000000,49.05000000,49981,450545968.00000000,3.14000000,-1.34000000,-0.67000000,0.82000000,云南白药
2019-11-11,000538,49.00000000,48.29000000,49.75000000,47.88000000,53266,472893744.00000000,3.79000000,-2.11000000,-1.04000000,0.87000000,云南白药
2019-11-12,000538,47.83000000,49.67000000,49.82000000,47.83000000,61100,544381392.00000000,4.12000000,2.86000000,1.38000000,1.00000000,云南白药
2019-11-13,000538,49.83000000,49.47000000,50.69000000,49.19000000,55809,502783520.00000000,3.02000000,-0.40000000,-0.20000000,0.92000000,云南白药
2019-11-14,000538,49.37000000,49.50000000,49.97000000,49.07000000,33537,302032000.00000000,1.82000000,0.06000000,0.03000000,0.55000000,云南白药
2019-11-15,000538,49.40000000,48.72000000,49.90000000,48.44000000,44573,397221456.00000000,2.95000000,-1.58000000,-0.78000000,0.73000000,云南白药
2019-11-18,000538,49.01000000,51.28000000,51.90000000,48.94000000,81157,742284816.00000000,6.08000000,5.25000000,2.56000000,1.33000000,云南白药
2019-11-19,000538,51.22000000,52.47000000,53.05000000,51.05000000,56734,531833376.00000000,3.90000000,2.32000000,1.19000000,0.95000000,云南白药
2019-11-20,000538,52.33000000,52.13000000,52.82000000,51.90000000,34786,326212608.00000000,1.75000000,-0.65000000,-0.34000000,0.58000000,云南白药
2019-11-21,000538,51.77000000,51.55000000,53.10000000,50.75000000,64536,597711472.00000000,4.51000000,-1.11000000,-0.58000000,1.08000000,云南白药
2019-11-22,000538,51.50000000,49.73000000,51.67000000,49.30000000,60883,552173536.00000000,4.60000000,-3.53000000,-1.82000000,1.02000000,云南白药
2019-11-25,000538,49.74000000,48.79000000,50.16000000,48.19000000,52078,464066944.00000000,3.96000000,-1.89000000,-0.94000000,0.87000000,云南白药
2019-11-26,000538,49.15000000,50.42000000,51.31000000,49.12000000,63587,577287616.00000000,4.49000000,3.34000000,1.63000000,1.06000000,云南白药
2019-11-27,000538,50.26000000,49.47000000,50.26000000,48.91000000,36144,324715264.00000000,2.68000000,-1.88000000,-0.95000000,0.60000000,云南白药
2019-11-28,000538,49.45000000,49.76000000,49.90000000,48.96000000,23944,215479761.00000000,1.90000000,0.59000000,0.29000000,0.40000000,云南白药
2019-11-29,000538,49.77000000,48.12000000,49.77000000,46.80000000,75217,657349632.00000000,5.97000000,-3.30000000,-1.64000000,1.26000000,云南白药
2019-12-02,000538,47.83000000,47.03000000,47.90000000,46.62000000,45275,391072640.00000000,2.66000000,-2.27000000,-1.09000000,0.76000000,云南白药
2019-12-03,000538,47.00000000,47.30000000,47.63000000,46.30000000,33702,290826080.00000000,2.83000000,0.57000000,0.27000000,0.56000000,云南白药
2019-12-04,000538,47.10000000,47.37000000,47.95000000,47.10000000,23512,204650013.00000000,1.80000000,0.15000000,0.07000000,0.39000000,云南白药
2019-12-05,000538,47.37000000,47.54000000,48.32000000,47.22000000,27044,235826899.00000000,2.32000000,0.36000000,0.17000000,0.45000000,云南白药
2019-12-06,000538,47.48000000,47.65000000,47.90000000,47.12000000,30348,264317778.00000000,1.64000000,0.23000000,0.11000000,0.51000000,云南白药
2019-12-09,000538,47.72000000,46.93000000,47.80000000,46.39000000,42808,368076320.00000000,2.96000000,-1.51000000,-0.72000000,0.71000000,云南白药
2019-12-10,000538,46.70000000,46.97000000,47.01000000,46.22000000,27104,232345918.00000000,1.68000000,0.09000000,0.04000000,0.45000000,云南白药
2019-12-11,000538,46.97000000,46.13000000,47.01000000,45.90000000,30608,261047296.00000000,2.36000000,-1.79000000,-0.84000000,0.51000000,云南白药
2019-12-12,000538,46.05000000,45.80000000,46.25000000,45.78000000,23654,200678863.00000000,1.02000000,-0.72000000,-0.33000000,0.39000000,云南白药
2019-12-13,000538,46.17000000,46.65000000,47.10000000,45.80000000,55119,472453408.00000000,2.84000000,1.86000000,0.85000000,0.92000000,云南白药
2019-12-16,000538,46.82000000,47.77000000,47.78000000,46.52000000,42477,368277456.00000000,2.70000000,2.40000000,1.12000000,0.71000000,云南白药
2019-12-17,000538,47.77000000,47.97000000,48.01000000,47.21000000,41681,363845040.00000000,1.67000000,0.42000000,0.20000000,0.70000000,云南白药
2019-12-18,000538,47.75000000,46.97000000,47.81000000,46.85000000,40642,352026064.00000000,2.00000000,-2.08000000,-1.00000000,0.68000000,云南白药
2019-12-19,000538,46.97000000,47.34000000,47.58000000,46.85000000,23936,207306178.00000000,1.55000000,0.79000000,0.37000000,0.40000000,云南白药
2019-12-20,000538,47.34000000,47.05000000,47.47000000,46.96000000,26403,228572213.00000000,1.08000000,-0.61000000,-0.29000000,0.44000000,云南白药
2019-12-23,000538,47.04000000,47.09000000,47.90000000,46.47000000,33207,288526528.00000000,3.04000000,0.09000000,0.04000000,0.55000000,云南白药
2019-12-24,000538,47.05000000,48.15000000,48.55000000,46.97000000,39421,346204400.00000000,3.36000000,2.25000000,1.06000000,0.66000000,云南白药
2019-12-25,000538,48.12000000,48.57000000,49.35000000,48.02000000,40607,361028944.00000000,2.76000000,0.87000000,0.42000000,0.68000000,云南白药
2019-12-26,000538,48.62000000,48.18000000,48.62000000,47.71000000,28447,249601031.00000000,1.87000000,-0.80000000,-0.39000000,0.48000000,云南白药
2019-12-27,000538,48.17000000,47.95000000,48.20000000,47.56000000,28895,252958002.00000000,1.33000000,-0.48000000,-0.23000000,0.48000000,云南白药
2019-12-30,000538,47.84000000,48.26000000,48.32000000,47.12000000,39677,347319808.00000000,2.50000000,0.65000000,0.31000000,0.66000000,云南白药
2019-12-31,000538,48.19000000,49.21000000,49.52000000,48.19000000,45066,402395184.00000000,2.76000000,1.97000000,0.95000000,0.75000000,云南白药
2020-01-02,000538,49.62000000,49.12000000,49.69000000,48.73000000,53868,480415280.00000000,1.95000000,-0.18000000,-0.09000000,0.89000000,云南白药
2020-01-03,000538,49.16000000,48.97000000,49.69000000,48.82000000,36468,326236144.00000000,1.77000000,-0.31000000,-0.15000000,0.61000000,云南白药
2020-01-06,000538,48.52000000,48.23000000,48.90000000,48.19000000,45781,404671376.00000000,1.45000000,-1.51000000,-0.74000000,0.76000000,云南白药
2020-01-07,000538,48.15000000,48.59000000,48.82000000,48.14000000,29602,261869237.00000000,1.41000000,0.75000000,0.36000000,0.49000000,云南白药
2020-01-08,000538,48.55000000,47.85000000,48.55000000,47.52000000,29840,261713544.00000000,2.12000000,-1.52000000,-0.74000000,0.50000000,云南白药
2020-01-09,000538,47.85000000,49.05000000,49.08000000,47.85000000,43118,381943408.00000000,2.57000000,2.51000000,1.20000000,0.72000000,云南白药
2020-01-10,000538,49.05000000,48.74000000,49.60000000,48.25000000,28683,254768165.00000000,2.75000000,-0.63000000,-0.31000000,0.48000000,云南白药
2020-01-13,000538,48.74000000,48.82000000,48.87000000,47.54000000,36981,325735792.00000000,2.73000000,0.16000000,0.08000000,0.61000000,云南白药
2020-01-14,000538,48.90000000,48.50000000,49.24000000,48.45000000,23603,209372269.00000000,1.62000000,-0.66000000,-0.32000000,0.39000000,云南白药
2020-01-15,000538,48.24000000,48.35000000,48.90000000,48.04000000,23583,208187017.00000000,1.77000000,-0.31000000,-0.15000000,0.39000000,云南白药
2020-01-16,000538,48.35000000,48.26000000,48.62000000,48.08000000,26799,236621452.00000000,1.12000000,-0.19000000,-0.09000000,0.45000000,云南白药
2020-01-17,000538,48.26000000,47.59000000,48.47000000,47.30000000,33699,294681872.00000000,2.42000000,-1.39000000,-0.67000000,0.56000000,云南白药
2020-01-20,000538,47.89000000,48.30000000,48.82000000,47.37000000,40550,355978464.00000000,3.05000000,1.49000000,0.71000000,0.67000000,云南白药
2020-01-21,000538,48.31000000,49.75000000,51.05000000,48.31000000,94119,848826080.00000000,5.67000000,3.00000000,1.45000000,1.56000000,云南白药
2020-01-22,000538,50.03000000,48.31000000,50.04000000,47.71000000,49473,436517664.00000000,4.68000000,-2.89000000,-1.44000000,0.82000000,云南白药
2020-01-23,000538,48.30000000,47.19000000,48.53000000,46.51000000,59092,513026240.00000000,4.18000000,-2.32000000,-1.12000000,0.98000000,云南白药
2020-02-03,000538,41.03000000,41.73000000,44.97000000,41.03000000,69733,561991120.00000000,8.35000000,-11.57000000,-5.46000000,1.16000000,云南白药
2020-02-04,000538,42.30000000,44.14000000,44.32000000,42.30000000,64334,525093680.00000000,4.84000000,5.78000000,2.41000000,1.07000000,云南白药
2020-02-05,000538,44.10000000,46.47000000,46.53000000,43.90000000,66915,561613616.00000000,5.96000000,5.28000000,2.33000000,1.11000000,云南白药
2020-02-06,000538,46.50000000,46.69000000,47.08000000,45.74000000,68901,590280240.00000000,2.88000000,0.47000000,0.22000000,1.14000000,云南白药
2020-02-07,000538,46.69000000,45.62000000,46.69000000,44.73000000,50328,423895024.00000000,4.20000000,-2.29000000,-1.07000000,0.84000000,云南白药
2020-02-10,000538,45.43000000,44.93000000,45.43000000,44.26000000,66186,549254048.00000000,2.56000000,-1.51000000,-0.69000000,1.10000000,云南白药
2020-02-11,000538,44.79000000,45.12000000,45.33000000,44.15000000,67696,562200704.00000000,2.63000000,0.42000000,0.19000000,1.12000000,云南白药
2020-02-12,000538,45.08000000,44.82000000,45.08000000,44.12000000,65188,541058112.00000000,2.13000000,-0.66000000,-0.30000000,1.08000000,云南白药
2020-02-13,000538,44.74000000,44.14000000,44.74000000,43.98000000,45127,372500016.00000000,1.70000000,-1.52000000,-0.68000000,0.75000000,云南白药
2020-02-14,000538,43.99000000,43.82000000,44.42000000,43.35000000,61621,505659328.00000000,2.42000000,-0.72000000,-0.32000000,1.02000000,云南白药
2020-02-17,000538,43.55000000,44.40000000,44.40000000,43.46000000,56675,465948288.00000000,2.15000000,1.32000000,0.58000000,0.94000000,云南白药
2020-02-18,000538,44.67000000,44.46000000,44.97000000,43.96000000,57205,473057344.00000000,2.27000000,0.14000000,0.06000000,0.95000000,云南白药
2020-02-19,000538,44.46000000,43.94000000,44.60000000,43.76000000,34182,281132192.00000000,1.89000000,-1.17000000,-0.52000000,0.57000000,云南白药
2020-02-20,000538,43.90000000,44.97000000,45.32000000,43.71000000,61860,513162432.00000000,3.66000000,2.34000000,1.03000000,1.03000000,云南白药
2020-02-21,000538,44.85000000,44.75000000,45.25000000,44.36000000,44826,372829312.00000000,1.98000000,-0.49000000,-0.22000000,0.74000000,云南白药
2020-02-24,000538,45.33000000,44.66000000,45.33000000,44.47000000,50230,417421088.00000000,1.92000000,-0.20000000,-0.09000000,0.83000000,云南白药
2020-02-25,000538,44.25000000,44.56000000,45.18000000,43.90000000,47153,390339952.00000000,2.87000000,-0.22000000,-0.10000000,0.78000000,云南白药
2020-02-26,000538,44.14000000,43.25000000,44.14000000,43.10000000,58743,477765696.00000000,2.33000000,-2.94000000,-1.31000000,0.98000000,云南白药
2020-02-27,000538,43.42000000,42.95000000,43.87000000,42.78000000,39232,317677568.00000000,2.52000000,-0.69000000,-0.30000000,0.65000000,云南白药
2020-02-28,000538,41.79000000,41.54000000,42.69000000,40.76000000,60343,476351888.00000000,4.49000000,-3.28000000,-1.41000000,1.00000000,云南白药
2020-03-02,000538,41.53000000,42.62000000,42.65000000,41.33000000,51840,411784608.00000000,3.18000000,2.60000000,1.08000000,0.86000000,云南白药
2020-03-03,000538,42.72000000,42.35000000,43.33000000,42.31000000,69355,556974144.00000000,2.39000000,-0.63000000,-0.27000000,1.15000000,云南白药
2020-03-04,000538,42.43000000,42.77000000,42.85000000,41.70000000,52054,413774512.00000000,2.72000000,0.99000000,0.42000000,0.86000000,云南白药
2020-03-05,000538,42.83000000,43.90000000,43.90000000,42.47000000,79191,642472672.00000000,3.34000000,2.64000000,1.13000000,1.32000000,云南白药
2020-03-06,000538,43.45000000,43.33000000,44.42000000,43.21000000,48037,392548096.00000000,2.76000000,-1.30000000,-0.57000000,0.80000000,云南白药
2020-03-09,000538,43.19000000,41.87000000,43.19000000,41.69000000,48937,388511312.00000000,3.46000000,-3.37000000,-1.46000000,0.81000000,云南白药
2020-03-10,000538,41.47000000,42.05000000,42.88000000,40.82000000,53049,417821664.00000000,4.92000000,0.43000000,0.18000000,0.88000000,云南白药
2020-03-11,000538,42.08000000,41.72000000,42.33000000,41.53000000,29031,229698986.00000000,1.90000000,-0.78000000,-0.33000000,0.48000000,云南白药
2020-03-12,000538,41.47000000,40.45000000,41.47000000,40.25000000,54045,419166368.00000000,2.92000000,-3.04000000,-1.27000000,0.90000000,云南白药
2020-03-13,000538,38.92000000,38.75000000,39.79000000,38.07000000,81895,612116992.00000000,4.25000000,-4.20000000,-1.70000000,1.36000000,云南白药
2020-03-16,000538,39.15000000,38.50000000,40.97000000,38.35000000,74332,564360048.00000000,6.76000000,-0.65000000,-0.25000000,1.23000000,云南白药
2020-03-17,000538,38.27000000,38.70000000,39.05000000,36.05000000,72564,530440528.00000000,7.79000000,0.52000000,0.20000000,1.21000000,云南白药
2020-03-18,000538,38.70000000,39.33000000,40.88000000,37.97000000,72577,553437792.00000000,7.52000000,1.63000000,0.63000000,1.21000000,云南白药
2020-03-19,000538,38.91000000,38.97000000,40.12000000,38.58000000,53301,402880928.00000000,3.92000000,-0.92000000,-0.36000000,0.89000000,云南白药
2020-03-20,000538,39.13000000,40.12000000,40.82000000,38.40000000,73426,561750896.00000000,6.21000000,2.95000000,1.15000000,1.22000000,云南白药
2020-03-23,000538,39.53000000,39.83000000,40.44000000,39.19000000,43623,332886336.00000000,3.12000000,-0.72000000,-0.29000000,0.72000000,云南白药
2020-03-24,000538,40.05000000,41.00000000,41.10000000,40.05000000,55741,433082400.00000000,2.64000000,2.94000000,1.17000000,0.93000000,云南白药
2020-03-25,000538,42.12000000,41.56000000,42.37000000,41.22000000,44058,347688896.00000000,2.80000000,1.37000000,0.56000000,0.73000000,云南白药
2020-03-26,000538,41.47000000,43.55000000,43.76000000,41.05000000,133940,1084213760.00000000,6.52000000,4.79000000,1.99000000,2.22000000,云南白药
2020-03-27,000538,46.00000000,45.02000000,46.75000000,44.46000000,204949,1727985408.00000000,5.26000000,3.38000000,1.47000000,3.40000000,云南白药
2020-03-30,000538,44.58000000,43.61000000,45.32000000,43.55000000,79089,651056928.00000000,3.93000000,-3.13000000,-1.41000000,1.31000000,云南白药
2020-03-31,000538,43.91000000,46.44000000,46.76000000,43.91000000,117736,997293248.00000000,6.54000000,6.49000000,2.83000000,1.96000000,云南白药
2020-04-01,000538,46.51000000,45.41000000,47.03000000,45.22000000,65761,559388688.00000000,3.90000000,-2.22000000,-1.03000000,1.09000000,云南白药
2020-04-02,000538,45.37000000,44.96000000,45.37000000,44.39000000,50588,421157008.00000000,2.16000000,-0.99000000,-0.45000000,0.84000000,云南白药
2020-04-03,000538,45.22000000,45.75000000,46.19000000,44.62000000,51959,439633600.00000000,3.49000000,1.76000000,0.79000000,0.86000000,云南白药
2020-04-07,000538,46.08000000,46.74000000,47.25000000,45.83000000,72983,625647616.00000000,3.10000000,2.16000000,0.99000000,1.21000000,云南白药
2020-04-08,000538,46.49000000,45.31000000,46.52000000,45.19000000,53139,448989024.00000000,2.85000000,-3.06000000,-1.43000000,0.88000000,云南白药
2020-04-09,000538,45.67000000,45.35000000,46.16000000,45.32000000,27152,229248318.00000000,1.85000000,0.09000000,0.04000000,0.45000000,云南白药
2020-04-10,000538,45.42000000,44.72000000,45.84000000,44.53000000,46390,388445200.00000000,2.89000000,-1.39000000,-0.63000000,0.77000000,云南白药
2020-04-13,000538,44.67000000,45.65000000,46.03000000,44.62000000,33373,281363968.00000000,3.15000000,2.08000000,0.93000000,0.55000000,云南白药
2020-04-14,000538,46.15000000,45.96000000,46.38000000,44.45000000,60940,513315680.00000000,4.23000000,0.68000000,0.31000000,1.01000000,云南白药
2020-04-15,000538,46.15000000,46.75000000,47.07000000,45.76000000,60211,517125664.00000000,2.85000000,1.72000000,0.79000000,1.00000000,云南白药
2020-04-16,000538,46.42000000,46.06000000,47.05000000,45.77000000,37010,315665472.00000000,2.74000000,-1.48000000,-0.69000000,0.61000000,云南白药
2020-04-17,000538,46.21000000,46.17000000,46.90000000,45.80000000,34760,296783040.00000000,2.39000000,0.24000000,0.11000000,0.58000000,云南白药
2020-04-20,000538,46.17000000,46.10000000,46.65000000,45.89000000,26888,228927973.00000000,1.65000000,-0.15000000,-0.07000000,0.45000000,云南白药
2020-04-21,000538,45.91000000,45.01000000,46.02000000,44.47000000,41507,346686832.00000000,3.36000000,-2.36000000,-1.09000000,0.69000000,云南白药
2020-04-22,000538,44.95000000,46.94000000,46.97000000,44.39000000,62353,528141104.00000000,5.73000000,4.29000000,1.93000000,1.04000000,云南白药
2020-04-23,000538,46.95000000,47.90000000,48.74000000,46.94000000,72076,632135312.00000000,3.83000000,2.05000000,0.96000000,1.20000000,云南白药
2020-04-24,000538,47.90000000,47.75000000,48.55000000,46.77000000,41660,365124496.00000000,3.72000000,-0.31000000,-0.15000000,0.69000000,云南白药
2020-04-27,000538,47.77000000,47.93000000,48.37000000,47.02000000,40868,357237120.00000000,2.83000000,0.38000000,0.18000000,0.68000000,云南白药
2020-04-28,000538,48.04000000,48.58000000,49.25000000,47.10000000,63863,564385536.00000000,4.49000000,1.36000000,0.65000000,1.06000000,云南白药
2020-04-29,000538,50.33000000,51.72000000,53.72000000,50.19000000,130542,1218810448.00000000,7.27000000,6.46000000,3.14000000,2.17000000,云南白药
2020-04-30,000538,51.12000000,49.85000000,51.72000000,49.66000000,88838,810780288.00000000,3.98000000,-3.62000000,-1.87000000,1.48000000,云南白药
2020-05-06,000538,49.62000000,50.55000000,50.82000000,48.92000000,86253,780113360.00000000,3.81000000,1.40000000,0.70000000,1.43000000,云南白药
2020-05-07,000538,50.20000000,49.94000000,50.32000000,49.47000000,63243,570358544.00000000,1.68000000,-1.21000000,-0.61000000,1.05000000,云南白药
2020-05-08,000538,50.23000000,50.68000000,51.37000000,50.02000000,68622,629416720.00000000,2.70000000,1.48000000,0.74000000,1.14000000,云南白药
2020-05-11,000538,50.76000000,49.05000000,51.40000000,48.62000000,81720,733735568.00000000,5.49000000,-3.22000000,-1.63000000,1.36000000,云南白药
2020-05-12,000538,49.05000000,48.99000000,49.47000000,48.53000000,52521,467428944.00000000,1.92000000,-0.12000000,-0.06000000,0.87000000,云南白药
2020-05-13,000538,48.99000000,49.62000000,50.05000000,48.19000000,67797,606042192.00000000,3.80000000,1.29000000,0.63000000,1.13000000,云南白药
2020-05-14,000538,49.62000000,48.89000000,50.53000000,48.60000000,64068,574268992.00000000,3.89000000,-1.47000000,-0.73000000,1.06000000,云南白药
2020-05-15,000538,48.83000000,48.12000000,48.94000000,47.49000000,63933,562276480.00000000,2.97000000,-1.57000000,-0.77000000,1.06000000,云南白药
2020-05-18,000538,47.95000000,48.02000000,48.65000000,46.27000000,62584,548730640.00000000,4.95000000,-0.21000000,-0.10000000,1.04000000,云南白药
2020-05-19,000538,48.49000000,47.92000000,49.03000000,47.72000000,50666,445953328.00000000,2.73000000,-0.21000000,-0.10000000,0.84000000,云南白药
2020-05-20,000538,48.05000000,47.11000000,48.07000000,46.83000000,48879,423548800.00000000,2.59000000,-1.69000000,-0.81000000,0.81000000,云南白药
2020-05-21,000538,47.47000000,47.53000000,48.01000000,47.05000000,48392,421606912.00000000,2.04000000,0.89000000,0.42000000,0.80000000,云南白药
2020-05-22,000538,47.33000000,46.07000000,47.45000000,45.76000000,57941,495487856.00000000,3.56000000,-3.07000000,-1.46000000,0.96000000,云南白药
2020-05-25,000538,46.06000000,47.76000000,47.82000000,45.90000000,50520,437011344.00000000,4.17000000,3.67000000,1.69000000,0.84000000,云南白药
2020-05-26,000538,47.94000000,48.22000000,48.47000000,47.39000000,43469,382343136.00000000,2.26000000,0.96000000,0.46000000,0.72000000,云南白药
2020-05-27,000538,48.25000000,48.25000000,48.66000000,47.63000000,31192,274786656.00000000,2.14000000,0.06000000,0.03000000,0.52000000,云南白药
2020-05-28,000538,48.54000000,47.34000000,48.54000000,46.62000000,45037,391174928.00000000,3.98000000,-1.89000000,-0.91000000,0.75000000,云南白药
2020-05-29,000538,46.98000000,48.32000000,48.32000000,46.88000000,56246,490540672.00000000,3.04000000,2.07000000,0.98000000,0.93000000,云南白药
2020-06-01,000538,48.43000000,49.16000000,50.21000000,48.43000000,64352,575673328.00000000,3.68000000,1.74000000,0.84000000,1.07000000,云南白药
2020-06-02,000538,49.22000000,48.63000000,49.45000000,48.12000000,55414,491802848.00000000,2.71000000,-1.08000000,-0.53000000,0.92000000,云南白药
2020-06-03,000538,48.80000000,50.30000000,50.42000000,48.80000000,93601,845899552.00000000,3.33000000,3.43000000,1.67000000,1.55000000,云南白药
2020-06-04,000538,50.29000000,50.32000000,50.32000000,49.40000000,64055,577894320.00000000,1.83000000,0.04000000,0.02000000,1.06000000,云南白药
2020-06-05,000538,50.05000000,49.25000000,50.05000000,48.89000000,80677,697194560.00000000,2.31000000,-2.13000000,-1.07000000,1.34000000,云南白药
2020-06-08,000538,49.20000000,49.55000000,49.86000000,48.97000000,51794,449020704.00000000,1.81000000,0.61000000,0.30000000,0.86000000,云南白药
2020-06-09,000538,49.40000000,49.57000000,49.73000000,49.12000000,54938,477145904.00000000,1.23000000,0.04000000,0.02000000,0.91000000,云南白药
2020-06-10,000538,49.57000000,50.03000000,50.05000000,49.02000000,52657,457258144.00000000,2.08000000,0.93000000,0.46000000,0.87000000,云南白药
2020-06-11,000538,49.65000000,49.19000000,50.06000000,48.98000000,49386,428484304.00000000,2.16000000,-1.68000000,-0.84000000,0.82000000,云南白药
2020-06-12,000538,48.22000000,49.25000000,49.25000000,48.05000000,40359,346473696.00000000,2.44000000,0.12000000,0.06000000,0.67000000,云南白药
2020-06-15,000538,49.11000000,49.19000000,49.87000000,48.95000000,47232,410114800.00000000,1.87000000,-0.12000000,-0.06000000,0.78000000,云南白药
2020-06-16,000538,49.37000000,51.10000000,51.13000000,49.37000000,78604,692367056.00000000,3.58000000,3.88000000,1.91000000,1.31000000,云南白药
2020-06-17,000538,51.05000000,51.87000000,52.27000000,50.77000000,70581,633802464.00000000,2.94000000,1.51000000,0.77000000,1.17000000,云南白药
2020-06-18,000538,51.87000000,51.60000000,52.44000000,50.96000000,55287,495829840.00000000,2.85000000,-0.52000000,-0.27000000,0.92000000,云南白药
2020-06-19,000538,51.60000000,53.35000000,54.27000000,51.60000000,91757,847485504.00000000,5.17000000,3.39000000,1.75000000,1.52000000,云南白药
2020-06-22,000538,53.23000000,52.85000000,53.87000000,52.48000000,58945,541355680.00000000,2.61000000,-0.94000000,-0.50000000,0.98000000,云南白药
2020-06-23,000538,52.85000000,54.26000000,54.45000000,52.83000000,60293,561564768.00000000,3.07000000,2.67000000,1.41000000,1.00000000,云南白药
2020-06-24,000538,54.19000000,54.69000000,54.84000000,53.62000000,55395,519006352.00000000,2.25000000,0.79000000,0.43000000,0.92000000,云南白药
2020-06-29,000538,54.56000000,54.97000000,56.40000000,54.26000000,63272,599596960.00000000,3.91000000,0.51000000,0.28000000,1.05000000,云南白药
2020-06-30,000538,55.46000000,54.48000000,56.82000000,53.80000000,75111,712952672.00000000,5.49000000,-0.89000000,-0.49000000,1.25000000,云南白药
2020-07-01,000538,54.37000000,53.93000000,55.17000000,53.69000000,70676,659435440.00000000,2.72000000,-1.01000000,-0.55000000,1.17000000,云南白药
2020-07-02,000538,54.05000000,54.69000000,55.90000000,54.04000000,78565,742622560.00000000,3.45000000,1.41000000,0.76000000,1.30000000,云南白药
2020-07-03,000538,54.61000000,61.41000000,61.41000000,54.01000000,149769,1487175648.00000000,13.53000000,12.29000000,6.72000000,2.49000000,云南白药
2020-07-06,000538,62.47000000,63.12000000,63.17000000,60.19000000,165932,1720747968.00000000,4.85000000,2.78000000,1.71000000,2.76000000,云南白药
2020-07-07,000538,62.40000000,65.14000000,68.15000000,61.12000000,149815,1628941968.00000000,11.14000000,3.20000000,2.02000000,2.49000000,云南白药
2020-07-08,000538,64.81000000,64.55000000,65.51000000,63.60000000,81864,878664032.00000000,2.93000000,-0.91000000,-0.59000000,1.36000000,云南白药
2020-07-09,000538,64.55000000,65.72000000,66.89000000,63.74000000,84554,919797344.00000000,4.88000000,1.81000000,1.17000000,1.40000000,云南白药
2020-07-10,000538,65.45000000,64.12000000,66.80000000,63.72000000,77748,844900448.00000000,4.69000000,-2.43000000,-1.60000000,1.29000000,云南白药
2020-07-13,000538,63.90000000,65.50000000,66.40000000,62.83000000,117818,1271310480.00000000,5.57000000,2.15000000,1.38000000,1.96000000,云南白药
2020-07-14,000538,65.51000000,67.81000000,69.34000000,65.51000000,136058,1533162160.00000000,5.85000000,3.53000000,2.31000000,2.26000000,云南白药
2020-07-15,000538,66.81000000,66.80000000,69.53000000,64.97000000,102064,1144842672.00000000,6.72000000,-1.49000000,-1.01000000,1.69000000,云南白药
2020-07-16,000538,66.06000000,61.88000000,67.47000000,61.33000000,101711,1090306736.00000000,9.19000000,-7.37000000,-4.92000000,1.69000000,云南白药
2020-07-17,000538,61.83000000,63.19000000,64.32000000,61.40000000,68291,721354304.00000000,4.72000000,2.12000000,1.31000000,1.13000000,云南白药
2020-07-20,000538,63.32000000,64.16000000,65.07000000,61.77000000,60707,645122608.00000000,5.22000000,1.54000000,0.97000000,1.01000000,云南白药
2020-07-21,000538,64.16000000,65.96000000,66.76000000,63.34000000,77511,846168752.00000000,5.33000000,2.81000000,1.80000000,1.29000000,云南白药
2020-07-22,000538,65.96000000,65.47000000,67.62000000,64.62000000,63499,700816928.00000000,4.55000000,-0.74000000,-0.49000000,1.05000000,云南白药
2020-07-23,000538,64.55000000,66.05000000,66.72000000,63.20000000,67375,733204352.00000000,5.38000000,0.89000000,0.58000000,1.12000000,云南白药
2020-07-24,000538,66.05000000,63.01000000,66.67000000,62.53000000,75644,813255968.00000000,6.27000000,-4.60000000,-3.04000000,1.26000000,云南白药
2020-07-27,000538,63.09000000,63.44000000,64.46000000,62.47000000,53450,566931280.00000000,3.16000000,0.68000000,0.43000000,0.89000000,云南白药
2020-07-28,000538,63.79000000,65.08000000,65.25000000,62.59000000,57889,620990416.00000000,4.19000000,2.59000000,1.64000000,0.96000000,云南白药
2020-07-29,000538,64.67000000,65.82000000,66.26000000,64.61000000,62000,677588608.00000000,2.54000000,1.14000000,0.74000000,1.03000000,云南白药
2020-07-30,000538,66.12000000,65.55000000,67.60000000,64.98000000,62768,690867040.00000000,3.98000000,-0.41000000,-0.27000000,1.04000000,云南白药
2020-07-31,000538,65.53000000,65.75000000,66.48000000,63.70000000,60787,662971200.00000000,4.24000000,0.31000000,0.20000000,1.01000000,云南白药
2020-08-03,000538,66.89000000,70.44000000,71.40000000,66.08000000,113265,1300768160.00000000,8.09000000,7.13000000,4.69000000,1.88000000,云南白药
2020-08-04,000538,70.33000000,69.22000000,70.65000000,68.60000000,66724,765661808.00000000,2.91000000,-1.73000000,-1.22000000,1.11000000,云南白药
2020-08-05,000538,68.69000000,68.47000000,69.60000000,67.97000000,66651,757457904.00000000,2.35000000,-1.08000000,-0.75000000,1.11000000,云南白药
2020-08-06,000538,68.76000000,67.11000000,69.08000000,66.05000000,85142,946903840.00000000,4.43000000,-1.99000000,-1.36000000,1.41000000,云南白药
2020-08-07,000538,66.47000000,65.22000000,66.70000000,62.83000000,87802,948529920.00000000,5.77000000,-2.82000000,-1.89000000,1.46000000,云南白药
2020-08-10,000538,64.54000000,63.89000000,65.05000000,62.47000000,61635,657060144.00000000,3.96000000,-2.04000000,-1.33000000,1.02000000,云南白药
2020-08-11,000538,63.83000000,63.47000000,65.25000000,63.30000000,60050,644331600.00000000,3.05000000,-0.66000000,-0.42000000,1.00000000,云南白药
2020-08-12,000538,63.30000000,61.24000000,63.40000000,59.90000000,83541,862986160.00000000,5.51000000,-3.51000000,-2.23000000,1.39000000,云南白药
2020-08-13,000538,61.55000000,61.17000000,62.76000000,60.55000000,52073,539931088.00000000,3.61000000,-0.11000000,-0.07000000,0.86000000,云南白药
2020-08-14,000538,61.19000000,61.66000000,61.69000000,60.10000000,54113,556570816.00000000,2.60000000,0.80000000,0.49000000,0.90000000,云南白药
2020-08-17,000538,62.07000000,62.15000000,62.73000000,61.17000000,65686,685832048.00000000,2.53000000,0.79000000,0.49000000,1.09000000,云南白药
2020-08-18,000538,62.15000000,62.21000000,62.60000000,61.67000000,46504,485901952.00000000,1.50000000,0.10000000,0.06000000,0.77000000,云南白药
2020-08-19,000538,62.15000000,61.02000000,62.15000000,60.76000000,45645,471326624.00000000,2.23000000,-1.91000000,-1.19000000,0.76000000,云南白药
2020-08-20,000538,60.12000000,59.83000000,60.89000000,59.64000000,42674,432951264.00000000,2.05000000,-1.95000000,-1.19000000,0.71000000,云南白药
2020-08-21,000538,60.40000000,61.34000000,61.68000000,60.18000000,41141,424002512.00000000,2.51000000,2.52000000,1.51000000,0.68000000,云南白药
2020-08-24,000538,61.65000000,61.96000000,62.83000000,60.90000000,46533,486327184.00000000,3.15000000,1.01000000,0.62000000,0.77000000,云南白药
2020-08-25,000538,62.45000000,61.21000000,63.05000000,60.97000000,43973,458310640.00000000,3.36000000,-1.21000000,-0.75000000,0.73000000,云南白药
2020-08-26,000538,61.07000000,62.30000000,63.76000000,61.03000000,65534,689535472.00000000,4.46000000,1.78000000,1.09000000,1.09000000,云南白药
2020-08-27,000538,63.26000000,63.82000000,65.17000000,63.00000000,64838,693074592.00000000,3.48000000,2.44000000,1.52000000,1.08000000,云南白药
2020-08-28,000538,63.84000000,69.33000000,70.69000000,63.84000000,139668,1574437408.00000000,10.73000000,8.63000000,5.51000000,2.32000000,云南白药
2020-08-31,000538,71.05000000,70.12000000,73.12000000,68.27000000,171661,2000092912.00000000,7.00000000,1.14000000,0.79000000,2.85000000,云南白药
2020-09-01,000538,70.45000000,72.87000000,75.02000000,70.33000000,135544,1616384720.00000000,6.69000000,3.92000000,2.75000000,2.25000000,云南白药
2020-09-02,000538,72.62000000,77.05000000,77.05000000,71.78000000,175275,2138940912.00000000,7.23000000,5.74000000,4.18000000,2.91000000,云南白药
2020-09-03,000538,76.33000000,73.19000000,78.90000000,71.17000000,184019,2263883280.00000000,10.03000000,-5.01000000,-3.86000000,3.06000000,云南白药
2020-09-04,000538,70.12000000,68.19000000,70.70000000,67.46000000,127742,1449593760.00000000,4.43000000,-6.83000000,-5.00000000,2.12000000,云南白药
2020-09-07,000538,68.11000000,64.62000000,68.55000000,64.07000000,105692,1164466608.00000000,6.57000000,-5.24000000,-3.57000000,1.76000000,云南白药
2020-09-08,000538,65.38000000,65.58000000,65.97000000,63.75000000,85240,924657360.00000000,3.44000000,1.49000000,0.96000000,1.42000000,云南白药
2020-09-09,000538,63.98000000,63.16000000,64.45000000,61.76000000,77922,823023680.00000000,4.10000000,-3.69000000,-2.42000000,1.29000000,云南白药
2020-09-10,000538,63.90000000,64.14000000,65.47000000,63.90000000,63566,686722080.00000000,2.49000000,1.55000000,0.98000000,1.06000000,云南白药
2020-09-11,000538,63.90000000,68.90000000,69.40000000,63.67000000,104607,1173804384.00000000,8.93000000,7.42000000,4.76000000,1.74000000,云南白药
2020-09-14,000538,69.61000000,66.76000000,69.62000000,66.05000000,83352,929752192.00000000,5.18000000,-3.11000000,-2.14000000,1.38000000,云南白药
2020-09-15,000538,66.77000000,66.30000000,67.12000000,64.70000000,60070,661594976.00000000,3.62000000,-0.69000000,-0.46000000,1.00000000,云南白药
2020-09-16,000538,66.69000000,65.49000000,67.65000000,64.83000000,51255,561838352.00000000,4.25000000,-1.22000000,-0.81000000,0.85000000,云南白药
2020-09-17,000538,65.49000000,63.18000000,65.62000000,62.73000000,83612,891399072.00000000,4.41000000,-3.53000000,-2.31000000,1.39000000,云南白药
2020-09-18,000538,62.84000000,65.08000000,65.08000000,62.21000000,75543,805762016.00000000,4.54000000,3.01000000,1.90000000,1.25000000,云南白药
2020-09-21,000538,64.55000000,63.72000000,64.90000000,63.19000000,40533,433136368.00000000,2.63000000,-2.09000000,-1.36000000,0.67000000,云南白药
2020-09-22,000538,63.08000000,62.96000000,64.61000000,62.48000000,49096,523140160.00000000,3.34000000,-1.19000000,-0.76000000,0.82000000,云南白药
2020-09-23,000538,62.97000000,63.37000000,63.77000000,62.57000000,43108,457476144.00000000,1.91000000,0.65000000,0.41000000,0.72000000,云南白药
2020-09-24,000538,62.65000000,60.90000000,63.11000000,60.90000000,69387,719386288.00000000,3.49000000,-3.90000000,-2.47000000,1.15000000,云南白药
2020-09-25,000538,60.98000000,60.90000000,61.62000000,60.62000000,40863,420754608.00000000,1.64000000,0.00000000,0.00000000,0.68000000,云南白药
2020-09-28,000538,61.41000000,59.47000000,61.76000000,59.40000000,65382,664219824.00000000,3.88000000,-2.35000000,-1.43000000,1.09000000,云南白药
2020-09-29,000538,60.05000000,60.30000000,60.47000000,59.24000000,37857,384443408.00000000,2.07000000,1.40000000,0.83000000,0.63000000,云南白药
2020-09-30,000538,60.31000000,60.30000000,61.94000000,59.60000000,63327,649111488.00000000,3.88000000,0.00000000,0.00000000,1.05000000,云南白药
2020-10-09,000538,61.26000000,61.88000000,62.72000000,60.82000000,63696,661657312.00000000,3.15000000,2.62000000,1.58000000,1.06000000,云南白药
2020-10-12,000538,62.12000000,64.34000000,64.62000000,62.08000000,61603,655646288.00000000,4.10000000,3.98000000,2.46000000,1.02000000,云南白药
2020-10-13,000538,64.34000000,64.40000000,64.86000000,63.54000000,47606,511709008.00000000,2.05000000,0.09000000,0.06000000,0.79000000,云南白药
2020-10-14,000538,64.42000000,63.76000000,64.83000000,63.32000000,44327,475380288.00000000,2.34000000,-0.99000000,-0.64000000,0.74000000,云南白药
2020-10-15,000538,63.83000000,62.60000000,64.45000000,62.37000000,48322,509977152.00000000,3.26000000,-1.82000000,-1.16000000,0.80000000,云南白药
2020-10-16,000538,62.83000000,63.05000000,63.57000000,62.33000000,42122,444714624.00000000,1.98000000,0.72000000,0.45000000,0.70000000,云南白药
2020-10-19,000538,63.12000000,61.33000000,63.26000000,60.76000000,56400,586814976.00000000,3.97000000,-2.73000000,-1.72000000,0.94000000,云南白药
2020-10-20,000538,61.02000000,61.85000000,61.91000000,60.47000000,44154,455532096.00000000,2.35000000,0.85000000,0.52000000,0.73000000,云南白药
2020-10-21,000538,61.69000000,61.04000000,61.99000000,60.84000000,37446,386821856.00000000,1.86000000,-1.31000000,-0.81000000,0.62000000,云南白药
2020-10-22,000538,60.90000000,60.47000000,60.95000000,59.75000000,43030,438473008.00000000,1.97000000,-0.93000000,-0.57000000,0.71000000,云南白药
2020-10-23,000538,60.08000000,60.20000000,61.35000000,59.76000000,43758,447107536.00000000,2.63000000,-0.45000000,-0.27000000,0.73000000,云南白药
2020-10-26,000538,59.76000000,58.55000000,59.76000000,57.05000000,51932,515133216.00000000,4.50000000,-2.74000000,-1.65000000,0.86000000,云南白药
2020-10-27,000538,58.19000000,59.55000000,59.94000000,57.89000000,37812,379651136.00000000,3.50000000,1.71000000,1.00000000,0.63000000,云南白药
2020-10-28,000538,59.60000000,60.69000000,61.21000000,58.95000000,50488,515509312.00000000,3.80000000,1.91000000,1.14000000,0.84000000,云南白药
2020-10-29,000538,59.62000000,62.13000000,62.31000000,59.32000000,59148,612858624.00000000,4.93000000,2.37000000,1.44000000,0.98000000,云南白药
2020-10-30,000538,64.62000000,61.02000000,65.23000000,60.35000000,106549,1119595872.00000000,7.85000000,-1.79000000,-1.11000000,1.77000000,云南白药
2020-11-02,000538,61.02000000,59.32000000,61.40000000,58.90000000,71686,726092240.00000000,4.10000000,-2.79000000,-1.70000000,1.19000000,云南白药
2020-11-03,000538,59.19000000,59.67000000,59.83000000,58.67000000,56871,572337936.00000000,1.96000000,0.59000000,0.35000000,0.94000000,云南白药
2020-11-04,000538,59.67000000,58.90000000,59.69000000,58.29000000,55736,556764448.00000000,2.35000000,-1.29000000,-0.77000000,0.93000000,云南白药
2020-11-05,000538,59.37000000,60.48000000,60.75000000,59.12000000,74793,761461120.00000000,2.77000000,2.68000000,1.58000000,1.24000000,云南白药
2020-11-06,000538,60.76000000,59.40000000,60.81000000,58.90000000,59097,595278048.00000000,3.16000000,-1.79000000,-1.08000000,0.98000000,云南白药
2020-11-09,000538,60.31000000,60.98000000,61.12000000,59.60000000,76042,777071840.00000000,2.56000000,2.66000000,1.58000000,1.26000000,云南白药
2020-11-10,000538,61.07000000,59.75000000,61.61000000,59.07000000,78172,794789152.00000000,4.17000000,-2.02000000,-1.23000000,1.30000000,云南白药
2020-11-11,000538,59.60000000,58.89000000,59.74000000,58.82000000,56356,564451120.00000000,1.54000000,-1.44000000,-0.86000000,0.94000000,云南白药
2020-11-12,000538,58.90000000,58.03000000,59.37000000,57.80000000,62960,624183776.00000000,2.67000000,-1.46000000,-0.86000000,1.05000000,云南白药
2020-11-13,000538,58.12000000,57.05000000,58.13000000,56.37000000,60892,591883872.00000000,3.03000000,-1.69000000,-0.98000000,1.01000000,云南白药
2020-11-16,000538,57.33000000,56.80000000,57.60000000,56.45000000,51603,501284864.00000000,2.02000000,-0.44000000,-0.25000000,0.86000000,云南白药
2020-11-17,000538,56.82000000,56.30000000,56.84000000,55.90000000,50461,485491952.00000000,1.65000000,-0.88000000,-0.50000000,0.84000000,云南白药
2020-11-18,000538,56.05000000,56.47000000,56.83000000,56.05000000,45777,441387312.00000000,1.39000000,0.30000000,0.17000000,0.76000000,云南白药
2020-11-19,000538,56.19000000,56.26000000,56.37000000,55.33000000,51579,494620832.00000000,1.84000000,-0.37000000,-0.21000000,0.86000000,云南白药
2020-11-20,000538,56.28000000,57.37000000,57.74000000,56.28000000,60103,586771984.00000000,2.60000000,1.97000000,1.11000000,1.00000000,云南白药
2020-11-23,000538,57.37000000,57.55000000,58.04000000,56.47000000,53214,520072752.00000000,2.74000000,0.31000000,0.18000000,0.88000000,云南白药
2020-11-24,000538,57.42000000,57.17000000,57.83000000,56.97000000,37991,371955696.00000000,1.49000000,-0.66000000,-0.38000000,0.63000000,云南白药
2020-11-25,000538,57.17000000,56.19000000,57.39000000,56.10000000,35094,339580320.00000000,2.26000000,-1.71000000,-0.98000000,0.58000000,云南白药
2020-11-26,000538,56.05000000,55.97000000,56.43000000,55.72000000,34167,327614160.00000000,1.26000000,-0.39000000,-0.22000000,0.57000000,云南白药
2020-11-27,000538,55.97000000,56.30000000,56.49000000,55.76000000,27222,261434690.00000000,1.30000000,0.59000000,0.33000000,0.45000000,云南白药
2020-11-30,000538,56.26000000,55.52000000,56.26000000,54.80000000,72992,693178240.00000000,2.59000000,-1.39000000,-0.78000000,1.21000000,云南白药
2020-12-01,000538,55.46000000,57.11000000,57.26000000,55.33000000,63445,615651856.00000000,3.48000000,2.86000000,1.59000000,1.05000000,云南白药
2020-12-02,000538,57.11000000,57.82000000,58.55000000,56.76000000,55022,541931168.00000000,3.13000000,1.24000000,0.71000000,0.91000000,云南白药
2020-12-03,000538,57.84000000,57.87000000,58.33000000,57.47000000,49965,492933904.00000000,1.49000000,0.09000000,0.05000000,0.83000000,云南白药
2020-12-04,000538,57.62000000,59.72000000,59.90000000,57.62000000,81805,822315168.00000000,3.94000000,3.20000000,1.85000000,1.36000000,云南白药
2020-12-07,000538,59.75000000,59.02000000,60.15000000,58.77000000,43118,433411872.00000000,2.31000000,-1.17000000,-0.70000000,0.72000000,云南白药
2020-12-08,000538,59.17000000,58.79000000,59.39000000,57.52000000,46121,458679072.00000000,3.17000000,-0.39000000,-0.23000000,0.77000000,云南白药
2020-12-09,000538,58.55000000,59.14000000,60.12000000,58.26000000,57635,579803072.00000000,3.16000000,0.60000000,0.35000000,0.96000000,云南白药
2020-12-10,000538,58.90000000,61.42000000,62.94000000,58.42000000,105678,1090849312.00000000,7.64000000,3.86000000,2.28000000,1.75000000,云南白药
2020-12-11,000538,63.97000000,65.90000000,66.47000000,63.97000000,235347,2573757184.00000000,4.07000000,7.29000000,4.48000000,3.91000000,云南白药
2020-12-14,000538,66.40000000,68.47000000,69.12000000,65.25000000,166977,1875597968.00000000,5.87000000,3.90000000,2.57000000,2.77000000,云南白药
2020-12-15,000538,68.19000000,68.19000000,69.40000000,66.12000000,145826,1634350080.00000000,4.79000000,-0.41000000,-0.28000000,2.42000000,云南白药
2020-12-16,000538,67.49000000,66.94000000,67.97000000,65.47000000,140291,1556085120.00000000,3.67000000,-1.83000000,-1.25000000,2.33000000,云南白药
2020-12-17,000538,66.98000000,67.60000000,69.17000000,66.76000000,99580,1119332112.00000000,3.60000000,0.99000000,0.66000000,1.65000000,云南白药
2020-12-18,000538,67.47000000,68.83000000,70.17000000,67.08000000,123240,1403917952.00000000,4.57000000,1.82000000,1.23000000,2.05000000,云南白药
2020-12-21,000538,68.05000000,66.12000000,68.05000000,65.33000000,130337,1437860064.00000000,3.95000000,-3.94000000,-2.71000000,2.16000000,云南白药
2020-12-22,000538,66.16000000,65.73000000,67.83000000,65.54000000,117934,1309625776.00000000,3.46000000,-0.59000000,-0.39000000,1.96000000,云南白药
2020-12-23,000538,66.05000000,65.22000000,66.38000000,64.16000000,76624,832771808.00000000,3.38000000,-0.78000000,-0.51000000,1.27000000,云南白药
2020-12-24,000538,64.98000000,65.71000000,67.39000000,64.62000000,92339,1020688736.00000000,4.25000000,0.75000000,0.49000000,1.53000000,云南白药
2020-12-25,000538,66.03000000,69.28000000,70.04000000,65.47000000,127930,1448091536.00000000,6.95000000,5.43000000,3.57000000,2.12000000,云南白药
2020-12-28,000538,69.55000000,67.46000000,69.55000000,66.83000000,100820,1131364048.00000000,3.93000000,-2.63000000,-1.82000000,1.67000000,云南白药
2020-12-29,000538,67.83000000,66.40000000,68.04000000,65.53000000,61875,685924208.00000000,3.72000000,-1.57000000,-1.06000000,1.03000000,云南白药
2020-12-30,000538,66.01000000,67.47000000,67.85000000,65.55000000,78134,871455552.00000000,3.46000000,1.61000000,1.07000000,1.30000000,云南白药
2020-12-31,000538,67.71000000,68.62000000,68.86000000,66.97000000,96901,1092481600.00000000,2.80000000,1.70000000,1.15000000,1.61000000,云南白药
2021-01-04,000538,68.83000000,76.73000000,76.73000000,68.20000000,200447,2424451952.00000000,12.43000000,11.82000000,8.11000000,3.33000000,云南白药
2021-01-05,000538,77.89000000,85.66000000,85.66000000,77.89000000,200942,2676774720.00000000,10.13000000,11.64000000,8.93000000,3.34000000,云南白药
2021-01-06,000538,87.47000000,85.02000000,88.19000000,83.19000000,208095,2850596352.00000000,5.84000000,-0.75000000,-0.64000000,3.46000000,云南白药
2021-01-07,000538,85.02000000,90.96000000,93.59000000,84.26000000,221576,3145054416.00000000,10.97000000,6.99000000,5.94000000,3.68000000,云南白药
2021-01-08,000538,90.22000000,88.17000000,93.90000000,85.82000000,177393,2513769664.00000000,8.88000000,-3.07000000,-2.79000000,2.95000000,云南白药
2021-01-11,000538,87.47000000,85.07000000,89.58000000,83.90000000,148562,2063321872.00000000,6.44000000,-3.52000000,-3.10000000,2.47000000,云南白药
2021-01-12,000538,85.30000000,89.05000000,89.57000000,85.30000000,130904,1843362640.00000000,5.02000000,4.68000000,3.98000000,2.17000000,云南白药
2021-01-13,000538,89.18000000,87.97000000,93.90000000,87.25000000,172635,2465337680.00000000,7.47000000,-1.21000000,-1.08000000,2.87000000,云南白药
2021-01-14,000538,86.41000000,84.97000000,88.55000000,84.55000000,121279,1671851872.00000000,4.55000000,-3.41000000,-3.00000000,2.01000000,云南白药
2021-01-15,000538,84.62000000,82.49000000,84.62000000,79.60000000,135288,1785388624.00000000,5.91000000,-2.92000000,-2.48000000,2.25000000,云南白药
2021-01-18,000538,82.40000000,83.27000000,84.47000000,80.82000000,82129,1100416544.00000000,4.42000000,0.95000000,0.78000000,1.36000000,云南白药
2021-01-19,000538,82.48000000,81.41000000,83.47000000,80.76000000,83444,1103719280.00000000,3.25000000,-2.23000000,-1.86000000,1.39000000,云南白药
2021-01-20,000538,81.68000000,83.97000000,84.22000000,81.68000000,72571,974231744.00000000,3.12000000,3.14000000,2.56000000,1.21000000,云南白药
2021-01-21,000538,84.28000000,85.14000000,86.01000000,83.19000000,93391,1271199600.00000000,3.36000000,1.39000000,1.17000000,1.55000000,云南白药
2021-01-22,000538,85.05000000,86.58000000,87.82000000,83.76000000,96379,1329672032.00000000,4.77000000,1.69000000,1.44000000,1.60000000,云南白药
2021-01-25,000538,86.40000000,87.04000000,89.14000000,85.35000000,112095,1563718816.00000000,4.38000000,0.53000000,0.46000000,1.86000000,云南白药
2021-01-26,000538,87.12000000,82.75000000,87.24000000,82.75000000,83747,1131541328.00000000,5.16000000,-4.93000000,-4.29000000,1.39000000,云南白药
2021-01-27,000538,82.90000000,84.22000000,85.05000000,79.97000000,85121,1133588224.00000000,6.14000000,1.78000000,1.47000000,1.41000000,云南白药
2021-01-28,000538,82.12000000,81.76000000,83.54000000,81.04000000,53328,707594112.00000000,2.97000000,-2.92000000,-2.46000000,0.89000000,云南白药
2021-01-29,000538,82.25000000,82.45000000,84.23000000,80.97000000,57834,767945856.00000000,3.99000000,0.84000000,0.69000000,0.96000000,云南白药
2021-02-01,000538,82.33000000,82.40000000,83.15000000,79.26000000,76920,1008950128.00000000,4.72000000,-0.06000000,-0.05000000,1.28000000,云南白药
2021-02-02,000538,81.47000000,84.69000000,85.58000000,79.62000000,96482,1289781280.00000000,7.23000000,2.78000000,2.29000000,1.60000000,云南白药
2021-02-03,000538,83.97000000,82.19000000,85.10000000,81.24000000,90055,1202067168.00000000,4.56000000,-2.95000000,-2.50000000,1.50000000,云南白药
2021-02-04,000538,80.80000000,79.83000000,81.75000000,79.42000000,73520,956887056.00000000,2.83000000,-2.87000000,-2.36000000,1.22000000,云南白药
2021-02-05,000538,79.97000000,83.97000000,86.97000000,79.24000000,124193,1672888912.00000000,9.68000000,5.19000000,4.14000000,2.06000000,云南白药
2021-02-08,000538,85.21000000,93.62000000,93.62000000,85.20000000,219503,3197300992.00000000,10.03000000,11.49000000,9.65000000,3.65000000,云南白药
2021-02-09,000538,94.47000000,101.97000000,103.90000000,92.30000000,259423,4028444896.00000000,12.39000000,8.92000000,8.35000000,4.31000000,云南白药
2021-02-10,000538,101.97000000,102.33000000,102.65000000,99.05000000,142184,2261552192.00000000,3.53000000,0.35000000,0.36000000,2.36000000,云南白药
2021-02-18,000538,103.20000000,99.47000000,104.10000000,97.12000000,128184,2013967728.00000000,6.82000000,-2.79000000,-2.86000000,2.13000000,云南白药
2021-02-19,000538,99.47000000,100.00000000,102.60000000,95.57000000,122051,1903124560.00000000,7.07000000,0.53000000,0.53000000,2.03000000,云南白药
2021-02-22,000538,98.53000000,91.44000000,98.53000000,91.23000000,144666,2162928080.00000000,7.30000000,-8.56000000,-8.56000000,2.40000000,云南白药
2021-02-23,000538,89.25000000,90.17000000,92.43000000,89.10000000,78867,1139880400.00000000,3.64000000,-1.39000000,-1.27000000,1.31000000,云南白药
2021-02-24,000538,90.34000000,86.05000000,91.36000000,84.39000000,109948,1533821312.00000000,7.73000000,-4.57000000,-4.12000000,1.83000000,云南白药
2021-02-25,000538,86.77000000,83.47000000,87.19000000,82.45000000,66237,900408016.00000000,5.51000000,-3.00000000,-2.58000000,1.10000000,云南白药
2021-02-26,000538,81.76000000,80.91000000,83.19000000,79.53000000,92279,1205282496.00000000,4.38000000,-3.07000000,-2.56000000,1.53000000,云南白药
2021-03-01,000538,81.70000000,81.38000000,82.10000000,79.17000000,72251,945737024.00000000,3.62000000,0.58000000,0.47000000,1.20000000,云南白药
2021-03-02,000538,82.11000000,80.69000000,83.04000000,79.40000000,101203,1323171120.00000000,4.47000000,-0.85000000,-0.69000000,1.68000000,云南白药
2021-03-03,000538,80.32000000,81.62000000,81.90000000,78.90000000,61092,797709328.00000000,3.72000000,1.15000000,0.93000000,1.01000000,云南白药
2021-03-04,000538,80.90000000,77.83000000,80.90000000,77.19000000,79985,1019388320.00000000,4.55000000,-4.64000000,-3.79000000,1.33000000,云南白药
2021-03-05,000538,76.85000000,78.41000000,79.33000000,75.20000000,75531,950867392.00000000,5.31000000,0.75000000,0.58000000,1.25000000,云南白药
2021-03-08,000538,78.04000000,75.22000000,79.81000000,75.22000000,70511,888257664.00000000,5.85000000,-4.07000000,-3.19000000,1.17000000,云南白药
2021-03-09,000538,74.62000000,74.20000000,75.96000000,70.60000000,90269,1091206512.00000000,7.13000000,-1.36000000,-1.02000000,1.50000000,云南白药
2021-03-10,000538,75.60000000,76.72000000,78.67000000,75.60000000,79370,997604384.00000000,4.14000000,3.40000000,2.52000000,1.32000000,云南白药
2021-03-11,000538,76.73000000,77.87000000,79.64000000,76.65000000,69103,878680864.00000000,3.90000000,1.50000000,1.15000000,1.15000000,云南白药
2021-03-12,000538,77.87000000,77.98000000,78.42000000,76.42000000,39184,492093344.00000000,2.57000000,0.14000000,0.11000000,0.65000000,云南白药
2021-03-15,000538,77.47000000,73.84000000,77.47000000,72.47000000,69437,844592640.00000000,6.41000000,-5.31000000,-4.14000000,1.15000000,云南白药
2021-03-16,000538,74.06000000,74.97000000,75.65000000,74.06000000,43513,532138272.00000000,2.15000000,1.53000000,1.13000000,0.72000000,云南白药
2021-03-17,000538,75.23000000,77.12000000,77.39000000,74.07000000,41891,521519600.00000000,4.43000000,2.87000000,2.15000000,0.70000000,云南白药
2021-03-18,000538,76.76000000,78.12000000,78.90000000,76.62000000,39620,501715264.00000000,2.96000000,1.30000000,1.00000000,0.66000000,云南白药
2021-03-19,000538,76.76000000,75.27000000,77.67000000,74.70000000,45402,562981472.00000000,3.80000000,-3.65000000,-2.85000000,0.75000000,云南白药
2021-03-22,000538,75.63000000,76.22000000,76.97000000,75.05000000,27923,346246336.00000000,2.55000000,1.26000000,0.95000000,0.46000000,云南白药
2021-03-23,000538,75.97000000,75.41000000,76.88000000,74.89000000,34910,430988224.00000000,2.61000000,-1.06000000,-0.81000000,0.58000000,云南白药
2021-03-24,000538,74.98000000,76.03000000,76.40000000,74.87000000,33449,412491968.00000000,2.03000000,0.82000000,0.62000000,0.56000000,云南白药
2021-03-25,000538,75.40000000,77.66000000,78.10000000,74.96000000,49888,624531344.00000000,4.13000000,2.14000000,1.63000000,0.83000000,云南白药
2021-03-26,000538,78.40000000,83.22000000,83.65000000,78.21000000,92288,1208564144.00000000,7.00000000,7.16000000,5.56000000,1.53000000,云南白药
2021-03-29,000538,80.31000000,76.62000000,80.33000000,75.47000000,215904,2704353264.00000000,5.84000000,-7.93000000,-6.60000000,3.59000000,云南白药
2021-03-30,000538,74.62000000,75.05000000,75.39000000,72.17000000,140448,1703675440.00000000,4.20000000,-2.05000000,-1.57000000,2.33000000,云南白药
2021-03-31,000538,74.26000000,73.55000000,74.33000000,72.43000000,63175,758121248.00000000,2.53000000,-2.00000000,-1.50000000,1.05000000,云南白药
2021-04-01,000538,73.55000000,74.07000000,74.24000000,72.62000000,53796,648731248.00000000,2.20000000,0.71000000,0.52000000,0.89000000,云南白药
2021-04-02,000538,73.90000000,75.27000000,76.94000000,73.33000000,82901,1019841280.00000000,4.87000000,1.62000000,1.20000000,1.38000000,云南白药
2021-04-06,000538,75.18000000,72.55000000,75.18000000,71.77000000,91471,1091033168.00000000,4.53000000,-3.61000000,-2.72000000,1.52000000,云南白药
2021-04-07,000538,71.76000000,70.53000000,72.19000000,69.33000000,106363,1232699360.00000000,3.94000000,-2.78000000,-2.02000000,1.77000000,云南白药
2021-04-08,000538,69.82000000,71.70000000,72.00000000,69.34000000,61233,716978496.00000000,3.77000000,1.66000000,1.17000000,1.02000000,云南白药
2021-04-09,000538,71.05000000,69.74000000,71.67000000,69.39000000,52287,604877408.00000000,3.18000000,-2.73000000,-1.96000000,0.87000000,云南白药
2021-04-12,000538,69.70000000,66.90000000,69.70000000,66.47000000,71885,806795024.00000000,4.63000000,-4.07000000,-2.84000000,1.19000000,云南白药
2021-04-13,000538,66.72000000,67.33000000,68.55000000,66.10000000,48754,546554336.00000000,3.66000000,0.64000000,0.43000000,0.81000000,云南白药
2021-04-14,000538,67.35000000,67.47000000,68.32000000,66.91000000,36149,406182416.00000000,2.09000000,0.21000000,0.14000000,0.60000000,云南白药
2021-04-15,000538,67.48000000,66.97000000,68.18000000,66.32000000,44152,492546400.00000000,2.76000000,-0.74000000,-0.50000000,0.73000000,云南白药
2021-04-16,000538,67.41000000,67.95000000,68.08000000,66.68000000,36182,405106496.00000000,2.09000000,1.46000000,0.98000000,0.60000000,云南白药
2021-04-19,000538,68.05000000,69.62000000,70.09000000,67.26000000,61375,703600240.00000000,4.16000000,2.46000000,1.67000000,1.02000000,云南白药
2021-04-20,000538,69.62000000,69.47000000,70.33000000,68.63000000,49445,568410656.00000000,2.44000000,-0.22000000,-0.15000000,0.82000000,云南白药
2021-04-21,000538,68.95000000,70.21000000,70.24000000,68.76000000,51170,590964560.00000000,2.13000000,1.07000000,0.74000000,0.85000000,云南白药
2021-04-22,000538,70.20000000,69.64000000,70.20000000,68.80000000,40613,465982000.00000000,1.99000000,-0.81000000,-0.57000000,0.67000000,云南白药
2021-04-23,000538,69.12000000,70.40000000,70.67000000,69.12000000,75158,870667488.00000000,2.23000000,1.09000000,0.76000000,1.25000000,云南白药
2021-04-26,000538,70.90000000,68.12000000,71.40000000,67.97000000,84439,969565424.00000000,4.87000000,-3.24000000,-2.28000000,1.40000000,云南白药
2021-04-27,000538,67.87000000,69.62000000,69.69000000,67.55000000,61293,701101264.00000000,3.14000000,2.20000000,1.50000000,1.02000000,云南白药
2021-04-28,000538,67.85000000,67.47000000,69.76000000,67.37000000,119937,1356014128.00000000,3.43000000,-3.09000000,-2.15000000,1.99000000,云南白药
2021-04-29,000538,67.47000000,69.31000000,70.55000000,67.47000000,148131,1700440592.00000000,4.56000000,2.73000000,1.84000000,2.46000000,云南白药
2021-04-30,000538,69.31000000,64.30000000,69.31000000,63.84000000,201032,2206249776.00000000,7.89000000,-7.23000000,-5.01000000,3.34000000,云南白药
2021-05-06,000538,64.26000000,63.21000000,65.12000000,62.69000000,77726,830037824.00000000,3.78000000,-1.70000000,-1.09000000,1.29000000,云南白药
2021-05-07,000538,63.30000000,60.33000000,63.69000000,60.33000000,77630,809966336.00000000,5.32000000,-4.56000000,-2.88000000,1.29000000,云南白药
2021-05-10,000538,59.64000000,59.61000000,61.75000000,59.17000000,82597,840721392.00000000,4.28000000,-1.19000000,-0.72000000,1.37000000,云南白药
2021-05-11,000538,59.67000000,60.22000000,60.74000000,59.17000000,60608,615165488.00000000,2.63000000,1.02000000,0.61000000,1.01000000,云南白药
2021-05-12,000538,60.98000000,61.12000000,62.39000000,59.99000000,77814,801994384.00000000,3.99000000,1.49000000,0.90000000,1.29000000,云南白药
2021-05-13,000538,60.33000000,62.83000000,64.12000000,59.89000000,128551,1348397472.00000000,6.92000000,2.80000000,1.71000000,2.13000000,云南白药
2021-05-14,000538,63.19000000,64.58000000,65.31000000,61.76000000,115653,1240774240.00000000,5.65000000,2.79000000,1.75000000,1.92000000,云南白药
2021-05-17,000538,64.42000000,68.83000000,70.12000000,63.69000000,154143,1732034336.00000000,9.96000000,6.58000000,4.25000000,2.56000000,云南白药
2021-05-18,000538,68.91000000,69.05000000,70.00000000,66.91000000,87085,985719920.00000000,4.49000000,0.32000000,0.22000000,1.45000000,云南白药
2021-05-19,000538,68.90000000,68.04000000,68.90000000,67.47000000,62822,708065936.00000000,2.07000000,-1.46000000,-1.01000000,1.04000000,云南白药
2021-05-20,000538,67.62000000,68.19000000,69.83000000,67.60000000,66649,757650816.00000000,3.28000000,0.22000000,0.15000000,1.11000000,云南白药
2021-05-21,000538,68.20000000,67.38000000,69.45000000,67.05000000,56562,634115536.00000000,3.52000000,-1.19000000,-0.81000000,0.94000000,云南白药
2021-05-24,000538,67.47000000,67.55000000,68.12000000,65.30000000,71407,791469408.00000000,4.19000000,0.25000000,0.17000000,1.19000000,云南白药
2021-05-25,000538,67.84000000,69.62000000,69.97000000,67.83000000,104207,1192108976.00000000,3.17000000,3.06000000,2.07000000,1.73000000,云南白药
2021-05-26,000538,69.83000000,75.80000000,77.83000000,69.79000000,261016,3231334080.00000000,11.55000000,8.88000000,6.18000000,4.33000000,云南白药
2021-05-27,000538,75.82000000,78.03000000,81.10000000,74.62000000,220963,2806808256.00000000,8.55000000,2.94000000,2.23000000,3.67000000,云南白药
2021-05-28,000538,78.05000000,76.55000000,79.53000000,75.76000000,108439,1362855216.00000000,4.83000000,-1.90000000,-1.48000000,1.80000000,云南白药
2021-05-31,000538,77.28000000,77.19000000,78.04000000,75.75000000,95287,1196023216.00000000,2.99000000,0.84000000,0.64000000,1.58000000,云南白药
2021-06-01,000538,77.19000000,76.76000000,77.67000000,75.74000000,75362,940886816.00000000,2.50000000,-0.56000000,-0.43000000,1.25000000,云南白药
2021-06-02,000538,76.76000000,77.12000000,77.83000000,75.76000000,84508,1057009328.00000000,2.70000000,0.47000000,0.36000000,1.40000000,云南白药
2021-06-03,000538,76.97000000,76.76000000,78.62000000,75.53000000,111370,1393738064.00000000,4.01000000,-0.47000000,-0.36000000,1.85000000,云南白药
2021-06-04,000538,76.47000000,78.38000000,78.40000000,75.76000000,101432,1277416416.00000000,3.44000000,2.11000000,1.62000000,1.68000000,云南白药
2021-06-07,000538,78.83000000,76.71000000,78.83000000,75.26000000,121971,1468844640.00000000,4.55000000,-2.13000000,-1.67000000,2.03000000,云南白药
2021-06-08,000538,76.19000000,71.57000000,76.37000000,71.55000000,175351,2037426512.00000000,6.28000000,-6.70000000,-5.14000000,2.91000000,云南白药
2021-06-09,000538,70.97000000,70.50000000,71.50000000,69.91000000,96012,1079075968.00000000,2.22000000,-1.50000000,-1.07000000,1.59000000,云南白药
2021-06-10,000538,70.26000000,70.76000000,70.95000000,69.97000000,79945,897284848.00000000,1.39000000,0.37000000,0.26000000,1.33000000,云南白药
2021-06-11,000538,70.30000000,68.68000000,70.32000000,67.90000000,103618,1136580272.00000000,3.42000000,-2.94000000,-2.08000000,1.72000000,云南白药
2021-06-15,000538,68.45000000,66.85000000,68.45000000,66.23000000,70131,753787104.00000000,3.23000000,-2.66000000,-1.83000000,1.16000000,云南白药
2021-06-16,000538,67.52000000,67.15000000,68.75000000,66.69000000,65865,712139328.00000000,3.08000000,0.45000000,0.30000000,1.09000000,云南白药
2021-06-17,000538,66.70000000,66.89000000,67.48000000,66.18000000,44455,476668496.00000000,1.94000000,-0.39000000,-0.26000000,0.74000000,云南白药
2021-06-18,000538,66.59000000,66.65000000,67.55000000,65.52000000,61251,653068528.00000000,3.03000000,-0.36000000,-0.24000000,1.02000000,云南白药
2021-06-21,000538,66.33000000,66.75000000,67.07000000,65.13000000,50138,533377536.00000000,2.91000000,0.15000000,0.10000000,0.83000000,云南白药
2021-06-22,000538,67.11000000,69.92000000,70.57000000,67.11000000,101680,1124241968.00000000,5.18000000,4.75000000,3.17000000,1.69000000,云南白药
2021-06-23,000538,69.93000000,69.17000000,70.19000000,68.58000000,61829,684941232.00000000,2.30000000,-1.07000000,-0.75000000,1.03000000,云南白药
2021-06-24,000538,68.85000000,67.47000000,69.05000000,66.96000000,56485,610518864.00000000,3.02000000,-2.46000000,-1.70000000,0.94000000,云南白药
2021-06-25,000538,67.69000000,69.47000000,69.62000000,66.69000000,71638,787736224.00000000,4.34000000,2.96000000,2.00000000,1.19000000,云南白药
2021-06-28,000538,69.43000000,72.55000000,73.55000000,69.30000000,119359,1364822800.00000000,6.12000000,4.43000000,3.08000000,1.98000000,云南白药
2021-06-29,000538,73.12000000,71.91000000,75.10000000,71.84000000,99726,1156214432.00000000,4.49000000,-0.88000000,-0.64000000,1.66000000,云南白药
2021-06-30,000538,71.99000000,72.92000000,73.83000000,70.98000000,85909,991539392.00000000,3.96000000,1.40000000,1.01000000,1.42000000,云南白药
2021-07-01,000538,73.94000000,75.76000000,77.53000000,73.94000000,176367,2124221040.00000000,4.92000000,3.89000000,2.84000000,2.92000000,云南白药
2021-07-02,000538,75.87000000,72.48000000,76.60000000,72.33000000,120204,1410939648.00000000,5.64000000,-4.33000000,-3.28000000,1.99000000,云南白药
2021-07-05,000538,71.68000000,72.68000000,73.74000000,70.47000000,84923,972791456.00000000,4.51000000,0.28000000,0.20000000,1.41000000,云南白药
2021-07-06,000538,72.68000000,68.69000000,72.83000000,67.75000000,128459,1421011248.00000000,6.99000000,-5.49000000,-3.99000000,2.13000000,云南白药
2021-07-07,000538,67.77000000,68.10000000,68.47000000,67.05000000,80787,875570528.00000000,2.07000000,-0.86000000,-0.59000000,1.34000000,云南白药
2021-07-08,000538,68.05000000,65.90000000,68.05000000,64.83000000,104413,1108410800.00000000,4.73000000,-3.23000000,-2.20000000,1.73000000,云南白药
2021-07-09,000538,65.83000000,64.62000000,65.90000000,63.92000000,79855,829744736.00000000,3.00000000,-1.94000000,-1.28000000,1.32000000,云南白药
2021-07-12,000538,65.25000000,65.04000000,65.90000000,63.95000000,67158,703866608.00000000,3.02000000,0.65000000,0.42000000,1.11000000,云南白药
2021-07-13,000538,65.09000000,66.75000000,67.25000000,65.09000000,68987,735476224.00000000,3.32000000,2.63000000,1.71000000,1.14000000,云南白药
2021-07-14,000538,67.40000000,66.98000000,67.84000000,66.17000000,69081,745084768.00000000,2.50000000,0.34000000,0.23000000,1.14000000,云南白药
2021-07-15,000538,67.05000000,66.12000000,67.05000000,65.65000000,63775,676869616.00000000,2.09000000,-1.28000000,-0.86000000,1.06000000,云南白药
2021-07-16,000538,66.12000000,65.02000000,66.12000000,64.90000000,62320,653391392.00000000,1.85000000,-1.66000000,-1.10000000,1.03000000,云南白药
2021-07-19,000538,64.55000000,68.62000000,70.26000000,63.83000000,136511,1476688256.00000000,9.89000000,5.54000000,3.60000000,2.26000000,云南白药
2021-07-20,000538,67.90000000,66.47000000,68.12000000,66.12000000,69030,738054016.00000000,2.91000000,-3.13000000,-2.15000000,1.14000000,云南白药
2021-07-21,000538,66.10000000,66.35000000,67.26000000,65.69000000,54206,578167056.00000000,2.36000000,-0.18000000,-0.12000000,0.90000000,云南白药
2021-07-22,000538,66.12000000,65.27000000,66.87000000,65.13000000,74540,785555488.00000000,2.62000000,-1.63000000,-1.08000000,1.23000000,云南白药
2021-07-23,000538,65.10000000,64.78000000,65.10000000,63.97000000,54482,566179760.00000000,1.73000000,-0.75000000,-0.49000000,0.90000000,云南白药
2021-07-26,000538,65.69000000,65.33000000,65.69000000,61.76000000,93937,968781184.00000000,6.07000000,0.85000000,0.55000000,1.56000000,云南白药
2021-07-27,000538,64.27000000,62.19000000,65.10000000,62.14000000,75136,767583248.00000000,4.53000000,-4.81000000,-3.14000000,1.24000000,云南白药
2021-07-28,000538,61.69000000,62.05000000,62.74000000,60.32000000,65330,651634992.00000000,3.89000000,-0.23000000,-0.14000000,1.08000000,云南白药
2021-07-29,000538,62.26000000,62.74000000,63.30000000,61.40000000,78458,788609744.00000000,3.06000000,1.11000000,0.69000000,1.30000000,云南白药
2021-07-30,000538,62.76000000,60.96000000,62.76000000,60.67000000,63552,630112400.00000000,3.33000000,-2.84000000,-1.78000000,1.05000000,云南白药
2021-08-02,000538,60.40000000,61.15000000,61.45000000,57.65000000,91200,883558096.00000000,6.23000000,0.31000000,0.19000000,1.51000000,云南白药
2021-08-03,000538,60.26000000,62.06000000,62.37000000,59.97000000,66258,661885632.00000000,3.92000000,1.49000000,0.91000000,1.10000000,云南白药
2021-08-04,000538,62.19000000,61.67000000,62.29000000,60.80000000,44867,447201648.00000000,2.40000000,-0.63000000,-0.39000000,0.74000000,云南白药
2021-08-05,000538,61.54000000,61.09000000,63.50000000,60.64000000,91679,922725760.00000000,4.64000000,-0.94000000,-0.58000000,1.52000000,云南白药
2021-08-06,000538,61.04000000,59.22000000,61.05000000,58.98000000,70865,686778880.00000000,3.39000000,-3.06000000,-1.87000000,1.17000000,云南白药
2021-08-09,000538,58.72000000,59.81000000,61.22000000,58.19000000,68800,672026032.00000000,5.12000000,1.00000000,0.59000000,1.14000000,云南白药
2021-08-10,000538,59.81000000,59.55000000,60.08000000,58.65000000,86622,835015824.00000000,2.39000000,-0.43000000,-0.26000000,1.43000000,云南白药
2021-08-11,000538,59.63000000,59.14000000,60.32000000,58.92000000,64375,622756016.00000000,2.35000000,-0.69000000,-0.41000000,1.07000000,云南白药
2021-08-12,000538,59.14000000,58.66000000,59.39000000,58.62000000,45738,438789824.00000000,1.30000000,-0.81000000,-0.48000000,0.76000000,云南白药
2021-08-13,000538,58.67000000,57.79000000,59.03000000,57.65000000,65680,624113568.00000000,2.35000000,-1.48000000,-0.87000000,1.09000000,云南白药
2021-08-16,000538,57.40000000,57.55000000,58.21000000,57.05000000,50056,472385728.00000000,2.01000000,-0.42000000,-0.24000000,0.83000000,云南白药
2021-08-17,000538,57.55000000,56.13000000,57.88000000,55.99000000,67786,631438304.00000000,3.28000000,-2.47000000,-1.42000000,1.12000000,云南白药
2021-08-18,000538,55.83000000,55.90000000,56.33000000,55.57000000,47673,437842096.00000000,1.35000000,-0.41000000,-0.23000000,0.79000000,云南白药
2021-08-19,000538,55.88000000,56.03000000,56.19000000,55.75000000,34805,320147056.00000000,0.79000000,0.23000000,0.13000000,0.58000000,云南白药
2021-08-20,000538,55.65000000,53.62000000,55.73000000,52.27000000,109918,973531040.00000000,6.18000000,-4.30000000,-2.41000000,1.82000000,云南白药
2021-08-23,000538,53.32000000,52.49000000,53.52000000,52.26000000,83943,733966976.00000000,2.35000000,-2.11000000,-1.13000000,1.39000000,云南白药
2021-08-24,000538,52.40000000,52.53000000,52.82000000,51.47000000,95108,825165792.00000000,2.57000000,0.08000000,0.04000000,1.57000000,云南白药
2021-08-25,000538,52.40000000,53.80000000,54.14000000,52.00000000,84666,747121152.00000000,4.07000000,2.42000000,1.27000000,1.40000000,云南白药
2021-08-26,000538,53.76000000,51.71000000,53.76000000,51.71000000,63195,550467312.00000000,3.81000000,-3.88000000,-2.09000000,1.05000000,云南白药
2021-08-27,000538,51.72000000,51.19000000,52.36000000,50.97000000,53352,457175840.00000000,2.69000000,-1.01000000,-0.52000000,0.88000000,云南白药
2021-08-30,000538,52.05000000,55.55000000,56.92000000,51.97000000,193642,1764568896.00000000,9.67000000,8.52000000,4.36000000,3.21000000,云南白药
2021-08-31,000538,55.50000000,53.61000000,55.50000000,52.83000000,85138,755491008.00000000,4.81000000,-3.49000000,-1.94000000,1.41000000,云南白药
2021-09-01,000538,53.67000000,55.32000000,55.89000000,52.55000000,82308,742097568.00000000,6.23000000,3.19000000,1.71000000,1.36000000,云南白药
2021-09-02,000538,55.26000000,54.86000000,55.67000000,54.18000000,56256,507832816.00000000,2.69000000,-0.83000000,-0.46000000,0.93000000,云南白药
2021-09-03,000538,55.00000000,55.88000000,56.85000000,54.10000000,76994,706147536.00000000,5.01000000,1.86000000,1.02000000,1.27000000,云南白药
2021-09-06,000538,56.69000000,57.93000000,58.26000000,55.90000000,87369,823946480.00000000,4.22000000,3.67000000,2.05000000,1.45000000,云南白药
2021-09-07,000538,57.93000000,57.75000000,58.03000000,56.69000000,52746,494306992.00000000,2.31000000,-0.31000000,-0.18000000,0.87000000,云南白药
2021-09-08,000538,57.44000000,57.01000000,57.87000000,56.87000000,41061,385081376.00000000,1.73000000,-1.28000000,-0.74000000,0.68000000,云南白药
2021-09-09,000538,57.01000000,57.04000000,57.75000000,56.71000000,35305,330318656.00000000,1.82000000,0.05000000,0.03000000,0.58000000,云南白药
2021-09-10,000538,56.77000000,57.32000000,57.62000000,56.42000000,39847,372789328.00000000,2.10000000,0.49000000,0.28000000,0.66000000,云南白药
2021-09-13,000538,57.40000000,58.70000000,59.11000000,57.40000000,70606,674777328.00000000,2.98000000,2.41000000,1.38000000,1.17000000,云南白药
2021-09-14,000538,58.63000000,60.33000000,61.69000000,58.37000000,101159,998773696.00000000,5.66000000,2.78000000,1.63000000,1.68000000,云南白药
2021-09-15,000538,60.17000000,59.55000000,60.75000000,58.85000000,52545,511718544.00000000,3.15000000,-1.29000000,-0.78000000,0.87000000,云南白药
2021-09-16,000538,59.25000000,57.97000000,59.25000000,57.40000000,54319,516102848.00000000,3.11000000,-2.65000000,-1.58000000,0.90000000,云南白药
2021-09-17,000538,57.85000000,58.84000000,59.05000000,57.47000000,36325,347322960.00000000,2.73000000,1.50000000,0.87000000,0.60000000,云南白药
2021-09-22,000538,58.19000000,59.45000000,60.95000000,57.67000000,37846,367562496.00000000,5.57000000,1.04000000,0.61000000,0.63000000,云南白药
2021-09-23,000538,59.45000000,59.76000000,60.61000000,59.32000000,32833,320230544.00000000,2.17000000,0.52000000,0.31000000,0.54000000,云南白药
2021-09-24,000538,59.43000000,61.01000000,61.68000000,59.32000000,83371,824416640.00000000,3.95000000,2.09000000,1.25000000,1.38000000,云南白药
2021-09-27,000538,61.00000000,62.16000000,63.76000000,60.26000000,70989,718296560.00000000,5.74000000,1.88000000,1.15000000,1.18000000,云南白药
2021-09-28,000538,61.70000000,61.08000000,62.55000000,60.55000000,40089,398908112.00000000,3.22000000,-1.74000000,-1.08000000,0.66000000,云南白药
2021-09-29,000538,60.62000000,60.17000000,60.97000000,59.19000000,38767,379102960.00000000,2.91000000,-1.49000000,-0.91000000,0.64000000,云南白药
2021-09-30,000538,59.90000000,60.11000000,61.19000000,59.77000000,31482,308707376.00000000,2.36000000,-0.10000000,-0.06000000,0.52000000,云南白药
2021-10-08,000538,60.11000000,60.95000000,61.50000000,59.23000000,43460,429419552.00000000,3.78000000,1.40000000,0.84000000,0.72000000,云南白药
2021-10-11,000538,60.95000000,59.56000000,62.24000000,59.55000000,51916,509746864.00000000,4.41000000,-2.28000000,-1.39000000,0.86000000,云南白药
2021-10-12,000538,59.30000000,58.05000000,59.33000000,57.57000000,53301,508653680.00000000,2.96000000,-2.54000000,-1.51000000,0.88000000,云南白药
2021-10-13,000538,58.04000000,60.26000000,61.37000000,57.76000000,59414,576947472.00000000,6.22000000,3.81000000,2.21000000,0.98000000,云南白药
2021-10-14,000538,60.27000000,59.64000000,60.71000000,58.35000000,41426,400487472.00000000,3.92000000,-1.03000000,-0.62000000,0.69000000,云南白药
2021-10-15,000538,59.64000000,57.79000000,59.76000000,57.77000000,63043,599842128.00000000,3.34000000,-3.10000000,-1.85000000,1.04000000,云南白药
2021-10-18,000538,57.80000000,57.49000000,58.02000000,56.48000000,40234,376962240.00000000,2.66000000,-0.52000000,-0.30000000,0.67000000,云南白药
2021-10-19,000538,57.49000000,57.35000000,58.50000000,57.19000000,49828,470613648.00000000,2.28000000,-0.24000000,-0.14000000,0.83000000,云南白药
2021-10-20,000538,57.35000000,56.91000000,57.76000000,56.25000000,37372,348308976.00000000,2.63000000,-0.77000000,-0.44000000,0.62000000,云南白药
2021-10-21,000538,56.91000000,57.40000000,57.75000000,56.70000000,25021,235049997.00000000,1.85000000,0.86000000,0.49000000,0.41000000,云南白药
2021-10-22,000538,57.29000000,57.40000000,57.94000000,57.07000000,27079,254929734.00000000,1.52000000,0.00000000,0.00000000,0.45000000,云南白药
2021-10-25,000538,57.40000000,57.59000000,57.74000000,56.90000000,25674,240895946.00000000,1.46000000,0.33000000,0.19000000,0.43000000,云南白药
2021-10-26,000538,57.05000000,57.40000000,58.04000000,56.92000000,28126,264248336.00000000,1.94000000,-0.33000000,-0.19000000,0.47000000,云南白药
2021-10-27,000538,57.54000000,55.89000000,57.54000000,55.36000000,43058,396500800.00000000,3.80000000,-2.63000000,-1.51000000,0.71000000,云南白药
2021-10-28,000538,53.97000000,53.37000000,54.09000000,50.26000000,112371,983257056.00000000,6.85000000,-4.51000000,-2.52000000,1.85000000,云南白药
2021-10-29,000538,52.83000000,54.26000000,54.82000000,51.91000000,62669,558189376.00000000,5.45000000,1.67000000,0.89000000,1.03000000,云南白药
2021-11-01,000538,54.25000000,54.62000000,54.92000000,53.48000000,35099,314680224.00000000,2.65000000,0.66000000,0.36000000,0.58000000,云南白药
2021-11-02,000538,54.55000000,53.80000000,55.00000000,52.97000000,42219,377537328.00000000,3.72000000,-1.50000000,-0.82000000,0.70000000,云南白药
2021-11-03,000538,53.72000000,54.49000000,56.02000000,53.69000000,42477,384560960.00000000,4.33000000,1.28000000,0.69000000,0.70000000,云南白药
2021-11-04,000538,54.47000000,54.52000000,54.97000000,54.08000000,28985,260545348.00000000,1.63000000,0.06000000,0.03000000,0.48000000,云南白药
2021-11-05,000538,54.69000000,54.06000000,55.17000000,54.05000000,28297,254378271.00000000,2.05000000,-0.84000000,-0.46000000,0.47000000,云南白药
2021-11-08,000538,53.90000000,53.14000000,54.10000000,52.87000000,42003,370766448.00000000,2.28000000,-1.70000000,-0.92000000,0.69000000,云南白药
2021-11-09,000538,53.27000000,53.31000000,53.75000000,53.12000000,19308,170683518.00000000,1.19000000,0.32000000,0.17000000,0.32000000,云南白药
2021-11-10,000538,53.29000000,53.55000000,53.76000000,52.33000000,33454,294241632.00000000,2.68000000,0.45000000,0.24000000,0.55000000,云南白药
2021-11-11,000538,53.49000000,53.90000000,54.07000000,53.12000000,30291,268433861.00000000,1.77000000,0.65000000,0.35000000,0.50000000,云南白药
2021-11-12,000538,53.90000000,53.31000000,54.08000000,53.12000000,28761,254565077.00000000,1.78000000,-1.09000000,-0.59000000,0.47000000,云南白药
2021-11-15,000538,53.33000000,54.33000000,54.78000000,53.32000000,33401,299186016.00000000,2.74000000,1.91000000,1.02000000,0.55000000,云南白药
2021-11-16,000538,54.33000000,55.52000000,56.18000000,54.33000000,58727,537690320.00000000,3.41000000,2.19000000,1.19000000,0.97000000,云南白药
2021-11-17,000538,55.52000000,55.24000000,55.62000000,54.67000000,32381,293735216.00000000,1.71000000,-0.50000000,-0.28000000,0.53000000,云南白药
2021-11-18,000538,55.08000000,54.55000000,55.08000000,54.28000000,27510,247715953.00000000,1.45000000,-1.25000000,-0.69000000,0.45000000,云南白药
2021-11-19,000538,54.22000000,54.56000000,54.87000000,54.20000000,20968,188660389.00000000,1.23000000,0.02000000,0.01000000,0.35000000,云南白药
2021-11-22,000538,54.55000000,54.40000000,54.72000000,54.19000000,31332,281133520.00000000,0.97000000,-0.29000000,-0.16000000,0.52000000,云南白药
2021-11-23,000538,54.44000000,54.15000000,54.83000000,54.05000000,26546,238156000.00000000,1.43000000,-0.46000000,-0.25000000,0.44000000,云南白药
2021-11-24,000538,54.12000000,53.90000000,54.37000000,53.39000000,31408,279460160.00000000,1.81000000,-0.46000000,-0.25000000,0.52000000,云南白药
2021-11-25,000538,54.42000000,55.00000000,55.51000000,53.91000000,51629,467221376.00000000,2.97000000,2.04000000,1.10000000,0.85000000,云南白药
2021-11-26,000538,54.80000000,53.85000000,55.17000000,53.76000000,45760,408737280.00000000,2.56000000,-2.09000000,-1.15000000,0.75000000,云南白药
2021-11-29,000538,53.77000000,53.08000000,54.54000000,52.87000000,40301,355941024.00000000,3.10000000,-1.43000000,-0.77000000,0.66000000,云南白药
2021-11-30,000538,53.23000000,53.35000000,53.58000000,53.05000000,27111,239029582.00000000,1.00000000,0.51000000,0.27000000,0.45000000,云南白药
2021-12-01,000538,53.17000000,53.40000000,53.47000000,52.91000000,20566,181134782.00000000,1.05000000,0.09000000,0.05000000,0.34000000,云南白药
2021-12-02,000538,53.20000000,53.45000000,54.06000000,53.20000000,27361,242393174.00000000,1.61000000,0.09000000,0.05000000,0.45000000,云南白药
2021-12-03,000538,53.27000000,53.80000000,53.95000000,53.27000000,23531,209088585.00000000,1.27000000,0.65000000,0.35000000,0.39000000,云南白药
2021-12-06,000538,54.06000000,54.19000000,54.75000000,53.76000000,32477,290733792.00000000,1.84000000,0.72000000,0.39000000,0.53000000,云南白药
2021-12-07,000538,54.26000000,55.00000000,55.21000000,54.26000000,49160,444228912.00000000,1.75000000,1.49000000,0.81000000,0.81000000,云南白药
2021-12-08,000538,55.26000000,55.25000000,55.55000000,54.60000000,36011,326810448.00000000,1.73000000,0.45000000,0.25000000,0.59000000,云南白药
2021-12-09,000538,55.26000000,56.83000000,57.48000000,55.26000000,79307,737819392.00000000,4.02000000,2.86000000,1.58000000,1.31000000,云南白药
2021-12-10,000538,56.75000000,56.67000000,57.37000000,56.27000000,54361,506198992.00000000,1.94000000,-0.28000000,-0.16000000,0.89000000,云南白药
2021-12-13,000538,56.90000000,56.76000000,57.60000000,56.62000000,45512,425496224.00000000,1.73000000,0.16000000,0.09000000,0.75000000,云南白药
2021-12-14,000538,56.70000000,56.55000000,56.71000000,55.85000000,41834,387070432.00000000,1.52000000,-0.37000000,-0.21000000,0.69000000,云南白药
2021-12-15,000538,56.69000000,55.60000000,56.83000000,55.58000000,34790,320593344.00000000,2.21000000,-1.68000000,-0.95000000,0.57000000,云南白药
2021-12-16,000538,55.40000000,55.76000000,56.10000000,55.38000000,27828,254726979.00000000,1.29000000,0.29000000,0.16000000,0.46000000,云南白药
2021-12-17,000538,55.76000000,55.07000000,55.87000000,54.95000000,27455,249466381.00000000,1.65000000,-1.24000000,-0.69000000,0.45000000,云南白药
2021-12-20,000538,54.95000000,57.96000000,59.55000000,54.85000000,147711,1400461472.00000000,8.53000000,5.25000000,2.89000000,2.43000000,云南白药
2021-12-21,000538,57.90000000,58.51000000,59.55000000,57.56000000,79150,756153072.00000000,3.43000000,0.95000000,0.55000000,1.30000000,云南白药
2021-12-22,000538,58.26000000,60.08000000,60.25000000,58.25000000,106842,1035538672.00000000,3.42000000,2.68000000,1.57000000,1.76000000,云南白药
2021-12-23,000538,59.23000000,58.57000000,60.09000000,58.12000000,77367,740970912.00000000,3.28000000,-2.51000000,-1.51000000,1.27000000,云南白药
2021-12-24,000538,58.12000000,61.41000000,61.69000000,57.67000000,145695,1434099376.00000000,6.86000000,4.85000000,2.84000000,2.40000000,云南白药
2021-12-27,000538,61.41000000,61.10000000,63.33000000,60.69000000,103584,1037938848.00000000,4.30000000,-0.50000000,-0.31000000,1.71000000,云南白药
2021-12-28,000538,61.42000000,60.45000000,61.68000000,59.90000000,60623,597444176.00000000,2.91000000,-1.06000000,-0.65000000,1.00000000,云南白药
2021-12-29,000538,60.95000000,59.55000000,61.12000000,59.32000000,68103,664933344.00000000,2.98000000,-1.49000000,-0.90000000,1.12000000,云南白药
2021-12-30,000538,59.29000000,59.55000000,60.14000000,59.26000000,47078,457065136.00000000,1.48000000,0.00000000,0.00000000,0.78000000,云南白药
2021-12-31,000538,60.11000000,65.01000000,65.73000000,59.90000000,185905,1907639984.00000000,9.79000000,9.17000000,5.46000000,3.07000000,云南白药
2022-01-04,000538,65.25000000,64.94000000,67.89000000,64.66000000,160492,1706518096.00000000,4.97000000,-0.11000000,-0.07000000,2.65000000,云南白药
2022-01-05,000538,64.55000000,60.66000000,64.85000000,60.57000000,133533,1337584720.00000000,6.59000000,-6.59000000,-4.28000000,2.20000000,云南白药
2022-01-06,000538,60.19000000,62.30000000,62.75000000,59.90000000,91920,917672224.00000000,4.70000000,2.70000000,1.64000000,1.52000000,云南白药
2022-01-07,000538,61.62000000,63.41000000,64.76000000,60.67000000,108337,1106229968.00000000,6.57000000,1.78000000,1.11000000,1.79000000,云南白药
2022-01-10,000538,63.22000000,64.69000000,64.78000000,62.48000000,70740,730342400.00000000,3.63000000,2.02000000,1.28000000,1.17000000,云南白药
2022-01-11,000538,64.26000000,68.47000000,68.67000000,64.02000000,166035,1790132336.00000000,7.19000000,5.84000000,3.78000000,2.74000000,云南白药
2022-01-12,000538,67.18000000,66.04000000,68.87000000,65.75000000,99263,1063346896.00000000,4.56000000,-3.55000000,-2.43000000,1.64000000,云南白药
2022-01-13,000538,65.62000000,65.01000000,67.26000000,64.41000000,67194,709058192.00000000,4.32000000,-1.56000000,-1.03000000,1.11000000,云南白药
2022-01-14,000538,64.47000000,64.80000000,66.69000000,64.10000000,64060,674966304.00000000,3.98000000,-0.32000000,-0.21000000,1.06000000,云南白药
2022-01-17,000538,64.82000000,63.24000000,65.01000000,63.12000000,56147,578522096.00000000,2.92000000,-2.41000000,-1.56000000,0.93000000,云南白药
2022-01-18,000538,63.25000000,63.45000000,63.77000000,62.20000000,39706,404910336.00000000,2.48000000,0.33000000,0.21000000,0.66000000,云南白药
2022-01-19,000538,63.45000000,60.80000000,63.47000000,60.19000000,71319,707875840.00000000,5.17000000,-4.18000000,-2.65000000,1.18000000,云南白药
2022-01-20,000538,60.25000000,61.37000000,62.05000000,60.25000000,37477,373115728.00000000,2.96000000,0.94000000,0.57000000,0.62000000,云南白药
2022-01-21,000538,61.05000000,59.91000000,61.15000000,58.83000000,52391,510196256.00000000,3.78000000,-2.38000000,-1.46000000,0.86000000,云南白药
2022-01-24,000538,59.42000000,58.55000000,60.04000000,57.89000000,46359,442897440.00000000,3.59000000,-2.27000000,-1.36000000,0.77000000,云南白药
2022-01-25,000538,58.50000000,56.33000000,59.08000000,56.22000000,49203,461824064.00000000,4.88000000,-3.79000000,-2.22000000,0.81000000,云南白药
2022-01-26,000538,56.33000000,56.57000000,56.92000000,55.62000000,41027,379274608.00000000,2.31000000,0.43000000,0.24000000,0.68000000,云南白药
2022-01-27,000538,56.60000000,55.07000000,57.05000000,54.86000000,37240,341287632.00000000,3.87000000,-2.65000000,-1.50000000,0.61000000,云南白药
2022-01-28,000538,55.26000000,54.75000000,55.77000000,54.19000000,40368,365653024.00000000,2.87000000,-0.58000000,-0.32000000,0.67000000,云南白药
2022-02-07,000538,55.17000000,55.14000000,56.59000000,54.75000000,33406,305461088.00000000,3.36000000,0.71000000,0.39000000,0.55000000,云南白药
2022-02-08,000538,55.29000000,57.08000000,57.08000000,54.75000000,40435,372207088.00000000,4.23000000,3.52000000,1.94000000,0.67000000,云南白药
2022-02-09,000538,57.08000000,58.32000000,58.73000000,56.33000000,48157,455129760.00000000,4.20000000,2.17000000,1.24000000,0.80000000,云南白药
2022-02-10,000538,58.32000000,57.97000000,58.75000000,57.76000000,29549,281087152.00000000,1.70000000,-0.60000000,-0.35000000,0.49000000,云南白药
2022-02-11,000538,58.75000000,56.76000000,58.75000000,55.89000000,42562,396492544.00000000,4.93000000,-2.09000000,-1.21000000,0.70000000,云南白药
2022-02-14,000538,55.98000000,56.10000000,57.05000000,55.73000000,25289,233312381.00000000,2.33000000,-1.16000000,-0.66000000,0.42000000,云南白药
2022-02-15,000538,56.51000000,57.37000000,57.75000000,56.11000000,30399,284923632.00000000,2.92000000,2.26000000,1.27000000,0.50000000,云南白药
2022-02-16,000538,57.15000000,56.70000000,57.53000000,56.55000000,28766,268164305.00000000,1.71000000,-1.17000000,-0.67000000,0.47000000,云南白药
2022-02-17,000538,56.55000000,56.62000000,56.90000000,56.24000000,25231,234069578.00000000,1.16000000,-0.14000000,-0.08000000,0.42000000,云南白药
2022-02-18,000538,56.00000000,56.35000000,56.60000000,56.00000000,22838,210926826.00000000,1.06000000,-0.48000000,-0.27000000,0.38000000,云南白药
2022-02-21,000538,56.25000000,56.43000000,56.69000000,55.64000000,27916,257502270.00000000,1.86000000,0.14000000,0.08000000,0.46000000,云南白药
2022-02-22,000538,56.19000000,55.69000000,56.19000000,55.13000000,26187,239226344.00000000,1.88000000,-1.31000000,-0.74000000,0.43000000,云南白药
2022-02-23,000538,55.68000000,55.92000000,56.33000000,55.47000000,26968,247614096.00000000,1.54000000,0.41000000,0.23000000,0.45000000,云南白药
2022-02-24,000538,55.56000000,54.76000000,56.17000000,54.40000000,43263,392758896.00000000,3.17000000,-2.07000000,-1.16000000,0.71000000,云南白药
2022-02-25,000538,54.92000000,55.44000000,55.97000000,54.91000000,35433,322944912.00000000,1.94000000,1.24000000,0.68000000,0.58000000,云南白药
2022-02-28,000538,55.24000000,54.72000000,55.25000000,54.55000000,31398,283713520.00000000,1.26000000,-1.30000000,-0.72000000,0.52000000,云南白药
2022-03-01,000538,54.73000000,54.93000000,55.15000000,54.57000000,25663,231706022.00000000,1.06000000,0.38000000,0.21000000,0.42000000,云南白药
2022-03-02,000538,54.82000000,55.17000000,55.52000000,54.34000000,29739,269317280.00000000,2.15000000,0.44000000,0.24000000,0.49000000,云南白药
2022-03-03,000538,55.17000000,54.62000000,55.66000000,54.55000000,32636,294915824.00000000,2.01000000,-1.00000000,-0.55000000,0.54000000,云南白药
2022-03-04,000538,54.54000000,53.66000000,54.55000000,53.46000000,59073,525516048.00000000,2.00000000,-1.76000000,-0.96000000,0.98000000,云南白药
2022-03-07,000538,53.47000000,51.51000000,53.47000000,51.17000000,68456,592227968.00000000,4.29000000,-4.01000000,-2.15000000,1.13000000,云南白药
2022-03-08,000538,51.51000000,48.93000000,52.18000000,48.76000000,68037,568051520.00000000,6.64000000,-5.01000000,-2.58000000,1.12000000,云南白药
2022-03-09,000538,48.92000000,46.67000000,49.22000000,44.41000000,122081,963795072.00000000,9.83000000,-4.62000000,-2.26000000,2.02000000,云南白药
2022-03-10,000538,47.76000000,47.52000000,48.12000000,46.99000000,56033,450071776.00000000,2.42000000,1.82000000,0.85000000,0.93000000,云南白药
2022-03-11,000538,46.69000000,48.87000000,49.01000000,46.05000000,61200,491822016.00000000,6.23000000,2.84000000,1.35000000,1.01000000,云南白药
2022-03-14,000538,48.82000000,47.60000000,49.34000000,47.47000000,43447,352762032.00000000,3.83000000,-2.60000000,-1.27000000,0.72000000,云南白药
2022-03-15,000538,46.32000000,44.55000000,47.30000000,44.50000000,67869,527193744.00000000,5.88000000,-6.41000000,-3.05000000,1.12000000,云南白药
2022-03-16,000538,45.40000000,45.64000000,45.85000000,42.47000000,67953,515251824.00000000,7.59000000,2.45000000,1.09000000,1.12000000,云南白药
2022-03-17,000538,46.58000000,46.80000000,47.83000000,45.98000000,59900,475965312.00000000,4.05000000,2.54000000,1.16000000,0.99000000,云南白药
2022-03-18,000538,47.45000000,47.62000000,48.26000000,46.69000000,51773,414162160.00000000,3.35000000,1.75000000,0.82000000,0.85000000,云南白药
2022-03-21,000538,47.62000000,48.38000000,48.58000000,47.50000000,50426,408005392.00000000,2.27000000,1.60000000,0.76000000,0.83000000,云南白药
2022-03-22,000538,47.95000000,47.92000000,48.25000000,47.55000000,31746,255985218.00000000,1.45000000,-0.95000000,-0.46000000,0.52000000,云南白药
2022-03-23,000538,47.93000000,48.37000000,48.92000000,47.47000000,40134,326608560.00000000,3.03000000,0.94000000,0.45000000,0.66000000,云南白药
2022-03-24,000538,48.05000000,48.69000000,48.72000000,47.62000000,41176,334335552.00000000,2.27000000,0.66000000,0.32000000,0.68000000,云南白药
2022-03-25,000538,48.55000000,48.16000000,49.90000000,48.02000000,50776,416250192.00000000,3.86000000,-1.09000000,-0.53000000,0.84000000,云南白药
2022-03-28,000538,46.97000000,48.07000000,48.23000000,45.98000000,57174,456995168.00000000,4.67000000,-0.19000000,-0.09000000,0.94000000,云南白药
2022-03-29,000538,48.05000000,47.83000000,48.44000000,47.26000000,36518,294356464.00000000,2.45000000,-0.50000000,-0.24000000,0.60000000,云南白药
2022-03-30,000538,48.82000000,48.56000000,49.09000000,47.76000000,42649,347083792.00000000,2.78000000,1.53000000,0.73000000,0.70000000,云南白药
2022-03-31,000538,48.37000000,48.70000000,49.89000000,48.12000000,48020,395254096.00000000,3.64000000,0.29000000,0.14000000,0.79000000,云南白药
2022-04-01,000538,48.05000000,48.12000000,48.44000000,47.40000000,35395,285770368.00000000,2.14000000,-1.19000000,-0.58000000,0.58000000,云南白药
2022-04-06,000538,48.47000000,48.17000000,49.54000000,48.12000000,54374,445952896.00000000,2.95000000,0.10000000,0.05000000,0.90000000,云南白药
2022-04-07,000538,48.12000000,46.62000000,48.12000000,46.33000000,52663,419042992.00000000,3.72000000,-3.22000000,-1.55000000,0.87000000,云南白药
2022-04-08,000538,46.62000000,47.57000000,47.73000000,45.27000000,52465,414567632.00000000,5.28000000,2.04000000,0.95000000,0.87000000,云南白药
2022-04-11,000538,46.85000000,45.84000000,47.19000000,45.62000000,39037,305652912.00000000,3.30000000,-3.64000000,-1.73000000,0.64000000,云南白药
2022-04-12,000538,45.82000000,46.62000000,46.69000000,45.31000000,28497,222807178.00000000,3.01000000,1.70000000,0.78000000,0.47000000,云南白药
2022-04-13,000538,46.59000000,46.37000000,47.16000000,46.10000000,23059,181848063.00000000,2.27000000,-0.54000000,-0.25000000,0.38000000,云南白药
2022-04-14,000538,46.62000000,46.50000000,46.95000000,46.08000000,26180,206184099.00000000,1.88000000,0.28000000,0.13000000,0.43000000,云南白药
2022-04-15,000538,46.46000000,46.05000000,46.46000000,46.00000000,26474,207117703.00000000,0.99000000,-0.97000000,-0.45000000,0.44000000,云南白药
2022-04-18,000538,45.97000000,45.55000000,45.98000000,45.41000000,20638,159874407.00000000,1.24000000,-1.09000000,-0.50000000,0.34000000,云南白药
2022-04-19,000538,45.95000000,44.55000000,45.95000000,44.54000000,42643,326164160.00000000,3.10000000,-2.20000000,-1.00000000,0.70000000,云南白药
2022-04-20,000538,44.69000000,44.17000000,44.84000000,43.97000000,28722,217880300.00000000,1.95000000,-0.85000000,-0.38000000,0.47000000,云南白药
2022-04-21,000538,44.20000000,43.07000000,44.30000000,42.78000000,38435,285788928.00000000,3.44000000,-2.49000000,-1.10000000,0.63000000,云南白药
2022-04-22,000538,42.68000000,43.47000000,43.63000000,42.17000000,32913,242649582.00000000,3.39000000,0.93000000,0.40000000,0.54000000,云南白药
2022-04-25,000538,43.09000000,40.97000000,43.33000000,40.95000000,44391,323257120.00000000,5.48000000,-5.75000000,-2.50000000,0.73000000,云南白药
2022-04-26,000538,41.22000000,41.69000000,42.39000000,41.00000000,39131,281991856.00000000,3.39000000,1.76000000,0.72000000,0.65000000,云南白药
2022-04-27,000538,41.30000000,42.47000000,42.49000000,41.05000000,33969,245419058.00000000,3.45000000,1.87000000,0.78000000,0.56000000,云南白药
2022-04-28,000538,42.76000000,42.95000000,43.53000000,42.35000000,32596,240274543.00000000,2.78000000,1.13000000,0.48000000,0.54000000,云南白药
2022-04-29,000538,43.33000000,44.75000000,44.80000000,42.96000000,50400,378736624.00000000,4.28000000,4.19000000,1.80000000,0.83000000,云南白药
2022-05-05,000538,44.82000000,46.20000000,46.61000000,44.82000000,75504,412013616.00000000,4.00000000,3.24000000,1.45000000,0.89000000,云南白药
2022-05-06,000538,45.30000000,46.17000000,46.24000000,45.00000000,45542,247042661.00000000,2.68000000,-0.06000000,-0.03000000,0.54000000,云南白药
2022-05-09,000538,46.09000000,45.89000000,46.49000000,45.43000000,30665,167227102.00000000,2.30000000,-0.61000000,-0.28000000,0.36000000,云南白药
2022-05-10,000538,45.45000000,46.10000000,46.49000000,45.18000000,36129,196881606.00000000,2.85000000,0.46000000,0.21000000,0.43000000,云南白药
2022-05-11,000538,46.37000000,46.95000000,47.58000000,46.35000000,55392,308920448.00000000,2.67000000,1.84000000,0.85000000,0.65000000,云南白药
2022-05-12,000538,46.95000000,47.08000000,47.75000000,46.53000000,39444,220060736.00000000,2.60000000,0.28000000,0.13000000,0.46000000,云南白药
2022-05-13,000538,49.90000000,51.90000000,52.60000000,47.77000000,185879,1094719312.00000000,10.26000000,10.24000000,4.82000000,2.19000000,云南白药
2022-05-16,000538,57.85000000,53.62000000,57.85000000,53.43000000,466396,2990723664.00000000,8.52000000,3.31000000,1.72000000,5.50000000,云南白药
2022-05-17,000538,51.40000000,49.70000000,52.00000000,49.00000000,253179,1484086256.00000000,5.59000000,-7.31000000,-3.92000000,2.98000000,云南白药
2022-05-18,000538,48.95000000,48.90000000,49.38000000,48.06000000,129542,742262400.00000000,2.66000000,-1.61000000,-0.80000000,1.53000000,云南白药
2022-05-19,000538,47.90000000,48.36000000,48.68000000,47.67000000,83223,473030432.00000000,2.07000000,-1.10000000,-0.54000000,0.98000000,云南白药
2022-05-20,000538,48.45000000,49.01000000,49.61000000,48.41000000,95280,549777760.00000000,2.48000000,1.34000000,0.65000000,1.12000000,云南白药
2022-05-23,000538,49.09000000,48.60000000,49.18000000,48.40000000,71480,408974080.00000000,1.59000000,-0.84000000,-0.41000000,0.84000000,云南白药
2022-05-24,000538,48.61000000,46.81000000,48.69000000,46.68000000,120078,673050640.00000000,4.14000000,-3.68000000,-1.79000000,1.42000000,云南白药
2022-05-25,000538,46.68000000,47.18000000,47.35000000,46.51000000,52407,291759392.00000000,1.79000000,0.79000000,0.37000000,0.62000000,云南白药
2022-05-26,000538,47.30000000,47.72000000,47.95000000,46.79000000,63242,354373920.00000000,2.46000000,1.14000000,0.54000000,0.75000000,云南白药
2022-05-27,000538,47.74000000,47.66000000,48.23000000,47.41000000,50673,285674992.00000000,1.72000000,-0.13000000,-0.06000000,0.60000000,云南白药
2022-05-30,000538,47.67000000,47.53000000,47.86000000,47.32000000,48221,271084688.00000000,1.13000000,-0.27000000,-0.13000000,0.57000000,云南白药
2022-05-31,000538,47.52000000,47.80000000,47.80000000,47.10000000,59932,336516640.00000000,1.47000000,0.57000000,0.27000000,0.71000000,云南白药
2022-06-01,000538,47.80000000,47.01000000,47.80000000,46.90000000,72302,403909136.00000000,1.88000000,-1.65000000,-0.79000000,0.85000000,云南白药
2022-06-02,000538,47.12000000,46.96000000,47.15000000,46.70000000,51209,284051840.00000000,0.96000000,-0.11000000,-0.05000000,0.60000000,云南白药
2022-06-06,000538,47.06000000,47.69000000,47.70000000,46.79000000,61863,346442592.00000000,1.94000000,1.55000000,0.73000000,0.73000000,云南白药
2022-06-07,000538,47.69000000,48.63000000,48.68000000,47.50000000,83255,473942080.00000000,2.47000000,1.97000000,0.94000000,0.98000000,云南白药
2022-06-08,000538,48.63000000,48.31000000,48.78000000,47.90000000,72647,412830496.00000000,1.81000000,-0.66000000,-0.32000000,0.86000000,云南白药
2022-06-09,000538,48.20000000,47.51000000,48.54000000,47.31000000,63809,359579184.00000000,2.55000000,-1.66000000,-0.80000000,0.75000000,云南白药
2022-06-10,000538,47.28000000,48.00000000,48.09000000,47.10000000,52128,293350704.00000000,2.08000000,1.03000000,0.49000000,0.61000000,云南白药
2022-06-13,000538,47.91000000,47.28000000,47.91000000,46.94000000,68134,380785584.00000000,2.02000000,-1.50000000,-0.72000000,0.80000000,云南白药
2022-06-14,000538,46.66000000,47.05000000,47.18000000,45.92000000,67261,370483760.00000000,2.66000000,-0.49000000,-0.23000000,0.79000000,云南白药
2022-06-15,000538,48.40000000,49.13000000,49.98000000,48.30000000,162379,941092928.00000000,3.57000000,4.42000000,2.08000000,1.91000000,云南白药
2022-06-16,000538,49.25000000,49.29000000,50.00000000,48.89000000,111103,645387520.00000000,2.26000000,0.33000000,0.16000000,1.31000000,云南白药
2022-06-17,000538,49.04000000,49.70000000,49.82000000,48.40000000,85808,496019600.00000000,2.88000000,0.83000000,0.41000000,1.01000000,云南白药
2022-06-20,000538,49.88000000,50.52000000,50.60000000,49.50000000,95129,559409648.00000000,2.21000000,1.65000000,0.82000000,1.12000000,云南白药
2022-06-21,000538,50.53000000,49.68000000,50.67000000,49.20000000,79012,462017200.00000000,2.91000000,-1.66000000,-0.84000000,0.93000000,云南白药
2022-06-22,000538,49.48000000,49.01000000,50.04000000,49.00000000,69218,401587440.00000000,2.09000000,-1.35000000,-0.67000000,0.82000000,云南白药
2022-06-23,000538,49.01000000,49.52000000,49.52000000,48.44000000,56646,326478032.00000000,2.20000000,1.04000000,0.51000000,0.67000000,云南白药
2022-06-24,000538,49.50000000,49.54000000,50.03000000,49.26000000,70784,412067792.00000000,1.55000000,0.04000000,0.02000000,0.83000000,云南白药
2022-06-27,000538,50.35000000,49.99000000,51.30000000,49.90000000,99498,587305552.00000000,2.83000000,0.91000000,0.45000000,1.17000000,云南白药
2022-06-28,000538,49.62000000,50.20000000,50.40000000,49.15000000,74920,437134352.00000000,2.50000000,0.42000000,0.21000000,0.88000000,云南白药
2022-06-29,000538,50.10000000,49.98000000,51.08000000,49.65000000,94222,556621424.00000000,2.85000000,-0.44000000,-0.22000000,1.11000000,云南白药
2022-06-30,000538,49.95000000,51.79000000,52.41000000,49.87000000,128747,772459824.00000000,5.08000000,3.62000000,1.81000000,1.52000000,云南白药
2022-07-01,000538,51.70000000,51.41000000,51.71000000,50.88000000,65788,394019680.00000000,1.60000000,-0.73000000,-0.38000000,0.77000000,云南白药
2022-07-04,000538,51.41000000,52.53000000,52.72000000,51.05000000,101150,616048288.00000000,3.25000000,2.18000000,1.12000000,1.19000000,云南白药
2022-07-05,000538,52.54000000,52.24000000,52.64000000,51.34000000,78956,478130160.00000000,2.47000000,-0.55000000,-0.29000000,0.93000000,云南白药
2022-07-06,000538,52.22000000,50.92000000,52.49000000,50.60000000,73945,442984400.00000000,3.62000000,-2.53000000,-1.32000000,0.87000000,云南白药
2022-07-07,000538,50.92000000,50.41000000,50.93000000,49.98000000,58376,344350016.00000000,1.87000000,-1.00000000,-0.51000000,0.69000000,云南白药
2022-07-08,000538,50.41000000,50.56000000,51.15000000,50.20000000,43225,256044565.00000000,1.88000000,0.30000000,0.15000000,0.51000000,云南白药
2022-07-11,000538,50.62000000,49.62000000,50.77000000,49.30000000,77154,451359408.00000000,2.91000000,-1.86000000,-0.94000000,0.91000000,云南白药
2022-07-12,000538,49.61000000,47.91000000,49.99000000,47.73000000,97609,555788619.10000002,4.55000000,-3.45000000,-1.71000000,1.15000000,云南白药
2022-07-13,000538,47.90000000,47.70000000,48.30000000,47.48000000,61590,347602790.31000000,1.71000000,-0.44000000,-0.21000000,0.73000000,云南白药
2022-07-14,000538,47.50000000,48.17000000,48.47000000,47.48000000,52521,297918643.81999999,2.08000000,0.99000000,0.47000000,0.62000000,云南白药
2022-07-15,000538,48.15000000,47.89000000,49.40000000,47.50000000,77476,441630467.56999999,3.94000000,-0.58000000,-0.28000000,0.91000000,云南白药
2022-07-18,000538,47.62000000,48.16000000,48.29000000,47.20000000,44003,248343835.81000000,2.28000000,0.56000000,0.27000000,0.52000000,云南白药
2022-07-19,000538,48.16000000,47.79000000,48.39000000,47.22000000,55213,310713239.64999998,2.43000000,-0.77000000,-0.37000000,0.65000000,云南白药
2022-07-20,000538,47.78000000,48.37000000,48.58000000,47.76000000,51070,290127701.88999999,1.72000000,1.21000000,0.58000000,0.60000000,云南白药
2022-07-21,000538,48.40000000,48.30000000,48.56000000,48.06000000,38918,221654326.99000001,1.03000000,-0.14000000,-0.07000000,0.46000000,云南白药
2022-07-22,000538,48.20000000,47.95000000,48.70000000,47.50000000,41468,234953394.63000000,2.48000000,-0.72000000,-0.35000000,0.49000000,云南白药
2022-07-25,000538,47.90000000,48.23000000,48.70000000,47.52000000,47314,268213019.37000000,2.46000000,0.58000000,0.28000000,0.56000000,云南白药
2022-07-26,000538,48.39000000,48.46000000,48.70000000,48.05000000,47125,268846332.45999998,1.35000000,0.48000000,0.23000000,0.56000000,云南白药
2022-07-27,000538,48.10000000,48.25000000,48.49000000,48.05000000,34242,194673270.08000001,0.91000000,-0.43000000,-0.21000000,0.40000000,云南白药
2022-07-28,000538,48.26000000,47.73000000,48.42000000,47.66000000,51630,292205939.69999999,1.58000000,-1.08000000,-0.52000000,0.61000000,云南白药
2022-07-29,000538,47.50000000,46.56000000,47.60000000,46.48000000,72914,404294707.61000001,2.35000000,-2.45000000,-1.17000000,0.86000000,云南白药
2022-08-01,000538,46.40000000,46.07000000,46.40000000,45.63000000,49110,267990815.65000001,1.65000000,-1.05000000,-0.49000000,0.58000000,云南白药
2022-08-02,000538,45.98000000,45.14000000,45.98000000,44.10000000,66367,354456091.76999998,4.08000000,-2.02000000,-0.93000000,0.78000000,云南白药
2022-08-03,000538,45.09000000,45.30000000,45.86000000,44.93000000,51370,277397298.19000000,2.06000000,0.35000000,0.16000000,0.61000000,云南白药
2022-08-04,000538,45.40000000,45.67000000,45.86000000,45.20000000,36423,197148063.38999999,1.46000000,0.82000000,0.37000000,0.43000000,云南白药
2022-08-05,000538,45.68000000,45.93000000,46.08000000,45.30000000,47850,259459092.91000000,1.71000000,0.57000000,0.26000000,0.56000000,云南白药
2022-08-08,000538,45.93000000,46.25000000,46.55000000,45.76000000,36637,200820978.41999999,1.72000000,0.70000000,0.32000000,0.43000000,云南白药
2022-08-09,000538,46.19000000,45.60000000,46.19000000,45.58000000,30580,166294521.41000000,1.32000000,-1.41000000,-0.65000000,0.36000000,云南白药
2022-08-10,000538,45.60000000,45.20000000,45.72000000,45.01000000,33045,177903123.52000001,1.56000000,-0.88000000,-0.40000000,0.39000000,云南白药
2022-08-11,000538,45.52000000,46.08000000,46.11000000,45.30000000,37261,202645763.72999999,1.79000000,1.95000000,0.88000000,0.44000000,云南白药
2022-08-12,000538,46.08000000,46.37000000,46.59000000,45.78000000,36721,201302592.91000000,1.76000000,0.63000000,0.29000000,0.43000000,云南白药
2022-08-15,000538,45.91000000,45.91000000,46.53000000,45.87000000,40123,219243750.91999999,1.42000000,-0.99000000,-0.46000000,0.47000000,云南白药
2022-08-16,000538,45.91000000,45.91000000,46.38000000,45.82000000,39778,217428452.40000001,1.22000000,0.00000000,0.00000000,0.47000000,云南白药
2022-08-17,000538,45.92000000,46.41000000,46.41000000,45.15000000,52030,283574837.62000000,2.74000000,1.09000000,0.50000000,0.61000000,云南白药
2022-08-18,000538,46.27000000,45.74000000,46.27000000,45.67000000,36750,200065724.56000000,1.29000000,-1.44000000,-0.67000000,0.43000000,云南白药
2022-08-19,000538,45.51000000,45.41000000,45.97000000,45.28000000,35762,193794014.31000000,1.51000000,-0.72000000,-0.33000000,0.42000000,云南白药
2022-08-22,000538,45.28000000,45.73000000,45.90000000,44.95000000,30552,165251142.91000000,2.09000000,0.70000000,0.32000000,0.36000000,云南白药
2022-08-23,000538,45.70000000,45.30000000,45.70000000,45.06000000,28504,153530501.97000000,1.40000000,-0.94000000,-0.43000000,0.34000000,云南白药
2022-08-24,000538,45.29000000,44.54000000,45.41000000,44.41000000,41611,222300289.06000000,2.21000000,-1.68000000,-0.76000000,0.49000000,云南白药
2022-08-25,000538,44.50000000,44.62000000,44.82000000,44.27000000,32952,174907473.87000000,1.23000000,0.18000000,0.08000000,0.39000000,云南白药
2022-08-26,000538,44.79000000,44.86000000,45.39000000,44.64000000,31774,170320776.56000000,1.68000000,0.54000000,0.24000000,0.37000000,云南白药
2022-08-29,000538,44.40000000,44.82000000,44.89000000,44.14000000,29614,157451725.18000001,1.67000000,-0.09000000,-0.04000000,0.35000000,云南白药
2022-08-30,000538,43.40000000,42.69000000,44.25000000,42.41000000,119518,618532303.67999995,4.11000000,-4.75000000,-2.13000000,1.41000000,云南白药
2022-08-31,000538,42.50000000,43.76000000,43.89000000,42.15000000,74280,384973456.67000002,4.08000000,2.51000000,1.07000000,0.88000000,云南白药
2022-09-01,000538,43.76000000,43.37000000,44.14000000,43.25000000,43976,229784383.12000000,2.03000000,-0.89000000,-0.39000000,0.52000000,云南白药
2022-09-02,000538,43.37000000,43.09000000,43.73000000,42.90000000,30474,157754278.53000000,1.91000000,-0.65000000,-0.28000000,0.36000000,云南白药
2022-09-05,000538,43.04000000,42.54000000,43.40000000,42.40000000,38321,196111519.22999999,2.32000000,-1.28000000,-0.55000000,0.45000000,云南白药
2022-09-06,000538,42.69000000,42.77000000,42.83000000,42.42000000,31436,160960374.13000000,0.96000000,0.54000000,0.23000000,0.37000000,云南白药
2022-09-07,000538,42.58000000,42.49000000,42.68000000,42.36000000,30042,153430493.49000001,0.75000000,-0.65000000,-0.28000000,0.35000000,云南白药
2022-09-08,000538,42.50000000,42.50000000,42.82000000,42.40000000,28948,148097148.18000001,0.99000000,0.02000000,0.01000000,0.34000000,云南白药
2022-09-09,000538,42.51000000,43.43000000,43.68000000,42.51000000,54634,282527950.27999997,2.75000000,2.19000000,0.93000000,0.64000000,云南白药
2022-09-13,000538,43.60000000,44.11000000,44.30000000,43.43000000,54657,287429584.02999997,2.00000000,1.57000000,0.68000000,0.64000000,云南白药
2022-09-14,000538,43.50000000,44.55000000,44.60000000,43.40000000,52631,277776586.81999999,2.72000000,1.00000000,0.44000000,0.62000000,云南白药
2022-09-15,000538,44.57000000,44.52000000,45.05000000,43.93000000,54326,288713593.63000000,2.51000000,-0.07000000,-0.03000000,0.64000000,云南白药
2022-09-16,000538,44.40000000,43.56000000,44.47000000,43.55000000,48134,252751798.65000001,2.07000000,-2.16000000,-0.96000000,0.57000000,云南白药
2022-09-19,000538,43.46000000,43.50000000,43.96000000,43.11000000,31529,164059659.19000000,1.95000000,-0.14000000,-0.06000000,0.37000000,云南白药
2022-09-20,000538,43.53000000,43.33000000,43.98000000,43.20000000,26753,139255446.75999999,1.79000000,-0.39000000,-0.17000000,0.32000000,云南白药
2022-09-21,000538,43.30000000,43.33000000,43.56000000,42.71000000,30307,156938256.34999999,1.96000000,0.00000000,0.00000000,0.36000000,云南白药
2022-09-22,000538,43.09000000,42.70000000,43.67000000,42.58000000,33560,173297132.52000001,2.52000000,-1.45000000,-0.63000000,0.40000000,云南白药
2022-09-23,000538,42.70000000,43.40000000,43.79000000,42.40000000,37228,192424588.36000001,3.26000000,1.64000000,0.70000000,0.44000000,云南白药
2022-09-26,000538,43.21000000,42.51000000,43.47000000,42.50000000,27117,139571035.28000000,2.24000000,-2.05000000,-0.89000000,0.32000000,云南白药
2022-09-27,000538,42.55000000,43.23000000,43.37000000,42.40000000,44196,227454956.80000001,2.28000000,1.69000000,0.72000000,0.52000000,云南白药
2022-09-28,000538,43.08000000,43.14000000,43.88000000,42.93000000,39408,204966065.13000000,2.20000000,-0.21000000,-0.09000000,0.46000000,云南白药
2022-09-29,000538,43.24000000,43.91000000,44.54000000,43.24000000,53407,280483915.94999999,3.01000000,1.78000000,0.77000000,0.63000000,云南白药
2022-09-30,000538,43.91000000,43.75000000,44.36000000,43.43000000,38198,200675144.47999999,2.12000000,-0.36000000,-0.16000000,0.45000000,云南白药
2022-10-10,000538,43.75000000,43.20000000,44.36000000,42.97000000,43147,225524971.13000000,3.18000000,-1.26000000,-0.55000000,0.51000000,云南白药
2022-10-11,000538,43.17000000,42.98000000,43.17000000,41.85000000,39721,203132632.41000000,3.06000000,-0.51000000,-0.22000000,0.47000000,云南白药
2022-10-12,000538,42.80000000,43.40000000,43.40000000,42.01000000,35410,181618216.13000000,3.23000000,0.98000000,0.42000000,0.42000000,云南白药
2022-10-13,000538,43.36000000,43.80000000,44.12000000,43.10000000,44328,232081173.13999999,2.35000000,0.92000000,0.40000000,0.52000000,云南白药
2022-10-14,000538,43.85000000,45.35000000,45.58000000,43.84000000,94740,507805156.85000002,3.97000000,3.54000000,1.55000000,1.12000000,云南白药
2022-10-17,000538,45.50000000,45.03000000,45.94000000,44.83000000,78432,422939729.42000002,2.45000000,-0.71000000,-0.32000000,0.92000000,云南白药
2022-10-18,000538,45.03000000,46.50000000,47.19000000,44.60000000,128369,702654653.16999996,5.75000000,3.26000000,1.47000000,1.51000000,云南白药
2022-10-19,000538,46.30000000,45.75000000,46.30000000,45.17000000,70883,383503770.18000001,2.43000000,-1.61000000,-0.75000000,0.83000000,云南白药
2022-10-20,000538,44.91000000,45.26000000,45.99000000,44.91000000,58692,316873469.23000002,2.36000000,-1.07000000,-0.49000000,0.69000000,云南白药
2022-10-21,000538,45.24000000,45.27000000,45.54000000,44.80000000,40856,219789214.97000000,1.63000000,0.02000000,0.01000000,0.48000000,云南白药
2022-10-24,000538,45.11000000,44.09000000,45.84000000,44.06000000,103637,555796388.09000003,3.93000000,-2.61000000,-1.18000000,1.22000000,云南白药
2022-10-25,000538,43.85000000,44.05000000,44.30000000,43.20000000,78119,407834469.56999999,2.49000000,-0.09000000,-0.04000000,0.92000000,云南白药
2022-10-26,000538,44.03000000,45.65000000,45.90000000,43.80000000,94936,512143478.56000000,4.77000000,3.63000000,1.60000000,1.12000000,云南白药
2022-10-27,000538,45.28000000,46.50000000,47.06000000,45.06000000,136466,747757932.79999995,4.38000000,1.86000000,0.85000000,1.61000000,云南白药
2022-10-28,000538,45.80000000,46.18000000,48.10000000,45.57000000,171354,954045720.52999997,5.44000000,-0.69000000,-0.32000000,2.02000000,云南白药
2022-10-31,000538,45.28000000,45.96000000,46.65000000,44.76000000,94694,514436910.05000001,4.09000000,-0.48000000,-0.22000000,1.12000000,云南白药
2022-11-01,000538,45.85000000,46.40000000,46.86000000,45.20000000,67854,370548503.07999998,3.61000000,0.96000000,0.44000000,0.80000000,云南白药
2022-11-02,000538,46.40000000,46.07000000,47.76000000,45.96000000,141315,786235298.44000006,3.88000000,-0.71000000,-0.33000000,1.66000000,云南白药
2022-11-03,000538,45.40000000,45.68000000,46.45000000,44.97000000,78955,427772859.66000003,3.21000000,-0.85000000,-0.39000000,0.93000000,云南白药
2022-11-04,000538,45.88000000,46.32000000,46.49000000,45.56000000,81808,447023795.91000003,2.04000000,1.40000000,0.64000000,0.96000000,云南白药
2022-11-07,000538,46.32000000,45.89000000,46.39000000,45.45000000,66969,364408150.48000002,2.03000000,-0.93000000,-0.43000000,0.79000000,云南白药
2022-11-08,000538,45.84000000,45.48000000,45.87000000,45.32000000,43397,234738586.69999999,1.20000000,-0.89000000,-0.41000000,0.51000000,云南白药
2022-11-09,000538,45.40000000,45.91000000,46.39000000,45.37000000,54391,296608296.94999999,2.24000000,0.95000000,0.43000000,0.64000000,云南白药
2022-11-10,000538,45.72000000,46.74000000,47.65000000,45.71000000,101683,562682998.41999996,4.23000000,1.81000000,0.83000000,1.20000000,云南白药
2022-11-11,000538,47.40000000,47.18000000,48.62000000,46.79000000,214329,1211159116.06999993,3.92000000,0.94000000,0.44000000,2.52000000,云南白药
2022-11-14,000538,46.63000000,48.39000000,48.97000000,45.90000000,164003,928016199.37000000,6.51000000,2.56000000,1.21000000,1.93000000,云南白药
2022-11-15,000538,48.17000000,48.60000000,48.64000000,47.65000000,108463,615907968.76999998,2.05000000,0.43000000,0.21000000,1.28000000,云南白药
2022-11-16,000538,48.58000000,48.25000000,49.14000000,48.10000000,87466,499923934.94999999,2.14000000,-0.72000000,-0.35000000,1.03000000,云南白药
2022-11-17,000538,48.15000000,48.67000000,48.78000000,47.98000000,77096,440204132.41000003,1.66000000,0.87000000,0.42000000,0.91000000,云南白药
2022-11-18,000538,48.66000000,49.47000000,49.85000000,48.54000000,115045,667391249.44000006,2.69000000,1.64000000,0.80000000,1.36000000,云南白药
2022-11-21,000538,49.20000000,48.90000000,49.20000000,48.25000000,69147,395883810.60000002,1.92000000,-1.15000000,-0.57000000,0.81000000,云南白药
2022-11-22,000538,48.78000000,47.85000000,49.38000000,47.73000000,71763,407886514.69000000,3.37000000,-2.15000000,-1.05000000,0.85000000,云南白药
2022-11-23,000538,47.70000000,47.47000000,47.85000000,47.00000000,52448,293707089.05000001,1.78000000,-0.79000000,-0.38000000,0.62000000,云南白药
2022-11-24,000538,47.58000000,47.58000000,47.82000000,47.07000000,56078,314202182.12000000,1.58000000,0.23000000,0.11000000,0.66000000,云南白药
2022-11-25,000538,47.27000000,48.31000000,48.38000000,46.65000000,72828,410048764.49000001,3.64000000,1.53000000,0.73000000,0.86000000,云南白药
2022-11-28,000538,47.88000000,47.44000000,48.40000000,47.22000000,46004,258325846.65000001,2.44000000,-1.80000000,-0.87000000,0.54000000,云南白药
2022-11-29,000538,47.44000000,48.31000000,48.40000000,47.25000000,50747,287688242.95999998,2.42000000,1.83000000,0.87000000,0.60000000,云南白药
2022-11-30,000538,48.37000000,47.98000000,48.70000000,47.74000000,46579,264442142.99000001,1.99000000,-0.68000000,-0.33000000,0.55000000,云南白药
2022-12-01,000538,48.39000000,48.66000000,48.97000000,48.01000000,74522,425700632.57999998,2.00000000,1.42000000,0.68000000,0.88000000,云南白药
2022-12-02,000538,48.30000000,48.23000000,48.60000000,48.08000000,43101,245390116.18000001,1.07000000,-0.88000000,-0.43000000,0.51000000,云南白药
2022-12-05,000538,48.40000000,49.00000000,49.25000000,48.40000000,66834,384881030.56999999,1.76000000,1.60000000,0.77000000,0.79000000,云南白药
2022-12-06,000538,48.95000000,49.15000000,49.78000000,48.65000000,70071,406049967.57999998,2.31000000,0.31000000,0.15000000,0.83000000,云南白药
2022-12-07,000538,48.83000000,49.87000000,49.90000000,48.71000000,83450,484792341.60000002,2.42000000,1.46000000,0.72000000,0.98000000,云南白药
2022-12-08,000538,49.88000000,50.30000000,51.89000000,49.86000000,117363,697080092.38999999,4.07000000,0.86000000,0.43000000,1.38000000,云南白药
2022-12-09,000538,50.30000000,50.39000000,50.76000000,49.90000000,62243,366455412.10000002,1.71000000,0.18000000,0.09000000,0.73000000,云南白药
2022-12-12,000538,50.91000000,51.22000000,51.86000000,50.50000000,105636,632069883.19000006,2.70000000,1.65000000,0.83000000,1.24000000,云南白药
2022-12-13,000538,51.19000000,50.40000000,51.19000000,49.70000000,72861,429126639.86000001,2.91000000,-1.60000000,-0.82000000,0.86000000,云南白药
2022-12-14,000538,50.39000000,50.34000000,50.80000000,49.42000000,63312,371841164.25000000,2.74000000,-0.12000000,-0.06000000,0.75000000,云南白药
2022-12-15,000538,49.98000000,49.62000000,50.70000000,49.55000000,44827,262390957.03000000,2.28000000,-1.43000000,-0.72000000,0.53000000,云南白药
2022-12-16,000538,49.49000000,50.43000000,50.84000000,49.40000000,52772,310155151.73000002,2.90000000,1.63000000,0.81000000,0.62000000,云南白药
2022-12-19,000538,50.37000000,47.96000000,50.75000000,47.79000000,76730,439984351.56999999,5.87000000,-4.90000000,-2.47000000,0.90000000,云南白药
2022-12-20,000538,47.93000000,47.20000000,48.30000000,46.98000000,43612,244072960.28999999,2.75000000,-1.58000000,-0.76000000,0.51000000,云南白药
2022-12-21,000538,47.39000000,47.17000000,47.73000000,46.98000000,27591,154196528.50999999,1.59000000,-0.06000000,-0.03000000,0.33000000,云南白药
2022-12-22,000538,47.17000000,46.72000000,47.79000000,46.56000000,44574,248785653.84000000,2.61000000,-0.95000000,-0.45000000,0.53000000,云南白药
2022-12-23,000538,46.42000000,46.70000000,47.05000000,46.35000000,23882,132341922.06999999,1.50000000,-0.04000000,-0.02000000,0.28000000,云南白药
2022-12-26,000538,46.40000000,46.40000000,46.96000000,45.70000000,49364,271557898.18000001,2.70000000,-0.64000000,-0.30000000,0.58000000,云南白药
2022-12-27,000538,46.27000000,45.37000000,46.44000000,45.01000000,63095,340891748.35000002,3.08000000,-2.22000000,-1.03000000,0.74000000,云南白药
2022-12-28,000538,45.25000000,45.64000000,45.95000000,45.17000000,34236,185827645.41000000,1.72000000,0.60000000,0.27000000,0.20000000,云南白药
2022-12-29,000538,45.40000000,45.65000000,45.96000000,45.23000000,29151,158003126.00000000,1.60000000,0.02000000,0.01000000,0.17000000,云南白药
2022-12-30,000538,45.93000000,45.76000000,45.98000000,45.40000000,25437,138119859.84999999,1.27000000,0.24000000,0.11000000,0.15000000,云南白药
2023-01-03,000538,45.77000000,46.02000000,46.53000000,45.77000000,37707,206170073.78999999,1.66000000,0.57000000,0.26000000,0.22000000,云南白药
2023-01-04,000538,46.03000000,46.26000000,46.38000000,45.82000000,40669,222585747.84000000,1.22000000,0.52000000,0.24000000,0.24000000,云南白药
2023-01-05,000538,46.43000000,46.68000000,47.01000000,46.30000000,61348,339148842.38000000,1.53000000,0.91000000,0.42000000,0.36000000,云南白药
2023-01-06,000538,46.69000000,46.44000000,46.87000000,46.20000000,39758,218750849.63000000,1.44000000,-0.51000000,-0.24000000,0.24000000,云南白药
2023-01-09,000538,46.46000000,46.54000000,46.75000000,46.31000000,31494,173448467.68000001,0.95000000,0.22000000,0.10000000,0.19000000,云南白药
2023-01-10,000538,46.40000000,46.42000000,46.95000000,46.21000000,47793,263619986.80000001,1.59000000,-0.26000000,-0.12000000,0.28000000,云南白药
2023-01-11,000538,46.46000000,46.26000000,46.85000000,46.24000000,54949,302802066.94000000,1.31000000,-0.34000000,-0.16000000,0.33000000,云南白药
2023-01-12,000538,46.28000000,46.57000000,46.74000000,46.06000000,48367,265969865.19000000,1.47000000,0.67000000,0.31000000,0.29000000,云南白药
2023-01-13,000538,46.47000000,48.16000000,48.17000000,46.38000000,92075,517118154.41000003,3.84000000,3.41000000,1.59000000,0.55000000,云南白药
2023-01-16,000538,49.17000000,48.67000000,49.37000000,48.20000000,112180,645026405.12000000,2.43000000,1.06000000,0.51000000,0.67000000,云南白药
2023-01-17,000538,48.88000000,48.46000000,49.05000000,48.10000000,55062,314351603.50999999,1.95000000,-0.43000000,-0.21000000,0.33000000,云南白药
2023-01-18,000538,48.46000000,48.71000000,48.72000000,48.02000000,52979,302009392.02999997,1.44000000,0.52000000,0.25000000,0.31000000,云南白药
2023-01-19,000538,48.60000000,49.28000000,49.30000000,48.28000000,53402,307361132.32999998,2.09000000,1.17000000,0.57000000,0.32000000,云南白药
2023-01-20,000538,49.39000000,49.65000000,49.80000000,49.12000000,64317,373713785.25000000,1.38000000,0.75000000,0.37000000,0.38000000,云南白药
2023-01-30,000538,49.95000000,49.54000000,50.11000000,49.40000000,84902,494821252.98000002,1.43000000,-0.22000000,-0.11000000,0.50000000,云南白药
2023-01-31,000538,49.43000000,48.86000000,49.50000000,48.85000000,52267,301458446.42000002,1.31000000,-1.37000000,-0.68000000,0.31000000,云南白药
2023-02-01,000538,48.86000000,49.00000000,49.33000000,48.39000000,64502,370258526.49000001,1.92000000,0.29000000,0.14000000,0.38000000,云南白药
2023-02-02,000538,49.00000000,48.88000000,49.46000000,48.60000000,64452,371079659.44999999,1.76000000,-0.24000000,-0.12000000,0.38000000,云南白药
2023-02-03,000538,48.77000000,48.10000000,48.90000000,47.85000000,68966,391709513.74000001,2.15000000,-1.60000000,-0.78000000,0.41000000,云南白药
2023-02-06,000538,48.09000000,47.31000000,48.09000000,47.25000000,53801,302361647.70999998,1.75000000,-1.64000000,-0.79000000,0.32000000,云南白药
2023-02-07,000538,47.43000000,47.49000000,47.85000000,47.29000000,47286,265474728.12000000,1.18000000,0.38000000,0.18000000,0.28000000,云南白药
2023-02-08,000538,47.52000000,47.44000000,47.79000000,47.34000000,35694,200348757.75000000,0.95000000,-0.11000000,-0.05000000,0.21000000,云南白药
2023-02-09,000538,47.44000000,47.67000000,47.72000000,47.20000000,32608,183127794.40000001,1.10000000,0.48000000,0.23000000,0.19000000,云南白药
2023-02-10,000538,47.78000000,47.48000000,47.78000000,47.31000000,32666,183422762.80000001,0.99000000,-0.40000000,-0.19000000,0.19000000,云南白药
2023-02-13,000538,47.60000000,47.85000000,47.95000000,47.28000000,64153,361078286.08999997,1.41000000,0.78000000,0.37000000,0.38000000,云南白药
2023-02-14,000538,48.00000000,47.88000000,48.08000000,47.57000000,54969,309802234.63999999,1.07000000,0.06000000,0.03000000,0.33000000,云南白药
2023-02-15,000538,47.80000000,47.95000000,48.19000000,47.55000000,53300,301150481.58999997,1.34000000,0.15000000,0.07000000,0.32000000,云南白药
2023-02-16,000538,48.06000000,48.03000000,49.06000000,47.60000000,101361,577989511.60000002,3.04000000,0.17000000,0.08000000,0.60000000,云南白药
2023-02-17,000538,48.02000000,48.20000000,48.88000000,47.79000000,83731,477972818.12000000,2.27000000,0.35000000,0.17000000,0.50000000,云南白药
2023-02-20,000538,48.42000000,48.90000000,48.92000000,47.29000000,93756,533802101.48000002,3.38000000,1.45000000,0.70000000,0.56000000,云南白药
2023-02-21,000538,48.83000000,49.20000000,49.30000000,48.73000000,67206,387185264.66000003,1.17000000,0.61000000,0.30000000,0.40000000,云南白药
2023-02-22,000538,48.91000000,49.18000000,49.49000000,48.86000000,60849,351920614.20999998,1.28000000,-0.04000000,-0.02000000,0.36000000,云南白药
2023-02-23,000538,48.99000000,48.82000000,49.54000000,48.64000000,73753,424210507.32999998,1.83000000,-0.73000000,-0.36000000,0.44000000,云南白药
2023-02-24,000538,48.80000000,48.45000000,48.86000000,48.11000000,55779,318306412.23000002,1.54000000,-0.76000000,-0.37000000,0.33000000,云南白药
2023-02-27,000538,48.41000000,47.90000000,48.84000000,47.78000000,47084,267295555.93000001,2.19000000,-1.14000000,-0.55000000,0.28000000,云南白药
2023-02-28,000538,47.90000000,48.30000000,48.49000000,47.86000000,66991,380569921.57999998,1.32000000,0.84000000,0.40000000,0.40000000,云南白药
2023-03-01,000538,49.09000000,48.88000000,49.15000000,48.30000000,62152,356078909.89999998,1.76000000,1.20000000,0.58000000,0.37000000,云南白药
2023-03-02,000538,48.87000000,48.57000000,48.88000000,48.43000000,39664,227037978.50000000,0.92000000,-0.63000000,-0.31000000,0.24000000,云南白药
2023-03-03,000538,48.60000000,48.72000000,49.09000000,48.51000000,40250,230822481.31000000,1.19000000,0.31000000,0.15000000,0.24000000,云南白药
2023-03-06,000538,48.73000000,49.17000000,49.55000000,48.49000000,83029,479395740.25000000,2.18000000,0.92000000,0.45000000,0.49000000,云南白药
2023-03-07,000538,48.30000000,46.12000000,48.32000000,45.95000000,231181,1286960992.76999998,4.82000000,-6.20000000,-3.05000000,1.37000000,云南白药
2023-03-08,000538,46.01000000,45.82000000,46.38000000,45.20000000,74879,407609490.17000002,2.56000000,-0.65000000,-0.30000000,0.44000000,云南白药
2023-03-09,000538,45.87000000,45.94000000,46.20000000,45.78000000,42982,234574578.28000000,0.92000000,0.26000000,0.12000000,0.26000000,云南白药
2023-03-10,000538,45.88000000,45.35000000,45.88000000,45.28000000,51150,276840586.31000000,1.31000000,-1.28000000,-0.59000000,0.30000000,云南白药
2023-03-13,000538,45.21000000,45.70000000,45.74000000,45.12000000,40617,219975760.16000000,1.37000000,0.77000000,0.35000000,0.24000000,云南白药
2023-03-14,000538,45.71000000,45.02000000,45.97000000,44.93000000,57699,310878853.25000000,2.28000000,-1.49000000,-0.68000000,0.34000000,云南白药
2023-03-15,000538,45.25000000,45.42000000,45.87000000,45.19000000,57230,309465733.85000002,1.51000000,0.89000000,0.40000000,0.34000000,云南白药
2023-03-16,000538,45.30000000,45.62000000,46.19000000,45.00000000,61188,332328827.19000000,2.62000000,0.44000000,0.20000000,0.36000000,云南白药
2023-03-17,000538,45.80000000,45.46000000,46.06000000,45.22000000,51375,278537448.41000003,1.84000000,-0.35000000,-0.16000000,0.30000000,云南白药
2023-03-20,000538,45.45000000,43.94000000,45.45000000,43.90000000,97100,512876531.94999999,3.41000000,-3.34000000,-1.52000000,0.58000000,云南白药
2023-03-21,000538,43.95000000,44.52000000,44.68000000,43.95000000,41666,220823959.44999999,1.66000000,1.32000000,0.58000000,0.25000000,云南白药
2023-03-22,000538,44.60000000,44.90000000,45.01000000,44.54000000,32080,171296576.62000000,1.06000000,0.85000000,0.38000000,0.19000000,云南白药
2023-03-23,000538,44.88000000,45.16000000,45.19000000,44.49000000,33230,177972385.66000000,1.56000000,0.58000000,0.26000000,0.20000000,云南白药
2023-03-24,000538,45.15000000,44.64000000,45.36000000,44.56000000,39809,212557492.44999999,1.77000000,-1.15000000,-0.52000000,0.24000000,云南白药
2023-03-27,000538,44.75000000,44.97000000,45.39000000,44.40000000,49767,266495022.88000000,2.22000000,0.74000000,0.33000000,0.30000000,云南白药
2023-03-28,000538,45.10000000,45.67000000,45.72000000,44.95000000,50325,271920340.68000001,1.71000000,1.56000000,0.70000000,0.30000000,云南白药
2023-03-29,000538,45.66000000,45.30000000,45.66000000,45.01000000,40109,216109603.80000001,1.42000000,-0.81000000,-0.37000000,0.24000000,云南白药
2023-03-30,000538,45.21000000,45.32000000,45.44000000,44.85000000,29058,156257469.46000001,1.30000000,0.04000000,0.02000000,0.17000000,云南白药
2023-03-31,000538,45.95000000,46.10000000,46.66000000,45.69000000,82203,451491165.20999998,2.14000000,1.72000000,0.78000000,0.49000000,云南白药
2023-04-03,000538,46.13000000,46.32000000,46.64000000,45.88000000,51415,282042942.76999998,1.65000000,0.48000000,0.22000000,0.31000000,云南白药
2023-04-04,000538,46.40000000,46.97000000,47.00000000,46.15000000,82212,455023378.92000002,1.84000000,1.40000000,0.65000000,0.49000000,云南白药
2023-04-06,000538,47.00000000,46.90000000,47.60000000,46.70000000,71790,400484282.99000001,1.92000000,-0.15000000,-0.07000000,0.43000000,云南白药
2023-04-07,000538,46.89000000,47.31000000,47.40000000,46.57000000,57580,321022578.61000001,1.77000000,0.87000000,0.41000000,0.34000000,云南白药
2023-04-10,000538,47.31000000,46.66000000,47.40000000,46.47000000,60438,334812143.13999999,1.97000000,-1.37000000,-0.65000000,0.36000000,云南白药
2023-04-11,000538,46.89000000,47.40000000,47.86000000,46.45000000,67181,374715860.63999999,3.02000000,1.59000000,0.74000000,0.40000000,云南白药
2023-04-12,000538,47.38000000,46.77000000,47.89000000,46.67000000,67862,378042359.68000001,2.57000000,-1.33000000,-0.63000000,0.40000000,云南白药
2023-04-13,000538,46.61000000,47.22000000,47.56000000,46.50000000,68289,381226614.00999999,2.27000000,0.96000000,0.45000000,0.41000000,云南白药
2023-04-14,000538,47.23000000,47.20000000,47.52000000,46.92000000,39636,221171925.09000000,1.27000000,-0.04000000,-0.02000000,0.24000000,云南白药
2023-04-17,000538,46.98000000,47.19000000,47.26000000,46.74000000,60413,335858706.81999999,1.10000000,-0.02000000,-0.01000000,0.36000000,云南白药
2023-04-18,000538,47.14000000,46.87000000,47.34000000,46.82000000,49965,278099675.82999998,1.10000000,-0.68000000,-0.32000000,0.30000000,云南白药
2023-04-19,000538,46.80000000,45.88000000,46.87000000,45.76000000,77395,422718597.50000000,2.37000000,-2.11000000,-0.99000000,0.46000000,云南白药
2023-04-20,000538,46.12000000,46.45000000,46.66000000,45.98000000,59550,327263069.20999998,1.48000000,1.24000000,0.57000000,0.35000000,云南白药
2023-04-21,000538,46.45000000,46.37000000,47.15000000,46.06000000,59218,327510163.54000002,2.35000000,-0.17000000,-0.08000000,0.35000000,云南白药
2023-04-24,000538,46.35000000,45.49000000,46.69000000,45.38000000,61703,336511911.12000000,2.83000000,-1.90000000,-0.88000000,0.37000000,云南白药
2023-04-25,000538,45.22000000,45.26000000,45.60000000,44.62000000,49955,267870690.03000000,2.15000000,-0.51000000,-0.23000000,0.30000000,云南白药
2023-04-26,000538,45.06000000,44.96000000,45.22000000,44.68000000,51811,277238336.31000000,1.19000000,-0.66000000,-0.30000000,0.31000000,云南白药
2023-04-27,000538,46.45000000,48.99000000,49.28000000,46.45000000,296382,1690128473.83999991,6.29000000,8.96000000,4.03000000,1.76000000,云南白药
2023-04-28,000538,48.94000000,49.59000000,49.82000000,48.44000000,170480,987542657.35000002,2.82000000,1.22000000,0.60000000,1.01000000,云南白药
2023-05-04,000538,49.20000000,50.56000000,51.30000000,49.10000000,175847,1040350689.72000003,4.44000000,1.96000000,0.97000000,1.04000000,云南白药
2023-05-05,000538,50.32000000,50.05000000,50.48000000,49.71000000,84453,495056899.69999999,1.52000000,-1.01000000,-0.51000000,0.50000000,云南白药
2023-05-08,000538,50.41000000,50.55000000,51.26000000,49.90000000,104700,618880384.15999997,2.72000000,1.00000000,0.50000000,0.62000000,云南白药
2023-05-09,000538,50.50000000,49.01000000,50.50000000,49.00000000,95378,554340371.37000000,2.97000000,-3.05000000,-1.54000000,0.57000000,云南白药
2023-05-10,000538,49.09000000,48.80000000,49.37000000,48.51000000,63807,366684104.93000001,1.75000000,-0.43000000,-0.21000000,0.38000000,云南白药
2023-05-11,000538,48.96000000,48.33000000,49.45000000,48.22000000,51737,296563511.80000001,2.52000000,-0.96000000,-0.47000000,0.31000000,云南白药
2023-05-12,000538,48.16000000,48.69000000,49.48000000,48.06000000,63999,367962627.99000001,2.94000000,0.74000000,0.36000000,0.38000000,云南白药
2023-05-15,000538,49.06000000,49.13000000,49.55000000,48.15000000,61551,353055603.39999998,2.88000000,0.90000000,0.44000000,0.37000000,云南白药
2023-05-16,000538,49.10000000,49.20000000,49.69000000,48.99000000,61692,357287056.23000002,1.42000000,0.14000000,0.07000000,0.37000000,云南白药
2023-05-17,000538,49.20000000,48.86000000,49.35000000,48.42000000,45091,258340185.08000001,1.89000000,-0.69000000,-0.34000000,0.27000000,云南白药
2023-05-18,000538,48.91000000,48.51000000,49.15000000,48.23000000,52697,301115365.49000001,1.88000000,-0.72000000,-0.35000000,0.31000000,云南白药
2023-05-19,000538,48.33000000,48.20000000,48.89000000,47.48000000,64463,356944260.19999999,2.91000000,-0.64000000,-0.31000000,0.38000000,云南白药
2023-05-22,000538,48.47000000,48.89000000,49.31000000,48.20000000,62837,351137672.70999998,2.30000000,1.43000000,0.69000000,0.37000000,云南白药
2023-05-23,000538,49.00000000,48.63000000,49.17000000,48.59000000,45279,253328095.53999999,1.19000000,-0.53000000,-0.26000000,0.27000000,云南白药
2023-05-24,000538,48.50000000,47.48000000,48.50000000,47.48000000,62590,343221206.27999997,2.10000000,-2.36000000,-1.15000000,0.37000000,云南白药
2023-05-25,000538,47.42000000,46.93000000,47.56000000,46.55000000,67821,366834055.60000002,2.13000000,-1.16000000,-0.55000000,0.40000000,云南白药
2023-05-26,000538,46.92000000,47.96000000,48.91000000,46.83000000,81088,445461421.00000000,4.43000000,2.19000000,1.03000000,0.48000000,云南白药
2023-05-29,000538,48.03000000,47.97000000,48.87000000,47.59000000,60675,334886387.44000000,2.67000000,0.02000000,0.01000000,0.36000000,云南白药
2023-05-30,000538,47.92000000,47.17000000,47.92000000,46.72000000,56541,307056071.39999998,2.50000000,-1.67000000,-0.80000000,0.34000000,云南白药
2023-05-31,000538,47.33000000,46.77000000,47.40000000,46.42000000,74074,398622274.74000001,2.08000000,-0.85000000,-0.40000000,0.44000000,云南白药
2023-06-01,000538,46.65000000,46.04000000,46.65000000,45.84000000,81153,431646587.76999998,1.73000000,-1.56000000,-0.73000000,0.48000000,云南白药
2023-06-02,000538,46.22000000,46.35000000,46.41000000,46.04000000,54282,289502434.99000001,0.80000000,0.67000000,0.31000000,0.32000000,云南白药
2023-06-05,000538,46.32000000,46.28000000,46.42000000,46.02000000,49098,261535912.06999999,0.86000000,-0.15000000,-0.07000000,0.29000000,云南白药
2023-06-06,000538,46.27000000,45.50000000,46.27000000,45.36000000,75889,400636137.02999997,1.97000000,-1.69000000,-0.78000000,0.45000000,云南白药
2023-06-07,000538,45.44000000,45.56000000,45.73000000,45.31000000,48375,254378186.06999999,0.92000000,0.13000000,0.06000000,0.29000000,云南白药
2023-06-08,000538,45.33000000,45.68000000,45.72000000,44.82000000,71905,376409110.19000000,1.98000000,0.26000000,0.12000000,0.43000000,云南白药
2023-06-09,000538,45.60000000,45.47000000,45.80000000,45.38000000,56803,299028171.66000003,0.92000000,-0.46000000,-0.21000000,0.34000000,云南白药
2023-06-12,000538,45.62000000,45.67000000,45.80000000,45.10000000,53021,278383919.54000002,1.54000000,0.44000000,0.20000000,0.31000000,云南白药
2023-06-13,000538,45.67000000,45.97000000,46.25000000,45.62000000,58985,312419886.25999999,1.38000000,0.66000000,0.30000000,0.35000000,云南白药
2023-06-14,000538,45.94000000,46.15000000,46.36000000,45.84000000,56542,301004432.94999999,1.13000000,0.39000000,0.18000000,0.34000000,云南白药
2023-06-15,000538,46.17000000,46.33000000,46.37000000,45.84000000,50575,269104662.31999999,1.15000000,0.39000000,0.18000000,0.30000000,云南白药
2023-06-16,000538,46.40000000,46.28000000,46.64000000,46.22000000,55540,296988797.64999998,0.91000000,-0.11000000,-0.05000000,0.33000000,云南白药
2023-06-19,000538,46.33000000,45.85000000,46.39000000,45.84000000,47395,251528397.09000000,1.19000000,-0.93000000,-0.43000000,0.28000000,云南白药
2023-06-20,000538,45.72000000,45.63000000,45.99000000,45.50000000,44906,236995920.91000000,1.07000000,-0.48000000,-0.22000000,0.27000000,云南白药
2023-06-21,000538,45.84000000,45.27000000,45.84000000,45.25000000,40249,211769373.77000001,1.29000000,-0.79000000,-0.36000000,0.24000000,云南白药
2023-06-26,000538,43.92000000,43.56000000,44.15000000,43.28000000,87085,442254582.89999998,1.92000000,-3.78000000,-1.71000000,0.52000000,云南白药
2023-06-27,000538,43.81000000,44.65000000,44.80000000,43.73000000,53787,276659280.51999998,2.46000000,2.50000000,1.09000000,0.30000000,云南白药
2023-06-28,000538,44.72000000,44.74000000,44.92000000,44.45000000,29697,153824700.86000001,1.05000000,0.20000000,0.09000000,0.17000000,云南白药
2023-06-29,000538,44.77000000,45.22000000,45.38000000,44.72000000,34891,181815191.66999999,1.48000000,1.07000000,0.48000000,0.20000000,云南白药
2023-06-30,000538,45.07000000,45.40000000,45.82000000,45.00000000,32689,171899413.66000000,1.81000000,0.40000000,0.18000000,0.18000000,云南白药
2023-07-03,000538,45.40000000,45.86000000,45.87000000,45.22000000,38430,202344803.72000000,1.43000000,1.01000000,0.46000000,0.22000000,云南白药
2023-07-04,000538,45.92000000,45.74000000,45.92000000,45.46000000,27185,143443078.53000000,1.00000000,-0.26000000,-0.12000000,0.15000000,云南白药
2023-07-05,000538,45.74000000,45.27000000,45.84000000,45.12000000,30195,158392783.61000001,1.57000000,-1.03000000,-0.47000000,0.17000000,云南白药
2023-07-06,000538,45.25000000,44.74000000,45.39000000,44.72000000,26045,135566209.06000000,1.48000000,-1.17000000,-0.53000000,0.15000000,云南白药
2023-07-07,000538,44.74000000,44.94000000,45.08000000,44.58000000,20313,105472209.28000000,1.12000000,0.45000000,0.20000000,0.11000000,云南白药
2023-07-10,000538,44.97000000,46.08000000,46.14000000,44.94000000,63758,337594486.72000003,2.67000000,2.54000000,1.14000000,0.36000000,云南白药
2023-07-11,000538,46.07000000,46.46000000,46.76000000,45.93000000,60361,323426863.95999998,1.80000000,0.82000000,0.38000000,0.34000000,云南白药
2023-07-12,000538,46.33000000,46.36000000,46.62000000,46.22000000,38592,206396162.05000001,0.86000000,-0.22000000,-0.10000000,0.22000000,云南白药
2023-07-13,000538,48.87000000,47.30000000,49.02000000,46.76000000,154344,840234931.74000001,4.87000000,2.03000000,0.94000000,0.86000000,云南白药
2023-07-14,000538,47.37000000,47.21000000,47.58000000,46.92000000,71997,391244940.52999997,1.40000000,-0.19000000,-0.09000000,0.40000000,云南白药
2023-07-17,000538,47.09000000,47.36000000,47.52000000,46.92000000,56684,307987393.89999998,1.27000000,0.32000000,0.15000000,0.32000000,云南白药
2023-07-18,000538,47.35000000,47.15000000,47.46000000,46.93000000,44887,243492150.71000001,1.12000000,-0.44000000,-0.21000000,0.25000000,云南白药
2023-07-19,000538,47.03000000,46.91000000,47.34000000,46.70000000,56294,303985784.76999998,1.36000000,-0.51000000,-0.24000000,0.32000000,云南白药
2023-07-20,000538,46.77000000,45.95000000,47.08000000,45.91000000,64099,342442211.02999997,2.49000000,-2.05000000,-0.96000000,0.36000000,云南白药
2023-07-21,000538,45.97000000,46.41000000,46.58000000,45.97000000,43284,231182306.96000001,1.33000000,1.00000000,0.46000000,0.24000000,云南白药
2023-07-24,000538,46.23000000,46.14000000,46.67000000,46.01000000,39702,211953776.16000000,1.42000000,-0.58000000,-0.27000000,0.22000000,云南白药
2023-07-25,000538,46.50000000,46.76000000,46.80000000,46.19000000,68882,369364467.49000001,1.32000000,1.34000000,0.62000000,0.39000000,云南白药
2023-07-26,000538,46.76000000,46.61000000,47.11000000,46.47000000,50096,269564413.79000002,1.37000000,-0.32000000,-0.15000000,0.28000000,云南白药
2023-07-27,000538,46.62000000,46.62000000,47.07000000,46.57000000,42093,226928510.02000001,1.07000000,0.02000000,0.01000000,0.24000000,云南白药
2023-07-28,000538,46.62000000,47.21000000,47.26000000,46.13000000,75357,406887484.74000001,2.42000000,1.27000000,0.59000000,0.42000000,云南白药
2023-07-31,000538,47.48000000,46.75000000,47.97000000,46.67000000,123750,670945425.73000002,2.75000000,-0.97000000,-0.46000000,0.69000000,云南白药
2023-08-01,000538,46.74000000,46.53000000,47.00000000,46.47000000,69376,372960550.19000000,1.13000000,-0.47000000,-0.22000000,0.39000000,云南白药
2023-08-02,000538,46.59000000,45.90000000,46.70000000,45.82000000,69096,367776300.79000002,1.89000000,-1.35000000,-0.63000000,0.39000000,云南白药
2023-08-03,000538,45.66000000,46.75000000,46.75000000,45.63000000,55879,298734293.22000003,2.44000000,1.85000000,0.85000000,0.31000000,云南白药
2023-08-04,000538,46.91000000,47.07000000,47.35000000,46.87000000,62837,340299812.16000003,1.03000000,0.68000000,0.32000000,0.35000000,云南白药
2023-08-07,000538,47.07000000,46.61000000,47.12000000,46.48000000,46908,252209504.75999999,1.36000000,-0.98000000,-0.46000000,0.26000000,云南白药
2023-08-08,000538,46.52000000,47.15000000,47.23000000,46.25000000,60843,328336714.92000002,2.10000000,1.16000000,0.54000000,0.34000000,云南白药
2023-08-09,000538,47.14000000,47.37000000,47.48000000,46.96000000,69967,380450236.57999998,1.10000000,0.47000000,0.22000000,0.39000000,云南白药
2023-08-10,000538,47.36000000,47.51000000,47.56000000,47.13000000,51402,279946287.08999997,0.91000000,0.30000000,0.14000000,0.29000000,云南白药
2023-08-11,000538,47.46000000,47.32000000,48.14000000,47.28000000,91547,501941846.14999998,1.81000000,-0.40000000,-0.19000000,0.51000000,云南白药
2023-08-14,000538,47.00000000,47.07000000,47.37000000,46.72000000,94682,513358487.85000002,1.37000000,-0.53000000,-0.25000000,0.53000000,云南白药
2023-08-15,000538,47.07000000,46.83000000,47.26000000,46.56000000,59904,323266408.80000001,1.49000000,-0.51000000,-0.24000000,0.34000000,云南白药
2023-08-16,000538,46.73000000,46.46000000,46.90000000,46.42000000,69133,371884455.38000000,1.02000000,-0.79000000,-0.37000000,0.39000000,云南白药
2023-08-17,000538,46.39000000,46.19000000,46.43000000,45.93000000,60213,320903880.30000001,1.08000000,-0.58000000,-0.27000000,0.34000000,云南白药
2023-08-18,000538,46.66000000,45.60000000,46.66000000,45.58000000,63367,336099179.67000002,2.34000000,-1.28000000,-0.59000000,0.36000000,云南白药
2023-08-21,000538,45.65000000,45.18000000,45.94000000,45.02000000,45616,239881728.37000000,2.02000000,-0.92000000,-0.42000000,0.26000000,云南白药
2023-08-22,000538,45.42000000,45.09000000,45.59000000,44.42000000,59485,309077568.00999999,2.59000000,-0.20000000,-0.09000000,0.33000000,云南白药
2023-08-23,000538,45.12000000,45.29000000,45.83000000,44.92000000,63300,332973478.44999999,2.02000000,0.44000000,0.20000000,0.35000000,云南白药
2023-08-24,000538,45.37000000,45.99000000,46.08000000,45.24000000,64293,339913096.23000002,1.85000000,1.55000000,0.70000000,0.36000000,云南白药
2023-08-25,000538,45.89000000,45.87000000,46.20000000,45.65000000,38242,202774899.44000000,1.20000000,-0.26000000,-0.12000000,0.21000000,云南白药
2023-08-28,000538,47.77000000,45.88000000,47.91000000,45.67000000,120732,646581899.62000000,4.88000000,0.02000000,0.01000000,0.68000000,云南白药
2023-08-29,000538,45.97000000,46.58000000,46.60000000,45.94000000,94748,506918021.31000000,1.44000000,1.53000000,0.70000000,0.53000000,云南白药
2023-08-30,000538,47.36000000,47.08000000,47.62000000,46.86000000,113884,618307413.63999999,1.63000000,1.07000000,0.50000000,0.64000000,云南白药
2023-08-31,000538,47.16000000,47.57000000,47.61000000,47.10000000,83912,456984070.63999999,1.08000000,1.04000000,0.49000000,0.47000000,云南白药
2023-09-01,000538,47.42000000,47.48000000,47.66000000,47.22000000,43679,237913064.88000000,0.92000000,-0.19000000,-0.09000000,0.24000000,云南白药
2023-09-04,000538,47.63000000,47.85000000,47.89000000,47.25000000,65262,357514650.94999999,1.35000000,0.78000000,0.37000000,0.37000000,云南白药
2023-09-05,000538,47.79000000,47.42000000,48.01000000,47.33000000,49483,270584819.49000001,1.42000000,-0.90000000,-0.43000000,0.28000000,云南白药
2023-09-06,000538,47.15000000,47.00000000,47.40000000,46.92000000,42400,229670751.86000001,1.01000000,-0.89000000,-0.42000000,0.24000000,云南白药
2023-09-07,000538,47.01000000,45.82000000,47.07000000,45.80000000,72438,386056979.95999998,2.70000000,-2.51000000,-1.18000000,0.41000000,云南白药
2023-09-08,000538,45.82000000,45.89000000,46.01000000,45.43000000,39476,208416315.34999999,1.27000000,0.15000000,0.07000000,0.22000000,云南白药
2023-09-11,000538,45.92000000,46.12000000,46.45000000,45.92000000,71427,380911249.37000000,1.15000000,0.50000000,0.23000000,0.40000000,云南白药
2023-09-12,000538,46.12000000,46.33000000,46.55000000,46.12000000,41763,223108621.30000001,0.93000000,0.46000000,0.21000000,0.23000000,云南白药
2023-09-13,000538,46.31000000,46.02000000,46.54000000,45.84000000,36462,194043882.28000000,1.51000000,-0.67000000,-0.31000000,0.20000000,云南白药
2023-09-14,000538,46.02000000,46.31000000,46.55000000,45.96000000,44270,236204766.99000001,1.28000000,0.63000000,0.29000000,0.25000000,云南白药
2023-09-15,000538,46.55000000,46.40000000,46.78000000,46.12000000,46289,247908455.25000000,1.43000000,0.19000000,0.09000000,0.26000000,云南白药
2023-09-18,000538,46.32000000,46.65000000,46.76000000,45.92000000,50703,271734074.99000001,1.81000000,0.54000000,0.25000000,0.28000000,云南白药
2023-09-19,000538,46.67000000,46.90000000,46.95000000,46.49000000,45598,245366619.36000001,0.99000000,0.54000000,0.25000000,0.26000000,云南白药
2023-09-20,000538,46.87000000,46.94000000,47.14000000,46.63000000,40132,216797732.22000000,1.09000000,0.09000000,0.04000000,0.22000000,云南白药
2023-09-21,000538,47.00000000,45.86000000,47.01000000,45.71000000,74498,396955219.23000002,2.77000000,-2.30000000,-1.08000000,0.42000000,云南白药
2023-09-22,000538,45.65000000,46.04000000,46.20000000,45.50000000,72141,382656544.01999998,1.53000000,0.39000000,0.18000000,0.40000000,云南白药
2023-09-25,000538,46.05000000,46.01000000,46.22000000,45.92000000,61014,324457564.07999998,0.65000000,-0.07000000,-0.03000000,0.34000000,云南白药
2023-09-26,000538,45.97000000,45.68000000,46.31000000,45.54000000,53696,284520332.22000003,1.67000000,-0.72000000,-0.33000000,0.30000000,云南白药
2023-09-27,000538,45.93000000,46.43000000,46.57000000,45.60000000,55007,293244880.67000002,2.12000000,1.64000000,0.75000000,0.31000000,云南白药
2023-09-28,000538,46.42000000,46.22000000,46.65000000,46.14000000,50415,269614865.38000000,1.10000000,-0.45000000,-0.21000000,0.28000000,云南白药
2023-10-09,000538,46.22000000,46.40000000,46.46000000,45.55000000,55140,292687886.00000000,1.97000000,0.39000000,0.18000000,0.31000000,云南白药
2023-10-10,000538,46.34000000,45.80000000,46.37000000,45.74000000,37323,197932209.36000001,1.36000000,-1.29000000,-0.60000000,0.21000000,云南白药
2023-10-11,000538,45.91000000,46.32000000,46.57000000,45.91000000,57853,309350894.50000000,1.44000000,1.14000000,0.52000000,0.32000000,云南白药
2023-10-12,000538,46.61000000,46.82000000,47.08000000,46.53000000,49581,267032498.36000001,1.19000000,1.08000000,0.50000000,0.28000000,云南白药
2023-10-13,000538,46.70000000,46.76000000,46.88000000,46.53000000,33083,178001352.69999999,0.75000000,-0.13000000,-0.06000000,0.19000000,云南白药
2023-10-16,000538,46.91000000,45.93000000,47.20000000,45.82000000,59653,318195137.36000001,2.95000000,-1.78000000,-0.83000000,0.33000000,云南白药
2023-10-17,000538,46.09000000,45.01000000,46.12000000,44.64000000,109911,573677600.19000006,3.22000000,-2.00000000,-0.92000000,0.62000000,云南白药
2023-10-18,000538,45.07000000,43.91000000,45.12000000,43.87000000,114207,586115336.08000004,2.78000000,-2.44000000,-1.10000000,0.64000000,云南白药
2023-10-19,000538,43.70000000,42.63000000,44.01000000,42.62000000,114650,574497126.07000005,3.17000000,-2.92000000,-1.28000000,0.64000000,云南白药
2023-10-20,000538,42.63000000,41.95000000,42.64000000,41.82000000,91048,447357107.56999999,1.92000000,-1.60000000,-0.68000000,0.51000000,云南白药
2023-10-23,000538,41.98000000,41.96000000,42.08000000,41.40000000,55862,272906945.93000001,1.62000000,0.02000000,0.01000000,0.31000000,云南白药
2023-10-24,000538,42.12000000,42.26000000,42.41000000,41.63000000,71140,349437396.69999999,1.86000000,0.71000000,0.30000000,0.40000000,云南白药
2023-10-25,000538,42.62000000,42.24000000,42.72000000,42.17000000,61290,303323614.37000000,1.30000000,-0.05000000,-0.02000000,0.34000000,云南白药
2023-10-26,000538,42.12000000,42.72000000,42.73000000,41.94000000,53006,262242181.53999999,1.87000000,1.14000000,0.48000000,0.30000000,云南白药
2023-10-27,000538,42.64000000,43.42000000,43.66000000,42.44000000,80021,401994085.89999998,2.86000000,1.64000000,0.70000000,0.45000000,云南白药
2023-10-30,000538,43.41000000,43.58000000,43.89000000,43.30000000,76110,385389788.13000000,1.36000000,0.37000000,0.16000000,0.43000000,云南白药
2023-10-31,000538,44.42000000,43.77000000,44.49000000,43.47000000,88113,448526218.27999997,2.34000000,0.44000000,0.19000000,0.49000000,云南白药
2023-11-01,000538,43.97000000,43.91000000,44.07000000,43.53000000,58805,299296968.56999999,1.23000000,0.32000000,0.14000000,0.33000000,云南白药
2023-11-02,000538,43.91000000,43.79000000,44.15000000,43.66000000,51466,262272876.77000001,1.12000000,-0.27000000,-0.12000000,0.29000000,云南白药
2023-11-03,000538,43.67000000,43.93000000,44.02000000,43.62000000,55034,280356140.67000002,0.91000000,0.32000000,0.14000000,0.31000000,云南白药
2023-11-06,000538,44.32000000,44.32000000,44.40000000,44.06000000,72380,371650615.50000000,0.77000000,0.89000000,0.39000000,0.41000000,云南白药
2023-11-07,000538,44.22000000,43.85000000,44.30000000,43.72000000,62809,320579852.41000003,1.31000000,-1.06000000,-0.47000000,0.35000000,云南白药
2023-11-08,000538,43.82000000,43.80000000,44.14000000,43.52000000,55314,281819001.88999999,1.41000000,-0.11000000,-0.05000000,0.31000000,云南白药
2023-11-09,000538,43.73000000,43.67000000,43.98000000,43.50000000,54507,276662630.63999999,1.10000000,-0.30000000,-0.13000000,0.31000000,云南白药
2023-11-10,000538,43.52000000,43.50000000,43.75000000,43.35000000,66356,335922716.77999997,0.92000000,-0.39000000,-0.17000000,0.37000000,云南白药
2023-11-13,000538,43.51000000,43.24000000,43.76000000,43.03000000,56898,286122220.56000000,1.68000000,-0.60000000,-0.26000000,0.32000000,云南白药
2023-11-14,000538,43.25000000,43.22000000,43.56000000,43.19000000,54756,276149615.45999998,0.86000000,-0.05000000,-0.02000000,0.31000000,云南白药
2023-11-15,000538,43.48000000,43.60000000,43.61000000,43.28000000,62033,313519275.33999997,0.76000000,0.88000000,0.38000000,0.35000000,云南白药
2023-11-16,000538,43.60000000,43.10000000,43.65000000,43.08000000,58153,292554377.36000001,1.31000000,-1.15000000,-0.50000000,0.33000000,云南白药
2023-11-17,000538,43.01000000,43.20000000,43.27000000,42.73000000,72917,365246223.82999998,1.25000000,0.23000000,0.10000000,0.41000000,云南白药
2023-11-20,000538,43.28000000,43.53000000,43.65000000,43.11000000,90864,458617788.22000003,1.25000000,0.76000000,0.33000000,0.51000000,云南白药
2023-11-21,000538,43.53000000,43.42000000,43.92000000,43.40000000,99893,507121082.93000001,1.19000000,-0.25000000,-0.11000000,0.56000000,云南白药
2023-11-22,000538,43.40000000,43.07000000,43.55000000,43.05000000,65851,331544334.12000000,1.15000000,-0.81000000,-0.35000000,0.37000000,云南白药
2023-11-23,000538,43.05000000,43.37000000,43.45000000,43.02000000,60599,304833876.48000002,1.00000000,0.70000000,0.30000000,0.34000000,云南白药
2023-11-24,000538,43.27000000,43.55000000,43.67000000,43.22000000,82835,418883938.67000002,1.04000000,0.42000000,0.18000000,0.46000000,云南白药
2023-11-27,000538,43.55000000,42.69000000,43.55000000,42.63000000,112979,564286072.89999998,2.11000000,-1.97000000,-0.86000000,0.63000000,云南白药
2023-11-28,000538,42.63000000,43.47000000,43.47000000,42.32000000,80119,402085936.92000002,2.69000000,1.83000000,0.78000000,0.45000000,云南白药
2023-11-29,000538,43.42000000,43.03000000,43.57000000,42.99000000,44627,224507640.58000001,1.33000000,-1.01000000,-0.44000000,0.25000000,云南白药
2023-11-30,000538,43.17000000,43.25000000,43.48000000,42.94000000,58522,294408351.22000003,1.25000000,0.51000000,0.22000000,0.33000000,云南白药
2023-12-01,000538,43.22000000,43.27000000,43.28000000,42.93000000,54357,272821817.88000000,0.81000000,0.05000000,0.02000000,0.30000000,云南白药
2023-12-04,000538,43.09000000,42.62000000,43.27000000,42.62000000,73517,366755080.70999998,1.50000000,-1.50000000,-0.65000000,0.41000000,云南白药
2023-12-05,000538,42.62000000,42.21000000,42.77000000,42.17000000,65607,324534744.25000000,1.41000000,-0.96000000,-0.41000000,0.37000000,云南白药
2023-12-06,000538,42.16000000,41.93000000,42.20000000,41.72000000,66626,326320722.76999998,1.14000000,-0.66000000,-0.28000000,0.37000000,云南白药
2023-12-07,000538,41.92000000,42.12000000,42.21000000,41.63000000,61902,303216399.98000002,1.38000000,0.45000000,0.19000000,0.35000000,云南白药
2023-12-08,000538,42.03000000,42.64000000,42.68000000,41.88000000,89781,444912253.56000000,1.90000000,1.23000000,0.52000000,0.50000000,云南白药
2023-12-11,000538,42.47000000,42.86000000,42.86000000,41.78000000,56956,281745265.25999999,2.53000000,0.52000000,0.22000000,0.32000000,云南白药
2023-12-12,000538,42.73000000,42.90000000,43.29000000,42.63000000,63580,318580967.00000000,1.54000000,0.09000000,0.04000000,0.36000000,云南白药
2023-12-13,000538,42.92000000,42.72000000,43.22000000,42.72000000,45470,227484152.77000001,1.17000000,-0.42000000,-0.18000000,0.25000000,云南白药
2023-12-14,000538,42.78000000,42.28000000,43.01000000,42.22000000,46961,232983174.12000000,1.85000000,-1.03000000,-0.44000000,0.26000000,云南白药
2023-12-15,000538,42.40000000,42.02000000,42.47000000,41.96000000,42470,209152913.69000000,1.21000000,-0.61000000,-0.26000000,0.24000000,云南白药
2023-12-18,000538,41.95000000,41.96000000,42.37000000,41.77000000,44969,220852812.78000000,1.43000000,-0.14000000,-0.06000000,0.25000000,云南白药
2023-12-19,000538,42.07000000,39.71000000,42.11000000,39.33000000,185127,871600049.70000005,6.63000000,-5.36000000,-2.25000000,1.04000000,云南白药
2023-12-20,000538,39.77000000,39.82000000,40.28000000,39.68000000,73271,344488189.38000000,1.51000000,0.28000000,0.11000000,0.41000000,云南白药
2023-12-21,000538,39.78000000,40.74000000,40.84000000,39.52000000,69253,327994797.94000000,3.31000000,2.31000000,0.92000000,0.39000000,云南白药
2023-12-22,000538,40.75000000,41.42000000,41.88000000,40.55000000,76097,368193036.01999998,3.26000000,1.67000000,0.68000000,0.43000000,云南白药
2023-12-25,000538,41.35000000,41.48000000,41.62000000,41.12000000,32927,159544415.66999999,1.21000000,0.14000000,0.06000000,0.18000000,云南白药
2023-12-26,000538,41.48000000,41.32000000,41.61000000,41.17000000,27735,134305278.46000001,1.06000000,-0.39000000,-0.16000000,0.16000000,云南白药
2023-12-27,000538,41.30000000,41.37000000,41.44000000,40.85000000,30843,148890730.06999999,1.43000000,0.12000000,0.05000000,0.17000000,云南白药
2023-12-28,000538,41.23000000,41.90000000,41.97000000,41.12000000,60148,293574016.26999998,2.05000000,1.28000000,0.53000000,0.34000000,云南白药
2023-12-29,000538,41.95000000,42.07000000,42.17000000,41.83000000,48326,237321631.63000000,0.81000000,0.41000000,0.17000000,0.27000000,云南白药
2024-01-02,000538,42.09000000,42.24000000,42.46000000,41.78000000,40832,201456937.53999999,1.62000000,0.40000000,0.17000000,0.23000000,云南白药
2024-01-03,000538,42.17000000,42.45000000,42.91000000,42.02000000,45719,226457839.28000000,2.11000000,0.50000000,0.21000000,0.26000000,云南白药
2024-01-04,000538,42.41000000,42.20000000,42.45000000,41.78000000,40869,200873700.50999999,1.58000000,-0.59000000,-0.25000000,0.23000000,云南白药
2024-01-05,000538,42.20000000,41.74000000,42.25000000,41.56000000,38391,188151575.80000001,1.64000000,-1.09000000,-0.46000000,0.22000000,云南白药
2024-01-08,000538,41.72000000,41.22000000,41.99000000,40.98000000,48671,235783146.50999999,2.42000000,-1.25000000,-0.52000000,0.27000000,云南白药
2024-01-09,000538,41.22000000,41.37000000,41.49000000,40.88000000,37744,182349373.97000000,1.48000000,0.36000000,0.15000000,0.21000000,云南白药
2024-01-10,000538,41.32000000,40.97000000,41.57000000,40.93000000,36915,178024404.69999999,1.55000000,-0.97000000,-0.40000000,0.21000000,云南白药
2024-01-11,000538,40.82000000,40.99000000,41.32000000,40.48000000,48451,232775507.75000000,2.05000000,0.05000000,0.02000000,0.27000000,云南白药
2024-01-12,000538,40.93000000,40.89000000,41.29000000,40.82000000,37169,178980749.27000001,1.15000000,-0.24000000,-0.10000000,0.21000000,云南白药
2024-01-15,000538,40.80000000,41.39000000,41.47000000,40.72000000,38618,186575968.33000001,1.83000000,1.22000000,0.50000000,0.22000000,云南白药
2024-01-16,000538,41.38000000,42.02000000,42.02000000,41.25000000,59287,289502092.42000002,1.86000000,1.52000000,0.63000000,0.33000000,云南白药
2024-01-17,000538,41.92000000,41.13000000,42.08000000,41.12000000,52019,252997555.66000000,2.28000000,-2.12000000,-0.89000000,0.29000000,云南白药
2024-01-18,000538,40.74000000,41.40000000,41.48000000,39.99000000,91121,434126306.20999998,3.62000000,0.66000000,0.27000000,0.51000000,云南白药
2024-01-19,000538,41.43000000,41.14000000,41.70000000,40.93000000,54076,261695600.97999999,1.86000000,-0.63000000,-0.26000000,0.30000000,云南白药
2024-01-22,000538,41.10000000,40.23000000,41.27000000,39.92000000,78712,376660953.60000002,3.28000000,-2.21000000,-0.91000000,0.44000000,云南白药
2024-01-23,000538,40.04000000,40.29000000,40.60000000,39.63000000,69446,327658786.44999999,2.41000000,0.15000000,0.06000000,0.39000000,云南白药
2024-01-24,000538,40.30000000,41.25000000,41.45000000,39.92000000,87484,417920506.87000000,3.80000000,2.38000000,0.96000000,0.49000000,云南白药
2024-01-25,000538,41.34000000,42.00000000,42.05000000,41.11000000,72972,355843135.19000000,2.28000000,1.82000000,0.75000000,0.41000000,云南白药
2024-01-26,000538,41.92000000,42.33000000,42.91000000,41.80000000,82183,406124591.43000001,2.64000000,0.79000000,0.33000000,0.46000000,云南白药
2024-01-29,000538,42.67000000,42.09000000,42.97000000,42.00000000,83388,412488715.38000000,2.29000000,-0.57000000,-0.24000000,0.47000000,云南白药
2024-01-30,000538,41.88000000,41.16000000,42.03000000,41.12000000,59661,290505359.06000000,2.16000000,-2.21000000,-0.93000000,0.33000000,云南白药
2024-01-31,000538,40.51000000,39.43000000,40.81000000,39.40000000,114287,535480798.75000000,3.43000000,-4.20000000,-1.73000000,0.64000000,云南白药
2024-02-01,000538,39.24000000,39.17000000,39.68000000,38.81000000,84643,391779861.54000002,2.21000000,-0.66000000,-0.26000000,0.47000000,云南白药
2024-02-02,000538,39.04000000,39.09000000,39.71000000,37.80000000,106018,486337385.45999998,4.88000000,-0.20000000,-0.08000000,0.59000000,云南白药
2024-02-05,000538,38.52000000,39.72000000,40.46000000,37.96000000,133456,618616248.78999996,6.40000000,1.61000000,0.63000000,0.75000000,云南白药
2024-02-06,000538,39.12000000,42.37000000,42.44000000,39.12000000,164716,803666012.05999994,8.36000000,6.67000000,2.65000000,0.92000000,云南白药
2024-02-07,000538,42.37000000,42.33000000,42.42000000,41.70000000,134687,662044884.39999998,1.70000000,-0.09000000,-0.04000000,0.75000000,云南白药
2024-02-08,000538,42.43000000,42.34000000,43.10000000,42.04000000,112622,557805316.13000000,2.50000000,0.02000000,0.01000000,0.63000000,云南白药
2024-02-19,000538,42.72000000,42.79000000,43.39000000,42.07000000,138609,691118621.74000001,3.12000000,1.06000000,0.45000000,0.78000000,云南白药
2024-02-20,000538,42.67000000,42.92000000,43.37000000,42.28000000,106705,534630825.13999999,2.55000000,0.30000000,0.13000000,0.60000000,云南白药
2024-02-21,000538,42.72000000,42.89000000,43.31000000,42.50000000,114705,574038807.11000001,1.89000000,-0.07000000,-0.03000000,0.64000000,云南白药
2024-02-22,000538,42.61000000,42.90000000,43.06000000,42.58000000,94569,471751558.14999998,1.12000000,0.02000000,0.01000000,0.53000000,云南白药
2024-02-23,000538,42.87000000,42.63000000,43.02000000,42.51000000,96035,477903227.14999998,1.19000000,-0.63000000,-0.27000000,0.54000000,云南白药
2024-02-26,000538,42.66000000,42.38000000,42.74000000,42.22000000,82413,408666000.24000001,1.22000000,-0.59000000,-0.25000000,0.46000000,云南白药
2024-02-27,000538,42.49000000,42.63000000,42.64000000,42.32000000,59870,296743024.72000003,0.76000000,0.59000000,0.25000000,0.34000000,云南白药
2024-02-28,000538,42.61000000,42.41000000,43.32000000,42.37000000,115185,574775916.40999997,2.23000000,-0.52000000,-0.22000000,0.65000000,云南白药
2024-02-29,000538,42.12000000,42.75000000,42.77000000,42.05000000,96607,478768941.60000002,1.70000000,0.80000000,0.34000000,0.54000000,云南白药
2024-03-01,000538,42.77000000,43.41000000,43.84000000,42.72000000,135303,682975766.27999997,2.62000000,1.54000000,0.66000000,0.76000000,云南白药
2024-03-04,000538,43.41000000,43.58000000,44.25000000,43.30000000,116116,589962250.55999994,2.19000000,0.39000000,0.17000000,0.65000000,云南白药
2024-03-05,000538,43.38000000,44.22000000,44.42000000,43.12000000,142747,730343561.94000006,2.98000000,1.47000000,0.64000000,0.80000000,云南白药
2024-03-06,000538,44.21000000,43.93000000,44.30000000,43.52000000,89686,456604706.32999998,1.76000000,-0.66000000,-0.29000000,0.50000000,云南白药
2024-03-07,000538,43.93000000,43.57000000,44.00000000,43.55000000,90910,461457552.33999997,1.02000000,-0.82000000,-0.36000000,0.51000000,云南白药
2024-03-08,000538,43.56000000,44.51000000,44.72000000,43.52000000,115854,595136787.42999995,2.75000000,2.16000000,0.94000000,0.65000000,云南白药
2024-03-11,000538,44.76000000,44.48000000,44.89000000,44.21000000,73900,380504789.81000000,1.53000000,-0.07000000,-0.03000000,0.41000000,云南白药
2024-03-12,000538,44.62000000,44.92000000,45.28000000,44.62000000,98387,511998334.63000000,1.48000000,0.99000000,0.44000000,0.55000000,云南白药
2024-03-13,000538,44.93000000,44.79000000,45.10000000,44.42000000,64697,335311474.82999998,1.51000000,-0.29000000,-0.13000000,0.36000000,云南白药
2024-03-14,000538,44.78000000,44.26000000,45.17000000,44.21000000,78466,405757616.13000000,2.14000000,-1.18000000,-0.53000000,0.44000000,云南白药
2024-03-15,000538,44.07000000,44.38000000,44.52000000,43.91000000,59172,303250371.60000002,1.38000000,0.27000000,0.12000000,0.33000000,云南白药
2024-03-18,000538,44.69000000,44.53000000,44.87000000,44.27000000,73708,380273356.29000002,1.35000000,0.34000000,0.15000000,0.41000000,云南白药
2024-03-19,000538,44.43000000,44.19000000,44.71000000,44.12000000,58822,302736134.72000003,1.32000000,-0.76000000,-0.34000000,0.33000000,云南白药
2024-03-20,000538,44.20000000,44.17000000,44.57000000,43.87000000,59659,305845710.14999998,1.58000000,-0.05000000,-0.02000000,0.33000000,云南白药
2024-03-21,000538,44.22000000,43.92000000,44.30000000,43.87000000,52304,267025982.56999999,0.97000000,-0.57000000,-0.25000000,0.29000000,云南白药
2024-03-22,000538,43.86000000,43.54000000,43.89000000,43.10000000,68530,346141825.82999998,1.80000000,-0.87000000,-0.38000000,0.38000000,云南白药
2024-03-25,000538,43.48000000,43.83000000,44.30000000,43.33000000,88689,452781546.39999998,2.23000000,0.67000000,0.29000000,0.50000000,云南白药
2024-03-26,000538,43.83000000,43.78000000,44.12000000,43.57000000,49551,252120730.96000001,1.25000000,-0.11000000,-0.05000000,0.28000000,云南白药
2024-03-27,000538,43.77000000,43.21000000,43.77000000,43.21000000,51966,262650502.69000000,1.28000000,-1.30000000,-0.57000000,0.29000000,云南白药
2024-03-28,000538,43.22000000,43.42000000,43.67000000,43.15000000,63876,322551133.87000000,1.20000000,0.49000000,0.21000000,0.36000000,云南白药
2024-03-29,000538,43.47000000,43.72000000,44.40000000,43.35000000,74273,377998685.31999999,2.42000000,0.69000000,0.30000000,0.42000000,云南白药
2024-04-01,000538,43.29000000,43.66000000,44.32000000,42.70000000,137862,697535469.12000000,3.71000000,-0.14000000,-0.06000000,0.77000000,云南白药
2024-04-02,000538,43.42000000,43.05000000,43.59000000,42.72000000,125688,629454139.89999998,1.99000000,-1.40000000,-0.61000000,0.70000000,云南白药
2024-04-03,000538,42.91000000,44.17000000,44.59000000,42.77000000,164805,839396564.07000005,4.23000000,2.60000000,1.12000000,0.92000000,云南白药
2024-04-08,000538,44.18000000,44.12000000,44.66000000,43.94000000,95315,489475590.98000002,1.63000000,-0.11000000,-0.05000000,0.53000000,云南白药
2024-04-09,000538,44.02000000,43.97000000,44.18000000,43.36000000,82172,417433653.43000001,1.86000000,-0.34000000,-0.15000000,0.46000000,云南白药
2024-04-10,000538,43.85000000,43.52000000,44.07000000,43.37000000,71672,363467718.31000000,1.59000000,-1.02000000,-0.45000000,0.40000000,云南白药
2024-04-11,000538,43.42000000,43.62000000,44.10000000,43.32000000,68275,346329716.13000000,1.79000000,0.23000000,0.10000000,0.38000000,云南白药
2024-04-12,000538,43.53000000,43.52000000,43.86000000,43.35000000,53405,270872966.37000000,1.17000000,-0.23000000,-0.10000000,0.30000000,云南白药
2024-04-15,000538,43.53000000,44.67000000,44.92000000,43.48000000,135917,700505420.27999997,3.31000000,2.64000000,1.15000000,0.76000000,云南白药
2024-04-16,000538,44.62000000,46.23000000,46.79000000,44.57000000,230392,1226824782.74000001,4.97000000,3.49000000,1.56000000,1.29000000,云南白药
2024-04-17,000538,46.23000000,48.99000000,49.02000000,45.78000000,315544,1732356590.13000011,7.01000000,5.97000000,2.76000000,1.77000000,云南白药
2024-04-18,000538,48.52000000,48.92000000,50.07000000,48.47000000,216696,1217158021.31999993,3.27000000,-0.14000000,-0.07000000,1.21000000,云南白药
2024-04-19,000538,48.92000000,49.63000000,49.92000000,48.74000000,150003,848891348.94000006,2.41000000,1.45000000,0.71000000,0.85000000,云南白药
2024-04-22,000538,49.89000000,49.35000000,50.53000000,49.09000000,137039,777454602.58000004,2.90000000,-0.56000000,-0.28000000,0.77000000,云南白药
2024-04-23,000538,49.29000000,48.84000000,49.58000000,48.49000000,114563,640006361.37000000,2.21000000,-1.03000000,-0.51000000,0.65000000,云南白药
2024-04-24,000538,48.73000000,48.38000000,48.82000000,47.72000000,107091,590859461.80999994,2.25000000,-0.94000000,-0.46000000,0.60000000,云南白药
2024-04-25,000538,48.30000000,48.25000000,48.68000000,48.02000000,79385,440021038.73000002,1.36000000,-0.27000000,-0.13000000,0.45000000,云南白药
2024-04-26,000538,48.21000000,48.25000000,48.80000000,48.02000000,118819,658001225.52999997,1.62000000,0.00000000,0.00000000,0.67000000,云南白药
2024-04-29,000538,49.42000000,48.92000000,49.48000000,48.21000000,165201,921642964.88999999,2.63000000,1.39000000,0.67000000,0.93000000,云南白药
2024-04-30,000538,48.95000000,50.17000000,50.69000000,48.83000000,181828,1041442895.48000002,3.80000000,2.56000000,1.25000000,1.03000000,云南白药
2024-05-06,000538,50.72000000,50.35000000,50.92000000,49.48000000,169177,968518565.00999999,2.87000000,0.36000000,0.18000000,0.95000000,云南白药
2024-05-07,000538,50.01000000,49.90000000,50.17000000,49.52000000,113559,645718460.29999995,1.29000000,-0.89000000,-0.45000000,0.64000000,云南白药
2024-05-08,000538,49.92000000,49.82000000,50.48000000,49.54000000,79612,453330435.83999997,1.88000000,-0.16000000,-0.08000000,0.45000000,云南白药
2024-05-09,000538,49.46000000,49.41000000,49.63000000,48.72000000,152646,859992251.45000005,1.83000000,-0.82000000,-0.41000000,0.86000000,云南白药
2024-05-10,000538,49.51000000,48.53000000,49.51000000,48.20000000,176544,946429915.73000002,2.65000000,-1.78000000,-0.88000000,1.00000000,云南白药
2024-05-13,000538,48.06000000,49.72000000,49.91000000,48.01000000,160601,870600167.11000001,3.92000000,2.45000000,1.19000000,0.91000000,云南白药
2024-05-14,000538,49.45000000,51.26000000,52.00000000,49.28000000,167990,938893762.48000002,5.47000000,3.10000000,1.54000000,0.95000000,云南白药
2024-05-15,000538,51.00000000,50.55000000,51.45000000,50.41000000,88770,496148444.06000000,2.03000000,-1.39000000,-0.71000000,0.50000000,云南白药
2024-05-16,000538,50.55000000,50.24000000,50.84000000,50.14000000,78392,434909870.41000003,1.38000000,-0.61000000,-0.31000000,0.44000000,云南白药
2024-05-17,000538,50.23000000,50.31000000,50.54000000,49.51000000,81718,450020423.75000000,2.05000000,0.14000000,0.07000000,0.46000000,云南白药
2024-05-20,000538,50.09000000,50.00000000,50.30000000,49.20000000,109185,597980431.15999997,2.19000000,-0.62000000,-0.31000000,0.62000000,云南白药
2024-05-21,000538,50.00000000,50.20000000,51.00000000,49.73000000,95307,527805391.47000003,2.54000000,0.40000000,0.20000000,0.54000000,云南白药
2024-05-22,000538,50.20000000,49.51000000,50.21000000,49.51000000,75913,415434135.01999998,1.39000000,-1.37000000,-0.69000000,0.43000000,云南白药
2024-05-23,000538,49.30000000,49.03000000,50.02000000,48.80000000,78595,425474359.82999998,2.46000000,-0.97000000,-0.48000000,0.44000000,云南白药
2024-05-24,000538,48.93000000,48.92000000,49.43000000,48.75000000,61650,333629119.24000001,1.39000000,-0.22000000,-0.11000000,0.35000000,云南白药
2024-05-27,000538,48.27000000,49.37000000,50.09000000,47.52000000,118680,643960874.59000003,5.25000000,0.92000000,0.45000000,0.67000000,云南白药
2024-05-28,000538,49.11000000,49.12000000,49.75000000,49.04000000,46579,252891711.36000001,1.44000000,-0.51000000,-0.25000000,0.26000000,云南白药
2024-05-29,000538,49.00000000,48.67000000,49.10000000,48.41000000,52298,280995564.04000002,1.40000000,-0.92000000,-0.45000000,0.30000000,云南白药
2024-05-30,000538,48.52000000,48.14000000,49.10000000,48.01000000,65665,350642101.94000000,2.24000000,-1.09000000,-0.53000000,0.37000000,云南白药
2024-05-31,000538,48.15000000,47.88000000,48.46000000,47.66000000,88360,468991156.08999997,1.66000000,-0.54000000,-0.26000000,0.50000000,云南白药
2024-06-03,000538,47.65000000,47.91000000,49.20000000,47.29000000,160864,855067407.13000000,3.99000000,0.06000000,0.03000000,0.91000000,云南白药
2024-06-04,000538,48.00000000,48.90000000,48.95000000,47.79000000,78539,420044129.41000003,2.42000000,2.07000000,0.99000000,0.44000000,云南白药
2024-06-05,000538,48.95000000,48.77000000,49.84000000,48.64000000,90422,490088336.51999998,2.45000000,-0.27000000,-0.13000000,0.51000000,云南白药
2024-06-06,000538,48.80000000,48.88000000,49.28000000,48.23000000,74537,401933136.48000002,2.15000000,0.23000000,0.11000000,0.42000000,云南白药
2024-06-07,000538,49.18000000,49.11000000,49.88000000,48.76000000,85515,463383067.57999998,2.29000000,0.47000000,0.23000000,0.48000000,云南白药
2024-06-11,000538,49.11000000,49.12000000,49.28000000,48.43000000,69214,372535041.72000003,1.73000000,0.02000000,0.01000000,0.39000000,云南白药
2024-06-12,000538,48.97000000,48.32000000,48.97000000,48.32000000,68693,367666166.83999997,1.32000000,-1.63000000,-0.80000000,0.39000000,云南白药
2024-06-13,000538,48.02000000,46.98000000,48.45000000,46.92000000,134207,703524432.38000000,3.17000000,-2.77000000,-1.34000000,0.76000000,云南白药
2024-06-14,000538,46.96000000,47.82000000,47.87000000,46.47000000,95845,500613857.02999997,2.98000000,1.79000000,0.84000000,0.54000000,云南白药
2024-06-17,000538,47.55000000,47.70000000,48.39000000,47.51000000,68173,360802621.33999997,1.84000000,-0.25000000,-0.12000000,0.38000000,云南白药
2024-06-18,000538,47.70000000,47.96000000,48.24000000,47.50000000,56941,301458188.88000000,1.55000000,0.55000000,0.26000000,0.32000000,云南白药
2024-06-19,000538,48.18000000,47.54000000,48.19000000,47.41000000,45717,240911202.52000001,1.63000000,-0.88000000,-0.42000000,0.26000000,云南白药
2024-06-20,000538,47.54000000,46.56000000,47.66000000,46.00000000,88369,456370140.02999997,3.49000000,-2.06000000,-0.98000000,0.50000000,云南白药
2024-06-21,000538,46.29000000,46.56000000,47.06000000,46.20000000,60172,310533488.88999999,1.85000000,0.00000000,0.00000000,0.34000000,云南白药
2024-06-24,000538,46.30000000,46.26000000,46.75000000,46.17000000,59833,307816812.68000001,1.25000000,-0.64000000,-0.30000000,0.34000000,云南白药
2024-06-25,000538,46.15000000,46.41000000,46.72000000,46.15000000,54265,279338803.89999998,1.23000000,0.32000000,0.15000000,0.31000000,云南白药
2024-06-26,000538,46.40000000,46.82000000,46.87000000,45.80000000,57230,294226387.17000002,2.31000000,0.88000000,0.41000000,0.32000000,云南白药
2024-06-27,000538,46.76000000,46.18000000,46.76000000,46.01000000,42463,217672812.47000000,1.60000000,-1.37000000,-0.64000000,0.24000000,云南白药
2024-06-28,000538,46.10000000,46.15000000,46.37000000,46.01000000,53397,273287652.62000000,0.78000000,-0.06000000,-0.03000000,0.30000000,云南白药
2024-07-01,000538,46.25000000,47.45000000,47.82000000,46.25000000,87107,453884960.31000000,3.40000000,2.82000000,1.30000000,0.49000000,云南白药
2024-07-02,000538,47.30000000,46.98000000,47.65000000,46.77000000,51019,265723341.77000001,1.85000000,-0.99000000,-0.47000000,0.29000000,云南白药
2024-07-03,000538,46.91000000,46.17000000,47.30000000,46.02000000,59384,305326870.31999999,2.72000000,-1.72000000,-0.81000000,0.34000000,云南白药
2024-07-04,000538,46.16000000,45.56000000,46.30000000,45.22000000,89090,450652231.17000002,2.34000000,-1.32000000,-0.61000000,0.50000000,云南白药
2024-07-05,000538,45.30000000,46.23000000,46.25000000,45.17000000,79389,402901264.61000001,2.37000000,1.47000000,0.67000000,0.45000000,云南白药
2024-07-08,000538,46.18000000,45.84000000,46.45000000,45.70000000,57391,292928703.19999999,1.62000000,-0.84000000,-0.39000000,0.32000000,云南白药
2024-07-09,000538,45.82000000,46.01000000,46.45000000,45.36000000,60184,305658922.83999997,2.38000000,0.37000000,0.17000000,0.34000000,云南白药
2024-07-10,000538,45.99000000,46.02000000,46.59000000,45.92000000,54365,278510410.07999998,1.46000000,0.02000000,0.01000000,0.31000000,云南白药
2024-07-11,000538,46.47000000,46.78000000,47.06000000,46.24000000,64485,333278544.67000002,1.78000000,1.65000000,0.76000000,0.36000000,云南白药
2024-07-12,000538,46.85000000,46.79000000,46.99000000,46.41000000,46447,240353417.56999999,1.24000000,0.02000000,0.01000000,0.26000000,云南白药
2024-07-15,000538,46.76000000,46.69000000,47.05000000,46.54000000,45779,236973958.21000001,1.09000000,-0.21000000,-0.10000000,0.26000000,云南白药
2024-07-16,000538,46.69000000,46.71000000,46.99000000,46.26000000,53055,274291092.52999997,1.56000000,0.04000000,0.02000000,0.30000000,云南白药
2024-07-17,000538,46.57000000,46.97000000,47.09000000,45.75000000,97588,502436499.49000001,2.87000000,0.56000000,0.26000000,0.55000000,云南白药
2024-07-18,000538,46.81000000,47.41000000,47.50000000,46.58000000,85099,444043109.58999997,1.96000000,0.94000000,0.44000000,0.48000000,云南白药
2024-07-19,000538,47.48000000,48.38000000,48.47000000,47.20000000,97105,514850492.97000003,2.68000000,2.05000000,0.97000000,0.55000000,云南白药
2024-07-22,000538,48.42000000,48.41000000,48.80000000,48.05000000,78442,419121393.58999997,1.55000000,0.06000000,0.03000000,0.44000000,云南白药
2024-07-23,000538,48.33000000,46.80000000,48.47000000,46.77000000,84643,444106690.85000002,3.51000000,-3.33000000,-1.61000000,0.48000000,云南白药
2024-07-24,000538,46.79000000,46.86000000,47.44000000,46.53000000,56937,295914124.13999999,1.94000000,0.13000000,0.06000000,0.32000000,云南白药
2024-07-25,000538,46.65000000,46.38000000,46.92000000,46.08000000,55509,285887318.37000000,1.79000000,-1.02000000,-0.48000000,0.31000000,云南白药
2024-07-26,000538,46.36000000,46.80000000,46.88000000,46.10000000,53905,278055875.26999998,1.68000000,0.91000000,0.42000000,0.30000000,云南白药
2024-07-29,000538,46.83000000,45.74000000,47.22000000,45.70000000,71145,365091999.17000002,3.25000000,-2.26000000,-1.06000000,0.40000000,云南白药
2024-07-30,000538,45.58000000,44.42000000,45.75000000,44.00000000,102389,507786285.88000000,3.83000000,-2.89000000,-1.32000000,0.58000000,云南白药
2024-07-31,000538,44.39000000,45.51000000,45.73000000,44.20000000,96755,485792875.85000002,3.44000000,2.45000000,1.09000000,0.55000000,云南白药
2024-08-01,000538,45.52000000,45.53000000,46.32000000,45.17000000,69628,352973258.39999998,2.53000000,0.04000000,0.02000000,0.39000000,云南白药
2024-08-02,000538,45.28000000,45.53000000,46.14000000,45.17000000,55877,283192905.10000002,2.13000000,0.00000000,0.00000000,0.32000000,云南白药
2024-08-05,000538,45.48000000,45.53000000,46.48000000,45.38000000,70262,357372900.88000000,2.42000000,0.00000000,0.00000000,0.40000000,云南白药
2024-08-06,000538,45.67000000,46.00000000,46.05000000,45.27000000,59832,303513733.39999998,1.71000000,1.03000000,0.47000000,0.34000000,云南白药
2024-08-07,000538,45.88000000,46.14000000,46.50000000,45.55000000,55371,283177609.22000003,2.07000000,0.30000000,0.14000000,0.31000000,云南白药
2024-08-08,000538,46.91000000,48.01000000,48.41000000,46.91000000,171230,903649724.02999997,3.25000000,4.05000000,1.87000000,0.97000000,云南白药
2024-08-09,000538,48.00000000,48.02000000,48.36000000,47.51000000,91522,485093340.73000002,1.77000000,0.02000000,0.01000000,0.52000000,云南白药
2024-08-12,000538,48.00000000,48.85000000,49.38000000,47.86000000,131129,706214732.26999998,3.17000000,1.73000000,0.83000000,0.74000000,云南白药
2024-08-13,000538,48.84000000,48.98000000,49.05000000,48.58000000,70828,381278397.44000000,0.96000000,0.27000000,0.13000000,0.40000000,云南白药
2024-08-14,000538,48.88000000,48.53000000,49.03000000,48.50000000,62562,336289081.95999998,1.08000000,-0.92000000,-0.45000000,0.35000000,云南白药
2024-08-15,000538,48.41000000,48.48000000,48.90000000,48.21000000,65558,351040120.58999997,1.42000000,-0.10000000,-0.05000000,0.37000000,云南白药
2024-08-16,000538,48.48000000,48.38000000,48.70000000,48.15000000,52987,282842492.69000000,1.13000000,-0.21000000,-0.10000000,0.30000000,云南白药
2024-08-19,000538,48.36000000,48.69000000,49.13000000,48.25000000,63538,340753194.88999999,1.82000000,0.64000000,0.31000000,0.36000000,云南白药
2024-08-20,000538,48.57000000,48.49000000,49.09000000,48.12000000,54345,290843857.07999998,1.99000000,-0.41000000,-0.20000000,0.31000000,云南白药
2024-08-21,000538,48.33000000,48.20000000,48.65000000,48.00000000,45199,240914835.31999999,1.34000000,-0.60000000,-0.29000000,0.26000000,云南白药
2024-08-22,000538,48.03000000,48.25000000,48.35000000,47.71000000,47619,252838910.50999999,1.33000000,0.10000000,0.05000000,0.27000000,云南白药
2024-08-23,000538,48.25000000,48.90000000,48.96000000,48.07000000,73609,394909167.23000002,1.84000000,1.35000000,0.65000000,0.42000000,云南白药
2024-08-26,000538,49.02000000,48.88000000,49.13000000,47.95000000,68332,366665782.60000002,2.41000000,-0.04000000,-0.02000000,0.39000000,云南白药
2024-08-27,000538,48.58000000,48.24000000,49.12000000,47.86000000,68969,367428791.63999999,2.58000000,-1.31000000,-0.64000000,0.39000000,云南白药
2024-08-28,000538,48.20000000,49.02000000,49.11000000,47.96000000,85867,462075734.49000001,2.38000000,1.62000000,0.78000000,0.49000000,云南白药
2024-08-29,000538,48.85000000,49.42000000,49.69000000,48.83000000,87930,478387998.75999999,1.75000000,0.82000000,0.40000000,0.50000000,云南白药
2024-08-30,000538,49.30000000,49.06000000,49.70000000,48.88000000,114291,621710723.89999998,1.66000000,-0.73000000,-0.36000000,0.65000000,云南白药
2024-09-02,000538,49.05000000,49.40000000,49.79000000,48.70000000,98227,533879055.39999998,2.22000000,0.69000000,0.34000000,0.56000000,云南白药
2024-09-03,000538,49.26000000,50.63000000,50.87000000,49.14000000,122807,681929724.10000002,3.50000000,2.49000000,1.23000000,0.69000000,云南白药
2024-09-04,000538,50.56000000,48.65000000,50.68000000,48.38000000,152852,831473750.08000004,4.54000000,-3.91000000,-1.98000000,0.86000000,云南白药
2024-09-05,000538,48.30000000,48.87000000,49.05000000,47.53000000,85808,459720727.85000002,3.12000000,0.45000000,0.22000000,0.48000000,云南白药
2024-09-06,000538,48.86000000,48.20000000,48.97000000,47.95000000,76743,408395080.39999998,2.09000000,-1.37000000,-0.67000000,0.43000000,云南白药
2024-09-09,000538,48.01000000,48.00000000,48.48000000,47.88000000,69155,367965330.69000000,1.24000000,-0.41000000,-0.20000000,0.39000000,云南白药
2024-09-10,000538,48.10000000,47.64000000,48.25000000,47.09000000,96412,507589845.64999998,2.42000000,-0.75000000,-0.36000000,0.54000000,云南白药
2024-09-11,000538,47.42000000,47.37000000,47.91000000,47.17000000,69718,365732557.07999998,1.55000000,-0.57000000,-0.27000000,0.39000000,云南白药
2024-09-12,000538,47.41000000,45.71000000,47.45000000,45.51000000,127611,650559033.11000001,4.10000000,-3.50000000,-1.66000000,0.72000000,云南白药
2024-09-13,000538,45.68000000,45.61000000,46.08000000,45.35000000,71168,361047887.05000001,1.60000000,-0.22000000,-0.10000000,0.40000000,云南白药
2024-09-18,000538,45.51000000,45.46000000,46.00000000,45.12000000,61932,312447383.04000002,1.93000000,-0.33000000,-0.15000000,0.35000000,云南白药
2024-09-19,000538,45.50000000,45.61000000,45.92000000,45.09000000,85690,433126240.94000000,1.83000000,0.33000000,0.15000000,0.48000000,云南白药
2024-09-20,000538,45.62000000,45.21000000,45.70000000,44.80000000,105397,527949802.63000000,1.97000000,-0.88000000,-0.40000000,0.60000000,云南白药
2024-09-23,000538,45.18000000,45.22000000,45.75000000,45.10000000,65149,327961215.51999998,1.44000000,0.02000000,0.01000000,0.37000000,云南白药
2024-09-24,000538,45.31000000,46.66000000,46.69000000,44.95000000,143581,731259838.13000000,3.85000000,3.18000000,1.44000000,0.81000000,云南白药
2024-09-25,000538,46.80000000,47.70000000,48.49000000,46.80000000,150404,796484592.17999995,3.62000000,2.23000000,1.04000000,0.85000000,云南白药
2024-09-26,000538,47.45000000,49.31000000,49.36000000,47.38000000,162046,865318837.71000004,4.15000000,3.38000000,1.61000000,0.92000000,云南白药
2024-09-27,000538,50.50000000,51.47000000,52.19000000,49.62000000,274261,1526966789.35999990,5.21000000,4.38000000,2.16000000,1.55000000,云南白药
2024-09-30,000538,52.77000000,56.00000000,56.68000000,52.76000000,374609,2237043712.86999989,7.62000000,8.80000000,4.53000000,2.12000000,云南白药
2024-10-08,000538,62.10000000,57.68000000,62.10000000,55.50000000,489211,3115116525.65000010,11.79000000,3.00000000,1.68000000,2.76000000,云南白药
2024-10-09,000538,57.00000000,53.05000000,57.00000000,53.00000000,305779,1826259099.41000009,6.93000000,-8.03000000,-4.63000000,1.73000000,云南白药
2024-10-10,000538,53.11000000,53.93000000,55.75000000,53.11000000,214424,1273815256.00000000,4.98000000,1.66000000,0.88000000,1.21000000,云南白药
2024-10-11,000538,53.94000000,52.41000000,54.96000000,52.01000000,176716,1028522497.96000004,5.47000000,-2.82000000,-1.52000000,1.00000000,云南白药
2024-10-14,000538,52.55000000,52.78000000,53.11000000,51.95000000,148327,853568926.55999994,2.21000000,0.71000000,0.37000000,0.84000000,云南白药
2024-10-15,000538,52.70000000,51.50000000,52.96000000,51.50000000,133871,766077918.22000003,2.77000000,-2.43000000,-1.28000000,0.76000000,云南白药
2024-10-16,000538,51.00000000,51.38000000,51.79000000,50.80000000,101970,574466050.09000003,1.92000000,-0.23000000,-0.12000000,0.58000000,云南白药
2024-10-17,000538,51.46000000,50.30000000,51.90000000,50.25000000,115275,645772753.61000001,3.21000000,-2.10000000,-1.08000000,0.65000000,云南白药
2024-10-18,000538,50.31000000,51.59000000,52.49000000,50.00000000,183540,1032753365.36000001,4.95000000,2.56000000,1.29000000,1.04000000,云南白药
2024-10-21,000538,51.70000000,52.30000000,52.97000000,51.26000000,165628,944816455.69000006,3.31000000,1.38000000,0.71000000,0.94000000,云南白药
2024-10-22,000538,52.29000000,52.71000000,53.18000000,52.01000000,128455,740572838.38000000,2.24000000,0.78000000,0.41000000,0.73000000,云南白药
2024-10-23,000538,52.72000000,53.04000000,53.35000000,52.35000000,138137,799468164.49000001,1.90000000,0.63000000,0.33000000,0.78000000,云南白药
2024-10-24,000538,52.93000000,52.14000000,53.30000000,51.92000000,121660,699455554.40999997,2.60000000,-1.70000000,-0.90000000,0.69000000,云南白药
2024-10-25,000538,52.10000000,52.40000000,52.84000000,51.81000000,110307,631526804.39999998,1.98000000,0.50000000,0.26000000,0.62000000,云南白药
2024-10-28,000538,52.28000000,53.26000000,53.30000000,52.15000000,127146,735957379.48000002,2.19000000,1.64000000,0.86000000,0.72000000,云南白药
2024-10-29,000538,53.39000000,52.75000000,53.85000000,52.26000000,131086,758494012.67999995,2.99000000,-0.96000000,-0.51000000,0.74000000,云南白药
2024-10-30,000538,52.86000000,52.91000000,53.39000000,52.37000000,126271,731698938.41999996,1.93000000,0.30000000,0.16000000,0.71000000,云南白药
2024-10-31,000538,52.91000000,52.06000000,52.91000000,51.73000000,146579,837821965.05999994,2.23000000,-1.61000000,-0.85000000,0.83000000,云南白药
2024-11-01,000538,52.00000000,52.42000000,53.06000000,51.74000000,127102,731606307.22000003,2.54000000,0.69000000,0.36000000,0.72000000,云南白药
2024-11-04,000538,52.97000000,52.87000000,53.17000000,52.17000000,93141,536681558.23000002,1.91000000,0.86000000,0.45000000,0.53000000,云南白药
2024-11-05,000538,52.75000000,53.68000000,53.68000000,52.51000000,155384,905326780.60000002,2.21000000,1.53000000,0.81000000,0.88000000,云南白药
2024-11-06,000538,53.70000000,53.65000000,54.16000000,53.19000000,140703,825951092.72000003,1.81000000,-0.06000000,-0.03000000,0.80000000,云南白药
2024-11-07,000538,53.64000000,56.00000000,56.00000000,53.37000000,211671,1277541515.97000003,4.90000000,4.38000000,2.35000000,1.20000000,云南白药
2024-11-08,000538,57.07000000,55.61000000,57.07000000,55.17000000,173639,1055857035.00999999,3.39000000,-0.70000000,-0.39000000,0.98000000,云南白药
2024-11-11,000538,55.29000000,55.10000000,55.29000000,54.07000000,147656,882253153.65999997,2.19000000,-0.92000000,-0.51000000,0.83000000,云南白药
2024-11-12,000538,55.10000000,55.25000000,56.50000000,54.90000000,169773,1031431178.60000002,2.90000000,0.27000000,0.15000000,0.96000000,云南白药
2024-11-13,000538,55.00000000,55.18000000,55.70000000,54.75000000,95811,575776814.73000002,1.72000000,-0.13000000,-0.07000000,0.54000000,云南白药
2024-11-14,000538,55.18000000,54.45000000,55.44000000,54.36000000,86837,520803312.61000001,1.96000000,-1.32000000,-0.73000000,0.49000000,云南白药
2024-11-15,000538,54.41000000,53.94000000,54.81000000,53.90000000,82868,491601240.70999998,1.67000000,-0.94000000,-0.51000000,0.47000000,云南白药
2024-11-18,000538,54.20000000,53.96000000,55.36000000,53.65000000,111863,664400897.13999999,3.17000000,0.04000000,0.02000000,0.63000000,云南白药
2024-11-19,000538,54.05000000,54.24000000,54.49000000,53.36000000,79049,466201773.11000001,2.09000000,0.52000000,0.28000000,0.45000000,云南白药
2024-11-20,000538,54.02000000,54.49000000,54.85000000,53.81000000,82053,488088953.42000002,1.92000000,0.46000000,0.25000000,0.46000000,云南白药
2024-11-21,000538,54.48000000,54.53000000,54.75000000,53.83000000,82793,490837891.80000001,1.69000000,0.07000000,0.04000000,0.47000000,云南白药
2024-11-22,000538,54.56000000,53.08000000,54.69000000,53.06000000,99815,586689573.44000006,2.99000000,-2.66000000,-1.45000000,0.56000000,云南白药
2024-11-25,000538,53.39000000,53.23000000,54.09000000,52.17000000,114939,652386104.97000003,3.62000000,0.28000000,0.15000000,0.65000000,云南白药
2024-11-26,000538,52.77000000,52.73000000,53.57000000,52.52000000,67219,381164774.56999999,1.97000000,-0.94000000,-0.50000000,0.38000000,云南白药
2024-11-27,000538,52.55000000,53.19000000,53.20000000,52.37000000,59622,337746126.94000000,1.57000000,0.87000000,0.46000000,0.34000000,云南白药
2024-11-28,000538,53.21000000,53.16000000,53.54000000,52.64000000,61352,349565110.88999999,1.69000000,-0.06000000,-0.03000000,0.35000000,云南白药
2024-11-29,000538,53.16000000,53.52000000,53.88000000,53.03000000,68692,393934966.61000001,1.60000000,0.68000000,0.36000000,0.39000000,云南白药
2024-12-02,000538,53.56000000,53.73000000,53.89000000,53.03000000,78388,449647373.11000001,1.61000000,0.39000000,0.21000000,0.44000000,云南白药
2024-12-03,000538,53.70000000,53.69000000,53.96000000,53.17000000,68309,391664593.25000000,1.47000000,-0.07000000,-0.04000000,0.39000000,云南白药
2024-12-04,000538,53.60000000,53.16000000,53.69000000,52.95000000,73298,417715502.60000002,1.38000000,-0.99000000,-0.53000000,0.41000000,云南白药
2024-12-05,000538,53.09000000,52.90000000,53.15000000,52.51000000,51974,294388654.77999997,1.20000000,-0.49000000,-0.26000000,0.29000000,云南白药
2024-12-06,000538,52.85000000,53.84000000,53.86000000,52.85000000,88877,509529965.57999998,1.91000000,1.78000000,0.94000000,0.50000000,云南白药
2024-12-09,000538,53.89000000,53.66000000,54.24000000,53.38000000,59833,344691002.72000003,1.60000000,-0.33000000,-0.18000000,0.34000000,云南白药
2024-12-10,000538,54.62000000,53.89000000,54.86000000,53.86000000,98535,571687227.59000003,1.86000000,0.43000000,0.23000000,0.56000000,云南白药
2024-12-11,000538,53.72000000,54.30000000,54.31000000,53.67000000,69859,403884445.62000000,1.19000000,0.76000000,0.41000000,0.39000000,云南白药
2024-12-12,000538,54.30000000,55.25000000,55.29000000,54.21000000,113279,665408156.50000000,1.99000000,1.75000000,0.95000000,0.64000000,云南白药
2024-12-13,000538,55.01000000,54.42000000,55.03000000,54.32000000,87759,512870526.08999997,1.29000000,-1.50000000,-0.83000000,0.50000000,云南白药
2024-12-16,000538,54.39000000,54.29000000,55.62000000,54.05000000,98960,580383889.50999999,2.88000000,-0.24000000,-0.13000000,0.56000000,云南白药
2024-12-17,000538,54.21000000,55.01000000,56.00000000,54.08000000,120923,712656281.57000005,3.54000000,1.33000000,0.72000000,0.68000000,云南白药
2024-12-18,000538,55.27000000,55.51000000,56.33000000,54.96000000,107416,638498092.42999995,2.49000000,0.91000000,0.50000000,0.61000000,云南白药
2024-12-19,000538,55.29000000,55.85000000,56.39000000,54.90000000,98357,586219513.15999997,2.68000000,0.61000000,0.34000000,0.56000000,云南白药
2024-12-20,000538,55.80000000,56.18000000,56.83000000,55.63000000,100256,601964766.99000001,2.15000000,0.59000000,0.33000000,0.57000000,云南白药
2024-12-23,000538,56.18000000,56.74000000,57.36000000,56.06000000,168165,1020385542.61000001,2.31000000,1.00000000,0.56000000,0.95000000,云南白药
2024-12-24,000538,56.75000000,56.46000000,56.99000000,56.09000000,117796,708612703.90999997,1.59000000,-0.49000000,-0.28000000,0.67000000,云南白药
2024-12-25,000538,56.49000000,56.87000000,57.01000000,56.10000000,86026,519649459.01999998,1.61000000,0.73000000,0.41000000,0.49000000,云南白药
2024-12-26,000538,56.87000000,55.82000000,56.88000000,55.66000000,98838,591009353.20000005,2.15000000,-1.85000000,-1.05000000,0.56000000,云南白药
2024-12-27,000538,55.71000000,56.08000000,56.31000000,55.59000000,67480,403490595.97000003,1.29000000,0.47000000,0.26000000,0.38000000,云南白药
2024-12-30,000538,55.97000000,56.64000000,57.21000000,55.91000000,83959,507713487.60000002,2.32000000,1.00000000,0.56000000,0.47000000,云南白药
2024-12-31,000538,56.65000000,56.16000000,56.86000000,55.97000000,76566,460359278.83999997,1.57000000,-0.85000000,-0.48000000,0.43000000,云南白药
2025-01-02,000538,55.97000000,54.26000000,56.56000000,54.09000000,97165,570612492.89999998,4.40000000,-3.38000000,-1.90000000,0.55000000,云南白药
2025-01-03,000538,54.35000000,54.14000000,55.09000000,53.77000000,101129,587954385.39999998,2.43000000,-0.22000000,-0.12000000,0.57000000,云南白药
2025-01-06,000538,54.16000000,54.28000000,54.86000000,53.91000000,75039,435933423.50999999,1.75000000,0.26000000,0.14000000,0.42000000,云南白药
2025-01-07,000538,54.21000000,53.79000000,54.56000000,53.32000000,60663,349239686.35000002,2.28000000,-0.90000000,-0.49000000,0.34000000,云南白药
2025-01-08,000538,53.75000000,53.78000000,54.32000000,53.22000000,73026,420429319.14999998,2.04000000,-0.02000000,-0.01000000,0.41000000,云南白药
2025-01-09,000538,53.63000000,53.41000000,53.85000000,53.09000000,48288,276784894.85000002,1.41000000,-0.69000000,-0.37000000,0.27000000,云南白药
2025-01-10,000538,53.41000000,52.83000000,53.65000000,52.83000000,53428,304151002.42000002,1.54000000,-1.09000000,-0.58000000,0.30000000,云南白药
2025-01-13,000538,52.71000000,52.36000000,53.29000000,51.88000000,69025,388508898.72000003,2.67000000,-0.89000000,-0.47000000,0.39000000,云南白药
2025-01-14,000538,52.46000000,53.61000000,53.71000000,52.12000000,67070,381081518.58999997,3.04000000,2.39000000,1.25000000,0.38000000,云南白药
2025-01-15,000538,53.62000000,53.71000000,54.07000000,53.32000000,49314,283599847.69000000,1.40000000,0.19000000,0.10000000,0.28000000,云南白药
2025-01-16,000538,53.73000000,53.33000000,54.13000000,53.14000000,48221,276876523.60000002,1.84000000,-0.71000000,-0.38000000,0.27000000,云南白药
2025-01-17,000538,53.15000000,53.71000000,53.90000000,53.10000000,45557,261669368.69000000,1.50000000,0.71000000,0.38000000,0.26000000,云南白药
2025-01-20,000538,53.88000000,53.15000000,54.10000000,53.14000000,57184,327609285.98000002,1.79000000,-1.04000000,-0.56000000,0.32000000,云南白药
2025-01-21,000538,53.40000000,53.41000000,53.69000000,53.07000000,37112,212107720.16000000,1.17000000,0.49000000,0.26000000,0.21000000,云南白药
2025-01-22,000538,53.29000000,53.14000000,53.49000000,52.60000000,39755,225757402.87000000,1.67000000,-0.51000000,-0.27000000,0.22000000,云南白药
2025-01-23,000538,53.43000000,53.21000000,54.04000000,53.21000000,55563,318433640.07999998,1.56000000,0.13000000,0.07000000,0.31000000,云南白药
2025-01-24,000538,53.14000000,53.56000000,53.84000000,52.94000000,52902,302986581.62000000,1.69000000,0.66000000,0.35000000,0.30000000,云南白药
2025-01-27,000538,53.56000000,54.13000000,54.54000000,53.56000000,62742,363769183.04000002,1.83000000,1.06000000,0.57000000,0.35000000,云南白药
2025-02-05,000538,54.20000000,53.63000000,54.30000000,53.30000000,61499,353834927.77999997,1.85000000,-0.92000000,-0.50000000,0.35000000,云南白药
2025-02-06,000538,53.54000000,53.77000000,53.81000000,53.36000000,52423,300960709.50999999,0.84000000,0.26000000,0.14000000,0.30000000,云南白药
2025-02-07,000538,53.77000000,53.71000000,54.06000000,53.38000000,87873,505471530.50999999,1.26000000,-0.11000000,-0.06000000,0.50000000,云南白药
2025-02-10,000538,53.77000000,53.49000000,53.88000000,53.23000000,80523,461714650.31000000,1.21000000,-0.41000000,-0.22000000,0.45000000,云南白药
2025-02-11,000538,53.50000000,52.59000000,53.54000000,52.52000000,108442,613904950.79999995,1.91000000,-1.68000000,-0.90000000,0.61000000,云南白药
2025-02-12,000538,52.71000000,53.49000000,53.49000000,52.51000000,90198,513108012.33999997,1.86000000,1.71000000,0.90000000,0.51000000,云南白药
2025-02-13,000538,53.31000000,53.28000000,53.68000000,53.19000000,54349,310931086.19000000,0.92000000,-0.39000000,-0.21000000,0.31000000,云南白药
2025-02-14,000538,53.21000000,54.11000000,54.11000000,53.14000000,97149,559116463.89999998,1.82000000,1.56000000,0.83000000,0.55000000,云南白药
2025-02-17,000538,54.18000000,53.21000000,54.27000000,53.11000000,93198,533668095.05000001,2.14000000,-1.66000000,-0.90000000,0.53000000,云南白药
2025-02-18,000538,53.21000000,52.71000000,53.28000000,52.53000000,69497,394413835.63000000,1.41000000,-0.94000000,-0.50000000,0.39000000,云南白药
2025-02-19,000538,52.61000000,52.70000000,52.89000000,52.22000000,97695,549734044.73000002,1.27000000,-0.02000000,-0.01000000,0.55000000,云南白药
2025-02-20,000538,52.59000000,52.63000000,53.21000000,52.26000000,72765,411393408.49000001,1.80000000,-0.13000000,-0.07000000,0.41000000,云南白药
2025-02-21,000538,52.51000000,52.18000000,52.75000000,52.01000000,122590,686119104.42999995,1.41000000,-0.86000000,-0.45000000,0.69000000,云南白药
2025-02-24,000538,52.06000000,51.85000000,52.38000000,51.71000000,93198,519773718.50999999,1.28000000,-0.63000000,-0.33000000,0.53000000,云南白药
2025-02-25,000538,51.70000000,51.30000000,51.70000000,51.23000000,66240,365819809.44000000,0.91000000,-1.06000000,-0.55000000,0.37000000,云南白药
2025-02-26,000538,51.30000000,51.28000000,51.49000000,50.98000000,83289,458555173.92000002,0.99000000,-0.04000000,-0.02000000,0.47000000,云南白药
2025-02-27,000538,51.27000000,51.50000000,51.60000000,51.13000000,83789,462066526.66000003,0.92000000,0.43000000,0.22000000,0.47000000,云南白药
2025-02-28,000538,51.46000000,51.38000000,51.89000000,51.07000000,121386,670986219.53999996,1.59000000,-0.23000000,-0.12000000,0.68000000,云南白药
2025-03-03,000538,51.16000000,51.32000000,51.91000000,51.02000000,97297,537788861.13999999,1.73000000,-0.12000000,-0.06000000,0.55000000,云南白药
2025-03-04,000538,51.33000000,51.29000000,51.42000000,51.07000000,57898,318809851.45999998,0.68000000,-0.06000000,-0.03000000,0.33000000,云南白药
2025-03-05,000538,51.29000000,50.89000000,51.30000000,50.87000000,96203,527091413.51999998,0.84000000,-0.78000000,-0.40000000,0.54000000,云南白药
2025-03-06,000538,50.96000000,51.49000000,51.56000000,50.51000000,116990,641959673.12000000,2.06000000,1.18000000,0.60000000,0.66000000,云南白药
2025-03-07,000538,51.32000000,51.38000000,51.56000000,51.12000000,64006,352669527.56000000,0.85000000,-0.21000000,-0.11000000,0.36000000,云南白药
2025-03-10,000538,51.41000000,51.31000000,51.74000000,51.13000000,58629,323160989.94999999,1.19000000,-0.14000000,-0.07000000,0.33000000,云南白药
2025-03-11,000538,51.11000000,51.41000000,51.41000000,50.94000000,64957,356714099.89999998,0.92000000,0.19000000,0.10000000,0.37000000,云南白药
2025-03-12,000538,51.41000000,51.08000000,51.50000000,51.07000000,68925,378910036.05000001,0.84000000,-0.64000000,-0.33000000,0.39000000,云南白药
2025-03-13,000538,51.09000000,51.05000000,51.28000000,50.81000000,59577,326676093.31999999,0.92000000,-0.06000000,-0.03000000,0.34000000,云南白药
2025-03-14,000538,51.00000000,51.97000000,51.98000000,50.99000000,131614,729945476.84000003,1.94000000,1.80000000,0.92000000,0.74000000,云南白药
2025-03-17,000538,52.24000000,51.73000000,52.31000000,51.66000000,82533,459648995.56000000,1.25000000,-0.46000000,-0.24000000,0.47000000,云南白药
2025-03-18,000538,51.91000000,51.59000000,51.93000000,51.47000000,67813,376069987.60000002,0.89000000,-0.27000000,-0.14000000,0.38000000,云南白药
2025-03-19,000538,51.60000000,51.61000000,51.75000000,51.43000000,61524,340698030.80000001,0.62000000,0.04000000,0.02000000,0.35000000,云南白药
2025-03-20,000538,51.70000000,51.27000000,51.72000000,51.14000000,59028,325464482.56999999,1.12000000,-0.66000000,-0.34000000,0.33000000,云南白药
2025-03-21,000538,51.71000000,51.29000000,51.98000000,51.14000000,111967,619176791.69000006,1.64000000,0.04000000,0.02000000,0.63000000,云南白药
2025-03-24,000538,51.21000000,51.52000000,51.86000000,51.09000000,75708,418684068.73000002,1.50000000,0.45000000,0.23000000,0.43000000,云南白药
2025-03-25,000538,51.44000000,51.86000000,51.86000000,51.26000000,70681,391713822.26999998,1.16000000,0.66000000,0.34000000,0.40000000,云南白药
2025-03-26,000538,51.76000000,51.64000000,51.91000000,51.56000000,43067,238871599.59999999,0.67000000,-0.42000000,-0.22000000,0.24000000,云南白药
2025-03-27,000538,51.64000000,52.37000000,52.39000000,51.52000000,99792,558015115.82000005,1.68000000,1.41000000,0.73000000,0.56000000,云南白药
2025-03-28,000538,52.29000000,52.56000000,52.59000000,52.14000000,92898,522416559.19999999,0.86000000,0.36000000,0.19000000,0.52000000,云南白药
2025-03-31,000538,52.52000000,53.01000000,53.81000000,52.33000000,152410,866905534.22000003,2.82000000,0.86000000,0.45000000,0.86000000,云南白药
2025-04-01,000538,53.12000000,53.28000000,53.61000000,52.59000000,127136,724924521.17999995,1.92000000,0.51000000,0.27000000,0.72000000,云南白药
2025-04-02,000538,53.12000000,53.02000000,53.40000000,52.61000000,75116,425610987.24000001,1.48000000,-0.49000000,-0.26000000,0.42000000,云南白药
2025-04-03,000538,52.89000000,53.17000000,53.31000000,52.78000000,76642,435956233.44000000,1.00000000,0.28000000,0.15000000,0.43000000,云南白药
2025-04-07,000538,51.21000000,51.21000000,52.38000000,49.77000000,221333,1220219719.54999995,4.91000000,-3.69000000,-1.96000000,1.25000000,云南白药
2025-04-08,000538,51.06000000,53.07000000,53.09000000,50.74000000,199211,1115567381.26999998,4.59000000,3.63000000,1.86000000,1.12000000,云南白药
2025-04-09,000538,52.71000000,53.59000000,53.77000000,52.11000000,157721,899271854.64999998,3.13000000,0.98000000,0.52000000,0.89000000,云南白药
2025-04-10,000538,53.46000000,53.84000000,53.96000000,53.02000000,115163,659988922.08000004,1.75000000,0.47000000,0.25000000,0.65000000,云南白药
2025-04-11,000538,53.59000000,53.09000000,53.73000000,52.79000000,79853,454912383.31000000,1.75000000,-1.39000000,-0.75000000,0.45000000,云南白药
2025-04-14,000538,53.03000000,52.85000000,53.46000000,52.72000000,79721,452496153.44000000,1.39000000,-0.45000000,-0.24000000,0.45000000,云南白药
2025-04-15,000538,52.83000000,53.45000000,53.61000000,52.61000000,87917,501430897.38000000,1.89000000,1.14000000,0.60000000,0.50000000,云南白药
2025-04-16,000538,53.23000000,53.68000000,53.76000000,52.96000000,68587,391770472.86000001,1.50000000,0.43000000,0.23000000,0.39000000,云南白药
2025-04-17,000538,53.51000000,53.54000000,53.79000000,53.41000000,54318,311691896.98000002,0.71000000,-0.26000000,-0.14000000,0.31000000,云南白药
2025-04-18,000538,53.50000000,53.66000000,53.77000000,53.40000000,43710,250973045.56999999,0.69000000,0.22000000,0.12000000,0.25000000,云南白药
2025-04-21,000538,53.53000000,53.42000000,53.79000000,53.32000000,46131,264196624.75000000,0.88000000,-0.45000000,-0.24000000,0.26000000,云南白药
2025-04-22,000538,53.32000000,54.30000000,54.86000000,53.32000000,103384,600669789.65999997,2.88000000,1.65000000,0.88000000,0.58000000,云南白药
2025-04-23,000538,54.28000000,53.86000000,54.43000000,53.81000000,63894,369340820.82999998,1.14000000,-0.81000000,-0.44000000,0.36000000,云南白药
2025-04-24,000538,53.88000000,54.59000000,54.71000000,53.86000000,70734,412310293.18000001,1.58000000,1.36000000,0.73000000,0.40000000,云南白药
2025-04-25,000538,54.67000000,54.11000000,54.81000000,53.97000000,59803,346868043.31999999,1.54000000,-0.88000000,-0.48000000,0.34000000,云南白药
2025-04-28,000538,54.29000000,54.12000000,54.75000000,53.87000000,72793,423697480.79000002,1.63000000,0.02000000,0.01000000,0.41000000,云南白药
2025-04-29,000538,54.12000000,53.94000000,54.43000000,53.63000000,72365,417579050.31999999,1.48000000,-0.33000000,-0.18000000,0.41000000,云南白药
2025-04-30,000538,54.29000000,54.67000000,55.00000000,54.05000000,70945,405958868.94999999,1.76000000,1.35000000,0.73000000,0.40000000,云南白药
2025-05-06,000538,54.67000000,54.19000000,54.78000000,54.00000000,102095,580251617.90999997,1.43000000,-0.88000000,-0.48000000,0.58000000,云南白药
2025-05-07,000538,54.30000000,54.69000000,54.89000000,54.22000000,70858,404658728.92000002,1.24000000,0.92000000,0.50000000,0.40000000,云南白药
2025-05-08,000538,54.54000000,54.45000000,54.66000000,54.32000000,56569,322915755.52999997,0.62000000,-0.44000000,-0.24000000,0.32000000,云南白药
2025-05-09,000538,54.41000000,54.46000000,54.70000000,54.35000000,52814,301665506.26999998,0.64000000,0.02000000,0.01000000,0.30000000,云南白药
2025-05-12,000538,54.49000000,54.47000000,54.70000000,54.20000000,58521,334288740.75999999,0.92000000,0.02000000,0.01000000,0.33000000,云南白药
2025-05-13,000538,54.50000000,54.46000000,54.59000000,54.13000000,57879,329647278.06000000,0.84000000,-0.02000000,-0.01000000,0.33000000,云南白药
2025-05-14,000538,54.40000000,54.56000000,54.60000000,53.85000000,67973,386458283.26999998,1.38000000,0.18000000,0.10000000,0.38000000,云南白药
2025-05-15,000538,54.41000000,54.37000000,55.00000000,54.35000000,58879,336964702.85000002,1.19000000,-0.35000000,-0.19000000,0.33000000,云南白药
2025-05-16,000538,54.38000000,54.13000000,54.50000000,54.02000000,46356,263047643.94999999,0.88000000,-0.44000000,-0.24000000,0.26000000,云南白药
2025-05-19,000538,54.15000000,53.82000000,54.27000000,53.61000000,55163,311738990.10000002,1.22000000,-0.57000000,-0.31000000,0.31000000,云南白药
2025-05-20,000538,53.97000000,54.44000000,54.76000000,53.97000000,68173,388795172.48000002,1.47000000,1.15000000,0.62000000,0.38000000,云南白药
2025-05-21,000538,54.55000000,54.60000000,55.24000000,54.44000000,65843,378235591.94000000,1.47000000,0.29000000,0.16000000,0.37000000,云南白药
2025-05-22,000538,54.64000000,54.10000000,54.79000000,54.10000000,58645,333146339.92000002,1.26000000,-0.92000000,-0.50000000,0.33000000,云南白药
2025-05-23,000538,54.06000000,53.98000000,54.52000000,53.91000000,52324,297261751.00000000,1.13000000,-0.22000000,-0.12000000,0.30000000,云南白药
2025-05-26,000538,53.90000000,53.30000000,54.06000000,53.24000000,76022,426870000.50999999,1.52000000,-1.26000000,-0.68000000,0.43000000,云南白药
2025-05-27,000538,53.40000000,53.56000000,53.82000000,53.40000000,40128,225549638.43000001,0.79000000,0.49000000,0.26000000,0.23000000,云南白药
2025-05-28,000538,53.56000000,53.70000000,53.96000000,53.41000000,39505,222512830.28000000,1.03000000,0.26000000,0.14000000,0.22000000,云南白药
2025-05-29,000538,53.75000000,53.68000000,53.90000000,53.55000000,49451,278467340.57999998,0.65000000,-0.04000000,-0.02000000,0.28000000,云南白药
2025-05-30,000538,53.73000000,53.88000000,54.31000000,53.63000000,83550,473267832.80000001,1.27000000,0.37000000,0.20000000,0.47000000,云南白药
2025-06-03,000538,53.88000000,54.62000000,54.70000000,53.83000000,72520,413281876.29000002,1.61000000,1.37000000,0.74000000,0.41000000,云南白药
2025-06-04,000538,54.62000000,54.29000000,54.65000000,54.16000000,69429,395466191.60000002,0.90000000,-0.60000000,-0.33000000,0.39000000,云南白药
2025-06-05,000538,54.39000000,53.75000000,54.55000000,53.75000000,67521,382590477.44000000,1.47000000,-0.99000000,-0.54000000,0.38000000,云南白药
2025-06-06,000538,53.80000000,54.00000000,54.13000000,53.75000000,49155,278034943.57999998,0.71000000,0.47000000,0.25000000,0.28000000,云南白药
2025-06-09,000538,54.00000000,54.12000000,54.44000000,53.99000000,62334,354308957.01999998,0.83000000,0.22000000,0.12000000,0.35000000,云南白药
2025-06-10,000538,54.22000000,54.00000000,54.31000000,53.80000000,57325,324748567.75000000,0.94000000,-0.22000000,-0.12000000,0.32000000,云南白药
2025-06-11,000538,54.04000000,54.39000000,54.60000000,53.90000000,59519,338656387.12000000,1.30000000,0.72000000,0.39000000,0.34000000,云南白药
2025-06-12,000538,54.38000000,54.41000000,54.48000000,54.20000000,47890,272761455.10000002,0.51000000,0.04000000,0.02000000,0.27000000,云南白药
2025-06-13,000538,54.40000000,53.90000000,54.60000000,53.86000000,73654,417459564.07999998,1.36000000,-0.94000000,-0.51000000,0.42000000,云南白药
2025-06-16,000538,53.89000000,53.27000000,54.17000000,53.23000000,84539,474636123.87000000,1.74000000,-1.17000000,-0.63000000,0.48000000,云南白药
2025-06-17,000538,53.40000000,52.95000000,53.60000000,52.74000000,72174,401351673.66000003,1.61000000,-0.60000000,-0.32000000,0.41000000,云南白药
2025-06-18,000538,52.93000000,52.68000000,53.10000000,52.65000000,48923,271060684.66000003,0.85000000,-0.51000000,-0.27000000,0.28000000,云南白药
2025-06-19,000538,52.77000000,52.43000000,52.85000000,52.21000000,51014,280786985.82999998,1.21000000,-0.47000000,-0.25000000,0.29000000,云南白药
2025-06-20,000538,52.43000000,52.43000000,52.79000000,52.30000000,52866,291474283.20999998,0.93000000,0.00000000,0.00000000,0.30000000,云南白药
2025-06-23,000538,52.44000000,52.42000000,52.60000000,52.06000000,51509,283083083.41000003,1.03000000,-0.02000000,-0.01000000,0.29000000,云南白药
2025-06-24,000538,52.60000000,52.80000000,53.08000000,52.52000000,71484,395985038.36000001,1.07000000,0.72000000,0.38000000,0.40000000,云南白药
2025-06-25,000538,52.95000000,53.26000000,53.38000000,52.78000000,60152,334680497.25000000,1.14000000,0.87000000,0.46000000,0.34000000,云南白药
2025-06-26,000538,53.39000000,53.73000000,53.78000000,53.26000000,71190,399440112.55000001,0.98000000,0.88000000,0.47000000,0.40000000,云南白药
2025-06-27,000538,53.70000000,53.28000000,53.72000000,53.15000000,56594,317029193.56000000,1.06000000,-0.84000000,-0.45000000,0.32000000,云南白药
2025-06-30,000538,53.20000000,53.19000000,53.28000000,52.92000000,57964,322691502.24000001,0.68000000,-0.17000000,-0.09000000,0.33000000,云南白药
2025-07-01,000538,53.19000000,53.17000000,53.33000000,53.02000000,42804,238615979.63000000,0.58000000,-0.04000000,-0.02000000,0.24000000,云南白药
2025-07-02,000538,53.17000000,52.98000000,53.35000000,52.90000000,54660,303999341.69999999,0.85000000,-0.36000000,-0.19000000,0.31000000,云南白药
2025-07-03,000538,53.03000000,53.22000000,53.23000000,52.71000000,49973,278179474.45999998,0.98000000,0.45000000,0.24000000,0.28000000,云南白药
2025-07-04,000538,53.20000000,53.19000000,53.31000000,52.80000000,55238,307573916.66000003,0.96000000,-0.06000000,-0.03000000,0.31000000,云南白药
2025-07-07,000538,53.22000000,53.02000000,53.23000000,52.90000000,35636,198242964.59999999,0.62000000,-0.32000000,-0.17000000,0.20000000,云南白药
2025-07-08,000538,53.02000000,53.36000000,53.52000000,53.01000000,59048,330094112.24000001,0.96000000,0.64000000,0.34000000,0.33000000,云南白药
2025-07-09,000538,53.30000000,53.44000000,53.65000000,53.10000000,47335,265241993.08000001,1.03000000,0.15000000,0.08000000,0.27000000,云南白药
2025-07-10,000538,53.44000000,53.40000000,53.51000000,53.26000000,48457,271267412.00000000,0.47000000,-0.07000000,-0.04000000,0.27000000,云南白药
2025-07-11,000538,53.49000000,53.47000000,53.85000000,53.41000000,77562,436329506.87000000,0.82000000,0.13000000,0.07000000,0.44000000,云南白药
2025-07-14,000538,53.47000000,53.39000000,53.58000000,53.26000000,59026,330382627.44000000,0.60000000,-0.15000000,-0.08000000,0.33000000,云南白药
2025-07-15,000538,53.41000000,53.00000000,53.47000000,52.78000000,69253,385598226.69999999,1.29000000,-0.73000000,-0.39000000,0.39000000,云南白药
2025-07-16,000538,53.00000000,53.31000000,53.44000000,52.90000000,54925,306359188.58999997,1.02000000,0.58000000,0.31000000,0.31000000,云南白药
2025-07-17,000538,53.31000000,53.62000000,53.83000000,53.31000000,63090,354422081.50999999,0.98000000,0.58000000,0.31000000,0.36000000,云南白药
2025-07-18,000538,53.62000000,53.63000000,53.74000000,53.24000000,69937,391802837.79000002,0.93000000,0.02000000,0.01000000,0.39000000,云南白药
2025-07-21,000538,53.62000000,53.57000000,53.64000000,53.42000000,66474,373064572.24000001,0.41000000,-0.11000000,-0.06000000,0.37000000,云南白药
2025-07-22,000538,53.57000000,53.91000000,53.99000000,53.50000000,131838,743233747.92999995,0.91000000,0.63000000,0.34000000,0.74000000,云南白药
2025-07-23,000538,54.03000000,53.93000000,54.34000000,53.92000000,103663,587929365.67999995,0.78000000,0.04000000,0.02000000,0.58000000,云南白药
2025-07-24,000538,53.97000000,54.44000000,54.49000000,53.75000000,102001,578960178.90999997,1.37000000,0.95000000,0.51000000,0.58000000,云南白药
2025-07-25,000538,54.50000000,53.93000000,54.64000000,53.93000000,87962,500362334.38000000,1.30000000,-0.94000000,-0.51000000,0.50000000,云南白药
2025-07-28,000538,53.95000000,53.90000000,54.19000000,53.74000000,76867,434704755.70999998,0.83000000,-0.06000000,-0.03000000,0.43000000,云南白药
2025-07-29,000538,53.91000000,53.22000000,53.95000000,52.98000000,166838,932420096.48000002,1.80000000,-1.26000000,-0.68000000,0.94000000,云南白药
2025-07-30,000538,53.24000000,54.82000000,55.62000000,53.16000000,280773,1607956184.41000009,4.62000000,3.01000000,1.60000000,1.58000000,云南白药
2025-07-31,000538,54.64000000,53.48000000,54.70000000,53.33000000,180769,1020791273.07000005,2.50000000,-2.44000000,-1.34000000,1.02000000,云南白药
2025-08-01,000538,53.48000000,53.69000000,54.68000000,53.48000000,131652,744947474.37000000,2.24000000,0.39000000,0.21000000,0.74000000,云南白药
2025-08-04,000538,53.74000000,53.51000000,54.06000000,53.21000000,123682,693000058.63000000,1.58000000,-0.34000000,-0.18000000,0.70000000,云南白药
2025-08-05,000538,53.51000000,53.58000000,53.62000000,53.41000000,81256,456017374.94000000,0.39000000,0.13000000,0.07000000,0.46000000,云南白药
2025-08-06,000538,53.58000000,53.36000000,53.75000000,53.21000000,129746,725930267.95000005,1.01000000,-0.41000000,-0.22000000,0.73000000,云南白药
2025-08-07,000538,53.40000000,53.24000000,53.47000000,53.21000000,84428,471868707.54000002,0.49000000,-0.22000000,-0.12000000,0.48000000,云南白药
2025-08-08,000538,53.24000000,53.29000000,53.42000000,53.15000000,65210,364330097.77999997,0.51000000,0.09000000,0.05000000,0.37000000,云南白药
2025-08-11,000538,53.32000000,53.41000000,53.44000000,53.16000000,74858,418581211.22000003,0.53000000,0.23000000,0.12000000,0.42000000,云南白药
2025-08-12,000538,53.43000000,53.35000000,53.60000000,53.25000000,76527,428656939.94000000,0.66000000,-0.11000000,-0.06000000,0.43000000,云南白药
2025-08-13,000538,53.41000000,53.40000000,53.52000000,53.23000000,92179,515940210.12000000,0.54000000,0.09000000,0.05000000,0.52000000,云南白药
2025-08-14,000538,53.41000000,53.28000000,53.77000000,53.27000000,117296,657943861.94000006,0.94000000,-0.22000000,-0.12000000,0.66000000,云南白药
2025-08-15,000538,53.28000000,53.36000000,53.36000000,52.90000000,115914,646027177.71000004,0.86000000,0.15000000,0.08000000,0.65000000,云南白药
2025-08-18,000538,53.78000000,54.24000000,54.49000000,53.61000000,202172,1146483913.66000009,1.65000000,1.65000000,0.88000000,1.14000000,云南白药
2025-08-19,000538,54.52000000,53.93000000,54.70000000,53.83000000,131386,746214037.70000005,1.60000000,-0.57000000,-0.31000000,0.74000000,云南白药
2025-08-20,000538,53.92000000,54.34000000,54.34000000,53.66000000,104814,593172610.59000003,1.26000000,0.76000000,0.41000000,0.59000000,云南白药
2025-08-21,000538,54.35000000,54.90000000,55.49000000,54.35000000,193000,1112313576.50000000,2.10000000,1.03000000,0.56000000,1.09000000,云南白药
2025-08-22,000538,54.89000000,55.04000000,55.05000000,54.48000000,145522,835121003.25000000,1.04000000,0.26000000,0.14000000,0.82000000,云南白药
2025-08-25,000538,55.38000000,55.39000000,55.40000000,54.90000000,161702,933939572.76999998,0.91000000,0.64000000,0.35000000,0.91000000,云南白药
2025-08-26,000538,55.53000000,55.23000000,55.59000000,55.05000000,107422,621611575.16999996,0.97000000,-0.29000000,-0.16000000,0.61000000,云南白药
2025-08-27,000538,55.33000000,54.30000000,55.37000000,54.30000000,131221,753619213.64999998,1.94000000,-1.68000000,-0.93000000,0.74000000,云南白药
2025-08-28,000538,54.30000000,54.57000000,54.58000000,53.72000000,126626,719096163.51999998,1.58000000,0.50000000,0.27000000,0.71000000,云南白药
2025-08-29,000538,54.57000000,54.98000000,55.67000000,54.47000000,181868,1050508671.09000003,2.20000000,0.75000000,0.41000000,1.03000000,云南白药
2025-09-01,000538,55.70000000,56.69000000,57.57000000,55.69000000,301538,1785376480.02999997,3.42000000,3.11000000,1.71000000,1.70000000,云南白药
2025-09-02,000538,56.74000000,57.09000000,57.69000000,56.38000000,199849,1193829007.88000011,2.31000000,0.71000000,0.40000000,1.13000000,云南白药
2025-09-03,000538,57.36000000,56.83000000,57.37000000,56.51000000,137790,819772892.08000004,1.51000000,-0.46000000,-0.26000000,0.78000000,云南白药
2025-09-04,000538,56.83000000,56.08000000,56.85000000,55.54000000,152671,897035488.60000002,2.31000000,-1.32000000,-0.75000000,0.86000000,云南白药
2025-09-05,000538,56.16000000,56.70000000,56.77000000,55.91000000,118948,701694720.23000002,1.53000000,1.11000000,0.62000000,0.67000000,云南白药
2025-09-08,000538,56.70000000,57.64000000,58.09000000,56.58000000,158141,950479150.58000004,2.66000000,1.66000000,0.94000000,0.89000000,云南白药
2025-09-09,000538,57.64000000,57.19000000,58.08000000,56.93000000,115189,691102429.34000003,2.00000000,-0.78000000,-0.45000000,0.65000000,云南白药
2025-09-10,000538,57.19000000,56.83000000,57.29000000,56.79000000,80658,480499294.72000003,0.87000000,-0.63000000,-0.36000000,0.45000000,云南白药
2025-09-11,000538,56.70000000,57.22000000,57.22000000,56.32000000,102695,609526442.35000002,1.58000000,0.69000000,0.39000000,0.58000000,云南白药
2025-09-12,000538,57.24000000,56.39000000,57.36000000,56.32000000,107492,637846190.09000003,1.82000000,-1.45000000,-0.83000000,0.61000000,云南白药
2025-09-15,000538,56.35000000,56.41000000,56.64000000,56.20000000,92117,542949947.83000004,0.78000000,0.04000000,0.02000000,0.52000000,云南白药
2025-09-16,000538,56.37000000,56.09000000,56.40000000,55.66000000,87639,513738111.12000000,1.31000000,-0.57000000,-0.32000000,0.49000000,云南白药
2025-09-17,000538,56.10000000,56.37000000,56.93000000,56.10000000,88449,521673752.05000001,1.48000000,0.50000000,0.28000000,0.50000000,云南白药
2025-09-18,000538,56.38000000,55.89000000,56.65000000,55.61000000,119656,702923296.26999998,1.84000000,-0.85000000,-0.48000000,0.67000000,云南白药
2025-09-19,000538,55.76000000,55.88000000,56.15000000,55.42000000,76315,445588831.94999999,1.31000000,-0.02000000,-0.01000000,0.43000000,云南白药
2025-09-22,000538,55.89000000,55.54000000,56.05000000,55.21000000,87033,505679133.25999999,1.50000000,-0.61000000,-0.34000000,0.49000000,云南白药
2025-09-23,000538,55.56000000,55.33000000,55.88000000,54.71000000,107911,623563265.62000000,2.11000000,-0.38000000,-0.21000000,0.61000000,云南白药
2025-09-24,000538,55.60000000,56.11000000,56.26000000,55.27000000,89336,512459608.25999999,1.79000000,1.41000000,0.78000000,0.50000000,云南白药
2025-09-25,000538,56.11000000,55.70000000,56.16000000,55.39000000,84603,484368847.49000001,1.37000000,-0.73000000,-0.41000000,0.48000000,云南白药
2025-09-26,000538,55.62000000,55.53000000,55.81000000,55.04000000,73415,418582683.44000000,1.38000000,-0.31000000,-0.17000000,0.41000000,云南白药
2025-09-29,000538,55.60000000,55.78000000,55.92000000,55.05000000,83814,477691523.91000003,1.57000000,0.45000000,0.25000000,0.47000000,云南白药
2025-09-30,000538,55.78000000,55.17000000,55.80000000,55.17000000,78820,448363513.25999999,1.13000000,-1.09000000,-0.61000000,0.44000000,云南白药
2025-10-09,000538,55.20000000,55.76000000,55.77000000,54.60000000,116148,659843031.70000005,2.12000000,1.07000000,0.59000000,0.66000000,云南白药
2025-10-10,000538,55.79000000,55.75000000,56.26000000,55.52000000,93191,535409000.51999998,1.33000000,-0.02000000,-0.01000000,0.53000000,云南白药
2025-10-13,000538,54.98000000,55.17000000,55.42000000,54.97000000,93711,531515089.47000003,0.81000000,-1.04000000,-0.58000000,0.53000000,云南白药
2025-10-14,000538,55.18000000,55.54000000,56.17000000,54.98000000,123377,704860427.12000000,2.16000000,0.67000000,0.37000000,0.70000000,云南白药
2025-10-15,000538,55.54000000,55.61000000,55.90000000,55.19000000,96937,553320413.25000000,1.28000000,0.13000000,0.07000000,0.55000000,云南白药
2025-10-16,000538,55.54000000,56.13000000,56.28000000,55.42000000,98759,568793922.98000002,1.55000000,0.94000000,0.52000000,0.56000000,云南白药
2025-10-17,000538,56.08000000,55.48000000,56.37000000,55.42000000,89558,514518490.94000000,1.69000000,-1.16000000,-0.65000000,0.51000000,云南白药
2025-10-20,000538,55.62000000,55.05000000,55.76000000,54.87000000,97993,555564978.28999996,1.60000000,-0.78000000,-0.43000000,0.55000000,云南白药
2025-10-21,000538,55.07000000,55.04000000,55.24000000,54.92000000,74189,420080724.56000000,0.58000000,-0.02000000,-0.01000000,0.42000000,云南白药
2025-10-22,000538,55.00000000,54.87000000,55.12000000,54.70000000,72297,408225229.42000002,0.76000000,-0.31000000,-0.17000000,0.41000000,云南白药
2025-10-23,000538,54.80000000,54.99000000,54.99000000,54.63000000,55481,312830608.50999999,0.66000000,0.22000000,0.12000000,0.31000000,云南白药
2025-10-24,000538,54.98000000,54.78000000,55.07000000,54.73000000,68061,384218455.38999999,0.62000000,-0.38000000,-0.21000000,0.38000000,云南白药
2025-10-27,000538,54.81000000,54.89000000,55.02000000,54.71000000,78325,442309961.26999998,0.57000000,0.20000000,0.11000000,0.44000000,云南白药
2025-10-28,000538,54.97000000,54.52000000,54.99000000,54.50000000,100091,563392731.87000000,0.89000000,-0.67000000,-0.37000000,0.56000000,云南白药
2025-10-29,000538,54.52000000,54.77000000,54.77000000,54.42000000,58291,327239567.27999997,0.64000000,0.46000000,0.25000000,0.33000000,云南白药
2025-10-30,000538,54.82000000,54.90000000,55.30000000,54.59000000,107741,609326392.40999997,1.30000000,0.24000000,0.13000000,0.61000000,云南白药
2025-10-31,000538,54.62000000,55.08000000,55.28000000,54.32000000,138536,781632370.85000002,1.75000000,0.33000000,0.18000000,0.78000000,云南白药
2025-11-03,000538,55.17000000,54.78000000,55.33000000,54.70000000,106511,601437305.85000002,1.14000000,-0.54000000,-0.30000000,0.60000000,云南白药
2025-11-04,000538,54.78000000,54.35000000,54.80000000,54.28000000,91988,515825500.69999999,0.95000000,-0.78000000,-0.43000000,0.52000000,云南白药
2025-11-05,000538,54.31000000,54.29000000,54.36000000,54.02000000,61624,343937640.85000002,0.63000000,-0.11000000,-0.06000000,0.35000000,云南白药
2025-11-06,000538,54.32000000,54.30000000,54.49000000,54.16000000,63661,356021978.72000003,0.61000000,0.02000000,0.01000000,0.36000000,云南白药
2025-11-07,000538,54.26000000,54.45000000,54.72000000,54.13000000,71224,399290983.06000000,1.09000000,0.28000000,0.15000000,0.40000000,云南白药
2025-11-10,000538,54.49000000,55.70000000,55.81000000,54.38000000,146924,834808208.07000005,2.63000000,2.30000000,1.25000000,0.83000000,云南白药
2025-11-11,000538,55.51000000,55.64000000,55.67000000,55.32000000,68822,392927064.10000002,0.63000000,-0.11000000,-0.06000000,0.39000000,云南白药
2025-11-12,000538,55.72000000,55.54000000,56.08000000,55.50000000,82646,473398518.50999999,1.04000000,-0.18000000,-0.10000000,0.47000000,云南白药
2025-11-13,000538,55.60000000,55.48000000,55.67000000,55.13000000,82841,471252805.95999998,0.97000000,-0.11000000,-0.06000000,0.47000000,云南白药
2025-11-14,000538,55.32000000,55.08000000,55.86000000,55.08000000,83635,476866549.14999998,1.41000000,-0.72000000,-0.40000000,0.47000000,云南白药
2025-11-17,000538,55.08000000,54.76000000,55.22000000,54.57000000,79901,450276966.85000002,1.18000000,-0.58000000,-0.32000000,0.45000000,云南白药
2025-11-18,000538,54.67000000,54.81000000,55.12000000,54.67000000,59230,334172204.94000000,0.82000000,0.09000000,0.05000000,0.33000000,云南白药
2025-11-19,000538,54.85000000,54.82000000,55.06000000,54.67000000,56061,316426432.24000001,0.71000000,0.02000000,0.01000000,0.32000000,云南白药
2025-11-20,000538,54.78000000,54.46000000,55.04000000,54.43000000,76524,431129993.67000002,1.11000000,-0.66000000,-0.36000000,0.43000000,云南白药
2025-11-21,000538,54.32000000,54.08000000,54.57000000,53.82000000,105869,590498529.49000001,1.38000000,-0.70000000,-0.38000000,0.60000000,云南白药
2025-11-24,000538,54.13000000,54.07000000,54.29000000,54.04000000,65033,362490661.94999999,0.46000000,-0.02000000,-0.01000000,0.37000000,云南白药
2025-11-25,000538,54.19000000,54.26000000,54.36000000,54.00000000,55425,309053463.35000002,0.67000000,0.35000000,0.19000000,0.31000000,云南白药
2025-11-26,000538,54.30000000,54.40000000,54.57000000,54.30000000,57182,320507225.87000000,0.50000000,0.26000000,0.14000000,0.32000000,云南白药
2025-11-27,000538,54.58000000,54.49000000,54.63000000,54.42000000,42925,240748200.49000001,0.39000000,0.17000000,0.09000000,0.24000000,云南白药
2025-11-28,000538,54.50000000,54.48000000,54.57000000,54.42000000,42968,240955749.44000000,0.28000000,-0.02000000,-0.01000000,0.24000000,云南白药
2025-12-01,000538,54.48000000,54.00000000,54.48000000,53.82000000,163943,911078235.44000006,1.21000000,-0.88000000,-0.48000000,0.92000000,云南白药
2025-12-02,000538,54.00000000,53.80000000,54.17000000,53.73000000,86893,482644644.69999999,0.81000000,-0.37000000,-0.20000000,0.49000000,云南白药
2025-12-03,000538,53.80000000,54.13000000,54.23000000,53.79000000,66667,370660474.16000003,0.82000000,0.61000000,0.33000000,0.38000000,云南白药
2025-12-04,000538,54.17000000,54.15000000,54.31000000,54.04000000,46609,259927573.36000001,0.50000000,0.04000000,0.02000000,0.26000000,云南白药
2025-12-05,000538,54.15000000,54.35000000,54.37000000,54.05000000,47248,263656139.78000000,0.59000000,0.37000000,0.20000000,0.27000000,云南白药
2025-12-08,000538,54.35000000,54.52000000,54.59000000,54.32000000,54924,307913473.26999998,0.50000000,0.31000000,0.17000000,0.31000000,云南白药
2025-12-09,000538,54.52000000,54.03000000,54.57000000,54.02000000,53239,296844491.30000001,1.01000000,-0.90000000,-0.49000000,0.30000000,云南白药
2025-12-10,000538,54.03000000,54.15000000,54.17000000,53.82000000,48569,269782720.00000000,0.65000000,0.22000000,0.12000000,0.27000000,云南白药
2025-12-11,000538,54.07000000,54.22000000,54.49000000,54.03000000,53555,299206887.30000001,0.85000000,0.13000000,0.07000000,0.30000000,云南白药
2025-12-12,000538,54.27000000,54.25000000,54.30000000,54.06000000,55186,307728185.26999998,0.44000000,0.06000000,0.03000000,0.31000000,云南白药
2025-12-15,000538,54.22000000,54.28000000,54.39000000,54.05000000,44542,248744901.83000001,0.63000000,0.06000000,0.03000000,0.25000000,云南白药
2025-12-16,000538,54.25000000,54.31000000,54.36000000,54.03000000,52470,292735096.62000000,0.61000000,0.06000000,0.03000000,0.30000000,云南白药
2025-12-17,000538,54.31000000,54.62000000,54.63000000,54.10000000,65459,366821521.22000003,0.98000000,0.57000000,0.31000000,0.37000000,云南白药
2025-12-18,000538,54.57000000,55.07000000,55.22000000,54.51000000,71649,405221955.24000001,1.30000000,0.82000000,0.45000000,0.40000000,云南白药
2025-12-19,000538,55.12000000,54.95000000,55.17000000,54.90000000,49451,279799588.81999999,0.49000000,-0.22000000,-0.12000000,0.28000000,云南白药
2025-12-22,000538,54.95000000,54.97000000,55.26000000,54.84000000,65816,372564371.37000000,0.76000000,0.04000000,0.02000000,0.37000000,云南白药
2025-12-23,000538,54.99000000,54.61000000,55.10000000,54.60000000,66783,376433546.76999998,0.91000000,-0.65000000,-0.36000000,0.38000000,云南白药
2025-12-24,000538,54.62000000,54.92000000,55.08000000,54.53000000,59190,334196891.93000001,1.01000000,0.57000000,0.31000000,0.33000000,云南白药
2025-12-25,000538,54.92000000,55.18000000,55.20000000,54.92000000,45601,258594968.16999999,0.51000000,0.47000000,0.26000000,0.26000000,云南白药
2025-12-26,000538,55.18000000,55.12000000,55.30000000,54.97000000,49912,283068987.32999998,0.60000000,-0.11000000,-0.06000000,0.28000000,云南白药
2025-12-29,000538,55.10000000,55.11000000,55.27000000,54.99000000,61052,346318574.20999998,0.51000000,-0.02000000,-0.01000000,0.34000000,云南白药
2025-12-30,000538,55.11000000,55.36000000,55.40000000,55.01000000,57731,328169457.16000003,0.71000000,0.45000000,0.25000000,0.33000000,云南白药
2025-12-31,000538,55.37000000,55.18000000,55.47000000,55.08000000,45360,257861733.97999999,0.70000000,-0.33000000,-0.18000000,0.26000000,云南白药
2026-01-05,000538,55.18000000,55.74000000,55.76000000,54.84000000,112757,642596514.52999997,1.67000000,1.01000000,0.56000000,0.64000000,云南白药
2026-01-06,000538,55.74000000,55.81000000,55.85000000,55.48000000,89366,512273039.62000000,0.66000000,0.13000000,0.07000000,0.50000000,云南白药
2026-01-07,000538,55.84000000,55.75000000,56.07000000,55.52000000,81450,467514500.66000003,0.99000000,-0.11000000,-0.06000000,0.46000000,云南白药
2026-01-08,000538,55.71000000,55.63000000,55.79000000,55.44000000,76546,437641729.57999998,0.63000000,-0.22000000,-0.12000000,0.43000000,云南白药
2026-01-09,000538,55.60000000,55.74000000,55.87000000,55.45000000,70823,405564392.67000002,0.75000000,0.20000000,0.11000000,0.40000000,云南白药
2026-01-12,000538,55.74000000,55.32000000,55.81000000,55.26000000,114807,654669434.11000001,0.99000000,-0.75000000,-0.42000000,0.65000000,云南白药
2026-01-13,000538,55.32000000,55.55000000,55.92000000,55.18000000,104493,597778240.76999998,1.34000000,0.42000000,0.23000000,0.59000000,云南白药
2026-01-14,000538,55.52000000,55.06000000,55.62000000,54.88000000,118192,672179058.14999998,1.33000000,-0.88000000,-0.49000000,0.67000000,云南白药
2026-01-15,000538,54.93000000,54.84000000,55.24000000,54.84000000,72459,409993447.39999998,0.73000000,-0.40000000,-0.22000000,0.41000000,云南白药
2026-01-16,000538,55.02000000,54.62000000,55.07000000,54.53000000,90124,507397846.13999999,0.98000000,-0.40000000,-0.22000000,0.51000000,云南白药
2026-01-19,000538,54.61000000,54.64000000,54.89000000,54.42000000,79084,444338248.54000002,0.86000000,0.04000000,0.02000000,0.45000000,云南白药
2026-01-20,000538,54.65000000,55.61000000,55.70000000,54.64000000,136010,774667499.09000003,1.94000000,1.78000000,0.97000000,0.77000000,云南白药
2026-01-21,000538,55.52000000,55.12000000,55.65000000,54.98000000,99901,567916998.13999999,1.20000000,-0.88000000,-0.49000000,0.56000000,云南白药
2026-01-22,000538,55.18000000,55.07000000,55.23000000,55.02000000,69320,393094115.12000000,0.38000000,-0.09000000,-0.05000000,0.39000000,云南白药
2026-01-23,000538,55.10000000,54.57000000,55.10000000,54.33000000,133226,748755288.12000000,1.40000000,-0.91000000,-0.50000000,0.75000000,云南白药
2026-01-26,000538,54.55000000,54.59000000,54.89000000,54.34000000,109237,614246407.90999997,1.01000000,0.04000000,0.02000000,0.62000000,云南白药
2026-01-27,000538,54.69000000,55.10000000,55.10000000,54.08000000,131607,736477709.88000000,1.87000000,0.93000000,0.51000000,0.74000000,云南白药
2026-01-28,000538,54.42000000,54.04000000,54.42000000,53.99000000,124639,694445324.98000002,0.78000000,-1.92000000,-1.06000000,0.70000000,云南白药
2026-01-29,000538,53.98000000,54.52000000,54.75000000,53.42000000,164075,910796154.69000006,2.46000000,0.89000000,0.48000000,0.93000000,云南白药
2026-01-30,000538,54.32000000,54.03000000,54.61000000,53.83000000,90435,504812548.00000000,1.43000000,-0.90000000,-0.49000000,0.51000000,云南白药
2026-02-02,000538,53.87000000,53.93000000,54.60000000,53.84000000,89429,499183119.32999998,1.41000000,-0.19000000,-0.10000000,0.50000000,云南白药
2026-02-03,000538,53.97000000,54.42000000,54.42000000,53.81000000,69090,384052015.17000002,1.13000000,0.91000000,0.49000000,0.39000000,云南白药
2026-02-04,000538,54.22000000,54.77000000,54.83000000,54.07000000,84254,473518658.20999998,1.40000000,0.64000000,0.35000000,0.48000000,云南白药
2026-02-05,000538,54.87000000,55.55000000,55.78000000,54.74000000,143500,818244390.40999997,1.90000000,1.42000000,0.78000000,0.81000000,云南白药
2026-02-06,000538,56.42000000,55.42000000,56.62000000,55.41000000,130480,748916316.30999994,2.18000000,-0.23000000,-0.13000000,0.74000000,云南白药
2026-02-09,000538,55.22000000,55.75000000,55.77000000,55.13000000,89564,511301629.10000002,1.15000000,0.60000000,0.33000000,0.51000000,云南白药
2026-02-10,000538,55.75000000,55.67000000,55.89000000,55.43000000,63534,363599493.45999998,0.83000000,-0.14000000,-0.08000000,0.36000000,云南白药
2026-02-11,000538,55.67000000,55.63000000,55.87000000,55.52000000,47227,270260640.52999997,0.63000000,-0.07000000,-0.04000000,0.27000000,云南白药
2026-02-12,000538,55.53000000,55.16000000,55.57000000,54.81000000,74584,422598420.88999999,1.37000000,-0.84000000,-0.47000000,0.42000000,云南白药
2026-02-13,000538,55.16000000,54.92000000,55.64000000,54.88000000,62640,355946661.99000001,1.38000000,-0.44000000,-0.24000000,0.35000000,云南白药
2026-02-24,000538,54.91000000,55.03000000,55.26000000,54.71000000,57988,327873510.37000000,1.00000000,0.20000000,0.11000000,0.33000000,云南白药
2026-02-25,000538,55.04000000,54.96000000,55.27000000,54.81000000,59233,335494272.47000003,0.84000000,-0.13000000,-0.07000000,0.33000000,云南白药
2026-02-26,000538,54.96000000,54.67000000,55.07000000,54.58000000,53432,300989766.13999999,0.89000000,-0.53000000,-0.29000000,0.30000000,云南白药
2026-02-27,000538,54.61000000,54.47000000,54.82000000,54.42000000,59054,331962008.14999998,0.73000000,-0.37000000,-0.20000000,0.33000000,云南白药
2026-03-02,000538,54.22000000,54.43000000,54.61000000,53.92000000,71480,399684791.52999997,1.27000000,-0.07000000,-0.04000000,0.40000000,云南白药
2026-03-03,000538,54.42000000,54.37000000,54.97000000,54.35000000,86848,488009823.27999997,1.14000000,-0.11000000,-0.06000000,0.49000000,云南白药
2026-03-04,000538,54.20000000,53.85000000,54.25000000,53.45000000,106266,588421047.52999997,1.47000000,-0.96000000,-0.52000000,0.60000000,云南白药
2026-03-05,000538,54.01000000,54.31000000,54.35000000,53.82000000,60590,337466024.49000001,0.98000000,0.85000000,0.46000000,0.34000000,云南白药
2026-03-06,000538,54.22000000,54.57000000,54.59000000,54.14000000,54666,306303288.31000000,0.83000000,0.48000000,0.26000000,0.31000000,云南白药
2026-03-09,000538,54.31000000,54.64000000,55.25000000,54.12000000,89356,503687434.25000000,2.07000000,0.13000000,0.07000000,0.50000000,云南白药
2026-03-10,000538,54.82000000,54.92000000,54.94000000,54.52000000,63550,358006368.26999998,0.77000000,0.51000000,0.28000000,0.36000000,云南白药
2026-03-11,000538,54.92000000,55.12000000,55.18000000,54.58000000,59677,337513629.93000001,1.09000000,0.36000000,0.20000000,0.34000000,云南白药
2026-03-12,000538,55.08000000,54.72000000,55.22000000,54.55000000,83462,470558942.02999997,1.22000000,-0.73000000,-0.40000000,0.47000000,云南白药
2026-03-13,000538,54.68000000,54.72000000,55.00000000,54.59000000,46696,263168619.28000000,0.75000000,0.00000000,0.00000000,0.26000000,云南白药
2026-03-16,000538,54.62000000,55.21000000,55.37000000,54.52000000,71426,404407275.16000003,1.55000000,0.90000000,0.49000000,0.40000000,云南白药
2026-03-17,000538,55.30000000,55.51000000,55.72000000,55.07000000,88264,504234900.13999999,1.18000000,0.54000000,0.30000000,0.50000000,云南白药
2026-03-18,000538,55.49000000,55.28000000,55.52000000,54.94000000,52132,295741003.04000002,1.04000000,-0.41000000,-0.23000000,0.29000000,云南白药
2026-03-19,000538,55.12000000,55.15000000,55.50000000,54.97000000,58299,331528570.69000000,0.96000000,-0.24000000,-0.13000000,0.33000000,云南白药
2026-03-20,000538,55.22000000,55.16000000,55.79000000,55.13000000,86200,492408775.00999999,1.20000000,0.02000000,0.01000000,0.49000000,云南白药
2026-03-23,000538,54.48000000,53.36000000,54.53000000,53.10000000,157656,873133502.00000000,2.59000000,-3.26000000,-1.80000000,0.89000000,云南白药
2026-03-24,000538,53.86000000,53.91000000,54.09000000,53.28000000,65734,363775958.24000001,1.52000000,1.03000000,0.55000000,0.37000000,云南白药
2026-03-25,000538,54.11000000,53.81000000,54.12000000,53.70000000,52059,288784212.08999997,0.78000000,-0.19000000,-0.10000000,0.29000000,云南白药
2026-03-26,000538,53.82000000,52.68000000,53.96000000,52.64000000,92618,507810276.85000002,2.45000000,-2.10000000,-1.13000000,0.52000000,云南白药
2026-03-27,000538,52.42000000,52.82000000,52.87000000,52.32000000,57628,312696918.88999999,1.04000000,0.27000000,0.14000000,0.33000000,云南白药
2026-03-30,000538,52.46000000,53.17000000,53.17000000,52.33000000,54503,296589890.14999998,1.59000000,0.66000000,0.35000000,0.31000000,云南白药
2026-03-31,000538,53.23000000,53.28000000,53.85000000,53.22000000,55069,303352204.11000001,1.18000000,0.21000000,0.11000000,0.31000000,云南白药
2026-04-01,000538,54.15000000,53.99000000,54.50000000,53.73000000,93038,517764122.85000002,1.45000000,1.33000000,0.71000000,0.52000000,云南白药
2026-04-02,000538,54.03000000,55.20000000,55.38000000,53.92000000,136154,769457671.97000003,2.70000000,2.24000000,1.21000000,0.77000000,云南白药
2026-04-03,000538,55.05000000,54.88000000,55.62000000,54.74000000,74177,420336953.58999997,1.59000000,-0.58000000,-0.32000000,0.42000000,云南白药
2026-04-07,000538,54.75000000,54.33000000,54.88000000,53.92000000,59108,330501620.80000001,1.75000000,-1.00000000,-0.55000000,0.33000000,云南白药
2026-04-08,000538,54.42000000,54.36000000,54.62000000,54.22000000,74008,413979737.26999998,0.74000000,0.06000000,0.03000000,0.42000000,云南白药
2026-04-09,000538,54.25000000,53.52000000,54.31000000,53.48000000,68577,379540351.26999998,1.53000000,-1.55000000,-0.84000000,0.39000000,云南白药
2026-04-10,000538,53.53000000,53.34000000,53.65000000,53.30000000,75831,417209135.97000003,0.65000000,-0.34000000,-0.18000000,0.43000000,云南白药
2026-04-13,000538,53.23000000,53.15000000,53.31000000,52.82000000,71548,390626718.94999999,0.92000000,-0.36000000,-0.19000000,0.40000000,云南白药
2026-04-14,000538,53.40000000,53.47000000,53.49000000,53.13000000,52725,289644477.06999999,0.68000000,0.60000000,0.32000000,0.30000000,云南白药
2026-04-15,000538,53.69000000,54.14000000,54.23000000,53.56000000,78297,434587034.29000002,1.25000000,1.25000000,0.67000000,0.44000000,云南白药
2026-04-16,000538,54.10000000,53.94000000,54.14000000,53.75000000,49073,272295379.07999998,0.72000000,-0.37000000,-0.20000000,0.28000000,云南白药
2026-04-17,000538,53.82000000,53.71000000,54.10000000,53.54000000,66866,370502852.26999998,1.04000000,-0.43000000,-0.23000000,0.38000000,云南白药
2026-04-20,000538,53.61000000,53.42000000,53.76000000,53.42000000,67312,371071142.80000001,0.63000000,-0.54000000,-0.29000000,0.38000000,云南白药
2026-04-21,000538,53.42000000,53.48000000,53.63000000,53.32000000,44213,243331725.91999999,0.58000000,0.11000000,0.06000000,0.25000000,云南白药
2026-04-22,000538,53.48000000,52.90000000,53.48000000,52.88000000,84748,463438720.93000001,1.12000000,-1.08000000,-0.58000000,0.48000000,云南白药
2026-04-23,000538,52.88000000,52.70000000,53.07000000,52.66000000,65981,358767991.08999997,0.78000000,-0.38000000,-0.20000000,0.37000000,云南白药
2026-04-24,000538,52.87000000,52.85000000,53.05000000,52.70000000,73852,402022552.72000003,0.66000000,0.28000000,0.15000000,0.42000000,云南白药
2026-04-27,000538,52.85000000,52.71000000,52.87000000,52.44000000,74765,405598179.98000002,0.81000000,-0.26000000,-0.14000000,0.42000000,云南白药
2026-04-28,000538,52.72000000,53.26000000,53.27000000,52.62000000,100253,546035405.28999996,1.23000000,1.04000000,0.55000000,0.57000000,云南白药
2026-04-29,000538,52.92000000,53.05000000,53.21000000,52.64000000,86083,469866637.99000001,1.07000000,-0.39000000,-0.21000000,0.49000000,云南白药
2026-04-30,000538,53.78000000,53.05000000,53.78000000,53.03000000,148203,789561909.23000002,1.41000000,0.00000000,0.00000000,0.84000000,云南白药
2026-05-06,000538,53.06000000,52.65000000,53.07000000,52.61000000,123360,651142616.78999996,0.87000000,-0.75000000,-0.40000000,0.70000000,云南白药
2026-05-07,000538,52.70000000,52.60000000,52.93000000,52.59000000,79481,418448486.20999998,0.65000000,-0.09000000,-0.05000000,0.45000000,云南白药
2026-05-08,000538,52.61000000,52.62000000,52.67000000,52.53000000,71386,375449084.06000000,0.27000000,0.04000000,0.02000000,0.40000000,云南白药
2026-05-11,000538,52.62000000,52.62000000,52.85000000,52.48000000,104575,550281968.90999997,0.70000000,0.00000000,0.00000000,0.59000000,云南白药
2026-05-12,000538,52.64000000,51.81000000,52.89000000,51.81000000,98718,517276121.14999998,2.05000000,-1.54000000,-0.81000000,0.56000000,云南白药
2026-05-13,000538,52.05000000,51.65000000,52.09000000,51.56000000,102335,529688935.79000002,1.02000000,-0.31000000,-0.16000000,0.58000000,云南白药
2026-05-14,000538,51.66000000,51.50000000,51.89000000,51.36000000,71556,368860474.72000003,1.03000000,-0.29000000,-0.15000000,0.40000000,云南白药
2026-05-15,000538,51.40000000,50.90000000,51.50000000,50.80000000,79492,406401355.06000000,1.36000000,-1.17000000,-0.60000000,0.45000000,云南白药
2026-05-18,000538,50.91000000,50.86000000,50.99000000,50.65000000,50957,258647364.44999999,0.67000000,-0.08000000,-0.04000000,0.29000000,云南白药
2026-05-19,000538,50.72000000,50.88000000,51.23000000,50.72000000,57211,291408377.88000000,1.00000000,0.04000000,0.02000000,0.32000000,云南白药
2026-05-20,000538,50.84000000,50.78000000,51.06000000,50.68000000,47689,242625090.13000000,0.75000000,-0.20000000,-0.10000000,0.27000000,云南白药
2026-05-21,000538,50.86000000,50.13000000,50.88000000,50.12000000,68305,345547449.38999999,1.50000000,-1.28000000,-0.65000000,0.39000000,云南白药
2026-05-22,000538,50.16000000,49.80000000,50.25000000,49.80000000,63073,314679699.86000001,0.90000000,-0.66000000,-0.33000000,0.36000000,云南白药
2026-05-25,000538,49.74000000,49.47000000,49.90000000,49.33000000,60099,297899793.30000001,1.14000000,-0.66000000,-0.33000000,0.34000000,云南白药
2026-05-26,000538,49.32000000,48.85000000,49.73000000,48.66000000,90181,442285282.58999997,2.16000000,-1.25000000,-0.62000000,0.51000000,云南白药
2026-05-27,000538,48.87000000,49.73000000,49.80000000,48.02000000,126707,617384980.22000003,3.64000000,1.80000000,0.88000000,0.71000000,云南白药
2026-05-28,000538,49.08000000,48.82000000,49.87000000,48.74000000,101725,500714218.07999998,2.27000000,-1.83000000,-0.91000000,0.57000000,云南白药
2026-05-29,000538,48.99000000,49.94000000,50.11000000,48.86000000,174668,866198960.69000006,2.56000000,2.29000000,1.12000000,0.99000000,云南白药
2026-06-01,000538,49.98000000,49.82000000,50.09000000,49.41000000,110359,548600965.92999995,1.36000000,-0.24000000,-0.12000000,0.62000000,云南白药
2026-06-02,000538,49.80000000,49.46000000,50.43000000,49.32000000,98446,489977560.23000002,2.23000000,-0.72000000,-0.36000000,0.56000000,云南白药
2026-06-03,000538,49.46000000,49.15000000,49.46000000,48.74000000,88439,433204778.08999997,1.46000000,-0.63000000,-0.31000000,0.50000000,云南白药
2026-06-04,000538,49.13000000,48.60000000,49.45000000,48.46000000,72248,352907956.77999997,2.01000000,-1.12000000,-0.55000000,0.41000000,云南白药
2026-06-05,000538,48.60000000,48.81000000,49.48000000,48.60000000,94071,461177306.72000003,1.81000000,0.43000000,0.21000000,0.53000000,云南白药
2026-06-08,000538,48.90000000,49.50000000,49.76000000,48.72000000,109996,542515056.12000000,2.13000000,1.41000000,0.69000000,0.62000000,云南白药
2026-06-09,000538,49.19000000,49.42000000,50.00000000,49.15000000,78102,387658630.66000003,1.72000000,-0.16000000,-0.08000000,0.44000000,云南白药
2026-06-10,000538,49.38000000,50.14000000,50.26000000,49.30000000,88843,443869651.17000002,1.94000000,1.46000000,0.72000000,0.50000000,云南白药
2026-06-11,000538,50.05000000,50.55000000,50.71000000,49.80000000,90093,453788891.39999998,1.81000000,0.82000000,0.41000000,0.51000000,云南白药
2026-06-12,000538,50.52000000,50.60000000,51.28000000,50.10000000,136998,694467764.15999997,2.33000000,0.10000000,0.05000000,0.77000000,云南白药
2026-06-15,000538,50.62000000,50.15000000,50.62000000,49.70000000,111859,559754614.24000001,1.82000000,-0.89000000,-0.45000000,0.63000000,云南白药
2026-06-16,000538,49.90000000,49.41000000,50.04000000,49.41000000,60471,300036342.24000001,1.26000000,-1.48000000,-0.74000000,0.34000000,云南白药
2026-06-17,000538,49.42000000,48.91000000,49.45000000,48.85000000,60550,297028520.31000000,1.21000000,-1.01000000,-0.50000000,0.34000000,云南白药
2026-06-18,000538,48.90000000,48.43000000,49.05000000,48.43000000,76871,374332611.94000000,1.27000000,-0.98000000,-0.48000000,0.43000000,云南白药
2026-06-22,000538,48.33000000,48.66000000,48.73000000,47.46000000,120381,577585361.70000005,2.62000000,0.47000000,0.23000000,0.68000000,云南白药
2026-06-23,000538,48.56000000,48.53000000,49.47000000,48.32000000,111032,542371302.02999997,2.36000000,-0.27000000,-0.13000000,0.63000000,云南白药
2026-06-24,000538,48.53000000,47.63000000,49.20000000,47.49000000,106679,514086273.92000002,3.52000000,-1.85000000,-0.90000000,0.60000000,云南白药
2026-06-25,000538,47.48000000,47.15000000,47.69000000,46.64000000,106196,499966548.81999999,2.20000000,-1.01000000,-0.48000000,0.60000000,云南白药
2026-06-26,000538,47.14000000,47.00000000,47.48000000,46.67000000,76740,361281011.73000002,1.72000000,-0.32000000,-0.15000000,0.43000000,云南白药
2026-06-29,000538,46.93000000,48.53000000,48.57000000,46.29000000,133541,639157510.38999999,4.85000000,3.26000000,1.53000000,0.75000000,云南白药
2026-06-30,000538,48.48000000,47.37000000,48.65000000,47.27000000,95586,455661605.80000001,2.84000000,-2.39000000,-1.16000000,0.54000000,云南白药
2026-07-01,000538,47.40000000,47.97000000,48.06000000,46.93000000,85014,405083751.50999999,2.39000000,1.27000000,0.60000000,0.48000000,云南白药
2026-07-02,000538,48.00000000,48.76000000,49.18000000,47.81000000,118977,576605738.58000004,2.86000000,1.65000000,0.79000000,0.67000000,云南白药
2026-07-03,000538,48.92000000,48.86000000,49.39000000,48.42000000,86485,422418935.92000002,1.99000000,0.21000000,0.10000000,0.49000000,云南白药
