trade_date,ts_code,open,close,high,low,volume,amount,amplitude_pct,pct_change,price_change,turnover_rate,stock_name
2015-02-17,300394,-0.47000000,-0.05000000,-0.05000000,-0.47000000,,112.00000000,-840.00000000,,,,天孚通信
2015-02-25,300394,0.20000000,0.20000000,0.20000000,0.20000000,,43.00000000,0.00000000,-500.00000000,0.25000000,,天孚通信
2015-02-26,300394,0.47000000,0.47000000,0.47000000,0.47000000,,28.00000000,0.00000000,135.00000000,0.27000000,,天孚通信
2015-02-27,300394,0.77000000,0.77000000,0.77000000,0.77000000,,56.00000000,0.00000000,63.82978723,0.30000000,,天孚通信
2015-03-02,300394,1.10000000,1.10000000,1.10000000,1.10000000,,215.00000000,0.00000000,42.85714286,0.33000000,,天孚通信
2015-03-03,300394,1.47000000,1.47000000,1.47000000,1.47000000,,1735.49000000,0.00000000,33.63636364,0.37000000,,天孚通信
2015-03-04,300394,1.87000000,1.87000000,1.87000000,1.75000000,,26286.62000000,6.41711230,27.21088435,0.40000000,,天孚通信
2015-03-05,300394,2.15000000,2.31000000,2.31000000,2.03000000,,22472.58000000,12.12121212,23.52941176,0.44000000,,天孚通信
2015-03-06,300394,2.80000000,2.49000000,2.80000000,2.40000000,,91850.96000000,16.06425703,7.79220779,0.18000000,,天孚通信
2015-03-09,300394,1.99000000,2.06000000,2.19000000,1.99000000,,55449.89000000,9.70873786,-17.26907631,-0.43000000,,天孚通信
2015-03-10,300394,1.98000000,2.11000000,2.22000000,1.90000000,,37383.55000000,15.16587678,2.42718447,0.05000000,,天孚通信
2015-03-11,300394,2.06000000,2.06000000,2.18000000,1.99000000,,32839.51000000,9.22330097,-2.36966825,-0.05000000,,天孚通信
2015-03-12,300394,2.07000000,1.82000000,2.13000000,1.80000000,,33259.75000000,18.13186813,-11.65048544,-0.24000000,,天孚通信
2015-03-13,300394,1.84000000,1.99000000,2.02000000,1.83000000,,21202.86000000,9.54773869,9.34065934,0.17000000,,天孚通信
2015-03-16,300394,2.08000000,2.16000000,2.28000000,2.03000000,,28207.36000000,11.57407407,8.54271357,0.17000000,,天孚通信
2015-03-17,300394,2.15000000,2.16000000,2.27000000,2.11000000,,31926.38000000,7.40740741,0.00000000,0.00000000,,天孚通信
2015-03-18,300394,2.14000000,2.33000000,2.41000000,2.12000000,,31336.24000000,12.44635193,7.87037037,0.17000000,,天孚通信
2015-03-19,300394,2.34000000,2.41000000,2.45000000,2.27000000,,24274.50000000,7.46887967,3.43347639,0.08000000,,天孚通信
2015-03-20,300394,2.37000000,2.39000000,2.51000000,2.33000000,,23891.02000000,7.53138075,-0.82987552,-0.02000000,,天孚通信
2015-03-23,300394,2.41000000,2.42000000,2.45000000,2.33000000,,22365.09000000,4.95867769,1.25523013,0.03000000,,天孚通信
2015-03-24,300394,2.44000000,2.65000000,2.79000000,2.40000000,,33773.11000000,14.71698113,9.50413223,0.23000000,,天孚通信
2015-03-25,300394,2.63000000,3.17000000,3.17000000,2.53000000,,33585.72000000,20.18927445,19.62264151,0.52000000,,天孚通信
2015-03-26,300394,3.17000000,2.72000000,3.17000000,2.61000000,,36033.27000000,20.58823529,-14.19558360,-0.45000000,,天孚通信
2015-03-27,300394,2.64000000,2.72000000,2.79000000,2.56000000,,14553.08000000,8.45588235,0.00000000,0.00000000,,天孚通信
2015-03-30,300394,2.66000000,2.47000000,2.74000000,2.32000000,,19610.25000000,17.00404858,-9.19117647,-0.25000000,,天孚通信
2015-03-31,300394,2.47000000,2.49000000,2.57000000,2.39000000,,11252.05000000,7.22891566,0.80971660,0.02000000,,天孚通信
2015-04-01,300394,2.49000000,2.59000000,2.59000000,2.46000000,,12329.30000000,5.01930502,4.01606426,0.10000000,,天孚通信
2015-04-02,300394,2.60000000,2.72000000,2.78000000,2.60000000,,16072.11000000,6.61764706,5.01930502,0.13000000,,天孚通信
2015-04-03,300394,2.65000000,2.75000000,2.75000000,2.61000000,,22965.41000000,5.09090909,1.10294118,0.03000000,,天孚通信
2015-04-07,300394,2.76000000,2.97000000,3.01000000,2.76000000,,21633.89000000,8.41750842,8.00000000,0.22000000,,天孚通信
2015-04-08,300394,2.96000000,2.75000000,2.98000000,2.55000000,,24554.25000000,15.63636364,-7.40740741,-0.22000000,,天孚通信
2015-04-09,300394,2.71000000,2.98000000,3.00000000,2.54000000,,24356.93000000,15.43624161,8.36363636,0.23000000,,天孚通信
2015-04-10,300394,2.96000000,3.12000000,3.30000000,2.86000000,,26470.10000000,14.10256410,4.69798658,0.14000000,,天孚通信
2015-04-13,300394,3.04000000,3.36000000,3.57000000,3.04000000,,21102.37000000,15.77380952,7.69230769,0.24000000,,天孚通信
2015-04-14,300394,3.28000000,3.23000000,3.47000000,3.13000000,,18500.58000000,10.52631579,-3.86904762,-0.13000000,,天孚通信
2015-04-15,300394,3.20000000,2.87000000,3.20000000,2.79000000,,17152.60000000,14.28571429,-11.14551084,-0.36000000,,天孚通信
2015-04-16,300394,2.87000000,3.00000000,3.16000000,2.83000000,,12823.11000000,11.00000000,4.52961672,0.13000000,,天孚通信
2015-04-17,300394,3.01000000,2.88000000,3.07000000,2.85000000,,14243.13000000,7.63888889,-4.00000000,-0.12000000,,天孚通信
2015-04-20,300394,2.88000000,2.70000000,2.98000000,2.66000000,,15986.75000000,11.85185185,-6.25000000,-0.18000000,,天孚通信
2015-04-21,300394,2.71000000,2.99000000,3.00000000,2.71000000,,13451.95000000,9.69899666,10.74074074,0.29000000,,天孚通信
2015-04-22,300394,3.00000000,3.06000000,3.13000000,2.99000000,,16050.10000000,4.57516340,2.34113712,0.07000000,,天孚通信
2015-04-23,300394,3.14000000,3.01000000,3.15000000,2.96000000,,12438.71000000,6.31229236,-1.63398693,-0.05000000,,天孚通信
2015-04-24,300394,2.88000000,2.98000000,3.00000000,2.80000000,,15349.42000000,6.71140940,-0.99667774,-0.03000000,,天孚通信
2015-04-27,300394,3.20000000,3.21000000,3.48000000,3.16000000,,21356.56000000,9.96884735,7.71812081,0.23000000,,天孚通信
2015-04-28,300394,3.13000000,3.48000000,3.66000000,3.13000000,,34393.89000000,15.22988506,8.41121495,0.27000000,,天孚通信
2015-04-29,300394,3.36000000,3.92000000,4.07000000,3.26000000,,33244.12000000,20.66326531,12.64367816,0.44000000,,天孚通信
2015-04-30,300394,3.85000000,3.79000000,4.14000000,3.77000000,,30089.10000000,9.76253298,-3.31632653,-0.13000000,,天孚通信
2015-05-04,300394,3.69000000,3.64000000,3.76000000,3.36000000,,18828.46000000,10.98901099,-3.95778364,-0.15000000,,天孚通信
2015-05-05,300394,3.57000000,3.55000000,3.73000000,3.40000000,,16994.23000000,9.29577465,-2.47252747,-0.09000000,,天孚通信
2015-05-06,300394,3.60000000,3.62000000,4.01000000,3.54000000,,18152.75000000,12.98342541,1.97183099,0.07000000,,天孚通信
2015-05-07,300394,3.54000000,3.36000000,3.54000000,3.29000000,,14732.65000000,7.44047619,-7.18232044,-0.26000000,,天孚通信
2015-05-08,300394,3.46000000,3.87000000,3.90000000,3.46000000,,23989.04000000,11.36950904,15.17857143,0.51000000,,天孚通信
2015-05-11,300394,3.90000000,4.24000000,4.31000000,3.87000000,,26632.01000000,10.37735849,9.56072351,0.37000000,,天孚通信
2015-05-12,300394,4.33000000,4.24000000,4.36000000,4.00000000,,26493.63000000,8.49056604,0.00000000,0.00000000,,天孚通信
2015-05-13,300394,4.05000000,4.37000000,4.65000000,4.01000000,,28846.27000000,14.64530892,3.06603774,0.13000000,,天孚通信
2015-05-14,300394,4.49000000,5.07000000,5.07000000,4.45000000,,13666.82000000,12.22879684,16.01830664,0.70000000,,天孚通信
2015-05-15,300394,5.47000000,5.09000000,5.55000000,4.85000000,,29909.32000000,13.75245580,0.39447732,0.02000000,,天孚通信
2015-05-18,300394,5.13000000,5.86000000,5.86000000,5.13000000,,26325.41000000,12.45733788,15.12770138,0.77000000,,天孚通信
2015-05-19,300394,5.94000000,5.63000000,5.94000000,5.31000000,,23568.30000000,11.19005329,-3.92491468,-0.23000000,,天孚通信
2015-05-20,300394,5.55000000,5.41000000,6.00000000,5.34000000,,23484.90000000,12.19963031,-3.90763766,-0.22000000,,天孚通信
2015-05-21,300394,5.43000000,5.63000000,5.78000000,5.25000000,,18966.23000000,9.41385435,4.06654344,0.22000000,,天孚通信
2015-05-22,300394,5.63000000,5.60000000,5.88000000,5.26000000,,18494.24000000,11.07142857,-0.53285968,-0.03000000,,天孚通信
2015-05-25,300394,5.33000000,6.23000000,6.38000000,5.23000000,,23080.88000000,18.45906902,11.25000000,0.63000000,,天孚通信
2015-05-26,300394,6.07000000,6.80000000,6.89000000,6.04000000,,18576.67000000,12.50000000,9.14927769,0.57000000,,天孚通信
2015-05-27,300394,6.81000000,7.73000000,7.73000000,6.56000000,,22164.92000000,15.13583441,13.67647059,0.93000000,,天孚通信
2015-05-28,300394,7.61000000,7.05000000,8.67000000,7.05000000,,26275.43000000,22.97872340,-8.79689521,-0.68000000,,天孚通信
2015-05-29,300394,6.89000000,7.03000000,7.46000000,6.32000000,,23600.69000000,16.21621622,-0.28368794,-0.02000000,,天孚通信
2015-06-01,300394,7.04000000,7.02000000,7.19000000,6.56000000,,17124.69000000,8.97435897,-0.14224751,-0.01000000,,天孚通信
2015-06-02,300394,6.95000000,7.39000000,7.44000000,6.87000000,,16438.13000000,7.71312585,5.27065527,0.37000000,,天孚通信
2015-06-03,300394,7.32000000,6.84000000,7.34000000,6.56000000,,13859.66000000,11.40350877,-7.44248985,-0.55000000,,天孚通信
2015-06-04,300394,6.69000000,6.03000000,6.83000000,5.90000000,,16933.23000000,15.42288557,-11.84210526,-0.81000000,,天孚通信
2015-06-05,300394,6.23000000,6.19000000,6.56000000,5.99000000,,15924.65000000,9.20840065,2.65339967,0.16000000,,天孚通信
2015-06-08,300394,6.13000000,5.80000000,6.13000000,5.32000000,,23398.05000000,13.96551724,-6.30048465,-0.39000000,,天孚通信
2015-06-09,300394,5.59000000,5.73000000,5.91000000,5.47000000,,10762.10000000,7.67888307,-1.20689655,-0.07000000,,天孚通信
2015-06-10,300394,5.67000000,6.07000000,6.24000000,5.51000000,,13284.95000000,12.02635914,5.93368237,0.34000000,,天孚通信
2015-06-11,300394,6.07000000,6.19000000,6.23000000,5.98000000,,10544.46000000,4.03877221,1.97693575,0.12000000,,天孚通信
2015-06-12,300394,6.19000000,5.87000000,6.27000000,5.86000000,,13375.05000000,6.98466780,-5.16962843,-0.32000000,,天孚通信
2015-06-15,300394,5.91000000,5.16000000,5.91000000,5.15000000,,14049.70000000,14.72868217,-12.09540034,-0.71000000,,天孚通信
2015-06-16,300394,4.89000000,5.17000000,5.32000000,4.69000000,,14251.14000000,12.18568665,0.19379845,0.01000000,,天孚通信
2015-06-17,300394,5.17000000,5.36000000,5.42000000,4.79000000,,11699.31000000,11.75373134,3.67504836,0.19000000,,天孚通信
2015-06-18,300394,5.27000000,4.80000000,5.39000000,4.66000000,,9178.84000000,15.20833333,-10.44776119,-0.56000000,,天孚通信
2015-06-19,300394,4.61000000,4.70000000,5.09000000,4.46000000,,10224.42000000,13.40425532,-2.08333333,-0.10000000,,天孚通信
2015-06-23,300394,4.77000000,5.40000000,5.41000000,4.77000000,,14778.80000000,11.85185185,14.89361702,0.70000000,,天孚通信
2015-06-24,300394,5.49000000,5.47000000,5.66000000,5.25000000,,17001.85000000,7.49542962,1.29629630,0.07000000,,天孚通信
2015-06-25,300394,5.47000000,5.10000000,5.58000000,5.08000000,,11967.00000000,9.80392157,-6.76416819,-0.37000000,,天孚通信
2015-06-26,300394,4.82000000,4.34000000,4.85000000,4.34000000,,12993.14000000,11.75115207,-14.90196078,-0.76000000,,天孚通信
2015-06-29,300394,4.45000000,3.66000000,4.46000000,3.66000000,,14478.83000000,21.85792350,-15.66820276,-0.68000000,,天孚通信
2015-06-30,300394,3.20000000,4.02000000,4.12000000,3.04000000,,18172.63000000,26.86567164,9.83606557,0.36000000,,天孚通信
2015-07-01,300394,3.85000000,3.64000000,4.28000000,3.57000000,,17228.77000000,19.50549451,-9.45273632,-0.38000000,,天孚通信
2015-07-02,300394,3.65000000,3.09000000,3.85000000,3.05000000,,15077.08000000,25.88996764,-15.10989011,-0.55000000,,天孚通信
2015-07-03,300394,3.04000000,2.94000000,3.41000000,2.53000000,,14334.32000000,29.93197279,-4.85436893,-0.15000000,,天孚通信
2015-07-06,300394,3.49000000,2.67000000,3.49000000,2.47000000,,16083.47000000,38.20224719,-9.18367347,-0.27000000,,天孚通信
2015-07-07,300394,2.35000000,2.15000000,2.51000000,2.15000000,,7221.90000000,16.74418605,-19.47565543,-0.52000000,,天孚通信
2015-07-08,300394,1.69000000,1.69000000,1.92000000,1.69000000,,20388.71000000,13.60946746,-21.39534884,-0.46000000,,天孚通信
2015-07-09,300394,1.46000000,2.11000000,2.11000000,1.46000000,,19402.55000000,30.80568720,24.85207101,0.42000000,,天孚通信
2015-07-10,300394,2.51000000,2.57000000,2.57000000,2.43000000,,6241.86000000,5.44747082,21.80094787,0.46000000,,天孚通信
2015-07-13,300394,3.07000000,3.08000000,3.08000000,2.82000000,,18026.76000000,8.44155844,19.84435798,0.51000000,,天孚通信
2015-07-14,300394,3.08000000,3.29000000,3.60000000,2.92000000,,32029.45000000,20.66869301,6.81818182,0.21000000,,天孚通信
2015-07-15,300394,3.08000000,2.71000000,3.12000000,2.71000000,,18886.64000000,15.12915129,-17.62917933,-0.58000000,,天孚通信
2015-07-16,300394,2.36000000,2.81000000,2.98000000,2.19000000,,17202.74000000,28.11387900,3.69003690,0.10000000,,天孚通信
2015-07-17,300394,2.83000000,3.18000000,3.28000000,2.78000000,,15471.86000000,15.72327044,13.16725979,0.37000000,,天孚通信
2015-07-20,300394,3.23000000,3.14000000,3.36000000,3.05000000,,17226.48000000,9.87261146,-1.25786164,-0.04000000,,天孚通信
2015-07-21,300394,3.04000000,3.24000000,3.29000000,2.96000000,,14200.41000000,10.18518519,3.18471338,0.10000000,,天孚通信
2015-07-22,300394,3.24000000,3.39000000,3.48000000,3.18000000,,16576.23000000,8.84955752,4.62962963,0.15000000,,天孚通信
2015-07-23,300394,3.37000000,3.89000000,3.97000000,3.35000000,,23174.67000000,15.93830334,14.74926254,0.50000000,,天孚通信
2015-07-24,300394,3.82000000,3.69000000,4.22000000,3.61000000,,25543.17000000,16.53116531,-5.14138817,-0.20000000,,天孚通信
2015-07-27,300394,3.48000000,3.07000000,3.74000000,3.07000000,,19884.54000000,21.82410423,-16.80216802,-0.62000000,,天孚通信
2015-07-28,300394,2.59000000,2.67000000,3.01000000,2.51000000,,16637.53000000,18.72659176,-13.02931596,-0.40000000,,天孚通信
2015-07-29,300394,2.75000000,3.00000000,3.00000000,2.51000000,,14588.43000000,16.33333333,12.35955056,0.33000000,,天孚通信
2015-07-30,300394,2.92000000,2.89000000,3.23000000,2.85000000,,14829.86000000,13.14878893,-3.66666667,-0.11000000,,天孚通信
2015-07-31,300394,2.74000000,2.71000000,2.97000000,2.60000000,,10593.43000000,13.65313653,-6.22837370,-0.18000000,,天孚通信
2015-08-03,300394,2.67000000,2.28000000,2.67000000,2.20000000,,10988.13000000,20.61403509,-15.86715867,-0.43000000,,天孚通信
2015-08-04,300394,2.30000000,2.75000000,2.75000000,2.30000000,,12627.62000000,16.36363636,20.61403509,0.47000000,,天孚通信
2015-08-05,300394,2.78000000,2.85000000,3.00000000,2.69000000,,15490.16000000,10.87719298,3.63636364,0.10000000,,天孚通信
2015-08-06,300394,2.70000000,2.95000000,3.01000000,2.69000000,,12496.19000000,10.84745763,3.50877193,0.10000000,,天孚通信
2015-08-07,300394,3.11000000,3.21000000,3.23000000,2.95000000,,15163.25000000,8.72274143,8.81355932,0.26000000,,天孚通信
2015-08-10,300394,3.31000000,3.56000000,3.73000000,3.15000000,,15701.34000000,16.29213483,10.90342679,0.35000000,,天孚通信
2015-08-11,300394,3.48000000,3.44000000,3.64000000,3.41000000,,13160.83000000,6.68604651,-3.37078652,-0.12000000,,天孚通信
2015-08-12,300394,3.36000000,3.23000000,3.46000000,3.23000000,,12222.85000000,7.12074303,-6.10465116,-0.21000000,,天孚通信
2015-08-13,300394,3.18000000,3.66000000,3.66000000,3.18000000,,27152.09000000,13.11475410,13.31269350,0.43000000,,天孚通信
2015-08-14,300394,3.64000000,3.88000000,3.93000000,3.52000000,,23807.22000000,10.56701031,6.01092896,0.22000000,,天孚通信
2015-08-17,300394,3.73000000,3.62000000,3.87000000,3.41000000,,15951.75000000,12.70718232,-6.70103093,-0.26000000,,天孚通信
2015-08-18,300394,3.61000000,3.01000000,3.65000000,3.01000000,,11947.36000000,21.26245847,-16.85082873,-0.61000000,,天孚通信
2015-08-19,300394,2.84000000,3.08000000,3.15000000,2.54000000,,10043.69000000,19.80519481,2.32558140,0.07000000,,天孚通信
2015-08-20,300394,2.99000000,2.76000000,3.07000000,2.73000000,,7598.17000000,12.31884058,-10.38961039,-0.32000000,,天孚通信
2015-08-21,300394,2.64000000,2.35000000,2.65000000,2.35000000,,14426.55000000,12.76595745,-14.85507246,-0.41000000,,天孚通信
2015-08-24,300394,2.03000000,1.86000000,2.07000000,1.86000000,,9945.14000000,11.29032258,-20.85106383,-0.49000000,,天孚通信
2015-08-25,300394,1.43000000,1.43000000,1.74000000,1.43000000,,12724.99000000,21.67832168,-23.11827957,-0.43000000,,天孚通信
2015-08-26,300394,1.51000000,1.52000000,1.74000000,1.30000000,,14599.37000000,28.94736842,6.29370629,0.09000000,,天孚通信
2015-08-27,300394,1.70000000,1.68000000,1.74000000,1.43000000,,10695.50000000,18.45238095,10.52631579,0.16000000,,天孚通信
2015-08-28,300394,1.74000000,1.93000000,1.98000000,1.65000000,,12057.27000000,17.09844560,14.88095238,0.25000000,,天孚通信
2015-08-31,300394,1.86000000,1.56000000,1.86000000,1.55000000,,8883.64000000,19.87179487,-19.17098446,-0.37000000,,天孚通信
2015-09-01,300394,1.51000000,1.16000000,1.51000000,1.16000000,,9611.86000000,30.17241379,-25.64102564,-0.40000000,,天孚通信
2015-09-02,300394,0.92000000,1.09000000,1.37000000,0.92000000,,10205.95000000,41.28440367,-6.03448276,-0.07000000,,天孚通信
2015-09-07,300394,1.28000000,1.22000000,1.37000000,1.16000000,,8073.99000000,17.21311475,11.92660550,0.13000000,,天孚通信
2015-09-08,300394,1.22000000,1.54000000,1.59000000,1.12000000,,12163.49000000,30.51948052,26.22950820,0.32000000,,天孚通信
2015-09-09,300394,1.59000000,1.76000000,1.84000000,1.54000000,,15113.44000000,17.04545455,14.28571429,0.22000000,,天孚通信
2015-09-10,300394,1.62000000,1.64000000,1.77000000,1.62000000,,7156.86000000,9.14634146,-6.81818182,-0.12000000,,天孚通信
2015-09-11,300394,1.66000000,1.74000000,1.78000000,1.65000000,,8506.42000000,7.47126437,6.09756098,0.10000000,,天孚通信
2015-09-14,300394,1.77000000,1.32000000,1.82000000,1.32000000,,11910.53000000,37.87878788,-24.13793103,-0.42000000,,天孚通信
2015-09-15,300394,1.23000000,1.29000000,1.42000000,1.18000000,,7404.25000000,18.60465116,-2.27272727,-0.03000000,,天孚通信
2015-09-16,300394,1.28000000,1.66000000,1.67000000,1.28000000,,11147.89000000,23.49397590,28.68217054,0.37000000,,天孚通信
2015-09-17,300394,1.66000000,1.61000000,1.81000000,1.58000000,,13598.08000000,14.28571429,-3.01204819,-0.05000000,,天孚通信
2015-09-18,300394,1.62000000,1.72000000,1.78000000,1.56000000,,9095.35000000,12.79069767,6.83229814,0.11000000,,天孚通信
2015-09-21,300394,1.67000000,1.93000000,1.94000000,1.65000000,,11544.68000000,15.02590674,12.20930233,0.21000000,,天孚通信
2015-09-22,300394,1.96000000,1.90000000,1.98000000,1.83000000,,12070.84000000,7.89473684,-1.55440415,-0.03000000,,天孚通信
2015-09-23,300394,1.83000000,1.87000000,1.99000000,1.81000000,,9522.63000000,9.62566845,-1.57894737,-0.03000000,,天孚通信
2015-09-24,300394,1.89000000,1.96000000,2.03000000,1.89000000,,12552.41000000,7.14285714,4.81283422,0.09000000,,天孚通信
2015-09-25,300394,1.94000000,1.67000000,1.98000000,1.63000000,,9181.47000000,20.95808383,-14.79591837,-0.29000000,,天孚通信
2015-09-28,300394,1.67000000,1.86000000,1.88000000,1.64000000,,7990.41000000,12.90322581,11.37724551,0.19000000,,天孚通信
2015-09-29,300394,1.76000000,1.88000000,1.94000000,1.73000000,,10678.38000000,11.17021277,1.07526882,0.02000000,,天孚通信
2015-09-30,300394,1.89000000,1.83000000,1.94000000,1.75000000,,6453.10000000,10.38251366,-2.65957447,-0.05000000,,天孚通信
2015-10-08,300394,1.97000000,2.14000000,2.23000000,1.93000000,,15227.07000000,14.01869159,16.93989071,0.31000000,,天孚通信
2015-10-09,300394,2.14000000,2.14000000,2.17000000,2.05000000,,9275.19000000,5.60747664,0.00000000,0.00000000,,天孚通信
2015-10-12,300394,2.16000000,2.38000000,2.44000000,2.16000000,,13194.19000000,11.76470588,11.21495327,0.24000000,,天孚通信
2015-10-13,300394,2.31000000,2.58000000,2.59000000,2.27000000,,13495.85000000,12.40310078,8.40336134,0.20000000,,天孚通信
2015-10-14,300394,2.59000000,2.51000000,2.75000000,2.51000000,,14306.03000000,9.56175299,-2.71317829,-0.07000000,,天孚通信
2015-10-15,300394,2.44000000,2.95000000,2.99000000,2.44000000,,14397.58000000,18.64406780,17.52988048,0.44000000,,天孚通信
2015-10-16,300394,3.01000000,2.90000000,3.04000000,2.72000000,,13896.62000000,11.03448276,-1.69491525,-0.05000000,,天孚通信
2015-10-19,300394,2.86000000,2.75000000,2.90000000,2.68000000,,14205.77000000,8.00000000,-5.17241379,-0.15000000,,天孚通信
2015-10-20,300394,2.75000000,2.87000000,2.92000000,2.71000000,,10570.15000000,7.31707317,4.36363636,0.12000000,,天孚通信
2015-10-21,300394,2.85000000,2.41000000,2.91000000,2.37000000,,18421.67000000,22.40663900,-16.02787456,-0.46000000,,天孚通信
2015-10-22,300394,2.51000000,2.66000000,2.69000000,2.43000000,,10466.54000000,9.77443609,10.37344398,0.25000000,,天孚通信
2015-10-23,300394,2.71000000,2.89000000,2.91000000,2.67000000,,12889.34000000,8.30449827,8.64661654,0.23000000,,天孚通信
2015-10-26,300394,2.98000000,3.19000000,3.19000000,2.94000000,,17498.65000000,7.83699060,10.38062284,0.30000000,,天孚通信
2015-10-27,300394,3.08000000,3.32000000,3.34000000,2.94000000,,15448.85000000,12.04819277,4.07523511,0.13000000,,天孚通信
2015-10-28,300394,3.24000000,3.32000000,3.47000000,3.16000000,,17689.62000000,9.33734940,0.00000000,0.00000000,,天孚通信
2015-10-29,300394,3.36000000,3.39000000,3.48000000,3.20000000,,11253.21000000,8.25958702,2.10843373,0.07000000,,天孚通信
2015-10-30,300394,3.39000000,3.73000000,3.97000000,3.24000000,,16802.67000000,19.57104558,10.02949853,0.34000000,,天孚通信
2015-11-02,300394,3.56000000,3.97000000,4.29000000,3.47000000,,20599.04000000,20.65491184,6.43431635,0.24000000,,天孚通信
2015-11-03,300394,3.97000000,4.03000000,4.24000000,3.89000000,,13376.95000000,8.68486352,1.51133501,0.06000000,,天孚通信
2015-11-04,300394,4.04000000,4.33000000,4.35000000,3.93000000,,16333.36000000,9.69976905,7.44416873,0.30000000,,天孚通信
2015-11-05,300394,4.28000000,4.37000000,4.69000000,4.20000000,,14156.06000000,11.21281465,0.92378753,0.04000000,,天孚通信
2015-11-06,300394,4.41000000,5.05000000,5.05000000,4.41000000,,16521.52000000,12.67326733,15.56064073,0.68000000,,天孚通信
2015-11-09,300394,4.88000000,5.39000000,5.49000000,4.76000000,,20337.24000000,13.54359926,6.73267327,0.34000000,,天孚通信
2015-11-10,300394,5.22000000,5.70000000,5.86000000,5.14000000,,18096.34000000,12.63157895,5.75139147,0.31000000,,天孚通信
2015-11-11,300394,5.70000000,6.52000000,6.52000000,5.54000000,,20439.54000000,15.03067485,14.38596491,0.82000000,,天孚通信
2015-11-12,300394,6.81000000,6.55000000,6.83000000,6.09000000,,28517.83000000,11.29770992,0.46012270,0.03000000,,天孚通信
2015-11-13,300394,6.32000000,5.65000000,6.33000000,5.65000000,,30082.04000000,12.03539823,-13.74045802,-0.90000000,,天孚通信
2015-11-16,300394,5.23000000,5.77000000,5.77000000,5.18000000,,14432.34000000,10.22530329,2.12389381,0.12000000,,天孚通信
2015-11-17,300394,5.77000000,5.59000000,6.07000000,5.47000000,,16132.97000000,10.73345259,-3.11958406,-0.18000000,,天孚通信
2015-11-18,300394,5.67000000,4.98000000,5.67000000,4.94000000,,12290.48000000,14.65863454,-10.91234347,-0.61000000,,天孚通信
2015-11-19,300394,4.97000000,5.51000000,5.59000000,4.97000000,,11803.08000000,11.25226860,10.64257028,0.53000000,,天孚通信
2015-11-20,300394,5.55000000,5.59000000,5.80000000,5.35000000,,11825.40000000,8.05008945,1.45190563,0.08000000,,天孚通信
2015-11-23,300394,5.59000000,5.35000000,5.82000000,5.31000000,,10656.75000000,9.53271028,-4.29338104,-0.24000000,,天孚通信
2015-11-24,300394,5.42000000,6.14000000,6.14000000,5.31000000,,21110.45000000,13.51791531,14.76635514,0.79000000,,天孚通信
2015-11-25,300394,6.14000000,6.14000000,6.23000000,5.89000000,,17588.29000000,5.53745928,0.00000000,0.00000000,,天孚通信
2015-11-26,300394,6.14000000,5.87000000,6.48000000,5.82000000,,16155.76000000,11.24361158,-4.39739414,-0.27000000,,天孚通信
2015-11-27,300394,5.67000000,5.61000000,6.14000000,5.35000000,,15654.49000000,14.08199643,-4.42930153,-0.26000000,,天孚通信
2015-11-30,300394,5.63000000,6.27000000,6.31000000,5.52000000,,15011.41000000,12.59968102,11.76470588,0.66000000,,天孚通信
2015-12-01,300394,6.17000000,5.81000000,6.71000000,5.41000000,,19155.68000000,22.37521515,-7.33652313,-0.46000000,,天孚通信
2015-12-02,300394,5.75000000,5.81000000,5.82000000,4.98000000,,13928.40000000,14.45783133,0.00000000,0.00000000,,天孚通信
2015-12-03,300394,5.78000000,6.01000000,6.19000000,5.67000000,,10331.54000000,8.65224626,3.44234079,0.20000000,,天孚通信
2015-12-04,300394,5.99000000,5.68000000,6.22000000,5.67000000,,12124.94000000,9.68309859,-5.49084859,-0.33000000,,天孚通信
2015-12-07,300394,5.69000000,5.48000000,5.75000000,5.35000000,,12329.00000000,7.29927007,-3.52112676,-0.20000000,,天孚通信
2015-12-08,300394,5.48000000,5.52000000,5.74000000,5.43000000,,9404.81000000,5.61594203,0.72992701,0.04000000,,天孚通信
2015-12-09,300394,5.43000000,5.25000000,5.50000000,5.09000000,,9541.50000000,7.80952381,-4.89130435,-0.27000000,,天孚通信
2015-12-10,300394,5.18000000,5.06000000,5.32000000,5.04000000,,6245.55000000,5.53359684,-3.61904762,-0.19000000,,天孚通信
2015-12-11,300394,5.07000000,5.05000000,5.17000000,5.03000000,,4842.79000000,2.77227723,-0.19762846,-0.01000000,,天孚通信
2015-12-14,300394,4.95000000,5.37000000,5.39000000,4.94000000,,5888.37000000,8.37988827,6.33663366,0.32000000,,天孚通信
2015-12-15,300394,5.40000000,5.27000000,5.54000000,5.25000000,,5551.63000000,5.50284630,-1.86219739,-0.10000000,,天孚通信
2015-12-16,300394,5.39000000,5.84000000,6.05000000,5.29000000,,12685.26000000,13.01369863,10.81593928,0.57000000,,天孚通信
2015-12-17,300394,5.84000000,6.19000000,6.27000000,5.84000000,,11725.35000000,6.94668821,5.99315068,0.35000000,,天孚通信
2015-12-18,300394,6.24000000,5.96000000,6.25000000,5.84000000,,8338.30000000,6.87919463,-3.71567044,-0.23000000,,天孚通信
2015-12-21,300394,5.85000000,6.53000000,6.80000000,5.84000000,,17469.89000000,14.70137825,9.56375839,0.57000000,,天孚通信
2015-12-22,300394,6.54000000,7.05000000,7.17000000,6.39000000,,12941.89000000,11.06382979,7.96324655,0.52000000,,天孚通信
2015-12-23,300394,8.00000000,8.00000000,8.00000000,8.00000000,,2533.19000000,0.00000000,13.47517730,0.95000000,,天孚通信
2015-12-24,300394,8.82000000,9.05000000,9.05000000,8.19000000,,33419.80000000,9.50276243,13.12500000,1.05000000,,天孚通信
2015-12-25,300394,8.82000000,8.18000000,8.99000000,7.94000000,,33695.50000000,12.83618582,-9.61325967,-0.87000000,,天孚通信
2015-12-28,300394,8.19000000,7.53000000,8.67000000,7.52000000,,30985.41000000,15.27224436,-7.94621027,-0.65000000,,天孚通信
2015-12-29,300394,7.53000000,7.22000000,7.61000000,7.05000000,,16773.87000000,7.75623269,-4.11686587,-0.31000000,,天孚通信
2015-12-30,300394,7.29000000,7.61000000,7.69000000,6.90000000,,16140.10000000,10.38107753,5.40166205,0.39000000,,天孚通信
2015-12-31,300394,7.48000000,6.84000000,7.48000000,6.64000000,,13177.44000000,12.28070175,-10.11826544,-0.77000000,,天孚通信
2016-01-04,300394,6.72000000,5.91000000,6.80000000,5.91000000,,8143.27000000,15.05922166,-13.59649123,-0.93000000,,天孚通信
2016-01-05,300394,5.26000000,5.91000000,6.23000000,5.26000000,,15474.17000000,16.41285956,0.00000000,0.00000000,,天孚通信
2016-01-06,300394,5.91000000,6.20000000,6.22000000,5.79000000,,13790.03000000,6.93548387,4.90693739,0.29000000,,天孚通信
2016-01-07,300394,5.99000000,5.32000000,6.00000000,5.32000000,,3262.00000000,12.78195489,-14.19354839,-0.88000000,,天孚通信
2016-01-08,300394,5.67000000,5.39000000,5.78000000,4.62000000,,11217.85000000,21.52133581,1.31578947,0.07000000,,天孚通信
2016-01-11,300394,5.15000000,4.60000000,5.15000000,4.60000000,,11144.85000000,11.95652174,-14.65677180,-0.79000000,,天孚通信
2016-01-12,300394,4.56000000,4.64000000,4.82000000,4.46000000,,9836.97000000,7.75862069,0.86956522,0.04000000,,天孚通信
2016-01-13,300394,4.62000000,3.93000000,4.74000000,3.93000000,,10776.65000000,20.61068702,-15.30172414,-0.71000000,,天孚通信
2016-01-14,300394,3.79000000,4.57000000,4.57000000,3.64000000,,10729.91000000,20.35010941,16.28498728,0.64000000,,天孚通信
2016-01-15,300394,4.58000000,4.45000000,4.78000000,4.37000000,,11565.43000000,9.21348315,-2.62582057,-0.12000000,,天孚通信
2016-01-18,300394,4.37000000,4.79000000,4.94000000,4.02000000,,10344.66000000,19.20668058,7.64044944,0.34000000,,天孚通信
2016-01-19,300394,4.79000000,5.05000000,5.13000000,4.63000000,,10069.46000000,9.90099010,5.42797495,0.26000000,,天孚通信
2016-01-20,300394,4.90000000,4.94000000,5.16000000,4.80000000,,7839.71000000,7.28744939,-2.17821782,-0.11000000,,天孚通信
2016-01-21,300394,4.86000000,4.41000000,5.10000000,4.37000000,,9730.99000000,16.55328798,-10.72874494,-0.53000000,,天孚通信
2016-01-22,300394,4.56000000,4.93000000,4.93000000,4.41000000,,8347.11000000,10.54766734,11.79138322,0.52000000,,天孚通信
2016-01-25,300394,4.97000000,4.98000000,5.08000000,4.86000000,,6364.31000000,4.41767068,1.01419878,0.05000000,,天孚通信
2016-01-26,300394,4.86000000,4.23000000,4.86000000,4.23000000,,7823.96000000,14.89361702,-15.06024096,-0.75000000,,天孚通信
2016-01-27,300394,4.13000000,4.24000000,4.29000000,3.64000000,,7297.00000000,15.33018868,0.23640662,0.01000000,,天孚通信
2016-01-28,300394,3.98000000,3.58000000,4.17000000,3.57000000,,6031.58000000,16.75977654,-15.56603774,-0.66000000,,天孚通信
2016-01-29,300394,3.56000000,3.84000000,3.97000000,3.48000000,,7670.94000000,12.76041667,7.26256983,0.26000000,,天孚通信
2016-02-01,300394,3.79000000,3.89000000,4.04000000,3.73000000,,5464.38000000,7.96915167,1.30208333,0.05000000,,天孚通信
2016-02-02,300394,3.89000000,4.12000000,4.20000000,3.85000000,,7604.16000000,8.49514563,5.91259640,0.23000000,,天孚通信
2016-02-03,300394,3.97000000,4.05000000,4.07000000,3.81000000,,7448.96000000,6.41975309,-1.69902913,-0.07000000,,天孚通信
2016-02-04,300394,4.05000000,4.28000000,4.39000000,3.97000000,,7703.82000000,9.81308411,5.67901235,0.23000000,,天孚通信
2016-02-05,300394,4.22000000,3.81000000,4.28000000,3.76000000,,12394.42000000,13.64829396,-10.98130841,-0.47000000,,天孚通信
2016-02-15,300394,3.49000000,3.72000000,3.79000000,3.35000000,,6700.10000000,11.82795699,-2.36220472,-0.09000000,,天孚通信
2016-02-16,300394,3.72000000,4.18000000,4.19000000,3.72000000,,8902.86000000,11.24401914,12.36559140,0.46000000,,天孚通信
2016-02-17,300394,4.13000000,4.20000000,4.28000000,4.01000000,,18331.95000000,6.42857143,0.47846890,0.02000000,,天孚通信
2016-02-18,300394,4.28000000,4.53000000,4.74000000,4.13000000,,24687.15000000,13.46578366,7.85714286,0.33000000,,天孚通信
2016-02-19,300394,4.39000000,4.39000000,4.48000000,4.28000000,,17265.22000000,4.55580866,-3.09050773,-0.14000000,,天孚通信
2016-02-22,300394,4.48000000,4.48000000,4.54000000,4.37000000,,14150.20000000,3.79464286,2.05011390,0.09000000,,天孚通信
2016-02-23,300394,4.48000000,4.52000000,4.69000000,4.33000000,,18493.99000000,7.96460177,0.89285714,0.04000000,,天孚通信
2016-02-24,300394,4.53000000,4.17000000,4.61000000,3.84000000,,21107.86000000,18.46522782,-7.74336283,-0.35000000,,天孚通信
2016-02-25,300394,4.05000000,3.50000000,4.11000000,3.50000000,,16319.15000000,17.42857143,-16.06714628,-0.67000000,,天孚通信
2016-02-26,300394,3.52000000,3.31000000,3.64000000,3.18000000,,10926.60000000,13.89728097,-5.42857143,-0.19000000,,天孚通信
2016-02-29,300394,3.26000000,2.73000000,3.26000000,2.73000000,,12467.32000000,19.41391941,-17.52265861,-0.58000000,,天孚通信
2016-03-01,300394,2.73000000,2.81000000,2.92000000,2.40000000,,10889.65000000,18.50533808,2.93040293,0.08000000,,天孚通信
2016-03-02,300394,2.76000000,3.02000000,3.08000000,2.71000000,,10433.64000000,12.25165563,7.47330961,0.21000000,,天孚通信
2016-03-03,300394,3.02000000,2.89000000,3.24000000,2.88000000,,10389.89000000,12.45674740,-4.30463576,-0.13000000,,天孚通信
2016-03-04,300394,2.94000000,2.96000000,3.22000000,2.68000000,,16544.27000000,18.24324324,2.42214533,0.07000000,,天孚通信
2016-03-07,300394,3.13000000,3.08000000,3.29000000,3.03000000,,12492.44000000,8.44155844,4.05405405,0.12000000,,天孚通信
2016-03-08,300394,3.00000000,3.09000000,3.10000000,2.52000000,,12540.39000000,18.77022654,0.32467532,0.01000000,,天孚通信
2016-03-09,300394,2.92000000,2.88000000,3.06000000,2.85000000,,7525.31000000,7.29166667,-6.79611650,-0.21000000,,天孚通信
2016-03-10,300394,2.88000000,2.74000000,3.00000000,2.73000000,,6369.90000000,9.85401460,-4.86111111,-0.14000000,,天孚通信
2016-03-11,300394,2.73000000,2.89000000,2.94000000,2.66000000,,6927.08000000,9.68858131,5.47445255,0.15000000,,天孚通信
2016-03-14,300394,3.08000000,3.26000000,3.36000000,3.00000000,,12437.95000000,11.04294479,12.80276817,0.37000000,,天孚通信
2016-03-15,300394,3.22000000,3.15000000,3.26000000,3.14000000,,8938.26000000,3.80952381,-3.37423313,-0.11000000,,天孚通信
2016-03-16,300394,3.26000000,3.01000000,3.32000000,2.94000000,,8709.53000000,12.62458472,-4.44444444,-0.14000000,,天孚通信
2016-03-17,300394,3.02000000,3.33000000,3.37000000,3.01000000,,12349.49000000,10.81081081,10.63122924,0.32000000,,天孚通信
2016-03-18,300394,3.35000000,3.68000000,3.69000000,3.33000000,,17299.98000000,9.78260870,10.51051051,0.35000000,,天孚通信
2016-03-21,300394,3.70000000,3.81000000,3.86000000,3.63000000,,18031.44000000,6.03674541,3.53260870,0.13000000,,天孚通信
2016-03-22,300394,3.73000000,3.93000000,4.08000000,3.65000000,,16728.94000000,10.94147583,3.14960630,0.12000000,,天孚通信
2016-03-23,300394,3.89000000,3.99000000,3.99000000,3.81000000,,12033.48000000,4.51127820,1.52671756,0.06000000,,天孚通信
2016-03-24,300394,3.94000000,3.99000000,4.19000000,3.85000000,,16833.28000000,8.52130326,0.00000000,0.00000000,,天孚通信
2016-03-25,300394,3.94000000,4.13000000,4.20000000,3.88000000,,13983.59000000,7.74818402,3.50877193,0.14000000,,天孚通信
2016-03-28,300394,4.18000000,3.94000000,4.28000000,3.90000000,,16742.11000000,9.64467005,-4.60048426,-0.19000000,,天孚通信
2016-03-29,300394,3.92000000,3.64000000,3.97000000,3.56000000,,13006.99000000,11.26373626,-7.61421320,-0.30000000,,天孚通信
2016-03-30,300394,3.71000000,4.11000000,4.12000000,3.71000000,,12897.90000000,9.97566910,12.91208791,0.47000000,,天孚通信
2016-03-31,300394,4.13000000,4.45000000,4.52000000,4.13000000,,20124.56000000,8.76404494,8.27250608,0.34000000,,天孚通信
2016-04-01,300394,4.37000000,4.81000000,4.84000000,4.32000000,,20303.67000000,10.81081081,8.08988764,0.36000000,,天孚通信
2016-04-05,300394,4.83000000,5.02000000,5.03000000,4.63000000,,15572.62000000,7.96812749,4.36590437,0.21000000,,天孚通信
2016-04-06,300394,4.92000000,5.07000000,5.13000000,4.89000000,,12471.35000000,4.73372781,0.99601594,0.05000000,,天孚通信
2016-04-07,300394,5.06000000,5.31000000,5.53000000,4.98000000,,18292.87000000,10.35781544,4.73372781,0.24000000,,天孚通信
2016-04-08,300394,5.28000000,5.08000000,5.59000000,4.81000000,,27608.52000000,15.35433071,-4.33145009,-0.23000000,,天孚通信
2016-04-11,300394,5.19000000,5.73000000,5.75000000,4.88000000,,38637.50000000,15.18324607,12.79527559,0.65000000,,天孚通信
2016-04-12,300394,5.51000000,4.90000000,5.55000000,4.90000000,,45029.05000000,13.26530612,-14.48516579,-0.83000000,,天孚通信
2016-04-13,300394,4.90000000,4.90000000,5.14000000,4.79000000,,30467.14000000,7.14285714,0.00000000,0.00000000,,天孚通信
2016-04-14,300394,4.94000000,4.96000000,4.98000000,4.83000000,,19692.08000000,3.02419355,1.22448980,0.06000000,,天孚通信
2016-04-15,300394,4.92000000,4.92000000,5.09000000,4.88000000,,14475.89000000,4.26829268,-0.80645161,-0.04000000,,天孚通信
2016-04-18,300394,4.86000000,4.74000000,4.86000000,4.62000000,,13548.78000000,5.06329114,-3.65853659,-0.18000000,,天孚通信
2016-04-19,300394,4.75000000,4.89000000,4.93000000,4.75000000,,14056.62000000,3.68098160,3.16455696,0.15000000,,天孚通信
2016-04-20,300394,5.01000000,4.37000000,5.01000000,4.25000000,,21116.22000000,17.39130435,-10.63394683,-0.52000000,,天孚通信
2016-04-21,300394,4.37000000,4.29000000,4.53000000,4.29000000,,13639.66000000,5.59440559,-1.83066362,-0.08000000,,天孚通信
2016-04-22,300394,4.22000000,4.48000000,4.49000000,4.15000000,,11038.04000000,7.58928571,4.42890443,0.19000000,,天孚通信
2016-04-25,300394,4.47000000,4.41000000,4.47000000,4.24000000,,10071.99000000,5.21541950,-1.56250000,-0.07000000,,天孚通信
2016-04-26,300394,4.36000000,4.55000000,4.56000000,4.36000000,,9679.61000000,4.39560440,3.17460317,0.14000000,,天孚通信
2016-04-27,300394,4.56000000,4.51000000,4.65000000,4.50000000,,10156.44000000,3.32594235,-0.87912088,-0.04000000,,天孚通信
2016-04-28,300394,4.52000000,4.63000000,4.65000000,4.33000000,,10019.46000000,6.91144708,2.66075388,0.12000000,,天孚通信
2016-04-29,300394,4.61000000,4.94000000,5.07000000,4.54000000,,19245.19000000,10.72874494,6.69546436,0.31000000,,天孚通信
2016-05-03,300394,4.86000000,5.11000000,5.11000000,4.85000000,,15824.95000000,5.08806262,3.44129555,0.17000000,,天孚通信
2016-05-04,300394,5.09000000,5.03000000,5.18000000,5.02000000,,14052.71000000,3.18091451,-1.56555773,-0.08000000,,天孚通信
2016-05-05,300394,5.07000000,5.32000000,5.34000000,5.03000000,,16836.03000000,5.82706767,5.76540755,0.29000000,,天孚通信
2016-05-06,300394,5.35000000,4.96000000,5.49000000,4.94000000,,21912.29000000,11.08870968,-6.76691729,-0.36000000,,天孚通信
2016-05-09,300394,4.79000000,4.63000000,4.94000000,4.62000000,,14019.82000000,6.91144708,-6.65322581,-0.33000000,,天孚通信
2016-05-10,300394,4.62000000,4.65000000,4.78000000,4.59000000,,9471.86000000,4.08602151,0.43196544,0.02000000,,天孚通信
2016-05-11,300394,4.70000000,4.31000000,4.77000000,4.30000000,,11084.79000000,10.90487239,-7.31182796,-0.34000000,,天孚通信
2016-05-12,300394,4.33000000,4.47000000,4.61000000,4.26000000,,13856.91000000,7.82997763,3.71229698,0.16000000,,天孚通信
2016-05-13,300394,4.43000000,4.86000000,4.93000000,4.42000000,,17717.70000000,10.49382716,8.72483221,0.39000000,,天孚通信
2016-05-16,300394,4.84000000,5.20000000,5.20000000,4.78000000,,17553.02000000,8.07692308,6.99588477,0.34000000,,天孚通信
2016-05-17,300394,5.21000000,4.96000000,5.44000000,4.91000000,,25872.60000000,10.68548387,-4.61538462,-0.24000000,,天孚通信
2016-05-18,300394,4.74000000,4.45000000,4.86000000,4.27000000,,20835.89000000,13.25842697,-10.28225806,-0.51000000,,天孚通信
2016-05-19,300394,4.46000000,4.05000000,4.61000000,4.02000000,,48121.02000000,14.56790123,-8.98876404,-0.40000000,,天孚通信
2016-05-20,300394,3.85000000,4.22000000,4.31000000,3.78000000,,40052.54000000,12.55924171,4.19753086,0.17000000,,天孚通信
2016-05-23,300394,4.27000000,4.23000000,4.40000000,4.17000000,,36264.96000000,5.43735225,0.23696682,0.01000000,,天孚通信
2016-05-24,300394,4.24000000,4.02000000,4.24000000,3.95000000,,29781.80000000,7.21393035,-4.96453901,-0.21000000,,天孚通信
2016-05-25,300394,4.10000000,4.12000000,4.35000000,4.05000000,,36065.74000000,7.28155340,2.48756219,0.10000000,,天孚通信
2016-05-26,300394,4.03000000,4.19000000,4.21000000,3.79000000,,37858.66000000,10.02386635,1.69902913,0.07000000,,天孚通信
2016-05-27,300394,4.09000000,4.05000000,4.28000000,4.03000000,,27271.55000000,6.17283951,-3.34128878,-0.14000000,,天孚通信
2016-05-30,300394,4.01000000,4.11000000,4.20000000,3.94000000,,24915.09000000,6.32603406,1.48148148,0.06000000,,天孚通信
2016-05-31,300394,4.13000000,4.50000000,4.59000000,4.11000000,,44819.54000000,10.66666667,9.48905109,0.39000000,,天孚通信
2016-06-01,300394,4.52000000,4.60000000,4.80000000,4.50000000,,46106.69000000,6.52173913,2.22222222,0.10000000,,天孚通信
2016-06-02,300394,4.54000000,4.98000000,5.01000000,4.54000000,,53432.02000000,9.43775100,8.26086957,0.38000000,,天孚通信
2016-06-03,300394,5.00000000,5.27000000,5.47000000,4.98000000,,76538.33000000,9.29791271,5.82329317,0.29000000,,天孚通信
2016-06-06,300394,5.27000000,5.10000000,5.35000000,5.02000000,,41357.46000000,6.47058824,-3.22580645,-0.17000000,,天孚通信
2016-06-07,300394,5.10000000,5.17000000,5.23000000,5.08000000,,32469.73000000,2.90135397,1.37254902,0.07000000,,天孚通信
2016-06-08,300394,5.03000000,4.96000000,5.15000000,4.95000000,,34817.37000000,4.03225806,-4.06189555,-0.21000000,,天孚通信
2016-06-13,300394,4.78000000,4.32000000,4.82000000,4.32000000,,41865.25000000,11.57407407,-12.90322581,-0.64000000,,天孚通信
2016-06-14,300394,4.22000000,4.32000000,4.44000000,4.22000000,,20140.63000000,5.09259259,0.00000000,0.00000000,,天孚通信
2016-06-15,300394,4.22000000,4.64000000,4.73000000,4.22000000,,32114.07000000,10.99137931,7.40740741,0.32000000,,天孚通信
2016-06-16,300394,4.64000000,4.55000000,4.80000000,4.49000000,,27029.42000000,6.81318681,-1.93965517,-0.09000000,,天孚通信
2016-06-17,300394,4.57000000,4.66000000,4.80000000,4.56000000,,23080.60000000,5.15021459,2.41758242,0.11000000,,天孚通信
2016-06-20,300394,4.67000000,4.88000000,4.95000000,4.45000000,,39078.16000000,10.24590164,4.72103004,0.22000000,,天孚通信
2016-06-21,300394,4.95000000,4.78000000,5.15000000,4.72000000,,39998.56000000,8.99581590,-2.04918033,-0.10000000,,天孚通信
2016-06-22,300394,4.70000000,4.97000000,4.99000000,4.63000000,,35132.50000000,7.24346076,3.97489540,0.19000000,,天孚通信
2016-06-23,300394,4.96000000,5.09000000,5.17000000,4.93000000,,57707.20000000,4.71512770,2.41448692,0.12000000,,天孚通信
2016-06-24,300394,5.08000000,4.81000000,5.10000000,4.52000000,,52864.22000000,12.05821206,-5.50098232,-0.28000000,,天孚通信
2016-06-27,300394,4.72000000,5.17000000,5.17000000,4.72000000,,55513.09000000,8.70406190,7.48440748,0.36000000,,天孚通信
2016-06-28,300394,5.13000000,5.93000000,5.93000000,5.08000000,,73966.58000000,14.33389545,14.70019342,0.76000000,,天孚通信
2016-06-29,300394,6.20000000,6.00000000,6.24000000,5.75000000,,93497.73000000,8.16666667,1.18043845,0.07000000,,天孚通信
2016-06-30,300394,5.95000000,5.80000000,5.98000000,5.72000000,,57564.56000000,4.48275862,-3.33333333,-0.20000000,,天孚通信
2016-07-01,300394,5.80000000,5.76000000,6.09000000,5.70000000,,55780.22000000,6.77083333,-0.68965517,-0.04000000,,天孚通信
2016-07-04,300394,5.67000000,6.01000000,6.14000000,5.47000000,,53493.76000000,11.14808652,4.34027778,0.25000000,,天孚通信
2016-07-05,300394,5.93000000,5.91000000,6.02000000,5.80000000,,41148.38000000,3.72250423,-1.66389351,-0.10000000,,天孚通信
2016-07-06,300394,5.85000000,5.84000000,6.04000000,5.80000000,,37374.23000000,4.10958904,-1.18443316,-0.07000000,,天孚通信
2016-07-07,300394,5.85000000,5.62000000,5.91000000,5.46000000,,48506.09000000,8.00711744,-3.76712329,-0.22000000,,天孚通信
2016-07-08,300394,5.60000000,5.63000000,5.74000000,5.55000000,,27110.58000000,3.37477798,0.17793594,0.01000000,,天孚通信
2016-07-11,300394,5.68000000,5.31000000,5.74000000,5.29000000,,55687.14000000,8.47457627,-5.68383659,-0.32000000,,天孚通信
2016-07-12,300394,5.34000000,5.56000000,5.58000000,5.18000000,,42127.86000000,7.19424460,4.70809793,0.25000000,,天孚通信
2016-07-13,300394,5.60000000,5.58000000,5.67000000,5.48000000,,30310.58000000,3.40501792,0.35971223,0.02000000,,天孚通信
2016-07-14,300394,5.66000000,5.71000000,5.78000000,5.55000000,,30931.50000000,4.02802102,2.32974910,0.13000000,,天孚通信
2016-07-15,300394,5.70000000,5.59000000,5.75000000,5.57000000,,22947.67000000,3.22003578,-2.10157618,-0.12000000,,天孚通信
2016-07-18,300394,5.61000000,5.41000000,5.61000000,5.35000000,,22890.86000000,4.80591497,-3.22003578,-0.18000000,,天孚通信
2016-07-19,300394,5.41000000,5.67000000,5.67000000,5.35000000,,26702.97000000,5.64373898,4.80591497,0.26000000,,天孚通信
2016-07-20,300394,5.67000000,5.51000000,5.70000000,5.49000000,,27216.10000000,3.81125227,-2.82186949,-0.16000000,,天孚通信
2016-07-21,300394,5.49000000,5.54000000,5.74000000,5.44000000,,34377.20000000,5.41516245,0.54446461,0.03000000,,天孚通信
2016-07-22,300394,5.51000000,5.65000000,5.77000000,5.51000000,,44282.92000000,4.60176991,1.98555957,0.11000000,,天孚通信
2016-07-25,300394,5.55000000,5.46000000,5.63000000,5.39000000,,29869.77000000,4.39560440,-3.36283186,-0.19000000,,天孚通信
2016-07-26,300394,5.48000000,5.59000000,5.59000000,5.44000000,,20197.83000000,2.68336315,2.38095238,0.13000000,,天孚通信
2016-07-27,300394,5.56000000,5.12000000,5.61000000,4.80000000,,47649.20000000,15.82031250,-8.40787120,-0.47000000,,天孚通信
2016-07-28,300394,4.99000000,4.84000000,5.03000000,4.59000000,,36415.77000000,9.09090909,-5.46875000,-0.28000000,,天孚通信
2016-07-29,300394,4.84000000,4.72000000,4.93000000,4.69000000,,15889.28000000,5.08474576,-2.47933884,-0.12000000,,天孚通信
2016-08-01,300394,4.63000000,4.41000000,4.69000000,4.19000000,,29907.63000000,11.33786848,-6.56779661,-0.31000000,,天孚通信
2016-08-02,300394,4.42000000,4.48000000,4.50000000,4.39000000,,14494.39000000,2.45535714,1.58730159,0.07000000,,天孚通信
2016-08-03,300394,4.43000000,4.47000000,4.50000000,4.39000000,,13880.71000000,2.46085011,-0.22321429,-0.01000000,,天孚通信
2016-08-04,300394,4.46000000,4.56000000,4.59000000,4.42000000,,15341.44000000,3.72807018,2.01342282,0.09000000,,天孚通信
2016-08-05,300394,4.52000000,4.46000000,4.61000000,4.44000000,,14394.79000000,3.81165919,-2.19298246,-0.10000000,,天孚通信
2016-08-08,300394,4.46000000,4.64000000,4.65000000,4.40000000,,15023.68000000,5.38793103,4.03587444,0.18000000,,天孚通信
2016-08-09,300394,4.64000000,4.69000000,4.72000000,4.62000000,,14641.98000000,2.13219616,1.07758621,0.05000000,,天孚通信
2016-08-10,300394,4.70000000,4.68000000,4.75000000,4.66000000,,12483.56000000,1.92307692,-0.21321962,-0.01000000,,天孚通信
2016-08-11,300394,4.69000000,4.52000000,4.69000000,4.52000000,,11901.76000000,3.76106195,-3.41880342,-0.16000000,,天孚通信
2016-08-12,300394,4.50000000,4.64000000,4.65000000,4.49000000,,10665.93000000,3.44827586,2.65486726,0.12000000,,天孚通信
2016-08-15,300394,4.64000000,4.92000000,4.98000000,4.63000000,,22139.45000000,7.11382114,6.03448276,0.28000000,,天孚通信
2016-08-16,300394,4.82000000,4.85000000,4.92000000,4.78000000,,23661.59000000,2.88659794,-1.42276423,-0.07000000,,天孚通信
2016-08-17,300394,4.80000000,4.85000000,4.89000000,4.78000000,,17309.16000000,2.26804124,0.00000000,0.00000000,,天孚通信
2016-08-18,300394,4.81000000,4.80000000,4.86000000,4.76000000,,15841.91000000,2.08333333,-1.03092784,-0.05000000,,天孚通信
2016-08-19,300394,4.84000000,4.83000000,4.94000000,4.78000000,,16203.08000000,3.31262940,0.62500000,0.03000000,,天孚通信
2016-08-22,300394,4.82000000,4.50000000,4.88000000,4.49000000,,18891.03000000,8.66666667,-6.83229814,-0.33000000,,天孚通信
2016-08-23,300394,4.45000000,4.55000000,4.66000000,4.45000000,,12004.91000000,4.61538462,1.11111111,0.05000000,,天孚通信
2016-08-24,300394,4.55000000,4.65000000,4.72000000,4.52000000,,12761.95000000,4.30107527,2.19780220,0.10000000,,天孚通信
2016-08-25,300394,4.57000000,4.69000000,4.69000000,4.44000000,,12920.39000000,5.33049041,0.86021505,0.04000000,,天孚通信
2016-08-26,300394,4.73000000,4.75000000,5.02000000,4.67000000,,14076.95000000,7.36842105,1.27931770,0.06000000,,天孚通信
2016-08-29,300394,4.75000000,4.76000000,4.86000000,4.75000000,,13062.31000000,2.31092437,0.21052632,0.01000000,,天孚通信
2016-08-30,300394,4.81000000,4.72000000,4.84000000,4.72000000,,10163.01000000,2.54237288,-0.84033613,-0.04000000,,天孚通信
2016-08-31,300394,4.78000000,4.64000000,4.78000000,4.59000000,,10112.27000000,4.09482759,-1.69491525,-0.08000000,,天孚通信
2016-09-01,300394,4.70000000,4.64000000,4.71000000,4.63000000,,9534.83000000,1.72413793,0.00000000,0.00000000,,天孚通信
2016-09-02,300394,4.61000000,4.68000000,4.70000000,4.61000000,,9180.00000000,1.92307692,0.86206897,0.04000000,,天孚通信
2016-09-05,300394,4.67000000,4.65000000,4.76000000,4.63000000,,11530.42000000,2.79569892,-0.64102564,-0.03000000,,天孚通信
2016-09-06,300394,4.65000000,4.98000000,5.05000000,4.59000000,,33925.87000000,9.23694779,7.09677419,0.33000000,,天孚通信
2016-09-07,300394,4.95000000,4.89000000,5.02000000,4.86000000,,20754.39000000,3.27198364,-1.80722892,-0.09000000,,天孚通信
2016-09-08,300394,4.89000000,5.21000000,5.21000000,4.87000000,,30936.42000000,6.52591171,6.54396728,0.32000000,,天孚通信
2016-09-09,300394,5.17000000,5.15000000,5.31000000,5.09000000,,30666.98000000,4.27184466,-1.15163148,-0.06000000,,天孚通信
2016-09-12,300394,4.99000000,4.82000000,5.06000000,4.82000000,,24047.12000000,4.97925311,-6.40776699,-0.33000000,,天孚通信
2016-09-13,300394,4.89000000,4.89000000,4.95000000,4.79000000,,13454.65000000,3.27198364,1.45228216,0.07000000,,天孚通信
2016-09-14,300394,4.86000000,4.67000000,4.87000000,4.63000000,,24784.29000000,5.13918630,-4.49897751,-0.22000000,,天孚通信
2016-09-19,300394,4.67000000,4.76000000,4.77000000,4.65000000,,17592.41000000,2.52100840,1.92719486,0.09000000,,天孚通信
2016-09-20,300394,4.76000000,4.63000000,4.77000000,4.62000000,,22635.33000000,3.23974082,-2.73109244,-0.13000000,,天孚通信
2016-09-21,300394,4.64000000,4.96000000,4.97000000,4.60000000,,34787.91000000,7.45967742,7.12742981,0.33000000,,天孚通信
2016-09-22,300394,4.97000000,5.16000000,5.20000000,4.88000000,,55784.58000000,6.20155039,4.03225806,0.20000000,,天孚通信
2016-09-23,300394,5.31000000,5.39000000,5.84000000,5.23000000,,72854.15000000,11.31725417,4.45736434,0.23000000,,天孚通信
2016-09-26,300394,5.61000000,5.30000000,5.79000000,5.22000000,,64612.32000000,10.75471698,-1.66975881,-0.09000000,,天孚通信
2016-09-27,300394,5.25000000,5.70000000,5.72000000,5.24000000,,59532.28000000,8.42105263,7.54716981,0.40000000,,天孚通信
2016-09-28,300394,5.69000000,5.59000000,5.77000000,5.53000000,,40754.58000000,4.29338104,-1.92982456,-0.11000000,,天孚通信
2016-09-29,300394,5.59000000,5.55000000,5.63000000,5.43000000,,28277.01000000,3.60360360,-0.71556351,-0.04000000,,天孚通信
2016-09-30,300394,5.55000000,5.66000000,5.72000000,5.41000000,,30666.75000000,5.47703180,1.98198198,0.11000000,,天孚通信
2016-10-10,300394,5.80000000,5.88000000,5.98000000,5.68000000,,40427.10000000,5.10204082,3.88692580,0.22000000,,天孚通信
2016-10-11,300394,5.91000000,5.76000000,5.91000000,5.70000000,,31292.34000000,3.64583333,-2.04081633,-0.12000000,,天孚通信
2016-10-12,300394,5.67000000,5.59000000,5.83000000,5.59000000,,27702.08000000,4.29338104,-2.95138889,-0.17000000,,天孚通信
2016-10-13,300394,5.59000000,5.57000000,5.63000000,5.45000000,,22236.70000000,3.23159785,-0.35778175,-0.02000000,,天孚通信
2016-10-14,300394,5.55000000,5.56000000,5.61000000,5.47000000,,14669.40000000,2.51798561,-0.17953321,-0.01000000,,天孚通信
2016-10-17,300394,5.57000000,5.36000000,5.60000000,5.33000000,,21227.09000000,5.03731343,-3.59712230,-0.20000000,,天孚通信
2016-10-18,300394,5.37000000,5.49000000,5.52000000,5.32000000,,24547.19000000,3.64298725,2.42537313,0.13000000,,天孚通信
2016-10-19,300394,5.47000000,5.40000000,5.52000000,5.36000000,,16047.37000000,2.96296296,-1.63934426,-0.09000000,,天孚通信
2016-10-20,300394,5.42000000,5.65000000,5.69000000,5.38000000,,28367.32000000,5.48672566,4.62962963,0.25000000,,天孚通信
2016-10-21,300394,5.63000000,5.50000000,5.63000000,5.24000000,,28065.12000000,7.09090909,-2.65486726,-0.15000000,,天孚通信
2016-10-24,300394,5.46000000,5.29000000,5.46000000,5.20000000,,51215.92000000,4.91493384,-3.81818182,-0.21000000,,天孚通信
2016-10-25,300394,5.28000000,5.26000000,5.32000000,5.14000000,,27885.06000000,3.42205323,-0.56710775,-0.03000000,,天孚通信
2016-10-26,300394,5.21000000,5.21000000,5.35000000,5.14000000,,18028.50000000,4.03071017,-0.95057034,-0.05000000,,天孚通信
2016-10-27,300394,5.21000000,5.23000000,5.25000000,5.18000000,,12086.65000000,1.33843212,0.38387716,0.02000000,,天孚通信
2016-10-28,300394,5.19000000,5.10000000,5.27000000,5.10000000,,17113.63000000,3.33333333,-2.48565966,-0.13000000,,天孚通信
2016-10-31,300394,5.07000000,5.10000000,5.13000000,4.95000000,,16690.64000000,3.52941176,0.00000000,0.00000000,,天孚通信
2016-11-01,300394,5.10000000,5.23000000,5.25000000,5.09000000,,20516.52000000,3.05927342,2.54901961,0.13000000,,天孚通信
2016-11-02,300394,5.25000000,5.11000000,5.25000000,5.07000000,,13812.45000000,3.52250489,-2.29445507,-0.12000000,,天孚通信
2016-11-03,300394,5.06000000,5.12000000,5.21000000,5.06000000,,20614.50000000,2.92968750,0.19569472,0.01000000,,天孚通信
2016-11-04,300394,5.12000000,5.08000000,5.17000000,5.06000000,,13440.71000000,2.16535433,-0.78125000,-0.04000000,,天孚通信
2016-11-07,300394,5.09000000,5.08000000,5.12000000,5.02000000,,11720.62000000,1.96850394,0.00000000,0.00000000,,天孚通信
2016-11-08,300394,5.11000000,5.20000000,5.20000000,5.10000000,,14568.00000000,1.92307692,2.36220472,0.12000000,,天孚通信
2016-11-09,300394,5.20000000,5.09000000,5.22000000,5.00000000,,18744.68000000,4.32220039,-2.11538462,-0.11000000,,天孚通信
2016-11-10,300394,5.15000000,5.28000000,5.31000000,5.14000000,,23570.99000000,3.21969697,3.73280943,0.19000000,,天孚通信
2016-11-11,300394,5.28000000,5.37000000,5.50000000,5.25000000,,31547.86000000,4.65549348,1.70454545,0.09000000,,天孚通信
2016-11-14,300394,5.33000000,5.29000000,5.47000000,5.23000000,,26689.36000000,4.53686200,-1.48975791,-0.08000000,,天孚通信
2016-11-15,300394,5.29000000,5.27000000,5.31000000,5.18000000,,16825.97000000,2.46679317,-0.37807183,-0.02000000,,天孚通信
2016-11-16,300394,5.31000000,5.28000000,5.41000000,5.26000000,,24415.78000000,2.84090909,0.18975332,0.01000000,,天孚通信
2016-11-17,300394,5.28000000,5.34000000,5.36000000,5.24000000,,25292.85000000,2.24719101,1.13636364,0.06000000,,天孚通信
2016-11-18,300394,5.34000000,5.20000000,5.36000000,5.18000000,,20083.20000000,3.46153846,-2.62172285,-0.14000000,,天孚通信
2016-11-21,300394,5.20000000,5.22000000,5.28000000,5.19000000,,14015.93000000,1.72413793,0.38461538,0.02000000,,天孚通信
2016-11-22,300394,5.22000000,5.45000000,5.47000000,5.22000000,,33981.71000000,4.58715596,4.40613027,0.23000000,,天孚通信
2016-11-23,300394,5.48000000,5.33000000,5.48000000,5.31000000,,23972.20000000,3.18949343,-2.20183486,-0.12000000,,天孚通信
2016-11-24,300394,5.30000000,5.19000000,5.34000000,5.16000000,,21064.29000000,3.46820809,-2.62664165,-0.14000000,,天孚通信
2016-11-25,300394,5.17000000,5.12000000,5.17000000,4.86000000,,22946.01000000,6.05468750,-1.34874759,-0.07000000,,天孚通信
2016-11-28,300394,5.09000000,5.01000000,5.11000000,4.99000000,,17089.49000000,2.39520958,-2.14843750,-0.11000000,,天孚通信
2016-11-29,300394,5.01000000,4.94000000,5.08000000,4.93000000,,16278.11000000,3.03643725,-1.39720559,-0.07000000,,天孚通信
2016-11-30,300394,4.95000000,5.00000000,5.06000000,4.89000000,,12954.81000000,3.40000000,1.21457490,0.06000000,,天孚通信
2016-12-01,300394,4.97000000,5.00000000,5.06000000,4.97000000,,15573.90000000,1.80000000,0.00000000,0.00000000,,天孚通信
2016-12-02,300394,5.00000000,4.77000000,5.04000000,4.75000000,,21609.81000000,6.07966457,-4.60000000,-0.23000000,,天孚通信
2016-12-05,300394,4.70000000,4.71000000,4.74000000,4.62000000,,12291.11000000,2.54777070,-1.25786164,-0.06000000,,天孚通信
2016-12-06,300394,4.74000000,4.72000000,4.80000000,4.68000000,,8042.22000000,2.54237288,0.21231423,0.01000000,,天孚通信
2016-12-07,300394,4.69000000,4.77000000,4.80000000,4.68000000,,5692.48000000,2.51572327,1.05932203,0.05000000,,天孚通信
2016-12-08,300394,4.78000000,4.76000000,4.83000000,4.73000000,,6709.25000000,2.10084034,-0.20964361,-0.01000000,,天孚通信
2016-12-09,300394,4.74000000,4.68000000,4.80000000,4.60000000,,11241.92000000,4.27350427,-1.68067227,-0.08000000,,天孚通信
2016-12-12,300394,4.64000000,3.99000000,4.66000000,3.98000000,,21865.97000000,17.04260652,-14.74358974,-0.69000000,,天孚通信
2016-12-13,300394,4.02000000,3.93000000,4.08000000,3.85000000,,13650.44000000,5.85241730,-1.50375940,-0.06000000,,天孚通信
2016-12-14,300394,3.93000000,3.75000000,3.93000000,3.74000000,,11903.70000000,5.06666667,-4.58015267,-0.18000000,,天孚通信
2016-12-15,300394,3.76000000,3.89000000,3.95000000,3.73000000,,13664.40000000,5.65552699,3.73333333,0.14000000,,天孚通信
2016-12-16,300394,3.84000000,3.93000000,3.97000000,3.82000000,,10179.34000000,3.81679389,1.02827763,0.04000000,,天孚通信
2016-12-19,300394,3.96000000,3.93000000,3.96000000,3.89000000,,8435.21000000,1.78117048,0.00000000,0.00000000,,天孚通信
2016-12-20,300394,3.91000000,3.93000000,3.96000000,3.91000000,,6818.13000000,1.27226463,0.00000000,0.00000000,,天孚通信
2016-12-21,300394,3.94000000,4.05000000,4.07000000,3.94000000,,9729.25000000,3.20987654,3.05343511,0.12000000,,天孚通信
2016-12-22,300394,4.01000000,3.95000000,4.07000000,3.93000000,,7635.51000000,3.54430380,-2.46913580,-0.10000000,,天孚通信
2016-12-23,300394,3.97000000,3.86000000,3.98000000,3.82000000,,9021.05000000,4.14507772,-2.27848101,-0.09000000,,天孚通信
2016-12-26,300394,3.88000000,4.07000000,4.07000000,3.81000000,,18088.18000000,6.38820639,5.44041451,0.21000000,,天孚通信
2016-12-27,300394,4.05000000,4.01000000,4.15000000,3.99000000,,12243.10000000,3.99002494,-1.47420147,-0.06000000,,天孚通信
2016-12-28,300394,3.98000000,4.03000000,4.06000000,3.97000000,,9242.39000000,2.23325062,0.49875312,0.02000000,,天孚通信
2016-12-29,300394,3.99000000,4.03000000,4.10000000,3.98000000,,8507.83000000,2.97766749,0.00000000,0.00000000,,天孚通信
2016-12-30,300394,4.01000000,4.09000000,4.12000000,4.00000000,,8515.28000000,2.93398533,1.48883375,0.06000000,,天孚通信
2017-01-03,300394,4.12000000,4.25000000,4.32000000,4.10000000,,12480.51000000,5.17647059,3.91198044,0.16000000,,天孚通信
2017-01-04,300394,4.23000000,4.26000000,4.29000000,4.20000000,,9922.65000000,2.11267606,0.23529412,0.01000000,,天孚通信
2017-01-05,300394,4.22000000,4.13000000,4.27000000,4.10000000,,11800.82000000,4.11622276,-3.05164319,-0.13000000,,天孚通信
2017-01-06,300394,4.13000000,4.23000000,4.23000000,4.13000000,,14340.45000000,2.36406619,2.42130751,0.10000000,,天孚通信
2017-01-09,300394,4.29000000,4.15000000,4.29000000,4.14000000,,9690.32000000,3.61445783,-1.89125296,-0.08000000,,天孚通信
2017-01-10,300394,4.15000000,4.18000000,4.19000000,4.12000000,,6012.76000000,1.67464115,0.72289157,0.03000000,,天孚通信
2017-01-11,300394,4.15000000,4.06000000,4.31000000,3.82000000,,9611.98000000,12.06896552,-2.87081340,-0.12000000,,天孚通信
2017-01-12,300394,4.06000000,3.85000000,4.15000000,3.85000000,,8183.89000000,7.79220779,-5.17241379,-0.21000000,,天孚通信
2017-01-13,300394,3.79000000,3.70000000,3.94000000,3.67000000,,11741.16000000,7.29729730,-3.89610390,-0.15000000,,天孚通信
2017-01-25,300394,3.41000000,3.67000000,3.87000000,3.41000000,,18695.34000000,12.53405995,-0.81081081,-0.03000000,,天孚通信
2017-01-26,300394,3.61000000,3.60000000,3.69000000,3.51000000,,19453.94000000,5.00000000,-1.90735695,-0.07000000,,天孚通信
2017-02-03,300394,3.61000000,3.49000000,3.65000000,3.47000000,,8361.22000000,5.15759312,-3.05555556,-0.11000000,,天孚通信
2017-02-06,300394,3.55000000,3.73000000,3.73000000,3.52000000,,18550.78000000,5.63002681,6.87679083,0.24000000,,天孚通信
2017-02-07,300394,3.70000000,3.67000000,3.70000000,3.57000000,,15346.64000000,3.54223433,-1.60857909,-0.06000000,,天孚通信
2017-02-08,300394,3.65000000,3.71000000,3.72000000,3.58000000,,12208.08000000,3.77358491,1.08991826,0.04000000,,天孚通信
2017-02-09,300394,3.67000000,3.80000000,3.81000000,3.67000000,,14473.97000000,3.68421053,2.42587601,0.09000000,,天孚通信
2017-02-10,300394,3.81000000,3.76000000,3.85000000,3.74000000,,10132.66000000,2.92553191,-1.05263158,-0.04000000,,天孚通信
2017-02-13,300394,3.74000000,3.76000000,3.80000000,3.71000000,,9705.70000000,2.39361702,0.00000000,0.00000000,,天孚通信
2017-02-14,300394,3.73000000,3.76000000,3.79000000,3.69000000,,9973.30000000,2.65957447,0.00000000,0.00000000,,天孚通信
2017-02-15,300394,3.74000000,3.66000000,3.78000000,3.66000000,,7332.17000000,3.27868852,-2.65957447,-0.10000000,,天孚通信
2017-02-16,300394,3.66000000,3.66000000,3.71000000,3.62000000,,9253.29000000,2.45901639,0.00000000,0.00000000,,天孚通信
2017-02-17,300394,3.65000000,3.56000000,3.71000000,3.55000000,,8714.36000000,4.49438202,-2.73224044,-0.10000000,,天孚通信
2017-02-20,300394,3.59000000,3.64000000,3.65000000,3.52000000,,8209.14000000,3.57142857,2.24719101,0.08000000,,天孚通信
2017-02-21,300394,3.65000000,3.74000000,3.78000000,3.61000000,,11863.65000000,4.54545455,2.74725275,0.10000000,,天孚通信
2017-02-22,300394,3.75000000,3.75000000,3.77000000,3.68000000,,9250.70000000,2.40000000,0.26737968,0.01000000,,天孚通信
2017-02-23,300394,3.75000000,3.80000000,3.81000000,3.71000000,,14466.35000000,2.63157895,1.33333333,0.05000000,,天孚通信
2017-02-24,300394,3.78000000,3.86000000,3.89000000,3.73000000,,15522.95000000,4.14507772,1.57894737,0.06000000,,天孚通信
2017-02-27,300394,3.86000000,3.77000000,3.88000000,3.74000000,,12165.50000000,3.71352785,-2.33160622,-0.09000000,,天孚通信
2017-02-28,300394,3.74000000,3.77000000,3.80000000,3.67000000,,14040.32000000,3.44827586,0.00000000,0.00000000,,天孚通信
2017-03-01,300394,3.77000000,3.90000000,3.98000000,3.75000000,,22725.91000000,5.89743590,3.44827586,0.13000000,,天孚通信
2017-03-02,300394,3.91000000,3.80000000,3.95000000,3.79000000,,14629.27000000,4.21052632,-2.56410256,-0.10000000,,天孚通信
2017-03-03,300394,3.79000000,3.88000000,3.91000000,3.75000000,,12924.87000000,4.12371134,2.10526316,0.08000000,,天孚通信
2017-03-06,300394,3.88000000,4.05000000,4.05000000,3.83000000,,19664.17000000,5.43209877,4.38144330,0.17000000,,天孚通信
2017-03-07,300394,4.05000000,4.06000000,4.09000000,3.98000000,,10843.92000000,2.70935961,0.24691358,0.01000000,,天孚通信
2017-03-08,300394,4.06000000,3.98000000,4.12000000,3.97000000,,10897.76000000,3.76884422,-1.97044335,-0.08000000,,天孚通信
2017-03-09,300394,3.97000000,3.94000000,4.00000000,3.91000000,,9556.17000000,2.28426396,-1.00502513,-0.04000000,,天孚通信
2017-03-10,300394,3.95000000,3.99000000,4.04000000,3.93000000,,9215.30000000,2.75689223,1.26903553,0.05000000,,天孚通信
2017-03-13,300394,3.98000000,4.01000000,4.04000000,3.91000000,,14325.57000000,3.24189526,0.50125313,0.02000000,,天孚通信
2017-03-14,300394,4.02000000,3.99000000,4.02000000,3.94000000,,12091.33000000,2.00501253,-0.49875312,-0.02000000,,天孚通信
2017-03-15,300394,3.97000000,3.94000000,3.97000000,3.91000000,,7748.61000000,1.52284264,-1.25313283,-0.05000000,,天孚通信
2017-03-16,300394,3.95000000,4.10000000,4.11000000,3.95000000,,16030.98000000,3.90243902,4.06091371,0.16000000,,天孚通信
2017-03-17,300394,4.07000000,3.96000000,4.13000000,3.91000000,,14716.28000000,5.55555556,-3.41463415,-0.14000000,,天孚通信
2017-03-20,300394,3.87000000,3.97000000,3.97000000,3.87000000,,13389.56000000,2.51889169,0.25252525,0.01000000,,天孚通信
2017-03-21,300394,3.97000000,4.00000000,4.03000000,3.89000000,,11737.09000000,3.50000000,0.75566751,0.03000000,,天孚通信
2017-03-22,300394,3.95000000,3.89000000,3.96000000,3.85000000,,12475.52000000,2.82776350,-2.75000000,-0.11000000,,天孚通信
2017-03-23,300394,3.89000000,3.89000000,3.95000000,3.84000000,,10771.91000000,2.82776350,0.00000000,0.00000000,,天孚通信
2017-03-24,300394,3.89000000,3.73000000,3.91000000,3.61000000,,20151.87000000,8.04289544,-4.11311054,-0.16000000,,天孚通信
2017-03-27,300394,3.71000000,3.74000000,3.77000000,3.65000000,,12909.37000000,3.20855615,0.26809651,0.01000000,,天孚通信
2017-03-28,300394,3.73000000,3.73000000,3.77000000,3.67000000,,7163.47000000,2.68096515,-0.26737968,-0.01000000,,天孚通信
2017-03-29,300394,3.71000000,3.57000000,3.75000000,3.57000000,,10357.69000000,5.04201681,-4.28954424,-0.16000000,,天孚通信
2017-03-30,300394,3.57000000,3.42000000,3.62000000,3.42000000,,12730.39000000,5.84795322,-4.20168067,-0.15000000,,天孚通信
2017-03-31,300394,3.44000000,3.48000000,3.54000000,3.42000000,,8612.41000000,3.44827586,1.75438596,0.06000000,,天孚通信
2017-04-05,300394,3.49000000,3.55000000,3.56000000,3.41000000,,11505.53000000,4.22535211,2.01149425,0.07000000,,天孚通信
2017-04-06,300394,3.55000000,4.15000000,4.15000000,3.49000000,,44202.81000000,15.90361446,16.90140845,0.60000000,,天孚通信
2017-04-07,300394,4.12000000,4.06000000,4.14000000,3.89000000,,47810.79000000,6.15763547,-2.16867470,-0.09000000,,天孚通信
2017-04-10,300394,4.08000000,3.79000000,4.08000000,3.75000000,,34876.78000000,8.70712401,-6.65024631,-0.27000000,,天孚通信
2017-04-11,300394,3.80000000,3.71000000,3.85000000,3.62000000,,23667.89000000,6.19946092,-2.11081794,-0.08000000,,天孚通信
2017-04-12,300394,3.64000000,3.50000000,3.69000000,3.50000000,,23036.84000000,5.42857143,-5.66037736,-0.21000000,,天孚通信
2017-04-13,300394,3.52000000,3.57000000,3.65000000,3.51000000,,16840.87000000,3.92156863,2.00000000,0.07000000,,天孚通信
2017-04-14,300394,3.53000000,3.44000000,3.60000000,3.39000000,,17701.20000000,6.10465116,-3.64145658,-0.13000000,,天孚通信
2017-04-17,300394,3.39000000,3.21000000,3.41000000,3.18000000,,14295.19000000,7.16510903,-6.68604651,-0.23000000,,天孚通信
2017-04-18,300394,3.27000000,3.14000000,3.27000000,3.13000000,,9500.15000000,4.45859873,-2.18068536,-0.07000000,,天孚通信
2017-04-19,300394,3.14000000,3.18000000,3.20000000,3.02000000,,9598.68000000,5.66037736,1.27388535,0.04000000,,天孚通信
2017-04-20,300394,3.18000000,3.04000000,3.20000000,3.03000000,,11182.94000000,5.59210526,-4.40251572,-0.14000000,,天孚通信
2017-04-21,300394,3.04000000,3.03000000,3.11000000,3.02000000,,6787.42000000,2.97029703,-0.32894737,-0.01000000,,天孚通信
2017-04-24,300394,3.06000000,2.82000000,3.06000000,2.60000000,,8586.00000000,16.31205674,-6.93069307,-0.21000000,,天孚通信
2017-04-25,300394,2.82000000,2.85000000,2.92000000,2.82000000,,6613.02000000,3.50877193,1.06382979,0.03000000,,天孚通信
2017-04-26,300394,2.87000000,2.91000000,2.94000000,2.80000000,,7015.69000000,4.81099656,2.10526316,0.06000000,,天孚通信
2017-04-27,300394,2.89000000,3.05000000,3.07000000,2.76000000,,14702.35000000,10.16393443,4.81099656,0.14000000,,天孚通信
2017-04-28,300394,3.03000000,3.09000000,3.12000000,3.02000000,,8259.90000000,3.23624595,1.31147541,0.04000000,,天孚通信
2017-05-02,300394,3.13000000,3.04000000,3.13000000,3.02000000,,7091.26000000,3.61842105,-1.61812298,-0.05000000,,天孚通信
2017-05-03,300394,3.04000000,3.08000000,3.09000000,2.99000000,,5509.08000000,3.24675325,1.31578947,0.04000000,,天孚通信
2017-05-04,300394,3.08000000,3.01000000,3.10000000,3.01000000,,6432.00000000,2.99003322,-2.27272727,-0.07000000,,天孚通信
2017-05-05,300394,3.01000000,2.96000000,3.04000000,2.96000000,,4965.90000000,2.70270270,-1.66112957,-0.05000000,,天孚通信
2017-05-08,300394,2.94000000,2.90000000,2.99000000,2.89000000,,4614.10000000,3.44827586,-2.02702703,-0.06000000,,天孚通信
2017-05-09,300394,2.85000000,2.94000000,2.96000000,2.85000000,,5503.05000000,3.74149660,1.37931034,0.04000000,,天孚通信
2017-05-10,300394,2.95000000,2.82000000,2.97000000,2.81000000,,6850.10000000,5.67375887,-4.08163265,-0.12000000,,天孚通信
2017-05-11,300394,2.76000000,2.75000000,2.80000000,2.63000000,,9286.62000000,6.18181818,-2.48226950,-0.07000000,,天孚通信
2017-05-12,300394,2.71000000,2.74000000,2.76000000,2.67000000,,5633.12000000,3.28467153,-0.36363636,-0.01000000,,天孚通信
2017-05-15,300394,2.78000000,2.74000000,2.85000000,2.74000000,,5557.47000000,4.01459854,0.00000000,0.00000000,,天孚通信
2017-05-16,300394,2.71000000,2.96000000,2.96000000,2.70000000,,8476.09000000,8.78378378,8.02919708,0.22000000,,天孚通信
2017-05-17,300394,2.97000000,2.96000000,3.03000000,2.92000000,,8009.92000000,3.71621622,0.00000000,0.00000000,,天孚通信
2017-05-18,300394,2.92000000,2.92000000,2.99000000,2.92000000,,6263.50000000,2.39726027,-1.35135135,-0.04000000,,天孚通信
2017-05-19,300394,2.92000000,2.96000000,3.02000000,2.92000000,,4807.47000000,3.37837838,1.36986301,0.04000000,,天孚通信
2017-05-22,300394,2.99000000,2.74000000,2.99000000,2.74000000,,7847.91000000,9.12408759,-7.43243243,-0.22000000,,天孚通信
2017-05-23,300394,2.74000000,2.54000000,2.76000000,2.54000000,,8956.50000000,8.66141732,-7.29927007,-0.20000000,,天孚通信
2017-05-24,300394,2.52000000,2.65000000,2.70000000,2.46000000,,6420.24000000,9.05660377,4.33070866,0.11000000,,天孚通信
2017-05-25,300394,2.65000000,2.68000000,2.72000000,2.54000000,,5884.43000000,6.71641791,1.13207547,0.03000000,,天孚通信
2017-05-26,300394,2.71000000,2.69000000,2.73000000,2.65000000,,3649.88000000,2.97397770,0.37313433,0.01000000,,天孚通信
2017-05-31,300394,2.74000000,2.71000000,2.88000000,2.68000000,,6426.48000000,7.38007380,0.74349442,0.02000000,,天孚通信
2017-06-01,300394,2.69000000,2.41000000,2.75000000,2.41000000,,12566.27000000,14.10788382,-11.07011070,-0.30000000,,天孚通信
2017-06-02,300394,2.41000000,2.49000000,2.54000000,2.27000000,,11740.83000000,10.84337349,3.31950207,0.08000000,,天孚通信
2017-06-05,300394,2.49000000,2.51000000,2.56000000,2.46000000,,8164.71000000,3.98406375,0.80321285,0.02000000,,天孚通信
2017-06-06,300394,2.50000000,2.53000000,2.55000000,2.47000000,,6894.74000000,3.16205534,0.79681275,0.02000000,,天孚通信
2017-06-07,300394,2.51000000,2.67000000,2.68000000,2.50000000,,12080.53000000,6.74157303,5.53359684,0.14000000,,天孚通信
2017-06-08,300394,2.67000000,2.72000000,2.76000000,2.62000000,,14486.83000000,5.14705882,1.87265918,0.05000000,,天孚通信
2017-06-09,300394,2.72000000,2.68000000,2.72000000,2.63000000,,7441.04000000,3.35820896,-1.47058824,-0.04000000,,天孚通信
2017-06-12,300394,2.63000000,2.60000000,2.69000000,2.58000000,,10089.63000000,4.23076923,-2.98507463,-0.08000000,,天孚通信
2017-06-13,300394,2.60000000,2.71000000,2.73000000,2.58000000,,10421.73000000,5.53505535,4.23076923,0.11000000,,天孚通信
2017-06-14,300394,2.72000000,2.79000000,2.85000000,2.67000000,,15728.03000000,6.45161290,2.95202952,0.08000000,,天孚通信
2017-06-15,300394,2.79000000,2.93000000,2.99000000,2.77000000,,19864.26000000,7.50853242,5.01792115,0.14000000,,天孚通信
2017-06-16,300394,2.98000000,2.87000000,2.98000000,2.85000000,,11636.28000000,4.52961672,-2.04778157,-0.06000000,,天孚通信
2017-06-19,300394,2.87000000,2.89000000,2.91000000,2.83000000,,7049.17000000,2.76816609,0.69686411,0.02000000,,天孚通信
2017-06-20,300394,2.92000000,2.82000000,2.92000000,2.81000000,,11852.12000000,3.90070922,-2.42214533,-0.07000000,,天孚通信
2017-06-21,300394,2.82000000,2.82000000,2.86000000,2.74000000,,9042.48000000,4.25531915,0.00000000,0.00000000,,天孚通信
2017-06-22,300394,2.82000000,2.75000000,2.86000000,2.74000000,,9164.32000000,4.36363636,-2.48226950,-0.07000000,,天孚通信
2017-06-23,300394,2.80000000,2.73000000,2.80000000,2.67000000,,7495.39000000,4.76190476,-0.72727273,-0.02000000,,天孚通信
2017-06-26,300394,2.76000000,2.88000000,2.89000000,2.71000000,,13062.51000000,6.25000000,5.49450549,0.15000000,,天孚通信
2017-06-27,300394,2.85000000,2.83000000,2.90000000,2.80000000,,7656.00000000,3.53356890,-1.73611111,-0.05000000,,天孚通信
2017-06-28,300394,2.83000000,2.75000000,2.84000000,2.75000000,,5320.24000000,3.27272727,-2.82685512,-0.08000000,,天孚通信
2017-06-29,300394,2.74000000,2.79000000,2.83000000,2.73000000,,4987.08000000,3.58422939,1.45454545,0.04000000,,天孚通信
2017-06-30,300394,2.80000000,2.78000000,2.82000000,2.75000000,,5010.25000000,2.51798561,-0.35842294,-0.01000000,,天孚通信
2017-07-03,300394,2.78000000,2.84000000,2.88000000,2.77000000,,9657.54000000,3.87323944,2.15827338,0.06000000,,天孚通信
2017-07-04,300394,2.83000000,2.85000000,2.86000000,2.81000000,,6083.30000000,1.75438596,0.35211268,0.01000000,,天孚通信
2017-07-05,300394,2.84000000,2.90000000,2.91000000,2.83000000,,11981.46000000,2.75862069,1.75438596,0.05000000,,天孚通信
2017-07-06,300394,2.89000000,2.86000000,2.95000000,2.84000000,,9328.50000000,3.84615385,-1.37931034,-0.04000000,,天孚通信
2017-07-07,300394,2.83000000,2.98000000,2.98000000,2.83000000,,13673.56000000,5.03355705,4.19580420,0.12000000,,天孚通信
2017-07-10,300394,2.99000000,2.76000000,3.00000000,2.75000000,,14670.71000000,9.05797101,-7.38255034,-0.22000000,,天孚通信
2017-07-11,300394,2.75000000,2.63000000,2.79000000,2.63000000,,12041.07000000,6.08365019,-4.71014493,-0.13000000,,天孚通信
2017-07-12,300394,2.60000000,2.56000000,2.63000000,2.49000000,,14417.50000000,5.46875000,-2.66159696,-0.07000000,,天孚通信
2017-07-13,300394,2.56000000,2.55000000,2.58000000,2.52000000,,5775.83000000,2.35294118,-0.39062500,-0.01000000,,天孚通信
2017-07-14,300394,2.54000000,2.49000000,2.55000000,2.48000000,,5226.48000000,2.81124498,-2.35294118,-0.06000000,,天孚通信
2017-07-17,300394,2.49000000,2.17000000,2.49000000,2.08000000,,13407.03000000,18.89400922,-12.85140562,-0.32000000,,天孚通信
2017-07-18,300394,2.16000000,2.18000000,2.22000000,2.09000000,,9264.93000000,5.96330275,0.46082949,0.01000000,,天孚通信
2017-07-19,300394,2.16000000,2.19000000,2.21000000,2.12000000,,7155.83000000,4.10958904,0.45871560,0.01000000,,天孚通信
2017-07-20,300394,2.18000000,2.19000000,2.25000000,2.15000000,,8394.50000000,4.56621005,0.00000000,0.00000000,,天孚通信
2017-07-21,300394,2.19000000,2.06000000,2.19000000,2.02000000,,15886.08000000,8.25242718,-5.93607306,-0.13000000,,天孚通信
2017-07-24,300394,2.06000000,2.00000000,2.06000000,1.87000000,,15894.59000000,9.50000000,-2.91262136,-0.06000000,,天孚通信
2017-07-25,300394,2.01000000,2.07000000,2.08000000,1.97000000,,8580.64000000,5.31400966,3.50000000,0.07000000,,天孚通信
2017-07-26,300394,2.07000000,2.12000000,2.14000000,2.02000000,,11563.99000000,5.66037736,2.41545894,0.05000000,,天孚通信
2017-07-27,300394,2.13000000,2.24000000,2.34000000,2.04000000,,19245.90000000,13.39285714,5.66037736,0.12000000,,天孚通信
2017-07-28,300394,2.22000000,2.37000000,2.39000000,2.22000000,,21775.40000000,7.17299578,5.80357143,0.13000000,,天孚通信
2017-07-31,300394,2.32000000,2.33000000,2.35000000,2.27000000,,11406.87000000,3.43347639,-1.68776371,-0.04000000,,天孚通信
2017-08-01,300394,2.33000000,2.32000000,2.33000000,2.27000000,,9545.88000000,2.58620690,-0.42918455,-0.01000000,,天孚通信
2017-08-02,300394,2.32000000,2.17000000,2.32000000,2.16000000,,11973.00000000,7.37327189,-6.46551724,-0.15000000,,天孚通信
2017-08-03,300394,2.12000000,2.18000000,2.27000000,2.11000000,,8100.72000000,7.33944954,0.46082949,0.01000000,,天孚通信
2017-08-04,300394,2.18000000,2.17000000,2.23000000,2.16000000,,6552.11000000,3.22580645,-0.45871560,-0.01000000,,天孚通信
2017-08-07,300394,2.17000000,2.24000000,2.27000000,2.16000000,,6596.16000000,4.91071429,3.22580645,0.07000000,,天孚通信
2017-08-08,300394,2.22000000,2.30000000,2.30000000,2.18000000,,10715.45000000,5.21739130,2.67857143,0.06000000,,天孚通信
2017-08-09,300394,2.30000000,2.26000000,2.31000000,2.23000000,,6808.96000000,3.53982301,-1.73913043,-0.04000000,,天孚通信
2017-08-10,300394,2.26000000,2.19000000,2.29000000,2.15000000,,7224.00000000,6.39269406,-3.09734513,-0.07000000,,天孚通信
2017-08-11,300394,2.18000000,2.25000000,2.33000000,2.17000000,,11105.25000000,7.11111111,2.73972603,0.06000000,,天孚通信
2017-08-14,300394,2.25000000,2.47000000,2.49000000,2.22000000,,16034.63000000,10.93117409,9.77777778,0.22000000,,天孚通信
2017-08-15,300394,2.48000000,2.44000000,2.48000000,2.40000000,,9147.97000000,3.27868852,-1.21457490,-0.03000000,,天孚通信
2017-08-16,300394,2.46000000,2.52000000,2.61000000,2.42000000,,18520.21000000,7.53968254,3.27868852,0.08000000,,天孚通信
2017-08-17,300394,2.54000000,2.58000000,2.66000000,2.49000000,,14851.06000000,6.58914729,2.38095238,0.06000000,,天孚通信
2017-08-18,300394,2.54000000,2.52000000,2.56000000,2.48000000,,8765.41000000,3.17460317,-2.32558140,-0.06000000,,天孚通信
2017-08-21,300394,2.55000000,2.61000000,2.66000000,2.53000000,,9766.47000000,4.98084291,3.57142857,0.09000000,,天孚通信
2017-08-22,300394,2.58000000,2.47000000,2.60000000,2.45000000,,12286.87000000,6.07287449,-5.36398467,-0.14000000,,天孚通信
2017-08-23,300394,2.50000000,2.50000000,2.53000000,2.46000000,,5520.87000000,2.80000000,1.21457490,0.03000000,,天孚通信
2017-08-24,300394,2.49000000,2.40000000,2.52000000,2.40000000,,5855.00000000,5.00000000,-4.00000000,-0.10000000,,天孚通信
2017-08-25,300394,2.46000000,2.65000000,2.68000000,2.45000000,,19834.39000000,8.67924528,10.41666667,0.25000000,,天孚通信
2017-08-28,300394,2.65000000,2.68000000,2.72000000,2.62000000,,18694.70000000,3.73134328,1.13207547,0.03000000,,天孚通信
2017-08-29,300394,2.64000000,2.66000000,2.69000000,2.61000000,,10542.54000000,3.00751880,-0.74626866,-0.02000000,,天孚通信
2017-08-30,300394,2.67000000,2.64000000,2.68000000,2.62000000,,7317.83000000,2.27272727,-0.75187970,-0.02000000,,天孚通信
2017-08-31,300394,2.63000000,2.65000000,2.66000000,2.61000000,,7598.32000000,1.88679245,0.37878788,0.01000000,,天孚通信
2017-09-01,300394,2.64000000,2.67000000,2.70000000,2.61000000,,9421.70000000,3.37078652,0.75471698,0.02000000,,天孚通信
2017-09-04,300394,2.73000000,2.62000000,2.73000000,2.62000000,,13562.25000000,4.19847328,-1.87265918,-0.05000000,,天孚通信
2017-09-05,300394,2.62000000,2.67000000,2.68000000,2.60000000,,10336.82000000,2.99625468,1.90839695,0.05000000,,天孚通信
2017-09-06,300394,2.66000000,2.80000000,2.82000000,2.62000000,,20907.27000000,7.14285714,4.86891386,0.13000000,,天孚通信
2017-09-07,300394,2.77000000,2.80000000,2.89000000,2.73000000,,23625.82000000,5.71428571,0.00000000,0.00000000,,天孚通信
2017-09-08,300394,2.80000000,2.72000000,2.81000000,2.67000000,,13675.61000000,5.14705882,-2.85714286,-0.08000000,,天孚通信
2017-09-11,300394,2.72000000,2.73000000,2.73000000,2.66000000,,11931.19000000,2.56410256,0.36764706,0.01000000,,天孚通信
2017-09-12,300394,2.71000000,2.68000000,2.79000000,2.66000000,,11488.00000000,4.85074627,-1.83150183,-0.05000000,,天孚通信
2017-09-13,300394,2.65000000,2.66000000,2.68000000,2.61000000,,9118.00000000,2.63157895,-0.74626866,-0.02000000,,天孚通信
2017-09-14,300394,2.66000000,2.75000000,2.78000000,2.62000000,,14507.75000000,5.81818182,3.38345865,0.09000000,,天孚通信
2017-09-15,300394,2.72000000,2.77000000,2.80000000,2.72000000,,17093.27000000,2.88808664,0.72727273,0.02000000,,天孚通信
2017-09-18,300394,2.73000000,2.84000000,2.85000000,2.73000000,,14319.04000000,4.22535211,2.52707581,0.07000000,,天孚通信
2017-09-19,300394,2.84000000,3.11000000,3.24000000,2.80000000,,51058.51000000,14.14790997,9.50704225,0.27000000,,天孚通信
2017-09-20,300394,3.11000000,3.25000000,3.32000000,3.05000000,,48385.37000000,8.30769231,4.50160772,0.14000000,,天孚通信
2017-09-21,300394,3.19000000,3.12000000,3.24000000,3.10000000,,28626.36000000,4.48717949,-4.00000000,-0.13000000,,天孚通信
2017-09-22,300394,3.11000000,3.39000000,3.47000000,3.02000000,,49476.65000000,13.27433628,8.65384615,0.27000000,,天孚通信
2017-09-25,300394,3.38000000,3.17000000,3.54000000,3.09000000,,44840.78000000,14.19558360,-6.48967552,-0.22000000,,天孚通信
2017-09-26,300394,3.09000000,3.08000000,3.16000000,2.94000000,,29440.39000000,7.14285714,-2.83911672,-0.09000000,,天孚通信
2017-09-27,300394,3.06000000,3.49000000,3.63000000,3.03000000,,74150.76000000,17.19197708,13.31168831,0.41000000,,天孚通信
2017-09-28,300394,3.46000000,3.40000000,3.55000000,3.37000000,,52346.38000000,5.29411765,-2.57879656,-0.09000000,,天孚通信
2017-09-29,300394,3.38000000,3.62000000,3.77000000,3.37000000,,57251.62000000,11.04972376,6.47058824,0.22000000,,天孚通信
2017-10-09,300394,3.72000000,3.58000000,3.94000000,3.55000000,,62236.42000000,10.89385475,-1.10497238,-0.04000000,,天孚通信
2017-10-10,300394,3.57000000,3.49000000,3.59000000,3.39000000,,46590.51000000,5.73065903,-2.51396648,-0.09000000,,天孚通信
2017-10-11,300394,3.46000000,3.21000000,3.47000000,3.21000000,,40994.33000000,8.09968847,-8.02292264,-0.28000000,,天孚通信
2017-10-12,300394,3.21000000,3.28000000,3.38000000,3.21000000,,27895.42000000,5.18292683,2.18068536,0.07000000,,天孚通信
2017-10-13,300394,3.17000000,3.14000000,3.19000000,3.03000000,,37377.97000000,5.09554140,-4.26829268,-0.14000000,,天孚通信
2017-10-16,300394,3.11000000,3.07000000,3.27000000,3.04000000,,28093.91000000,7.49185668,-2.22929936,-0.07000000,,天孚通信
2017-10-17,300394,3.06000000,3.12000000,3.19000000,3.05000000,,14241.81000000,4.48717949,1.62866450,0.05000000,,天孚通信
2017-10-18,300394,3.13000000,3.07000000,3.24000000,3.04000000,,19815.54000000,6.51465798,-1.60256410,-0.05000000,,天孚通信
2017-10-19,300394,3.07000000,2.96000000,3.07000000,2.90000000,,20252.00000000,5.74324324,-3.58306189,-0.11000000,,天孚通信
2017-10-20,300394,2.92000000,2.98000000,2.99000000,2.86000000,,10811.76000000,4.36241611,0.67567568,0.02000000,,天孚通信
2017-10-23,300394,3.01000000,2.96000000,3.01000000,2.92000000,,10936.17000000,3.04054054,-0.67114094,-0.02000000,,天孚通信
2017-10-24,300394,2.95000000,2.98000000,3.02000000,2.88000000,,12581.63000000,4.69798658,0.67567568,0.02000000,,天孚通信
2017-10-25,300394,2.97000000,3.12000000,3.12000000,2.95000000,,13657.07000000,5.44871795,4.69798658,0.14000000,,天孚通信
2017-10-26,300394,3.14000000,3.09000000,3.20000000,3.09000000,,14217.82000000,3.55987055,-0.96153846,-0.03000000,,天孚通信
2017-10-27,300394,3.07000000,2.95000000,3.11000000,2.94000000,,12314.12000000,5.76271186,-4.53074434,-0.14000000,,天孚通信
2017-10-30,300394,2.95000000,2.67000000,2.98000000,2.67000000,,16320.67000000,11.61048689,-9.49152542,-0.28000000,,天孚通信
2017-10-31,300394,2.67000000,2.74000000,2.79000000,2.66000000,,8458.82000000,4.74452555,2.62172285,0.07000000,,天孚通信
2017-11-01,300394,2.74000000,2.80000000,2.85000000,2.69000000,,11111.00000000,5.71428571,2.18978102,0.06000000,,天孚通信
2017-11-02,300394,2.79000000,2.80000000,2.88000000,2.71000000,,9658.50000000,6.07142857,0.00000000,0.00000000,,天孚通信
2017-11-03,300394,2.78000000,2.88000000,2.89000000,2.77000000,,11759.47000000,4.16666667,2.85714286,0.08000000,,天孚通信
2017-11-06,300394,2.92000000,2.96000000,2.97000000,2.88000000,,10658.00000000,3.04054054,2.77777778,0.08000000,,天孚通信
2017-11-07,300394,2.96000000,2.84000000,2.96000000,2.80000000,,15125.38000000,5.63380282,-4.05405405,-0.12000000,,天孚通信
2017-11-08,300394,2.83000000,2.81000000,2.90000000,2.80000000,,13686.35000000,3.55871886,-1.05633803,-0.03000000,,天孚通信
2017-11-09,300394,2.78000000,2.84000000,2.86000000,2.78000000,,8638.95000000,2.81690141,1.06761566,0.03000000,,天孚通信
2017-11-10,300394,2.84000000,3.24000000,3.26000000,2.84000000,,44925.21000000,12.96296296,14.08450704,0.40000000,,天孚通信
2017-11-13,300394,3.27000000,3.20000000,3.27000000,3.14000000,,30730.14000000,4.06250000,-1.23456790,-0.04000000,,天孚通信
2017-11-14,300394,3.18000000,3.09000000,3.27000000,3.08000000,,28917.50000000,6.14886731,-3.43750000,-0.11000000,,天孚通信
2017-11-15,300394,3.09000000,3.34000000,3.37000000,3.09000000,,45234.13000000,8.38323353,8.09061489,0.25000000,,天孚通信
2017-11-16,300394,3.27000000,3.20000000,3.28000000,3.15000000,,26190.50000000,4.06250000,-4.19161677,-0.14000000,,天孚通信
2017-11-17,300394,3.14000000,2.74000000,3.23000000,2.64000000,,34919.26000000,21.53284672,-14.37500000,-0.46000000,,天孚通信
2017-11-20,300394,2.74000000,2.74000000,2.74000000,2.36000000,,21191.00000000,13.86861314,0.00000000,0.00000000,,天孚通信
2017-11-21,300394,2.70000000,2.83000000,3.03000000,2.66000000,,23122.57000000,13.07420495,3.28467153,0.09000000,,天孚通信
2017-11-22,300394,2.78000000,2.90000000,3.00000000,2.69000000,,17141.07000000,10.68965517,2.47349823,0.07000000,,天孚通信
2017-11-23,300394,2.86000000,2.78000000,2.94000000,2.72000000,,14732.21000000,7.91366906,-4.13793103,-0.12000000,,天孚通信
2017-11-24,300394,2.78000000,2.92000000,3.04000000,2.78000000,,28245.13000000,8.90410959,5.03597122,0.14000000,,天孚通信
2017-11-27,300394,2.85000000,2.43000000,2.89000000,2.39000000,,26042.50000000,20.57613169,-16.78082192,-0.49000000,,天孚通信
2017-11-28,300394,2.39000000,2.56000000,2.56000000,2.36000000,,10238.71000000,7.81250000,5.34979424,0.13000000,,天孚通信
2017-11-29,300394,2.58000000,2.54000000,2.62000000,2.39000000,,9933.00000000,9.05511811,-0.78125000,-0.02000000,,天孚通信
2017-11-30,300394,2.46000000,2.45000000,2.56000000,2.42000000,,7632.50000000,5.71428571,-3.54330709,-0.09000000,,天孚通信
2017-12-01,300394,2.46000000,2.53000000,2.56000000,2.46000000,,11000.93000000,3.95256917,3.26530612,0.08000000,,天孚通信
2017-12-04,300394,2.53000000,2.45000000,2.57000000,2.40000000,,8982.99000000,6.93877551,-3.16205534,-0.08000000,,天孚通信
2017-12-05,300394,2.41000000,2.20000000,2.45000000,2.16000000,,12759.20000000,13.18181818,-10.20408163,-0.25000000,,天孚通信
2017-12-06,300394,2.19000000,2.29000000,2.30000000,2.16000000,,9215.24000000,6.11353712,4.09090909,0.09000000,,天孚通信
2017-12-07,300394,2.29000000,2.20000000,2.36000000,2.19000000,,15238.47000000,7.72727273,-3.93013100,-0.09000000,,天孚通信
2017-12-08,300394,2.17000000,2.37000000,2.49000000,2.16000000,,16220.98000000,13.92405063,7.72727273,0.17000000,,天孚通信
2017-12-11,300394,2.35000000,2.42000000,2.42000000,2.32000000,,10996.16000000,4.13223140,2.10970464,0.05000000,,天孚通信
2017-12-12,300394,2.42000000,2.32000000,2.42000000,2.29000000,,10664.54000000,5.60344828,-4.13223140,-0.10000000,,天孚通信
2017-12-13,300394,2.33000000,2.42000000,2.42000000,2.26000000,,16954.37000000,6.61157025,4.31034483,0.10000000,,天孚通信
2017-12-14,300394,2.43000000,2.40000000,2.43000000,2.32000000,,12826.37000000,4.58333333,-0.82644628,-0.02000000,,天孚通信
2017-12-15,300394,2.37000000,2.27000000,2.40000000,2.23000000,,13431.31000000,7.48898678,-5.41666667,-0.13000000,,天孚通信
2017-12-18,300394,2.26000000,2.14000000,2.30000000,2.10000000,,10019.78000000,9.34579439,-5.72687225,-0.13000000,,天孚通信
2017-12-19,300394,2.17000000,2.22000000,2.22000000,2.13000000,,7010.17000000,4.05405405,3.73831776,0.08000000,,天孚通信
2017-12-20,300394,2.21000000,2.12000000,2.21000000,2.10000000,,8503.00000000,5.18867925,-4.50450450,-0.10000000,,天孚通信
2017-12-21,300394,2.11000000,2.24000000,2.30000000,2.06000000,,16215.95000000,10.71428571,5.66037736,0.12000000,,天孚通信
2017-12-22,300394,2.22000000,2.16000000,2.27000000,2.13000000,,9902.67000000,6.48148148,-3.57142857,-0.08000000,,天孚通信
2017-12-25,300394,2.15000000,2.09000000,2.16000000,2.06000000,,7592.28000000,4.78468900,-3.24074074,-0.07000000,,天孚通信
2017-12-26,300394,2.13000000,2.17000000,2.22000000,2.08000000,,7024.54000000,6.45161290,3.82775120,0.08000000,,天孚通信
2017-12-27,300394,2.17000000,2.05000000,2.17000000,2.04000000,,7314.81000000,6.34146341,-5.52995392,-0.12000000,,天孚通信
2017-12-28,300394,2.06000000,2.08000000,2.17000000,2.01000000,,8322.76000000,7.69230769,1.46341463,0.03000000,,天孚通信
2017-12-29,300394,2.08000000,2.13000000,2.13000000,2.07000000,,6403.50000000,2.81690141,2.40384615,0.05000000,,天孚通信
2018-01-02,300394,2.13000000,2.18000000,2.21000000,2.10000000,,8138.46000000,5.04587156,2.34741784,0.05000000,,天孚通信
2018-01-03,300394,2.18000000,2.29000000,2.32000000,2.16000000,,15039.37000000,6.98689956,5.04587156,0.11000000,,天孚通信
2018-01-04,300394,2.27000000,2.27000000,2.31000000,2.23000000,,9225.05000000,3.52422907,-0.87336245,-0.02000000,,天孚通信
2018-01-05,300394,2.27000000,2.28000000,2.36000000,2.26000000,,9568.93000000,4.38596491,0.44052863,0.01000000,,天孚通信
2018-01-08,300394,2.26000000,2.23000000,2.28000000,2.18000000,,6315.54000000,4.48430493,-2.19298246,-0.05000000,,天孚通信
2018-01-09,300394,2.22000000,2.26000000,2.28000000,2.21000000,,5710.66000000,3.09734513,1.34529148,0.03000000,,天孚通信
2018-01-10,300394,2.26000000,2.19000000,2.26000000,2.12000000,,8126.57000000,6.39269406,-3.09734513,-0.07000000,,天孚通信
2018-01-11,300394,2.16000000,2.24000000,2.29000000,2.15000000,,9987.58000000,6.25000000,2.28310502,0.05000000,,天孚通信
2018-01-12,300394,2.25000000,2.20000000,2.26000000,2.20000000,,5372.50000000,2.72727273,-1.78571429,-0.04000000,,天孚通信
2018-01-15,300394,2.16000000,2.01000000,2.20000000,2.00000000,,9657.50000000,9.95024876,-8.63636364,-0.19000000,,天孚通信
2018-01-16,300394,2.01000000,1.99000000,2.07000000,1.94000000,,7375.71000000,6.53266332,-0.99502488,-0.02000000,,天孚通信
2018-01-17,300394,2.00000000,2.04000000,2.08000000,1.94000000,,8495.73000000,6.86274510,2.51256281,0.05000000,,天孚通信
2018-01-18,300394,2.02000000,1.96000000,2.05000000,1.95000000,,8005.48000000,5.10204082,-3.92156863,-0.08000000,,天孚通信
2018-01-19,300394,1.96000000,1.92000000,2.01000000,1.92000000,,7378.23000000,4.68750000,-2.04081633,-0.04000000,,天孚通信
2018-01-22,300394,1.92000000,1.95000000,1.96000000,1.77000000,,11096.72000000,9.74358974,1.56250000,0.03000000,,天孚通信
2018-01-23,300394,1.89000000,1.79000000,1.89000000,1.77000000,,15820.73000000,6.70391061,-8.20512821,-0.16000000,,天孚通信
2018-01-24,300394,1.79000000,1.80000000,1.82000000,1.65000000,,17775.02000000,9.44444444,0.55865922,0.01000000,,天孚通信
2018-01-25,300394,1.79000000,1.81000000,1.92000000,1.75000000,,18683.15000000,9.39226519,0.55555556,0.01000000,,天孚通信
2018-01-26,300394,1.77000000,1.73000000,1.84000000,1.73000000,,12497.00000000,6.35838150,-4.41988950,-0.08000000,,天孚通信
2018-01-29,300394,1.74000000,1.58000000,1.74000000,1.57000000,,15994.67000000,10.75949367,-8.67052023,-0.15000000,,天孚通信
2018-01-30,300394,1.59000000,1.53000000,1.60000000,1.51000000,,9523.00000000,5.88235294,-3.16455696,-0.05000000,,天孚通信
2018-01-31,300394,1.52000000,1.26000000,1.53000000,1.20000000,,16678.97000000,26.19047619,-17.64705882,-0.27000000,,天孚通信
2018-02-01,300394,1.27000000,1.07000000,1.29000000,1.06000000,,14761.13000000,21.49532710,-15.07936508,-0.19000000,,天孚通信
2018-02-02,300394,1.06000000,1.08000000,1.13000000,0.98000000,,11866.00000000,13.88888889,0.93457944,0.01000000,,天孚通信
2018-02-05,300394,1.00000000,1.02000000,1.10000000,0.98000000,,7012.43000000,11.76470588,-5.55555556,-0.06000000,,天孚通信
2018-02-06,300394,0.90000000,0.79000000,0.98000000,0.78000000,,14023.50000000,25.31645570,-22.54901961,-0.23000000,,天孚通信
2018-02-07,300394,0.89000000,0.81000000,0.89000000,0.66000000,,13244.86000000,28.39506173,2.53164557,0.02000000,,天孚通信
2018-02-08,300394,0.80000000,0.89000000,0.92000000,0.76000000,,12559.83000000,17.97752809,9.87654321,0.08000000,,天孚通信
2018-02-09,300394,0.80000000,0.81000000,0.87000000,0.74000000,,10737.57000000,16.04938272,-8.98876404,-0.08000000,,天孚通信
2018-02-12,300394,0.85000000,0.90000000,0.94000000,0.84000000,,10035.50000000,11.11111111,11.11111111,0.09000000,,天孚通信
2018-02-13,300394,0.92000000,0.84000000,0.92000000,0.82000000,,13178.43000000,11.90476190,-6.66666667,-0.06000000,,天孚通信
2018-02-14,300394,0.81000000,0.81000000,0.85000000,0.81000000,,7524.50000000,4.93827160,-3.57142857,-0.03000000,,天孚通信
2018-02-22,300394,0.84000000,0.87000000,0.90000000,0.81000000,,10911.82000000,10.34482759,7.40740741,0.06000000,,天孚通信
2018-02-23,300394,0.90000000,0.92000000,0.94000000,0.86000000,,12313.54000000,8.69565217,5.74712644,0.05000000,,天孚通信
2018-02-26,300394,0.94000000,1.25000000,1.25000000,0.94000000,,29524.60000000,24.80000000,35.86956522,0.33000000,,天孚通信
2018-02-27,300394,1.28000000,1.32000000,1.45000000,1.26000000,,51811.96000000,14.39393939,5.60000000,0.07000000,,天孚通信
2018-02-28,300394,1.25000000,1.30000000,1.30000000,1.16000000,,27996.52000000,10.76923077,-1.51515152,-0.02000000,,天孚通信
2018-03-01,300394,1.24000000,1.36000000,1.39000000,1.22000000,,29721.58000000,12.50000000,4.61538462,0.06000000,,天孚通信
2018-03-02,300394,1.32000000,1.35000000,1.48000000,1.30000000,,32503.37000000,13.33333333,-0.73529412,-0.01000000,,天孚通信
2018-03-05,300394,1.33000000,1.45000000,1.51000000,1.30000000,,33595.87000000,14.48275862,7.40740741,0.10000000,,天孚通信
2018-03-06,300394,1.51000000,1.39000000,1.56000000,1.36000000,,45227.63000000,14.38848921,-4.13793103,-0.06000000,,天孚通信
2018-03-07,300394,1.38000000,1.31000000,1.38000000,1.30000000,,26170.21000000,6.10687023,-5.75539568,-0.08000000,,天孚通信
2018-03-08,300394,1.29000000,1.48000000,1.49000000,1.29000000,,37770.22000000,13.51351351,12.97709924,0.17000000,,天孚通信
2018-03-09,300394,1.51000000,1.62000000,1.64000000,1.45000000,,49061.86000000,11.72839506,9.45945946,0.14000000,,天孚通信
2018-03-12,300394,1.64000000,1.63000000,1.71000000,1.58000000,,47849.84000000,7.97546012,0.61728395,0.01000000,,天孚通信
2018-03-13,300394,1.64000000,1.55000000,1.64000000,1.54000000,,30211.37000000,6.45161290,-4.90797546,-0.08000000,,天孚通信
2018-03-14,300394,1.53000000,1.47000000,1.56000000,1.46000000,,25991.40000000,6.80272109,-5.16129032,-0.08000000,,天孚通信
2018-03-15,300394,1.42000000,1.42000000,1.45000000,1.31000000,,23868.52000000,9.85915493,-3.40136054,-0.05000000,,天孚通信
2018-03-16,300394,1.43000000,1.38000000,1.47000000,1.37000000,,15825.22000000,7.24637681,-2.81690141,-0.04000000,,天孚通信
2018-03-19,300394,1.37000000,1.42000000,1.50000000,1.35000000,,16989.86000000,10.56338028,2.89855072,0.04000000,,天孚通信
2018-03-20,300394,1.26000000,1.30000000,1.32000000,1.20000000,,40157.13000000,9.23076923,-8.45070423,-0.12000000,,天孚通信
2018-03-21,300394,1.32000000,1.29000000,1.42000000,1.29000000,,25513.58000000,10.07751938,-0.76923077,-0.01000000,,天孚通信
2018-03-22,300394,1.29000000,1.37000000,1.37000000,1.28000000,,16608.22000000,6.56934307,6.20155039,0.08000000,,天孚通信
2018-03-23,300394,1.22000000,1.05000000,1.29000000,1.02000000,,27664.08000000,25.71428571,-23.35766423,-0.32000000,,天孚通信
2018-03-26,300394,1.01000000,1.13000000,1.14000000,0.89000000,,17590.80000000,22.12389381,7.61904762,0.08000000,,天孚通信
2018-03-27,300394,1.16000000,1.30000000,1.31000000,1.16000000,,25809.29000000,11.53846154,15.04424779,0.17000000,,天孚通信
2018-03-28,300394,1.23000000,1.40000000,1.44000000,1.23000000,,30632.20000000,15.00000000,7.69230769,0.10000000,,天孚通信
2018-03-29,300394,1.41000000,1.38000000,1.49000000,1.33000000,,18179.33000000,11.59420290,-1.42857143,-0.02000000,,天孚通信
2018-03-30,300394,1.38000000,1.55000000,1.55000000,1.37000000,,31994.63000000,11.61290323,12.31884058,0.17000000,,天孚通信
2018-04-02,300394,1.61000000,1.53000000,1.65000000,1.47000000,,35683.63000000,11.76470588,-1.29032258,-0.02000000,,天孚通信
2018-04-03,300394,1.47000000,1.48000000,1.50000000,1.37000000,,19813.77000000,8.78378378,-3.26797386,-0.05000000,,天孚通信
2018-04-04,300394,1.47000000,1.37000000,1.53000000,1.33000000,,21256.53000000,14.59854015,-7.43243243,-0.11000000,,天孚通信
2018-04-09,300394,1.37000000,1.53000000,1.53000000,1.28000000,,28845.45000000,16.33986928,11.67883212,0.16000000,,天孚通信
2018-04-10,300394,1.53000000,1.56000000,1.61000000,1.47000000,,32628.83000000,8.97435897,1.96078431,0.03000000,,天孚通信
2018-04-11,300394,1.57000000,1.69000000,1.72000000,1.53000000,,39406.96000000,11.24260355,8.33333333,0.13000000,,天孚通信
2018-04-12,300394,1.66000000,1.60000000,1.70000000,1.58000000,,26350.79000000,7.50000000,-5.32544379,-0.09000000,,天孚通信
2018-04-13,300394,1.62000000,1.65000000,1.68000000,1.57000000,,25627.48000000,6.66666667,3.12500000,0.05000000,,天孚通信
2018-04-16,300394,1.65000000,1.68000000,1.77000000,1.61000000,,27531.37000000,9.52380952,1.81818182,0.03000000,,天孚通信
2018-04-17,300394,1.81000000,1.94000000,2.05000000,1.69000000,,88702.64000000,18.55670103,15.47619048,0.26000000,,天孚通信
2018-04-18,300394,2.05000000,2.04000000,2.12000000,1.76000000,,97367.42000000,17.64705882,5.15463918,0.10000000,,天孚通信
2018-04-19,300394,1.85000000,1.85000000,1.97000000,1.85000000,,53382.13000000,6.48648649,-9.31372549,-0.19000000,,天孚通信
2018-04-20,300394,1.80000000,1.86000000,1.98000000,1.73000000,,42376.06000000,13.44086022,0.54054054,0.01000000,,天孚通信
2018-04-23,300394,1.78000000,1.68000000,1.84000000,1.58000000,,34437.02000000,15.47619048,-9.67741935,-0.18000000,,天孚通信
2018-04-24,300394,1.67000000,1.73000000,1.75000000,1.64000000,,23729.00000000,6.35838150,2.97619048,0.05000000,,天孚通信
2018-04-25,300394,1.73000000,1.92000000,1.96000000,1.70000000,,46360.54000000,13.54166667,10.98265896,0.19000000,,天孚通信
2018-04-26,300394,1.88000000,1.74000000,1.92000000,1.73000000,,32166.48000000,10.91954023,-9.37500000,-0.18000000,,天孚通信
2018-04-27,300394,1.79000000,1.65000000,1.81000000,1.65000000,,23318.97000000,9.69696970,-5.17241379,-0.09000000,,天孚通信
2018-05-02,300394,1.65000000,1.47000000,1.67000000,1.44000000,,26187.54000000,15.64625850,-10.90909091,-0.18000000,,天孚通信
2018-05-03,300394,1.45000000,1.56000000,1.57000000,1.44000000,,18185.87000000,8.33333333,6.12244898,0.09000000,,天孚通信
2018-05-04,300394,1.53000000,1.50000000,1.59000000,1.46000000,,16491.81000000,8.66666667,-3.84615385,-0.06000000,,天孚通信
2018-05-07,300394,1.48000000,1.60000000,1.60000000,1.48000000,,15886.00000000,7.50000000,6.66666667,0.10000000,,天孚通信
2018-05-08,300394,1.60000000,1.62000000,1.64000000,1.57000000,,16148.64000000,4.32098765,1.25000000,0.02000000,,天孚通信
2018-05-09,300394,1.62000000,1.80000000,1.80000000,1.60000000,,30390.10000000,11.11111111,11.11111111,0.18000000,,天孚通信
2018-05-10,300394,1.76000000,1.78000000,1.79000000,1.72000000,,23308.84000000,3.93258427,-1.11111111,-0.02000000,,天孚通信
2018-05-11,300394,1.76000000,1.63000000,1.80000000,1.63000000,,21137.25000000,10.42944785,-8.42696629,-0.15000000,,天孚通信
2018-05-14,300394,1.77000000,1.64000000,1.79000000,1.64000000,,23797.60000000,9.14634146,0.61349693,0.01000000,,天孚通信
2018-05-15,300394,1.59000000,1.64000000,1.65000000,1.53000000,,18791.64000000,7.31707317,0.00000000,0.00000000,,天孚通信
2018-05-16,300394,1.61000000,1.53000000,1.61000000,1.53000000,,12039.50000000,5.22875817,-6.70731707,-0.11000000,,天孚通信
2018-05-17,300394,1.53000000,1.57000000,1.58000000,1.53000000,,10027.64000000,3.18471338,2.61437908,0.04000000,,天孚通信
2018-05-18,300394,1.56000000,1.59000000,1.63000000,1.53000000,,12376.57000000,6.28930818,1.27388535,0.02000000,,天孚通信
2018-05-21,300394,1.60000000,1.84000000,1.98000000,1.60000000,,56170.66000000,20.65217391,15.72327044,0.25000000,,天孚通信
2018-05-22,300394,1.80000000,2.20000000,2.25000000,1.78000000,,129756.52000000,21.36363636,19.56521739,0.36000000,,天孚通信
2018-05-23,300394,2.06000000,1.94000000,2.10000000,1.92000000,,91113.95000000,9.27835052,-11.81818182,-0.26000000,,天孚通信
2018-05-24,300394,1.99000000,1.96000000,2.11000000,1.96000000,,61271.05000000,7.65306122,1.03092784,0.02000000,,天孚通信
2018-05-25,300394,1.89000000,1.86000000,1.91000000,1.82000000,,35910.89000000,4.83870968,-5.10204082,-0.10000000,,天孚通信
2018-05-28,300394,1.88000000,1.83000000,1.95000000,1.82000000,,32668.38000000,7.10382514,-1.61290323,-0.03000000,,天孚通信
2018-05-29,300394,1.82000000,1.85000000,1.93000000,1.74000000,,27466.69000000,10.27027027,1.09289617,0.02000000,,天孚通信
2018-05-30,300394,1.74000000,1.56000000,1.74000000,1.51000000,,41618.08000000,14.74358974,-15.67567568,-0.29000000,,天孚通信
2018-05-31,300394,1.59000000,1.62000000,1.64000000,1.53000000,,21758.00000000,6.79012346,3.84615385,0.06000000,,天孚通信
2018-06-01,300394,1.61000000,1.46000000,1.63000000,1.43000000,,24565.03000000,13.69863014,-9.87654321,-0.16000000,,天孚通信
2018-06-04,300394,1.47000000,1.47000000,1.54000000,1.43000000,,12157.03000000,7.48299320,0.68493151,0.01000000,,天孚通信
2018-06-05,300394,1.49000000,1.60000000,1.63000000,1.48000000,,26459.50000000,9.37500000,8.84353741,0.13000000,,天孚通信
2018-06-06,300394,1.61000000,1.57000000,1.63000000,1.50000000,,24315.19000000,8.28025478,-1.87500000,-0.03000000,,天孚通信
2018-06-07,300394,1.57000000,1.42000000,1.60000000,1.42000000,,18979.22000000,12.67605634,-9.55414013,-0.15000000,,天孚通信
2018-06-08,300394,1.43000000,1.59000000,1.71000000,1.43000000,,35985.91000000,17.61006289,11.97183099,0.17000000,,天孚通信
2018-06-11,300394,1.56000000,1.47000000,1.56000000,1.44000000,,18997.29000000,8.16326531,-7.54716981,-0.12000000,,天孚通信
2018-06-12,300394,1.46000000,1.42000000,1.51000000,1.32000000,,18926.64000000,13.38028169,-3.40136054,-0.05000000,,天孚通信
2018-06-13,300394,1.36000000,1.35000000,1.49000000,1.35000000,,14832.59000000,10.37037037,-4.92957746,-0.07000000,,天孚通信
2018-06-14,300394,1.31000000,1.37000000,1.39000000,1.31000000,,11015.94000000,5.83941606,1.48148148,0.02000000,,天孚通信
2018-06-15,300394,1.37000000,1.26000000,1.42000000,1.21000000,,15312.64000000,16.66666667,-8.02919708,-0.11000000,,天孚通信
2018-06-19,300394,1.18000000,0.95000000,1.19000000,0.90000000,,25185.99000000,30.52631579,-24.60317460,-0.31000000,,天孚通信
2018-06-20,300394,0.91000000,1.01000000,1.05000000,0.91000000,,12613.00000000,13.86138614,6.31578947,0.06000000,,天孚通信
2018-06-21,300394,1.01000000,0.95000000,1.05000000,0.92000000,,9832.00000000,13.68421053,-5.94059406,-0.06000000,,天孚通信
2018-06-22,300394,0.95000000,1.07000000,1.08000000,0.93000000,,10316.78000000,14.01869159,12.63157895,0.12000000,,天孚通信
2018-06-25,300394,1.11000000,1.05000000,1.16000000,1.05000000,,9066.00000000,10.47619048,-1.86915888,-0.02000000,,天孚通信
2018-06-26,300394,1.01000000,1.19000000,1.21000000,0.97000000,,14658.11000000,20.16806723,13.33333333,0.14000000,,天孚通信
2018-06-27,300394,1.18000000,1.17000000,1.20000000,1.12000000,,9444.00000000,6.83760684,-1.68067227,-0.02000000,,天孚通信
2018-06-28,300394,1.20000000,1.14000000,1.24000000,1.14000000,,9166.00000000,8.77192982,-2.56410256,-0.03000000,,天孚通信
2018-06-29,300394,1.15000000,1.25000000,1.27000000,1.14000000,,12749.50000000,10.40000000,9.64912281,0.11000000,,天孚通信
2018-07-02,300394,1.23000000,1.15000000,1.27000000,1.10000000,,13447.50000000,14.78260870,-8.00000000,-0.10000000,,天孚通信
2018-07-03,300394,1.15000000,1.31000000,1.31000000,1.15000000,,18459.50000000,12.21374046,13.91304348,0.16000000,,天孚通信
2018-07-04,300394,1.28000000,1.21000000,1.32000000,1.17000000,,15632.50000000,12.39669421,-7.63358779,-0.10000000,,天孚通信
2018-07-05,300394,1.17000000,1.06000000,1.22000000,1.06000000,,12835.50000000,15.09433962,-12.39669421,-0.15000000,,天孚通信
2018-07-06,300394,1.05000000,1.14000000,1.21000000,1.02000000,,14076.17000000,16.66666667,7.54716981,0.08000000,,天孚通信
2018-07-09,300394,1.14000000,1.22000000,1.24000000,1.14000000,,8750.70000000,8.19672131,7.01754386,0.08000000,,天孚通信
2018-07-10,300394,1.23000000,1.25000000,1.28000000,1.20000000,,11150.70000000,6.40000000,2.45901639,0.03000000,,天孚通信
2018-07-18,300394,1.61000000,1.37000000,1.61000000,1.37000000,,55626.67000000,17.51824818,9.60000000,0.12000000,,天孚通信
2018-07-19,300394,1.33000000,1.23000000,1.35000000,1.21000000,,33269.88000000,11.38211382,-10.21897810,-0.14000000,,天孚通信
2018-07-20,300394,1.17000000,1.28000000,1.33000000,1.16000000,,20852.50000000,13.28125000,4.06504065,0.05000000,,天孚通信
2018-07-23,300394,1.25000000,1.32000000,1.40000000,1.24000000,,24276.88000000,12.12121212,3.12500000,0.04000000,,天孚通信
2018-07-24,300394,1.29000000,1.34000000,1.36000000,1.27000000,,14434.31000000,6.71641791,1.51515152,0.02000000,,天孚通信
2018-07-25,300394,1.33000000,1.26000000,1.36000000,1.25000000,,16251.66000000,8.73015873,-5.97014925,-0.08000000,,天孚通信
2018-07-26,300394,1.26000000,1.21000000,1.27000000,1.20000000,,11092.38000000,5.78512397,-3.96825397,-0.05000000,,天孚通信
2018-07-27,300394,1.22000000,1.13000000,1.22000000,1.13000000,,9016.00000000,7.96460177,-6.61157025,-0.08000000,,天孚通信
2018-07-30,300394,1.11000000,1.13000000,1.15000000,1.09000000,,9473.00000000,5.30973451,0.00000000,0.00000000,,天孚通信
2018-07-31,300394,1.11000000,1.13000000,1.16000000,1.11000000,,4972.96000000,4.42477876,0.00000000,0.00000000,,天孚通信
2018-08-01,300394,1.15000000,1.19000000,1.23000000,1.13000000,,12705.46000000,8.40336134,5.30973451,0.06000000,,天孚通信
2018-08-02,300394,1.19000000,1.22000000,1.22000000,1.04000000,,13758.00000000,14.75409836,2.52100840,0.03000000,,天孚通信
2018-08-03,300394,1.21000000,1.14000000,1.23000000,1.11000000,,5863.50000000,10.52631579,-6.55737705,-0.08000000,,天孚通信
2018-08-06,300394,1.13000000,1.09000000,1.16000000,1.08000000,,5807.85000000,7.33944954,-4.38596491,-0.05000000,,天孚通信
2018-08-07,300394,1.10000000,1.18000000,1.19000000,1.08000000,,5554.10000000,9.32203390,8.25688073,0.09000000,,天孚通信
2018-08-08,300394,1.18000000,1.11000000,1.22000000,1.10000000,,8531.44000000,10.81081081,-5.93220339,-0.07000000,,天孚通信
2018-08-09,300394,1.10000000,1.29000000,1.34000000,1.06000000,,23148.96000000,21.70542636,16.21621622,0.18000000,,天孚通信
2018-08-10,300394,1.27000000,1.30000000,1.35000000,1.25000000,,14376.50000000,7.69230769,0.77519380,0.01000000,,天孚通信
2018-08-13,300394,1.27000000,1.37000000,1.45000000,1.23000000,,14854.39000000,16.05839416,5.38461538,0.07000000,,天孚通信
2018-08-14,300394,1.32000000,1.31000000,1.35000000,1.30000000,,8343.00000000,3.81679389,-4.37956204,-0.06000000,,天孚通信
2018-08-15,300394,1.31000000,1.27000000,1.38000000,1.27000000,,14277.50000000,8.66141732,-3.05343511,-0.04000000,,天孚通信
2018-08-16,300394,1.25000000,1.35000000,1.42000000,1.18000000,,24831.50000000,17.77777778,6.29921260,0.08000000,,天孚通信
2018-08-17,300394,1.36000000,1.28000000,1.39000000,1.25000000,,16408.51000000,10.93750000,-5.18518519,-0.07000000,,天孚通信
2018-08-20,300394,1.30000000,1.53000000,1.58000000,1.24000000,,40307.76000000,22.22222222,19.53125000,0.25000000,,天孚通信
2018-08-21,300394,1.50000000,1.59000000,1.63000000,1.47000000,,39437.71000000,10.06289308,3.92156863,0.06000000,,天孚通信
2018-08-22,300394,1.54000000,1.51000000,1.61000000,1.47000000,,25426.68000000,9.27152318,-5.03144654,-0.08000000,,天孚通信
2018-08-23,300394,1.48000000,1.67000000,1.77000000,1.48000000,,40460.50000000,17.36526946,10.59602649,0.16000000,,天孚通信
2018-08-24,300394,1.63000000,1.69000000,1.82000000,1.59000000,,32714.10000000,13.60946746,1.19760479,0.02000000,,天孚通信
2018-08-27,300394,1.69000000,1.95000000,2.02000000,1.65000000,,53050.69000000,18.97435897,15.38461538,0.26000000,,天孚通信
2018-08-28,300394,1.96000000,1.96000000,2.22000000,1.88000000,,70250.27000000,17.34693878,0.51282051,0.01000000,,天孚通信
2018-08-29,300394,1.96000000,2.02000000,2.02000000,1.88000000,,26469.65000000,6.93069307,3.06122449,0.06000000,,天孚通信
2018-08-30,300394,2.01000000,1.83000000,2.01000000,1.78000000,,29682.09000000,12.56830601,-9.40594059,-0.19000000,,天孚通信
2018-08-31,300394,1.85000000,1.89000000,1.90000000,1.79000000,,24125.45000000,5.82010582,3.27868852,0.06000000,,天孚通信
2018-09-03,300394,1.83000000,1.98000000,1.99000000,1.68000000,,26942.28000000,15.65656566,4.76190476,0.09000000,,天孚通信
2018-09-04,300394,1.92000000,1.99000000,2.00000000,1.86000000,,25323.98000000,7.03517588,0.50505051,0.01000000,,天孚通信
2018-09-05,300394,1.92000000,1.83000000,2.07000000,1.80000000,,27141.17000000,14.75409836,-8.04020101,-0.16000000,,天孚通信
2018-09-06,300394,1.80000000,1.87000000,1.96000000,1.78000000,,19162.25000000,9.62566845,2.18579235,0.04000000,,天孚通信
2018-09-07,300394,1.84000000,1.78000000,1.99000000,1.71000000,,18455.35000000,15.73033708,-4.81283422,-0.09000000,,天孚通信
2018-09-10,300394,1.77000000,1.80000000,1.94000000,1.73000000,,22943.98000000,11.66666667,1.12359551,0.02000000,,天孚通信
2018-09-11,300394,1.81000000,2.05000000,2.05000000,1.69000000,,37929.80000000,17.56097561,13.88888889,0.25000000,,天孚通信
2018-09-12,300394,2.00000000,2.05000000,2.14000000,1.97000000,,30117.74000000,8.29268293,0.00000000,0.00000000,,天孚通信
2018-09-13,300394,2.10000000,2.12000000,2.16000000,1.94000000,,29949.16000000,10.37735849,3.41463415,0.07000000,,天孚通信
2018-09-14,300394,2.08000000,2.12000000,2.18000000,2.02000000,,26452.35000000,7.54716981,0.00000000,0.00000000,,天孚通信
2018-09-17,300394,2.08000000,2.03000000,2.09000000,1.97000000,,16432.70000000,5.91133005,-4.24528302,-0.09000000,,天孚通信
2018-09-18,300394,1.95000000,1.92000000,2.02000000,1.80000000,,28791.69000000,11.45833333,-5.41871921,-0.11000000,,天孚通信
2018-09-19,300394,1.87000000,2.12000000,2.13000000,1.83000000,,28023.51000000,14.15094340,10.41666667,0.20000000,,天孚通信
2018-09-20,300394,2.08000000,2.02000000,2.21000000,2.02000000,,19758.03000000,9.40594059,-4.71698113,-0.10000000,,天孚通信
2018-09-21,300394,2.02000000,2.06000000,2.10000000,1.92000000,,15996.52000000,8.73786408,1.98019802,0.04000000,,天孚通信
2018-09-25,300394,2.02000000,1.98000000,2.04000000,1.92000000,,15407.09000000,6.06060606,-3.88349515,-0.08000000,,天孚通信
2018-09-26,300394,1.85000000,1.85000000,1.86000000,1.56000000,,56018.53000000,16.21621622,-6.56565657,-0.13000000,,天孚通信
2018-09-27,300394,1.77000000,1.73000000,1.82000000,1.69000000,,20531.40000000,7.51445087,-6.48648649,-0.12000000,,天孚通信
2018-09-28,300394,1.73000000,1.72000000,1.76000000,1.67000000,,14279.71000000,5.23255814,-0.57803468,-0.01000000,,天孚通信
2018-10-08,300394,1.61000000,1.68000000,1.81000000,1.56000000,,13678.41000000,14.88095238,-2.32558140,-0.04000000,,天孚通信
2018-10-09,300394,1.68000000,1.58000000,1.77000000,1.57000000,,12941.31000000,12.65822785,-5.95238095,-0.10000000,,天孚通信
2018-10-10,300394,1.61000000,1.97000000,1.97000000,1.61000000,,34396.80000000,18.27411168,24.68354430,0.39000000,,天孚通信
2018-10-11,300394,1.92000000,1.76000000,1.94000000,1.59000000,,41695.00000000,19.88636364,-10.65989848,-0.21000000,,天孚通信
2018-10-12,300394,1.75000000,2.06000000,2.11000000,1.71000000,,45576.60000000,19.41747573,17.04545455,0.30000000,,天孚通信
2018-10-15,300394,2.02000000,2.23000000,2.42000000,2.02000000,,51284.95000000,17.93721973,8.25242718,0.17000000,,天孚通信
2018-10-16,300394,2.24000000,2.16000000,2.27000000,2.10000000,,32928.50000000,7.87037037,-3.13901345,-0.07000000,,天孚通信
2018-10-17,300394,2.24000000,2.32000000,2.35000000,2.07000000,,43599.44000000,12.06896552,7.40740741,0.16000000,,天孚通信
2018-10-18,300394,2.23000000,2.13000000,2.23000000,2.01000000,,31072.68000000,10.32863850,-8.18965517,-0.19000000,,天孚通信
2018-10-19,300394,2.01000000,2.51000000,2.52000000,1.99000000,,47272.61000000,21.11553785,17.84037559,0.38000000,,天孚通信
2018-10-22,300394,2.66000000,2.76000000,2.92000000,2.53000000,,69536.70000000,14.13043478,9.96015936,0.25000000,,天孚通信
2018-10-23,300394,2.65000000,2.76000000,2.78000000,2.57000000,,47649.48000000,7.60869565,0.00000000,0.00000000,,天孚通信
2018-10-24,300394,2.66000000,2.67000000,2.75000000,2.60000000,,29634.32000000,5.61797753,-3.26086957,-0.09000000,,天孚通信
2018-10-25,300394,2.43000000,2.79000000,2.93000000,2.41000000,,50060.23000000,18.63799283,4.49438202,0.12000000,,天孚通信
2018-10-26,300394,2.76000000,3.11000000,3.21000000,2.76000000,,57355.88000000,14.46945338,11.46953405,0.32000000,,天孚通信
2018-10-29,300394,3.04000000,2.91000000,3.04000000,2.87000000,,40361.85000000,5.84192440,-6.43086817,-0.20000000,,天孚通信
2018-10-30,300394,2.87000000,2.89000000,3.16000000,2.78000000,,46526.80000000,13.14878893,-0.68728522,-0.02000000,,天孚通信
2018-10-31,300394,2.85000000,2.86000000,2.94000000,2.76000000,,31721.15000000,6.29370629,-1.03806228,-0.03000000,,天孚通信
2018-11-01,300394,2.85000000,2.92000000,3.13000000,2.85000000,,45449.85000000,9.58904110,2.09790210,0.06000000,,天孚通信
2018-11-02,300394,3.03000000,2.89000000,3.11000000,2.75000000,,45587.83000000,12.45674740,-1.02739726,-0.03000000,,天孚通信
2018-11-05,300394,2.87000000,2.85000000,2.87000000,2.58000000,,66207.81000000,10.17543860,-1.38408304,-0.04000000,,天孚通信
2018-11-06,300394,2.76000000,2.82000000,2.86000000,2.69000000,,35714.55000000,6.02836879,-1.05263158,-0.03000000,,天孚通信
2018-11-07,300394,2.81000000,2.76000000,2.92000000,2.70000000,,51033.67000000,7.97101449,-2.12765957,-0.06000000,,天孚通信
2018-11-08,300394,2.80000000,2.90000000,2.97000000,2.71000000,,47474.23000000,8.96551724,5.07246377,0.14000000,,天孚通信
2018-11-09,300394,2.88000000,3.17000000,3.38000000,2.81000000,,68603.13000000,17.98107256,9.31034483,0.27000000,,天孚通信
2018-11-12,300394,3.13000000,3.22000000,3.29000000,3.13000000,,46900.79000000,4.96894410,1.57728707,0.05000000,,天孚通信
2018-11-13,300394,3.14000000,3.04000000,3.37000000,3.02000000,,75703.01000000,11.51315789,-5.59006211,-0.18000000,,天孚通信
2018-11-14,300394,3.03000000,2.93000000,3.05000000,2.91000000,,36834.80000000,4.77815700,-3.61842105,-0.11000000,,天孚通信
2018-11-15,300394,2.90000000,3.03000000,3.03000000,2.86000000,,38566.34000000,5.61056106,3.41296928,0.10000000,,天孚通信
2018-11-16,300394,2.99000000,3.06000000,3.12000000,2.96000000,,38080.76000000,5.22875817,0.99009901,0.03000000,,天孚通信
2018-11-19,300394,3.06000000,3.04000000,3.10000000,2.80000000,,43495.20000000,9.86842105,-0.65359477,-0.02000000,,天孚通信
2018-11-20,300394,2.95000000,2.83000000,3.03000000,2.76000000,,32669.49000000,9.54063604,-6.90789474,-0.21000000,,天孚通信
2018-11-21,300394,2.75000000,2.78000000,2.90000000,2.74000000,,22817.27000000,5.75539568,-1.76678445,-0.05000000,,天孚通信
2018-11-22,300394,2.83000000,2.65000000,2.89000000,2.61000000,,30234.48000000,10.56603774,-4.67625899,-0.13000000,,天孚通信
2018-11-23,300394,2.70000000,2.67000000,2.74000000,2.55000000,,32102.32000000,7.11610487,0.75471698,0.02000000,,天孚通信
2018-11-26,300394,2.59000000,2.72000000,2.76000000,2.59000000,,28383.00000000,6.25000000,1.87265918,0.05000000,,天孚通信
2018-11-27,300394,2.73000000,2.78000000,2.87000000,2.70000000,,32022.10000000,6.11510791,2.20588235,0.06000000,,天孚通信
2018-11-28,300394,2.75000000,2.82000000,2.85000000,2.66000000,,24224.77000000,6.73758865,1.43884892,0.04000000,,天孚通信
2018-11-29,300394,2.83000000,2.50000000,2.86000000,2.50000000,,30805.24000000,14.40000000,-11.34751773,-0.32000000,,天孚通信
2018-11-30,300394,2.47000000,2.65000000,2.68000000,2.45000000,,22157.57000000,8.67924528,6.00000000,0.15000000,,天孚通信
2018-12-03,300394,2.84000000,3.02000000,3.07000000,2.81000000,,55260.53000000,8.60927152,13.96226415,0.37000000,,天孚通信
2018-12-04,300394,2.99000000,3.03000000,3.06000000,2.95000000,,29828.22000000,3.63036304,0.33112583,0.01000000,,天孚通信
2018-12-05,300394,2.93000000,2.94000000,3.05000000,2.90000000,,32319.56000000,5.10204082,-2.97029703,-0.09000000,,天孚通信
2018-12-06,300394,2.83000000,2.44000000,2.83000000,2.41000000,,61117.72000000,17.21311475,-17.00680272,-0.50000000,,天孚通信
2018-12-07,300394,2.45000000,2.63000000,2.68000000,2.45000000,,39510.48000000,8.74524715,7.78688525,0.19000000,,天孚通信
2018-12-10,300394,2.66000000,2.79000000,2.89000000,2.63000000,,41271.00000000,9.31899642,6.08365019,0.16000000,,天孚通信
2018-12-11,300394,2.89000000,2.89000000,3.03000000,2.77000000,,43996.44000000,8.99653979,3.58422939,0.10000000,,天孚通信
2018-12-12,300394,3.00000000,2.74000000,3.05000000,2.72000000,,34998.04000000,12.04379562,-5.19031142,-0.15000000,,天孚通信
2018-12-13,300394,2.87000000,2.82000000,2.91000000,2.79000000,,37899.85000000,4.25531915,2.91970803,0.08000000,,天孚通信
2018-12-14,300394,2.74000000,2.62000000,2.79000000,2.57000000,,36638.64000000,8.39694656,-7.09219858,-0.20000000,,天孚通信
2018-12-17,300394,2.61000000,2.48000000,2.63000000,2.40000000,,31933.87000000,9.27419355,-5.34351145,-0.14000000,,天孚通信
2018-12-18,300394,2.44000000,2.38000000,2.45000000,2.27000000,,37822.27000000,7.56302521,-4.03225806,-0.10000000,,天孚通信
2018-12-19,300394,2.40000000,2.34000000,2.47000000,2.31000000,,25792.65000000,6.83760684,-1.68067227,-0.04000000,,天孚通信
2018-12-20,300394,2.32000000,2.36000000,2.41000000,2.28000000,,25615.33000000,5.50847458,0.85470085,0.02000000,,天孚通信
2018-12-21,300394,2.33000000,2.34000000,2.40000000,2.27000000,,25946.64000000,5.55555556,-0.84745763,-0.02000000,,天孚通信
2018-12-24,300394,2.36000000,2.64000000,2.64000000,2.36000000,,51755.61000000,10.60606061,12.82051282,0.30000000,,天孚通信
2018-12-25,300394,2.54000000,2.83000000,2.92000000,2.51000000,,57263.85000000,14.48763251,7.19696970,0.19000000,,天孚通信
2018-12-26,300394,2.79000000,2.67000000,2.80000000,2.67000000,,34734.93000000,4.86891386,-5.65371025,-0.16000000,,天孚通信
2018-12-27,300394,2.75000000,2.66000000,2.80000000,2.63000000,,34639.17000000,6.39097744,-0.37453184,-0.01000000,,天孚通信
2018-12-28,300394,2.67000000,2.56000000,2.71000000,2.54000000,,26647.70000000,6.64062500,-3.75939850,-0.10000000,,天孚通信
2019-01-02,300394,2.61000000,2.81000000,2.82000000,2.54000000,,41601.30000000,9.96441281,9.76562500,0.25000000,,天孚通信
2019-01-03,300394,2.79000000,2.45000000,2.79000000,2.45000000,,48881.50000000,13.87755102,-12.81138790,-0.36000000,,天孚通信
2019-01-04,300394,2.33000000,2.66000000,2.69000000,2.33000000,,35751.92000000,13.53383459,8.57142857,0.21000000,,天孚通信
2019-01-07,300394,2.66000000,2.89000000,2.95000000,2.66000000,,51388.25000000,10.03460208,8.64661654,0.23000000,,天孚通信
2019-01-08,300394,2.85000000,2.86000000,2.92000000,2.75000000,,34393.05000000,5.94405594,-1.03806228,-0.03000000,,天孚通信
2019-01-09,300394,2.89000000,2.81000000,3.01000000,2.78000000,,38835.38000000,8.18505338,-1.74825175,-0.05000000,,天孚通信
2019-01-10,300394,2.82000000,3.01000000,3.11000000,2.77000000,,56922.75000000,11.29568106,7.11743772,0.20000000,,天孚通信
2019-01-11,300394,3.06000000,2.99000000,3.19000000,2.93000000,,48893.91000000,8.69565217,-0.66445183,-0.02000000,,天孚通信
2019-01-14,300394,2.97000000,3.09000000,3.10000000,2.84000000,,36273.82000000,8.41423948,3.34448161,0.10000000,,天孚通信
2019-01-15,300394,2.99000000,3.12000000,3.18000000,2.89000000,,45686.12000000,9.29487179,0.97087379,0.03000000,,天孚通信
2019-01-16,300394,3.09000000,3.14000000,3.33000000,3.05000000,,42259.10000000,8.91719745,0.64102564,0.02000000,,天孚通信
2019-01-17,300394,3.12000000,3.01000000,3.21000000,3.00000000,,30264.57000000,6.97674419,-4.14012739,-0.13000000,,天孚通信
2019-01-18,300394,3.01000000,3.06000000,3.10000000,2.90000000,,26569.63000000,6.53594771,1.66112957,0.05000000,,天孚通信
2019-01-21,300394,3.03000000,3.16000000,3.22000000,3.00000000,,29325.33000000,6.96202532,3.26797386,0.10000000,,天孚通信
2019-01-22,300394,3.13000000,3.03000000,3.16000000,3.00000000,,27750.14000000,5.28052805,-4.11392405,-0.13000000,,天孚通信
2019-01-23,300394,3.01000000,2.97000000,3.07000000,2.91000000,,21882.90000000,5.38720539,-1.98019802,-0.06000000,,天孚通信
2019-01-24,300394,2.95000000,3.04000000,3.17000000,2.93000000,,26160.32000000,7.89473684,2.35690236,0.07000000,,天孚通信
2019-01-25,300394,3.04000000,3.07000000,3.17000000,2.99000000,,25045.33000000,5.86319218,0.98684211,0.03000000,,天孚通信
2019-01-28,300394,3.07000000,2.99000000,3.10000000,2.95000000,,18769.78000000,5.01672241,-2.60586319,-0.08000000,,天孚通信
2019-01-29,300394,2.98000000,2.79000000,2.98000000,2.71000000,,28505.51000000,9.67741935,-6.68896321,-0.20000000,,天孚通信
2019-01-30,300394,2.74000000,2.89000000,3.07000000,2.74000000,,30595.00000000,11.41868512,3.58422939,0.10000000,,天孚通信
2019-01-31,300394,2.97000000,3.00000000,3.16000000,2.86000000,,29294.43000000,10.00000000,3.80622837,0.11000000,,天孚通信
2019-02-01,300394,3.00000000,3.27000000,3.29000000,2.98000000,,37250.09000000,9.48012232,9.00000000,0.27000000,,天孚通信
2019-02-11,300394,3.33000000,3.72000000,3.76000000,3.29000000,,58229.57000000,12.63440860,13.76146789,0.45000000,,天孚通信
2019-02-12,300394,3.73000000,3.67000000,3.76000000,3.64000000,,35621.84000000,3.26975477,-1.34408602,-0.05000000,,天孚通信
2019-02-13,300394,3.65000000,3.74000000,3.98000000,3.64000000,,61900.80000000,9.09090909,1.90735695,0.07000000,,天孚通信
2019-02-14,300394,3.72000000,3.68000000,3.74000000,3.62000000,,28898.15000000,3.26086957,-1.60427807,-0.06000000,,天孚通信
2019-02-15,300394,3.72000000,3.65000000,3.86000000,3.62000000,,35740.44000000,6.57534247,-0.81521739,-0.03000000,,天孚通信
2019-02-18,300394,3.80000000,3.82000000,3.87000000,3.66000000,,46777.07000000,5.49738220,4.65753425,0.17000000,,天孚通信
2019-02-19,300394,3.86000000,4.08000000,4.18000000,3.86000000,,66432.34000000,7.84313725,6.80628272,0.26000000,,天孚通信
2019-02-20,300394,3.94000000,3.88000000,3.98000000,3.71000000,,57387.60000000,6.95876289,-4.90196078,-0.20000000,,天孚通信
2019-02-21,300394,3.84000000,3.95000000,4.26000000,3.76000000,,58763.56000000,12.65822785,1.80412371,0.07000000,,天孚通信
2019-02-22,300394,3.93000000,4.38000000,4.40000000,3.90000000,,53908.93000000,11.41552511,10.88607595,0.43000000,,天孚通信
2019-02-25,300394,4.55000000,4.74000000,4.88000000,4.33000000,,66441.70000000,11.60337553,8.21917808,0.36000000,,天孚通信
2019-02-26,300394,4.56000000,4.42000000,4.85000000,4.42000000,,59071.01000000,9.72850679,-6.75105485,-0.32000000,,天孚通信
2019-02-27,300394,4.35000000,4.23000000,4.53000000,4.19000000,,37472.37000000,8.03782506,-4.29864253,-0.19000000,,天孚通信
2019-02-28,300394,4.24000000,4.38000000,4.44000000,4.22000000,,28946.93000000,5.02283105,3.54609929,0.15000000,,天孚通信
2019-03-01,300394,4.39000000,4.49000000,4.50000000,4.25000000,,25639.93000000,5.56792873,2.51141553,0.11000000,,天孚通信
2019-03-04,300394,4.54000000,4.51000000,4.66000000,4.39000000,,38334.54000000,5.98669623,0.44543430,0.02000000,,天孚通信
2019-03-05,300394,4.45000000,4.60000000,4.62000000,4.32000000,,39984.58000000,6.52173913,1.99556541,0.09000000,,天孚通信
2019-03-06,300394,4.61000000,4.56000000,4.65000000,4.43000000,,33852.00000000,4.82456140,-0.86956522,-0.04000000,,天孚通信
2019-03-07,300394,4.48000000,4.30000000,4.56000000,4.22000000,,42406.21000000,7.90697674,-5.70175439,-0.26000000,,天孚通信
2019-03-08,300394,4.20000000,4.33000000,4.79000000,4.15000000,,58090.56000000,14.78060046,0.69767442,0.03000000,,天孚通信
2019-03-11,300394,4.39000000,4.48000000,4.59000000,4.31000000,,55476.83000000,6.25000000,3.46420323,0.15000000,,天孚通信
2019-03-12,300394,4.47000000,4.44000000,4.53000000,4.36000000,,47837.16000000,3.82882883,-0.89285714,-0.04000000,,天孚通信
2019-03-13,300394,4.42000000,4.14000000,4.43000000,4.06000000,,34641.18000000,8.93719807,-6.75675676,-0.30000000,,天孚通信
2019-03-14,300394,4.07000000,4.07000000,4.25000000,3.95000000,,26885.95000000,7.37100737,-1.69082126,-0.07000000,,天孚通信
2019-03-15,300394,4.12000000,3.97000000,4.22000000,3.83000000,,40664.27000000,9.82367758,-2.45700246,-0.10000000,,天孚通信
2019-03-18,300394,3.96000000,4.31000000,4.31000000,3.95000000,,34823.63000000,8.35266821,8.56423174,0.34000000,,天孚通信
2019-03-19,300394,4.35000000,4.18000000,4.39000000,4.14000000,,24900.82000000,5.98086124,-3.01624130,-0.13000000,,天孚通信
2019-03-20,300394,4.28000000,4.19000000,4.33000000,4.06000000,,27873.67000000,6.44391408,0.23923445,0.01000000,,天孚通信
2019-03-21,300394,4.21000000,4.16000000,4.29000000,4.14000000,,26187.53000000,3.60576923,-0.71599045,-0.03000000,,天孚通信
2019-03-22,300394,4.19000000,4.35000000,4.37000000,4.02000000,,34402.07000000,8.04597701,4.56730769,0.19000000,,天孚通信
2019-03-25,300394,4.26000000,4.33000000,4.48000000,4.18000000,,33784.12000000,6.92840647,-0.45977011,-0.02000000,,天孚通信
2019-03-26,300394,4.32000000,3.84000000,4.38000000,3.71000000,,38931.28000000,17.44791667,-11.31639723,-0.49000000,,天孚通信
2019-03-27,300394,3.88000000,3.91000000,3.97000000,3.79000000,,18683.30000000,4.60358056,1.82291667,0.07000000,,天孚通信
2019-03-28,300394,3.92000000,3.88000000,4.21000000,3.86000000,,23880.89000000,9.02061856,-0.76726343,-0.03000000,,天孚通信
2019-03-29,300394,3.86000000,4.13000000,4.16000000,3.75000000,,30004.69000000,9.92736077,6.44329897,0.25000000,,天孚通信
2019-04-01,300394,4.22000000,4.42000000,4.49000000,4.15000000,,33987.36000000,7.69230769,7.02179177,0.29000000,,天孚通信
2019-04-02,300394,4.55000000,4.32000000,4.55000000,4.30000000,,23897.45000000,5.78703704,-2.26244344,-0.10000000,,天孚通信
2019-04-03,300394,4.29000000,4.33000000,4.42000000,4.21000000,,19804.00000000,4.84988453,0.23148148,0.01000000,,天孚通信
2019-04-04,300394,4.33000000,4.16000000,4.40000000,4.04000000,,32034.12000000,8.65384615,-3.92609700,-0.17000000,,天孚通信
2019-04-08,300394,4.15000000,4.06000000,4.23000000,3.92000000,,30390.72000000,7.63546798,-2.40384615,-0.10000000,,天孚通信
2019-04-09,300394,3.94000000,4.07000000,4.22000000,3.89000000,,45216.22000000,8.10810811,0.24630542,0.01000000,,天孚通信
2019-04-10,300394,4.02000000,4.08000000,4.21000000,3.94000000,,34394.60000000,6.61764706,0.24570025,0.01000000,,天孚通信
2019-04-11,300394,4.08000000,3.91000000,4.20000000,3.89000000,,28097.86000000,7.92838875,-4.16666667,-0.17000000,,天孚通信
2019-04-12,300394,3.79000000,3.83000000,3.96000000,3.78000000,,18548.64000000,4.69973890,-2.04603581,-0.08000000,,天孚通信
2019-04-15,300394,3.94000000,4.03000000,4.22000000,3.94000000,,48092.87000000,6.94789082,5.22193211,0.20000000,,天孚通信
2019-04-16,300394,4.05000000,4.66000000,4.66000000,4.00000000,,72659.83000000,14.16309013,15.63275434,0.63000000,,天孚通信
2019-04-17,300394,4.80000000,4.87000000,5.08000000,4.66000000,,91101.92000000,8.62422998,4.50643777,0.21000000,,天孚通信
2019-04-18,300394,4.83000000,4.96000000,5.03000000,4.69000000,,60945.64000000,6.85483871,1.84804928,0.09000000,,天孚通信
2019-04-19,300394,4.89000000,4.69000000,4.91000000,4.45000000,,60113.09000000,9.80810235,-5.44354839,-0.27000000,,天孚通信
2019-04-22,300394,4.64000000,4.51000000,4.87000000,4.51000000,,45481.91000000,7.98226164,-3.83795309,-0.18000000,,天孚通信
2019-04-23,300394,4.59000000,4.36000000,4.64000000,4.33000000,,32486.90000000,7.11009174,-3.32594235,-0.15000000,,天孚通信
2019-04-24,300394,4.43000000,4.42000000,4.46000000,4.24000000,,31738.16000000,4.97737557,1.37614679,0.06000000,,天孚通信
2019-04-25,300394,4.33000000,4.00000000,4.42000000,3.97000000,,46001.20000000,11.25000000,-9.50226244,-0.42000000,,天孚通信
2019-04-26,300394,3.93000000,4.02000000,4.20000000,3.82000000,,41480.84000000,9.45273632,0.50000000,0.02000000,,天孚通信
2019-04-29,300394,4.02000000,3.67000000,4.12000000,3.64000000,,45991.97000000,13.07901907,-8.70646766,-0.35000000,,天孚通信
2019-04-30,300394,3.71000000,3.67000000,3.80000000,3.60000000,,25662.84000000,5.44959128,0.00000000,0.00000000,,天孚通信
2019-05-06,300394,3.45000000,3.07000000,3.45000000,3.07000000,,26447.28000000,12.37785016,-16.34877384,-0.60000000,,天孚通信
2019-05-07,300394,3.05000000,2.95000000,3.09000000,2.79000000,,40081.16000000,10.16949153,-3.90879479,-0.12000000,,天孚通信
2019-05-08,300394,2.78000000,2.96000000,3.11000000,2.77000000,,32850.71000000,11.48648649,0.33898305,0.01000000,,天孚通信
2019-05-09,300394,2.88000000,2.98000000,3.11000000,2.88000000,,26583.66000000,7.71812081,0.67567568,0.02000000,,天孚通信
2019-05-10,300394,3.11000000,3.27000000,3.31000000,2.95000000,,38001.77000000,11.00917431,9.73154362,0.29000000,,天孚通信
2019-05-13,300394,3.30000000,3.15000000,3.30000000,3.10000000,,24946.01000000,6.34920635,-3.66972477,-0.12000000,,天孚通信
2019-05-14,300394,3.01000000,3.23000000,3.31000000,3.01000000,,28336.39000000,9.28792570,2.53968254,0.08000000,,天孚通信
2019-05-15,300394,3.30000000,3.25000000,3.35000000,3.19000000,,27675.77000000,4.92307692,0.61919505,0.02000000,,天孚通信
2019-05-16,300394,3.22000000,3.23000000,3.26000000,3.05000000,,27074.22000000,6.50154799,-0.61538462,-0.02000000,,天孚通信
2019-05-17,300394,3.20000000,2.92000000,3.32000000,2.89000000,,30827.98000000,14.72602740,-9.59752322,-0.31000000,,天孚通信
2019-05-20,300394,2.89000000,2.71000000,2.89000000,2.40000000,,61138.14000000,18.08118081,-7.19178082,-0.21000000,,天孚通信
2019-05-21,300394,2.79000000,3.21000000,3.21000000,2.74000000,,60954.75000000,14.64174455,18.45018450,0.50000000,,天孚通信
2019-05-22,300394,3.24000000,3.25000000,3.48000000,3.12000000,,59244.36000000,11.07692308,1.24610592,0.04000000,,天孚通信
2019-05-23,300394,3.30000000,3.06000000,3.30000000,2.98000000,,43070.89000000,10.45751634,-5.84615385,-0.19000000,,天孚通信
2019-05-24,300394,2.99000000,2.62000000,3.12000000,2.53000000,,68716.49000000,22.51908397,-14.37908497,-0.44000000,,天孚通信
2019-05-27,300394,2.72000000,3.10000000,3.10000000,2.71000000,,55438.56000000,12.58064516,18.32061069,0.48000000,,天孚通信
2019-05-28,300394,3.37000000,3.10000000,3.38000000,2.92000000,,71445.60000000,14.83870968,0.00000000,0.00000000,,天孚通信
2019-05-29,300394,3.10000000,3.17000000,3.26000000,3.01000000,,49393.45000000,7.88643533,2.25806452,0.07000000,,天孚通信
2019-05-30,300394,3.17000000,3.06000000,3.17000000,2.98000000,,38021.35000000,6.20915033,-3.47003155,-0.11000000,,天孚通信
2019-05-31,300394,3.06000000,3.10000000,3.25000000,3.06000000,,38954.02000000,6.12903226,1.30718954,0.04000000,,天孚通信
2019-06-03,300394,3.14000000,3.20000000,3.34000000,2.75000000,,76660.06000000,18.43750000,3.22580645,0.10000000,,天孚通信
2019-06-04,300394,3.21000000,3.30000000,3.38000000,3.12000000,,78850.69000000,7.87878788,3.12500000,0.10000000,,天孚通信
2019-06-05,300394,3.37000000,3.49000000,3.56000000,3.18000000,,78384.92000000,10.88825215,5.75757576,0.19000000,,天孚通信
2019-06-06,300394,3.50000000,3.10000000,3.50000000,3.01000000,,64672.35000000,15.80645161,-11.17478510,-0.39000000,,天孚通信
2019-06-10,300394,3.11000000,3.25000000,3.35000000,3.05000000,,43643.04000000,9.23076923,4.83870968,0.15000000,,天孚通信
2019-06-11,300394,3.25000000,3.39000000,3.40000000,3.08000000,,62501.75000000,9.43952802,4.30769231,0.14000000,,天孚通信
2019-06-12,300394,3.33000000,3.31000000,3.49000000,3.30000000,,49213.18000000,5.74018127,-2.35988201,-0.08000000,,天孚通信
2019-06-13,300394,3.27000000,3.28000000,3.40000000,3.25000000,,32416.00000000,4.57317073,-0.90634441,-0.03000000,,天孚通信
2019-06-14,300394,3.29000000,3.01000000,3.32000000,2.98000000,,45726.38000000,11.29568106,-8.23170732,-0.27000000,,天孚通信
2019-06-17,300394,3.02000000,3.00000000,3.09000000,2.94000000,,23414.59000000,5.00000000,-0.33222591,-0.01000000,,天孚通信
2019-06-18,300394,3.05000000,2.98000000,3.05000000,2.92000000,,17394.57000000,4.36241611,-0.66666667,-0.02000000,,天孚通信
2019-06-19,300394,3.21000000,3.07000000,3.24000000,3.06000000,,39571.08000000,5.86319218,3.02013423,0.09000000,,天孚通信
2019-06-20,300394,3.10000000,3.15000000,3.19000000,2.93000000,,36303.39000000,8.25396825,2.60586319,0.08000000,,天孚通信
2019-06-21,300394,3.18000000,3.25000000,3.33000000,3.17000000,,40871.50000000,4.92307692,3.17460317,0.10000000,,天孚通信
2019-06-24,300394,3.25000000,3.22000000,3.27000000,3.16000000,,20314.46000000,3.41614907,-0.92307692,-0.03000000,,天孚通信
2019-06-25,300394,3.22000000,3.17000000,3.25000000,3.05000000,,20959.00000000,6.30914826,-1.55279503,-0.05000000,,天孚通信
2019-06-26,300394,3.14000000,3.21000000,3.30000000,3.08000000,,26243.14000000,6.85358255,1.26182965,0.04000000,,天孚通信
2019-06-27,300394,3.31000000,3.44000000,3.48000000,3.31000000,,53992.55000000,4.94186047,7.16510903,0.23000000,,天孚通信
2019-06-28,300394,3.41000000,3.33000000,3.41000000,3.18000000,,36528.00000000,6.90690691,-3.19767442,-0.11000000,,天孚通信
2019-07-01,300394,3.54000000,3.77000000,3.85000000,3.51000000,,64506.72000000,9.01856764,13.21321321,0.44000000,,天孚通信
2019-07-02,300394,3.71000000,3.69000000,3.75000000,3.62000000,,23350.79000000,3.52303523,-2.12201592,-0.08000000,,天孚通信
2019-07-03,300394,3.69000000,3.85000000,3.87000000,3.61000000,,35640.79000000,6.75324675,4.33604336,0.16000000,,天孚通信
2019-07-04,300394,3.81000000,3.65000000,3.84000000,3.64000000,,23759.25000000,5.47945205,-5.19480519,-0.20000000,,天孚通信
2019-07-05,300394,3.66000000,3.62000000,3.74000000,3.56000000,,19402.00000000,4.97237569,-0.82191781,-0.03000000,,天孚通信
2019-07-08,300394,3.69000000,3.50000000,3.69000000,3.47000000,,21912.93000000,6.28571429,-3.31491713,-0.12000000,,天孚通信
2019-07-09,300394,3.51000000,3.81000000,4.01000000,3.47000000,,42481.00000000,14.17322835,8.85714286,0.31000000,,天孚通信
2019-07-10,300394,3.87000000,3.70000000,3.97000000,3.66000000,,28824.00000000,8.37837838,-2.88713911,-0.11000000,,天孚通信
2019-07-11,300394,3.79000000,3.75000000,3.84000000,3.68000000,,23534.81000000,4.26666667,1.35135135,0.05000000,,天孚通信
2019-07-12,300394,3.71000000,3.83000000,3.95000000,3.71000000,,25067.87000000,6.26631854,2.13333333,0.08000000,,天孚通信
2019-07-15,300394,3.83000000,4.18000000,4.29000000,3.80000000,,38822.28000000,11.72248804,9.13838120,0.35000000,,天孚通信
2019-07-16,300394,4.20000000,4.26000000,4.42000000,4.14000000,,38113.01000000,6.57276995,1.91387560,0.08000000,,天孚通信
2019-07-17,300394,4.24000000,4.17000000,4.37000000,4.14000000,,29686.61000000,5.51558753,-2.11267606,-0.09000000,,天孚通信
2019-07-18,300394,4.03000000,4.09000000,4.28000000,4.03000000,,24801.15000000,6.11246944,-1.91846523,-0.08000000,,天孚通信
2019-07-19,300394,4.04000000,4.04000000,4.21000000,4.02000000,,23040.74000000,4.70297030,-1.22249389,-0.05000000,,天孚通信
2019-07-22,300394,4.03000000,3.96000000,4.10000000,3.77000000,,21319.55000000,8.33333333,-1.98019802,-0.08000000,,天孚通信
2019-07-23,300394,3.83000000,4.04000000,4.07000000,3.83000000,,19066.94000000,5.94059406,2.02020202,0.08000000,,天孚通信
2019-07-24,300394,4.07000000,4.26000000,4.28000000,4.07000000,,25159.87000000,4.92957746,5.44554455,0.22000000,,天孚通信
2019-07-25,300394,4.22000000,4.25000000,4.41000000,4.18000000,,29567.64000000,5.41176471,-0.23474178,-0.01000000,,天孚通信
2019-07-26,300394,4.24000000,4.28000000,4.32000000,4.18000000,,14283.93000000,3.27102804,0.70588235,0.03000000,,天孚通信
2019-07-29,300394,4.30000000,4.43000000,4.48000000,4.28000000,,23861.77000000,4.51467269,3.50467290,0.15000000,,天孚通信
2019-07-30,300394,4.37000000,4.40000000,4.57000000,4.32000000,,28654.00000000,5.68181818,-0.67720090,-0.03000000,,天孚通信
2019-07-31,300394,4.38000000,4.28000000,4.48000000,4.27000000,,17745.99000000,4.90654206,-2.72727273,-0.12000000,,天孚通信
2019-08-01,300394,4.28000000,4.49000000,4.54000000,4.20000000,,28384.68000000,7.57238307,4.90654206,0.21000000,,天孚通信
2019-08-02,300394,4.27000000,4.17000000,4.33000000,4.10000000,,35160.56000000,5.51558753,-7.12694878,-0.32000000,,天孚通信
2019-08-05,300394,4.06000000,4.03000000,4.24000000,3.92000000,,48377.41000000,7.94044665,-3.35731415,-0.14000000,,天孚通信
2019-08-06,300394,4.01000000,4.04000000,4.07000000,3.78000000,,35779.11000000,7.17821782,0.24813896,0.01000000,,天孚通信
2019-08-07,300394,4.10000000,3.73000000,4.12000000,3.71000000,,42085.32000000,10.99195710,-7.67326733,-0.31000000,,天孚通信
2019-08-08,300394,3.72000000,3.81000000,3.83000000,3.66000000,,28894.77000000,4.46194226,2.14477212,0.08000000,,天孚通信
2019-08-09,300394,3.83000000,3.83000000,4.01000000,3.73000000,,33440.00000000,7.31070496,0.52493438,0.02000000,,天孚通信
2019-08-12,300394,3.83000000,4.23000000,4.24000000,3.72000000,,47002.11000000,12.29314421,10.44386423,0.40000000,,天孚通信
2019-08-13,300394,4.07000000,4.50000000,4.52000000,4.04000000,,66678.93000000,10.66666667,6.38297872,0.27000000,,天孚通信
2019-08-14,300394,4.72000000,4.46000000,4.72000000,4.42000000,,52748.71000000,6.72645740,-0.88888889,-0.04000000,,天孚通信
2019-08-15,300394,4.24000000,4.48000000,4.52000000,4.24000000,,47517.90000000,6.25000000,0.44843049,0.02000000,,天孚通信
2019-08-16,300394,4.43000000,4.42000000,4.54000000,4.31000000,,54871.00000000,5.20361991,-1.33928571,-0.06000000,,天孚通信
2019-08-19,300394,4.47000000,4.59000000,4.67000000,4.35000000,,51846.76000000,6.97167756,3.84615385,0.17000000,,天孚通信
2019-08-20,300394,4.58000000,4.48000000,4.65000000,4.47000000,,35774.50000000,4.01785714,-2.39651416,-0.11000000,,天孚通信
2019-08-21,300394,4.49000000,4.70000000,4.85000000,4.46000000,,65520.60000000,8.29787234,4.91071429,0.22000000,,天孚通信
2019-08-22,300394,4.68000000,4.66000000,4.76000000,4.55000000,,40914.94000000,4.50643777,-0.85106383,-0.04000000,,天孚通信
2019-08-23,300394,4.67000000,4.47000000,4.67000000,4.41000000,,39267.95000000,5.81655481,-4.07725322,-0.19000000,,天孚通信
2019-08-26,300394,4.32000000,4.41000000,4.46000000,4.28000000,,36491.44000000,4.08163265,-1.34228188,-0.06000000,,天孚通信
2019-08-27,300394,4.46000000,4.43000000,4.54000000,4.35000000,,31860.44000000,4.28893905,0.45351474,0.02000000,,天孚通信
2019-08-28,300394,4.41000000,4.32000000,4.47000000,4.31000000,,24387.94000000,3.70370370,-2.48306998,-0.11000000,,天孚通信
2019-08-29,300394,4.38000000,4.34000000,4.43000000,4.29000000,,22021.00000000,3.22580645,0.46296296,0.02000000,,天孚通信
2019-08-30,300394,4.38000000,4.05000000,4.39000000,3.97000000,,46607.36000000,10.37037037,-6.68202765,-0.29000000,,天孚通信
2019-09-02,300394,4.09000000,4.50000000,4.51000000,4.07000000,,53628.95000000,9.77777778,11.11111111,0.45000000,,天孚通信
2019-09-03,300394,4.50000000,4.69000000,4.74000000,4.44000000,,57987.11000000,6.39658849,4.22222222,0.19000000,,天孚通信
2019-09-04,300394,4.63000000,4.76000000,4.90000000,4.60000000,,54157.31000000,6.30252101,1.49253731,0.07000000,,天孚通信
2019-09-05,300394,4.84000000,5.47000000,5.47000000,4.84000000,,84845.53000000,11.51736746,14.91596639,0.71000000,,天孚通信
2019-09-06,300394,5.61000000,5.71000000,6.10000000,5.47000000,,110232.60000000,11.03327496,4.38756856,0.24000000,,天孚通信
2019-09-09,300394,5.79000000,5.86000000,5.92000000,5.64000000,,82961.57000000,4.77815700,2.62697023,0.15000000,,天孚通信
2019-09-10,300394,5.79000000,5.64000000,5.87000000,5.53000000,,58939.83000000,6.02836879,-3.75426621,-0.22000000,,天孚通信
2019-09-11,300394,5.75000000,5.51000000,5.75000000,5.41000000,,47302.18000000,6.17059891,-2.30496454,-0.13000000,,天孚通信
2019-09-12,300394,5.63000000,5.48000000,5.63000000,5.39000000,,31740.79000000,4.37956204,-0.54446461,-0.03000000,,天孚通信
2019-09-16,300394,5.51000000,5.80000000,5.81000000,5.44000000,,59315.95000000,6.37931034,5.83941606,0.32000000,,天孚通信
2019-09-17,300394,5.67000000,5.43000000,5.71000000,5.23000000,,47584.99000000,8.83977901,-6.37931034,-0.37000000,,天孚通信
2019-09-18,300394,5.42000000,5.35000000,5.44000000,5.23000000,,25164.02000000,3.92523364,-1.47329650,-0.08000000,,天孚通信
2019-09-19,300394,5.39000000,5.42000000,5.46000000,5.25000000,,24886.55000000,3.87453875,1.30841121,0.07000000,,天孚通信
2019-09-20,300394,5.37000000,5.32000000,5.51000000,5.31000000,,35433.70000000,3.75939850,-1.84501845,-0.10000000,,天孚通信
2019-09-23,300394,5.25000000,5.35000000,5.43000000,5.24000000,,32308.44000000,3.55140187,0.56390977,0.03000000,,天孚通信
2019-09-24,300394,5.43000000,5.53000000,5.72000000,5.31000000,,47416.39000000,7.41410488,3.36448598,0.18000000,,天孚通信
2019-09-25,300394,5.41000000,5.14000000,5.49000000,4.96000000,,44821.63000000,10.31128405,-7.05244123,-0.39000000,,天孚通信
2019-09-26,300394,5.12000000,4.81000000,5.19000000,4.76000000,,38719.33000000,8.93970894,-6.42023346,-0.33000000,,天孚通信
2019-09-27,300394,4.87000000,4.89000000,4.98000000,4.80000000,,23413.49000000,3.68098160,1.66320166,0.08000000,,天孚通信
2019-09-30,300394,4.88000000,4.72000000,4.94000000,4.72000000,,20305.64000000,4.66101695,-3.47648262,-0.17000000,,天孚通信
2019-10-08,300394,4.81000000,4.69000000,4.86000000,4.62000000,,20527.83000000,5.11727079,-0.63559322,-0.03000000,,天孚通信
2019-10-09,300394,4.69000000,4.92000000,4.95000000,4.56000000,,26926.44000000,7.92682927,4.90405117,0.23000000,,天孚通信
2019-10-10,300394,4.93000000,5.13000000,5.15000000,4.88000000,,31728.39000000,5.26315789,4.26829268,0.21000000,,天孚通信
2019-10-11,300394,5.12000000,5.10000000,5.21000000,4.99000000,,29179.09000000,4.31372549,-0.58479532,-0.03000000,,天孚通信
2019-10-14,300394,5.19000000,5.16000000,5.19000000,5.03000000,,25076.98000000,3.10077519,1.17647059,0.06000000,,天孚通信
2019-10-15,300394,5.17000000,5.29000000,5.49000000,5.17000000,,59179.74000000,6.04914934,2.51937984,0.13000000,,天孚通信
2019-10-16,300394,5.27000000,5.33000000,5.53000000,5.27000000,,30107.29000000,4.87804878,0.75614367,0.04000000,,天孚通信
2019-10-17,300394,5.34000000,5.23000000,5.39000000,5.16000000,,25163.80000000,4.39770554,-1.87617261,-0.10000000,,天孚通信
2019-10-18,300394,5.25000000,5.08000000,5.33000000,5.06000000,,22000.62000000,5.31496063,-2.86806883,-0.15000000,,天孚通信
2019-10-21,300394,5.03000000,5.05000000,5.14000000,4.86000000,,19812.99000000,5.54455446,-0.59055118,-0.03000000,,天孚通信
2019-10-22,300394,5.11000000,5.49000000,5.50000000,5.05000000,,45242.52000000,8.19672131,8.71287129,0.44000000,,天孚通信
2019-10-23,300394,5.49000000,5.39000000,5.53000000,5.35000000,,29037.96000000,3.33951763,-1.82149362,-0.10000000,,天孚通信
2019-10-24,300394,5.37000000,5.33000000,5.43000000,5.17000000,,23773.54000000,4.87804878,-1.11317254,-0.06000000,,天孚通信
2019-10-25,300394,5.31000000,5.39000000,5.42000000,5.15000000,,27682.88000000,5.00927644,1.12570356,0.06000000,,天孚通信
2019-10-28,300394,5.41000000,5.48000000,5.57000000,5.29000000,,44623.34000000,5.10948905,1.66975881,0.09000000,,天孚通信
2019-10-29,300394,5.45000000,5.07000000,5.45000000,5.05000000,,40459.63000000,7.88954635,-7.48175182,-0.41000000,,天孚通信
2019-10-30,300394,5.01000000,5.01000000,5.18000000,4.94000000,,18951.10000000,4.79041916,-1.18343195,-0.06000000,,天孚通信
2019-10-31,300394,5.00000000,4.91000000,5.18000000,4.91000000,,21978.89000000,5.49898167,-1.99600798,-0.10000000,,天孚通信
2019-11-01,300394,4.99000000,4.84000000,5.06000000,4.78000000,,33154.68000000,5.78512397,-1.42566191,-0.07000000,,天孚通信
2019-11-04,300394,4.88000000,4.99000000,5.08000000,4.85000000,,26582.85000000,4.60921844,3.09917355,0.15000000,,天孚通信
2019-11-05,300394,5.00000000,4.88000000,5.08000000,4.81000000,,23731.40000000,5.53278689,-2.20440882,-0.11000000,,天孚通信
2019-11-06,300394,4.86000000,4.66000000,4.89000000,4.63000000,,24438.51000000,5.57939914,-4.50819672,-0.22000000,,天孚通信
2019-11-07,300394,4.69000000,4.72000000,4.80000000,4.64000000,,15806.45000000,3.38983051,1.28755365,0.06000000,,天孚通信
2019-11-08,300394,4.76000000,4.75000000,4.89000000,4.75000000,,19485.55000000,2.94736842,0.63559322,0.03000000,,天孚通信
2019-11-11,300394,4.65000000,4.52000000,4.67000000,4.46000000,,23722.43000000,4.64601770,-4.84210526,-0.23000000,,天孚通信
2019-11-12,300394,4.55000000,4.55000000,4.59000000,4.42000000,,17143.88000000,3.73626374,0.66371681,0.03000000,,天孚通信
2019-11-13,300394,4.57000000,4.58000000,4.61000000,4.47000000,,13648.45000000,3.05676856,0.65934066,0.03000000,,天孚通信
2019-11-14,300394,4.60000000,4.64000000,4.67000000,4.52000000,,21421.73000000,3.23275862,1.31004367,0.06000000,,天孚通信
2019-11-15,300394,4.62000000,4.53000000,4.66000000,4.49000000,,16778.80000000,3.75275938,-2.37068966,-0.11000000,,天孚通信
2019-11-18,300394,4.59000000,4.61000000,4.66000000,4.49000000,,15001.44000000,3.68763557,1.76600442,0.08000000,,天孚通信
2019-11-19,300394,4.59000000,5.02000000,5.06000000,4.55000000,,49588.96000000,10.15936255,8.89370933,0.41000000,,天孚通信
2019-11-20,300394,4.98000000,4.95000000,5.07000000,4.90000000,,26838.29000000,3.43434343,-1.39442231,-0.07000000,,天孚通信
2019-11-21,300394,4.95000000,4.87000000,4.98000000,4.82000000,,16113.38000000,3.28542094,-1.61616162,-0.08000000,,天孚通信
2019-11-22,300394,4.90000000,4.89000000,5.10000000,4.75000000,,29717.55000000,7.15746421,0.41067762,0.02000000,,天孚通信
2019-11-25,300394,4.96000000,4.30000000,4.96000000,4.20000000,,52146.73000000,17.67441860,-12.06543967,-0.59000000,,天孚通信
2019-11-26,300394,4.31000000,4.20000000,4.41000000,4.11000000,,24052.84000000,7.14285714,-2.32558140,-0.10000000,,天孚通信
2019-11-27,300394,4.10000000,4.26000000,4.32000000,4.10000000,,17057.18000000,5.16431925,1.42857143,0.06000000,,天孚通信
2019-11-28,300394,4.26000000,4.31000000,4.38000000,4.23000000,,14754.12000000,3.48027842,1.17370892,0.05000000,,天孚通信
2019-11-29,300394,4.31000000,4.36000000,4.43000000,4.27000000,,15897.20000000,3.66972477,1.16009281,0.05000000,,天孚通信
2019-12-02,300394,4.39000000,4.38000000,4.46000000,4.29000000,,12645.93000000,3.88127854,0.45871560,0.02000000,,天孚通信
2019-12-03,300394,4.29000000,4.62000000,4.64000000,4.22000000,,19442.21000000,9.09090909,5.47945205,0.24000000,,天孚通信
2019-12-04,300394,4.52000000,4.54000000,4.65000000,4.48000000,,15223.80000000,3.74449339,-1.73160173,-0.08000000,,天孚通信
2019-12-05,300394,4.56000000,4.72000000,4.75000000,4.52000000,,19450.83000000,4.87288136,3.96475771,0.18000000,,天孚通信
2019-12-06,300394,4.72000000,4.84000000,4.88000000,4.69000000,,18617.85000000,3.92561983,2.54237288,0.12000000,,天孚通信
2019-12-09,300394,4.85000000,4.84000000,4.92000000,4.79000000,,17930.56000000,2.68595041,0.00000000,0.00000000,,天孚通信
2019-12-10,300394,4.82000000,4.82000000,4.90000000,4.76000000,,13149.00000000,2.90456432,-0.41322314,-0.02000000,,天孚通信
2019-12-11,300394,4.82000000,4.78000000,4.94000000,4.73000000,,18522.98000000,4.39330544,-0.82987552,-0.04000000,,天孚通信
2019-12-12,300394,4.84000000,4.84000000,5.01000000,4.80000000,,20266.72000000,4.33884298,1.25523013,0.06000000,,天孚通信
2019-12-13,300394,4.95000000,4.90000000,4.97000000,4.83000000,,18340.41000000,2.85714286,1.23966942,0.06000000,,天孚通信
2019-12-16,300394,4.94000000,5.20000000,5.26000000,4.92000000,,37257.79000000,6.53846154,6.12244898,0.30000000,,天孚通信
2019-12-17,300394,5.29000000,5.35000000,5.45000000,5.20000000,,40071.76000000,4.67289720,2.88461538,0.15000000,,天孚通信
2019-12-18,300394,5.33000000,5.21000000,5.39000000,5.20000000,,32151.07000000,3.64683301,-2.61682243,-0.14000000,,天孚通信
2019-12-19,300394,5.23000000,5.24000000,5.28000000,5.15000000,,20640.91000000,2.48091603,0.57581574,0.03000000,,天孚通信
2019-12-20,300394,5.27000000,5.25000000,5.35000000,5.18000000,,19383.04000000,3.23809524,0.19083969,0.01000000,,天孚通信
2019-12-23,300394,5.22000000,5.05000000,5.22000000,5.03000000,,22783.36000000,3.76237624,-3.80952381,-0.20000000,,天孚通信
2019-12-24,300394,5.12000000,5.28000000,5.29000000,5.04000000,,19634.78000000,4.73484848,4.55445545,0.23000000,,天孚通信
2019-12-25,300394,5.25000000,5.27000000,5.34000000,5.21000000,,19499.13000000,2.46679317,-0.18939394,-0.01000000,,天孚通信
2019-12-26,300394,5.27000000,5.33000000,5.43000000,5.23000000,,22954.00000000,3.75234522,1.13851992,0.06000000,,天孚通信
2019-12-27,300394,5.39000000,5.13000000,5.43000000,5.09000000,,24076.46000000,6.62768031,-3.75234522,-0.20000000,,天孚通信
2019-12-30,300394,5.04000000,5.11000000,5.23000000,4.87000000,,17779.90000000,7.04500978,-0.38986355,-0.02000000,,天孚通信
2019-12-31,300394,5.10000000,5.48000000,5.59000000,5.08000000,,46734.42000000,9.30656934,7.24070450,0.37000000,,天孚通信
2020-01-02,300394,5.51000000,5.50000000,5.58000000,5.41000000,,32957.55000000,3.09090909,0.36496350,0.02000000,,天孚通信
2020-01-03,300394,5.51000000,5.53000000,5.61000000,5.44000000,,28132.87000000,3.07414105,0.54545455,0.03000000,,天孚通信
2020-01-06,300394,5.58000000,5.56000000,5.74000000,5.48000000,,38095.16000000,4.67625899,0.54249548,0.03000000,,天孚通信
2020-01-07,300394,5.64000000,5.54000000,5.64000000,5.45000000,,23818.37000000,3.42960289,-0.35971223,-0.02000000,,天孚通信
2020-01-08,300394,5.51000000,5.22000000,5.53000000,5.16000000,,42037.09000000,7.08812261,-5.77617329,-0.32000000,,天孚通信
2020-01-09,300394,5.33000000,5.52000000,5.52000000,5.25000000,,36346.66000000,4.89130435,5.74712644,0.30000000,,天孚通信
2020-01-10,300394,5.54000000,5.69000000,5.77000000,5.49000000,,37190.90000000,4.92091388,3.07971014,0.17000000,,天孚通信
2020-01-13,300394,5.68000000,5.81000000,5.81000000,5.56000000,,27870.41000000,4.30292599,2.10896309,0.12000000,,天孚通信
2020-01-14,300394,5.80000000,5.61000000,5.81000000,5.59000000,,24944.35000000,3.92156863,-3.44234079,-0.20000000,,天孚通信
2020-01-15,300394,5.61000000,5.68000000,5.75000000,5.58000000,,19335.64000000,2.99295775,1.24777184,0.07000000,,天孚通信
2020-01-16,300394,5.72000000,5.69000000,5.81000000,5.61000000,,20436.70000000,3.51493849,0.17605634,0.01000000,,天孚通信
2020-01-17,300394,5.50000000,5.36000000,5.50000000,5.18000000,,73656.65000000,5.97014925,-5.79964851,-0.33000000,,天孚通信
2020-01-20,300394,5.35000000,5.65000000,5.82000000,5.31000000,,68666.44000000,9.02654867,5.41044776,0.29000000,,天孚通信
2020-01-21,300394,5.63000000,5.46000000,5.72000000,5.46000000,,37066.23000000,4.76190476,-3.36283186,-0.19000000,,天孚通信
2020-01-22,300394,5.45000000,5.72000000,5.81000000,5.23000000,,47268.97000000,10.13986014,4.76190476,0.26000000,,天孚通信
2020-01-23,300394,5.58000000,5.39000000,5.87000000,5.33000000,,50395.99000000,10.01855288,-5.76923077,-0.33000000,,天孚通信
2020-02-03,300394,4.62000000,4.62000000,4.62000000,4.62000000,,7212.00000000,0.00000000,-14.28571429,-0.77000000,,天孚通信
2020-02-04,300394,4.22000000,4.69000000,4.74000000,4.22000000,,43967.06000000,11.08742004,1.51515152,0.07000000,,天孚通信
2020-02-05,300394,4.69000000,4.75000000,4.92000000,4.60000000,,42916.25000000,6.73684211,1.27931770,0.06000000,,天孚通信
2020-02-06,300394,4.70000000,5.20000000,5.29000000,4.70000000,,45231.21000000,11.34615385,9.47368421,0.45000000,,天孚通信
2020-02-07,300394,5.21000000,5.95000000,5.95000000,5.11000000,,67177.29000000,14.11764706,14.42307692,0.75000000,,天孚通信
2020-02-10,300394,6.10000000,6.26000000,6.42000000,5.90000000,,81038.38000000,8.30670927,5.21008403,0.31000000,,天孚通信
2020-02-11,300394,6.20000000,6.05000000,6.40000000,6.00000000,,47893.13000000,6.61157025,-3.35463259,-0.21000000,,天孚通信
2020-02-12,300394,5.96000000,6.21000000,6.41000000,5.90000000,,69147.45000000,8.21256039,2.64462810,0.16000000,,天孚通信
2020-02-13,300394,6.29000000,6.03000000,6.29000000,5.94000000,,36689.35000000,5.80431177,-2.89855072,-0.18000000,,天孚通信
2020-02-14,300394,6.00000000,6.03000000,6.19000000,5.95000000,,33104.30000000,3.98009950,0.00000000,0.00000000,,天孚通信
2020-02-17,300394,6.14000000,6.66000000,6.77000000,6.09000000,,79364.63000000,10.21021021,10.44776119,0.63000000,,天孚通信
2020-02-18,300394,6.63000000,6.71000000,6.71000000,6.44000000,,42030.28000000,4.02384501,0.75075075,0.05000000,,天孚通信
2020-02-19,300394,6.63000000,6.47000000,6.69000000,6.40000000,,33845.81000000,4.48222566,-3.57675112,-0.24000000,,天孚通信
2020-02-20,300394,6.46000000,6.61000000,6.68000000,6.24000000,,36576.40000000,6.65658094,2.16383308,0.14000000,,天孚通信
2020-02-21,300394,6.35000000,6.58000000,6.80000000,6.35000000,,50707.48000000,6.83890578,-0.45385779,-0.03000000,,天孚通信
2020-02-24,300394,6.69000000,7.46000000,7.46000000,6.69000000,,60419.86000000,10.32171582,13.37386018,0.88000000,,天孚通信
2020-02-25,300394,7.43000000,8.43000000,8.43000000,7.35000000,,97404.86000000,12.81138790,13.00268097,0.97000000,,天孚通信
2020-02-26,300394,8.50000000,8.41000000,9.04000000,7.88000000,,105477.96000000,13.79310345,-0.23724792,-0.02000000,,天孚通信
2020-02-27,300394,8.63000000,8.22000000,8.87000000,8.06000000,,93757.29000000,9.85401460,-2.25921522,-0.19000000,,天孚通信
2020-02-28,300394,7.43000000,7.18000000,7.82000000,7.17000000,,70141.73000000,9.05292479,-12.65206813,-1.04000000,,天孚通信
2020-03-02,300394,7.42000000,8.13000000,8.13000000,7.09000000,,89924.78000000,12.79212792,13.23119777,0.95000000,,天孚通信
2020-03-03,300394,8.47000000,7.81000000,8.86000000,7.64000000,,82337.90000000,15.62099872,-3.93603936,-0.32000000,,天孚通信
2020-03-04,300394,7.74000000,7.54000000,7.96000000,7.34000000,,53485.65000000,8.22281167,-3.45710627,-0.27000000,,天孚通信
2020-03-05,300394,8.20000000,7.34000000,8.23000000,7.17000000,,65893.76000000,14.44141689,-2.65251989,-0.20000000,,天孚通信
2020-03-06,300394,7.07000000,7.23000000,7.48000000,7.05000000,,41157.65000000,5.94744122,-1.49863760,-0.11000000,,天孚通信
2020-03-09,300394,7.05000000,7.13000000,7.60000000,6.97000000,,62482.37000000,8.83590463,-1.38312586,-0.10000000,,天孚通信
2020-03-10,300394,7.02000000,7.75000000,7.86000000,6.91000000,,56373.57000000,12.25806452,8.69565217,0.62000000,,天孚通信
2020-03-11,300394,7.75000000,7.74000000,8.40000000,7.66000000,,72053.58000000,9.56072351,-0.12903226,-0.01000000,,天孚通信
2020-03-12,300394,7.56000000,8.06000000,8.06000000,7.40000000,,47278.07000000,8.18858561,4.13436693,0.32000000,,天孚通信
2020-03-13,300394,7.61000000,8.21000000,8.40000000,7.52000000,,53153.47000000,10.71863581,1.86104218,0.15000000,,天孚通信
2020-03-16,300394,8.30000000,7.17000000,8.33000000,7.17000000,,49653.34000000,16.17852162,-12.66747868,-1.04000000,,天孚通信
2020-03-17,300394,7.37000000,7.19000000,7.46000000,6.85000000,,35241.69000000,8.48400556,0.27894003,0.02000000,,天孚通信
2020-03-18,300394,7.22000000,6.92000000,7.57000000,6.92000000,,33677.26000000,9.39306358,-3.75521558,-0.27000000,,天孚通信
2020-03-19,300394,7.02000000,7.84000000,7.84000000,6.85000000,,58747.89000000,12.62755102,13.29479769,0.92000000,,天孚通信
2020-03-20,300394,8.06000000,7.55000000,8.08000000,7.23000000,,59358.08000000,11.25827815,-3.69897959,-0.29000000,,天孚通信
2020-03-23,300394,7.17000000,7.26000000,7.84000000,7.17000000,,42496.38000000,9.22865014,-3.84105960,-0.29000000,,天孚通信
2020-03-24,300394,7.56000000,7.09000000,7.64000000,6.64000000,,55026.15000000,14.10437236,-2.34159780,-0.17000000,,天孚通信
2020-03-25,300394,7.36000000,7.23000000,7.41000000,7.15000000,,43652.81000000,3.59612725,1.97461213,0.14000000,,天孚通信
2020-03-26,300394,7.25000000,6.83000000,7.25000000,6.77000000,,33569.77000000,7.02781845,-5.53250346,-0.40000000,,天孚通信
2020-03-27,300394,7.02000000,6.44000000,7.07000000,6.44000000,,32719.09000000,9.78260870,-5.71010249,-0.39000000,,天孚通信
2020-03-30,300394,6.34000000,5.87000000,6.34000000,5.74000000,,38990.13000000,10.22146508,-8.85093168,-0.57000000,,天孚通信
2020-03-31,300394,6.02000000,5.63000000,6.06000000,5.61000000,,29973.80000000,7.99289520,-4.08858603,-0.24000000,,天孚通信
2020-04-01,300394,5.65000000,5.78000000,6.10000000,5.50000000,,40133.19000000,10.38062284,2.66429840,0.15000000,,天孚通信
2020-04-02,300394,5.84000000,6.34000000,6.46000000,5.67000000,,40162.05000000,12.46056782,9.68858131,0.56000000,,天孚通信
2020-04-03,300394,6.38000000,6.38000000,6.53000000,6.29000000,,28826.27000000,3.76175549,0.63091483,0.04000000,,天孚通信
2020-04-07,300394,6.61000000,6.62000000,6.68000000,6.50000000,,21920.17000000,2.71903323,3.76175549,0.24000000,,天孚通信
2020-04-08,300394,6.66000000,6.85000000,7.02000000,6.54000000,,34800.51000000,7.00729927,3.47432024,0.23000000,,天孚通信
2020-04-09,300394,6.95000000,6.73000000,6.95000000,6.64000000,,24584.37000000,4.60624071,-1.75182482,-0.12000000,,天孚通信
2020-04-10,300394,7.07000000,6.96000000,7.35000000,6.85000000,,54200.45000000,7.18390805,3.41753343,0.23000000,,天孚通信
2020-04-13,300394,6.96000000,6.98000000,7.31000000,6.85000000,,29551.57000000,6.59025788,0.28735632,0.02000000,,天孚通信
2020-04-14,300394,6.98000000,7.24000000,7.30000000,6.88000000,,37262.07000000,5.80110497,3.72492837,0.26000000,,天孚通信
2020-04-15,300394,7.26000000,7.14000000,7.30000000,7.07000000,,23527.19000000,3.22128852,-1.38121547,-0.10000000,,天孚通信
2020-04-16,300394,7.02000000,7.21000000,7.30000000,6.94000000,,20165.03000000,4.99306519,0.98039216,0.07000000,,天孚通信
2020-04-17,300394,7.34000000,7.31000000,7.53000000,7.26000000,,25298.12000000,3.69357045,1.38696255,0.10000000,,天孚通信
2020-04-20,300394,7.25000000,7.58000000,7.70000000,7.15000000,,28726.82000000,7.25593668,3.69357045,0.27000000,,天孚通信
2020-04-21,300394,7.51000000,7.58000000,7.65000000,7.36000000,,20946.35000000,3.82585752,0.00000000,0.00000000,,天孚通信
2020-04-22,300394,7.46000000,7.62000000,7.73000000,7.42000000,,17465.55000000,4.06824147,0.52770449,0.04000000,,天孚通信
2020-04-23,300394,7.66000000,7.36000000,7.66000000,7.25000000,,23057.40000000,5.57065217,-3.41207349,-0.26000000,,天孚通信
2020-04-24,300394,7.33000000,7.57000000,8.04000000,7.33000000,,47334.27000000,9.37912814,2.85326087,0.21000000,,天孚通信
2020-04-27,300394,7.58000000,8.50000000,8.55000000,7.58000000,,62016.32000000,11.41176471,12.28533686,0.93000000,,天孚通信
2020-04-28,300394,8.23000000,7.77000000,8.23000000,7.43000000,,68858.25000000,10.29601030,-8.58823529,-0.73000000,,天孚通信
2020-04-29,300394,7.73000000,7.59000000,7.83000000,7.44000000,,30509.44000000,5.13833992,-2.31660232,-0.18000000,,天孚通信
2020-04-30,300394,7.66000000,8.28000000,8.51000000,7.60000000,,42773.50000000,10.99033816,9.09090909,0.69000000,,天孚通信
2020-05-06,300394,8.21000000,8.45000000,8.54000000,8.13000000,,49871.14000000,4.85207101,2.05314010,0.17000000,,天孚通信
2020-05-07,300394,8.58000000,8.11000000,8.85000000,8.08000000,,48536.28000000,9.49445129,-4.02366864,-0.34000000,,天孚通信
2020-05-08,300394,8.21000000,8.19000000,8.31000000,8.09000000,,32406.66000000,2.68620269,0.98643650,0.08000000,,天孚通信
2020-05-11,300394,8.18000000,8.00000000,8.37000000,7.99000000,,34354.46000000,4.75000000,-2.31990232,-0.19000000,,天孚通信
2020-05-12,300394,8.07000000,8.02000000,8.07000000,7.76000000,,27740.16000000,3.86533666,0.25000000,0.02000000,,天孚通信
2020-05-13,300394,8.03000000,7.98000000,8.06000000,7.80000000,,21333.74000000,3.25814536,-0.49875312,-0.04000000,,天孚通信
2020-05-14,300394,8.00000000,7.77000000,8.05000000,7.72000000,,25263.58000000,4.24710425,-2.63157895,-0.21000000,,天孚通信
2020-05-15,300394,7.79000000,7.95000000,8.09000000,7.68000000,,28406.10000000,5.15723270,2.31660232,0.18000000,,天孚通信
2020-05-18,300394,7.90000000,7.31000000,7.96000000,7.29000000,,46553.87000000,9.16552668,-8.05031447,-0.64000000,,天孚通信
2020-05-19,300394,7.41000000,7.63000000,7.70000000,7.40000000,,26245.89000000,3.93184797,4.37756498,0.32000000,,天孚通信
2020-05-20,300394,7.75000000,7.49000000,7.76000000,7.40000000,,22829.17000000,4.80640854,-1.83486239,-0.14000000,,天孚通信
2020-05-21,300394,7.58000000,7.18000000,7.58000000,7.14000000,,25262.71000000,6.12813370,-4.13885180,-0.31000000,,天孚通信
2020-05-22,300394,7.25000000,6.97000000,7.33000000,6.91000000,,22926.41000000,6.02582496,-2.92479109,-0.21000000,,天孚通信
2020-05-25,300394,7.00000000,7.12000000,7.20000000,6.85000000,,22396.22000000,4.91573034,2.15208034,0.15000000,,天孚通信
2020-05-26,300394,7.15000000,7.42000000,7.46000000,7.12000000,,22553.89000000,4.58221024,4.21348315,0.30000000,,天孚通信
2020-05-27,300394,7.37000000,7.29000000,7.44000000,7.24000000,,13890.53000000,2.74348422,-1.75202156,-0.13000000,,天孚通信
2020-05-28,300394,7.23000000,7.27000000,7.40000000,7.15000000,,14132.50000000,3.43878955,-0.27434842,-0.02000000,,天孚通信
2020-05-29,300394,7.28000000,7.18000000,7.34000000,7.14000000,,16527.07000000,2.78551532,-1.23796424,-0.09000000,,天孚通信
2020-06-01,300394,7.29000000,7.57000000,7.60000000,7.29000000,,29406.84000000,4.09511229,5.43175487,0.39000000,,天孚通信
2020-06-02,300394,7.57000000,7.45000000,7.60000000,7.38000000,,22833.43000000,2.95302013,-1.58520476,-0.12000000,,天孚通信
2020-06-03,300394,7.48000000,7.26000000,7.51000000,7.19000000,,32231.09000000,4.40771350,-2.55033557,-0.19000000,,天孚通信
2020-06-04,300394,7.19000000,7.43000000,7.62000000,7.19000000,,25483.73000000,5.78734859,2.34159780,0.17000000,,天孚通信
2020-06-05,300394,7.44000000,7.33000000,7.46000000,7.15000000,,19465.58000000,4.22919509,-1.34589502,-0.10000000,,天孚通信
2020-06-08,300394,7.47000000,7.44000000,7.65000000,7.40000000,,21580.12000000,3.36021505,1.50068213,0.11000000,,天孚通信
2020-06-09,300394,7.41000000,7.38000000,7.47000000,7.27000000,,13443.10000000,2.71002710,-0.80645161,-0.06000000,,天孚通信
2020-06-10,300394,7.36000000,7.51000000,8.12000000,7.20000000,,32101.49000000,12.25033289,1.76151762,0.13000000,,天孚通信
2020-06-11,300394,7.50000000,7.49000000,7.64000000,7.36000000,,28387.15000000,3.73831776,-0.26631158,-0.02000000,,天孚通信
2020-06-12,300394,7.33000000,7.60000000,7.61000000,7.21000000,,27667.46000000,5.26315789,1.46862483,0.11000000,,天孚通信
2020-06-15,300394,7.61000000,7.61000000,8.00000000,7.56000000,,43718.12000000,5.78186597,0.13157895,0.01000000,,天孚通信
2020-06-16,300394,7.74000000,8.41000000,8.41000000,7.74000000,,60844.00000000,7.96670630,10.51248357,0.80000000,,天孚通信
2020-06-17,300394,8.48000000,8.45000000,8.48000000,7.96000000,,54253.44000000,6.15384615,0.47562426,0.04000000,,天孚通信
2020-06-18,300394,8.35000000,8.89000000,9.08000000,8.29000000,,66523.71000000,8.88638920,5.20710059,0.44000000,,天孚通信
2020-06-19,300394,8.86000000,8.77000000,8.86000000,8.63000000,,41129.53000000,2.62257697,-1.34983127,-0.12000000,,天孚通信
2020-06-22,300394,8.75000000,8.86000000,9.08000000,8.69000000,,41080.96000000,4.40180587,1.02622577,0.09000000,,天孚通信
2020-06-23,300394,8.83000000,9.01000000,9.03000000,8.73000000,,30546.57000000,3.32963374,1.69300226,0.15000000,,天孚通信
2020-06-24,300394,8.96000000,8.98000000,9.19000000,8.89000000,,25951.07000000,3.34075724,-0.33296337,-0.03000000,,天孚通信
2020-06-29,300394,8.81000000,9.29000000,9.54000000,8.80000000,,37935.85000000,7.96555436,3.45211581,0.31000000,,天孚通信
2020-06-30,300394,9.45000000,9.88000000,10.13000000,9.32000000,,44724.45000000,8.19838057,6.35091496,0.59000000,,天孚通信
2020-07-01,300394,9.93000000,9.53000000,9.93000000,9.27000000,,45298.44000000,6.92549843,-3.54251012,-0.35000000,,天孚通信
2020-07-02,300394,9.46000000,9.60000000,9.73000000,9.43000000,,33618.75000000,3.12500000,0.73452256,0.07000000,,天孚通信
2020-07-03,300394,9.68000000,9.55000000,9.74000000,9.27000000,,35032.04000000,4.92146597,-0.52083333,-0.05000000,,天孚通信
2020-07-06,300394,9.56000000,9.87000000,10.00000000,9.37000000,,38226.47000000,6.38297872,3.35078534,0.32000000,,天孚通信
2020-07-07,300394,9.83000000,10.01000000,10.42000000,9.72000000,,44546.35000000,6.99300699,1.41843972,0.14000000,,天孚通信
2020-07-08,300394,9.91000000,9.97000000,10.27000000,9.68000000,,43718.55000000,5.91775326,-0.39960040,-0.04000000,,天孚通信
2020-07-09,300394,10.15000000,10.85000000,11.12000000,9.99000000,,49527.56000000,10.41474654,8.82647944,0.88000000,,天孚通信
2020-07-10,300394,10.70000000,10.69000000,10.95000000,10.40000000,,35288.53000000,5.14499532,-1.47465438,-0.16000000,,天孚通信
2020-07-13,300394,11.38000000,11.98000000,11.98000000,11.38000000,,21415.05000000,5.00834725,12.06735267,1.29000000,,天孚通信
2020-07-14,300394,12.60000000,12.41000000,13.02000000,11.98000000,,86571.22000000,8.38033844,3.58931553,0.43000000,,天孚通信
2020-07-15,300394,11.97000000,11.20000000,12.21000000,11.00000000,,61170.80000000,10.80357143,-9.75020145,-1.21000000,,天孚通信
2020-07-16,300394,11.18000000,10.65000000,11.66000000,10.65000000,,48586.13000000,9.48356808,-4.91071429,-0.55000000,,天孚通信
2020-07-17,300394,10.88000000,11.39000000,11.58000000,10.78000000,,41798.72000000,7.02370500,6.94835681,0.74000000,,天孚通信
2020-07-20,300394,11.46000000,11.55000000,11.58000000,10.78000000,,37120.98000000,6.92640693,1.40474100,0.16000000,,天孚通信
2020-07-21,300394,11.41000000,11.66000000,11.76000000,11.01000000,,31983.54000000,6.43224700,0.95238095,0.11000000,,天孚通信
2020-07-22,300394,11.63000000,11.76000000,12.40000000,11.43000000,,40815.82000000,8.24829932,0.85763293,0.10000000,,天孚通信
2020-07-23,300394,11.48000000,11.99000000,12.15000000,11.40000000,,31387.02000000,6.25521268,1.95578231,0.23000000,,天孚通信
2020-07-24,300394,11.97000000,11.00000000,12.09000000,10.98000000,,38222.01000000,10.09090909,-8.25688073,-0.99000000,,天孚通信
2020-07-27,300394,11.18000000,11.16000000,11.65000000,10.98000000,,25946.92000000,6.00358423,1.45454545,0.16000000,,天孚通信
2020-07-28,300394,11.43000000,12.35000000,12.44000000,11.30000000,,36875.18000000,9.23076923,10.66308244,1.19000000,,天孚通信
2020-07-29,300394,12.19000000,12.41000000,12.41000000,12.02000000,,31947.47000000,3.14262691,0.48582996,0.06000000,,天孚通信
2020-07-30,300394,12.41000000,11.97000000,12.41000000,11.75000000,,32121.14000000,5.51378446,-3.54552780,-0.44000000,,天孚通信
2020-07-31,300394,11.96000000,12.14000000,12.62000000,11.87000000,,39002.54000000,6.17792422,1.42021721,0.17000000,,天孚通信
2020-08-03,300394,12.29000000,12.30000000,12.46000000,11.95000000,,50387.22000000,4.14634146,1.31795717,0.16000000,,天孚通信
2020-08-04,300394,12.24000000,12.92000000,13.11000000,12.15000000,,50216.49000000,7.43034056,5.04065041,0.62000000,,天孚通信
2020-08-05,300394,13.06000000,12.79000000,13.10000000,12.40000000,,25107.25000000,5.47302580,-1.00619195,-0.13000000,,天孚通信
2020-08-06,300394,12.88000000,12.65000000,12.88000000,12.42000000,,21518.04000000,3.63636364,-1.09460516,-0.14000000,,天孚通信
2020-08-07,300394,12.79000000,12.21000000,12.80000000,11.91000000,,31790.68000000,7.28910729,-3.47826087,-0.44000000,,天孚通信
2020-08-10,300394,12.19000000,11.98000000,12.53000000,11.91000000,,25113.62000000,5.17529215,-1.88370188,-0.23000000,,天孚通信
2020-08-11,300394,12.09000000,11.63000000,12.59000000,11.59000000,,27895.52000000,8.59845228,-2.92153589,-0.35000000,,天孚通信
2020-08-12,300394,11.66000000,11.42000000,11.83000000,10.98000000,,34485.86000000,7.44308231,-1.80567498,-0.21000000,,天孚通信
2020-08-13,300394,11.36000000,11.15000000,11.56000000,11.00000000,,23549.75000000,5.02242152,-2.36427320,-0.27000000,,天孚通信
2020-08-14,300394,11.33000000,11.46000000,11.65000000,11.19000000,,18449.41000000,4.01396161,2.78026906,0.31000000,,天孚通信
2020-08-17,300394,11.63000000,11.29000000,11.63000000,11.01000000,,33857.65000000,5.49158547,-1.48342059,-0.17000000,,天孚通信
2020-08-18,300394,11.42000000,10.69000000,11.61000000,10.47000000,,69815.20000000,10.66417212,-5.31443756,-0.60000000,,天孚通信
2020-08-19,300394,10.85000000,10.68000000,10.94000000,10.58000000,,39454.09000000,3.37078652,-0.09354537,-0.01000000,,天孚通信
2020-08-20,300394,10.49000000,10.68000000,10.82000000,10.23000000,,28345.13000000,5.52434457,0.00000000,0.00000000,,天孚通信
2020-08-21,300394,10.70000000,10.72000000,11.09000000,10.64000000,,27287.33000000,4.19776119,0.37453184,0.04000000,,天孚通信
2020-08-24,300394,10.73000000,11.30000000,11.44000000,10.57000000,,41975.86000000,7.69911504,5.41044776,0.58000000,,天孚通信
2020-08-25,300394,11.43000000,11.46000000,11.76000000,11.23000000,,34774.21000000,4.62478185,1.41592920,0.16000000,,天孚通信
2020-08-26,300394,11.34000000,10.94000000,11.43000000,10.84000000,,25442.84000000,5.39305302,-4.53752182,-0.52000000,,天孚通信
2020-08-27,300394,10.88000000,11.39000000,11.47000000,10.88000000,,22583.53000000,5.17998244,4.11334552,0.45000000,,天孚通信
2020-08-28,300394,11.32000000,11.45000000,11.46000000,11.11000000,,20394.81000000,3.05676856,0.52677788,0.06000000,,天孚通信
2020-08-31,300394,11.64000000,11.30000000,11.66000000,11.30000000,,17723.15000000,3.18584071,-1.31004367,-0.15000000,,天孚通信
2020-09-01,300394,11.30000000,11.24000000,11.38000000,10.93000000,,23666.88000000,4.00355872,-0.53097345,-0.06000000,,天孚通信
2020-09-02,300394,11.28000000,11.29000000,11.42000000,10.99000000,,19627.21000000,3.80868025,0.44483986,0.05000000,,天孚通信
2020-09-03,300394,11.31000000,10.94000000,11.35000000,10.89000000,,19406.60000000,4.20475320,-3.10008857,-0.35000000,,天孚通信
2020-09-04,300394,10.62000000,10.96000000,11.06000000,10.62000000,,16819.19000000,4.01459854,0.18281536,0.02000000,,天孚通信
2020-09-07,300394,10.99000000,10.57000000,11.12000000,10.54000000,,19861.36000000,5.48722800,-3.55839416,-0.39000000,,天孚通信
2020-09-08,300394,10.59000000,10.19000000,11.01000000,10.09000000,,29051.14000000,9.02845927,-3.59508042,-0.38000000,,天孚通信
2020-09-09,300394,9.66000000,9.66000000,10.00000000,9.23000000,,39845.66000000,7.97101449,-5.20117763,-0.53000000,,天孚通信
2020-09-10,300394,9.68000000,9.42000000,9.88000000,9.34000000,,21654.92000000,5.73248408,-2.48447205,-0.24000000,,天孚通信
2020-09-11,300394,9.23000000,9.66000000,9.74000000,9.23000000,,20797.33000000,5.27950311,2.54777070,0.24000000,,天孚通信
2020-09-14,300394,9.66000000,9.76000000,9.97000000,9.58000000,,26308.99000000,3.99590164,1.03519669,0.10000000,,天孚通信
2020-09-15,300394,9.94000000,9.63000000,9.94000000,9.54000000,,20179.97000000,4.15368640,-1.33196721,-0.13000000,,天孚通信
2020-09-16,300394,9.68000000,9.61000000,9.88000000,9.52000000,,14440.93000000,3.74609781,-0.20768432,-0.02000000,,天孚通信
2020-09-17,300394,9.53000000,9.73000000,9.88000000,9.44000000,,21341.79000000,4.52209661,1.24869927,0.12000000,,天孚通信
2020-09-18,300394,9.76000000,9.77000000,9.82000000,9.51000000,,21839.67000000,3.17297851,0.41109969,0.04000000,,天孚通信
2020-09-21,300394,9.79000000,9.52000000,9.90000000,9.47000000,,21109.30000000,4.51680672,-2.55885363,-0.25000000,,天孚通信
2020-09-22,300394,9.54000000,9.42000000,9.69000000,9.36000000,,13147.56000000,3.50318471,-1.05042017,-0.10000000,,天孚通信
2020-09-23,300394,9.56000000,9.58000000,9.80000000,9.44000000,,16592.21000000,3.75782881,1.69851380,0.16000000,,天孚通信
2020-09-24,300394,9.50000000,9.12000000,9.58000000,9.12000000,,18304.38000000,5.04385965,-4.80167015,-0.46000000,,天孚通信
2020-09-25,300394,9.21000000,9.17000000,9.56000000,9.10000000,,21446.10000000,5.01635769,0.54824561,0.05000000,,天孚通信
2020-09-28,300394,9.32000000,9.08000000,9.50000000,9.01000000,,18310.08000000,5.39647577,-0.98146129,-0.09000000,,天孚通信
2020-09-29,300394,9.16000000,9.30000000,9.42000000,9.10000000,,17654.78000000,3.44086022,2.42290749,0.22000000,,天孚通信
2020-09-30,300394,9.27000000,9.20000000,9.36000000,9.06000000,,19890.64000000,3.26086957,-1.07526882,-0.10000000,,天孚通信
2020-10-09,300394,9.42000000,9.26000000,9.76000000,9.19000000,,34608.28000000,6.15550756,0.65217391,0.06000000,,天孚通信
2020-10-12,300394,9.29000000,10.03000000,10.12000000,9.29000000,,45448.35000000,8.27517448,8.31533477,0.77000000,,天孚通信
2020-10-13,300394,10.06000000,10.01000000,10.11000000,9.79000000,,22647.88000000,3.19680320,-0.19940179,-0.02000000,,天孚通信
2020-10-14,300394,9.97000000,10.19000000,10.27000000,9.89000000,,27728.19000000,3.72914622,1.79820180,0.18000000,,天孚通信
2020-10-15,300394,10.19000000,10.11000000,10.33000000,10.05000000,,21638.70000000,2.76953511,-0.78508342,-0.08000000,,天孚通信
2020-10-16,300394,10.07000000,9.85000000,10.15000000,9.81000000,,21410.49000000,3.45177665,-2.57171118,-0.26000000,,天孚通信
2020-10-19,300394,10.53000000,9.72000000,11.06000000,9.57000000,,65481.09000000,15.32921811,-1.31979695,-0.13000000,,天孚通信
2020-10-20,300394,9.52000000,9.31000000,9.59000000,9.06000000,,42648.02000000,5.69280344,-4.21810700,-0.41000000,,天孚通信
2020-10-21,300394,9.39000000,9.14000000,9.62000000,9.06000000,,35469.06000000,6.12691466,-1.82599356,-0.17000000,,天孚通信
2020-10-22,300394,9.13000000,9.05000000,9.29000000,8.98000000,,26328.37000000,3.42541436,-0.98468271,-0.09000000,,天孚通信
2020-10-23,300394,9.18000000,9.46000000,9.79000000,9.18000000,,57935.23000000,6.44820296,4.53038674,0.41000000,,天孚通信
2020-10-26,300394,9.42000000,9.89000000,10.03000000,9.40000000,,42293.88000000,6.37007078,4.54545455,0.43000000,,天孚通信
2020-10-27,300394,9.88000000,9.95000000,10.12000000,9.78000000,,27540.16000000,3.41708543,0.60667341,0.06000000,,天孚通信
2020-10-28,300394,9.97000000,10.07000000,10.23000000,9.82000000,,33210.49000000,4.07149950,1.20603015,0.12000000,,天孚通信
2020-10-29,300394,9.82000000,10.03000000,10.17000000,9.68000000,,28444.24000000,4.88534397,-0.39721946,-0.04000000,,天孚通信
2020-10-30,300394,10.17000000,9.80000000,10.31000000,9.76000000,,30725.45000000,5.61224490,-2.29312064,-0.23000000,,天孚通信
2020-11-02,300394,9.95000000,10.11000000,10.21000000,9.54000000,,29951.80000000,6.62710188,3.16326531,0.31000000,,天孚通信
2020-11-03,300394,10.19000000,10.77000000,10.90000000,9.93000000,,34070.63000000,9.00649954,6.52818991,0.66000000,,天孚通信
2020-11-04,300394,10.77000000,10.47000000,10.77000000,10.25000000,,30849.57000000,4.96657116,-2.78551532,-0.30000000,,天孚通信
2020-11-05,300394,10.68000000,11.47000000,12.23000000,10.30000000,,68169.68000000,16.82650392,9.55109838,1.00000000,,天孚通信
2020-11-06,300394,11.40000000,11.19000000,11.48000000,10.99000000,,42791.42000000,4.37890974,-2.44115083,-0.28000000,,天孚通信
2020-11-09,300394,11.38000000,11.36000000,12.09000000,11.22000000,,54788.44000000,7.65845070,1.51921358,0.17000000,,天孚通信
2020-11-10,300394,11.23000000,10.84000000,11.30000000,10.73000000,,31364.65000000,5.25830258,-4.57746479,-0.52000000,,天孚通信
2020-11-11,300394,10.88000000,10.58000000,11.11000000,10.49000000,,27109.91000000,5.86011342,-2.39852399,-0.26000000,,天孚通信
2020-11-12,300394,10.72000000,10.48000000,10.79000000,10.37000000,,19632.70000000,4.00763359,-0.94517958,-0.10000000,,天孚通信
2020-11-13,300394,10.42000000,10.32000000,10.58000000,10.17000000,,21112.64000000,3.97286822,-1.52671756,-0.16000000,,天孚通信
2020-11-16,300394,10.31000000,10.19000000,10.43000000,9.92000000,,24524.75000000,5.00490677,-1.25968992,-0.13000000,,天孚通信
2020-11-17,300394,10.23000000,9.80000000,10.27000000,9.57000000,,29528.48000000,7.14285714,-3.82728165,-0.39000000,,天孚通信
2020-11-18,300394,9.76000000,9.67000000,9.91000000,9.59000000,,18806.22000000,3.30920372,-1.32653061,-0.13000000,,天孚通信
2020-11-19,300394,9.70000000,9.76000000,9.94000000,9.36000000,,24105.59000000,5.94262295,0.93071355,0.09000000,,天孚通信
2020-11-20,300394,9.76000000,9.75000000,9.92000000,9.69000000,,15809.94000000,2.35897436,-0.10245902,-0.01000000,,天孚通信
2020-11-23,300394,9.64000000,9.60000000,9.86000000,9.30000000,,27651.94000000,5.83333333,-1.53846154,-0.15000000,,天孚通信
2020-11-24,300394,9.60000000,9.67000000,9.90000000,9.60000000,,26121.17000000,3.10237849,0.72916667,0.07000000,,天孚通信
2020-11-25,300394,9.60000000,9.75000000,9.92000000,9.37000000,,27845.86000000,5.64102564,0.82730093,0.08000000,,天孚通信
2020-11-26,300394,9.61000000,9.45000000,9.82000000,9.36000000,,22883.11000000,4.86772487,-3.07692308,-0.30000000,,天孚通信
2020-11-27,300394,9.47000000,9.60000000,9.71000000,9.44000000,,16450.83000000,2.81250000,1.58730159,0.15000000,,天孚通信
2020-11-30,300394,9.63000000,9.28000000,9.70000000,9.26000000,,25943.15000000,4.74137931,-3.33333333,-0.32000000,,天孚通信
2020-12-01,300394,9.30000000,9.40000000,9.55000000,9.18000000,,22557.51000000,3.93617021,1.29310345,0.12000000,,天孚通信
2020-12-02,300394,9.45000000,9.53000000,9.75000000,9.36000000,,28368.56000000,4.09233998,1.38297872,0.13000000,,天孚通信
2020-12-03,300394,9.51000000,9.34000000,9.64000000,9.30000000,,18110.84000000,3.64025696,-1.99370409,-0.19000000,,天孚通信
2020-12-04,300394,9.27000000,9.41000000,9.44000000,9.27000000,,11504.05000000,1.80658874,0.74946467,0.07000000,,天孚通信
2020-12-07,300394,9.46000000,9.36000000,9.53000000,9.34000000,,17596.59000000,2.02991453,-0.53134963,-0.05000000,,天孚通信
2020-12-08,300394,9.33000000,9.36000000,9.46000000,9.28000000,,13923.42000000,1.92307692,0.00000000,0.00000000,,天孚通信
2020-12-09,300394,9.42000000,9.05000000,9.42000000,9.01000000,,25180.57000000,4.53038674,-3.31196581,-0.31000000,,天孚通信
2020-12-10,300394,9.07000000,8.82000000,9.13000000,8.73000000,,23083.62000000,4.53514739,-2.54143646,-0.23000000,,天孚通信
2020-12-11,300394,8.90000000,8.45000000,8.90000000,8.31000000,,33219.04000000,6.98224852,-4.19501134,-0.37000000,,天孚通信
2020-12-14,300394,8.50000000,8.55000000,8.60000000,8.35000000,,22126.64000000,2.92397661,1.18343195,0.10000000,,天孚通信
2020-12-15,300394,8.51000000,8.68000000,8.78000000,8.37000000,,21247.91000000,4.72350230,1.52046784,0.13000000,,天孚通信
2020-12-16,300394,8.68000000,8.59000000,8.84000000,8.55000000,,18102.14000000,3.37601863,-1.03686636,-0.09000000,,天孚通信
2020-12-17,300394,8.67000000,8.78000000,8.78000000,8.47000000,,15481.66000000,3.53075171,2.21187427,0.19000000,,天孚通信
2020-12-18,300394,8.84000000,8.57000000,8.84000000,8.55000000,,13568.91000000,3.38389732,-2.39179954,-0.21000000,,天孚通信
2020-12-21,300394,8.52000000,8.63000000,8.77000000,8.49000000,,14240.53000000,3.24449594,0.70011669,0.06000000,,天孚通信
2020-12-22,300394,8.56000000,7.79000000,8.66000000,7.74000000,,42816.83000000,11.81001284,-9.73348783,-0.84000000,,天孚通信
2020-12-23,300394,7.81000000,8.27000000,8.34000000,7.80000000,,44331.06000000,6.52962515,6.16174583,0.48000000,,天孚通信
2020-12-24,300394,8.34000000,8.09000000,8.43000000,7.97000000,,22816.73000000,5.68603214,-2.17654172,-0.18000000,,天孚通信
2020-12-25,300394,8.18000000,7.89000000,8.18000000,7.79000000,,15857.25000000,4.94296578,-2.47218789,-0.20000000,,天孚通信
2020-12-28,300394,7.88000000,7.55000000,7.97000000,7.49000000,,28754.58000000,6.35761589,-4.30925222,-0.34000000,,天孚通信
2020-12-29,300394,7.54000000,8.52000000,8.60000000,7.49000000,,50356.47000000,13.02816901,12.84768212,0.97000000,,天孚通信
2020-12-30,300394,8.35000000,8.41000000,8.54000000,8.04000000,,38129.47000000,5.94530321,-1.29107981,-0.11000000,,天孚通信
2020-12-31,300394,8.37000000,8.62000000,8.70000000,8.31000000,,31439.51000000,4.52436195,2.49702735,0.21000000,,天孚通信
2021-01-04,300394,8.69000000,8.82000000,9.03000000,8.68000000,,37097.62000000,3.96825397,2.32018561,0.20000000,,天孚通信
2021-01-05,300394,8.95000000,8.92000000,9.20000000,8.75000000,,39582.44000000,5.04484305,1.13378685,0.10000000,,天孚通信
2021-01-06,300394,8.92000000,8.32000000,9.00000000,8.30000000,,59389.10000000,8.41346154,-6.72645740,-0.60000000,,天孚通信
2021-01-07,300394,8.30000000,7.81000000,8.40000000,7.65000000,,47791.14000000,9.60307298,-6.12980769,-0.51000000,,天孚通信
2021-01-08,300394,7.75000000,7.80000000,8.17000000,7.70000000,,52349.87000000,6.02564103,-0.12804097,-0.01000000,,天孚通信
2021-01-11,300394,7.80000000,7.89000000,8.11000000,7.55000000,,44399.20000000,7.09759189,1.15384615,0.09000000,,天孚通信
2021-01-12,300394,7.78000000,7.65000000,8.06000000,7.60000000,,54881.19000000,6.01307190,-3.04182510,-0.24000000,,天孚通信
2021-01-13,300394,7.66000000,7.95000000,8.00000000,7.52000000,,49132.90000000,6.03773585,3.92156863,0.30000000,,天孚通信
2021-01-14,300394,7.96000000,7.94000000,8.27000000,7.81000000,,58599.39000000,5.79345088,-0.12578616,-0.01000000,,天孚通信
2021-01-15,300394,7.94000000,7.96000000,8.04000000,7.72000000,,37865.53000000,4.02010050,0.25188917,0.02000000,,天孚通信
2021-01-18,300394,7.94000000,8.47000000,8.61000000,7.71000000,,50751.93000000,10.62573790,6.40703518,0.51000000,,天孚通信
2021-01-19,300394,8.43000000,7.86000000,8.51000000,7.82000000,,57910.52000000,8.77862595,-7.20188902,-0.61000000,,天孚通信
2021-01-20,300394,7.90000000,8.04000000,8.10000000,7.74000000,,30540.64000000,4.47761194,2.29007634,0.18000000,,天孚通信
2021-01-21,300394,7.95000000,7.91000000,8.07000000,7.83000000,,32294.79000000,3.03413401,-1.61691542,-0.13000000,,天孚通信
2021-01-22,300394,7.99000000,7.43000000,8.08000000,7.23000000,,62109.95000000,11.44010767,-6.06826802,-0.48000000,,天孚通信
2021-01-25,300394,7.34000000,7.15000000,7.51000000,7.10000000,,43414.78000000,5.73426573,-3.76850606,-0.28000000,,天孚通信
2021-01-26,300394,7.24000000,6.82000000,7.26000000,6.75000000,,61020.45000000,7.47800587,-4.61538462,-0.33000000,,天孚通信
2021-01-27,300394,6.89000000,7.74000000,7.79000000,6.86000000,,76795.33000000,12.01550388,13.48973607,0.92000000,,天孚通信
2021-01-28,300394,7.68000000,7.65000000,7.90000000,7.56000000,,43644.84000000,4.44444444,-1.16279070,-0.09000000,,天孚通信
2021-01-29,300394,7.82000000,7.76000000,7.94000000,7.43000000,,37292.15000000,6.57216495,1.43790850,0.11000000,,天孚通信
2021-02-01,300394,7.70000000,7.47000000,7.83000000,7.29000000,,40693.38000000,7.22891566,-3.73711340,-0.29000000,,天孚通信
2021-02-02,300394,7.50000000,7.46000000,7.60000000,7.33000000,,29332.94000000,3.61930295,-0.13386881,-0.01000000,,天孚通信
2021-02-03,300394,7.48000000,7.01000000,7.48000000,7.00000000,,38776.74000000,6.84736091,-6.03217158,-0.45000000,,天孚通信
2021-02-04,300394,6.93000000,6.36000000,7.01000000,6.17000000,,78488.03000000,13.20754717,-9.27246790,-0.65000000,,天孚通信
2021-02-05,300394,6.44000000,5.97000000,6.48000000,5.92000000,,45520.19000000,9.38023451,-6.13207547,-0.39000000,,天孚通信
2021-02-08,300394,6.04000000,6.03000000,6.23000000,5.86000000,,38960.51000000,6.13598673,1.00502513,0.06000000,,天孚通信
2021-02-09,300394,5.99000000,6.25000000,6.29000000,5.88000000,,29975.50000000,6.56000000,3.64842454,0.22000000,,天孚通信
2021-02-10,300394,6.28000000,6.65000000,6.82000000,6.12000000,,49740.84000000,10.52631579,6.40000000,0.40000000,,天孚通信
2021-02-18,300394,6.73000000,6.98000000,7.10000000,6.70000000,,33672.25000000,5.73065903,4.96240602,0.33000000,,天孚通信
2021-02-19,300394,7.03000000,7.32000000,7.49000000,6.91000000,,34527.31000000,7.92349727,4.87106017,0.34000000,,天孚通信
2021-02-22,300394,7.36000000,7.17000000,7.47000000,7.14000000,,34445.47000000,4.60251046,-2.04918033,-0.15000000,,天孚通信
2021-02-23,300394,7.28000000,7.07000000,7.41000000,6.99000000,,25683.32000000,5.94059406,-1.39470014,-0.10000000,,天孚通信
2021-02-24,300394,7.06000000,7.04000000,7.23000000,6.94000000,,24796.98000000,4.11931818,-0.42432815,-0.03000000,,天孚通信
2021-02-25,300394,7.19000000,6.85000000,7.19000000,6.84000000,,18375.81000000,5.10948905,-2.69886364,-0.19000000,,天孚通信
2021-02-26,300394,6.81000000,6.87000000,7.03000000,6.71000000,,22122.77000000,4.65793304,0.29197080,0.02000000,,天孚通信
2021-03-01,300394,6.89000000,7.11000000,7.19000000,6.83000000,,28685.54000000,5.06329114,3.49344978,0.24000000,,天孚通信
2021-03-02,300394,7.11000000,6.95000000,7.19000000,6.87000000,,20003.71000000,4.60431655,-2.25035162,-0.16000000,,天孚通信
2021-03-03,300394,6.97000000,6.79000000,6.98000000,6.65000000,,26508.90000000,4.86008837,-2.30215827,-0.16000000,,天孚通信
2021-03-04,300394,6.82000000,6.57000000,6.96000000,6.56000000,,22305.09000000,6.08828006,-3.24005891,-0.22000000,,天孚通信
2021-03-05,300394,6.52000000,6.55000000,6.66000000,6.46000000,,19200.03000000,3.05343511,-0.30441400,-0.02000000,,天孚通信
2021-03-08,300394,6.63000000,6.30000000,6.78000000,6.27000000,,23669.35000000,8.09523810,-3.81679389,-0.25000000,,天孚通信
2021-03-09,300394,6.27000000,5.95000000,6.30000000,5.92000000,,24976.86000000,6.38655462,-5.55555556,-0.35000000,,天孚通信
2021-03-10,300394,6.02000000,5.84000000,6.05000000,5.80000000,,22300.45000000,4.28082192,-1.84873950,-0.11000000,,天孚通信
2021-03-11,300394,5.82000000,5.95000000,5.96000000,5.71000000,,24730.30000000,4.20168067,1.88356164,0.11000000,,天孚通信
2021-03-12,300394,5.95000000,5.86000000,5.96000000,5.72000000,,17009.82000000,4.09556314,-1.51260504,-0.09000000,,天孚通信
2021-03-15,300394,5.85000000,5.68000000,5.89000000,5.55000000,,22623.19000000,5.98591549,-3.07167235,-0.18000000,,天孚通信
2021-03-16,300394,5.75000000,5.61000000,5.82000000,5.54000000,,25279.05000000,4.99108734,-1.23239437,-0.07000000,,天孚通信
2021-03-17,300394,5.63000000,5.64000000,5.83000000,5.52000000,,25508.11000000,5.49645390,0.53475936,0.03000000,,天孚通信
2021-03-18,300394,5.69000000,5.53000000,5.71000000,5.52000000,,20137.62000000,3.43580470,-1.95035461,-0.11000000,,天孚通信
2021-03-19,300394,5.52000000,5.42000000,5.66000000,5.35000000,,21182.00000000,5.71955720,-1.98915009,-0.11000000,,天孚通信
2021-03-22,300394,5.41000000,5.67000000,5.72000000,5.39000000,,30466.24000000,5.82010582,4.61254613,0.25000000,,天孚通信
2021-03-23,300394,5.65000000,5.78000000,5.97000000,5.60000000,,45117.44000000,6.40138408,1.94003527,0.11000000,,天孚通信
2021-03-24,300394,5.71000000,5.71000000,5.86000000,5.60000000,,27639.27000000,4.55341506,-1.21107266,-0.07000000,,天孚通信
2021-03-25,300394,5.71000000,5.89000000,5.94000000,5.63000000,,21010.22000000,5.26315789,3.15236427,0.18000000,,天孚通信
2021-03-26,300394,6.00000000,5.91000000,6.00000000,5.80000000,,29816.96000000,3.38409475,0.33955857,0.02000000,,天孚通信
2021-03-29,300394,5.87000000,5.87000000,6.05000000,5.84000000,,21208.23000000,3.57751278,-0.67681895,-0.04000000,,天孚通信
2021-03-30,300394,5.90000000,5.91000000,6.00000000,5.84000000,,19250.68000000,2.70727580,0.68143101,0.04000000,,天孚通信
2021-03-31,300394,5.97000000,6.18000000,6.22000000,5.86000000,,23476.17000000,5.82524272,4.56852792,0.27000000,,天孚通信
2021-04-01,300394,6.18000000,6.19000000,6.21000000,6.08000000,,14583.06000000,2.10016155,0.16181230,0.01000000,,天孚通信
2021-04-02,300394,6.22000000,6.30000000,6.49000000,6.18000000,,28061.61000000,4.92063492,1.77705977,0.11000000,,天孚通信
2021-04-06,300394,6.30000000,6.21000000,6.36000000,6.15000000,,14361.19000000,3.38164251,-1.42857143,-0.09000000,,天孚通信
2021-04-07,300394,6.19000000,6.12000000,6.28000000,5.99000000,,24722.74000000,4.73856209,-1.44927536,-0.09000000,,天孚通信
2021-04-08,300394,6.15000000,5.96000000,6.19000000,5.96000000,,14473.39000000,3.85906040,-2.61437908,-0.16000000,,天孚通信
2021-04-09,300394,6.02000000,5.94000000,6.04000000,5.89000000,,13032.87000000,2.52525253,-0.33557047,-0.02000000,,天孚通信
2021-04-12,300394,5.93000000,5.73000000,5.99000000,5.68000000,,13912.22000000,5.41012216,-3.53535354,-0.21000000,,天孚通信
2021-04-13,300394,5.75000000,5.67000000,5.80000000,5.64000000,,11176.96000000,2.82186949,-1.04712042,-0.06000000,,天孚通信
2021-04-14,300394,5.65000000,5.97000000,6.03000000,5.60000000,,17761.38000000,7.20268007,5.29100529,0.30000000,,天孚通信
2021-04-15,300394,5.97000000,6.08000000,6.16000000,5.86000000,,13574.46000000,4.93421053,1.84254606,0.11000000,,天孚通信
2021-04-16,300394,6.08000000,5.95000000,6.13000000,5.93000000,,19352.73000000,3.36134454,-2.13815789,-0.13000000,,天孚通信
2021-04-19,300394,6.02000000,6.19000000,6.20000000,5.94000000,,17641.26000000,4.20032310,4.03361345,0.24000000,,天孚通信
2021-04-20,300394,6.21000000,5.87000000,6.21000000,5.87000000,,24254.46000000,5.79216354,-5.16962843,-0.32000000,,天孚通信
2021-04-21,300394,5.83000000,5.77000000,5.86000000,5.71000000,,12949.19000000,2.59965338,-1.70357751,-0.10000000,,天孚通信
2021-04-22,300394,5.77000000,6.14000000,6.22000000,5.74000000,,26428.32000000,7.81758958,6.41247834,0.37000000,,天孚通信
2021-04-23,300394,6.59000000,6.91000000,7.43000000,6.59000000,,92916.89000000,12.15629522,12.54071661,0.77000000,,天孚通信
2021-04-26,300394,6.89000000,7.09000000,7.19000000,6.81000000,,61900.15000000,5.35966150,2.60492041,0.18000000,,天孚通信
2021-04-27,300394,7.09000000,7.15000000,7.39000000,7.07000000,,47630.23000000,4.47552448,0.84626234,0.06000000,,天孚通信
2021-04-28,300394,7.16000000,7.05000000,7.18000000,6.99000000,,30930.59000000,2.69503546,-1.39860140,-0.10000000,,天孚通信
2021-04-29,300394,7.01000000,6.91000000,7.10000000,6.88000000,,27739.47000000,3.18379161,-1.98581560,-0.14000000,,天孚通信
2021-04-30,300394,6.89000000,6.44000000,6.97000000,6.44000000,,43892.82000000,8.22981366,-6.80173661,-0.47000000,,天孚通信
2021-05-06,300394,6.52000000,6.53000000,6.66000000,6.40000000,,27135.84000000,3.98162328,1.39751553,0.09000000,,天孚通信
2021-05-07,300394,6.54000000,6.23000000,6.59000000,6.22000000,,21384.41000000,5.93900482,-4.59418070,-0.30000000,,天孚通信
2021-05-10,300394,6.20000000,5.97000000,6.27000000,5.89000000,,35371.73000000,6.36515913,-4.17335474,-0.26000000,,天孚通信
2021-05-11,300394,5.90000000,5.91000000,6.04000000,5.82000000,,31930.26000000,3.72250423,-1.00502513,-0.06000000,,天孚通信
2021-05-12,300394,6.01000000,6.09000000,6.15000000,5.86000000,,27127.51000000,4.76190476,3.04568528,0.18000000,,天孚通信
2021-05-13,300394,6.00000000,6.37000000,6.55000000,5.96000000,,43823.83000000,9.26216641,4.59770115,0.28000000,,天孚通信
2021-05-14,300394,6.41000000,6.59000000,6.62000000,6.37000000,,31629.54000000,3.79362671,3.45368917,0.22000000,,天孚通信
2021-05-17,300394,6.52000000,6.58000000,6.66000000,6.48000000,,34283.29000000,2.73556231,-0.15174507,-0.01000000,,天孚通信
2021-05-18,300394,6.61000000,6.61000000,6.66000000,6.36000000,,27752.76000000,4.53857791,0.45592705,0.03000000,,天孚通信
2021-05-19,300394,6.60000000,6.51000000,6.68000000,6.46000000,,25611.68000000,3.37941628,-1.51285930,-0.10000000,,天孚通信
2021-05-20,300394,6.50000000,6.73000000,6.82000000,6.45000000,,29244.99000000,5.49777117,3.37941628,0.22000000,,天孚通信
2021-05-21,300394,6.75000000,6.53000000,6.82000000,6.49000000,,33403.60000000,5.05359877,-2.97176820,-0.20000000,,天孚通信
2021-05-24,300394,6.50000000,6.76000000,6.77000000,6.48000000,,23150.96000000,4.28994083,3.52220521,0.23000000,,天孚通信
2021-05-25,300394,6.73000000,6.94000000,6.97000000,6.70000000,,35971.87000000,3.89048991,2.66272189,0.18000000,,天孚通信
2021-05-26,300394,7.00000000,6.83000000,7.02000000,6.80000000,,22784.00000000,3.22108346,-1.58501441,-0.11000000,,天孚通信
2021-05-27,300394,6.83000000,7.32000000,7.41000000,6.78000000,,57276.06000000,8.60655738,7.17423133,0.49000000,,天孚通信
2021-05-28,300394,7.30000000,7.31000000,7.62000000,7.26000000,,41456.02000000,4.92476060,-0.13661202,-0.01000000,,天孚通信
2021-05-31,300394,7.35000000,7.35000000,7.47000000,7.25000000,,29201.52000000,2.99319728,0.54719562,0.04000000,,天孚通信
2021-06-01,300394,7.37000000,7.47000000,7.77000000,7.26000000,,47068.99000000,6.82730924,1.63265306,0.12000000,,天孚通信
2021-06-02,300394,7.36000000,7.19000000,7.53000000,7.14000000,,25963.97000000,5.42420028,-3.74832664,-0.28000000,,天孚通信
2021-06-03,300394,7.17000000,7.35000000,7.57000000,7.17000000,,36564.91000000,5.44217687,2.22531293,0.16000000,,天孚通信
2021-06-04,300394,7.40000000,7.61000000,7.71000000,7.35000000,,39692.91000000,4.73061761,3.53741497,0.26000000,,天孚通信
2021-06-07,300394,7.74000000,7.85000000,7.89000000,7.54000000,,42407.74000000,4.45859873,3.15374507,0.24000000,,天孚通信
2021-06-08,300394,7.82000000,7.71000000,7.83000000,7.63000000,,27908.15000000,2.59403372,-1.78343949,-0.14000000,,天孚通信
2021-06-09,300394,7.65000000,7.50000000,7.78000000,7.39000000,,25315.76000000,5.20000000,-2.72373541,-0.21000000,,天孚通信
2021-06-10,300394,7.46000000,7.54000000,7.54000000,7.35000000,,31687.91000000,2.51989390,0.53333333,0.04000000,,天孚通信
2021-06-11,300394,7.53000000,7.69000000,7.76000000,7.46000000,,42573.67000000,3.90117035,1.98938992,0.15000000,,天孚通信
2021-06-15,300394,7.69000000,7.72000000,7.84000000,7.57000000,,23157.19000000,3.49740933,0.39011704,0.03000000,,天孚通信
2021-06-16,300394,7.62000000,7.39000000,7.89000000,7.31000000,,42252.66000000,7.84844384,-4.27461140,-0.33000000,,天孚通信
2021-06-17,300394,7.38000000,7.72000000,7.76000000,7.32000000,,30179.80000000,5.69948187,4.46549391,0.33000000,,天孚通信
2021-06-18,300394,7.86000000,7.84000000,8.19000000,7.81000000,,42496.96000000,4.84693878,1.55440415,0.12000000,,天孚通信
2021-06-21,300394,7.85000000,7.75000000,7.93000000,7.74000000,,26406.23000000,2.45161290,-1.14795918,-0.09000000,,天孚通信
2021-06-22,300394,7.78000000,7.60000000,7.83000000,7.59000000,,32809.11000000,3.15789474,-1.93548387,-0.15000000,,天孚通信
2021-06-23,300394,7.64000000,8.08000000,8.17000000,7.58000000,,51661.00000000,7.30198020,6.31578947,0.48000000,,天孚通信
2021-06-24,300394,8.15000000,7.72000000,8.18000000,7.70000000,,36751.95000000,6.21761658,-4.45544554,-0.36000000,,天孚通信
2021-06-25,300394,7.40000000,7.50000000,7.85000000,7.37000000,,50948.41000000,6.40000000,-2.84974093,-0.22000000,,天孚通信
2021-06-28,300394,7.44000000,7.78000000,7.85000000,7.43000000,,60854.29000000,5.39845758,3.73333333,0.28000000,,天孚通信
2021-06-29,300394,7.79000000,7.27000000,7.79000000,7.24000000,,60158.17000000,7.56533700,-6.55526992,-0.51000000,,天孚通信
2021-06-30,300394,7.25000000,7.17000000,7.49000000,6.95000000,,68728.37000000,7.53138075,-1.37551582,-0.10000000,,天孚通信
2021-07-01,300394,7.27000000,6.76000000,7.27000000,6.76000000,,53886.34000000,7.54437870,-5.71827057,-0.41000000,,天孚通信
2021-07-02,300394,6.76000000,6.65000000,6.89000000,6.62000000,,39146.51000000,4.06015038,-1.62721893,-0.11000000,,天孚通信
2021-07-05,300394,6.65000000,6.70000000,6.79000000,6.37000000,,55328.19000000,6.26865672,0.75187970,0.05000000,,天孚通信
2021-07-06,300394,6.61000000,6.44000000,6.70000000,6.31000000,,49786.22000000,6.05590062,-3.88059701,-0.26000000,,天孚通信
2021-07-07,300394,6.46000000,6.59000000,6.59000000,6.25000000,,62217.16000000,5.15933232,2.32919255,0.15000000,,天孚通信
2021-07-08,300394,6.53000000,6.74000000,6.74000000,6.30000000,,68149.53000000,6.52818991,2.27617602,0.15000000,,天孚通信
2021-07-09,300394,6.65000000,6.88000000,7.13000000,6.62000000,,75617.94000000,7.41279070,2.07715134,0.14000000,,天孚通信
2021-07-12,300394,6.88000000,7.91000000,8.04000000,6.81000000,,173798.30000000,15.54993679,14.97093023,1.03000000,,天孚通信
2021-07-13,300394,7.86000000,7.70000000,7.89000000,7.58000000,,107283.07000000,4.02597403,-2.65486726,-0.21000000,,天孚通信
2021-07-14,300394,7.74000000,7.60000000,7.96000000,7.58000000,,78528.45000000,5.00000000,-1.29870130,-0.10000000,,天孚通信
2021-07-15,300394,7.68000000,7.29000000,7.78000000,7.04000000,,109713.33000000,10.15089163,-4.07894737,-0.31000000,,天孚通信
2021-07-16,300394,7.41000000,7.19000000,7.41000000,7.13000000,,58295.64000000,3.89429764,-1.37174211,-0.10000000,,天孚通信
2021-07-19,300394,7.07000000,7.95000000,8.17000000,6.97000000,,139584.83000000,15.09433962,10.57023644,0.76000000,,天孚通信
2021-07-20,300394,7.81000000,8.05000000,8.09000000,7.73000000,,101358.10000000,4.47204969,1.25786164,0.10000000,,天孚通信
2021-07-21,300394,8.20000000,7.85000000,8.25000000,7.85000000,,105149.86000000,5.09554140,-2.48447205,-0.20000000,,天孚通信
2021-07-22,300394,7.78000000,7.95000000,8.20000000,7.71000000,,99973.36000000,6.16352201,1.27388535,0.10000000,,天孚通信
2021-07-23,300394,7.91000000,8.46000000,8.65000000,7.75000000,,162021.99000000,10.63829787,6.41509434,0.51000000,,天孚通信
2021-07-26,300394,8.37000000,8.20000000,8.58000000,7.93000000,,118653.50000000,7.92682927,-3.07328605,-0.26000000,,天孚通信
2021-07-27,300394,8.16000000,8.54000000,9.17000000,8.16000000,,193663.71000000,11.82669789,4.14634146,0.34000000,,天孚通信
2021-07-28,300394,8.44000000,9.20000000,9.47000000,8.33000000,,218719.21000000,12.39130435,7.72833724,0.66000000,,天孚通信
2021-07-29,300394,9.49000000,10.45000000,10.82000000,8.93000000,,254302.58000000,18.08612440,13.58695652,1.25000000,,天孚通信
2021-07-30,300394,9.89000000,10.33000000,11.56000000,9.82000000,,241529.88000000,16.84414327,-1.14832536,-0.12000000,,天孚通信
2021-08-02,300394,10.29000000,11.19000000,11.31000000,10.08000000,,197268.83000000,10.99195710,8.32526621,0.86000000,,天孚通信
2021-08-03,300394,10.93000000,10.28000000,11.23000000,10.27000000,,182180.06000000,9.33852140,-8.13226095,-0.91000000,,天孚通信
2021-08-04,300394,9.97000000,10.23000000,10.34000000,9.70000000,,271906.68000000,6.25610948,-0.48638132,-0.05000000,,天孚通信
2021-08-05,300394,10.08000000,9.67000000,10.26000000,9.58000000,,180518.85000000,7.03205791,-5.47409580,-0.56000000,,天孚通信
2021-08-06,300394,9.72000000,9.31000000,9.83000000,9.15000000,,165994.35000000,7.30397422,-3.72285419,-0.36000000,,天孚通信
2021-08-09,300394,9.27000000,9.37000000,9.66000000,9.23000000,,119768.90000000,4.58911419,0.64446831,0.06000000,,天孚通信
2021-08-10,300394,9.45000000,9.57000000,9.59000000,9.19000000,,106982.18000000,4.17972832,2.13447172,0.20000000,,天孚通信
2021-08-11,300394,9.58000000,10.19000000,10.20000000,9.53000000,,201498.61000000,6.57507360,6.47857889,0.62000000,,天孚通信
2021-08-12,300394,9.97000000,9.83000000,10.08000000,9.79000000,,114638.79000000,2.95015259,-3.53287537,-0.36000000,,天孚通信
2021-08-13,300394,9.64000000,8.87000000,9.78000000,8.85000000,,165530.40000000,10.48478016,-9.76602238,-0.96000000,,天孚通信
2021-08-16,300394,8.79000000,8.84000000,9.05000000,8.68000000,,81335.45000000,4.18552036,-0.33821871,-0.03000000,,天孚通信
2021-08-17,300394,8.84000000,8.34000000,8.87000000,8.33000000,,102680.11000000,6.47482014,-5.65610860,-0.50000000,,天孚通信
2021-08-18,300394,8.34000000,8.33000000,8.47000000,8.06000000,,85432.04000000,4.92196879,-0.11990408,-0.01000000,,天孚通信
2021-08-19,300394,8.42000000,8.89000000,9.02000000,8.36000000,,118361.50000000,7.42407199,6.72268908,0.56000000,,天孚通信
2021-08-20,300394,8.86000000,8.78000000,8.87000000,8.51000000,,88469.13000000,4.10022779,-1.23734533,-0.11000000,,天孚通信
2021-08-23,300394,8.65000000,8.84000000,9.04000000,8.51000000,,78224.56000000,5.99547511,0.68337130,0.06000000,,天孚通信
2021-08-24,300394,7.89000000,8.04000000,8.25000000,7.58000000,,230630.31000000,8.33333333,-9.04977376,-0.80000000,,天孚通信
2021-08-25,300394,8.04000000,8.32000000,8.57000000,7.96000000,,105451.38000000,7.33173077,3.48258706,0.28000000,,天孚通信
2021-08-26,300394,8.25000000,7.84000000,8.30000000,7.78000000,,93149.83000000,6.63265306,-5.76923077,-0.48000000,,天孚通信
2021-08-27,300394,7.92000000,7.72000000,7.92000000,7.62000000,,65836.75000000,3.88601036,-1.53061224,-0.12000000,,天孚通信
2021-08-30,300394,7.74000000,7.86000000,7.91000000,7.46000000,,80457.29000000,5.72519084,1.81347150,0.14000000,,天孚通信
2021-08-31,300394,7.87000000,7.52000000,7.89000000,7.43000000,,70034.16000000,6.11702128,-4.32569975,-0.34000000,,天孚通信
2021-09-01,300394,7.51000000,7.66000000,7.74000000,7.42000000,,61360.11000000,4.17754569,1.86170213,0.14000000,,天孚通信
2021-09-02,300394,7.53000000,7.59000000,7.66000000,7.46000000,,48984.79000000,2.63504611,-0.91383812,-0.07000000,,天孚通信
2021-09-03,300394,7.71000000,7.86000000,8.17000000,7.62000000,,78711.71000000,6.99745547,3.55731225,0.27000000,,天孚通信
2021-09-06,300394,7.96000000,8.37000000,8.44000000,7.80000000,,104215.90000000,7.64635603,6.48854962,0.51000000,,天孚通信
2021-09-07,300394,8.37000000,8.36000000,8.55000000,8.20000000,,67293.88000000,4.18660287,-0.11947431,-0.01000000,,天孚通信
2021-09-08,300394,8.31000000,8.68000000,8.75000000,8.19000000,,85369.83000000,6.45161290,3.82775120,0.32000000,,天孚通信
2021-09-09,300394,8.72000000,8.61000000,9.05000000,8.52000000,,94468.81000000,6.15563298,-0.80645161,-0.07000000,,天孚通信
2021-09-10,300394,8.65000000,8.64000000,8.76000000,8.23000000,,90612.57000000,6.13425926,0.34843206,0.03000000,,天孚通信
2021-09-13,300394,8.60000000,8.14000000,8.61000000,8.08000000,,68853.64000000,6.51105651,-5.78703704,-0.50000000,,天孚通信
2021-09-14,300394,8.25000000,7.98000000,8.33000000,7.90000000,,64674.59000000,5.38847118,-1.96560197,-0.16000000,,天孚通信
2021-09-15,300394,7.96000000,8.02000000,8.16000000,7.87000000,,40930.94000000,3.61596010,0.50125313,0.04000000,,天孚通信
2021-09-16,300394,7.98000000,7.56000000,8.02000000,7.52000000,,64511.75000000,6.61375661,-5.73566085,-0.46000000,,天孚通信
2021-09-17,300394,7.56000000,7.70000000,7.77000000,7.23000000,,59049.54000000,7.01298701,1.85185185,0.14000000,,天孚通信
2021-09-22,300394,7.52000000,7.46000000,7.66000000,7.40000000,,30692.73000000,3.48525469,-3.11688312,-0.24000000,,天孚通信
2021-09-23,300394,7.52000000,7.81000000,7.90000000,7.52000000,,39924.81000000,4.86555698,4.69168901,0.35000000,,天孚通信
2021-09-24,300394,7.74000000,7.58000000,7.86000000,7.52000000,,31374.75000000,4.48548813,-2.94494238,-0.23000000,,天孚通信
2021-09-27,300394,7.82000000,7.34000000,8.02000000,7.32000000,,46151.77000000,9.53678474,-3.16622691,-0.24000000,,天孚通信
2021-09-28,300394,7.31000000,7.22000000,7.48000000,7.05000000,,35955.26000000,5.95567867,-1.63487738,-0.12000000,,天孚通信
2021-09-29,300394,7.12000000,6.78000000,7.20000000,6.76000000,,44300.86000000,6.48967552,-6.09418283,-0.44000000,,天孚通信
2021-09-30,300394,6.83000000,6.88000000,7.16000000,6.79000000,,42592.89000000,5.37790698,1.47492625,0.10000000,,天孚通信
2021-10-08,300394,7.03000000,7.11000000,7.18000000,6.96000000,,29057.56000000,3.09423347,3.34302326,0.23000000,,天孚通信
2021-10-11,300394,7.13000000,7.34000000,7.49000000,7.01000000,,39418.45000000,6.53950954,3.23488045,0.23000000,,天孚通信
2021-10-12,300394,7.31000000,7.09000000,7.42000000,6.95000000,,36339.40000000,6.62905501,-3.40599455,-0.25000000,,天孚通信
2021-10-13,300394,7.09000000,7.44000000,7.48000000,7.03000000,,41076.15000000,6.04838710,4.93653032,0.35000000,,天孚通信
2021-10-14,300394,7.45000000,7.20000000,7.45000000,7.18000000,,38382.78000000,3.75000000,-3.22580645,-0.24000000,,天孚通信
2021-10-15,300394,7.24000000,7.39000000,7.55000000,7.19000000,,41206.35000000,4.87144790,2.63888889,0.19000000,,天孚通信
2021-10-18,300394,7.32000000,7.28000000,7.59000000,7.22000000,,44196.20000000,5.08241758,-1.48849797,-0.11000000,,天孚通信
2021-10-19,300394,7.28000000,7.06000000,7.42000000,6.98000000,,43298.60000000,6.23229462,-3.02197802,-0.22000000,,天孚通信
2021-10-20,300394,7.16000000,7.00000000,7.18000000,6.99000000,,33105.10000000,2.71428571,-0.84985836,-0.06000000,,天孚通信
2021-10-21,300394,7.04000000,6.83000000,7.06000000,6.73000000,,42017.74000000,4.83162518,-2.42857143,-0.17000000,,天孚通信
2021-10-22,300394,6.76000000,6.86000000,6.96000000,6.74000000,,23265.08000000,3.20699708,0.43923865,0.03000000,,天孚通信
2021-10-25,300394,6.86000000,7.06000000,7.06000000,6.69000000,,34048.50000000,5.24079320,2.91545190,0.20000000,,天孚通信
2021-10-26,300394,7.03000000,7.78000000,8.21000000,7.01000000,,166140.05000000,15.42416452,10.19830028,0.72000000,,天孚通信
2021-10-27,300394,7.75000000,7.37000000,7.87000000,7.05000000,,111019.56000000,11.12618725,-5.26992288,-0.41000000,,天孚通信
2021-10-28,300394,7.32000000,7.12000000,7.42000000,7.07000000,,43279.06000000,4.91573034,-3.39213026,-0.25000000,,天孚通信
2021-10-29,300394,7.20000000,7.29000000,7.47000000,7.13000000,,38747.77000000,4.66392318,2.38764045,0.17000000,,天孚通信
2021-11-01,300394,7.17000000,7.40000000,7.40000000,7.11000000,,39144.24000000,3.91891892,1.50891632,0.11000000,,天孚通信
2021-11-02,300394,7.42000000,7.75000000,7.83000000,7.28000000,,84245.70000000,7.09677419,4.72972973,0.35000000,,天孚通信
2021-11-03,300394,7.78000000,7.65000000,7.80000000,7.49000000,,38322.39000000,4.05228758,-1.29032258,-0.10000000,,天孚通信
2021-11-04,300394,7.64000000,7.67000000,7.74000000,7.60000000,,34248.33000000,1.82529335,0.26143791,0.02000000,,天孚通信
2021-11-05,300394,7.69000000,7.70000000,7.77000000,7.55000000,,39131.72000000,2.85714286,0.39113429,0.03000000,,天孚通信
2021-11-08,300394,7.63000000,7.94000000,8.02000000,7.55000000,,49008.62000000,5.91939547,3.11688312,0.24000000,,天孚通信
2021-11-09,300394,7.96000000,7.94000000,8.06000000,7.78000000,,50117.80000000,3.52644836,0.00000000,0.00000000,,天孚通信
2021-11-10,300394,7.88000000,8.14000000,8.19000000,7.77000000,,48918.08000000,5.15970516,2.51889169,0.20000000,,天孚通信
2021-11-11,300394,8.12000000,8.05000000,8.18000000,8.02000000,,39634.07000000,1.98757764,-1.10565111,-0.09000000,,天孚通信
2021-11-12,300394,8.01000000,7.95000000,8.10000000,7.91000000,,36560.54000000,2.38993711,-1.24223602,-0.10000000,,天孚通信
2021-11-15,300394,8.02000000,8.22000000,8.25000000,7.95000000,,60810.95000000,3.64963504,3.39622642,0.27000000,,天孚通信
2021-11-16,300394,8.21000000,8.07000000,8.62000000,7.99000000,,83350.40000000,7.80669145,-1.82481752,-0.15000000,,天孚通信
2021-11-17,300394,7.90000000,8.43000000,8.51000000,7.90000000,,81809.67000000,7.23606168,4.46096654,0.36000000,,天孚通信
2021-11-18,300394,8.40000000,8.40000000,8.75000000,8.36000000,,70546.45000000,4.64285714,-0.35587189,-0.03000000,,天孚通信
2021-11-19,300394,8.38000000,8.57000000,8.72000000,8.38000000,,53403.14000000,3.96732789,2.02380952,0.17000000,,天孚通信
2021-11-22,300394,8.55000000,9.02000000,9.23000000,8.48000000,,79396.38000000,8.31485588,5.25087515,0.45000000,,天孚通信
2021-11-23,300394,9.07000000,10.58000000,11.18000000,9.07000000,,357923.69000000,19.94328922,17.29490022,1.56000000,,天孚通信
2021-11-24,300394,10.70000000,10.78000000,11.02000000,10.33000000,,166317.17000000,6.40074212,1.89035917,0.20000000,,天孚通信
2021-11-25,300394,10.74000000,9.90000000,10.91000000,9.77000000,,189064.03000000,11.51515152,-8.16326531,-0.88000000,,天孚通信
2021-11-26,300394,9.79000000,9.47000000,9.92000000,9.33000000,,138917.35000000,6.23020063,-4.34343434,-0.43000000,,天孚通信
2021-11-29,300394,9.46000000,9.85000000,10.13000000,9.21000000,,118329.81000000,9.34010152,4.01267159,0.38000000,,天孚通信
2021-11-30,300394,9.97000000,10.06000000,10.29000000,9.79000000,,100468.37000000,4.97017893,2.13197970,0.21000000,,天孚通信
2021-12-01,300394,10.28000000,10.37000000,10.43000000,9.91000000,,80540.97000000,5.01446480,3.08151093,0.31000000,,天孚通信
2021-12-02,300394,10.33000000,10.60000000,10.66000000,9.95000000,,103483.80000000,6.69811321,2.21793635,0.23000000,,天孚通信
2021-12-03,300394,10.55000000,11.15000000,11.15000000,10.30000000,,117357.79000000,7.62331839,5.18867925,0.55000000,,天孚通信
2021-12-06,300394,11.05000000,10.60000000,11.42000000,10.50000000,,82639.71000000,8.67924528,-4.93273543,-0.55000000,,天孚通信
2021-12-07,300394,10.49000000,10.20000000,10.81000000,10.10000000,,92049.69000000,6.96078431,-3.77358491,-0.40000000,,天孚通信
2021-12-08,300394,10.20000000,10.38000000,10.59000000,10.04000000,,66166.35000000,5.29865125,1.76470588,0.18000000,,天孚通信
2021-12-09,300394,10.32000000,9.89000000,10.42000000,9.81000000,,73451.48000000,6.16784631,-4.72061657,-0.49000000,,天孚通信
2021-12-10,300394,9.89000000,9.77000000,10.06000000,9.72000000,,43605.43000000,3.48004094,-1.21334681,-0.12000000,,天孚通信
2021-12-13,300394,9.78000000,9.79000000,10.01000000,9.50000000,,67008.01000000,5.20939734,0.20470829,0.02000000,,天孚通信
2021-12-14,300394,9.89000000,10.12000000,10.28000000,9.73000000,,69092.79000000,5.43478261,3.37078652,0.33000000,,天孚通信
2021-12-15,300394,10.21000000,10.08000000,10.59000000,10.01000000,,54747.48000000,5.75396825,-0.39525692,-0.04000000,,天孚通信
2021-12-16,300394,10.08000000,10.33000000,10.45000000,9.67000000,,56346.77000000,7.55082285,2.48015873,0.25000000,,天孚通信
2021-12-17,300394,10.32000000,9.92000000,10.43000000,9.89000000,,45230.83000000,5.44354839,-3.96902227,-0.41000000,,天孚通信
2021-12-20,300394,9.53000000,9.47000000,9.72000000,9.11000000,,83693.04000000,6.44139388,-4.53629032,-0.45000000,,天孚通信
2021-12-21,300394,9.46000000,9.81000000,9.89000000,9.39000000,,60161.21000000,5.09683996,3.59028511,0.34000000,,天孚通信
2021-12-22,300394,9.88000000,10.29000000,10.39000000,9.61000000,,60733.97000000,7.58017493,4.89296636,0.48000000,,天孚通信
2021-12-23,300394,10.35000000,10.06000000,10.39000000,9.97000000,,49489.13000000,4.17495030,-2.23517979,-0.23000000,,天孚通信
2021-12-24,300394,10.06000000,10.12000000,10.19000000,9.60000000,,68078.49000000,5.83003953,0.59642147,0.06000000,,天孚通信
2021-12-27,300394,10.08000000,10.67000000,10.79000000,9.89000000,,72095.04000000,8.43486410,5.43478261,0.55000000,,天孚通信
2021-12-28,300394,10.77000000,10.66000000,10.94000000,10.54000000,,72653.67000000,3.75234522,-0.09372071,-0.01000000,,天孚通信
2021-12-29,300394,10.51000000,10.73000000,11.10000000,10.49000000,,78027.11000000,5.68499534,0.65666041,0.07000000,,天孚通信
2021-12-30,300394,10.73000000,11.13000000,11.35000000,10.60000000,,78659.68000000,6.73854447,3.72786580,0.40000000,,天孚通信
2021-12-31,300394,11.10000000,11.28000000,11.30000000,10.92000000,,47346.78000000,3.36879433,1.34770889,0.15000000,,天孚通信
2022-01-04,300394,11.08000000,11.20000000,11.54000000,10.51000000,,84264.95000000,9.19642857,-0.70921986,-0.08000000,,天孚通信
2022-01-05,300394,11.13000000,10.44000000,11.13000000,10.41000000,,47757.22000000,6.89655172,-6.78571429,-0.76000000,,天孚通信
2022-01-06,300394,10.45000000,10.24000000,10.79000000,10.19000000,,39706.57000000,5.85937500,-1.91570881,-0.20000000,,天孚通信
2022-01-07,300394,10.28000000,9.89000000,10.42000000,9.76000000,,38973.80000000,6.67340748,-3.41796875,-0.35000000,,天孚通信
2022-01-10,300394,9.75000000,10.41000000,10.48000000,9.53000000,,60697.21000000,9.12584054,5.25783620,0.52000000,,天孚通信
2022-01-11,300394,10.46000000,10.14000000,10.56000000,10.04000000,,37044.79000000,5.12820513,-2.59365994,-0.27000000,,天孚通信
2022-01-12,300394,10.29000000,9.93000000,10.47000000,9.87000000,,27507.63000000,6.04229607,-2.07100592,-0.21000000,,天孚通信
2022-01-13,300394,10.21000000,9.70000000,10.33000000,9.42000000,,51355.28000000,9.38144330,-2.31621349,-0.23000000,,天孚通信
2022-01-14,300394,9.43000000,9.78000000,9.99000000,9.43000000,,27968.96000000,5.72597137,0.82474227,0.08000000,,天孚通信
2022-01-17,300394,9.85000000,11.34000000,11.50000000,9.79000000,,124841.04000000,15.07936508,15.95092025,1.56000000,,天孚通信
2022-01-18,300394,11.46000000,11.58000000,12.03000000,11.13000000,,105829.95000000,7.77202073,2.11640212,0.24000000,,天孚通信
2022-01-19,300394,11.34000000,11.48000000,11.82000000,11.25000000,,55075.96000000,4.96515679,-0.86355786,-0.10000000,,天孚通信
2022-01-20,300394,11.48000000,11.27000000,11.79000000,11.21000000,,74874.90000000,5.14640639,-1.82926829,-0.21000000,,天孚通信
2022-01-21,300394,11.17000000,10.89000000,11.48000000,10.81000000,,39984.96000000,6.15243343,-3.37178350,-0.38000000,,天孚通信
2022-01-24,300394,11.01000000,10.82000000,11.13000000,10.72000000,,23912.53000000,3.78927911,-0.64279155,-0.07000000,,天孚通信
2022-01-25,300394,10.82000000,10.58000000,10.95000000,10.33000000,,44464.70000000,5.86011342,-2.21811460,-0.24000000,,天孚通信
2022-01-26,300394,10.63000000,10.76000000,10.93000000,10.33000000,,43586.40000000,5.57620818,1.70132325,0.18000000,,天孚通信
2022-01-27,300394,10.76000000,10.07000000,10.78000000,10.03000000,,56885.82000000,7.44786495,-6.41263941,-0.69000000,,天孚通信
2022-01-28,300394,10.07000000,10.24000000,10.64000000,10.05000000,,40948.74000000,5.76171875,1.68818272,0.17000000,,天孚通信
2022-02-07,300394,10.64000000,10.14000000,10.68000000,9.95000000,,41013.36000000,7.19921105,-0.97656250,-0.10000000,,天孚通信
2022-02-08,300394,10.14000000,9.58000000,10.24000000,9.41000000,,59607.30000000,8.66388309,-5.52268245,-0.56000000,,天孚通信
2022-02-09,300394,9.62000000,10.43000000,10.48000000,9.50000000,,64742.41000000,9.39597315,8.87265136,0.85000000,,天孚通信
2022-02-10,300394,10.33000000,11.39000000,11.41000000,10.15000000,,120261.21000000,11.06233538,9.20421860,0.96000000,,天孚通信
2022-02-11,300394,11.25000000,11.01000000,11.36000000,10.05000000,,103597.63000000,11.89827430,-3.33625988,-0.38000000,,天孚通信
2022-02-14,300394,10.57000000,10.72000000,11.19000000,10.22000000,,58225.71000000,9.04850746,-2.63396912,-0.29000000,,天孚通信
2022-02-15,300394,10.79000000,11.10000000,11.13000000,10.60000000,,36833.97000000,4.77477477,3.54477612,0.38000000,,天孚通信
2022-02-16,300394,11.16000000,10.72000000,11.28000000,10.65000000,,42347.94000000,5.87686567,-3.42342342,-0.38000000,,天孚通信
2022-02-17,300394,10.65000000,10.37000000,10.80000000,10.29000000,,40838.60000000,4.91803279,-3.26492537,-0.35000000,,天孚通信
2022-02-18,300394,10.51000000,11.24000000,11.46000000,10.51000000,,88865.51000000,8.45195730,8.38958534,0.87000000,,天孚通信
2022-02-21,300394,11.75000000,11.61000000,11.88000000,11.19000000,,124006.76000000,5.94315245,3.29181495,0.37000000,,天孚通信
2022-02-22,300394,11.37000000,11.04000000,11.57000000,10.99000000,,75736.25000000,5.25362319,-4.90956072,-0.57000000,,天孚通信
2022-02-23,300394,11.06000000,11.17000000,11.31000000,10.84000000,,65538.08000000,4.20769919,1.17753623,0.13000000,,天孚通信
2022-02-24,300394,11.07000000,10.63000000,11.07000000,10.27000000,,66606.58000000,7.52587018,-4.83437780,-0.54000000,,天孚通信
2022-02-25,300394,10.70000000,10.40000000,10.96000000,10.36000000,,51633.93000000,5.76923077,-2.16368768,-0.23000000,,天孚通信
2022-02-28,300394,10.46000000,10.52000000,10.65000000,10.19000000,,35679.14000000,4.37262357,1.15384615,0.12000000,,天孚通信
2022-03-01,300394,10.53000000,11.52000000,11.52000000,10.46000000,,87205.16000000,9.20138889,9.50570342,1.00000000,,天孚通信
2022-03-02,300394,11.50000000,11.18000000,11.50000000,10.98000000,,50089.63000000,4.65116279,-2.95138889,-0.34000000,,天孚通信
2022-03-03,300394,11.17000000,10.63000000,11.18000000,10.57000000,,57815.79000000,5.73847601,-4.91949911,-0.55000000,,天孚通信
2022-03-04,300394,10.49000000,10.71000000,10.93000000,10.32000000,,41786.93000000,5.69561158,0.75258702,0.08000000,,天孚通信
2022-03-07,300394,10.70000000,9.77000000,10.70000000,9.59000000,,76127.71000000,11.36131013,-8.77684407,-0.94000000,,天孚通信
2022-03-08,300394,9.77000000,9.78000000,10.16000000,9.71000000,,59131.34000000,4.60122699,0.10235415,0.01000000,,天孚通信
2022-03-09,300394,9.80000000,9.22000000,9.97000000,8.69000000,,96682.62000000,13.88286334,-5.72597137,-0.56000000,,天孚通信
2022-03-10,300394,9.56000000,9.69000000,9.88000000,9.46000000,,63907.51000000,4.33436533,5.09761388,0.47000000,,天孚通信
2022-03-11,300394,9.48000000,9.56000000,9.67000000,9.12000000,,50847.49000000,5.75313808,-1.34158927,-0.13000000,,天孚通信
2022-03-14,300394,9.55000000,8.99000000,9.55000000,8.99000000,,34195.80000000,6.22914349,-5.96234310,-0.57000000,,天孚通信
2022-03-15,300394,8.98000000,8.19000000,9.02000000,8.18000000,,70683.76000000,10.25641026,-8.89877642,-0.80000000,,天孚通信
2022-03-16,300394,8.45000000,8.29000000,8.56000000,7.88000000,,59766.33000000,8.20265380,1.22100122,0.10000000,,天孚通信
2022-03-17,300394,8.55000000,8.68000000,8.94000000,8.26000000,,79595.23000000,7.83410138,4.70446321,0.39000000,,天孚通信
2022-03-18,300394,8.62000000,8.61000000,8.73000000,8.33000000,,49671.56000000,4.64576074,-0.80645161,-0.07000000,,天孚通信
2022-03-21,300394,8.72000000,8.33000000,8.72000000,8.16000000,,56114.46000000,6.72268908,-3.25203252,-0.28000000,,天孚通信
2022-03-22,300394,8.31000000,7.86000000,8.33000000,7.71000000,,83407.80000000,7.88804071,-5.64225690,-0.47000000,,天孚通信
2022-03-23,300394,7.91000000,8.59000000,8.67000000,7.64000000,,108817.35000000,11.99068685,9.28753181,0.73000000,,天孚通信
2022-03-24,300394,8.36000000,8.12000000,8.48000000,7.99000000,,81564.54000000,6.03448276,-5.47147846,-0.47000000,,天孚通信
2022-03-25,300394,8.13000000,7.85000000,8.20000000,7.83000000,,44024.78000000,4.71337580,-3.32512315,-0.27000000,,天孚通信
2022-03-28,300394,7.78000000,7.91000000,7.95000000,7.49000000,,45303.21000000,5.81542351,0.76433121,0.06000000,,天孚通信
2022-03-29,300394,7.98000000,7.80000000,8.22000000,7.71000000,,36671.38000000,6.53846154,-1.39064475,-0.11000000,,天孚通信
2022-03-30,300394,7.82000000,7.97000000,8.09000000,7.79000000,,28654.64000000,3.76411543,2.17948718,0.17000000,,天孚通信
2022-03-31,300394,7.89000000,8.05000000,8.25000000,7.74000000,,38242.92000000,6.33540373,1.00376412,0.08000000,,天孚通信
2022-04-01,300394,8.01000000,8.13000000,8.21000000,7.86000000,,31094.00000000,4.30504305,0.99378882,0.08000000,,天孚通信
2022-04-06,300394,8.13000000,7.71000000,8.14000000,7.63000000,,49241.00000000,6.61478599,-5.16605166,-0.42000000,,天孚通信
2022-04-07,300394,7.65000000,7.37000000,7.76000000,7.29000000,,61312.00000000,6.37720488,-4.40985733,-0.34000000,,天孚通信
2022-04-08,300394,7.44000000,7.22000000,7.50000000,6.99000000,,46320.00000000,7.06371191,-2.03527815,-0.15000000,,天孚通信
2022-04-11,300394,7.25000000,6.72000000,7.36000000,6.61000000,,50887.00000000,11.16071429,-6.92520776,-0.50000000,,天孚通信
2022-04-12,300394,6.67000000,6.70000000,6.87000000,6.40000000,,48437.00000000,7.01492537,-0.29761905,-0.02000000,,天孚通信
2022-04-13,300394,6.63000000,6.10000000,6.63000000,6.03000000,,124649.00000000,9.83606557,-8.95522388,-0.60000000,,天孚通信
2022-04-14,300394,6.21000000,6.09000000,6.29000000,5.86000000,,70687.00000000,7.06075534,-0.16393443,-0.01000000,,天孚通信
2022-04-15,300394,6.02000000,5.93000000,6.09000000,5.69000000,,85522.00000000,6.74536256,-2.62725780,-0.16000000,,天孚通信
2022-04-18,300394,5.92000000,6.41000000,6.45000000,5.72000000,,73763.00000000,11.38845554,8.09443508,0.48000000,,天孚通信
2022-04-19,300394,6.36000000,6.47000000,6.62000000,6.33000000,,71399.00000000,4.48222566,0.93603744,0.06000000,,天孚通信
2022-04-20,300394,6.64000000,6.45000000,6.67000000,6.33000000,,56391.00000000,5.27131783,-0.30911901,-0.02000000,,天孚通信
2022-04-21,300394,6.35000000,6.01000000,6.45000000,5.96000000,,61893.00000000,8.15307820,-6.82170543,-0.44000000,,天孚通信
2022-04-22,300394,5.92000000,5.67000000,6.03000000,5.60000000,,56852.00000000,7.58377425,-5.65723794,-0.34000000,,天孚通信
2022-04-25,300394,5.60000000,4.99000000,5.62000000,4.97000000,,70163.00000000,13.02605210,-11.99294533,-0.68000000,,天孚通信
2022-04-26,300394,5.05000000,4.72000000,5.10000000,4.66000000,,64548.00000000,9.32203390,-5.41082164,-0.27000000,,天孚通信
2022-04-27,300394,4.78000000,5.60000000,5.68000000,4.78000000,,96536.00000000,16.07142857,18.64406780,0.88000000,,天孚通信
2022-04-28,300394,5.41000000,5.46000000,5.66000000,5.34000000,,76524.00000000,5.86080586,-2.50000000,-0.14000000,,天孚通信
2022-04-29,300394,5.57000000,5.91000000,6.06000000,5.41000000,,87861.00000000,10.99830795,8.24175824,0.45000000,,天孚通信
2022-05-05,300394,5.87000000,6.35000000,6.42000000,5.84000000,,80325.00000000,9.13385827,7.44500846,0.44000000,,天孚通信
2022-05-06,300394,6.21000000,6.25000000,6.42000000,6.03000000,,51105.00000000,6.24000000,-1.57480315,-0.10000000,,天孚通信
2022-05-09,300394,6.22000000,6.61000000,6.70000000,6.15000000,,70407.00000000,8.32072617,5.76000000,0.36000000,,天孚通信
2022-05-10,300394,6.50000000,7.47000000,7.52000000,6.41000000,,95768.00000000,14.85943775,13.01059002,0.86000000,,天孚通信
2022-05-11,300394,7.41000000,7.90000000,8.19000000,7.07000000,,107949.00000000,14.17721519,5.75635877,0.43000000,,天孚通信
2022-05-12,300394,7.81000000,7.42000000,7.81000000,7.16000000,,92148.00000000,8.76010782,-6.07594937,-0.48000000,,天孚通信
2022-05-13,300394,7.36000000,7.42000000,7.57000000,7.29000000,,51226.00000000,3.77358491,0.00000000,0.00000000,,天孚通信
2022-05-16,300394,7.37000000,7.20000000,7.63000000,7.17000000,,27321.00000000,6.38888889,-2.96495957,-0.22000000,,天孚通信
2022-05-17,300394,7.14000000,7.46000000,7.55000000,7.11000000,,45333.00000000,5.89812332,3.61111111,0.26000000,,天孚通信
2022-05-18,300394,7.42000000,7.37000000,7.59000000,7.28000000,,30141.00000000,4.20624152,-1.20643432,-0.09000000,,天孚通信
2022-05-19,300394,7.15000000,7.38000000,7.41000000,7.10000000,,37620.00000000,4.20054201,0.13568521,0.01000000,,天孚通信
2022-05-20,300394,7.49000000,7.36000000,7.49000000,7.04000000,,49408.00000000,6.11413043,-0.27100271,-0.02000000,,天孚通信
2022-05-23,300394,7.35000000,7.23000000,7.36000000,7.03000000,,34179.00000000,4.56431535,-1.76630435,-0.13000000,,天孚通信
2022-05-24,300394,7.13000000,6.79000000,7.45000000,6.76000000,,45750.00000000,10.16200295,-6.08575380,-0.44000000,,天孚通信
2022-05-25,300394,6.73000000,7.05000000,7.11000000,6.73000000,,33316.00000000,5.39007092,3.82916053,0.26000000,,天孚通信
2022-05-26,300394,7.05000000,7.38000000,7.55000000,6.80000000,,50365.00000000,10.16260163,4.68085106,0.33000000,,天孚通信
2022-05-27,300394,7.42000000,7.09000000,7.51000000,6.80000000,,66412.00000000,10.01410437,-3.92953930,-0.29000000,,天孚通信
2022-05-30,300394,7.16000000,7.38000000,7.45000000,6.89000000,,51323.00000000,7.58807588,4.09026798,0.29000000,,天孚通信
2022-05-31,300394,7.41000000,7.68000000,8.04000000,7.23000000,,76657.00000000,10.54687500,4.06504065,0.30000000,,天孚通信
2022-06-01,300394,7.67000000,7.90000000,7.96000000,7.60000000,,46147.00000000,4.55696203,2.86458333,0.22000000,,天孚通信
2022-06-02,300394,7.89000000,8.00000000,8.13000000,7.71000000,,53739.00000000,5.25000000,1.26582278,0.10000000,,天孚通信
2022-06-06,300394,7.85000000,8.50000000,8.64000000,7.83000000,,77569.00000000,9.52941176,6.25000000,0.50000000,,天孚通信
2022-06-07,300394,8.39000000,8.33000000,8.62000000,8.15000000,,51514.00000000,5.64225690,-2.00000000,-0.17000000,,天孚通信
2022-06-08,300394,8.38000000,8.15000000,8.42000000,7.96000000,,37290.00000000,5.64417178,-2.16086435,-0.18000000,,天孚通信
2022-06-09,300394,8.08000000,7.77000000,8.08000000,7.60000000,,40061.00000000,6.17760618,-4.66257669,-0.38000000,,天孚通信
2022-06-10,300394,7.68000000,8.18000000,8.32000000,7.67000000,,40303.00000000,7.94621027,5.27670528,0.41000000,,天孚通信
2022-06-13,300394,8.18000000,8.25000000,8.51000000,7.97000000,,53072.00000000,6.54545455,0.85574572,0.07000000,,天孚通信
2022-06-14,300394,8.25000000,7.77000000,8.29000000,7.51000000,,78800.00000000,10.03861004,-5.81818182,-0.48000000,,天孚通信
2022-06-15,300394,7.82000000,7.95000000,8.21000000,7.77000000,,45981.00000000,5.53459119,2.31660232,0.18000000,,天孚通信
2022-06-16,300394,8.13000000,8.06000000,8.26000000,7.95000000,,33114.00000000,3.84615385,1.38364780,0.11000000,,天孚通信
2022-06-17,300394,8.04000000,8.28000000,8.35000000,7.85000000,,34345.00000000,6.03864734,2.72952854,0.22000000,,天孚通信
2022-06-20,300394,8.30000000,8.64000000,8.93000000,8.30000000,,61689.00000000,7.29166667,4.34782609,0.36000000,,天孚通信
2022-06-21,300394,8.65000000,8.22000000,8.68000000,7.96000000,,59886.00000000,8.75912409,-4.86111111,-0.42000000,,天孚通信
2022-06-22,300394,8.21000000,7.89000000,8.37000000,7.82000000,,48834.00000000,6.97084918,-4.01459854,-0.33000000,,天孚通信
2022-06-23,300394,8.04000000,7.84000000,8.18000000,7.74000000,,74142.00000000,5.61224490,-0.63371356,-0.05000000,,天孚通信
2022-06-24,300394,7.84000000,8.38000000,8.40000000,7.82000000,,72296.00000000,6.92124105,6.88775510,0.54000000,,天孚通信
2022-06-27,300394,8.31000000,8.25000000,8.41000000,8.08000000,,52695.00000000,4.00000000,-1.55131265,-0.13000000,,天孚通信
2022-06-28,300394,8.29000000,8.26000000,8.36000000,7.94000000,,30996.00000000,5.08474576,0.12121212,0.01000000,,天孚通信
2022-06-29,300394,8.25000000,7.95000000,8.50000000,7.93000000,,51870.00000000,7.16981132,-3.75302663,-0.31000000,,天孚通信
2022-06-30,300394,7.98000000,7.95000000,8.17000000,7.83000000,,45191.00000000,4.27672956,0.00000000,0.00000000,,天孚通信
2022-07-01,300394,7.85000000,7.73000000,8.02000000,7.57000000,,53520.00000000,5.82147477,-2.76729560,-0.22000000,,天孚通信
2022-07-04,300394,7.83000000,7.12000000,7.83000000,6.94000000,,201758.00000000,12.50000000,-7.89133247,-0.61000000,,天孚通信
2022-07-05,300394,7.16000000,7.04000000,7.30000000,6.97000000,,87977.00000000,4.68750000,-1.12359551,-0.08000000,,天孚通信
2022-07-06,300394,7.05000000,6.98000000,7.23000000,6.84000000,,63995.00000000,5.58739255,-0.85227273,-0.06000000,,天孚通信
2022-07-07,300394,6.98000000,6.90000000,7.12000000,6.80000000,,53795.00000000,4.63768116,-1.14613181,-0.08000000,,天孚通信
2022-07-08,300394,6.94000000,6.85000000,7.11000000,6.80000000,,50716.00000000,4.52554745,-0.72463768,-0.05000000,,天孚通信
2022-07-11,300394,6.84000000,6.70000000,6.85000000,6.59000000,,42402.00000000,3.88059701,-2.18978102,-0.15000000,,天孚通信
2022-07-12,300394,6.74000000,6.45000000,6.74000000,6.41000000,,48189.00000000,5.11627907,-3.73134328,-0.25000000,,天孚通信
2022-07-13,300394,6.46000000,6.55000000,6.61000000,6.36000000,,40965.00000000,3.81679389,1.55038760,0.10000000,,天孚通信
2022-07-14,300394,6.58000000,6.77000000,6.92000000,6.36000000,,58484.00000000,8.27178730,3.35877863,0.22000000,,天孚通信
2022-07-15,300394,6.73000000,6.95000000,7.11000000,6.65000000,,70575.00000000,6.61870504,2.65878877,0.18000000,,天孚通信
2022-07-18,300394,6.92000000,7.52000000,7.55000000,6.83000000,,86448.00000000,9.57446809,8.20143885,0.57000000,,天孚通信
2022-07-19,300394,8.02000000,8.34000000,8.54000000,7.82000000,,214199.00000000,8.63309353,10.90425532,0.82000000,,天孚通信
2022-07-20,300394,8.53000000,9.23000000,9.30000000,8.42000000,,159582.00000000,9.53412784,10.67146283,0.89000000,,天孚通信
2022-07-21,300394,9.24000000,8.93000000,9.44000000,8.85000000,,113431.00000000,6.60694289,-3.25027086,-0.30000000,,天孚通信
2022-07-22,300394,9.06000000,9.05000000,9.34000000,8.87000000,,69918.00000000,5.19337017,1.34378499,0.12000000,,天孚通信
2022-07-25,300394,9.06000000,9.16000000,9.70000000,8.84000000,,104739.00000000,9.38864629,1.21546961,0.11000000,,天孚通信
2022-07-26,300394,9.20000000,9.01000000,9.33000000,8.80000000,,86431.00000000,5.88235294,-1.63755459,-0.15000000,,天孚通信
2022-07-27,300394,9.00000000,9.51000000,9.52000000,9.00000000,,74872.00000000,5.46792850,5.54938957,0.50000000,,天孚通信
2022-07-28,300394,9.51000000,9.63000000,10.19000000,9.44000000,,78934.00000000,7.78816199,1.26182965,0.12000000,,天孚通信
2022-07-29,300394,9.75000000,9.60000000,9.78000000,9.46000000,,52697.00000000,3.33333333,-0.31152648,-0.03000000,,天孚通信
2022-08-01,300394,9.58000000,9.98000000,10.07000000,9.44000000,,68547.00000000,6.31262525,3.95833333,0.38000000,,天孚通信
2022-08-02,300394,9.80000000,10.55000000,10.76000000,9.60000000,,96216.00000000,10.99526066,5.71142285,0.57000000,,天孚通信
2022-08-03,300394,10.45000000,10.16000000,10.85000000,9.89000000,,91642.00000000,9.44881890,-3.69668246,-0.39000000,,天孚通信
2022-08-04,300394,10.22000000,9.80000000,10.29000000,9.72000000,,74679.00000000,5.81632653,-3.54330709,-0.36000000,,天孚通信
2022-08-05,300394,9.79000000,10.25000000,10.35000000,9.77000000,,61383.00000000,5.65853659,4.59183673,0.45000000,,天孚通信
2022-08-08,300394,10.25000000,10.27000000,10.46000000,9.85000000,,52153.00000000,5.93962999,0.19512195,0.02000000,,天孚通信
2022-08-09,300394,10.28000000,10.27000000,10.35000000,9.97000000,,31292.00000000,3.70009737,0.00000000,0.00000000,,天孚通信
2022-08-10,300394,10.13000000,10.73000000,10.80000000,9.97000000,,61484.00000000,7.73532153,4.47906524,0.46000000,,天孚通信
2022-08-11,300394,11.21000000,11.00000000,11.76000000,10.87000000,,125722.00000000,8.09090909,2.51630941,0.27000000,,天孚通信
2022-08-12,300394,11.04000000,10.58000000,11.38000000,10.51000000,,63873.00000000,8.22306238,-3.81818182,-0.42000000,,天孚通信
2022-08-15,300394,10.58000000,11.43000000,11.64000000,10.39000000,,91677.00000000,10.93613298,8.03402647,0.85000000,,天孚通信
2022-08-16,300394,11.37000000,10.94000000,11.49000000,10.68000000,,82012.00000000,7.40402194,-4.28696413,-0.49000000,,天孚通信
2022-08-17,300394,10.94000000,10.93000000,11.15000000,10.77000000,,37216.00000000,3.47666972,-0.09140768,-0.01000000,,天孚通信
2022-08-18,300394,10.74000000,10.93000000,11.17000000,10.70000000,,53890.00000000,4.30009149,0.00000000,0.00000000,,天孚通信
2022-08-19,300394,10.95000000,10.11000000,11.19000000,10.03000000,,104856.00000000,11.47378833,-7.50228728,-0.82000000,,天孚通信
2022-08-22,300394,10.16000000,10.35000000,10.66000000,10.02000000,,61283.00000000,6.18357488,2.37388724,0.24000000,,天孚通信
2022-08-23,300394,10.38000000,10.39000000,10.58000000,10.17000000,,39550.00000000,3.94610202,0.38647343,0.04000000,,天孚通信
2022-08-24,300394,10.39000000,9.83000000,10.40000000,9.68000000,,52306.00000000,7.32451679,-5.38979788,-0.56000000,,天孚通信
2022-08-25,300394,9.83000000,10.13000000,10.54000000,9.75000000,,98393.00000000,7.79861797,3.05188199,0.30000000,,天孚通信
2022-08-26,300394,10.13000000,9.86000000,10.27000000,9.78000000,,44663.00000000,4.96957404,-2.66535044,-0.27000000,,天孚通信
2022-08-29,300394,9.68000000,9.59000000,9.97000000,9.50000000,,57076.00000000,4.90093848,-2.73833671,-0.27000000,,天孚通信
2022-08-30,300394,9.63000000,9.82000000,10.06000000,9.46000000,,52505.00000000,6.10997963,2.39833160,0.23000000,,天孚通信
2022-08-31,300394,9.82000000,9.14000000,9.92000000,9.08000000,,53566.00000000,9.19037199,-6.92464358,-0.68000000,,天孚通信
2022-09-01,300394,9.15000000,9.12000000,9.34000000,8.92000000,,46771.00000000,4.60526316,-0.21881838,-0.02000000,,天孚通信
2022-09-02,300394,9.22000000,9.32000000,9.69000000,9.07000000,,40631.00000000,6.65236052,2.19298246,0.20000000,,天孚通信
2022-09-05,300394,9.55000000,9.36000000,9.62000000,9.13000000,,40570.00000000,5.23504274,0.42918455,0.04000000,,天孚通信
2022-09-06,300394,9.49000000,9.73000000,9.81000000,9.22000000,,45828.00000000,6.06372045,3.95299145,0.37000000,,天孚通信
2022-09-07,300394,9.67000000,9.67000000,9.93000000,9.52000000,,52463.00000000,4.23991727,-0.61664954,-0.06000000,,天孚通信
2022-09-08,300394,9.67000000,9.26000000,9.75000000,9.17000000,,47490.00000000,6.26349892,-4.23991727,-0.41000000,,天孚通信
2022-09-09,300394,9.35000000,9.13000000,9.36000000,9.02000000,,24376.00000000,3.72398686,-1.40388769,-0.13000000,,天孚通信
2022-09-13,300394,9.24000000,9.31000000,9.57000000,9.16000000,,27346.00000000,4.40386681,1.97152245,0.18000000,,天孚通信
2022-09-14,300394,9.14000000,8.91000000,9.31000000,8.84000000,,43434.00000000,5.27497194,-4.29645542,-0.40000000,,天孚通信
2022-09-15,300394,8.95000000,8.37000000,8.95000000,8.18000000,,65393.00000000,9.19952210,-6.06060606,-0.54000000,,天孚通信
2022-09-16,300394,8.37000000,8.27000000,8.62000000,8.17000000,,47477.00000000,5.44135429,-1.19474313,-0.10000000,,天孚通信
2022-09-19,300394,8.29000000,8.26000000,8.49000000,8.14000000,,34210.00000000,4.23728814,-0.12091898,-0.01000000,,天孚通信
2022-09-20,300394,8.37000000,8.41000000,8.53000000,8.13000000,,41971.00000000,4.75624257,1.81598063,0.15000000,,天孚通信
2022-09-21,300394,8.41000000,8.28000000,8.41000000,8.17000000,,21922.00000000,2.89855072,-1.54577883,-0.13000000,,天孚通信
2022-09-22,300394,8.28000000,8.36000000,8.49000000,8.19000000,,24310.00000000,3.58851675,0.96618357,0.08000000,,天孚通信
2022-09-23,300394,8.40000000,8.16000000,8.47000000,7.96000000,,31103.00000000,6.25000000,-2.39234450,-0.20000000,,天孚通信
2022-09-26,300394,8.02000000,8.08000000,8.34000000,7.98000000,,29818.00000000,4.45544554,-0.98039216,-0.08000000,,天孚通信
2022-09-27,300394,8.09000000,8.28000000,8.31000000,8.01000000,,34915.00000000,3.62318841,2.47524752,0.20000000,,天孚通信
2022-09-28,300394,8.25000000,7.83000000,8.26000000,7.74000000,,46307.00000000,6.64112388,-5.43478261,-0.45000000,,天孚通信
2022-09-29,300394,8.08000000,8.17000000,8.29000000,7.83000000,,40999.00000000,5.63035496,4.34227331,0.34000000,,天孚通信
2022-09-30,300394,8.12000000,7.76000000,8.25000000,7.74000000,,37771.00000000,6.57216495,-5.01835985,-0.41000000,,天孚通信
2022-10-10,300394,7.82000000,7.39000000,7.83000000,7.34000000,,35074.00000000,6.63058187,-4.76804124,-0.37000000,,天孚通信
2022-10-11,300394,7.56000000,7.71000000,7.85000000,7.29000000,,36749.00000000,7.26329442,4.33017591,0.32000000,,天孚通信
2022-10-12,300394,7.75000000,8.07000000,8.16000000,7.44000000,,37413.00000000,8.92193309,4.66926070,0.36000000,,天孚通信
2022-10-13,300394,8.00000000,8.06000000,8.22000000,7.89000000,,31180.00000000,4.09429280,-0.12391574,-0.01000000,,天孚通信
2022-10-14,300394,8.26000000,8.21000000,8.36000000,8.04000000,,31102.00000000,3.89768575,1.86104218,0.15000000,,天孚通信
2022-10-17,300394,8.12000000,8.29000000,8.42000000,8.10000000,,20043.00000000,3.86007238,0.97442144,0.08000000,,天孚通信
2022-10-18,300394,8.25000000,8.36000000,8.40000000,8.07000000,,41648.00000000,3.94736842,0.84439083,0.07000000,,天孚通信
2022-10-19,300394,8.30000000,8.21000000,8.36000000,8.12000000,,26420.00000000,2.92326431,-1.79425837,-0.15000000,,天孚通信
2022-10-20,300394,8.12000000,8.10000000,8.33000000,7.90000000,,31404.00000000,5.30864198,-1.33982948,-0.11000000,,天孚通信
2022-10-21,300394,8.12000000,8.21000000,8.27000000,7.93000000,,33199.00000000,4.14129111,1.35802469,0.11000000,,天孚通信
2022-10-24,300394,8.21000000,8.25000000,8.55000000,8.16000000,,43427.00000000,4.72727273,0.48721072,0.04000000,,天孚通信
2022-10-25,300394,8.51000000,8.76000000,9.06000000,8.18000000,,91861.00000000,10.04566210,6.18181818,0.51000000,,天孚通信
2022-10-26,300394,8.73000000,8.65000000,8.87000000,8.45000000,,77518.00000000,4.85549133,-1.25570776,-0.11000000,,天孚通信
2022-10-27,300394,8.67000000,8.68000000,9.08000000,8.55000000,,91247.00000000,6.10599078,0.34682081,0.03000000,,天孚通信
2022-10-28,300394,8.64000000,8.11000000,8.86000000,7.96000000,,73634.00000000,11.09741060,-6.56682028,-0.57000000,,天孚通信
2022-10-31,300394,7.87000000,8.34000000,8.44000000,7.87000000,,40775.00000000,6.83453237,2.83600493,0.23000000,,天孚通信
2022-11-01,300394,8.29000000,8.44000000,8.47000000,7.99000000,,47411.00000000,5.68720379,1.19904077,0.10000000,,天孚通信
2022-11-02,300394,8.39000000,8.85000000,8.98000000,8.32000000,,59266.00000000,7.45762712,4.85781991,0.41000000,,天孚通信
2022-11-03,300394,9.13000000,8.93000000,9.13000000,8.76000000,,42954.00000000,4.14333707,0.90395480,0.08000000,,天孚通信
2022-11-04,300394,8.87000000,8.91000000,9.02000000,8.74000000,,46405.00000000,3.14253648,-0.22396417,-0.02000000,,天孚通信
2022-11-07,300394,8.96000000,8.84000000,9.04000000,8.75000000,,40781.00000000,3.28054299,-0.78563412,-0.07000000,,天孚通信
2022-11-08,300394,8.76000000,8.73000000,8.85000000,8.58000000,,25467.00000000,3.09278351,-1.24434389,-0.11000000,,天孚通信
2022-11-09,300394,8.73000000,8.37000000,8.76000000,8.30000000,,46084.00000000,5.49581840,-4.12371134,-0.36000000,,天孚通信
2022-11-10,300394,8.21000000,8.13000000,8.44000000,8.09000000,,39845.00000000,4.30504305,-2.86738351,-0.24000000,,天孚通信
2022-11-11,300394,8.33000000,8.10000000,8.51000000,8.06000000,,43664.00000000,5.55555556,-0.36900369,-0.03000000,,天孚通信
2022-11-14,300394,8.12000000,7.85000000,8.29000000,7.74000000,,57899.00000000,7.00636943,-3.08641975,-0.25000000,,天孚通信
2022-11-15,300394,7.93000000,8.18000000,8.23000000,7.83000000,,39059.00000000,4.88997555,4.20382166,0.33000000,,天孚通信
2022-11-16,300394,8.24000000,8.29000000,8.43000000,8.20000000,,49832.00000000,2.77442702,1.34474328,0.11000000,,天孚通信
2022-11-17,300394,8.32000000,8.30000000,8.36000000,8.01000000,,36286.00000000,4.21686747,0.12062726,0.01000000,,天孚通信
2022-11-18,300394,8.32000000,8.14000000,8.50000000,8.13000000,,37674.00000000,4.54545455,-1.92771084,-0.16000000,,天孚通信
2022-11-21,300394,8.09000000,7.99000000,8.15000000,7.81000000,,62197.00000000,4.25531915,-1.84275184,-0.15000000,,天孚通信
2022-11-22,300394,8.05000000,7.79000000,8.10000000,7.73000000,,48489.00000000,4.74967908,-2.50312891,-0.20000000,,天孚通信
2022-11-23,300394,7.84000000,7.67000000,7.84000000,7.46000000,,43011.00000000,4.95436767,-1.54043646,-0.12000000,,天孚通信
2022-11-24,300394,7.67000000,7.61000000,7.81000000,7.56000000,,25111.00000000,3.28515112,-0.78226858,-0.06000000,,天孚通信
2022-11-25,300394,7.57000000,7.44000000,7.63000000,7.42000000,,31146.00000000,2.82258065,-2.23390276,-0.17000000,,天孚通信
2022-11-28,300394,7.30000000,7.29000000,7.45000000,7.19000000,,40584.00000000,3.56652949,-2.01612903,-0.15000000,,天孚通信
2022-11-29,300394,7.32000000,7.43000000,7.48000000,7.23000000,,27446.00000000,3.36473755,1.92043896,0.14000000,,天孚通信
2022-11-30,300394,7.39000000,7.44000000,7.58000000,7.31000000,,35753.00000000,3.62903226,0.13458950,0.01000000,,天孚通信
2022-12-01,300394,7.51000000,7.67000000,7.85000000,7.50000000,,45416.00000000,4.56323338,3.09139785,0.23000000,,天孚通信
2022-12-02,300394,7.67000000,7.61000000,7.84000000,7.61000000,,24967.00000000,3.02233903,-0.78226858,-0.06000000,,天孚通信
2022-12-05,300394,7.62000000,7.72000000,7.84000000,7.60000000,,30070.00000000,3.10880829,1.44546649,0.11000000,,天孚通信
2022-12-06,300394,7.64000000,7.66000000,7.74000000,7.54000000,,24957.00000000,2.61096606,-0.77720207,-0.06000000,,天孚通信
2022-12-07,300394,7.60000000,7.52000000,7.63000000,7.45000000,,33863.00000000,2.39361702,-1.82767624,-0.14000000,,天孚通信
2022-12-08,300394,7.48000000,7.23000000,7.51000000,7.16000000,,48475.00000000,4.84094053,-3.85638298,-0.29000000,,天孚通信
2022-12-09,300394,7.23000000,7.27000000,7.38000000,7.19000000,,31648.00000000,2.61348006,0.55325035,0.04000000,,天孚通信
2022-12-12,300394,7.30000000,7.53000000,7.68000000,7.26000000,,44359.00000000,5.57768924,3.57634113,0.26000000,,天孚通信
2022-12-13,300394,7.56000000,7.35000000,7.76000000,7.31000000,,27972.00000000,6.12244898,-2.39043825,-0.18000000,,天孚通信
2022-12-14,300394,7.45000000,7.41000000,7.61000000,7.32000000,,24608.00000000,3.91363023,0.81632653,0.06000000,,天孚通信
2022-12-15,300394,7.41000000,7.58000000,7.60000000,7.27000000,,29036.00000000,4.35356201,2.29419703,0.17000000,,天孚通信
2022-12-16,300394,7.52000000,7.33000000,7.59000000,7.28000000,,22963.00000000,4.22919509,-3.29815303,-0.25000000,,天孚通信
2022-12-19,300394,7.36000000,7.19000000,7.43000000,7.14000000,,26176.00000000,4.03337969,-1.90995907,-0.14000000,,天孚通信
2022-12-20,300394,7.18000000,7.36000000,7.46000000,7.12000000,,27035.00000000,4.61956522,2.36439499,0.17000000,,天孚通信
2022-12-21,300394,7.31000000,7.24000000,7.44000000,7.05000000,,27047.00000000,5.38674033,-1.63043478,-0.12000000,,天孚通信
2022-12-22,300394,7.28000000,6.94000000,7.28000000,6.89000000,,28125.00000000,5.61959654,-4.14364641,-0.30000000,,天孚通信
2022-12-23,300394,6.85000000,6.95000000,7.01000000,6.79000000,,25243.00000000,3.16546763,0.14409222,0.01000000,,天孚通信
2022-12-26,300394,6.94000000,7.12000000,7.18000000,6.90000000,,24792.00000000,3.93258427,2.44604317,0.17000000,,天孚通信
2022-12-27,300394,7.08000000,7.39000000,7.41000000,7.08000000,,30018.00000000,4.46549391,3.79213483,0.27000000,,天孚通信
2022-12-28,300394,7.34000000,7.20000000,7.41000000,7.13000000,,30418.00000000,3.88888889,-2.57104195,-0.19000000,,天孚通信
2022-12-29,300394,7.18000000,7.36000000,7.44000000,7.08000000,,28702.00000000,4.89130435,2.22222222,0.16000000,,天孚通信
2022-12-30,300394,7.36000000,7.32000000,7.43000000,7.30000000,,16471.00000000,1.77595628,-0.54347826,-0.04000000,,天孚通信
2023-01-03,300394,7.32000000,7.61000000,7.65000000,7.25000000,,33821.00000000,5.25624179,3.96174863,0.29000000,,天孚通信
2023-01-04,300394,7.65000000,7.86000000,7.87000000,7.57000000,,53556.00000000,3.81679389,3.28515112,0.25000000,,天孚通信
2023-01-05,300394,7.85000000,7.85000000,7.98000000,7.76000000,,32076.00000000,2.80254777,-0.12722646,-0.01000000,,天孚通信
2023-01-06,300394,7.78000000,7.73000000,8.07000000,7.68000000,,51857.00000000,5.04527814,-1.52866242,-0.12000000,,天孚通信
2023-01-09,300394,7.74000000,7.66000000,7.84000000,7.63000000,,33224.00000000,2.74151436,-0.90556274,-0.07000000,,天孚通信
2023-01-10,300394,7.66000000,7.65000000,7.85000000,7.59000000,,15535.00000000,3.39869281,-0.13054830,-0.01000000,,天孚通信
2023-01-11,300394,7.66000000,7.59000000,7.73000000,7.56000000,,19510.00000000,2.23978920,-0.78431373,-0.06000000,,天孚通信
2023-01-12,300394,7.61000000,7.63000000,7.70000000,7.50000000,,16695.00000000,2.62123198,0.52700922,0.04000000,,天孚通信
2023-01-13,300394,7.63000000,7.54000000,7.70000000,7.47000000,,16194.00000000,3.05039788,-1.17955439,-0.09000000,,天孚通信
2023-01-16,300394,7.58000000,7.74000000,7.81000000,7.48000000,,28016.00000000,4.26356589,2.65251989,0.20000000,,天孚通信
2023-01-17,300394,7.83000000,7.70000000,7.89000000,7.68000000,,25160.00000000,2.72727273,-0.51679587,-0.04000000,,天孚通信
2023-01-18,300394,7.74000000,7.86000000,7.94000000,7.65000000,,31432.00000000,3.68956743,2.07792208,0.16000000,,天孚通信
2023-01-19,300394,7.86000000,7.96000000,7.99000000,7.81000000,,19224.00000000,2.26130653,1.27226463,0.10000000,,天孚通信
2023-01-20,300394,8.00000000,8.01000000,8.10000000,7.93000000,,33475.00000000,2.12234707,0.62814070,0.05000000,,天孚通信
2023-01-30,300394,8.12000000,8.06000000,8.21000000,7.98000000,,31609.00000000,2.85359801,0.62421973,0.05000000,,天孚通信
2023-01-31,300394,8.12000000,8.44000000,8.57000000,8.12000000,,76609.00000000,5.33175355,4.71464020,0.38000000,,天孚通信
2023-02-01,300394,8.40000000,8.47000000,8.58000000,8.30000000,,52362.00000000,3.30578512,0.35545024,0.03000000,,天孚通信
2023-02-02,300394,8.48000000,8.80000000,9.12000000,8.47000000,,73555.00000000,7.38636364,3.89610390,0.33000000,,天孚通信
2023-02-03,300394,9.02000000,9.67000000,9.73000000,8.85000000,,166329.00000000,9.10031024,9.88636364,0.87000000,,天孚通信
2023-02-06,300394,10.11000000,9.89000000,10.48000000,9.64000000,,228473.00000000,8.49342770,2.27507756,0.22000000,,天孚通信
2023-02-07,300394,9.84000000,10.55000000,11.06000000,9.83000000,,301061.00000000,11.65876777,6.67340748,0.66000000,,天孚通信
2023-02-08,300394,10.58000000,10.01000000,11.21000000,9.93000000,,215139.00000000,12.78721279,-5.11848341,-0.54000000,,天孚通信
2023-02-09,300394,10.17000000,11.28000000,11.89000000,9.98000000,,356660.00000000,16.93262411,12.68731269,1.27000000,,天孚通信
2023-02-10,300394,11.72000000,12.30000000,12.66000000,11.27000000,,405802.00000000,11.30081301,9.04255319,1.02000000,,天孚通信
2023-02-13,300394,11.97000000,13.38000000,13.69000000,11.64000000,,352850.00000000,15.32137519,8.78048780,1.08000000,,天孚通信
2023-02-14,300394,12.85000000,12.52000000,13.02000000,12.33000000,,253250.00000000,5.51118211,-6.42750374,-0.86000000,,天孚通信
2023-02-15,300394,12.52000000,12.98000000,13.75000000,12.45000000,,324906.00000000,10.01540832,3.67412141,0.46000000,,天孚通信
2023-02-16,300394,12.82000000,12.30000000,13.34000000,12.20000000,,251763.00000000,9.26829268,-5.23882897,-0.68000000,,天孚通信
2023-02-17,300394,12.30000000,11.91000000,12.77000000,11.85000000,,160692.00000000,7.72460118,-3.17073171,-0.39000000,,天孚通信
2023-02-20,300394,12.11000000,12.42000000,12.59000000,11.73000000,,205840.00000000,6.92431562,4.28211587,0.51000000,,天孚通信
2023-02-21,300394,12.19000000,12.47000000,12.98000000,12.16000000,,164517.00000000,6.57578188,0.40257649,0.05000000,,天孚通信
2023-02-22,300394,12.25000000,12.10000000,12.44000000,11.97000000,,161704.00000000,3.88429752,-2.96712109,-0.37000000,,天孚通信
2023-02-23,300394,12.23000000,12.09000000,12.48000000,11.92000000,,116862.00000000,4.63192721,-0.08264463,-0.01000000,,天孚通信
2023-02-24,300394,12.66000000,13.29000000,13.90000000,12.44000000,,238469.00000000,10.98570354,9.92555831,1.20000000,,天孚通信
2023-02-27,300394,13.29000000,12.74000000,13.39000000,12.60000000,,145564.00000000,6.20094192,-4.13844996,-0.55000000,,天孚通信
2023-02-28,300394,13.03000000,12.74000000,13.28000000,12.44000000,,143427.00000000,6.59340659,0.00000000,0.00000000,,天孚通信
2023-03-01,300394,12.67000000,13.17000000,13.64000000,12.52000000,,180767.00000000,8.50417616,3.37519623,0.43000000,,天孚通信
2023-03-02,300394,13.13000000,14.12000000,14.85000000,13.09000000,,222855.00000000,12.46458924,7.21336371,0.95000000,,天孚通信
2023-03-03,300394,13.69000000,12.87000000,13.69000000,12.70000000,,226040.00000000,7.69230769,-8.85269122,-1.25000000,,天孚通信
2023-03-06,300394,12.63000000,12.68000000,13.18000000,12.52000000,,163599.00000000,5.20504732,-1.47630148,-0.19000000,,天孚通信
2023-03-07,300394,12.55000000,12.12000000,12.72000000,12.08000000,,151511.00000000,5.28052805,-4.41640379,-0.56000000,,天孚通信
2023-03-08,300394,12.12000000,12.37000000,12.58000000,12.11000000,,92648.00000000,3.79951496,2.06270627,0.25000000,,天孚通信
2023-03-09,300394,12.43000000,12.42000000,12.61000000,11.94000000,,109152.00000000,5.39452496,0.40420372,0.05000000,,天孚通信
2023-03-10,300394,12.42000000,12.22000000,12.73000000,12.19000000,,96062.00000000,4.41898527,-1.61030596,-0.20000000,,天孚通信
2023-03-13,300394,12.05000000,12.73000000,12.84000000,12.05000000,,117422.00000000,6.20581304,4.17348609,0.51000000,,天孚通信
2023-03-14,300394,12.72000000,12.17000000,12.72000000,12.13000000,,78655.00000000,4.84798685,-4.39905734,-0.56000000,,天孚通信
2023-03-15,300394,12.34000000,11.46000000,12.44000000,11.41000000,,191656.00000000,8.98778360,-5.83401808,-0.71000000,,天孚通信
2023-03-16,300394,11.35000000,11.33000000,11.82000000,11.24000000,,105314.00000000,5.11915269,-1.13438045,-0.13000000,,天孚通信
2023-03-17,300394,11.48000000,13.44000000,13.91000000,11.48000000,,299294.00000000,18.08035714,18.62312445,2.11000000,,天孚通信
2023-03-20,300394,13.39000000,14.14000000,14.58000000,13.39000000,,257683.00000000,8.41584158,5.20833333,0.70000000,,天孚通信
2023-03-21,300394,14.09000000,14.67000000,14.92000000,13.42000000,,177128.00000000,10.22494888,3.74823197,0.53000000,,天孚通信
2023-03-22,300394,14.50000000,16.10000000,16.44000000,14.12000000,,249481.00000000,14.40993789,9.74778459,1.43000000,,天孚通信
2023-03-23,300394,16.12000000,16.62000000,17.22000000,15.76000000,,223676.00000000,8.78459687,3.22981366,0.52000000,,天孚通信
2023-03-24,300394,16.17000000,16.27000000,16.45000000,15.58000000,,173444.00000000,5.34726490,-2.10589651,-0.35000000,,天孚通信
2023-03-27,300394,16.27000000,16.00000000,16.74000000,15.22000000,,242530.00000000,9.50000000,-1.65949600,-0.27000000,,天孚通信
2023-03-28,300394,15.44000000,15.16000000,15.93000000,15.04000000,,154782.00000000,5.87071240,-5.25000000,-0.84000000,,天孚通信
2023-03-29,300394,15.21000000,15.88000000,16.30000000,15.05000000,,186570.00000000,7.87153652,4.74934037,0.72000000,,天孚通信
2023-03-30,300394,15.48000000,15.69000000,16.14000000,15.06000000,,121773.00000000,6.88336520,-1.19647355,-0.19000000,,天孚通信
2023-03-31,300394,15.59000000,16.93000000,17.09000000,15.12000000,,152084.00000000,11.63614885,7.90312301,1.24000000,,天孚通信
2023-04-03,300394,17.20000000,20.15000000,20.68000000,16.64000000,,276023.00000000,20.04962779,19.01949203,3.22000000,,天孚通信
2023-04-04,300394,19.91000000,20.42000000,20.89000000,19.46000000,,176739.00000000,7.00293830,1.33995037,0.27000000,,天孚通信
2023-04-06,300394,19.61000000,22.43000000,24.23000000,19.59000000,,191978.00000000,20.68658047,9.84329089,2.01000000,,天孚通信
2023-04-07,300394,22.43000000,22.69000000,22.75000000,20.80000000,,176355.00000000,8.59409431,1.15916184,0.26000000,,天孚通信
2023-04-10,300394,21.96000000,20.58000000,22.65000000,19.99000000,,244610.00000000,12.92517007,-9.29925077,-2.11000000,,天孚通信
2023-04-11,300394,20.68000000,20.46000000,21.30000000,19.76000000,,204171.00000000,7.52688172,-0.58309038,-0.12000000,,天孚通信
2023-04-12,300394,19.95000000,20.86000000,21.21000000,19.24000000,,178458.00000000,9.44391179,1.95503421,0.40000000,,天孚通信
2023-04-13,300394,20.40000000,19.14000000,20.64000000,18.85000000,,202865.00000000,9.35214211,-8.24544583,-1.72000000,,天孚通信
2023-04-14,300394,19.18000000,19.28000000,19.59000000,18.64000000,,167619.00000000,4.92738589,0.73145246,0.14000000,,天孚通信
2023-04-17,300394,18.97000000,18.69000000,19.27000000,18.12000000,,156917.00000000,6.15302301,-3.06016598,-0.59000000,,天孚通信
2023-04-18,300394,18.79000000,21.88000000,22.61000000,18.79000000,,302806.00000000,17.45886654,17.06795078,3.19000000,,天孚通信
2023-04-19,300394,21.91000000,21.55000000,22.69000000,21.41000000,,219924.00000000,5.93967517,-1.50822669,-0.33000000,,天孚通信
2023-04-20,300394,21.99000000,24.14000000,24.15000000,21.99000000,,212398.00000000,8.94780447,12.01856148,2.59000000,,天孚通信
2023-04-21,300394,22.90000000,21.41000000,23.12000000,21.26000000,,249765.00000000,8.68752919,-11.30903065,-2.73000000,,天孚通信
2023-04-24,300394,21.42000000,21.94000000,22.81000000,20.92000000,,200657.00000000,8.61440292,2.47547875,0.53000000,,天孚通信
2023-04-25,300394,21.47000000,20.51000000,21.91000000,20.05000000,,171469.00000000,9.06874695,-6.51777575,-1.43000000,,天孚通信
2023-04-26,300394,20.51000000,20.28000000,21.49000000,19.44000000,,168098.00000000,10.10848126,-1.12140419,-0.23000000,,天孚通信
2023-04-27,300394,19.37000000,19.06000000,20.71000000,18.63000000,,167205.00000000,10.91290661,-6.01577909,-1.22000000,,天孚通信
2023-04-28,300394,18.68000000,20.27000000,20.68000000,18.57000000,,147304.00000000,10.40947213,6.34837356,1.21000000,,天孚通信
2023-05-04,300394,19.74000000,17.78000000,19.95000000,17.59000000,,193964.00000000,13.27334083,-12.28416379,-2.49000000,,天孚通信
2023-05-05,300394,18.02000000,17.18000000,18.46000000,16.96000000,,186146.00000000,8.73108265,-3.37457818,-0.60000000,,天孚通信
2023-05-08,300394,17.19000000,17.11000000,17.96000000,16.71000000,,171439.00000000,7.30566920,-0.40745052,-0.07000000,,天孚通信
2023-05-09,300394,16.99000000,17.45000000,18.95000000,16.99000000,,193056.00000000,11.23209169,1.98714202,0.34000000,,天孚通信
2023-05-10,300394,17.77000000,16.81000000,18.48000000,16.49000000,,127125.00000000,11.83819155,-3.66762178,-0.64000000,,天孚通信
2023-05-11,300394,16.51000000,16.68000000,17.11000000,16.31000000,,98113.00000000,4.79616307,-0.77334920,-0.13000000,,天孚通信
2023-05-12,300394,16.53000000,17.26000000,17.84000000,16.40000000,,161834.00000000,8.34298957,3.47721823,0.58000000,,天孚通信
2023-05-15,300394,17.63000000,17.34000000,17.75000000,16.34000000,,157235.00000000,8.13148789,0.46349942,0.08000000,,天孚通信
2023-05-16,300394,17.32000000,16.80000000,17.46000000,16.43000000,,126759.00000000,6.13095238,-3.11418685,-0.54000000,,天孚通信
2023-05-17,300394,16.67000000,17.72000000,17.90000000,16.62000000,,146755.00000000,7.22347630,5.47619048,0.92000000,,天孚通信
2023-05-18,300394,19.41000000,21.06000000,21.57000000,18.28000000,,315167.00000000,15.62203229,18.84875847,3.34000000,,天孚通信
2023-05-19,300394,20.13000000,19.00000000,20.67000000,18.77000000,,212793.00000000,10.00000000,-9.78157645,-2.06000000,,天孚通信
2023-05-22,300394,18.70000000,17.67000000,19.00000000,17.47000000,,128036.00000000,8.65874363,-7.00000000,-1.33000000,,天孚通信
2023-05-23,300394,17.81000000,18.00000000,18.71000000,17.80000000,,153594.00000000,5.05555556,1.86757216,0.33000000,,天孚通信
2023-05-24,300394,17.62000000,19.43000000,19.87000000,17.50000000,,194705.00000000,12.19763253,7.94444444,1.43000000,,天孚通信
2023-05-25,300394,21.23000000,23.71000000,23.71000000,21.23000000,,373802.00000000,10.45972164,22.02779207,4.28000000,,天孚通信
2023-05-26,300394,23.51000000,23.15000000,23.85000000,22.28000000,,277333.00000000,6.78185745,-2.36187263,-0.56000000,,天孚通信
2023-05-29,300394,24.33000000,25.60000000,27.24000000,23.84000000,,364291.00000000,13.28125000,10.58315335,2.45000000,,天孚通信
2023-05-30,300394,25.71000000,26.84000000,27.56000000,24.40000000,,343595.00000000,11.77347243,4.84375000,1.24000000,,天孚通信
2023-05-31,300394,26.10000000,25.82000000,26.33000000,25.02000000,,230038.00000000,5.07358637,-3.80029806,-1.02000000,,天孚通信
2023-06-01,300394,24.79000000,25.55000000,26.14000000,24.62000000,,161692.00000000,5.94911937,-1.04570101,-0.27000000,,天孚通信
2023-06-02,300394,26.15000000,24.62000000,26.43000000,24.39000000,,150552.00000000,8.28594639,-3.63992172,-0.93000000,,天孚通信
2023-06-05,300394,23.96000000,24.91000000,25.66000000,23.96000000,,143695.00000000,6.82456845,1.17790414,0.29000000,,天孚通信
2023-06-06,300394,25.37000000,26.24000000,28.08000000,25.05000000,,235798.00000000,11.54725610,5.33922120,1.33000000,,天孚通信
2023-06-07,300394,26.06000000,26.49000000,27.44000000,25.33000000,,190010.00000000,7.96526991,0.95274390,0.25000000,,天孚通信
2023-06-08,300394,26.17000000,25.09000000,26.33000000,24.69000000,,156291.00000000,6.53646871,-5.28501321,-1.40000000,,天孚通信
2023-06-09,300394,24.84000000,26.77000000,27.27000000,24.44000000,,172538.00000000,10.57153530,6.69589478,1.68000000,,天孚通信
2023-06-12,300394,26.78000000,29.69000000,29.71000000,26.35000000,,213758.00000000,11.31694173,10.90773254,2.92000000,,天孚通信
2023-06-13,300394,29.28000000,31.36000000,32.49000000,28.70000000,,168508.00000000,12.08545918,5.62478949,1.67000000,,天孚通信
2023-06-14,300394,31.47000000,36.86000000,37.63000000,31.43000000,,202059.00000000,16.82040152,17.53826531,5.50000000,,天孚通信
2023-06-15,300394,36.53000000,35.22000000,37.54000000,34.93000000,,214951.00000000,7.41056218,-4.44926750,-1.64000000,,天孚通信
2023-06-16,300394,35.45000000,37.37000000,38.72000000,34.38000000,,216444.00000000,11.61359379,6.10448609,2.15000000,,天孚通信
2023-06-19,300394,37.63000000,42.27000000,44.04000000,36.17000000,,214554.00000000,18.61840549,13.11212202,4.90000000,,天孚通信
2023-06-20,300394,40.59000000,41.62000000,42.36000000,38.88000000,,183158.00000000,8.36136473,-1.53773362,-0.65000000,,天孚通信
2023-06-21,300394,40.91000000,37.52000000,41.00000000,36.55000000,,226187.00000000,11.86034115,-9.85103316,-4.10000000,,天孚通信
2023-06-26,300394,36.17000000,35.43000000,37.51000000,34.71000000,,186053.00000000,7.90290714,-5.57036247,-2.09000000,,天孚通信
2023-06-27,300394,35.11000000,34.83000000,35.67000000,33.81000000,,130809.00000000,5.34022394,-1.69348010,-0.60000000,,天孚通信
2023-06-28,300394,33.25000000,33.81000000,34.53000000,31.69000000,,168171.00000000,8.39988169,-2.92850991,-1.02000000,,天孚通信
2023-06-29,300394,33.35000000,35.64000000,36.53000000,32.54000000,,239376.00000000,11.19528620,5.41259982,1.83000000,,天孚通信
2023-06-30,300394,34.35000000,37.20000000,39.65000000,33.98000000,,213846.00000000,15.24193548,4.37710438,1.56000000,,天孚通信
2023-07-03,300394,36.87000000,36.39000000,36.88000000,33.15000000,,161674.00000000,10.25006870,-2.17741935,-0.81000000,,天孚通信
2023-07-04,300394,35.44000000,35.94000000,37.28000000,35.08000000,,125640.00000000,6.12131330,-1.23660346,-0.45000000,,天孚通信
2023-07-05,300394,35.11000000,34.34000000,36.35000000,34.11000000,,125127.00000000,6.52300524,-4.45186422,-1.60000000,,天孚通信
2023-07-06,300394,33.53000000,34.73000000,36.10000000,33.53000000,,106260.00000000,7.39994241,1.13570181,0.39000000,,天孚通信
2023-07-07,300394,34.19000000,33.90000000,35.66000000,32.63000000,,153322.00000000,8.93805310,-2.38986467,-0.83000000,,天孚通信
2023-07-10,300394,33.98000000,33.94000000,34.37000000,32.98000000,,96119.00000000,4.09546258,0.11799410,0.04000000,,天孚通信
2023-07-11,300394,34.11000000,34.82000000,35.08000000,32.81000000,,105393.00000000,6.51924182,2.59281084,0.88000000,,天孚通信
2023-07-12,300394,33.98000000,30.82000000,34.46000000,30.58000000,,206219.00000000,12.58922777,-11.48765078,-4.00000000,,天孚通信
2023-07-13,300394,30.82000000,32.78000000,33.50000000,30.33000000,,227282.00000000,9.67053081,6.35950681,1.96000000,,天孚通信
2023-07-14,300394,33.99000000,35.44000000,36.24000000,32.93000000,,221287.00000000,9.33972912,8.11470409,2.66000000,,天孚通信
2023-07-17,300394,36.00000000,37.66000000,39.04000000,36.00000000,,221015.00000000,8.07222517,6.26410835,2.22000000,,天孚通信
2023-07-18,300394,37.99000000,37.66000000,39.13000000,36.67000000,,180157.00000000,6.53212958,0.00000000,0.00000000,,天孚通信
2023-07-19,300394,38.92000000,37.15000000,39.49000000,37.01000000,,140864.00000000,6.67563930,-1.35422199,-0.51000000,,天孚通信
2023-07-20,300394,37.34000000,32.45000000,37.55000000,32.31000000,,244722.00000000,16.14791988,-12.65141319,-4.70000000,,天孚通信
2023-07-21,300394,32.13000000,31.53000000,32.45000000,30.70000000,,170057.00000000,5.55026958,-2.83513097,-0.92000000,,天孚通信
2023-07-24,300394,31.59000000,32.53000000,33.86000000,31.18000000,,188566.00000000,8.23854903,3.17158262,1.00000000,,天孚通信
2023-07-25,300394,33.20000000,33.44000000,35.00000000,31.07000000,,169659.00000000,11.75239234,2.79741777,0.91000000,,天孚通信
2023-07-26,300394,33.46000000,32.55000000,34.11000000,31.43000000,,145197.00000000,8.23348694,-2.66148325,-0.89000000,,天孚通信
2023-07-27,300394,32.41000000,31.89000000,33.18000000,31.65000000,,118717.00000000,4.79774224,-2.02764977,-0.66000000,,天孚通信
2023-07-28,300394,31.91000000,32.06000000,33.44000000,31.26000000,,138153.00000000,6.79975047,0.53308247,0.17000000,,天孚通信
2023-07-31,300394,30.92000000,30.84000000,32.73000000,30.66000000,,169676.00000000,6.71206226,-3.80536494,-1.22000000,,天孚通信
2023-08-01,300394,30.86000000,33.87000000,34.30000000,30.45000000,,250569.00000000,11.36699144,9.82490272,3.03000000,,天孚通信
2023-08-02,300394,33.62000000,34.10000000,34.53000000,32.86000000,,145559.00000000,4.89736070,0.67906702,0.23000000,,天孚通信
2023-08-03,300394,32.36000000,32.73000000,34.53000000,32.02000000,,160382.00000000,7.66880538,-4.01759531,-1.37000000,,天孚通信
2023-08-04,300394,32.97000000,37.34000000,37.91000000,32.48000000,,262684.00000000,14.54204606,14.08493737,4.61000000,,天孚通信
2023-08-07,300394,37.63000000,37.52000000,39.24000000,36.97000000,,221097.00000000,6.05010661,0.48205678,0.18000000,,天孚通信
2023-08-08,300394,37.71000000,36.53000000,38.90000000,36.36000000,,148634.00000000,6.95318916,-2.63859275,-0.99000000,,天孚通信
2023-08-09,300394,35.73000000,32.71000000,36.82000000,32.45000000,,215479.00000000,13.35982880,-10.45715850,-3.82000000,,天孚通信
2023-08-10,300394,32.20000000,32.60000000,33.17000000,31.43000000,,121667.00000000,5.33742331,-0.33628860,-0.11000000,,天孚通信
2023-08-11,300394,33.29000000,32.73000000,33.80000000,32.47000000,,122560.00000000,4.06355026,0.39877301,0.13000000,,天孚通信
2023-08-14,300394,32.16000000,34.39000000,34.49000000,32.16000000,,160903.00000000,6.77522536,5.07179957,1.66000000,,天孚通信
2023-08-15,300394,35.92000000,34.56000000,36.89000000,34.07000000,,191406.00000000,8.15972222,0.49432975,0.17000000,,天孚通信
2023-08-16,300394,33.52000000,32.53000000,33.98000000,31.45000000,,203193.00000000,7.77743621,-5.87384259,-2.03000000,,天孚通信
2023-08-17,300394,31.98000000,32.09000000,33.18000000,31.02000000,,161415.00000000,6.73106887,-1.35259760,-0.44000000,,天孚通信
2023-08-18,300394,32.05000000,28.83000000,32.05000000,28.52000000,,254247.00000000,12.24419008,-10.15892801,-3.26000000,,天孚通信
2023-08-21,300394,28.92000000,29.10000000,29.85000000,28.52000000,,152088.00000000,4.57044674,0.93652445,0.27000000,,天孚通信
2023-08-22,300394,30.17000000,31.68000000,31.84000000,29.46000000,,196065.00000000,7.51262626,8.86597938,2.58000000,,天孚通信
2023-08-23,300394,31.08000000,29.83000000,31.08000000,29.61000000,,128830.00000000,4.92792491,-5.83964646,-1.85000000,,天孚通信
2023-08-24,300394,31.43000000,30.81000000,32.34000000,30.22000000,,222444.00000000,6.88088283,3.28528327,0.98000000,,天孚通信
2023-08-25,300394,29.30000000,27.62000000,30.21000000,27.40000000,,221171.00000000,10.17378711,-10.35378124,-3.19000000,,天孚通信
2023-08-28,300394,29.92000000,28.37000000,29.92000000,27.66000000,,185857.00000000,7.96616144,2.71542361,0.75000000,,天孚通信
2023-08-29,300394,28.33000000,29.27000000,30.63000000,27.69000000,,225405.00000000,10.04441408,3.17236517,0.90000000,,天孚通信
2023-08-30,300394,29.27000000,29.24000000,30.30000000,28.73000000,,173121.00000000,5.36935705,-0.10249402,-0.03000000,,天孚通信
2023-08-31,300394,29.22000000,29.05000000,29.61000000,28.52000000,,128180.00000000,3.75215146,-0.64979480,-0.19000000,,天孚通信
2023-09-01,300394,28.81000000,27.78000000,29.04000000,27.35000000,,131458.00000000,6.08351332,-4.37177281,-1.27000000,,天孚通信
2023-09-04,300394,27.79000000,28.06000000,28.12000000,27.49000000,,95901.00000000,2.24518888,1.00791937,0.28000000,,天孚通信
2023-09-05,300394,27.99000000,26.91000000,28.00000000,26.61000000,,173793.00000000,5.16536603,-4.09836066,-1.15000000,,天孚通信
2023-09-06,300394,26.91000000,27.22000000,27.49000000,26.26000000,,123135.00000000,4.51873622,1.15198811,0.31000000,,天孚通信
2023-09-07,300394,27.06000000,26.04000000,27.06000000,25.99000000,,114165.00000000,4.10906298,-4.33504776,-1.18000000,,天孚通信
2023-09-08,300394,25.78000000,25.60000000,26.03000000,24.95000000,,113010.00000000,4.21875000,-1.68970814,-0.44000000,,天孚通信
2023-09-11,300394,25.97000000,27.43000000,28.33000000,25.29000000,,215764.00000000,11.08275611,7.14843750,1.83000000,,天孚通信
2023-09-12,300394,26.99000000,27.39000000,28.08000000,26.82000000,,168605.00000000,4.60021906,-0.14582574,-0.04000000,,天孚通信
2023-09-13,300394,27.13000000,26.50000000,27.37000000,26.21000000,,105244.00000000,4.37735849,-3.24936108,-0.89000000,,天孚通信
2023-09-14,300394,26.70000000,25.69000000,27.13000000,25.60000000,,97273.00000000,5.95562476,-3.05660377,-0.81000000,,天孚通信
2023-09-15,300394,25.83000000,24.85000000,25.92000000,24.47000000,,144383.00000000,5.83501006,-3.26975477,-0.84000000,,天孚通信
2023-09-18,300394,24.51000000,23.97000000,25.14000000,23.87000000,,131273.00000000,5.29828953,-3.54124748,-0.88000000,,天孚通信
2023-09-19,300394,24.15000000,24.97000000,25.85000000,23.79000000,,186495.00000000,8.24989988,4.17188152,1.00000000,,天孚通信
2023-09-20,300394,24.85000000,24.71000000,26.33000000,24.69000000,,165793.00000000,6.63698907,-1.04124950,-0.26000000,,天孚通信
2023-09-21,300394,24.61000000,25.11000000,26.22000000,24.41000000,,153492.00000000,7.20828355,1.61877782,0.40000000,,天孚通信
2023-09-22,300394,25.27000000,30.48000000,30.48000000,25.27000000,,346604.00000000,17.09317585,21.38590203,5.37000000,,天孚通信
2023-09-25,300394,30.82000000,30.73000000,31.68000000,30.38000000,,303743.00000000,4.23039375,0.82020997,0.25000000,,天孚通信
2023-09-26,300394,31.13000000,30.92000000,32.47000000,30.55000000,,230955.00000000,6.20957309,0.61828832,0.19000000,,天孚通信
2023-09-27,300394,30.34000000,32.12000000,32.93000000,30.34000000,,234843.00000000,8.06351183,3.88098318,1.20000000,,天孚通信
2023-09-28,300394,32.91000000,32.89000000,33.62000000,31.66000000,,224160.00000000,5.95925813,2.39726027,0.77000000,,天孚通信
2023-10-09,300394,31.43000000,31.02000000,31.80000000,29.61000000,,236654.00000000,7.05996132,-5.68561873,-1.87000000,,天孚通信
2023-10-10,300394,31.07000000,30.41000000,31.19000000,30.25000000,,150282.00000000,3.09108846,-1.96647324,-0.61000000,,天孚通信
2023-10-11,300394,30.08000000,30.23000000,31.13000000,29.79000000,,169452.00000000,4.43268277,-0.59191056,-0.18000000,,天孚通信
2023-10-12,300394,30.70000000,29.02000000,30.70000000,28.87000000,,175833.00000000,6.30599586,-4.00264638,-1.21000000,,天孚通信
2023-10-13,300394,29.01000000,28.24000000,29.38000000,27.99000000,,143398.00000000,4.92209632,-2.68780152,-0.78000000,,天孚通信
2023-10-16,300394,28.16000000,28.72000000,29.19000000,27.74000000,,195919.00000000,5.04874652,1.69971671,0.48000000,,天孚通信
2023-10-17,300394,28.87000000,29.57000000,30.81000000,27.78000000,,255010.00000000,10.24687183,2.95961003,0.85000000,,天孚通信
2023-10-18,300394,27.79000000,29.92000000,29.97000000,26.78000000,,283175.00000000,10.66176471,1.18363206,0.35000000,,天孚通信
2023-10-19,300394,29.61000000,28.22000000,29.76000000,27.13000000,,240041.00000000,9.31963147,-5.68181818,-1.70000000,,天孚通信
2023-10-20,300394,29.23000000,28.48000000,30.08000000,28.25000000,,288406.00000000,6.42556180,0.92133239,0.26000000,,天孚通信
2023-10-23,300394,28.15000000,29.85000000,29.85000000,27.54000000,,257244.00000000,7.73869347,4.81039326,1.37000000,,天孚通信
2023-10-24,300394,30.80000000,30.05000000,32.81000000,30.05000000,,343466.00000000,9.18469218,0.67001675,0.20000000,,天孚通信
2023-10-25,300394,28.52000000,27.17000000,29.35000000,26.99000000,,338354.00000000,8.68605079,-9.58402662,-2.88000000,,天孚通信
2023-10-26,300394,26.15000000,26.49000000,27.28000000,25.25000000,,238867.00000000,7.66326916,-2.50276040,-0.68000000,,天孚通信
2023-10-27,300394,26.07000000,25.29000000,26.30000000,25.12000000,,199677.00000000,4.66587584,-4.53001133,-1.20000000,,天孚通信
2023-10-30,300394,25.48000000,25.13000000,25.72000000,24.85000000,,173158.00000000,3.46199761,-0.63266113,-0.16000000,,天孚通信
2023-10-31,300394,25.02000000,24.22000000,25.22000000,23.92000000,,157929.00000000,5.36746491,-3.62116992,-0.91000000,,天孚通信
2023-11-01,300394,23.96000000,23.27000000,24.61000000,23.26000000,,152038.00000000,5.80146111,-3.92237820,-0.95000000,,天孚通信
2023-11-02,300394,23.65000000,23.42000000,24.37000000,23.27000000,,158933.00000000,4.69684031,0.64460679,0.15000000,,天孚通信
2023-11-03,300394,23.42000000,24.25000000,24.61000000,23.32000000,,211137.00000000,5.31958763,3.54397950,0.83000000,,天孚通信
2023-11-06,300394,24.77000000,24.94000000,25.05000000,24.38000000,,169817.00000000,2.68644747,2.84536082,0.69000000,,天孚通信
2023-11-07,300394,24.65000000,26.95000000,28.59000000,24.29000000,,330395.00000000,15.95547310,8.05934242,2.01000000,,天孚通信
2023-11-08,300394,25.95000000,26.04000000,26.47000000,25.64000000,,205218.00000000,3.18740399,-3.37662338,-0.91000000,,天孚通信
2023-11-09,300394,26.88000000,26.94000000,28.26000000,26.29000000,,243932.00000000,7.31254640,3.45622120,0.90000000,,天孚通信
2023-11-10,300394,26.55000000,26.77000000,27.98000000,26.51000000,,172289.00000000,5.49122152,-0.63103192,-0.17000000,,天孚通信
2023-11-13,300394,27.79000000,28.03000000,29.16000000,27.79000000,,245214.00000000,4.88762041,4.70676130,1.26000000,,天孚通信
2023-11-14,300394,28.04000000,28.13000000,28.69000000,27.65000000,,176629.00000000,3.69712051,0.35676061,0.10000000,,天孚通信
2023-11-15,300394,29.32000000,27.74000000,29.56000000,27.02000000,,172596.00000000,9.15645278,-1.38642019,-0.39000000,,天孚通信
2023-11-16,300394,27.24000000,26.91000000,27.86000000,26.91000000,,120740.00000000,3.53028614,-2.99206921,-0.83000000,,天孚通信
2023-11-17,300394,26.95000000,28.12000000,28.67000000,26.61000000,,173526.00000000,7.32574680,4.49646971,1.21000000,,天孚通信
2023-11-20,300394,27.42000000,27.70000000,28.08000000,26.96000000,,137162.00000000,4.04332130,-1.49359886,-0.42000000,,天孚通信
2023-11-21,300394,27.87000000,27.52000000,28.61000000,27.35000000,,128066.00000000,4.57848837,-0.64981949,-0.18000000,,天孚通信
2023-11-22,300394,26.88000000,26.11000000,26.97000000,26.11000000,,164607.00000000,3.29375718,-5.12354651,-1.41000000,,天孚通信
2023-11-23,300394,26.18000000,26.33000000,26.46000000,25.84000000,,75246.00000000,2.35472845,0.84258905,0.22000000,,天孚通信
2023-11-24,300394,26.31000000,25.29000000,26.31000000,25.23000000,,86197.00000000,4.27046263,-3.94986707,-1.04000000,,天孚通信
2023-11-27,300394,25.29000000,25.75000000,26.10000000,25.14000000,,107254.00000000,3.72815534,1.81890075,0.46000000,,天孚通信
2023-11-28,300394,25.51000000,25.10000000,25.80000000,24.90000000,,81369.00000000,3.58565737,-2.52427184,-0.65000000,,天孚通信
2023-11-29,300394,25.05000000,24.87000000,25.34000000,24.75000000,,66039.00000000,2.37233615,-0.91633466,-0.23000000,,天孚通信
2023-11-30,300394,24.91000000,24.98000000,25.11000000,24.53000000,,86981.00000000,2.32185749,0.44229996,0.11000000,,天孚通信
2023-12-01,300394,24.98000000,26.21000000,26.49000000,24.53000000,,191911.00000000,7.47806181,4.92393915,1.23000000,,天孚通信
2023-12-04,300394,26.44000000,27.31000000,28.33000000,26.33000000,,226992.00000000,7.32332479,4.19687142,1.10000000,,天孚通信
2023-12-05,300394,27.66000000,28.29000000,29.46000000,27.63000000,,278504.00000000,6.46871686,3.58842915,0.98000000,,天孚通信
2023-12-06,300394,28.15000000,28.45000000,28.74000000,27.68000000,,149576.00000000,3.72583480,0.56557087,0.16000000,,天孚通信
2023-12-07,300394,28.82000000,28.62000000,29.34000000,28.37000000,,169385.00000000,3.38923829,0.59753954,0.17000000,,天孚通信
2023-12-08,300394,28.86000000,34.04000000,34.69000000,28.85000000,,372411.00000000,17.15628672,18.93780573,5.42000000,,天孚通信
2023-12-11,300394,33.62000000,36.24000000,36.52000000,33.26000000,,268612.00000000,8.99558499,6.46298472,2.20000000,,天孚通信
2023-12-12,300394,35.80000000,35.51000000,36.61000000,33.98000000,,260763.00000000,7.40636440,-2.01434879,-0.73000000,,天孚通信
2023-12-13,300394,35.80000000,34.84000000,36.11000000,34.67000000,,153261.00000000,4.13318025,-1.88679245,-0.67000000,,天孚通信
2023-12-14,300394,35.30000000,34.34000000,35.70000000,33.91000000,,148239.00000000,5.21258008,-1.43513203,-0.50000000,,天孚通信
2023-12-15,300394,34.28000000,33.56000000,35.14000000,33.07000000,,129349.00000000,6.16805721,-2.27140361,-0.78000000,,天孚通信
2023-12-18,300394,33.58000000,33.47000000,34.15000000,33.29000000,,115957.00000000,2.56946519,-0.26817640,-0.09000000,,天孚通信
2023-12-19,300394,33.57000000,33.34000000,33.88000000,32.75000000,,100370.00000000,3.38932214,-0.38840753,-0.13000000,,天孚通信
2023-12-20,300394,33.25000000,31.37000000,33.26000000,31.25000000,,140736.00000000,6.40739560,-5.90881824,-1.97000000,,天孚通信
2023-12-21,300394,31.45000000,32.45000000,33.38000000,30.98000000,,154612.00000000,7.39599384,3.44277973,1.08000000,,天孚通信
2023-12-22,300394,32.42000000,32.16000000,33.44000000,31.75000000,,150164.00000000,5.25497512,-0.89368259,-0.29000000,,天孚通信
2023-12-25,300394,32.49000000,32.16000000,32.63000000,30.70000000,,110613.00000000,6.00124378,0.00000000,0.00000000,,天孚通信
2023-12-26,300394,32.16000000,31.21000000,32.27000000,30.84000000,,66969.00000000,4.58186479,-2.95398010,-0.95000000,,天孚通信
2023-12-27,300394,31.44000000,30.92000000,31.63000000,30.73000000,,87432.00000000,2.91073739,-0.92918936,-0.29000000,,天孚通信
2023-12-28,300394,30.72000000,31.62000000,32.43000000,30.66000000,,116513.00000000,5.59772296,2.26390686,0.70000000,,天孚通信
2023-12-29,300394,31.25000000,31.62000000,33.07000000,31.18000000,,150701.00000000,5.97722960,0.00000000,0.00000000,,天孚通信
2024-01-02,300394,31.38000000,31.07000000,32.24000000,30.71000000,,83430.00000000,4.92436434,-1.73940544,-0.55000000,,天孚通信
2024-01-03,300394,30.73000000,30.40000000,31.10000000,29.89000000,,108350.00000000,3.98026316,-2.15642098,-0.67000000,,天孚通信
2024-01-04,300394,30.34000000,30.08000000,30.62000000,29.61000000,,79156.00000000,3.35771277,-1.05263158,-0.32000000,,天孚通信
2024-01-05,300394,30.05000000,28.97000000,30.19000000,28.71000000,,84719.00000000,5.10873317,-3.69015957,-1.11000000,,天孚通信
2024-01-08,300394,29.07000000,28.80000000,29.74000000,28.48000000,,92257.00000000,4.37500000,-0.58681395,-0.17000000,,天孚通信
2024-01-09,300394,29.79000000,29.42000000,30.26000000,29.06000000,,127666.00000000,4.07885792,2.15277778,0.62000000,,天孚通信
2024-01-10,300394,29.10000000,28.60000000,29.61000000,28.34000000,,85753.00000000,4.44055944,-2.78721958,-0.82000000,,天孚通信
2024-01-11,300394,28.59000000,29.61000000,30.28000000,28.55000000,,113290.00000000,5.84262074,3.53146853,1.01000000,,天孚通信
2024-01-12,300394,29.18000000,28.50000000,29.43000000,28.43000000,,85639.00000000,3.50877193,-3.74873354,-1.11000000,,天孚通信
2024-01-15,300394,28.17000000,28.81000000,29.26000000,27.83000000,,77641.00000000,4.96355432,1.08771930,0.31000000,,天孚通信
2024-01-16,300394,28.52000000,28.61000000,28.95000000,28.13000000,,66038.00000000,2.86613072,-0.69420340,-0.20000000,,天孚通信
2024-01-17,300394,29.08000000,29.12000000,30.26000000,28.95000000,,153028.00000000,4.49862637,1.78259350,0.51000000,,天孚通信
2024-01-18,300394,28.47000000,32.16000000,32.51000000,27.98000000,,222801.00000000,14.08582090,10.43956044,3.04000000,,天孚通信
2024-01-19,300394,32.62000000,31.65000000,32.85000000,31.54000000,,147601.00000000,4.13902054,-1.58582090,-0.51000000,,天孚通信
2024-01-22,300394,33.58000000,32.57000000,34.29000000,32.22000000,,215533.00000000,6.35554191,2.90679305,0.92000000,,天孚通信
2024-01-23,300394,32.89000000,33.98000000,35.08000000,32.72000000,,186113.00000000,6.94526192,4.32913724,1.41000000,,天孚通信
2024-01-24,300394,33.98000000,33.45000000,34.27000000,31.86000000,,164903.00000000,7.20478326,-1.55974102,-0.53000000,,天孚通信
2024-01-25,300394,33.21000000,34.34000000,35.02000000,32.97000000,,155856.00000000,5.96971462,2.66068759,0.89000000,,天孚通信
2024-01-26,300394,33.57000000,32.60000000,33.57000000,32.42000000,,114479.00000000,3.52760736,-5.06697729,-1.74000000,,天孚通信
2024-01-29,300394,32.13000000,29.12000000,32.16000000,27.26000000,,160855.00000000,16.82692308,-10.67484663,-3.48000000,,天孚通信
2024-01-30,300394,28.98000000,29.17000000,30.05000000,28.98000000,,103237.00000000,3.66815221,0.17170330,0.05000000,,天孚通信
2024-01-31,300394,28.70000000,29.56000000,30.70000000,28.09000000,,134386.00000000,8.82949932,1.33699006,0.39000000,,天孚通信
2024-02-01,300394,29.17000000,34.11000000,35.80000000,28.92000000,,234219.00000000,20.17003811,15.39242219,4.55000000,,天孚通信
2024-02-02,300394,34.17000000,34.35000000,35.07000000,32.97000000,,166521.00000000,6.11353712,0.70360598,0.24000000,,天孚通信
2024-02-05,300394,33.95000000,35.95000000,39.77000000,33.62000000,,220335.00000000,17.10709318,4.65793304,1.60000000,,天孚通信
2024-02-06,300394,34.71000000,40.00000000,40.00000000,34.59000000,,210763.00000000,13.52500000,11.26564673,4.05000000,,天孚通信
2024-02-07,300394,39.43000000,39.34000000,40.17000000,37.99000000,,203765.00000000,5.54143366,-1.65000000,-0.66000000,,天孚通信
2024-02-08,300394,40.51000000,37.92000000,42.92000000,37.30000000,,247598.00000000,14.82067511,-3.60955770,-1.42000000,,天孚通信
2024-02-19,300394,40.36000000,45.85000000,45.85000000,39.16000000,,250182.00000000,14.59105780,20.91244726,7.93000000,,天孚通信
2024-02-20,300394,44.66000000,45.15000000,46.74000000,44.03000000,,214509.00000000,6.00221484,-1.52671756,-0.70000000,,天孚通信
2024-02-21,300394,43.82000000,43.09000000,43.96000000,42.01000000,,222526.00000000,4.52541193,-4.56256921,-2.06000000,,天孚通信
2024-02-22,300394,44.71000000,43.33000000,45.28000000,41.36000000,,236200.00000000,9.04684976,0.55697378,0.24000000,,天孚通信
2024-02-23,300394,43.86000000,41.79000000,44.65000000,41.51000000,,222870.00000000,7.51375927,-3.55411955,-1.54000000,,天孚通信
2024-02-26,300394,40.18000000,41.63000000,42.76000000,39.81000000,,165094.00000000,7.08623589,-0.38286671,-0.16000000,,天孚通信
2024-02-27,300394,41.26000000,46.74000000,48.40000000,40.65000000,,279027.00000000,16.58108686,12.27480183,5.11000000,,天孚通信
2024-02-28,300394,46.19000000,43.71000000,46.95000000,43.47000000,,216598.00000000,7.96156486,-6.48267009,-3.03000000,,天孚通信
2024-02-29,300394,44.19000000,47.83000000,47.83000000,43.82000000,,252723.00000000,8.38385950,9.42576070,4.12000000,,天孚通信
2024-03-01,300394,47.47000000,48.15000000,49.28000000,46.26000000,,239438.00000000,6.27206646,0.66903617,0.32000000,,天孚通信
2024-03-04,300394,48.31000000,49.91000000,52.12000000,47.47000000,,203694.00000000,9.31677019,3.65524403,1.76000000,,天孚通信
2024-03-05,300394,49.29000000,47.69000000,52.21000000,47.42000000,,246212.00000000,10.04403439,-4.44800641,-2.22000000,,天孚通信
2024-03-06,300394,47.47000000,47.66000000,48.20000000,46.09000000,,160718.00000000,4.42719261,-0.06290627,-0.03000000,,天孚通信
2024-03-07,300394,47.85000000,46.80000000,49.28000000,46.45000000,,132070.00000000,6.04700855,-1.80444817,-0.86000000,,天孚通信
2024-03-08,300394,47.82000000,50.34000000,51.11000000,47.18000000,,190788.00000000,7.80691299,7.56410256,3.54000000,,天孚通信
2024-03-11,300394,47.79000000,48.85000000,48.91000000,46.59000000,,171703.00000000,4.74923234,-2.95987286,-1.49000000,,天孚通信
2024-03-12,300394,48.74000000,47.28000000,49.62000000,46.01000000,,172129.00000000,7.63536379,-3.21392016,-1.57000000,,天孚通信
2024-03-13,300394,48.92000000,48.23000000,49.94000000,47.83000000,,180438.00000000,4.37487041,2.00930626,0.95000000,,天孚通信
2024-03-14,300394,47.47000000,51.77000000,52.89000000,47.28000000,,230480.00000000,10.83639173,7.33982998,3.54000000,,天孚通信
2024-03-15,300394,51.77000000,55.12000000,56.14000000,50.93000000,,239368.00000000,9.45210450,6.47092911,3.35000000,,天孚通信
2024-03-18,300394,56.14000000,57.29000000,58.73000000,55.44000000,,196265.00000000,5.74271252,3.93686502,2.17000000,,天孚通信
2024-03-19,300394,56.94000000,57.51000000,58.59000000,54.73000000,,174313.00000000,6.71187620,0.38401117,0.22000000,,天孚通信
2024-03-20,300394,57.31000000,57.43000000,60.95000000,55.12000000,,194194.00000000,10.15148877,-0.13910624,-0.08000000,,天孚通信
2024-03-21,300394,57.57000000,56.84000000,59.08000000,56.58000000,,145267.00000000,4.39831105,-1.02733763,-0.59000000,,天孚通信
2024-03-22,300394,56.74000000,57.11000000,58.94000000,56.74000000,,144442.00000000,3.85221502,0.47501759,0.27000000,,天孚通信
2024-03-25,300394,56.32000000,55.34000000,57.39000000,54.94000000,,120403.00000000,4.42717745,-3.09928209,-1.77000000,,天孚通信
2024-03-26,300394,54.83000000,54.32000000,58.86000000,52.00000000,,234632.00000000,12.62886598,-1.84315143,-1.02000000,,天孚通信
2024-03-27,300394,54.00000000,53.30000000,54.81000000,51.66000000,,168692.00000000,5.90994371,-1.87776141,-1.02000000,,天孚通信
2024-03-28,300394,53.68000000,53.60000000,55.26000000,51.67000000,,189872.00000000,6.69776119,0.56285178,0.30000000,,天孚通信
2024-03-29,300394,52.32000000,53.40000000,53.66000000,51.48000000,,118178.00000000,4.08239700,-0.37313433,-0.20000000,,天孚通信
2024-04-01,300394,54.04000000,57.76000000,57.78000000,53.02000000,,167234.00000000,8.24099723,8.16479401,4.36000000,,天孚通信
2024-04-02,300394,56.98000000,56.97000000,58.16000000,55.87000000,,135091.00000000,4.01965947,-1.36772853,-0.79000000,,天孚通信
2024-04-03,300394,55.90000000,54.24000000,56.21000000,53.66000000,,112275.00000000,4.70132743,-4.79199579,-2.73000000,,天孚通信
2024-04-08,300394,53.13000000,56.53000000,57.31000000,52.94000000,,150555.00000000,7.73040863,4.22197640,2.29000000,,天孚通信
2024-04-09,300394,56.10000000,55.16000000,56.60000000,53.94000000,,105272.00000000,4.82233503,-2.42349195,-1.37000000,,天孚通信
2024-04-10,300394,53.68000000,51.85000000,54.94000000,51.84000000,,119967.00000000,5.97878496,-6.00072516,-3.31000000,,天孚通信
2024-04-11,300394,52.52000000,53.12000000,54.39000000,52.52000000,,111497.00000000,3.52033133,2.44937319,1.27000000,,天孚通信
2024-04-12,300394,54.70000000,59.42000000,61.68000000,54.39000000,,209963.00000000,12.26859643,11.85993976,6.30000000,,天孚通信
2024-04-15,300394,59.36000000,58.57000000,59.73000000,57.31000000,,134226.00000000,4.13180809,-1.43049478,-0.85000000,,天孚通信
2024-04-16,300394,57.85000000,58.96000000,61.50000000,57.10000000,,162074.00000000,7.46268657,0.66586990,0.39000000,,天孚通信
2024-04-17,300394,58.99000000,60.84000000,60.99000000,57.53000000,,168716.00000000,5.68704799,3.18860244,1.88000000,,天孚通信
2024-04-18,300394,59.09000000,59.61000000,60.74000000,57.91000000,,133641.00000000,4.74752558,-2.02169625,-1.23000000,,天孚通信
2024-04-19,300394,59.31000000,57.49000000,60.19000000,55.13000000,,164491.00000000,8.80153070,-3.55645026,-2.12000000,,天孚通信
2024-04-22,300394,51.48000000,54.68000000,55.48000000,50.93000000,,167560.00000000,8.32114119,-4.88780658,-2.81000000,,天孚通信
2024-04-23,300394,55.99000000,56.04000000,56.56000000,54.26000000,,123795.00000000,4.10421128,2.48719824,1.36000000,,天孚通信
2024-04-24,300394,52.93000000,53.70000000,54.77000000,49.62000000,,330749.00000000,9.59031657,-4.17558887,-2.34000000,,天孚通信
2024-04-25,300394,51.83000000,51.73000000,53.30000000,50.91000000,,209240.00000000,4.62014305,-3.66852886,-1.97000000,,天孚通信
2024-04-26,300394,53.66000000,55.36000000,56.71000000,52.93000000,,292455.00000000,6.82803468,7.01720472,3.63000000,,天孚通信
2024-04-29,300394,56.80000000,57.68000000,58.90000000,56.80000000,,196440.00000000,3.64077670,4.19075145,2.32000000,,天孚通信
2024-04-30,300394,57.31000000,57.07000000,58.64000000,57.04000000,,120591.00000000,2.80357456,-1.05755895,-0.61000000,,天孚通信
2024-05-06,300394,58.10000000,54.22000000,58.37000000,54.14000000,,192873.00000000,7.80154924,-4.99386718,-2.85000000,,天孚通信
2024-05-07,300394,55.06000000,51.29000000,55.70000000,51.07000000,,234022.00000000,9.02710080,-5.40391000,-2.93000000,,天孚通信
2024-05-08,300394,51.11000000,51.48000000,52.62000000,50.64000000,,162378.00000000,3.84615385,0.37044258,0.19000000,,天孚通信
2024-05-09,300394,50.95000000,50.02000000,50.95000000,48.92000000,,162213.00000000,4.05837665,-2.83605284,-1.46000000,,天孚通信
2024-05-10,300394,49.65000000,49.41000000,49.92000000,48.01000000,,139589.00000000,3.86561425,-1.21951220,-0.61000000,,天孚通信
2024-05-13,300394,49.21000000,47.47000000,50.09000000,46.73000000,,210368.00000000,7.07815462,-3.92633070,-1.94000000,,天孚通信
2024-05-14,300394,48.19000000,47.36000000,48.68000000,46.67000000,,141658.00000000,4.24408784,-0.23172530,-0.11000000,,天孚通信
2024-05-15,300394,47.28000000,47.61000000,49.26000000,46.74000000,,121291.00000000,5.29300567,0.52787162,0.25000000,,天孚通信
2024-05-16,300394,48.96000000,47.82000000,49.40000000,47.51000000,,179473.00000000,3.95232120,0.44108381,0.21000000,,天孚通信
2024-05-17,300394,46.74000000,50.20000000,50.93000000,45.87000000,,259740.00000000,10.07968127,4.97699707,2.38000000,,天孚通信
2024-05-20,300394,48.95000000,50.97000000,51.40000000,48.64000000,,212493.00000000,5.41494997,1.53386454,0.77000000,,天孚通信
2024-05-21,300394,50.56000000,50.02000000,51.37000000,49.58000000,,106470.00000000,3.57856857,-1.86384148,-0.95000000,,天孚通信
2024-05-22,300394,49.84000000,48.05000000,50.01000000,47.87000000,,129165.00000000,4.45369407,-3.93842463,-1.97000000,,天孚通信
2024-05-23,300394,49.18000000,47.74000000,49.47000000,46.56000000,,132267.00000000,6.09551739,-0.64516129,-0.31000000,,天孚通信
2024-05-24,300394,47.67000000,45.94000000,49.65000000,45.84000000,,183198.00000000,8.29342621,-3.77042313,-1.80000000,,天孚通信
2024-05-27,300394,46.06000000,45.94000000,47.39000000,45.28000000,,126659.00000000,4.59294732,0.00000000,0.00000000,,天孚通信
2024-05-28,300394,45.33000000,44.73000000,45.98000000,44.33000000,,160983.00000000,3.68879946,-2.63387027,-1.21000000,,天孚通信
2024-05-29,300394,45.28000000,44.66000000,45.82000000,44.29000000,,115219.00000000,3.42588446,-0.15649452,-0.07000000,,天孚通信
2024-05-30,300394,44.55000000,44.22000000,45.37000000,44.09000000,,111178.00000000,2.89461782,-0.98522167,-0.44000000,,天孚通信
2024-05-31,300394,43.60000000,43.82000000,45.69000000,43.43000000,,148319.00000000,5.15746235,-0.90456807,-0.40000000,,天孚通信
2024-06-03,300394,43.89000000,45.10000000,46.79000000,43.89000000,,299962.00000000,6.43015521,2.92104062,1.28000000,,天孚通信
2024-06-04,300394,45.05000000,45.16000000,45.67000000,44.56000000,,181905.00000000,2.45792737,0.13303769,0.06000000,,天孚通信
2024-06-05,300394,44.96000000,44.45000000,45.62000000,44.29000000,,120771.00000000,2.99212598,-1.57218778,-0.71000000,,天孚通信
2024-06-06,300394,45.32000000,45.19000000,47.86000000,45.00000000,,313479.00000000,6.32883381,1.66479190,0.74000000,,天孚通信
2024-06-07,300394,44.76000000,42.93000000,45.06000000,42.67000000,,236870.00000000,5.56720242,-5.00110644,-2.26000000,,天孚通信
2024-06-11,300394,42.92000000,43.89000000,44.19000000,42.92000000,,148767.00000000,2.89359763,2.23619846,0.96000000,,天孚通信
2024-06-12,300394,43.62000000,43.46000000,44.43000000,43.20000000,,119982.00000000,2.83018868,-0.97972203,-0.43000000,,天孚通信
2024-06-13,300394,43.94000000,44.34000000,45.37000000,43.21000000,,203614.00000000,4.87144790,2.02485044,0.88000000,,天孚通信
2024-06-14,300394,44.46000000,48.63000000,50.22000000,44.09000000,,471357.00000000,12.60538762,9.67523681,4.29000000,,天孚通信
2024-06-17,300394,48.82000000,48.06000000,49.59000000,47.50000000,,268779.00000000,4.34873075,-1.17211598,-0.57000000,,天孚通信
2024-06-18,300394,48.07000000,49.32000000,51.44000000,47.86000000,,274634.00000000,7.25871857,2.62172285,1.26000000,,天孚通信
2024-06-19,300394,50.20000000,50.58000000,52.12000000,49.32000000,,292851.00000000,5.53578490,2.55474453,1.26000000,,天孚通信
2024-06-20,300394,50.16000000,50.96000000,52.20000000,49.81000000,,232473.00000000,4.68995290,0.75128509,0.38000000,,天孚通信
2024-06-21,300394,49.46000000,49.81000000,50.82000000,48.64000000,,190230.00000000,4.37663120,-2.25667190,-1.15000000,,天孚通信
2024-06-24,300394,49.14000000,47.54000000,50.00000000,47.23000000,,194763.00000000,5.82667228,-4.55731781,-2.27000000,,天孚通信
2024-06-25,300394,45.57000000,44.07000000,46.07000000,43.59000000,,254429.00000000,5.62741094,-7.29911653,-3.47000000,,天孚通信
2024-06-26,300394,45.08000000,44.13000000,45.48000000,43.02000000,,212238.00000000,5.57443916,0.13614704,0.06000000,,天孚通信
2024-06-27,300394,43.30000000,41.59000000,43.52000000,41.43000000,,220021.00000000,5.02524645,-5.75572173,-2.54000000,,天孚通信
2024-06-28,300394,41.56000000,43.74000000,45.02000000,41.54000000,,258026.00000000,7.95610425,5.16951190,2.15000000,,天孚通信
2024-07-01,300394,43.98000000,47.52000000,48.47000000,43.60000000,,277225.00000000,10.24831650,8.64197531,3.78000000,,天孚通信
2024-07-02,300394,47.00000000,46.78000000,47.65000000,46.37000000,,181094.00000000,2.73621206,-1.55723906,-0.74000000,,天孚通信
2024-07-03,300394,46.39000000,44.25000000,46.39000000,43.79000000,,205876.00000000,5.87570621,-5.40829414,-2.53000000,,天孚通信
2024-07-04,300394,44.80000000,43.19000000,45.14000000,43.08000000,,174839.00000000,4.76962260,-2.39548023,-1.06000000,,天孚通信
2024-07-05,300394,43.46000000,43.13000000,43.72000000,42.21000000,,159717.00000000,3.50104336,-0.13892105,-0.06000000,,天孚通信
2024-07-08,300394,43.15000000,44.59000000,45.18000000,42.95000000,,211055.00000000,5.00112133,3.38511477,1.46000000,,天孚通信
2024-07-09,300394,44.04000000,46.53000000,47.02000000,43.18000000,,260432.00000000,8.25274017,4.35075129,1.94000000,,天孚通信
2024-07-10,300394,46.60000000,49.65000000,50.16000000,46.39000000,,314263.00000000,7.59315206,6.70535139,3.12000000,,天孚通信
2024-07-11,300394,49.65000000,49.35000000,50.11000000,47.36000000,,251666.00000000,5.57244174,-0.60422961,-0.30000000,,天孚通信
2024-07-12,300394,48.11000000,47.10000000,48.11000000,46.82000000,,182953.00000000,2.73885350,-4.55927052,-2.25000000,,天孚通信
2024-07-15,300394,46.59000000,46.23000000,46.59000000,45.34000000,,153018.00000000,2.70387194,-1.84713376,-0.87000000,,天孚通信
2024-07-16,300394,46.34000000,46.30000000,46.68000000,45.06000000,,170897.00000000,3.49892009,0.15141683,0.07000000,,天孚通信
2024-07-17,300394,45.62000000,43.92000000,46.18000000,43.88000000,,175278.00000000,5.23679417,-5.14038877,-2.38000000,,天孚通信
2024-07-18,300394,44.04000000,47.68000000,47.69000000,43.79000000,,352732.00000000,8.17953020,8.56102004,3.76000000,,天孚通信
2024-07-19,300394,47.10000000,45.17000000,47.68000000,45.10000000,,241504.00000000,5.71175559,-5.26426174,-2.51000000,,天孚通信
2024-07-22,300394,44.60000000,45.92000000,46.69000000,44.56000000,,157386.00000000,4.63850174,1.66039407,0.75000000,,天孚通信
2024-07-23,300394,46.89000000,45.36000000,47.10000000,45.31000000,,180650.00000000,3.94620811,-1.21951220,-0.56000000,,天孚通信
2024-07-24,300394,44.57000000,46.43000000,47.91000000,44.57000000,,206083.00000000,7.19362481,2.35890653,1.07000000,,天孚通信
2024-07-25,300394,45.33000000,43.06000000,45.47000000,42.93000000,,200574.00000000,5.89874594,-7.25823821,-3.37000000,,天孚通信
2024-07-26,300394,43.12000000,45.14000000,45.77000000,42.92000000,,181152.00000000,6.31369074,4.83046911,2.08000000,,天孚通信
2024-07-29,300394,46.08000000,47.56000000,48.45000000,45.15000000,,261655.00000000,6.93860387,5.36109880,2.42000000,,天孚通信
2024-07-30,300394,47.04000000,48.00000000,48.95000000,46.12000000,,248112.00000000,5.89583333,0.92514718,0.44000000,,天孚通信
2024-07-31,300394,47.81000000,49.67000000,50.22000000,47.16000000,,261495.00000000,6.16066036,3.47916667,1.67000000,,天孚通信
2024-08-01,300394,52.00000000,49.94000000,52.46000000,49.76000000,,255174.00000000,5.40648779,0.54358768,0.27000000,,天孚通信
2024-08-02,300394,48.02000000,45.06000000,48.02000000,44.80000000,,317952.00000000,7.14602752,-9.77172607,-4.88000000,,天孚通信
2024-08-05,300394,42.51000000,41.52000000,43.87000000,41.40000000,,268728.00000000,5.94894027,-7.85619174,-3.54000000,,天孚通信
2024-08-06,300394,43.25000000,42.47000000,43.62000000,41.88000000,,176767.00000000,4.09700965,2.28805395,0.95000000,,天孚通信
2024-08-07,300394,42.00000000,41.64000000,42.90000000,41.50000000,,146994.00000000,3.36215178,-1.95432070,-0.83000000,,天孚通信
2024-08-08,300394,40.47000000,40.55000000,41.10000000,39.86000000,,138949.00000000,3.05795314,-2.61767531,-1.09000000,,天孚通信
2024-08-09,300394,41.49000000,41.35000000,42.60000000,41.34000000,,154820.00000000,3.04715840,1.97287300,0.80000000,,天孚通信
2024-08-12,300394,40.97000000,41.34000000,42.06000000,40.97000000,,92517.00000000,2.63667150,-0.02418380,-0.01000000,,天孚通信
2024-08-13,300394,41.90000000,41.91000000,42.56000000,41.31000000,,107266.00000000,2.98258172,1.37880987,0.57000000,,天孚通信
2024-08-14,300394,42.77000000,41.16000000,42.87000000,41.15000000,,107136.00000000,4.17881438,-1.78954903,-0.75000000,,天孚通信
2024-08-15,300394,41.23000000,41.94000000,42.36000000,40.98000000,,124109.00000000,3.29041488,1.89504373,0.78000000,,天孚通信
2024-08-16,300394,42.34000000,44.65000000,45.46000000,42.34000000,,235773.00000000,6.98768197,6.46161183,2.71000000,,天孚通信
2024-08-19,300394,44.55000000,44.19000000,45.06000000,43.72000000,,132214.00000000,3.03236026,-1.03023516,-0.46000000,,天孚通信
2024-08-20,300394,44.86000000,43.05000000,45.00000000,42.84000000,,124484.00000000,5.01742160,-2.57976918,-1.14000000,,天孚通信
2024-08-21,300394,43.04000000,43.11000000,43.98000000,42.63000000,,104951.00000000,3.13152401,0.13937282,0.06000000,,天孚通信
2024-08-22,300394,43.01000000,42.31000000,43.28000000,42.07000000,,100007.00000000,2.85984401,-1.85571793,-0.80000000,,天孚通信
2024-08-23,300394,42.00000000,40.69000000,42.22000000,39.90000000,,170417.00000000,5.70164660,-3.82888206,-1.62000000,,天孚通信
2024-08-26,300394,41.23000000,38.93000000,41.44000000,38.37000000,,179822.00000000,7.88594914,-4.32538707,-1.76000000,,天孚通信
2024-08-27,300394,38.44000000,38.60000000,39.18000000,37.70000000,,120436.00000000,3.83419689,-0.84767531,-0.33000000,,天孚通信
2024-08-28,300394,38.46000000,38.20000000,39.60000000,37.94000000,,109054.00000000,4.34554974,-1.03626943,-0.40000000,,天孚通信
2024-08-29,300394,37.20000000,36.59000000,37.20000000,35.11000000,,230836.00000000,5.71194315,-4.21465969,-1.61000000,,天孚通信
2024-08-30,300394,36.03000000,37.81000000,38.41000000,36.03000000,,191730.00000000,6.29463105,3.33424433,1.22000000,,天孚通信
2024-09-02,300394,37.77000000,35.58000000,37.77000000,35.56000000,,164490.00000000,6.21135469,-5.89791061,-2.23000000,,天孚通信
2024-09-03,300394,35.84000000,35.98000000,36.16000000,35.23000000,,101801.00000000,2.58476932,1.12422709,0.40000000,,天孚通信
2024-09-04,300394,33.74000000,35.55000000,35.83000000,33.66000000,,167572.00000000,6.10407876,-1.19510839,-0.43000000,,天孚通信
2024-09-05,300394,35.36000000,35.27000000,36.16000000,35.11000000,,105238.00000000,2.97703431,-0.78762307,-0.28000000,,天孚通信
2024-09-06,300394,35.16000000,34.73000000,35.81000000,34.72000000,,81075.00000000,3.13849698,-1.53104621,-0.54000000,,天孚通信
2024-09-09,300394,34.38000000,36.34000000,36.43000000,34.35000000,,174997.00000000,5.72372042,4.63576159,1.61000000,,天孚通信
2024-09-10,300394,36.23000000,36.99000000,37.81000000,35.79000000,,221553.00000000,5.46093539,1.78866263,0.65000000,,天孚通信
2024-09-11,300394,36.90000000,36.61000000,37.47000000,36.24000000,,127878.00000000,3.35973778,-1.02730468,-0.38000000,,天孚通信
2024-09-12,300394,37.41000000,36.20000000,37.69000000,36.06000000,,127783.00000000,4.50276243,-1.11991259,-0.41000000,,天孚通信
2024-09-13,300394,36.20000000,37.82000000,39.18000000,36.20000000,,280043.00000000,7.87942887,4.47513812,1.62000000,,天孚通信
2024-09-18,300394,37.36000000,37.24000000,37.90000000,36.85000000,,108274.00000000,2.81954887,-1.53358012,-0.58000000,,天孚通信
2024-09-19,300394,37.34000000,36.13000000,37.46000000,35.62000000,,137440.00000000,5.09272073,-2.98066595,-1.11000000,,天孚通信
2024-09-20,300394,36.39000000,36.08000000,36.51000000,35.64000000,,97062.00000000,2.41130820,-0.13838915,-0.05000000,,天孚通信
2024-09-23,300394,35.91000000,36.32000000,37.41000000,35.62000000,,106493.00000000,4.92841410,0.66518847,0.24000000,,天孚通信
2024-09-24,300394,36.44000000,39.56000000,39.62000000,36.44000000,,238657.00000000,8.03842265,8.92070485,3.24000000,,天孚通信
2024-09-25,300394,40.21000000,38.76000000,40.39000000,38.75000000,,208397.00000000,4.23116615,-2.02224469,-0.80000000,,天孚通信
2024-09-26,300394,38.93000000,40.21000000,40.21000000,38.48000000,,173182.00000000,4.30241234,3.74097007,1.45000000,,天孚通信
2024-09-27,300394,40.22000000,42.55000000,43.83000000,39.46000000,,286298.00000000,10.27027027,5.81944790,2.34000000,,天孚通信
2024-09-30,300394,43.94000000,49.91000000,49.91000000,42.61000000,,366196.00000000,14.62632739,17.29729730,7.36000000,,天孚通信
2024-10-08,300394,59.86000000,60.16000000,60.16000000,52.32000000,,410742.00000000,13.03191489,20.53696654,10.25000000,,天孚通信
2024-10-09,300394,57.11000000,54.70000000,60.39000000,54.19000000,,326386.00000000,11.33455210,-9.07579787,-5.46000000,,天孚通信
2024-10-10,300394,55.76000000,52.79000000,56.33000000,51.80000000,,224096.00000000,8.58117068,-3.49177331,-1.91000000,,天孚通信
2024-10-11,300394,51.80000000,50.14000000,53.63000000,49.14000000,,217860.00000000,8.95492621,-5.01989013,-2.65000000,,天孚通信
2024-10-14,300394,49.70000000,50.84000000,51.07000000,48.38000000,,198173.00000000,5.29110936,1.39609095,0.70000000,,天孚通信
2024-10-15,300394,50.83000000,49.55000000,52.39000000,49.30000000,,182778.00000000,6.23612513,-2.53737215,-1.29000000,,天孚通信
2024-10-16,300394,47.61000000,48.01000000,48.66000000,47.15000000,,156668.00000000,3.14517809,-3.10797175,-1.54000000,,天孚通信
2024-10-17,300394,48.37000000,47.94000000,49.28000000,47.88000000,,143539.00000000,2.92031706,-0.14580296,-0.07000000,,天孚通信
2024-10-18,300394,48.08000000,52.22000000,54.64000000,47.89000000,,321559.00000000,12.92608196,8.92782645,4.28000000,,天孚通信
2024-10-21,300394,52.97000000,56.79000000,59.35000000,51.52000000,,426621.00000000,13.78763867,8.75143623,4.57000000,,天孚通信
2024-10-22,300394,58.58000000,61.80000000,62.56000000,56.79000000,,402036.00000000,9.33656958,8.82197570,5.01000000,,天孚通信
2024-10-23,300394,57.05000000,59.18000000,62.61000000,55.01000000,,400472.00000000,12.84217641,-4.23948220,-2.62000000,,天孚通信
2024-10-24,300394,58.89000000,64.96000000,70.21000000,58.17000000,,407609.00000000,18.53448276,9.76681311,5.78000000,,天孚通信
2024-10-25,300394,65.21000000,66.69000000,68.94000000,64.97000000,,332093.00000000,5.95291648,2.66317734,1.73000000,,天孚通信
2024-10-28,300394,66.03000000,67.97000000,71.48000000,65.21000000,,321783.00000000,9.22465794,1.91932824,1.28000000,,天孚通信
2024-10-29,300394,66.23000000,67.27000000,69.18000000,64.96000000,,262434.00000000,6.27322729,-1.02986612,-0.70000000,,天孚通信
2024-10-30,300394,65.98000000,65.97000000,70.78000000,64.81000000,,242871.00000000,9.04956799,-1.93251078,-1.30000000,,天孚通信
2024-10-31,300394,63.99000000,64.35000000,66.18000000,63.62000000,,205210.00000000,3.97824398,-2.45566166,-1.62000000,,天孚通信
2024-11-01,300394,63.20000000,62.51000000,64.02000000,61.07000000,,179995.00000000,4.71924492,-2.85936286,-1.84000000,,天孚通信
2024-11-04,300394,62.92000000,64.62000000,66.61000000,62.92000000,,147997.00000000,5.71030641,3.37545993,2.11000000,,天孚通信
2024-11-05,300394,63.82000000,67.22000000,68.27000000,63.82000000,,187932.00000000,6.62005356,4.02352213,2.60000000,,天孚通信
2024-11-06,300394,66.74000000,66.49000000,68.18000000,65.37000000,,164653.00000000,4.22619943,-1.08598631,-0.73000000,,天孚通信
2024-11-07,300394,65.48000000,68.61000000,71.28000000,65.27000000,,179170.00000000,8.75965603,3.18844939,2.12000000,,天孚通信
2024-11-08,300394,68.63000000,69.14000000,75.36000000,68.56000000,,233062.00000000,9.83511715,0.77248215,0.53000000,,天孚通信
2024-11-11,300394,68.28000000,65.18000000,68.68000000,64.77000000,,258515.00000000,5.99877263,-5.72750940,-3.96000000,,天孚通信
2024-11-12,300394,65.08000000,64.45000000,66.34000000,63.55000000,,183620.00000000,4.32893716,-1.11997545,-0.73000000,,天孚通信
2024-11-13,300394,64.41000000,67.06000000,67.77000000,63.28000000,,220807.00000000,6.69549657,4.04965089,2.61000000,,天孚通信
2024-11-14,300394,66.24000000,62.92000000,66.98000000,62.66000000,,165763.00000000,6.86586141,-6.17357590,-4.14000000,,天孚通信
2024-11-15,300394,63.68000000,57.85000000,64.29000000,57.82000000,,228048.00000000,11.18409680,-8.05785124,-5.07000000,,天孚通信
2024-11-18,300394,57.34000000,56.39000000,58.80000000,55.64000000,,170774.00000000,5.60383047,-2.52376837,-1.46000000,,天孚通信
2024-11-19,300394,57.45000000,58.06000000,59.15000000,56.26000000,,128054.00000000,4.97760937,2.96151800,1.67000000,,天孚通信
2024-11-20,300394,58.11000000,60.14000000,61.00000000,58.07000000,,176871.00000000,4.87196541,3.58250086,2.08000000,,天孚通信
2024-11-21,300394,59.20000000,57.23000000,60.26000000,56.71000000,,198139.00000000,6.20304036,-4.83870968,-2.91000000,,天孚通信
2024-11-22,300394,57.23000000,55.04000000,58.33000000,55.03000000,,154688.00000000,5.99563953,-3.82666434,-2.19000000,,天孚通信
2024-11-25,300394,54.96000000,52.20000000,55.22000000,50.74000000,,267570.00000000,8.58237548,-5.15988372,-2.84000000,,天孚通信
2024-11-26,300394,51.85000000,52.20000000,53.33000000,51.23000000,,151987.00000000,4.02298851,0.00000000,0.00000000,,天孚通信
2024-11-27,300394,52.20000000,52.19000000,52.76000000,50.51000000,,155840.00000000,4.31117072,-0.01915709,-0.01000000,,天孚通信
2024-11-28,300394,51.95000000,50.56000000,52.24000000,49.80000000,,183494.00000000,4.82594937,-3.12320368,-1.63000000,,天孚通信
2024-11-29,300394,51.41000000,51.58000000,52.61000000,50.19000000,,184912.00000000,4.69174098,2.01740506,1.02000000,,天孚通信
2024-12-02,300394,52.37000000,55.47000000,56.38000000,52.37000000,,296006.00000000,7.22913286,7.54168282,3.89000000,,天孚通信
2024-12-03,300394,55.01000000,54.81000000,56.33000000,53.66000000,,168560.00000000,4.87137384,-1.18983234,-0.66000000,,天孚通信
2024-12-04,300394,53.99000000,53.15000000,54.80000000,52.60000000,,141474.00000000,4.13922860,-3.02864441,-1.66000000,,天孚通信
2024-12-05,300394,53.69000000,54.00000000,55.93000000,53.69000000,,150938.00000000,4.14814815,1.59924741,0.85000000,,天孚通信
2024-12-06,300394,53.99000000,54.36000000,56.20000000,53.79000000,,127123.00000000,4.43340692,0.66666667,0.36000000,,天孚通信
2024-12-09,300394,53.98000000,52.77000000,53.98000000,52.00000000,,144795.00000000,3.75213189,-2.92494481,-1.59000000,,天孚通信
2024-12-10,300394,53.99000000,51.78000000,54.49000000,51.35000000,,205523.00000000,6.06411742,-1.87606595,-0.99000000,,天孚通信
2024-12-11,300394,50.95000000,52.75000000,53.97000000,50.93000000,,183586.00000000,5.76303318,1.87331016,0.97000000,,天孚通信
2024-12-12,300394,52.97000000,54.60000000,56.17000000,52.47000000,,235053.00000000,6.77655678,3.50710900,1.85000000,,天孚通信
2024-12-13,300394,54.17000000,52.28000000,56.13000000,51.87000000,,316786.00000000,8.14843152,-4.24908425,-2.32000000,,天孚通信
2024-12-16,300394,52.28000000,50.17000000,52.56000000,48.69000000,,263685.00000000,7.71377317,-4.03596021,-2.11000000,,天孚通信
2024-12-17,300394,49.74000000,49.28000000,51.73000000,49.17000000,,211126.00000000,5.19480519,-1.77396851,-0.89000000,,天孚通信
2024-12-18,300394,49.28000000,49.05000000,49.63000000,48.25000000,,132805.00000000,2.81345566,-0.46672078,-0.23000000,,天孚通信
2024-12-19,300394,48.36000000,49.36000000,49.86000000,48.07000000,,143714.00000000,3.62641815,0.63200815,0.31000000,,天孚通信
2024-12-20,300394,48.89000000,49.23000000,50.32000000,48.77000000,,172064.00000000,3.14848670,-0.26337115,-0.13000000,,天孚通信
2024-12-23,300394,49.40000000,49.01000000,50.88000000,48.94000000,,224413.00000000,3.95837584,-0.44688198,-0.22000000,,天孚通信
2024-12-24,300394,49.29000000,49.45000000,49.74000000,48.17000000,,140641.00000000,3.17492417,0.89777596,0.44000000,,天孚通信
2024-12-25,300394,49.30000000,50.16000000,50.93000000,49.05000000,,182969.00000000,3.74800638,1.43579373,0.71000000,,天孚通信
2024-12-26,300394,50.41000000,53.98000000,54.44000000,49.30000000,,298754.00000000,9.52204520,7.61562998,3.82000000,,天孚通信
2024-12-27,300394,54.07000000,52.77000000,54.14000000,52.33000000,,203787.00000000,3.42997915,-2.24157095,-1.21000000,,天孚通信
2024-12-30,300394,51.70000000,47.81000000,51.81000000,47.70000000,,331173.00000000,8.59652792,-9.39927989,-4.96000000,,天孚通信
2024-12-31,300394,47.57000000,45.50000000,47.96000000,45.45000000,,226541.00000000,5.51648352,-4.83162518,-2.31000000,,天孚通信
2025-01-02,300394,45.32000000,44.68000000,46.08000000,44.19000000,,157537.00000000,4.23008057,-1.80219780,-0.82000000,,天孚通信
2025-01-03,300394,44.81000000,43.33000000,45.16000000,43.28000000,,145294.00000000,4.33879529,-3.02148612,-1.35000000,,天孚通信
2025-01-06,300394,43.53000000,44.13000000,45.00000000,43.43000000,,132420.00000000,3.55767052,1.84629587,0.80000000,,天孚通信
2025-01-07,300394,44.70000000,47.39000000,47.61000000,43.98000000,,256137.00000000,7.65984385,7.38726490,3.26000000,,天孚通信
2025-01-08,300394,45.88000000,46.87000000,47.18000000,44.91000000,,200693.00000000,4.84318327,-1.09727791,-0.52000000,,天孚通信
2025-01-09,300394,46.74000000,46.38000000,47.14000000,46.09000000,,128453.00000000,2.26390686,-1.04544485,-0.49000000,,天孚通信
2025-01-10,300394,46.13000000,44.04000000,46.34000000,44.04000000,,171560.00000000,5.22252498,-5.04527814,-2.34000000,,天孚通信
2025-01-13,300394,43.46000000,43.12000000,44.43000000,42.53000000,,157142.00000000,4.40630798,-2.08900999,-0.92000000,,天孚通信
2025-01-14,300394,43.06000000,44.80000000,44.85000000,41.71000000,,205331.00000000,7.00892857,3.89610390,1.68000000,,天孚通信
2025-01-15,300394,44.30000000,42.78000000,44.60000000,42.77000000,,172281.00000000,4.27769986,-4.50892857,-2.02000000,,天孚通信
2025-01-16,300394,43.27000000,51.55000000,51.55000000,43.03000000,,554942.00000000,16.52764306,20.50023375,8.77000000,,天孚通信
2025-01-17,300394,52.97000000,54.30000000,55.80000000,52.46000000,,639582.00000000,6.15101289,5.33462658,2.75000000,,天孚通信
2025-01-20,300394,55.18000000,56.78000000,57.40000000,53.20000000,,462430.00000000,7.39697076,4.56721915,2.48000000,,天孚通信
2025-01-21,300394,57.94000000,56.41000000,57.97000000,55.05000000,,376259.00000000,5.17638717,-0.65163790,-0.37000000,,天孚通信
2025-01-22,300394,57.85000000,58.07000000,60.11000000,57.46000000,,403610.00000000,4.56345790,2.94274065,1.66000000,,天孚通信
2025-01-23,300394,58.37000000,56.50000000,59.95000000,55.78000000,,323828.00000000,7.38053097,-2.70363355,-1.57000000,,天孚通信
2025-01-24,300394,56.55000000,57.06000000,58.22000000,55.93000000,,242899.00000000,4.01331931,0.99115044,0.56000000,,天孚通信
2025-01-27,300394,52.97000000,50.32000000,53.73000000,49.79000000,,324559.00000000,7.82988871,-11.81212758,-6.74000000,,天孚通信
2025-02-05,300394,45.83000000,41.64000000,46.49000000,41.02000000,,478468.00000000,13.13640730,-17.24960254,-8.68000000,,天孚通信
2025-02-06,300394,42.26000000,42.76000000,43.11000000,41.49000000,,355058.00000000,3.78858746,2.68972142,1.12000000,,天孚通信
2025-02-07,300394,43.10000000,44.95000000,45.97000000,43.10000000,,375861.00000000,6.38487208,5.12160898,2.19000000,,天孚通信
2025-02-10,300394,45.24000000,45.69000000,46.44000000,44.96000000,,277228.00000000,3.23922084,1.64627364,0.74000000,,天孚通信
2025-02-11,300394,46.18000000,46.63000000,47.35000000,45.42000000,,257880.00000000,4.13896633,2.05734296,0.94000000,,天孚通信
2025-02-12,300394,46.23000000,46.79000000,46.99000000,45.62000000,,202917.00000000,2.92797606,0.34312674,0.16000000,,天孚通信
2025-02-13,300394,46.37000000,45.23000000,47.29000000,45.10000000,,220335.00000000,4.84191908,-3.33404574,-1.56000000,,天孚通信
2025-02-14,300394,45.81000000,44.76000000,47.61000000,44.30000000,,238119.00000000,7.39499553,-1.03913332,-0.47000000,,天孚通信
2025-02-17,300394,44.81000000,49.02000000,50.11000000,44.81000000,,385090.00000000,10.81191350,9.51742627,4.26000000,,天孚通信
2025-02-18,300394,48.38000000,48.48000000,50.19000000,47.76000000,,282261.00000000,5.01237624,-1.10159119,-0.54000000,,天孚通信
2025-02-19,300394,48.34000000,48.14000000,48.71000000,46.94000000,,217780.00000000,3.67677607,-0.70132013,-0.34000000,,天孚通信
2025-02-20,300394,48.88000000,50.06000000,50.89000000,47.87000000,,296562.00000000,6.03276069,3.98836726,1.92000000,,天孚通信
2025-02-21,300394,50.34000000,51.99000000,55.01000000,49.19000000,,329754.00000000,11.19446047,3.85537355,1.93000000,,天孚通信
2025-02-24,300394,50.98000000,50.48000000,51.44000000,49.16000000,,257859.00000000,4.51664025,-2.90440469,-1.51000000,,天孚通信
2025-02-25,300394,48.46000000,49.99000000,51.11000000,48.36000000,,176401.00000000,5.50110022,-0.97068146,-0.49000000,,天孚通信
2025-02-26,300394,49.70000000,52.16000000,52.45000000,48.98000000,,227616.00000000,6.65260736,4.34086817,2.17000000,,天孚通信
2025-02-27,300394,52.46000000,50.01000000,53.44000000,49.40000000,,280270.00000000,8.07838432,-4.12193252,-2.15000000,,天孚通信
2025-02-28,300394,47.35000000,44.03000000,47.35000000,43.79000000,,347558.00000000,8.08539632,-11.95760848,-5.98000000,,天孚通信
2025-03-03,300394,44.19000000,43.49000000,45.21000000,42.78000000,,229138.00000000,5.58749138,-1.22643652,-0.54000000,,天孚通信
2025-03-04,300394,40.88000000,43.38000000,43.46000000,40.53000000,,213302.00000000,6.75426464,-0.25293171,-0.11000000,,天孚通信
2025-03-05,300394,43.43000000,44.80000000,45.06000000,43.43000000,,204423.00000000,3.63839286,3.27339788,1.42000000,,天孚通信
2025-03-06,300394,44.90000000,45.37000000,46.29000000,43.93000000,,240945.00000000,5.20167512,1.27232143,0.57000000,,天孚通信
2025-03-07,300394,44.55000000,43.98000000,44.55000000,43.79000000,,156142.00000000,1.72805821,-3.06369848,-1.39000000,,天孚通信
2025-03-10,300394,44.24000000,44.79000000,45.06000000,44.00000000,,159205.00000000,2.36659969,1.84174625,0.81000000,,天孚通信
2025-03-11,300394,43.44000000,44.58000000,44.59000000,43.29000000,,129608.00000000,2.91610588,-0.46885466,-0.21000000,,天孚通信
2025-03-12,300394,45.32000000,45.37000000,46.29000000,44.60000000,,231533.00000000,3.72492837,1.77209511,0.79000000,,天孚通信
2025-03-13,300394,46.59000000,45.27000000,47.00000000,45.15000000,,195068.00000000,4.08659156,-0.22040996,-0.10000000,,天孚通信
2025-03-14,300394,45.25000000,47.42000000,48.05000000,44.92000000,,332884.00000000,6.60059047,4.74928209,2.15000000,,天孚通信
2025-03-17,300394,47.48000000,48.15000000,48.90000000,46.79000000,,259032.00000000,4.38213915,1.53943484,0.73000000,,天孚通信
2025-03-18,300394,47.77000000,48.82000000,49.66000000,46.64000000,,315880.00000000,6.18598935,1.39148494,0.67000000,,天孚通信
2025-03-19,300394,47.16000000,45.16000000,47.40000000,44.97000000,,333266.00000000,5.38086802,-7.49692749,-3.66000000,,天孚通信
2025-03-20,300394,45.16000000,44.81000000,46.16000000,44.81000000,,146893.00000000,3.01272037,-0.77502214,-0.35000000,,天孚通信
2025-03-21,300394,44.45000000,43.64000000,44.78000000,43.43000000,,143950.00000000,3.09349221,-2.61102432,-1.17000000,,天孚通信
2025-03-24,300394,43.68000000,44.21000000,44.70000000,43.28000000,,130750.00000000,3.21194300,1.30614115,0.57000000,,天孚通信
2025-03-25,300394,44.55000000,44.30000000,45.61000000,44.18000000,,134040.00000000,3.22799097,0.20357385,0.09000000,,天孚通信
2025-03-26,300394,44.28000000,43.38000000,44.30000000,43.20000000,,121172.00000000,2.53573075,-2.07674944,-0.92000000,,天孚通信
2025-03-27,300394,42.20000000,42.10000000,42.79000000,41.20000000,,178255.00000000,3.77672209,-2.95066851,-1.28000000,,天孚通信
2025-03-28,300394,41.86000000,41.57000000,42.64000000,41.57000000,,85667.00000000,2.57397161,-1.25890736,-0.53000000,,天孚通信
2025-03-31,300394,41.39000000,42.06000000,42.15000000,41.24000000,,88756.00000000,2.16357584,1.17873466,0.49000000,,天孚通信
2025-04-01,300394,42.10000000,41.85000000,42.17000000,41.68000000,,66447.00000000,1.17084827,-0.49928673,-0.21000000,,天孚通信
2025-04-02,300394,42.07000000,42.38000000,42.92000000,41.92000000,,98585.00000000,2.35960359,1.26642772,0.53000000,,天孚通信
2025-04-03,300394,41.23000000,39.42000000,41.49000000,38.43000000,,227566.00000000,7.76255708,-6.98442662,-2.96000000,,天孚通信
2025-04-07,300394,34.59000000,31.32000000,35.32000000,31.32000000,,242676.00000000,12.77139208,-20.54794521,-8.10000000,,天孚通信
2025-04-08,300394,31.51000000,30.64000000,32.20000000,29.48000000,,288115.00000000,8.87728460,-2.17113665,-0.68000000,,天孚通信
2025-04-09,300394,29.50000000,30.89000000,31.21000000,28.03000000,,248050.00000000,10.29459372,0.81592689,0.25000000,,天孚通信
2025-04-10,300394,34.35000000,32.85000000,34.61000000,32.85000000,,277398.00000000,5.35768645,6.34509550,1.96000000,,天孚通信
2025-04-11,300394,32.85000000,33.11000000,33.70000000,32.14000000,,180039.00000000,4.71156750,0.79147641,0.26000000,,天孚通信
2025-04-14,300394,35.11000000,33.63000000,35.21000000,33.55000000,,192821.00000000,4.93606899,1.57052250,0.52000000,,天孚通信
2025-04-15,300394,33.38000000,33.16000000,33.53000000,32.69000000,,108644.00000000,2.53317250,-1.39756170,-0.47000000,,天孚通信
2025-04-16,300394,32.44000000,32.49000000,32.68000000,31.62000000,,117909.00000000,3.26254232,-2.02050663,-0.67000000,,天孚通信
2025-04-17,300394,32.05000000,32.41000000,32.91000000,32.05000000,,87652.00000000,2.65350201,-0.24622961,-0.08000000,,天孚通信
2025-04-18,300394,32.51000000,32.76000000,32.97000000,32.40000000,,100098.00000000,1.73992674,1.07991361,0.35000000,,天孚通信
2025-04-21,300394,33.58000000,33.84000000,33.84000000,32.99000000,,152229.00000000,2.51182033,3.29670330,1.08000000,,天孚通信
2025-04-22,300394,33.27000000,33.33000000,33.62000000,33.12000000,,113979.00000000,1.50015002,-1.50709220,-0.51000000,,天孚通信
2025-04-23,300394,34.03000000,35.88000000,36.53000000,33.68000000,,300254.00000000,7.94314381,7.65076508,2.55000000,,天孚通信
2025-04-24,300394,34.59000000,34.32000000,35.15000000,34.22000000,,211620.00000000,2.70979021,-4.34782609,-1.56000000,,天孚通信
2025-04-25,300394,34.49000000,34.72000000,35.72000000,34.49000000,,211410.00000000,3.54262673,1.16550117,0.40000000,,天孚通信
2025-04-28,300394,34.50000000,33.72000000,34.60000000,33.48000000,,135698.00000000,3.32147094,-2.88018433,-1.00000000,,天孚通信
2025-04-29,300394,33.41000000,33.42000000,33.84000000,33.21000000,,85574.00000000,1.88509874,-0.88967972,-0.30000000,,天孚通信
2025-04-30,300394,33.51000000,33.87000000,33.95000000,33.22000000,,108342.00000000,2.15529968,1.34649910,0.45000000,,天孚通信
2025-05-06,300394,34.47000000,35.46000000,35.56000000,34.45000000,,177323.00000000,3.13028765,4.69441984,1.59000000,,天孚通信
2025-05-07,300394,36.19000000,35.23000000,36.39000000,34.81000000,,155852.00000000,4.48481408,-0.64861816,-0.23000000,,天孚通信
2025-05-08,300394,35.42000000,37.88000000,38.46000000,35.39000000,,373677.00000000,8.10454065,7.52199830,2.65000000,,天孚通信
2025-05-09,300394,37.15000000,36.70000000,37.41000000,36.39000000,,214477.00000000,2.77929155,-3.11510032,-1.18000000,,天孚通信
2025-05-12,300394,37.77000000,37.86000000,37.97000000,36.89000000,,204101.00000000,2.85261490,3.16076294,1.16000000,,天孚通信
2025-05-13,300394,38.68000000,37.49000000,39.07000000,37.45000000,,217577.00000000,4.32115231,-0.97728473,-0.37000000,,天孚通信
2025-05-14,300394,38.10000000,37.83000000,38.93000000,37.71000000,,213068.00000000,3.22495374,0.90690851,0.34000000,,天孚通信
2025-05-15,300394,37.69000000,36.27000000,37.87000000,36.27000000,,168142.00000000,4.41135925,-4.12371134,-1.56000000,,天孚通信
2025-05-16,300394,36.08000000,36.79000000,37.22000000,35.93000000,,137463.00000000,3.50638761,1.43369176,0.52000000,,天孚通信
2025-05-19,300394,36.37000000,35.85000000,36.37000000,35.49000000,,112233.00000000,2.45467225,-2.55504213,-0.94000000,,天孚通信
2025-05-20,300394,35.85000000,37.31000000,38.11000000,35.69000000,,179259.00000000,6.48619673,4.07252441,1.46000000,,天孚通信
2025-05-21,300394,36.95000000,38.78000000,39.80000000,36.95000000,,311347.00000000,7.34914905,3.93996248,1.47000000,,天孚通信
2025-05-22,300394,38.43000000,37.89000000,39.17000000,37.85000000,,177416.00000000,3.48376880,-2.29499742,-0.89000000,,天孚通信
2025-05-23,300394,38.17000000,36.68000000,38.28000000,36.64000000,,141391.00000000,4.47110142,-3.19345474,-1.21000000,,天孚通信
2025-05-26,300394,36.62000000,37.04000000,37.05000000,36.21000000,,104525.00000000,2.26781857,0.98146129,0.36000000,,天孚通信
2025-05-27,300394,36.74000000,36.65000000,37.34000000,35.64000000,,138827.00000000,4.63847203,-1.05291577,-0.39000000,,天孚通信
2025-05-28,300394,37.10000000,38.49000000,38.55000000,36.89000000,,245818.00000000,4.31280852,5.02046385,1.84000000,,天孚通信
2025-05-29,300394,38.99000000,40.81000000,41.13000000,38.92000000,,409319.00000000,5.41533938,6.02753962,2.32000000,,天孚通信
2025-05-30,300394,40.21000000,40.57000000,40.85000000,39.80000000,,166276.00000000,2.58811930,-0.58809115,-0.24000000,,天孚通信
2025-06-03,300394,40.21000000,40.61000000,41.44000000,39.88000000,,162664.00000000,3.84141837,0.09859502,0.04000000,,天孚通信
2025-06-04,300394,41.54000000,42.34000000,42.77000000,41.49000000,,298390.00000000,3.02314596,4.26003447,1.73000000,,天孚通信
2025-06-05,300394,42.00000000,43.71000000,44.75000000,41.89000000,,287612.00000000,6.54312514,3.23571091,1.37000000,,天孚通信
2025-06-06,300394,43.48000000,45.07000000,46.12000000,43.33000000,,285877.00000000,6.19037053,3.11141615,1.36000000,,天孚通信
2025-06-09,300394,46.70000000,49.29000000,51.64000000,46.42000000,,555439.00000000,10.59038344,9.36321278,4.22000000,,天孚通信
2025-06-10,300394,48.43000000,48.24000000,48.85000000,47.49000000,,378609.00000000,2.81923715,-2.13024954,-1.05000000,,天孚通信
2025-06-11,300394,48.29000000,47.69000000,50.00000000,47.48000000,,317184.00000000,5.28412665,-1.14013267,-0.55000000,,天孚通信
2025-06-12,300394,47.64000000,52.56000000,54.73000000,47.04000000,,632872.00000000,14.63089802,10.21178444,4.87000000,,天孚通信
2025-06-13,300394,52.29000000,51.62000000,53.26000000,51.52000000,,312974.00000000,3.37078652,-1.78843227,-0.94000000,,天孚通信
2025-06-16,300394,51.17000000,53.00000000,54.14000000,51.17000000,,372988.00000000,5.60377358,2.67338241,1.38000000,,天孚通信
2025-06-17,300394,53.14000000,51.86000000,53.40000000,51.21000000,,278374.00000000,4.22290783,-2.15094340,-1.14000000,,天孚通信
2025-06-18,300394,51.90000000,53.85000000,54.27000000,50.27000000,,433197.00000000,7.42804085,3.83725415,1.99000000,,天孚通信
2025-06-19,300394,53.16000000,53.50000000,55.36000000,52.91000000,,397267.00000000,4.57943925,-0.64995357,-0.35000000,,天孚通信
2025-06-20,300394,53.50000000,52.27000000,53.78000000,51.43000000,,318127.00000000,4.49588674,-2.29906542,-1.23000000,,天孚通信
2025-06-23,300394,51.42000000,50.07000000,52.46000000,49.00000000,,425031.00000000,6.91032554,-4.20891525,-2.20000000,,天孚通信
2025-06-24,300394,50.56000000,50.29000000,51.41000000,49.91000000,,252991.00000000,2.98270034,0.43938486,0.22000000,,天孚通信
2025-06-25,300394,51.63000000,50.79000000,51.76000000,49.50000000,,279562.00000000,4.44969482,0.99423345,0.50000000,,天孚通信
2025-06-26,300394,51.52000000,51.44000000,52.49000000,51.01000000,,386395.00000000,2.87713841,1.27977948,0.65000000,,天孚通信
2025-06-27,300394,50.86000000,52.78000000,53.66000000,49.97000000,,457328.00000000,6.99128458,2.60497667,1.34000000,,天孚通信
2025-06-30,300394,53.36000000,56.17000000,56.20000000,51.67000000,,572176.00000000,8.06480328,6.42288746,3.39000000,,天孚通信
2025-07-01,300394,55.09000000,55.45000000,56.50000000,54.71000000,,306887.00000000,3.22813345,-1.28182304,-0.72000000,,天孚通信
2025-07-02,300394,54.14000000,52.50000000,54.14000000,52.47000000,,292520.00000000,3.18095238,-5.32010821,-2.95000000,,天孚通信
2025-07-03,300394,53.00000000,54.91000000,55.92000000,52.63000000,,346801.00000000,5.99162266,4.59047619,2.41000000,,天孚通信
2025-07-04,300394,54.91000000,53.13000000,55.83000000,53.07000000,,338464.00000000,5.19480519,-3.24166818,-1.78000000,,天孚通信
2025-07-07,300394,52.27000000,51.34000000,52.94000000,50.21000000,,268561.00000000,5.31749123,-3.36909467,-1.79000000,,天孚通信
2025-07-08,300394,50.97000000,57.95000000,58.86000000,50.94000000,,596509.00000000,13.66695427,12.87495131,6.61000000,,天孚通信
2025-07-09,300394,57.97000000,59.06000000,59.83000000,56.84000000,,442784.00000000,5.06264815,1.91544435,1.11000000,,天孚通信
2025-07-10,300394,60.69000000,61.64000000,62.38000000,59.22000000,,506739.00000000,5.12654121,4.36843888,2.58000000,,天孚通信
2025-07-11,300394,61.42000000,59.53000000,63.43000000,59.53000000,,460820.00000000,6.55131866,-3.42310188,-2.11000000,,天孚通信
2025-07-14,300394,59.15000000,59.85000000,60.86000000,59.00000000,,255386.00000000,3.10776942,0.53754410,0.32000000,,天孚通信
2025-07-15,300394,62.73000000,67.11000000,68.08000000,61.68000000,,554034.00000000,9.53658173,12.13032581,7.26000000,,天孚通信
2025-07-16,300394,67.59000000,63.59000000,67.70000000,63.43000000,,462057.00000000,6.71489228,-5.24511995,-3.52000000,,天孚通信
2025-07-17,300394,63.86000000,65.41000000,66.20000000,63.43000000,,361010.00000000,4.23482648,2.86208523,1.82000000,,天孚通信
2025-07-18,300394,65.93000000,64.14000000,68.64000000,63.82000000,,372321.00000000,7.51481135,-1.94159914,-1.27000000,,天孚通信
2025-07-21,300394,62.76000000,62.69000000,64.50000000,60.97000000,,386866.00000000,5.63088212,-2.26067976,-1.45000000,,天孚通信
2025-07-22,300394,62.37000000,63.15000000,66.16000000,62.14000000,,399315.00000000,6.36579572,0.73376934,0.46000000,,天孚通信
2025-07-23,300394,61.29000000,63.62000000,63.95000000,60.69000000,,283816.00000000,5.12417479,0.74425970,0.47000000,,天孚通信
2025-07-24,300394,64.71000000,61.26000000,64.86000000,60.57000000,,347383.00000000,7.00293830,-3.70952531,-2.36000000,,天孚通信
2025-07-25,300394,61.20000000,60.71000000,62.11000000,60.57000000,,202513.00000000,2.53664965,-0.89781260,-0.55000000,,天孚通信
2025-07-28,300394,60.79000000,62.57000000,62.64000000,60.29000000,,270734.00000000,3.75579351,3.06374568,1.86000000,,天孚通信
2025-07-29,300394,62.58000000,71.34000000,71.36000000,62.57000000,,685025.00000000,12.32127839,14.01630174,8.77000000,,天孚通信
2025-07-30,300394,69.14000000,71.78000000,72.24000000,69.00000000,,389441.00000000,4.51379214,0.61676479,0.44000000,,天孚通信
2025-07-31,300394,73.42000000,74.59000000,79.61000000,72.93000000,,657159.00000000,8.95562408,3.91473948,2.81000000,,天孚通信
2025-08-01,300394,74.14000000,76.20000000,78.43000000,72.65000000,,509634.00000000,7.58530184,2.15846628,1.61000000,,天孚通信
2025-08-04,300394,74.30000000,73.76000000,76.20000000,71.64000000,,375231.00000000,6.18221258,-3.20209974,-2.44000000,,天孚通信
2025-08-05,300394,75.13000000,72.86000000,75.56000000,71.14000000,,318367.00000000,6.06642877,-1.22017354,-0.90000000,,天孚通信
2025-08-06,300394,71.94000000,72.74000000,74.06000000,71.91000000,,202280.00000000,2.95573275,-0.16469942,-0.12000000,,天孚通信
2025-08-07,300394,72.71000000,72.00000000,75.82000000,69.32000000,,387844.00000000,9.02777778,-1.01732197,-0.74000000,,天孚通信
2025-08-08,300394,70.93000000,71.00000000,72.31000000,70.54000000,,203031.00000000,2.49295775,-1.38888889,-1.00000000,,天孚通信
2025-08-11,300394,69.94000000,73.15000000,74.79000000,69.78000000,,389360.00000000,6.84894053,3.02816901,2.15000000,,天孚通信
2025-08-12,300394,74.29000000,75.46000000,76.29000000,73.64000000,,361911.00000000,3.51179433,3.15789474,2.31000000,,天孚通信
2025-08-13,300394,76.14000000,82.86000000,83.43000000,75.51000000,,500725.00000000,9.55829109,9.80652001,7.40000000,,天孚通信
2025-08-14,300394,80.48000000,77.85000000,81.27000000,77.75000000,,350739.00000000,4.52151574,-6.04634323,-5.01000000,,天孚通信
2025-08-15,300394,77.14000000,76.19000000,78.91000000,74.74000000,,364336.00000000,5.47315921,-2.13230572,-1.66000000,,天孚通信
2025-08-18,300394,75.26000000,78.49000000,81.29000000,75.26000000,,378697.00000000,7.68250733,3.01876887,2.30000000,,天孚通信
2025-08-19,300394,79.15000000,86.27000000,89.50000000,78.08000000,,533390.00000000,13.23751014,9.91209071,7.78000000,,天孚通信
2025-08-20,300394,83.43000000,88.73000000,88.81000000,79.96000000,,470825.00000000,9.97407867,2.85151269,2.46000000,,天孚通信
2025-08-21,300394,88.43000000,84.66000000,90.06000000,82.71000000,,372451.00000000,8.68178597,-4.58694917,-4.07000000,,天孚通信
2025-08-22,300394,83.07000000,86.93000000,87.71000000,81.59000000,,430374.00000000,7.04014724,2.68131349,2.27000000,,天孚通信
2025-08-25,300394,88.43000000,91.54000000,93.07000000,85.57000000,,559288.00000000,8.19313961,5.30311745,4.61000000,,天孚通信
2025-08-26,300394,106.29000000,102.56000000,109.86000000,99.85000000,,686263.00000000,9.76014041,12.03845314,11.02000000,,天孚通信
2025-08-27,300394,104.86000000,106.29000000,111.97000000,104.21000000,,523476.00000000,7.30078088,3.63689548,3.73000000,,天孚通信
2025-08-28,300394,109.86000000,127.72000000,127.72000000,109.66000000,,665658.00000000,14.14030692,20.16182143,21.43000000,,天孚通信
2025-08-29,300394,133.36000000,140.95000000,142.63000000,131.29000000,,635709.00000000,8.04540617,10.35859693,13.23000000,,天孚通信
2025-09-01,300394,140.56000000,157.83000000,159.89000000,137.63000000,,575436.00000000,14.10378255,11.97587797,16.88000000,,天孚通信
2025-09-02,300394,154.86000000,141.41000000,159.21000000,138.27000000,,702766.00000000,14.80800509,-10.40359881,-16.42000000,,天孚通信
2025-09-03,300394,141.64000000,145.79000000,150.27000000,137.63000000,,541615.00000000,8.67000480,3.09737642,4.38000000,,天孚通信
2025-09-04,300394,145.57000000,123.19000000,147.71000000,120.57000000,,655693.00000000,22.03100901,-15.50174909,-22.60000000,,天孚通信
2025-09-05,300394,125.42000000,132.57000000,134.66000000,121.47000000,,510192.00000000,9.94946066,7.61425440,9.38000000,,天孚通信
2025-09-08,300394,129.15000000,122.75000000,129.86000000,117.16000000,,484937.00000000,10.34623218,-7.40740741,-9.82000000,,天孚通信
2025-09-09,300394,123.43000000,119.09000000,123.53000000,117.00000000,,287594.00000000,5.48324796,-2.98167006,-3.66000000,,天孚通信
2025-09-10,300394,125.21000000,124.08000000,127.70000000,120.25000000,,451416.00000000,6.00419084,4.19010832,4.99000000,,天孚通信
2025-09-11,300394,127.72000000,141.00000000,143.09000000,125.43000000,,626248.00000000,12.52482270,13.63636364,16.92000000,,天孚通信
2025-09-12,300394,133.43000000,131.75000000,134.86000000,129.50000000,,424504.00000000,4.06831120,-6.56028369,-9.25000000,,天孚通信
2025-09-15,300394,127.71000000,128.46000000,131.43000000,124.86000000,,268469.00000000,5.11443251,-2.49715370,-3.29000000,,天孚通信
2025-09-16,300394,127.55000000,126.50000000,130.89000000,122.71000000,,349173.00000000,6.46640316,-1.52576678,-1.96000000,,天孚通信
2025-09-17,300394,126.29000000,129.19000000,130.59000000,123.43000000,,331126.00000000,5.54222463,2.12648221,2.69000000,,天孚通信
2025-09-18,300394,126.29000000,127.63000000,133.43000000,123.71000000,,410369.00000000,7.61576432,-1.20752380,-1.56000000,,天孚通信
2025-09-19,300394,129.64000000,133.77000000,138.79000000,128.51000000,,453332.00000000,7.68483217,4.81078116,6.14000000,,天孚通信
2025-09-22,300394,133.79000000,132.06000000,134.12000000,124.50000000,,328121.00000000,7.28456762,-1.27831352,-1.71000000,,天孚通信
2025-09-23,300394,138.34000000,135.07000000,141.54000000,128.07000000,,389577.00000000,9.97260680,2.27926700,3.01000000,,天孚通信
2025-09-24,300394,128.24000000,129.86000000,132.61000000,125.93000000,,311585.00000000,5.14400123,-3.85725920,-5.21000000,,天孚通信
2025-09-25,300394,128.05000000,129.79000000,133.07000000,123.46000000,,317046.00000000,7.40426843,-0.05390420,-0.07000000,,天孚通信
2025-09-26,300394,128.07000000,123.68000000,132.11000000,123.68000000,,244658.00000000,6.81597671,-4.70760459,-6.11000000,,天孚通信
2025-09-29,300394,120.93000000,125.28000000,126.91000000,120.93000000,,228748.00000000,4.77330779,1.29366106,1.60000000,,天孚通信
2025-09-30,300394,126.20000000,119.36000000,127.21000000,118.79000000,,306499.00000000,7.05428954,-4.72541507,-5.92000000,,天孚通信
2025-10-09,300394,119.41000000,116.64000000,121.49000000,115.92000000,,297493.00000000,4.77537723,-2.27882038,-2.72000000,,天孚通信
2025-10-10,300394,116.56000000,112.50000000,117.84000000,111.56000000,,284367.00000000,5.58222222,-3.54938272,-4.14000000,,天孚通信
2025-10-13,300394,104.41000000,111.56000000,112.49000000,104.41000000,,232313.00000000,7.24273933,-0.83555556,-0.94000000,,天孚通信
2025-10-14,300394,113.10000000,105.89000000,113.79000000,105.21000000,,263175.00000000,8.10274813,-5.08246683,-5.67000000,,天孚通信
2025-10-15,300394,106.04000000,106.78000000,107.60000000,103.96000000,,189910.00000000,3.40887807,0.84049485,0.89000000,,天孚通信
2025-10-16,300394,106.31000000,107.18000000,110.21000000,105.93000000,,225482.00000000,3.99328233,0.37460199,0.40000000,,天孚通信
2025-10-17,300394,107.62000000,104.21000000,107.86000000,103.93000000,,162907.00000000,3.77123117,-2.77103937,-2.97000000,,天孚通信
2025-10-20,300394,109.44000000,112.34000000,118.47000000,109.43000000,,446692.00000000,8.04700018,7.80155455,8.13000000,,天孚通信
2025-10-21,300394,112.87000000,118.61000000,121.40000000,110.93000000,,463625.00000000,8.82724897,5.58127114,6.27000000,,天孚通信
2025-10-22,300394,116.34000000,127.04000000,130.19000000,116.34000000,,529045.00000000,10.90207809,7.10732653,8.43000000,,天孚通信
2025-10-23,300394,123.63000000,118.93000000,123.63000000,116.43000000,,392204.00000000,6.05398133,-6.38381612,-8.11000000,,天孚通信
2025-10-24,300394,120.66000000,126.64000000,128.07000000,116.21000000,,473431.00000000,9.36512950,6.48280501,7.71000000,,天孚通信
2025-10-27,300394,131.64000000,135.26000000,136.70000000,128.79000000,,481014.00000000,5.84799645,6.80669615,8.62000000,,天孚通信
2025-10-28,300394,132.05000000,134.58000000,140.86000000,130.93000000,,386425.00000000,7.37851092,-0.50273547,-0.68000000,,天孚通信
2025-10-29,300394,138.89000000,138.43000000,140.29000000,130.04000000,,400549.00000000,7.40446435,2.86075197,3.85000000,,天孚通信
2025-10-30,300394,131.64000000,122.37000000,131.64000000,121.97000000,,586383.00000000,7.90226363,-11.60153146,-16.06000000,,天孚通信
2025-10-31,300394,119.50000000,112.36000000,120.21000000,111.00000000,,520838.00000000,8.19686721,-8.18010950,-10.01000000,,天孚通信
2025-11-03,300394,109.54000000,110.26000000,111.28000000,107.21000000,,315020.00000000,3.69127517,-1.86899252,-2.10000000,,天孚通信
2025-11-04,300394,111.29000000,109.46000000,112.93000000,108.39000000,,269547.00000000,4.14763384,-0.72555777,-0.80000000,,天孚通信
2025-11-05,300394,104.50000000,107.75000000,108.79000000,104.41000000,,240478.00000000,4.06496520,-1.56221451,-1.71000000,,天孚通信
2025-11-06,300394,107.83000000,110.44000000,111.41000000,107.52000000,,320265.00000000,3.52227454,2.49651972,2.69000000,,天孚通信
2025-11-07,300394,108.07000000,124.50000000,130.21000000,107.79000000,,789447.00000000,18.00803213,12.73089460,14.06000000,,天孚通信
2025-11-10,300394,125.94000000,128.07000000,128.76000000,120.22000000,,571849.00000000,6.66822831,2.86746988,3.57000000,,天孚通信
2025-11-11,300394,129.59000000,117.77000000,129.76000000,116.50000000,,555609.00000000,11.25923410,-8.04247677,-10.30000000,,天孚通信
2025-11-12,300394,116.50000000,116.64000000,118.00000000,111.84000000,,362994.00000000,5.28120713,-0.95949733,-1.13000000,,天孚通信
2025-11-13,300394,115.93000000,115.74000000,117.34000000,113.71000000,,252769.00000000,3.13634007,-0.77160494,-0.90000000,,天孚通信
2025-11-14,300394,112.93000000,110.55000000,114.49000000,109.64000000,,239565.00000000,4.38715513,-4.48418870,-5.19000000,,天孚通信
2025-11-17,300394,110.55000000,107.29000000,112.69000000,105.20000000,,310655.00000000,6.98107932,-2.94889190,-3.26000000,,天孚通信
2025-11-18,300394,105.32000000,108.50000000,111.55000000,105.32000000,,268645.00000000,5.74193548,1.12778451,1.21000000,,天孚通信
2025-11-19,300394,108.07000000,108.94000000,112.23000000,107.27000000,,283257.00000000,4.55296493,0.40552995,0.44000000,,天孚通信
2025-11-20,300394,113.07000000,113.84000000,116.13000000,108.07000000,,446774.00000000,7.08011244,4.49788875,4.90000000,,天孚通信
2025-11-21,300394,107.36000000,105.45000000,108.79000000,104.50000000,,307482.00000000,4.06827881,-7.36999297,-8.39000000,,天孚通信
2025-11-24,300394,105.93000000,102.51000000,106.82000000,100.31000000,,292593.00000000,6.35059994,-2.78805121,-2.94000000,,天孚通信
2025-11-25,300394,104.26000000,105.02000000,109.47000000,104.04000000,,324866.00000000,5.17044373,2.44854161,2.51000000,,天孚通信
2025-11-26,300394,102.98000000,111.61000000,115.09000000,101.41000000,,518914.00000000,12.25696622,6.27499524,6.59000000,,天孚通信
2025-11-27,300394,110.23000000,110.28000000,117.36000000,109.65000000,,431450.00000000,6.99129489,-1.19164949,-1.33000000,,天孚通信
2025-11-28,300394,113.21000000,112.36000000,115.84000000,110.40000000,,365735.00000000,4.84158063,1.88610809,2.08000000,,天孚通信
2025-12-01,300394,112.37000000,112.59000000,115.11000000,107.64000000,,349619.00000000,6.63469225,0.20469918,0.23000000,,天孚通信
2025-12-02,300394,112.71000000,115.20000000,118.63000000,112.71000000,,378898.00000000,5.13888889,2.31814548,2.61000000,,天孚通信
2025-12-03,300394,116.64000000,123.39000000,127.07000000,116.23000000,,686181.00000000,8.78515277,7.10937500,8.19000000,,天孚通信
2025-12-04,300394,121.06000000,133.16000000,135.14000000,120.79000000,,650316.00000000,10.77650946,7.91798363,9.77000000,,天孚通信
2025-12-05,300394,137.35000000,141.46000000,145.93000000,134.41000000,,648569.00000000,8.14364485,6.23310303,8.30000000,,天孚通信
2025-12-08,300394,141.46000000,168.71000000,169.86000000,140.97000000,,712445.00000000,17.12405904,19.26339601,27.25000000,,天孚通信
2025-12-09,300394,168.07000000,171.04000000,172.36000000,164.58000000,,579018.00000000,4.54864359,1.38106811,2.33000000,,天孚通信
2025-12-10,300394,169.93000000,167.61000000,171.76000000,163.35000000,,473288.00000000,5.01760038,-2.00537886,-3.43000000,,天孚通信
2025-12-11,300394,164.50000000,156.41000000,166.50000000,155.83000000,,552968.00000000,6.82181446,-6.68217887,-11.20000000,,天孚通信
2025-12-12,300394,155.86000000,153.19000000,157.54000000,146.31000000,,493509.00000000,7.33076572,-2.05869190,-3.22000000,,天孚通信
2025-12-15,300394,148.05000000,149.23000000,154.79000000,147.36000000,,314019.00000000,4.97889164,-2.58502513,-3.96000000,,天孚通信
2025-12-16,300394,146.66000000,141.86000000,149.14000000,140.57000000,,283122.00000000,6.04116735,-4.93868525,-7.37000000,,天孚通信
2025-12-17,300394,143.28000000,155.06000000,156.34000000,142.04000000,,514815.00000000,9.22223655,9.30494854,13.20000000,,天孚通信
2025-12-18,300394,153.24000000,155.79000000,159.54000000,151.80000000,,442461.00000000,4.96822646,0.47078550,0.73000000,,天孚通信
2025-12-19,300394,158.40000000,152.38000000,159.50000000,148.50000000,,367102.00000000,7.21879512,-2.18884396,-3.41000000,,天孚通信
2025-12-22,300394,155.21000000,158.79000000,161.56000000,152.09000000,,575111.00000000,5.96385163,4.20658879,6.41000000,,天孚通信
2025-12-23,300394,159.14000000,158.27000000,162.36000000,156.37000000,,351951.00000000,3.78467176,-0.32747654,-0.52000000,,天孚通信
2025-12-24,300394,157.52000000,158.84000000,160.64000000,152.99000000,,411387.00000000,4.81616721,0.36014406,0.57000000,,天孚通信
2025-12-25,300394,159.21000000,152.93000000,163.79000000,148.79000000,,391361.00000000,9.80840908,-3.72072526,-5.91000000,,天孚通信
2025-12-26,300394,152.26000000,151.86000000,154.94000000,149.91000000,,225800.00000000,3.31226129,-0.69966651,-1.07000000,,天孚通信
2025-12-29,300394,150.04000000,151.48000000,153.70000000,148.07000000,,262027.00000000,3.71666227,-0.25023048,-0.38000000,,天孚通信
2025-12-30,300394,149.43000000,151.26000000,154.79000000,148.20000000,,290987.00000000,4.35673674,-0.14523369,-0.22000000,,天孚通信
2025-12-31,300394,151.34000000,144.52000000,151.36000000,143.43000000,,333544.00000000,5.48712981,-4.45590374,-6.74000000,,天孚通信
2026-01-05,300394,147.34000000,144.93000000,147.71000000,142.36000000,,298470.00000000,3.69143725,0.28369776,0.41000000,,天孚通信
2026-01-06,300394,142.38000000,143.61000000,144.71000000,139.99000000,,311352.00000000,3.28667920,-0.91078452,-1.32000000,,天孚通信
2026-01-07,300394,145.93000000,143.91000000,147.20000000,142.28000000,,301671.00000000,3.41880342,0.20889910,0.30000000,,天孚通信
2026-01-08,300394,142.35000000,138.96000000,143.06000000,138.79000000,,286023.00000000,3.07282671,-3.43964978,-4.95000000,,天孚通信
2026-01-09,300394,136.19000000,141.64000000,143.75000000,134.18000000,,345062.00000000,6.75656594,1.92861255,2.68000000,,天孚通信
2026-01-12,300394,139.57000000,144.08000000,145.84000000,136.38000000,,394653.00000000,6.56579678,1.72267721,2.44000000,,天孚通信
2026-01-13,300394,142.64000000,135.21000000,147.56000000,134.18000000,,452762.00000000,9.89571777,-6.15630205,-8.87000000,,天孚通信
2026-01-14,300394,136.84000000,136.29000000,138.79000000,134.41000000,,338835.00000000,3.21373542,0.79875749,1.08000000,,天孚通信
2026-01-15,300394,134.86000000,137.84000000,140.35000000,133.79000000,,375464.00000000,4.75914103,1.13728080,1.55000000,,天孚通信
2026-01-16,300394,139.71000000,140.93000000,145.64000000,137.36000000,,460042.00000000,5.87525722,2.24172954,3.09000000,,天孚通信
2026-01-19,300394,137.99000000,137.51000000,141.33000000,136.07000000,,297029.00000000,3.82517635,-2.42673668,-3.42000000,,天孚通信
2026-01-20,300394,136.29000000,131.36000000,137.53000000,129.76000000,,298239.00000000,5.91504263,-4.47240201,-6.15000000,,天孚通信
2026-01-21,300394,130.82000000,134.31000000,136.86000000,130.36000000,,250424.00000000,4.83955029,2.24573691,2.95000000,,天孚通信
2026-01-22,300394,134.29000000,142.34000000,142.83000000,132.36000000,,508054.00000000,7.35562737,5.97870598,8.03000000,,天孚通信
2026-01-23,300394,141.64000000,134.61000000,142.31000000,134.00000000,,405201.00000000,6.17338979,-5.43065899,-7.73000000,,天孚通信
2026-01-26,300394,134.21000000,139.46000000,141.28000000,132.81000000,,401124.00000000,6.07342607,3.60300126,4.85000000,,天孚通信
2026-01-27,300394,140.64000000,149.54000000,155.31000000,139.97000000,,593126.00000000,10.25812492,7.22787896,10.08000000,,天孚通信
2026-01-28,300394,153.79000000,156.34000000,158.07000000,145.97000000,,581093.00000000,7.73954202,4.54727832,6.80000000,,天孚通信
2026-01-29,300394,155.93000000,159.50000000,167.29000000,155.68000000,,555463.00000000,7.27899687,2.02123577,3.16000000,,天孚通信
2026-01-30,300394,157.28000000,176.95000000,186.57000000,156.81000000,,728420.00000000,16.81831026,10.94043887,17.45000000,,天孚通信
2026-02-02,300394,177.91000000,169.85000000,185.14000000,167.07000000,,612764.00000000,10.63879894,-4.01243289,-7.10000000,,天孚通信
2026-02-03,300394,179.50000000,192.36000000,194.06000000,178.54000000,,619948.00000000,8.06820545,13.25287018,22.51000000,,天孚通信
2026-02-04,300394,193.79000000,189.97000000,197.36000000,179.50000000,,445590.00000000,9.40148444,-1.24246205,-2.39000000,,天孚通信
2026-02-05,300394,180.45000000,179.43000000,186.24000000,173.79000000,,419342.00000000,6.93863902,-5.54824446,-10.54000000,,天孚通信
2026-02-06,300394,180.66000000,180.19000000,190.94000000,172.16000000,,492307.00000000,10.42233198,0.42356351,0.76000000,,天孚通信
2026-02-09,300394,197.36000000,212.29000000,216.33000000,189.58000000,,573642.00000000,12.60068774,17.81452911,32.10000000,,天孚通信
2026-02-10,300394,207.68000000,205.12000000,214.70000000,201.66000000,,331203.00000000,6.35725429,-3.37745537,-7.17000000,,天孚通信
2026-02-11,300394,204.36000000,205.57000000,213.24000000,203.07000000,,346364.00000000,4.94721993,0.21938378,0.45000000,,天孚通信
2026-02-12,300394,213.79000000,235.21000000,237.92000000,210.43000000,,482957.00000000,11.68742826,14.41844627,29.64000000,,天孚通信
2026-02-13,300394,230.61000000,222.06000000,233.79000000,220.21000000,,299478.00000000,6.11546429,-5.59074869,-13.15000000,,天孚通信
2026-02-24,300394,233.79000000,250.22000000,255.88000000,233.79000000,,362359.00000000,8.82823116,12.68125732,28.16000000,,天孚通信
2026-02-25,300394,251.15000000,243.44000000,253.07000000,234.38000000,,332606.00000000,7.67745646,-2.70961554,-6.78000000,,天孚通信
2026-02-26,300394,245.21000000,258.09000000,269.01000000,245.21000000,,433935.00000000,9.22158937,6.01790996,14.65000000,,天孚通信
2026-02-27,300394,243.09000000,262.86000000,268.14000000,242.54000000,,406812.00000000,9.73902458,1.84819249,4.77000000,,天孚通信
2026-03-02,300394,261.54000000,249.50000000,277.31000000,247.08000000,,543114.00000000,12.11623246,-5.08255345,-13.36000000,,天孚通信
2026-03-03,300394,260.09000000,238.47000000,260.21000000,237.00000000,,445294.00000000,9.73288045,-4.42084168,-11.03000000,,天孚通信
2026-03-04,300394,234.00000000,239.19000000,244.56000000,230.93000000,,288056.00000000,5.69839876,0.30192477,0.72000000,,天孚通信
2026-03-05,300394,243.79000000,238.64000000,246.62000000,231.70000000,,327860.00000000,6.25209521,-0.22994272,-0.55000000,,天孚通信
2026-03-06,300394,238.48000000,230.13000000,239.71000000,226.64000000,,332154.00000000,5.67939860,-3.56604090,-8.51000000,,天孚通信
2026-03-09,300394,218.61000000,218.76000000,221.27000000,208.07000000,,378965.00000000,6.03400987,-4.94068570,-11.37000000,,天孚通信
2026-03-10,300394,234.50000000,242.70000000,243.70000000,231.65000000,,380508.00000000,4.96497734,10.94349973,23.94000000,,天孚通信
2026-03-11,300394,244.28000000,235.93000000,245.53000000,234.71000000,,267574.00000000,4.58610605,-2.78945200,-6.77000000,,天孚通信
2026-03-12,300394,235.93000000,238.10000000,240.07000000,224.22000000,,356861.00000000,6.65686686,0.91976434,2.17000000,,天孚通信
2026-03-13,300394,230.34000000,231.64000000,237.59000000,229.59000000,,224433.00000000,3.45363495,-2.71314574,-6.46000000,,天孚通信
2026-03-16,300394,231.69000000,221.76000000,232.79000000,214.75000000,,352004.00000000,8.13492063,-4.26523916,-9.88000000,,天孚通信
2026-03-17,300394,205.21000000,199.50000000,206.18000000,197.48000000,,532355.00000000,4.36090226,-10.03787879,-22.26000000,,天孚通信
2026-03-18,300394,209.49000000,216.14000000,217.24000000,208.79000000,,460771.00000000,3.90950310,8.34085213,16.64000000,,天孚通信
2026-03-19,300394,217.76000000,219.49000000,225.64000000,214.50000000,,321089.00000000,5.07540207,1.54992135,3.35000000,,天孚通信
2026-03-20,300394,238.79000000,222.36000000,239.95000000,222.36000000,,400797.00000000,7.91059543,1.30757665,2.87000000,,天孚通信
2026-03-23,300394,213.83000000,212.71000000,220.21000000,210.66000000,,274295.00000000,4.48968079,-4.33980932,-9.65000000,,天孚通信
2026-03-24,300394,212.71000000,212.86000000,220.13000000,207.00000000,,308548.00000000,6.16837358,0.07051855,0.15000000,,天孚通信
2026-03-25,300394,223.07000000,226.71000000,236.29000000,222.49000000,,383149.00000000,6.08707159,6.50662407,13.85000000,,天孚通信
2026-03-26,300394,226.76000000,231.64000000,241.64000000,225.78000000,,401077.00000000,6.84683129,2.17458427,4.93000000,,天孚通信
2026-03-27,300394,221.64000000,226.36000000,232.25000000,215.39000000,,288743.00000000,7.44831242,-2.27939907,-5.28000000,,天孚通信
2026-03-30,300394,223.90000000,225.79000000,229.50000000,219.50000000,,231079.00000000,4.42889411,-0.25181127,-0.57000000,,天孚通信
2026-03-31,300394,219.93000000,214.93000000,225.21000000,212.51000000,,270576.00000000,5.90890057,-4.80977900,-10.86000000,,天孚通信
2026-04-01,300394,225.69000000,237.59000000,238.70000000,222.99000000,,421999.00000000,6.61223115,10.54296748,22.66000000,,天孚通信
2026-04-02,300394,234.58000000,230.07000000,239.54000000,228.07000000,,281924.00000000,4.98543921,-3.16511638,-7.52000000,,天孚通信
2026-04-03,300394,240.70000000,237.97000000,245.50000000,237.79000000,,319238.00000000,3.23990419,3.43373756,7.90000000,,天孚通信
2026-04-07,300394,238.09000000,226.19000000,240.09000000,224.39000000,,329008.00000000,6.94106724,-4.95020381,-11.78000000,,天孚通信
2026-04-08,300394,235.21000000,240.21000000,241.88000000,228.07000000,,464132.00000000,5.74913617,6.19832884,14.02000000,,天孚通信
2026-04-09,300394,240.23000000,247.29000000,256.44000000,236.02000000,,484902.00000000,8.25751142,2.94742101,7.08000000,,天孚通信
2026-04-10,300394,247.29000000,255.86000000,260.25000000,243.36000000,,485053.00000000,6.60126632,3.46556674,8.57000000,,天孚通信
2026-04-13,300394,252.36000000,250.21000000,254.71000000,243.07000000,,374618.00000000,4.65209224,-2.20823888,-5.65000000,,天孚通信
2026-04-14,300394,251.14000000,246.53000000,258.79000000,245.07000000,,447787.00000000,5.56524561,-1.47076456,-3.68000000,,天孚通信
2026-04-15,300394,246.53000000,235.69000000,248.06000000,233.43000000,,415124.00000000,6.20730621,-4.39703079,-10.84000000,,天孚通信
2026-04-16,300394,233.79000000,253.48000000,256.48000000,232.11000000,,485741.00000000,9.61417074,7.54805041,17.79000000,,天孚通信
2026-04-17,300394,257.99000000,270.41000000,273.54000000,256.74000000,,456069.00000000,6.21278799,6.67902793,16.93000000,,天孚通信
2026-04-20,300394,268.19000000,267.00000000,276.64000000,261.65000000,,404531.00000000,5.61423221,-1.26104804,-3.41000000,,天孚通信
2026-04-21,300394,245.95000000,251.64000000,264.42000000,245.93000000,,551996.00000000,7.34779844,-5.75280899,-15.36000000,,天孚通信
2026-04-22,300394,247.11000000,267.65000000,271.29000000,243.79000000,,519330.00000000,10.27461237,6.36226355,16.01000000,,天孚通信
2026-04-23,300394,267.79000000,249.56000000,269.50000000,244.86000000,,557550.00000000,9.87337714,-6.75882683,-18.09000000,,天孚通信
2026-04-24,300394,244.01000000,230.84000000,246.69000000,225.43000000,,551411.00000000,9.20984232,-7.50120212,-18.72000000,,天孚通信
2026-04-27,300394,231.64000000,229.68000000,237.35000000,226.57000000,,358152.00000000,4.69348659,-0.50251256,-1.16000000,,天孚通信
2026-04-28,300394,228.87000000,220.79000000,229.24000000,219.36000000,,345652.00000000,4.47484035,-3.87060258,-8.89000000,,天孚通信
2026-04-29,300394,217.36000000,221.71000000,226.29000000,217.36000000,,254082.00000000,4.02778404,0.41668554,0.92000000,,天孚通信
2026-04-30,300394,222.98000000,219.14000000,224.43000000,217.36000000,,235989.00000000,3.22624806,-1.15917189,-2.57000000,,天孚通信
2026-05-06,300394,222.96000000,225.33000000,239.91000000,221.64000000,,540668.00000000,8.10810811,2.82467829,6.19000000,,天孚通信
2026-05-07,300394,229.50000000,233.89000000,235.93000000,217.36000000,,581696.00000000,7.93962974,3.79887276,8.56000000,,天孚通信
2026-05-08,300394,228.89000000,232.57000000,238.88000000,228.07000000,,356609.00000000,4.64806295,-0.56436787,-1.32000000,,天孚通信
2026-05-11,300394,237.59000000,236.59000000,238.79000000,226.71000000,,464232.00000000,5.10587937,1.72851185,4.02000000,,天孚通信
2026-05-12,300394,242.36000000,244.11000000,249.00000000,239.72000000,,505921.00000000,3.80156487,3.17849444,7.52000000,,天孚通信
2026-05-13,300394,244.11000000,269.64000000,273.64000000,244.00000000,,726252.00000000,10.99243436,10.45839990,25.53000000,,天孚通信
2026-05-14,300394,281.30000000,279.50000000,289.90000000,273.07000000,,679866.00000000,6.02146691,3.65672749,9.86000000,,天孚通信
2026-05-15,300394,285.93000000,285.21000000,295.27000000,272.29000000,,676096.00000000,8.05722100,2.04293381,5.71000000,,天孚通信
2026-05-18,300394,277.35000000,274.46000000,281.07000000,263.79000000,,543490.00000000,6.29599942,-3.76915255,-10.75000000,,天孚通信
2026-05-19,300394,268.13000000,258.79000000,268.79000000,247.45000000,,546191.00000000,8.24606824,-5.70939299,-15.67000000,,天孚通信
2026-05-20,300394,256.84000000,255.92000000,263.07000000,250.21000000,,416244.00000000,5.02500781,-1.10900730,-2.87000000,,天孚通信
2026-05-21,300394,256.79000000,240.36000000,259.91000000,239.49000000,,418305.00000000,8.49558995,-6.08002501,-15.56000000,,天孚通信
2026-05-22,300394,246.64000000,265.57000000,267.36000000,246.06000000,,572916.00000000,8.02048424,10.48843402,25.21000000,,天孚通信
2026-05-25,300394,265.86000000,282.89000000,283.62000000,257.77000000,,524322.00000000,9.13782742,6.52182099,17.32000000,,天孚通信
2026-05-26,300394,284.50000000,290.04000000,292.36000000,280.21000000,,472980.00000000,4.18907737,2.52748418,7.15000000,,天孚通信
2026-05-27,300394,288.04000000,305.65000000,317.10000000,286.52000000,,518277.00000000,10.00490757,5.38201627,15.61000000,,天孚通信
2026-05-28,300394,304.93000000,319.19000000,321.04000000,291.64000000,,488237.00000000,9.21081488,4.42990348,13.54000000,,天孚通信
2026-05-29,300394,333.07000000,324.64000000,351.20000000,322.36000000,,615055.00000000,8.88368655,1.70744698,5.45000000,,天孚通信
2026-06-01,300394,327.89000000,305.84000000,332.14000000,305.49000000,,441243.00000000,8.71370651,-5.79103006,-18.80000000,,天孚通信
2026-06-02,300394,310.27000000,325.93000000,330.22000000,302.69000000,,475258.00000000,8.44659896,6.56879414,20.09000000,,天孚通信
2026-06-03,300394,357.36000000,354.77000000,374.50000000,344.49000000,,599370.00000000,8.45900161,8.84852576,28.84000000,,天孚通信
2026-06-04,300394,341.58000000,342.68000000,350.43000000,340.12000000,,352976.00000000,3.00863780,-3.40784170,-12.09000000,,天孚通信
2026-06-05,300394,344.50000000,325.93000000,357.98000000,320.21000000,,471206.00000000,11.58837787,-4.88794210,-16.75000000,,天孚通信
2026-06-08,300394,313.07000000,303.15000000,315.78000000,296.44000000,,421234.00000000,6.37968003,-6.98923082,-22.78000000,,天孚通信
2026-06-09,300394,312.27000000,316.59000000,317.78000000,306.29000000,,350773.00000000,3.62929973,4.43344879,13.44000000,,天孚通信
2026-06-10,300394,298.07000000,293.13000000,303.07000000,287.39000000,,447797.00000000,5.34916249,-7.41021510,-23.46000000,,天孚通信
2026-06-11,300394,294.16000000,294.00000000,302.96000000,286.64000000,,333287.00000000,5.55102041,0.29679664,0.87000000,,天孚通信
2026-06-12,300394,303.02000000,280.95000000,305.00000000,280.95000000,,474289.00000000,8.56024204,-4.43877551,-13.05000000,,天孚通信
2026-06-15,300394,286.56000000,305.04000000,306.12000000,277.18000000,,541728.00000000,9.48728036,8.57447944,24.09000000,,天孚通信
2026-06-16,300394,311.56000000,324.71000000,331.61000000,306.01000000,,578379.00000000,7.88395799,6.44833464,19.67000000,,天孚通信
2026-06-17,300394,318.00000000,329.33000000,329.97000000,315.00000000,,467027.00000000,4.54559257,1.42280804,4.62000000,,天孚通信
2026-06-18,300394,325.00000000,336.60000000,340.49000000,324.00000000,,491851.00000000,4.89898990,2.20751222,7.27000000,,天孚通信
2026-06-22,300394,338.00000000,326.12000000,338.90000000,315.99000000,,619272.00000000,7.02502146,-3.11348782,-10.48000000,,天孚通信
2026-06-23,300394,326.12000000,311.06000000,326.12000000,308.24000000,,458309.00000000,5.74808719,-4.61793205,-15.06000000,,天孚通信
2026-06-24,300394,311.05000000,325.28000000,326.00000000,306.00000000,,451432.00000000,6.14854894,4.57146531,14.22000000,,天孚通信
2026-06-25,300394,318.08000000,341.97000000,346.00000000,312.00000000,,796690.00000000,9.94239261,5.13096409,16.69000000,,天孚通信
2026-06-26,300394,331.00000000,318.00000000,334.68000000,316.80000000,,481933.00000000,5.62264151,-7.00938679,-23.97000000,,天孚通信
2026-06-29,300394,309.00000000,295.15000000,313.99000000,288.86000000,,528001.00000000,8.51431476,-7.18553459,-22.85000000,,天孚通信
2026-06-30,300394,295.00000000,302.68000000,309.89000000,290.02000000,,423892.00000000,6.56468878,2.55124513,7.53000000,,天孚通信
2026-07-01,300394,301.00000000,285.00000000,304.00000000,280.00000000,,561856.00000000,8.42105263,-5.84115237,-17.68000000,,天孚通信
2026-07-02,300394,271.00000000,250.77000000,272.00000000,250.01000000,,529244.00000000,8.76899151,-12.01052632,-34.23000000,,天孚通信
2026-07-03,300394,252.00000000,250.10000000,260.43000000,245.94000000,,402819.00000000,5.79368253,-0.26717709,-0.67000000,,天孚通信
