trade_date,ts_code,open,close,high,low,volume,amount,amplitude_pct,pct_change,price_change,turnover_rate,stock_name
2015-01-05,600039,1.54000000,1.57000000,1.60000000,1.47000000,,1119083.45000000,8.28025478,,,,四川路桥
2015-01-06,600039,1.55000000,1.59000000,1.64000000,1.49000000,,958071.49000000,9.43396226,1.27388535,0.02000000,,四川路桥
2015-01-07,600039,1.57000000,1.54000000,1.60000000,1.50000000,,756183.41000000,6.49350649,-3.14465409,-0.05000000,,四川路桥
2015-01-08,600039,1.52000000,1.42000000,1.52000000,1.39000000,,778576.27000000,9.15492958,-7.79220779,-0.12000000,,四川路桥
2015-01-09,600039,1.44000000,1.47000000,1.55000000,1.44000000,,750994.14000000,7.48299320,3.52112676,0.05000000,,四川路桥
2015-01-12,600039,1.43000000,1.34000000,1.44000000,1.30000000,,567797.33000000,10.44776119,-8.84353741,-0.13000000,,四川路桥
2015-01-13,600039,1.34000000,1.36000000,1.39000000,1.34000000,,311504.54000000,3.67647059,1.49253731,0.02000000,,四川路桥
2015-01-14,600039,1.37000000,1.44000000,1.47000000,1.37000000,,521569.81000000,6.94444444,5.88235294,0.08000000,,四川路桥
2015-01-15,600039,1.43000000,1.47000000,1.48000000,1.40000000,,499592.42000000,5.44217687,2.08333333,0.03000000,,四川路桥
2015-01-16,600039,1.47000000,1.44000000,1.47000000,1.40000000,,570607.68000000,4.86111111,-2.04081633,-0.03000000,,四川路桥
2015-01-19,600039,1.36000000,1.17000000,1.37000000,1.07000000,,924080.58000000,25.64102564,-18.75000000,-0.27000000,,四川路桥
2015-01-20,600039,1.18000000,1.27000000,1.27000000,1.18000000,,510433.88000000,7.08661417,8.54700855,0.10000000,,四川路桥
2015-01-21,600039,1.27000000,1.37000000,1.38000000,1.25000000,,644150.88000000,9.48905109,7.87401575,0.10000000,,四川路桥
2015-01-22,600039,1.37000000,1.46000000,1.48000000,1.34000000,,825136.80000000,9.58904110,6.56934307,0.09000000,,四川路桥
2015-01-23,600039,1.44000000,1.39000000,1.46000000,1.38000000,,457344.43000000,5.75539568,-4.79452055,-0.07000000,,四川路桥
2015-01-26,600039,1.37000000,1.46000000,1.47000000,1.37000000,,579357.38000000,6.84931507,5.03597122,0.07000000,,四川路桥
2015-01-27,600039,1.47000000,1.53000000,1.54000000,1.40000000,,950858.24000000,9.15032680,4.79452055,0.07000000,,四川路桥
2015-01-28,600039,1.50000000,1.81000000,1.92000000,1.47000000,,3319443.66000000,24.86187845,18.30065359,0.28000000,,四川路桥
2015-01-29,600039,1.67000000,1.61000000,1.74000000,1.57000000,,1851491.58000000,10.55900621,-11.04972376,-0.20000000,,四川路桥
2015-01-30,600039,1.61000000,1.50000000,1.67000000,1.49000000,,975093.88000000,12.00000000,-6.83229814,-0.11000000,,四川路桥
2015-02-02,600039,1.46000000,1.42000000,1.47000000,1.39000000,,700745.11000000,5.63380282,-5.33333333,-0.08000000,,四川路桥
2015-02-03,600039,1.42000000,1.45000000,1.47000000,1.37000000,,660507.98000000,6.89655172,2.11267606,0.03000000,,四川路桥
2015-02-04,600039,1.46000000,1.44000000,1.54000000,1.39000000,,854444.97000000,10.41666667,-0.68965517,-0.01000000,,四川路桥
2015-02-05,600039,1.45000000,1.35000000,1.47000000,1.35000000,,722388.41000000,8.88888889,-6.25000000,-0.09000000,,四川路桥
2015-02-06,600039,1.32000000,1.27000000,1.35000000,1.22000000,,705800.51000000,10.23622047,-5.92592593,-0.08000000,,四川路桥
2015-02-09,600039,1.26000000,1.30000000,1.32000000,1.24000000,,289002.96000000,6.15384615,2.36220472,0.03000000,,四川路桥
2015-02-10,600039,1.30000000,1.36000000,1.36000000,1.27000000,,347384.33000000,6.61764706,4.61538462,0.06000000,,四川路桥
2015-02-11,600039,1.37000000,1.33000000,1.38000000,1.32000000,,330076.75000000,4.51127820,-2.20588235,-0.03000000,,四川路桥
2015-02-12,600039,1.34000000,1.35000000,1.39000000,1.33000000,,364981.59000000,4.44444444,1.50375940,0.02000000,,四川路桥
2015-02-13,600039,1.37000000,1.39000000,1.43000000,1.36000000,,465663.39000000,5.03597122,2.96296296,0.04000000,,四川路桥
2015-02-16,600039,1.41000000,1.42000000,1.44000000,1.38000000,,373453.74000000,4.22535211,2.15827338,0.03000000,,四川路桥
2015-02-17,600039,1.43000000,1.46000000,1.47000000,1.42000000,,493539.05000000,3.42465753,2.81690141,0.04000000,,四川路桥
2015-02-25,600039,1.47000000,1.52000000,1.54000000,1.44000000,,607042.82000000,6.57894737,4.10958904,0.06000000,,四川路桥
2015-02-26,600039,1.52000000,1.61000000,1.63000000,1.49000000,,961571.48000000,8.69565217,5.92105263,0.09000000,,四川路桥
2015-02-27,600039,1.60000000,1.58000000,1.63000000,1.54000000,,996458.34000000,5.69620253,-1.86335404,-0.03000000,,四川路桥
2015-03-02,600039,1.61000000,1.61000000,1.63000000,1.57000000,,982061.41000000,3.72670807,1.89873418,0.03000000,,四川路桥
2015-03-03,600039,1.61000000,1.66000000,1.77000000,1.57000000,,1852653.02000000,12.04819277,3.10559006,0.05000000,,四川路桥
2015-03-04,600039,1.66000000,1.63000000,1.69000000,1.57000000,,945124.55000000,7.36196319,-1.80722892,-0.03000000,,四川路桥
2015-03-05,600039,1.62000000,1.60000000,1.62000000,1.52000000,,987757.08000000,6.25000000,-1.84049080,-0.03000000,,四川路桥
2015-03-06,600039,1.61000000,1.74000000,1.86000000,1.57000000,,2689614.32000000,16.66666667,8.75000000,0.14000000,,四川路桥
2015-03-09,600039,1.72000000,1.85000000,1.93000000,1.67000000,,2377930.12000000,14.05405405,6.32183908,0.11000000,,四川路桥
2015-03-10,600039,1.84000000,1.81000000,1.90000000,1.80000000,,1358907.81000000,5.52486188,-2.16216216,-0.04000000,,四川路桥
2015-03-11,600039,1.81000000,2.02000000,2.10000000,1.76000000,,2196246.81000000,16.83168317,11.60220994,0.21000000,,四川路桥
2015-03-12,600039,1.98000000,2.00000000,2.19000000,1.96000000,,2341792.42000000,11.50000000,-0.99009901,-0.02000000,,四川路桥
2015-03-13,600039,2.02000000,2.02000000,2.07000000,1.94000000,,1359626.04000000,6.43564356,1.00000000,0.02000000,,四川路桥
2015-03-16,600039,2.04000000,2.09000000,2.11000000,2.00000000,,1527792.13000000,5.26315789,3.46534653,0.07000000,,四川路桥
2015-03-17,600039,2.09000000,2.21000000,2.24000000,2.07000000,,2137175.51000000,7.69230769,5.74162679,0.12000000,,四川路桥
2015-03-18,600039,2.22000000,2.26000000,2.30000000,2.15000000,,1785435.59000000,6.63716814,2.26244344,0.05000000,,四川路桥
2015-03-19,600039,2.26000000,2.36000000,2.48000000,2.19000000,,2320844.50000000,12.28813559,4.42477876,0.10000000,,四川路桥
2015-03-20,600039,2.36000000,2.34000000,2.42000000,2.29000000,,1652645.53000000,5.55555556,-0.84745763,-0.02000000,,四川路桥
2015-03-23,600039,2.32000000,2.37000000,2.40000000,2.31000000,,1792930.98000000,3.79746835,1.28205128,0.03000000,,四川路桥
2015-03-24,600039,2.37000000,2.22000000,2.39000000,2.02000000,,2475993.38000000,16.66666667,-6.32911392,-0.15000000,,四川路桥
2015-03-25,600039,2.20000000,2.16000000,2.22000000,2.09000000,,1393889.37000000,6.01851852,-2.70270270,-0.06000000,,四川路桥
2015-03-26,600039,2.15000000,2.23000000,2.27000000,2.09000000,,1354147.28000000,8.07174888,3.24074074,0.07000000,,四川路桥
2015-03-27,600039,2.24000000,2.21000000,2.26000000,2.18000000,,928949.00000000,3.61990950,-0.89686099,-0.02000000,,四川路桥
2015-03-30,600039,2.22000000,2.45000000,2.52000000,2.22000000,,2431245.45000000,12.24489796,10.85972851,0.24000000,,四川路桥
2015-03-31,600039,2.50000000,2.33000000,2.53000000,2.30000000,,1681270.80000000,9.87124464,-4.89795918,-0.12000000,,四川路桥
2015-04-01,600039,2.34000000,2.38000000,2.39000000,2.32000000,,1209258.54000000,2.94117647,2.14592275,0.05000000,,四川路桥
2015-04-02,600039,2.39000000,2.46000000,2.50000000,2.34000000,,1691700.71000000,6.50406504,3.36134454,0.08000000,,四川路桥
2015-04-03,600039,2.54000000,2.74000000,2.90000000,2.54000000,,2535697.19000000,13.13868613,11.38211382,0.28000000,,四川路桥
2015-04-07,600039,2.76000000,2.87000000,2.89000000,2.72000000,,1882127.03000000,5.92334495,4.74452555,0.13000000,,四川路桥
2015-04-08,600039,2.86000000,2.74000000,2.86000000,2.65000000,,1706705.16000000,7.66423358,-4.52961672,-0.13000000,,四川路桥
2015-04-09,600039,2.75000000,2.58000000,2.77000000,2.47000000,,1463356.33000000,11.62790698,-5.83941606,-0.16000000,,四川路桥
2015-04-10,600039,2.54000000,2.68000000,2.71000000,2.53000000,,1037500.25000000,6.71641791,3.87596899,0.10000000,,四川路桥
2015-04-13,600039,2.69000000,2.83000000,2.84000000,2.69000000,,1477163.82000000,5.30035336,5.59701493,0.15000000,,四川路桥
2015-04-14,600039,2.84000000,2.94000000,3.07000000,2.76000000,,1831205.72000000,10.54421769,3.88692580,0.11000000,,四川路桥
2015-04-15,600039,2.95000000,2.99000000,3.21000000,2.79000000,,2075883.25000000,14.04682274,1.70068027,0.05000000,,四川路桥
2015-04-16,600039,2.93000000,3.04000000,3.12000000,2.81000000,,1513216.15000000,10.19736842,1.67224080,0.05000000,,四川路桥
2015-04-17,600039,3.03000000,3.31000000,3.49000000,3.00000000,,2688606.40000000,14.80362538,8.88157895,0.27000000,,四川路桥
2015-04-20,600039,3.29000000,3.44000000,3.69000000,3.14000000,,2850930.76000000,15.98837209,3.92749245,0.13000000,,四川路桥
2015-04-21,600039,3.44000000,3.49000000,3.59000000,3.22000000,,1808926.96000000,10.60171920,1.45348837,0.05000000,,四川路桥
2015-04-22,600039,3.72000000,3.53000000,3.75000000,3.48000000,,2623282.64000000,7.64872521,1.14613181,0.04000000,,四川路桥
2015-04-23,600039,3.50000000,3.44000000,3.50000000,3.36000000,,1907861.71000000,4.06976744,-2.54957507,-0.09000000,,四川路桥
2015-04-24,600039,3.32000000,3.39000000,3.44000000,3.24000000,,1482901.44000000,5.89970501,-1.45348837,-0.05000000,,四川路桥
2015-04-27,600039,3.57000000,3.43000000,3.64000000,3.33000000,,1554811.14000000,9.03790087,1.17994100,0.04000000,,四川路桥
2015-04-28,600039,3.40000000,3.27000000,3.41000000,3.13000000,,1813964.00000000,8.56269113,-4.66472303,-0.16000000,,四川路桥
2015-04-29,600039,3.18000000,3.23000000,3.33000000,3.15000000,,879661.43000000,5.57275542,-1.22324159,-0.04000000,,四川路桥
2015-04-30,600039,3.23000000,3.23000000,3.34000000,3.17000000,,982101.64000000,5.26315789,0.00000000,0.00000000,,四川路桥
2015-05-04,600039,3.24000000,3.29000000,3.32000000,3.23000000,,872400.44000000,2.73556231,1.85758514,0.06000000,,四川路桥
2015-05-05,600039,3.29000000,2.88000000,3.29000000,2.77000000,,1497172.01000000,18.05555556,-12.46200608,-0.41000000,,四川路桥
2015-05-06,600039,2.84000000,2.59000000,2.97000000,2.50000000,,1107751.06000000,18.14671815,-10.06944444,-0.29000000,,四川路桥
2015-05-07,600039,2.55000000,2.33000000,2.58000000,2.32000000,,1045981.30000000,11.15879828,-10.03861004,-0.26000000,,四川路桥
2015-05-08,600039,2.37000000,2.66000000,2.68000000,2.37000000,,1203239.02000000,11.65413534,14.16309013,0.33000000,,四川路桥
2015-05-11,600039,2.70000000,2.84000000,2.91000000,2.64000000,,1339157.20000000,9.50704225,6.76691729,0.18000000,,四川路桥
2015-05-12,600039,2.81000000,2.80000000,2.89000000,2.72000000,,1138690.01000000,6.07142857,-1.40845070,-0.04000000,,四川路桥
2015-05-13,600039,2.79000000,2.73000000,2.86000000,2.64000000,,1397229.37000000,8.05860806,-2.50000000,-0.07000000,,四川路桥
2015-05-14,600039,2.74000000,2.64000000,2.76000000,2.57000000,,997810.41000000,7.19696970,-3.29670330,-0.09000000,,四川路桥
2015-05-15,600039,2.64000000,2.50000000,2.64000000,2.45000000,,864727.55000000,7.60000000,-5.30303030,-0.14000000,,四川路桥
2015-05-18,600039,2.47000000,2.52000000,2.60000000,2.39000000,,745484.86000000,8.33333333,0.80000000,0.02000000,,四川路桥
2015-05-19,600039,2.50000000,2.72000000,2.72000000,2.49000000,,1028222.68000000,8.45588235,7.93650794,0.20000000,,四川路桥
2015-05-20,600039,2.74000000,2.69000000,2.86000000,2.68000000,,1278807.43000000,6.69144981,-1.10294118,-0.03000000,,四川路桥
2015-05-21,600039,2.67000000,2.73000000,2.74000000,2.62000000,,1094801.64000000,4.39560440,1.48698885,0.04000000,,四川路桥
2015-05-22,600039,2.80000000,3.00000000,3.00000000,2.74000000,,2353113.50000000,8.66666667,9.89010989,0.27000000,,四川路桥
2015-05-25,600039,3.04000000,3.15000000,3.21000000,3.04000000,,2599811.64000000,5.39682540,5.00000000,0.15000000,,四川路桥
2015-05-26,600039,3.17000000,3.18000000,3.20000000,2.97000000,,2609141.18000000,7.23270440,0.95238095,0.03000000,,四川路桥
2015-05-27,600039,3.18000000,3.39000000,3.49000000,3.07000000,,3347797.49000000,12.38938053,6.60377358,0.21000000,,四川路桥
2015-05-28,600039,3.39000000,3.07000000,3.53000000,3.05000000,,3184775.54000000,15.63517915,-9.43952802,-0.32000000,,四川路桥
2015-05-29,600039,3.04000000,2.89000000,3.14000000,2.64000000,,1761593.84000000,17.30103806,-5.86319218,-0.18000000,,四川路桥
2015-06-01,600039,2.87000000,3.12000000,3.13000000,2.86000000,,1336913.96000000,8.65384615,7.95847751,0.23000000,,四川路桥
2015-06-02,600039,3.12000000,3.24000000,3.25000000,3.05000000,,1721881.06000000,6.17283951,3.84615385,0.12000000,,四川路桥
2015-06-03,600039,3.25000000,3.14000000,3.27000000,3.02000000,,1617097.70000000,7.96178344,-3.08641975,-0.10000000,,四川路桥
2015-06-04,600039,3.09000000,3.09000000,3.11000000,2.72000000,,1479636.25000000,12.62135922,-1.59235669,-0.05000000,,四川路桥
2015-06-05,600039,3.12000000,3.21000000,3.27000000,3.04000000,,2215180.06000000,7.16510903,3.88349515,0.12000000,,四川路桥
2015-06-08,600039,3.27000000,3.52000000,3.61000000,3.20000000,,3508944.99000000,11.64772727,9.65732087,0.31000000,,四川路桥
2015-06-09,600039,3.50000000,3.36000000,3.50000000,3.25000000,,2299838.33000000,7.44047619,-4.54545455,-0.16000000,,四川路桥
2015-06-10,600039,3.29000000,3.48000000,3.57000000,3.24000000,,2052581.39000000,9.48275862,3.57142857,0.12000000,,四川路桥
2015-06-11,600039,3.46000000,3.46000000,3.54000000,3.38000000,,1629113.37000000,4.62427746,-0.57471264,-0.02000000,,四川路桥
2015-06-12,600039,3.48000000,3.66000000,3.70000000,3.42000000,,2742753.56000000,7.65027322,5.78034682,0.20000000,,四川路桥
2015-06-15,600039,3.67000000,3.88000000,4.05000000,3.66000000,,3163015.07000000,10.05154639,6.01092896,0.22000000,,四川路桥
2015-06-16,600039,3.84000000,4.00000000,4.18000000,3.72000000,,2893354.66000000,11.50000000,3.09278351,0.12000000,,四川路桥
2015-06-17,600039,4.03000000,3.89000000,4.14000000,3.44000000,,2249065.98000000,17.99485861,-2.75000000,-0.11000000,,四川路桥
2015-06-18,600039,3.89000000,3.86000000,4.15000000,3.77000000,,2309571.01000000,9.84455959,-0.77120823,-0.03000000,,四川路桥
2015-06-19,600039,3.65000000,3.24000000,3.78000000,3.24000000,,1599600.59000000,16.66666667,-16.06217617,-0.62000000,,四川路桥
2015-06-23,600039,3.23000000,3.14000000,3.32000000,2.68000000,,1515370.04000000,20.38216561,-3.08641975,-0.10000000,,四川路桥
2015-06-24,600039,3.16000000,3.29000000,3.33000000,3.06000000,,1601658.90000000,8.20668693,4.77707006,0.15000000,,四川路桥
2015-06-25,600039,3.29000000,2.93000000,3.29000000,2.86000000,,1571433.86000000,14.67576792,-10.94224924,-0.36000000,,四川路桥
2015-06-26,600039,2.79000000,2.40000000,2.84000000,2.40000000,,1360295.13000000,18.33333333,-18.08873720,-0.53000000,,四川路桥
2015-06-29,600039,2.56000000,1.98000000,2.60000000,1.92000000,,1498428.80000000,34.34343434,-17.50000000,-0.42000000,,四川路桥
2015-06-30,600039,1.94000000,2.31000000,2.32000000,1.59000000,,1482693.52000000,31.60173160,16.66666667,0.33000000,,四川路桥
2015-07-01,600039,2.30000000,2.04000000,2.49000000,1.99000000,,1351298.15000000,24.50980392,-11.68831169,-0.27000000,,四川路桥
2015-07-02,600039,2.06000000,1.77000000,2.19000000,1.66000000,,1158709.33000000,29.94350282,-13.23529412,-0.27000000,,四川路桥
2015-07-03,600039,1.59000000,1.35000000,1.86000000,1.35000000,,1391917.88000000,37.77777778,-23.72881356,-0.42000000,,四川路桥
2015-07-06,600039,1.72000000,1.70000000,1.72000000,1.02000000,,2705161.20000000,41.17647059,25.92592593,0.35000000,,四川路桥
2015-07-07,600039,1.61000000,1.29000000,1.71000000,1.29000000,,1463754.19000000,32.55813953,-24.11764706,-0.41000000,,四川路桥
2015-07-08,600039,0.93000000,1.00000000,1.36000000,0.93000000,,2885105.84000000,43.00000000,-22.48062016,-0.29000000,,四川路桥
2015-07-09,600039,1.00000000,1.34000000,1.34000000,0.95000000,,1079327.96000000,29.10447761,34.00000000,0.34000000,,四川路桥
2015-07-10,600039,1.61000000,1.70000000,1.70000000,1.44000000,,899294.75000000,15.29411765,26.86567164,0.36000000,,四川路桥
2015-07-13,600039,1.94000000,2.10000000,2.10000000,1.75000000,,1594154.76000000,16.66666667,23.52941176,0.40000000,,四川路桥
2015-07-14,600039,2.12000000,2.02000000,2.29000000,1.90000000,,1811060.71000000,19.30693069,-3.80952381,-0.08000000,,四川路桥
2015-07-15,600039,1.89000000,1.59000000,1.95000000,1.58000000,,1274752.24000000,23.27044025,-21.28712871,-0.43000000,,四川路桥
2015-07-16,600039,1.59000000,1.78000000,1.85000000,1.59000000,,856605.94000000,14.60674157,11.94968553,0.19000000,,四川路桥
2015-07-17,600039,1.82000000,2.10000000,2.11000000,1.79000000,,1054036.15000000,15.23809524,17.97752809,0.32000000,,四川路桥
2015-07-20,600039,2.10000000,2.06000000,2.20000000,1.97000000,,1190393.56000000,11.16504854,-1.90476190,-0.04000000,,四川路桥
2015-07-21,600039,1.98000000,2.17000000,2.30000000,1.93000000,,1231086.17000000,17.05069124,5.33980583,0.11000000,,四川路桥
2015-07-22,600039,2.19000000,2.18000000,2.29000000,2.04000000,,1210617.31000000,11.46788991,0.46082949,0.01000000,,四川路桥
2015-07-23,600039,2.15000000,2.24000000,2.25000000,2.08000000,,1257445.44000000,7.58928571,2.75229358,0.06000000,,四川路桥
2015-07-24,600039,2.25000000,2.12000000,2.32000000,2.08000000,,1284412.06000000,11.32075472,-5.35714286,-0.12000000,,四川路桥
2015-07-27,600039,2.04000000,1.68000000,2.08000000,1.68000000,,996548.02000000,23.80952381,-20.75471698,-0.44000000,,四川路桥
2015-07-28,600039,1.59000000,1.56000000,1.72000000,1.29000000,,990403.18000000,27.56410256,-7.14285714,-0.12000000,,四川路桥
2015-07-29,600039,1.64000000,1.80000000,1.82000000,1.52000000,,619091.68000000,16.66666667,15.38461538,0.24000000,,四川路桥
2015-07-30,600039,1.75000000,1.67000000,1.87000000,1.62000000,,622853.42000000,14.97005988,-7.22222222,-0.13000000,,四川路桥
2015-07-31,600039,1.59000000,1.62000000,1.69000000,1.59000000,,431359.67000000,6.17283951,-2.99401198,-0.05000000,,四川路桥
2015-08-03,600039,1.59000000,1.69000000,1.70000000,1.42000000,,572639.30000000,16.56804734,4.32098765,0.07000000,,四川路桥
2015-08-04,600039,1.66000000,1.87000000,1.88000000,1.66000000,,584459.51000000,11.76470588,10.65088757,0.18000000,,四川路桥
2015-08-05,600039,1.94000000,1.90000000,2.05000000,1.83000000,,937215.82000000,11.57894737,1.60427807,0.03000000,,四川路桥
2015-08-06,600039,1.82000000,1.97000000,2.05000000,1.75000000,,707621.49000000,15.22842640,3.68421053,0.07000000,,四川路桥
2015-08-07,600039,1.95000000,1.99000000,2.04000000,1.95000000,,839060.35000000,4.52261307,1.01522843,0.02000000,,四川路桥
2015-08-10,600039,2.00000000,2.16000000,2.18000000,1.97000000,,1195984.30000000,9.72222222,8.54271357,0.17000000,,四川路桥
2015-08-11,600039,2.14000000,2.09000000,2.14000000,2.04000000,,935966.04000000,4.78468900,-3.24074074,-0.07000000,,四川路桥
2015-08-12,600039,2.03000000,1.94000000,2.10000000,1.94000000,,679002.40000000,8.24742268,-7.17703349,-0.15000000,,四川路桥
2015-08-13,600039,1.92000000,2.02000000,2.02000000,1.87000000,,583212.63000000,7.42574257,4.12371134,0.08000000,,四川路桥
2015-08-14,600039,2.02000000,2.04000000,2.12000000,2.01000000,,824062.68000000,5.39215686,0.99009901,0.02000000,,四川路桥
2015-08-17,600039,2.02000000,2.32000000,2.35000000,1.99000000,,1491310.79000000,15.51724138,13.72549020,0.28000000,,四川路桥
2015-08-18,600039,2.27000000,1.85000000,2.27000000,1.85000000,,1320765.57000000,22.70270270,-20.25862069,-0.47000000,,四川路桥
2015-08-19,600039,1.68000000,2.04000000,2.07000000,1.61000000,,835293.21000000,22.54901961,10.27027027,0.19000000,,四川路桥
2015-08-20,600039,1.94000000,1.83000000,2.04000000,1.82000000,,577049.89000000,12.02185792,-10.29411765,-0.21000000,,四川路桥
2015-08-21,600039,1.75000000,1.59000000,1.82000000,1.51000000,,566033.42000000,19.49685535,-13.11475410,-0.24000000,,四川路桥
2015-08-24,600039,1.31000000,1.19000000,1.50000000,1.19000000,,614696.32000000,26.05042017,-25.15723270,-0.40000000,,四川路桥
2015-08-25,600039,0.86000000,0.84000000,1.02000000,0.84000000,,542137.75000000,21.42857143,-29.41176471,-0.35000000,,四川路桥
2015-08-26,600039,0.89000000,0.79000000,0.99000000,0.69000000,,649748.60000000,37.97468354,-5.95238095,-0.05000000,,四川路桥
2015-08-27,600039,0.86000000,0.95000000,0.97000000,0.78000000,,442494.34000000,20.00000000,20.25316456,0.16000000,,四川路桥
2015-08-28,600039,0.99000000,1.23000000,1.24000000,0.97000000,,629446.63000000,21.95121951,29.47368421,0.28000000,,四川路桥
2015-08-31,600039,1.22000000,1.04000000,1.23000000,1.00000000,,523339.54000000,22.11538462,-15.44715447,-0.19000000,,四川路桥
2015-09-01,600039,1.04000000,0.84000000,1.05000000,0.77000000,,465233.29000000,33.33333333,-19.23076923,-0.20000000,,四川路桥
2015-09-02,600039,0.74000000,0.85000000,0.93000000,0.59000000,,457120.56000000,40.00000000,1.19047619,0.01000000,,四川路桥
2015-09-07,600039,0.90000000,0.90000000,1.01000000,0.87000000,,342223.23000000,15.55555556,5.88235294,0.05000000,,四川路桥
2015-09-08,600039,0.92000000,1.08000000,1.14000000,0.86000000,,350826.73000000,25.92592593,20.00000000,0.18000000,,四川路桥
2015-09-09,600039,1.08000000,1.42000000,1.42000000,1.04000000,,1214597.99000000,26.76056338,31.48148148,0.34000000,,四川路桥
2015-09-10,600039,1.32000000,1.24000000,1.40000000,1.19000000,,1120142.94000000,16.93548387,-12.67605634,-0.18000000,,四川路桥
2015-09-11,600039,1.19000000,1.24000000,1.29000000,1.16000000,,466282.88000000,10.48387097,0.00000000,0.00000000,,四川路桥
2015-09-14,600039,1.27000000,0.92000000,1.32000000,0.88000000,,614705.12000000,47.82608696,-25.80645161,-0.32000000,,四川路桥
2015-09-15,600039,0.81000000,0.76000000,0.97000000,0.71000000,,459021.67000000,34.21052632,-17.39130435,-0.16000000,,四川路桥
2015-09-16,600039,0.81000000,1.01000000,1.06000000,0.77000000,,463768.60000000,28.71287129,32.89473684,0.25000000,,四川路桥
2015-09-17,600039,0.97000000,0.89000000,1.10000000,0.88000000,,570128.49000000,24.71910112,-11.88118812,-0.12000000,,四川路桥
2015-09-18,600039,0.92000000,0.93000000,1.00000000,0.86000000,,282815.11000000,15.05376344,4.49438202,0.04000000,,四川路桥
2015-09-21,600039,0.89000000,1.03000000,1.07000000,0.87000000,,377652.75000000,19.41747573,10.75268817,0.10000000,,四川路桥
2015-09-22,600039,1.02000000,1.04000000,1.11000000,0.98000000,,438646.88000000,12.50000000,0.97087379,0.01000000,,四川路桥
2015-09-23,600039,0.97000000,0.92000000,1.00000000,0.90000000,,303788.99000000,10.86956522,-11.53846154,-0.12000000,,四川路桥
2015-09-24,600039,0.92000000,0.97000000,0.98000000,0.92000000,,224590.06000000,6.18556701,5.43478261,0.05000000,,四川路桥
2015-09-25,600039,0.94000000,0.87000000,0.95000000,0.83000000,,229160.16000000,13.79310345,-10.30927835,-0.10000000,,四川路桥
2015-09-28,600039,0.86000000,0.89000000,0.92000000,0.82000000,,135448.14000000,11.23595506,2.29885057,0.02000000,,四川路桥
2015-09-29,600039,0.83000000,0.82000000,0.87000000,0.79000000,,172855.34000000,9.75609756,-7.86516854,-0.07000000,,四川路桥
2015-09-30,600039,0.84000000,0.87000000,0.96000000,0.83000000,,179690.44000000,14.94252874,6.09756098,0.05000000,,四川路桥
2015-10-08,600039,0.95000000,0.98000000,1.02000000,0.93000000,,369416.28000000,9.18367347,12.64367816,0.11000000,,四川路桥
2015-10-09,600039,0.97000000,1.00000000,1.02000000,0.95000000,,321708.16000000,7.00000000,2.04081633,0.02000000,,四川路桥
2015-10-12,600039,1.00000000,1.12000000,1.16000000,1.00000000,,587170.48000000,14.28571429,12.00000000,0.12000000,,四川路桥
2015-10-13,600039,1.18000000,1.17000000,1.25000000,1.12000000,,641957.62000000,11.11111111,4.46428571,0.05000000,,四川路桥
2015-10-14,600039,1.24000000,1.10000000,1.24000000,1.09000000,,477781.39000000,13.63636364,-5.98290598,-0.07000000,,四川路桥
2015-10-15,600039,1.08000000,1.19000000,1.20000000,1.04000000,,580418.25000000,13.44537815,8.18181818,0.09000000,,四川路桥
2015-10-16,600039,1.20000000,1.24000000,1.25000000,1.13000000,,759276.81000000,9.67741935,4.20168067,0.05000000,,四川路桥
2015-10-19,600039,1.24000000,1.23000000,1.34000000,1.19000000,,690150.66000000,12.19512195,-0.80645161,-0.01000000,,四川路桥
2015-10-20,600039,1.22000000,1.25000000,1.27000000,1.17000000,,488136.50000000,8.00000000,1.62601626,0.02000000,,四川路桥
2015-10-21,600039,1.26000000,1.04000000,1.30000000,0.99000000,,750937.15000000,29.80769231,-16.80000000,-0.21000000,,四川路桥
2015-10-22,600039,1.04000000,1.12000000,1.14000000,1.00000000,,398819.77000000,12.50000000,7.69230769,0.08000000,,四川路桥
2015-10-23,600039,1.15000000,1.17000000,1.19000000,1.10000000,,402083.74000000,7.69230769,4.46428571,0.05000000,,四川路桥
2015-10-26,600039,1.22000000,1.17000000,1.24000000,1.14000000,,437066.52000000,8.54700855,0.00000000,0.00000000,,四川路桥
2015-10-27,600039,1.16000000,1.24000000,1.32000000,1.00000000,,662747.11000000,25.80645161,5.98290598,0.07000000,,四川路桥
2015-10-28,600039,1.24000000,1.22000000,1.32000000,1.21000000,,769472.89000000,9.01639344,-1.61290323,-0.02000000,,四川路桥
2015-10-29,600039,1.22000000,1.20000000,1.24000000,1.17000000,,380657.74000000,5.83333333,-1.63934426,-0.02000000,,四川路桥
2015-10-30,600039,1.20000000,1.16000000,1.20000000,1.13000000,,320333.88000000,6.03448276,-3.33333333,-0.04000000,,四川路桥
2015-11-02,600039,1.14000000,1.29000000,1.37000000,1.12000000,,1111926.71000000,19.37984496,11.20689655,0.13000000,,四川路桥
2015-11-03,600039,1.29000000,1.20000000,1.31000000,1.17000000,,534263.36000000,11.66666667,-6.97674419,-0.09000000,,四川路桥
2015-11-04,600039,1.21000000,1.47000000,1.49000000,1.21000000,,1214768.39000000,19.04761905,22.50000000,0.27000000,,四川路桥
2015-11-05,600039,1.46000000,1.49000000,1.62000000,1.41000000,,1820943.10000000,14.09395973,1.36054422,0.02000000,,四川路桥
2015-11-06,600039,1.44000000,1.49000000,1.52000000,1.42000000,,978414.13000000,6.71140940,0.00000000,0.00000000,,四川路桥
2015-11-09,600039,1.47000000,1.50000000,1.54000000,1.44000000,,842777.97000000,6.66666667,0.67114094,0.01000000,,四川路桥
2015-11-10,600039,1.49000000,1.44000000,1.49000000,1.40000000,,636764.97000000,6.25000000,-4.00000000,-0.06000000,,四川路桥
2015-11-11,600039,1.44000000,1.45000000,1.47000000,1.41000000,,442646.35000000,4.13793103,0.69444444,0.01000000,,四川路桥
2015-11-12,600039,1.45000000,1.42000000,1.47000000,1.37000000,,483650.95000000,7.04225352,-2.06896552,-0.03000000,,四川路桥
2015-11-13,600039,1.37000000,1.42000000,1.49000000,1.36000000,,589788.88000000,9.15492958,0.00000000,0.00000000,,四川路桥
2015-11-16,600039,1.35000000,1.43000000,1.44000000,1.34000000,,411499.63000000,6.99300699,0.70422535,0.01000000,,四川路桥
2015-11-17,600039,1.44000000,1.42000000,1.47000000,1.39000000,,517508.56000000,5.63380282,-0.69930070,-0.01000000,,四川路桥
2015-11-18,600039,1.41000000,1.36000000,1.42000000,1.35000000,,343610.99000000,5.14705882,-4.22535211,-0.06000000,,四川路桥
2015-11-19,600039,1.39000000,1.44000000,1.45000000,1.36000000,,323089.00000000,6.25000000,5.88235294,0.08000000,,四川路桥
2015-11-20,600039,1.44000000,1.43000000,1.44000000,1.39000000,,383489.58000000,3.49650350,-0.69444444,-0.01000000,,四川路桥
2015-11-23,600039,1.42000000,1.39000000,1.44000000,1.37000000,,377488.18000000,5.03597122,-2.79720280,-0.04000000,,四川路桥
2015-11-24,600039,1.37000000,1.37000000,1.39000000,1.32000000,,274829.20000000,5.10948905,-1.43884892,-0.02000000,,四川路桥
2015-11-25,600039,1.37000000,1.39000000,1.39000000,1.33000000,,292387.88000000,4.31654676,1.45985401,0.02000000,,四川路桥
2015-11-26,600039,1.39000000,1.41000000,1.44000000,1.38000000,,434827.77000000,4.25531915,1.43884892,0.02000000,,四川路桥
2015-11-27,600039,1.37000000,1.15000000,1.40000000,1.12000000,,517048.39000000,24.34782609,-18.43971631,-0.26000000,,四川路桥
2015-11-30,600039,1.14000000,1.17000000,1.21000000,1.02000000,,342335.82000000,16.23931624,1.73913043,0.02000000,,四川路桥
2015-12-01,600039,1.18000000,1.23000000,1.28000000,1.14000000,,379856.36000000,11.38211382,5.12820513,0.06000000,,四川路桥
2015-12-02,600039,1.22000000,1.25000000,1.26000000,1.10000000,,291457.16000000,12.80000000,1.62601626,0.02000000,,四川路桥
2015-12-03,600039,1.23000000,1.26000000,1.27000000,1.22000000,,242933.53000000,3.96825397,0.80000000,0.01000000,,四川路桥
2015-12-04,600039,1.24000000,1.32000000,1.42000000,1.21000000,,614669.99000000,15.90909091,4.76190476,0.06000000,,四川路桥
2015-12-07,600039,1.31000000,1.27000000,1.32000000,1.24000000,,389277.22000000,6.29921260,-3.78787879,-0.05000000,,四川路桥
2015-12-08,600039,1.25000000,1.18000000,1.25000000,1.17000000,,291386.60000000,6.77966102,-7.08661417,-0.09000000,,四川路桥
2015-12-09,600039,1.16000000,1.14000000,1.19000000,1.12000000,,194110.22000000,6.14035088,-3.38983051,-0.04000000,,四川路桥
2015-12-10,600039,1.14000000,1.12000000,1.17000000,1.12000000,,153963.31000000,4.46428571,-1.75438596,-0.02000000,,四川路桥
2015-12-11,600039,1.12000000,1.08000000,1.12000000,1.07000000,,182279.80000000,4.62962963,-3.57142857,-0.04000000,,四川路桥
2015-12-14,600039,1.07000000,1.16000000,1.17000000,1.05000000,,193444.09000000,10.34482759,7.40740741,0.08000000,,四川路桥
2015-12-15,600039,1.16000000,1.14000000,1.18000000,1.12000000,,183418.70000000,5.26315789,-1.72413793,-0.02000000,,四川路桥
2015-12-16,600039,1.16000000,1.22000000,1.29000000,1.15000000,,564532.19000000,11.47540984,7.01754386,0.08000000,,四川路桥
2015-12-17,600039,1.22000000,1.29000000,1.32000000,1.22000000,,472310.92000000,7.75193798,5.73770492,0.07000000,,四川路桥
2015-12-18,600039,1.29000000,1.36000000,1.39000000,1.24000000,,557887.56000000,11.02941176,5.42635659,0.07000000,,四川路桥
2015-12-21,600039,1.39000000,1.44000000,1.60000000,1.34000000,,1082415.26000000,18.05555556,5.88235294,0.08000000,,四川路桥
2015-12-22,600039,1.43000000,1.39000000,1.43000000,1.34000000,,473559.98000000,6.47482014,-3.47222222,-0.05000000,,四川路桥
2015-12-23,600039,1.41000000,1.34000000,1.42000000,1.29000000,,485666.47000000,9.70149254,-3.59712230,-0.05000000,,四川路桥
2015-12-24,600039,1.36000000,1.32000000,1.36000000,1.29000000,,257843.40000000,5.30303030,-1.49253731,-0.02000000,,四川路桥
2015-12-25,600039,1.33000000,1.37000000,1.38000000,1.32000000,,302749.78000000,4.37956204,3.78787879,0.05000000,,四川路桥
2015-12-28,600039,1.36000000,1.29000000,1.44000000,1.29000000,,525880.75000000,11.62790698,-5.83941606,-0.08000000,,四川路桥
2015-12-29,600039,1.27000000,1.34000000,1.36000000,1.27000000,,225924.59000000,6.71641791,3.87596899,0.05000000,,四川路桥
2015-12-30,600039,1.34000000,1.38000000,1.44000000,1.32000000,,420245.53000000,8.69565217,2.98507463,0.04000000,,四川路桥
2015-12-31,600039,1.38000000,1.32000000,1.44000000,1.32000000,,301457.70000000,9.09090909,-4.34782609,-0.06000000,,四川路桥
2016-01-04,600039,1.32000000,0.98000000,1.32000000,0.97000000,,374636.98000000,35.71428571,-25.75757576,-0.34000000,,四川路桥
2016-01-05,600039,0.93000000,1.02000000,1.07000000,0.89000000,,581184.90000000,17.64705882,4.08163265,0.04000000,,四川路桥
2016-01-06,600039,1.02000000,1.09000000,1.10000000,0.99000000,,559545.60000000,10.09174312,6.86274510,0.07000000,,四川路桥
2016-01-07,600039,1.04000000,0.79000000,1.04000000,0.77000000,,126130.50000000,34.17721519,-27.52293578,-0.30000000,,四川路桥
2016-01-08,600039,0.95000000,0.92000000,0.95000000,0.79000000,,390196.33000000,17.39130435,16.45569620,0.13000000,,四川路桥
2016-01-11,600039,0.87000000,0.72000000,0.94000000,0.72000000,,350988.81000000,30.55555556,-21.73913043,-0.20000000,,四川路桥
2016-01-12,600039,0.78000000,0.76000000,0.79000000,0.66000000,,238858.15000000,17.10526316,5.55555556,0.04000000,,四川路桥
2016-01-13,600039,0.77000000,0.70000000,0.80000000,0.69000000,,228778.72000000,15.71428571,-7.89473684,-0.06000000,,四川路桥
2016-01-14,600039,0.61000000,0.76000000,0.77000000,0.60000000,,225629.03000000,22.36842105,8.57142857,0.06000000,,四川路桥
2016-01-15,600039,0.75000000,0.65000000,0.77000000,0.63000000,,215882.70000000,21.53846154,-14.47368421,-0.11000000,,四川路桥
2016-01-18,600039,0.60000000,0.64000000,0.68000000,0.58000000,,222292.81000000,15.62500000,-1.53846154,-0.01000000,,四川路桥
2016-01-19,600039,0.61000000,0.75000000,0.77000000,0.60000000,,288282.63000000,22.66666667,17.18750000,0.11000000,,四川路桥
2016-01-20,600039,0.72000000,0.69000000,0.74000000,0.67000000,,250117.24000000,10.14492754,-8.00000000,-0.06000000,,四川路桥
2016-01-21,600039,0.65000000,0.61000000,0.71000000,0.60000000,,202849.70000000,18.03278689,-11.59420290,-0.08000000,,四川路桥
2016-01-22,600039,0.64000000,0.65000000,0.66000000,0.58000000,,159576.42000000,12.30769231,6.55737705,0.04000000,,四川路桥
2016-01-25,600039,0.67000000,0.67000000,0.69000000,0.64000000,,120711.97000000,7.46268657,3.07692308,0.02000000,,四川路桥
2016-01-26,600039,0.62000000,0.47000000,0.64000000,0.44000000,,281546.19000000,42.55319149,-29.85074627,-0.20000000,,四川路桥
2016-01-27,600039,0.47000000,0.40000000,0.49000000,0.26000000,,275624.67000000,57.50000000,-14.89361702,-0.07000000,,四川路桥
2016-01-28,600039,0.39000000,0.28000000,0.41000000,0.27000000,,149083.34000000,50.00000000,-30.00000000,-0.12000000,,四川路桥
2016-01-29,600039,0.27000000,0.35000000,0.37000000,0.27000000,,170207.68000000,28.57142857,25.00000000,0.07000000,,四川路桥
2016-02-01,600039,0.35000000,0.31000000,0.35000000,0.28000000,,116626.87000000,22.58064516,-11.42857143,-0.04000000,,四川路桥
2016-02-02,600039,0.29000000,0.37000000,0.38000000,0.29000000,,132696.73000000,24.32432432,19.35483871,0.06000000,,四川路桥
2016-02-03,600039,0.34000000,0.42000000,0.42000000,0.34000000,,179055.64000000,19.04761905,13.51351351,0.05000000,,四川路桥
2016-02-04,600039,0.43000000,0.55000000,0.57000000,0.40000000,,276411.27000000,30.90909091,30.95238095,0.13000000,,四川路桥
2016-02-05,600039,0.51000000,0.45000000,0.53000000,0.43000000,,222899.75000000,22.22222222,-18.18181818,-0.10000000,,四川路桥
2016-02-15,600039,0.37000000,0.41000000,0.46000000,0.32000000,,123139.82000000,34.14634146,-8.88888889,-0.04000000,,四川路桥
2016-02-16,600039,0.43000000,0.50000000,0.51000000,0.43000000,,193908.78000000,16.00000000,21.95121951,0.09000000,,四川路桥
2016-02-17,600039,0.49000000,0.53000000,0.56000000,0.47000000,,258474.10000000,16.98113208,6.00000000,0.03000000,,四川路桥
2016-02-18,600039,0.56000000,0.51000000,0.56000000,0.50000000,,208174.90000000,11.76470588,-3.77358491,-0.02000000,,四川路桥
2016-02-19,600039,0.51000000,0.52000000,0.54000000,0.49000000,,148056.56000000,9.61538462,1.96078431,0.01000000,,四川路桥
2016-02-22,600039,0.54000000,0.57000000,0.58000000,0.52000000,,248325.75000000,10.52631579,9.61538462,0.05000000,,四川路桥
2016-02-23,600039,0.57000000,0.58000000,0.59000000,0.51000000,,273534.40000000,13.79310345,1.75438596,0.01000000,,四川路桥
2016-02-24,600039,0.55000000,0.58000000,0.61000000,0.52000000,,252930.63000000,15.51724138,0.00000000,0.00000000,,四川路桥
2016-02-25,600039,0.57000000,0.33000000,0.57000000,0.29000000,,341376.83000000,84.84848485,-43.10344828,-0.25000000,,四川路桥
2016-02-26,600039,0.36000000,0.39000000,0.42000000,0.32000000,,227514.81000000,25.64102564,18.18181818,0.06000000,,四川路桥
2016-02-29,600039,0.38000000,0.30000000,0.39000000,0.26000000,,192935.78000000,43.33333333,-23.07692308,-0.09000000,,四川路桥
2016-03-01,600039,0.32000000,0.35000000,0.37000000,0.29000000,,171221.90000000,22.85714286,16.66666667,0.05000000,,四川路桥
2016-03-02,600039,0.34000000,0.47000000,0.47000000,0.34000000,,274814.65000000,27.65957447,34.28571429,0.12000000,,四川路桥
2016-03-03,600039,0.47000000,0.47000000,0.51000000,0.45000000,,246283.49000000,12.76595745,0.00000000,0.00000000,,四川路桥
2016-03-04,600039,0.47000000,0.44000000,0.49000000,0.39000000,,235704.30000000,22.72727273,-6.38297872,-0.03000000,,四川路桥
2016-03-07,600039,0.45000000,0.49000000,0.51000000,0.45000000,,207685.04000000,12.24489796,11.36363636,0.05000000,,四川路桥
2016-03-08,600039,0.48000000,0.51000000,0.52000000,0.39000000,,249253.74000000,25.49019608,4.08163265,0.02000000,,四川路桥
2016-03-09,600039,0.47000000,0.44000000,0.47000000,0.42000000,,158541.65000000,11.36363636,-13.72549020,-0.07000000,,四川路桥
2016-03-10,600039,0.44000000,0.40000000,0.46000000,0.39000000,,108858.43000000,17.50000000,-9.09090909,-0.04000000,,四川路桥
2016-03-11,600039,0.39000000,0.39000000,0.44000000,0.37000000,,108793.87000000,17.94871795,-2.50000000,-0.01000000,,四川路桥
2016-03-14,600039,0.42000000,0.47000000,0.49000000,0.40000000,,215697.50000000,19.14893617,20.51282051,0.08000000,,四川路桥
2016-03-15,600039,0.47000000,0.44000000,0.47000000,0.42000000,,138198.26000000,11.36363636,-6.38297872,-0.03000000,,四川路桥
2016-03-16,600039,0.45000000,0.42000000,0.47000000,0.42000000,,148945.08000000,11.90476190,-4.54545455,-0.02000000,,四川路桥
2016-03-17,600039,0.44000000,0.48000000,0.49000000,0.43000000,,250732.45000000,12.50000000,14.28571429,0.06000000,,四川路桥
2016-03-18,600039,0.48000000,0.54000000,0.54000000,0.47000000,,373967.65000000,12.96296296,12.50000000,0.06000000,,四川路桥
2016-03-21,600039,0.55000000,0.58000000,0.58000000,0.53000000,,376270.48000000,8.62068966,7.40740741,0.04000000,,四川路桥
2016-03-22,600039,0.56000000,0.54000000,0.57000000,0.53000000,,240287.02000000,7.40740741,-6.89655172,-0.04000000,,四川路桥
2016-03-23,600039,0.54000000,0.55000000,0.56000000,0.51000000,,207773.26000000,9.09090909,1.85185185,0.01000000,,四川路桥
2016-03-24,600039,0.54000000,0.55000000,0.58000000,0.49000000,,355127.12000000,16.36363636,0.00000000,0.00000000,,四川路桥
2016-04-11,600039,0.70000000,0.62000000,0.72000000,0.62000000,,525034.53000000,16.12903226,12.72727273,0.07000000,,四川路桥
2016-04-12,600039,0.59000000,0.58000000,0.62000000,0.55000000,,278438.99000000,12.06896552,-6.45161290,-0.04000000,,四川路桥
2016-04-13,600039,0.58000000,0.62000000,0.66000000,0.58000000,,300547.28000000,12.90322581,6.89655172,0.04000000,,四川路桥
2016-04-14,600039,0.62000000,0.63000000,0.65000000,0.59000000,,197385.39000000,9.52380952,1.61290323,0.01000000,,四川路桥
2016-04-15,600039,0.65000000,0.63000000,0.67000000,0.62000000,,230980.20000000,7.93650794,0.00000000,0.00000000,,四川路桥
2016-04-18,600039,0.63000000,0.59000000,0.64000000,0.59000000,,147946.58000000,8.47457627,-6.34920635,-0.04000000,,四川路桥
2016-04-19,600039,0.61000000,0.61000000,0.62000000,0.58000000,,133102.89000000,6.55737705,3.38983051,0.02000000,,四川路桥
2016-04-20,600039,0.62000000,0.47000000,0.63000000,0.42000000,,308659.52000000,44.68085106,-22.95081967,-0.14000000,,四川路桥
2016-04-21,600039,0.48000000,0.48000000,0.59000000,0.47000000,,217210.82000000,25.00000000,2.12765957,0.01000000,,四川路桥
2016-04-22,600039,0.49000000,0.52000000,0.52000000,0.46000000,,133407.99000000,11.53846154,8.33333333,0.04000000,,四川路桥
2016-04-25,600039,0.49000000,0.51000000,0.52000000,0.46000000,,121132.87000000,11.76470588,-1.92307692,-0.01000000,,四川路桥
2016-04-26,600039,0.51000000,0.53000000,0.54000000,0.49000000,,119823.55000000,9.43396226,3.92156863,0.02000000,,四川路桥
2016-04-27,600039,0.53000000,0.51000000,0.54000000,0.49000000,,117055.67000000,9.80392157,-3.77358491,-0.02000000,,四川路桥
2016-04-28,600039,0.50000000,0.49000000,0.52000000,0.47000000,,111832.74000000,10.20408163,-3.92156863,-0.02000000,,四川路桥
2016-04-29,600039,0.48000000,0.49000000,0.52000000,0.47000000,,77028.99000000,10.20408163,0.00000000,0.00000000,,四川路桥
2016-05-03,600039,0.51000000,0.55000000,0.56000000,0.49000000,,191794.40000000,12.72727273,12.24489796,0.06000000,,四川路桥
2016-05-04,600039,0.54000000,0.56000000,0.59000000,0.53000000,,175755.79000000,10.71428571,1.81818182,0.01000000,,四川路桥
2016-05-05,600039,0.56000000,0.57000000,0.58000000,0.54000000,,122840.31000000,7.01754386,1.78571429,0.01000000,,四川路桥
2016-05-06,600039,0.57000000,0.47000000,0.58000000,0.47000000,,212068.76000000,23.40425532,-17.54385965,-0.10000000,,四川路桥
2016-05-09,600039,0.47000000,0.42000000,0.47000000,0.40000000,,173584.00000000,16.66666667,-10.63829787,-0.05000000,,四川路桥
2016-05-10,600039,0.43000000,0.42000000,0.44000000,0.41000000,,88826.79000000,7.14285714,0.00000000,0.00000000,,四川路桥
2016-05-11,600039,0.44000000,0.42000000,0.44000000,0.41000000,,104373.72000000,7.14285714,0.00000000,0.00000000,,四川路桥
2016-05-12,600039,0.39000000,0.39000000,0.42000000,0.37000000,,107674.08000000,12.82051282,-7.14285714,-0.03000000,,四川路桥
2016-05-13,600039,0.39000000,0.39000000,0.42000000,0.37000000,,91969.65000000,12.82051282,0.00000000,0.00000000,,四川路桥
2016-05-16,600039,0.39000000,0.40000000,0.41000000,0.37000000,,97025.39000000,10.00000000,2.56410256,0.01000000,,四川路桥
2016-05-17,600039,0.40000000,0.39000000,0.41000000,0.37000000,,106541.57000000,10.25641026,-2.50000000,-0.01000000,,四川路桥
2016-05-18,600039,0.39000000,0.35000000,0.39000000,0.32000000,,137288.83000000,20.00000000,-10.25641026,-0.04000000,,四川路桥
2016-05-19,600039,0.36000000,0.35000000,0.39000000,0.34000000,,87527.78000000,14.28571429,0.00000000,0.00000000,,四川路桥
2016-05-20,600039,0.32000000,0.37000000,0.39000000,0.32000000,,95688.70000000,18.91891892,5.71428571,0.02000000,,四川路桥
2016-05-23,600039,0.37000000,0.37000000,0.39000000,0.36000000,,111628.48000000,8.10810811,0.00000000,0.00000000,,四川路桥
2016-05-24,600039,0.37000000,0.35000000,0.38000000,0.32000000,,97809.30000000,17.14285714,-5.40540541,-0.02000000,,四川路桥
2016-05-25,600039,0.35000000,0.34000000,0.37000000,0.33000000,,86503.27000000,11.76470588,-2.85714286,-0.01000000,,四川路桥
2016-05-26,600039,0.37000000,0.34000000,0.37000000,0.32000000,,94052.32000000,14.70588235,0.00000000,0.00000000,,四川路桥
2016-05-27,600039,0.35000000,0.34000000,0.36000000,0.34000000,,82097.66000000,5.88235294,0.00000000,0.00000000,,四川路桥
2016-05-30,600039,0.34000000,0.35000000,0.37000000,0.32000000,,71625.41000000,14.28571429,2.94117647,0.01000000,,四川路桥
2016-05-31,600039,0.35000000,0.44000000,0.44000000,0.35000000,,222134.31000000,20.45454545,25.71428571,0.09000000,,四川路桥
2016-06-01,600039,0.44000000,0.42000000,0.45000000,0.42000000,,176623.47000000,7.14285714,-4.54545455,-0.02000000,,四川路桥
2016-06-02,600039,0.42000000,0.43000000,0.44000000,0.41000000,,122832.18000000,6.97674419,2.38095238,0.01000000,,四川路桥
2016-06-03,600039,0.42000000,0.43000000,0.44000000,0.40000000,,140721.57000000,9.30232558,0.00000000,0.00000000,,四川路桥
2016-06-06,600039,0.43000000,0.42000000,0.44000000,0.41000000,,120043.49000000,7.14285714,-2.32558140,-0.01000000,,四川路桥
2016-06-07,600039,0.42000000,0.42000000,0.43000000,0.40000000,,90283.57000000,7.14285714,0.00000000,0.00000000,,四川路桥
2016-06-08,600039,0.43000000,0.43000000,0.44000000,0.42000000,,201076.99000000,4.65116279,2.38095238,0.01000000,,四川路桥
2016-06-13,600039,0.42000000,0.34000000,0.42000000,0.33000000,,161785.45000000,26.47058824,-20.93023256,-0.09000000,,四川路桥
2016-06-14,600039,0.33000000,0.34000000,0.34000000,0.32000000,,96956.64000000,5.88235294,0.00000000,0.00000000,,四川路桥
2016-06-15,600039,0.32000000,0.37000000,0.39000000,0.31000000,,144681.10000000,21.62162162,8.82352941,0.03000000,,四川路桥
2016-06-16,600039,0.37000000,0.35000000,0.37000000,0.34000000,,108497.37000000,8.57142857,-5.40540541,-0.02000000,,四川路桥
2016-06-17,600039,0.36000000,0.35000000,0.38000000,0.34000000,,102371.60000000,11.42857143,0.00000000,0.00000000,,四川路桥
2016-06-20,600039,0.35000000,0.36000000,0.37000000,0.33000000,,88705.06000000,11.11111111,2.85714286,0.01000000,,四川路桥
2016-06-21,600039,0.37000000,0.34000000,0.38000000,0.34000000,,109623.39000000,11.76470588,-5.55555556,-0.02000000,,四川路桥
2016-06-22,600039,0.34000000,0.38000000,0.39000000,0.34000000,,120086.59000000,13.15789474,11.76470588,0.04000000,,四川路桥
2016-06-23,600039,0.37000000,0.37000000,0.38000000,0.34000000,,103438.50000000,10.81081081,-2.63157895,-0.01000000,,四川路桥
2016-06-24,600039,0.40000000,0.43000000,0.57000000,0.37000000,,461678.51000000,46.51162791,16.21621622,0.06000000,,四川路桥
2016-06-27,600039,0.39000000,0.45000000,0.45000000,0.37000000,,242325.66000000,17.77777778,4.65116279,0.02000000,,四川路桥
2016-06-28,600039,0.42000000,0.46000000,0.47000000,0.41000000,,213356.50000000,13.04347826,2.22222222,0.01000000,,四川路桥
2016-06-29,600039,0.46000000,0.52000000,0.55000000,0.44000000,,354266.75000000,21.15384615,13.04347826,0.06000000,,四川路桥
2016-06-30,600039,0.53000000,0.49000000,0.53000000,0.47000000,,220570.73000000,12.24489796,-5.76923077,-0.03000000,,四川路桥
2016-07-01,600039,0.49000000,0.47000000,0.50000000,0.46000000,,156638.19000000,8.51063830,-4.08163265,-0.02000000,,四川路桥
2016-07-04,600039,0.47000000,0.52000000,0.52000000,0.46000000,,206908.31000000,11.53846154,10.63829787,0.05000000,,四川路桥
2016-07-05,600039,0.51000000,0.52000000,0.53000000,0.50000000,,181501.22000000,5.76923077,0.00000000,0.00000000,,四川路桥
2016-07-06,600039,0.54000000,0.53000000,0.56000000,0.52000000,,212534.42000000,7.54716981,1.92307692,0.01000000,,四川路桥
2016-07-07,600039,0.54000000,0.54000000,0.57000000,0.49000000,,276774.58000000,14.81481481,1.88679245,0.01000000,,四川路桥
2016-07-08,600039,0.53000000,0.51000000,0.54000000,0.50000000,,146657.56000000,7.84313725,-5.55555556,-0.03000000,,四川路桥
2016-07-11,600039,0.52000000,0.51000000,0.54000000,0.50000000,,169771.19000000,7.84313725,0.00000000,0.00000000,,四川路桥
2016-07-12,600039,0.50000000,0.54000000,0.54000000,0.49000000,,203978.40000000,9.25925926,5.88235294,0.03000000,,四川路桥
2016-07-13,600039,0.52000000,0.58000000,0.59000000,0.52000000,,378694.23000000,12.06896552,7.40740741,0.04000000,,四川路桥
2016-07-14,600039,0.57000000,0.56000000,0.57000000,0.54000000,,170870.83000000,5.35714286,-3.44827586,-0.02000000,,四川路桥
2016-07-15,600039,0.55000000,0.57000000,0.59000000,0.54000000,,171122.21000000,8.77192982,1.78571429,0.01000000,,四川路桥
2016-07-18,600039,0.55000000,0.54000000,0.57000000,0.53000000,,151231.35000000,7.40740741,-5.26315789,-0.03000000,,四川路桥
2016-07-19,600039,0.54000000,0.54000000,0.55000000,0.52000000,,173403.51000000,5.55555556,0.00000000,0.00000000,,四川路桥
2016-07-20,600039,0.54000000,0.53000000,0.54000000,0.52000000,,124950.97000000,3.77358491,-1.85185185,-0.01000000,,四川路桥
2016-07-21,600039,0.53000000,0.54000000,0.56000000,0.53000000,,132615.10000000,5.55555556,1.88679245,0.01000000,,四川路桥
2016-07-22,600039,0.54000000,0.52000000,0.54000000,0.52000000,,155653.12000000,3.84615385,-3.70370370,-0.02000000,,四川路桥
2016-07-25,600039,0.52000000,0.56000000,0.57000000,0.51000000,,236019.84000000,10.71428571,7.69230769,0.04000000,,四川路桥
2016-07-26,600039,0.56000000,0.56000000,0.56000000,0.54000000,,168777.57000000,3.57142857,0.00000000,0.00000000,,四川路桥
2016-07-27,600039,0.56000000,0.47000000,0.57000000,0.44000000,,320043.62000000,27.65957447,-16.07142857,-0.09000000,,四川路桥
2016-07-28,600039,0.47000000,0.48000000,0.49000000,0.44000000,,169738.69000000,10.41666667,2.12765957,0.01000000,,四川路桥
2016-07-29,600039,0.48000000,0.49000000,0.51000000,0.47000000,,121996.27000000,8.16326531,2.08333333,0.01000000,,四川路桥
2016-08-01,600039,0.48000000,0.47000000,0.48000000,0.45000000,,132003.76000000,6.38297872,-4.08163265,-0.02000000,,四川路桥
2016-08-02,600039,0.47000000,0.48000000,0.49000000,0.46000000,,98841.32000000,6.25000000,2.12765957,0.01000000,,四川路桥
2016-08-03,600039,0.47000000,0.53000000,0.55000000,0.47000000,,195984.86000000,15.09433962,10.41666667,0.05000000,,四川路桥
2016-08-04,600039,0.54000000,0.55000000,0.57000000,0.54000000,,242769.32000000,5.45454545,3.77358491,0.02000000,,四川路桥
2016-08-05,600039,0.54000000,0.52000000,0.54000000,0.52000000,,150428.93000000,3.84615385,-5.45454545,-0.03000000,,四川路桥
2016-08-08,600039,0.52000000,0.54000000,0.54000000,0.50000000,,132134.78000000,7.40740741,3.84615385,0.02000000,,四川路桥
2016-08-09,600039,0.54000000,0.57000000,0.59000000,0.52000000,,319080.12000000,12.28070175,5.55555556,0.03000000,,四川路桥
2016-08-10,600039,0.58000000,0.54000000,0.59000000,0.54000000,,177475.15000000,9.25925926,-5.26315789,-0.03000000,,四川路桥
2016-08-11,600039,0.54000000,0.54000000,0.59000000,0.52000000,,192389.03000000,12.96296296,0.00000000,0.00000000,,四川路桥
2016-08-12,600039,0.54000000,0.57000000,0.57000000,0.52000000,,195570.08000000,8.77192982,5.55555556,0.03000000,,四川路桥
2016-08-15,600039,0.57000000,0.62000000,0.62000000,0.56000000,,444020.55000000,9.67741935,8.77192982,0.05000000,,四川路桥
2016-08-16,600039,0.61000000,0.61000000,0.63000000,0.60000000,,257424.25000000,4.91803279,-1.61290323,-0.01000000,,四川路桥
2016-08-17,600039,0.60000000,0.61000000,0.62000000,0.59000000,,179537.89000000,4.91803279,0.00000000,0.00000000,,四川路桥
2016-08-18,600039,0.59000000,0.61000000,0.63000000,0.59000000,,205427.79000000,6.55737705,0.00000000,0.00000000,,四川路桥
2016-08-19,600039,0.61000000,0.62000000,0.62000000,0.58000000,,211753.74000000,6.45161290,1.63934426,0.01000000,,四川路桥
2016-08-22,600039,0.62000000,0.64000000,0.67000000,0.61000000,,390416.51000000,9.37500000,3.22580645,0.02000000,,四川路桥
2016-08-23,600039,0.64000000,0.66000000,0.67000000,0.62000000,,262643.49000000,7.57575758,3.12500000,0.02000000,,四川路桥
2016-08-24,600039,0.66000000,0.62000000,0.66000000,0.61000000,,181710.63000000,8.06451613,-6.06060606,-0.04000000,,四川路桥
2016-08-25,600039,0.62000000,0.61000000,0.62000000,0.57000000,,208518.58000000,8.19672131,-1.61290323,-0.01000000,,四川路桥
2016-08-26,600039,0.61000000,0.59000000,0.61000000,0.58000000,,215028.94000000,5.08474576,-3.27868852,-0.02000000,,四川路桥
2016-08-29,600039,0.57000000,0.65000000,0.68000000,0.57000000,,308933.66000000,16.92307692,10.16949153,0.06000000,,四川路桥
2016-08-30,600039,0.64000000,0.62000000,0.67000000,0.61000000,,216373.90000000,9.67741935,-4.61538462,-0.03000000,,四川路桥
2016-08-31,600039,0.61000000,0.62000000,0.63000000,0.59000000,,123202.86000000,6.45161290,0.00000000,0.00000000,,四川路桥
2016-09-01,600039,0.66000000,0.59000000,0.68000000,0.59000000,,231920.78000000,15.25423729,-4.83870968,-0.03000000,,四川路桥
2016-09-02,600039,0.57000000,0.59000000,0.60000000,0.57000000,,160810.91000000,5.08474576,0.00000000,0.00000000,,四川路桥
2016-09-05,600039,0.60000000,0.61000000,0.62000000,0.59000000,,113228.00000000,4.91803279,3.38983051,0.02000000,,四川路桥
2016-09-06,600039,0.59000000,0.62000000,0.63000000,0.57000000,,173113.93000000,9.67741935,1.63934426,0.01000000,,四川路桥
2016-09-07,600039,0.62000000,0.72000000,0.73000000,0.62000000,,815869.44000000,15.27777778,16.12903226,0.10000000,,四川路桥
2016-09-08,600039,0.68000000,0.69000000,0.72000000,0.66000000,,373801.72000000,8.69565217,-4.16666667,-0.03000000,,四川路桥
2016-09-09,600039,0.72000000,0.68000000,0.75000000,0.67000000,,363548.59000000,11.76470588,-1.44927536,-0.01000000,,四川路桥
2016-09-12,600039,0.64000000,0.62000000,0.66000000,0.60000000,,334644.68000000,9.67741935,-8.82352941,-0.06000000,,四川路桥
2016-09-13,600039,0.63000000,0.69000000,0.70000000,0.62000000,,336532.91000000,11.59420290,11.29032258,0.07000000,,四川路桥
2016-09-14,600039,0.68000000,0.64000000,0.68000000,0.63000000,,210107.53000000,7.81250000,-7.24637681,-0.05000000,,四川路桥
2016-09-19,600039,0.64000000,0.67000000,0.67000000,0.64000000,,150269.92000000,4.47761194,4.68750000,0.03000000,,四川路桥
2016-09-20,600039,0.68000000,0.77000000,0.87000000,0.64000000,,807449.88000000,29.87012987,14.92537313,0.10000000,,四川路桥
2016-09-21,600039,0.74000000,0.72000000,0.75000000,0.71000000,,390168.22000000,5.55555556,-6.49350649,-0.05000000,,四川路桥
2016-09-22,600039,0.73000000,0.74000000,0.76000000,0.72000000,,328851.96000000,5.40540541,2.77777778,0.02000000,,四川路桥
2016-09-23,600039,0.75000000,0.85000000,0.94000000,0.74000000,,1003640.25000000,23.52941176,14.86486486,0.11000000,,四川路桥
2016-09-26,600039,0.82000000,0.83000000,0.92000000,0.79000000,,634509.26000000,15.66265060,-2.35294118,-0.02000000,,四川路桥
2016-09-27,600039,0.79000000,0.84000000,0.85000000,0.74000000,,472453.49000000,13.09523810,1.20481928,0.01000000,,四川路桥
2016-09-28,600039,0.83000000,0.80000000,0.84000000,0.78000000,,288307.91000000,7.50000000,-4.76190476,-0.04000000,,四川路桥
2016-09-29,600039,0.79000000,0.80000000,0.83000000,0.78000000,,273307.12000000,6.25000000,0.00000000,0.00000000,,四川路桥
2016-09-30,600039,0.79000000,0.82000000,0.84000000,0.76000000,,338707.42000000,9.75609756,2.50000000,0.02000000,,四川路桥
2016-10-10,600039,0.83000000,0.87000000,0.88000000,0.81000000,,369227.47000000,8.04597701,6.09756098,0.05000000,,四川路桥
2016-10-11,600039,0.86000000,0.87000000,0.89000000,0.85000000,,299839.43000000,4.59770115,0.00000000,0.00000000,,四川路桥
2016-10-12,600039,0.87000000,0.85000000,0.87000000,0.83000000,,227207.83000000,4.70588235,-2.29885057,-0.02000000,,四川路桥
2016-10-13,600039,0.83000000,0.82000000,0.86000000,0.82000000,,235695.68000000,4.87804878,-3.52941176,-0.03000000,,四川路桥
2016-10-14,600039,0.82000000,0.81000000,0.84000000,0.78000000,,198721.40000000,7.40740741,-1.21951220,-0.01000000,,四川路桥
2016-10-17,600039,0.82000000,0.77000000,0.83000000,0.77000000,,195604.22000000,7.79220779,-4.93827160,-0.04000000,,四川路桥
2016-10-18,600039,0.76000000,0.83000000,0.83000000,0.76000000,,233073.04000000,8.43373494,7.79220779,0.06000000,,四川路桥
2016-10-19,600039,0.83000000,0.80000000,0.84000000,0.79000000,,220386.70000000,6.25000000,-3.61445783,-0.03000000,,四川路桥
2016-10-20,600039,0.80000000,0.78000000,0.81000000,0.77000000,,136391.72000000,5.12820513,-2.50000000,-0.02000000,,四川路桥
2016-10-21,600039,0.78000000,0.82000000,0.86000000,0.76000000,,289811.86000000,12.19512195,5.12820513,0.04000000,,四川路桥
2016-10-24,600039,0.83000000,0.93000000,0.95000000,0.83000000,,963569.12000000,12.90322581,13.41463415,0.11000000,,四川路桥
2016-10-25,600039,0.93000000,0.91000000,0.95000000,0.87000000,,390093.21000000,8.79120879,-2.15053763,-0.02000000,,四川路桥
2016-10-26,600039,0.90000000,0.89000000,0.92000000,0.87000000,,283438.03000000,5.61797753,-2.19780220,-0.02000000,,四川路桥
2016-10-27,600039,0.88000000,0.90000000,0.91000000,0.85000000,,178242.36000000,6.66666667,1.12359551,0.01000000,,四川路桥
2016-10-28,600039,0.90000000,0.85000000,0.91000000,0.84000000,,188875.38000000,8.23529412,-5.55555556,-0.05000000,,四川路桥
2016-10-31,600039,0.84000000,0.84000000,0.88000000,0.83000000,,162996.82000000,5.95238095,-1.17647059,-0.01000000,,四川路桥
2016-11-01,600039,0.85000000,0.88000000,0.89000000,0.84000000,,260625.73000000,5.68181818,4.76190476,0.04000000,,四川路桥
2016-11-02,600039,0.87000000,0.82000000,0.87000000,0.81000000,,273544.36000000,7.31707317,-6.81818182,-0.06000000,,四川路桥
2016-11-03,600039,0.82000000,0.87000000,0.89000000,0.81000000,,325435.02000000,9.19540230,6.09756098,0.05000000,,四川路桥
2016-11-04,600039,0.86000000,0.83000000,0.87000000,0.81000000,,266407.39000000,7.22891566,-4.59770115,-0.04000000,,四川路桥
2016-11-07,600039,0.82000000,0.83000000,0.89000000,0.79000000,,284636.56000000,12.04819277,0.00000000,0.00000000,,四川路桥
2016-11-08,600039,0.83000000,0.84000000,0.85000000,0.82000000,,171972.14000000,3.57142857,1.20481928,0.01000000,,四川路桥
2016-11-09,600039,0.85000000,0.77000000,0.85000000,0.75000000,,328216.12000000,12.98701299,-8.33333333,-0.07000000,,四川路桥
2016-11-10,600039,0.80000000,0.83000000,0.85000000,0.80000000,,291132.56000000,6.02409639,7.79220779,0.06000000,,四川路桥
2016-11-11,600039,0.83000000,0.89000000,0.92000000,0.82000000,,532684.48000000,11.23595506,7.22891566,0.06000000,,四川路桥
2016-11-14,600039,0.88000000,0.92000000,0.96000000,0.86000000,,528782.04000000,10.86956522,3.37078652,0.03000000,,四川路桥
2016-11-15,600039,0.92000000,0.95000000,1.02000000,0.90000000,,406663.10000000,12.63157895,3.26086957,0.03000000,,四川路桥
2016-11-16,600039,0.95000000,0.92000000,0.97000000,0.90000000,,266829.52000000,7.60869565,-3.15789474,-0.03000000,,四川路桥
2016-11-17,600039,0.93000000,0.97000000,0.98000000,0.87000000,,368233.63000000,11.34020619,5.43478261,0.05000000,,四川路桥
2016-11-18,600039,0.97000000,0.93000000,0.97000000,0.92000000,,251703.00000000,5.37634409,-4.12371134,-0.04000000,,四川路桥
2016-11-21,600039,0.92000000,0.98000000,1.02000000,0.91000000,,458610.35000000,11.22448980,5.37634409,0.05000000,,四川路桥
2016-11-22,600039,0.98000000,0.98000000,1.00000000,0.95000000,,238973.91000000,5.10204082,0.00000000,0.00000000,,四川路桥
2016-11-23,600039,0.97000000,1.00000000,1.04000000,0.95000000,,452484.54000000,9.00000000,2.04081633,0.02000000,,四川路桥
2016-11-24,600039,0.99000000,0.98000000,1.07000000,0.97000000,,348568.75000000,10.20408163,-2.00000000,-0.02000000,,四川路桥
2016-11-25,600039,0.98000000,0.97000000,0.99000000,0.89000000,,322541.87000000,10.30927835,-1.02040816,-0.01000000,,四川路桥
2016-11-28,600039,1.30000000,1.30000000,1.30000000,1.17000000,,1632133.94000000,10.00000000,34.02061856,0.33000000,,四川路桥
2016-11-29,600039,1.39000000,1.62000000,1.64000000,1.37000000,,2368653.34000000,16.66666667,24.61538462,0.32000000,,四川路桥
2016-11-30,600039,1.47000000,1.40000000,1.47000000,1.34000000,,1444657.62000000,9.28571429,-13.58024691,-0.22000000,,四川路桥
2016-12-01,600039,1.42000000,1.39000000,1.43000000,1.34000000,,761124.54000000,6.47482014,-0.71428571,-0.01000000,,四川路桥
2016-12-02,600039,1.37000000,1.32000000,1.39000000,1.29000000,,685435.48000000,7.57575758,-5.03597122,-0.07000000,,四川路桥
2016-12-05,600039,1.22000000,1.12000000,1.27000000,1.09000000,,906480.61000000,16.07142857,-15.15151515,-0.20000000,,四川路桥
2016-12-06,600039,1.11000000,1.16000000,1.19000000,1.10000000,,452833.42000000,7.75862069,3.57142857,0.04000000,,四川路桥
2016-12-07,600039,1.16000000,1.23000000,1.25000000,1.14000000,,476434.81000000,8.94308943,6.03448276,0.07000000,,四川路桥
2016-12-08,600039,1.24000000,1.17000000,1.24000000,1.14000000,,397948.22000000,8.54700855,-4.87804878,-0.06000000,,四川路桥
2016-12-09,600039,1.16000000,1.20000000,1.24000000,1.14000000,,376240.46000000,8.33333333,2.56410256,0.03000000,,四川路桥
2016-12-12,600039,1.21000000,1.06000000,1.25000000,1.04000000,,565797.40000000,19.81132075,-11.66666667,-0.14000000,,四川路桥
2016-12-13,600039,1.04000000,1.08000000,1.08000000,0.97000000,,332092.60000000,10.18518519,1.88679245,0.02000000,,四川路桥
2016-12-14,600039,1.07000000,0.99000000,1.07000000,0.98000000,,277923.96000000,9.09090909,-8.33333333,-0.09000000,,四川路桥
2016-12-15,600039,1.00000000,1.02000000,1.04000000,0.99000000,,255469.32000000,4.90196078,3.03030303,0.03000000,,四川路桥
2016-12-16,600039,1.00000000,1.08000000,1.09000000,0.98000000,,299479.59000000,10.18518519,5.88235294,0.06000000,,四川路桥
2016-12-19,600039,1.09000000,1.09000000,1.13000000,1.05000000,,254223.77000000,7.33944954,0.92592593,0.01000000,,四川路桥
2016-12-20,600039,1.08000000,1.02000000,1.08000000,1.00000000,,229922.32000000,7.84313725,-6.42201835,-0.07000000,,四川路桥
2016-12-21,600039,1.02000000,1.07000000,1.07000000,1.02000000,,200371.09000000,4.67289720,4.90196078,0.05000000,,四川路桥
2016-12-22,600039,1.06000000,1.19000000,1.23000000,1.05000000,,551103.28000000,15.12605042,11.21495327,0.12000000,,四川路桥
2016-12-23,600039,1.14000000,1.14000000,1.18000000,1.12000000,,318185.94000000,5.26315789,-4.20168067,-0.05000000,,四川路桥
2016-12-26,600039,1.14000000,1.19000000,1.19000000,1.07000000,,304862.19000000,10.08403361,4.38596491,0.05000000,,四川路桥
2016-12-27,600039,1.28000000,1.22000000,1.38000000,1.21000000,,816374.23000000,13.93442623,2.52100840,0.03000000,,四川路桥
2016-12-28,600039,1.17000000,1.16000000,1.23000000,1.13000000,,392451.46000000,8.62068966,-4.91803279,-0.06000000,,四川路桥
2016-12-29,600039,1.14000000,1.14000000,1.17000000,1.11000000,,203198.08000000,5.26315789,-1.72413793,-0.02000000,,四川路桥
2016-12-30,600039,1.13000000,1.10000000,1.17000000,1.10000000,,170961.55000000,6.36363636,-3.50877193,-0.04000000,,四川路桥
2017-01-03,600039,1.09000000,1.18000000,1.18000000,1.09000000,,244508.03000000,7.62711864,7.27272727,0.08000000,,四川路桥
2017-01-04,600039,1.17000000,1.22000000,1.22000000,1.15000000,,272378.64000000,5.73770492,3.38983051,0.04000000,,四川路桥
2017-01-05,600039,1.21000000,1.21000000,1.26000000,1.19000000,,272937.35000000,5.78512397,-0.81967213,-0.01000000,,四川路桥
2017-01-06,600039,1.19000000,1.26000000,1.27000000,1.19000000,,375381.89000000,6.34920635,4.13223140,0.05000000,,四川路桥
2017-01-09,600039,1.25000000,1.33000000,1.35000000,1.24000000,,518351.96000000,8.27067669,5.55555556,0.07000000,,四川路桥
2017-01-10,600039,1.33000000,1.29000000,1.33000000,1.29000000,,259134.17000000,3.10077519,-3.00751880,-0.04000000,,四川路桥
2017-01-11,600039,1.31000000,1.24000000,1.32000000,1.22000000,,255888.73000000,8.06451613,-3.87596899,-0.05000000,,四川路桥
2017-01-12,600039,1.24000000,1.22000000,1.24000000,1.21000000,,153767.60000000,2.45901639,-1.61290323,-0.02000000,,四川路桥
2017-01-13,600039,1.21000000,1.19000000,1.22000000,1.17000000,,187343.44000000,4.20168067,-2.45901639,-0.03000000,,四川路桥
2017-01-16,600039,1.19000000,1.06000000,1.20000000,0.94000000,,359375.12000000,24.52830189,-10.92436975,-0.13000000,,四川路桥
2017-01-17,600039,1.02000000,1.07000000,1.07000000,1.02000000,,137387.80000000,4.67289720,0.94339623,0.01000000,,四川路桥
2017-01-18,600039,1.06000000,1.09000000,1.12000000,1.04000000,,156454.27000000,7.33944954,1.86915888,0.02000000,,四川路桥
2017-01-19,600039,1.07000000,1.05000000,1.09000000,1.04000000,,145692.78000000,4.76190476,-3.66972477,-0.04000000,,四川路桥
2017-01-20,600039,1.06000000,1.12000000,1.16000000,1.04000000,,198666.12000000,10.71428571,6.66666667,0.07000000,,四川路桥
2017-01-23,600039,1.11000000,1.14000000,1.15000000,1.09000000,,145676.27000000,5.26315789,1.78571429,0.02000000,,四川路桥
2017-01-24,600039,1.13000000,1.19000000,1.23000000,1.12000000,,360113.32000000,9.24369748,4.38596491,0.05000000,,四川路桥
2017-01-25,600039,1.19000000,1.19000000,1.21000000,1.17000000,,158226.43000000,3.36134454,0.00000000,0.00000000,,四川路桥
2017-01-26,600039,1.19000000,1.20000000,1.21000000,1.19000000,,100236.00000000,1.66666667,0.84033613,0.01000000,,四川路桥
2017-02-03,600039,1.21000000,1.15000000,1.22000000,1.14000000,,110678.48000000,6.95652174,-4.16666667,-0.05000000,,四川路桥
2017-02-06,600039,1.15000000,1.22000000,1.23000000,1.14000000,,167464.38000000,7.37704918,6.08695652,0.07000000,,四川路桥
2017-02-07,600039,1.23000000,1.24000000,1.26000000,1.21000000,,195812.38000000,4.03225806,1.63934426,0.02000000,,四川路桥
2017-02-08,600039,1.24000000,1.26000000,1.26000000,1.19000000,,164339.04000000,5.55555556,1.61290323,0.02000000,,四川路桥
2017-02-09,600039,1.26000000,1.31000000,1.37000000,1.25000000,,386239.01000000,9.16030534,3.96825397,0.05000000,,四川路桥
2017-02-10,600039,1.32000000,1.41000000,1.49000000,1.32000000,,1024489.30000000,12.05673759,7.63358779,0.10000000,,四川路桥
2017-02-13,600039,1.52000000,1.40000000,1.56000000,1.39000000,,611758.68000000,12.14285714,-0.70921986,-0.01000000,,四川路桥
2017-02-14,600039,1.40000000,1.45000000,1.47000000,1.34000000,,629000.88000000,8.96551724,3.57142857,0.05000000,,四川路桥
2017-02-15,600039,1.44000000,1.35000000,1.44000000,1.34000000,,429930.53000000,7.40740741,-6.89655172,-0.10000000,,四川路桥
2017-02-16,600039,1.36000000,1.41000000,1.42000000,1.35000000,,278766.55000000,4.96453901,4.44444444,0.06000000,,四川路桥
2017-02-17,600039,1.41000000,1.36000000,1.41000000,1.34000000,,253939.28000000,5.14705882,-3.54609929,-0.05000000,,四川路桥
2017-02-20,600039,1.37000000,1.43000000,1.44000000,1.36000000,,336227.09000000,5.59440559,5.14705882,0.07000000,,四川路桥
2017-02-21,600039,1.43000000,1.40000000,1.44000000,1.37000000,,314934.72000000,5.00000000,-2.09790210,-0.03000000,,四川路桥
2017-02-22,600039,1.39000000,1.40000000,1.41000000,1.37000000,,268993.00000000,2.85714286,0.00000000,0.00000000,,四川路桥
2017-02-23,600039,1.41000000,1.36000000,1.42000000,1.31000000,,357627.49000000,8.08823529,-2.85714286,-0.04000000,,四川路桥
2017-02-24,600039,1.34000000,1.34000000,1.35000000,1.32000000,,168157.22000000,2.23880597,-1.47058824,-0.02000000,,四川路桥
2017-02-27,600039,1.35000000,1.31000000,1.37000000,1.29000000,,248191.76000000,6.10687023,-2.23880597,-0.03000000,,四川路桥
2017-02-28,600039,1.32000000,1.32000000,1.34000000,1.28000000,,185148.78000000,4.54545455,0.76335878,0.01000000,,四川路桥
2017-03-01,600039,1.32000000,1.34000000,1.37000000,1.31000000,,229050.99000000,4.47761194,1.51515152,0.02000000,,四川路桥
2017-03-02,600039,1.34000000,1.29000000,1.36000000,1.29000000,,160689.97000000,5.42635659,-3.73134328,-0.05000000,,四川路桥
2017-03-03,600039,1.29000000,1.29000000,1.29000000,1.26000000,,144497.82000000,2.32558140,0.00000000,0.00000000,,四川路桥
2017-03-06,600039,1.29000000,1.29000000,1.32000000,1.27000000,,160193.54000000,3.87596899,0.00000000,0.00000000,,四川路桥
2017-03-07,600039,1.27000000,1.24000000,1.29000000,1.22000000,,266484.54000000,5.64516129,-3.87596899,-0.05000000,,四川路桥
2017-03-08,600039,1.24000000,1.25000000,1.27000000,1.24000000,,159929.32000000,2.40000000,0.80645161,0.01000000,,四川路桥
2017-03-09,600039,1.25000000,1.17000000,1.26000000,1.16000000,,250906.90000000,8.54700855,-6.40000000,-0.08000000,,四川路桥
2017-03-10,600039,1.18000000,1.14000000,1.19000000,1.14000000,,229792.31000000,4.38596491,-2.56410256,-0.03000000,,四川路桥
2017-03-13,600039,1.14000000,1.17000000,1.17000000,1.10000000,,300469.50000000,5.98290598,2.63157895,0.03000000,,四川路桥
2017-03-14,600039,1.17000000,1.14000000,1.19000000,1.13000000,,160711.08000000,5.26315789,-2.56410256,-0.03000000,,四川路桥
2017-03-15,600039,1.14000000,1.15000000,1.16000000,1.10000000,,165797.72000000,5.21739130,0.87719298,0.01000000,,四川路桥
2017-03-16,600039,1.14000000,1.21000000,1.22000000,1.14000000,,260316.38000000,6.61157025,5.21739130,0.06000000,,四川路桥
2017-03-17,600039,1.20000000,1.17000000,1.22000000,1.16000000,,275951.88000000,5.12820513,-3.30578512,-0.04000000,,四川路桥
2017-03-20,600039,1.16000000,1.20000000,1.21000000,1.15000000,,154265.44000000,5.00000000,2.56410256,0.03000000,,四川路桥
2017-03-21,600039,1.19000000,1.22000000,1.24000000,1.19000000,,210793.05000000,4.09836066,1.66666667,0.02000000,,四川路桥
2017-03-22,600039,1.20000000,1.22000000,1.24000000,1.17000000,,238200.11000000,5.73770492,0.00000000,0.00000000,,四川路桥
2017-03-23,600039,1.22000000,1.34000000,1.34000000,1.20000000,,697082.38000000,10.44776119,9.83606557,0.12000000,,四川路桥
2017-03-24,600039,1.34000000,1.34000000,1.35000000,1.29000000,,391730.36000000,4.47761194,0.00000000,0.00000000,,四川路桥
2017-03-27,600039,1.34000000,1.33000000,1.42000000,1.32000000,,398509.75000000,7.51879699,-0.74626866,-0.01000000,,四川路桥
2017-03-28,600039,1.36000000,1.27000000,1.40000000,1.27000000,,447764.57000000,10.23622047,-4.51127820,-0.06000000,,四川路桥
2017-03-29,600039,1.29000000,1.37000000,1.40000000,1.27000000,,562536.38000000,9.48905109,7.87401575,0.10000000,,四川路桥
2017-03-30,600039,1.37000000,1.36000000,1.39000000,1.29000000,,463365.38000000,7.35294118,-0.72992701,-0.01000000,,四川路桥
2017-03-31,600039,1.34000000,1.29000000,1.36000000,1.26000000,,347282.47000000,7.75193798,-5.14705882,-0.07000000,,四川路桥
2017-04-05,600039,1.28000000,1.37000000,1.37000000,1.27000000,,490909.06000000,7.29927007,6.20155039,0.08000000,,四川路桥
2017-04-06,600039,1.38000000,1.42000000,1.52000000,1.33000000,,772591.72000000,13.38028169,3.64963504,0.05000000,,四川路桥
2017-04-07,600039,1.39000000,1.35000000,1.40000000,1.33000000,,516311.60000000,5.18518519,-4.92957746,-0.07000000,,四川路桥
2017-04-10,600039,1.34000000,1.33000000,1.37000000,1.32000000,,304122.82000000,3.75939850,-1.48148148,-0.02000000,,四川路桥
2017-04-11,600039,1.33000000,1.36000000,1.37000000,1.28000000,,397171.67000000,6.61764706,2.25563910,0.03000000,,四川路桥
2017-04-12,600039,1.37000000,1.39000000,1.48000000,1.34000000,,822174.56000000,10.07194245,2.20588235,0.03000000,,四川路桥
2017-04-13,600039,1.39000000,1.47000000,1.49000000,1.38000000,,609393.81000000,7.48299320,5.75539568,0.08000000,,四川路桥
2017-04-14,600039,1.44000000,1.40000000,1.49000000,1.38000000,,428830.41000000,7.85714286,-4.76190476,-0.07000000,,四川路桥
2017-04-17,600039,1.39000000,1.32000000,1.39000000,1.28000000,,501387.95000000,8.33333333,-5.71428571,-0.08000000,,四川路桥
2017-04-18,600039,1.32000000,1.29000000,1.34000000,1.28000000,,369492.62000000,4.65116279,-2.27272727,-0.03000000,,四川路桥
2017-04-19,600039,1.27000000,1.24000000,1.28000000,1.16000000,,373479.83000000,9.67741935,-3.87596899,-0.05000000,,四川路桥
2017-04-20,600039,1.24000000,1.24000000,1.27000000,1.20000000,,222028.18000000,5.64516129,0.00000000,0.00000000,,四川路桥
2017-04-21,600039,1.24000000,1.24000000,1.26000000,1.22000000,,131016.52000000,3.22580645,0.00000000,0.00000000,,四川路桥
2017-04-24,600039,1.24000000,1.05000000,1.24000000,0.97000000,,289809.62000000,25.71428571,-15.32258065,-0.19000000,,四川路桥
2017-04-25,600039,1.04000000,1.03000000,1.12000000,0.99000000,,236028.92000000,12.62135922,-1.90476190,-0.02000000,,四川路桥
2017-04-26,600039,1.04000000,1.07000000,1.09000000,1.04000000,,202148.66000000,4.67289720,3.88349515,0.04000000,,四川路桥
2017-04-27,600039,1.07000000,1.10000000,1.10000000,0.97000000,,210071.06000000,11.81818182,2.80373832,0.03000000,,四川路桥
2017-04-28,600039,1.09000000,1.09000000,1.11000000,1.07000000,,147777.01000000,3.66972477,-0.90909091,-0.01000000,,四川路桥
2017-05-02,600039,1.07000000,1.01000000,1.07000000,0.99000000,,321789.00000000,7.92079208,-7.33944954,-0.08000000,,四川路桥
2017-05-03,600039,0.99000000,0.92000000,1.03000000,0.90000000,,340227.42000000,14.13043478,-8.91089109,-0.09000000,,四川路桥
2017-05-04,600039,0.91000000,0.83000000,0.92000000,0.82000000,,429353.86000000,12.04819277,-9.78260870,-0.09000000,,四川路桥
2017-05-05,600039,0.82000000,0.75000000,0.83000000,0.74000000,,397203.92000000,12.00000000,-9.63855422,-0.08000000,,四川路桥
2017-05-08,600039,0.74000000,0.74000000,0.77000000,0.72000000,,204380.74000000,6.75675676,-1.33333333,-0.01000000,,四川路桥
2017-05-09,600039,0.72000000,0.76000000,0.76000000,0.70000000,,202487.77000000,7.89473684,2.70270270,0.02000000,,四川路桥
2017-05-10,600039,0.76000000,0.62000000,0.77000000,0.62000000,,271511.94000000,24.19354839,-18.42105263,-0.14000000,,四川路桥
2017-05-11,600039,0.60000000,0.60000000,0.62000000,0.54000000,,233489.90000000,13.33333333,-3.22580645,-0.02000000,,四川路桥
2017-05-12,600039,0.59000000,0.62000000,0.64000000,0.58000000,,166841.44000000,9.67741935,3.33333333,0.02000000,,四川路桥
2017-05-15,600039,0.63000000,0.62000000,0.66000000,0.61000000,,120336.19000000,8.06451613,0.00000000,0.00000000,,四川路桥
2017-05-16,600039,0.60000000,0.64000000,0.65000000,0.57000000,,248053.89000000,12.50000000,3.22580645,0.02000000,,四川路桥
2017-05-17,600039,0.65000000,0.66000000,0.69000000,0.64000000,,216057.24000000,7.57575758,3.12500000,0.02000000,,四川路桥
2017-05-18,600039,0.63000000,0.62000000,0.66000000,0.62000000,,130919.90000000,6.45161290,-6.06060606,-0.04000000,,四川路桥
2017-05-19,600039,0.62000000,0.62000000,0.64000000,0.59000000,,126813.09000000,8.06451613,0.00000000,0.00000000,,四川路桥
2017-05-22,600039,0.62000000,0.57000000,0.62000000,0.56000000,,213526.37000000,10.52631579,-8.06451613,-0.05000000,,四川路桥
2017-05-23,600039,0.56000000,0.49000000,0.57000000,0.47000000,,225751.76000000,20.40816327,-14.03508772,-0.08000000,,四川路桥
2017-05-24,600039,0.47000000,0.50000000,0.51000000,0.45000000,,135259.19000000,12.00000000,2.04081633,0.01000000,,四川路桥
2017-05-25,600039,0.50000000,0.56000000,0.56000000,0.48000000,,170592.25000000,14.28571429,12.00000000,0.06000000,,四川路桥
2017-05-26,600039,0.54000000,0.55000000,0.57000000,0.54000000,,113213.29000000,5.45454545,-1.78571429,-0.01000000,,四川路桥
2017-05-31,600039,0.57000000,0.55000000,0.59000000,0.55000000,,124870.56000000,7.27272727,0.00000000,0.00000000,,四川路桥
2017-06-01,600039,0.56000000,0.52000000,0.57000000,0.52000000,,121284.07000000,9.61538462,-5.45454545,-0.03000000,,四川路桥
2017-06-02,600039,0.52000000,0.56000000,0.56000000,0.49000000,,116709.35000000,12.50000000,7.69230769,0.04000000,,四川路桥
2017-06-05,600039,0.57000000,0.57000000,0.58000000,0.56000000,,92670.24000000,3.50877193,1.78571429,0.01000000,,四川路桥
2017-06-06,600039,0.57000000,0.60000000,0.61000000,0.56000000,,131450.89000000,8.33333333,5.26315789,0.03000000,,四川路桥
2017-06-07,600039,0.60000000,0.64000000,0.64000000,0.59000000,,162236.54000000,7.81250000,6.66666667,0.04000000,,四川路桥
2017-06-08,600039,0.67000000,0.66000000,0.69000000,0.65000000,,205350.77000000,6.06060606,3.12500000,0.02000000,,四川路桥
2017-06-09,600039,0.64000000,0.65000000,0.66000000,0.62000000,,185714.45000000,6.15384615,-1.51515152,-0.01000000,,四川路桥
2017-06-12,600039,0.64000000,0.62000000,0.65000000,0.62000000,,135768.93000000,4.83870968,-4.61538462,-0.03000000,,四川路桥
2017-06-13,600039,0.62000000,0.65000000,0.66000000,0.62000000,,130554.50000000,6.15384615,4.83870968,0.03000000,,四川路桥
2017-06-14,600039,0.65000000,0.64000000,0.65000000,0.62000000,,94106.20000000,4.68750000,-1.53846154,-0.01000000,,四川路桥
2017-06-15,600039,0.64000000,0.67000000,0.67000000,0.63000000,,145937.61000000,5.97014925,4.68750000,0.03000000,,四川路桥
2017-06-16,600039,0.67000000,0.65000000,0.67000000,0.64000000,,101224.44000000,4.61538462,-2.98507463,-0.02000000,,四川路桥
2017-06-19,600039,0.67000000,0.67000000,0.67000000,0.64000000,,83712.85000000,4.47761194,3.07692308,0.02000000,,四川路桥
2017-06-20,600039,0.71000000,0.72000000,0.79000000,0.70000000,,339551.48000000,12.50000000,7.46268657,0.05000000,,四川路桥
2017-06-21,600039,0.72000000,0.72000000,0.74000000,0.69000000,,160882.66000000,6.94444444,0.00000000,0.00000000,,四川路桥
2017-06-22,600039,0.74000000,0.68000000,0.74000000,0.67000000,,191276.54000000,10.29411765,-5.55555556,-0.04000000,,四川路桥
2017-06-23,600039,0.67000000,0.65000000,0.69000000,0.61000000,,171583.59000000,12.30769231,-4.41176471,-0.03000000,,四川路桥
2017-06-26,600039,0.65000000,0.69000000,0.69000000,0.64000000,,118394.99000000,7.24637681,6.15384615,0.04000000,,四川路桥
2017-06-27,600039,0.69000000,0.69000000,0.70000000,0.68000000,,103550.14000000,2.89855072,0.00000000,0.00000000,,四川路桥
2017-06-28,600039,0.67000000,0.67000000,0.69000000,0.66000000,,92339.99000000,4.47761194,-2.89855072,-0.02000000,,四川路桥
2017-06-29,600039,0.67000000,0.69000000,0.71000000,0.67000000,,111781.01000000,5.79710145,2.98507463,0.02000000,,四川路桥
2017-06-30,600039,0.68000000,0.72000000,0.74000000,0.67000000,,172962.19000000,9.72222222,4.34782609,0.03000000,,四川路桥
2017-07-03,600039,0.72000000,0.73000000,0.74000000,0.70000000,,134360.15000000,5.47945205,1.38888889,0.01000000,,四川路桥
2017-07-04,600039,0.73000000,0.71000000,0.74000000,0.69000000,,114381.36000000,7.04225352,-2.73972603,-0.02000000,,四川路桥
2017-07-05,600039,0.71000000,0.73000000,0.73000000,0.71000000,,126491.05000000,2.73972603,2.81690141,0.02000000,,四川路桥
2017-07-06,600039,0.72000000,0.74000000,0.76000000,0.72000000,,160968.82000000,5.40540541,1.36986301,0.01000000,,四川路桥
2017-07-07,600039,0.74000000,0.75000000,0.76000000,0.71000000,,165784.55000000,6.66666667,1.35135135,0.01000000,,四川路桥
2017-07-10,600039,0.74000000,0.82000000,0.87000000,0.74000000,,398749.98000000,15.85365854,9.33333333,0.07000000,,四川路桥
2017-07-11,600039,0.79000000,0.76000000,0.79000000,0.75000000,,314057.55000000,5.26315789,-7.31707317,-0.06000000,,四川路桥
2017-07-12,600039,0.73000000,0.82000000,0.85000000,0.73000000,,429388.63000000,14.63414634,7.89473684,0.06000000,,四川路桥
2017-07-13,600039,0.82000000,1.12000000,1.12000000,0.80000000,,1542722.07000000,28.57142857,36.58536585,0.30000000,,四川路桥
2017-07-14,600039,1.14000000,1.10000000,1.14000000,1.02000000,,1547107.06000000,10.90909091,-1.78571429,-0.02000000,,四川路桥
2017-07-17,600039,1.04000000,0.98000000,1.08000000,0.87000000,,878897.68000000,21.42857143,-10.90909091,-0.12000000,,四川路桥
2017-07-18,600039,0.94000000,1.05000000,1.06000000,0.91000000,,794607.08000000,14.28571429,7.14285714,0.07000000,,四川路桥
2017-07-19,600039,1.01000000,1.15000000,1.24000000,0.99000000,,1196169.66000000,21.73913043,9.52380952,0.10000000,,四川路桥
2017-07-20,600039,1.10000000,1.07000000,1.13000000,1.04000000,,720527.39000000,8.41121495,-6.95652174,-0.08000000,,四川路桥
2017-07-21,600039,1.07000000,1.05000000,1.09000000,1.01000000,,417284.99000000,7.61904762,-1.86915888,-0.02000000,,四川路桥
2017-07-24,600039,1.02000000,1.09000000,1.12000000,1.02000000,,440640.70000000,9.17431193,3.80952381,0.04000000,,四川路桥
2017-07-25,600039,1.07000000,0.98000000,1.08000000,0.97000000,,412854.70000000,11.22448980,-10.09174312,-0.11000000,,四川路桥
2017-07-26,600039,0.97000000,0.99000000,0.99000000,0.93000000,,288767.72000000,6.06060606,1.02040816,0.01000000,,四川路桥
2017-07-27,600039,0.98000000,0.95000000,0.98000000,0.91000000,,290897.40000000,7.36842105,-4.04040404,-0.04000000,,四川路桥
2017-07-28,600039,0.94000000,0.97000000,0.99000000,0.94000000,,229142.51000000,5.15463918,2.10526316,0.02000000,,四川路桥
2017-07-31,600039,0.95000000,1.02000000,1.02000000,0.94000000,,296266.57000000,7.84313725,5.15463918,0.05000000,,四川路桥
2017-08-01,600039,1.01000000,1.01000000,1.03000000,0.97000000,,327024.14000000,5.94059406,-0.98039216,-0.01000000,,四川路桥
2017-08-02,600039,0.97000000,0.94000000,0.99000000,0.93000000,,309854.26000000,6.38297872,-6.93069307,-0.07000000,,四川路桥
2017-08-03,600039,0.92000000,0.93000000,0.94000000,0.91000000,,182329.91000000,3.22580645,-1.06382979,-0.01000000,,四川路桥
2017-08-04,600039,0.94000000,0.95000000,1.00000000,0.93000000,,259857.02000000,7.36842105,2.15053763,0.02000000,,四川路桥
2017-08-07,600039,0.98000000,1.02000000,1.02000000,0.97000000,,250372.15000000,4.90196078,7.36842105,0.07000000,,四川路桥
2017-08-08,600039,1.04000000,1.00000000,1.06000000,0.98000000,,279203.04000000,8.00000000,-1.96078431,-0.02000000,,四川路桥
2017-08-09,600039,1.33000000,1.18000000,1.33000000,1.14000000,,2045032.51000000,16.10169492,18.00000000,0.18000000,,四川路桥
2017-08-10,600039,1.09000000,1.06000000,1.13000000,1.05000000,,960011.74000000,7.54716981,-10.16949153,-0.12000000,,四川路桥
2017-08-11,600039,1.02000000,0.93000000,1.04000000,0.92000000,,559102.00000000,12.90322581,-12.26415094,-0.13000000,,四川路桥
2017-08-14,600039,0.92000000,0.95000000,0.97000000,0.92000000,,279276.04000000,5.26315789,2.15053763,0.02000000,,四川路桥
2017-08-15,600039,0.94000000,0.94000000,0.97000000,0.92000000,,249673.08000000,5.31914894,-1.05263158,-0.01000000,,四川路桥
2017-08-16,600039,0.95000000,0.93000000,0.96000000,0.92000000,,195904.72000000,4.30107527,-1.06382979,-0.01000000,,四川路桥
2017-08-17,600039,0.94000000,0.94000000,0.95000000,0.92000000,,228355.17000000,3.19148936,1.07526882,0.01000000,,四川路桥
2017-08-18,600039,0.93000000,0.93000000,0.94000000,0.92000000,,169233.10000000,2.15053763,-1.06382979,-0.01000000,,四川路桥
2017-08-21,600039,0.94000000,0.98000000,0.99000000,0.93000000,,220133.80000000,6.12244898,5.37634409,0.05000000,,四川路桥
2017-08-22,600039,0.98000000,0.99000000,0.99000000,0.95000000,,188455.30000000,4.04040404,1.02040816,0.01000000,,四川路桥
2017-08-23,600039,0.98000000,0.94000000,0.98000000,0.93000000,,163827.29000000,5.31914894,-5.05050505,-0.05000000,,四川路桥
2017-08-24,600039,0.94000000,0.89000000,0.95000000,0.88000000,,189590.20000000,7.86516854,-5.31914894,-0.05000000,,四川路桥
2017-08-25,600039,0.89000000,0.95000000,0.96000000,0.88000000,,210781.17000000,8.42105263,6.74157303,0.06000000,,四川路桥
2017-08-28,600039,0.95000000,0.96000000,0.98000000,0.94000000,,178133.40000000,4.16666667,1.05263158,0.01000000,,四川路桥
2017-08-29,600039,0.99000000,1.01000000,1.02000000,0.96000000,,282865.86000000,5.94059406,5.20833333,0.05000000,,四川路桥
2017-08-30,600039,1.01000000,1.01000000,1.04000000,0.98000000,,243153.55000000,5.94059406,0.00000000,0.00000000,,四川路桥
2017-08-31,600039,1.00000000,1.01000000,1.03000000,0.96000000,,246139.12000000,6.93069307,0.00000000,0.00000000,,四川路桥
2017-09-01,600039,1.02000000,1.07000000,1.08000000,1.01000000,,376622.80000000,6.54205607,5.94059406,0.06000000,,四川路桥
2017-09-04,600039,1.07000000,1.05000000,1.09000000,1.04000000,,269877.78000000,4.76190476,-1.86915888,-0.02000000,,四川路桥
2017-09-05,600039,1.05000000,1.04000000,1.07000000,1.02000000,,153395.97000000,4.80769231,-0.95238095,-0.01000000,,四川路桥
2017-09-06,600039,1.02000000,1.06000000,1.07000000,1.01000000,,160981.54000000,5.66037736,1.92307692,0.02000000,,四川路桥
2017-09-07,600039,1.07000000,1.00000000,1.08000000,0.99000000,,256073.60000000,9.00000000,-5.66037736,-0.06000000,,四川路桥
2017-09-08,600039,1.00000000,0.99000000,1.02000000,0.98000000,,132839.92000000,4.04040404,-1.00000000,-0.01000000,,四川路桥
2017-09-11,600039,0.99000000,1.00000000,1.02000000,0.97000000,,148598.81000000,5.00000000,1.01010101,0.01000000,,四川路桥
2017-09-12,600039,1.00000000,0.98000000,1.02000000,0.97000000,,175678.59000000,5.10204082,-2.00000000,-0.02000000,,四川路桥
2017-09-13,600039,0.99000000,0.99000000,0.99000000,0.97000000,,145906.61000000,2.02020202,1.02040816,0.01000000,,四川路桥
2017-09-14,600039,1.00000000,1.06000000,1.07000000,0.99000000,,413588.21000000,7.54716981,7.07070707,0.07000000,,四川路桥
2017-09-15,600039,1.14000000,1.16000000,1.24000000,1.14000000,,1095783.50000000,8.62068966,9.43396226,0.10000000,,四川路桥
2017-09-18,600039,1.17000000,1.23000000,1.28000000,1.14000000,,764666.75000000,11.38211382,6.03448276,0.07000000,,四川路桥
2017-09-19,600039,1.19000000,1.25000000,1.27000000,1.15000000,,584296.38000000,9.60000000,1.62601626,0.02000000,,四川路桥
2017-09-20,600039,1.22000000,1.23000000,1.24000000,1.20000000,,260105.05000000,3.25203252,-1.60000000,-0.02000000,,四川路桥
2017-09-21,600039,1.22000000,1.14000000,1.22000000,1.14000000,,300737.12000000,7.01754386,-7.31707317,-0.09000000,,四川路桥
2017-09-22,600039,1.16000000,1.09000000,1.16000000,1.09000000,,186524.59000000,6.42201835,-4.38596491,-0.05000000,,四川路桥
2017-09-25,600039,1.10000000,1.04000000,1.13000000,1.03000000,,217241.24000000,9.61538462,-4.58715596,-0.05000000,,四川路桥
2017-09-26,600039,1.04000000,1.04000000,1.05000000,1.00000000,,135726.80000000,4.80769231,0.00000000,0.00000000,,四川路桥
2017-09-27,600039,1.04000000,1.00000000,1.06000000,1.00000000,,222862.00000000,6.00000000,-3.84615385,-0.04000000,,四川路桥
2017-09-28,600039,0.99000000,1.00000000,1.02000000,0.98000000,,143542.85000000,4.00000000,0.00000000,0.00000000,,四川路桥
2017-09-29,600039,1.00000000,1.04000000,1.04000000,0.99000000,,132773.65000000,4.80769231,4.00000000,0.04000000,,四川路桥
2017-10-09,600039,1.07000000,1.11000000,1.14000000,1.05000000,,229362.58000000,8.10810811,6.73076923,0.07000000,,四川路桥
2017-10-10,600039,1.11000000,1.11000000,1.12000000,1.05000000,,190344.47000000,6.30630631,0.00000000,0.00000000,,四川路桥
2017-10-11,600039,1.09000000,1.10000000,1.11000000,1.07000000,,145307.11000000,3.63636364,-0.90090090,-0.01000000,,四川路桥
2017-10-12,600039,1.12000000,1.09000000,1.14000000,1.06000000,,225636.21000000,7.33944954,-0.90909091,-0.01000000,,四川路桥
2017-10-13,600039,1.08000000,1.04000000,1.09000000,1.02000000,,372168.38000000,6.73076923,-4.58715596,-0.05000000,,四川路桥
2017-10-16,600039,1.04000000,0.98000000,1.04000000,0.97000000,,196609.78000000,7.14285714,-5.76923077,-0.06000000,,四川路桥
2017-10-17,600039,0.97000000,0.98000000,1.00000000,0.97000000,,118103.89000000,3.06122449,0.00000000,0.00000000,,四川路桥
2017-10-18,600039,0.98000000,0.95000000,0.99000000,0.95000000,,125767.52000000,4.21052632,-3.06122449,-0.03000000,,四川路桥
2017-10-19,600039,0.95000000,1.00000000,1.02000000,0.90000000,,213382.78000000,12.00000000,5.26315789,0.05000000,,四川路桥
2017-10-20,600039,0.97000000,0.97000000,0.97000000,0.94000000,,141206.86000000,3.09278351,-3.00000000,-0.03000000,,四川路桥
2017-10-23,600039,0.97000000,0.97000000,1.00000000,0.97000000,,100118.88000000,3.09278351,0.00000000,0.00000000,,四川路桥
2017-10-24,600039,0.97000000,0.97000000,0.99000000,0.95000000,,69674.91000000,4.12371134,0.00000000,0.00000000,,四川路桥
2017-10-25,600039,0.97000000,0.99000000,0.99000000,0.95000000,,81713.00000000,4.04040404,2.06185567,0.02000000,,四川路桥
2017-10-26,600039,0.99000000,1.02000000,1.03000000,0.97000000,,174710.18000000,5.88235294,3.03030303,0.03000000,,四川路桥
2017-10-27,600039,1.02000000,0.99000000,1.02000000,0.99000000,,84980.48000000,3.03030303,-2.94117647,-0.03000000,,四川路桥
2017-10-30,600039,0.99000000,0.92000000,0.99000000,0.91000000,,175176.93000000,8.69565217,-7.07070707,-0.07000000,,四川路桥
2017-10-31,600039,0.86000000,0.90000000,0.90000000,0.83000000,,125255.20000000,7.77777778,-2.17391304,-0.02000000,,四川路桥
2017-11-01,600039,0.89000000,0.89000000,0.92000000,0.89000000,,100206.91000000,3.37078652,-1.11111111,-0.01000000,,四川路桥
2017-11-02,600039,0.87000000,0.84000000,0.88000000,0.83000000,,95315.48000000,5.95238095,-5.61797753,-0.05000000,,四川路桥
2017-11-03,600039,0.83000000,0.79000000,0.85000000,0.77000000,,110368.26000000,10.12658228,-5.95238095,-0.05000000,,四川路桥
2017-11-06,600039,0.79000000,0.76000000,0.79000000,0.74000000,,145597.67000000,6.57894737,-3.79746835,-0.03000000,,四川路桥
2017-11-07,600039,0.79000000,0.78000000,0.79000000,0.76000000,,145581.54000000,3.84615385,2.63157895,0.02000000,,四川路桥
2017-11-08,600039,0.79000000,0.79000000,0.81000000,0.77000000,,101975.54000000,5.06329114,1.28205128,0.01000000,,四川路桥
2017-11-09,600039,0.77000000,0.77000000,0.79000000,0.77000000,,104181.47000000,2.59740260,-2.53164557,-0.02000000,,四川路桥
2017-11-10,600039,0.77000000,0.78000000,0.78000000,0.75000000,,96207.07000000,3.84615385,1.29870130,0.01000000,,四川路桥
2017-11-13,600039,0.78000000,0.76000000,0.80000000,0.75000000,,124809.98000000,6.57894737,-2.56410256,-0.02000000,,四川路桥
2017-11-14,600039,0.77000000,0.73000000,0.77000000,0.72000000,,112127.36000000,6.84931507,-3.94736842,-0.03000000,,四川路桥
2017-11-15,600039,0.72000000,0.71000000,0.72000000,0.69000000,,73634.52000000,4.22535211,-2.73972603,-0.02000000,,四川路桥
2017-11-16,600039,0.70000000,0.72000000,0.74000000,0.69000000,,64140.00000000,6.94444444,1.40845070,0.01000000,,四川路桥
2017-11-17,600039,0.72000000,0.63000000,0.72000000,0.61000000,,130186.64000000,17.46031746,-12.50000000,-0.09000000,,四川路桥
2017-11-20,600039,0.62000000,0.69000000,0.70000000,0.61000000,,192786.71000000,13.04347826,9.52380952,0.06000000,,四川路桥
2017-11-21,600039,0.67000000,0.65000000,0.68000000,0.64000000,,118131.95000000,6.15384615,-5.79710145,-0.04000000,,四川路桥
2017-11-22,600039,0.65000000,0.65000000,0.67000000,0.62000000,,108363.23000000,7.69230769,0.00000000,0.00000000,,四川路桥
2017-11-23,600039,0.64000000,0.61000000,0.65000000,0.61000000,,102820.00000000,6.55737705,-6.15384615,-0.04000000,,四川路桥
2017-11-24,600039,0.61000000,0.62000000,0.63000000,0.61000000,,66751.85000000,3.22580645,1.63934426,0.01000000,,四川路桥
2017-11-27,600039,0.63000000,0.63000000,0.65000000,0.61000000,,75838.29000000,6.34920635,1.61290323,0.01000000,,四川路桥
2017-11-28,600039,0.64000000,0.67000000,0.67000000,0.62000000,,96765.84000000,7.46268657,6.34920635,0.04000000,,四川路桥
2017-11-29,600039,0.67000000,0.68000000,0.68000000,0.65000000,,84293.08000000,4.41176471,1.49253731,0.01000000,,四川路桥
2017-11-30,600039,0.69000000,0.66000000,0.69000000,0.65000000,,61147.40000000,6.06060606,-2.94117647,-0.02000000,,四川路桥
2017-12-01,600039,0.66000000,0.66000000,0.67000000,0.64000000,,47802.00000000,4.54545455,0.00000000,0.00000000,,四川路桥
2017-12-04,600039,0.66000000,0.63000000,0.67000000,0.62000000,,73418.00000000,7.93650794,-4.54545455,-0.03000000,,四川路桥
2017-12-05,600039,0.63000000,0.60000000,0.63000000,0.59000000,,100924.69000000,6.66666667,-4.76190476,-0.03000000,,四川路桥
2017-12-06,600039,0.59000000,0.60000000,0.61000000,0.57000000,,64895.82000000,6.66666667,0.00000000,0.00000000,,四川路桥
2017-12-07,600039,0.59000000,0.60000000,0.62000000,0.58000000,,43783.20000000,6.66666667,0.00000000,0.00000000,,四川路桥
2017-12-08,600039,0.62000000,0.64000000,0.65000000,0.61000000,,69453.96000000,6.25000000,6.66666667,0.04000000,,四川路桥
2017-12-11,600039,0.63000000,0.66000000,0.67000000,0.63000000,,72227.80000000,6.06060606,3.12500000,0.02000000,,四川路桥
2017-12-12,600039,0.67000000,0.63000000,0.67000000,0.63000000,,53255.30000000,6.34920635,-4.54545455,-0.03000000,,四川路桥
2017-12-13,600039,0.63000000,0.63000000,0.64000000,0.62000000,,54837.00000000,3.17460317,0.00000000,0.00000000,,四川路桥
2017-12-14,600039,0.63000000,0.64000000,0.65000000,0.62000000,,49917.92000000,4.68750000,1.58730159,0.01000000,,四川路桥
2017-12-15,600039,0.64000000,0.63000000,0.64000000,0.62000000,,38651.32000000,3.17460317,-1.56250000,-0.01000000,,四川路桥
2017-12-18,600039,0.64000000,0.64000000,0.65000000,0.63000000,,73754.60000000,3.12500000,1.58730159,0.01000000,,四川路桥
2017-12-19,600039,0.64000000,0.65000000,0.66000000,0.64000000,,61712.12000000,3.07692308,1.56250000,0.01000000,,四川路桥
2017-12-20,600039,0.65000000,0.61000000,0.65000000,0.60000000,,83236.12000000,8.19672131,-6.15384615,-0.04000000,,四川路桥
2017-12-21,600039,0.61000000,0.62000000,0.62000000,0.59000000,,50624.99000000,4.83870968,1.63934426,0.01000000,,四川路桥
2017-12-22,600039,0.62000000,0.61000000,0.63000000,0.61000000,,34700.00000000,3.27868852,-1.61290323,-0.01000000,,四川路桥
2017-12-25,600039,0.61000000,0.60000000,0.62000000,0.59000000,,59468.83000000,5.00000000,-1.63934426,-0.01000000,,四川路桥
2017-12-26,600039,0.60000000,0.62000000,0.62000000,0.59000000,,55507.57000000,4.83870968,3.33333333,0.02000000,,四川路桥
2017-12-27,600039,0.62000000,0.64000000,0.64000000,0.61000000,,84246.80000000,4.68750000,3.22580645,0.02000000,,四川路桥
2017-12-28,600039,0.64000000,0.64000000,0.66000000,0.61000000,,116449.02000000,7.81250000,0.00000000,0.00000000,,四川路桥
2017-12-29,600039,0.65000000,0.66000000,0.67000000,0.63000000,,81546.03000000,6.06060606,3.12500000,0.02000000,,四川路桥
2018-01-02,600039,0.66000000,0.68000000,0.69000000,0.65000000,,112186.47000000,5.88235294,3.03030303,0.02000000,,四川路桥
2018-01-03,600039,0.69000000,0.69000000,0.72000000,0.69000000,,187454.93000000,4.34782609,1.47058824,0.01000000,,四川路桥
2018-01-04,600039,0.71000000,0.69000000,0.71000000,0.67000000,,138462.91000000,5.79710145,0.00000000,0.00000000,,四川路桥
2018-01-05,600039,0.69000000,0.73000000,0.74000000,0.67000000,,200407.44000000,9.58904110,5.79710145,0.04000000,,四川路桥
2018-01-08,600039,0.72000000,0.74000000,0.74000000,0.70000000,,139007.01000000,5.40540541,1.36986301,0.01000000,,四川路桥
2018-01-09,600039,0.75000000,0.74000000,0.77000000,0.72000000,,120474.02000000,6.75675676,0.00000000,0.00000000,,四川路桥
2018-01-10,600039,0.74000000,0.71000000,0.74000000,0.69000000,,96020.20000000,7.04225352,-4.05405405,-0.03000000,,四川路桥
2018-01-11,600039,0.69000000,0.69000000,0.70000000,0.66000000,,87304.76000000,5.79710145,-2.81690141,-0.02000000,,四川路桥
2018-01-12,600039,0.69000000,0.69000000,0.70000000,0.67000000,,80936.84000000,4.34782609,0.00000000,0.00000000,,四川路桥
2018-01-15,600039,0.68000000,0.64000000,0.68000000,0.63000000,,100892.00000000,7.81250000,-7.24637681,-0.05000000,,四川路桥
2018-01-16,600039,0.63000000,0.65000000,0.66000000,0.63000000,,73289.17000000,4.61538462,1.56250000,0.01000000,,四川路桥
2018-01-17,600039,0.64000000,0.66000000,0.67000000,0.64000000,,83994.08000000,4.54545455,1.53846154,0.01000000,,四川路桥
2018-01-18,600039,0.65000000,0.68000000,0.69000000,0.64000000,,111440.92000000,7.35294118,3.03030303,0.02000000,,四川路桥
2018-01-19,600039,0.68000000,0.71000000,0.71000000,0.65000000,,149416.65000000,8.45070423,4.41176471,0.03000000,,四川路桥
2018-01-22,600039,0.69000000,0.71000000,0.73000000,0.69000000,,117251.10000000,5.63380282,0.00000000,0.00000000,,四川路桥
2018-01-23,600039,0.71000000,0.69000000,0.72000000,0.69000000,,69801.37000000,4.34782609,-2.81690141,-0.02000000,,四川路桥
2018-01-24,600039,0.67000000,0.69000000,0.69000000,0.67000000,,91794.60000000,2.89855072,0.00000000,0.00000000,,四川路桥
2018-01-25,600039,0.68000000,0.68000000,0.69000000,0.67000000,,96415.62000000,2.94117647,-1.44927536,-0.01000000,,四川路桥
2018-01-26,600039,0.69000000,0.68000000,0.69000000,0.67000000,,73412.00000000,2.94117647,0.00000000,0.00000000,,四川路桥
2018-01-29,600039,0.67000000,0.66000000,0.69000000,0.66000000,,84115.90000000,4.54545455,-2.94117647,-0.02000000,,四川路桥
2018-01-30,600039,0.65000000,0.67000000,0.68000000,0.65000000,,69126.00000000,4.47761194,1.51515152,0.01000000,,四川路桥
2018-01-31,600039,0.67000000,0.62000000,0.68000000,0.61000000,,119857.83000000,11.29032258,-7.46268657,-0.05000000,,四川路桥
2018-02-01,600039,0.61000000,0.54000000,0.63000000,0.54000000,,146044.86000000,16.66666667,-12.90322581,-0.08000000,,四川路桥
2018-02-02,600039,0.55000000,0.55000000,0.57000000,0.51000000,,80034.88000000,10.90909091,1.85185185,0.01000000,,四川路桥
2018-02-05,600039,0.55000000,0.54000000,0.55000000,0.52000000,,86391.19000000,5.55555556,-1.81818182,-0.01000000,,四川路桥
2018-02-06,600039,0.52000000,0.44000000,0.53000000,0.44000000,,147474.35000000,20.45454545,-18.51851852,-0.10000000,,四川路桥
2018-02-07,600039,0.47000000,0.44000000,0.49000000,0.43000000,,105878.76000000,13.63636364,0.00000000,0.00000000,,四川路桥
2018-02-08,600039,0.44000000,0.46000000,0.49000000,0.43000000,,77650.00000000,13.04347826,4.54545455,0.02000000,,四川路桥
2018-02-09,600039,0.44000000,0.39000000,0.44000000,0.35000000,,120611.15000000,23.07692308,-15.21739130,-0.07000000,,四川路桥
2018-02-12,600039,0.41000000,0.47000000,0.47000000,0.37000000,,97146.34000000,21.27659574,20.51282051,0.08000000,,四川路桥
2018-02-13,600039,0.48000000,0.48000000,0.52000000,0.47000000,,77753.72000000,10.41666667,2.12765957,0.01000000,,四川路桥
2018-02-14,600039,0.48000000,0.49000000,0.49000000,0.46000000,,34929.00000000,6.12244898,2.08333333,0.01000000,,四川路桥
2018-02-22,600039,0.49000000,0.52000000,0.52000000,0.49000000,,69283.56000000,5.76923077,6.12244898,0.03000000,,四川路桥
2018-02-23,600039,0.52000000,0.52000000,0.53000000,0.50000000,,61617.04000000,5.76923077,0.00000000,0.00000000,,四川路桥
2018-02-26,600039,0.53000000,0.55000000,0.56000000,0.52000000,,89302.20000000,7.27272727,5.76923077,0.03000000,,四川路桥
2018-02-27,600039,0.55000000,0.54000000,0.56000000,0.53000000,,56886.64000000,5.55555556,-1.81818182,-0.01000000,,四川路桥
2018-02-28,600039,0.54000000,0.53000000,0.54000000,0.52000000,,47329.41000000,3.77358491,-1.85185185,-0.01000000,,四川路桥
2018-03-01,600039,0.52000000,0.53000000,0.54000000,0.51000000,,65302.80000000,5.66037736,0.00000000,0.00000000,,四川路桥
2018-03-02,600039,0.51000000,0.49000000,0.52000000,0.49000000,,61002.76000000,6.12244898,-7.54716981,-0.04000000,,四川路桥
2018-03-05,600039,0.49000000,0.49000000,0.51000000,0.48000000,,41717.81000000,6.12244898,0.00000000,0.00000000,,四川路桥
2018-03-06,600039,0.49000000,0.52000000,0.52000000,0.49000000,,49637.26000000,5.76923077,6.12244898,0.03000000,,四川路桥
2018-03-07,600039,0.51000000,0.50000000,0.52000000,0.49000000,,55870.60000000,6.00000000,-3.84615385,-0.02000000,,四川路桥
2018-03-08,600039,0.49000000,0.50000000,0.50000000,0.47000000,,55303.00000000,6.00000000,0.00000000,0.00000000,,四川路桥
2018-03-09,600039,0.50000000,0.52000000,0.52000000,0.49000000,,67398.04000000,5.76923077,4.00000000,0.02000000,,四川路桥
2018-03-12,600039,0.52000000,0.54000000,0.55000000,0.51000000,,136201.17000000,7.40740741,3.84615385,0.02000000,,四川路桥
2018-03-13,600039,0.56000000,0.55000000,0.57000000,0.54000000,,130382.03000000,5.45454545,1.85185185,0.01000000,,四川路桥
2018-03-14,600039,0.54000000,0.52000000,0.55000000,0.52000000,,80999.60000000,5.76923077,-5.45454545,-0.03000000,,四川路桥
2018-03-15,600039,0.52000000,0.49000000,0.52000000,0.48000000,,63247.36000000,8.16326531,-5.76923077,-0.03000000,,四川路桥
2018-03-16,600039,0.49000000,0.50000000,0.52000000,0.49000000,,50219.00000000,6.00000000,2.04081633,0.01000000,,四川路桥
2018-03-19,600039,0.50000000,0.50000000,0.52000000,0.48000000,,35701.02000000,8.00000000,0.00000000,0.00000000,,四川路桥
2018-03-20,600039,0.49000000,0.48000000,0.49000000,0.46000000,,66853.80000000,6.25000000,-4.00000000,-0.02000000,,四川路桥
2018-03-21,600039,0.47000000,0.49000000,0.51000000,0.47000000,,58517.44000000,8.16326531,2.08333333,0.01000000,,四川路桥
2018-03-22,600039,0.48000000,0.47000000,0.49000000,0.47000000,,43698.00000000,4.25531915,-4.08163265,-0.02000000,,四川路桥
2018-03-23,600039,0.44000000,0.36000000,0.44000000,0.33000000,,161584.79000000,30.55555556,-23.40425532,-0.11000000,,四川路桥
2018-03-26,600039,0.34000000,0.38000000,0.39000000,0.29000000,,103833.68000000,26.31578947,5.55555556,0.02000000,,四川路桥
2018-03-27,600039,0.40000000,0.42000000,0.43000000,0.39000000,,74728.42000000,9.52380952,10.52631579,0.04000000,,四川路桥
2018-03-28,600039,0.44000000,0.47000000,0.49000000,0.42000000,,170323.59000000,14.89361702,11.90476190,0.05000000,,四川路桥
2018-03-29,600039,0.46000000,0.47000000,0.49000000,0.44000000,,66264.52000000,10.63829787,0.00000000,0.00000000,,四川路桥
2018-03-30,600039,0.47000000,0.47000000,0.49000000,0.46000000,,50665.32000000,6.38297872,0.00000000,0.00000000,,四川路桥
2018-04-02,600039,0.46000000,0.45000000,0.47000000,0.44000000,,67556.77000000,6.66666667,-4.25531915,-0.02000000,,四川路桥
2018-04-03,600039,0.41000000,0.41000000,0.43000000,0.38000000,,89577.00000000,12.19512195,-8.88888889,-0.04000000,,四川路桥
2018-04-04,600039,0.41000000,0.38000000,0.43000000,0.38000000,,61744.00000000,13.15789474,-7.31707317,-0.03000000,,四川路桥
2018-04-09,600039,0.37000000,0.38000000,0.39000000,0.35000000,,61982.92000000,10.52631579,0.00000000,0.00000000,,四川路桥
2018-04-10,600039,0.39000000,0.39000000,0.40000000,0.37000000,,69943.01000000,7.69230769,2.63157895,0.01000000,,四川路桥
2018-04-11,600039,0.40000000,0.40000000,0.42000000,0.39000000,,60011.10000000,7.50000000,2.56410256,0.01000000,,四川路桥
2018-04-12,600039,0.39000000,0.37000000,0.40000000,0.37000000,,74153.37000000,8.10810811,-7.50000000,-0.03000000,,四川路桥
2018-04-13,600039,0.38000000,0.36000000,0.38000000,0.34000000,,79413.17000000,11.11111111,-2.70270270,-0.01000000,,四川路桥
2018-04-16,600039,0.37000000,0.39000000,0.41000000,0.37000000,,119057.26000000,10.25641026,8.33333333,0.03000000,,四川路桥
2018-04-17,600039,0.39000000,0.38000000,0.41000000,0.38000000,,81296.14000000,7.89473684,-2.56410256,-0.01000000,,四川路桥
2018-04-18,600039,0.39000000,0.39000000,0.41000000,0.36000000,,76347.72000000,12.82051282,2.63157895,0.01000000,,四川路桥
2018-04-19,600039,0.39000000,0.39000000,0.40000000,0.37000000,,66001.32000000,7.69230769,0.00000000,0.00000000,,四川路桥
2018-04-20,600039,0.39000000,0.39000000,0.40000000,0.37000000,,94467.51000000,7.69230769,0.00000000,0.00000000,,四川路桥
2018-04-23,600039,0.37000000,0.38000000,0.39000000,0.37000000,,55317.63000000,5.26315789,-2.56410256,-0.01000000,,四川路桥
2018-04-24,600039,0.39000000,0.42000000,0.43000000,0.37000000,,105393.18000000,14.28571429,10.52631579,0.04000000,,四川路桥
2018-04-25,600039,0.40000000,0.42000000,0.44000000,0.40000000,,75074.33000000,9.52380952,0.00000000,0.00000000,,四川路桥
2018-04-26,600039,0.42000000,0.39000000,0.43000000,0.39000000,,53128.58000000,10.25641026,-7.14285714,-0.03000000,,四川路桥
2018-04-27,600039,0.40000000,0.43000000,0.43000000,0.39000000,,61838.64000000,9.30232558,10.25641026,0.04000000,,四川路桥
2018-05-02,600039,0.42000000,0.43000000,0.44000000,0.40000000,,75672.25000000,9.30232558,0.00000000,0.00000000,,四川路桥
2018-05-03,600039,0.42000000,0.41000000,0.42000000,0.39000000,,94185.03000000,7.31707317,-4.65116279,-0.02000000,,四川路桥
2018-05-04,600039,0.40000000,0.39000000,0.41000000,0.39000000,,46448.49000000,5.12820513,-4.87804878,-0.02000000,,四川路桥
2018-05-07,600039,0.38000000,0.42000000,0.43000000,0.38000000,,78112.73000000,11.90476190,7.69230769,0.03000000,,四川路桥
2018-05-08,600039,0.42000000,0.43000000,0.44000000,0.42000000,,55180.15000000,4.65116279,2.38095238,0.01000000,,四川路桥
2018-05-09,600039,0.42000000,0.43000000,0.43000000,0.39000000,,89397.60000000,9.30232558,0.00000000,0.00000000,,四川路桥
2018-05-10,600039,0.49000000,0.49000000,0.56000000,0.47000000,,321139.57000000,18.36734694,13.95348837,0.06000000,,四川路桥
2018-05-11,600039,0.48000000,0.47000000,0.50000000,0.46000000,,113019.18000000,8.51063830,-4.08163265,-0.02000000,,四川路桥
2018-05-14,600039,0.47000000,0.46000000,0.49000000,0.45000000,,71542.05000000,8.69565217,-2.12765957,-0.01000000,,四川路桥
2018-05-15,600039,0.46000000,0.49000000,0.49000000,0.46000000,,76431.30000000,6.12244898,6.52173913,0.03000000,,四川路桥
2018-05-16,600039,0.47000000,0.45000000,0.48000000,0.44000000,,64104.31000000,8.88888889,-8.16326531,-0.04000000,,四川路桥
2018-05-17,600039,0.44000000,0.45000000,0.47000000,0.44000000,,43772.55000000,6.66666667,0.00000000,0.00000000,,四川路桥
2018-05-18,600039,0.44000000,0.45000000,0.46000000,0.44000000,,45958.35000000,4.44444444,0.00000000,0.00000000,,四川路桥
2018-05-21,600039,0.47000000,0.47000000,0.48000000,0.46000000,,83628.35000000,4.25531915,4.44444444,0.02000000,,四川路桥
2018-05-22,600039,0.47000000,0.47000000,0.47000000,0.44000000,,60025.49000000,6.38297872,0.00000000,0.00000000,,四川路桥
2018-05-23,600039,0.46000000,0.43000000,0.47000000,0.43000000,,55487.00000000,9.30232558,-8.51063830,-0.04000000,,四川路桥
2018-05-24,600039,0.43000000,0.42000000,0.44000000,0.42000000,,37886.40000000,4.76190476,-2.32558140,-0.01000000,,四川路桥
2018-05-25,600039,0.42000000,0.39000000,0.43000000,0.38000000,,62921.63000000,12.82051282,-7.14285714,-0.03000000,,四川路桥
2018-05-28,600039,0.39000000,0.37000000,0.40000000,0.36000000,,55889.20000000,10.81081081,-5.12820513,-0.02000000,,四川路桥
2018-05-29,600039,0.37000000,0.36000000,0.38000000,0.34000000,,70545.93000000,11.11111111,-2.70270270,-0.01000000,,四川路桥
2018-05-30,600039,0.34000000,0.30000000,0.34000000,0.29000000,,82797.55000000,16.66666667,-16.66666667,-0.06000000,,四川路桥
2018-05-31,600039,0.32000000,0.32000000,0.33000000,0.30000000,,66537.00000000,9.37500000,6.66666667,0.02000000,,四川路桥
2018-06-01,600039,0.31000000,0.24000000,0.31000000,0.23000000,,134580.80000000,33.33333333,-25.00000000,-0.08000000,,四川路桥
2018-06-04,600039,0.24000000,0.24000000,0.26000000,0.23000000,,74208.00000000,12.50000000,0.00000000,0.00000000,,四川路桥
2018-06-05,600039,0.24000000,0.27000000,0.28000000,0.23000000,,102337.72000000,18.51851852,12.50000000,0.03000000,,四川路桥
2018-06-06,600039,0.26000000,0.25000000,0.26000000,0.23000000,,61581.48000000,12.00000000,-7.40740741,-0.02000000,,四川路桥
2018-06-07,600039,0.26000000,0.26000000,0.30000000,0.24000000,,165479.26000000,23.07692308,4.00000000,0.01000000,,四川路桥
2018-06-08,600039,0.27000000,0.25000000,0.28000000,0.23000000,,85004.00000000,20.00000000,-3.84615385,-0.01000000,,四川路桥
2018-06-11,600039,0.24000000,0.19000000,0.24000000,0.19000000,,68505.00000000,26.31578947,-24.00000000,-0.06000000,,四川路桥
2018-06-12,600039,0.20000000,0.17000000,0.21000000,0.12000000,,139194.22000000,52.94117647,-10.52631579,-0.02000000,,四川路桥
2018-06-13,600039,0.17000000,0.12000000,0.17000000,0.12000000,,91123.51000000,41.66666667,-29.41176471,-0.05000000,,四川路桥
2018-06-14,600039,0.12000000,0.05000000,0.13000000,0.03000000,,180900.62000000,200.00000000,-58.33333333,-0.07000000,,四川路桥
2018-06-15,600039,0.05000000,0.05000000,0.07000000,0.02000000,,111692.48000000,100.00000000,0.00000000,0.00000000,,四川路桥
2018-06-19,600039,0.04000000,-0.11000000,0.04000000,-0.15000000,,187800.79000000,-172.72727273,-320.00000000,-0.16000000,,四川路桥
2018-06-20,600039,-0.11000000,-0.03000000,-0.03000000,-0.12000000,,132612.45000000,-300.00000000,-72.72727273,0.08000000,,四川路桥
2018-06-21,600039,0.00000000,0.01000000,0.04000000,-0.04000000,,180193.09000000,800.00000000,-133.33333333,0.04000000,,四川路桥
2018-06-22,600039,0.00000000,0.06000000,0.07000000,-0.03000000,,117651.74000000,166.66666667,500.00000000,0.05000000,,四川路桥
2018-06-25,600039,0.08000000,0.06000000,0.11000000,0.05000000,,101663.70000000,100.00000000,0.00000000,0.00000000,,四川路桥
2018-06-26,600039,0.04000000,0.07000000,0.08000000,0.02000000,,70353.72000000,85.71428571,16.66666667,0.01000000,,四川路桥
2018-06-27,600039,0.07000000,0.08000000,0.09000000,0.04000000,,59799.21000000,62.50000000,14.28571429,0.01000000,,四川路桥
2018-06-28,600039,0.09000000,0.08000000,0.09000000,0.05000000,,49850.14000000,50.00000000,0.00000000,0.00000000,,四川路桥
2018-06-29,600039,0.05000000,0.09000000,0.10000000,0.05000000,,62284.64000000,55.55555556,12.50000000,0.01000000,,四川路桥
2018-07-02,600039,0.09000000,0.04000000,0.10000000,0.04000000,,56373.38000000,150.00000000,-55.55555556,-0.05000000,,四川路桥
2018-07-03,600039,0.04000000,0.07000000,0.07000000,-0.03000000,,93711.65000000,142.85714286,75.00000000,0.03000000,,四川路桥
2018-07-04,600039,0.04000000,0.05000000,0.07000000,0.04000000,,53268.22000000,60.00000000,-28.57142857,-0.02000000,,四川路桥
2018-07-05,600039,0.06000000,-0.01000000,0.06000000,-0.04000000,,86844.08000000,-1000.00000000,-120.00000000,-0.06000000,,四川路桥
2018-07-06,600039,-0.02000000,-0.01000000,0.02000000,-0.04000000,,59765.09000000,-600.00000000,0.00000000,0.00000000,,四川路桥
2018-07-09,600039,-0.01000000,0.04000000,0.04000000,-0.01000000,,88854.22000000,125.00000000,-500.00000000,0.05000000,,四川路桥
2018-07-10,600039,0.02000000,0.02000000,0.03000000,0.01000000,,86755.83000000,100.00000000,-50.00000000,-0.02000000,,四川路桥
2018-07-11,600039,0.00000000,-0.01000000,0.00000000,-0.03000000,,75354.65000000,-300.00000000,-150.00000000,-0.03000000,,四川路桥
2018-07-12,600039,-0.01000000,0.07000000,0.09000000,-0.03000000,,128438.00000000,171.42857143,-800.00000000,0.08000000,,四川路桥
2018-07-13,600039,0.07000000,0.08000000,0.09000000,0.04000000,,81094.28000000,62.50000000,14.28571429,0.01000000,,四川路桥
2018-07-16,600039,0.08000000,0.11000000,0.12000000,0.04000000,,74435.33000000,72.72727273,37.50000000,0.03000000,,四川路桥
2018-07-17,600039,0.09000000,0.12000000,0.13000000,0.09000000,,66927.54000000,33.33333333,9.09090909,0.01000000,,四川路桥
2018-07-18,600039,0.12000000,0.09000000,0.12000000,0.08000000,,45991.40000000,44.44444444,-25.00000000,-0.03000000,,四川路桥
2018-07-19,600039,0.08000000,0.11000000,0.14000000,0.08000000,,68495.60000000,54.54545455,22.22222222,0.02000000,,四川路桥
2018-07-20,600039,0.09000000,0.19000000,0.33000000,0.07000000,,176665.66000000,136.84210526,72.72727273,0.08000000,,四川路桥
2018-07-23,600039,0.18000000,0.26000000,0.29000000,0.15000000,,271286.42000000,53.84615385,36.84210526,0.07000000,,四川路桥
2018-07-24,600039,0.43000000,0.51000000,0.51000000,0.43000000,,441232.82000000,15.68627451,96.15384615,0.25000000,,四川路桥
2018-07-25,600039,0.77000000,0.61000000,0.77000000,0.58000000,,1702548.99000000,31.14754098,19.60784314,0.10000000,,四川路桥
2018-07-26,600039,0.52000000,0.56000000,0.68000000,0.48000000,,1056211.63000000,35.71428571,-8.19672131,-0.05000000,,四川路桥
2018-07-27,600039,0.64000000,0.53000000,0.69000000,0.53000000,,921555.78000000,30.18867925,-5.35714286,-0.03000000,,四川路桥
2018-07-30,600039,0.48000000,0.47000000,0.53000000,0.39000000,,652465.51000000,29.78723404,-11.32075472,-0.06000000,,四川路桥
2018-07-31,600039,0.46000000,0.42000000,0.47000000,0.38000000,,448427.99000000,21.42857143,-10.63829787,-0.05000000,,四川路桥
2018-08-01,600039,0.50000000,0.47000000,0.61000000,0.45000000,,822299.94000000,34.04255319,11.90476190,0.05000000,,四川路桥
2018-08-02,600039,0.44000000,0.53000000,0.56000000,0.33000000,,875317.57000000,43.39622642,12.76595745,0.06000000,,四川路桥
2018-08-03,600039,0.52000000,0.38000000,0.52000000,0.37000000,,532763.10000000,39.47368421,-28.30188679,-0.15000000,,四川路桥
2018-08-06,600039,0.38000000,0.44000000,0.48000000,0.37000000,,391056.03000000,25.00000000,15.78947368,0.06000000,,四川路桥
2018-08-07,600039,0.47000000,0.64000000,0.69000000,0.46000000,,936801.55000000,35.93750000,45.45454545,0.20000000,,四川路桥
2018-08-08,600039,0.64000000,0.62000000,0.69000000,0.59000000,,629403.65000000,16.12903226,-3.12500000,-0.02000000,,四川路桥
2018-08-09,600039,0.59000000,0.61000000,0.65000000,0.54000000,,483136.53000000,18.03278689,-1.61290323,-0.01000000,,四川路桥
2018-08-10,600039,0.61000000,0.62000000,0.66000000,0.58000000,,330294.33000000,12.90322581,1.63934426,0.01000000,,四川路桥
2018-08-13,600039,0.56000000,0.64000000,0.64000000,0.54000000,,316537.84000000,15.62500000,3.22580645,0.02000000,,四川路桥
2018-08-14,600039,0.64000000,0.60000000,0.66000000,0.59000000,,257346.02000000,11.66666667,-6.25000000,-0.04000000,,四川路桥
2018-08-15,600039,0.60000000,0.61000000,0.74000000,0.59000000,,461981.52000000,24.59016393,1.66666667,0.01000000,,四川路桥
2018-08-16,600039,0.52000000,0.46000000,0.54000000,0.42000000,,446936.77000000,26.08695652,-24.59016393,-0.15000000,,四川路桥
2018-08-17,600039,0.47000000,0.37000000,0.50000000,0.36000000,,261767.51000000,37.83783784,-19.56521739,-0.09000000,,四川路桥
2018-08-20,600039,0.39000000,0.34000000,0.39000000,0.26000000,,300474.01000000,38.23529412,-8.10810811,-0.03000000,,四川路桥
2018-08-21,600039,0.35000000,0.42000000,0.44000000,0.30000000,,274307.75000000,33.33333333,23.52941176,0.08000000,,四川路桥
2018-08-22,600039,0.40000000,0.42000000,0.46000000,0.39000000,,202605.28000000,16.66666667,0.00000000,0.00000000,,四川路桥
2018-08-23,600039,0.39000000,0.41000000,0.42000000,0.37000000,,167749.52000000,12.19512195,-2.38095238,-0.01000000,,四川路桥
2018-08-24,600039,0.45000000,0.39000000,0.47000000,0.38000000,,252850.78000000,23.07692308,-4.87804878,-0.02000000,,四川路桥
2018-08-27,600039,0.39000000,0.43000000,0.44000000,0.36000000,,228983.27000000,18.60465116,10.25641026,0.04000000,,四川路桥
2018-08-28,600039,0.45000000,0.40000000,0.46000000,0.38000000,,196253.51000000,20.00000000,-6.97674419,-0.03000000,,四川路桥
2018-08-29,600039,0.40000000,0.37000000,0.40000000,0.36000000,,123904.00000000,10.81081081,-7.50000000,-0.03000000,,四川路桥
2018-08-30,600039,0.37000000,0.32000000,0.37000000,0.32000000,,132794.25000000,15.62500000,-13.51351351,-0.05000000,,四川路桥
2018-08-31,600039,0.34000000,0.34000000,0.37000000,0.33000000,,113522.92000000,11.76470588,6.25000000,0.02000000,,四川路桥
2018-09-03,600039,0.33000000,0.28000000,0.34000000,0.17000000,,281803.67000000,60.71428571,-17.64705882,-0.06000000,,四川路桥
2018-09-04,600039,0.28000000,0.27000000,0.28000000,0.22000000,,218500.51000000,22.22222222,-3.57142857,-0.01000000,,四川路桥
2018-09-05,600039,0.27000000,0.22000000,0.27000000,0.20000000,,173411.52000000,31.81818182,-18.51851852,-0.05000000,,四川路桥
2018-09-06,600039,0.19000000,0.22000000,0.25000000,0.19000000,,105292.97000000,27.27272727,0.00000000,0.00000000,,四川路桥
2018-09-07,600039,0.25000000,0.33000000,0.42000000,0.19000000,,450300.11000000,69.69696970,50.00000000,0.11000000,,四川路桥
2018-09-10,600039,0.28000000,0.27000000,0.35000000,0.26000000,,311885.32000000,33.33333333,-18.18181818,-0.06000000,,四川路桥
2018-09-11,600039,0.27000000,0.17000000,0.27000000,0.09000000,,505141.22000000,105.88235294,-37.03703704,-0.10000000,,四川路桥
2018-09-12,600039,0.14000000,0.14000000,0.18000000,0.12000000,,199501.15000000,42.85714286,-17.64705882,-0.03000000,,四川路桥
2018-09-13,600039,0.16000000,0.12000000,0.18000000,0.07000000,,312524.05000000,91.66666667,-14.28571429,-0.02000000,,四川路桥
2018-09-14,600039,0.12000000,0.09000000,0.12000000,0.08000000,,181663.83000000,44.44444444,-25.00000000,-0.03000000,,四川路桥
2018-09-17,600039,0.07000000,0.03000000,0.09000000,0.03000000,,188440.46000000,200.00000000,-66.66666667,-0.06000000,,四川路桥
2018-09-18,600039,0.02000000,0.21000000,0.21000000,0.02000000,,481210.91000000,90.47619048,600.00000000,0.18000000,,四川路桥
2018-09-19,600039,0.23000000,0.19000000,0.26000000,0.17000000,,492985.80000000,47.36842105,-9.52380952,-0.02000000,,四川路桥
2018-09-20,600039,0.18000000,0.25000000,0.29000000,0.15000000,,449487.58000000,56.00000000,31.57894737,0.06000000,,四川路桥
2018-09-21,600039,0.23000000,0.24000000,0.28000000,0.22000000,,351679.68000000,25.00000000,-4.00000000,-0.01000000,,四川路桥
2018-09-25,600039,0.24000000,0.27000000,0.29000000,0.22000000,,270515.27000000,25.92592593,12.50000000,0.03000000,,四川路桥
2018-09-26,600039,0.27000000,0.25000000,0.28000000,0.24000000,,258007.31000000,16.00000000,-7.40740741,-0.02000000,,四川路桥
2018-09-27,600039,0.25000000,0.23000000,0.27000000,0.23000000,,234537.34000000,17.39130435,-8.00000000,-0.02000000,,四川路桥
2018-09-28,600039,0.23000000,0.24000000,0.27000000,0.22000000,,221152.21000000,20.83333333,4.34782609,0.01000000,,四川路桥
2018-10-08,600039,0.22000000,0.19000000,0.27000000,0.19000000,,201126.84000000,42.10526316,-20.83333333,-0.05000000,,四川路桥
2018-10-09,600039,0.20000000,0.19000000,0.22000000,0.17000000,,132316.84000000,26.31578947,0.00000000,0.00000000,,四川路桥
2018-10-10,600039,0.19000000,0.26000000,0.30000000,0.17000000,,249168.01000000,50.00000000,36.84210526,0.07000000,,四川路桥
2018-10-11,600039,0.39000000,0.33000000,0.49000000,0.29000000,,1233942.25000000,60.60606061,26.92307692,0.07000000,,四川路桥
2018-10-12,600039,0.14000000,0.31000000,0.39000000,0.14000000,,745713.40000000,80.64516129,-6.06060606,-0.02000000,,四川路桥
2018-10-15,600039,0.37000000,0.23000000,0.39000000,0.22000000,,394578.75000000,73.91304348,-25.80645161,-0.08000000,,四川路桥
2018-10-16,600039,0.23000000,0.14000000,0.25000000,0.12000000,,338310.67000000,92.85714286,-39.13043478,-0.09000000,,四川路桥
2018-10-17,600039,0.18000000,0.22000000,0.24000000,0.12000000,,303395.84000000,54.54545455,57.14285714,0.08000000,,四川路桥
2018-10-18,600039,0.17000000,0.09000000,0.18000000,0.04000000,,284316.64000000,155.55555556,-59.09090909,-0.13000000,,四川路桥
2018-10-19,600039,0.02000000,0.14000000,0.16000000,0.02000000,,217457.75000000,100.00000000,55.55555556,0.05000000,,四川路桥
2018-10-22,600039,0.15000000,0.23000000,0.24000000,0.14000000,,397609.53000000,43.47826087,64.28571429,0.09000000,,四川路桥
2018-10-23,600039,0.21000000,0.20000000,0.24000000,0.17000000,,233327.14000000,35.00000000,-13.04347826,-0.03000000,,四川路桥
2018-10-24,600039,0.18000000,0.19000000,0.23000000,0.17000000,,249926.21000000,31.57894737,-5.00000000,-0.01000000,,四川路桥
2018-10-25,600039,0.13000000,0.16000000,0.18000000,0.11000000,,243140.22000000,43.75000000,-15.78947368,-0.03000000,,四川路桥
2018-10-26,600039,0.16000000,0.17000000,0.20000000,0.16000000,,187708.83000000,23.52941176,6.25000000,0.01000000,,四川路桥
2018-10-29,600039,0.17000000,0.17000000,0.22000000,0.14000000,,166759.82000000,47.05882353,0.00000000,0.00000000,,四川路桥
2018-10-30,600039,0.16000000,0.21000000,0.22000000,0.15000000,,278140.45000000,33.33333333,23.52941176,0.04000000,,四川路桥
2018-10-31,600039,0.22000000,0.26000000,0.31000000,0.20000000,,468285.35000000,42.30769231,23.80952381,0.05000000,,四川路桥
2018-11-01,600039,0.29000000,0.24000000,0.35000000,0.24000000,,365731.21000000,45.83333333,-7.69230769,-0.02000000,,四川路桥
2018-11-02,600039,0.28000000,0.29000000,0.31000000,0.24000000,,303124.86000000,24.13793103,20.83333333,0.05000000,,四川路桥
2018-11-05,600039,0.30000000,0.26000000,0.30000000,0.23000000,,255580.67000000,26.92307692,-10.34482759,-0.03000000,,四川路桥
2018-11-06,600039,0.26000000,0.32000000,0.32000000,0.22000000,,443902.54000000,31.25000000,23.07692308,0.06000000,,四川路桥
2018-11-07,600039,0.29000000,0.27000000,0.30000000,0.26000000,,269230.68000000,14.81481481,-15.62500000,-0.05000000,,四川路桥
2018-11-08,600039,0.30000000,0.27000000,0.30000000,0.25000000,,172873.53000000,18.51851852,0.00000000,0.00000000,,四川路桥
2018-11-09,600039,0.27000000,0.25000000,0.30000000,0.24000000,,132805.41000000,24.00000000,-7.40740741,-0.02000000,,四川路桥
2018-11-12,600039,0.25000000,0.30000000,0.30000000,0.24000000,,177324.57000000,20.00000000,20.00000000,0.05000000,,四川路桥
2018-11-13,600039,0.27000000,0.32000000,0.33000000,0.26000000,,340984.63000000,21.87500000,6.66666667,0.02000000,,四川路桥
2018-11-14,600039,0.32000000,0.38000000,0.42000000,0.31000000,,572755.07000000,28.94736842,18.75000000,0.06000000,,四川路桥
2018-11-15,600039,0.35000000,0.37000000,0.38000000,0.33000000,,320360.26000000,13.51351351,-2.63157895,-0.01000000,,四川路桥
2018-11-16,600039,0.36000000,0.35000000,0.38000000,0.33000000,,285781.74000000,14.28571429,-5.40540541,-0.02000000,,四川路桥
2018-11-19,600039,0.34000000,0.36000000,0.37000000,0.32000000,,231184.76000000,13.88888889,2.85714286,0.01000000,,四川路桥
2018-11-20,600039,0.34000000,0.29000000,0.37000000,0.28000000,,280808.35000000,31.03448276,-19.44444444,-0.07000000,,四川路桥
2018-11-21,600039,0.26000000,0.28000000,0.29000000,0.24000000,,172340.83000000,17.85714286,-3.44827586,-0.01000000,,四川路桥
2018-11-22,600039,0.27000000,0.26000000,0.28000000,0.25000000,,120676.40000000,11.53846154,-7.14285714,-0.02000000,,四川路桥
2018-11-23,600039,0.27000000,0.19000000,0.29000000,0.18000000,,244596.63000000,57.89473684,-26.92307692,-0.07000000,,四川路桥
2018-11-26,600039,0.18000000,0.18000000,0.21000000,0.17000000,,116505.76000000,22.22222222,-5.26315789,-0.01000000,,四川路桥
2018-11-27,600039,0.19000000,0.17000000,0.20000000,0.17000000,,93365.98000000,17.64705882,-5.55555556,-0.01000000,,四川路桥
2018-11-28,600039,0.17000000,0.22000000,0.24000000,0.17000000,,151150.48000000,31.81818182,29.41176471,0.05000000,,四川路桥
2018-11-29,600039,0.23000000,0.17000000,0.24000000,0.17000000,,160485.75000000,41.17647059,-22.72727273,-0.05000000,,四川路桥
2018-11-30,600039,0.17000000,0.19000000,0.20000000,0.14000000,,101934.35000000,31.57894737,11.76470588,0.02000000,,四川路桥
2018-12-03,600039,0.23000000,0.24000000,0.25000000,0.21000000,,258955.98000000,16.66666667,26.31578947,0.05000000,,四川路桥
2018-12-04,600039,0.23000000,0.24000000,0.24000000,0.21000000,,111118.18000000,12.50000000,0.00000000,0.00000000,,四川路桥
2018-12-05,600039,0.20000000,0.19000000,0.22000000,0.19000000,,114705.46000000,15.78947368,-20.83333333,-0.05000000,,四川路桥
2018-12-06,600039,0.19000000,0.21000000,0.25000000,0.19000000,,192432.94000000,28.57142857,10.52631579,0.02000000,,四川路桥
2018-12-07,600039,0.20000000,0.22000000,0.23000000,0.19000000,,125951.33000000,18.18181818,4.76190476,0.01000000,,四川路桥
2018-12-10,600039,0.20000000,0.23000000,0.25000000,0.20000000,,136699.02000000,21.73913043,4.54545455,0.01000000,,四川路桥
2018-12-11,600039,0.25000000,0.22000000,0.25000000,0.22000000,,71847.76000000,13.63636364,-4.34782609,-0.01000000,,四川路桥
2018-12-12,600039,0.24000000,0.22000000,0.24000000,0.20000000,,65242.31000000,18.18181818,0.00000000,0.00000000,,四川路桥
2018-12-13,600039,0.22000000,0.32000000,0.37000000,0.19000000,,612094.86000000,56.25000000,45.45454545,0.10000000,,四川路桥
2018-12-14,600039,0.29000000,0.29000000,0.37000000,0.27000000,,475218.73000000,34.48275862,-9.37500000,-0.03000000,,四川路桥
2018-12-17,600039,0.28000000,0.34000000,0.37000000,0.27000000,,420892.55000000,29.41176471,17.24137931,0.05000000,,四川路桥
2018-12-18,600039,0.31000000,0.30000000,0.34000000,0.26000000,,283309.51000000,26.66666667,-11.76470588,-0.04000000,,四川路桥
2018-12-19,600039,0.29000000,0.27000000,0.30000000,0.26000000,,119276.32000000,14.81481481,-10.00000000,-0.03000000,,四川路桥
2018-12-20,600039,0.26000000,0.22000000,0.28000000,0.20000000,,175757.94000000,36.36363636,-18.51851852,-0.05000000,,四川路桥
2018-12-21,600039,0.20000000,0.18000000,0.22000000,0.16000000,,183625.81000000,33.33333333,-18.18181818,-0.04000000,,四川路桥
2018-12-24,600039,0.18000000,0.19000000,0.19000000,0.16000000,,125419.87000000,15.78947368,5.55555556,0.01000000,,四川路桥
2018-12-25,600039,0.16000000,0.16000000,0.17000000,0.09000000,,153719.06000000,50.00000000,-15.78947368,-0.03000000,,四川路桥
2018-12-26,600039,0.16000000,0.14000000,0.17000000,0.12000000,,89270.09000000,35.71428571,-12.50000000,-0.02000000,,四川路桥
2018-12-27,600039,0.17000000,0.12000000,0.19000000,0.12000000,,119776.00000000,58.33333333,-14.28571429,-0.02000000,,四川路桥
2018-12-28,600039,0.12000000,0.13000000,0.14000000,0.12000000,,70521.98000000,15.38461538,8.33333333,0.01000000,,四川路桥
2019-01-02,600039,0.15000000,0.15000000,0.19000000,0.13000000,,130625.32000000,40.00000000,15.38461538,0.02000000,,四川路桥
2019-01-03,600039,0.15000000,0.15000000,0.17000000,0.13000000,,87939.37000000,26.66666667,0.00000000,0.00000000,,四川路桥
2019-01-04,600039,0.14000000,0.20000000,0.22000000,0.12000000,,219575.92000000,50.00000000,33.33333333,0.05000000,,四川路桥
2019-01-07,600039,0.20000000,0.23000000,0.25000000,0.20000000,,202508.33000000,21.73913043,15.00000000,0.03000000,,四川路桥
2019-01-08,600039,0.24000000,0.24000000,0.27000000,0.20000000,,181710.30000000,29.16666667,4.34782609,0.01000000,,四川路桥
2019-01-09,600039,0.25000000,0.23000000,0.27000000,0.22000000,,177349.70000000,21.73913043,-4.16666667,-0.01000000,,四川路桥
2019-01-10,600039,0.24000000,0.20000000,0.24000000,0.20000000,,117691.58000000,20.00000000,-13.04347826,-0.03000000,,四川路桥
2019-01-11,600039,0.20000000,0.22000000,0.23000000,0.19000000,,106820.60000000,18.18181818,10.00000000,0.02000000,,四川路桥
2019-01-14,600039,0.22000000,0.21000000,0.23000000,0.19000000,,113805.60000000,19.04761905,-4.54545455,-0.01000000,,四川路桥
2019-01-15,600039,0.20000000,0.23000000,0.24000000,0.19000000,,123710.50000000,21.73913043,9.52380952,0.02000000,,四川路桥
2019-01-16,600039,0.23000000,0.21000000,0.24000000,0.20000000,,99978.63000000,19.04761905,-8.69565217,-0.02000000,,四川路桥
2019-01-17,600039,0.21000000,0.19000000,0.22000000,0.19000000,,80231.57000000,15.78947368,-9.52380952,-0.02000000,,四川路桥
2019-01-18,600039,0.19000000,0.22000000,0.22000000,0.19000000,,124343.33000000,13.63636364,15.78947368,0.03000000,,四川路桥
2019-01-21,600039,0.23000000,0.22000000,0.24000000,0.22000000,,134669.07000000,9.09090909,0.00000000,0.00000000,,四川路桥
2019-01-22,600039,0.22000000,0.19000000,0.22000000,0.19000000,,133109.31000000,15.78947368,-13.63636364,-0.03000000,,四川路桥
2019-01-23,600039,0.19000000,0.20000000,0.21000000,0.19000000,,62184.50000000,10.00000000,5.26315789,0.01000000,,四川路桥
2019-01-24,600039,0.19000000,0.19000000,0.20000000,0.17000000,,128444.00000000,15.78947368,-5.00000000,-0.01000000,,四川路桥
2019-01-25,600039,0.19000000,0.18000000,0.19000000,0.17000000,,81398.12000000,11.11111111,-5.26315789,-0.01000000,,四川路桥
2019-01-28,600039,0.18000000,0.17000000,0.19000000,0.15000000,,104197.85000000,23.52941176,-5.55555556,-0.01000000,,四川路桥
2019-01-29,600039,0.16000000,0.14000000,0.16000000,0.11000000,,122669.85000000,35.71428571,-17.64705882,-0.03000000,,四川路桥
2019-01-30,600039,0.12000000,0.13000000,0.14000000,0.12000000,,48865.29000000,15.38461538,-7.14285714,-0.01000000,,四川路桥
2019-01-31,600039,0.12000000,0.12000000,0.14000000,0.11000000,,90735.72000000,25.00000000,-7.69230769,-0.01000000,,四川路桥
2019-02-01,600039,0.12000000,0.17000000,0.18000000,0.12000000,,117500.67000000,35.29411765,41.66666667,0.05000000,,四川路桥
2019-02-11,600039,0.17000000,0.20000000,0.20000000,0.17000000,,168428.35000000,15.00000000,17.64705882,0.03000000,,四川路桥
2019-02-12,600039,0.19000000,0.21000000,0.22000000,0.19000000,,152716.83000000,14.28571429,5.00000000,0.01000000,,四川路桥
2019-02-13,600039,0.21000000,0.23000000,0.24000000,0.20000000,,262205.86000000,17.39130435,9.52380952,0.02000000,,四川路桥
2019-02-14,600039,0.23000000,0.22000000,0.24000000,0.21000000,,161453.88000000,13.63636364,-4.34782609,-0.01000000,,四川路桥
2019-02-15,600039,0.23000000,0.22000000,0.26000000,0.22000000,,248733.57000000,18.18181818,0.00000000,0.00000000,,四川路桥
2019-02-18,600039,0.23000000,0.27000000,0.27000000,0.23000000,,292863.21000000,14.81481481,22.72727273,0.05000000,,四川路桥
2019-02-19,600039,0.27000000,0.26000000,0.29000000,0.24000000,,253853.00000000,19.23076923,-3.70370370,-0.01000000,,四川路桥
2019-02-20,600039,0.27000000,0.27000000,0.27000000,0.24000000,,178022.77000000,11.11111111,3.84615385,0.01000000,,四川路桥
2019-02-21,600039,0.23000000,0.25000000,0.29000000,0.20000000,,281623.52000000,36.00000000,-7.40740741,-0.02000000,,四川路桥
2019-02-22,600039,0.24000000,0.27000000,0.27000000,0.22000000,,256137.53000000,18.51851852,8.00000000,0.02000000,,四川路桥
2019-02-25,600039,0.27000000,0.37000000,0.38000000,0.27000000,,640232.56000000,29.72972973,37.03703704,0.10000000,,四川路桥
2019-02-26,600039,0.36000000,0.45000000,0.57000000,0.33000000,,969296.74000000,53.33333333,21.62162162,0.08000000,,四川路桥
2019-02-27,600039,0.43000000,0.44000000,0.48000000,0.42000000,,551661.23000000,13.63636364,-2.22222222,-0.01000000,,四川路桥
2019-02-28,600039,0.47000000,0.44000000,0.49000000,0.42000000,,317505.90000000,15.90909091,0.00000000,0.00000000,,四川路桥
2019-03-01,600039,0.45000000,0.45000000,0.47000000,0.41000000,,315298.09000000,13.33333333,2.27272727,0.01000000,,四川路桥
2019-03-04,600039,0.47000000,0.50000000,0.57000000,0.44000000,,734105.44000000,26.00000000,11.11111111,0.05000000,,四川路桥
2019-03-05,600039,0.49000000,0.53000000,0.57000000,0.47000000,,554861.73000000,18.86792453,6.00000000,0.03000000,,四川路桥
2019-03-06,600039,0.55000000,0.54000000,0.55000000,0.50000000,,561611.05000000,9.25925926,1.88679245,0.01000000,,四川路桥
2019-03-07,600039,0.58000000,0.61000000,0.63000000,0.56000000,,762975.01000000,11.47540984,12.96296296,0.07000000,,四川路桥
2019-03-08,600039,0.55000000,0.41000000,0.55000000,0.40000000,,652122.66000000,36.58536585,-32.78688525,-0.20000000,,四川路桥
2019-03-11,600039,0.43000000,0.49000000,0.49000000,0.42000000,,350138.70000000,14.28571429,19.51219512,0.08000000,,四川路桥
2019-03-12,600039,0.51000000,0.53000000,0.56000000,0.47000000,,478097.55000000,16.98113208,8.16326531,0.04000000,,四川路桥
2019-03-13,600039,0.51000000,0.58000000,0.73000000,0.47000000,,928858.88000000,44.82758621,9.43396226,0.05000000,,四川路桥
2019-03-14,600039,0.54000000,0.51000000,0.60000000,0.47000000,,495176.81000000,25.49019608,-12.06896552,-0.07000000,,四川路桥
2019-03-15,600039,0.51000000,0.57000000,0.61000000,0.51000000,,505133.64000000,17.54385965,11.76470588,0.06000000,,四川路桥
2019-03-18,600039,0.58000000,0.68000000,0.70000000,0.57000000,,1012012.10000000,19.11764706,19.29824561,0.11000000,,四川路桥
2019-03-19,600039,0.70000000,0.67000000,0.73000000,0.62000000,,731540.57000000,16.41791045,-1.47058824,-0.01000000,,四川路桥
2019-03-20,600039,0.68000000,0.65000000,0.70000000,0.61000000,,662069.37000000,13.84615385,-2.98507463,-0.02000000,,四川路桥
2019-03-21,600039,0.65000000,0.64000000,0.69000000,0.62000000,,768413.02000000,10.93750000,-1.53846154,-0.01000000,,四川路桥
2019-03-22,600039,0.63000000,0.62000000,0.64000000,0.59000000,,410696.30000000,8.06451613,-3.12500000,-0.02000000,,四川路桥
2019-03-25,600039,0.61000000,0.62000000,0.67000000,0.59000000,,477135.52000000,12.90322581,0.00000000,0.00000000,,四川路桥
2019-03-26,600039,0.63000000,0.56000000,0.69000000,0.54000000,,471905.84000000,26.78571429,-9.67741935,-0.06000000,,四川路桥
2019-03-27,600039,0.57000000,0.52000000,0.57000000,0.48000000,,366710.06000000,17.30769231,-7.14285714,-0.04000000,,四川路桥
2019-03-28,600039,0.50000000,0.51000000,0.55000000,0.49000000,,232548.77000000,11.76470588,-1.92307692,-0.01000000,,四川路桥
2019-03-29,600039,0.51000000,0.54000000,0.56000000,0.47000000,,471713.45000000,16.66666667,5.88235294,0.03000000,,四川路桥
2019-04-01,600039,0.54000000,0.61000000,0.62000000,0.54000000,,484230.17000000,13.11475410,12.96296296,0.07000000,,四川路桥
2019-04-02,600039,0.61000000,0.60000000,0.62000000,0.57000000,,494358.96000000,8.33333333,-1.63934426,-0.01000000,,四川路桥
2019-04-03,600039,0.58000000,0.64000000,0.67000000,0.56000000,,658108.10000000,17.18750000,6.66666667,0.04000000,,四川路桥
2019-04-04,600039,0.64000000,0.63000000,0.65000000,0.61000000,,508631.56000000,6.34920635,-1.56250000,-0.01000000,,四川路桥
2019-04-08,600039,0.64000000,0.65000000,0.69000000,0.62000000,,795416.87000000,10.76923077,3.17460317,0.02000000,,四川路桥
2019-04-09,600039,0.67000000,0.68000000,0.72000000,0.64000000,,830090.83000000,11.76470588,4.61538462,0.03000000,,四川路桥
2019-04-10,600039,0.67000000,0.69000000,0.76000000,0.62000000,,812215.32000000,20.28985507,1.47058824,0.01000000,,四川路桥
2019-04-11,600039,0.72000000,0.74000000,0.87000000,0.67000000,,1455051.32000000,27.02702703,7.24637681,0.05000000,,四川路桥
2019-04-12,600039,0.69000000,0.64000000,0.70000000,0.62000000,,817380.09000000,12.50000000,-13.51351351,-0.10000000,,四川路桥
2019-04-15,600039,0.67000000,0.61000000,0.68000000,0.60000000,,520953.60000000,13.11475410,-4.68750000,-0.03000000,,四川路桥
2019-04-16,600039,0.59000000,0.66000000,0.66000000,0.58000000,,412847.56000000,12.12121212,8.19672131,0.05000000,,四川路桥
2019-04-17,600039,0.65000000,0.64000000,0.66000000,0.62000000,,366992.13000000,6.25000000,-3.03030303,-0.02000000,,四川路桥
2019-04-18,600039,0.63000000,0.67000000,0.67000000,0.60000000,,432602.77000000,10.44776119,4.68750000,0.03000000,,四川路桥
2019-04-19,600039,0.67000000,0.74000000,0.80000000,0.64000000,,1016075.15000000,21.62162162,10.44776119,0.07000000,,四川路桥
2019-04-22,600039,0.77000000,0.72000000,0.77000000,0.69000000,,764518.02000000,11.11111111,-2.70270270,-0.02000000,,四川路桥
2019-04-23,600039,0.68000000,0.63000000,0.71000000,0.62000000,,488872.54000000,14.28571429,-12.50000000,-0.09000000,,四川路桥
2019-04-24,600039,0.64000000,0.65000000,0.65000000,0.61000000,,276421.91000000,6.15384615,3.17460317,0.02000000,,四川路桥
2019-04-25,600039,0.66000000,0.53000000,0.66000000,0.52000000,,455084.24000000,26.41509434,-18.46153846,-0.12000000,,四川路桥
2019-04-26,600039,0.50000000,0.49000000,0.54000000,0.49000000,,281156.63000000,10.20408163,-7.54716981,-0.04000000,,四川路桥
2019-04-29,600039,0.50000000,0.47000000,0.53000000,0.45000000,,296701.03000000,17.02127660,-4.08163265,-0.02000000,,四川路桥
2019-04-30,600039,0.49000000,0.49000000,0.53000000,0.47000000,,222005.35000000,12.24489796,4.25531915,0.02000000,,四川路桥
2019-05-06,600039,0.46000000,0.37000000,0.46000000,0.30000000,,437353.87000000,43.24324324,-24.48979592,-0.12000000,,四川路桥
2019-05-07,600039,0.36000000,0.41000000,0.42000000,0.36000000,,221531.55000000,14.63414634,10.81081081,0.04000000,,四川路桥
2019-05-08,600039,0.37000000,0.39000000,0.42000000,0.35000000,,153454.98000000,17.94871795,-4.87804878,-0.02000000,,四川路桥
2019-05-09,600039,0.38000000,0.39000000,0.39000000,0.37000000,,143211.29000000,5.12820513,0.00000000,0.00000000,,四川路桥
2019-05-10,600039,0.40000000,0.46000000,0.46000000,0.35000000,,256799.46000000,23.91304348,17.94871795,0.07000000,,四川路桥
2019-05-13,600039,0.42000000,0.44000000,0.45000000,0.38000000,,211912.48000000,15.90909091,-4.34782609,-0.02000000,,四川路桥
2019-05-14,600039,0.39000000,0.40000000,0.43000000,0.39000000,,141045.00000000,10.00000000,-9.09090909,-0.04000000,,四川路桥
2019-05-15,600039,0.42000000,0.44000000,0.44000000,0.40000000,,175760.64000000,9.09090909,10.00000000,0.04000000,,四川路桥
2019-05-16,600039,0.43000000,0.46000000,0.49000000,0.42000000,,215191.89000000,15.21739130,4.54545455,0.02000000,,四川路桥
2019-05-17,600039,0.44000000,0.37000000,0.46000000,0.36000000,,222615.56000000,27.02702703,-19.56521739,-0.09000000,,四川路桥
2019-05-20,600039,0.37000000,0.34000000,0.38000000,0.29000000,,165203.85000000,26.47058824,-8.10810811,-0.03000000,,四川路桥
2019-05-21,600039,0.34000000,0.36000000,0.37000000,0.33000000,,125282.00000000,11.11111111,5.88235294,0.02000000,,四川路桥
2019-05-22,600039,0.35000000,0.32000000,0.36000000,0.31000000,,150519.00000000,15.62500000,-11.11111111,-0.04000000,,四川路桥
2019-05-23,600039,0.32000000,0.32000000,0.34000000,0.29000000,,122180.16000000,15.62500000,0.00000000,0.00000000,,四川路桥
2019-05-24,600039,0.29000000,0.31000000,0.32000000,0.29000000,,81771.27000000,9.67741935,-3.12500000,-0.01000000,,四川路桥
2019-05-27,600039,0.31000000,0.34000000,0.34000000,0.29000000,,125297.82000000,14.70588235,9.67741935,0.03000000,,四川路桥
2019-05-28,600039,0.34000000,0.33000000,0.35000000,0.32000000,,127203.38000000,9.09090909,-2.94117647,-0.01000000,,四川路桥
2019-05-29,600039,0.32000000,0.32000000,0.33000000,0.31000000,,108473.42000000,6.25000000,-3.03030303,-0.01000000,,四川路桥
2019-05-30,600039,0.31000000,0.34000000,0.34000000,0.27000000,,195255.19000000,20.58823529,6.25000000,0.02000000,,四川路桥
2019-05-31,600039,0.32000000,0.34000000,0.34000000,0.32000000,,117763.22000000,5.88235294,0.00000000,0.00000000,,四川路桥
2019-06-03,600039,0.32000000,0.34000000,0.34000000,0.29000000,,158838.94000000,14.70588235,0.00000000,0.00000000,,四川路桥
2019-06-04,600039,0.32000000,0.30000000,0.33000000,0.30000000,,75945.02000000,10.00000000,-11.76470588,-0.04000000,,四川路桥
2019-06-05,600039,0.31000000,0.31000000,0.33000000,0.31000000,,74696.00000000,6.45161290,3.33333333,0.01000000,,四川路桥
2019-06-06,600039,0.29000000,0.27000000,0.31000000,0.27000000,,110142.33000000,14.81481481,-12.90322581,-0.04000000,,四川路桥
2019-06-10,600039,0.27000000,0.29000000,0.30000000,0.26000000,,70034.00000000,13.79310345,7.40740741,0.02000000,,四川路桥
2019-06-11,600039,0.32000000,0.40000000,0.42000000,0.32000000,,386800.36000000,25.00000000,37.93103448,0.11000000,,四川路桥
2019-06-12,600039,0.40000000,0.39000000,0.43000000,0.38000000,,220560.85000000,12.82051282,-2.50000000,-0.01000000,,四川路桥
2019-06-13,600039,0.39000000,0.39000000,0.42000000,0.36000000,,159235.31000000,15.38461538,0.00000000,0.00000000,,四川路桥
2019-06-14,600039,0.39000000,0.35000000,0.39000000,0.33000000,,184055.77000000,17.14285714,-10.25641026,-0.04000000,,四川路桥
2019-06-17,600039,0.35000000,0.42000000,0.53000000,0.33000000,,276920.78000000,47.61904762,20.00000000,0.07000000,,四川路桥
2019-06-18,600039,0.59000000,0.46000000,0.59000000,0.45000000,,654681.12000000,30.43478261,9.52380952,0.04000000,,四川路桥
2019-06-19,600039,0.47000000,0.47000000,0.55000000,0.44000000,,511016.34000000,23.40425532,2.17391304,0.01000000,,四川路桥
2019-06-20,600039,0.46000000,0.48000000,0.50000000,0.42000000,,354471.79000000,16.66666667,2.12765957,0.01000000,,四川路桥
2019-06-21,600039,0.48000000,0.48000000,0.51000000,0.47000000,,304878.68000000,8.33333333,0.00000000,0.00000000,,四川路桥
2019-06-24,600039,0.49000000,0.49000000,0.49000000,0.44000000,,213174.18000000,10.20408163,2.08333333,0.01000000,,四川路桥
2019-06-25,600039,0.47000000,0.44000000,0.47000000,0.40000000,,240247.33000000,15.90909091,-10.20408163,-0.05000000,,四川路桥
2019-06-26,600039,0.42000000,0.43000000,0.44000000,0.41000000,,98553.04000000,6.97674419,-2.27272727,-0.01000000,,四川路桥
2019-06-27,600039,0.43000000,0.42000000,0.44000000,0.42000000,,150354.34000000,4.76190476,-2.32558140,-0.01000000,,四川路桥
2019-06-28,600039,0.42000000,0.39000000,0.42000000,0.38000000,,138858.00000000,10.25641026,-7.14285714,-0.03000000,,四川路桥
2019-07-01,600039,0.42000000,0.44000000,0.44000000,0.41000000,,189628.11000000,6.81818182,12.82051282,0.05000000,,四川路桥
2019-07-02,600039,0.42000000,0.42000000,0.44000000,0.41000000,,133358.47000000,7.14285714,-4.54545455,-0.02000000,,四川路桥
2019-07-03,600039,0.42000000,0.41000000,0.42000000,0.40000000,,98841.26000000,4.87804878,-2.38095238,-0.01000000,,四川路桥
2019-07-04,600039,0.42000000,0.42000000,0.45000000,0.40000000,,224022.56000000,11.90476190,2.43902439,0.01000000,,四川路桥
2019-07-05,600039,0.42000000,0.41000000,0.42000000,0.39000000,,139615.98000000,7.31707317,-2.38095238,-0.01000000,,四川路桥
2019-07-08,600039,0.41000000,0.33000000,0.41000000,0.32000000,,180185.00000000,27.27272727,-19.51219512,-0.08000000,,四川路桥
2019-07-09,600039,0.33000000,0.32000000,0.35000000,0.32000000,,101381.32000000,9.37500000,-3.03030303,-0.01000000,,四川路桥
2019-07-10,600039,0.33000000,0.32000000,0.33000000,0.30000000,,93827.57000000,9.37500000,0.00000000,0.00000000,,四川路桥
2019-07-11,600039,0.32000000,0.31000000,0.34000000,0.31000000,,97289.67000000,9.67741935,-3.12500000,-0.01000000,,四川路桥
2019-07-12,600039,0.31000000,0.32000000,0.33000000,0.30000000,,102994.37000000,9.37500000,3.22580645,0.01000000,,四川路桥
2019-07-15,600039,0.31000000,0.34000000,0.34000000,0.29000000,,137401.10000000,14.70588235,6.25000000,0.02000000,,四川路桥
2019-07-16,600039,0.33000000,0.34000000,0.34000000,0.32000000,,71228.00000000,5.88235294,0.00000000,0.00000000,,四川路桥
2019-07-17,600039,0.34000000,0.34000000,0.35000000,0.33000000,,95307.52000000,5.88235294,0.00000000,0.00000000,,四川路桥
2019-07-18,600039,0.34000000,0.32000000,0.34000000,0.31000000,,86379.44000000,9.37500000,-5.88235294,-0.02000000,,四川路桥
2019-07-19,600039,0.32000000,0.33000000,0.34000000,0.32000000,,77534.68000000,6.06060606,3.12500000,0.01000000,,四川路桥
2019-07-22,600039,0.33000000,0.31000000,0.34000000,0.29000000,,103780.11000000,16.12903226,-6.06060606,-0.02000000,,四川路桥
2019-07-23,600039,0.31000000,0.31000000,0.32000000,0.29000000,,63345.00000000,9.67741935,0.00000000,0.00000000,,四川路桥
2019-07-24,600039,0.31000000,0.32000000,0.34000000,0.31000000,,85071.12000000,9.37500000,3.22580645,0.01000000,,四川路桥
2019-07-25,600039,0.32000000,0.31000000,0.33000000,0.30000000,,83334.80000000,9.67741935,-3.12500000,-0.01000000,,四川路桥
2019-07-26,600039,0.30000000,0.31000000,0.32000000,0.29000000,,104828.00000000,9.67741935,0.00000000,0.00000000,,四川路桥
2019-07-29,600039,0.32000000,0.30000000,0.32000000,0.29000000,,77170.23000000,10.00000000,-3.22580645,-0.01000000,,四川路桥
2019-07-30,600039,0.30000000,0.32000000,0.33000000,0.29000000,,92199.98000000,12.50000000,6.66666667,0.02000000,,四川路桥
2019-07-31,600039,0.31000000,0.29000000,0.31000000,0.29000000,,114500.76000000,6.89655172,-9.37500000,-0.03000000,,四川路桥
2019-08-01,600039,0.28000000,0.27000000,0.29000000,0.27000000,,83875.45000000,7.40740741,-6.89655172,-0.02000000,,四川路桥
2019-08-02,600039,0.24000000,0.23000000,0.24000000,0.22000000,,132234.62000000,8.69565217,-14.81481481,-0.04000000,,四川路桥
2019-08-05,600039,0.22000000,0.19000000,0.24000000,0.19000000,,124131.00000000,26.31578947,-17.39130435,-0.04000000,,四川路桥
2019-08-06,600039,0.15000000,0.11000000,0.16000000,0.09000000,,228187.69000000,63.63636364,-42.10526316,-0.08000000,,四川路桥
2019-08-07,600039,0.13000000,0.10000000,0.13000000,0.10000000,,84114.00000000,30.00000000,-9.09090909,-0.01000000,,四川路桥
2019-08-08,600039,0.11000000,0.11000000,0.12000000,0.10000000,,98044.11000000,18.18181818,10.00000000,0.01000000,,四川路桥
2019-08-09,600039,0.12000000,0.10000000,0.12000000,0.09000000,,111415.95000000,30.00000000,-9.09090909,-0.01000000,,四川路桥
2019-08-12,600039,0.10000000,0.13000000,0.14000000,0.10000000,,121897.17000000,30.76923077,30.00000000,0.03000000,,四川路桥
2019-08-13,600039,0.12000000,0.12000000,0.13000000,0.11000000,,84754.89000000,16.66666667,-7.69230769,-0.01000000,,四川路桥
2019-08-14,600039,0.14000000,0.17000000,0.19000000,0.13000000,,138880.40000000,35.29411765,41.66666667,0.05000000,,四川路桥
2019-08-15,600039,0.12000000,0.18000000,0.18000000,0.12000000,,109849.15000000,33.33333333,5.88235294,0.01000000,,四川路桥
2019-08-16,600039,0.18000000,0.19000000,0.22000000,0.17000000,,115143.20000000,26.31578947,5.55555556,0.01000000,,四川路桥
2019-08-19,600039,0.18000000,0.22000000,0.23000000,0.18000000,,144879.06000000,22.72727273,15.78947368,0.03000000,,四川路桥
2019-08-20,600039,0.23000000,0.23000000,0.26000000,0.22000000,,117238.00000000,17.39130435,4.54545455,0.01000000,,四川路桥
2019-08-21,600039,0.22000000,0.22000000,0.24000000,0.22000000,,64078.27000000,9.09090909,-4.34782609,-0.01000000,,四川路桥
2019-08-22,600039,0.24000000,0.22000000,0.24000000,0.19000000,,77937.17000000,22.72727273,0.00000000,0.00000000,,四川路桥
2019-08-23,600039,0.22000000,0.21000000,0.23000000,0.20000000,,65524.19000000,14.28571429,-4.54545455,-0.01000000,,四川路桥
2019-08-26,600039,0.15000000,0.18000000,0.19000000,0.14000000,,94764.16000000,27.77777778,-14.28571429,-0.03000000,,四川路桥
2019-08-27,600039,0.19000000,0.22000000,0.23000000,0.18000000,,105924.99000000,22.72727273,22.22222222,0.04000000,,四川路桥
2019-08-28,600039,0.20000000,0.22000000,0.23000000,0.19000000,,75475.00000000,18.18181818,0.00000000,0.00000000,,四川路桥
2019-08-29,600039,0.22000000,0.21000000,0.22000000,0.19000000,,103647.38000000,14.28571429,-4.54545455,-0.01000000,,四川路桥
2019-08-30,600039,0.22000000,0.20000000,0.22000000,0.18000000,,83238.24000000,20.00000000,-4.76190476,-0.01000000,,四川路桥
2019-09-02,600039,0.23000000,0.24000000,0.24000000,0.21000000,,181036.23000000,12.50000000,20.00000000,0.04000000,,四川路桥
2019-09-03,600039,0.23000000,0.25000000,0.26000000,0.22000000,,152213.91000000,16.00000000,4.16666667,0.01000000,,四川路桥
2019-09-04,600039,0.25000000,0.30000000,0.30000000,0.24000000,,255913.87000000,20.00000000,20.00000000,0.05000000,,四川路桥
2019-09-05,600039,0.31000000,0.29000000,0.34000000,0.29000000,,254037.74000000,17.24137931,-3.33333333,-0.01000000,,四川路桥
2019-09-06,600039,0.29000000,0.27000000,0.30000000,0.27000000,,116076.71000000,11.11111111,-6.89655172,-0.02000000,,四川路桥
2019-09-09,600039,0.30000000,0.31000000,0.32000000,0.29000000,,161874.20000000,9.67741935,14.81481481,0.04000000,,四川路桥
2019-09-10,600039,0.32000000,0.30000000,0.32000000,0.29000000,,117301.00000000,10.00000000,-3.22580645,-0.01000000,,四川路桥
2019-09-11,600039,0.31000000,0.27000000,0.31000000,0.25000000,,288377.90000000,22.22222222,-10.00000000,-0.03000000,,四川路桥
2019-09-12,600039,0.28000000,0.29000000,0.29000000,0.26000000,,222130.59000000,10.34482759,7.40740741,0.02000000,,四川路桥
2019-09-16,600039,0.29000000,0.28000000,0.29000000,0.26000000,,235101.89000000,10.71428571,-3.44827586,-0.01000000,,四川路桥
2019-09-17,600039,0.28000000,0.21000000,0.28000000,0.20000000,,257295.08000000,38.09523810,-25.00000000,-0.07000000,,四川路桥
2019-09-18,600039,0.22000000,0.20000000,0.23000000,0.19000000,,174119.42000000,20.00000000,-4.76190476,-0.01000000,,四川路桥
2019-09-19,600039,0.22000000,0.22000000,0.22000000,0.18000000,,196634.18000000,18.18181818,10.00000000,0.02000000,,四川路桥
2019-09-20,600039,0.29000000,0.24000000,0.29000000,0.23000000,,459249.01000000,25.00000000,9.09090909,0.02000000,,四川路桥
2019-09-23,600039,0.22000000,0.18000000,0.23000000,0.17000000,,272956.97000000,33.33333333,-25.00000000,-0.06000000,,四川路桥
2019-09-24,600039,0.18000000,0.17000000,0.19000000,0.17000000,,210403.67000000,11.76470588,-5.55555556,-0.01000000,,四川路桥
2019-09-25,600039,0.17000000,0.15000000,0.17000000,0.14000000,,136274.60000000,20.00000000,-11.76470588,-0.02000000,,四川路桥
2019-09-26,600039,0.15000000,0.14000000,0.16000000,0.14000000,,133457.83000000,14.28571429,-6.66666667,-0.01000000,,四川路桥
2019-09-27,600039,0.14000000,0.14000000,0.15000000,0.14000000,,78269.71000000,7.14285714,0.00000000,0.00000000,,四川路桥
2019-09-30,600039,0.15000000,0.13000000,0.15000000,0.13000000,,86195.81000000,15.38461538,-7.14285714,-0.01000000,,四川路桥
2019-10-08,600039,0.14000000,0.16000000,0.16000000,0.13000000,,99630.64000000,18.75000000,23.07692308,0.03000000,,四川路桥
2019-10-09,600039,0.14000000,0.17000000,0.17000000,0.14000000,,84075.27000000,17.64705882,6.25000000,0.01000000,,四川路桥
2019-10-10,600039,0.16000000,0.19000000,0.19000000,0.16000000,,135839.94000000,15.78947368,11.76470588,0.02000000,,四川路桥
2019-10-11,600039,0.18000000,0.19000000,0.19000000,0.17000000,,131052.69000000,10.52631579,0.00000000,0.00000000,,四川路桥
2019-10-14,600039,0.19000000,0.21000000,0.22000000,0.19000000,,185089.87000000,14.28571429,10.52631579,0.02000000,,四川路桥
2019-10-15,600039,0.21000000,0.20000000,0.22000000,0.19000000,,135301.57000000,15.00000000,-4.76190476,-0.01000000,,四川路桥
2019-10-16,600039,0.21000000,0.19000000,0.22000000,0.18000000,,121966.92000000,21.05263158,-5.00000000,-0.01000000,,四川路桥
2019-10-17,600039,0.19000000,0.18000000,0.20000000,0.17000000,,93093.24000000,16.66666667,-5.26315789,-0.01000000,,四川路桥
2019-10-18,600039,0.18000000,0.14000000,0.19000000,0.13000000,,129175.05000000,42.85714286,-22.22222222,-0.04000000,,四川路桥
2019-10-21,600039,0.14000000,0.14000000,0.14000000,0.12000000,,99899.35000000,14.28571429,0.00000000,0.00000000,,四川路桥
2019-10-22,600039,0.13000000,0.14000000,0.15000000,0.13000000,,80074.48000000,14.28571429,0.00000000,0.00000000,,四川路桥
2019-10-23,600039,0.15000000,0.17000000,0.19000000,0.14000000,,144171.28000000,29.41176471,21.42857143,0.03000000,,四川路桥
2019-10-24,600039,0.17000000,0.15000000,0.17000000,0.14000000,,95348.80000000,20.00000000,-11.76470588,-0.02000000,,四川路桥
2019-10-25,600039,0.14000000,0.17000000,0.17000000,0.13000000,,103883.26000000,23.52941176,13.33333333,0.02000000,,四川路桥
2019-10-28,600039,0.17000000,0.18000000,0.18000000,0.15000000,,121459.07000000,16.66666667,5.88235294,0.01000000,,四川路桥
2019-10-29,600039,0.18000000,0.17000000,0.19000000,0.16000000,,98699.42000000,17.64705882,-5.55555556,-0.01000000,,四川路桥
2019-10-30,600039,0.16000000,0.14000000,0.17000000,0.13000000,,107510.80000000,28.57142857,-17.64705882,-0.03000000,,四川路桥
2019-10-31,600039,0.14000000,0.14000000,0.15000000,0.13000000,,103922.23000000,14.28571429,0.00000000,0.00000000,,四川路桥
2019-11-01,600039,0.13000000,0.14000000,0.15000000,0.12000000,,125691.27000000,21.42857143,0.00000000,0.00000000,,四川路桥
2019-11-04,600039,0.14000000,0.16000000,0.17000000,0.14000000,,173053.10000000,18.75000000,14.28571429,0.02000000,,四川路桥
2019-11-05,600039,0.17000000,0.18000000,0.19000000,0.14000000,,174721.27000000,27.77777778,12.50000000,0.02000000,,四川路桥
2019-11-06,600039,0.18000000,0.16000000,0.19000000,0.15000000,,110463.31000000,25.00000000,-11.11111111,-0.02000000,,四川路桥
2019-11-07,600039,0.17000000,0.16000000,0.17000000,0.14000000,,73206.40000000,18.75000000,0.00000000,0.00000000,,四川路桥
2019-11-08,600039,0.17000000,0.15000000,0.17000000,0.14000000,,85176.72000000,20.00000000,-6.25000000,-0.01000000,,四川路桥
2019-11-11,600039,0.14000000,0.11000000,0.14000000,0.11000000,,126339.41000000,27.27272727,-26.66666667,-0.04000000,,四川路桥
2019-11-12,600039,0.11000000,0.14000000,0.14000000,0.09000000,,134653.51000000,35.71428571,27.27272727,0.03000000,,四川路桥
2019-11-13,600039,0.12000000,0.11000000,0.12000000,0.09000000,,94731.56000000,27.27272727,-21.42857143,-0.03000000,,四川路桥
2019-11-14,600039,0.12000000,0.13000000,0.15000000,0.12000000,,130311.69000000,23.07692308,18.18181818,0.02000000,,四川路桥
2019-11-15,600039,0.12000000,0.09000000,0.13000000,0.09000000,,101171.84000000,44.44444444,-30.76923077,-0.04000000,,四川路桥
2019-11-18,600039,0.10000000,0.10000000,0.10000000,0.08000000,,79594.59000000,20.00000000,11.11111111,0.01000000,,四川路桥
2019-11-19,600039,0.10000000,0.12000000,0.13000000,0.09000000,,95451.35000000,33.33333333,20.00000000,0.02000000,,四川路桥
2019-11-20,600039,0.12000000,0.09000000,0.12000000,0.09000000,,72207.00000000,33.33333333,-25.00000000,-0.03000000,,四川路桥
2019-11-21,600039,0.09000000,0.10000000,0.11000000,0.09000000,,46897.93000000,20.00000000,11.11111111,0.01000000,,四川路桥
2019-11-22,600039,0.10000000,0.11000000,0.12000000,0.09000000,,102653.83000000,27.27272727,10.00000000,0.01000000,,四川路桥
2019-11-25,600039,0.12000000,0.15000000,0.15000000,0.10000000,,187065.31000000,33.33333333,36.36363636,0.04000000,,四川路桥
2019-11-26,600039,0.14000000,0.14000000,0.14000000,0.12000000,,93880.57000000,14.28571429,-6.66666667,-0.01000000,,四川路桥
2019-11-27,600039,0.14000000,0.13000000,0.14000000,0.12000000,,76614.22000000,15.38461538,-7.14285714,-0.01000000,,四川路桥
2019-11-28,600039,0.13000000,0.13000000,0.15000000,0.12000000,,79574.21000000,23.07692308,0.00000000,0.00000000,,四川路桥
2019-11-29,600039,0.14000000,0.14000000,0.14000000,0.12000000,,66867.78000000,14.28571429,7.69230769,0.01000000,,四川路桥
2019-12-02,600039,0.14000000,0.14000000,0.15000000,0.13000000,,77847.89000000,14.28571429,0.00000000,0.00000000,,四川路桥
2019-12-03,600039,0.13000000,0.13000000,0.14000000,0.11000000,,70745.46000000,23.07692308,-7.14285714,-0.01000000,,四川路桥
2019-12-04,600039,0.12000000,0.12000000,0.13000000,0.11000000,,69853.19000000,16.66666667,-7.69230769,-0.01000000,,四川路桥
2019-12-05,600039,0.12000000,0.12000000,0.14000000,0.12000000,,73880.82000000,16.66666667,0.00000000,0.00000000,,四川路桥
2019-12-06,600039,0.13000000,0.14000000,0.14000000,0.12000000,,84117.11000000,14.28571429,16.66666667,0.02000000,,四川路桥
2019-12-09,600039,0.14000000,0.14000000,0.14000000,0.12000000,,84518.15000000,14.28571429,0.00000000,0.00000000,,四川路桥
2019-12-10,600039,0.13000000,0.12000000,0.14000000,0.12000000,,129057.24000000,16.66666667,-14.28571429,-0.02000000,,四川路桥
2019-12-11,600039,0.12000000,0.12000000,0.12000000,0.11000000,,102261.20000000,8.33333333,0.00000000,0.00000000,,四川路桥
2019-12-12,600039,0.12000000,0.11000000,0.12000000,0.10000000,,70331.98000000,18.18181818,-8.33333333,-0.01000000,,四川路桥
2019-12-13,600039,0.12000000,0.13000000,0.14000000,0.11000000,,145429.30000000,23.07692308,18.18181818,0.02000000,,四川路桥
2019-12-16,600039,0.13000000,0.14000000,0.14000000,0.12000000,,155622.12000000,14.28571429,7.69230769,0.01000000,,四川路桥
2019-12-17,600039,0.14000000,0.17000000,0.19000000,0.13000000,,276984.14000000,35.29411765,21.42857143,0.03000000,,四川路桥
2019-12-18,600039,0.17000000,0.16000000,0.18000000,0.15000000,,177611.94000000,18.75000000,-5.88235294,-0.01000000,,四川路桥
2019-12-19,600039,0.16000000,0.17000000,0.17000000,0.16000000,,127111.95000000,5.88235294,6.25000000,0.01000000,,四川路桥
2019-12-20,600039,0.17000000,0.16000000,0.18000000,0.16000000,,105306.11000000,12.50000000,-5.88235294,-0.01000000,,四川路桥
2019-12-23,600039,0.16000000,0.12000000,0.16000000,0.12000000,,142954.33000000,33.33333333,-25.00000000,-0.04000000,,四川路桥
2019-12-24,600039,0.13000000,0.14000000,0.15000000,0.12000000,,98099.83000000,21.42857143,16.66666667,0.02000000,,四川路桥
2019-12-25,600039,0.14000000,0.13000000,0.14000000,0.12000000,,97404.25000000,15.38461538,-7.14285714,-0.01000000,,四川路桥
2019-12-26,600039,0.13000000,0.14000000,0.14000000,0.13000000,,123702.83000000,7.14285714,7.69230769,0.01000000,,四川路桥
2019-12-27,600039,0.14000000,0.14000000,0.16000000,0.13000000,,166268.33000000,21.42857143,0.00000000,0.00000000,,四川路桥
2019-12-30,600039,0.14000000,0.17000000,0.17000000,0.13000000,,250728.69000000,23.52941176,21.42857143,0.03000000,,四川路桥
2019-12-31,600039,0.17000000,0.22000000,0.23000000,0.17000000,,397323.87000000,27.27272727,29.41176471,0.05000000,,四川路桥
2020-01-02,600039,0.24000000,0.29000000,0.32000000,0.22000000,,651221.51000000,34.48275862,31.81818182,0.07000000,,四川路桥
2020-01-03,600039,0.28000000,0.26000000,0.28000000,0.24000000,,306368.04000000,15.38461538,-10.34482759,-0.03000000,,四川路桥
2020-01-06,600039,0.24000000,0.24000000,0.25000000,0.17000000,,631807.19000000,33.33333333,-7.69230769,-0.02000000,,四川路桥
2020-01-07,600039,0.23000000,0.32000000,0.32000000,0.22000000,,626194.04000000,31.25000000,33.33333333,0.08000000,,四川路桥
2020-01-08,600039,0.36000000,0.32000000,0.37000000,0.28000000,,660858.74000000,28.12500000,0.00000000,0.00000000,,四川路桥
2020-01-09,600039,0.32000000,0.32000000,0.34000000,0.30000000,,303009.92000000,12.50000000,0.00000000,0.00000000,,四川路桥
2020-01-10,600039,0.32000000,0.32000000,0.32000000,0.27000000,,264262.94000000,15.62500000,0.00000000,0.00000000,,四川路桥
2020-01-13,600039,0.32000000,0.31000000,0.32000000,0.28000000,,148367.04000000,12.90322581,-3.12500000,-0.01000000,,四川路桥
2020-01-14,600039,0.34000000,0.33000000,0.34000000,0.31000000,,230233.47000000,9.09090909,6.45161290,0.02000000,,四川路桥
2020-01-15,600039,0.32000000,0.29000000,0.32000000,0.28000000,,149267.03000000,13.79310345,-12.12121212,-0.04000000,,四川路桥
2020-01-16,600039,0.29000000,0.25000000,0.29000000,0.24000000,,182217.25000000,20.00000000,-13.79310345,-0.04000000,,四川路桥
2020-01-17,600039,0.27000000,0.31000000,0.34000000,0.26000000,,686235.00000000,25.80645161,24.00000000,0.06000000,,四川路桥
2020-01-20,600039,0.32000000,0.32000000,0.32000000,0.29000000,,159272.82000000,9.37500000,3.22580645,0.01000000,,四川路桥
2020-01-21,600039,0.29000000,0.27000000,0.31000000,0.27000000,,150864.77000000,14.81481481,-15.62500000,-0.05000000,,四川路桥
2020-01-22,600039,0.27000000,0.26000000,0.29000000,0.22000000,,164316.72000000,26.92307692,-3.70370370,-0.01000000,,四川路桥
2020-01-23,600039,0.26000000,0.20000000,0.27000000,0.18000000,,253257.25000000,45.00000000,-23.07692308,-0.06000000,,四川路桥
2020-02-03,600039,-0.03000000,-0.01000000,0.04000000,-0.03000000,,669723.91000000,-700.00000000,-105.00000000,-0.21000000,,四川路桥
2020-02-04,600039,-0.03000000,0.03000000,0.04000000,-0.03000000,,275378.95000000,233.33333333,-400.00000000,0.04000000,,四川路桥
2020-02-05,600039,0.03000000,0.04000000,0.09000000,0.02000000,,242645.68000000,175.00000000,33.33333333,0.01000000,,四川路桥
2020-02-06,600039,0.27000000,0.23000000,0.27000000,0.16000000,,657005.84000000,47.82608696,475.00000000,0.19000000,,四川路桥
2020-02-07,600039,0.20000000,0.21000000,0.23000000,0.18000000,,301662.48000000,23.80952381,-8.69565217,-0.02000000,,四川路桥
2020-02-10,600039,0.19000000,0.24000000,0.27000000,0.19000000,,305019.63000000,33.33333333,14.28571429,0.03000000,,四川路桥
2020-02-11,600039,0.23000000,0.22000000,0.26000000,0.22000000,,200081.26000000,18.18181818,-8.33333333,-0.02000000,,四川路桥
2020-02-12,600039,0.22000000,0.22000000,0.23000000,0.20000000,,169244.62000000,13.63636364,0.00000000,0.00000000,,四川路桥
2020-02-13,600039,0.22000000,0.19000000,0.24000000,0.18000000,,218827.30000000,31.57894737,-13.63636364,-0.03000000,,四川路桥
2020-02-14,600039,0.19000000,0.18000000,0.20000000,0.17000000,,163520.47000000,16.66666667,-5.26315789,-0.01000000,,四川路桥
2020-02-17,600039,0.18000000,0.22000000,0.22000000,0.17000000,,248666.23000000,22.72727273,22.22222222,0.04000000,,四川路桥
2020-02-18,600039,0.22000000,0.22000000,0.23000000,0.20000000,,225197.53000000,13.63636364,0.00000000,0.00000000,,四川路桥
2020-02-19,600039,0.21000000,0.22000000,0.24000000,0.19000000,,262016.10000000,22.72727273,0.00000000,0.00000000,,四川路桥
2020-02-20,600039,0.22000000,0.27000000,0.28000000,0.22000000,,494621.82000000,22.22222222,22.72727273,0.05000000,,四川路桥
2020-02-21,600039,0.28000000,0.25000000,0.28000000,0.24000000,,385741.94000000,16.00000000,-7.40740741,-0.02000000,,四川路桥
2020-02-24,600039,0.26000000,0.24000000,0.29000000,0.23000000,,352703.79000000,25.00000000,-4.00000000,-0.01000000,,四川路桥
2020-02-25,600039,0.20000000,0.20000000,0.22000000,0.17000000,,362901.68000000,25.00000000,-16.66666667,-0.04000000,,四川路桥
2020-02-26,600039,0.18000000,0.31000000,0.37000000,0.17000000,,988161.91000000,64.51612903,55.00000000,0.11000000,,四川路桥
2020-02-27,600039,0.32000000,0.30000000,0.37000000,0.27000000,,746669.20000000,33.33333333,-3.22580645,-0.01000000,,四川路桥
2020-02-28,600039,0.25000000,0.31000000,0.39000000,0.23000000,,958038.46000000,51.61290323,3.33333333,0.01000000,,四川路桥
2020-03-02,600039,0.37000000,0.56000000,0.56000000,0.32000000,,1617966.63000000,42.85714286,80.64516129,0.25000000,,四川路桥
2020-03-03,600039,0.63000000,0.67000000,0.72000000,0.49000000,,2065152.21000000,34.32835821,19.64285714,0.11000000,,四川路桥
2020-03-04,600039,0.57000000,0.66000000,0.71000000,0.57000000,,1218925.35000000,21.21212121,-1.49253731,-0.01000000,,四川路桥
2020-03-05,600039,0.67000000,0.69000000,0.74000000,0.58000000,,1506820.59000000,23.18840580,4.54545455,0.03000000,,四川路桥
2020-03-06,600039,0.62000000,0.55000000,0.65000000,0.54000000,,947224.66000000,20.00000000,-20.28985507,-0.14000000,,四川路桥
2020-03-09,600039,0.49000000,0.45000000,0.56000000,0.44000000,,599570.22000000,26.66666667,-18.18181818,-0.10000000,,四川路桥
2020-03-10,600039,0.40000000,0.50000000,0.53000000,0.39000000,,581163.64000000,28.00000000,11.11111111,0.05000000,,四川路桥
2020-03-11,600039,0.51000000,0.44000000,0.51000000,0.43000000,,462297.90000000,18.18181818,-12.00000000,-0.06000000,,四川路桥
2020-03-12,600039,0.42000000,0.41000000,0.44000000,0.39000000,,325087.80000000,12.19512195,-6.81818182,-0.03000000,,四川路桥
2020-03-13,600039,0.32000000,0.37000000,0.39000000,0.29000000,,441410.62000000,27.02702703,-9.75609756,-0.04000000,,四川路桥
2020-03-16,600039,0.38000000,0.34000000,0.43000000,0.33000000,,427209.12000000,29.41176471,-8.10810811,-0.03000000,,四川路桥
2020-03-17,600039,0.58000000,0.57000000,0.59000000,0.44000000,,1150086.62000000,26.31578947,67.64705882,0.23000000,,四川路桥
2020-03-18,600039,0.52000000,0.49000000,0.59000000,0.45000000,,731421.61000000,28.57142857,-14.03508772,-0.08000000,,四川路桥
2020-03-19,600039,0.49000000,0.49000000,0.52000000,0.43000000,,480546.13000000,18.36734694,0.00000000,0.00000000,,四川路桥
2020-03-20,600039,0.54000000,0.56000000,0.59000000,0.50000000,,579986.02000000,16.07142857,14.28571429,0.07000000,,四川路桥
2020-03-23,600039,0.50000000,0.49000000,0.53000000,0.48000000,,376986.85000000,10.20408163,-12.50000000,-0.07000000,,四川路桥
2020-03-24,600039,0.52000000,0.52000000,0.54000000,0.47000000,,360009.54000000,13.46153846,6.12244898,0.03000000,,四川路桥
2020-03-25,600039,0.55000000,0.52000000,0.56000000,0.49000000,,387741.37000000,13.46153846,0.00000000,0.00000000,,四川路桥
2020-03-26,600039,0.52000000,0.49000000,0.52000000,0.47000000,,305786.14000000,10.20408163,-5.76923077,-0.03000000,,四川路桥
2020-03-27,600039,0.51000000,0.52000000,0.57000000,0.49000000,,487403.66000000,15.38461538,6.12244898,0.03000000,,四川路桥
2020-03-30,600039,0.50000000,0.55000000,0.56000000,0.50000000,,399626.74000000,10.90909091,5.76923077,0.03000000,,四川路桥
2020-03-31,600039,0.55000000,0.57000000,0.58000000,0.52000000,,427990.36000000,10.52631579,3.63636364,0.02000000,,四川路桥
2020-04-01,600039,0.57000000,0.59000000,0.64000000,0.57000000,,393083.55000000,11.86440678,3.50877193,0.02000000,,四川路桥
2020-04-02,600039,0.62000000,0.64000000,0.64000000,0.58000000,,400924.52000000,9.37500000,8.47457627,0.05000000,,四川路桥
2020-04-03,600039,0.66000000,0.62000000,0.66000000,0.61000000,,587741.96000000,8.06451613,-3.12500000,-0.02000000,,四川路桥
2020-04-08,600039,0.72000000,0.62000000,0.72000000,0.61000000,,443318.87000000,17.74193548,0.00000000,0.00000000,,四川路桥
2020-04-09,600039,0.64000000,0.56000000,0.64000000,0.55000000,,269379.38000000,16.07142857,-9.67741935,-0.06000000,,四川路桥
2020-04-10,600039,0.58000000,0.61000000,0.64000000,0.54000000,,325655.90000000,16.39344262,8.92857143,0.05000000,,四川路桥
2020-04-13,600039,0.57000000,0.60000000,0.64000000,0.57000000,,166937.98000000,11.66666667,-1.63934426,-0.01000000,,四川路桥
2020-04-14,600039,0.62000000,0.62000000,0.64000000,0.60000000,,126341.00000000,6.45161290,3.33333333,0.02000000,,四川路桥
2020-04-15,600039,0.64000000,0.60000000,0.64000000,0.59000000,,125042.88000000,8.33333333,-3.22580645,-0.02000000,,四川路桥
2020-04-16,600039,0.60000000,0.58000000,0.60000000,0.57000000,,121707.98000000,5.17241379,-3.33333333,-0.02000000,,四川路桥
2020-04-17,600039,0.58000000,0.59000000,0.63000000,0.56000000,,188272.02000000,11.86440678,1.72413793,0.01000000,,四川路桥
2020-04-20,600039,0.60000000,0.64000000,0.67000000,0.58000000,,247742.25000000,14.06250000,8.47457627,0.05000000,,四川路桥
2020-04-21,600039,0.61000000,0.62000000,0.62000000,0.57000000,,172640.98000000,8.06451613,-3.12500000,-0.02000000,,四川路桥
2020-04-22,600039,0.59000000,0.61000000,0.62000000,0.59000000,,116050.80000000,4.91803279,-1.61290323,-0.01000000,,四川路桥
2020-04-23,600039,0.61000000,0.59000000,0.62000000,0.58000000,,104984.68000000,6.77966102,-3.27868852,-0.02000000,,四川路桥
2020-04-24,600039,0.59000000,0.56000000,0.59000000,0.56000000,,117574.91000000,5.35714286,-5.08474576,-0.03000000,,四川路桥
2020-04-27,600039,0.57000000,0.54000000,0.59000000,0.53000000,,109331.73000000,11.11111111,-3.57142857,-0.02000000,,四川路桥
2020-04-28,600039,0.54000000,0.46000000,0.54000000,0.40000000,,168800.51000000,30.43478261,-14.81481481,-0.08000000,,四川路桥
2020-04-29,600039,0.45000000,0.47000000,0.48000000,0.45000000,,60436.57000000,6.38297872,2.17391304,0.01000000,,四川路桥
2020-04-30,600039,0.49000000,0.54000000,0.54000000,0.49000000,,132693.85000000,9.25925926,14.89361702,0.07000000,,四川路桥
2020-05-06,600039,0.66000000,0.65000000,0.69000000,0.62000000,,467733.29000000,10.76923077,20.37037037,0.11000000,,四川路桥
2020-05-07,600039,0.65000000,0.62000000,0.67000000,0.62000000,,252161.46000000,8.06451613,-4.61538462,-0.03000000,,四川路桥
2020-05-08,600039,0.64000000,0.62000000,0.64000000,0.62000000,,164861.00000000,3.22580645,0.00000000,0.00000000,,四川路桥
2020-05-11,600039,0.64000000,0.64000000,0.66000000,0.60000000,,234980.92000000,9.37500000,3.22580645,0.02000000,,四川路桥
2020-05-12,600039,0.64000000,0.62000000,0.66000000,0.61000000,,199966.79000000,8.06451613,-3.12500000,-0.02000000,,四川路桥
2020-05-13,600039,0.62000000,0.67000000,0.69000000,0.61000000,,243095.37000000,11.94029851,8.06451613,0.05000000,,四川路桥
2020-05-14,600039,0.67000000,0.69000000,0.69000000,0.62000000,,307536.65000000,10.14492754,2.98507463,0.02000000,,四川路桥
2020-05-15,600039,0.69000000,0.72000000,0.75000000,0.69000000,,248269.61000000,8.33333333,4.34782609,0.03000000,,四川路桥
2020-05-18,600039,0.90000000,0.82000000,0.92000000,0.79000000,,699108.44000000,15.85365854,13.88888889,0.10000000,,四川路桥
2020-05-19,600039,0.83000000,0.77000000,0.84000000,0.76000000,,326486.21000000,10.38961039,-6.09756098,-0.05000000,,四川路桥
2020-05-20,600039,0.77000000,0.73000000,0.77000000,0.70000000,,307135.93000000,9.58904110,-5.19480519,-0.04000000,,四川路桥
2020-05-21,600039,0.72000000,0.72000000,0.74000000,0.70000000,,156603.46000000,5.55555556,-1.36986301,-0.01000000,,四川路桥
2020-05-22,600039,0.72000000,0.66000000,0.72000000,0.66000000,,191643.41000000,9.09090909,-8.33333333,-0.06000000,,四川路桥
2020-05-25,600039,0.65000000,0.67000000,0.68000000,0.64000000,,132044.46000000,5.97014925,1.51515152,0.01000000,,四川路桥
2020-05-26,600039,0.67000000,0.66000000,0.67000000,0.64000000,,230433.35000000,4.54545455,-1.49253731,-0.01000000,,四川路桥
2020-05-27,600039,0.67000000,0.63000000,0.67000000,0.62000000,,135018.93000000,7.93650794,-4.54545455,-0.03000000,,四川路桥
2020-05-28,600039,0.63000000,0.63000000,0.65000000,0.62000000,,132339.80000000,4.76190476,0.00000000,0.00000000,,四川路桥
2020-05-29,600039,0.62000000,0.64000000,0.64000000,0.62000000,,100506.34000000,3.12500000,1.58730159,0.01000000,,四川路桥
2020-06-01,600039,0.64000000,0.71000000,0.72000000,0.64000000,,219436.76000000,11.26760563,10.93750000,0.07000000,,四川路桥
2020-06-02,600039,0.72000000,0.72000000,0.74000000,0.70000000,,195519.75000000,5.55555556,1.40845070,0.01000000,,四川路桥
2020-06-03,600039,0.72000000,0.71000000,0.73000000,0.70000000,,120136.35000000,4.22535211,-1.38888889,-0.01000000,,四川路桥
2020-06-04,600039,0.72000000,0.71000000,0.72000000,0.69000000,,95137.31000000,4.22535211,0.00000000,0.00000000,,四川路桥
2020-06-05,600039,0.72000000,0.73000000,0.74000000,0.70000000,,122214.02000000,5.47945205,2.81690141,0.02000000,,四川路桥
2020-06-08,600039,0.74000000,0.73000000,0.75000000,0.71000000,,113168.58000000,5.47945205,0.00000000,0.00000000,,四川路桥
2020-06-09,600039,0.72000000,0.72000000,0.73000000,0.69000000,,119471.29000000,5.55555556,-1.36986301,-0.01000000,,四川路桥
2020-06-10,600039,0.72000000,0.72000000,0.72000000,0.69000000,,94939.68000000,4.16666667,0.00000000,0.00000000,,四川路桥
2020-06-11,600039,0.72000000,0.71000000,0.73000000,0.69000000,,93209.41000000,5.63380282,-1.38888889,-0.01000000,,四川路桥
2020-06-12,600039,0.69000000,0.68000000,0.70000000,0.67000000,,140583.36000000,4.41176471,-4.22535211,-0.03000000,,四川路桥
2020-06-15,600039,0.68000000,0.70000000,0.71000000,0.64000000,,163858.49000000,10.00000000,2.94117647,0.02000000,,四川路桥
2020-06-16,600039,0.72000000,0.71000000,0.72000000,0.68000000,,132720.35000000,5.63380282,1.42857143,0.01000000,,四川路桥
2020-06-17,600039,0.72000000,0.70000000,0.72000000,0.69000000,,63667.60000000,4.28571429,-1.40845070,-0.01000000,,四川路桥
2020-06-18,600039,0.71000000,0.68000000,0.71000000,0.68000000,,87018.12000000,4.41176471,-2.85714286,-0.02000000,,四川路桥
2020-06-19,600039,0.69000000,0.67000000,0.69000000,0.66000000,,118367.83000000,4.47761194,-1.47058824,-0.01000000,,四川路桥
2020-06-22,600039,0.66000000,0.64000000,0.69000000,0.64000000,,112644.02000000,7.81250000,-4.47761194,-0.03000000,,四川路桥
2020-06-23,600039,0.64000000,0.59000000,0.65000000,0.59000000,,121598.99000000,10.16949153,-7.81250000,-0.05000000,,四川路桥
2020-06-24,600039,0.59000000,0.60000000,0.61000000,0.59000000,,82855.56000000,3.33333333,1.69491525,0.01000000,,四川路桥
2020-06-29,600039,0.60000000,0.54000000,0.61000000,0.52000000,,128852.00000000,16.66666667,-10.00000000,-0.06000000,,四川路桥
2020-06-30,600039,0.55000000,0.55000000,0.57000000,0.54000000,,83742.02000000,5.45454545,1.85185185,0.01000000,,四川路桥
2020-07-01,600039,0.56000000,0.57000000,0.57000000,0.54000000,,95616.94000000,5.26315789,3.63636364,0.02000000,,四川路桥
2020-07-02,600039,0.57000000,0.62000000,0.64000000,0.55000000,,156706.19000000,14.51612903,8.77192982,0.05000000,,四川路桥
2020-07-03,600039,0.62000000,0.68000000,0.70000000,0.62000000,,200736.49000000,11.76470588,9.67741935,0.06000000,,四川路桥
2020-07-06,600039,0.67000000,0.79000000,0.79000000,0.66000000,,473184.66000000,16.45569620,16.17647059,0.11000000,,四川路桥
2020-07-07,600039,0.79000000,0.78000000,0.86000000,0.77000000,,438501.50000000,11.53846154,-1.26582278,-0.01000000,,四川路桥
2020-07-08,600039,0.79000000,0.84000000,0.87000000,0.74000000,,465534.00000000,15.47619048,7.69230769,0.06000000,,四川路桥
2020-07-09,600039,0.84000000,0.88000000,0.89000000,0.80000000,,443856.59000000,10.22727273,4.76190476,0.04000000,,四川路桥
2020-07-10,600039,0.89000000,0.84000000,0.92000000,0.82000000,,351209.79000000,11.90476190,-4.54545455,-0.04000000,,四川路桥
2020-07-13,600039,0.84000000,0.99000000,1.04000000,0.84000000,,641282.43000000,20.20202020,17.85714286,0.15000000,,四川路桥
2020-07-14,600039,0.99000000,0.96000000,1.02000000,0.91000000,,372667.42000000,11.45833333,-3.03030303,-0.03000000,,四川路桥
2020-07-15,600039,0.98000000,0.97000000,1.03000000,0.92000000,,469164.78000000,11.34020619,1.04166667,0.01000000,,四川路桥
2020-07-16,600039,0.94000000,0.90000000,0.98000000,0.89000000,,454416.07000000,10.00000000,-7.21649485,-0.07000000,,四川路桥
2020-07-17,600039,0.89000000,0.94000000,0.97000000,0.89000000,,296049.88000000,8.51063830,4.44444444,0.04000000,,四川路桥
2020-07-20,600039,0.96000000,1.02000000,1.05000000,0.94000000,,451833.06000000,10.78431373,8.51063830,0.08000000,,四川路桥
2020-07-21,600039,1.03000000,0.98000000,1.04000000,0.96000000,,252384.50000000,8.16326531,-3.92156863,-0.04000000,,四川路桥
2020-07-22,600039,0.97000000,0.95000000,1.00000000,0.93000000,,239779.74000000,7.36842105,-3.06122449,-0.03000000,,四川路桥
2020-07-23,600039,0.94000000,0.99000000,1.02000000,0.88000000,,364918.16000000,14.14141414,4.21052632,0.04000000,,四川路桥
2020-07-24,600039,0.96000000,0.94000000,1.03000000,0.85000000,,324484.66000000,19.14893617,-5.05050505,-0.05000000,,四川路桥
2020-07-27,600039,0.90000000,0.94000000,0.95000000,0.89000000,,211935.94000000,6.38297872,0.00000000,0.00000000,,四川路桥
2020-07-28,600039,0.94000000,0.93000000,0.97000000,0.92000000,,170058.92000000,5.37634409,-1.06382979,-0.01000000,,四川路桥
2020-07-29,600039,0.94000000,0.96000000,0.97000000,0.87000000,,235109.80000000,10.41666667,3.22580645,0.03000000,,四川路桥
2020-07-30,600039,0.95000000,0.94000000,0.97000000,0.93000000,,140691.24000000,4.25531915,-2.08333333,-0.02000000,,四川路桥
2020-07-31,600039,0.94000000,0.94000000,0.97000000,0.92000000,,210225.39000000,5.31914894,0.00000000,0.00000000,,四川路桥
2020-08-03,600039,0.96000000,0.97000000,0.99000000,0.95000000,,236210.01000000,4.12371134,3.19148936,0.03000000,,四川路桥
2020-08-04,600039,0.98000000,0.96000000,0.99000000,0.92000000,,214249.32000000,7.29166667,-1.03092784,-0.01000000,,四川路桥
2020-08-05,600039,0.94000000,0.94000000,0.95000000,0.91000000,,169913.24000000,4.25531915,-2.08333333,-0.02000000,,四川路桥
2020-08-06,600039,0.94000000,0.95000000,0.95000000,0.91000000,,196118.29000000,4.21052632,1.06382979,0.01000000,,四川路桥
2020-08-07,600039,0.93000000,0.94000000,0.95000000,0.89000000,,218533.99000000,6.38297872,-1.05263158,-0.01000000,,四川路桥
2020-08-10,600039,0.98000000,1.17000000,1.19000000,0.97000000,,840287.46000000,18.80341880,24.46808511,0.23000000,,四川路桥
2020-08-11,600039,1.17000000,1.02000000,1.20000000,0.99000000,,522946.52000000,20.58823529,-12.82051282,-0.15000000,,四川路桥
2020-08-12,600039,1.02000000,0.98000000,1.08000000,0.94000000,,359712.27000000,14.28571429,-3.92156863,-0.04000000,,四川路桥
2020-08-13,600039,0.99000000,0.94000000,1.02000000,0.93000000,,234839.02000000,9.57446809,-4.08163265,-0.04000000,,四川路桥
2020-08-14,600039,0.94000000,0.93000000,0.94000000,0.87000000,,227785.01000000,7.52688172,-1.06382979,-0.01000000,,四川路桥
2020-08-17,600039,0.94000000,0.95000000,0.97000000,0.92000000,,231379.42000000,5.26315789,2.15053763,0.02000000,,四川路桥
2020-08-18,600039,0.97000000,0.99000000,1.00000000,0.95000000,,216327.92000000,5.05050505,4.21052632,0.04000000,,四川路桥
2020-08-19,600039,1.01000000,1.03000000,1.12000000,0.97000000,,374312.81000000,14.56310680,4.04040404,0.04000000,,四川路桥
2020-08-20,600039,1.00000000,0.96000000,1.02000000,0.96000000,,258971.85000000,6.25000000,-6.79611650,-0.07000000,,四川路桥
2020-08-21,600039,0.97000000,0.94000000,0.99000000,0.92000000,,167902.09000000,7.44680851,-2.08333333,-0.02000000,,四川路桥
2020-08-24,600039,0.93000000,0.92000000,0.94000000,0.91000000,,169520.58000000,3.26086957,-2.12765957,-0.02000000,,四川路桥
2020-08-25,600039,0.91000000,0.89000000,0.93000000,0.88000000,,142439.36000000,5.61797753,-3.26086957,-0.03000000,,四川路桥
2020-08-26,600039,0.88000000,0.81000000,0.89000000,0.80000000,,208698.74000000,11.11111111,-8.98876404,-0.08000000,,四川路桥
2020-08-27,600039,0.85000000,1.00000000,1.07000000,0.85000000,,673795.20000000,22.00000000,23.45679012,0.19000000,,四川路桥
2020-08-28,600039,1.01000000,1.02000000,1.07000000,0.98000000,,660034.58000000,8.82352941,2.00000000,0.02000000,,四川路桥
2020-08-31,600039,1.19000000,1.14000000,1.27000000,1.13000000,,1081004.08000000,12.28070175,11.76470588,0.12000000,,四川路桥
2020-09-01,600039,1.14000000,1.07000000,1.17000000,1.04000000,,441313.45000000,12.14953271,-6.14035088,-0.07000000,,四川路桥
2020-09-02,600039,1.06000000,1.05000000,1.12000000,1.03000000,,297899.50000000,8.57142857,-1.86915888,-0.02000000,,四川路桥
2020-09-03,600039,1.05000000,1.06000000,1.08000000,1.03000000,,205562.04000000,4.71698113,0.95238095,0.01000000,,四川路桥
2020-09-04,600039,1.02000000,1.06000000,1.06000000,1.00000000,,187222.16000000,5.66037736,0.00000000,0.00000000,,四川路桥
2020-09-07,600039,1.06000000,1.02000000,1.07000000,0.98000000,,381761.02000000,8.82352941,-3.77358491,-0.04000000,,四川路桥
2020-09-08,600039,1.02000000,1.07000000,1.08000000,0.99000000,,318770.00000000,8.41121495,4.90196078,0.05000000,,四川路桥
2020-09-09,600039,1.05000000,1.09000000,1.11000000,1.02000000,,298757.73000000,8.25688073,1.86915888,0.02000000,,四川路桥
2020-09-10,600039,1.11000000,0.98000000,1.12000000,0.97000000,,274347.51000000,15.30612245,-10.09174312,-0.11000000,,四川路桥
2020-09-11,600039,0.98000000,1.02000000,1.09000000,0.98000000,,247951.96000000,10.78431373,4.08163265,0.04000000,,四川路桥
2020-09-14,600039,1.07000000,1.12000000,1.23000000,1.04000000,,515785.26000000,16.96428571,9.80392157,0.10000000,,四川路桥
2020-09-15,600039,1.09000000,1.07000000,1.11000000,1.04000000,,184118.71000000,6.54205607,-4.46428571,-0.05000000,,四川路桥
2020-09-16,600039,1.07000000,1.07000000,1.09000000,1.04000000,,114615.01000000,4.67289720,0.00000000,0.00000000,,四川路桥
2020-09-17,600039,1.06000000,1.09000000,1.10000000,1.05000000,,211648.49000000,4.58715596,1.86915888,0.02000000,,四川路桥
2020-09-18,600039,1.07000000,1.14000000,1.17000000,1.07000000,,273986.94000000,8.77192982,4.58715596,0.05000000,,四川路桥
2020-09-21,600039,1.14000000,1.07000000,1.14000000,1.06000000,,225220.57000000,7.47663551,-6.14035088,-0.07000000,,四川路桥
2020-09-22,600039,1.04000000,1.06000000,1.12000000,1.02000000,,197948.70000000,9.43396226,-0.93457944,-0.01000000,,四川路桥
2020-09-23,600039,1.07000000,1.07000000,1.07000000,1.04000000,,115321.97000000,2.80373832,0.94339623,0.01000000,,四川路桥
2020-09-24,600039,1.07000000,0.98000000,1.07000000,0.97000000,,174773.66000000,10.20408163,-8.41121495,-0.09000000,,四川路桥
2020-09-25,600039,0.99000000,0.97000000,1.02000000,0.94000000,,124778.38000000,8.24742268,-1.02040816,-0.01000000,,四川路桥
2020-09-28,600039,1.00000000,0.93000000,1.00000000,0.91000000,,115992.27000000,9.67741935,-4.12371134,-0.04000000,,四川路桥
2020-09-29,600039,0.94000000,0.92000000,0.97000000,0.91000000,,94799.24000000,6.52173913,-1.07526882,-0.01000000,,四川路桥
2020-09-30,600039,0.92000000,0.93000000,0.97000000,0.89000000,,134539.66000000,8.60215054,1.08695652,0.01000000,,四川路桥
2020-10-09,600039,0.94000000,0.95000000,1.00000000,0.94000000,,134669.91000000,6.31578947,2.15053763,0.02000000,,四川路桥
2020-10-12,600039,0.97000000,0.99000000,1.00000000,0.96000000,,164926.86000000,4.04040404,4.21052632,0.04000000,,四川路桥
2020-10-13,600039,0.99000000,0.98000000,0.99000000,0.97000000,,97686.91000000,2.04081633,-1.01010101,-0.01000000,,四川路桥
2020-10-14,600039,0.99000000,0.98000000,1.00000000,0.96000000,,95394.62000000,4.08163265,0.00000000,0.00000000,,四川路桥
2020-10-15,600039,0.98000000,1.04000000,1.06000000,0.97000000,,218773.84000000,8.65384615,6.12244898,0.06000000,,四川路桥
2020-10-16,600039,1.00000000,1.06000000,1.09000000,1.00000000,,163952.22000000,8.49056604,1.92307692,0.02000000,,四川路桥
2020-10-19,600039,1.14000000,1.05000000,1.15000000,1.03000000,,260359.50000000,11.42857143,-0.94339623,-0.01000000,,四川路桥
2020-10-20,600039,1.04000000,1.07000000,1.07000000,1.02000000,,92118.87000000,4.67289720,1.90476190,0.02000000,,四川路桥
2020-10-21,600039,1.05000000,1.04000000,1.07000000,1.00000000,,136652.23000000,6.73076923,-2.80373832,-0.03000000,,四川路桥
2020-10-22,600039,1.03000000,1.02000000,1.03000000,0.99000000,,96111.73000000,3.92156863,-1.92307692,-0.02000000,,四川路桥
2020-10-23,600039,1.02000000,1.01000000,1.04000000,1.00000000,,85391.07000000,3.96039604,-0.98039216,-0.01000000,,四川路桥
2020-10-26,600039,1.01000000,0.93000000,1.02000000,0.90000000,,191217.08000000,12.90322581,-7.92079208,-0.08000000,,四川路桥
2020-10-27,600039,0.94000000,0.94000000,0.94000000,0.89000000,,88837.36000000,5.31914894,1.07526882,0.01000000,,四川路桥
2020-10-28,600039,0.92000000,0.94000000,0.94000000,0.87000000,,118119.00000000,7.44680851,0.00000000,0.00000000,,四川路桥
2020-10-29,600039,0.90000000,0.90000000,0.94000000,0.88000000,,99183.51000000,6.66666667,-4.25531915,-0.04000000,,四川路桥
2020-10-30,600039,0.97000000,1.06000000,1.12000000,0.96000000,,535955.26000000,15.09433962,17.77777778,0.16000000,,四川路桥
2020-11-02,600039,1.09000000,1.18000000,1.19000000,1.05000000,,710543.84000000,11.86440678,11.32075472,0.12000000,,四川路桥
2020-11-03,600039,1.19000000,1.18000000,1.21000000,1.14000000,,362330.84000000,5.93220339,0.00000000,0.00000000,,四川路桥
2020-11-04,600039,1.20000000,1.25000000,1.29000000,1.19000000,,458718.87000000,8.00000000,5.93220339,0.07000000,,四川路桥
2020-11-05,600039,1.29000000,1.49000000,1.53000000,1.26000000,,800613.96000000,18.12080537,19.20000000,0.24000000,,四川路桥
2020-11-06,600039,1.52000000,1.57000000,1.59000000,1.48000000,,698524.82000000,7.00636943,5.36912752,0.08000000,,四川路桥
2020-11-09,600039,1.62000000,1.54000000,1.73000000,1.54000000,,658882.13000000,12.33766234,-1.91082803,-0.03000000,,四川路桥
2020-11-10,600039,1.55000000,1.51000000,1.59000000,1.47000000,,433368.34000000,7.94701987,-1.94805195,-0.03000000,,四川路桥
2020-11-11,600039,1.52000000,1.57000000,1.64000000,1.50000000,,406234.86000000,8.91719745,3.97350993,0.06000000,,四川路桥
2020-11-12,600039,1.54000000,1.58000000,1.62000000,1.53000000,,275320.66000000,5.69620253,0.63694268,0.01000000,,四川路桥
2020-11-13,600039,1.59000000,1.57000000,1.59000000,1.49000000,,235461.05000000,6.36942675,-0.63291139,-0.01000000,,四川路桥
2020-11-16,600039,1.57000000,1.60000000,1.62000000,1.54000000,,283887.30000000,5.00000000,1.91082803,0.03000000,,四川路桥
2020-11-17,600039,1.59000000,1.57000000,1.66000000,1.55000000,,275475.69000000,7.00636943,-1.87500000,-0.03000000,,四川路桥
2020-11-18,600039,1.62000000,1.57000000,1.62000000,1.54000000,,273031.59000000,5.09554140,0.00000000,0.00000000,,四川路桥
2020-11-19,600039,1.57000000,1.57000000,1.58000000,1.49000000,,240748.89000000,5.73248408,0.00000000,0.00000000,,四川路桥
2020-11-20,600039,1.55000000,1.60000000,1.62000000,1.52000000,,222504.43000000,6.25000000,1.91082803,0.03000000,,四川路桥
2020-11-23,600039,1.60000000,1.62000000,1.67000000,1.56000000,,286883.63000000,6.79012346,1.25000000,0.02000000,,四川路桥
2020-11-24,600039,1.62000000,1.65000000,1.69000000,1.60000000,,247670.46000000,5.45454545,1.85185185,0.03000000,,四川路桥
2020-11-25,600039,1.63000000,1.55000000,1.85000000,1.54000000,,499607.78000000,20.00000000,-6.06060606,-0.10000000,,四川路桥
2020-11-26,600039,1.57000000,1.49000000,1.57000000,1.47000000,,333303.96000000,6.71140940,-3.87096774,-0.06000000,,四川路桥
2020-11-27,600039,1.50000000,1.39000000,1.52000000,1.34000000,,398210.36000000,12.94964029,-6.71140940,-0.10000000,,四川路桥
2020-11-30,600039,1.41000000,1.36000000,1.47000000,1.34000000,,306576.63000000,9.55882353,-2.15827338,-0.03000000,,四川路桥
2020-12-01,600039,1.36000000,1.39000000,1.48000000,1.33000000,,372632.77000000,10.79136691,2.20588235,0.03000000,,四川路桥
2020-12-02,600039,1.42000000,1.40000000,1.44000000,1.37000000,,225519.82000000,5.00000000,0.71942446,0.01000000,,四川路桥
2020-12-03,600039,1.40000000,1.36000000,1.41000000,1.34000000,,176402.81000000,5.14705882,-2.85714286,-0.04000000,,四川路桥
2020-12-04,600039,1.36000000,1.32000000,1.38000000,1.28000000,,200956.53000000,7.57575758,-2.94117647,-0.04000000,,四川路桥
2020-12-07,600039,1.32000000,1.25000000,1.34000000,1.24000000,,213294.51000000,8.00000000,-5.30303030,-0.07000000,,四川路桥
2020-12-08,600039,1.24000000,1.24000000,1.28000000,1.22000000,,186247.27000000,4.83870968,-0.80000000,-0.01000000,,四川路桥
2020-12-09,600039,1.26000000,1.18000000,1.26000000,1.17000000,,206291.63000000,7.62711864,-4.83870968,-0.06000000,,四川路桥
2020-12-10,600039,1.22000000,1.17000000,1.27000000,1.15000000,,256986.05000000,10.25641026,-0.84745763,-0.01000000,,四川路桥
2020-12-11,600039,1.17000000,1.15000000,1.19000000,1.10000000,,211407.26000000,7.82608696,-1.70940171,-0.02000000,,四川路桥
2020-12-14,600039,1.14000000,1.11000000,1.17000000,1.09000000,,181188.26000000,7.20720721,-3.47826087,-0.04000000,,四川路桥
2020-12-15,600039,1.12000000,1.17000000,1.19000000,1.10000000,,190443.20000000,7.69230769,5.40540541,0.06000000,,四川路桥
2020-12-16,600039,1.14000000,1.11000000,1.15000000,1.10000000,,123724.01000000,4.50450450,-5.12820513,-0.06000000,,四川路桥
2020-12-17,600039,1.10000000,1.14000000,1.15000000,1.08000000,,140864.87000000,6.14035088,2.70270270,0.03000000,,四川路桥
2020-12-18,600039,1.16000000,1.11000000,1.16000000,1.09000000,,162640.84000000,6.30630631,-2.63157895,-0.03000000,,四川路桥
2020-12-21,600039,1.10000000,1.14000000,1.15000000,1.09000000,,152067.15000000,5.26315789,2.70270270,0.03000000,,四川路桥
2020-12-22,600039,1.12000000,1.04000000,1.14000000,1.04000000,,196208.06000000,9.61538462,-8.77192982,-0.10000000,,四川路桥
2020-12-23,600039,1.04000000,1.04000000,1.08000000,1.02000000,,141663.24000000,5.76923077,0.00000000,0.00000000,,四川路桥
2020-12-24,600039,1.05000000,1.05000000,1.09000000,1.04000000,,151862.94000000,4.76190476,0.96153846,0.01000000,,四川路桥
2020-12-25,600039,1.05000000,1.05000000,1.07000000,1.03000000,,144299.17000000,3.80952381,0.00000000,0.00000000,,四川路桥
2020-12-28,600039,1.06000000,1.01000000,1.06000000,0.98000000,,169972.07000000,7.92079208,-3.80952381,-0.04000000,,四川路桥
2020-12-29,600039,0.99000000,1.05000000,1.07000000,0.99000000,,186001.22000000,7.61904762,3.96039604,0.04000000,,四川路桥
2020-12-30,600039,1.06000000,1.03000000,1.06000000,1.02000000,,134267.89000000,3.88349515,-1.90476190,-0.02000000,,四川路桥
2020-12-31,600039,1.03000000,1.09000000,1.10000000,1.02000000,,212782.54000000,7.33944954,5.82524272,0.06000000,,四川路桥
2021-01-04,600039,1.09000000,1.19000000,1.20000000,1.07000000,,335145.51000000,10.92436975,9.17431193,0.10000000,,四川路桥
2021-01-05,600039,1.19000000,1.14000000,1.20000000,1.11000000,,334795.84000000,7.89473684,-4.20168067,-0.05000000,,四川路桥
2021-01-06,600039,1.11000000,1.08000000,1.12000000,1.06000000,,208692.54000000,5.55555556,-5.26315789,-0.06000000,,四川路桥
2021-01-07,600039,1.07000000,1.02000000,1.07000000,1.00000000,,230907.95000000,6.86274510,-5.55555556,-0.06000000,,四川路桥
2021-01-08,600039,1.03000000,1.18000000,1.19000000,1.01000000,,402729.67000000,15.25423729,15.68627451,0.16000000,,四川路桥
2021-01-11,600039,1.24000000,1.24000000,1.32000000,1.19000000,,467875.74000000,10.48387097,5.08474576,0.06000000,,四川路桥
2021-01-12,600039,1.20000000,1.22000000,1.25000000,1.17000000,,363623.12000000,6.55737705,-1.61290323,-0.02000000,,四川路桥
2021-01-13,600039,1.22000000,1.29000000,1.32000000,1.18000000,,409339.17000000,10.85271318,5.73770492,0.07000000,,四川路桥
2021-01-14,600039,1.29000000,1.29000000,1.36000000,1.24000000,,365453.07000000,9.30232558,0.00000000,0.00000000,,四川路桥
2021-01-15,600039,1.27000000,1.24000000,1.32000000,1.22000000,,248702.96000000,8.06451613,-3.87596899,-0.05000000,,四川路桥
2021-01-18,600039,1.22000000,1.21000000,1.25000000,1.20000000,,188006.41000000,4.13223140,-2.41935484,-0.03000000,,四川路桥
2021-01-19,600039,1.20000000,1.24000000,1.27000000,1.18000000,,207414.01000000,7.25806452,2.47933884,0.03000000,,四川路桥
2021-01-20,600039,1.25000000,1.19000000,1.25000000,1.18000000,,235294.06000000,5.88235294,-4.03225806,-0.05000000,,四川路桥
2021-01-21,600039,1.17000000,1.17000000,1.21000000,1.16000000,,204615.22000000,4.27350427,-1.68067227,-0.02000000,,四川路桥
2021-01-22,600039,1.16000000,1.09000000,1.17000000,1.08000000,,207102.80000000,8.25688073,-6.83760684,-0.08000000,,四川路桥
2021-01-25,600039,1.10000000,1.06000000,1.12000000,1.02000000,,189950.32000000,9.43396226,-2.75229358,-0.03000000,,四川路桥
2021-01-26,600039,1.04000000,1.04000000,1.08000000,1.02000000,,125222.55000000,5.76923077,-1.88679245,-0.02000000,,四川路桥
2021-01-27,600039,1.03000000,1.10000000,1.17000000,1.03000000,,219465.73000000,12.72727273,5.76923077,0.06000000,,四川路桥
2021-01-28,600039,1.30000000,1.27000000,1.41000000,1.24000000,,779985.14000000,13.38582677,15.45454545,0.17000000,,四川路桥
2021-01-29,600039,1.27000000,1.19000000,1.29000000,1.16000000,,444520.76000000,10.92436975,-6.29921260,-0.08000000,,四川路桥
2021-02-01,600039,1.20000000,1.43000000,1.44000000,1.19000000,,689649.18000000,17.48251748,20.16806723,0.24000000,,四川路桥
2021-02-02,600039,1.42000000,1.37000000,1.42000000,1.28000000,,664654.48000000,10.21897810,-4.19580420,-0.06000000,,四川路桥
2021-02-03,600039,1.34000000,1.37000000,1.43000000,1.32000000,,384857.83000000,8.02919708,0.00000000,0.00000000,,四川路桥
2021-02-04,600039,1.39000000,1.36000000,1.42000000,1.31000000,,233224.26000000,8.08823529,-0.72992701,-0.01000000,,四川路桥
2021-02-05,600039,1.37000000,1.27000000,1.40000000,1.25000000,,232833.78000000,11.81102362,-6.61764706,-0.09000000,,四川路桥
2021-02-08,600039,1.27000000,1.39000000,1.47000000,1.26000000,,410278.43000000,15.10791367,9.44881890,0.12000000,,四川路桥
2021-02-09,600039,1.38000000,1.40000000,1.44000000,1.36000000,,244109.86000000,5.71428571,0.71942446,0.01000000,,四川路桥
2021-02-10,600039,1.39000000,1.39000000,1.42000000,1.34000000,,275351.66000000,5.75539568,-0.71428571,-0.01000000,,四川路桥
2021-02-18,600039,1.44000000,1.42000000,1.47000000,1.39000000,,267591.81000000,5.63380282,2.15827338,0.03000000,,四川路桥
2021-02-19,600039,1.42000000,1.56000000,1.59000000,1.40000000,,451968.53000000,12.17948718,9.85915493,0.14000000,,四川路桥
2021-02-22,600039,1.57000000,1.67000000,1.79000000,1.57000000,,679223.78000000,13.17365269,7.05128205,0.11000000,,四川路桥
2021-02-23,600039,1.68000000,1.59000000,1.73000000,1.57000000,,304062.89000000,10.06289308,-4.79041916,-0.08000000,,四川路桥
2021-02-24,600039,1.64000000,1.64000000,1.69000000,1.60000000,,287134.21000000,5.48780488,3.14465409,0.05000000,,四川路桥
2021-02-25,600039,1.71000000,1.72000000,1.74000000,1.63000000,,349846.23000000,6.39534884,4.87804878,0.08000000,,四川路桥
2021-02-26,600039,1.65000000,1.58000000,1.66000000,1.56000000,,334003.00000000,6.32911392,-8.13953488,-0.14000000,,四川路桥
2021-03-01,600039,1.58000000,1.60000000,1.62000000,1.57000000,,208832.38000000,3.12500000,1.26582278,0.02000000,,四川路桥
2021-03-02,600039,1.62000000,1.51000000,1.63000000,1.49000000,,316937.41000000,9.27152318,-5.62500000,-0.09000000,,四川路桥
2021-03-03,600039,1.54000000,1.74000000,1.75000000,1.53000000,,478925.94000000,12.64367816,15.23178808,0.23000000,,四川路桥
2021-03-04,600039,1.72000000,1.89000000,1.97000000,1.70000000,,874069.93000000,14.28571429,8.62068966,0.15000000,,四川路桥
2021-03-05,600039,1.86000000,1.93000000,1.96000000,1.82000000,,412724.66000000,7.25388601,2.11640212,0.04000000,,四川路桥
2021-03-08,600039,1.93000000,1.94000000,2.02000000,1.88000000,,407948.93000000,7.21649485,0.51813472,0.01000000,,四川路桥
2021-03-09,600039,1.90000000,2.02000000,2.12000000,1.84000000,,650859.14000000,13.86138614,4.12371134,0.08000000,,四川路桥
2021-03-10,600039,1.99000000,1.99000000,2.09000000,1.96000000,,432109.00000000,6.53266332,-1.48514851,-0.03000000,,四川路桥
2021-03-11,600039,1.95000000,1.99000000,2.04000000,1.95000000,,327813.30000000,4.52261307,0.00000000,0.00000000,,四川路桥
2021-03-12,600039,1.98000000,2.02000000,2.05000000,1.95000000,,308631.60000000,4.95049505,1.50753769,0.03000000,,四川路桥
2021-03-15,600039,2.04000000,2.06000000,2.12000000,2.02000000,,328952.70000000,4.85436893,1.98019802,0.04000000,,四川路桥
2021-03-16,600039,2.08000000,2.20000000,2.22000000,2.06000000,,489611.90000000,7.27272727,6.79611650,0.14000000,,四川路桥
2021-03-17,600039,2.22000000,2.19000000,2.24000000,2.09000000,,414251.57000000,6.84931507,-0.45454545,-0.01000000,,四川路桥
2021-03-18,600039,2.19000000,2.48000000,2.50000000,2.18000000,,633233.24000000,12.90322581,13.24200913,0.29000000,,四川路桥
2021-03-19,600039,2.57000000,2.83000000,2.94000000,2.44000000,,1667947.37000000,17.66784452,14.11290323,0.35000000,,四川路桥
2021-03-22,600039,2.88000000,3.06000000,3.18000000,2.86000000,,1307414.93000000,10.45751634,8.12720848,0.23000000,,四川路桥
2021-03-23,600039,3.09000000,2.79000000,3.14000000,2.74000000,,967337.08000000,14.33691756,-8.82352941,-0.27000000,,四川路桥
2021-03-24,600039,2.69000000,2.46000000,2.72000000,2.37000000,,945590.52000000,14.22764228,-11.82795699,-0.33000000,,四川路桥
2021-03-25,600039,2.43000000,2.29000000,2.44000000,2.23000000,,627864.04000000,9.17030568,-6.91056911,-0.17000000,,四川路桥
2021-03-26,600039,2.37000000,2.27000000,2.43000000,2.26000000,,686790.81000000,7.48898678,-0.87336245,-0.02000000,,四川路桥
2021-03-29,600039,2.32000000,2.27000000,2.41000000,2.26000000,,644243.70000000,6.60792952,0.00000000,0.00000000,,四川路桥
2021-03-30,600039,2.28000000,2.22000000,2.29000000,2.10000000,,465532.02000000,8.55855856,-2.20264317,-0.05000000,,四川路桥
2021-03-31,600039,2.18000000,2.21000000,2.26000000,2.16000000,,268087.55000000,4.52488688,-0.45045045,-0.01000000,,四川路桥
2021-04-01,600039,2.19000000,2.43000000,2.48000000,2.17000000,,582309.49000000,12.75720165,9.95475113,0.22000000,,四川路桥
2021-04-02,600039,2.43000000,2.58000000,2.79000000,2.39000000,,649281.33000000,15.50387597,6.17283951,0.15000000,,四川路桥
2021-04-06,600039,2.64000000,2.62000000,2.79000000,2.62000000,,437262.02000000,6.48854962,1.55038760,0.04000000,,四川路桥
2021-04-07,600039,2.77000000,2.69000000,2.79000000,2.62000000,,522540.81000000,6.31970260,2.67175573,0.07000000,,四川路桥
2021-04-08,600039,2.70000000,2.71000000,2.77000000,2.62000000,,395368.16000000,5.53505535,0.74349442,0.02000000,,四川路桥
2021-04-09,600039,2.66000000,2.74000000,2.77000000,2.66000000,,283739.24000000,4.01459854,1.10701107,0.03000000,,四川路桥
2021-04-12,600039,2.68000000,2.64000000,2.72000000,2.59000000,,340209.42000000,4.92424242,-3.64963504,-0.10000000,,四川路桥
2021-04-13,600039,2.59000000,2.57000000,2.66000000,2.52000000,,250557.30000000,5.44747082,-2.65151515,-0.07000000,,四川路桥
2021-04-14,600039,2.59000000,2.63000000,2.68000000,2.57000000,,255697.63000000,4.18250951,2.33463035,0.06000000,,四川路桥
2021-04-15,600039,2.66000000,2.59000000,2.66000000,2.54000000,,201484.45000000,4.63320463,-1.52091255,-0.04000000,,四川路桥
2021-04-16,600039,2.59000000,2.77000000,2.80000000,2.57000000,,384289.83000000,8.30324910,6.94980695,0.18000000,,四川路桥
2021-04-19,600039,2.80000000,2.67000000,2.83000000,2.67000000,,320508.39000000,5.99250936,-3.61010830,-0.10000000,,四川路桥
2021-04-20,600039,2.73000000,2.67000000,2.76000000,2.57000000,,344254.75000000,7.11610487,0.00000000,0.00000000,,四川路桥
2021-04-21,600039,2.67000000,2.65000000,2.75000000,2.64000000,,255285.76000000,4.15094340,-0.74906367,-0.02000000,,四川路桥
2021-04-22,600039,2.67000000,2.60000000,2.73000000,2.59000000,,239021.00000000,5.38461538,-1.88679245,-0.05000000,,四川路桥
2021-04-23,600039,2.64000000,2.73000000,2.75000000,2.59000000,,344778.82000000,5.86080586,5.00000000,0.13000000,,四川路桥
2021-04-26,600039,2.75000000,2.63000000,2.78000000,2.62000000,,275608.40000000,6.08365019,-3.66300366,-0.10000000,,四川路桥
2021-04-27,600039,2.59000000,2.62000000,2.66000000,2.59000000,,171943.28000000,2.67175573,-0.38022814,-0.01000000,,四川路桥
2021-04-28,600039,2.64000000,2.62000000,2.72000000,2.59000000,,202803.58000000,4.96183206,0.00000000,0.00000000,,四川路桥
2021-04-29,600039,2.69000000,2.64000000,2.79000000,2.61000000,,481524.80000000,6.81818182,0.76335878,0.02000000,,四川路桥
2021-04-30,600039,2.64000000,2.68000000,2.72000000,2.63000000,,266649.66000000,3.35820896,1.51515152,0.04000000,,四川路桥
2021-05-06,600039,2.69000000,2.71000000,2.74000000,2.57000000,,398589.79000000,6.27306273,1.11940299,0.03000000,,四川路桥
2021-05-07,600039,2.71000000,2.72000000,2.76000000,2.63000000,,376552.61000000,4.77941176,0.36900369,0.01000000,,四川路桥
2021-05-10,600039,2.72000000,2.64000000,2.76000000,2.63000000,,353398.37000000,4.92424242,-2.94117647,-0.08000000,,四川路桥
2021-05-11,600039,2.68000000,2.46000000,2.68000000,2.24000000,,587630.56000000,17.88617886,-6.81818182,-0.18000000,,四川路桥
2021-05-12,600039,2.48000000,2.72000000,2.73000000,2.45000000,,570028.66000000,10.29411765,10.56910569,0.26000000,,四川路桥
2021-05-13,600039,2.66000000,2.78000000,2.82000000,2.66000000,,367934.69000000,5.75539568,2.20588235,0.06000000,,四川路桥
2021-05-14,600039,2.79000000,3.15000000,3.21000000,2.79000000,,801542.95000000,13.33333333,13.30935252,0.37000000,,四川路桥
2021-05-17,600039,3.19000000,3.11000000,3.30000000,3.06000000,,524200.33000000,7.71704180,-1.26984127,-0.04000000,,四川路桥
2021-05-18,600039,3.19000000,3.14000000,3.20000000,3.05000000,,258951.76000000,4.77707006,0.96463023,0.03000000,,四川路桥
2021-05-19,600039,3.12000000,3.29000000,3.42000000,3.09000000,,458366.41000000,10.03039514,4.77707006,0.15000000,,四川路桥
2021-05-20,600039,3.37000000,3.32000000,3.39000000,3.21000000,,376326.36000000,5.42168675,0.91185410,0.03000000,,四川路桥
2021-05-21,600039,3.32000000,3.35000000,3.37000000,3.24000000,,290287.26000000,3.88059701,0.90361446,0.03000000,,四川路桥
2021-05-24,600039,3.45000000,3.33000000,3.47000000,3.25000000,,400578.28000000,6.60660661,-0.59701493,-0.02000000,,四川路桥
2021-05-25,600039,3.33000000,3.28000000,3.34000000,3.12000000,,406438.21000000,6.70731707,-1.50150150,-0.05000000,,四川路桥
2021-05-26,600039,3.28000000,3.26000000,3.37000000,3.18000000,,314677.04000000,5.82822086,-0.60975610,-0.02000000,,四川路桥
2021-05-27,600039,3.33000000,3.26000000,3.36000000,3.05000000,,484444.54000000,9.50920245,0.00000000,0.00000000,,四川路桥
2021-05-28,600039,3.26000000,3.10000000,3.27000000,3.09000000,,342682.65000000,5.80645161,-4.90797546,-0.16000000,,四川路桥
2021-05-31,600039,3.13000000,3.04000000,3.14000000,2.98000000,,335571.19000000,5.26315789,-1.93548387,-0.06000000,,四川路桥
2021-06-01,600039,3.08000000,2.95000000,3.09000000,2.92000000,,410407.53000000,5.76271186,-2.96052632,-0.09000000,,四川路桥
2021-06-02,600039,2.99000000,2.94000000,3.04000000,2.89000000,,302907.56000000,5.10204082,-0.33898305,-0.01000000,,四川路桥
2021-06-03,600039,2.92000000,2.89000000,2.99000000,2.89000000,,253337.48000000,3.46020761,-1.70068027,-0.05000000,,四川路桥
2021-06-04,600039,2.90000000,2.84000000,2.93000000,2.80000000,,268085.31000000,4.57746479,-1.73010381,-0.05000000,,四川路桥
2021-06-07,600039,2.86000000,2.78000000,2.89000000,2.75000000,,254405.11000000,5.03597122,-2.11267606,-0.06000000,,四川路桥
2021-06-08,600039,2.78000000,2.67000000,2.79000000,2.64000000,,300432.48000000,5.61797753,-3.95683453,-0.11000000,,四川路桥
2021-06-09,600039,2.69000000,2.75000000,2.84000000,2.64000000,,367292.12000000,7.27272727,2.99625468,0.08000000,,四川路桥
2021-06-10,600039,2.75000000,2.63000000,2.77000000,2.60000000,,270646.02000000,6.46387833,-4.36363636,-0.12000000,,四川路桥
2021-06-11,600039,2.63000000,2.55000000,2.64000000,2.52000000,,304154.22000000,4.70588235,-3.04182510,-0.08000000,,四川路桥
2021-06-15,600039,2.55000000,2.40000000,2.56000000,2.37000000,,409058.41000000,7.91666667,-5.88235294,-0.15000000,,四川路桥
2021-06-16,600039,2.43000000,2.39000000,2.51000000,2.37000000,,300536.55000000,5.85774059,-0.41666667,-0.01000000,,四川路桥
2021-06-17,600039,2.40000000,2.43000000,2.56000000,2.39000000,,277665.28000000,6.99588477,1.67364017,0.04000000,,四川路桥
2021-06-18,600039,2.44000000,2.44000000,2.47000000,2.38000000,,179404.42000000,3.68852459,0.41152263,0.01000000,,四川路桥
2021-06-21,600039,2.43000000,2.44000000,2.51000000,2.42000000,,223674.21000000,3.68852459,0.00000000,0.00000000,,四川路桥
2021-06-22,600039,2.49000000,2.52000000,2.53000000,2.44000000,,206593.10000000,3.57142857,3.27868852,0.08000000,,四川路桥
2021-06-23,600039,2.54000000,2.45000000,2.55000000,2.38000000,,313595.64000000,6.93877551,-2.77777778,-0.07000000,,四川路桥
2021-06-24,600039,2.42000000,2.44000000,2.50000000,2.40000000,,178214.18000000,4.09836066,-0.40816327,-0.01000000,,四川路桥
2021-06-25,600039,2.45000000,2.48000000,2.53000000,2.44000000,,215305.51000000,3.62903226,1.63934426,0.04000000,,四川路桥
2021-06-28,600039,2.49000000,2.46000000,2.52000000,2.44000000,,156724.00000000,3.25203252,-0.80645161,-0.02000000,,四川路桥
2021-06-29,600039,2.47000000,2.42000000,2.47000000,2.39000000,,147950.14000000,3.30578512,-1.62601626,-0.04000000,,四川路桥
2021-06-30,600039,2.39000000,2.35000000,2.43000000,2.27000000,,220322.82000000,6.80851064,-2.89256198,-0.07000000,,四川路桥
2021-07-01,600039,2.42000000,2.42000000,2.49000000,2.39000000,,227805.10000000,4.13223140,2.97872340,0.07000000,,四川路桥
2021-07-02,600039,2.45000000,2.35000000,2.45000000,2.34000000,,211373.51000000,4.68085106,-2.89256198,-0.07000000,,四川路桥
2021-07-05,600039,2.36000000,2.31000000,2.40000000,2.31000000,,175276.33000000,3.89610390,-1.70212766,-0.04000000,,四川路桥
2021-07-06,600039,2.32000000,2.39000000,2.45000000,2.29000000,,260487.01000000,6.69456067,3.46320346,0.08000000,,四川路桥
2021-07-07,600039,2.41000000,2.44000000,2.52000000,2.39000000,,231044.16000000,5.32786885,2.09205021,0.05000000,,四川路桥
2021-07-08,600039,2.48000000,2.45000000,2.49000000,2.42000000,,259073.43000000,2.85714286,0.40983607,0.01000000,,四川路桥
2021-07-09,600039,2.45000000,2.54000000,2.59000000,2.41000000,,255812.31000000,7.08661417,3.67346939,0.09000000,,四川路桥
2021-07-12,600039,2.54000000,2.51000000,2.59000000,2.51000000,,212794.80000000,3.18725100,-1.18110236,-0.03000000,,四川路桥
2021-07-13,600039,2.50000000,2.68000000,2.75000000,2.49000000,,374986.20000000,9.70149254,6.77290837,0.17000000,,四川路桥
2021-07-14,600039,2.81000000,2.97000000,3.02000000,2.72000000,,539751.41000000,10.10101010,10.82089552,0.29000000,,四川路桥
2021-07-15,600039,2.98000000,2.96000000,3.08000000,2.87000000,,388572.35000000,7.09459459,-0.33670034,-0.01000000,,四川路桥
2021-07-16,600039,3.00000000,3.09000000,3.15000000,2.97000000,,446960.60000000,5.82524272,4.39189189,0.13000000,,四川路桥
2021-07-19,600039,3.09000000,2.90000000,3.16000000,2.87000000,,517046.11000000,10.00000000,-6.14886731,-0.19000000,,四川路桥
2021-07-20,600039,2.86000000,2.72000000,2.87000000,2.63000000,,442837.92000000,8.82352941,-6.20689655,-0.18000000,,四川路桥
2021-07-21,600039,2.74000000,2.72000000,2.87000000,2.67000000,,306411.56000000,7.35294118,0.00000000,0.00000000,,四川路桥
2021-07-22,600039,2.76000000,2.62000000,2.76000000,2.60000000,,325036.07000000,6.10687023,-3.67647059,-0.10000000,,四川路桥
2021-07-23,600039,2.64000000,2.56000000,2.69000000,2.55000000,,337506.02000000,5.46875000,-2.29007634,-0.06000000,,四川路桥
2021-07-26,600039,2.60000000,2.51000000,2.62000000,2.45000000,,287680.17000000,6.77290837,-1.95312500,-0.05000000,,四川路桥
2021-07-27,600039,2.51000000,2.42000000,2.55000000,2.41000000,,295345.25000000,5.78512397,-3.58565737,-0.09000000,,四川路桥
2021-07-28,600039,2.42000000,2.27000000,2.44000000,2.19000000,,321360.57000000,11.01321586,-6.19834711,-0.15000000,,四川路桥
2021-07-29,600039,2.32000000,2.32000000,2.37000000,2.27000000,,205640.22000000,4.31034483,2.20264317,0.05000000,,四川路桥
2021-07-30,600039,2.32000000,2.39000000,2.44000000,2.24000000,,229484.24000000,8.36820084,3.01724138,0.07000000,,四川路桥
2021-08-02,600039,2.38000000,2.43000000,2.49000000,2.30000000,,237203.53000000,7.81893004,1.67364017,0.04000000,,四川路桥
2021-08-03,600039,2.44000000,2.60000000,2.64000000,2.40000000,,304818.68000000,9.23076923,6.99588477,0.17000000,,四川路桥
2021-08-04,600039,2.61000000,2.55000000,2.62000000,2.54000000,,224648.57000000,3.13725490,-1.92307692,-0.05000000,,四川路桥
2021-08-05,600039,2.56000000,2.49000000,2.59000000,2.44000000,,234761.88000000,6.02409639,-2.35294118,-0.06000000,,四川路桥
2021-08-06,600039,2.49000000,2.53000000,2.57000000,2.47000000,,143767.48000000,3.95256917,1.60642570,0.04000000,,四川路桥
2021-08-09,600039,2.54000000,2.62000000,2.66000000,2.49000000,,226530.47000000,6.48854962,3.55731225,0.09000000,,四川路桥
2021-08-10,600039,2.62000000,3.08000000,3.08000000,2.62000000,,733616.08000000,14.93506494,17.55725191,0.46000000,,四川路桥
2021-08-11,600039,3.27000000,3.58000000,3.58000000,3.25000000,,1596814.13000000,9.21787709,16.23376623,0.50000000,,四川路桥
2021-08-12,600039,3.63000000,3.09000000,3.73000000,3.08000000,,1646048.58000000,21.03559871,-13.68715084,-0.49000000,,四川路桥
2021-08-13,600039,3.24000000,2.78000000,3.24000000,2.77000000,,1231253.47000000,16.90647482,-10.03236246,-0.31000000,,四川路桥
2021-08-16,600039,2.82000000,2.82000000,2.97000000,2.71000000,,933538.71000000,9.21985816,1.43884892,0.04000000,,四川路桥
2021-08-17,600039,2.78000000,2.82000000,2.88000000,2.74000000,,545641.88000000,4.96453901,0.00000000,0.00000000,,四川路桥
2021-08-18,600039,2.78000000,2.84000000,2.93000000,2.77000000,,410539.38000000,5.63380282,0.70921986,0.02000000,,四川路桥
2021-08-19,600039,2.81000000,2.78000000,2.85000000,2.73000000,,304859.89000000,4.31654676,-2.11267606,-0.06000000,,四川路桥
2021-08-20,600039,2.78000000,2.81000000,2.82000000,2.74000000,,316406.06000000,2.84697509,1.07913669,0.03000000,,四川路桥
2021-08-23,600039,2.80000000,2.84000000,2.89000000,2.77000000,,332127.74000000,4.22535211,1.06761566,0.03000000,,四川路桥
2021-08-24,600039,2.84000000,3.06000000,3.11000000,2.82000000,,484992.80000000,9.47712418,7.74647887,0.22000000,,四川路桥
2021-08-25,600039,3.07000000,3.10000000,3.13000000,2.97000000,,374962.30000000,5.16129032,1.30718954,0.04000000,,四川路桥
2021-08-26,600039,3.14000000,2.92000000,3.21000000,2.92000000,,552900.51000000,9.93150685,-5.80645161,-0.18000000,,四川路桥
2021-08-27,600039,2.91000000,3.05000000,3.09000000,2.87000000,,419039.71000000,7.21311475,4.45205479,0.13000000,,四川路桥
2021-08-30,600039,3.07000000,2.95000000,3.15000000,2.92000000,,622065.16000000,7.79661017,-3.27868852,-0.10000000,,四川路桥
2021-08-31,600039,2.97000000,3.44000000,3.44000000,2.93000000,,1419713.44000000,14.82558140,16.61016949,0.49000000,,四川路桥
2021-09-01,600039,3.37000000,3.38000000,3.72000000,3.30000000,,1527383.59000000,12.42603550,-1.74418605,-0.06000000,,四川路桥
2021-09-02,600039,3.36000000,3.65000000,3.72000000,3.34000000,,1114987.53000000,10.41095890,7.98816568,0.27000000,,四川路桥
2021-09-03,600039,3.62000000,3.75000000,4.01000000,3.58000000,,1011475.80000000,11.46666667,2.73972603,0.10000000,,四川路桥
2021-09-06,600039,3.84000000,3.74000000,3.94000000,3.64000000,,811831.66000000,8.02139037,-0.26666667,-0.01000000,,四川路桥
2021-09-07,600039,3.74000000,4.08000000,4.24000000,3.72000000,,1357831.22000000,12.74509804,9.09090909,0.34000000,,四川路桥
2021-09-08,600039,4.08000000,4.00000000,4.21000000,3.95000000,,793909.06000000,6.50000000,-1.96078431,-0.08000000,,四川路桥
2021-09-09,600039,4.02000000,4.12000000,4.19000000,3.95000000,,640260.54000000,5.82524272,3.00000000,0.12000000,,四川路桥
2021-09-10,600039,4.09000000,4.11000000,4.36000000,4.00000000,,913102.52000000,8.75912409,-0.24271845,-0.01000000,,四川路桥
2021-09-13,600039,4.11000000,4.27000000,4.31000000,4.11000000,,700550.52000000,4.68384075,3.89294404,0.16000000,,四川路桥
2021-09-14,600039,4.27000000,4.34000000,4.52000000,4.14000000,,873504.78000000,8.75576037,1.63934426,0.07000000,,四川路桥
2021-09-15,600039,4.37000000,4.46000000,4.53000000,4.34000000,,621912.84000000,4.26008969,2.76497696,0.12000000,,四川路桥
2021-09-16,600039,4.53000000,4.46000000,4.74000000,4.41000000,,847259.97000000,7.39910314,0.00000000,0.00000000,,四川路桥
2021-09-17,600039,4.45000000,4.83000000,5.10000000,4.44000000,,1646029.30000000,13.66459627,8.29596413,0.37000000,,四川路桥
2021-09-22,600039,4.63000000,4.67000000,4.84000000,4.29000000,,1228921.98000000,11.77730193,-3.31262940,-0.16000000,,四川路桥
2021-09-23,600039,4.82000000,5.12000000,5.18000000,4.67000000,,1090124.27000000,9.96093750,9.63597430,0.45000000,,四川路桥
2021-09-24,600039,5.01000000,4.82000000,5.13000000,4.75000000,,992055.89000000,7.88381743,-5.85937500,-0.30000000,,四川路桥
2021-09-27,600039,4.82000000,4.14000000,4.88000000,4.14000000,,993910.65000000,17.87439614,-14.10788382,-0.68000000,,四川路桥
2021-09-28,600039,4.04000000,4.37000000,4.43000000,3.99000000,,634626.10000000,10.06864989,5.55555556,0.23000000,,四川路桥
2021-09-29,600039,4.32000000,4.08000000,4.36000000,3.89000000,,693561.24000000,11.51960784,-6.63615561,-0.29000000,,四川路桥
2021-10-21,600039,4.68000000,4.68000000,4.68000000,4.68000000,,56596.83000000,0.00000000,14.70588235,0.60000000,,四川路桥
2021-10-22,600039,5.34000000,5.34000000,5.34000000,5.34000000,,52311.62000000,0.00000000,14.10256410,0.66000000,,四川路桥
2021-10-25,600039,5.82000000,5.39000000,5.82000000,4.99000000,,2023168.97000000,15.39888683,0.93632959,0.05000000,,四川路桥
2021-10-26,600039,5.40000000,5.62000000,6.04000000,5.12000000,,1447915.23000000,16.37010676,4.26716141,0.23000000,,四川路桥
2021-10-27,600039,5.50000000,6.37000000,6.37000000,5.50000000,,1535251.39000000,13.65777080,13.34519573,0.75000000,,四川路桥
2021-10-28,600039,6.45000000,6.01000000,6.52000000,5.84000000,,1716936.97000000,11.31447587,-5.65149137,-0.36000000,,四川路桥
2021-10-29,600039,6.40000000,6.64000000,6.80000000,6.16000000,,1833365.18000000,9.63855422,10.48252912,0.63000000,,四川路桥
2021-11-01,600039,6.50000000,6.16000000,6.86000000,6.12000000,,1709778.73000000,12.01298701,-7.22891566,-0.48000000,,四川路桥
2021-11-02,600039,6.02000000,5.54000000,6.07000000,5.36000000,,1513576.89000000,12.81588448,-10.06493506,-0.62000000,,四川路桥
2021-11-03,600039,5.47000000,5.57000000,5.63000000,5.27000000,,777297.57000000,6.46319569,0.54151625,0.03000000,,四川路桥
2021-11-04,600039,5.59000000,6.03000000,6.22000000,5.34000000,,1202756.14000000,14.59369818,8.25852783,0.46000000,,四川路桥
2021-11-05,600039,5.91000000,5.76000000,6.14000000,5.69000000,,779357.96000000,7.81250000,-4.47761194,-0.27000000,,四川路桥
2021-11-08,600039,5.66000000,6.02000000,6.17000000,5.55000000,,800069.59000000,10.29900332,4.51388889,0.26000000,,四川路桥
2021-11-09,600039,5.90000000,6.19000000,6.34000000,5.84000000,,864512.49000000,8.07754443,2.82392027,0.17000000,,四川路桥
2021-11-10,600039,6.04000000,6.12000000,6.37000000,5.91000000,,742168.38000000,7.51633987,-1.13085622,-0.07000000,,四川路桥
2021-11-11,600039,6.05000000,5.90000000,6.12000000,5.74000000,,609001.26000000,6.44067797,-3.59477124,-0.22000000,,四川路桥
2021-11-12,600039,5.90000000,5.87000000,6.07000000,5.80000000,,447731.79000000,4.59965928,-0.50847458,-0.03000000,,四川路桥
2021-11-15,600039,5.83000000,5.99000000,6.07000000,5.71000000,,482292.22000000,6.01001669,2.04429302,0.12000000,,四川路桥
2021-11-16,600039,5.82000000,5.44000000,5.90000000,5.39000000,,688528.44000000,9.37500000,-9.18196995,-0.55000000,,四川路桥
2021-11-17,600039,5.51000000,5.59000000,5.69000000,5.43000000,,348640.28000000,4.65116279,2.75735294,0.15000000,,四川路桥
2021-11-18,600039,5.48000000,5.68000000,5.80000000,5.42000000,,382788.83000000,6.69014085,1.61001789,0.09000000,,四川路桥
2021-11-19,600039,5.65000000,5.76000000,5.81000000,5.56000000,,383973.14000000,4.34027778,1.40845070,0.08000000,,四川路桥
2021-11-22,600039,5.70000000,6.07000000,6.12000000,5.69000000,,557755.38000000,7.08401977,5.38194444,0.31000000,,四川路桥
2021-11-23,600039,5.99000000,5.59000000,5.99000000,5.38000000,,936676.76000000,10.91234347,-7.90774300,-0.48000000,,四川路桥
2021-11-24,600039,5.53000000,5.42000000,5.64000000,5.41000000,,419197.95000000,4.24354244,-3.04114490,-0.17000000,,四川路桥
2021-11-25,600039,5.37000000,5.98000000,6.16000000,5.10000000,,1217749.98000000,17.72575251,10.33210332,0.56000000,,四川路桥
2021-11-26,600039,5.95000000,5.99000000,6.37000000,5.79000000,,952673.72000000,9.68280467,0.16722408,0.01000000,,四川路桥
2021-11-29,600039,5.91000000,6.46000000,6.54000000,5.87000000,,968309.50000000,10.37151703,7.84641068,0.47000000,,四川路桥
2021-11-30,600039,6.66000000,6.62000000,6.83000000,6.46000000,,766610.41000000,5.58912387,2.47678019,0.16000000,,四川路桥
2021-12-01,600039,6.69000000,7.34000000,7.47000000,6.56000000,,1022405.56000000,12.39782016,10.87613293,0.72000000,,四川路桥
2021-12-02,600039,7.34000000,7.25000000,7.64000000,7.18000000,,861865.81000000,6.34482759,-1.22615804,-0.09000000,,四川路桥
2021-12-03,600039,7.25000000,7.16000000,7.33000000,6.84000000,,727966.17000000,6.84357542,-1.24137931,-0.09000000,,四川路桥
2021-12-06,600039,7.15000000,7.23000000,7.55000000,7.14000000,,549154.24000000,5.67081604,0.97765363,0.07000000,,四川路桥
2021-12-07,600039,7.19000000,7.18000000,7.50000000,7.04000000,,580046.95000000,6.40668524,-0.69156293,-0.05000000,,四川路桥
2021-12-08,600039,7.23000000,6.88000000,7.27000000,6.87000000,,595606.95000000,5.81395349,-4.17827298,-0.30000000,,四川路桥
2021-12-09,600039,6.90000000,6.69000000,6.96000000,6.67000000,,494994.78000000,4.33482810,-2.76162791,-0.19000000,,四川路桥
2021-12-10,600039,6.69000000,6.69000000,6.94000000,6.65000000,,459318.97000000,4.33482810,0.00000000,0.00000000,,四川路桥
2021-12-13,600039,6.69000000,6.64000000,6.87000000,6.54000000,,430092.41000000,4.96987952,-0.74738416,-0.05000000,,四川路桥
2021-12-14,600039,6.62000000,6.66000000,6.77000000,6.46000000,,461683.30000000,4.65465465,0.30120482,0.02000000,,四川路桥
2021-12-15,600039,6.83000000,6.65000000,6.97000000,6.62000000,,488184.32000000,5.26315789,-0.15015015,-0.01000000,,四川路桥
2021-12-16,600039,6.62000000,6.65000000,6.73000000,6.54000000,,271655.25000000,2.85714286,0.00000000,0.00000000,,四川路桥
2021-12-17,600039,6.62000000,6.52000000,6.72000000,6.52000000,,285073.90000000,3.06748466,-1.95488722,-0.13000000,,四川路桥
2021-12-20,600039,6.49000000,6.47000000,6.69000000,6.34000000,,294625.06000000,5.40958269,-0.76687117,-0.05000000,,四川路桥
2021-12-21,600039,6.55000000,6.67000000,6.69000000,6.48000000,,288119.96000000,3.14842579,3.09119011,0.20000000,,四川路桥
2021-12-22,600039,6.71000000,6.42000000,6.71000000,6.37000000,,355640.78000000,5.29595016,-3.74812594,-0.25000000,,四川路桥
2021-12-23,600039,6.39000000,6.34000000,6.50000000,6.28000000,,279108.77000000,3.47003155,-1.24610592,-0.08000000,,四川路桥
2021-12-24,600039,6.32000000,6.07000000,6.37000000,6.05000000,,352068.97000000,5.27182867,-4.25867508,-0.27000000,,四川路桥
2021-12-27,600039,6.12000000,6.12000000,6.33000000,6.09000000,,225772.49000000,3.92156863,0.82372323,0.05000000,,四川路桥
2021-12-28,600039,6.14000000,6.18000000,6.24000000,6.00000000,,255844.80000000,3.88349515,0.98039216,0.06000000,,四川路桥
2021-12-29,600039,6.24000000,6.28000000,6.54000000,6.08000000,,368927.52000000,7.32484076,1.61812298,0.10000000,,四川路桥
2021-12-30,600039,6.14000000,6.51000000,6.58000000,6.14000000,,409840.51000000,6.75883257,3.66242038,0.23000000,,四川路桥
2021-12-31,600039,6.63000000,6.65000000,6.68000000,6.48000000,,321928.21000000,3.00751880,2.15053763,0.14000000,,四川路桥
2022-01-04,600039,6.62000000,6.42000000,6.84000000,6.35000000,,463299.05000000,7.63239875,-3.45864662,-0.23000000,,四川路桥
2022-01-05,600039,6.37000000,6.23000000,6.42000000,6.13000000,,285381.25000000,4.65489567,-2.95950156,-0.19000000,,四川路桥
2022-01-06,600039,6.11000000,6.26000000,6.30000000,6.10000000,,281084.52000000,3.19488818,0.48154093,0.03000000,,四川路桥
2022-01-07,600039,6.26000000,6.25000000,6.67000000,6.24000000,,465875.45000000,6.88000000,-0.15974441,-0.01000000,,四川路桥
2022-01-10,600039,6.27000000,6.30000000,6.48000000,6.12000000,,319660.59000000,5.71428571,0.80000000,0.05000000,,四川路桥
2022-01-11,600039,6.34000000,5.91000000,6.34000000,5.88000000,,374711.69000000,7.78341794,-6.19047619,-0.39000000,,四川路桥
2022-01-12,600039,5.95000000,6.13000000,6.14000000,5.94000000,,244442.28000000,3.26264274,3.72250423,0.22000000,,四川路桥
2022-01-13,600039,6.12000000,5.86000000,6.14000000,5.86000000,,238012.32000000,4.77815700,-4.40456770,-0.27000000,,四川路桥
2022-01-14,600039,5.84000000,5.61000000,5.84000000,5.55000000,,343580.40000000,5.16934046,-4.26621160,-0.25000000,,四川路桥
2022-01-17,600039,5.61000000,5.65000000,5.73000000,5.57000000,,199058.83000000,2.83185841,0.71301248,0.04000000,,四川路桥
2022-01-18,600039,5.78000000,6.01000000,6.12000000,5.72000000,,417137.15000000,6.65557404,6.37168142,0.36000000,,四川路桥
2022-01-19,600039,6.04000000,5.99000000,6.19000000,5.92000000,,295889.45000000,4.50751252,-0.33277870,-0.02000000,,四川路桥
2022-01-20,600039,5.96000000,5.94000000,6.04000000,5.80000000,,204218.43000000,4.04040404,-0.83472454,-0.05000000,,四川路桥
2022-01-21,600039,5.99000000,5.84000000,6.06000000,5.83000000,,209683.62000000,3.93835616,-1.68350168,-0.10000000,,四川路桥
2022-01-24,600039,5.85000000,6.03000000,6.05000000,5.70000000,,274541.09000000,5.80431177,3.25342466,0.19000000,,四川路桥
2022-01-25,600039,6.04000000,5.68000000,6.04000000,5.67000000,,229627.02000000,6.51408451,-5.80431177,-0.35000000,,四川路桥
2022-01-26,600039,5.69000000,5.77000000,5.84000000,5.64000000,,187931.15000000,3.46620451,1.58450704,0.09000000,,四川路桥
2022-01-27,600039,5.79000000,5.68000000,5.92000000,5.66000000,,191079.49000000,4.57746479,-1.55979203,-0.09000000,,四川路桥
2022-01-28,600039,5.84000000,5.69000000,5.84000000,5.49000000,,253546.29000000,6.15114236,0.17605634,0.01000000,,四川路桥
2022-02-07,600039,5.81000000,5.99000000,6.04000000,5.81000000,,326250.49000000,3.83973289,5.27240773,0.30000000,,四川路桥
2022-02-08,600039,6.04000000,6.02000000,6.07000000,5.81000000,,319187.82000000,4.31893688,0.50083472,0.03000000,,四川路桥
2022-02-09,600039,6.09000000,6.02000000,6.23000000,5.81000000,,388859.51000000,6.97674419,0.00000000,0.00000000,,四川路桥
2022-02-10,600039,5.97000000,6.03000000,6.18000000,5.92000000,,296125.80000000,4.31177446,0.16611296,0.01000000,,四川路桥
2022-02-11,600039,5.98000000,5.94000000,6.19000000,5.92000000,,256941.25000000,4.54545455,-1.49253731,-0.09000000,,四川路桥
2022-02-14,600039,5.94000000,5.77000000,6.00000000,5.73000000,,270145.51000000,4.67937608,-2.86195286,-0.17000000,,四川路桥
2022-02-15,600039,5.77000000,5.79000000,5.82000000,5.67000000,,157100.75000000,2.59067358,0.34662045,0.02000000,,四川路桥
2022-02-16,600039,5.84000000,6.04000000,6.18000000,5.80000000,,357517.20000000,6.29139073,4.31778929,0.25000000,,四川路桥
2022-02-17,600039,6.13000000,6.18000000,6.29000000,5.99000000,,396137.20000000,4.85436893,2.31788079,0.14000000,,四川路桥
2022-02-18,600039,6.08000000,6.24000000,6.42000000,6.05000000,,377337.96000000,5.92948718,0.97087379,0.06000000,,四川路桥
2022-02-21,600039,6.24000000,6.00000000,6.29000000,5.94000000,,461445.53000000,5.83333333,-3.84615385,-0.24000000,,四川路桥
2022-02-22,600039,5.92000000,5.94000000,6.03000000,5.87000000,,200119.92000000,2.69360269,-1.00000000,-0.06000000,,四川路桥
2022-02-23,600039,5.91000000,5.97000000,5.99000000,5.84000000,,234349.11000000,2.51256281,0.50505051,0.03000000,,四川路桥
2022-02-24,600039,5.97000000,6.16000000,6.46000000,5.91000000,,819322.81000000,8.92857143,3.18257956,0.19000000,,四川路桥
2022-02-25,600039,6.26000000,6.21000000,6.42000000,6.11000000,,421369.55000000,4.99194847,0.81168831,0.05000000,,四川路桥
2022-02-28,600039,6.27000000,6.95000000,7.02000000,6.16000000,,1005384.93000000,12.37410072,11.91626409,0.74000000,,四川路桥
2022-03-01,600039,6.82000000,6.57000000,7.09000000,6.47000000,,737409.49000000,9.43683409,-5.46762590,-0.38000000,,四川路桥
2022-03-02,600039,6.49000000,6.64000000,6.73000000,6.44000000,,355328.00000000,4.36746988,1.06544901,0.07000000,,四川路桥
2022-03-03,600039,6.76000000,6.97000000,7.17000000,6.73000000,,701299.82000000,6.31276901,4.96987952,0.33000000,,四川路桥
2022-03-04,600039,7.02000000,6.84000000,7.12000000,6.79000000,,455320.92000000,4.82456140,-1.86513630,-0.13000000,,四川路桥
2022-03-07,600039,6.84000000,6.69000000,6.84000000,6.63000000,,366508.35000000,3.13901345,-2.19298246,-0.15000000,,四川路桥
2022-03-08,600039,6.64000000,6.54000000,6.79000000,6.44000000,,322037.30000000,5.35168196,-2.24215247,-0.15000000,,四川路桥
2022-03-09,600039,6.62000000,6.23000000,6.69000000,5.84000000,,571576.01000000,13.64365971,-4.74006116,-0.31000000,,四川路桥
2022-03-10,600039,6.38000000,6.58000000,6.67000000,6.27000000,,415525.43000000,6.07902736,5.61797753,0.35000000,,四川路桥
2022-03-11,600039,6.42000000,6.27000000,6.46000000,5.98000000,,472510.51000000,7.65550239,-4.71124620,-0.31000000,,四川路桥
2022-03-14,600039,6.19000000,5.84000000,6.23000000,5.82000000,,367946.24000000,7.02054795,-6.85805423,-0.43000000,,四川路桥
2022-03-15,600039,5.68000000,5.12000000,5.69000000,5.12000000,,633059.72000000,11.13281250,-12.32876712,-0.72000000,,四川路桥
2022-03-16,600039,5.25000000,5.26000000,5.33000000,4.82000000,,476895.75000000,9.69581749,2.73437500,0.14000000,,四川路桥
2022-03-17,600039,5.43000000,5.41000000,5.61000000,5.34000000,,384694.21000000,4.99075786,2.85171103,0.15000000,,四川路桥
2022-03-18,600039,5.41000000,5.57000000,5.59000000,5.34000000,,274172.93000000,4.48833034,2.95748614,0.16000000,,四川路桥
2022-03-21,600039,5.57000000,5.56000000,5.73000000,5.45000000,,274118.16000000,5.03597122,-0.17953321,-0.01000000,,四川路桥
2022-03-22,600039,5.54000000,5.39000000,5.54000000,5.30000000,,376782.71000000,4.45269017,-3.05755396,-0.17000000,,四川路桥
2022-03-23,600039,5.27000000,5.42000000,5.44000000,5.22000000,,278928.62000000,4.05904059,0.55658627,0.03000000,,四川路桥
2022-03-24,600039,5.41000000,5.29000000,5.43000000,5.22000000,,179188.36000000,3.96975425,-2.39852399,-0.13000000,,四川路桥
2022-03-25,600039,5.31000000,5.27000000,5.37000000,5.23000000,,161790.43000000,2.65654649,-0.37807183,-0.02000000,,四川路桥
2022-03-28,600039,5.28000000,5.22000000,5.29000000,5.06000000,,210448.46000000,4.40613027,-0.94876660,-0.05000000,,四川路桥
2022-03-29,600039,5.29000000,5.25000000,5.38000000,5.18000000,,136877.45000000,3.80952381,0.57471264,0.03000000,,四川路桥
2022-03-30,600039,5.41000000,5.68000000,5.75000000,5.41000000,,495255.38000000,5.98591549,8.19047619,0.43000000,,四川路桥
2022-03-31,600039,5.69000000,5.52000000,5.73000000,5.47000000,,262954.59000000,4.71014493,-2.81690141,-0.16000000,,四川路桥
2022-04-01,600039,5.49000000,5.62000000,5.69000000,5.42000000,,300171.00000000,4.80427046,1.81159420,0.10000000,,四川路桥
2022-04-06,600039,5.62000000,5.64000000,5.69000000,5.47000000,,266501.00000000,3.90070922,0.35587189,0.02000000,,四川路桥
2022-04-07,600039,5.59000000,5.60000000,5.87000000,5.53000000,,287856.00000000,6.07142857,-0.70921986,-0.04000000,,四川路桥
2022-04-08,600039,5.66000000,5.91000000,5.98000000,5.66000000,,525424.00000000,5.41455161,5.53571429,0.31000000,,四川路桥
2022-04-11,600039,6.09000000,5.72000000,6.09000000,5.69000000,,409458.00000000,6.99300699,-3.21489002,-0.19000000,,四川路桥
2022-04-12,600039,5.65000000,5.69000000,5.74000000,5.43000000,,338426.00000000,5.44815466,-0.52447552,-0.03000000,,四川路桥
2022-04-13,600039,5.62000000,5.47000000,5.62000000,5.46000000,,223635.00000000,2.92504570,-3.86643234,-0.22000000,,四川路桥
2022-04-14,600039,5.48000000,5.43000000,5.54000000,5.22000000,,311632.00000000,5.89318600,-0.73126143,-0.04000000,,四川路桥
2022-04-15,600039,5.39000000,5.22000000,5.42000000,5.20000000,,280494.00000000,4.21455939,-3.86740331,-0.21000000,,四川路桥
2022-04-18,600039,5.21000000,5.18000000,5.29000000,5.08000000,,202060.00000000,4.05405405,-0.76628352,-0.04000000,,四川路桥
2022-04-19,600039,5.19000000,5.17000000,5.25000000,5.12000000,,185371.00000000,2.51450677,-0.19305019,-0.01000000,,四川路桥
2022-04-20,600039,5.20000000,4.80000000,5.22000000,4.79000000,,360779.00000000,8.95833333,-7.15667311,-0.37000000,,四川路桥
2022-04-21,600039,4.74000000,4.28000000,4.77000000,4.24000000,,542779.00000000,12.38317757,-10.83333333,-0.52000000,,四川路桥
2022-04-22,600039,4.45000000,4.81000000,4.87000000,4.45000000,,535642.00000000,8.73180873,12.38317757,0.53000000,,四川路桥
2022-04-25,600039,4.68000000,4.69000000,4.97000000,4.61000000,,567198.00000000,7.67590618,-2.49480249,-0.12000000,,四川路桥
2022-04-26,600039,4.70000000,4.91000000,5.14000000,4.60000000,,537588.00000000,10.99796334,4.69083156,0.22000000,,四川路桥
2022-04-27,600039,5.05000000,5.23000000,5.24000000,4.84000000,,597227.00000000,7.64818356,6.51731161,0.32000000,,四川路桥
2022-04-28,600039,5.11000000,5.37000000,5.50000000,5.07000000,,496752.00000000,8.00744879,2.67686424,0.14000000,,四川路桥
2022-04-29,600039,5.41000000,5.52000000,5.57000000,5.33000000,,452751.00000000,4.34782609,2.79329609,0.15000000,,四川路桥
2022-05-05,600039,5.52000000,5.57000000,5.68000000,5.45000000,,415511.00000000,4.12926391,0.90579710,0.05000000,,四川路桥
2022-05-06,600039,5.41000000,5.33000000,5.52000000,5.29000000,,338116.00000000,4.31519700,-4.30879713,-0.24000000,,四川路桥
2022-05-09,600039,5.41000000,5.36000000,5.52000000,5.34000000,,204941.00000000,3.35820896,0.56285178,0.03000000,,四川路桥
2022-05-10,600039,5.26000000,5.50000000,5.54000000,5.13000000,,475721.00000000,7.45454545,2.61194030,0.14000000,,四川路桥
2022-05-11,600039,5.48000000,5.44000000,5.62000000,5.36000000,,397894.00000000,4.77941176,-1.09090909,-0.06000000,,四川路桥
2022-05-12,600039,5.39000000,5.39000000,5.51000000,5.28000000,,231476.00000000,4.26716141,-0.91911765,-0.05000000,,四川路桥
2022-05-13,600039,5.38000000,5.38000000,5.45000000,5.30000000,,163635.00000000,2.78810409,-0.18552876,-0.01000000,,四川路桥
2022-05-16,600039,5.38000000,5.31000000,5.44000000,5.27000000,,190753.00000000,3.20150659,-1.30111524,-0.07000000,,四川路桥
2022-05-17,600039,5.31000000,5.42000000,5.43000000,5.18000000,,217729.00000000,4.61254613,2.07156309,0.11000000,,四川路桥
2022-05-18,600039,5.48000000,5.39000000,5.48000000,5.35000000,,192718.00000000,2.41187384,-0.55350554,-0.03000000,,四川路桥
2022-05-19,600039,5.38000000,5.42000000,5.44000000,5.23000000,,177677.00000000,3.87453875,0.55658627,0.03000000,,四川路桥
2022-05-20,600039,5.44000000,5.44000000,5.51000000,5.41000000,,214947.00000000,1.83823529,0.36900369,0.02000000,,四川路桥
2022-05-23,600039,5.39000000,5.39000000,5.44000000,5.30000000,,180880.00000000,2.59740260,-0.91911765,-0.05000000,,四川路桥
2022-05-24,600039,5.39000000,5.13000000,5.39000000,5.12000000,,282637.00000000,5.26315789,-4.82374768,-0.26000000,,四川路桥
2022-05-25,600039,5.12000000,5.44000000,5.44000000,5.05000000,,314799.00000000,7.16911765,6.04288499,0.31000000,,四川路桥
2022-05-26,600039,5.43000000,5.63000000,5.77000000,5.41000000,,336931.00000000,6.39431616,3.49264706,0.19000000,,四川路桥
2022-05-27,600039,5.66000000,5.63000000,5.69000000,5.55000000,,210999.00000000,2.48667851,0.00000000,0.00000000,,四川路桥
2022-05-30,600039,5.66000000,5.57000000,5.73000000,5.52000000,,209405.00000000,3.77019749,-1.06571936,-0.06000000,,四川路桥
2022-05-31,600039,5.58000000,5.64000000,5.64000000,5.37000000,,265970.00000000,4.78723404,1.25673250,0.07000000,,四川路桥
2022-06-01,600039,5.56000000,5.47000000,5.57000000,5.40000000,,214038.00000000,3.10786106,-3.01418440,-0.17000000,,四川路桥
2022-06-02,600039,5.61000000,5.49000000,5.62000000,5.43000000,,185031.00000000,3.46083789,0.36563071,0.02000000,,四川路桥
2022-06-06,600039,5.48000000,5.60000000,5.67000000,5.42000000,,254117.00000000,4.46428571,2.00364299,0.11000000,,四川路桥
2022-06-07,600039,5.57000000,5.71000000,5.82000000,5.57000000,,315632.00000000,4.37828371,1.96428571,0.11000000,,四川路桥
2022-06-08,600039,5.80000000,5.82000000,5.91000000,5.69000000,,284720.00000000,3.78006873,1.92644483,0.11000000,,四川路桥
2022-06-09,600039,5.82000000,6.01000000,6.12000000,5.77000000,,379611.00000000,5.82362729,3.26460481,0.19000000,,四川路桥
2022-06-10,600039,5.98000000,6.10000000,6.16000000,5.88000000,,352590.00000000,4.59016393,1.49750416,0.09000000,,四川路桥
2022-06-13,600039,6.50000000,6.09000000,6.50000000,6.04000000,,467132.00000000,7.55336617,-0.16393443,-0.01000000,,四川路桥
2022-06-14,600039,6.02000000,6.13000000,6.17000000,5.88000000,,332196.00000000,4.73083197,0.65681445,0.04000000,,四川路桥
2022-06-15,600039,6.19000000,6.02000000,6.29000000,6.02000000,,364110.00000000,4.48504983,-1.79445351,-0.11000000,,四川路桥
2022-06-16,600039,6.03000000,5.92000000,6.15000000,5.82000000,,345209.00000000,5.57432432,-1.66112957,-0.10000000,,四川路桥
2022-06-17,600039,5.87000000,5.93000000,5.96000000,5.80000000,,222193.00000000,2.69814503,0.16891892,0.01000000,,四川路桥
2022-06-20,600039,5.90000000,6.09000000,6.12000000,5.90000000,,246814.00000000,3.61247947,2.69814503,0.16000000,,四川路桥
2022-06-21,600039,6.07000000,6.07000000,6.22000000,6.00000000,,199558.00000000,3.62438221,-0.32840722,-0.02000000,,四川路桥
2022-06-22,600039,6.12000000,5.92000000,6.12000000,5.89000000,,150885.00000000,3.88513514,-2.47116969,-0.15000000,,四川路桥
2022-06-23,600039,5.93000000,5.99000000,6.00000000,5.82000000,,168741.00000000,3.00500835,1.18243243,0.07000000,,四川路桥
2022-06-24,600039,6.01000000,5.93000000,6.04000000,5.90000000,,138120.00000000,2.36087690,-1.00166945,-0.06000000,,四川路桥
2022-06-27,600039,5.93000000,5.92000000,6.05000000,5.90000000,,180208.00000000,2.53378378,-0.16863406,-0.01000000,,四川路桥
2022-06-28,600039,5.99000000,5.99000000,6.10000000,5.92000000,,171380.00000000,3.00500835,1.18243243,0.07000000,,四川路桥
2022-06-29,600039,5.93000000,5.92000000,6.07000000,5.89000000,,208408.00000000,3.04054054,-1.16861436,-0.07000000,,四川路桥
2022-06-30,600039,5.99000000,5.91000000,6.05000000,5.89000000,,246197.00000000,2.70727580,-0.16891892,-0.01000000,,四川路桥
2022-07-01,600039,5.99000000,6.13000000,6.29000000,5.95000000,,389995.00000000,5.54649266,3.72250423,0.22000000,,四川路桥
2022-07-04,600039,6.14000000,6.17000000,6.19000000,5.99000000,,233669.00000000,3.24149109,0.65252855,0.04000000,,四川路桥
2022-07-05,600039,6.14000000,6.24000000,6.25000000,6.11000000,,245229.00000000,2.24358974,1.13452188,0.07000000,,四川路桥
2022-07-06,600039,6.22000000,5.94000000,6.22000000,5.85000000,,334750.00000000,6.22895623,-4.80769231,-0.30000000,,四川路桥
2022-07-07,600039,5.89000000,5.94000000,5.97000000,5.85000000,,144137.00000000,2.02020202,0.00000000,0.00000000,,四川路桥
2022-07-08,600039,5.94000000,6.04000000,6.29000000,5.94000000,,286087.00000000,5.79470199,1.68350168,0.10000000,,四川路桥
2022-07-11,600039,6.10000000,6.02000000,6.16000000,5.93000000,,155862.00000000,3.82059801,-0.33112583,-0.02000000,,四川路桥
2022-07-12,600039,6.03000000,6.29000000,6.41000000,5.99000000,,578187.00000000,6.67726550,4.48504983,0.27000000,,四川路桥
2022-07-13,600039,6.35000000,6.33000000,6.49000000,6.24000000,,363818.00000000,3.94944708,0.63593005,0.04000000,,四川路桥
2022-07-14,600039,6.35000000,6.31000000,6.42000000,6.14000000,,292509.00000000,4.43740095,-0.31595577,-0.02000000,,四川路桥
2022-07-15,600039,6.35000000,6.14000000,6.35000000,6.14000000,,208065.00000000,3.42019544,-2.69413629,-0.17000000,,四川路桥
2022-07-18,600039,6.14000000,6.17000000,6.24000000,6.05000000,,195048.00000000,3.07941653,0.48859935,0.03000000,,四川路桥
2022-07-19,600039,6.17000000,6.06000000,6.22000000,5.99000000,,207430.00000000,3.79537954,-1.78282010,-0.11000000,,四川路桥
2022-07-20,600039,6.05000000,6.03000000,6.07000000,6.00000000,,131755.00000000,1.16086235,-0.49504950,-0.03000000,,四川路桥
2022-07-21,600039,6.00000000,5.89000000,6.02000000,5.89000000,,187967.00000000,2.20713073,-2.32172471,-0.14000000,,四川路桥
2022-07-22,600039,5.89000000,5.81000000,5.92000000,5.78000000,,145647.00000000,2.40963855,-1.35823430,-0.08000000,,四川路桥
2022-07-25,600039,5.82000000,5.74000000,5.86000000,5.74000000,,136598.00000000,2.09059233,-1.20481928,-0.07000000,,四川路桥
2022-07-26,600039,5.78000000,5.86000000,5.86000000,5.69000000,,116372.00000000,2.90102389,2.09059233,0.12000000,,四川路桥
2022-07-27,600039,5.89000000,5.80000000,5.89000000,5.79000000,,83754.00000000,1.72413793,-1.02389078,-0.06000000,,四川路桥
2022-07-28,600039,5.80000000,5.74000000,5.84000000,5.72000000,,116593.00000000,2.09059233,-1.03448276,-0.06000000,,四川路桥
2022-07-29,600039,5.74000000,5.61000000,5.77000000,5.57000000,,189955.00000000,3.56506239,-2.26480836,-0.13000000,,四川路桥
2022-08-01,600039,5.90000000,5.74000000,5.90000000,5.69000000,,229197.00000000,3.65853659,2.31729055,0.13000000,,四川路桥
2022-08-02,600039,5.60000000,5.48000000,5.64000000,5.32000000,,312711.00000000,5.83941606,-4.52961672,-0.26000000,,四川路桥
2022-08-03,600039,5.49000000,5.37000000,5.62000000,5.36000000,,179724.00000000,4.84171322,-2.00729927,-0.11000000,,四川路桥
2022-08-04,600039,5.45000000,5.39000000,5.48000000,5.28000000,,110434.00000000,3.71057514,0.37243948,0.02000000,,四川路桥
2022-08-05,600039,5.42000000,5.47000000,5.47000000,5.33000000,,110145.00000000,2.55941499,1.48423006,0.08000000,,四川路桥
2022-08-08,600039,5.45000000,5.44000000,5.49000000,5.38000000,,94256.00000000,2.02205882,-0.54844607,-0.03000000,,四川路桥
2022-08-09,600039,5.46000000,5.57000000,5.70000000,5.38000000,,190435.00000000,5.74506284,2.38970588,0.13000000,,四川路桥
2022-08-10,600039,5.45000000,5.61000000,5.64000000,5.42000000,,176785.00000000,3.92156863,0.71813285,0.04000000,,四川路桥
2022-08-11,600039,5.74000000,5.76000000,5.83000000,5.71000000,,191054.00000000,2.08333333,2.67379679,0.15000000,,四川路桥
2022-08-12,600039,5.72000000,5.77000000,5.80000000,5.69000000,,117758.00000000,1.90641248,0.17361111,0.01000000,,四川路桥
2022-08-15,600039,5.69000000,5.72000000,5.82000000,5.67000000,,105525.00000000,2.62237762,-0.86655113,-0.05000000,,四川路桥
2022-08-16,600039,5.78000000,5.73000000,5.84000000,5.69000000,,117322.00000000,2.61780105,0.17482517,0.01000000,,四川路桥
2022-08-17,600039,5.73000000,5.75000000,5.77000000,5.66000000,,106181.00000000,1.91304348,0.34904014,0.02000000,,四川路桥
2022-08-18,600039,5.73000000,5.68000000,5.74000000,5.64000000,,99013.00000000,1.76056338,-1.21739130,-0.07000000,,四川路桥
2022-08-19,600039,5.71000000,5.65000000,5.73000000,5.59000000,,150516.00000000,2.47787611,-0.52816901,-0.03000000,,四川路桥
2022-08-22,600039,5.66000000,5.82000000,5.84000000,5.61000000,,186773.00000000,3.95189003,3.00884956,0.17000000,,四川路桥
2022-08-23,600039,5.81000000,5.81000000,5.82000000,5.72000000,,104551.00000000,1.72117040,-0.17182131,-0.01000000,,四川路桥
2022-08-24,600039,5.81000000,5.79000000,5.95000000,5.76000000,,174323.00000000,3.28151986,-0.34423408,-0.02000000,,四川路桥
2022-08-25,600039,5.83000000,5.86000000,5.89000000,5.77000000,,139903.00000000,2.04778157,1.20898100,0.07000000,,四川路桥
2022-08-26,600039,5.89000000,5.79000000,5.90000000,5.74000000,,128076.00000000,2.76338515,-1.19453925,-0.07000000,,四川路桥
2022-08-29,600039,5.74000000,6.02000000,6.02000000,5.67000000,,275048.00000000,5.81395349,3.97236615,0.23000000,,四川路桥
2022-08-30,600039,5.99000000,5.90000000,6.04000000,5.86000000,,214165.00000000,3.05084746,-1.99335548,-0.12000000,,四川路桥
2022-08-31,600039,5.95000000,6.01000000,6.05000000,5.87000000,,329617.00000000,2.99500832,1.86440678,0.11000000,,四川路桥
2022-09-01,600039,5.97000000,6.12000000,6.24000000,5.96000000,,341649.00000000,4.57516340,1.83028286,0.11000000,,四川路桥
2022-09-02,600039,6.12000000,6.14000000,6.17000000,6.02000000,,171892.00000000,2.44299674,0.32679739,0.02000000,,四川路桥
2022-09-05,600039,6.07000000,6.21000000,6.30000000,6.03000000,,270993.00000000,4.34782609,1.14006515,0.07000000,,四川路桥
2022-09-06,600039,6.19000000,6.18000000,6.24000000,6.07000000,,201587.00000000,2.75080906,-0.48309179,-0.03000000,,四川路桥
2022-09-07,600039,6.24000000,6.13000000,6.24000000,6.09000000,,143789.00000000,2.44698206,-0.80906149,-0.05000000,,四川路桥
2022-09-08,600039,6.10000000,6.12000000,6.21000000,6.04000000,,175744.00000000,2.77777778,-0.16313214,-0.01000000,,四川路桥
2022-09-09,600039,6.14000000,6.16000000,6.26000000,6.12000000,,155701.00000000,2.27272727,0.65359477,0.04000000,,四川路桥
2022-09-13,600039,6.17000000,6.17000000,6.22000000,6.11000000,,134840.00000000,1.78282010,0.16233766,0.01000000,,四川路桥
2022-09-14,600039,6.10000000,6.04000000,6.10000000,6.00000000,,128392.00000000,1.65562914,-2.10696921,-0.13000000,,四川路桥
2022-09-15,600039,6.03000000,6.02000000,6.10000000,5.91000000,,170953.00000000,3.15614618,-0.33112583,-0.02000000,,四川路桥
2022-09-16,600039,5.99000000,5.74000000,6.02000000,5.69000000,,243036.00000000,5.74912892,-4.65116279,-0.28000000,,四川路桥
2022-09-19,600039,5.74000000,5.79000000,5.85000000,5.68000000,,147814.00000000,2.93609672,0.87108014,0.05000000,,四川路桥
2022-09-20,600039,5.77000000,5.67000000,5.84000000,5.64000000,,127091.00000000,3.52733686,-2.07253886,-0.12000000,,四川路桥
2022-09-21,600039,5.72000000,5.89000000,5.93000000,5.57000000,,200800.00000000,6.11205433,3.88007055,0.22000000,,四川路桥
2022-09-22,600039,5.84000000,5.74000000,5.90000000,5.74000000,,119651.00000000,2.78745645,-2.54668930,-0.15000000,,四川路桥
2022-09-23,600039,5.77000000,5.81000000,5.89000000,5.73000000,,157225.00000000,2.75387263,1.21951220,0.07000000,,四川路桥
2022-09-26,600039,5.77000000,5.72000000,5.85000000,5.72000000,,144141.00000000,2.27272727,-1.54905336,-0.09000000,,四川路桥
2022-09-27,600039,5.74000000,5.79000000,5.83000000,5.64000000,,113106.00000000,3.28151986,1.22377622,0.07000000,,四川路桥
2022-09-28,600039,5.82000000,5.67000000,5.82000000,5.66000000,,100967.00000000,2.82186949,-2.07253886,-0.12000000,,四川路桥
2022-09-29,600039,5.77000000,5.89000000,6.39000000,5.72000000,,656770.00000000,11.37521222,3.88007055,0.22000000,,四川路桥
2022-09-30,600039,5.75000000,5.69000000,5.85000000,5.62000000,,314934.00000000,4.04217926,-3.39558574,-0.20000000,,四川路桥
2022-10-10,600039,5.69000000,5.74000000,5.88000000,5.69000000,,230072.00000000,3.31010453,0.87873462,0.05000000,,四川路桥
2022-10-11,600039,5.69000000,5.79000000,5.88000000,5.69000000,,195150.00000000,3.28151986,0.87108014,0.05000000,,四川路桥
2022-10-12,600039,5.80000000,5.82000000,5.85000000,5.64000000,,197569.00000000,3.60824742,0.51813472,0.03000000,,四川路桥
2022-10-13,600039,5.82000000,5.72000000,5.83000000,5.69000000,,153154.00000000,2.44755245,-1.71821306,-0.10000000,,四川路桥
2022-10-14,600039,5.72000000,5.74000000,5.79000000,5.72000000,,139782.00000000,1.21951220,0.34965035,0.02000000,,四川路桥
2022-10-17,600039,5.81000000,5.93000000,5.97000000,5.71000000,,273461.00000000,4.38448567,3.31010453,0.19000000,,四川路桥
2022-10-18,600039,5.96000000,5.96000000,6.00000000,5.91000000,,136370.00000000,1.51006711,0.50590219,0.03000000,,四川路桥
2022-10-19,600039,6.14000000,6.20000000,6.32000000,6.06000000,,491249.00000000,4.19354839,4.02684564,0.24000000,,四川路桥
2022-10-20,600039,6.24000000,6.30000000,6.37000000,6.16000000,,408734.00000000,3.33333333,1.61290323,0.10000000,,四川路桥
2022-10-21,600039,6.38000000,7.01000000,7.07000000,6.37000000,,692311.00000000,9.98573466,11.26984127,0.71000000,,四川路桥
2022-10-24,600039,6.88000000,6.54000000,7.02000000,6.51000000,,563388.00000000,7.79816514,-6.70470756,-0.47000000,,四川路桥
2022-10-25,600039,6.54000000,6.57000000,6.59000000,6.40000000,,260907.00000000,2.89193303,0.45871560,0.03000000,,四川路桥
2022-10-26,600039,6.62000000,6.70000000,6.79000000,6.49000000,,282574.00000000,4.47761194,1.97869102,0.13000000,,四川路桥
2022-10-28,600039,6.74000000,6.52000000,6.77000000,6.32000000,,350425.00000000,6.90184049,-2.68656716,-0.18000000,,四川路桥
2022-10-31,600039,6.28000000,6.42000000,6.56000000,6.28000000,,252627.00000000,4.36137072,-1.53374233,-0.10000000,,四川路桥
2022-11-01,600039,6.49000000,6.51000000,6.54000000,6.22000000,,327570.00000000,4.91551459,1.40186916,0.09000000,,四川路桥
2022-11-02,600039,6.47000000,6.41000000,6.52000000,6.25000000,,217776.00000000,4.21216849,-1.53609831,-0.10000000,,四川路桥
2022-11-03,600039,6.33000000,6.37000000,6.46000000,6.30000000,,152929.00000000,2.51177394,-0.62402496,-0.04000000,,四川路桥
2022-11-04,600039,6.37000000,6.49000000,6.55000000,6.34000000,,229002.00000000,3.23574730,1.88383046,0.12000000,,四川路桥
2022-11-07,600039,6.47000000,6.33000000,6.47000000,6.32000000,,197230.00000000,2.36966825,-2.46533128,-0.16000000,,四川路桥
2022-11-08,600039,6.34000000,6.33000000,6.42000000,6.24000000,,214274.00000000,2.84360190,0.00000000,0.00000000,,四川路桥
2022-11-09,600039,6.37000000,6.31000000,6.42000000,6.29000000,,142514.00000000,2.06022187,-0.31595577,-0.02000000,,四川路桥
2022-11-10,600039,6.25000000,6.24000000,6.27000000,6.14000000,,183434.00000000,2.08333333,-1.10935024,-0.07000000,,四川路桥
2022-11-11,600039,6.33000000,6.57000000,6.64000000,6.33000000,,386058.00000000,4.71841705,5.28846154,0.33000000,,四川路桥
2022-11-14,600039,6.57000000,6.55000000,6.62000000,6.48000000,,192487.00000000,2.13740458,-0.30441400,-0.02000000,,四川路桥
2022-11-15,600039,6.59000000,6.69000000,6.74000000,6.47000000,,221556.00000000,4.03587444,2.13740458,0.14000000,,四川路桥
2022-11-16,600039,6.69000000,6.54000000,6.76000000,6.53000000,,163867.00000000,3.51681957,-2.24215247,-0.15000000,,四川路桥
2022-11-17,600039,6.50000000,6.45000000,6.53000000,6.41000000,,103392.00000000,1.86046512,-1.37614679,-0.09000000,,四川路桥
2022-11-18,600039,6.43000000,6.41000000,6.54000000,6.33000000,,134398.00000000,3.27613105,-0.62015504,-0.04000000,,四川路桥
2022-11-21,600039,6.35000000,6.39000000,6.44000000,6.27000000,,108635.00000000,2.66040689,-0.31201248,-0.02000000,,四川路桥
2022-11-22,600039,6.39000000,6.68000000,6.94000000,6.37000000,,363760.00000000,8.53293413,4.53834116,0.29000000,,四川路桥
2022-11-23,600039,6.68000000,6.59000000,6.87000000,6.57000000,,234368.00000000,4.55235205,-1.34730539,-0.09000000,,四川路桥
2022-11-24,600039,6.61000000,6.60000000,6.72000000,6.58000000,,151820.00000000,2.12121212,0.15174507,0.01000000,,四川路桥
2022-11-25,600039,6.53000000,6.70000000,6.73000000,6.53000000,,165939.00000000,2.98507463,1.51515152,0.10000000,,四川路桥
2022-11-28,600039,6.64000000,6.74000000,6.89000000,6.57000000,,240825.00000000,4.74777448,0.59701493,0.04000000,,四川路桥
2022-11-29,600039,6.74000000,6.77000000,6.81000000,6.62000000,,192237.00000000,2.80649926,0.44510386,0.03000000,,四川路桥
2022-11-30,600039,6.73000000,6.77000000,6.78000000,6.64000000,,177262.00000000,2.06794682,0.00000000,0.00000000,,四川路桥
2022-12-01,600039,6.77000000,6.54000000,6.78000000,6.54000000,,251974.00000000,3.66972477,-3.39734121,-0.23000000,,四川路桥
2022-12-02,600039,6.52000000,6.51000000,6.57000000,6.39000000,,234820.00000000,2.76497696,-0.45871560,-0.03000000,,四川路桥
2022-12-05,600039,6.53000000,6.58000000,6.71000000,6.50000000,,227142.00000000,3.19148936,1.07526882,0.07000000,,四川路桥
2022-12-06,600039,6.58000000,6.48000000,6.64000000,6.44000000,,162852.00000000,3.08641975,-1.51975684,-0.10000000,,四川路桥
2022-12-07,600039,6.42000000,6.43000000,6.51000000,6.35000000,,179787.00000000,2.48833593,-0.77160494,-0.05000000,,四川路桥
2022-12-08,600039,6.38000000,6.44000000,6.49000000,6.32000000,,181992.00000000,2.63975155,0.15552100,0.01000000,,四川路桥
2022-12-09,600039,6.44000000,6.45000000,6.55000000,6.39000000,,353013.00000000,2.48062016,0.15527950,0.01000000,,四川路桥
2022-12-12,600039,6.39000000,6.32000000,6.46000000,6.27000000,,286141.00000000,3.00632911,-2.01550388,-0.13000000,,四川路桥
2022-12-13,600039,6.32000000,6.33000000,6.36000000,6.24000000,,176591.00000000,1.89573460,0.15822785,0.01000000,,四川路桥
2022-12-14,600039,6.30000000,6.22000000,6.32000000,6.17000000,,176077.00000000,2.41157556,-1.73775671,-0.11000000,,四川路桥
2022-12-15,600039,6.22000000,6.17000000,6.22000000,6.11000000,,93402.00000000,1.78282010,-0.80385852,-0.05000000,,四川路桥
2022-12-16,600039,6.12000000,6.22000000,6.28000000,6.12000000,,104736.00000000,2.57234727,0.81037277,0.05000000,,四川路桥
2022-12-19,600039,6.20000000,5.98000000,6.22000000,5.92000000,,149008.00000000,5.01672241,-3.85852090,-0.24000000,,四川路桥
2022-12-20,600039,5.99000000,5.92000000,6.03000000,5.89000000,,104611.00000000,2.36486486,-1.00334448,-0.06000000,,四川路桥
2022-12-21,600039,6.02000000,5.94000000,6.12000000,5.90000000,,92899.00000000,3.70370370,0.33783784,0.02000000,,四川路桥
2022-12-22,600039,5.93000000,5.85000000,5.98000000,5.82000000,,90710.00000000,2.73504274,-1.51515152,-0.09000000,,四川路桥
2022-12-23,600039,5.82000000,5.90000000,5.93000000,5.74000000,,77880.00000000,3.22033898,0.85470085,0.05000000,,四川路桥
2022-12-26,600039,5.90000000,5.97000000,5.97000000,5.85000000,,104684.00000000,2.01005025,1.18644068,0.07000000,,四川路桥
2022-12-27,600039,5.99000000,6.24000000,6.24000000,5.99000000,,191872.00000000,4.00641026,4.52261307,0.27000000,,四川路桥
2022-12-28,600039,6.17000000,6.24000000,6.28000000,6.14000000,,146867.00000000,2.24358974,0.00000000,0.00000000,,四川路桥
2022-12-29,600039,6.17000000,6.27000000,6.32000000,6.10000000,,199271.00000000,3.50877193,0.48076923,0.03000000,,四川路桥
2022-12-30,600039,6.27000000,6.33000000,6.34000000,6.16000000,,207629.00000000,2.84360190,0.95693780,0.06000000,,四川路桥
2023-01-03,600039,6.32000000,6.19000000,6.32000000,6.14000000,,160241.00000000,2.90791599,-2.21169036,-0.14000000,,四川路桥
2023-01-04,600039,6.21000000,6.20000000,6.22000000,6.09000000,,136483.00000000,2.09677419,0.16155089,0.01000000,,四川路桥
2023-01-05,600039,6.26000000,6.19000000,6.28000000,6.14000000,,119546.00000000,2.26171244,-0.16129032,-0.01000000,,四川路桥
2023-01-06,600039,6.19000000,6.10000000,6.21000000,6.04000000,,102486.00000000,2.78688525,-1.45395800,-0.09000000,,四川路桥
2023-01-09,600039,6.14000000,6.17000000,6.27000000,6.08000000,,138865.00000000,3.07941653,1.14754098,0.07000000,,四川路桥
2023-01-10,600039,6.14000000,6.04000000,6.19000000,6.01000000,,104253.00000000,2.98013245,-2.10696921,-0.13000000,,四川路桥
2023-01-11,600039,6.02000000,5.99000000,6.07000000,5.94000000,,98725.00000000,2.17028381,-0.82781457,-0.05000000,,四川路桥
2023-01-12,600039,6.02000000,6.08000000,6.12000000,5.94000000,,110574.00000000,2.96052632,1.50250417,0.09000000,,四川路桥
2023-01-13,600039,6.02000000,6.03000000,6.09000000,5.96000000,,67615.00000000,2.15588723,-0.82236842,-0.05000000,,四川路桥
2023-01-16,600039,6.12000000,6.14000000,6.17000000,6.01000000,,117883.00000000,2.60586319,1.82421227,0.11000000,,四川路桥
2023-01-17,600039,6.17000000,6.15000000,6.17000000,6.07000000,,94351.00000000,1.62601626,0.16286645,0.01000000,,四川路桥
2023-01-18,600039,6.17000000,6.47000000,6.50000000,6.12000000,,395804.00000000,5.87326121,5.20325203,0.32000000,,四川路桥
2023-01-19,600039,6.44000000,6.47000000,6.48000000,6.35000000,,138799.00000000,2.00927357,0.00000000,0.00000000,,四川路桥
2023-01-20,600039,6.39000000,6.63000000,6.69000000,6.39000000,,208009.00000000,4.52488688,2.47295209,0.16000000,,四川路桥
2023-01-30,600039,6.66000000,6.57000000,6.70000000,6.53000000,,153429.00000000,2.58751903,-0.90497738,-0.06000000,,四川路桥
2023-01-31,600039,6.76000000,6.77000000,6.85000000,6.65000000,,351510.00000000,2.95420975,3.04414003,0.20000000,,四川路桥
2023-02-01,600039,6.79000000,7.09000000,7.13000000,6.76000000,,543809.00000000,5.21861777,4.72673560,0.32000000,,四川路桥
2023-02-02,600039,7.10000000,7.24000000,7.24000000,7.10000000,,314400.00000000,1.93370166,2.11565585,0.15000000,,四川路桥
2023-02-03,600039,7.17000000,7.12000000,7.22000000,7.05000000,,202173.00000000,2.38764045,-1.65745856,-0.12000000,,四川路桥
2023-02-06,600039,7.05000000,7.15000000,7.21000000,7.00000000,,220071.00000000,2.93706294,0.42134831,0.03000000,,四川路桥
2023-02-07,600039,7.21000000,7.34000000,7.37000000,7.12000000,,227650.00000000,3.40599455,2.65734266,0.19000000,,四川路桥
2023-02-08,600039,7.32000000,7.39000000,7.44000000,7.29000000,,169174.00000000,2.02976996,0.68119891,0.05000000,,四川路桥
2023-02-09,600039,7.42000000,7.32000000,7.42000000,7.23000000,,192287.00000000,2.59562842,-0.94722598,-0.07000000,,四川路桥
2023-02-10,600039,7.32000000,7.37000000,7.39000000,7.26000000,,110364.00000000,1.76390773,0.68306011,0.05000000,,四川路桥
2023-02-13,600039,7.37000000,7.50000000,7.58000000,7.29000000,,192553.00000000,3.86666667,1.76390773,0.13000000,,四川路桥
2023-02-14,600039,7.48000000,7.51000000,7.59000000,7.44000000,,118220.00000000,1.99733688,0.13333333,0.01000000,,四川路桥
2023-02-15,600039,7.47000000,7.47000000,7.53000000,7.43000000,,111320.00000000,1.33868809,-0.53262317,-0.04000000,,四川路桥
2023-02-16,600039,7.48000000,7.29000000,7.53000000,7.22000000,,196826.00000000,4.25240055,-2.40963855,-0.18000000,,四川路桥
2023-02-17,600039,7.31000000,7.37000000,7.52000000,7.31000000,,174399.00000000,2.84938942,1.09739369,0.08000000,,四川路桥
2023-02-20,600039,7.38000000,7.44000000,7.52000000,7.34000000,,126773.00000000,2.41935484,0.94979647,0.07000000,,四川路桥
2023-02-21,600039,7.47000000,7.42000000,7.53000000,7.34000000,,148039.00000000,2.56064690,-0.26881720,-0.02000000,,四川路桥
2023-02-22,600039,7.44000000,7.34000000,7.46000000,7.32000000,,107895.00000000,1.90735695,-1.07816712,-0.08000000,,四川路桥
2023-02-23,600039,7.37000000,7.39000000,7.42000000,7.33000000,,97759.00000000,1.21786198,0.68119891,0.05000000,,四川路桥
2023-02-24,600039,7.44000000,7.42000000,7.44000000,7.32000000,,97355.00000000,1.61725067,0.40595399,0.03000000,,四川路桥
2023-02-27,600039,7.39000000,7.36000000,7.46000000,7.31000000,,86751.00000000,2.03804348,-0.80862534,-0.06000000,,四川路桥
2023-02-28,600039,7.37000000,7.47000000,7.47000000,7.36000000,,126657.00000000,1.47255689,1.49456522,0.11000000,,四川路桥
2023-03-01,600039,7.46000000,7.81000000,7.84000000,7.44000000,,290736.00000000,5.12163892,4.55153949,0.34000000,,四川路桥
2023-03-02,600039,7.74000000,7.83000000,7.89000000,7.66000000,,227667.00000000,2.93742018,0.25608195,0.02000000,,四川路桥
2023-03-03,600039,7.81000000,7.82000000,7.93000000,7.75000000,,150188.00000000,2.30179028,-0.12771392,-0.01000000,,四川路桥
2023-03-06,600039,7.82000000,7.87000000,7.96000000,7.76000000,,211890.00000000,2.54129606,0.63938619,0.05000000,,四川路桥
2023-03-07,600039,7.87000000,7.83000000,8.02000000,7.80000000,,180217.00000000,2.80970626,-0.50825921,-0.04000000,,四川路桥
2023-03-08,600039,7.80000000,7.78000000,7.84000000,7.68000000,,146310.00000000,2.05655527,-0.63856960,-0.05000000,,四川路桥
2023-03-09,600039,7.79000000,7.86000000,7.90000000,7.72000000,,131092.00000000,2.29007634,1.02827763,0.08000000,,四川路桥
2023-03-10,600039,7.82000000,7.84000000,7.87000000,7.77000000,,93012.00000000,1.27551020,-0.25445293,-0.02000000,,四川路桥
2023-03-13,600039,7.84000000,7.96000000,7.98000000,7.84000000,,143770.00000000,1.75879397,1.53061224,0.12000000,,四川路桥
2023-03-14,600039,7.92000000,7.90000000,8.03000000,7.90000000,,146574.00000000,1.64556962,-0.75376884,-0.06000000,,四川路桥
2023-03-15,600039,7.89000000,8.13000000,8.19000000,7.86000000,,179725.00000000,4.05904059,2.91139241,0.23000000,,四川路桥
2023-03-16,600039,8.07000000,8.03000000,8.22000000,8.02000000,,157208.00000000,2.49066002,-1.23001230,-0.10000000,,四川路桥
2023-03-17,600039,8.12000000,8.06000000,8.24000000,8.04000000,,174593.00000000,2.48138958,0.37359900,0.03000000,,四川路桥
2023-03-20,600039,8.10000000,7.99000000,8.27000000,7.95000000,,280244.00000000,4.00500626,-0.86848635,-0.07000000,,四川路桥
2023-03-21,600039,7.97000000,7.72000000,8.02000000,7.63000000,,363821.00000000,5.05181347,-3.37922403,-0.27000000,,四川路桥
2023-03-22,600039,7.86000000,7.76000000,7.91000000,7.60000000,,231485.00000000,3.99484536,0.51813472,0.04000000,,四川路桥
2023-03-23,600039,7.77000000,7.76000000,7.84000000,7.66000000,,169538.00000000,2.31958763,0.00000000,0.00000000,,四川路桥
2023-03-24,600039,7.74000000,7.64000000,7.74000000,7.62000000,,174058.00000000,1.57068063,-1.54639175,-0.12000000,,四川路桥
2023-03-27,600039,7.64000000,7.66000000,7.68000000,7.51000000,,161116.00000000,2.21932115,0.26178010,0.02000000,,四川路桥
2023-03-28,600039,7.66000000,7.72000000,7.88000000,7.65000000,,118327.00000000,2.97927461,0.78328982,0.06000000,,四川路桥
2023-03-29,600039,7.78000000,7.72000000,7.79000000,7.67000000,,105508.00000000,1.55440415,0.00000000,0.00000000,,四川路桥
2023-03-30,600039,7.72000000,7.82000000,7.85000000,7.64000000,,111913.00000000,2.68542199,1.29533679,0.10000000,,四川路桥
2023-03-31,600039,7.97000000,8.24000000,8.44000000,7.85000000,,347474.00000000,7.16019417,5.37084399,0.42000000,,四川路桥
2023-04-03,600039,8.12000000,8.23000000,8.30000000,8.12000000,,243740.00000000,2.18712029,-0.12135922,-0.01000000,,四川路桥
2023-04-04,600039,8.29000000,8.49000000,8.69000000,8.09000000,,358123.00000000,7.06713781,3.15917375,0.26000000,,四川路桥
2023-04-06,600039,8.53000000,8.54000000,8.66000000,8.45000000,,153526.00000000,2.45901639,0.58892815,0.05000000,,四川路桥
2023-04-07,600039,8.60000000,8.51000000,8.62000000,8.48000000,,104186.00000000,1.64512338,-0.35128806,-0.03000000,,四川路桥
2023-04-10,600039,8.53000000,8.58000000,8.63000000,8.46000000,,145428.00000000,1.98135198,0.82256169,0.07000000,,四川路桥
2023-04-11,600039,8.60000000,8.63000000,8.67000000,8.48000000,,173574.00000000,2.20162225,0.58275058,0.05000000,,四川路桥
2023-04-12,600039,8.64000000,8.72000000,8.82000000,8.59000000,,143399.00000000,2.63761468,1.04287370,0.09000000,,四川路桥
2023-04-13,600039,8.69000000,8.77000000,8.82000000,8.68000000,,120156.00000000,1.59635120,0.57339450,0.05000000,,四川路桥
2023-04-14,600039,8.76000000,8.93000000,8.94000000,8.71000000,,186414.00000000,2.57558791,1.82440137,0.16000000,,四川路桥
2023-04-17,600039,8.94000000,9.22000000,9.34000000,8.94000000,,246404.00000000,4.33839479,3.24748040,0.29000000,,四川路桥
2023-04-18,600039,9.22000000,9.34000000,9.34000000,9.14000000,,169611.00000000,2.14132762,1.30151844,0.12000000,,四川路桥
2023-04-19,600039,9.32000000,9.32000000,9.45000000,9.27000000,,139699.00000000,1.93133047,-0.21413276,-0.02000000,,四川路桥
2023-04-20,600039,9.27000000,9.39000000,9.41000000,9.10000000,,218235.00000000,3.30138445,0.75107296,0.07000000,,四川路桥
2023-04-21,600039,9.39000000,9.42000000,9.67000000,9.28000000,,152411.00000000,4.14012739,0.31948882,0.03000000,,四川路桥
2023-04-24,600039,9.42000000,9.44000000,9.55000000,9.29000000,,162594.00000000,2.75423729,0.21231423,0.02000000,,四川路桥
2023-04-25,600039,9.44000000,9.39000000,9.59000000,9.25000000,,178551.00000000,3.62087327,-0.52966102,-0.05000000,,四川路桥
2023-04-26,600039,9.39000000,9.44000000,9.49000000,9.28000000,,159701.00000000,2.22457627,0.53248136,0.05000000,,四川路桥
2023-04-27,600039,9.49000000,9.62000000,9.62000000,9.40000000,,144393.00000000,2.28690229,1.90677966,0.18000000,,四川路桥
2023-04-28,600039,9.63000000,9.71000000,9.75000000,9.52000000,,189347.00000000,2.36869207,0.93555094,0.09000000,,四川路桥
2023-05-04,600039,9.74000000,9.49000000,9.74000000,9.10000000,,332611.00000000,6.74394099,-2.26570546,-0.22000000,,四川路桥
2023-05-05,600039,9.38000000,9.26000000,9.52000000,9.16000000,,249804.00000000,3.88768898,-2.42360379,-0.23000000,,四川路桥
2023-05-08,600039,9.33000000,9.22000000,9.37000000,9.19000000,,152844.00000000,1.95227766,-0.43196544,-0.04000000,,四川路桥
2023-05-09,600039,9.22000000,9.14000000,9.36000000,9.05000000,,228671.00000000,3.39168490,-0.86767896,-0.08000000,,四川路桥
2023-05-10,600039,9.12000000,8.97000000,9.14000000,8.91000000,,188367.00000000,2.56410256,-1.85995624,-0.17000000,,四川路桥
2023-05-11,600039,8.97000000,8.96000000,9.05000000,8.89000000,,91680.00000000,1.78571429,-0.11148272,-0.01000000,,四川路桥
2023-05-12,600039,8.97000000,8.77000000,9.10000000,8.77000000,,117377.00000000,3.76282782,-2.12053571,-0.19000000,,四川路桥
2023-05-15,600039,8.77000000,8.82000000,8.84000000,8.57000000,,148625.00000000,3.06122449,0.57012543,0.05000000,,四川路桥
2023-05-16,600039,8.83000000,8.86000000,9.00000000,8.82000000,,143048.00000000,2.03160271,0.45351474,0.04000000,,四川路桥
2023-05-17,600039,8.86000000,8.87000000,8.91000000,8.69000000,,94806.00000000,2.48027057,0.11286682,0.01000000,,四川路桥
2023-05-18,600039,8.87000000,8.76000000,8.93000000,8.72000000,,95799.00000000,2.39726027,-1.24013529,-0.11000000,,四川路桥
2023-05-19,600039,8.74000000,8.79000000,8.79000000,8.65000000,,75942.00000000,1.59271900,0.34246575,0.03000000,,四川路桥
2023-05-22,600039,8.77000000,8.72000000,8.88000000,8.62000000,,100003.00000000,2.98165138,-0.79635950,-0.07000000,,四川路桥
2023-05-23,600039,8.71000000,8.47000000,8.72000000,8.47000000,,120947.00000000,2.95159386,-2.86697248,-0.25000000,,四川路桥
2023-05-24,600039,8.44000000,8.41000000,8.50000000,8.32000000,,84109.00000000,2.14030916,-0.70838253,-0.06000000,,四川路桥
2023-05-25,600039,8.33000000,8.42000000,8.45000000,8.24000000,,106783.00000000,2.49406176,0.11890606,0.01000000,,四川路桥
2023-05-26,600039,8.40000000,8.42000000,8.47000000,8.27000000,,72939.00000000,2.37529691,0.00000000,0.00000000,,四川路桥
2023-05-29,600039,8.42000000,8.54000000,8.67000000,8.35000000,,112791.00000000,3.74707260,1.42517815,0.12000000,,四川路桥
2023-05-30,600039,8.49000000,8.77000000,8.77000000,8.41000000,,157269.00000000,4.10490308,2.69320843,0.23000000,,四川路桥
2023-05-31,600039,8.77000000,9.24000000,9.29000000,8.73000000,,245231.00000000,6.06060606,5.35917902,0.47000000,,四川路桥
2023-06-01,600039,9.24000000,8.70000000,9.34000000,8.64000000,,286330.00000000,8.04597701,-5.84415584,-0.54000000,,四川路桥
2023-06-02,600039,8.72000000,8.73000000,8.80000000,8.60000000,,139514.00000000,2.29095074,0.34482759,0.03000000,,四川路桥
2023-06-05,600039,8.67000000,8.81000000,8.92000000,8.60000000,,107955.00000000,3.63223610,0.91638030,0.08000000,,四川路桥
2023-06-06,600039,8.77000000,8.83000000,8.96000000,8.74000000,,117093.00000000,2.49150623,0.22701476,0.02000000,,四川路桥
2023-06-07,600039,8.94000000,8.89000000,8.97000000,8.82000000,,76633.00000000,1.68728909,0.67950170,0.06000000,,四川路桥
2023-06-08,600039,8.94000000,8.97000000,9.00000000,8.84000000,,84929.00000000,1.78372352,0.89988751,0.08000000,,四川路桥
2023-06-09,600039,8.99000000,9.06000000,9.09000000,8.92000000,,111794.00000000,1.87637969,1.00334448,0.09000000,,四川路桥
2023-06-12,600039,9.07000000,8.94000000,9.08000000,8.91000000,,98651.00000000,1.90156600,-1.32450331,-0.12000000,,四川路桥
2023-06-13,600039,8.97000000,8.89000000,9.00000000,8.86000000,,109070.00000000,1.57480315,-0.55928412,-0.05000000,,四川路桥
2023-06-14,600039,8.88000000,8.82000000,9.01000000,8.76000000,,151414.00000000,2.83446712,-0.78740157,-0.07000000,,四川路桥
2023-06-15,600039,8.84000000,8.73000000,8.87000000,8.58000000,,234197.00000000,3.32187858,-1.02040816,-0.09000000,,四川路桥
2023-06-16,600039,8.73000000,8.96000000,9.10000000,8.73000000,,252938.00000000,4.12946429,2.63459336,0.23000000,,四川路桥
2023-06-19,600039,8.97000000,8.73000000,9.03000000,8.69000000,,217008.00000000,3.89461627,-2.56696429,-0.23000000,,四川路桥
2023-06-20,600039,8.73000000,8.69000000,8.82000000,8.66000000,,137250.00000000,1.84119678,-0.45819015,-0.04000000,,四川路桥
2023-06-21,600039,8.59000000,8.59000000,8.75000000,8.47000000,,199373.00000000,3.25960419,-1.15074799,-0.10000000,,四川路桥
2023-06-26,600039,8.55000000,8.59000000,8.63000000,8.34000000,,285772.00000000,3.37601863,0.00000000,0.00000000,,四川路桥
2023-06-27,600039,8.52000000,8.67000000,8.76000000,8.52000000,,148280.00000000,2.76816609,0.93131548,0.08000000,,四川路桥
2023-06-28,600039,8.64000000,8.82000000,8.85000000,8.60000000,,138289.00000000,2.83446712,1.73010381,0.15000000,,四川路桥
2023-06-29,600039,8.83000000,8.86000000,8.96000000,8.81000000,,99118.00000000,1.69300226,0.45351474,0.04000000,,四川路桥
2023-06-30,600039,8.91000000,8.85000000,8.96000000,8.80000000,,125149.00000000,1.80790960,-0.11286682,-0.01000000,,四川路桥
2023-07-03,600039,8.84000000,9.01000000,9.14000000,8.84000000,,190437.00000000,3.32963374,1.80790960,0.16000000,,四川路桥
2023-07-04,600039,9.08000000,8.88000000,9.11000000,8.81000000,,137663.00000000,3.37837838,-1.44284129,-0.13000000,,四川路桥
2023-07-05,600039,8.84000000,8.92000000,9.01000000,8.82000000,,78814.00000000,2.13004484,0.45045045,0.04000000,,四川路桥
2023-07-06,600039,8.92000000,8.94000000,9.01000000,8.87000000,,108032.00000000,1.56599553,0.22421525,0.02000000,,四川路桥
2023-07-07,600039,8.89000000,8.96000000,8.97000000,8.80000000,,107241.00000000,1.89732143,0.22371365,0.02000000,,四川路桥
2023-07-10,600039,9.02000000,9.04000000,9.21000000,8.98000000,,183042.00000000,2.54424779,0.89285714,0.08000000,,四川路桥
2023-07-11,600039,9.04000000,9.02000000,9.15000000,8.97000000,,111163.00000000,1.99556541,-0.22123894,-0.02000000,,四川路桥
2023-07-12,600039,9.04000000,8.79000000,9.05000000,8.79000000,,180897.00000000,2.95790671,-2.54988914,-0.23000000,,四川路桥
2023-07-13,600039,8.84000000,8.95000000,8.97000000,8.81000000,,104890.00000000,1.78770950,1.82025028,0.16000000,,四川路桥
2023-07-14,600039,8.93000000,8.99000000,9.09000000,8.93000000,,139003.00000000,1.77975528,0.44692737,0.04000000,,四川路桥
2023-07-17,600039,8.99000000,8.96000000,9.01000000,8.87000000,,62293.00000000,1.56250000,-0.33370412,-0.03000000,,四川路桥
2023-07-18,600039,8.97000000,8.90000000,9.02000000,8.87000000,,80504.00000000,1.68539326,-0.66964286,-0.06000000,,四川路桥
2023-07-19,600039,8.96000000,8.95000000,9.01000000,8.88000000,,122715.00000000,1.45251397,0.56179775,0.05000000,,四川路桥
2023-07-20,600039,8.93000000,8.76000000,8.95000000,8.70000000,,205309.00000000,2.85388128,-2.12290503,-0.19000000,,四川路桥
2023-07-21,600039,8.79000000,8.72000000,8.82000000,8.62000000,,160671.00000000,2.29357798,-0.45662100,-0.04000000,,四川路桥
2023-07-24,600039,8.70000000,8.71000000,8.77000000,8.54000000,,209545.00000000,2.64064294,-0.11467890,-0.01000000,,四川路桥
2023-07-25,600039,8.70000000,8.75000000,8.83000000,8.69000000,,139678.00000000,1.60000000,0.45924225,0.04000000,,四川路桥
2023-07-26,600039,8.74000000,8.79000000,8.87000000,8.69000000,,118736.00000000,2.04778157,0.45714286,0.04000000,,四川路桥
2023-07-27,600039,8.81000000,8.71000000,8.83000000,8.69000000,,113568.00000000,1.60734788,-0.91012514,-0.08000000,,四川路桥
2023-07-28,600039,8.71000000,8.82000000,8.84000000,8.61000000,,146932.00000000,2.60770975,1.26291619,0.11000000,,四川路桥
2023-07-31,600039,8.82000000,8.92000000,8.97000000,8.82000000,,170079.00000000,1.68161435,1.13378685,0.10000000,,四川路桥
2023-08-01,600039,8.93000000,8.76000000,8.96000000,8.70000000,,244344.00000000,2.96803653,-1.79372197,-0.16000000,,四川路桥
2023-08-02,600039,8.76000000,8.60000000,8.77000000,8.58000000,,176866.00000000,2.20930233,-1.82648402,-0.16000000,,四川路桥
2023-08-03,600039,8.60000000,8.69000000,8.73000000,8.56000000,,107524.00000000,1.95627158,1.04651163,0.09000000,,四川路桥
2023-08-04,600039,8.71000000,8.69000000,8.80000000,8.64000000,,100539.00000000,1.84119678,0.00000000,0.00000000,,四川路桥
2023-08-07,600039,8.69000000,8.60000000,8.69000000,8.56000000,,126087.00000000,1.51162791,-1.03567319,-0.09000000,,四川路桥
2023-08-08,600039,8.57000000,8.59000000,8.64000000,8.54000000,,76335.00000000,1.16414435,-0.11627907,-0.01000000,,四川路桥
2023-08-09,600039,8.59000000,8.56000000,8.62000000,8.54000000,,78248.00000000,0.93457944,-0.34924331,-0.03000000,,四川路桥
2023-08-10,600039,8.56000000,8.58000000,8.60000000,8.54000000,,72098.00000000,0.69930070,0.23364486,0.02000000,,四川路桥
2023-08-11,600039,8.55000000,8.39000000,8.65000000,8.38000000,,141653.00000000,3.21811681,-2.21445221,-0.19000000,,四川路桥
2023-08-14,600039,8.36000000,8.52000000,8.54000000,8.29000000,,137742.00000000,2.93427230,1.54946365,0.13000000,,四川路桥
2023-08-15,600039,8.52000000,8.47000000,8.54000000,8.39000000,,95061.00000000,1.77095632,-0.58685446,-0.05000000,,四川路桥
2023-08-16,600039,8.44000000,8.46000000,8.52000000,8.39000000,,80416.00000000,1.53664303,-0.11806375,-0.01000000,,四川路桥
2023-08-17,600039,8.47000000,8.37000000,8.49000000,8.31000000,,130691.00000000,2.15053763,-1.06382979,-0.09000000,,四川路桥
2023-08-18,600039,8.36000000,8.33000000,8.46000000,8.31000000,,89325.00000000,1.80072029,-0.47789725,-0.04000000,,四川路桥
2023-08-21,600039,8.32000000,8.36000000,8.50000000,8.28000000,,155433.00000000,2.63157895,0.36014406,0.03000000,,四川路桥
2023-08-22,600039,8.35000000,8.42000000,8.45000000,8.32000000,,103951.00000000,1.54394299,0.71770335,0.06000000,,四川路桥
2023-08-23,600039,8.41000000,8.33000000,8.50000000,8.33000000,,105633.00000000,2.04081633,-1.06888361,-0.09000000,,四川路桥
2023-08-24,600039,8.36000000,8.14000000,8.39000000,8.04000000,,233505.00000000,4.29975430,-2.28091236,-0.19000000,,四川路桥
2023-08-25,600039,8.09000000,8.30000000,8.33000000,8.08000000,,159288.00000000,3.01204819,1.96560197,0.16000000,,四川路桥
2023-08-28,600039,8.64000000,8.37000000,8.69000000,8.31000000,,199212.00000000,4.54002389,0.84337349,0.07000000,,四川路桥
2023-08-29,600039,8.34000000,8.30000000,8.40000000,8.24000000,,253470.00000000,1.92771084,-0.83632019,-0.07000000,,四川路桥
2023-08-30,600039,8.22000000,8.01000000,8.22000000,7.71000000,,532210.00000000,6.36704120,-3.49397590,-0.29000000,,四川路桥
2023-08-31,600039,7.87000000,7.95000000,8.03000000,7.79000000,,212312.00000000,3.01886792,-0.74906367,-0.06000000,,四川路桥
2023-09-01,600039,7.91000000,7.92000000,8.03000000,7.87000000,,218734.00000000,2.02020202,-0.37735849,-0.03000000,,四川路桥
2023-09-04,600039,7.25000000,7.03000000,7.34000000,7.03000000,,838460.00000000,4.40967283,-11.23737374,-0.89000000,,四川路桥
2023-09-05,600039,6.40000000,6.72000000,6.78000000,6.36000000,,1708734.00000000,6.25000000,-4.40967283,-0.31000000,,四川路桥
2023-09-06,600039,6.63000000,6.66000000,6.78000000,6.50000000,,787678.00000000,4.20420420,-0.89285714,-0.06000000,,四川路桥
2023-09-07,600039,6.64000000,6.55000000,6.74000000,6.53000000,,552305.00000000,3.20610687,-1.65165165,-0.11000000,,四川路桥
2023-09-08,600039,6.58000000,6.65000000,6.74000000,6.46000000,,449154.00000000,4.21052632,1.52671756,0.10000000,,四川路桥
2023-09-11,600039,6.62000000,6.69000000,6.87000000,6.61000000,,893548.00000000,3.88639761,0.60150376,0.04000000,,四川路桥
2023-09-12,600039,6.67000000,6.89000000,6.95000000,6.66000000,,658323.00000000,4.20899855,2.98953662,0.20000000,,四川路桥
2023-09-13,600039,6.90000000,6.95000000,6.98000000,6.82000000,,386951.00000000,2.30215827,0.87082729,0.06000000,,四川路桥
2023-09-14,600039,7.03000000,7.17000000,7.18000000,6.94000000,,674273.00000000,3.34728033,3.16546763,0.22000000,,四川路桥
2023-09-15,600039,7.17000000,7.19000000,7.29000000,7.10000000,,599446.00000000,2.64255911,0.27894003,0.02000000,,四川路桥
2023-09-18,600039,7.23000000,7.15000000,7.36000000,7.08000000,,437490.00000000,3.91608392,-0.55632823,-0.04000000,,四川路桥
2023-09-19,600039,7.10000000,7.22000000,7.28000000,7.10000000,,371646.00000000,2.49307479,0.97902098,0.07000000,,四川路桥
2023-09-20,600039,7.22000000,7.29000000,7.34000000,7.19000000,,468976.00000000,2.05761317,0.96952909,0.07000000,,四川路桥
2023-09-21,600039,7.29000000,7.32000000,7.38000000,7.27000000,,336611.00000000,1.50273224,0.41152263,0.03000000,,四川路桥
2023-09-22,600039,7.30000000,7.53000000,7.55000000,7.30000000,,484214.00000000,3.32005312,2.86885246,0.21000000,,四川路桥
2023-09-25,600039,7.46000000,7.51000000,7.61000000,7.45000000,,383778.00000000,2.13049268,-0.26560425,-0.02000000,,四川路桥
2023-09-26,600039,7.50000000,7.65000000,7.74000000,7.50000000,,381388.00000000,3.13725490,1.86418109,0.14000000,,四川路桥
2023-09-27,600039,7.70000000,7.64000000,7.71000000,7.52000000,,397767.00000000,2.48691099,-0.13071895,-0.01000000,,四川路桥
2023-09-28,600039,7.63000000,7.71000000,7.72000000,7.55000000,,255328.00000000,2.20492866,0.91623037,0.07000000,,四川路桥
2023-10-09,600039,7.71000000,7.86000000,7.91000000,7.69000000,,343318.00000000,2.79898219,1.94552529,0.15000000,,四川路桥
2023-10-10,600039,7.85000000,7.61000000,7.86000000,7.53000000,,420680.00000000,4.33639947,-3.18066158,-0.25000000,,四川路桥
2023-10-11,600039,7.67000000,7.34000000,7.68000000,7.30000000,,447988.00000000,5.17711172,-3.54796321,-0.27000000,,四川路桥
2023-10-12,600039,7.38000000,7.32000000,7.43000000,7.29000000,,230087.00000000,1.91256831,-0.27247956,-0.02000000,,四川路桥
2023-10-13,600039,7.27000000,7.21000000,7.30000000,7.18000000,,210281.00000000,1.66435506,-1.50273224,-0.11000000,,四川路桥
2023-10-16,600039,7.24000000,7.14000000,7.27000000,7.05000000,,197479.00000000,3.08123249,-0.97087379,-0.07000000,,四川路桥
2023-10-17,600039,7.14000000,7.04000000,7.17000000,7.02000000,,250912.00000000,2.13068182,-1.40056022,-0.10000000,,四川路桥
2023-10-18,600039,7.05000000,6.90000000,7.06000000,6.87000000,,222353.00000000,2.75362319,-1.98863636,-0.14000000,,四川路桥
2023-10-19,600039,6.96000000,6.89000000,7.01000000,6.79000000,,222508.00000000,3.19303338,-0.14492754,-0.01000000,,四川路桥
2023-10-20,600039,6.98000000,6.95000000,7.07000000,6.86000000,,277862.00000000,3.02158273,0.87082729,0.06000000,,四川路桥
2023-10-23,600039,6.94000000,6.84000000,6.96000000,6.75000000,,222649.00000000,3.07017544,-1.58273381,-0.11000000,,四川路桥
2023-10-24,600039,6.84000000,6.92000000,6.99000000,6.74000000,,230801.00000000,3.61271676,1.16959064,0.08000000,,四川路桥
2023-10-25,600039,7.09000000,6.99000000,7.14000000,6.94000000,,309245.00000000,2.86123033,1.01156069,0.07000000,,四川路桥
2023-10-26,600039,6.93000000,6.88000000,6.96000000,6.80000000,,224079.00000000,2.32558140,-1.57367668,-0.11000000,,四川路桥
2023-10-27,600039,6.87000000,6.87000000,6.93000000,6.82000000,,228210.00000000,1.60116448,-0.14534884,-0.01000000,,四川路桥
2023-10-30,600039,6.87000000,6.85000000,6.88000000,6.71000000,,258376.00000000,2.48175182,-0.29112082,-0.02000000,,四川路桥
2023-10-31,600039,6.71000000,6.75000000,6.82000000,6.70000000,,220155.00000000,1.77777778,-1.45985401,-0.10000000,,四川路桥
2023-11-01,600039,6.75000000,6.74000000,6.79000000,6.67000000,,221912.00000000,1.78041543,-0.14814815,-0.01000000,,四川路桥
2023-11-02,600039,6.74000000,6.75000000,6.79000000,6.72000000,,143591.00000000,1.03703704,0.14836795,0.01000000,,四川路桥
2023-11-03,600039,6.72000000,6.77000000,6.83000000,6.72000000,,167079.00000000,1.62481536,0.29629630,0.02000000,,四川路桥
2023-11-06,600039,6.76000000,6.86000000,6.86000000,6.75000000,,178720.00000000,1.60349854,1.32939439,0.09000000,,四川路桥
2023-11-07,600039,6.84000000,6.98000000,7.02000000,6.81000000,,184279.00000000,3.00859599,1.74927114,0.12000000,,四川路桥
2023-11-08,600039,6.99000000,6.93000000,7.05000000,6.86000000,,240369.00000000,2.74170274,-0.71633238,-0.05000000,,四川路桥
2023-11-09,600039,6.92000000,7.00000000,7.06000000,6.88000000,,208156.00000000,2.57142857,1.01010101,0.07000000,,四川路桥
2023-11-10,600039,6.98000000,6.96000000,7.02000000,6.87000000,,140296.00000000,2.15517241,-0.57142857,-0.04000000,,四川路桥
2023-11-13,600039,6.95000000,6.91000000,6.95000000,6.81000000,,180978.00000000,2.02604920,-0.71839080,-0.05000000,,四川路桥
2023-11-14,600039,6.93000000,6.88000000,6.98000000,6.85000000,,227618.00000000,1.88953488,-0.43415340,-0.03000000,,四川路桥
2023-11-15,600039,6.92000000,6.92000000,6.94000000,6.86000000,,169446.00000000,1.15606936,0.58139535,0.04000000,,四川路桥
2023-11-16,600039,6.92000000,6.90000000,6.94000000,6.87000000,,96917.00000000,1.01449275,-0.28901734,-0.02000000,,四川路桥
2023-11-17,600039,6.90000000,6.91000000,6.93000000,6.85000000,,138876.00000000,1.15774240,0.14492754,0.01000000,,四川路桥
2023-11-20,600039,6.91000000,6.76000000,6.95000000,6.74000000,,437308.00000000,3.10650888,-2.17076700,-0.15000000,,四川路桥
2023-11-21,600039,6.75000000,6.86000000,6.95000000,6.75000000,,275221.00000000,2.91545190,1.47928994,0.10000000,,四川路桥
2023-11-22,600039,6.84000000,6.86000000,6.90000000,6.82000000,,115923.00000000,1.16618076,0.00000000,0.00000000,,四川路桥
2023-11-23,600039,6.85000000,6.89000000,6.91000000,6.83000000,,107794.00000000,1.16110305,0.43731778,0.03000000,,四川路桥
2023-11-24,600039,6.91000000,6.91000000,6.98000000,6.88000000,,156226.00000000,1.44717800,0.29027576,0.02000000,,四川路桥
2023-11-27,600039,6.82000000,6.78000000,6.83000000,6.64000000,,301416.00000000,2.80235988,-1.88133140,-0.13000000,,四川路桥
2023-11-28,600039,6.79000000,6.78000000,6.84000000,6.73000000,,163025.00000000,1.62241888,0.00000000,0.00000000,,四川路桥
2023-11-29,600039,6.74000000,6.74000000,6.79000000,6.71000000,,165903.00000000,1.18694362,-0.58997050,-0.04000000,,四川路桥
2023-11-30,600039,6.72000000,6.76000000,6.81000000,6.72000000,,172123.00000000,1.33136095,0.29673591,0.02000000,,四川路桥
2023-12-01,600039,6.75000000,6.75000000,6.80000000,6.71000000,,120832.00000000,1.33333333,-0.14792899,-0.01000000,,四川路桥
2023-12-04,600039,6.77000000,6.84000000,6.87000000,6.76000000,,182026.00000000,1.60818713,1.33333333,0.09000000,,四川路桥
2023-12-05,600039,6.87000000,6.74000000,6.87000000,6.72000000,,165062.00000000,2.22551929,-1.46198830,-0.10000000,,四川路桥
2023-12-06,600039,6.73000000,6.70000000,6.74000000,6.60000000,,168808.00000000,2.08955224,-0.59347181,-0.04000000,,四川路桥
2023-12-07,600039,6.69000000,6.63000000,6.69000000,6.53000000,,277390.00000000,2.41327300,-1.04477612,-0.07000000,,四川路桥
2023-12-08,600039,6.64000000,6.63000000,6.76000000,6.61000000,,461168.00000000,2.26244344,0.00000000,0.00000000,,四川路桥
2023-12-11,600039,6.61000000,6.52000000,6.61000000,6.40000000,,481379.00000000,3.22085890,-1.65912519,-0.11000000,,四川路桥
2023-12-12,600039,6.52000000,6.59000000,6.59000000,6.46000000,,232215.00000000,1.97268589,1.07361963,0.07000000,,四川路桥
2023-12-13,600039,6.57000000,6.48000000,6.61000000,6.46000000,,202927.00000000,2.31481481,-1.66919575,-0.11000000,,四川路桥
2023-12-14,600039,6.47000000,6.42000000,6.50000000,6.40000000,,181073.00000000,1.55763240,-0.92592593,-0.06000000,,四川路桥
2023-12-15,600039,6.42000000,6.37000000,6.49000000,6.36000000,,144527.00000000,2.04081633,-0.77881620,-0.05000000,,四川路桥
2023-12-18,600039,6.38000000,6.32000000,6.42000000,6.26000000,,168948.00000000,2.53164557,-0.78492936,-0.05000000,,四川路桥
2023-12-19,600039,6.34000000,6.29000000,6.35000000,6.24000000,,119930.00000000,1.74880763,-0.47468354,-0.03000000,,四川路桥
2023-12-20,600039,6.29000000,6.29000000,6.35000000,6.27000000,,120194.00000000,1.27186010,0.00000000,0.00000000,,四川路桥
2023-12-21,600039,6.25000000,6.32000000,6.34000000,6.20000000,,111909.00000000,2.21518987,0.47694754,0.03000000,,四川路桥
2023-12-22,600039,6.30000000,6.36000000,6.38000000,6.29000000,,108236.00000000,1.41509434,0.63291139,0.04000000,,四川路桥
2023-12-25,600039,6.34000000,6.36000000,6.38000000,6.32000000,,87092.00000000,0.94339623,0.00000000,0.00000000,,四川路桥
2023-12-26,600039,6.37000000,6.43000000,6.45000000,6.36000000,,116091.00000000,1.39968896,1.10062893,0.07000000,,四川路桥
2023-12-27,600039,6.43000000,6.52000000,6.54000000,6.42000000,,150987.00000000,1.84049080,1.39968896,0.09000000,,四川路桥
2023-12-28,600039,6.51000000,6.56000000,6.60000000,6.47000000,,157578.00000000,1.98170732,0.61349693,0.04000000,,四川路桥
2023-12-29,600039,6.57000000,6.53000000,6.60000000,6.50000000,,131735.00000000,1.53139357,-0.45731707,-0.03000000,,四川路桥
2024-01-02,600039,6.51000000,6.56000000,6.59000000,6.49000000,,129060.00000000,1.52439024,0.45941807,0.03000000,,四川路桥
2024-01-03,600039,6.56000000,6.63000000,6.63000000,6.54000000,,127438.00000000,1.35746606,1.06707317,0.07000000,,四川路桥
2024-01-04,600039,6.63000000,6.62000000,6.70000000,6.57000000,,131235.00000000,1.96374622,-0.15082956,-0.01000000,,四川路桥
2024-01-05,600039,6.63000000,6.63000000,6.72000000,6.58000000,,175451.00000000,2.11161388,0.15105740,0.01000000,,四川路桥
2024-01-08,600039,6.64000000,6.60000000,6.72000000,6.59000000,,224220.00000000,1.96969697,-0.45248869,-0.03000000,,四川路桥
2024-01-09,600039,6.61000000,6.57000000,6.63000000,6.52000000,,176467.00000000,1.67427702,-0.45454545,-0.03000000,,四川路桥
2024-01-10,600039,6.55000000,6.54000000,6.61000000,6.53000000,,125415.00000000,1.22324159,-0.45662100,-0.03000000,,四川路桥
2024-01-11,600039,6.57000000,6.52000000,6.57000000,6.40000000,,152367.00000000,2.60736196,-0.30581040,-0.02000000,,四川路桥
2024-01-12,600039,6.49000000,6.59000000,6.64000000,6.48000000,,117974.00000000,2.42792109,1.07361963,0.07000000,,四川路桥
2024-01-15,600039,6.58000000,6.60000000,6.65000000,6.54000000,,134738.00000000,1.66666667,0.15174507,0.01000000,,四川路桥
2024-01-16,600039,6.57000000,6.54000000,6.61000000,6.48000000,,143199.00000000,1.98776758,-0.90909091,-0.06000000,,四川路桥
2024-01-17,600039,6.52000000,6.44000000,6.58000000,6.43000000,,118975.00000000,2.32919255,-1.52905199,-0.10000000,,四川路桥
2024-01-18,600039,6.41000000,6.34000000,6.41000000,6.15000000,,267002.00000000,4.10094637,-1.55279503,-0.10000000,,四川路桥
2024-01-19,600039,6.39000000,6.33000000,6.48000000,6.30000000,,134876.00000000,2.84360190,-0.15772871,-0.01000000,,四川路桥
2024-01-22,600039,6.34000000,6.12000000,6.36000000,6.06000000,,203508.00000000,4.90196078,-3.31753555,-0.21000000,,四川路桥
2024-01-23,600039,6.09000000,6.18000000,6.19000000,5.99000000,,174400.00000000,3.23624595,0.98039216,0.06000000,,四川路桥
2024-01-24,600039,6.19000000,6.49000000,6.49000000,6.15000000,,278876.00000000,5.23882897,5.01618123,0.31000000,,四川路桥
2024-01-25,600039,6.52000000,7.02000000,7.03000000,6.52000000,,640934.00000000,7.26495726,8.16640986,0.53000000,,四川路桥
2024-01-26,600039,6.99000000,7.13000000,7.26000000,6.96000000,,402115.00000000,4.20757363,1.56695157,0.11000000,,四川路桥
2024-01-29,600039,7.16000000,7.17000000,7.34000000,7.13000000,,406982.00000000,2.92887029,0.56100982,0.04000000,,四川路桥
2024-01-30,600039,7.14000000,7.04000000,7.24000000,7.02000000,,275641.00000000,3.12500000,-1.81311018,-0.13000000,,四川路桥
2024-01-31,600039,7.02000000,7.06000000,7.18000000,6.95000000,,369632.00000000,3.25779037,0.28409091,0.02000000,,四川路桥
2024-02-01,600039,6.97000000,7.01000000,7.11000000,6.96000000,,259146.00000000,2.13980029,-0.70821530,-0.05000000,,四川路桥
2024-02-02,600039,7.03000000,7.04000000,7.21000000,6.90000000,,363884.00000000,4.40340909,0.42796006,0.03000000,,四川路桥
2024-02-05,600039,6.98000000,7.03000000,7.14000000,6.84000000,,378555.00000000,4.26742532,-0.14204545,-0.01000000,,四川路桥
2024-02-06,600039,7.04000000,7.17000000,7.19000000,7.01000000,,410395.00000000,2.51046025,1.99146515,0.14000000,,四川路桥
2024-02-07,600039,7.20000000,7.16000000,7.23000000,7.08000000,,396620.00000000,2.09497207,-0.13947001,-0.01000000,,四川路桥
2024-02-08,600039,7.16000000,6.99000000,7.17000000,6.90000000,,457179.00000000,3.86266094,-2.37430168,-0.17000000,,四川路桥
2024-02-19,600039,7.04000000,7.43000000,7.43000000,7.02000000,,556827.00000000,5.51816958,6.29470672,0.44000000,,四川路桥
2024-02-20,600039,7.41000000,7.53000000,7.59000000,7.35000000,,324080.00000000,3.18725100,1.34589502,0.10000000,,四川路桥
2024-02-21,600039,7.50000000,7.41000000,7.67000000,7.37000000,,456059.00000000,4.04858300,-1.59362550,-0.12000000,,四川路桥
2024-02-22,600039,7.45000000,7.32000000,7.45000000,7.27000000,,398186.00000000,2.45901639,-1.21457490,-0.09000000,,四川路桥
2024-02-23,600039,7.37000000,7.34000000,7.46000000,7.30000000,,313468.00000000,2.17983651,0.27322404,0.02000000,,四川路桥
2024-02-26,600039,7.31000000,7.12000000,7.35000000,7.10000000,,404949.00000000,3.51123596,-2.99727520,-0.22000000,,四川路桥
2024-02-27,600039,7.09000000,7.16000000,7.20000000,7.07000000,,351418.00000000,1.81564246,0.56179775,0.04000000,,四川路桥
2024-02-28,600039,7.22000000,7.12000000,7.22000000,7.09000000,,284658.00000000,1.82584270,-0.55865922,-0.04000000,,四川路桥
2024-02-29,600039,7.09000000,7.20000000,7.22000000,7.07000000,,237336.00000000,2.08333333,1.12359551,0.08000000,,四川路桥
2024-03-01,600039,7.18000000,7.11000000,7.19000000,7.06000000,,277317.00000000,1.82841069,-1.25000000,-0.09000000,,四川路桥
2024-03-04,600039,7.09000000,7.06000000,7.10000000,6.95000000,,254666.00000000,2.12464589,-0.70323488,-0.05000000,,四川路桥
2024-03-05,600039,7.01000000,7.02000000,7.10000000,6.99000000,,184174.00000000,1.56695157,-0.56657224,-0.04000000,,四川路桥
2024-03-06,600039,7.04000000,7.06000000,7.10000000,7.01000000,,208215.00000000,1.27478754,0.56980057,0.04000000,,四川路桥
2024-03-07,600039,7.03000000,7.04000000,7.10000000,7.02000000,,177415.00000000,1.13636364,-0.28328612,-0.02000000,,四川路桥
2024-03-08,600039,7.04000000,7.10000000,7.16000000,7.02000000,,233273.00000000,1.97183099,0.85227273,0.06000000,,四川路桥
2024-03-11,600039,7.10000000,6.97000000,7.18000000,6.92000000,,434038.00000000,3.73027260,-1.83098592,-0.13000000,,四川路桥
2024-03-12,600039,6.95000000,6.82000000,6.96000000,6.71000000,,423506.00000000,3.66568915,-2.15208034,-0.15000000,,四川路桥
2024-03-13,600039,6.79000000,6.75000000,6.81000000,6.74000000,,230878.00000000,1.03703704,-1.02639296,-0.07000000,,四川路桥
2024-03-14,600039,6.75000000,6.74000000,6.79000000,6.71000000,,210489.00000000,1.18694362,-0.14814815,-0.01000000,,四川路桥
2024-03-15,600039,6.71000000,6.73000000,6.74000000,6.64000000,,204882.00000000,1.48588410,-0.14836795,-0.01000000,,四川路桥
2024-03-18,600039,6.76000000,6.77000000,6.83000000,6.73000000,,241423.00000000,1.47710487,0.59435364,0.04000000,,四川路桥
2024-03-19,600039,6.70000000,6.68000000,6.77000000,6.65000000,,233204.00000000,1.79640719,-1.32939439,-0.09000000,,四川路桥
2024-03-20,600039,6.65000000,6.66000000,6.68000000,6.61000000,,193290.00000000,1.05105105,-0.29940120,-0.02000000,,四川路桥
2024-03-21,600039,6.66000000,6.63000000,6.67000000,6.59000000,,155867.00000000,1.20663650,-0.45045045,-0.03000000,,四川路桥
2024-03-22,600039,6.63000000,6.54000000,6.63000000,6.51000000,,198045.00000000,1.83486239,-1.35746606,-0.09000000,,四川路桥
2024-03-25,600039,6.51000000,6.50000000,6.58000000,6.49000000,,203045.00000000,1.38461538,-0.61162080,-0.04000000,,四川路桥
2024-03-26,600039,6.48000000,6.45000000,6.51000000,6.40000000,,216843.00000000,1.70542636,-0.76923077,-0.05000000,,四川路桥
2024-03-27,600039,6.42000000,6.44000000,6.53000000,6.42000000,,194137.00000000,1.70807453,-0.15503876,-0.01000000,,四川路桥
2024-03-28,600039,6.44000000,6.47000000,6.51000000,6.38000000,,187720.00000000,2.00927357,0.46583851,0.03000000,,四川路桥
2024-03-29,600039,6.45000000,6.62000000,6.64000000,6.44000000,,231381.00000000,3.02114804,2.31839258,0.15000000,,四川路桥
2024-04-01,600039,6.64000000,6.81000000,6.81000000,6.62000000,,278697.00000000,2.79001468,2.87009063,0.19000000,,四川路桥
2024-04-02,600039,6.88000000,6.82000000,6.89000000,6.78000000,,205897.00000000,1.61290323,0.14684288,0.01000000,,四川路桥
2024-04-03,600039,6.82000000,6.91000000,6.93000000,6.81000000,,268117.00000000,1.73661360,1.31964809,0.09000000,,四川路桥
2024-04-08,600039,6.91000000,6.90000000,7.03000000,6.88000000,,284151.00000000,2.17391304,-0.14471780,-0.01000000,,四川路桥
2024-04-09,600039,6.89000000,6.73000000,6.92000000,6.70000000,,255320.00000000,3.26894502,-2.46376812,-0.17000000,,四川路桥
2024-04-10,600039,6.73000000,6.64000000,6.77000000,6.59000000,,181217.00000000,2.71084337,-1.33729569,-0.09000000,,四川路桥
2024-04-11,600039,6.60000000,6.75000000,6.79000000,6.56000000,,171262.00000000,3.40740741,1.65662651,0.11000000,,四川路桥
2024-04-12,600039,6.77000000,6.60000000,6.79000000,6.60000000,,162792.00000000,2.87878788,-2.22222222,-0.15000000,,四川路桥
2024-04-15,600039,6.64000000,6.79000000,6.82000000,6.54000000,,316951.00000000,4.12371134,2.87878788,0.19000000,,四川路桥
2024-04-16,600039,6.78000000,6.75000000,6.91000000,6.72000000,,321330.00000000,2.81481481,-0.58910162,-0.04000000,,四川路桥
2024-04-17,600039,6.79000000,6.88000000,6.88000000,6.69000000,,305201.00000000,2.76162791,1.92592593,0.13000000,,四川路桥
2024-04-18,600039,6.86000000,6.83000000,6.96000000,6.80000000,,285678.00000000,2.34260615,-0.72674419,-0.05000000,,四川路桥
2024-04-19,600039,6.76000000,6.90000000,6.96000000,6.75000000,,285742.00000000,3.04347826,1.02489019,0.07000000,,四川路桥
2024-04-22,600039,6.89000000,6.81000000,6.96000000,6.79000000,,383996.00000000,2.49632893,-1.30434783,-0.09000000,,四川路桥
2024-04-23,600039,6.52000000,6.30000000,6.52000000,6.14000000,,758861.00000000,6.03174603,-7.48898678,-0.51000000,,四川路桥
2024-04-24,600039,6.29000000,6.38000000,6.43000000,6.26000000,,353406.00000000,2.66457680,1.26984127,0.08000000,,四川路桥
2024-04-25,600039,6.33000000,6.37000000,6.39000000,6.32000000,,215637.00000000,1.09890110,-0.15673981,-0.01000000,,四川路桥
2024-04-26,600039,6.34000000,6.34000000,6.36000000,6.22000000,,338545.00000000,2.20820189,-0.47095761,-0.03000000,,四川路桥
2024-04-29,600039,6.32000000,6.28000000,6.36000000,6.25000000,,343537.00000000,1.75159236,-0.94637224,-0.06000000,,四川路桥
2024-04-30,600039,6.09000000,6.29000000,6.29000000,6.09000000,,461998.00000000,3.17965024,0.15923567,0.01000000,,四川路桥
2024-05-06,600039,6.30000000,6.35000000,6.42000000,6.29000000,,354147.00000000,2.04724409,0.95389507,0.06000000,,四川路桥
2024-05-07,600039,6.35000000,6.38000000,6.41000000,6.32000000,,216942.00000000,1.41065831,0.47244094,0.03000000,,四川路桥
2024-05-08,600039,6.40000000,6.39000000,6.45000000,6.36000000,,214128.00000000,1.40845070,0.15673981,0.01000000,,四川路桥
2024-05-09,600039,6.40000000,6.56000000,6.58000000,6.38000000,,345050.00000000,3.04878049,2.66040689,0.17000000,,四川路桥
2024-05-10,600039,6.56000000,6.65000000,6.66000000,6.50000000,,262426.00000000,2.40601504,1.37195122,0.09000000,,四川路桥
2024-05-13,600039,6.64000000,6.69000000,6.73000000,6.59000000,,219883.00000000,2.09267564,0.60150376,0.04000000,,四川路桥
2024-05-14,600039,6.71000000,6.69000000,6.72000000,6.65000000,,171568.00000000,1.04633782,0.00000000,0.00000000,,四川路桥
2024-05-15,600039,6.67000000,6.66000000,6.73000000,6.61000000,,160043.00000000,1.80180180,-0.44843049,-0.03000000,,四川路桥
2024-05-16,600039,6.67000000,6.70000000,6.74000000,6.65000000,,183742.00000000,1.34328358,0.60060060,0.04000000,,四川路桥
2024-05-17,600039,6.70000000,6.74000000,6.75000000,6.67000000,,169225.00000000,1.18694362,0.59701493,0.04000000,,四川路桥
2024-05-20,600039,6.75000000,6.75000000,6.79000000,6.69000000,,170221.00000000,1.48148148,0.14836795,0.01000000,,四川路桥
2024-05-21,600039,6.73000000,6.61000000,6.74000000,6.57000000,,292580.00000000,2.57186082,-2.07407407,-0.14000000,,四川路桥
2024-05-22,600039,6.60000000,6.70000000,6.72000000,6.57000000,,217610.00000000,2.23880597,1.36157337,0.09000000,,四川路桥
2024-05-23,600039,6.70000000,6.65000000,6.71000000,6.61000000,,151863.00000000,1.50375940,-0.74626866,-0.05000000,,四川路桥
2024-05-24,600039,6.64000000,6.62000000,6.70000000,6.61000000,,133336.00000000,1.35951662,-0.45112782,-0.03000000,,四川路桥
2024-05-27,600039,6.62000000,6.66000000,6.70000000,6.61000000,,172234.00000000,1.35135135,0.60422961,0.04000000,,四川路桥
2024-05-28,600039,6.67000000,6.69000000,6.76000000,6.64000000,,205307.00000000,1.79372197,0.45045045,0.03000000,,四川路桥
2024-05-29,600039,6.70000000,6.72000000,6.80000000,6.65000000,,212925.00000000,2.23214286,0.44843049,0.03000000,,四川路桥
2024-05-30,600039,6.74000000,6.78000000,6.86000000,6.70000000,,245597.00000000,2.35988201,0.89285714,0.06000000,,四川路桥
2024-05-31,600039,6.81000000,6.90000000,6.94000000,6.80000000,,301378.00000000,2.02898551,1.76991150,0.12000000,,四川路桥
2024-06-03,600039,7.00000000,7.17000000,7.30000000,6.91000000,,598997.00000000,5.43933054,3.91304348,0.27000000,,四川路桥
2024-06-04,600039,7.15000000,7.23000000,7.24000000,7.09000000,,238010.00000000,2.07468880,0.83682008,0.06000000,,四川路桥
2024-06-05,600039,7.23000000,7.19000000,7.28000000,7.18000000,,173021.00000000,1.39082058,-0.55325035,-0.04000000,,四川路桥
2024-06-06,600039,7.21000000,7.14000000,7.24000000,7.13000000,,221015.00000000,1.54061625,-0.69541029,-0.05000000,,四川路桥
2024-06-07,600039,7.23000000,7.23000000,7.24000000,7.14000000,,207870.00000000,1.38312586,1.26050420,0.09000000,,四川路桥
2024-06-11,600039,7.23000000,7.20000000,7.29000000,7.18000000,,194041.00000000,1.52777778,-0.41493776,-0.03000000,,四川路桥
2024-06-12,600039,7.20000000,7.44000000,7.45000000,7.17000000,,385564.00000000,3.76344086,3.33333333,0.24000000,,四川路桥
2024-06-13,600039,7.43000000,7.41000000,7.52000000,7.40000000,,311738.00000000,1.61943320,-0.40322581,-0.03000000,,四川路桥
2024-06-14,600039,7.38000000,7.07000000,7.54000000,6.99000000,,914806.00000000,7.77934936,-4.58839406,-0.34000000,,四川路桥
2024-06-17,600039,7.07000000,7.20000000,7.30000000,7.02000000,,350783.00000000,3.88888889,1.83875530,0.13000000,,四川路桥
2024-06-18,600039,7.22000000,7.23000000,7.30000000,7.16000000,,205818.00000000,1.93637621,0.41666667,0.03000000,,四川路桥
2024-06-19,600039,7.20000000,7.21000000,7.26000000,7.18000000,,120750.00000000,1.10957004,-0.27662517,-0.02000000,,四川路桥
2024-06-20,600039,7.20000000,7.19000000,7.22000000,7.15000000,,128227.00000000,0.97357441,-0.27739251,-0.02000000,,四川路桥
2024-06-21,600039,7.19000000,7.18000000,7.23000000,7.14000000,,103616.00000000,1.25348189,-0.13908206,-0.01000000,,四川路桥
2024-06-24,600039,7.18000000,7.05000000,7.23000000,7.02000000,,194887.00000000,2.97872340,-1.81058496,-0.13000000,,四川路桥
2024-06-25,600039,7.10000000,6.94000000,7.11000000,6.89000000,,188271.00000000,3.17002882,-1.56028369,-0.11000000,,四川路桥
2024-06-26,600039,6.90000000,6.94000000,6.96000000,6.84000000,,136268.00000000,1.72910663,0.00000000,0.00000000,,四川路桥
2024-06-27,600039,6.94000000,6.95000000,7.03000000,6.91000000,,134083.00000000,1.72661871,0.14409222,0.01000000,,四川路桥
2024-06-28,600039,6.98000000,6.93000000,7.02000000,6.92000000,,109829.00000000,1.44300144,-0.28776978,-0.02000000,,四川路桥
2024-07-01,600039,6.91000000,7.10000000,7.19000000,6.90000000,,175596.00000000,4.08450704,2.45310245,0.17000000,,四川路桥
2024-07-02,600039,7.14000000,7.03000000,7.15000000,7.01000000,,179038.00000000,1.99146515,-0.98591549,-0.07000000,,四川路桥
2024-07-03,600039,7.02000000,6.92000000,7.08000000,6.91000000,,140458.00000000,2.45664740,-1.56472262,-0.11000000,,四川路桥
2024-07-04,600039,6.92000000,6.82000000,7.00000000,6.78000000,,148202.00000000,3.22580645,-1.44508671,-0.10000000,,四川路桥
2024-07-05,600039,6.81000000,6.83000000,6.87000000,6.73000000,,139220.00000000,2.04978038,0.14662757,0.01000000,,四川路桥
2024-07-08,600039,6.83000000,6.70000000,6.84000000,6.67000000,,166213.00000000,2.53731343,-1.90336750,-0.13000000,,四川路桥
2024-07-09,600039,6.72000000,6.77000000,6.80000000,6.63000000,,123292.00000000,2.51107829,1.04477612,0.07000000,,四川路桥
2024-07-10,600039,6.75000000,6.53000000,6.78000000,6.50000000,,189477.00000000,4.28790199,-3.54505170,-0.24000000,,四川路桥
2024-07-11,600039,6.60000000,6.62000000,6.65000000,6.56000000,,129974.00000000,1.35951662,1.37825421,0.09000000,,四川路桥
2024-07-12,600039,6.58000000,6.56000000,6.65000000,6.52000000,,135362.00000000,1.98170732,-0.90634441,-0.06000000,,四川路桥
2024-07-15,600039,6.60000000,6.64000000,6.68000000,6.55000000,,198534.00000000,1.95783133,1.21951220,0.08000000,,四川路桥
2024-07-16,600039,6.60000000,6.55000000,6.66000000,6.45000000,,267967.00000000,3.20610687,-1.35542169,-0.09000000,,四川路桥
2024-07-17,600039,6.55000000,6.62000000,6.66000000,6.53000000,,177957.00000000,1.96374622,1.06870229,0.07000000,,四川路桥
2024-07-18,600039,6.67000000,6.65000000,6.67000000,6.55000000,,129300.00000000,1.80451128,0.45317221,0.03000000,,四川路桥
2024-07-19,600039,6.65000000,6.61000000,6.65000000,6.54000000,,150018.00000000,1.66414523,-0.60150376,-0.04000000,,四川路桥
2024-07-22,600039,6.61000000,6.43000000,6.62000000,6.38000000,,233041.00000000,3.73250389,-2.72314675,-0.18000000,,四川路桥
2024-07-23,600039,6.43000000,6.19000000,6.44000000,6.18000000,,229015.00000000,4.20032310,-3.73250389,-0.24000000,,四川路桥
2024-07-24,600039,6.16000000,6.06000000,6.19000000,6.01000000,,196019.00000000,2.97029703,-2.10016155,-0.13000000,,四川路桥
2024-07-25,600039,6.02000000,5.91000000,6.06000000,5.80000000,,276811.00000000,4.39932318,-2.47524752,-0.15000000,,四川路桥
2024-07-26,600039,5.93000000,5.96000000,5.97000000,5.88000000,,151003.00000000,1.51006711,0.84602369,0.05000000,,四川路桥
2024-07-29,600039,5.94000000,5.92000000,5.98000000,5.90000000,,130268.00000000,1.35135135,-0.67114094,-0.04000000,,四川路桥
2024-07-30,600039,5.91000000,5.75000000,5.92000000,5.74000000,,227337.00000000,3.13043478,-2.87162162,-0.17000000,,四川路桥
2024-07-31,600039,5.75000000,5.85000000,5.87000000,5.69000000,,234602.00000000,3.07692308,1.73913043,0.10000000,,四川路桥
2024-08-01,600039,5.85000000,5.81000000,5.91000000,5.79000000,,208244.00000000,2.06540448,-0.68376068,-0.04000000,,四川路桥
2024-08-02,600039,5.78000000,5.81000000,5.86000000,5.76000000,,140515.00000000,1.72117040,0.00000000,0.00000000,,四川路桥
2024-08-05,600039,5.76000000,5.73000000,5.90000000,5.72000000,,191613.00000000,3.14136126,-1.37693632,-0.08000000,,四川路桥
2024-08-06,600039,5.76000000,5.76000000,5.78000000,5.65000000,,156319.00000000,2.25694444,0.52356021,0.03000000,,四川路桥
2024-08-07,600039,5.75000000,5.84000000,5.85000000,5.73000000,,161342.00000000,2.05479452,1.38888889,0.08000000,,四川路桥
2024-08-08,600039,5.83000000,5.78000000,5.84000000,5.73000000,,134260.00000000,1.90311419,-1.02739726,-0.06000000,,四川路桥
2024-08-09,600039,5.80000000,5.78000000,5.84000000,5.77000000,,129608.00000000,1.21107266,0.00000000,0.00000000,,四川路桥
2024-08-12,600039,5.82000000,5.73000000,5.82000000,5.72000000,,98647.00000000,1.74520070,-0.86505190,-0.05000000,,四川路桥
2024-08-13,600039,5.78000000,5.75000000,5.79000000,5.71000000,,112730.00000000,1.39130435,0.34904014,0.02000000,,四川路桥
2024-08-14,600039,5.74000000,5.70000000,5.81000000,5.68000000,,148862.00000000,2.28070175,-0.86956522,-0.05000000,,四川路桥
2024-08-15,600039,5.67000000,5.70000000,5.72000000,5.63000000,,161606.00000000,1.57894737,0.00000000,0.00000000,,四川路桥
2024-08-16,600039,5.72000000,5.62000000,5.74000000,5.60000000,,195381.00000000,2.49110320,-1.40350877,-0.08000000,,四川路桥
2024-08-19,600039,5.62000000,5.55000000,5.63000000,5.53000000,,178049.00000000,1.80180180,-1.24555160,-0.07000000,,四川路桥
2024-08-20,600039,5.56000000,5.45000000,5.56000000,5.41000000,,216879.00000000,2.75229358,-1.80180180,-0.10000000,,四川路桥
2024-08-21,600039,5.42000000,5.42000000,5.47000000,5.39000000,,125087.00000000,1.47601476,-0.55045872,-0.03000000,,四川路桥
2024-08-22,600039,5.42000000,5.32000000,5.45000000,5.29000000,,148513.00000000,3.00751880,-1.84501845,-0.10000000,,四川路桥
2024-08-23,600039,5.29000000,5.39000000,5.39000000,5.25000000,,191739.00000000,2.59740260,1.31578947,0.07000000,,四川路桥
2024-08-26,600039,5.41000000,5.36000000,5.41000000,5.25000000,,214028.00000000,2.98507463,-0.55658627,-0.03000000,,四川路桥
2024-08-27,600039,5.33000000,5.34000000,5.48000000,5.30000000,,227943.00000000,3.37078652,-0.37313433,-0.02000000,,四川路桥
2024-08-28,600039,5.29000000,5.27000000,5.33000000,5.23000000,,169560.00000000,1.89753321,-1.31086142,-0.07000000,,四川路桥
2024-08-29,600039,5.27000000,5.17000000,5.27000000,5.08000000,,225639.00000000,3.67504836,-1.89753321,-0.10000000,,四川路桥
2024-08-30,600039,5.10000000,5.20000000,5.29000000,5.09000000,,344809.00000000,3.84615385,0.58027079,0.03000000,,四川路桥
2024-09-02,600039,5.23000000,5.05000000,5.24000000,4.88000000,,540979.00000000,7.12871287,-2.88461538,-0.15000000,,四川路桥
2024-09-03,600039,4.98000000,4.97000000,5.00000000,4.92000000,,237110.00000000,1.60965795,-1.58415842,-0.08000000,,四川路桥
2024-09-04,600039,4.96000000,4.97000000,5.06000000,4.91000000,,225420.00000000,3.01810865,0.00000000,0.00000000,,四川路桥
2024-09-05,600039,4.97000000,5.08000000,5.09000000,4.96000000,,166906.00000000,2.55905512,2.21327968,0.11000000,,四川路桥
2024-09-06,600039,5.06000000,5.05000000,5.17000000,5.04000000,,154269.00000000,2.57425743,-0.59055118,-0.03000000,,四川路桥
2024-09-09,600039,4.97000000,4.86000000,5.03000000,4.83000000,,246549.00000000,4.11522634,-3.76237624,-0.19000000,,四川路桥
2024-09-10,600039,4.86000000,4.90000000,4.91000000,4.74000000,,220438.00000000,3.46938776,0.82304527,0.04000000,,四川路桥
2024-09-11,600039,4.89000000,4.97000000,4.98000000,4.84000000,,166209.00000000,2.81690141,1.42857143,0.07000000,,四川路桥
2024-09-12,600039,4.97000000,4.98000000,5.08000000,4.96000000,,181469.00000000,2.40963855,0.20120724,0.01000000,,四川路桥
2024-09-13,600039,4.98000000,5.02000000,5.08000000,4.96000000,,222744.00000000,2.39043825,0.80321285,0.04000000,,四川路桥
2024-09-18,600039,5.02000000,5.15000000,5.17000000,4.99000000,,190564.00000000,3.49514563,2.58964143,0.13000000,,四川路桥
2024-09-19,600039,5.18000000,5.30000000,5.33000000,5.16000000,,232709.00000000,3.20754717,2.91262136,0.15000000,,四川路桥
2024-09-20,600039,5.31000000,5.21000000,5.31000000,5.14000000,,196633.00000000,3.26295585,-1.69811321,-0.09000000,,四川路桥
2024-09-23,600039,5.20000000,5.33000000,5.40000000,5.15000000,,213139.00000000,4.69043152,2.30326296,0.12000000,,四川路桥
2024-09-24,600039,5.36000000,5.48000000,5.49000000,5.31000000,,263465.00000000,3.28467153,2.81425891,0.15000000,,四川路桥
2024-09-25,600039,5.52000000,5.56000000,5.70000000,5.52000000,,302440.00000000,3.23741007,1.45985401,0.08000000,,四川路桥
2024-09-26,600039,5.57000000,5.86000000,5.86000000,5.56000000,,353502.00000000,5.11945392,5.39568345,0.30000000,,四川路桥
2024-09-27,600039,5.94000000,6.01000000,6.03000000,5.90000000,,197091.00000000,2.16306156,2.55972696,0.15000000,,四川路桥
2024-09-30,600039,6.11000000,6.58000000,6.60000000,6.11000000,,688331.00000000,7.44680851,9.48419301,0.57000000,,四川路桥
2024-10-08,600039,7.28000000,6.86000000,7.28000000,6.58000000,,744283.00000000,10.20408163,4.25531915,0.28000000,,四川路桥
2024-10-09,600039,6.75000000,6.23000000,6.75000000,6.17000000,,621233.00000000,9.30979133,-9.18367347,-0.63000000,,四川路桥
2024-10-10,600039,6.23000000,6.66000000,6.85000000,6.06000000,,799890.00000000,11.86186186,6.90208668,0.43000000,,四川路桥
2024-10-11,600039,6.67000000,6.31000000,6.69000000,6.22000000,,439556.00000000,7.44849445,-5.25525526,-0.35000000,,四川路桥
2024-10-14,600039,6.69000000,6.93000000,6.93000000,6.57000000,,1074500.00000000,5.19480519,9.82567353,0.62000000,,四川路桥
2024-10-15,600039,7.02000000,7.09000000,7.30000000,6.71000000,,1128697.00000000,8.32157969,2.30880231,0.16000000,,四川路桥
2024-10-16,600039,7.40000000,7.84000000,7.84000000,7.40000000,,1931473.00000000,5.61224490,10.57827927,0.75000000,,四川路桥
2024-10-17,600039,8.10000000,8.55000000,8.67000000,8.05000000,,3553750.00000000,7.25146199,9.05612245,0.71000000,,四川路桥
2024-10-18,600039,7.79000000,7.99000000,8.43000000,7.69000000,,2482493.00000000,9.26157697,-6.54970760,-0.56000000,,四川路桥
2024-10-21,600039,7.99000000,7.49000000,7.99000000,7.29000000,,1822463.00000000,9.34579439,-6.25782228,-0.50000000,,四川路桥
2024-10-22,600039,7.49000000,7.57000000,7.94000000,7.30000000,,1488876.00000000,8.45442536,1.06809079,0.08000000,,四川路桥
2024-10-23,600039,7.57000000,7.30000000,7.57000000,7.28000000,,1298139.00000000,3.97260274,-3.56671070,-0.27000000,,四川路桥
2024-10-24,600039,7.23000000,6.98000000,7.23000000,6.91000000,,1042160.00000000,4.58452722,-4.38356164,-0.32000000,,四川路桥
2024-10-25,600039,6.91000000,7.06000000,7.10000000,6.89000000,,737339.00000000,2.97450425,1.14613181,0.08000000,,四川路桥
2024-10-28,600039,7.01000000,7.32000000,7.32000000,6.92000000,,1132053.00000000,5.46448087,3.68271955,0.26000000,,四川路桥
2024-10-29,600039,7.32000000,7.06000000,7.34000000,7.04000000,,894628.00000000,4.24929178,-3.55191257,-0.26000000,,四川路桥
2024-10-30,600039,7.05000000,6.86000000,7.06000000,6.81000000,,853683.00000000,3.64431487,-2.83286119,-0.20000000,,四川路桥
2024-10-31,600039,6.86000000,7.24000000,7.28000000,6.86000000,,1317035.00000000,5.80110497,5.53935860,0.38000000,,四川路桥
2024-11-01,600039,7.25000000,6.97000000,7.28000000,6.91000000,,885821.00000000,5.30846485,-3.72928177,-0.27000000,,四川路桥
2024-11-04,600039,6.97000000,7.03000000,7.04000000,6.84000000,,482145.00000000,2.84495021,0.86083214,0.06000000,,四川路桥
2024-11-05,600039,7.10000000,7.24000000,7.24000000,7.06000000,,851328.00000000,2.48618785,2.98719772,0.21000000,,四川路桥
2024-11-06,600039,7.29000000,7.34000000,7.52000000,7.11000000,,1108559.00000000,5.58583106,1.38121547,0.10000000,,四川路桥
2024-11-07,600039,7.32000000,7.66000000,7.69000000,7.22000000,,1268037.00000000,6.13577023,4.35967302,0.32000000,,四川路桥
2024-11-08,600039,7.68000000,7.45000000,7.74000000,7.40000000,,882758.00000000,4.56375839,-2.74151436,-0.21000000,,四川路桥
2024-11-11,600039,7.44000000,7.46000000,7.47000000,7.25000000,,673410.00000000,2.94906166,0.13422819,0.01000000,,四川路桥
2024-11-12,600039,7.46000000,7.31000000,7.47000000,7.28000000,,528181.00000000,2.59917921,-2.01072386,-0.15000000,,四川路桥
2024-11-13,600039,7.29000000,7.35000000,7.52000000,7.25000000,,481424.00000000,3.67346939,0.54719562,0.04000000,,四川路桥
2024-11-14,600039,7.34000000,7.20000000,7.39000000,7.19000000,,388333.00000000,2.77777778,-2.04081633,-0.15000000,,四川路桥
2024-11-15,600039,7.21000000,7.08000000,7.29000000,7.07000000,,350744.00000000,3.10734463,-1.66666667,-0.12000000,,四川路桥
2024-11-18,600039,7.14000000,7.07000000,7.27000000,7.04000000,,400925.00000000,3.25318246,-0.14124294,-0.01000000,,四川路桥
2024-11-19,600039,7.07000000,7.12000000,7.12000000,6.92000000,,327668.00000000,2.80898876,0.70721358,0.05000000,,四川路桥
2024-11-20,600039,7.10000000,7.09000000,7.12000000,7.02000000,,302022.00000000,1.41043724,-0.42134831,-0.03000000,,四川路桥
2024-11-21,600039,7.06000000,7.02000000,7.13000000,6.96000000,,312987.00000000,2.42165242,-0.98730606,-0.07000000,,四川路桥
2024-11-22,600039,7.03000000,6.84000000,7.05000000,6.84000000,,379413.00000000,3.07017544,-2.56410256,-0.18000000,,四川路桥
2024-11-25,600039,6.82000000,6.94000000,7.04000000,6.80000000,,414580.00000000,3.45821326,1.46198830,0.10000000,,四川路桥
2024-11-26,600039,6.95000000,6.83000000,6.95000000,6.79000000,,228174.00000000,2.34260615,-1.58501441,-0.11000000,,四川路桥
2024-11-27,600039,6.82000000,6.93000000,6.94000000,6.77000000,,291826.00000000,2.45310245,1.46412884,0.10000000,,四川路桥
2024-11-28,600039,6.90000000,6.90000000,7.03000000,6.87000000,,244161.00000000,2.31884058,-0.43290043,-0.03000000,,四川路桥
2024-11-29,600039,6.89000000,7.04000000,7.05000000,6.87000000,,358225.00000000,2.55681818,2.02898551,0.14000000,,四川路桥
2024-12-02,600039,7.03000000,7.20000000,7.25000000,6.99000000,,480488.00000000,3.61111111,2.27272727,0.16000000,,四川路桥
2024-12-03,600039,7.17000000,7.28000000,7.29000000,7.09000000,,358233.00000000,2.74725275,1.11111111,0.08000000,,四川路桥
2024-12-04,600039,7.24000000,7.16000000,7.26000000,7.11000000,,250602.00000000,2.09497207,-1.64835165,-0.12000000,,四川路桥
2024-12-05,600039,7.25000000,7.20000000,7.50000000,7.18000000,,386038.00000000,4.44444444,0.55865922,0.04000000,,四川路桥
2024-12-06,600039,7.19000000,7.31000000,7.39000000,7.15000000,,395660.00000000,3.28317373,1.52777778,0.11000000,,四川路桥
2024-12-09,600039,7.36000000,7.30000000,7.36000000,7.24000000,,236829.00000000,1.64383562,-0.13679891,-0.01000000,,四川路桥
2024-12-10,600039,7.44000000,7.24000000,7.47000000,7.21000000,,384155.00000000,3.59116022,-0.82191781,-0.06000000,,四川路桥
2024-12-11,600039,7.18000000,7.21000000,7.26000000,7.17000000,,257700.00000000,1.24826630,-0.41436464,-0.03000000,,四川路桥
2024-12-12,600039,7.19000000,7.15000000,7.19000000,7.09000000,,306264.00000000,1.39860140,-0.83217753,-0.06000000,,四川路桥
2024-12-13,600039,7.15000000,6.99000000,7.15000000,6.98000000,,383535.00000000,2.43204578,-2.23776224,-0.16000000,,四川路桥
2024-12-16,600039,6.99000000,6.97000000,7.03000000,6.93000000,,273370.00000000,1.43472023,-0.28612303,-0.02000000,,四川路桥
2024-12-17,600039,6.99000000,7.00000000,7.11000000,6.94000000,,252754.00000000,2.42857143,0.43041607,0.03000000,,四川路桥
2024-12-18,600039,7.04000000,7.03000000,7.11000000,7.02000000,,211425.00000000,1.28022760,0.42857143,0.03000000,,四川路桥
2024-12-19,600039,6.99000000,7.13000000,7.22000000,6.96000000,,344866.00000000,3.64656381,1.42247511,0.10000000,,四川路桥
2024-12-20,600039,7.12000000,7.14000000,7.21000000,7.08000000,,232836.00000000,1.82072829,0.14025245,0.01000000,,四川路桥
2024-12-23,600039,7.11000000,7.02000000,7.22000000,7.02000000,,241405.00000000,2.84900285,-1.68067227,-0.12000000,,四川路桥
2024-12-24,600039,7.03000000,7.07000000,7.08000000,6.99000000,,168125.00000000,1.27298444,0.71225071,0.05000000,,四川路桥
2024-12-25,600039,7.09000000,6.96000000,7.11000000,6.93000000,,197343.00000000,2.58620690,-1.55586987,-0.11000000,,四川路桥
2024-12-26,600039,6.95000000,6.89000000,6.96000000,6.84000000,,222714.00000000,1.74165457,-1.00574713,-0.07000000,,四川路桥
2024-12-27,600039,6.90000000,6.88000000,6.96000000,6.85000000,,195268.00000000,1.59883721,-0.14513788,-0.01000000,,四川路桥
2024-12-30,600039,6.88000000,6.93000000,6.98000000,6.81000000,,258189.00000000,2.45310245,0.72674419,0.05000000,,四川路桥
2024-12-31,600039,6.95000000,6.87000000,6.96000000,6.86000000,,209962.00000000,1.45560408,-0.86580087,-0.06000000,,四川路桥
2025-01-02,600039,6.86000000,6.72000000,6.93000000,6.66000000,,295845.00000000,4.01785714,-2.18340611,-0.15000000,,四川路桥
2025-01-03,600039,6.71000000,6.67000000,6.81000000,6.65000000,,205335.00000000,2.39880060,-0.74404762,-0.05000000,,四川路桥
2025-01-06,600039,6.65000000,6.83000000,6.83000000,6.64000000,,304139.00000000,2.78184480,2.39880060,0.16000000,,四川路桥
2025-01-07,600039,6.79000000,6.80000000,6.88000000,6.73000000,,207164.00000000,2.20588235,-0.43923865,-0.03000000,,四川路桥
2025-01-08,600039,6.79000000,6.95000000,6.98000000,6.74000000,,376485.00000000,3.45323741,2.20588235,0.15000000,,四川路桥
2025-01-09,600039,6.94000000,6.89000000,6.97000000,6.84000000,,215772.00000000,1.88679245,-0.86330935,-0.06000000,,四川路桥
2025-01-10,600039,6.89000000,6.67000000,6.94000000,6.67000000,,232791.00000000,4.04797601,-3.19303338,-0.22000000,,四川路桥
2025-01-13,600039,6.67000000,6.67000000,6.72000000,6.55000000,,163640.00000000,2.54872564,0.00000000,0.00000000,,四川路桥
2025-01-14,600039,6.65000000,6.75000000,6.77000000,6.65000000,,147589.00000000,1.77777778,1.19940030,0.08000000,,四川路桥
2025-01-15,600039,6.75000000,6.75000000,6.82000000,6.69000000,,114397.00000000,1.92592593,0.00000000,0.00000000,,四川路桥
2025-01-16,600039,6.80000000,6.67000000,6.81000000,6.66000000,,174278.00000000,2.24887556,-1.18518519,-0.08000000,,四川路桥
2025-01-17,600039,6.66000000,6.64000000,6.68000000,6.52000000,,172420.00000000,2.40963855,-0.44977511,-0.03000000,,四川路桥
2025-01-20,600039,6.68000000,6.60000000,6.71000000,6.59000000,,146591.00000000,1.81818182,-0.60240964,-0.04000000,,四川路桥
2025-01-21,600039,6.62000000,6.48000000,6.64000000,6.45000000,,208766.00000000,2.93209877,-1.81818182,-0.12000000,,四川路桥
2025-01-22,600039,6.45000000,6.43000000,6.48000000,6.35000000,,125647.00000000,2.02177294,-0.77160494,-0.05000000,,四川路桥
2025-01-23,600039,6.50000000,6.45000000,6.55000000,6.44000000,,168816.00000000,1.70542636,0.31104199,0.02000000,,四川路桥
2025-01-24,600039,6.44000000,6.67000000,6.74000000,6.43000000,,322250.00000000,4.64767616,3.41085271,0.22000000,,四川路桥
2025-01-27,600039,6.68000000,6.77000000,6.83000000,6.68000000,,192425.00000000,2.21565731,1.49925037,0.10000000,,四川路桥
2025-02-05,600039,6.77000000,6.62000000,6.79000000,6.57000000,,286644.00000000,3.32326284,-2.21565731,-0.15000000,,四川路桥
2025-02-06,600039,6.64000000,6.68000000,6.69000000,6.57000000,,225572.00000000,1.79640719,0.90634441,0.06000000,,四川路桥
2025-02-07,600039,6.64000000,6.65000000,6.71000000,6.61000000,,284357.00000000,1.50375940,-0.44910180,-0.03000000,,四川路桥
2025-02-10,600039,6.65000000,6.57000000,6.67000000,6.55000000,,319573.00000000,1.82648402,-1.20300752,-0.08000000,,四川路桥
2025-02-11,600039,6.56000000,6.56000000,6.65000000,6.53000000,,260219.00000000,1.82926829,-0.15220700,-0.01000000,,四川路桥
2025-02-12,600039,6.56000000,6.53000000,6.56000000,6.47000000,,223671.00000000,1.37825421,-0.45731707,-0.03000000,,四川路桥
2025-02-13,600039,6.54000000,6.52000000,6.58000000,6.51000000,,192807.00000000,1.07361963,-0.15313936,-0.01000000,,四川路桥
2025-02-14,600039,6.53000000,6.68000000,6.75000000,6.49000000,,426833.00000000,3.89221557,2.45398773,0.16000000,,四川路桥
2025-02-17,600039,6.68000000,6.70000000,6.71000000,6.59000000,,251748.00000000,1.79104478,0.29940120,0.02000000,,四川路桥
2025-02-18,600039,6.70000000,6.62000000,6.75000000,6.61000000,,169003.00000000,2.11480363,-1.19402985,-0.08000000,,四川路桥
2025-02-19,600039,6.62000000,6.56000000,6.67000000,6.52000000,,225788.00000000,2.28658537,-0.90634441,-0.06000000,,四川路桥
2025-02-20,600039,6.52000000,6.62000000,6.64000000,6.47000000,,230482.00000000,2.56797583,0.91463415,0.06000000,,四川路桥
2025-02-21,600039,6.62000000,6.59000000,6.72000000,6.59000000,,259387.00000000,1.97268589,-0.45317221,-0.03000000,,四川路桥
2025-02-24,600039,6.64000000,6.79000000,6.89000000,6.64000000,,418282.00000000,3.68188513,3.03490137,0.20000000,,四川路桥
2025-02-25,600039,6.79000000,6.72000000,6.81000000,6.67000000,,255772.00000000,2.08333333,-1.03092784,-0.07000000,,四川路桥
2025-02-26,600039,6.78000000,6.81000000,6.83000000,6.74000000,,201650.00000000,1.32158590,1.33928571,0.09000000,,四川路桥
2025-02-27,600039,6.82000000,6.91000000,6.91000000,6.77000000,,267003.00000000,2.02604920,1.46842878,0.10000000,,四川路桥
2025-02-28,600039,6.93000000,6.93000000,7.06000000,6.89000000,,385604.00000000,2.45310245,0.28943560,0.02000000,,四川路桥
2025-03-03,600039,6.93000000,7.00000000,7.09000000,6.90000000,,295842.00000000,2.71428571,1.01010101,0.07000000,,四川路桥
2025-03-04,600039,7.00000000,6.97000000,7.02000000,6.87000000,,215414.00000000,2.15208034,-0.42857143,-0.03000000,,四川路桥
2025-03-05,600039,6.97000000,6.97000000,7.03000000,6.94000000,,185319.00000000,1.29124821,0.00000000,0.00000000,,四川路桥
2025-03-06,600039,6.99000000,6.89000000,6.99000000,6.87000000,,281822.00000000,1.74165457,-1.14777618,-0.08000000,,四川路桥
2025-03-07,600039,6.88000000,7.01000000,7.04000000,6.81000000,,370154.00000000,3.28102710,1.74165457,0.12000000,,四川路桥
2025-03-10,600039,6.98000000,7.02000000,7.03000000,6.86000000,,223931.00000000,2.42165242,0.14265335,0.01000000,,四川路桥
2025-03-11,600039,6.94000000,7.20000000,7.20000000,6.94000000,,376669.00000000,3.61111111,2.56410256,0.18000000,,四川路桥
2025-03-12,600039,7.22000000,7.38000000,7.42000000,7.17000000,,483967.00000000,3.38753388,2.50000000,0.18000000,,四川路桥
2025-03-13,600039,7.37000000,7.41000000,7.49000000,7.36000000,,408879.00000000,1.75438596,0.40650407,0.03000000,,四川路桥
2025-03-14,600039,7.41000000,7.40000000,7.51000000,7.34000000,,367917.00000000,2.29729730,-0.13495277,-0.01000000,,四川路桥
2025-03-17,600039,7.45000000,7.64000000,7.65000000,7.38000000,,446544.00000000,3.53403141,3.24324324,0.24000000,,四川路桥
2025-03-18,600039,7.65000000,7.72000000,7.73000000,7.58000000,,317569.00000000,1.94300518,1.04712042,0.08000000,,四川路桥
2025-03-19,600039,7.72000000,7.80000000,7.81000000,7.69000000,,313732.00000000,1.53846154,1.03626943,0.08000000,,四川路桥
2025-03-20,600039,7.79000000,7.75000000,7.83000000,7.73000000,,247130.00000000,1.29032258,-0.64102564,-0.05000000,,四川路桥
2025-03-21,600039,7.74000000,7.80000000,7.97000000,7.74000000,,279821.00000000,2.94871795,0.64516129,0.05000000,,四川路桥
2025-03-24,600039,7.79000000,7.70000000,7.88000000,7.59000000,,379415.00000000,3.76623377,-1.28205128,-0.10000000,,四川路桥
2025-03-25,600039,7.72000000,7.74000000,7.80000000,7.66000000,,244897.00000000,1.80878553,0.51948052,0.04000000,,四川路桥
2025-03-26,600039,7.76000000,7.70000000,7.79000000,7.61000000,,224828.00000000,2.33766234,-0.51679587,-0.04000000,,四川路桥
2025-03-27,600039,7.72000000,7.71000000,7.77000000,7.63000000,,142160.00000000,1.81582361,0.12987013,0.01000000,,四川路桥
2025-03-28,600039,7.69000000,7.66000000,7.75000000,7.62000000,,129932.00000000,1.69712794,-0.64850843,-0.05000000,,四川路桥
2025-03-31,600039,7.66000000,7.53000000,7.69000000,7.48000000,,218321.00000000,2.78884462,-1.69712794,-0.13000000,,四川路桥
2025-04-01,600039,7.53000000,7.59000000,7.62000000,7.44000000,,222971.00000000,2.37154150,0.79681275,0.06000000,,四川路桥
2025-04-02,600039,7.64000000,7.89000000,8.05000000,7.60000000,,525062.00000000,5.70342205,3.95256917,0.30000000,,四川路桥
2025-04-03,600039,7.79000000,8.12000000,8.23000000,7.79000000,,497924.00000000,5.41871921,2.91508238,0.23000000,,四川路桥
2025-04-07,600039,7.89000000,7.94000000,8.25000000,7.61000000,,711242.00000000,8.06045340,-2.21674877,-0.18000000,,四川路桥
2025-04-08,600039,7.99000000,8.15000000,8.15000000,7.84000000,,599280.00000000,3.80368098,2.64483627,0.21000000,,四川路桥
2025-04-09,600039,8.09000000,8.29000000,8.29000000,7.88000000,,576929.00000000,4.94571773,1.71779141,0.14000000,,四川路桥
2025-04-10,600039,8.33000000,8.24000000,8.33000000,8.04000000,,419362.00000000,3.51941748,-0.60313631,-0.05000000,,四川路桥
2025-04-11,600039,8.17000000,8.05000000,8.17000000,7.99000000,,235038.00000000,2.23602484,-2.30582524,-0.19000000,,四川路桥
2025-04-14,600039,8.04000000,8.09000000,8.09000000,7.91000000,,321450.00000000,2.22496910,0.49689441,0.04000000,,四川路桥
2025-04-15,600039,8.10000000,7.99000000,8.10000000,7.87000000,,166842.00000000,2.87859825,-1.23609394,-0.10000000,,四川路桥
2025-04-16,600039,7.99000000,8.18000000,8.19000000,7.88000000,,357926.00000000,3.78973105,2.37797247,0.19000000,,四川路桥
2025-04-17,600039,8.10000000,8.19000000,8.19000000,8.03000000,,203656.00000000,1.95360195,0.12224939,0.01000000,,四川路桥
2025-04-18,600039,8.15000000,8.19000000,8.23000000,8.07000000,,154322.00000000,1.95360195,0.00000000,0.00000000,,四川路桥
2025-04-21,600039,8.19000000,8.09000000,8.19000000,7.99000000,,249241.00000000,2.47218789,-1.22100122,-0.10000000,,四川路桥
2025-04-22,600039,8.08000000,8.09000000,8.23000000,7.98000000,,245341.00000000,3.09023486,0.00000000,0.00000000,,四川路桥
2025-04-23,600039,8.09000000,8.09000000,8.16000000,7.71000000,,393520.00000000,5.56242274,0.00000000,0.00000000,,四川路桥
2025-04-24,600039,8.13000000,8.44000000,8.49000000,8.04000000,,465484.00000000,5.33175355,4.32632880,0.35000000,,四川路桥
2025-04-25,600039,8.49000000,8.45000000,8.51000000,8.31000000,,193785.00000000,2.36686391,0.11848341,0.01000000,,四川路桥
2025-04-28,600039,8.41000000,8.42000000,8.48000000,8.20000000,,211697.00000000,3.32541568,-0.35502959,-0.03000000,,四川路桥
2025-04-29,600039,8.37000000,8.50000000,8.52000000,8.37000000,,181672.00000000,1.76470588,0.95011876,0.08000000,,四川路桥
2025-04-30,600039,8.40000000,8.28000000,8.48000000,8.09000000,,447911.00000000,4.71014493,-2.58823529,-0.22000000,,四川路桥
2025-05-06,600039,8.21000000,8.50000000,8.59000000,8.17000000,,324654.00000000,4.94117647,2.65700483,0.22000000,,四川路桥
2025-05-07,600039,8.57000000,8.63000000,8.63000000,8.41000000,,231408.00000000,2.54924681,1.52941176,0.13000000,,四川路桥
2025-05-08,600039,8.59000000,8.64000000,8.69000000,8.49000000,,161432.00000000,2.31481481,0.11587486,0.01000000,,四川路桥
2025-05-09,600039,8.64000000,8.87000000,8.91000000,8.61000000,,227011.00000000,3.38218715,2.66203704,0.23000000,,四川路桥
2025-05-12,600039,8.88000000,8.82000000,8.89000000,8.68000000,,186947.00000000,2.38095238,-0.56369786,-0.05000000,,四川路桥
2025-05-13,600039,8.83000000,8.86000000,9.15000000,8.74000000,,333503.00000000,4.62753950,0.45351474,0.04000000,,四川路桥
2025-05-14,600039,8.85000000,8.86000000,8.89000000,8.75000000,,153226.00000000,1.58013544,0.00000000,0.00000000,,四川路桥
2025-05-15,600039,8.85000000,8.88000000,8.91000000,8.84000000,,121006.00000000,0.78828829,0.22573363,0.02000000,,四川路桥
2025-05-16,600039,8.87000000,8.90000000,8.92000000,8.79000000,,124331.00000000,1.46067416,0.22522523,0.02000000,,四川路桥
2025-05-19,600039,8.90000000,8.79000000,8.92000000,8.68000000,,187121.00000000,2.73037543,-1.23595506,-0.11000000,,四川路桥
2025-05-20,600039,8.84000000,8.84000000,8.94000000,8.82000000,,141484.00000000,1.35746606,0.56882821,0.05000000,,四川路桥
2025-05-21,600039,8.85000000,8.91000000,8.94000000,8.79000000,,153171.00000000,1.68350168,0.79185520,0.07000000,,四川路桥
2025-05-22,600039,8.89000000,8.89000000,8.93000000,8.86000000,,92215.00000000,0.78740157,-0.22446689,-0.02000000,,四川路桥
2025-05-23,600039,8.92000000,8.83000000,8.94000000,8.82000000,,136614.00000000,1.35900340,-0.67491564,-0.06000000,,四川路桥
2025-05-26,600039,8.84000000,8.85000000,8.88000000,8.74000000,,129287.00000000,1.58192090,0.22650057,0.02000000,,四川路桥
2025-05-27,600039,8.88000000,8.85000000,8.91000000,8.76000000,,125137.00000000,1.69491525,0.00000000,0.00000000,,四川路桥
2025-05-28,600039,8.87000000,8.92000000,8.94000000,8.82000000,,95691.00000000,1.34529148,0.79096045,0.07000000,,四川路桥
2025-05-29,600039,8.93000000,8.85000000,8.97000000,8.79000000,,135471.00000000,2.03389831,-0.78475336,-0.07000000,,四川路桥
2025-05-30,600039,8.79000000,8.85000000,9.04000000,8.79000000,,148908.00000000,2.82485876,0.00000000,0.00000000,,四川路桥
2025-06-03,600039,8.90000000,8.89000000,9.03000000,8.74000000,,254171.00000000,3.26209224,0.45197740,0.04000000,,四川路桥
2025-06-04,600039,8.85000000,8.92000000,8.97000000,8.83000000,,100651.00000000,1.56950673,0.33745782,0.03000000,,四川路桥
2025-06-05,600039,8.92000000,9.01000000,9.04000000,8.88000000,,141910.00000000,1.77580466,1.00896861,0.09000000,,四川路桥
2025-06-06,600039,9.00000000,9.12000000,9.24000000,8.94000000,,175775.00000000,3.28947368,1.22086570,0.11000000,,四川路桥
2025-06-09,600039,9.11000000,8.98000000,9.14000000,8.92000000,,225713.00000000,2.44988864,-1.53508772,-0.14000000,,四川路桥
2025-06-10,600039,9.03000000,9.06000000,9.11000000,8.87000000,,141244.00000000,2.64900662,0.89086860,0.08000000,,四川路桥
2025-06-11,600039,8.99000000,8.99000000,9.08000000,8.99000000,,112540.00000000,1.00111235,-0.77262693,-0.07000000,,四川路桥
2025-06-12,600039,9.01000000,9.02000000,9.07000000,8.95000000,,124610.00000000,1.33037694,0.33370412,0.03000000,,四川路桥
2025-06-13,600039,9.08000000,9.20000000,9.26000000,9.01000000,,215851.00000000,2.71739130,1.99556541,0.18000000,,四川路桥
2025-06-16,600039,9.21000000,9.29000000,9.33000000,9.18000000,,132882.00000000,1.61463940,0.97826087,0.09000000,,四川路桥
2025-06-17,600039,9.33000000,9.33000000,9.39000000,9.28000000,,89043.00000000,1.17899250,0.43057051,0.04000000,,四川路桥
2025-06-18,600039,9.33000000,9.47000000,9.49000000,9.31000000,,142509.00000000,1.90073918,1.50053591,0.14000000,,四川路桥
2025-06-19,600039,9.49000000,9.43000000,9.49000000,9.35000000,,110712.00000000,1.48462354,-0.42238648,-0.04000000,,四川路桥
2025-06-20,600039,9.43000000,9.37000000,9.44000000,9.32000000,,144363.00000000,1.28068303,-0.63626723,-0.06000000,,四川路桥
2025-06-23,600039,9.38000000,9.46000000,9.51000000,9.28000000,,129689.00000000,2.43128964,0.96051227,0.09000000,,四川路桥
2025-06-24,600039,9.49000000,9.48000000,9.52000000,9.42000000,,108817.00000000,1.05485232,0.21141649,0.02000000,,四川路桥
2025-06-25,600039,9.49000000,9.64000000,9.67000000,9.45000000,,154773.00000000,2.28215768,1.68776371,0.16000000,,四川路桥
2025-06-26,600039,9.66000000,9.66000000,9.75000000,9.55000000,,124865.00000000,2.07039337,0.20746888,0.02000000,,四川路桥
2025-06-27,600039,9.65000000,9.55000000,9.72000000,9.42000000,,250338.00000000,3.14136126,-1.13871636,-0.11000000,,四川路桥
2025-06-30,600039,9.60000000,9.49000000,9.72000000,9.49000000,,161099.00000000,2.42360379,-0.62827225,-0.06000000,,四川路桥
2025-07-01,600039,9.50000000,9.48000000,9.51000000,9.20000000,,265365.00000000,3.27004219,-0.10537408,-0.01000000,,四川路桥
2025-07-02,600039,9.50000000,8.89000000,9.50000000,8.85000000,,419892.00000000,7.31158605,-6.22362869,-0.59000000,,四川路桥
2025-07-03,600039,8.96000000,8.99000000,9.05000000,8.89000000,,256875.00000000,1.77975528,1.12485939,0.10000000,,四川路桥
2025-07-04,600039,8.99000000,9.05000000,9.09000000,8.93000000,,175412.00000000,1.76795580,0.66740823,0.06000000,,四川路桥
2025-07-07,600039,9.05000000,9.29000000,9.34000000,8.98000000,,223812.00000000,3.87513455,2.65193370,0.24000000,,四川路桥
2025-07-08,600039,9.33000000,9.14000000,9.38000000,9.13000000,,200327.00000000,2.73522976,-1.61463940,-0.15000000,,四川路桥
2025-07-09,600039,9.14000000,9.07000000,9.21000000,9.05000000,,142709.00000000,1.76405733,-0.76586433,-0.07000000,,四川路桥
2025-07-10,600039,9.04000000,8.64000000,9.09000000,8.57000000,,611635.00000000,6.01851852,-4.74090408,-0.43000000,,四川路桥
2025-07-11,600039,8.64000000,8.57000000,8.70000000,8.57000000,,387120.00000000,1.51691949,-0.81018519,-0.07000000,,四川路桥
2025-07-14,600039,8.58000000,8.54000000,8.70000000,8.49000000,,354426.00000000,2.45901639,-0.35005834,-0.03000000,,四川路桥
2025-07-15,600039,8.51000000,8.56000000,8.66000000,8.51000000,,222444.00000000,1.75233645,0.23419204,0.02000000,,四川路桥
2025-07-16,600039,8.56000000,8.53000000,8.64000000,8.50000000,,177845.00000000,1.64126612,-0.35046729,-0.03000000,,四川路桥
2025-07-17,600039,8.53000000,8.58000000,8.67000000,8.53000000,,249848.00000000,1.63170163,0.58616647,0.05000000,,四川路桥
2025-07-18,600039,8.58000000,8.50000000,8.62000000,8.48000000,,187229.00000000,1.64705882,-0.93240093,-0.08000000,,四川路桥
2025-07-21,600039,8.69000000,8.92000000,8.95000000,8.63000000,,872813.00000000,3.58744395,4.94117647,0.42000000,,四川路桥
2025-07-22,600039,9.06000000,8.77000000,9.06000000,8.59000000,,943097.00000000,5.35917902,-1.68161435,-0.15000000,,四川路桥
2025-07-23,600039,9.17000000,8.95000000,9.20000000,8.81000000,,1019589.00000000,4.35754190,2.05245154,0.18000000,,四川路桥
2025-07-24,600039,8.77000000,8.77000000,8.82000000,8.61000000,,612120.00000000,2.39452680,-2.01117318,-0.18000000,,四川路桥
2025-07-25,600039,8.73000000,8.54000000,8.73000000,8.53000000,,488385.00000000,2.34192037,-2.62257697,-0.23000000,,四川路桥
2025-07-28,600039,8.54000000,8.35000000,8.54000000,8.28000000,,540026.00000000,3.11377246,-2.22482436,-0.19000000,,四川路桥
2025-07-29,600039,8.32000000,8.37000000,8.40000000,8.29000000,,274966.00000000,1.31421744,0.23952096,0.02000000,,四川路桥
2025-07-30,600039,8.34000000,8.37000000,8.42000000,8.27000000,,315928.00000000,1.79211470,0.00000000,0.00000000,,四川路桥
2025-07-31,600039,8.37000000,8.28000000,8.38000000,8.23000000,,270992.00000000,1.81159420,-1.07526882,-0.09000000,,四川路桥
2025-08-01,600039,8.18000000,8.24000000,8.31000000,8.18000000,,192447.00000000,1.57766990,-0.48309179,-0.04000000,,四川路桥
2025-08-04,600039,8.22000000,8.32000000,8.40000000,8.20000000,,363231.00000000,2.40384615,0.97087379,0.08000000,,四川路桥
2025-08-05,600039,8.32000000,8.39000000,8.41000000,8.29000000,,247847.00000000,1.43027414,0.84134615,0.07000000,,四川路桥
2025-08-06,600039,8.41000000,8.31000000,8.41000000,8.27000000,,326209.00000000,1.68471721,-0.95351609,-0.08000000,,四川路桥
2025-08-07,600039,8.40000000,8.36000000,8.44000000,8.32000000,,291251.00000000,1.43540670,0.60168472,0.05000000,,四川路桥
2025-08-08,600039,8.36000000,8.44000000,8.47000000,8.32000000,,321892.00000000,1.77725118,0.95693780,0.08000000,,四川路桥
2025-08-11,600039,8.45000000,8.39000000,8.48000000,8.36000000,,249433.00000000,1.43027414,-0.59241706,-0.05000000,,四川路桥
2025-08-12,600039,8.39000000,8.35000000,8.40000000,8.32000000,,200950.00000000,0.95808383,-0.47675805,-0.04000000,,四川路桥
2025-08-13,600039,8.36000000,8.33000000,8.37000000,8.32000000,,207620.00000000,0.60024010,-0.23952096,-0.02000000,,四川路桥
2025-08-14,600039,8.47000000,8.39000000,8.64000000,8.37000000,,634228.00000000,3.21811681,0.72028812,0.06000000,,四川路桥
2025-08-15,600039,8.30000000,8.36000000,8.41000000,8.14000000,,437366.00000000,3.22966507,-0.35756853,-0.03000000,,四川路桥
2025-08-18,600039,8.33000000,8.30000000,8.36000000,8.25000000,,290641.00000000,1.32530120,-0.71770335,-0.06000000,,四川路桥
2025-08-19,600039,8.30000000,8.20000000,8.32000000,8.18000000,,355507.00000000,1.70731707,-1.20481928,-0.10000000,,四川路桥
2025-08-20,600039,8.21000000,8.27000000,8.28000000,8.17000000,,228210.00000000,1.33010883,0.85365854,0.07000000,,四川路桥
2025-08-21,600039,8.27000000,8.33000000,8.39000000,8.25000000,,256057.00000000,1.68067227,0.72551391,0.06000000,,四川路桥
2025-08-22,600039,8.31000000,8.29000000,8.32000000,8.25000000,,200626.00000000,0.84439083,-0.48019208,-0.04000000,,四川路桥
2025-08-25,600039,8.29000000,8.34000000,8.36000000,8.28000000,,306966.00000000,0.95923261,0.60313631,0.05000000,,四川路桥
2025-08-26,600039,8.34000000,8.59000000,8.69000000,8.32000000,,720883.00000000,4.30733411,2.99760192,0.25000000,,四川路桥
2025-08-27,600039,8.60000000,8.50000000,8.65000000,8.50000000,,458747.00000000,1.76470588,-1.04772992,-0.09000000,,四川路桥
2025-08-28,600039,8.50000000,8.42000000,8.53000000,8.32000000,,285554.00000000,2.49406176,-0.94117647,-0.08000000,,四川路桥
2025-08-29,600039,8.41000000,8.63000000,8.66000000,8.38000000,,465350.00000000,3.24449594,2.49406176,0.21000000,,四川路桥
2025-09-01,600039,8.49000000,8.88000000,9.25000000,8.49000000,,1010305.00000000,8.55855856,2.89687138,0.25000000,,四川路桥
2025-09-02,600039,8.88000000,8.89000000,9.08000000,8.76000000,,432090.00000000,3.59955006,0.11261261,0.01000000,,四川路桥
2025-09-03,600039,8.91000000,8.86000000,8.91000000,8.76000000,,258867.00000000,1.69300226,-0.33745782,-0.03000000,,四川路桥
2025-09-04,600039,8.85000000,8.73000000,8.87000000,8.64000000,,274768.00000000,2.63459336,-1.46726862,-0.13000000,,四川路桥
2025-09-05,600039,8.73000000,8.76000000,8.81000000,8.68000000,,203178.00000000,1.48401826,0.34364261,0.03000000,,四川路桥
2025-09-08,600039,8.77000000,8.96000000,8.99000000,8.73000000,,262522.00000000,2.90178571,2.28310502,0.20000000,,四川路桥
2025-09-09,600039,8.96000000,8.88000000,9.00000000,8.85000000,,196485.00000000,1.68918919,-0.89285714,-0.08000000,,四川路桥
2025-09-10,600039,8.88000000,8.78000000,8.94000000,8.75000000,,196417.00000000,2.16400911,-1.12612613,-0.10000000,,四川路桥
2025-09-11,600039,8.72000000,8.68000000,8.77000000,8.57000000,,319230.00000000,2.30414747,-1.13895216,-0.10000000,,四川路桥
2025-09-12,600039,8.68000000,8.63000000,8.77000000,8.63000000,,195416.00000000,1.62224797,-0.57603687,-0.05000000,,四川路桥
2025-09-15,600039,8.63000000,8.62000000,8.68000000,8.57000000,,177231.00000000,1.27610209,-0.11587486,-0.01000000,,四川路桥
2025-09-16,600039,8.61000000,8.64000000,8.71000000,8.59000000,,171520.00000000,1.38888889,0.23201856,0.02000000,,四川路桥
2025-09-17,600039,8.64000000,8.74000000,8.84000000,8.60000000,,278304.00000000,2.74599542,1.15740741,0.10000000,,四川路桥
2025-09-18,600039,8.74000000,8.39000000,8.81000000,8.35000000,,414545.00000000,5.48271752,-4.00457666,-0.35000000,,四川路桥
2025-09-19,600039,8.37000000,8.57000000,8.65000000,8.37000000,,287548.00000000,3.26721120,2.14541120,0.18000000,,四川路桥
2025-09-22,600039,8.55000000,8.45000000,8.61000000,8.34000000,,180512.00000000,3.19526627,-1.40023337,-0.12000000,,四川路桥
2025-09-23,600039,8.47000000,8.46000000,8.51000000,8.35000000,,179289.00000000,1.89125296,0.11834320,0.01000000,,四川路桥
2025-09-24,600039,8.38000000,8.44000000,8.45000000,8.35000000,,125101.00000000,1.18483412,-0.23640662,-0.02000000,,四川路桥
2025-09-25,600039,8.43000000,8.35000000,8.47000000,8.30000000,,216928.00000000,2.03592814,-1.06635071,-0.09000000,,四川路桥
2025-09-26,600039,8.32000000,8.29000000,8.37000000,8.22000000,,199068.00000000,1.80940893,-0.71856287,-0.06000000,,四川路桥
2025-09-29,600039,8.28000000,8.21000000,8.40000000,8.18000000,,404420.00000000,2.67965895,-0.96501809,-0.08000000,,四川路桥
2025-09-30,600039,8.23000000,8.06000000,8.30000000,8.04000000,,397124.00000000,3.22580645,-1.82704019,-0.15000000,,四川路桥
2025-10-09,600039,8.13000000,8.00000000,8.27000000,7.94000000,,665100.00000000,4.12500000,-0.74441687,-0.06000000,,四川路桥
2025-10-10,600039,8.00000000,8.03000000,8.17000000,7.95000000,,425876.00000000,2.73972603,0.37500000,0.03000000,,四川路桥
2025-10-13,600039,7.95000000,8.28000000,8.31000000,7.87000000,,566594.00000000,5.31400966,3.11332503,0.25000000,,四川路桥
2025-10-14,600039,8.25000000,8.40000000,8.51000000,8.20000000,,433108.00000000,3.69047619,1.44927536,0.12000000,,四川路桥
2025-10-15,600039,8.40000000,8.55000000,8.67000000,8.37000000,,323207.00000000,3.50877193,1.78571429,0.15000000,,四川路桥
2025-10-16,600039,8.54000000,8.51000000,8.64000000,8.46000000,,189967.00000000,2.11515864,-0.46783626,-0.04000000,,四川路桥
2025-10-17,600039,8.51000000,8.61000000,8.69000000,8.43000000,,300907.00000000,3.01974448,1.17508813,0.10000000,,四川路桥
2025-10-20,600039,8.58000000,8.55000000,8.60000000,8.41000000,,198733.00000000,2.22222222,-0.69686411,-0.06000000,,四川路桥
2025-10-21,600039,8.56000000,8.51000000,8.66000000,8.50000000,,275241.00000000,1.88014101,-0.46783626,-0.04000000,,四川路桥
2025-10-22,600039,8.50000000,8.83000000,8.90000000,8.49000000,,437527.00000000,4.64326161,3.76028202,0.32000000,,四川路桥
2025-10-23,600039,8.80000000,8.82000000,8.93000000,8.68000000,,245093.00000000,2.83446712,-0.11325028,-0.01000000,,四川路桥
2025-10-24,600039,8.82000000,8.83000000,8.86000000,8.76000000,,273245.00000000,1.13250283,0.11337868,0.01000000,,四川路桥
2025-10-27,600039,8.84000000,8.84000000,8.98000000,8.76000000,,574155.00000000,2.48868778,0.11325028,0.01000000,,四川路桥
2025-10-28,600039,8.84000000,8.86000000,8.90000000,8.66000000,,290232.00000000,2.70880361,0.22624434,0.02000000,,四川路桥
2025-10-29,600039,8.86000000,8.85000000,8.90000000,8.78000000,,223796.00000000,1.35593220,-0.11286682,-0.01000000,,四川路桥
2025-10-30,600039,8.84000000,9.05000000,9.10000000,8.82000000,,402205.00000000,3.09392265,2.25988701,0.20000000,,四川路桥
2025-10-31,600039,9.24000000,9.48000000,9.50000000,9.04000000,,674134.00000000,4.85232068,4.75138122,0.43000000,,四川路桥
2025-11-03,600039,9.48000000,9.74000000,9.78000000,9.39000000,,504141.00000000,4.00410678,2.74261603,0.26000000,,四川路桥
2025-11-04,600039,9.73000000,9.70000000,9.85000000,9.65000000,,377726.00000000,2.06185567,-0.41067762,-0.04000000,,四川路桥
2025-11-05,600039,9.78000000,9.95000000,9.95000000,9.64000000,,306796.00000000,3.11557789,2.57731959,0.25000000,,四川路桥
2025-11-06,600039,9.87000000,9.86000000,9.95000000,9.75000000,,293655.00000000,2.02839757,-0.90452261,-0.09000000,,四川路桥
2025-11-07,600039,9.87000000,9.85000000,10.00000000,9.81000000,,267597.00000000,1.92893401,-0.10141988,-0.01000000,,四川路桥
2025-11-10,600039,9.92000000,9.95000000,10.05000000,9.72000000,,422377.00000000,3.31658291,1.01522843,0.10000000,,四川路桥
2025-11-11,600039,10.00000000,9.83000000,10.00000000,9.66000000,,427699.00000000,3.45879959,-1.20603015,-0.12000000,,四川路桥
2025-11-12,600039,9.65000000,9.80000000,9.85000000,9.51000000,,421273.00000000,3.46938776,-0.30518820,-0.03000000,,四川路桥
2025-11-13,600039,9.80000000,9.51000000,9.90000000,9.43000000,,514191.00000000,4.94216614,-2.95918367,-0.29000000,,四川路桥
2025-11-14,600039,9.51000000,9.43000000,9.64000000,9.42000000,,324201.00000000,2.33297985,-0.84121977,-0.08000000,,四川路桥
2025-11-17,600039,9.40000000,9.57000000,9.70000000,9.36000000,,329905.00000000,3.55276907,1.48462354,0.14000000,,四川路桥
2025-11-18,600039,9.66000000,9.45000000,9.68000000,9.40000000,,181254.00000000,2.96296296,-1.25391850,-0.12000000,,四川路桥
2025-11-19,600039,9.48000000,9.35000000,9.51000000,9.24000000,,169213.00000000,2.88770053,-1.05820106,-0.10000000,,四川路桥
2025-11-20,600039,9.37000000,9.33000000,9.44000000,9.30000000,,127513.00000000,1.50053591,-0.21390374,-0.02000000,,四川路桥
2025-11-21,600039,9.35000000,9.19000000,9.36000000,9.16000000,,210604.00000000,2.17627856,-1.50053591,-0.14000000,,四川路桥
2025-11-24,600039,9.18000000,9.21000000,9.38000000,9.16000000,,188607.00000000,2.38870793,0.21762786,0.02000000,,四川路桥
2025-11-25,600039,9.22000000,9.28000000,9.37000000,9.09000000,,200769.00000000,3.01724138,0.76004343,0.07000000,,四川路桥
2025-11-26,600039,9.28000000,9.26000000,9.36000000,9.21000000,,123531.00000000,1.61987041,-0.21551724,-0.02000000,,四川路桥
2025-11-27,600039,9.30000000,9.28000000,9.35000000,9.21000000,,152209.00000000,1.50862069,0.21598272,0.02000000,,四川路桥
2025-11-28,600039,9.30000000,9.43000000,9.45000000,9.26000000,,166813.00000000,2.01484624,1.61637931,0.15000000,,四川路桥
2025-12-01,600039,9.49000000,9.40000000,9.57000000,9.12000000,,270269.00000000,4.78723404,-0.31813362,-0.03000000,,四川路桥
2025-12-02,600039,9.40000000,9.44000000,9.52000000,9.32000000,,168072.00000000,2.11864407,0.42553191,0.04000000,,四川路桥
2025-12-03,600039,9.44000000,9.45000000,9.49000000,9.37000000,,145614.00000000,1.26984127,0.10593220,0.01000000,,四川路桥
2025-12-04,600039,9.44000000,9.50000000,9.50000000,9.37000000,,172064.00000000,1.36842105,0.52910053,0.05000000,,四川路桥
2025-12-05,600039,9.47000000,9.25000000,9.50000000,9.19000000,,225037.00000000,3.35135135,-2.63157895,-0.25000000,,四川路桥
2025-12-08,600039,9.30000000,9.32000000,9.40000000,9.12000000,,259668.00000000,3.00429185,0.75675676,0.07000000,,四川路桥
2025-12-09,600039,9.31000000,9.36000000,9.45000000,9.14000000,,264015.00000000,3.31196581,0.42918455,0.04000000,,四川路桥
2025-12-10,600039,9.34000000,9.75000000,9.84000000,9.26000000,,379366.00000000,5.94871795,4.16666667,0.39000000,,四川路桥
2025-12-11,600039,9.75000000,9.65000000,9.91000000,9.61000000,,431304.00000000,3.10880829,-1.02564103,-0.10000000,,四川路桥
2025-12-12,600039,9.69000000,10.25000000,10.26000000,9.60000000,,943364.00000000,6.43902439,6.21761658,0.60000000,,四川路桥
2025-12-15,600039,10.03000000,10.12000000,10.19000000,9.77000000,,472090.00000000,4.15019763,-1.26829268,-0.13000000,,四川路桥
2025-12-16,600039,10.10000000,10.03000000,10.22000000,9.92000000,,246120.00000000,2.99102692,-0.88932806,-0.09000000,,四川路桥
2025-12-17,600039,10.00000000,9.89000000,10.03000000,9.77000000,,260505.00000000,2.62891810,-1.39581256,-0.14000000,,四川路桥
2025-12-18,600039,9.90000000,9.87000000,10.04000000,9.76000000,,211953.00000000,2.83687943,-0.20222447,-0.02000000,,四川路桥
2025-12-19,600039,9.94000000,9.88000000,10.02000000,9.72000000,,248273.00000000,3.03643725,0.10131712,0.01000000,,四川路桥
2025-12-22,600039,9.91000000,9.75000000,9.91000000,9.62000000,,251533.00000000,2.97435897,-1.31578947,-0.13000000,,四川路桥
2025-12-23,600039,9.76000000,9.84000000,9.90000000,9.72000000,,208321.00000000,1.82926829,0.92307692,0.09000000,,四川路桥
2025-12-24,600039,9.85000000,9.81000000,9.90000000,9.73000000,,145723.00000000,1.73292559,-0.30487805,-0.03000000,,四川路桥
2025-12-25,600039,10.03000000,9.92000000,10.15000000,9.81000000,,223761.00000000,3.42741935,1.12130479,0.11000000,,四川路桥
2025-12-26,600039,9.88000000,9.95000000,10.04000000,9.85000000,,166166.00000000,1.90954774,0.30241935,0.03000000,,四川路桥
2025-12-29,600039,9.99000000,9.80000000,9.99000000,9.74000000,,182931.00000000,2.55102041,-1.50753769,-0.15000000,,四川路桥
2025-12-30,600039,9.73000000,9.98000000,10.03000000,9.67000000,,188909.00000000,3.60721443,1.83673469,0.18000000,,四川路桥
2025-12-31,600039,10.02000000,9.95000000,10.19000000,9.91000000,,210512.00000000,2.81407035,-0.30060120,-0.03000000,,四川路桥
2026-01-05,600039,9.96000000,9.99000000,10.12000000,9.83000000,,297435.00000000,2.90290290,0.40201005,0.04000000,,四川路桥
2026-01-06,600039,9.99000000,10.02000000,10.04000000,9.78000000,,247476.00000000,2.59481038,0.30030030,0.03000000,,四川路桥
2026-01-07,600039,9.94000000,9.89000000,10.10000000,9.84000000,,439447.00000000,2.62891810,-1.29740519,-0.13000000,,四川路桥
2026-01-08,600039,9.85000000,10.30000000,10.30000000,9.81000000,,350876.00000000,4.75728155,4.14560162,0.41000000,,四川路桥
2026-01-09,600039,10.30000000,10.46000000,10.56000000,10.23000000,,307757.00000000,3.15487572,1.55339806,0.16000000,,四川路桥
2026-01-12,600039,10.37000000,10.45000000,10.51000000,10.30000000,,238443.00000000,2.00956938,-0.09560229,-0.01000000,,四川路桥
2026-01-13,600039,10.40000000,10.40000000,10.65000000,10.36000000,,199801.00000000,2.78846154,-0.47846890,-0.05000000,,四川路桥
2026-01-14,600039,10.40000000,10.20000000,10.51000000,10.19000000,,249267.00000000,3.13725490,-1.92307692,-0.20000000,,四川路桥
2026-01-15,600039,10.20000000,10.22000000,10.27000000,10.12000000,,187274.00000000,1.46771037,0.19607843,0.02000000,,四川路桥
2026-01-16,600039,10.32000000,10.11000000,10.47000000,10.02000000,,309417.00000000,4.45103858,-1.07632094,-0.11000000,,四川路桥
2026-01-19,600039,10.06000000,10.28000000,10.35000000,9.99000000,,229864.00000000,3.50194553,1.68150346,0.17000000,,四川路桥
2026-01-20,600039,10.31000000,10.43000000,10.55000000,10.20000000,,235569.00000000,3.35570470,1.45914397,0.15000000,,四川路桥
2026-01-21,600039,10.42000000,10.33000000,10.53000000,10.26000000,,203507.00000000,2.61374637,-0.95877277,-0.10000000,,四川路桥
2026-01-22,600039,10.33000000,10.18000000,10.38000000,10.16000000,,162264.00000000,2.16110020,-1.45208132,-0.15000000,,四川路桥
2026-01-23,600039,10.24000000,9.98000000,10.25000000,9.93000000,,229924.00000000,3.20641283,-1.96463654,-0.20000000,,四川路桥
2026-01-26,600039,9.98000000,9.85000000,10.01000000,9.81000000,,311994.00000000,2.03045685,-1.30260521,-0.13000000,,四川路桥
2026-01-27,600039,9.85000000,9.78000000,10.03000000,9.75000000,,235316.00000000,2.86298569,-0.71065990,-0.07000000,,四川路桥
2026-01-28,600039,9.78000000,9.62000000,9.85000000,9.57000000,,475972.00000000,2.91060291,-1.63599182,-0.16000000,,四川路桥
2026-01-29,600039,9.65000000,9.67000000,9.71000000,9.50000000,,343954.00000000,2.17166494,0.51975052,0.05000000,,四川路桥
2026-01-30,600039,9.61000000,9.71000000,9.95000000,9.61000000,,249173.00000000,3.50154480,0.41365047,0.04000000,,四川路桥
2026-02-02,600039,9.74000000,9.63000000,9.94000000,9.63000000,,267612.00000000,3.21910696,-0.82389289,-0.08000000,,四川路桥
2026-02-03,600039,9.68000000,9.78000000,9.82000000,9.63000000,,177698.00000000,1.94274029,1.55763240,0.15000000,,四川路桥
2026-02-04,600039,9.77000000,9.80000000,9.92000000,9.75000000,,182707.00000000,1.73469388,0.20449898,0.02000000,,四川路桥
2026-02-05,600039,9.80000000,9.89000000,9.91000000,9.75000000,,153212.00000000,1.61779575,0.91836735,0.09000000,,四川路桥
2026-02-06,600039,9.90000000,9.75000000,9.95000000,9.75000000,,148252.00000000,2.05128205,-1.41557128,-0.14000000,,四川路桥
2026-02-09,600039,9.81000000,9.91000000,10.00000000,9.72000000,,187757.00000000,2.82542886,1.64102564,0.16000000,,四川路桥
2026-02-10,600039,9.98000000,9.85000000,9.99000000,9.81000000,,147482.00000000,1.82741117,-0.60544904,-0.06000000,,四川路桥
2026-02-11,600039,9.88000000,9.75000000,9.88000000,9.71000000,,117445.00000000,1.74358974,-1.01522843,-0.10000000,,四川路桥
2026-02-12,600039,9.78000000,9.64000000,9.80000000,9.57000000,,113737.00000000,2.38589212,-1.12820513,-0.11000000,,四川路桥
2026-02-13,600039,9.66000000,9.55000000,9.66000000,9.53000000,,107567.00000000,1.36125654,-0.93360996,-0.09000000,,四川路桥
2026-02-24,600039,9.57000000,9.68000000,9.72000000,9.47000000,,200897.00000000,2.58264463,1.36125654,0.13000000,,四川路桥
2026-02-25,600039,9.73000000,9.71000000,9.90000000,9.65000000,,275206.00000000,2.57466529,0.30991736,0.03000000,,四川路桥
2026-02-26,600039,9.68000000,9.82000000,9.83000000,9.68000000,,139892.00000000,1.52749491,1.13285273,0.11000000,,四川路桥
2026-02-27,600039,9.84000000,9.94000000,10.13000000,9.76000000,,213866.00000000,3.72233400,1.22199593,0.12000000,,四川路桥
2026-03-02,600039,9.95000000,10.15000000,10.28000000,9.81000000,,299109.00000000,4.63054187,2.11267606,0.21000000,,四川路桥
2026-03-03,600039,10.10000000,10.07000000,10.24000000,10.00000000,,268165.00000000,2.38331678,-0.78817734,-0.08000000,,四川路桥
2026-03-04,600039,10.00000000,10.14000000,10.22000000,9.86000000,,263497.00000000,3.55029586,0.69513406,0.07000000,,四川路桥
2026-03-05,600039,10.13000000,10.44000000,10.47000000,10.11000000,,259519.00000000,3.44827586,2.95857988,0.30000000,,四川路桥
2026-03-06,600039,10.42000000,10.58000000,10.63000000,10.33000000,,258210.00000000,2.83553875,1.34099617,0.14000000,,四川路桥
2026-03-09,600039,10.55000000,10.01000000,10.58000000,9.98000000,,344485.00000000,5.99400599,-5.38752363,-0.57000000,,四川路桥
2026-03-10,600039,10.12000000,10.01000000,10.19000000,9.89000000,,244629.00000000,2.99700300,0.00000000,0.00000000,,四川路桥
2026-03-11,600039,9.99000000,9.92000000,10.05000000,9.90000000,,135263.00000000,1.51209677,-0.89910090,-0.09000000,,四川路桥
2026-03-12,600039,9.95000000,9.87000000,9.98000000,9.76000000,,141603.00000000,2.22897670,-0.50403226,-0.05000000,,四川路桥
2026-03-13,600039,9.83000000,9.95000000,10.19000000,9.83000000,,199107.00000000,3.61809045,0.81053698,0.08000000,,四川路桥
2026-03-16,600039,9.96000000,10.05000000,10.12000000,9.84000000,,231763.00000000,2.78606965,1.00502513,0.10000000,,四川路桥
2026-03-17,600039,10.02000000,9.86000000,10.12000000,9.86000000,,163515.00000000,2.63691684,-1.89054726,-0.19000000,,四川路桥
2026-03-18,600039,9.86000000,9.68000000,9.89000000,9.48000000,,254612.00000000,4.23553719,-1.82555781,-0.18000000,,四川路桥
2026-03-19,600039,9.59000000,9.56000000,9.80000000,9.51000000,,207475.00000000,3.03347280,-1.23966942,-0.12000000,,四川路桥
2026-03-20,600039,9.58000000,9.75000000,9.79000000,9.56000000,,186944.00000000,2.35897436,1.98744770,0.19000000,,四川路桥
2026-03-23,600039,9.57000000,9.36000000,9.68000000,9.31000000,,238637.00000000,3.95299145,-4.00000000,-0.39000000,,四川路桥
2026-03-24,600039,9.46000000,9.67000000,9.70000000,9.36000000,,197109.00000000,3.51602896,3.31196581,0.31000000,,四川路桥
2026-03-25,600039,9.69000000,9.91000000,9.92000000,9.63000000,,180939.00000000,2.92633703,2.48190279,0.24000000,,四川路桥
2026-03-26,600039,9.94000000,9.91000000,10.01000000,9.88000000,,210440.00000000,1.31180626,0.00000000,0.00000000,,四川路桥
2026-03-27,600039,9.88000000,9.94000000,10.01000000,9.81000000,,160934.00000000,2.01207243,0.30272452,0.03000000,,四川路桥
2026-03-30,600039,9.93000000,10.10000000,10.17000000,9.65000000,,241988.00000000,5.14851485,1.60965795,0.16000000,,四川路桥
2026-03-31,600039,10.06000000,10.07000000,10.27000000,10.06000000,,158796.00000000,2.08540218,-0.29702970,-0.03000000,,四川路桥
2026-04-01,600039,10.11000000,9.46000000,10.16000000,9.42000000,,375542.00000000,7.82241015,-6.05759682,-0.61000000,,四川路桥
2026-04-02,600039,9.45000000,9.60000000,9.67000000,9.40000000,,229846.00000000,2.81250000,1.47991543,0.14000000,,四川路桥
2026-04-03,600039,9.60000000,9.54000000,9.69000000,9.50000000,,168229.00000000,1.99161426,-0.62500000,-0.06000000,,四川路桥
2026-04-07,600039,9.59000000,9.49000000,9.64000000,9.47000000,,150456.00000000,1.79135933,-0.52410901,-0.05000000,,四川路桥
2026-04-08,600039,9.54000000,9.68000000,9.68000000,9.49000000,,224582.00000000,1.96280992,2.00210748,0.19000000,,四川路桥
2026-04-09,600039,9.62000000,9.41000000,9.71000000,9.40000000,,161396.00000000,3.29436769,-2.78925620,-0.27000000,,四川路桥
2026-04-10,600039,9.45000000,9.41000000,9.50000000,9.38000000,,165565.00000000,1.27523911,0.00000000,0.00000000,,四川路桥
2026-04-13,600039,9.41000000,9.24000000,9.41000000,9.15000000,,192359.00000000,2.81385281,-1.80658874,-0.17000000,,四川路桥
2026-04-14,600039,9.28000000,9.43000000,9.46000000,9.21000000,,166639.00000000,2.65111347,2.05627706,0.19000000,,四川路桥
2026-04-15,600039,9.43000000,9.50000000,9.59000000,9.38000000,,192116.00000000,2.21052632,0.74231177,0.07000000,,四川路桥
2026-04-16,600039,9.50000000,9.61000000,9.61000000,9.46000000,,188958.00000000,1.56087409,1.15789474,0.11000000,,四川路桥
2026-04-17,600039,9.56000000,9.67000000,9.70000000,9.56000000,,130607.00000000,1.44777663,0.62434964,0.06000000,,四川路桥
2026-04-20,600039,9.69000000,9.87000000,10.02000000,9.65000000,,230222.00000000,3.74873354,2.06825233,0.20000000,,四川路桥
2026-04-21,600039,9.99000000,9.98000000,10.28000000,9.84000000,,259285.00000000,4.40881764,1.11448835,0.11000000,,四川路桥
2026-04-22,600039,9.98000000,10.01000000,10.04000000,9.88000000,,190611.00000000,1.59840160,0.30060120,0.03000000,,四川路桥
2026-04-23,600039,9.95000000,10.04000000,10.15000000,9.95000000,,154772.00000000,1.99203187,0.29970030,0.03000000,,四川路桥
2026-04-24,600039,9.98000000,10.00000000,10.13000000,9.96000000,,186685.00000000,1.70000000,-0.39840637,-0.04000000,,四川路桥
2026-04-27,600039,9.79000000,9.12000000,9.81000000,9.10000000,,698706.00000000,7.78508772,-8.80000000,-0.88000000,,四川路桥
2026-04-28,600039,9.10000000,9.02000000,9.14000000,8.60000000,,490219.00000000,5.98669623,-1.09649123,-0.10000000,,四川路桥
2026-04-29,600039,8.97000000,8.74000000,8.99000000,8.68000000,,370852.00000000,3.54691076,-3.10421286,-0.28000000,,四川路桥
2026-04-30,600039,8.65000000,8.19000000,8.69000000,8.10000000,,673515.00000000,7.20390720,-6.29290618,-0.55000000,,四川路桥
2026-05-06,600039,8.16000000,8.02000000,8.20000000,7.90000000,,595719.00000000,3.74064838,-2.07570208,-0.17000000,,四川路桥
2026-05-07,600039,8.02000000,8.06000000,8.13000000,7.94000000,,466835.00000000,2.35732010,0.49875312,0.04000000,,四川路桥
2026-05-08,600039,8.05000000,8.10000000,8.29000000,8.04000000,,654072.00000000,3.08641975,0.49627792,0.04000000,,四川路桥
2026-05-11,600039,8.12000000,8.00000000,8.14000000,7.94000000,,539608.00000000,2.50000000,-1.23456790,-0.10000000,,四川路桥
2026-05-12,600039,8.05000000,8.00000000,8.23000000,7.96000000,,623536.00000000,3.37500000,0.00000000,0.00000000,,四川路桥
2026-05-13,600039,8.00000000,7.99000000,8.08000000,7.93000000,,416573.00000000,1.87734668,-0.12500000,-0.01000000,,四川路桥
2026-05-14,600039,8.00000000,7.96000000,8.01000000,7.91000000,,273516.00000000,1.25628141,-0.37546934,-0.03000000,,四川路桥
2026-05-15,600039,7.95000000,7.96000000,8.06000000,7.90000000,,376667.00000000,2.01005025,0.00000000,0.00000000,,四川路桥
2026-05-18,600039,7.93000000,7.96000000,8.04000000,7.75000000,,349316.00000000,3.64321608,0.00000000,0.00000000,,四川路桥
2026-05-19,600039,7.97000000,8.07000000,8.12000000,7.92000000,,545240.00000000,2.47831475,1.38190955,0.11000000,,四川路桥
2026-05-20,600039,8.05000000,8.09000000,8.11000000,8.01000000,,243128.00000000,1.23609394,0.24783147,0.02000000,,四川路桥
2026-05-21,600039,8.08000000,8.08000000,8.19000000,8.05000000,,491371.00000000,1.73267327,-0.12360939,-0.01000000,,四川路桥
2026-05-22,600039,8.08000000,8.10000000,8.19000000,7.91000000,,436053.00000000,3.45679012,0.24752475,0.02000000,,四川路桥
2026-05-25,600039,8.10000000,8.31000000,8.33000000,8.01000000,,404002.00000000,3.85078219,2.59259259,0.21000000,,四川路桥
2026-05-26,600039,8.25000000,8.57000000,8.59000000,8.23000000,,417961.00000000,4.20070012,3.12876053,0.26000000,,四川路桥
2026-05-27,600039,8.57000000,8.79000000,8.81000000,8.51000000,,447332.00000000,3.41296928,2.56709452,0.22000000,,四川路桥
2026-05-28,600039,8.79000000,8.75000000,8.83000000,8.63000000,,225186.00000000,2.28571429,-0.45506257,-0.04000000,,四川路桥
2026-05-29,600039,8.80000000,8.76000000,8.88000000,8.67000000,,387174.00000000,2.39726027,0.11428571,0.01000000,,四川路桥
2026-06-01,600039,8.75000000,8.47000000,8.77000000,8.43000000,,294434.00000000,4.01416765,-3.31050228,-0.29000000,,四川路桥
2026-06-02,600039,8.45000000,8.48000000,8.58000000,8.43000000,,238608.00000000,1.76886792,0.11806375,0.01000000,,四川路桥
2026-06-03,600039,8.46000000,8.17000000,8.47000000,8.12000000,,258651.00000000,4.28396573,-3.65566038,-0.31000000,,四川路桥
2026-06-04,600039,8.17000000,8.32000000,8.34000000,8.17000000,,204166.00000000,2.04326923,1.83598531,0.15000000,,四川路桥
2026-06-05,600039,8.37000000,8.40000000,8.44000000,8.26000000,,165772.00000000,2.14285714,0.96153846,0.08000000,,四川路桥
2026-06-08,600039,8.34000000,8.45000000,8.52000000,8.20000000,,215222.00000000,3.78698225,0.59523810,0.05000000,,四川路桥
2026-06-09,600039,8.45000000,8.36000000,8.56000000,8.29000000,,154791.00000000,3.22966507,-1.06508876,-0.09000000,,四川路桥
2026-06-10,600039,8.32000000,8.31000000,8.38000000,8.27000000,,116338.00000000,1.32370638,-0.59808612,-0.05000000,,四川路桥
2026-06-11,600039,8.30000000,8.34000000,8.40000000,8.25000000,,150507.00000000,1.79856115,0.36101083,0.03000000,,四川路桥
2026-06-12,600039,8.33000000,8.25000000,8.34000000,8.17000000,,263213.00000000,2.06060606,-1.07913669,-0.09000000,,四川路桥
2026-06-15,600039,8.27000000,8.32000000,8.37000000,8.17000000,,191635.00000000,2.40384615,0.84848485,0.07000000,,四川路桥
2026-06-16,600039,8.32000000,8.35000000,8.38000000,8.26000000,,177149.00000000,1.43712575,0.36057692,0.03000000,,四川路桥
2026-06-17,600039,8.31000000,8.35000000,8.38000000,8.21000000,,149382.00000000,2.03592814,0.00000000,0.00000000,,四川路桥
2026-06-18,600039,8.30000000,8.27000000,8.36000000,8.21000000,,136314.00000000,1.81378476,-0.95808383,-0.08000000,,四川路桥
2026-06-22,600039,8.30000000,8.17000000,8.30000000,8.03000000,,235307.00000000,3.30477356,-1.20918984,-0.10000000,,四川路桥
2026-06-23,600039,8.15000000,8.09000000,8.20000000,8.05000000,,191681.00000000,1.85414091,-0.97919217,-0.08000000,,四川路桥
2026-06-24,600039,8.10000000,8.08000000,8.15000000,8.01000000,,135002.00000000,1.73267327,-0.12360939,-0.01000000,,四川路桥
2026-06-25,600039,8.12000000,8.00000000,8.13000000,7.94000000,,172442.00000000,2.37500000,-0.99009901,-0.08000000,,四川路桥
2026-06-26,600039,8.00000000,7.93000000,8.04000000,7.92000000,,130218.00000000,1.51324086,-0.87500000,-0.07000000,,四川路桥
2026-06-29,600039,7.93000000,7.94000000,8.04000000,7.75000000,,157823.00000000,3.65239295,0.12610340,0.01000000,,四川路桥
2026-06-30,600039,7.93000000,7.82000000,7.94000000,7.68000000,,182613.00000000,3.32480818,-1.51133501,-0.12000000,,四川路桥
2026-07-01,600039,7.82000000,8.06000000,8.12000000,7.76000000,,167098.00000000,4.46650124,3.06905371,0.24000000,,四川路桥
2026-07-02,600039,8.11000000,8.28000000,8.30000000,8.03000000,,182547.00000000,3.26086957,2.72952854,0.22000000,,四川路桥
2026-07-03,600039,8.26000000,8.45000000,8.49000000,8.23000000,,169394.00000000,3.07692308,2.05314010,0.17000000,,四川路桥
