trade_date,ts_code,open,close,high,low,volume,amount,amplitude_pct,pct_change,price_change,turnover_rate,stock_name
2015-01-05,600276,7.38000000,7.68000000,7.78000000,7.26000000,,131527.84000000,6.77083333,,,,恒瑞医药
2015-01-06,600276,7.68000000,7.88000000,8.24000000,7.60000000,,174777.05000000,8.12182741,2.60416667,0.20000000,,恒瑞医药
2015-01-07,600276,7.87000000,7.78000000,7.95000000,7.66000000,,71088.88000000,3.72750643,-1.26903553,-0.10000000,,恒瑞医药
2015-01-08,600276,7.83000000,7.85000000,8.07000000,7.79000000,,86168.98000000,3.56687898,0.89974293,0.07000000,,恒瑞医药
2015-01-09,600276,7.90000000,7.78000000,8.17000000,7.77000000,,124714.70000000,5.14138817,-0.89171975,-0.07000000,,恒瑞医药
2015-01-12,600276,7.75000000,8.02000000,8.08000000,7.62000000,,88035.88000000,5.73566085,3.08483290,0.24000000,,恒瑞医药
2015-01-13,600276,7.98000000,8.03000000,8.26000000,7.98000000,,68357.26000000,3.48692403,0.12468828,0.01000000,,恒瑞医药
2015-01-14,600276,8.02000000,7.78000000,8.12000000,7.76000000,,60988.17000000,4.62724936,-3.11332503,-0.25000000,,恒瑞医药
2015-01-15,600276,7.78000000,7.74000000,7.93000000,7.61000000,,72157.69000000,4.13436693,-0.51413882,-0.04000000,,恒瑞医药
2015-01-16,600276,7.71000000,7.72000000,7.78000000,7.64000000,,68470.01000000,1.81347150,-0.25839793,-0.02000000,,恒瑞医药
2015-01-19,600276,7.62000000,7.74000000,8.07000000,7.54000000,,123324.91000000,6.84754522,0.25906736,0.02000000,,恒瑞医药
2015-01-20,600276,7.66000000,7.83000000,7.90000000,7.63000000,,93546.51000000,3.44827586,1.16279070,0.09000000,,恒瑞医药
2015-01-21,600276,7.87000000,8.16000000,8.21000000,7.86000000,,118751.24000000,4.28921569,4.21455939,0.33000000,,恒瑞医药
2015-01-22,600276,8.17000000,8.44000000,8.59000000,8.17000000,,150925.23000000,4.97630332,3.43137255,0.28000000,,恒瑞医药
2015-01-23,600276,8.50000000,8.42000000,8.57000000,8.33000000,,71140.76000000,2.85035629,-0.23696682,-0.02000000,,恒瑞医药
2015-01-26,600276,8.42000000,8.56000000,8.67000000,8.42000000,,87431.74000000,2.92056075,1.66270784,0.14000000,,恒瑞医药
2015-01-27,600276,8.54000000,8.49000000,8.69000000,8.40000000,,68627.52000000,3.41578327,-0.81775701,-0.07000000,,恒瑞医药
2015-01-28,600276,8.41000000,8.25000000,8.54000000,8.21000000,,53130.36000000,4.00000000,-2.82685512,-0.24000000,,恒瑞医药
2015-01-29,600276,8.18000000,8.16000000,8.29000000,8.05000000,,56325.28000000,2.94117647,-1.09090909,-0.09000000,,恒瑞医药
2015-01-30,600276,8.21000000,8.15000000,8.30000000,8.02000000,,44025.00000000,3.43558282,-0.12254902,-0.01000000,,恒瑞医药
2015-02-02,600276,8.05000000,8.45000000,8.49000000,8.05000000,,93159.05000000,5.20710059,3.68098160,0.30000000,,恒瑞医药
2015-02-03,600276,8.57000000,8.31000000,8.59000000,8.26000000,,60246.41000000,3.97111913,-1.65680473,-0.14000000,,恒瑞医药
2015-02-04,600276,8.34000000,8.16000000,8.38000000,8.15000000,,38151.91000000,2.81862745,-1.80505415,-0.15000000,,恒瑞医药
2015-02-05,600276,8.21000000,8.00000000,8.28000000,7.98000000,,54659.90000000,3.75000000,-1.96078431,-0.16000000,,恒瑞医药
2015-02-06,600276,8.00000000,8.02000000,8.21000000,7.96000000,,51956.17000000,3.11720698,0.25000000,0.02000000,,恒瑞医药
2015-02-09,600276,8.17000000,8.18000000,8.26000000,8.00000000,,51478.41000000,3.17848411,1.99501247,0.16000000,,恒瑞医药
2015-02-10,600276,8.18000000,8.18000000,8.36000000,8.10000000,,73303.43000000,3.17848411,0.00000000,0.00000000,,恒瑞医药
2015-02-11,600276,8.19000000,8.26000000,8.32000000,8.15000000,,33926.46000000,2.05811138,0.97799511,0.08000000,,恒瑞医药
2015-02-12,600276,8.27000000,8.29000000,8.32000000,8.13000000,,33091.33000000,2.29191797,0.36319613,0.03000000,,恒瑞医药
2015-02-13,600276,8.34000000,8.11000000,8.35000000,8.03000000,,67901.88000000,3.94574599,-2.17129071,-0.18000000,,恒瑞医药
2015-02-16,600276,8.11000000,8.26000000,8.36000000,8.02000000,,59261.15000000,4.11622276,1.84956843,0.15000000,,恒瑞医药
2015-02-17,600276,8.30000000,8.30000000,8.38000000,8.28000000,,34528.25000000,1.20481928,0.48426150,0.04000000,,恒瑞医药
2015-02-25,600276,8.30000000,8.14000000,8.30000000,8.08000000,,50338.67000000,2.70270270,-1.92771084,-0.16000000,,恒瑞医药
2015-02-26,600276,8.12000000,8.17000000,8.20000000,8.05000000,,41343.51000000,1.83598531,0.36855037,0.03000000,,恒瑞医药
2015-02-27,600276,8.19000000,8.06000000,8.20000000,8.05000000,,55175.63000000,1.86104218,-1.34638923,-0.11000000,,恒瑞医药
2015-03-02,600276,8.09000000,7.98000000,8.10000000,7.90000000,,106514.14000000,2.50626566,-0.99255583,-0.08000000,,恒瑞医药
2015-03-03,600276,8.02000000,8.00000000,8.14000000,7.95000000,,115558.88000000,2.37500000,0.25062657,0.02000000,,恒瑞医药
2015-03-04,600276,8.09000000,8.41000000,8.45000000,8.03000000,,164683.99000000,4.99405470,5.12500000,0.41000000,,恒瑞医药
2015-03-05,600276,8.33000000,8.64000000,8.79000000,8.29000000,,154821.15000000,5.78703704,2.73483948,0.23000000,,恒瑞医药
2015-03-06,600276,8.67000000,8.53000000,8.70000000,8.41000000,,62558.57000000,3.39976553,-1.27314815,-0.11000000,,恒瑞医药
2015-03-09,600276,8.38000000,8.58000000,8.68000000,8.30000000,,94067.81000000,4.42890443,0.58616647,0.05000000,,恒瑞医药
2015-03-10,600276,8.50000000,8.70000000,8.77000000,8.50000000,,63622.54000000,3.10344828,1.39860140,0.12000000,,恒瑞医药
2015-03-11,600276,8.74000000,8.83000000,8.92000000,8.62000000,,74625.12000000,3.39750849,1.49425287,0.13000000,,恒瑞医药
2015-03-12,600276,8.84000000,8.68000000,9.00000000,8.67000000,,62819.21000000,3.80184332,-1.69875425,-0.15000000,,恒瑞医药
2015-03-13,600276,8.52000000,8.65000000,8.73000000,8.46000000,,61015.35000000,3.12138728,-0.34562212,-0.03000000,,恒瑞医药
2015-03-16,600276,8.65000000,8.68000000,8.80000000,8.47000000,,107696.13000000,3.80184332,0.34682081,0.03000000,,恒瑞医药
2015-03-17,600276,8.66000000,8.54000000,8.78000000,8.45000000,,148943.94000000,3.86416862,-1.61290323,-0.14000000,,恒瑞医药
2015-03-18,600276,8.54000000,8.69000000,8.69000000,8.43000000,,118060.67000000,2.99194476,1.75644028,0.15000000,,恒瑞医药
2015-03-19,600276,8.69000000,8.52000000,8.69000000,8.44000000,,103540.20000000,2.93427230,-1.95627158,-0.17000000,,恒瑞医药
2015-03-20,600276,8.50000000,8.95000000,8.95000000,8.35000000,,219913.13000000,6.70391061,5.04694836,0.43000000,,恒瑞医药
2015-03-23,600276,8.96000000,8.98000000,9.26000000,8.95000000,,120276.30000000,3.45211581,0.33519553,0.03000000,,恒瑞医药
2015-03-24,600276,8.93000000,8.86000000,8.96000000,8.64000000,,151668.70000000,3.61173815,-1.33630290,-0.12000000,,恒瑞医药
2015-03-25,600276,8.76000000,9.21000000,9.27000000,8.74000000,,169116.59000000,5.75461455,3.95033860,0.35000000,,恒瑞医药
2015-03-26,600276,9.16000000,9.22000000,9.38000000,9.05000000,,93092.58000000,3.57917570,0.10857763,0.01000000,,恒瑞医药
2015-03-27,600276,9.22000000,9.04000000,9.22000000,8.90000000,,79923.76000000,3.53982301,-1.95227766,-0.18000000,,恒瑞医药
2015-03-30,600276,9.05000000,9.20000000,9.28000000,8.90000000,,90677.10000000,4.13043478,1.76991150,0.16000000,,恒瑞医药
2015-03-31,600276,9.36000000,9.43000000,9.71000000,9.13000000,,162635.48000000,6.15058324,2.50000000,0.23000000,,恒瑞医药
2015-04-01,600276,9.42000000,9.99000000,10.16000000,9.40000000,,153760.87000000,7.60760761,5.93849417,0.56000000,,恒瑞医药
2015-04-02,600276,9.99000000,9.98000000,10.21000000,9.78000000,,107436.26000000,4.30861723,-0.10010010,-0.01000000,,恒瑞医药
2015-04-03,600276,9.90000000,10.06000000,10.08000000,9.80000000,,79507.49000000,2.78330020,0.80160321,0.08000000,,恒瑞医药
2015-04-07,600276,10.16000000,10.14000000,10.23000000,9.96000000,,118820.62000000,2.66272189,0.79522863,0.08000000,,恒瑞医药
2015-04-08,600276,10.14000000,10.18000000,10.44000000,10.07000000,,168239.30000000,3.63457760,0.39447732,0.04000000,,恒瑞医药
2015-04-09,600276,10.14000000,10.20000000,10.35000000,9.78000000,,125707.70000000,5.58823529,0.19646365,0.02000000,,恒瑞医药
2015-04-10,600276,10.19000000,10.64000000,10.76000000,10.12000000,,123519.72000000,6.01503759,4.31372549,0.44000000,,恒瑞医药
2015-04-13,600276,10.59000000,11.20000000,11.56000000,10.59000000,,199340.20000000,8.66071429,5.26315789,0.56000000,,恒瑞医药
2015-04-14,600276,11.20000000,11.08000000,11.67000000,10.92000000,,113408.43000000,6.76895307,-1.07142857,-0.12000000,,恒瑞医药
2015-04-15,600276,11.08000000,11.44000000,11.78000000,10.95000000,,121393.73000000,7.25524476,3.24909747,0.36000000,,恒瑞医药
2015-04-16,600276,11.54000000,11.57000000,12.49000000,11.33000000,,176973.84000000,10.02592913,1.13636364,0.13000000,,恒瑞医药
2015-04-17,600276,11.57000000,11.42000000,11.91000000,11.21000000,,190268.23000000,6.12959720,-1.29645635,-0.15000000,,恒瑞医药
2015-04-20,600276,11.90000000,11.25000000,12.25000000,11.19000000,,166788.15000000,9.42222222,-1.48861646,-0.17000000,,恒瑞医药
2015-04-21,600276,11.47000000,11.91000000,11.95000000,11.31000000,,174696.99000000,5.37363560,5.86666667,0.66000000,,恒瑞医药
2015-04-22,600276,11.96000000,12.30000000,12.66000000,11.96000000,,153528.30000000,5.69105691,3.27455919,0.39000000,,恒瑞医药
2015-04-23,600276,12.51000000,12.14000000,12.52000000,12.00000000,,120616.02000000,4.28336079,-1.30081301,-0.16000000,,恒瑞医药
2015-04-24,600276,11.90000000,12.01000000,12.30000000,11.74000000,,133120.26000000,4.66278102,-1.07084020,-0.13000000,,恒瑞医药
2015-04-27,600276,12.05000000,12.07000000,12.32000000,11.77000000,,155409.12000000,4.55675228,0.49958368,0.06000000,,恒瑞医药
2015-04-28,600276,11.82000000,11.67000000,12.02000000,11.66000000,,128660.82000000,3.08483290,-3.31400166,-0.40000000,,恒瑞医药
2015-04-29,600276,11.66000000,11.94000000,11.99000000,11.66000000,,89391.66000000,2.76381910,2.31362468,0.27000000,,恒瑞医药
2015-04-30,600276,12.02000000,12.02000000,12.16000000,11.94000000,,95306.03000000,1.83028286,0.67001675,0.08000000,,恒瑞医药
2015-05-04,600276,12.05000000,11.74000000,12.09000000,11.69000000,,81235.04000000,3.40715503,-2.32945092,-0.28000000,,恒瑞医药
2015-05-05,600276,11.78000000,12.00000000,12.23000000,11.74000000,,133515.54000000,4.08333333,2.21465077,0.26000000,,恒瑞医药
2015-05-06,600276,12.02000000,12.17000000,12.57000000,12.02000000,,137210.37000000,4.51930978,1.41666667,0.17000000,,恒瑞医药
2015-05-07,600276,12.09000000,11.89000000,12.26000000,11.78000000,,80194.32000000,4.03700589,-2.30073952,-0.28000000,,恒瑞医药
2015-05-08,600276,11.88000000,11.95000000,11.99000000,11.69000000,,97562.62000000,2.51046025,0.50462574,0.06000000,,恒瑞医药
2015-05-11,600276,11.95000000,12.28000000,12.38000000,11.66000000,,178250.79000000,5.86319218,2.76150628,0.33000000,,恒瑞医药
2015-05-12,600276,12.30000000,12.53000000,12.56000000,12.23000000,,164513.51000000,2.63367917,2.03583062,0.25000000,,恒瑞医药
2015-05-13,600276,12.54000000,12.31000000,12.82000000,12.24000000,,120258.11000000,4.71161657,-1.75578611,-0.22000000,,恒瑞医药
2015-05-14,600276,12.19000000,12.20000000,12.47000000,12.06000000,,109826.43000000,3.36065574,-0.89358245,-0.11000000,,恒瑞医药
2015-05-15,600276,12.21000000,11.80000000,12.28000000,11.69000000,,109113.18000000,5.00000000,-3.27868852,-0.40000000,,恒瑞医药
2015-05-18,600276,11.78000000,11.74000000,11.90000000,11.48000000,,117041.14000000,3.57751278,-0.50847458,-0.06000000,,恒瑞医药
2015-05-19,600276,11.73000000,11.95000000,12.01000000,11.45000000,,140112.26000000,4.68619247,1.78875639,0.21000000,,恒瑞医药
2015-05-20,600276,11.96000000,12.15000000,12.25000000,11.78000000,,176415.34000000,3.86831276,1.67364017,0.20000000,,恒瑞医药
2015-05-21,600276,12.16000000,12.64000000,12.65000000,12.02000000,,174261.86000000,4.98417722,4.03292181,0.49000000,,恒瑞医药
2015-05-22,600276,12.85000000,12.70000000,13.02000000,12.49000000,,140926.74000000,4.17322835,0.47468354,0.06000000,,恒瑞医药
2015-05-25,600276,12.64000000,12.81000000,12.89000000,12.42000000,,210032.67000000,3.66900859,0.86614173,0.11000000,,恒瑞医药
2015-05-26,600276,12.82000000,13.67000000,13.94000000,12.67000000,,281208.54000000,9.29041697,6.71350507,0.86000000,,恒瑞医药
2015-05-27,600276,13.56000000,14.46000000,14.65000000,13.30000000,,234610.53000000,9.33609959,5.77907827,0.79000000,,恒瑞医药
2015-05-28,600276,14.28000000,12.93000000,14.52000000,12.87000000,,184155.71000000,12.76102088,-10.58091286,-1.53000000,,恒瑞医药
2015-05-29,600276,12.96000000,13.39000000,13.72000000,12.74000000,,173327.30000000,7.31889470,3.55761794,0.46000000,,恒瑞医药
2015-06-01,600276,13.52000000,14.02000000,14.05000000,13.28000000,,163013.01000000,5.49215407,4.70500373,0.63000000,,恒瑞医药
2015-06-02,600276,14.03000000,13.71000000,14.06000000,13.33000000,,181711.42000000,5.32458060,-2.21112696,-0.31000000,,恒瑞医药
2015-06-03,600276,13.72000000,13.12000000,13.72000000,13.05000000,,160489.13000000,5.10670732,-4.30342815,-0.59000000,,恒瑞医药
2015-06-04,600276,13.20000000,12.57000000,13.26000000,11.92000000,,217305.71000000,10.66030231,-4.19207317,-0.55000000,,恒瑞医药
2015-06-05,600276,12.84000000,12.96000000,13.21000000,12.70000000,,169864.48000000,3.93518519,3.10262530,0.39000000,,恒瑞医药
2015-06-08,600276,12.96000000,12.58000000,12.96000000,12.28000000,,186350.28000000,5.40540541,-2.93209877,-0.38000000,,恒瑞医药
2015-06-09,600276,12.73000000,12.59000000,13.15000000,12.45000000,,177912.08000000,5.55996823,0.07949126,0.01000000,,恒瑞医药
2015-06-10,600276,12.59000000,13.01000000,13.18000000,12.47000000,,165577.70000000,5.45734051,3.33598094,0.42000000,,恒瑞医药
2015-06-11,600276,13.02000000,13.32000000,13.43000000,12.80000000,,182377.21000000,4.72972973,2.38278248,0.31000000,,恒瑞医药
2015-06-12,600276,13.32000000,13.32000000,13.44000000,12.98000000,,138584.25000000,3.45345345,0.00000000,0.00000000,,恒瑞医药
2015-06-15,600276,13.39000000,12.70000000,13.54000000,12.63000000,,141146.93000000,7.16535433,-4.65465465,-0.62000000,,恒瑞医药
2015-06-16,600276,12.41000000,12.00000000,12.74000000,11.85000000,,180381.13000000,7.41666667,-5.51181102,-0.70000000,,恒瑞医药
2015-06-17,600276,12.09000000,12.25000000,12.36000000,12.00000000,,172665.54000000,2.93877551,2.08333333,0.25000000,,恒瑞医药
2015-06-18,600276,12.09000000,11.73000000,12.23000000,11.66000000,,157865.71000000,4.85933504,-4.24489796,-0.52000000,,恒瑞医药
2015-06-19,600276,11.72000000,11.44000000,12.04000000,11.41000000,,167177.84000000,5.50699301,-2.47229327,-0.29000000,,恒瑞医药
2015-06-23,600276,11.47000000,12.48000000,12.55000000,11.01000000,,235066.02000000,12.33974359,9.09090909,1.04000000,,恒瑞医药
2015-06-24,600276,12.22000000,12.45000000,12.62000000,12.12000000,,176905.74000000,4.01606426,-0.24038462,-0.03000000,,恒瑞医药
2015-06-25,600276,12.45000000,11.64000000,12.45000000,11.57000000,,130787.76000000,7.56013746,-6.50602410,-0.81000000,,恒瑞医药
2015-06-26,600276,11.48000000,10.87000000,11.68000000,10.51000000,,198836.34000000,10.76356946,-6.61512027,-0.77000000,,恒瑞医药
2015-06-29,600276,11.16000000,11.21000000,11.60000000,10.26000000,,327163.11000000,11.95361285,3.12787489,0.34000000,,恒瑞医药
2015-06-30,600276,11.10000000,12.26000000,12.48000000,10.85000000,,331935.55000000,13.29526917,9.36663693,1.05000000,,恒瑞医药
2015-07-01,600276,12.31000000,12.33000000,12.94000000,12.24000000,,323867.31000000,5.67721006,0.57096248,0.07000000,,恒瑞医药
2015-07-02,600276,12.55000000,12.13000000,12.85000000,11.78000000,,246460.52000000,8.82110470,-1.62206002,-0.20000000,,恒瑞医药
2015-07-03,600276,12.40000000,11.36000000,12.60000000,10.77000000,,353839.34000000,16.10915493,-6.34789777,-0.77000000,,恒瑞医药
2015-07-06,600276,12.54000000,11.95000000,12.54000000,10.24000000,,379693.06000000,19.24686192,5.19366197,0.59000000,,恒瑞医药
2015-07-07,600276,11.47000000,11.36000000,12.24000000,10.71000000,,413370.90000000,13.46830986,-4.93723849,-0.59000000,,恒瑞医药
2015-07-08,600276,10.07000000,10.07000000,10.07000000,10.07000000,,302000.00000000,0.00000000,-11.35563380,-1.29000000,,恒瑞医药
2015-07-09,600276,10.07000000,11.23000000,11.23000000,9.14000000,,512450.70000000,18.61086376,11.51936445,1.16000000,,恒瑞医药
2015-07-10,600276,12.26000000,12.50000000,12.50000000,11.59000000,,345491.22000000,7.28000000,11.30899377,1.27000000,,恒瑞医药
2015-07-13,600276,12.52000000,13.30000000,13.39000000,12.25000000,,523467.82000000,8.57142857,6.40000000,0.80000000,,恒瑞医药
2015-07-14,600276,12.89000000,12.68000000,13.43000000,12.62000000,,324676.14000000,6.38801262,-4.66165414,-0.62000000,,恒瑞医药
2015-07-15,600276,12.37000000,11.51000000,12.46000000,11.46000000,,220825.78000000,8.68809731,-9.22712934,-1.17000000,,恒瑞医药
2015-07-16,600276,11.51000000,12.14000000,12.38000000,11.51000000,,198110.07000000,7.16639209,5.47350130,0.63000000,,恒瑞医药
2015-07-17,600276,12.28000000,12.81000000,13.01000000,12.24000000,,170683.75000000,6.01092896,5.51894563,0.67000000,,恒瑞医药
2015-07-20,600276,12.81000000,12.64000000,13.02000000,12.35000000,,153090.50000000,5.30063291,-1.32708821,-0.17000000,,恒瑞医药
2015-07-21,600276,12.32000000,12.50000000,12.64000000,12.17000000,,108414.87000000,3.76000000,-1.10759494,-0.14000000,,恒瑞医药
2015-07-22,600276,12.50000000,12.69000000,12.96000000,12.42000000,,156185.60000000,4.25531915,1.52000000,0.19000000,,恒瑞医药
2015-07-23,600276,12.65000000,12.75000000,12.86000000,12.43000000,,155499.00000000,3.37254902,0.47281324,0.06000000,,恒瑞医药
2015-07-24,600276,12.75000000,12.27000000,12.86000000,12.23000000,,155092.59000000,5.13447433,-3.76470588,-0.48000000,,恒瑞医药
2015-07-27,600276,11.94000000,11.00000000,12.08000000,10.96000000,,183782.50000000,10.18181818,-10.35044825,-1.27000000,,恒瑞医药
2015-07-28,600276,10.75000000,11.88000000,12.00000000,10.08000000,,356490.76000000,16.16161616,8.00000000,0.88000000,,恒瑞医药
2015-07-29,600276,11.83000000,12.40000000,12.50000000,11.50000000,,196092.53000000,8.06451613,4.37710438,0.52000000,,恒瑞医药
2015-07-30,600276,12.28000000,11.72000000,12.52000000,11.65000000,,128956.09000000,7.42320819,-5.48387097,-0.68000000,,恒瑞医药
2015-07-31,600276,11.87000000,12.38000000,12.54000000,11.87000000,,195056.54000000,5.41195477,5.63139932,0.66000000,,恒瑞医药
2015-08-03,600276,12.30000000,13.15000000,13.15000000,12.10000000,,306757.66000000,7.98479087,6.21970921,0.77000000,,恒瑞医药
2015-08-04,600276,13.14000000,13.30000000,13.53000000,12.87000000,,203740.71000000,4.96240602,1.14068441,0.15000000,,恒瑞医药
2015-08-05,600276,13.30000000,12.98000000,13.40000000,12.70000000,,110602.00000000,5.39291217,-2.40601504,-0.32000000,,恒瑞医药
2015-08-06,600276,12.75000000,12.91000000,13.25000000,12.71000000,,78780.04000000,4.18280403,-0.53929122,-0.07000000,,恒瑞医药
2015-08-07,600276,13.02000000,12.95000000,13.22000000,12.84000000,,88402.15000000,2.93436293,0.30983734,0.04000000,,恒瑞医药
2015-08-10,600276,12.96000000,13.90000000,13.95000000,12.87000000,,199354.57000000,7.76978417,7.33590734,0.95000000,,恒瑞医药
2015-08-11,600276,13.87000000,13.46000000,13.87000000,13.23000000,,182318.84000000,4.75482912,-3.16546763,-0.44000000,,恒瑞医药
2015-08-12,600276,13.24000000,13.01000000,13.51000000,12.98000000,,121750.53000000,4.07378939,-3.34323923,-0.45000000,,恒瑞医药
2015-08-13,600276,12.96000000,13.02000000,13.14000000,12.74000000,,89229.54000000,3.07219662,0.07686395,0.01000000,,恒瑞医药
2015-08-14,600276,13.10000000,12.97000000,13.22000000,12.92000000,,96512.33000000,2.31303007,-0.38402458,-0.05000000,,恒瑞医药
2015-08-17,600276,12.72000000,13.15000000,13.25000000,12.61000000,,98344.59000000,4.86692015,1.38781804,0.18000000,,恒瑞医药
2015-08-18,600276,13.19000000,12.82000000,13.27000000,12.27000000,,144237.28000000,7.80031201,-2.50950570,-0.33000000,,恒瑞医药
2015-08-19,600276,12.56000000,13.22000000,13.24000000,12.46000000,,157604.80000000,5.90015129,3.12012480,0.40000000,,恒瑞医药
2015-08-20,600276,13.02000000,12.66000000,13.07000000,12.64000000,,104042.98000000,3.39652449,-4.23600605,-0.56000000,,恒瑞医药
2015-08-21,600276,12.56000000,11.99000000,12.62000000,11.95000000,,164155.75000000,5.58798999,-5.29225908,-0.67000000,,恒瑞医药
2015-08-24,600276,11.47000000,10.74000000,11.75000000,10.64000000,,288110.33000000,10.33519553,-10.42535446,-1.25000000,,恒瑞医药
2015-08-25,600276,10.39000000,10.85000000,11.66000000,10.39000000,,207490.61000000,11.70506912,1.02420857,0.11000000,,恒瑞医药
2015-08-26,600276,11.15000000,11.71000000,11.84000000,10.88000000,,169872.83000000,8.19812126,7.92626728,0.86000000,,恒瑞医药
2015-08-27,600276,11.81000000,11.97000000,12.07000000,11.33000000,,169390.26000000,6.18212197,2.22032451,0.26000000,,恒瑞医药
2015-08-28,600276,11.81000000,12.23000000,12.33000000,11.73000000,,126424.14000000,4.90596893,2.17209691,0.26000000,,恒瑞医药
2015-08-31,600276,12.00000000,12.21000000,12.43000000,11.78000000,,101852.20000000,5.32350532,-0.16353230,-0.02000000,,恒瑞医药
2015-09-01,600276,12.09000000,11.63000000,12.09000000,11.41000000,,111363.65000000,5.84694755,-4.75020475,-0.58000000,,恒瑞医药
2015-09-02,600276,11.47000000,11.44000000,11.89000000,11.21000000,,108028.11000000,5.94405594,-1.63370593,-0.19000000,,恒瑞医药
2015-09-07,600276,11.82000000,12.16000000,12.55000000,11.53000000,,174262.75000000,8.38815789,6.29370629,0.72000000,,恒瑞医药
2015-09-08,600276,12.08000000,13.34000000,13.41000000,11.94000000,,202670.76000000,11.01949025,9.70394737,1.18000000,,恒瑞医药
2015-09-09,600276,13.32000000,12.76000000,13.78000000,12.57000000,,357899.36000000,9.48275862,-4.34782609,-0.58000000,,恒瑞医药
2015-09-10,600276,12.52000000,12.96000000,13.25000000,12.40000000,,170694.17000000,6.55864198,1.56739812,0.20000000,,恒瑞医药
2015-09-11,600276,12.87000000,12.59000000,13.05000000,12.43000000,,111254.55000000,4.92454329,-2.85493827,-0.37000000,,恒瑞医药
2015-09-14,600276,12.67000000,12.84000000,13.01000000,12.34000000,,190760.47000000,5.21806854,1.98570294,0.25000000,,恒瑞医药
2015-09-15,600276,12.55000000,12.20000000,12.74000000,12.19000000,,81590.98000000,4.50819672,-4.98442368,-0.64000000,,恒瑞医药
2015-09-16,600276,12.33000000,13.02000000,13.33000000,12.03000000,,137424.80000000,9.98463902,6.72131148,0.82000000,,恒瑞医药
2015-09-17,600276,12.86000000,12.51000000,13.02000000,12.51000000,,122034.87000000,4.07673861,-3.91705069,-0.51000000,,恒瑞医药
2015-09-18,600276,12.62000000,12.54000000,12.67000000,12.26000000,,67185.40000000,3.26953748,0.23980815,0.03000000,,恒瑞医药
2015-09-21,600276,12.40000000,12.73000000,12.76000000,12.31000000,,91423.39000000,3.53495679,1.51515152,0.19000000,,恒瑞医药
2015-09-22,600276,12.71000000,12.66000000,13.01000000,12.62000000,,84825.79000000,3.08056872,-0.54988217,-0.07000000,,恒瑞医药
2015-09-23,600276,12.55000000,12.50000000,12.63000000,12.36000000,,47967.23000000,2.16000000,-1.26382306,-0.16000000,,恒瑞医药
2015-09-24,600276,12.55000000,12.95000000,12.97000000,12.43000000,,99175.73000000,4.16988417,3.60000000,0.45000000,,恒瑞医药
2015-09-25,600276,12.80000000,12.74000000,13.26000000,12.66000000,,98793.27000000,4.70957614,-1.62162162,-0.21000000,,恒瑞医药
2015-09-28,600276,12.83000000,13.08000000,13.12000000,12.65000000,,76917.66000000,3.59327217,2.66875981,0.34000000,,恒瑞医药
2015-09-29,600276,12.93000000,12.93000000,13.33000000,12.80000000,,82688.48000000,4.09899459,-1.14678899,-0.15000000,,恒瑞医药
2015-09-30,600276,12.94000000,12.77000000,13.07000000,12.75000000,,61820.98000000,2.50587314,-1.23743233,-0.16000000,,恒瑞医药
2015-10-08,600276,13.17000000,13.33000000,13.48000000,12.98000000,,125431.10000000,3.75093773,4.38527800,0.56000000,,恒瑞医药
2015-10-09,600276,13.24000000,13.39000000,13.57000000,13.19000000,,60323.68000000,2.83793876,0.45011253,0.06000000,,恒瑞医药
2015-10-12,600276,13.35000000,13.36000000,14.01000000,13.22000000,,346343.98000000,5.91317365,-0.22404780,-0.03000000,,恒瑞医药
2015-10-13,600276,13.20000000,13.02000000,13.29000000,12.88000000,,157616.79000000,3.14900154,-2.54491018,-0.34000000,,恒瑞医药
2015-10-14,600276,13.02000000,12.98000000,13.08000000,12.87000000,,78483.96000000,1.61787365,-0.30721966,-0.04000000,,恒瑞医药
2015-10-15,600276,12.98000000,13.10000000,13.13000000,12.86000000,,88705.63000000,2.06106870,0.92449923,0.12000000,,恒瑞医药
2015-10-16,600276,13.13000000,13.03000000,13.25000000,12.92000000,,98418.63000000,2.53261704,-0.53435115,-0.07000000,,恒瑞医药
2015-10-19,600276,13.02000000,13.53000000,13.60000000,12.90000000,,160595.77000000,5.17368810,3.83729854,0.50000000,,恒瑞医药
2015-10-20,600276,13.53000000,13.54000000,13.69000000,13.33000000,,127249.21000000,2.65878877,0.07390983,0.01000000,,恒瑞医药
2015-10-21,600276,13.63000000,13.22000000,14.06000000,13.19000000,,202169.30000000,6.58093797,-2.36336780,-0.32000000,,恒瑞医药
2015-10-22,600276,13.20000000,13.58000000,13.69000000,13.17000000,,116785.76000000,3.82916053,2.72314675,0.36000000,,恒瑞医药
2015-10-23,600276,13.68000000,13.63000000,14.03000000,13.33000000,,201829.99000000,5.13573001,0.36818851,0.05000000,,恒瑞医药
2015-10-26,600276,13.88000000,14.55000000,14.57000000,13.65000000,,239649.71000000,6.32302405,6.74981658,0.92000000,,恒瑞医药
2015-10-27,600276,14.41000000,14.39000000,14.51000000,13.96000000,,165683.40000000,3.82209868,-1.09965636,-0.16000000,,恒瑞医药
2015-10-28,600276,14.25000000,14.52000000,14.97000000,14.18000000,,164977.32000000,5.44077135,0.90340514,0.13000000,,恒瑞医药
2015-10-29,600276,14.66000000,15.01000000,15.05000000,14.38000000,,126272.28000000,4.46369087,3.37465565,0.49000000,,恒瑞医药
2015-10-30,600276,15.00000000,14.73000000,15.21000000,14.72000000,,103303.40000000,3.32654447,-1.86542305,-0.28000000,,恒瑞医药
2015-11-02,600276,14.47000000,14.41000000,14.97000000,14.32000000,,116878.96000000,4.51075642,-2.17243720,-0.32000000,,恒瑞医药
2015-11-03,600276,14.50000000,14.25000000,14.70000000,14.19000000,,101033.68000000,3.57894737,-1.11034004,-0.16000000,,恒瑞医药
2015-11-04,600276,14.26000000,14.83000000,14.84000000,14.25000000,,114971.24000000,3.97842212,4.07017544,0.58000000,,恒瑞医药
2015-11-05,600276,14.84000000,14.63000000,14.97000000,14.56000000,,128810.99000000,2.80246070,-1.34861767,-0.20000000,,恒瑞医药
2015-11-06,600276,14.63000000,14.40000000,14.72000000,14.22000000,,235861.28000000,3.47222222,-1.57211210,-0.23000000,,恒瑞医药
2015-11-09,600276,14.38000000,14.36000000,14.62000000,14.26000000,,156999.29000000,2.50696379,-0.27777778,-0.04000000,,恒瑞医药
2015-11-10,600276,14.37000000,13.61000000,14.67000000,13.36000000,,228061.51000000,9.62527553,-5.22284123,-0.75000000,,恒瑞医药
2015-11-11,600276,14.16000000,14.36000000,14.38000000,13.90000000,,221545.91000000,3.34261838,5.51065393,0.75000000,,恒瑞医药
2015-11-12,600276,14.32000000,14.30000000,14.41000000,13.99000000,,138826.14000000,2.93706294,-0.41782730,-0.06000000,,恒瑞医药
2015-11-13,600276,14.17000000,14.07000000,14.24000000,13.98000000,,85764.22000000,1.84790334,-1.60839161,-0.23000000,,恒瑞医药
2015-11-16,600276,13.95000000,14.40000000,14.41000000,13.90000000,,92638.12000000,3.54166667,2.34541578,0.33000000,,恒瑞医药
2015-11-17,600276,14.41000000,14.46000000,14.54000000,14.32000000,,115320.17000000,1.52143845,0.41666667,0.06000000,,恒瑞医药
2015-11-18,600276,14.46000000,14.28000000,14.49000000,14.23000000,,68470.59000000,1.82072829,-1.24481328,-0.18000000,,恒瑞医药
2015-11-19,600276,14.28000000,14.35000000,14.50000000,14.23000000,,49008.77000000,1.88153310,0.49019608,0.07000000,,恒瑞医药
2015-11-20,600276,14.37000000,14.24000000,14.37000000,14.10000000,,78756.73000000,1.89606742,-0.76655052,-0.11000000,,恒瑞医药
2015-11-23,600276,14.25000000,14.07000000,14.32000000,13.97000000,,86244.76000000,2.48756219,-1.19382022,-0.17000000,,恒瑞医药
2015-11-24,600276,14.05000000,14.16000000,14.22000000,13.82000000,,68088.55000000,2.82485876,0.63965885,0.09000000,,恒瑞医药
2015-11-25,600276,14.13000000,14.01000000,14.13000000,13.91000000,,71634.65000000,1.57030692,-1.05932203,-0.15000000,,恒瑞医药
2015-11-26,600276,14.02000000,14.11000000,14.19000000,13.85000000,,107838.36000000,2.40963855,0.71377587,0.10000000,,恒瑞医药
2015-11-27,600276,13.98000000,13.77000000,14.02000000,13.69000000,,83755.74000000,2.39651416,-2.40963855,-0.34000000,,恒瑞医药
2015-11-30,600276,13.77000000,13.78000000,13.85000000,13.55000000,,84898.15000000,2.17706821,0.07262164,0.01000000,,恒瑞医药
2015-12-01,600276,13.70000000,14.06000000,14.11000000,13.67000000,,49413.14000000,3.12944523,2.03193033,0.28000000,,恒瑞医药
2015-12-02,600276,14.07000000,14.24000000,14.31000000,13.97000000,,71439.28000000,2.38764045,1.28022760,0.18000000,,恒瑞医药
2015-12-03,600276,14.21000000,14.26000000,14.29000000,14.04000000,,73507.17000000,1.75315568,0.14044944,0.02000000,,恒瑞医药
2015-12-04,600276,14.19000000,14.30000000,14.37000000,14.12000000,,55388.66000000,1.74825175,0.28050491,0.04000000,,恒瑞医药
2015-12-07,600276,14.23000000,14.41000000,14.45000000,14.13000000,,64224.34000000,2.22068008,0.76923077,0.11000000,,恒瑞医药
2015-12-08,600276,14.32000000,14.01000000,14.42000000,13.95000000,,54871.53000000,3.35474661,-2.77585010,-0.40000000,,恒瑞医药
2015-12-09,600276,13.95000000,13.95000000,14.10000000,13.88000000,,57508.72000000,1.57706093,-0.42826552,-0.06000000,,恒瑞医药
2015-12-10,600276,13.95000000,13.95000000,14.01000000,13.82000000,,56263.69000000,1.36200717,0.00000000,0.00000000,,恒瑞医药
2015-12-11,600276,13.85000000,13.83000000,14.10000000,13.76000000,,51984.20000000,2.45842372,-0.86021505,-0.12000000,,恒瑞医药
2015-12-14,600276,13.75000000,13.65000000,13.78000000,13.55000000,,122460.55000000,1.68498168,-1.30151844,-0.18000000,,恒瑞医药
2015-12-15,600276,13.67000000,13.88000000,13.98000000,13.63000000,,68415.89000000,2.52161383,1.68498168,0.23000000,,恒瑞医药
2015-12-16,600276,13.79000000,13.82000000,13.91000000,13.78000000,,42083.77000000,0.94066570,-0.43227666,-0.06000000,,恒瑞医药
2015-12-17,600276,13.85000000,13.91000000,14.01000000,13.82000000,,58917.84000000,1.36592380,0.65123010,0.09000000,,恒瑞医药
2015-12-18,600276,13.89000000,13.86000000,13.99000000,13.73000000,,47273.17000000,1.87590188,-0.35945363,-0.05000000,,恒瑞医药
2015-12-21,600276,13.82000000,14.26000000,14.38000000,13.73000000,,131212.49000000,4.55820477,2.88600289,0.40000000,,恒瑞医药
2015-12-22,600276,14.25000000,14.13000000,14.25000000,14.03000000,,59660.07000000,1.55697098,-0.91164095,-0.13000000,,恒瑞医药
2015-12-23,600276,14.13000000,14.09000000,14.29000000,14.07000000,,70543.87000000,1.56139106,-0.28308563,-0.04000000,,恒瑞医药
2015-12-24,600276,14.10000000,13.90000000,14.16000000,13.81000000,,47299.88000000,2.51798561,-1.34847410,-0.19000000,,恒瑞医药
2015-12-25,600276,13.90000000,13.75000000,13.97000000,13.71000000,,55183.93000000,1.89090909,-1.07913669,-0.15000000,,恒瑞医药
2015-12-28,600276,13.79000000,13.61000000,13.79000000,13.54000000,,90194.87000000,1.83688464,-1.01818182,-0.14000000,,恒瑞医药
2015-12-29,600276,13.57000000,13.77000000,13.81000000,13.57000000,,44599.75000000,1.74291939,1.17560617,0.16000000,,恒瑞医药
2015-12-30,600276,13.73000000,13.60000000,13.80000000,13.42000000,,93190.90000000,2.79411765,-1.23456790,-0.17000000,,恒瑞医药
2015-12-31,600276,13.60000000,13.67000000,13.82000000,13.54000000,,81922.04000000,2.04828091,0.51470588,0.07000000,,恒瑞医药
2016-01-04,600276,13.67000000,13.08000000,13.67000000,13.04000000,,86744.76000000,4.81651376,-4.31602048,-0.59000000,,恒瑞医药
2016-01-05,600276,12.86000000,13.19000000,13.33000000,12.85000000,,95328.66000000,3.63912055,0.84097859,0.11000000,,恒瑞医药
2016-01-06,600276,13.19000000,13.49000000,13.60000000,13.14000000,,86670.45000000,3.40993328,2.27445034,0.30000000,,恒瑞医药
2016-01-07,600276,13.40000000,12.77000000,13.40000000,12.60000000,,15488.00000000,6.26468285,-5.33728688,-0.72000000,,恒瑞医药
2016-01-08,600276,13.11000000,13.22000000,13.32000000,12.71000000,,112455.96000000,4.61422088,3.52388410,0.45000000,,恒瑞医药
2016-01-11,600276,13.22000000,12.57000000,13.32000000,12.56000000,,69613.80000000,6.04614161,-4.91679274,-0.65000000,,恒瑞医药
2016-01-12,600276,12.71000000,12.41000000,12.79000000,12.06000000,,89419.98000000,5.88235294,-1.27287192,-0.16000000,,恒瑞医药
2016-01-13,600276,12.43000000,12.07000000,12.65000000,12.06000000,,66595.13000000,4.88815244,-2.73972603,-0.34000000,,恒瑞医药
2016-01-14,600276,11.82000000,12.19000000,12.36000000,11.63000000,,93403.18000000,5.98851518,0.99420050,0.12000000,,恒瑞医药
2016-01-15,600276,12.15000000,11.79000000,12.24000000,11.68000000,,61851.39000000,4.74978796,-3.28137818,-0.40000000,,恒瑞医药
2016-01-18,600276,11.78000000,11.90000000,11.95000000,11.47000000,,94166.93000000,4.03361345,0.93299406,0.11000000,,恒瑞医药
2016-01-19,600276,11.86000000,12.19000000,12.24000000,11.72000000,,55823.98000000,4.26579163,2.43697479,0.29000000,,恒瑞医药
2016-01-20,600276,12.22000000,12.19000000,12.29000000,11.94000000,,39341.58000000,2.87120591,0.00000000,0.00000000,,恒瑞医药
2016-01-21,600276,12.06000000,11.75000000,12.24000000,11.73000000,,35315.44000000,4.34042553,-3.60951600,-0.44000000,,恒瑞医药
2016-01-22,600276,11.87000000,11.88000000,11.93000000,11.77000000,,39782.84000000,1.34680135,1.10638298,0.13000000,,恒瑞医药
2016-01-25,600276,11.84000000,12.08000000,12.27000000,11.84000000,,52165.49000000,3.55960265,1.68350168,0.20000000,,恒瑞医药
2016-01-26,600276,12.06000000,11.75000000,12.34000000,11.57000000,,95603.24000000,6.55319149,-2.73178808,-0.33000000,,恒瑞医药
2016-01-27,600276,11.69000000,11.89000000,11.99000000,11.39000000,,70181.31000000,5.04625736,1.19148936,0.14000000,,恒瑞医药
2016-01-28,600276,11.78000000,11.65000000,12.10000000,11.64000000,,63235.44000000,3.94849785,-2.01850294,-0.24000000,,恒瑞医药
2016-01-29,600276,11.69000000,12.09000000,12.21000000,11.67000000,,55463.06000000,4.46650124,3.77682403,0.44000000,,恒瑞医药
2016-02-01,600276,12.08000000,12.30000000,12.48000000,12.00000000,,53689.80000000,3.90243902,1.73697270,0.21000000,,恒瑞医药
2016-02-02,600276,12.36000000,12.38000000,12.52000000,12.28000000,,33837.87000000,1.93861066,0.65040650,0.08000000,,恒瑞医药
2016-02-03,600276,12.28000000,12.71000000,12.83000000,12.21000000,,58671.75000000,4.87804878,2.66558966,0.33000000,,恒瑞医药
2016-02-04,600276,12.65000000,12.64000000,12.79000000,12.46000000,,44352.87000000,2.61075949,-0.55074744,-0.07000000,,恒瑞医药
2016-02-05,600276,12.64000000,12.48000000,12.68000000,12.35000000,,31637.25000000,2.64423077,-1.26582278,-0.16000000,,恒瑞医药
2016-02-15,600276,12.34000000,12.51000000,12.71000000,12.24000000,,30503.69000000,3.75699440,0.24038462,0.03000000,,恒瑞医药
2016-02-16,600276,12.58000000,12.73000000,12.77000000,12.51000000,,49445.69000000,2.04241948,1.75859313,0.22000000,,恒瑞医药
2016-02-17,600276,12.71000000,12.56000000,12.80000000,12.25000000,,67258.62000000,4.37898089,-1.33542812,-0.17000000,,恒瑞医药
2016-02-18,600276,12.54000000,12.37000000,12.59000000,12.32000000,,45708.56000000,2.18270008,-1.51273885,-0.19000000,,恒瑞医药
2016-02-19,600276,12.40000000,12.56000000,12.58000000,12.35000000,,55641.08000000,1.83121019,1.53597413,0.19000000,,恒瑞医药
2016-02-22,600276,12.80000000,12.79000000,12.97000000,12.65000000,,96079.16000000,2.50195465,1.83121019,0.23000000,,恒瑞医药
2016-02-23,600276,12.75000000,12.92000000,12.93000000,12.63000000,,48928.76000000,2.32198142,1.01641908,0.13000000,,恒瑞医药
2016-02-24,600276,12.92000000,13.00000000,13.13000000,12.86000000,,97056.32000000,2.07692308,0.61919505,0.08000000,,恒瑞医药
2016-02-25,600276,13.01000000,12.60000000,13.01000000,12.45000000,,78693.76000000,4.44444444,-3.07692308,-0.40000000,,恒瑞医药
2016-02-26,600276,12.62000000,12.71000000,12.82000000,12.55000000,,54757.32000000,2.12431157,0.87301587,0.11000000,,恒瑞医药
2016-02-29,600276,12.71000000,12.39000000,12.71000000,12.07000000,,81485.53000000,5.16545601,-2.51770260,-0.32000000,,恒瑞医药
2016-03-01,600276,12.30000000,12.32000000,12.46000000,12.11000000,,49761.83000000,2.84090909,-0.56497175,-0.07000000,,恒瑞医药
2016-03-02,600276,12.28000000,12.67000000,12.71000000,12.28000000,,69259.59000000,3.39384373,2.84090909,0.35000000,,恒瑞医药
2016-03-03,600276,12.62000000,12.92000000,12.95000000,12.62000000,,59698.25000000,2.55417957,1.97316496,0.25000000,,恒瑞医药
2016-03-04,600276,12.86000000,13.16000000,13.42000000,12.74000000,,172106.72000000,5.16717325,1.85758514,0.24000000,,恒瑞医药
2016-03-07,600276,13.11000000,13.24000000,13.30000000,13.04000000,,55310.52000000,1.96374622,0.60790274,0.08000000,,恒瑞医药
2016-03-08,600276,13.13000000,13.22000000,13.23000000,12.80000000,,51104.87000000,3.25264750,-0.15105740,-0.02000000,,恒瑞医药
2016-03-09,600276,13.03000000,13.38000000,13.44000000,12.82000000,,60689.65000000,4.63378176,1.21028744,0.16000000,,恒瑞医药
2016-03-10,600276,13.30000000,12.91000000,13.37000000,12.90000000,,52027.57000000,3.64058869,-3.51270553,-0.47000000,,恒瑞医药
2016-03-11,600276,12.89000000,12.88000000,12.97000000,12.63000000,,41939.38000000,2.63975155,-0.23237800,-0.03000000,,恒瑞医药
2016-03-14,600276,12.94000000,12.95000000,13.18000000,12.87000000,,45286.22000000,2.39382239,0.54347826,0.07000000,,恒瑞医药
2016-03-15,600276,12.89000000,13.31000000,13.47000000,12.76000000,,84805.87000000,5.33433509,2.77992278,0.36000000,,恒瑞医药
2016-03-16,600276,13.18000000,13.36000000,13.51000000,13.07000000,,109620.53000000,3.29341317,0.37565740,0.05000000,,恒瑞医药
2016-03-17,600276,13.36000000,13.45000000,13.54000000,13.25000000,,58302.97000000,2.15613383,0.67365269,0.09000000,,恒瑞医药
2016-03-18,600276,13.48000000,13.22000000,13.54000000,13.15000000,,138049.67000000,2.95007564,-1.71003717,-0.23000000,,恒瑞医药
2016-03-21,600276,13.25000000,13.28000000,13.34000000,13.19000000,,77708.06000000,1.12951807,0.45385779,0.06000000,,恒瑞医药
2016-03-22,600276,13.26000000,13.08000000,13.26000000,13.04000000,,76759.22000000,1.68195719,-1.50602410,-0.20000000,,恒瑞医药
2016-03-23,600276,13.09000000,13.09000000,13.18000000,13.01000000,,51938.92000000,1.29870130,0.07645260,0.01000000,,恒瑞医药
2016-03-24,600276,13.05000000,13.10000000,13.13000000,12.92000000,,38666.40000000,1.60305344,0.07639419,0.01000000,,恒瑞医药
2016-03-25,600276,13.10000000,13.14000000,13.25000000,13.05000000,,36439.07000000,1.52207002,0.30534351,0.04000000,,恒瑞医药
2016-03-28,600276,13.20000000,13.00000000,13.28000000,12.98000000,,50804.63000000,2.30769231,-1.06544901,-0.14000000,,恒瑞医药
2016-03-29,600276,13.05000000,12.92000000,13.05000000,12.87000000,,42203.97000000,1.39318885,-0.61538462,-0.08000000,,恒瑞医药
2016-03-30,600276,12.94000000,13.11000000,13.18000000,12.93000000,,38449.12000000,1.90694127,1.47058824,0.19000000,,恒瑞医药
2016-03-31,600276,13.12000000,13.09000000,13.23000000,13.02000000,,38075.61000000,1.60427807,-0.15255530,-0.02000000,,恒瑞医药
2016-04-01,600276,13.09000000,13.19000000,13.20000000,12.89000000,,33613.93000000,2.35026535,0.76394194,0.10000000,,恒瑞医药
2016-04-05,600276,13.08000000,13.30000000,13.35000000,13.08000000,,48776.98000000,2.03007519,0.83396513,0.11000000,,恒瑞医药
2016-04-06,600276,13.30000000,13.20000000,13.30000000,13.16000000,,38279.30000000,1.06060606,-0.75187970,-0.10000000,,恒瑞医药
2016-04-07,600276,13.30000000,13.24000000,13.33000000,13.15000000,,40341.13000000,1.35951662,0.30303030,0.04000000,,恒瑞医药
2016-04-08,600276,13.13000000,13.12000000,13.19000000,13.02000000,,30098.47000000,1.29573171,-0.90634441,-0.12000000,,恒瑞医药
2016-04-11,600276,13.08000000,13.02000000,13.16000000,12.99000000,,87431.73000000,1.30568356,-0.76219512,-0.10000000,,恒瑞医药
2016-04-13,600276,13.11000000,13.06000000,13.26000000,13.02000000,,92719.25000000,1.83767228,0.30721966,0.04000000,,恒瑞医药
2016-04-14,600276,13.06000000,13.09000000,13.16000000,13.02000000,,66521.87000000,1.06951872,0.22970904,0.03000000,,恒瑞医药
2016-04-15,600276,13.09000000,13.22000000,13.26000000,13.04000000,,64032.93000000,1.66414523,0.99312452,0.13000000,,恒瑞医药
2016-04-18,600276,13.27000000,13.37000000,13.50000000,13.22000000,,86852.52000000,2.09424084,1.13464448,0.15000000,,恒瑞医药
2016-04-19,600276,13.39000000,13.26000000,13.43000000,13.21000000,,40549.26000000,1.65912519,-0.82273747,-0.11000000,,恒瑞医药
2016-04-20,600276,13.26000000,13.28000000,13.32000000,12.68000000,,97610.84000000,4.81927711,0.15082956,0.02000000,,恒瑞医药
2016-04-21,600276,13.06000000,12.94000000,13.11000000,12.91000000,,54467.27000000,1.54559505,-2.56024096,-0.34000000,,恒瑞医药
2016-04-22,600276,12.93000000,12.97000000,13.01000000,12.83000000,,50417.79000000,1.38781804,0.23183926,0.03000000,,恒瑞医药
2016-04-25,600276,12.90000000,12.87000000,12.97000000,12.80000000,,45964.09000000,1.32090132,-0.77101002,-0.10000000,,恒瑞医药
2016-04-26,600276,12.87000000,13.12000000,13.14000000,12.83000000,,42651.20000000,2.36280488,1.94250194,0.25000000,,恒瑞医药
2016-04-27,600276,13.11000000,13.12000000,13.17000000,13.00000000,,34233.37000000,1.29573171,0.00000000,0.00000000,,恒瑞医药
2016-04-28,600276,13.06000000,12.94000000,13.06000000,12.80000000,,33813.37000000,2.00927357,-1.37195122,-0.18000000,,恒瑞医药
2016-04-29,600276,12.90000000,12.92000000,13.02000000,12.83000000,,38340.29000000,1.47058824,-0.15455951,-0.02000000,,恒瑞医药
2016-05-03,600276,12.98000000,13.26000000,13.32000000,12.86000000,,68193.36000000,3.46907994,2.63157895,0.34000000,,恒瑞医药
2016-05-04,600276,13.23000000,13.26000000,13.46000000,13.20000000,,54106.93000000,1.96078431,0.00000000,0.00000000,,恒瑞医药
2016-05-05,600276,13.25000000,13.19000000,13.25000000,13.11000000,,26990.10000000,1.06141016,-0.52790347,-0.07000000,,恒瑞医药
2016-05-06,600276,13.20000000,12.99000000,13.26000000,12.94000000,,28655.28000000,2.46343341,-1.51630023,-0.20000000,,恒瑞医药
2016-05-09,600276,12.92000000,12.82000000,12.96000000,12.73000000,,46019.67000000,1.79407176,-1.30869900,-0.17000000,,恒瑞医药
2016-05-10,600276,12.77000000,12.81000000,12.92000000,12.74000000,,36591.13000000,1.40515222,-0.07800312,-0.01000000,,恒瑞医药
2016-05-11,600276,12.81000000,13.10000000,13.29000000,12.80000000,,55602.51000000,3.74045802,2.26385636,0.29000000,,恒瑞医药
2016-05-12,600276,13.02000000,12.99000000,13.14000000,12.91000000,,44246.58000000,1.77059276,-0.83969466,-0.11000000,,恒瑞医药
2016-05-13,600276,12.91000000,12.96000000,13.02000000,12.83000000,,32865.13000000,1.46604938,-0.23094688,-0.03000000,,恒瑞医药
2016-05-16,600276,12.92000000,13.02000000,13.06000000,12.77000000,,31325.26000000,2.22734255,0.46296296,0.06000000,,恒瑞医药
2016-05-17,600276,13.02000000,13.13000000,13.18000000,12.94000000,,30587.28000000,1.82787510,0.84485407,0.11000000,,恒瑞医药
2016-05-18,600276,13.02000000,13.07000000,13.16000000,12.90000000,,36959.43000000,1.98928845,-0.45696877,-0.06000000,,恒瑞医药
2016-05-19,600276,12.94000000,12.90000000,13.06000000,12.82000000,,60078.12000000,1.86046512,-1.30068860,-0.17000000,,恒瑞医药
2016-05-20,600276,12.84000000,12.86000000,12.89000000,12.74000000,,34239.24000000,1.16640747,-0.31007752,-0.04000000,,恒瑞医药
2016-05-23,600276,12.77000000,12.68000000,12.83000000,12.62000000,,87086.40000000,1.65615142,-1.39968896,-0.18000000,,恒瑞医药
2016-05-24,600276,12.64000000,12.68000000,12.77000000,12.55000000,,52032.22000000,1.73501577,0.00000000,0.00000000,,恒瑞医药
2016-05-25,600276,12.68000000,12.47000000,12.73000000,12.46000000,,53217.79000000,2.16519647,-1.65615142,-0.21000000,,恒瑞医药
2016-05-26,600276,12.47000000,12.45000000,12.55000000,12.33000000,,52768.69000000,1.76706827,-0.16038492,-0.02000000,,恒瑞医药
2016-05-27,600276,12.50000000,12.35000000,12.50000000,12.21000000,,76859.93000000,2.34817814,-0.80321285,-0.10000000,,恒瑞医药
2016-05-30,600276,12.30000000,12.40000000,12.49000000,12.23000000,,47062.39000000,2.09677419,0.40485830,0.05000000,,恒瑞医药
2016-05-31,600276,12.40000000,12.69000000,12.71000000,12.40000000,,69486.43000000,2.44286840,2.33870968,0.29000000,,恒瑞医药
2016-06-01,600276,12.65000000,12.62000000,12.71000000,12.57000000,,52440.23000000,1.10935024,-0.55161545,-0.07000000,,恒瑞医药
2016-06-02,600276,12.59000000,12.57000000,12.65000000,12.54000000,,32618.71000000,0.87509944,-0.39619651,-0.05000000,,恒瑞医药
2016-06-03,600276,12.64000000,12.93000000,13.00000000,12.58000000,,113815.95000000,3.24825986,2.86396181,0.36000000,,恒瑞医药
2016-06-06,600276,13.00000000,12.89000000,13.05000000,12.86000000,,44840.59000000,1.47401086,-0.30935808,-0.04000000,,恒瑞医药
2016-06-07,600276,12.93000000,12.88000000,12.95000000,12.77000000,,32780.29000000,1.39751553,-0.07757952,-0.01000000,,恒瑞医药
2016-06-08,600276,12.86000000,12.92000000,13.00000000,12.78000000,,49639.64000000,1.70278638,0.31055901,0.04000000,,恒瑞医药
2016-06-13,600276,12.74000000,12.74000000,12.99000000,12.71000000,,69345.31000000,2.19780220,-1.39318885,-0.18000000,,恒瑞医药
2016-06-14,600276,12.68000000,12.68000000,12.76000000,12.50000000,,48485.66000000,2.05047319,-0.47095761,-0.06000000,,恒瑞医药
2016-06-15,600276,12.64000000,12.77000000,12.83000000,12.56000000,,51359.55000000,2.11433046,0.70977918,0.09000000,,恒瑞医药
2016-06-16,600276,12.77000000,12.95000000,13.07000000,12.77000000,,62663.37000000,2.31660232,1.40955364,0.18000000,,恒瑞医药
2016-06-17,600276,12.92000000,13.11000000,13.19000000,12.92000000,,76089.60000000,2.05949657,1.23552124,0.16000000,,恒瑞医药
2016-06-20,600276,13.11000000,13.05000000,13.17000000,12.96000000,,35211.07000000,1.60919540,-0.45766590,-0.06000000,,恒瑞医药
2016-06-21,600276,13.12000000,13.06000000,13.36000000,13.04000000,,69526.36000000,2.45022971,0.07662835,0.01000000,,恒瑞医药
2016-06-22,600276,13.06000000,13.27000000,13.34000000,12.98000000,,57346.76000000,2.71288621,1.60796325,0.21000000,,恒瑞医药
2016-06-23,600276,13.27000000,13.31000000,13.37000000,13.24000000,,61013.48000000,0.97670924,0.30143180,0.04000000,,恒瑞医药
2016-06-24,600276,13.18000000,13.13000000,13.40000000,13.01000000,,51975.47000000,2.97029703,-1.35236664,-0.18000000,,恒瑞医药
2016-06-27,600276,13.12000000,13.49000000,13.54000000,13.11000000,,58672.13000000,3.18754633,2.74181264,0.36000000,,恒瑞医药
2016-06-28,600276,13.44000000,13.56000000,13.84000000,13.44000000,,63209.67000000,2.94985251,0.51890289,0.07000000,,恒瑞医药
2016-06-29,600276,13.57000000,13.47000000,13.66000000,13.42000000,,34124.06000000,1.78173719,-0.66371681,-0.09000000,,恒瑞医药
2016-06-30,600276,13.51000000,13.40000000,13.51000000,13.36000000,,25519.78000000,1.11940299,-0.51967335,-0.07000000,,恒瑞医药
2016-07-01,600276,13.39000000,13.47000000,13.69000000,13.39000000,,27541.56000000,2.22717149,0.52238806,0.07000000,,恒瑞医药
2016-07-04,600276,13.49000000,13.66000000,13.71000000,13.45000000,,38136.89000000,1.90336750,1.41054195,0.19000000,,恒瑞医药
2016-07-05,600276,13.69000000,13.57000000,13.90000000,13.52000000,,41799.95000000,2.80029477,-0.65885798,-0.09000000,,恒瑞医药
2016-07-06,600276,13.57000000,13.67000000,13.75000000,13.47000000,,43053.70000000,2.04828091,0.73691968,0.10000000,,恒瑞医药
2016-07-07,600276,13.64000000,13.72000000,13.87000000,13.63000000,,51988.72000000,1.74927114,0.36576445,0.05000000,,恒瑞医药
2016-07-08,600276,13.73000000,13.57000000,13.76000000,13.47000000,,56872.86000000,2.13706706,-1.09329446,-0.15000000,,恒瑞医药
2016-07-11,600276,13.59000000,14.13000000,14.21000000,13.51000000,,122774.96000000,4.95399858,4.12675018,0.56000000,,恒瑞医药
2016-07-12,600276,14.08000000,14.56000000,14.65000000,14.06000000,,133560.62000000,4.05219780,3.04317056,0.43000000,,恒瑞医药
2016-07-13,600276,14.67000000,14.50000000,14.84000000,14.47000000,,84227.35000000,2.55172414,-0.41208791,-0.06000000,,恒瑞医药
2016-07-14,600276,14.54000000,14.43000000,14.54000000,14.32000000,,56385.15000000,1.52460152,-0.48275862,-0.07000000,,恒瑞医药
2016-07-15,600276,14.52000000,14.54000000,14.66000000,14.41000000,,41148.24000000,1.71939477,0.76230076,0.11000000,,恒瑞医药
2016-07-18,600276,14.60000000,14.64000000,14.72000000,14.40000000,,38663.40000000,2.18579235,0.68775791,0.10000000,,恒瑞医药
2016-07-19,600276,14.66000000,14.35000000,14.80000000,14.29000000,,51696.36000000,3.55400697,-1.98087432,-0.29000000,,恒瑞医药
2016-07-20,600276,14.43000000,14.40000000,14.50000000,14.30000000,,26790.80000000,1.38888889,0.34843206,0.05000000,,恒瑞医药
2016-07-21,600276,14.43000000,14.34000000,14.47000000,14.21000000,,61183.05000000,1.81311018,-0.41666667,-0.06000000,,恒瑞医药
2016-07-22,600276,14.30000000,14.14000000,14.32000000,14.03000000,,53550.67000000,2.05091938,-1.39470014,-0.20000000,,恒瑞医药
2016-07-25,600276,14.10000000,14.42000000,14.46000000,14.03000000,,39768.64000000,2.98196949,1.98019802,0.28000000,,恒瑞医药
2016-07-26,600276,14.40000000,14.44000000,14.47000000,14.36000000,,37759.56000000,0.76177285,0.13869626,0.02000000,,恒瑞医药
2016-07-27,600276,14.43000000,14.52000000,14.61000000,14.17000000,,104320.08000000,3.03030303,0.55401662,0.08000000,,恒瑞医药
2016-07-28,600276,14.47000000,14.77000000,15.00000000,14.33000000,,79341.99000000,4.53622207,1.72176309,0.25000000,,恒瑞医药
2016-07-29,600276,14.67000000,14.72000000,14.87000000,14.54000000,,55135.62000000,2.24184783,-0.33852404,-0.05000000,,恒瑞医药
2016-08-01,600276,14.73000000,14.53000000,14.89000000,14.47000000,,60388.79000000,2.89057123,-1.29076087,-0.19000000,,恒瑞医药
2016-08-02,600276,14.49000000,14.77000000,14.78000000,14.49000000,,42467.66000000,1.96343940,1.65175499,0.24000000,,恒瑞医药
2016-08-03,600276,14.76000000,14.77000000,14.86000000,14.63000000,,35596.72000000,1.55721056,0.00000000,0.00000000,,恒瑞医药
2016-08-04,600276,14.75000000,14.67000000,14.88000000,14.62000000,,31289.01000000,1.77232447,-0.67704807,-0.10000000,,恒瑞医药
2016-08-05,600276,14.66000000,14.79000000,14.84000000,14.66000000,,27646.21000000,1.21703854,0.81799591,0.12000000,,恒瑞医药
2016-08-08,600276,14.81000000,14.72000000,14.81000000,14.66000000,,37252.35000000,1.01902174,-0.47329277,-0.07000000,,恒瑞医药
2016-08-09,600276,14.78000000,15.18000000,15.29000000,14.78000000,,76721.92000000,3.35968379,3.12500000,0.46000000,,恒瑞医药
2016-08-10,600276,15.18000000,15.11000000,15.28000000,15.06000000,,38923.88000000,1.45598941,-0.46113307,-0.07000000,,恒瑞医药
2016-08-11,600276,15.09000000,15.06000000,15.23000000,15.03000000,,29965.69000000,1.32802125,-0.33090668,-0.05000000,,恒瑞医药
2016-08-12,600276,15.04000000,15.13000000,15.17000000,15.00000000,,27908.61000000,1.12359551,0.46480744,0.07000000,,恒瑞医药
2016-08-15,600276,15.17000000,15.33000000,15.54000000,15.11000000,,57050.68000000,2.80495760,1.32187707,0.20000000,,恒瑞医药
2016-08-16,600276,15.39000000,15.32000000,15.45000000,15.14000000,,70020.65000000,2.02349869,-0.06523157,-0.01000000,,恒瑞医药
2016-08-17,600276,15.26000000,15.17000000,15.42000000,15.14000000,,38586.86000000,1.84574819,-0.97911227,-0.15000000,,恒瑞医药
2016-08-18,600276,15.15000000,15.03000000,15.36000000,14.84000000,,64828.07000000,3.45974717,-0.92287409,-0.14000000,,恒瑞医药
2016-08-19,600276,14.98000000,15.01000000,15.08000000,14.95000000,,38216.68000000,0.86608927,-0.13306720,-0.02000000,,恒瑞医药
2016-08-22,600276,15.06000000,15.07000000,15.12000000,14.92000000,,50690.95000000,1.32714001,0.39973351,0.06000000,,恒瑞医药
2016-08-23,600276,15.03000000,14.91000000,15.08000000,14.84000000,,53734.22000000,1.60965795,-1.06171201,-0.16000000,,恒瑞医药
2016-08-24,600276,14.95000000,14.87000000,15.06000000,14.82000000,,27869.94000000,1.61398790,-0.26827632,-0.04000000,,恒瑞医药
2016-08-25,600276,14.82000000,14.89000000,14.95000000,14.75000000,,46951.71000000,1.34318334,0.13449899,0.02000000,,恒瑞医药
2016-08-26,600276,14.89000000,14.90000000,15.05000000,14.80000000,,31854.91000000,1.67785235,0.06715917,0.01000000,,恒瑞医药
2016-08-29,600276,14.85000000,14.98000000,15.09000000,14.85000000,,39715.40000000,1.60213618,0.53691275,0.08000000,,恒瑞医药
2016-08-30,600276,14.93000000,14.56000000,14.99000000,14.47000000,,88340.05000000,3.57142857,-2.80373832,-0.42000000,,恒瑞医药
2016-08-31,600276,14.58000000,14.60000000,14.67000000,14.48000000,,31288.46000000,1.30136986,0.27472527,0.04000000,,恒瑞医药
2016-09-01,600276,14.60000000,14.68000000,14.76000000,14.54000000,,26229.52000000,1.49863760,0.54794521,0.08000000,,恒瑞医药
2016-09-02,600276,14.60000000,15.03000000,15.05000000,14.60000000,,59786.92000000,2.99401198,2.38419619,0.35000000,,恒瑞医药
2016-09-05,600276,15.06000000,14.89000000,15.09000000,14.82000000,,33523.20000000,1.81329752,-0.93147039,-0.14000000,,恒瑞医药
2016-09-06,600276,14.86000000,14.90000000,14.94000000,14.76000000,,29181.00000000,1.20805369,0.06715917,0.01000000,,恒瑞医药
2016-09-07,600276,14.93000000,14.72000000,14.95000000,14.59000000,,69866.41000000,2.44565217,-1.20805369,-0.18000000,,恒瑞医药
2016-09-08,600276,14.70000000,14.65000000,14.78000000,14.60000000,,23299.99000000,1.22866894,-0.47554348,-0.07000000,,恒瑞医药
2016-09-09,600276,14.69000000,14.54000000,14.76000000,14.53000000,,32617.17000000,1.58184319,-0.75085324,-0.11000000,,恒瑞医药
2016-09-12,600276,14.45000000,14.79000000,14.80000000,14.33000000,,65060.61000000,3.17782285,1.71939477,0.25000000,,恒瑞医药
2016-09-13,600276,14.67000000,14.68000000,14.77000000,14.51000000,,44684.82000000,1.77111717,-0.74374577,-0.11000000,,恒瑞医药
2016-09-14,600276,14.65000000,14.35000000,14.66000000,14.29000000,,59135.77000000,2.57839721,-2.24795640,-0.33000000,,恒瑞医药
2016-09-19,600276,14.35000000,14.54000000,14.56000000,14.35000000,,52192.01000000,1.44429161,1.32404181,0.19000000,,恒瑞医药
2016-09-20,600276,14.56000000,14.66000000,14.67000000,14.45000000,,35331.62000000,1.50068213,0.82530949,0.12000000,,恒瑞医药
2016-09-21,600276,14.68000000,14.67000000,14.73000000,14.60000000,,22493.22000000,0.88616224,0.06821282,0.01000000,,恒瑞医药
2016-09-22,600276,14.75000000,14.73000000,14.75000000,14.66000000,,37131.95000000,0.61099796,0.40899796,0.06000000,,恒瑞医药
2016-09-23,600276,14.73000000,15.02000000,15.03000000,14.70000000,,58377.22000000,2.19707057,1.96877122,0.29000000,,恒瑞医药
2016-09-26,600276,15.02000000,14.79000000,15.02000000,14.77000000,,23006.44000000,1.69033130,-1.53129161,-0.23000000,,恒瑞医药
2016-09-27,600276,14.84000000,14.72000000,14.93000000,14.59000000,,38227.01000000,2.30978261,-0.47329277,-0.07000000,,恒瑞医药
2016-09-28,600276,14.75000000,14.75000000,14.78000000,14.63000000,,30158.87000000,1.01694915,0.20380435,0.03000000,,恒瑞医药
2016-09-29,600276,14.75000000,14.80000000,14.93000000,14.72000000,,32516.87000000,1.41891892,0.33898305,0.05000000,,恒瑞医药
2016-09-30,600276,14.80000000,14.86000000,14.97000000,14.77000000,,17689.59000000,1.34589502,0.40540541,0.06000000,,恒瑞医药
2016-10-10,600276,14.98000000,15.29000000,15.40000000,14.98000000,,75452.02000000,2.74689339,2.89367429,0.43000000,,恒瑞医药
2016-10-11,600276,15.30000000,15.52000000,15.61000000,15.22000000,,93189.78000000,2.51288660,1.50425114,0.23000000,,恒瑞医药
2016-10-12,600276,15.51000000,15.45000000,15.55000000,15.32000000,,37680.42000000,1.48867314,-0.45103093,-0.07000000,,恒瑞医药
2016-10-13,600276,15.40000000,15.64000000,15.66000000,15.40000000,,74156.55000000,1.66240409,1.22977346,0.19000000,,恒瑞医药
2016-10-14,600276,15.58000000,15.55000000,15.83000000,15.49000000,,44242.84000000,2.18649518,-0.57544757,-0.09000000,,恒瑞医药
2016-10-17,600276,15.55000000,15.90000000,16.12000000,15.51000000,,71163.43000000,3.83647799,2.25080386,0.35000000,,恒瑞医药
2016-10-18,600276,15.81000000,15.88000000,16.06000000,15.81000000,,59649.99000000,1.57430730,-0.12578616,-0.02000000,,恒瑞医药
2016-10-19,600276,15.92000000,15.99000000,16.10000000,15.89000000,,51017.79000000,1.31332083,0.69269521,0.11000000,,恒瑞医药
2016-10-20,600276,16.06000000,15.79000000,16.09000000,15.69000000,,38293.08000000,2.53324889,-1.25078174,-0.20000000,,恒瑞医药
2016-10-21,600276,15.78000000,15.81000000,15.94000000,15.67000000,,27213.81000000,1.70777989,0.12666244,0.02000000,,恒瑞医药
2016-10-24,600276,15.87000000,15.70000000,15.87000000,15.61000000,,40546.19000000,1.65605096,-0.69576218,-0.11000000,,恒瑞医药
2016-10-25,600276,15.73000000,15.58000000,15.77000000,15.54000000,,39849.83000000,1.47625160,-0.76433121,-0.12000000,,恒瑞医药
2016-10-26,600276,15.62000000,15.77000000,15.82000000,15.59000000,,32433.35000000,1.45846544,1.21951220,0.19000000,,恒瑞医药
2016-10-27,600276,15.77000000,15.80000000,15.95000000,15.74000000,,33423.73000000,1.32911392,0.19023462,0.03000000,,恒瑞医药
2016-10-28,600276,15.77000000,15.67000000,15.82000000,15.56000000,,32772.12000000,1.65922144,-0.82278481,-0.13000000,,恒瑞医药
2016-10-31,600276,15.69000000,15.64000000,15.81000000,15.55000000,,58249.74000000,1.66240409,-0.19144863,-0.03000000,,恒瑞医药
2016-11-01,600276,15.68000000,15.91000000,15.92000000,15.58000000,,67040.28000000,2.13702074,1.72634271,0.27000000,,恒瑞医药
2016-11-02,600276,15.88000000,15.87000000,16.00000000,15.77000000,,40586.34000000,1.44927536,-0.25141420,-0.04000000,,恒瑞医药
2016-11-03,600276,15.84000000,15.79000000,15.88000000,15.58000000,,47956.47000000,1.89993667,-0.50409578,-0.08000000,,恒瑞医药
2016-11-04,600276,15.66000000,15.49000000,15.68000000,15.42000000,,82580.51000000,1.67850226,-1.89993667,-0.30000000,,恒瑞医药
2016-11-07,600276,15.49000000,15.36000000,15.55000000,15.29000000,,67425.63000000,1.69270833,-0.83925113,-0.13000000,,恒瑞医药
2016-11-08,600276,15.36000000,15.68000000,15.72000000,15.33000000,,68578.71000000,2.48724490,2.08333333,0.32000000,,恒瑞医药
2016-11-09,600276,15.69000000,15.67000000,15.76000000,15.34000000,,50223.48000000,2.68028079,-0.06377551,-0.01000000,,恒瑞医药
2016-11-10,600276,15.73000000,15.54000000,15.77000000,15.48000000,,61500.87000000,1.86615187,-0.82961072,-0.13000000,,恒瑞医药
2016-11-11,600276,15.52000000,15.45000000,15.57000000,15.36000000,,45034.06000000,1.35922330,-0.57915058,-0.09000000,,恒瑞医药
2016-11-14,600276,15.47000000,15.26000000,15.55000000,15.13000000,,115997.12000000,2.75229358,-1.22977346,-0.19000000,,恒瑞医药
2016-11-15,600276,15.26000000,15.32000000,15.40000000,15.22000000,,47062.14000000,1.17493473,0.39318480,0.06000000,,恒瑞医药
2016-11-16,600276,15.32000000,15.52000000,15.60000000,15.28000000,,48379.27000000,2.06185567,1.30548303,0.20000000,,恒瑞医药
2016-11-17,600276,15.52000000,15.53000000,15.60000000,15.46000000,,32718.85000000,0.90148100,0.06443299,0.01000000,,恒瑞医药
2016-11-18,600276,15.56000000,15.41000000,15.57000000,15.39000000,,41676.15000000,1.16807268,-0.77269800,-0.12000000,,恒瑞医药
2016-11-21,600276,15.45000000,15.54000000,15.57000000,15.37000000,,48495.30000000,1.28700129,0.84360805,0.13000000,,恒瑞医药
2016-11-22,600276,15.55000000,15.69000000,15.72000000,15.51000000,,61092.51000000,1.33843212,0.96525097,0.15000000,,恒瑞医药
2016-11-23,600276,15.68000000,15.62000000,15.73000000,15.55000000,,39176.97000000,1.15236876,-0.44614404,-0.07000000,,恒瑞医药
2016-11-24,600276,15.59000000,15.82000000,15.89000000,15.59000000,,63943.31000000,1.89633375,1.28040973,0.20000000,,恒瑞医药
2016-11-25,600276,15.81000000,15.81000000,15.95000000,15.65000000,,59604.86000000,1.89753321,-0.06321113,-0.01000000,,恒瑞医药
2016-11-28,600276,15.91000000,15.72000000,15.91000000,15.68000000,,41508.98000000,1.46310433,-0.56925996,-0.09000000,,恒瑞医药
2016-11-29,600276,15.71000000,15.72000000,15.81000000,15.61000000,,47929.78000000,1.27226463,0.00000000,0.00000000,,恒瑞医药
2016-11-30,600276,15.74000000,15.90000000,15.94000000,15.64000000,,46518.53000000,1.88679245,1.14503817,0.18000000,,恒瑞医药
2016-12-01,600276,15.86000000,15.91000000,15.94000000,15.76000000,,36125.53000000,1.13136392,0.06289308,0.01000000,,恒瑞医药
2016-12-02,600276,15.94000000,15.97000000,16.05000000,15.81000000,,72730.39000000,1.50281778,0.37712131,0.06000000,,恒瑞医药
2016-12-05,600276,15.88000000,15.99000000,16.01000000,15.81000000,,77857.99000000,1.25078174,0.12523482,0.02000000,,恒瑞医药
2016-12-06,600276,15.98000000,16.27000000,16.32000000,15.91000000,,67096.32000000,2.51997541,1.75109443,0.28000000,,恒瑞医药
2016-12-07,600276,16.33000000,16.26000000,16.36000000,16.15000000,,63317.97000000,1.29151292,-0.06146281,-0.01000000,,恒瑞医药
2016-12-08,600276,16.32000000,16.05000000,16.39000000,16.00000000,,55604.78000000,2.42990654,-1.29151292,-0.21000000,,恒瑞医药
2016-12-09,600276,16.06000000,15.92000000,16.06000000,15.83000000,,68255.86000000,1.44472362,-0.80996885,-0.13000000,,恒瑞医药
2016-12-12,600276,15.95000000,16.08000000,16.31000000,15.72000000,,76748.29000000,3.66915423,1.00502513,0.16000000,,恒瑞医药
2016-12-13,600276,16.01000000,15.88000000,16.02000000,15.73000000,,38338.07000000,1.82619647,-1.24378109,-0.20000000,,恒瑞医药
2016-12-14,600276,15.89000000,15.86000000,15.94000000,15.75000000,,25356.03000000,1.19798235,-0.12594458,-0.02000000,,恒瑞医药
2016-12-15,600276,15.87000000,15.76000000,15.92000000,15.72000000,,51825.60000000,1.26903553,-0.63051702,-0.10000000,,恒瑞医药
2016-12-16,600276,15.74000000,15.80000000,15.81000000,15.68000000,,50156.65000000,0.82278481,0.25380711,0.04000000,,恒瑞医药
2016-12-19,600276,15.84000000,15.87000000,15.95000000,15.76000000,,44896.70000000,1.19722747,0.44303797,0.07000000,,恒瑞医药
2016-12-20,600276,15.91000000,15.54000000,15.91000000,15.31000000,,96968.61000000,3.86100386,-2.07939509,-0.33000000,,恒瑞医药
2016-12-21,600276,15.48000000,15.62000000,15.67000000,15.47000000,,45516.14000000,1.28040973,0.51480051,0.08000000,,恒瑞医药
2016-12-22,600276,15.61000000,15.33000000,15.65000000,15.27000000,,62892.24000000,2.47879974,-1.85659411,-0.29000000,,恒瑞医药
2016-12-23,600276,15.35000000,15.33000000,15.42000000,15.27000000,,69363.19000000,0.97847358,0.00000000,0.00000000,,恒瑞医药
2016-12-26,600276,15.21000000,15.49000000,15.59000000,15.10000000,,73548.39000000,3.16333118,1.04370515,0.16000000,,恒瑞医药
2016-12-27,600276,15.46000000,15.55000000,15.69000000,15.45000000,,28203.24000000,1.54340836,0.38734668,0.06000000,,恒瑞医药
2016-12-28,600276,15.54000000,15.39000000,15.56000000,15.28000000,,43158.43000000,1.81936322,-1.02893891,-0.16000000,,恒瑞医药
2016-12-29,600276,15.41000000,15.40000000,15.44000000,15.27000000,,38232.33000000,1.10389610,0.06497726,0.01000000,,恒瑞医药
2016-12-30,600276,15.46000000,15.40000000,15.48000000,15.31000000,,48789.57000000,1.10389610,0.00000000,0.00000000,,恒瑞医药
2017-01-03,600276,15.36000000,15.58000000,15.73000000,15.32000000,,45691.77000000,2.63157895,1.16883117,0.18000000,,恒瑞医药
2017-01-04,600276,15.64000000,15.80000000,15.90000000,15.59000000,,47645.91000000,1.96202532,1.41206675,0.22000000,,恒瑞医药
2017-01-05,600276,15.78000000,15.80000000,15.87000000,15.72000000,,48903.06000000,0.94936709,0.00000000,0.00000000,,恒瑞医药
2017-01-06,600276,15.78000000,15.58000000,15.86000000,15.54000000,,41927.87000000,2.05391528,-1.39240506,-0.22000000,,恒瑞医药
2017-01-09,600276,15.55000000,15.42000000,15.59000000,15.29000000,,71542.84000000,1.94552529,-1.02695764,-0.16000000,,恒瑞医药
2017-01-10,600276,15.42000000,15.60000000,15.62000000,15.36000000,,32582.94000000,1.66666667,1.16731518,0.18000000,,恒瑞医药
2017-01-11,600276,15.61000000,15.31000000,15.61000000,15.29000000,,52474.35000000,2.09013717,-1.85897436,-0.29000000,,恒瑞医药
2017-01-12,600276,15.31000000,15.31000000,15.45000000,15.23000000,,35404.86000000,1.43696930,0.00000000,0.00000000,,恒瑞医药
2017-01-13,600276,15.31000000,15.46000000,15.46000000,15.27000000,,53792.51000000,1.22897801,0.97975180,0.15000000,,恒瑞医药
2017-01-16,600276,15.40000000,15.76000000,15.81000000,15.29000000,,141228.10000000,3.29949239,1.94049159,0.30000000,,恒瑞医药
2017-01-17,600276,15.66000000,15.69000000,15.75000000,15.61000000,,34105.32000000,0.89228808,-0.44416244,-0.07000000,,恒瑞医药
2017-01-18,600276,15.72000000,15.78000000,15.79000000,15.69000000,,31983.45000000,0.63371356,0.57361377,0.09000000,,恒瑞医药
2017-01-19,600276,15.77000000,15.94000000,15.95000000,15.73000000,,39581.07000000,1.38017566,1.01394170,0.16000000,,恒瑞医药
2017-01-20,600276,15.94000000,15.95000000,16.01000000,15.88000000,,29541.69000000,0.81504702,0.06273526,0.01000000,,恒瑞医药
2017-01-23,600276,15.95000000,16.18000000,16.20000000,15.89000000,,37032.65000000,1.91594561,1.44200627,0.23000000,,恒瑞医药
2017-01-24,600276,16.21000000,15.90000000,16.23000000,15.84000000,,67773.91000000,2.45283019,-1.73053152,-0.28000000,,恒瑞医药
2017-01-25,600276,15.92000000,16.24000000,16.57000000,15.88000000,,53950.96000000,4.24876847,2.13836478,0.34000000,,恒瑞医药
2017-01-26,600276,16.29000000,16.26000000,16.51000000,16.23000000,,34472.55000000,1.72201722,0.12315271,0.02000000,,恒瑞医药
2017-02-03,600276,16.29000000,16.66000000,16.71000000,16.22000000,,38259.42000000,2.94117647,2.46002460,0.40000000,,恒瑞医药
2017-02-06,600276,16.62000000,16.43000000,17.13000000,16.33000000,,79007.98000000,4.86914181,-1.38055222,-0.23000000,,恒瑞医药
2017-02-07,600276,16.40000000,16.31000000,16.40000000,16.26000000,,35938.32000000,0.85836910,-0.73037127,-0.12000000,,恒瑞医药
2017-02-08,600276,16.37000000,16.42000000,16.48000000,16.32000000,,35248.79000000,0.97442144,0.67443286,0.11000000,,恒瑞医药
2017-02-09,600276,16.47000000,16.38000000,16.64000000,16.31000000,,60693.35000000,2.01465201,-0.24360536,-0.04000000,,恒瑞医药
2017-02-10,600276,16.39000000,16.25000000,16.41000000,16.17000000,,50732.86000000,1.47692308,-0.79365079,-0.13000000,,恒瑞医药
2017-02-13,600276,16.27000000,16.28000000,16.36000000,16.11000000,,38246.98000000,1.53562654,0.18461538,0.03000000,,恒瑞医药
2017-02-14,600276,16.29000000,16.44000000,16.53000000,16.24000000,,39426.23000000,1.76399027,0.98280098,0.16000000,,恒瑞医药
2017-02-15,600276,16.40000000,16.28000000,16.50000000,16.22000000,,27707.69000000,1.71990172,-0.97323601,-0.16000000,,恒瑞医药
2017-02-16,600276,16.29000000,16.85000000,16.97000000,16.29000000,,58633.67000000,4.03560831,3.50122850,0.57000000,,恒瑞医药
2017-02-17,600276,16.84000000,16.73000000,16.88000000,16.66000000,,28817.20000000,1.31500299,-0.71216617,-0.12000000,,恒瑞医药
2017-02-20,600276,16.74000000,16.97000000,17.13000000,16.64000000,,52931.31000000,2.88744844,1.43454871,0.24000000,,恒瑞医药
2017-02-21,600276,17.03000000,17.01000000,17.33000000,16.89000000,,46595.86000000,2.58671370,0.23571008,0.04000000,,恒瑞医药
2017-02-22,600276,17.07000000,17.05000000,17.14000000,16.89000000,,32161.89000000,1.46627566,0.23515579,0.04000000,,恒瑞医药
2017-02-23,600276,16.98000000,17.19000000,17.22000000,16.93000000,,54343.51000000,1.68702734,0.82111437,0.14000000,,恒瑞医药
2017-02-24,600276,17.23000000,17.57000000,17.62000000,17.22000000,,77912.49000000,2.27660785,2.21058755,0.38000000,,恒瑞医药
2017-02-27,600276,17.55000000,17.37000000,17.55000000,17.23000000,,53392.10000000,1.84225676,-1.13830393,-0.20000000,,恒瑞医药
2017-02-28,600276,17.37000000,17.21000000,17.46000000,17.10000000,,40963.64000000,2.09180709,-0.92112838,-0.16000000,,恒瑞医药
2017-03-01,600276,17.19000000,17.01000000,17.30000000,16.99000000,,71447.47000000,1.82245738,-1.16211505,-0.20000000,,恒瑞医药
2017-03-02,600276,17.02000000,16.92000000,17.20000000,16.86000000,,54695.51000000,2.00945626,-0.52910053,-0.09000000,,恒瑞医药
2017-03-03,600276,16.92000000,16.99000000,17.01000000,16.89000000,,28468.56000000,0.70629782,0.41371158,0.07000000,,恒瑞医药
2017-03-06,600276,17.01000000,17.14000000,17.27000000,16.94000000,,44008.59000000,1.92532089,0.88287228,0.15000000,,恒瑞医药
2017-03-07,600276,17.20000000,17.49000000,17.52000000,17.18000000,,63747.37000000,1.94396798,2.04200700,0.35000000,,恒瑞医药
2017-03-08,600276,17.40000000,17.58000000,17.62000000,17.38000000,,34131.06000000,1.36518771,0.51457976,0.09000000,,恒瑞医药
2017-03-09,600276,17.69000000,17.50000000,17.69000000,17.43000000,,34251.56000000,1.48571429,-0.45506257,-0.08000000,,恒瑞医药
2017-03-10,600276,17.50000000,17.54000000,17.68000000,17.46000000,,51258.12000000,1.25427594,0.22857143,0.04000000,,恒瑞医药
2017-03-13,600276,17.33000000,17.35000000,17.48000000,17.18000000,,121568.93000000,1.72910663,-1.08323831,-0.19000000,,恒瑞医药
2017-03-14,600276,17.36000000,17.40000000,17.42000000,17.14000000,,75838.23000000,1.60919540,0.28818444,0.05000000,,恒瑞医药
2017-03-15,600276,17.35000000,17.90000000,17.92000000,17.30000000,,72753.89000000,3.46368715,2.87356322,0.50000000,,恒瑞医药
2017-03-16,600276,17.86000000,17.74000000,17.98000000,17.62000000,,69437.61000000,2.02931229,-0.89385475,-0.16000000,,恒瑞医药
2017-03-17,600276,17.75000000,17.79000000,17.86000000,17.62000000,,44435.03000000,1.34907251,0.28184893,0.05000000,,恒瑞医药
2017-03-20,600276,17.75000000,17.96000000,18.18000000,17.63000000,,60692.53000000,3.06236080,0.95559303,0.17000000,,恒瑞医药
2017-03-21,600276,17.90000000,18.36000000,18.40000000,17.88000000,,61339.37000000,2.83224401,2.22717149,0.40000000,,恒瑞医药
2017-03-22,600276,18.37000000,18.43000000,18.51000000,18.22000000,,43334.21000000,1.57352143,0.38126362,0.07000000,,恒瑞医药
2017-03-23,600276,18.51000000,18.42000000,18.68000000,18.18000000,,67302.04000000,2.71444083,-0.05425936,-0.01000000,,恒瑞医药
2017-03-24,600276,18.44000000,18.36000000,18.63000000,18.31000000,,62568.57000000,1.74291939,-0.32573290,-0.06000000,,恒瑞医药
2017-03-27,600276,18.32000000,18.48000000,18.81000000,18.22000000,,58914.68000000,3.19264069,0.65359477,0.12000000,,恒瑞医药
2017-03-28,600276,18.43000000,18.49000000,18.68000000,18.37000000,,39465.21000000,1.67658194,0.05411255,0.01000000,,恒瑞医药
2017-03-29,600276,18.49000000,18.31000000,18.61000000,18.23000000,,39111.12000000,2.07536865,-0.97349919,-0.18000000,,恒瑞医药
2017-03-30,600276,18.37000000,18.27000000,18.47000000,18.04000000,,53849.89000000,2.35358511,-0.21845986,-0.04000000,,恒瑞医药
2017-03-31,600276,18.24000000,18.67000000,18.68000000,18.19000000,,46314.91000000,2.62453133,2.18938150,0.40000000,,恒瑞医药
2017-04-05,600276,18.63000000,18.73000000,18.91000000,18.51000000,,59591.72000000,2.13561132,0.32137118,0.06000000,,恒瑞医药
2017-04-06,600276,18.85000000,18.82000000,18.92000000,18.69000000,,43743.36000000,1.22210414,0.48051255,0.09000000,,恒瑞医药
2017-04-07,600276,18.84000000,18.86000000,18.96000000,18.81000000,,42309.48000000,0.79533404,0.21253985,0.04000000,,恒瑞医药
2017-04-10,600276,18.94000000,18.51000000,18.94000000,18.30000000,,71083.67000000,3.45759049,-1.85577943,-0.35000000,,恒瑞医药
2017-04-11,600276,18.48000000,18.14000000,18.48000000,17.95000000,,104866.61000000,2.92171996,-1.99891950,-0.37000000,,恒瑞医药
2017-04-12,600276,18.11000000,18.31000000,18.44000000,18.07000000,,55294.53000000,2.02075369,0.93715546,0.17000000,,恒瑞医药
2017-04-13,600276,18.32000000,18.61000000,18.62000000,18.21000000,,36000.91000000,2.20311660,1.63844894,0.30000000,,恒瑞医药
2017-04-14,600276,18.61000000,18.55000000,18.62000000,18.43000000,,19685.13000000,1.02425876,-0.32240731,-0.06000000,,恒瑞医药
2017-04-17,600276,18.47000000,18.62000000,18.62000000,18.36000000,,33227.44000000,1.39634801,0.37735849,0.07000000,,恒瑞医药
2017-04-18,600276,18.55000000,18.91000000,19.10000000,18.55000000,,62663.44000000,2.90851401,1.55746509,0.29000000,,恒瑞医药
2017-04-19,600276,18.96000000,18.91000000,18.96000000,18.64000000,,68496.43000000,1.69222634,0.00000000,0.00000000,,恒瑞医药
2017-04-20,600276,18.91000000,19.21000000,19.32000000,18.83000000,,82221.54000000,2.55075482,1.58646219,0.30000000,,恒瑞医药
2017-04-21,600276,19.10000000,19.40000000,19.40000000,19.06000000,,62448.51000000,1.75257732,0.98906819,0.19000000,,恒瑞医药
2017-04-24,600276,19.32000000,19.51000000,19.54000000,18.72000000,,67090.13000000,4.20297283,0.56701031,0.11000000,,恒瑞医药
2017-04-25,600276,19.34000000,19.44000000,19.66000000,19.31000000,,53870.34000000,1.80041152,-0.35879036,-0.07000000,,恒瑞医药
2017-04-26,600276,19.43000000,19.14000000,19.69000000,19.03000000,,74585.35000000,3.44827586,-1.54320988,-0.30000000,,恒瑞医药
2017-04-27,600276,19.11000000,18.81000000,19.12000000,18.66000000,,135524.54000000,2.44550771,-1.72413793,-0.33000000,,恒瑞医药
2017-04-28,600276,18.81000000,18.41000000,18.92000000,18.17000000,,180879.59000000,4.07387290,-2.12652844,-0.40000000,,恒瑞医药
2017-05-02,600276,18.41000000,18.23000000,18.41000000,18.12000000,,82470.33000000,1.59078442,-0.97772949,-0.18000000,,恒瑞医药
2017-05-03,600276,18.25000000,18.44000000,18.61000000,18.25000000,,79004.46000000,1.95227766,1.15194734,0.21000000,,恒瑞医药
2017-05-04,600276,18.51000000,18.70000000,18.72000000,18.33000000,,86055.53000000,2.08556150,1.40997831,0.26000000,,恒瑞医药
2017-05-05,600276,18.70000000,18.79000000,18.81000000,18.55000000,,88036.40000000,1.38371474,0.48128342,0.09000000,,恒瑞医药
2017-05-08,600276,18.78000000,18.82000000,18.88000000,18.62000000,,98875.90000000,1.38150903,0.15965939,0.03000000,,恒瑞医药
2017-05-09,600276,18.79000000,18.69000000,18.79000000,18.34000000,,93551.75000000,2.40770465,-0.69075452,-0.13000000,,恒瑞医药
2017-05-10,600276,18.74000000,19.06000000,19.40000000,18.59000000,,84083.66000000,4.24973767,1.97966827,0.37000000,,恒瑞医药
2017-05-11,600276,19.03000000,19.26000000,19.35000000,18.93000000,,77866.49000000,2.18068536,1.04931794,0.20000000,,恒瑞医药
2017-05-12,600276,19.26000000,19.28000000,19.45000000,19.22000000,,47175.15000000,1.19294606,0.10384216,0.02000000,,恒瑞医药
2017-05-15,600276,19.33000000,19.48000000,19.55000000,19.17000000,,59282.99000000,1.95071869,1.03734440,0.20000000,,恒瑞医药
2017-05-16,600276,19.39000000,19.97000000,20.05000000,19.37000000,,67828.53000000,3.40510766,2.51540041,0.49000000,,恒瑞医药
2017-05-17,600276,19.96000000,19.83000000,20.22000000,19.68000000,,53194.25000000,2.72314675,-0.70105158,-0.14000000,,恒瑞医药
2017-05-18,600276,19.78000000,20.34000000,20.38000000,19.72000000,,67898.88000000,3.24483776,2.57186082,0.51000000,,恒瑞医药
2017-05-19,600276,20.33000000,20.31000000,20.44000000,20.07000000,,46090.64000000,1.82176268,-0.14749263,-0.03000000,,恒瑞医药
2017-05-22,600276,20.30000000,20.52000000,20.71000000,20.24000000,,57953.82000000,2.29044834,1.03397341,0.21000000,,恒瑞医药
2017-05-23,600276,20.51000000,20.85000000,20.88000000,20.35000000,,65579.48000000,2.54196643,1.60818713,0.33000000,,恒瑞医药
2017-05-24,600276,20.86000000,20.82000000,20.93000000,20.42000000,,67417.16000000,2.44956772,-0.14388489,-0.03000000,,恒瑞医药
2017-05-25,600276,20.71000000,20.26000000,20.89000000,20.25000000,,59962.99000000,3.15893386,-2.68972142,-0.56000000,,恒瑞医药
2017-05-26,600276,20.26000000,20.37000000,20.40000000,20.04000000,,57285.18000000,1.76730486,0.54294176,0.11000000,,恒瑞医药
2017-05-31,600276,20.40000000,20.73000000,20.80000000,20.32000000,,82142.60000000,2.31548480,1.76730486,0.36000000,,恒瑞医药
2017-06-01,600276,20.68000000,21.17000000,21.17000000,20.54000000,,72126.33000000,2.97590931,2.12252774,0.44000000,,恒瑞医药
2017-06-02,600276,21.01000000,20.86000000,21.12000000,20.61000000,,82315.03000000,2.44487057,-1.46433632,-0.31000000,,恒瑞医药
2017-06-05,600276,20.77000000,20.28000000,20.83000000,20.19000000,,115766.32000000,3.15581854,-2.78044104,-0.58000000,,恒瑞医药
2017-06-06,600276,20.25000000,20.60000000,20.60000000,20.15000000,,74619.87000000,2.18446602,1.57790927,0.32000000,,恒瑞医药
2017-06-07,600276,20.59000000,20.98000000,21.00000000,20.58000000,,77925.36000000,2.00190658,1.84466019,0.38000000,,恒瑞医药
2017-06-08,600276,20.99000000,21.39000000,21.52000000,20.96000000,,88318.48000000,2.61804582,1.95424214,0.41000000,,恒瑞医药
2017-06-09,600276,21.43000000,21.33000000,21.62000000,21.16000000,,72850.93000000,2.15658697,-0.28050491,-0.06000000,,恒瑞医药
2017-06-12,600276,21.34000000,21.37000000,21.62000000,21.18000000,,80310.30000000,2.05896116,0.18752930,0.04000000,,恒瑞医药
2017-06-13,600276,21.38000000,21.18000000,21.42000000,21.01000000,,72278.62000000,1.93578848,-0.88909686,-0.19000000,,恒瑞医药
2017-06-14,600276,21.18000000,21.19000000,21.25000000,20.97000000,,61160.98000000,1.32137801,0.04721435,0.01000000,,恒瑞医药
2017-06-15,600276,21.19000000,21.06000000,21.19000000,20.78000000,,82376.29000000,1.94681861,-0.61349693,-0.13000000,,恒瑞医药
2017-06-16,600276,20.96000000,21.43000000,21.61000000,20.95000000,,174206.38000000,3.07979468,1.75688509,0.37000000,,恒瑞医药
2017-06-19,600276,21.27000000,20.95000000,21.38000000,20.90000000,,110271.63000000,2.29116945,-2.23985068,-0.48000000,,恒瑞医药
2017-06-20,600276,20.96000000,20.52000000,21.03000000,20.40000000,,135726.52000000,3.07017544,-2.05250597,-0.43000000,,恒瑞医药
2017-06-21,600276,20.60000000,20.82000000,20.83000000,20.32000000,,177570.25000000,2.44956772,1.46198830,0.30000000,,恒瑞医药
2017-06-22,600276,20.78000000,20.61000000,21.01000000,20.57000000,,127644.47000000,2.13488598,-1.00864553,-0.21000000,,恒瑞医药
2017-06-23,600276,20.60000000,20.88000000,21.02000000,20.56000000,,92978.25000000,2.20306513,1.31004367,0.27000000,,恒瑞医药
2017-06-26,600276,20.98000000,21.31000000,21.37000000,20.87000000,,123357.09000000,2.34631628,2.05938697,0.43000000,,恒瑞医药
2017-06-27,600276,21.32000000,21.32000000,21.43000000,21.11000000,,74837.72000000,1.50093809,0.04692633,0.01000000,,恒瑞医药
2017-06-28,600276,21.19000000,20.87000000,21.26000000,20.83000000,,70764.24000000,2.06037374,-2.11069418,-0.45000000,,恒瑞医药
2017-06-29,600276,20.83000000,21.10000000,21.22000000,20.83000000,,70709.81000000,1.84834123,1.10206037,0.23000000,,恒瑞医药
2017-06-30,600276,21.09000000,21.09000000,21.18000000,20.88000000,,49714.47000000,1.42247511,-0.04739336,-0.01000000,,恒瑞医药
2017-07-03,600276,21.16000000,20.86000000,21.27000000,20.83000000,,76612.53000000,2.10930010,-1.09056425,-0.23000000,,恒瑞医药
2017-07-04,600276,20.78000000,20.46000000,20.83000000,20.38000000,,101196.31000000,2.19941349,-1.91754554,-0.40000000,,恒瑞医药
2017-07-05,600276,20.44000000,20.72000000,20.73000000,20.40000000,,45215.63000000,1.59266409,1.27077224,0.26000000,,恒瑞医药
2017-07-06,600276,20.72000000,20.50000000,20.72000000,20.42000000,,64069.45000000,1.46341463,-1.06177606,-0.22000000,,恒瑞医药
2017-07-07,600276,20.47000000,20.30000000,20.47000000,20.25000000,,67177.56000000,1.08374384,-0.97560976,-0.20000000,,恒瑞医药
2017-07-10,600276,20.26000000,20.52000000,20.63000000,20.12000000,,68604.52000000,2.48538012,1.08374384,0.22000000,,恒瑞医药
2017-07-11,600276,20.53000000,20.61000000,20.69000000,20.48000000,,47988.91000000,1.01892285,0.43859649,0.09000000,,恒瑞医药
2017-07-12,600276,20.72000000,20.41000000,20.73000000,20.34000000,,47482.63000000,1.91082803,-0.97040272,-0.20000000,,恒瑞医药
2017-07-13,600276,20.43000000,20.43000000,20.64000000,20.36000000,,54570.71000000,1.37053353,0.09799118,0.02000000,,恒瑞医药
2017-07-14,600276,20.38000000,20.25000000,20.38000000,20.20000000,,59241.37000000,0.88888889,-0.88105727,-0.18000000,,恒瑞医药
2017-07-17,600276,20.25000000,20.40000000,20.60000000,20.12000000,,73223.13000000,2.35294118,0.74074074,0.15000000,,恒瑞医药
2017-07-18,600276,20.44000000,20.88000000,20.90000000,20.39000000,,124331.50000000,2.44252874,2.35294118,0.48000000,,恒瑞医药
2017-07-19,600276,20.92000000,21.05000000,21.25000000,20.85000000,,75397.00000000,1.90023753,0.81417625,0.17000000,,恒瑞医药
2017-07-20,600276,20.95000000,20.99000000,21.25000000,20.83000000,,73180.05000000,2.00095283,-0.28503563,-0.06000000,,恒瑞医药
2017-07-21,600276,21.01000000,20.79000000,21.09000000,20.76000000,,81838.52000000,1.58730159,-0.95283468,-0.20000000,,恒瑞医药
2017-07-24,600276,20.79000000,20.85000000,21.00000000,20.76000000,,40269.45000000,1.15107914,0.28860029,0.06000000,,恒瑞医药
2017-07-25,600276,20.83000000,20.88000000,21.09000000,20.82000000,,45988.98000000,1.29310345,0.14388489,0.03000000,,恒瑞医药
2017-07-26,600276,20.91000000,20.93000000,21.01000000,20.78000000,,49287.75000000,1.09890110,0.23946360,0.05000000,,恒瑞医药
2017-07-27,600276,20.93000000,21.04000000,21.05000000,20.76000000,,45683.78000000,1.37832700,0.52556140,0.11000000,,恒瑞医药
2017-07-28,600276,21.09000000,21.22000000,21.42000000,21.05000000,,81855.57000000,1.74363808,0.85551331,0.18000000,,恒瑞医药
2017-07-31,600276,21.39000000,21.36000000,21.40000000,21.17000000,,68436.72000000,1.07677903,0.65975495,0.14000000,,恒瑞医药
2017-08-01,600276,21.35000000,21.41000000,21.43000000,21.21000000,,48398.93000000,1.02755722,0.23408240,0.05000000,,恒瑞医药
2017-08-02,600276,21.33000000,20.93000000,21.41000000,20.86000000,,66828.45000000,2.62780698,-2.24194302,-0.48000000,,恒瑞医药
2017-08-03,600276,20.89000000,20.88000000,21.05000000,20.82000000,,55877.94000000,1.10153257,-0.23889154,-0.05000000,,恒瑞医药
2017-08-04,600276,20.86000000,20.88000000,21.03000000,20.82000000,,43560.19000000,1.00574713,0.00000000,0.00000000,,恒瑞医药
2017-08-07,600276,20.88000000,21.15000000,21.20000000,20.73000000,,46267.24000000,2.22222222,1.29310345,0.27000000,,恒瑞医药
2017-08-08,600276,21.21000000,21.16000000,21.33000000,21.09000000,,61776.86000000,1.13421550,0.04728132,0.01000000,,恒瑞医药
2017-08-09,600276,21.16000000,22.14000000,22.47000000,21.11000000,,141662.50000000,6.14272809,4.63137996,0.98000000,,恒瑞医药
2017-08-10,600276,22.01000000,21.98000000,22.30000000,21.81000000,,60458.19000000,2.22929936,-0.72267389,-0.16000000,,恒瑞医药
2017-08-11,600276,21.93000000,22.22000000,22.29000000,21.86000000,,86844.70000000,1.93519352,1.09190173,0.24000000,,恒瑞医药
2017-08-14,600276,22.23000000,23.03000000,23.13000000,22.23000000,,119365.25000000,3.90794616,3.64536454,0.81000000,,恒瑞医药
2017-08-15,600276,23.05000000,22.85000000,23.12000000,22.69000000,,61960.89000000,1.88183807,-0.78158923,-0.18000000,,恒瑞医药
2017-08-16,600276,22.85000000,22.64000000,23.10000000,22.56000000,,49711.91000000,2.38515901,-0.91903720,-0.21000000,,恒瑞医药
2017-08-17,600276,22.61000000,22.43000000,22.61000000,22.31000000,,52191.93000000,1.33749443,-0.92756184,-0.21000000,,恒瑞医药
2017-08-18,600276,22.35000000,22.48000000,22.60000000,22.34000000,,39355.04000000,1.15658363,0.22291574,0.05000000,,恒瑞医药
2017-08-21,600276,22.49000000,22.96000000,23.04000000,22.48000000,,70722.92000000,2.43902439,2.13523132,0.48000000,,恒瑞医药
2017-08-22,600276,22.92000000,22.71000000,22.98000000,22.64000000,,36531.38000000,1.49713782,-1.08885017,-0.25000000,,恒瑞医药
2017-08-23,600276,22.64000000,22.87000000,23.10000000,22.61000000,,38398.41000000,2.14254482,0.70453545,0.16000000,,恒瑞医药
2017-08-24,600276,22.88000000,22.96000000,22.99000000,22.79000000,,41503.85000000,0.87108014,0.39352864,0.09000000,,恒瑞医药
2017-08-25,600276,23.01000000,22.91000000,23.34000000,22.87000000,,78603.19000000,2.05150589,-0.21777003,-0.05000000,,恒瑞医药
2017-08-28,600276,22.85000000,22.62000000,23.12000000,22.43000000,,104826.17000000,3.05039788,-1.26582278,-0.29000000,,恒瑞医药
2017-08-29,600276,22.70000000,22.61000000,22.75000000,22.43000000,,59782.69000000,1.41530296,-0.04420866,-0.01000000,,恒瑞医药
2017-08-30,600276,22.68000000,22.64000000,22.78000000,22.52000000,,52756.11000000,1.14840989,0.13268465,0.03000000,,恒瑞医药
2017-08-31,600276,22.51000000,22.67000000,22.69000000,22.42000000,,64839.60000000,1.19100132,0.13250883,0.03000000,,恒瑞医药
2017-09-01,600276,22.72000000,23.36000000,23.43000000,22.72000000,,127376.46000000,3.03938356,3.04367005,0.69000000,,恒瑞医药
2017-09-04,600276,23.37000000,24.57000000,24.90000000,23.36000000,,148136.41000000,6.26780627,5.17979452,1.21000000,,恒瑞医药
2017-09-05,600276,24.44000000,24.49000000,24.66000000,24.28000000,,70038.77000000,1.55165374,-0.32560033,-0.08000000,,恒瑞医药
2017-09-06,600276,24.39000000,24.19000000,24.48000000,24.03000000,,68986.93000000,1.86027284,-1.22498979,-0.30000000,,恒瑞医药
2017-09-07,600276,24.17000000,24.55000000,25.03000000,23.98000000,,67037.06000000,4.27698574,1.48821827,0.36000000,,恒瑞医药
2017-09-08,600276,24.63000000,25.02000000,25.27000000,24.42000000,,75605.34000000,3.39728217,1.91446029,0.47000000,,恒瑞医药
2017-09-11,600276,25.01000000,24.58000000,25.01000000,24.48000000,,66621.11000000,2.15622457,-1.75859313,-0.44000000,,恒瑞医药
2017-09-12,600276,24.54000000,24.51000000,24.57000000,24.08000000,,71567.74000000,1.99918401,-0.28478438,-0.07000000,,恒瑞医药
2017-09-13,600276,24.41000000,24.58000000,24.70000000,24.25000000,,53106.92000000,1.83075671,0.28559772,0.07000000,,恒瑞医药
2017-09-14,600276,24.53000000,24.28000000,24.96000000,24.25000000,,57338.24000000,2.92421746,-1.22050448,-0.30000000,,恒瑞医药
2017-09-15,600276,24.20000000,24.49000000,24.51000000,24.17000000,,41439.60000000,1.38832176,0.86490939,0.21000000,,恒瑞医药
2017-09-18,600276,24.57000000,24.66000000,24.90000000,24.51000000,,42998.93000000,1.58150852,0.69416088,0.17000000,,恒瑞医药
2017-09-19,600276,24.66000000,24.73000000,24.83000000,24.57000000,,34654.20000000,1.05135463,0.28386050,0.07000000,,恒瑞医药
2017-09-20,600276,24.73000000,24.78000000,24.90000000,24.70000000,,27024.17000000,0.80710250,0.20218358,0.05000000,,恒瑞医药
2017-09-21,600276,24.81000000,24.50000000,24.82000000,24.39000000,,46973.90000000,1.75510204,-1.12994350,-0.28000000,,恒瑞医药
2017-09-22,600276,24.39000000,24.45000000,24.63000000,24.35000000,,32194.90000000,1.14519427,-0.20408163,-0.05000000,,恒瑞医药
2017-09-25,600276,24.50000000,24.44000000,24.61000000,24.22000000,,55413.34000000,1.59574468,-0.04089980,-0.01000000,,恒瑞医药
2017-09-26,600276,24.36000000,24.42000000,24.57000000,24.29000000,,38688.53000000,1.14660115,-0.08183306,-0.02000000,,恒瑞医药
2017-09-27,600276,24.74000000,24.58000000,24.83000000,24.46000000,,52914.33000000,1.50528885,0.65520066,0.16000000,,恒瑞医药
2017-09-28,600276,24.61000000,25.31000000,25.33000000,24.58000000,,93993.25000000,2.96325563,2.96989422,0.73000000,,恒瑞医药
2017-09-29,600276,25.48000000,25.25000000,25.71000000,25.19000000,,65029.83000000,2.05940594,-0.23706045,-0.06000000,,恒瑞医药
2017-10-09,600276,25.63000000,26.15000000,26.97000000,25.55000000,,121213.49000000,5.43021033,3.56435644,0.90000000,,恒瑞医药
2017-10-10,600276,26.12000000,25.69000000,26.60000000,25.20000000,,142659.95000000,5.44959128,-1.75908222,-0.46000000,,恒瑞医药
2017-10-11,600276,25.77000000,26.34000000,26.56000000,25.77000000,,114461.69000000,2.99924070,2.53016738,0.65000000,,恒瑞医药
2017-10-12,600276,26.36000000,26.58000000,26.90000000,26.36000000,,72326.78000000,2.03160271,0.91116173,0.24000000,,恒瑞医药
2017-10-13,600276,26.61000000,26.57000000,26.66000000,26.21000000,,51394.03000000,1.69363944,-0.03762227,-0.01000000,,恒瑞医药
2017-10-16,600276,26.57000000,26.61000000,27.04000000,26.37000000,,62790.32000000,2.51785043,0.15054573,0.04000000,,恒瑞医药
2017-10-17,600276,26.64000000,26.97000000,27.00000000,26.46000000,,77688.26000000,2.00222469,1.35287486,0.36000000,,恒瑞医药
2017-10-18,600276,27.00000000,26.89000000,27.04000000,26.75000000,,59065.40000000,1.07846783,-0.29662588,-0.08000000,,恒瑞医药
2017-10-19,600276,26.87000000,27.70000000,27.73000000,26.84000000,,103743.89000000,3.21299639,3.01227222,0.81000000,,恒瑞医药
2017-10-20,600276,27.67000000,27.50000000,27.67000000,27.24000000,,59965.88000000,1.56363636,-0.72202166,-0.20000000,,恒瑞医药
2017-10-23,600276,27.50000000,27.55000000,27.86000000,27.31000000,,58795.83000000,1.99637024,0.18181818,0.05000000,,恒瑞医药
2017-10-24,600276,27.52000000,27.44000000,27.75000000,27.42000000,,55798.44000000,1.20262391,-0.39927405,-0.11000000,,恒瑞医药
2017-10-25,600276,27.44000000,28.31000000,28.46000000,27.34000000,,76949.55000000,3.95619922,3.17055394,0.87000000,,恒瑞医药
2017-10-26,600276,27.70000000,28.07000000,28.70000000,27.70000000,,126909.52000000,3.56252227,-0.84775698,-0.24000000,,恒瑞医药
2017-10-27,600276,28.10000000,27.90000000,28.10000000,27.65000000,,104221.07000000,1.61290323,-0.60562879,-0.17000000,,恒瑞医药
2017-10-30,600276,27.90000000,27.51000000,28.07000000,27.42000000,,105583.85000000,2.36277717,-1.39784946,-0.39000000,,恒瑞医药
2017-10-31,600276,27.45000000,28.50000000,28.66000000,27.42000000,,117837.13000000,4.35087719,3.59869138,0.99000000,,恒瑞医药
2017-11-01,600276,28.66000000,29.07000000,29.16000000,28.35000000,,107060.71000000,2.78637771,2.00000000,0.57000000,,恒瑞医药
2017-11-02,600276,29.10000000,29.32000000,29.93000000,28.84000000,,115051.67000000,3.71759891,0.85999312,0.25000000,,恒瑞医药
2017-11-03,600276,29.46000000,30.60000000,31.24000000,29.37000000,,146268.45000000,6.11111111,4.36562074,1.28000000,,恒瑞医药
2017-11-06,600276,30.62000000,32.27000000,32.55000000,30.22000000,,192794.66000000,7.22032848,5.45751634,1.67000000,,恒瑞医药
2017-11-07,600276,32.22000000,30.75000000,32.81000000,30.58000000,,387043.18000000,7.25203252,-4.71025720,-1.52000000,,恒瑞医药
2017-11-08,600276,30.50000000,29.94000000,30.55000000,29.76000000,,319676.27000000,2.63861055,-2.63414634,-0.81000000,,恒瑞医药
2017-11-09,600276,29.73000000,30.17000000,30.22000000,29.33000000,,292337.23000000,2.94995028,0.76820307,0.23000000,,恒瑞医药
2017-11-10,600276,30.18000000,30.41000000,30.54000000,29.47000000,,259303.93000000,3.51857941,0.79549221,0.24000000,,恒瑞医药
2017-11-13,600276,30.31000000,29.48000000,30.31000000,29.38000000,,263076.84000000,3.15468114,-3.05820454,-0.93000000,,恒瑞医药
2017-11-14,600276,29.51000000,28.43000000,29.85000000,28.36000000,,284490.45000000,5.24094267,-3.56173677,-1.05000000,,恒瑞医药
2017-11-15,600276,28.35000000,28.88000000,28.97000000,28.01000000,,266164.16000000,3.32409972,1.58283503,0.45000000,,恒瑞医药
2017-11-16,600276,28.84000000,29.67000000,29.80000000,28.47000000,,215881.30000000,4.48264240,2.73545706,0.79000000,,恒瑞医药
2017-11-17,600276,29.56000000,28.72000000,29.90000000,28.62000000,,176265.71000000,4.45682451,-3.20188743,-0.95000000,,恒瑞医药
2017-11-20,600276,28.19000000,29.25000000,29.30000000,27.34000000,,223413.65000000,6.70085470,1.84540390,0.53000000,,恒瑞医药
2017-11-21,600276,28.96000000,29.38000000,29.59000000,28.93000000,,179777.21000000,2.24642614,0.44444444,0.13000000,,恒瑞医药
2017-11-22,600276,29.73000000,29.18000000,30.18000000,28.75000000,,225279.47000000,4.90061686,-0.68073519,-0.20000000,,恒瑞医药
2017-11-23,600276,28.86000000,27.46000000,28.99000000,27.42000000,,240950.69000000,5.71740714,-5.89444825,-1.72000000,,恒瑞医药
2017-11-24,600276,26.97000000,27.61000000,28.04000000,26.97000000,,169674.46000000,3.87540746,0.54624909,0.15000000,,恒瑞医药
2017-11-27,600276,27.51000000,27.16000000,27.95000000,26.84000000,,120598.60000000,4.08689249,-1.62984426,-0.45000000,,恒瑞医药
2017-11-28,600276,27.34000000,28.06000000,28.07000000,27.24000000,,131977.85000000,2.95794726,3.31369661,0.90000000,,恒瑞医药
2017-11-29,600276,28.23000000,27.64000000,28.58000000,27.42000000,,109406.12000000,4.19681621,-1.49679259,-0.42000000,,恒瑞医药
2017-11-30,600276,27.64000000,27.59000000,28.04000000,27.28000000,,69654.75000000,2.75462124,-0.18089725,-0.05000000,,恒瑞医药
2017-12-01,600276,27.87000000,27.99000000,28.24000000,27.60000000,,77924.11000000,2.28653090,1.44980065,0.40000000,,恒瑞医药
2017-12-04,600276,27.74000000,28.58000000,28.81000000,27.54000000,,105660.83000000,4.44366690,2.10789568,0.59000000,,恒瑞医药
2017-12-05,600276,28.55000000,28.13000000,28.70000000,27.95000000,,75881.20000000,2.66619268,-1.57452764,-0.45000000,,恒瑞医药
2017-12-06,600276,28.12000000,27.67000000,28.48000000,27.30000000,,101330.07000000,4.26454644,-1.63526484,-0.46000000,,恒瑞医药
2017-12-07,600276,27.64000000,27.26000000,27.81000000,27.16000000,,74576.52000000,2.38444607,-1.48174919,-0.41000000,,恒瑞医药
2017-12-08,600276,27.21000000,27.70000000,27.84000000,27.18000000,,114272.23000000,2.38267148,1.61408657,0.44000000,,恒瑞医药
2017-12-11,600276,28.28000000,29.47000000,29.50000000,28.08000000,,243700.71000000,4.81845945,6.38989170,1.77000000,,恒瑞医药
2017-12-12,600276,29.60000000,29.19000000,29.81000000,29.15000000,,138390.42000000,2.26104830,-0.95011876,-0.28000000,,恒瑞医药
2017-12-13,600276,29.43000000,29.49000000,29.68000000,28.93000000,,115216.16000000,2.54323499,1.02774923,0.30000000,,恒瑞医药
2017-12-14,600276,29.69000000,29.57000000,29.84000000,29.37000000,,88646.98000000,1.58944877,0.27127840,0.08000000,,恒瑞医药
2017-12-15,600276,29.55000000,28.64000000,29.55000000,28.61000000,,108179.90000000,3.28212291,-3.14507947,-0.93000000,,恒瑞医药
2017-12-18,600276,28.66000000,28.90000000,29.20000000,28.66000000,,72954.04000000,1.86851211,0.90782123,0.26000000,,恒瑞医药
2017-12-19,600276,29.01000000,29.12000000,29.14000000,28.71000000,,82889.50000000,1.47664835,0.76124567,0.22000000,,恒瑞医药
2017-12-20,600276,29.51000000,29.45000000,29.58000000,29.06000000,,89702.72000000,1.76570458,1.13324176,0.33000000,,恒瑞医药
2017-12-21,600276,29.42000000,30.09000000,30.38000000,29.34000000,,150573.64000000,3.45629777,2.17317487,0.64000000,,恒瑞医药
2017-12-22,600276,30.09000000,30.28000000,30.59000000,29.95000000,,106673.18000000,2.11360634,0.63143902,0.19000000,,恒瑞医药
2017-12-25,600276,30.18000000,30.18000000,30.75000000,29.82000000,,75866.47000000,3.08151093,-0.33025099,-0.10000000,,恒瑞医药
2017-12-26,600276,30.18000000,30.05000000,30.44000000,29.60000000,,61590.13000000,2.79534110,-0.43074884,-0.13000000,,恒瑞医药
2017-12-27,600276,30.12000000,28.91000000,30.12000000,28.84000000,,110444.28000000,4.42753373,-3.79367720,-1.14000000,,恒瑞医药
2017-12-28,600276,28.91000000,29.47000000,29.71000000,28.91000000,,73494.44000000,2.71462504,1.93704600,0.56000000,,恒瑞医药
2017-12-29,600276,29.42000000,29.28000000,29.84000000,29.20000000,,72756.10000000,2.18579235,-0.64472345,-0.19000000,,恒瑞医药
2018-01-02,600276,29.47000000,29.14000000,29.66000000,28.93000000,,93925.46000000,2.50514756,-0.47814208,-0.14000000,,恒瑞医药
2018-01-03,600276,29.15000000,29.21000000,29.73000000,29.11000000,,124564.48000000,2.12256077,0.24021963,0.07000000,,恒瑞医药
2018-01-04,600276,29.34000000,29.98000000,30.04000000,29.21000000,,160499.09000000,2.76851234,2.63608353,0.77000000,,恒瑞医药
2018-01-05,600276,30.42000000,29.87000000,30.52000000,29.68000000,,133913.00000000,2.81218614,-0.36691127,-0.11000000,,恒瑞医药
2018-01-08,600276,29.91000000,30.29000000,30.33000000,29.69000000,,97948.32000000,2.11290855,1.40609307,0.42000000,,恒瑞医药
2018-01-09,600276,30.48000000,31.82000000,32.04000000,30.21000000,,217986.76000000,5.75109994,5.05117200,1.53000000,,恒瑞医药
2018-01-10,600276,31.78000000,31.91000000,32.25000000,31.51000000,,145295.31000000,2.31902225,0.28284098,0.09000000,,恒瑞医药
2018-01-11,600276,31.78000000,31.63000000,32.04000000,31.41000000,,86486.57000000,1.99177996,-0.87746788,-0.28000000,,恒瑞医药
2018-01-12,600276,31.63000000,31.78000000,31.96000000,31.49000000,,72168.20000000,1.47891756,0.47423332,0.15000000,,恒瑞医药
2018-01-15,600276,31.69000000,31.73000000,32.40000000,31.34000000,,141139.87000000,3.34068705,-0.15733166,-0.05000000,,恒瑞医药
2018-01-16,600276,31.60000000,32.00000000,32.84000000,31.45000000,,172476.09000000,4.34375000,0.85092972,0.27000000,,恒瑞医药
2018-01-17,600276,32.22000000,31.31000000,32.25000000,31.17000000,,115277.43000000,3.44937720,-2.15625000,-0.69000000,,恒瑞医药
2018-01-18,600276,31.38000000,30.98000000,31.94000000,30.59000000,,99762.18000000,4.35765010,-1.05397637,-0.33000000,,恒瑞医药
2018-01-19,600276,31.01000000,31.67000000,31.85000000,30.64000000,,116944.32000000,3.82065046,2.22724338,0.69000000,,恒瑞医药
2018-01-22,600276,31.67000000,32.57000000,32.61000000,31.60000000,,127705.74000000,3.10101320,2.84180613,0.90000000,,恒瑞医药
2018-01-23,600276,32.53000000,32.71000000,33.28000000,32.18000000,,147308.08000000,3.36288597,0.42984341,0.14000000,,恒瑞医药
2018-01-24,600276,32.77000000,33.32000000,33.47000000,32.54000000,,139220.66000000,2.79111645,1.86487313,0.61000000,,恒瑞医药
2018-01-25,600276,33.59000000,32.43000000,33.63000000,32.17000000,,154773.38000000,4.50200432,-2.67106843,-0.89000000,,恒瑞医药
2018-01-26,600276,32.44000000,32.91000000,33.18000000,32.29000000,,105402.76000000,2.70434518,1.48011101,0.48000000,,恒瑞医药
2018-01-29,600276,33.07000000,31.17000000,33.29000000,31.02000000,,175524.40000000,7.28264357,-5.28714676,-1.74000000,,恒瑞医药
2018-01-30,600276,31.17000000,31.56000000,31.88000000,31.09000000,,86503.01000000,2.50316857,1.25120308,0.39000000,,恒瑞医药
2018-01-31,600276,31.51000000,32.26000000,32.36000000,31.47000000,,86171.38000000,2.75883447,2.21799747,0.70000000,,恒瑞医药
2018-02-01,600276,32.49000000,31.61000000,32.80000000,31.15000000,,96967.16000000,5.21986713,-2.01487911,-0.65000000,,恒瑞医药
2018-02-02,600276,31.87000000,31.64000000,32.40000000,31.38000000,,79708.09000000,3.22376738,0.09490668,0.03000000,,恒瑞医药
2018-02-05,600276,31.27000000,31.23000000,31.36000000,30.49000000,,124317.31000000,2.78578290,-1.29582807,-0.41000000,,恒瑞医药
2018-02-06,600276,30.39000000,29.29000000,30.39000000,28.47000000,,241600.59000000,6.55513827,-6.21197566,-1.94000000,,恒瑞医药
2018-02-07,600276,30.21000000,28.70000000,30.26000000,28.43000000,,153767.63000000,6.37630662,-2.01433936,-0.59000000,,恒瑞医药
2018-02-08,600276,28.83000000,29.33000000,29.68000000,28.74000000,,107457.38000000,3.20490965,2.19512195,0.63000000,,恒瑞医药
2018-02-09,600276,28.26000000,28.64000000,29.23000000,28.00000000,,167040.87000000,4.29469274,-2.35254006,-0.69000000,,恒瑞医药
2018-02-12,600276,28.79000000,30.16000000,30.35000000,28.77000000,,125221.92000000,5.23872679,5.30726257,1.52000000,,恒瑞医药
2018-02-13,600276,30.43000000,30.28000000,31.06000000,30.16000000,,91029.10000000,2.97225892,0.39787798,0.12000000,,恒瑞医药
2018-02-14,600276,30.49000000,30.59000000,30.81000000,30.31000000,,55794.97000000,1.63452109,1.02377807,0.31000000,,恒瑞医药
2018-02-22,600276,30.62000000,30.83000000,31.15000000,30.16000000,,145671.43000000,3.21115796,0.78457012,0.24000000,,恒瑞医药
2018-02-23,600276,31.06000000,31.19000000,31.90000000,30.81000000,,96619.52000000,3.49470984,1.16769380,0.36000000,,恒瑞医药
2018-02-26,600276,31.29000000,31.85000000,31.96000000,30.87000000,,98866.67000000,3.42229199,2.11606284,0.66000000,,恒瑞医药
2018-02-27,600276,31.96000000,31.36000000,32.18000000,31.34000000,,64497.43000000,2.67857143,-1.53846154,-0.49000000,,恒瑞医药
2018-02-28,600276,31.29000000,30.83000000,31.64000000,30.79000000,,65965.93000000,2.75705482,-1.69005102,-0.53000000,,恒瑞医药
2018-03-01,600276,30.75000000,31.60000000,31.64000000,30.71000000,,73570.07000000,2.94303797,2.49756730,0.77000000,,恒瑞医药
2018-03-02,600276,31.44000000,31.41000000,31.73000000,31.31000000,,51571.94000000,1.33715377,-0.60126582,-0.19000000,,恒瑞医药
2018-03-05,600276,31.42000000,31.72000000,31.83000000,31.11000000,,54846.06000000,2.26986129,0.98694683,0.31000000,,恒瑞医药
2018-03-06,600276,31.71000000,32.49000000,32.74000000,31.69000000,,98475.38000000,3.23176362,2.42749054,0.77000000,,恒瑞医药
2018-03-07,600276,32.35000000,32.13000000,32.69000000,32.02000000,,59575.70000000,2.08527856,-1.10803324,-0.36000000,,恒瑞医药
2018-03-08,600276,32.56000000,33.41000000,33.73000000,32.32000000,,143653.63000000,4.22029333,3.98381575,1.28000000,,恒瑞医药
2018-03-09,600276,33.41000000,33.91000000,33.99000000,33.16000000,,98135.63000000,2.44765556,1.49655792,0.50000000,,恒瑞医药
2018-03-12,600276,34.18000000,34.17000000,34.40000000,33.76000000,,88345.12000000,1.87298800,0.76673548,0.26000000,,恒瑞医药
2018-03-13,600276,34.03000000,33.65000000,34.27000000,33.51000000,,77988.70000000,2.25854383,-1.52180275,-0.52000000,,恒瑞医药
2018-03-14,600276,33.58000000,34.14000000,34.29000000,33.43000000,,77879.34000000,2.51903925,1.45616642,0.49000000,,恒瑞医药
2018-03-15,600276,33.99000000,35.38000000,35.52000000,33.96000000,,124889.22000000,4.40927077,3.63210310,1.24000000,,恒瑞医药
2018-03-16,600276,35.16000000,35.05000000,35.66000000,34.92000000,,93116.93000000,2.11126961,-0.93273036,-0.33000000,,恒瑞医药
2018-03-19,600276,35.17000000,37.01000000,37.03000000,34.89000000,,144529.27000000,5.78222102,5.59201141,1.96000000,,恒瑞医药
2018-03-20,600276,36.69000000,37.52000000,38.13000000,36.63000000,,149633.00000000,3.99786780,1.37800594,0.51000000,,恒瑞医药
2018-03-21,600276,37.65000000,37.08000000,38.27000000,36.85000000,,142643.19000000,3.82955771,-1.17270789,-0.44000000,,恒瑞医药
2018-03-22,600276,36.85000000,36.80000000,37.45000000,36.31000000,,124608.20000000,3.09782609,-0.75512406,-0.28000000,,恒瑞医药
2018-03-23,600276,35.66000000,36.24000000,36.80000000,35.07000000,,158383.69000000,4.77373068,-1.52173913,-0.56000000,,恒瑞医药
2018-03-26,600276,36.23000000,37.45000000,38.29000000,36.23000000,,204555.05000000,5.50066756,3.33885210,1.21000000,,恒瑞医药
2018-03-27,600276,38.14000000,37.17000000,38.19000000,36.43000000,,207803.37000000,4.73500135,-0.74766355,-0.28000000,,恒瑞医药
2018-03-28,600276,36.90000000,35.63000000,37.53000000,35.52000000,,233196.62000000,5.64131350,-4.14312618,-1.54000000,,恒瑞医药
2018-03-29,600276,35.96000000,35.43000000,36.17000000,33.74000000,,161244.81000000,6.85859441,-0.56132473,-0.20000000,,恒瑞医药
2018-03-30,600276,35.41000000,37.30000000,37.33000000,35.40000000,,142271.32000000,5.17426273,5.27801298,1.87000000,,恒瑞医药
2018-04-02,600276,37.30000000,36.35000000,37.69000000,36.23000000,,110219.27000000,4.01650619,-2.54691689,-0.95000000,,恒瑞医药
2018-04-03,600276,35.82000000,36.35000000,36.41000000,35.21000000,,143768.12000000,3.30123796,0.00000000,0.00000000,,恒瑞医药
2018-04-04,600276,37.03000000,36.01000000,37.17000000,35.87000000,,137104.67000000,3.61010830,-0.93535076,-0.34000000,,恒瑞医药
2018-04-09,600276,35.87000000,35.34000000,36.13000000,35.14000000,,129534.41000000,2.80135823,-1.86059428,-0.67000000,,恒瑞医药
2018-04-10,600276,35.54000000,36.12000000,36.29000000,35.44000000,,95517.00000000,2.35326689,2.20713073,0.78000000,,恒瑞医药
2018-04-11,600276,36.16000000,36.43000000,36.91000000,35.96000000,,120562.16000000,2.60774087,0.85825028,0.31000000,,恒瑞医药
2018-04-12,600276,36.50000000,36.73000000,37.05000000,36.06000000,,104014.79000000,2.69534441,0.82349712,0.30000000,,恒瑞医药
2018-04-13,600276,36.76000000,34.66000000,36.94000000,34.63000000,,223433.51000000,6.66474322,-5.63572012,-2.07000000,,恒瑞医药
2018-04-16,600276,34.92000000,35.65000000,35.87000000,34.23000000,,162869.91000000,4.60028050,2.85631852,0.99000000,,恒瑞医药
2018-04-17,600276,35.63000000,34.57000000,35.84000000,34.11000000,,166656.48000000,5.00433902,-3.02945302,-1.08000000,,恒瑞医药
2018-04-18,600276,34.85000000,35.09000000,35.29000000,34.18000000,,138486.53000000,3.16329439,1.50419439,0.52000000,,恒瑞医药
2018-04-19,600276,35.16000000,35.53000000,35.61000000,34.89000000,,97605.95000000,2.02645652,1.25391850,0.44000000,,恒瑞医药
2018-04-20,600276,35.53000000,35.98000000,36.92000000,35.43000000,,136024.34000000,4.14118955,1.26653532,0.45000000,,恒瑞医药
2018-04-23,600276,35.95000000,36.09000000,36.41000000,35.58000000,,93334.73000000,2.29980604,0.30572540,0.11000000,,恒瑞医药
2018-04-24,600276,36.23000000,36.30000000,36.95000000,35.97000000,,108921.17000000,2.69972452,0.58187864,0.21000000,,恒瑞医药
2018-04-25,600276,36.20000000,37.50000000,37.56000000,36.12000000,,168922.47000000,3.84000000,3.30578512,1.20000000,,恒瑞医药
2018-04-26,600276,37.61000000,35.86000000,37.61000000,35.69000000,,157848.79000000,5.35415505,-4.37333333,-1.64000000,,恒瑞医药
2018-04-27,600276,35.52000000,35.73000000,36.49000000,34.64000000,,152687.34000000,5.17772180,-0.36252091,-0.13000000,,恒瑞医药
2018-05-02,600276,35.96000000,35.04000000,36.36000000,34.63000000,,138002.03000000,4.93721461,-1.93115029,-0.69000000,,恒瑞医药
2018-05-03,600276,35.06000000,35.47000000,35.72000000,34.23000000,,88419.12000000,4.20073301,1.22716895,0.43000000,,恒瑞医药
2018-05-04,600276,35.45000000,35.27000000,35.84000000,34.99000000,,80977.18000000,2.40998015,-0.56385678,-0.20000000,,恒瑞医药
2018-05-07,600276,35.37000000,36.19000000,36.21000000,35.30000000,,92976.80000000,2.51450677,2.60844911,0.92000000,,恒瑞医药
2018-05-08,600276,36.38000000,36.66000000,36.87000000,36.05000000,,103102.82000000,2.23677032,1.29870130,0.47000000,,恒瑞医药
2018-05-09,600276,36.66000000,36.79000000,37.03000000,36.27000000,,76963.01000000,2.06577874,0.35460993,0.13000000,,恒瑞医药
2018-05-10,600276,37.22000000,39.34000000,39.79000000,36.88000000,,252768.95000000,7.39705135,6.93123131,2.55000000,,恒瑞医药
2018-05-11,600276,39.37000000,38.40000000,41.13000000,38.10000000,,269733.28000000,7.89062500,-2.38942552,-0.94000000,,恒瑞医药
2018-05-14,600276,38.63000000,39.14000000,39.30000000,37.95000000,,126126.61000000,3.44915687,1.92708333,0.74000000,,恒瑞医药
2018-05-15,600276,39.23000000,39.72000000,40.07000000,38.90000000,,131331.05000000,2.94561934,1.48185999,0.58000000,,恒瑞医药
2018-05-16,600276,39.43000000,39.35000000,40.04000000,39.25000000,,114591.85000000,2.00762389,-0.93152064,-0.37000000,,恒瑞医药
2018-05-17,600276,39.21000000,38.60000000,39.33000000,38.27000000,,103643.65000000,2.74611399,-1.90597205,-0.75000000,,恒瑞医药
2018-05-18,600276,38.62000000,39.64000000,39.66000000,38.29000000,,102791.04000000,3.45610494,2.69430052,1.04000000,,恒瑞医药
2018-05-21,600276,39.88000000,39.43000000,39.91000000,39.08000000,,85001.44000000,2.10499620,-0.52976791,-0.21000000,,恒瑞医药
2018-05-22,600276,39.40000000,40.92000000,40.96000000,39.17000000,,138794.21000000,4.37438905,3.77884859,1.49000000,,恒瑞医药
2018-05-23,600276,40.77000000,40.71000000,41.50000000,40.52000000,,115270.21000000,2.40727094,-0.51319648,-0.21000000,,恒瑞医药
2018-05-24,600276,39.97000000,40.45000000,40.86000000,39.97000000,,88624.85000000,2.20024722,-0.63866372,-0.26000000,,恒瑞医药
2018-05-25,600276,40.55000000,41.91000000,42.57000000,40.39000000,,166512.76000000,5.20162252,3.60939431,1.46000000,,恒瑞医药
2018-05-28,600276,42.31000000,43.65000000,43.75000000,41.61000000,,173744.05000000,4.90263459,4.15175376,1.74000000,,恒瑞医药
2018-05-29,600276,43.20000000,41.05000000,44.36000000,40.04000000,,239240.79000000,10.52375152,-5.95647194,-2.60000000,,恒瑞医药
2018-05-30,600276,40.03000000,41.75000000,42.84000000,39.37000000,,228286.18000000,8.31137725,1.70523752,0.70000000,,恒瑞医药
2018-05-31,600276,41.75000000,42.68000000,42.74000000,41.08000000,,218449.87000000,3.88940956,2.22754491,0.93000000,,恒瑞医药
2018-06-01,600276,42.69000000,41.46000000,43.07000000,40.70000000,,215486.19000000,5.71635311,-2.85848172,-1.22000000,,恒瑞医药
2018-06-04,600276,41.79000000,42.46000000,42.74000000,40.93000000,,202431.18000000,4.26283561,2.41196334,1.00000000,,恒瑞医药
2018-06-05,600276,42.70000000,45.01000000,46.08000000,42.34000000,,300368.91000000,8.30926461,6.00565238,2.55000000,,恒瑞医药
2018-06-06,600276,45.26000000,46.32000000,46.72000000,44.75000000,,267558.38000000,4.25302245,2.91046434,1.31000000,,恒瑞医药
2018-06-07,600276,46.34000000,46.09000000,46.83000000,45.71000000,,237760.91000000,2.43002821,-0.49654577,-0.23000000,,恒瑞医药
2018-06-08,600276,45.73000000,45.59000000,46.44000000,45.52000000,,271095.16000000,2.01798640,-1.08483402,-0.50000000,,恒瑞医药
2018-06-11,600276,45.55000000,43.78000000,45.56000000,42.81000000,,376465.55000000,6.28140704,-3.97016890,-1.81000000,,恒瑞医药
2018-06-12,600276,43.85000000,44.15000000,44.21000000,43.29000000,,232293.53000000,2.08380521,0.84513476,0.37000000,,恒瑞医药
2018-06-13,600276,43.77000000,43.20000000,43.90000000,42.59000000,,186431.12000000,3.03240741,-2.15175538,-0.95000000,,恒瑞医药
2018-06-14,600276,43.19000000,42.78000000,43.75000000,42.60000000,,158804.57000000,2.68817204,-0.97222222,-0.42000000,,恒瑞医药
2018-06-15,600276,42.61000000,42.58000000,43.18000000,42.08000000,,142981.28000000,2.58337248,-0.46750818,-0.20000000,,恒瑞医药
2018-06-19,600276,42.43000000,42.02000000,43.55000000,41.16000000,,262520.67000000,5.68776773,-1.31517144,-0.56000000,,恒瑞医药
2018-06-20,600276,42.03000000,44.31000000,44.43000000,41.22000000,,319820.78000000,7.24441435,5.44978582,2.29000000,,恒瑞医药
2018-06-21,600276,44.31000000,43.88000000,44.88000000,43.29000000,,219275.39000000,3.62351869,-0.97043557,-0.43000000,,恒瑞医药
2018-06-22,600276,43.25000000,44.33000000,44.51000000,42.72000000,,201434.00000000,4.03789759,1.02552416,0.45000000,,恒瑞医药
2018-06-25,600276,44.44000000,44.70000000,45.66000000,44.11000000,,230032.02000000,3.46756152,0.83464922,0.37000000,,恒瑞医药
2018-06-26,600276,44.35000000,44.78000000,45.38000000,43.52000000,,188501.10000000,4.15364002,0.17897092,0.08000000,,恒瑞医药
2018-06-27,600276,44.91000000,42.87000000,44.95000000,42.61000000,,216343.84000000,5.45836249,-4.26529701,-1.91000000,,恒瑞医药
2018-06-28,600276,41.97000000,40.79000000,42.67000000,40.76000000,,256433.36000000,4.68252023,-4.85187777,-2.08000000,,恒瑞医药
2018-06-29,600276,40.98000000,42.47000000,42.65000000,40.98000000,,162773.96000000,3.93218743,4.11865653,1.68000000,,恒瑞医药
2018-07-02,600276,42.03000000,42.26000000,43.52000000,41.45000000,,169244.19000000,4.89824894,-0.49446668,-0.21000000,,恒瑞医药
2018-07-03,600276,42.17000000,40.59000000,42.19000000,38.56000000,,379958.30000000,8.94308943,-3.95172740,-1.67000000,,恒瑞医药
2018-07-04,600276,40.00000000,39.18000000,40.41000000,39.15000000,,190048.88000000,3.21592649,-3.47376201,-1.41000000,,恒瑞医药
2018-07-05,600276,39.25000000,37.97000000,40.03000000,37.90000000,,250616.16000000,5.60969186,-3.08831036,-1.21000000,,恒瑞医药
2018-07-06,600276,37.98000000,39.12000000,39.99000000,37.79000000,,309294.60000000,5.62372188,3.02870687,1.15000000,,恒瑞医药
2018-07-09,600276,38.72000000,40.46000000,40.56000000,38.68000000,,214347.39000000,4.64656451,3.42535787,1.34000000,,恒瑞医药
2018-07-10,600276,40.73000000,40.78000000,41.25000000,40.20000000,,157070.49000000,2.57479156,0.79090460,0.32000000,,恒瑞医药
2018-07-11,600276,40.00000000,40.51000000,40.79000000,39.26000000,,192820.89000000,3.77684522,-0.66208926,-0.27000000,,恒瑞医药
2018-07-12,600276,40.62000000,41.28000000,41.83000000,40.61000000,,241162.37000000,2.95542636,1.90076524,0.77000000,,恒瑞医药
2018-07-13,600276,41.38000000,42.02000000,42.20000000,40.93000000,,237112.26000000,3.02237030,1.79263566,0.74000000,,恒瑞医药
2018-07-16,600276,41.74000000,41.86000000,42.14000000,41.25000000,,137178.54000000,2.12613473,-0.38077106,-0.16000000,,恒瑞医药
2018-07-17,600276,41.97000000,40.73000000,42.07000000,40.33000000,,181517.94000000,4.27203535,-2.69947444,-1.13000000,,恒瑞医药
2018-07-18,600276,40.90000000,41.51000000,42.49000000,40.58000000,,233663.45000000,4.60130089,1.91505033,0.78000000,,恒瑞医药
2018-07-19,600276,41.80000000,41.00000000,41.84000000,40.73000000,,128442.22000000,2.70731707,-1.22861961,-0.51000000,,恒瑞医药
2018-07-20,600276,40.96000000,41.31000000,41.37000000,39.76000000,,175336.43000000,3.89736141,0.75609756,0.31000000,,恒瑞医药
2018-07-23,600276,39.45000000,39.25000000,40.18000000,38.66000000,,392308.28000000,3.87261146,-4.98668603,-2.06000000,,恒瑞医药
2018-07-24,600276,38.96000000,39.72000000,40.41000000,38.66000000,,260237.41000000,4.40584089,1.19745223,0.47000000,,恒瑞医药
2018-07-25,600276,39.62000000,40.23000000,40.46000000,39.50000000,,155788.65000000,2.38627890,1.28398792,0.51000000,,恒瑞医药
2018-07-26,600276,40.40000000,39.43000000,40.65000000,39.37000000,,144469.30000000,3.24625919,-1.98856575,-0.80000000,,恒瑞医药
2018-07-27,600276,39.26000000,39.37000000,39.65000000,39.07000000,,111570.09000000,1.47320295,-0.15216840,-0.06000000,,恒瑞医药
2018-07-30,600276,39.26000000,38.59000000,39.43000000,37.98000000,,160200.31000000,3.75745012,-1.98120396,-0.78000000,,恒瑞医药
2018-07-31,600276,38.27000000,38.48000000,39.34000000,38.27000000,,131961.52000000,2.78066528,-0.28504794,-0.11000000,,恒瑞医药
2018-08-01,600276,39.01000000,38.16000000,39.01000000,38.07000000,,96969.74000000,2.46331237,-0.83160083,-0.32000000,,恒瑞医药
2018-08-02,600276,38.16000000,38.79000000,38.81000000,37.63000000,,196298.57000000,3.04202114,1.65094340,0.63000000,,恒瑞医药
2018-08-03,600276,38.56000000,37.11000000,39.13000000,37.05000000,,180978.14000000,5.60495823,-4.33101315,-1.68000000,,恒瑞医药
2018-08-06,600276,36.53000000,34.42000000,36.64000000,33.81000000,,386501.47000000,8.22196397,-7.24872002,-2.69000000,,恒瑞医药
2018-08-07,600276,34.28000000,35.34000000,35.43000000,33.84000000,,247370.03000000,4.49915110,2.67286461,0.92000000,,恒瑞医药
2018-08-08,600276,35.50000000,34.88000000,35.83000000,34.65000000,,124749.42000000,3.38302752,-1.30164120,-0.46000000,,恒瑞医药
2018-08-09,600276,34.91000000,37.43000000,37.78000000,34.71000000,,232524.53000000,8.20197702,7.31077982,2.55000000,,恒瑞医药
2018-08-10,600276,37.43000000,39.15000000,39.50000000,37.42000000,,260948.65000000,5.31289911,4.59524446,1.72000000,,恒瑞医药
2018-08-13,600276,39.07000000,39.34000000,39.54000000,38.37000000,,148724.80000000,2.97407219,0.48531290,0.19000000,,恒瑞医药
2018-08-14,600276,39.34000000,39.78000000,39.96000000,38.96000000,,156682.34000000,2.51382604,1.11845450,0.44000000,,恒瑞医药
2018-08-15,600276,39.62000000,37.71000000,39.69000000,37.57000000,,203947.94000000,5.62185097,-5.20361991,-2.07000000,,恒瑞医药
2018-08-16,600276,37.11000000,37.53000000,38.79000000,37.00000000,,175889.54000000,4.76951772,-0.47732697,-0.18000000,,恒瑞医药
2018-08-17,600276,37.91000000,36.17000000,37.92000000,35.43000000,,329551.72000000,6.88415814,-3.62376765,-1.36000000,,恒瑞医药
2018-08-20,600276,35.98000000,35.03000000,36.24000000,33.93000000,,295977.40000000,6.59434770,-3.15178325,-1.14000000,,恒瑞医药
2018-08-21,600276,35.09000000,37.40000000,37.63000000,35.06000000,,246914.69000000,6.87165775,6.76562946,2.37000000,,恒瑞医药
2018-08-22,600276,37.14000000,37.15000000,37.50000000,36.46000000,,132341.51000000,2.79946164,-0.66844920,-0.25000000,,恒瑞医药
2018-08-23,600276,37.29000000,37.72000000,38.10000000,36.85000000,,156090.60000000,3.31389183,1.53432032,0.57000000,,恒瑞医药
2018-08-24,600276,37.49000000,37.96000000,38.56000000,37.13000000,,184790.90000000,3.76712329,0.63626723,0.24000000,,恒瑞医药
2018-08-27,600276,38.11000000,39.34000000,40.00000000,38.07000000,,265124.77000000,4.90594814,3.63540569,1.38000000,,恒瑞医药
2018-08-28,600276,39.41000000,39.44000000,39.65000000,38.87000000,,168854.17000000,1.97768763,0.25419420,0.10000000,,恒瑞医药
2018-08-29,600276,39.25000000,39.00000000,39.43000000,38.79000000,,108663.78000000,1.64102564,-1.11561866,-0.44000000,,恒瑞医药
2018-08-30,600276,39.05000000,37.97000000,39.31000000,37.86000000,,157552.17000000,3.81880432,-2.64102564,-1.03000000,,恒瑞医药
2018-08-31,600276,37.69000000,36.91000000,37.69000000,36.08000000,,293465.62000000,4.36196153,-2.79167764,-1.06000000,,恒瑞医药
2018-09-03,600276,36.32000000,36.64000000,36.71000000,35.95000000,,129138.10000000,2.07423581,-0.73150908,-0.27000000,,恒瑞医药
2018-09-04,600276,36.82000000,36.67000000,37.08000000,35.95000000,,173985.36000000,3.08153804,0.08187773,0.03000000,,恒瑞医药
2018-09-05,600276,36.65000000,36.12000000,37.00000000,36.12000000,,137537.28000000,2.43632337,-1.49986365,-0.55000000,,恒瑞医药
2018-09-06,600276,35.66000000,35.43000000,36.20000000,35.37000000,,132835.58000000,2.34264747,-1.91029900,-0.69000000,,恒瑞医药
2018-09-07,600276,35.69000000,36.60000000,36.99000000,35.69000000,,199101.39000000,3.55191257,3.30228620,1.17000000,,恒瑞医药
2018-09-10,600276,36.71000000,35.65000000,36.97000000,35.48000000,,144492.06000000,4.17952314,-2.59562842,-0.95000000,,恒瑞医药
2018-09-11,600276,35.71000000,36.09000000,36.68000000,35.39000000,,120543.01000000,3.57439734,1.23422160,0.44000000,,恒瑞医药
2018-09-12,600276,36.04000000,34.16000000,36.04000000,33.93000000,,333740.11000000,6.17681499,-5.34774176,-1.93000000,,恒瑞医药
2018-09-13,600276,34.84000000,32.71000000,34.97000000,30.83000000,,560078.86000000,12.65667991,-4.24473068,-1.45000000,,恒瑞医药
2018-09-14,600276,32.64000000,32.27000000,32.74000000,31.38000000,,273474.78000000,4.21444066,-1.34515439,-0.44000000,,恒瑞医药
2018-09-17,600276,31.82000000,30.69000000,32.71000000,30.57000000,,289501.75000000,6.97295536,-4.89618841,-1.58000000,,恒瑞医药
2018-09-18,600276,30.69000000,31.88000000,32.00000000,30.01000000,,346143.63000000,6.24215809,3.87748452,1.19000000,,恒瑞医药
2018-09-19,600276,31.79000000,32.86000000,33.56000000,31.53000000,,326950.59000000,6.17772368,3.07402760,0.98000000,,恒瑞医药
2018-09-20,600276,32.86000000,32.88000000,33.53000000,32.49000000,,185944.31000000,3.16301703,0.06086427,0.02000000,,恒瑞医药
2018-09-21,600276,32.93000000,33.82000000,34.07000000,32.34000000,,205031.14000000,5.11531638,2.85888078,0.94000000,,恒瑞医药
2018-09-25,600276,33.37000000,34.22000000,34.61000000,33.23000000,,164970.41000000,4.03272940,1.18273211,0.40000000,,恒瑞医药
2018-09-26,600276,34.45000000,34.91000000,35.61000000,34.03000000,,328167.67000000,4.52592380,2.01636470,0.69000000,,恒瑞医药
2018-09-27,600276,34.83000000,34.94000000,35.66000000,34.55000000,,216015.36000000,3.17687464,0.08593526,0.03000000,,恒瑞医药
2018-09-28,600276,34.58000000,35.37000000,35.55000000,34.58000000,,179392.13000000,2.74243709,1.23068117,0.43000000,,恒瑞医药
2018-10-08,600276,34.51000000,32.42000000,34.51000000,32.30000000,,290842.06000000,6.81677977,-8.34040147,-2.95000000,,恒瑞医药
2018-10-09,600276,32.31000000,32.64000000,33.09000000,32.30000000,,190432.27000000,2.42034314,0.67859346,0.22000000,,恒瑞医药
2018-10-10,600276,33.11000000,32.27000000,33.29000000,31.61000000,,153980.29000000,5.20607375,-1.13357843,-0.37000000,,恒瑞医药
2018-10-11,600276,29.88000000,30.77000000,31.39000000,29.70000000,,294450.87000000,5.49236269,-4.64828014,-1.50000000,,恒瑞医药
2018-10-12,600276,30.94000000,31.79000000,32.26000000,30.39000000,,273915.55000000,5.88235294,3.31491713,1.02000000,,恒瑞医药
2018-10-15,600276,31.73000000,31.95000000,32.85000000,31.68000000,,165328.68000000,3.66197183,0.50330293,0.16000000,,恒瑞医药
2018-10-16,600276,32.08000000,32.20000000,32.98000000,31.80000000,,124743.14000000,3.66459627,0.78247261,0.25000000,,恒瑞医药
2018-10-17,600276,32.65000000,32.27000000,33.15000000,30.86000000,,165453.62000000,7.09637434,0.21739130,0.07000000,,恒瑞医药
2018-10-18,600276,32.13000000,30.71000000,32.49000000,30.40000000,,280168.70000000,6.80560078,-4.83421134,-1.56000000,,恒瑞医药
2018-10-19,600276,30.45000000,31.38000000,31.96000000,30.05000000,,334821.00000000,6.08667941,2.18169977,0.67000000,,恒瑞医药
2018-10-22,600276,31.90000000,34.05000000,34.66000000,31.89000000,,488159.36000000,8.13509545,8.50860421,2.67000000,,恒瑞医药
2018-10-23,600276,33.85000000,33.55000000,34.23000000,32.89000000,,329623.35000000,3.99403875,-1.46842878,-0.50000000,,恒瑞医药
2018-10-24,600276,33.51000000,32.52000000,33.54000000,31.53000000,,280090.11000000,6.18081181,-3.07004471,-1.03000000,,恒瑞医药
2018-10-25,600276,31.15000000,31.50000000,31.83000000,30.51000000,,234672.39000000,4.19047619,-3.13653137,-1.02000000,,恒瑞医药
2018-10-26,600276,32.18000000,32.08000000,32.68000000,31.62000000,,231620.31000000,3.30423940,1.84126984,0.58000000,,恒瑞医药
2018-10-29,600276,32.08000000,31.33000000,32.08000000,30.46000000,,246942.64000000,5.17076285,-2.33790524,-0.75000000,,恒瑞医药
2018-10-30,600276,31.57000000,32.41000000,33.06000000,31.06000000,,228883.53000000,6.17093490,3.44717523,1.08000000,,恒瑞医药
2018-10-31,600276,32.71000000,34.26000000,34.51000000,32.65000000,,242007.34000000,5.42907180,5.70811478,1.85000000,,恒瑞医药
2018-11-01,600276,34.72000000,34.80000000,35.90000000,34.32000000,,292174.11000000,4.54022989,1.57618214,0.54000000,,恒瑞医药
2018-11-02,600276,36.53000000,37.75000000,37.89000000,36.10000000,,371911.48000000,4.74172185,8.47701149,2.95000000,,恒瑞医药
2018-11-05,600276,37.18000000,36.82000000,37.31000000,36.14000000,,219001.07000000,3.17762086,-2.46357616,-0.93000000,,恒瑞医药
2018-11-06,600276,36.82000000,36.48000000,36.93000000,35.98000000,,154046.28000000,2.60416667,-0.92341119,-0.34000000,,恒瑞医药
2018-11-07,600276,36.65000000,36.17000000,36.90000000,36.02000000,,143596.12000000,2.43295549,-0.84978070,-0.31000000,,恒瑞医药
2018-11-08,600276,36.62000000,36.41000000,36.76000000,36.11000000,,121184.34000000,1.78522384,0.66353331,0.24000000,,恒瑞医药
2018-11-09,600276,36.07000000,35.94000000,36.52000000,35.54000000,,124070.95000000,2.72676683,-1.29085416,-0.47000000,,恒瑞医药
2018-11-12,600276,35.92000000,36.26000000,36.76000000,35.31000000,,134920.64000000,3.99889686,0.89037284,0.32000000,,恒瑞医药
2018-11-13,600276,35.59000000,36.47000000,36.82000000,35.50000000,,157490.87000000,3.61941322,0.57915058,0.21000000,,恒瑞医药
2018-11-14,600276,36.65000000,35.74000000,36.87000000,35.66000000,,135609.41000000,3.38556240,-2.00164519,-0.73000000,,恒瑞医药
2018-11-15,600276,35.43000000,35.80000000,35.80000000,34.62000000,,220142.89000000,3.29608939,0.16787913,0.06000000,,恒瑞医药
2018-11-16,600276,35.55000000,34.69000000,35.58000000,34.32000000,,293398.21000000,3.63217065,-3.10055866,-1.11000000,,恒瑞医药
2018-11-19,600276,34.78000000,35.26000000,35.72000000,34.54000000,,181850.70000000,3.34656835,1.64312482,0.57000000,,恒瑞医药
2018-11-20,600276,35.03000000,34.88000000,35.44000000,34.68000000,,123957.67000000,2.17889908,-1.07770845,-0.38000000,,恒瑞医药
2018-11-21,600276,34.51000000,35.68000000,35.92000000,34.44000000,,143635.45000000,4.14798206,2.29357798,0.80000000,,恒瑞医药
2018-11-22,600276,35.66000000,35.27000000,36.04000000,35.09000000,,121120.75000000,2.69350723,-1.14910314,-0.41000000,,恒瑞医药
2018-11-23,600276,35.07000000,34.87000000,35.46000000,34.72000000,,101553.54000000,2.12216805,-1.13410831,-0.40000000,,恒瑞医药
2018-11-26,600276,35.08000000,34.83000000,35.17000000,34.51000000,,75948.18000000,1.89491817,-0.11471179,-0.04000000,,恒瑞医药
2018-11-27,600276,34.96000000,34.80000000,35.18000000,34.56000000,,73165.11000000,1.78160920,-0.08613264,-0.03000000,,恒瑞医药
2018-11-28,600276,35.00000000,35.93000000,36.10000000,34.62000000,,175436.44000000,4.11912051,3.24712644,1.13000000,,恒瑞医药
2018-11-29,600276,36.07000000,35.69000000,36.40000000,35.69000000,,128711.73000000,1.98935276,-0.66796549,-0.24000000,,恒瑞医药
2018-11-30,600276,35.90000000,36.50000000,36.59000000,35.55000000,,142638.42000000,2.84931507,2.26954329,0.81000000,,恒瑞医药
2018-12-03,600276,37.46000000,37.37000000,37.69000000,36.59000000,,221274.88000000,2.94353760,2.38356164,0.87000000,,恒瑞医药
2018-12-04,600276,37.39000000,37.37000000,37.57000000,36.83000000,,125143.12000000,1.98019802,0.00000000,0.00000000,,恒瑞医药
2018-12-05,600276,36.83000000,37.35000000,38.12000000,36.75000000,,161182.95000000,3.66800535,-0.05351887,-0.02000000,,恒瑞医药
2018-12-06,600276,36.71000000,34.88000000,37.05000000,33.64000000,,343875.69000000,9.77637615,-6.61311914,-2.47000000,,恒瑞医药
2018-12-07,600276,34.28000000,32.41000000,34.39000000,32.22000000,,508862.29000000,6.69546436,-7.08142202,-2.47000000,,恒瑞医药
2018-12-10,600276,31.89000000,32.77000000,33.05000000,31.46000000,,233019.01000000,4.85199878,1.11076828,0.36000000,,恒瑞医药
2018-12-11,600276,32.80000000,33.42000000,33.69000000,32.80000000,,174130.07000000,2.66307600,1.98352151,0.65000000,,恒瑞医药
2018-12-12,600276,33.82000000,32.68000000,33.87000000,32.49000000,,186623.65000000,4.22276622,-2.21424297,-0.74000000,,恒瑞医药
2018-12-13,600276,32.78000000,33.30000000,33.75000000,32.48000000,,205222.55000000,3.81381381,1.89718482,0.62000000,,恒瑞医药
2018-12-14,600276,33.00000000,32.71000000,33.29000000,32.35000000,,203403.81000000,2.87373892,-1.77177177,-0.59000000,,恒瑞医药
2018-12-17,600276,32.43000000,31.72000000,32.46000000,30.70000000,,285971.79000000,5.54854981,-3.02659737,-0.99000000,,恒瑞医药
2018-12-18,600276,31.66000000,31.51000000,32.08000000,31.32000000,,175128.13000000,2.41193272,-0.66204288,-0.21000000,,恒瑞医药
2018-12-19,600276,31.61000000,30.52000000,31.72000000,30.46000000,,228167.38000000,4.12844037,-3.14185973,-0.99000000,,恒瑞医药
2018-12-20,600276,30.26000000,29.27000000,30.52000000,29.17000000,,364633.25000000,4.61223095,-4.09567497,-1.25000000,,恒瑞医药
2018-12-21,600276,29.07000000,27.61000000,29.07000000,27.50000000,,513154.62000000,5.68634553,-5.67133584,-1.66000000,,恒瑞医药
2018-12-24,600276,27.91000000,29.39000000,29.41000000,27.79000000,,295973.85000000,5.51207894,6.44693951,1.78000000,,恒瑞医药
2018-12-25,600276,28.90000000,29.54000000,29.75000000,28.69000000,,222119.57000000,3.58835477,0.51037768,0.15000000,,恒瑞医药
2018-12-26,600276,29.48000000,28.72000000,29.65000000,28.72000000,,150453.46000000,3.23816156,-2.77589709,-0.82000000,,恒瑞医药
2018-12-27,600276,29.01000000,28.43000000,29.47000000,28.31000000,,255486.80000000,4.08019698,-1.00974930,-0.29000000,,恒瑞医药
2018-12-28,600276,28.70000000,29.15000000,29.23000000,28.55000000,,202230.64000000,2.33276158,2.53253605,0.72000000,,恒瑞医药
2019-01-02,600276,29.47000000,29.28000000,29.83000000,29.03000000,,278848.08000000,2.73224044,0.44596913,0.13000000,,恒瑞医药
2019-01-03,600276,28.85000000,28.18000000,29.11000000,27.63000000,,325560.97000000,5.25195174,-3.75683060,-1.10000000,,恒瑞医药
2019-01-04,600276,27.74000000,30.08000000,30.15000000,27.43000000,,354968.63000000,9.04255319,6.74237048,1.90000000,,恒瑞医药
2019-01-07,600276,29.88000000,29.63000000,29.93000000,29.24000000,,240338.18000000,2.32872089,-1.49601064,-0.45000000,,恒瑞医药
2019-01-08,600276,29.50000000,29.87000000,30.09000000,29.50000000,,128292.05000000,1.97522598,0.80998988,0.24000000,,恒瑞医药
2019-01-09,600276,30.17000000,30.76000000,31.16000000,29.93000000,,197010.98000000,3.99869961,2.97957817,0.89000000,,恒瑞医药
2019-01-10,600276,30.51000000,31.19000000,31.75000000,30.29000000,,163685.75000000,4.68098750,1.39791938,0.43000000,,恒瑞医药
2019-01-11,600276,31.15000000,31.01000000,31.33000000,30.47000000,,131164.99000000,2.77329894,-0.57710805,-0.18000000,,恒瑞医药
2019-01-14,600276,31.01000000,30.07000000,31.01000000,29.94000000,,111805.50000000,3.55836382,-3.03128023,-0.94000000,,恒瑞医药
2019-01-15,600276,30.17000000,31.29000000,31.32000000,30.07000000,,161210.03000000,3.99488655,4.05719987,1.22000000,,恒瑞医药
2019-01-16,600276,31.28000000,31.89000000,32.19000000,30.75000000,,177373.55000000,4.51552211,1.91754554,0.60000000,,恒瑞医药
2019-01-17,600276,31.82000000,31.82000000,32.45000000,31.68000000,,124214.06000000,2.41986172,-0.21950455,-0.07000000,,恒瑞医药
2019-01-18,600276,32.13000000,32.87000000,33.22000000,31.91000000,,178399.95000000,3.98539702,3.29981144,1.05000000,,恒瑞医药
2019-01-21,600276,32.75000000,32.81000000,33.62000000,32.68000000,,157929.72000000,2.86498019,-0.18253727,-0.06000000,,恒瑞医药
2019-01-22,600276,32.94000000,32.01000000,32.94000000,31.64000000,,151659.57000000,4.06123087,-2.43828101,-0.80000000,,恒瑞医药
2019-01-23,600276,31.84000000,32.20000000,32.41000000,31.75000000,,90135.34000000,2.04968944,0.59356451,0.19000000,,恒瑞医药
2019-01-24,600276,32.13000000,32.99000000,33.16000000,31.84000000,,121942.26000000,4.00121249,2.45341615,0.79000000,,恒瑞医药
2019-01-25,600276,32.97000000,32.76000000,33.22000000,32.66000000,,111232.13000000,1.70940171,-0.69718096,-0.23000000,,恒瑞医药
2019-01-28,600276,32.16000000,30.35000000,32.16000000,30.17000000,,415754.83000000,6.55683690,-7.35653236,-2.41000000,,恒瑞医药
2019-01-29,600276,30.46000000,31.72000000,31.75000000,30.33000000,,267403.42000000,4.47667087,4.51400329,1.37000000,,恒瑞医药
2019-01-30,600276,31.61000000,31.84000000,32.47000000,31.51000000,,144053.42000000,3.01507538,0.37831021,0.12000000,,恒瑞医药
2019-01-31,600276,32.33000000,32.80000000,33.03000000,31.95000000,,185000.62000000,3.29268293,3.01507538,0.96000000,,恒瑞医药
2019-02-01,600276,33.31000000,33.82000000,33.85000000,32.68000000,,173804.01000000,3.45949143,3.10975610,1.02000000,,恒瑞医药
2019-02-11,600276,33.39000000,34.42000000,34.60000000,33.23000000,,162455.95000000,3.98024404,1.77409817,0.60000000,,恒瑞医药
2019-02-12,600276,34.80000000,35.37000000,35.80000000,34.51000000,,213539.11000000,3.64715861,2.76002324,0.95000000,,恒瑞医药
2019-02-13,600276,35.66000000,36.58000000,36.82000000,35.66000000,,208882.37000000,3.17113177,3.42097823,1.21000000,,恒瑞医药
2019-02-14,600276,36.53000000,36.71000000,36.91000000,36.18000000,,157679.41000000,1.98855898,0.35538546,0.13000000,,恒瑞医药
2019-02-15,600276,36.37000000,35.83000000,36.68000000,35.61000000,,137296.32000000,2.98632431,-2.39716698,-0.88000000,,恒瑞医药
2019-02-18,600276,37.00000000,37.30000000,37.78000000,36.82000000,,240945.81000000,2.57372654,4.10270723,1.47000000,,恒瑞医药
2019-02-19,600276,37.28000000,36.78000000,37.67000000,36.59000000,,196815.26000000,2.93637847,-1.39410188,-0.52000000,,恒瑞医药
2019-02-20,600276,36.59000000,36.21000000,36.78000000,35.71000000,,176077.00000000,2.95498481,-1.54975530,-0.57000000,,恒瑞医药
2019-02-21,600276,36.28000000,36.50000000,37.11000000,36.24000000,,159134.69000000,2.38356164,0.80088373,0.29000000,,恒瑞医药
2019-02-22,600276,36.69000000,37.00000000,37.00000000,36.01000000,,119445.41000000,2.67567568,1.36986301,0.50000000,,恒瑞医药
2019-02-25,600276,36.82000000,38.27000000,38.50000000,36.71000000,,356755.06000000,4.67729292,3.43243243,1.27000000,,恒瑞医药
2019-02-26,600276,37.80000000,37.98000000,41.13000000,37.58000000,,368608.97000000,9.34702475,-0.75777371,-0.29000000,,恒瑞医药
2019-02-27,600276,37.95000000,38.44000000,39.30000000,37.85000000,,191795.33000000,3.77211238,1.21116377,0.46000000,,恒瑞医药
2019-02-28,600276,38.44000000,40.24000000,40.41000000,38.28000000,,282684.21000000,5.29324056,4.68262227,1.80000000,,恒瑞医药
2019-03-01,600276,40.76000000,40.29000000,40.87000000,39.65000000,,207387.40000000,3.02804666,0.12425447,0.05000000,,恒瑞医药
2019-03-04,600276,40.53000000,40.45000000,41.45000000,40.10000000,,270970.79000000,3.33745365,0.39712087,0.16000000,,恒瑞医药
2019-03-05,600276,40.36000000,40.36000000,40.80000000,40.06000000,,159719.83000000,1.83349851,-0.22249691,-0.09000000,,恒瑞医药
2019-03-06,600276,40.41000000,39.86000000,40.76000000,39.37000000,,207512.09000000,3.48720522,-1.23885035,-0.50000000,,恒瑞医药
2019-03-07,600276,39.85000000,39.36000000,39.85000000,38.99000000,,202092.76000000,2.18495935,-1.25439037,-0.50000000,,恒瑞医药
2019-03-08,600276,38.56000000,38.94000000,39.98000000,38.36000000,,201548.61000000,4.16024653,-1.06707317,-0.42000000,,恒瑞医药
2019-03-11,600276,39.14000000,39.31000000,39.65000000,38.73000000,,196450.42000000,2.34037141,0.95017976,0.37000000,,恒瑞医药
2019-03-12,600276,39.89000000,39.03000000,40.03000000,38.78000000,,186710.86000000,3.20266462,-0.71228695,-0.28000000,,恒瑞医药
2019-03-13,600276,39.06000000,39.07000000,39.51000000,38.79000000,,166470.61000000,1.84284617,0.10248527,0.04000000,,恒瑞医药
2019-03-14,600276,39.24000000,39.17000000,39.78000000,38.98000000,,188755.34000000,2.04237937,0.25595086,0.10000000,,恒瑞医药
2019-03-15,600276,39.31000000,40.02000000,40.76000000,38.99000000,,256058.31000000,4.42278861,2.17002808,0.85000000,,恒瑞医药
2019-03-18,600276,40.41000000,41.51000000,42.06000000,39.80000000,,291631.00000000,5.44447121,3.72313843,1.49000000,,恒瑞医药
2019-03-19,600276,41.42000000,40.35000000,41.43000000,40.09000000,,235289.83000000,3.32094176,-2.79450735,-1.16000000,,恒瑞医药
2019-03-20,600276,40.10000000,40.71000000,40.87000000,39.81000000,,170864.17000000,2.60378285,0.89219331,0.36000000,,恒瑞医药
2019-03-21,600276,40.89000000,40.53000000,41.20000000,40.22000000,,125727.09000000,2.41796200,-0.44215181,-0.18000000,,恒瑞医药
2019-03-22,600276,40.81000000,40.95000000,41.16000000,40.32000000,,134844.02000000,2.05128205,1.03626943,0.42000000,,恒瑞医药
2019-03-25,600276,40.35000000,39.83000000,40.93000000,39.82000000,,178861.15000000,2.78684409,-2.73504274,-1.12000000,,恒瑞医药
2019-03-26,600276,40.24000000,40.03000000,40.57000000,39.63000000,,129691.87000000,2.34823882,0.50213407,0.20000000,,恒瑞医药
2019-03-27,600276,40.37000000,41.66000000,42.35000000,40.37000000,,344629.27000000,4.75276044,4.07194604,1.63000000,,恒瑞医药
2019-03-28,600276,41.59000000,43.65000000,44.21000000,41.12000000,,255548.47000000,7.07903780,4.77676428,1.99000000,,恒瑞医药
2019-03-29,600276,43.12000000,44.18000000,44.59000000,42.26000000,,294505.44000000,5.27387958,1.21420389,0.53000000,,恒瑞医药
2019-04-01,600276,44.59000000,44.41000000,45.94000000,44.21000000,,264290.20000000,3.89551903,0.52059756,0.23000000,,恒瑞医药
2019-04-02,600276,44.59000000,44.09000000,44.59000000,43.62000000,,199156.46000000,2.20004536,-0.72055843,-0.32000000,,恒瑞医药
2019-04-03,600276,44.07000000,44.30000000,44.54000000,43.83000000,,166465.06000000,1.60270880,0.47629848,0.21000000,,恒瑞医药
2019-04-04,600276,44.24000000,44.68000000,44.76000000,43.82000000,,178992.18000000,2.10384960,0.85778781,0.38000000,,恒瑞医药
2019-04-08,600276,44.93000000,43.18000000,44.93000000,42.82000000,,320093.82000000,4.88652154,-3.35720680,-1.50000000,,恒瑞医药
2019-04-09,600276,42.87000000,43.77000000,43.96000000,42.23000000,,257800.62000000,3.95247887,1.36637332,0.59000000,,恒瑞医药
2019-04-10,600276,43.87000000,44.40000000,45.30000000,43.21000000,,326110.48000000,4.70720721,1.43934202,0.63000000,,恒瑞医药
2019-04-11,600276,44.40000000,43.18000000,44.93000000,43.06000000,,250216.74000000,4.33070866,-2.74774775,-1.22000000,,恒瑞医药
2019-04-12,600276,43.41000000,43.63000000,43.98000000,42.87000000,,157140.09000000,2.54412102,1.04214914,0.45000000,,恒瑞医药
2019-04-15,600276,44.32000000,42.75000000,44.57000000,42.59000000,,197564.64000000,4.63157895,-2.01696081,-0.88000000,,恒瑞医药
2019-04-16,600276,42.74000000,43.80000000,43.80000000,42.54000000,,164085.52000000,2.87671233,2.45614035,1.05000000,,恒瑞医药
2019-04-17,600276,44.24000000,43.57000000,44.24000000,43.34000000,,153631.46000000,2.06564150,-0.52511416,-0.23000000,,恒瑞医药
2019-04-18,600276,43.72000000,43.29000000,43.72000000,43.04000000,,101789.21000000,1.57080157,-0.64264402,-0.28000000,,恒瑞医药
2019-04-19,600276,43.20000000,43.51000000,43.95000000,43.05000000,,127295.41000000,2.06849000,0.50820051,0.22000000,,恒瑞医药
2019-04-22,600276,43.41000000,41.91000000,43.48000000,41.86000000,,269081.68000000,3.86542591,-3.67731556,-1.60000000,,恒瑞医药
2019-04-23,600276,41.87000000,42.39000000,42.89000000,41.82000000,,190381.05000000,2.52418023,1.14531138,0.48000000,,恒瑞医药
2019-04-24,600276,42.68000000,42.40000000,42.98000000,42.16000000,,147052.18000000,1.93396226,0.02359047,0.01000000,,恒瑞医药
2019-04-25,600276,42.53000000,43.13000000,43.80000000,42.43000000,,264766.53000000,3.17644331,1.72169811,0.73000000,,恒瑞医药
2019-04-26,600276,42.51000000,42.04000000,43.07000000,41.53000000,,203221.83000000,3.66317793,-2.52724322,-1.09000000,,恒瑞医药
2019-04-29,600276,42.14000000,44.12000000,44.89000000,42.14000000,,412739.97000000,6.23300091,4.94766889,2.08000000,,恒瑞医药
2019-04-30,600276,43.89000000,44.41000000,44.80000000,43.64000000,,194519.14000000,2.61202432,0.65729828,0.29000000,,恒瑞医药
2019-05-06,600276,43.89000000,43.34000000,43.89000000,42.52000000,,348033.33000000,3.16105215,-2.40936726,-1.07000000,,恒瑞医药
2019-05-07,600276,43.75000000,44.68000000,46.31000000,43.56000000,,424232.09000000,6.15487914,3.09183203,1.34000000,,恒瑞医药
2019-05-08,600276,43.59000000,43.36000000,44.31000000,43.20000000,,235150.83000000,2.55996310,-2.95434199,-1.32000000,,恒瑞医药
2019-05-09,600276,42.99000000,42.16000000,43.72000000,41.81000000,,211815.72000000,4.53036053,-2.76752768,-1.20000000,,恒瑞医药
2019-05-10,600276,42.77000000,43.28000000,43.41000000,41.37000000,,219774.16000000,4.71349353,2.65654649,1.12000000,,恒瑞医药
2019-05-13,600276,42.78000000,43.32000000,43.73000000,42.30000000,,137765.85000000,3.30101570,0.09242144,0.04000000,,恒瑞医药
2019-05-14,600276,43.09000000,42.53000000,44.35000000,42.50000000,,234627.21000000,4.34987068,-1.82363804,-0.79000000,,恒瑞医药
2019-05-15,600276,42.87000000,44.18000000,44.18000000,42.86000000,,300369.68000000,2.98777727,3.87961439,1.65000000,,恒瑞医药
2019-05-16,600276,43.82000000,43.39000000,44.02000000,43.00000000,,284269.45000000,2.35077207,-1.78813943,-0.79000000,,恒瑞医药
2019-05-17,600276,43.06000000,42.34000000,43.17000000,42.23000000,,295148.41000000,2.22012282,-2.41991242,-1.05000000,,恒瑞医药
2019-05-20,600276,42.30000000,40.59000000,42.83000000,40.18000000,,319055.72000000,6.52870165,-4.13320737,-1.75000000,,恒瑞医药
2019-05-21,600276,40.60000000,40.98000000,41.50000000,40.60000000,,192418.15000000,2.19619327,0.96082779,0.39000000,,恒瑞医药
2019-05-22,600276,40.98000000,41.16000000,41.53000000,40.49000000,,157541.21000000,2.52672498,0.43923865,0.18000000,,恒瑞医药
2019-05-23,600276,41.12000000,40.15000000,41.12000000,40.13000000,,161124.92000000,2.46575342,-2.45383868,-1.01000000,,恒瑞医药
2019-05-24,600276,40.33000000,40.47000000,40.91000000,40.18000000,,114232.32000000,1.80380529,0.79701121,0.32000000,,恒瑞医药
2019-05-27,600276,40.53000000,41.25000000,41.53000000,39.73000000,,178433.23000000,4.36363636,1.92735360,0.78000000,,恒瑞医药
2019-05-28,600276,41.25000000,42.17000000,42.28000000,41.19000000,,244889.87000000,2.58477591,2.23030303,0.92000000,,恒瑞医药
2019-05-29,600276,41.81000000,41.75000000,42.21000000,41.53000000,,106882.25000000,1.62874251,-0.99596870,-0.42000000,,恒瑞医药
2019-05-30,600276,41.25000000,41.75000000,41.80000000,40.99000000,,111061.74000000,1.94011976,0.00000000,0.00000000,,恒瑞医药
2019-05-31,600276,42.43000000,41.92000000,43.12000000,41.92000000,,180457.08000000,2.86259542,0.40718563,0.17000000,,恒瑞医药
2019-06-03,600276,42.06000000,42.66000000,42.85000000,41.99000000,,196510.13000000,2.01593999,1.76526718,0.74000000,,恒瑞医药
2019-06-04,600276,42.75000000,41.83000000,42.98000000,41.46000000,,162462.24000000,3.63375568,-1.94561650,-0.83000000,,恒瑞医药
2019-06-05,600276,41.81000000,39.73000000,42.06000000,39.65000000,,361236.65000000,6.06594513,-5.02032034,-2.10000000,,恒瑞医药
2019-06-06,600276,39.76000000,39.02000000,40.00000000,38.46000000,,244782.57000000,3.94669400,-1.78706267,-0.71000000,,恒瑞医药
2019-06-10,600276,39.01000000,39.47000000,39.98000000,38.60000000,,164987.64000000,3.49632632,1.15325474,0.45000000,,恒瑞医药
2019-06-11,600276,39.72000000,40.50000000,40.65000000,39.53000000,,236636.90000000,2.76543210,2.60957689,1.03000000,,恒瑞医药
2019-06-12,600276,40.40000000,40.66000000,41.00000000,39.80000000,,158292.08000000,2.95130349,0.39506173,0.16000000,,恒瑞医药
2019-06-13,600276,40.98000000,41.32000000,41.64000000,40.42000000,,152969.81000000,2.95256534,1.62321692,0.66000000,,恒瑞医药
2019-06-14,600276,41.39000000,41.31000000,42.14000000,41.12000000,,175688.21000000,2.46913580,-0.02420136,-0.01000000,,恒瑞医药
2019-06-17,600276,41.78000000,41.53000000,42.14000000,41.46000000,,138578.81000000,1.63737058,0.53255870,0.22000000,,恒瑞医药
2019-06-18,600276,41.81000000,42.22000000,42.39000000,41.71000000,,140974.98000000,1.61061108,1.66144955,0.69000000,,恒瑞医药
2019-06-19,600276,42.98000000,43.46000000,43.97000000,42.98000000,,274499.92000000,2.27795674,2.93699668,1.24000000,,恒瑞医药
2019-06-20,600276,43.68000000,44.25000000,44.59000000,43.22000000,,264794.12000000,3.09604520,1.81776346,0.79000000,,恒瑞医药
2019-06-21,600276,44.17000000,44.52000000,45.03000000,44.13000000,,192742.73000000,2.02156334,0.61016949,0.27000000,,恒瑞医药
2019-06-24,600276,44.87000000,44.63000000,45.25000000,44.30000000,,157763.70000000,2.12861304,0.24707996,0.11000000,,恒瑞医药
2019-06-25,600276,44.68000000,44.61000000,45.39000000,43.96000000,,158846.65000000,3.20555929,-0.04481291,-0.02000000,,恒瑞医药
2019-06-26,600276,44.73000000,44.93000000,45.27000000,44.38000000,,130423.83000000,1.98085911,0.71732795,0.32000000,,恒瑞医药
2019-06-27,600276,44.82000000,45.21000000,45.68000000,44.82000000,,146115.95000000,1.90223402,0.62319163,0.28000000,,恒瑞医药
2019-06-28,600276,45.21000000,44.59000000,45.21000000,43.72000000,,189280.77000000,3.34155640,-1.37137801,-0.62000000,,恒瑞医药
2019-07-01,600276,45.28000000,46.14000000,46.41000000,45.27000000,,222347.93000000,2.47074122,3.47611572,1.55000000,,恒瑞医药
2019-07-02,600276,45.98000000,47.51000000,47.69000000,45.91000000,,296291.42000000,3.74657967,2.96922410,1.37000000,,恒瑞医药
2019-07-03,600276,47.37000000,46.23000000,47.37000000,45.99000000,,219413.61000000,2.98507463,-2.69416965,-1.28000000,,恒瑞医药
2019-07-04,600276,46.23000000,44.66000000,46.32000000,44.38000000,,265375.94000000,4.34393193,-3.39606316,-1.57000000,,恒瑞医药
2019-07-05,600276,44.83000000,45.56000000,45.91000000,44.76000000,,167373.53000000,2.52414399,2.01522615,0.90000000,,恒瑞医药
2019-07-08,600276,45.05000000,44.93000000,45.82000000,44.59000000,,147923.76000000,2.73759181,-1.38279192,-0.63000000,,恒瑞医药
2019-07-09,600276,45.24000000,44.92000000,45.56000000,44.78000000,,101459.35000000,1.73642030,-0.02225684,-0.01000000,,恒瑞医药
2019-07-10,600276,45.32000000,45.57000000,46.21000000,45.00000000,,143314.36000000,2.65525565,1.44701692,0.65000000,,恒瑞医药
2019-07-11,600276,45.77000000,45.05000000,45.94000000,44.87000000,,114916.76000000,2.37513873,-1.14110160,-0.52000000,,恒瑞医药
2019-07-12,600276,44.93000000,44.90000000,45.55000000,44.66000000,,113454.90000000,1.98218263,-0.33296337,-0.15000000,,恒瑞医药
2019-07-15,600276,45.21000000,45.55000000,45.79000000,44.28000000,,182260.99000000,3.31503842,1.44766147,0.65000000,,恒瑞医药
2019-07-16,600276,45.42000000,44.63000000,45.63000000,44.62000000,,122060.46000000,2.26305176,-2.01975851,-0.92000000,,恒瑞医药
2019-07-17,600276,44.66000000,44.75000000,45.16000000,44.09000000,,94187.83000000,2.39106145,0.26887744,0.12000000,,恒瑞医药
2019-07-18,600276,44.66000000,44.60000000,44.89000000,44.34000000,,89084.42000000,1.23318386,-0.33519553,-0.15000000,,恒瑞医药
2019-07-19,600276,44.93000000,44.60000000,45.30000000,44.48000000,,147348.97000000,1.83856502,0.00000000,0.00000000,,恒瑞医药
2019-07-22,600276,44.58000000,44.96000000,45.30000000,44.14000000,,120897.06000000,2.58007117,0.80717489,0.36000000,,恒瑞医药
2019-07-23,600276,44.96000000,44.62000000,45.15000000,44.45000000,,95375.82000000,1.56880323,-0.75622776,-0.34000000,,恒瑞医药
2019-07-24,600276,44.88000000,45.00000000,45.23000000,44.63000000,,108107.59000000,1.33333333,0.85163604,0.38000000,,恒瑞医药
2019-07-25,600276,45.00000000,45.09000000,45.28000000,44.87000000,,93202.85000000,0.90929253,0.20000000,0.09000000,,恒瑞医药
2019-07-26,600276,44.90000000,45.16000000,45.39000000,44.90000000,,120438.75000000,1.08503100,0.15524507,0.07000000,,恒瑞医药
2019-07-29,600276,45.16000000,45.04000000,45.59000000,44.73000000,,104602.82000000,1.90941385,-0.26572188,-0.12000000,,恒瑞医药
2019-07-30,600276,45.11000000,45.25000000,45.46000000,45.03000000,,100350.62000000,0.95027624,0.46625222,0.21000000,,恒瑞医药
2019-07-31,600276,44.87000000,45.24000000,45.28000000,44.36000000,,146493.41000000,2.03359859,-0.02209945,-0.01000000,,恒瑞医药
2019-08-01,600276,45.00000000,45.09000000,45.52000000,44.92000000,,104499.30000000,1.33067199,-0.33156499,-0.15000000,,恒瑞医药
2019-08-02,600276,44.40000000,44.62000000,44.96000000,44.03000000,,137849.17000000,2.08426714,-1.04235972,-0.47000000,,恒瑞医药
2019-08-05,600276,44.38000000,43.27000000,44.58000000,43.14000000,,196056.53000000,3.32794084,-3.02554908,-1.35000000,,恒瑞医药
2019-08-06,600276,42.50000000,43.71000000,44.18000000,41.71000000,,183629.52000000,5.65088081,1.01687081,0.44000000,,恒瑞医药
2019-08-07,600276,43.89000000,44.24000000,44.57000000,43.68000000,,138901.48000000,2.01175407,1.21253718,0.53000000,,恒瑞医药
2019-08-08,600276,44.50000000,45.05000000,45.14000000,44.50000000,,121912.76000000,1.42064373,1.83092224,0.81000000,,恒瑞医药
2019-08-09,600276,45.34000000,45.20000000,45.84000000,45.07000000,,164169.56000000,1.70353982,0.33296337,0.15000000,,恒瑞医药
2019-08-12,600276,45.09000000,45.46000000,45.50000000,45.04000000,,112063.31000000,1.01187857,0.57522124,0.26000000,,恒瑞医药
2019-08-13,600276,45.46000000,45.32000000,45.73000000,45.21000000,,117636.81000000,1.14739629,-0.30796304,-0.14000000,,恒瑞医药
2019-08-14,600276,45.69000000,46.46000000,46.95000000,45.69000000,,242887.55000000,2.71201033,2.51544572,1.14000000,,恒瑞医药
2019-08-15,600276,46.01000000,46.67000000,46.88000000,45.98000000,,215331.66000000,1.92843368,0.45200172,0.21000000,,恒瑞医药
2019-08-16,600276,46.67000000,46.75000000,47.16000000,46.21000000,,169987.20000000,2.03208556,0.17141633,0.08000000,,恒瑞医药
2019-08-19,600276,47.03000000,48.71000000,48.86000000,46.88000000,,247327.60000000,4.06487374,4.19251337,1.96000000,,恒瑞医药
2019-08-20,600276,48.72000000,48.73000000,49.07000000,48.13000000,,129141.15000000,1.92899651,0.04105933,0.02000000,,恒瑞医药
2019-08-21,600276,48.89000000,48.55000000,48.96000000,48.03000000,,109978.62000000,1.91555098,-0.36938231,-0.18000000,,恒瑞医药
2019-08-22,600276,49.44000000,48.57000000,49.44000000,48.20000000,,125230.42000000,2.55301627,0.04119464,0.02000000,,恒瑞医药
2019-08-23,600276,49.10000000,51.95000000,52.78000000,48.96000000,,352863.96000000,7.35322425,6.95902821,3.38000000,,恒瑞医药
2019-08-26,600276,51.57000000,51.22000000,51.96000000,50.96000000,,255952.06000000,1.95236236,-1.40519731,-0.73000000,,恒瑞医药
2019-08-27,600276,51.60000000,51.39000000,52.77000000,51.25000000,,294953.21000000,2.95777389,0.33190160,0.17000000,,恒瑞医药
2019-08-28,600276,51.57000000,52.31000000,52.80000000,51.19000000,,219129.85000000,3.07780539,1.79023156,0.92000000,,恒瑞医药
2019-08-29,600276,51.55000000,52.18000000,52.99000000,51.32000000,,187372.78000000,3.20045995,-0.24851845,-0.13000000,,恒瑞医药
2019-08-30,600276,52.84000000,54.34000000,54.70000000,52.57000000,,287797.60000000,3.91976445,4.13951706,2.16000000,,恒瑞医药
2019-09-02,600276,54.65000000,54.04000000,54.78000000,53.50000000,,220966.41000000,2.36861584,-0.55207950,-0.30000000,,恒瑞医药
2019-09-03,600276,54.12000000,53.27000000,54.21000000,52.92000000,,235753.89000000,2.42162568,-1.42487047,-0.77000000,,恒瑞医药
2019-09-04,600276,53.46000000,53.12000000,53.96000000,52.44000000,,181167.79000000,2.86144578,-0.28158438,-0.15000000,,恒瑞医药
2019-09-05,600276,53.47000000,53.25000000,53.59000000,52.92000000,,177268.59000000,1.25821596,0.24472892,0.13000000,,恒瑞医药
2019-09-06,600276,53.71000000,54.39000000,54.43000000,52.78000000,,202205.56000000,3.03364589,2.14084507,1.14000000,,恒瑞医药
2019-09-09,600276,54.47000000,53.79000000,54.47000000,53.15000000,,180285.43000000,2.45398773,-1.10314396,-0.60000000,,恒瑞医药
2019-09-10,600276,54.00000000,54.71000000,55.18000000,53.72000000,,195322.12000000,2.66861634,1.71035508,0.92000000,,恒瑞医药
2019-09-11,600276,54.55000000,52.98000000,54.55000000,52.43000000,,237228.86000000,4.00151000,-3.16212758,-1.73000000,,恒瑞医药
2019-09-12,600276,53.25000000,53.34000000,53.58000000,52.63000000,,123693.21000000,1.78102737,0.67950170,0.36000000,,恒瑞医药
2019-09-16,600276,53.89000000,54.14000000,54.64000000,53.27000000,,148501.11000000,2.53047654,1.49981252,0.80000000,,恒瑞医药
2019-09-17,600276,54.03000000,53.64000000,54.57000000,53.49000000,,113183.86000000,2.01342282,-0.92353158,-0.50000000,,恒瑞医药
2019-09-18,600276,53.62000000,54.18000000,54.38000000,53.39000000,,158199.86000000,1.82724252,1.00671141,0.54000000,,恒瑞医药
2019-09-19,600276,54.42000000,54.41000000,55.26000000,53.94000000,,170379.73000000,2.42602463,0.42451089,0.23000000,,恒瑞医药
2019-09-20,600276,54.41000000,55.35000000,56.70000000,54.31000000,,261808.00000000,4.31797651,1.72762360,0.94000000,,恒瑞医药
2019-09-23,600276,55.73000000,55.07000000,55.73000000,54.71000000,,167257.03000000,1.85218812,-0.50587173,-0.28000000,,恒瑞医药
2019-09-24,600276,55.00000000,56.05000000,56.66000000,54.83000000,,217481.71000000,3.26494202,1.77955330,0.98000000,,恒瑞医药
2019-09-25,600276,55.80000000,56.28000000,56.93000000,55.41000000,,169407.41000000,2.70078181,0.41034790,0.23000000,,恒瑞医药
2019-09-26,600276,56.74000000,55.22000000,56.97000000,55.05000000,,149840.18000000,3.47700109,-1.88343994,-1.06000000,,恒瑞医药
2019-09-27,600276,55.28000000,55.04000000,55.70000000,54.77000000,,125056.15000000,1.68968023,-0.32596885,-0.18000000,,恒瑞医药
2019-09-30,600276,54.87000000,54.78000000,55.98000000,54.69000000,,123381.88000000,2.35487404,-0.47238372,-0.26000000,,恒瑞医药
2019-10-08,600276,54.39000000,54.55000000,55.46000000,54.39000000,,162990.10000000,1.96150321,-0.41986126,-0.23000000,,恒瑞医药
2019-10-09,600276,54.55000000,53.40000000,54.56000000,52.62000000,,223927.66000000,3.63295880,-2.10815765,-1.15000000,,恒瑞医药
2019-10-10,600276,53.46000000,56.39000000,56.65000000,53.41000000,,263569.51000000,5.74569959,5.59925094,2.99000000,,恒瑞医药
2019-10-11,600276,57.02000000,56.66000000,57.30000000,56.13000000,,151871.50000000,2.06494882,0.47880830,0.27000000,,恒瑞医药
2019-10-14,600276,56.96000000,56.78000000,57.71000000,56.17000000,,193422.94000000,2.71222261,0.21178962,0.12000000,,恒瑞医药
2019-10-15,600276,57.21000000,57.96000000,58.44000000,56.91000000,,154965.87000000,2.63975155,2.07819655,1.18000000,,恒瑞医药
2019-10-16,600276,58.20000000,58.46000000,58.71000000,57.26000000,,143535.29000000,2.48032843,0.86266391,0.50000000,,恒瑞医药
2019-10-17,600276,58.64000000,58.34000000,59.07000000,57.50000000,,126525.63000000,2.69112101,-0.20526856,-0.12000000,,恒瑞医药
2019-10-18,600276,58.34000000,57.28000000,58.39000000,56.85000000,,156062.85000000,2.68854749,-1.81693521,-1.06000000,,恒瑞医药
2019-10-21,600276,57.27000000,56.12000000,57.57000000,55.56000000,,199148.70000000,3.58161083,-2.02513966,-1.16000000,,恒瑞医药
2019-10-22,600276,56.67000000,56.87000000,56.96000000,56.07000000,,101579.01000000,1.56497274,1.33642195,0.75000000,,恒瑞医药
2019-10-23,600276,56.74000000,56.24000000,57.38000000,56.09000000,,114957.70000000,2.29374111,-1.10778970,-0.63000000,,恒瑞医药
2019-10-24,600276,56.53000000,56.19000000,56.73000000,55.46000000,,121178.66000000,2.26018865,-0.08890469,-0.05000000,,恒瑞医药
2019-10-25,600276,57.85000000,59.55000000,59.57000000,57.83000000,,419354.16000000,2.92191436,5.97971169,3.36000000,,恒瑞医药
2019-10-28,600276,59.43000000,62.00000000,62.05000000,59.32000000,,251886.19000000,4.40322581,4.11418976,2.45000000,,恒瑞医药
2019-10-29,600276,61.80000000,61.78000000,62.34000000,61.39000000,,139972.71000000,1.53771447,-0.35483871,-0.22000000,,恒瑞医药
2019-10-30,600276,62.46000000,61.38000000,62.47000000,60.94000000,,143744.39000000,2.49266862,-0.64745872,-0.40000000,,恒瑞医药
2019-10-31,600276,61.95000000,61.87000000,63.10000000,61.17000000,,169234.63000000,3.11944400,0.79830564,0.49000000,,恒瑞医药
2019-11-01,600276,61.75000000,62.99000000,62.99000000,61.57000000,,175347.64000000,2.25432608,1.81024729,1.12000000,,恒瑞医药
2019-11-04,600276,62.99000000,62.78000000,63.34000000,62.33000000,,171634.94000000,1.60879261,-0.33338625,-0.21000000,,恒瑞医药
2019-11-05,600276,62.64000000,62.16000000,62.75000000,61.59000000,,176470.18000000,1.86615187,-0.98757566,-0.62000000,,恒瑞医药
2019-11-06,600276,62.19000000,62.08000000,62.57000000,61.60000000,,127383.08000000,1.56250000,-0.12870013,-0.08000000,,恒瑞医药
2019-11-07,600276,62.29000000,61.66000000,62.55000000,61.54000000,,151496.54000000,1.63801492,-0.67654639,-0.42000000,,恒瑞医药
2019-11-08,600276,62.30000000,62.16000000,63.28000000,61.87000000,,162781.07000000,2.26833977,0.81089848,0.50000000,,恒瑞医药
2019-11-11,600276,61.82000000,60.48000000,61.82000000,59.87000000,,261003.77000000,3.22420635,-2.70270270,-1.68000000,,恒瑞医药
2019-11-12,600276,60.87000000,61.03000000,61.19000000,59.93000000,,159165.92000000,2.06455841,0.90939153,0.55000000,,恒瑞医药
2019-11-13,600276,60.96000000,62.22000000,62.64000000,60.12000000,,209854.11000000,4.05014465,1.94986072,1.19000000,,恒瑞医药
2019-11-14,600276,62.64000000,64.26000000,64.72000000,62.64000000,,251296.68000000,3.23685030,3.27868852,2.04000000,,恒瑞医药
2019-11-15,600276,64.10000000,63.13000000,64.48000000,63.12000000,,142107.19000000,2.15428481,-1.75848117,-1.13000000,,恒瑞医药
2019-11-18,600276,63.82000000,63.27000000,63.93000000,62.85000000,,108510.51000000,1.70697013,0.22176461,0.14000000,,恒瑞医药
2019-11-19,600276,63.27000000,65.16000000,65.16000000,63.13000000,,200283.28000000,3.11540823,2.98719772,1.89000000,,恒瑞医药
2019-11-20,600276,64.74000000,64.73000000,65.75000000,64.39000000,,152919.82000000,2.10103507,-0.65991406,-0.43000000,,恒瑞医药
2019-11-21,600276,64.73000000,63.06000000,64.73000000,62.50000000,,239382.70000000,3.53631462,-2.57994747,-1.67000000,,恒瑞医药
2019-11-22,600276,63.34000000,60.55000000,63.79000000,59.89000000,,332720.90000000,6.44095789,-3.98033619,-2.51000000,,恒瑞医药
2019-11-25,600276,60.56000000,59.95000000,60.90000000,58.88000000,,226209.27000000,3.36947456,-0.99091660,-0.60000000,,恒瑞医药
2019-11-26,600276,60.48000000,60.49000000,61.32000000,59.99000000,,204799.32000000,2.19871053,0.90075063,0.54000000,,恒瑞医药
2019-11-27,600276,60.50000000,61.01000000,61.43000000,59.99000000,,121332.30000000,2.36026881,0.85964622,0.52000000,,恒瑞医药
2019-11-28,600276,61.02000000,61.03000000,61.35000000,60.41000000,,94543.60000000,1.54022612,0.03278151,0.02000000,,恒瑞医药
2019-11-29,600276,60.56000000,58.41000000,60.56000000,56.89000000,,438806.13000000,6.28317069,-4.29297067,-2.62000000,,恒瑞医药
2019-12-02,600276,56.45000000,56.90000000,58.12000000,56.42000000,,269762.31000000,2.98769772,-2.58517377,-1.51000000,,恒瑞医药
2019-12-03,600276,56.73000000,57.47000000,57.63000000,55.34000000,,295124.33000000,3.98468766,1.00175747,0.57000000,,恒瑞医药
2019-12-04,600276,57.43000000,58.23000000,58.64000000,56.93000000,,205708.77000000,2.93663060,1.32242909,0.76000000,,恒瑞医药
2019-12-05,600276,58.47000000,58.41000000,59.37000000,58.29000000,,166422.23000000,1.84899846,0.30911901,0.18000000,,恒瑞医药
2019-12-06,600276,58.77000000,59.24000000,59.26000000,58.23000000,,129563.29000000,1.73869007,1.42098956,0.83000000,,恒瑞医药
2019-12-09,600276,59.45000000,56.82000000,59.45000000,56.38000000,,338597.68000000,5.40302710,-4.08507765,-2.42000000,,恒瑞医药
2019-12-10,600276,56.39000000,57.43000000,57.50000000,56.31000000,,191100.38000000,2.07208776,1.07356565,0.61000000,,恒瑞医药
2019-12-11,600276,57.98000000,57.78000000,58.06000000,57.16000000,,125158.08000000,1.55763240,0.60943758,0.35000000,,恒瑞医药
2019-12-12,600276,58.37000000,57.85000000,58.37000000,57.30000000,,126099.34000000,1.84961106,0.12114919,0.07000000,,恒瑞医药
2019-12-13,600276,58.19000000,59.07000000,59.17000000,57.86000000,,211275.55000000,2.21770780,2.10890233,1.22000000,,恒瑞医药
2019-12-16,600276,58.98000000,57.96000000,59.03000000,57.57000000,,239490.28000000,2.51897861,-1.87912646,-1.11000000,,恒瑞医药
2019-12-17,600276,57.93000000,58.50000000,58.86000000,57.13000000,,218063.43000000,2.95726496,0.93167702,0.54000000,,恒瑞医药
2019-12-18,600276,58.48000000,57.61000000,58.48000000,57.32000000,,232334.06000000,2.01353932,-1.52136752,-0.89000000,,恒瑞医药
2019-12-19,600276,57.89000000,57.68000000,57.89000000,57.23000000,,128419.76000000,1.14424411,0.12150668,0.07000000,,恒瑞医药
2019-12-20,600276,57.92000000,57.71000000,57.96000000,57.30000000,,115342.01000000,1.14364928,0.05201110,0.03000000,,恒瑞医药
2019-12-23,600276,57.72000000,57.94000000,58.42000000,57.40000000,,174041.41000000,1.76044184,0.39854445,0.23000000,,恒瑞医药
2019-12-24,600276,57.71000000,57.43000000,58.08000000,57.41000000,,98282.95000000,1.16663765,-0.88022092,-0.51000000,,恒瑞医药
2019-12-25,600276,57.16000000,56.66000000,57.20000000,55.70000000,,170645.10000000,2.64737028,-1.34076267,-0.77000000,,恒瑞医药
2019-12-26,600276,56.74000000,57.35000000,57.59000000,56.67000000,,93423.98000000,1.60418483,1.21779033,0.69000000,,恒瑞医药
2019-12-27,600276,57.09000000,57.35000000,57.84000000,57.08000000,,142714.41000000,1.32519616,0.00000000,0.00000000,,恒瑞医药
2019-12-30,600276,57.30000000,58.13000000,58.18000000,56.56000000,,180846.66000000,2.78685704,1.36006975,0.78000000,,恒瑞医药
2019-12-31,600276,57.97000000,59.53000000,59.99000000,57.97000000,,220793.14000000,3.39324710,2.40839498,1.40000000,,恒瑞医药
2020-01-02,600276,59.87000000,59.64000000,59.93000000,59.07000000,,210809.91000000,1.44198524,0.18478078,0.11000000,,恒瑞医药
2020-01-03,600276,59.88000000,58.44000000,60.00000000,58.27000000,,218177.79000000,2.96030116,-2.01207243,-1.20000000,,恒瑞医药
2020-01-06,600276,58.16000000,57.15000000,58.28000000,56.78000000,,297348.39000000,2.62467192,-2.20739220,-1.29000000,,恒瑞医药
2020-01-07,600276,57.16000000,57.69000000,58.08000000,56.87000000,,189409.18000000,2.09741723,0.94488189,0.54000000,,恒瑞医药
2020-01-08,600276,57.11000000,57.56000000,57.67000000,57.09000000,,123041.71000000,1.00764420,-0.22534235,-0.13000000,,恒瑞医药
2020-01-09,600276,57.78000000,59.09000000,59.31000000,57.76000000,,260171.92000000,2.62311728,2.65809590,1.53000000,,恒瑞医药
2020-01-10,600276,59.45000000,59.52000000,60.21000000,59.24000000,,232566.65000000,1.62970430,0.72770350,0.43000000,,恒瑞医药
2020-01-13,600276,60.13000000,59.75000000,60.20000000,58.82000000,,215037.04000000,2.30962343,0.38642473,0.23000000,,恒瑞医药
2020-01-14,600276,59.73000000,58.83000000,59.73000000,58.53000000,,214681.24000000,2.03977562,-1.53974895,-0.92000000,,恒瑞医药
2020-01-15,600276,58.93000000,59.12000000,59.83000000,58.52000000,,164960.87000000,2.21583221,0.49294578,0.29000000,,恒瑞医药
2020-01-16,600276,59.62000000,58.78000000,59.69000000,58.20000000,,207123.94000000,2.53487581,-0.57510149,-0.34000000,,恒瑞医药
2020-01-17,600276,58.82000000,61.71000000,61.73000000,58.82000000,,526241.17000000,4.71560525,4.98468867,2.93000000,,恒瑞医药
2020-01-20,600276,63.18000000,61.32000000,63.67000000,60.62000000,,293527.13000000,4.97390737,-0.63198833,-0.39000000,,恒瑞医药
2020-01-21,600276,61.32000000,61.51000000,62.64000000,61.16000000,,199509.39000000,2.40611283,0.30984997,0.19000000,,恒瑞医药
2020-01-22,600276,61.50000000,61.48000000,62.07000000,60.91000000,,162262.39000000,1.88679245,-0.04877256,-0.03000000,,恒瑞医药
2020-01-23,600276,61.27000000,59.86000000,61.67000000,59.31000000,,237015.55000000,3.94253258,-2.63500325,-1.62000000,,恒瑞医药
2020-02-03,600276,54.71000000,58.10000000,59.09000000,54.59000000,,410420.08000000,7.74526678,-2.94019379,-1.76000000,,恒瑞医药
2020-02-04,600276,58.09000000,59.00000000,59.92000000,56.71000000,,324330.85000000,5.44067797,1.54905336,0.90000000,,恒瑞医药
2020-02-05,600276,59.17000000,60.50000000,60.54000000,58.68000000,,296758.28000000,3.07438017,2.54237288,1.50000000,,恒瑞医药
2020-02-06,600276,60.87000000,61.32000000,62.23000000,60.07000000,,308324.80000000,3.52250489,1.35537190,0.82000000,,恒瑞医药
2020-02-07,600276,61.60000000,61.01000000,61.67000000,59.75000000,,224676.53000000,3.14702508,-0.50554468,-0.31000000,,恒瑞医药
2020-02-10,600276,60.35000000,60.21000000,60.49000000,59.38000000,,165484.22000000,1.84354758,-1.31126045,-0.80000000,,恒瑞医药
2020-02-11,600276,60.56000000,61.36000000,61.87000000,60.22000000,,229187.42000000,2.68904824,1.90998173,1.15000000,,恒瑞医药
2020-02-12,600276,61.61000000,63.31000000,63.31000000,61.46000000,,249630.47000000,2.92212921,3.17796610,1.95000000,,恒瑞医药
2020-02-13,600276,63.48000000,62.26000000,63.78000000,62.13000000,,185216.31000000,2.65017668,-1.65850577,-1.05000000,,恒瑞医药
2020-02-14,600276,62.40000000,62.33000000,62.96000000,61.96000000,,150103.25000000,1.60436387,0.11243174,0.07000000,,恒瑞医药
2020-02-17,600276,62.33000000,62.91000000,63.19000000,61.98000000,,162569.91000000,1.92338261,0.93053104,0.58000000,,恒瑞医药
2020-02-18,600276,62.91000000,61.67000000,63.72000000,61.42000000,,227545.16000000,3.72952813,-1.97106978,-1.24000000,,恒瑞医药
2020-02-19,600276,61.53000000,61.03000000,61.88000000,60.83000000,,168513.31000000,1.72046534,-1.03778174,-0.64000000,,恒瑞医药
2020-02-20,600276,61.38000000,61.81000000,62.00000000,60.73000000,,160275.53000000,2.05468371,1.27805997,0.78000000,,恒瑞医药
2020-02-21,600276,61.47000000,61.39000000,61.74000000,61.17000000,,193347.18000000,0.92848998,-0.67950170,-0.42000000,,恒瑞医药
2020-02-24,600276,61.23000000,60.13000000,61.29000000,59.55000000,,279507.56000000,2.89373025,-2.05245154,-1.26000000,,恒瑞医药
2020-02-25,600276,59.43000000,60.08000000,61.25000000,59.31000000,,231843.51000000,3.22902796,-0.08315317,-0.05000000,,恒瑞医药
2020-02-26,600276,59.80000000,58.95000000,59.86000000,58.82000000,,229985.36000000,1.76420696,-1.88082557,-1.13000000,,恒瑞医药
2020-02-27,600276,59.17000000,59.32000000,59.87000000,58.68000000,,190021.79000000,2.00606878,0.62765055,0.37000000,,恒瑞医药
2020-02-28,600276,58.48000000,57.15000000,58.88000000,56.85000000,,269596.78000000,3.55205599,-3.65812542,-2.17000000,,恒瑞医药
2020-03-02,600276,57.82000000,57.92000000,58.76000000,56.48000000,,269891.62000000,3.93646409,1.34733158,0.77000000,,恒瑞医药
2020-03-03,600276,58.66000000,60.10000000,60.73000000,58.66000000,,292429.99000000,3.44425957,3.76381215,2.18000000,,恒瑞医药
2020-03-04,600276,59.87000000,59.73000000,59.94000000,58.75000000,,150531.00000000,1.99229868,-0.61564060,-0.37000000,,恒瑞医药
2020-03-05,600276,60.98000000,62.43000000,62.99000000,60.57000000,,441925.55000000,3.87634150,4.52034154,2.70000000,,恒瑞医药
2020-03-06,600276,62.64000000,62.82000000,63.89000000,62.43000000,,312582.61000000,2.32410060,0.62469966,0.39000000,,恒瑞医药
2020-03-09,600276,61.29000000,60.48000000,62.16000000,60.41000000,,328201.79000000,2.89351852,-3.72492837,-2.34000000,,恒瑞医药
2020-03-10,600276,60.73000000,61.67000000,62.37000000,59.97000000,,262844.68000000,3.89168153,1.96759259,1.19000000,,恒瑞医药
2020-03-11,600276,62.50000000,60.58000000,62.50000000,60.43000000,,160102.43000000,3.41696930,-1.76747203,-1.09000000,,恒瑞医药
2020-03-12,600276,59.53000000,58.74000000,60.56000000,58.48000000,,250774.54000000,3.54102826,-3.03730604,-1.84000000,,恒瑞医药
2020-03-13,600276,55.84000000,57.57000000,58.48000000,55.70000000,,349671.30000000,4.82890394,-1.99182840,-1.17000000,,恒瑞医药
2020-03-16,600276,57.78000000,55.73000000,58.27000000,55.39000000,,289940.95000000,5.16777319,-3.19610908,-1.84000000,,恒瑞医药
2020-03-17,600276,55.73000000,55.07000000,57.06000000,53.67000000,,272934.70000000,6.15580171,-1.18428136,-0.66000000,,恒瑞医药
2020-03-18,600276,55.14000000,54.73000000,57.27000000,54.51000000,,283896.86000000,5.04293806,-0.61739604,-0.34000000,,恒瑞医药
2020-03-19,600276,54.66000000,53.62000000,55.56000000,52.35000000,,322310.88000000,5.98657217,-2.02813813,-1.11000000,,恒瑞医药
2020-03-20,600276,54.30000000,54.42000000,55.00000000,53.38000000,,248832.24000000,2.97684675,1.49198060,0.80000000,,恒瑞医药
2020-03-23,600276,54.31000000,55.91000000,56.73000000,53.83000000,,415207.70000000,5.18690753,2.73796398,1.49000000,,恒瑞医药
2020-03-24,600276,56.42000000,58.24000000,58.48000000,56.31000000,,319005.49000000,3.72596154,4.16741191,2.33000000,,恒瑞医药
2020-03-25,600276,59.97000000,60.54000000,61.24000000,58.90000000,,318446.47000000,3.86521308,3.94917582,2.30000000,,恒瑞医药
2020-03-26,600276,60.49000000,61.45000000,62.30000000,59.97000000,,317703.56000000,3.79170057,1.50313842,0.91000000,,恒瑞医药
2020-03-27,600276,61.98000000,61.87000000,63.51000000,61.31000000,,284698.59000000,3.55584290,0.68348251,0.42000000,,恒瑞医药
2020-03-30,600276,61.25000000,61.74000000,62.96000000,60.34000000,,256846.44000000,4.24360220,-0.21011799,-0.13000000,,恒瑞医药
2020-03-31,600276,62.07000000,62.66000000,62.77000000,61.25000000,,263044.68000000,2.42578998,1.49011986,0.92000000,,恒瑞医药
2020-04-01,600276,62.21000000,61.25000000,62.29000000,60.70000000,,193044.98000000,2.59591837,-2.25023939,-1.41000000,,恒瑞医药
2020-04-02,600276,61.29000000,62.54000000,62.64000000,60.99000000,,181388.70000000,2.63831148,2.10612245,1.29000000,,恒瑞医药
2020-04-03,600276,62.50000000,63.84000000,64.73000000,62.32000000,,292103.44000000,3.77506266,2.07866965,1.30000000,,恒瑞医药
2020-04-07,600276,64.38000000,65.07000000,65.41000000,63.74000000,,237684.03000000,2.56646688,1.92669173,1.23000000,,恒瑞医药
2020-04-08,600276,64.66000000,64.57000000,65.77000000,64.19000000,,161198.58000000,2.44695679,-0.76840326,-0.50000000,,恒瑞医药
2020-04-09,600276,64.58000000,65.97000000,66.67000000,64.34000000,,177080.66000000,3.53190844,2.16818956,1.40000000,,恒瑞医药
2020-04-10,600276,65.96000000,65.57000000,67.98000000,65.35000000,,171076.28000000,4.01098063,-0.60633621,-0.40000000,,恒瑞医药
2020-04-13,600276,66.10000000,65.89000000,66.37000000,64.92000000,,93329.25000000,2.20063743,0.48802806,0.32000000,,恒瑞医药
2020-04-14,600276,66.62000000,67.15000000,67.18000000,65.48000000,,193455.08000000,2.53164557,1.91227804,1.26000000,,恒瑞医药
2020-04-15,600276,67.16000000,66.41000000,67.89000000,66.03000000,,144663.07000000,2.80078301,-1.10201042,-0.74000000,,恒瑞医药
2020-04-16,600276,65.54000000,66.40000000,66.75000000,65.09000000,,139842.86000000,2.50000000,-0.01505797,-0.01000000,,恒瑞医药
2020-04-17,600276,66.50000000,65.84000000,66.95000000,65.67000000,,147495.45000000,1.94410693,-0.84337349,-0.56000000,,恒瑞医药
2020-04-20,600276,65.84000000,65.91000000,66.46000000,65.43000000,,128541.90000000,1.56273707,0.10631835,0.07000000,,恒瑞医药
2020-04-21,600276,66.12000000,64.93000000,66.13000000,64.21000000,,183203.23000000,2.95703065,-1.48687604,-0.98000000,,恒瑞医药
2020-04-22,600276,64.93000000,66.46000000,66.46000000,64.11000000,,177450.49000000,3.53596148,2.35638380,1.53000000,,恒瑞医药
2020-04-23,600276,66.81000000,65.46000000,67.34000000,64.73000000,,193765.77000000,3.98716774,-1.50466446,-1.00000000,,恒瑞医药
2020-04-24,600276,65.41000000,64.92000000,65.41000000,64.38000000,,108507.01000000,1.58656808,-0.82493126,-0.54000000,,恒瑞医药
2020-04-27,600276,65.35000000,65.66000000,66.32000000,64.23000000,,183859.78000000,3.18306427,1.13986445,0.74000000,,恒瑞医药
2020-04-28,600276,65.70000000,65.46000000,66.12000000,64.76000000,,221291.79000000,2.07760464,-0.30459945,-0.20000000,,恒瑞医药
2020-04-29,600276,65.12000000,63.61000000,65.42000000,62.40000000,,241029.82000000,4.74768118,-2.82615338,-1.85000000,,恒瑞医药
2020-04-30,600276,63.62000000,63.34000000,64.45000000,62.95000000,,196497.46000000,2.36817177,-0.42446156,-0.27000000,,恒瑞医药
2020-05-06,600276,63.00000000,65.71000000,65.71000000,62.71000000,,260013.73000000,4.56551514,3.74171140,2.37000000,,恒瑞医药
2020-05-07,600276,65.80000000,65.84000000,66.34000000,65.14000000,,124586.00000000,1.82260024,0.19783899,0.13000000,,恒瑞医药
2020-05-08,600276,66.09000000,66.15000000,67.29000000,65.72000000,,167320.86000000,2.37339380,0.47083840,0.31000000,,恒瑞医药
2020-05-11,600276,65.91000000,63.81000000,65.96000000,63.61000000,,329389.74000000,3.68280834,-3.53741497,-2.34000000,,恒瑞医药
2020-05-12,600276,63.81000000,65.03000000,65.09000000,63.70000000,,182856.28000000,2.13747501,1.91192603,1.22000000,,恒瑞医药
2020-05-13,600276,65.03000000,65.21000000,66.12000000,64.10000000,,224920.09000000,3.09768440,0.27679533,0.18000000,,恒瑞医药
2020-05-14,600276,65.05000000,66.25000000,66.81000000,64.52000000,,222616.79000000,3.45660377,1.59484742,1.04000000,,恒瑞医药
2020-05-15,600276,66.67000000,64.61000000,66.91000000,64.39000000,,253660.60000000,3.90032503,-2.47547170,-1.64000000,,恒瑞医药
2020-05-18,600276,64.69000000,66.25000000,66.95000000,64.10000000,,301163.21000000,4.30188679,2.53830676,1.64000000,,恒瑞医药
2020-05-19,600276,67.50000000,66.77000000,68.18000000,66.33000000,,185348.38000000,2.77070541,0.78490566,0.52000000,,恒瑞医药
2020-05-20,600276,67.17000000,66.74000000,68.18000000,66.22000000,,193245.58000000,2.93676955,-0.04493036,-0.03000000,,恒瑞医药
2020-05-21,600276,67.02000000,68.02000000,68.89000000,66.83000000,,270698.81000000,3.02852102,1.91789032,1.28000000,,恒瑞医药
2020-05-22,600276,68.04000000,65.34000000,68.12000000,64.99000000,,284477.85000000,4.79032752,-3.94001764,-2.68000000,,恒瑞医药
2020-05-25,600276,66.08000000,66.37000000,67.02000000,65.62000000,,199368.39000000,2.10938677,1.57636976,1.03000000,,恒瑞医药
2020-05-26,600276,66.12000000,66.83000000,67.16000000,65.80000000,,211371.00000000,2.03501422,0.69308422,0.46000000,,恒瑞医药
2020-05-27,600276,66.52000000,65.47000000,66.52000000,64.26000000,,311442.12000000,3.45196273,-2.03501422,-1.36000000,,恒瑞医药
2020-05-28,600276,65.34000000,64.33000000,65.52000000,63.36000000,,231916.84000000,3.35768693,-1.74125554,-1.14000000,,恒瑞医药
2020-05-29,600276,64.00000000,64.50000000,65.04000000,63.75000000,,173189.68000000,2.00000000,0.26426240,0.17000000,,恒瑞医药
2020-06-01,600276,65.41000000,65.76000000,66.25000000,65.24000000,,261484.02000000,1.53588808,1.95348837,1.26000000,,恒瑞医药
2020-06-02,600276,65.81000000,65.91000000,66.08000000,65.19000000,,176093.19000000,1.35032620,0.22810219,0.15000000,,恒瑞医药
2020-06-03,600276,66.13000000,65.72000000,66.24000000,65.50000000,,209537.71000000,1.12598904,-0.28827189,-0.19000000,,恒瑞医药
2020-06-04,600276,66.06000000,66.58000000,66.63000000,65.51000000,,209797.92000000,1.68218684,1.30858186,0.86000000,,恒瑞医药
2020-06-05,600276,66.58000000,67.50000000,67.51000000,65.93000000,,185789.31000000,2.34074074,1.38179634,0.92000000,,恒瑞医药
2020-06-08,600276,67.68000000,65.83000000,67.82000000,65.31000000,,330382.99000000,3.81285128,-2.47407407,-1.67000000,,恒瑞医药
2020-06-09,600276,65.83000000,68.06000000,68.08000000,65.83000000,,352699.85000000,3.30590655,3.38751329,2.23000000,,恒瑞医药
2020-06-10,600276,68.09000000,69.36000000,70.16000000,67.70000000,,319124.87000000,3.54671280,1.91007934,1.30000000,,恒瑞医药
2020-06-11,600276,69.21000000,69.30000000,70.05000000,68.56000000,,221178.62000000,2.15007215,-0.08650519,-0.06000000,,恒瑞医药
2020-06-12,600276,68.17000000,70.45000000,70.46000000,68.17000000,,233958.44000000,3.25053229,1.65945166,1.15000000,,恒瑞医药
2020-06-15,600276,69.83000000,69.11000000,71.08000000,68.98000000,,254781.88000000,3.03863406,-1.90205820,-1.34000000,,恒瑞医药
2020-06-16,600276,69.83000000,71.53000000,71.92000000,69.40000000,,274286.15000000,3.52299734,3.50166401,2.42000000,,恒瑞医药
2020-06-17,600276,71.66000000,73.62000000,73.96000000,71.54000000,,331274.01000000,3.28715023,2.92185097,2.09000000,,恒瑞医药
2020-06-18,600276,73.58000000,73.33000000,73.88000000,71.90000000,,214876.40000000,2.70012273,-0.39391470,-0.29000000,,恒瑞医药
2020-06-19,600276,73.50000000,76.40000000,76.68000000,73.33000000,,334485.03000000,4.38481675,4.18655393,3.07000000,,恒瑞医药
2020-06-22,600276,76.33000000,76.61000000,78.42000000,75.75000000,,292777.81000000,3.48518470,0.27486911,0.21000000,,恒瑞医药
2020-06-23,600276,75.81000000,77.66000000,77.66000000,75.58000000,,254530.60000000,2.67834149,1.37057825,1.05000000,,恒瑞医药
2020-06-24,600276,77.25000000,76.37000000,77.58000000,75.61000000,,310912.58000000,2.57954694,-1.66108679,-1.29000000,,恒瑞医药
2020-06-29,600276,75.91000000,75.77000000,76.78000000,75.08000000,,271305.70000000,2.24363204,-0.78564881,-0.60000000,,恒瑞医药
2020-06-30,600276,76.31000000,75.83000000,76.91000000,75.37000000,,257668.83000000,2.03085850,0.07918701,0.06000000,,恒瑞医药
2020-07-01,600276,75.91000000,74.79000000,76.05000000,73.34000000,,420680.46000000,3.62347907,-1.37148886,-1.04000000,,恒瑞医药
2020-07-02,600276,74.73000000,74.91000000,75.37000000,73.91000000,,345271.21000000,1.94900547,0.16044926,0.12000000,,恒瑞医药
2020-07-03,600276,75.01000000,75.48000000,75.58000000,74.33000000,,299107.49000000,1.65606783,0.76091310,0.57000000,,恒瑞医药
2020-07-06,600276,75.58000000,76.52000000,76.75000000,74.87000000,,496528.11000000,2.45687402,1.37784844,1.04000000,,恒瑞医药
2020-07-07,600276,76.81000000,79.99000000,80.76000000,76.37000000,,474944.22000000,5.48818602,4.53476215,3.47000000,,恒瑞医药
2020-07-08,600276,80.56000000,79.80000000,82.05000000,78.96000000,,358710.41000000,3.87218045,-0.23752969,-0.19000000,,恒瑞医药
2020-07-09,600276,79.83000000,81.01000000,81.60000000,79.42000000,,282674.64000000,2.69102580,1.51629073,1.21000000,,恒瑞医药
2020-07-10,600276,81.08000000,81.71000000,82.59000000,80.62000000,,293976.09000000,2.41096561,0.86409085,0.70000000,,恒瑞医药
2020-07-13,600276,81.90000000,82.10000000,82.98000000,81.46000000,,323715.08000000,1.85140073,0.47729776,0.39000000,,恒瑞医药
2020-07-14,600276,82.08000000,80.94000000,82.08000000,79.75000000,,332262.94000000,2.87867556,-1.41291108,-1.16000000,,恒瑞医药
2020-07-15,600276,82.16000000,84.74000000,86.41000000,81.46000000,,478899.51000000,5.84139722,4.69483568,3.80000000,,恒瑞医药
2020-07-16,600276,85.00000000,79.21000000,85.71000000,79.13000000,,475574.46000000,8.30703194,-6.52584376,-5.53000000,,恒瑞医药
2020-07-17,600276,78.84000000,79.19000000,80.48000000,78.08000000,,366631.52000000,3.03068569,-0.02524934,-0.02000000,,恒瑞医药
2020-07-20,600276,79.30000000,79.32000000,80.23000000,77.43000000,,256361.38000000,3.53000504,0.16416214,0.13000000,,恒瑞医药
2020-07-21,600276,80.08000000,81.66000000,82.23000000,79.31000000,,324188.57000000,3.57580211,2.95007564,2.34000000,,恒瑞医药
2020-07-22,600276,81.41000000,81.72000000,83.13000000,80.14000000,,301276.09000000,3.65883505,0.07347539,0.06000000,,恒瑞医药
2020-07-23,600276,81.26000000,81.72000000,82.98000000,80.58000000,,345556.35000000,2.93685756,0.00000000,0.00000000,,恒瑞医药
2020-07-24,600276,80.67000000,77.91000000,81.24000000,77.25000000,,444160.20000000,5.12129380,-4.66226138,-3.81000000,,恒瑞医药
2020-07-27,600276,77.90000000,78.41000000,79.71000000,77.66000000,,249829.11000000,2.61446244,0.64176614,0.50000000,,恒瑞医药
2020-07-28,600276,78.41000000,77.75000000,79.09000000,77.41000000,,285202.40000000,2.16077170,-0.84172937,-0.66000000,,恒瑞医药
2020-07-29,600276,77.45000000,78.79000000,79.23000000,77.25000000,,266036.73000000,2.51300927,1.33762058,1.04000000,,恒瑞医药
2020-07-30,600276,78.80000000,78.06000000,79.16000000,77.76000000,,272996.45000000,1.79349219,-0.92651352,-0.73000000,,恒瑞医药
2020-07-31,600276,77.97000000,77.56000000,78.48000000,75.45000000,,560034.17000000,3.90665291,-0.64053292,-0.50000000,,恒瑞医药
2020-08-03,600276,76.16000000,76.58000000,77.03000000,75.16000000,,639978.43000000,2.44189083,-1.26353791,-0.98000000,,恒瑞医药
2020-08-04,600276,76.83000000,77.23000000,78.76000000,76.79000000,,407385.07000000,2.55082222,0.84878558,0.65000000,,恒瑞医药
2020-08-05,600276,77.16000000,76.24000000,77.34000000,75.91000000,,383114.96000000,1.87565582,-1.28188528,-0.99000000,,恒瑞医药
2020-08-06,600276,76.42000000,74.75000000,76.66000000,74.34000000,,477497.04000000,3.10367893,-1.95435467,-1.49000000,,恒瑞医药
2020-08-07,600276,75.00000000,74.91000000,75.56000000,73.51000000,,329882.93000000,2.73661727,0.21404682,0.16000000,,恒瑞医药
2020-08-10,600276,75.01000000,74.57000000,75.24000000,73.69000000,,287939.48000000,2.07858388,-0.45387799,-0.34000000,,恒瑞医药
2020-08-11,600276,75.14000000,75.40000000,76.51000000,74.91000000,,350842.74000000,2.12201592,1.11304814,0.83000000,,恒瑞医药
2020-08-12,600276,75.40000000,73.92000000,75.72000000,73.08000000,,353338.73000000,3.57142857,-1.96286472,-1.48000000,,恒瑞医药
2020-08-13,600276,74.69000000,72.98000000,74.69000000,72.91000000,,263858.12000000,2.43902439,-1.27164502,-0.94000000,,恒瑞医药
2020-08-14,600276,73.06000000,73.50000000,73.75000000,72.22000000,,242375.05000000,2.08163265,0.71252398,0.52000000,,恒瑞医药
2020-08-17,600276,73.90000000,74.66000000,75.16000000,73.23000000,,343676.79000000,2.58505224,1.57823129,1.16000000,,恒瑞医药
2020-08-18,600276,74.91000000,76.75000000,77.80000000,74.91000000,,449290.68000000,3.76547231,2.79935709,2.09000000,,恒瑞医药
2020-08-19,600276,77.08000000,76.19000000,77.96000000,76.01000000,,327703.93000000,2.55939100,-0.72964169,-0.56000000,,恒瑞医药
2020-08-20,600276,76.19000000,75.33000000,76.70000000,74.91000000,,203114.18000000,2.37621134,-1.12875705,-0.86000000,,恒瑞医药
2020-08-21,600276,76.49000000,75.41000000,76.96000000,74.58000000,,205668.90000000,3.15608010,0.10619939,0.08000000,,恒瑞医药
2020-08-24,600276,76.40000000,75.93000000,76.41000000,75.29000000,,177433.32000000,1.47504280,0.68956372,0.52000000,,恒瑞医药
2020-08-25,600276,76.41000000,77.24000000,77.79000000,76.25000000,,249792.23000000,1.99378560,1.72527328,1.31000000,,恒瑞医药
2020-08-26,600276,77.27000000,77.73000000,78.86000000,77.00000000,,268722.96000000,2.39289849,0.63438633,0.49000000,,恒瑞医药
2020-08-27,600276,77.73000000,77.34000000,77.98000000,76.07000000,,213099.61000000,2.46961469,-0.50173678,-0.39000000,,恒瑞医药
2020-08-28,600276,76.66000000,78.41000000,78.50000000,76.34000000,,281548.10000000,2.75475067,1.38350142,1.07000000,,恒瑞医药
2020-08-31,600276,78.75000000,77.97000000,79.37000000,77.84000000,,272986.21000000,1.96229319,-0.56115291,-0.44000000,,恒瑞医药
2020-09-01,600276,77.66000000,77.24000000,78.54000000,76.70000000,,209669.34000000,2.38218540,-0.93625753,-0.73000000,,恒瑞医药
2020-09-02,600276,78.08000000,77.83000000,78.08000000,76.09000000,,273407.26000000,2.55685468,0.76385293,0.59000000,,恒瑞医药
2020-09-03,600276,77.83000000,78.08000000,78.81000000,77.15000000,,196908.13000000,2.12602459,0.32121290,0.25000000,,恒瑞医药
2020-09-04,600276,77.15000000,76.84000000,77.50000000,75.89000000,,254464.52000000,2.09526288,-1.58811475,-1.24000000,,恒瑞医药
2020-09-07,600276,76.41000000,75.25000000,77.07000000,75.16000000,,233965.58000000,2.53820598,-2.06923477,-1.59000000,,恒瑞医药
2020-09-08,600276,75.26000000,75.86000000,76.32000000,74.91000000,,205175.84000000,1.85868706,0.81063123,0.61000000,,恒瑞医药
2020-09-09,600276,75.20000000,74.16000000,75.64000000,73.50000000,,210802.86000000,2.88565264,-2.24097021,-1.70000000,,恒瑞医药
2020-09-10,600276,75.16000000,74.53000000,75.55000000,74.17000000,,162648.43000000,1.85160338,0.49892125,0.37000000,,恒瑞医药
2020-09-11,600276,73.58000000,75.42000000,75.80000000,73.58000000,,183389.84000000,2.94351631,1.19415001,0.89000000,,恒瑞医药
2020-09-14,600276,75.66000000,75.05000000,75.90000000,75.01000000,,154824.17000000,1.18587608,-0.49058605,-0.37000000,,恒瑞医药
2020-09-15,600276,75.00000000,74.83000000,75.02000000,73.93000000,,148881.31000000,1.45663504,-0.29313791,-0.22000000,,恒瑞医药
2020-09-16,600276,75.08000000,73.70000000,75.50000000,73.58000000,,195171.28000000,2.60515604,-1.51008954,-1.13000000,,恒瑞医药
2020-09-17,600276,73.15000000,70.82000000,73.61000000,70.58000000,,423045.12000000,4.27845241,-3.90773406,-2.88000000,,恒瑞医药
2020-09-18,600276,70.91000000,73.06000000,73.06000000,70.76000000,,297717.27000000,3.14809745,3.16294832,2.24000000,,恒瑞医药
2020-09-21,600276,72.91000000,72.66000000,73.46000000,72.04000000,,168298.13000000,1.95430773,-0.54749521,-0.40000000,,恒瑞医药
2020-09-22,600276,72.25000000,73.33000000,74.00000000,72.24000000,,204940.47000000,2.40010910,0.92210295,0.67000000,,恒瑞医药
2020-09-23,600276,73.46000000,73.78000000,74.33000000,72.96000000,,155194.78000000,1.85687178,0.61366426,0.45000000,,恒瑞医药
2020-09-24,600276,73.54000000,72.13000000,73.54000000,71.66000000,,173027.34000000,2.60640510,-2.23637842,-1.65000000,,恒瑞医药
2020-09-25,600276,72.50000000,72.62000000,72.76000000,71.71000000,,141112.75000000,1.44588268,0.67932899,0.49000000,,恒瑞医药
2020-09-28,600276,72.66000000,72.73000000,73.56000000,72.34000000,,145684.91000000,1.67743710,0.15147342,0.11000000,,恒瑞医药
2020-09-29,600276,73.31000000,73.82000000,74.25000000,73.00000000,,177814.46000000,1.69330805,1.49869380,1.09000000,,恒瑞医药
2020-09-30,600276,74.24000000,73.76000000,75.56000000,73.50000000,,234315.95000000,2.79284165,-0.08127879,-0.06000000,,恒瑞医药
2020-10-09,600276,75.58000000,75.54000000,75.95000000,74.62000000,,195760.69000000,1.76065661,2.41323210,1.78000000,,恒瑞医药
2020-10-12,600276,75.91000000,77.41000000,77.50000000,75.90000000,,246020.19000000,2.06691642,2.47550966,1.87000000,,恒瑞医药
2020-10-13,600276,77.41000000,77.00000000,77.82000000,76.51000000,,186963.58000000,1.70129870,-0.52964733,-0.41000000,,恒瑞医药
2020-10-14,600276,76.82000000,76.41000000,77.31000000,76.21000000,,210900.34000000,1.43960215,-0.76623377,-0.59000000,,恒瑞医药
2020-10-15,600276,76.41000000,76.55000000,76.96000000,76.05000000,,178034.79000000,1.18876551,0.18322209,0.14000000,,恒瑞医药
2020-10-16,600276,77.21000000,76.50000000,77.41000000,75.68000000,,176502.17000000,2.26143791,-0.06531679,-0.05000000,,恒瑞医药
2020-10-19,600276,76.98000000,75.18000000,77.25000000,74.84000000,,207159.34000000,3.20563980,-1.72549020,-1.32000000,,恒瑞医药
2020-10-20,600276,75.07000000,74.76000000,75.18000000,73.63000000,,222966.71000000,2.07330123,-0.55865922,-0.42000000,,恒瑞医药
2020-10-21,600276,74.76000000,73.56000000,74.91000000,73.09000000,,288335.96000000,2.47417074,-1.60513644,-1.20000000,,恒瑞医药
2020-10-22,600276,73.53000000,73.55000000,73.55000000,72.66000000,,161529.15000000,1.21006118,-0.01359434,-0.01000000,,恒瑞医药
2020-10-23,600276,73.55000000,72.37000000,73.80000000,72.31000000,,145912.35000000,2.05886417,-1.60435078,-1.18000000,,恒瑞医药
2020-10-26,600276,72.33000000,73.23000000,73.53000000,71.91000000,,125431.86000000,2.21220811,1.18833771,0.86000000,,恒瑞医药
2020-10-27,600276,73.21000000,73.27000000,73.71000000,72.51000000,,152409.54000000,1.63777808,0.05462242,0.04000000,,恒瑞医药
2020-10-28,600276,73.27000000,75.05000000,75.58000000,72.67000000,,260264.02000000,3.87741506,2.42937082,1.78000000,,恒瑞医药
2020-10-29,600276,74.49000000,74.78000000,75.58000000,73.75000000,,238521.81000000,2.44717839,-0.35976016,-0.27000000,,恒瑞医药
2020-10-30,600276,74.88000000,72.95000000,75.07000000,72.52000000,,303491.03000000,3.49554489,-2.44717839,-1.83000000,,恒瑞医药
2020-11-02,600276,72.73000000,73.27000000,73.50000000,72.08000000,,214136.50000000,1.93803740,0.43865661,0.32000000,,恒瑞医药
2020-11-03,600276,73.44000000,74.04000000,74.27000000,73.09000000,,196299.73000000,1.59373312,1.05090760,0.77000000,,恒瑞医药
2020-11-04,600276,74.07000000,74.06000000,74.33000000,73.56000000,,139725.54000000,1.03969754,0.02701243,0.02000000,,恒瑞医药
2020-11-05,600276,75.06000000,74.91000000,75.75000000,74.46000000,,180905.90000000,1.72206648,1.14771807,0.85000000,,恒瑞医药
2020-11-06,600276,75.33000000,72.99000000,75.41000000,72.25000000,,319761.90000000,4.32936019,-2.56307569,-1.92000000,,恒瑞医药
2020-11-09,600276,73.15000000,73.39000000,73.86000000,72.76000000,,314853.23000000,1.49884180,0.54802028,0.40000000,,恒瑞医药
2020-11-10,600276,73.58000000,72.21000000,73.78000000,71.97000000,,300412.95000000,2.50657804,-1.60784848,-1.18000000,,恒瑞医药
2020-11-11,600276,72.21000000,70.72000000,72.21000000,70.50000000,,351043.52000000,2.41798643,-2.06342612,-1.49000000,,恒瑞医药
2020-11-12,600276,71.00000000,71.04000000,71.56000000,70.75000000,,195162.10000000,1.14020270,0.45248869,0.32000000,,恒瑞医药
2020-11-13,600276,71.08000000,70.16000000,71.20000000,69.90000000,,294420.48000000,1.85290764,-1.23873874,-0.88000000,,恒瑞医药
2020-11-16,600276,70.66000000,70.27000000,70.87000000,69.70000000,,203857.59000000,1.66500640,0.15678449,0.11000000,,恒瑞医药
2020-11-17,600276,70.28000000,70.19000000,70.44000000,69.66000000,,215696.11000000,1.11126941,-0.11384659,-0.08000000,,恒瑞医药
2020-11-18,600276,70.21000000,71.09000000,71.65000000,70.21000000,,240688.42000000,2.02560135,1.28223394,0.90000000,,恒瑞医药
2020-11-19,600276,71.41000000,71.66000000,71.91000000,71.00000000,,180168.63000000,1.26988557,0.80180053,0.57000000,,恒瑞医药
2020-11-20,600276,71.66000000,71.34000000,71.98000000,71.14000000,,171634.36000000,1.17746005,-0.44655317,-0.32000000,,恒瑞医药
2020-11-23,600276,71.34000000,70.68000000,71.41000000,69.75000000,,328838.46000000,2.34861347,-0.92514718,-0.66000000,,恒瑞医药
2020-11-24,600276,70.67000000,71.56000000,71.59000000,70.19000000,,238377.57000000,1.95640022,1.24504810,0.88000000,,恒瑞医药
2020-11-25,600276,71.56000000,70.69000000,71.69000000,70.50000000,,200237.59000000,1.68340642,-1.21576300,-0.87000000,,恒瑞医药
2020-11-26,600276,71.24000000,70.58000000,71.38000000,69.82000000,,156071.66000000,2.21025786,-0.15560900,-0.11000000,,恒瑞医药
2020-11-27,600276,70.48000000,71.37000000,71.41000000,69.77000000,,162138.30000000,2.29788427,1.11929725,0.79000000,,恒瑞医药
2020-11-30,600276,71.16000000,70.57000000,71.83000000,70.57000000,,241934.47000000,1.78546124,-1.12091915,-0.80000000,,恒瑞医药
2020-12-01,600276,70.82000000,71.92000000,72.15000000,70.71000000,,245353.27000000,2.00222469,1.91299419,1.35000000,,恒瑞医药
2020-12-02,600276,72.09000000,71.86000000,72.15000000,71.39000000,,159662.99000000,1.05761202,-0.08342603,-0.06000000,,恒瑞医药
2020-12-03,600276,72.08000000,73.91000000,74.00000000,71.93000000,,321789.13000000,2.80070356,2.85276927,2.05000000,,恒瑞医药
2020-12-04,600276,73.82000000,75.01000000,75.16000000,73.50000000,,301797.14000000,2.21303826,1.48829658,1.10000000,,恒瑞医药
2020-12-07,600276,75.40000000,73.81000000,75.40000000,73.34000000,,239911.75000000,2.79094974,-1.59978670,-1.20000000,,恒瑞医药
2020-12-08,600276,74.55000000,73.97000000,74.57000000,73.66000000,,145613.20000000,1.23022847,0.21677280,0.16000000,,恒瑞医药
2020-12-09,600276,74.46000000,72.45000000,74.46000000,72.36000000,,223855.26000000,2.89855072,-2.05488712,-1.52000000,,恒瑞医药
2020-12-10,600276,72.25000000,73.08000000,73.66000000,71.90000000,,172351.43000000,2.40831965,0.86956522,0.63000000,,恒瑞医药
2020-12-11,600276,73.58000000,73.50000000,74.61000000,72.75000000,,259012.07000000,2.53061224,0.57471264,0.42000000,,恒瑞医药
2020-12-14,600276,73.10000000,74.01000000,74.24000000,72.27000000,,178857.62000000,2.66180246,0.69387755,0.51000000,,恒瑞医药
2020-12-15,600276,74.01000000,79.76000000,79.99000000,74.01000000,,771545.20000000,7.49749248,7.76922038,5.75000000,,恒瑞医药
2020-12-16,600276,79.81000000,79.76000000,80.48000000,78.56000000,,410625.17000000,2.40722166,0.00000000,0.00000000,,恒瑞医药
2020-12-17,600276,83.91000000,86.56000000,87.84000000,83.09000000,,903875.43000000,5.48752311,8.52557673,6.80000000,,恒瑞医药
2020-12-18,600276,87.09000000,86.96000000,88.46000000,85.93000000,,463820.65000000,2.90938362,0.46210721,0.40000000,,恒瑞医药
2020-12-21,600276,87.04000000,88.80000000,89.40000000,86.31000000,,369735.77000000,3.47972973,2.11591536,1.84000000,,恒瑞医药
2020-12-22,600276,88.75000000,87.41000000,89.73000000,87.25000000,,284836.48000000,2.83720398,-1.56531532,-1.39000000,,恒瑞医药
2020-12-23,600276,88.41000000,87.25000000,89.04000000,86.71000000,,298966.25000000,2.67048711,-0.18304542,-0.16000000,,恒瑞医药
2020-12-24,600276,87.66000000,89.58000000,91.51000000,87.34000000,,283334.37000000,4.65505693,2.67048711,2.33000000,,恒瑞医药
2020-12-25,600276,89.60000000,94.76000000,96.00000000,89.33000000,,324330.38000000,7.03883495,5.78254075,5.18000000,,恒瑞医药
2020-12-28,600276,95.58000000,91.41000000,95.96000000,90.58000000,,394340.48000000,5.88557051,-3.53524694,-3.35000000,,恒瑞医药
2020-12-29,600276,92.10000000,89.15000000,92.77000000,87.29000000,,377975.34000000,6.14694335,-2.47237720,-2.26000000,,恒瑞医药
2020-12-30,600276,89.73000000,92.83000000,93.41000000,89.58000000,,362171.22000000,4.12582139,4.12787437,3.68000000,,恒瑞医药
2020-12-31,600276,92.71000000,91.80000000,92.80000000,90.59000000,,281568.85000000,2.40740741,-1.10955510,-1.03000000,,恒瑞医药
2021-01-04,600276,92.24000000,91.58000000,93.66000000,91.41000000,,363422.65000000,2.45686831,-0.23965142,-0.22000000,,恒瑞医药
2021-01-05,600276,91.58000000,93.27000000,96.13000000,91.57000000,,417627.95000000,4.88903184,1.84538109,1.69000000,,恒瑞医药
2021-01-06,600276,93.29000000,93.68000000,95.47000000,92.25000000,,283700.17000000,3.43723313,0.43958400,0.41000000,,恒瑞医药
2021-01-07,600276,94.63000000,94.75000000,94.75000000,92.08000000,,329276.05000000,2.81794195,1.14218617,1.07000000,,恒瑞医药
2021-01-08,600276,94.85000000,93.26000000,96.31000000,92.37000000,,307676.05000000,4.22474802,-1.57255937,-1.49000000,,恒瑞医药
2021-01-11,600276,92.51000000,91.66000000,94.04000000,90.58000000,,272011.38000000,3.77481999,-1.71563371,-1.60000000,,恒瑞医药
2021-01-12,600276,91.66000000,94.00000000,94.35000000,90.58000000,,286387.91000000,4.01063830,2.55291294,2.34000000,,恒瑞医药
2021-01-13,600276,93.92000000,92.72000000,94.32000000,91.93000000,,237719.06000000,2.57765315,-1.36170213,-1.28000000,,恒瑞医药
2021-01-14,600276,92.72000000,90.73000000,93.02000000,89.41000000,,300416.17000000,3.97883831,-2.14624676,-1.99000000,,恒瑞医药
2021-01-15,600276,91.83000000,90.44000000,91.83000000,88.92000000,,247070.98000000,3.21760283,-0.31962967,-0.29000000,,恒瑞医药
2021-01-18,600276,89.77000000,88.77000000,90.86000000,88.41000000,,235131.96000000,2.75994142,-1.84652808,-1.67000000,,恒瑞医药
2021-01-19,600276,89.33000000,86.37000000,89.33000000,85.81000000,,348142.27000000,4.07548917,-2.70361609,-2.40000000,,恒瑞医药
2021-01-20,600276,87.16000000,87.22000000,88.52000000,86.41000000,,305027.27000000,2.41916992,0.98413801,0.85000000,,恒瑞医药
2021-01-21,600276,87.25000000,89.04000000,89.58000000,86.73000000,,382934.55000000,3.20080863,2.08667737,1.82000000,,恒瑞医药
2021-01-22,600276,88.88000000,92.75000000,93.08000000,88.17000000,,411307.99000000,5.29380054,4.16666667,3.71000000,,恒瑞医药
2021-01-25,600276,92.90000000,91.79000000,93.61000000,90.16000000,,387944.49000000,3.75857937,-1.03504043,-0.96000000,,恒瑞医药
2021-01-26,600276,91.04000000,88.08000000,91.65000000,87.87000000,,339761.00000000,4.29155313,-4.04183462,-3.71000000,,恒瑞医药
2021-01-27,600276,88.66000000,87.76000000,89.06000000,86.83000000,,230270.45000000,2.54102097,-0.36330609,-0.32000000,,恒瑞医药
2021-01-28,600276,87.71000000,86.13000000,88.91000000,85.06000000,,282737.48000000,4.46998723,-1.85733820,-1.63000000,,恒瑞医药
2021-01-29,600276,85.79000000,85.38000000,86.51000000,83.09000000,,327275.53000000,4.00562193,-0.87077673,-0.75000000,,恒瑞医药
2021-02-01,600276,84.30000000,84.37000000,85.66000000,83.08000000,,250766.09000000,3.05795899,-1.18294683,-1.01000000,,恒瑞医药
2021-02-02,600276,85.34000000,87.25000000,88.08000000,83.96000000,,311946.28000000,4.72206304,3.41353562,2.88000000,,恒瑞医药
2021-02-03,600276,87.20000000,86.41000000,88.04000000,86.01000000,,215735.69000000,2.34926513,-0.96275072,-0.84000000,,恒瑞医药
2021-02-04,600276,85.58000000,84.58000000,85.91000000,83.51000000,,285482.11000000,2.83755025,-2.11781044,-1.83000000,,恒瑞医药
2021-02-05,600276,85.54000000,88.33000000,89.16000000,84.33000000,,380711.74000000,5.46813087,4.43367226,3.75000000,,恒瑞医药
2021-02-08,600276,88.34000000,87.48000000,90.04000000,87.12000000,,373467.91000000,3.33790581,-0.96230046,-0.85000000,,恒瑞医药
2021-02-09,600276,88.71000000,90.36000000,91.26000000,87.08000000,,341345.61000000,4.62594068,3.29218107,2.88000000,,恒瑞医药
2021-02-10,600276,89.91000000,89.91000000,91.21000000,88.18000000,,343645.24000000,3.37003670,-0.49800797,-0.45000000,,恒瑞医药
2021-02-18,600276,91.75000000,86.33000000,91.75000000,86.00000000,,450415.64000000,6.66048882,-3.98175954,-3.58000000,,恒瑞医药
2021-02-19,600276,86.06000000,86.55000000,87.06000000,84.59000000,,286563.49000000,2.85384171,0.25483609,0.22000000,,恒瑞医药
2021-02-22,600276,87.58000000,82.26000000,87.58000000,82.25000000,,456260.45000000,6.47945539,-4.95667244,-4.29000000,,恒瑞医药
2021-02-23,600276,81.70000000,82.83000000,83.88000000,81.41000000,,254888.64000000,2.98201135,0.69292487,0.57000000,,恒瑞医药
2021-02-24,600276,83.07000000,82.00000000,83.08000000,81.08000000,,317806.63000000,2.43902439,-1.00205240,-0.83000000,,恒瑞医药
2021-02-25,600276,82.25000000,83.12000000,84.11000000,81.54000000,,316097.19000000,3.09191530,1.36585366,1.12000000,,恒瑞医药
2021-02-26,600276,81.42000000,83.75000000,85.30000000,81.42000000,,349963.66000000,4.63283582,0.75794033,0.63000000,,恒瑞医药
2021-03-01,600276,84.58000000,82.51000000,84.58000000,81.67000000,,305339.38000000,3.52684523,-1.48059701,-1.24000000,,恒瑞医药
2021-03-02,600276,82.51000000,80.87000000,82.92000000,80.16000000,,304205.74000000,3.41288488,-1.98763786,-1.64000000,,恒瑞医药
2021-03-03,600276,81.00000000,83.37000000,83.48000000,80.20000000,,264631.84000000,3.93426892,3.09138123,2.50000000,,恒瑞医药
2021-03-04,600276,82.40000000,82.66000000,83.37000000,81.07000000,,250831.24000000,2.78248246,-0.85162528,-0.71000000,,恒瑞医药
2021-03-05,600276,81.01000000,82.50000000,83.19000000,80.99000000,,228363.25000000,2.66666667,-0.19356400,-0.16000000,,恒瑞医药
2021-03-08,600276,82.84000000,75.68000000,83.54000000,75.33000000,,462043.35000000,10.84830867,-8.26666667,-6.82000000,,恒瑞医药
2021-03-09,600276,76.31000000,75.40000000,77.82000000,73.41000000,,429656.18000000,5.84880637,-0.36997886,-0.28000000,,恒瑞医药
2021-03-10,600276,77.24000000,76.75000000,77.69000000,76.03000000,,242134.15000000,2.16286645,1.79045093,1.35000000,,恒瑞医药
2021-03-11,600276,77.24000000,76.81000000,77.98000000,76.00000000,,272516.41000000,2.57778935,0.07817590,0.06000000,,恒瑞医药
2021-03-12,600276,77.66000000,75.74000000,78.33000000,75.23000000,,229178.55000000,4.09294956,-1.39304778,-1.07000000,,恒瑞医药
2021-03-15,600276,74.86000000,73.57000000,75.62000000,72.72000000,,301244.08000000,3.94182411,-2.86506470,-2.17000000,,恒瑞医药
2021-03-16,600276,74.33000000,73.24000000,74.56000000,72.33000000,,240419.67000000,3.04478427,-0.44855240,-0.33000000,,恒瑞医药
2021-03-17,600276,73.25000000,72.76000000,73.71000000,71.90000000,,250863.37000000,2.48763057,-0.65537957,-0.48000000,,恒瑞医药
2021-03-18,600276,73.09000000,73.26000000,74.32000000,72.50000000,,311127.51000000,2.48430248,0.68719076,0.50000000,,恒瑞医药
2021-03-19,600276,72.25000000,72.29000000,73.03000000,71.58000000,,224501.45000000,2.00580993,-1.32405132,-0.97000000,,恒瑞医药
2021-03-22,600276,72.29000000,72.34000000,74.16000000,71.91000000,,254826.96000000,3.11031241,0.06916586,0.05000000,,恒瑞医药
2021-03-23,600276,71.46000000,71.96000000,72.62000000,71.42000000,,243465.43000000,1.66759311,-0.52529721,-0.38000000,,恒瑞医药
2021-03-24,600276,71.96000000,71.01000000,72.41000000,70.37000000,,201135.20000000,2.87283481,-1.32017788,-0.95000000,,恒瑞医药
2021-03-25,600276,70.33000000,71.61000000,72.14000000,69.82000000,,217352.35000000,3.23977098,0.84495142,0.60000000,,恒瑞医药
2021-03-26,600276,71.91000000,74.93000000,75.66000000,71.74000000,,378234.39000000,5.23154945,4.63622399,3.32000000,,恒瑞医药
2021-03-29,600276,75.00000000,74.36000000,75.50000000,74.02000000,,249642.10000000,1.99031737,-0.76071000,-0.57000000,,恒瑞医药
2021-03-30,600276,74.21000000,76.91000000,76.98000000,73.91000000,,296355.71000000,3.99167859,3.42926304,2.55000000,,恒瑞医药
2021-03-31,600276,76.59000000,75.66000000,76.59000000,74.76000000,,188051.39000000,2.41871531,-1.62527630,-1.25000000,,恒瑞医药
2021-04-01,600276,75.25000000,77.12000000,77.66000000,75.25000000,,192760.29000000,3.12500000,1.92968543,1.46000000,,恒瑞医药
2021-04-02,600276,77.25000000,76.15000000,77.95000000,75.48000000,,197985.10000000,3.24359816,-1.25778008,-0.97000000,,恒瑞医药
2021-04-06,600276,75.91000000,74.66000000,75.94000000,74.46000000,,169784.96000000,1.98231985,-1.95666448,-1.49000000,,恒瑞医药
2021-04-07,600276,74.91000000,74.48000000,75.00000000,73.70000000,,169071.48000000,1.74543502,-0.24109295,-0.18000000,,恒瑞医药
2021-04-08,600276,74.16000000,75.95000000,76.29000000,73.66000000,,184761.40000000,3.46280448,1.97368421,1.47000000,,恒瑞医药
2021-04-09,600276,76.41000000,74.91000000,76.58000000,74.33000000,,179889.09000000,3.00360433,-1.36932192,-1.04000000,,恒瑞医药
2021-04-12,600276,74.62000000,73.52000000,75.56000000,72.98000000,,213443.89000000,3.50924918,-1.85556001,-1.39000000,,恒瑞医药
2021-04-13,600276,73.41000000,73.06000000,74.16000000,71.96000000,,223808.89000000,3.01122365,-0.62568009,-0.46000000,,恒瑞医药
2021-04-14,600276,73.46000000,70.18000000,73.46000000,67.43000000,,922490.94000000,8.59219151,-3.94196551,-2.88000000,,恒瑞医药
2021-04-15,600276,69.35000000,67.40000000,69.40000000,67.30000000,,598683.83000000,3.11572700,-3.96124252,-2.78000000,,恒瑞医药
2021-04-16,600276,67.54000000,66.10000000,67.54000000,65.01000000,,528806.32000000,3.82753404,-1.92878338,-1.30000000,,恒瑞医药
2021-04-19,600276,66.16000000,67.32000000,67.42000000,65.16000000,,529617.73000000,3.35710042,1.84568835,1.22000000,,恒瑞医药
2021-04-20,600276,67.16000000,65.84000000,67.16000000,65.08000000,,742405.23000000,3.15917375,-2.19845514,-1.48000000,,恒瑞医药
2021-04-21,600276,65.74000000,68.23000000,68.38000000,65.26000000,,688096.52000000,4.57276858,3.63001215,2.39000000,,恒瑞医药
2021-04-22,600276,67.81000000,67.41000000,68.00000000,67.08000000,,368503.61000000,1.36478267,-1.20181738,-0.82000000,,恒瑞医药
2021-04-23,600276,68.00000000,68.08000000,68.90000000,67.25000000,,468637.94000000,2.42361927,0.99391782,0.67000000,,恒瑞医药
2021-04-26,600276,68.23000000,66.85000000,69.39000000,66.73000000,,542472.71000000,3.97905759,-1.80669800,-1.23000000,,恒瑞医药
2021-04-27,600276,66.86000000,68.12000000,68.23000000,66.29000000,,336011.74000000,2.84791544,1.89977562,1.27000000,,恒瑞医药
2021-04-28,600276,68.16000000,67.96000000,68.40000000,67.16000000,,271647.36000000,1.82460271,-0.23487962,-0.16000000,,恒瑞医药
2021-04-29,600276,68.07000000,67.54000000,68.16000000,67.08000000,,317535.62000000,1.59905241,-0.61801059,-0.42000000,,恒瑞医药
2021-04-30,600276,68.08000000,69.00000000,70.00000000,67.59000000,,513369.41000000,3.49275362,2.16168197,1.46000000,,恒瑞医药
2021-05-06,600276,69.00000000,67.35000000,70.00000000,67.26000000,,421448.00000000,4.06829993,-2.39130435,-1.65000000,,恒瑞医药
2021-05-07,600276,67.35000000,65.57000000,67.54000000,65.57000000,,371053.86000000,3.00442275,-2.64291017,-1.78000000,,恒瑞医药
2021-05-10,600276,65.50000000,65.86000000,66.31000000,63.92000000,,253161.23000000,3.62890981,0.44227543,0.29000000,,恒瑞医药
2021-05-11,600276,65.16000000,68.67000000,68.75000000,65.04000000,,387986.73000000,5.40265036,4.26662618,2.81000000,,恒瑞医药
2021-05-12,600276,68.61000000,68.23000000,68.86000000,67.66000000,,243462.50000000,1.75875714,-0.64074559,-0.44000000,,恒瑞医药
2021-05-13,600276,67.76000000,67.02000000,68.01000000,66.52000000,,247591.01000000,2.22321695,-1.77341345,-1.21000000,,恒瑞医药
2021-05-14,600276,67.51000000,68.77000000,69.08000000,66.76000000,,347378.29000000,3.37356405,2.61116085,1.75000000,,恒瑞医药
2021-05-17,600276,69.25000000,70.06000000,71.12000000,69.21000000,,358228.71000000,2.72623466,1.87581794,1.29000000,,恒瑞医药
2021-05-18,600276,70.08000000,70.36000000,70.86000000,69.36000000,,191551.65000000,2.13189312,0.42820440,0.30000000,,恒瑞医药
2021-05-19,600276,70.33000000,69.79000000,70.33000000,69.33000000,,167147.16000000,1.43287004,-0.81011939,-0.57000000,,恒瑞医药
2021-05-20,600276,69.89000000,68.67000000,70.03000000,68.33000000,,347174.75000000,2.47560798,-1.60481444,-1.12000000,,恒瑞医药
2021-05-21,600276,68.96000000,67.39000000,69.96000000,67.25000000,,366266.20000000,4.02136816,-1.86398719,-1.28000000,,恒瑞医药
2021-05-24,600276,67.17000000,68.38000000,68.38000000,66.33000000,,279434.78000000,2.99795262,1.46906069,0.99000000,,恒瑞医药
2021-05-25,600276,68.37000000,70.79000000,71.13000000,68.29000000,,464456.80000000,4.01186608,3.52442235,2.41000000,,恒瑞医药
2021-05-26,600276,71.48000000,70.82000000,71.81000000,70.27000000,,417488.43000000,2.17452697,0.04237887,0.03000000,,恒瑞医药
2021-05-27,600276,70.55000000,70.84000000,71.33000000,69.86000000,,326367.50000000,2.07509881,0.02824061,0.02000000,,恒瑞医药
2021-05-28,600276,71.32000000,70.46000000,71.68000000,69.96000000,,321284.05000000,2.44110133,-0.53642010,-0.38000000,,恒瑞医药
2021-05-31,600276,70.33000000,70.83000000,70.90000000,69.76000000,,259537.25000000,1.60948751,0.52512064,0.37000000,,恒瑞医药
2021-06-01,600276,70.91000000,71.81000000,71.83000000,70.25000000,,392538.26000000,2.20025066,1.38359452,0.98000000,,恒瑞医药
2021-06-02,600276,71.84000000,69.21000000,72.04000000,68.58000000,,524298.71000000,4.99927756,-3.62066565,-2.60000000,,恒瑞医药
2021-06-03,600276,68.52000000,67.73000000,68.83000000,67.71000000,,414103.38000000,1.65362469,-2.13841930,-1.48000000,,恒瑞医药
2021-06-04,600276,67.31000000,67.79000000,68.49000000,66.99000000,,334781.19000000,2.21271574,0.08858704,0.06000000,,恒瑞医药
2021-06-07,600276,67.66000000,67.61000000,67.69000000,66.62000000,,253011.13000000,1.58260612,-0.26552589,-0.18000000,,恒瑞医药
2021-06-08,600276,67.96000000,68.06000000,69.19000000,67.76000000,,297829.18000000,2.10108728,0.66558201,0.45000000,,恒瑞医药
2021-06-09,600276,68.16000000,69.04000000,69.33000000,68.16000000,,256590.93000000,1.69466976,1.43990597,0.98000000,,恒瑞医药
2021-06-10,600276,70.09000000,72.08000000,74.54000000,69.20000000,,617790.45000000,7.40843507,4.40324450,3.04000000,,恒瑞医药
2021-06-11,600276,72.18000000,72.04000000,72.53000000,70.18000000,,448208.74000000,3.26207662,-0.05549390,-0.04000000,,恒瑞医药
2021-06-15,600276,72.04000000,70.96000000,73.23000000,70.63000000,,438438.03000000,3.66403608,-1.49916713,-1.08000000,,恒瑞医药
2021-06-16,600276,70.96000000,69.89000000,71.48000000,69.58000000,,280377.61000000,2.71855773,-1.50789177,-1.07000000,,恒瑞医药
2021-06-17,600276,69.92000000,70.23000000,70.37000000,69.24000000,,233548.01000000,1.60899900,0.48647875,0.34000000,,恒瑞医药
2021-06-18,600276,70.58000000,70.52000000,71.53000000,69.91000000,,310606.55000000,2.29722065,0.41292895,0.29000000,,恒瑞医药
2021-06-21,600276,70.28000000,68.59000000,70.28000000,68.19000000,,452862.31000000,3.04709141,-2.73681225,-1.93000000,,恒瑞医药
2021-06-22,600276,68.59000000,69.56000000,69.57000000,68.08000000,,436129.83000000,2.14203565,1.41420032,0.97000000,,恒瑞医药
2021-06-23,600276,69.65000000,70.23000000,71.54000000,69.63000000,,572155.69000000,2.71963548,0.96319724,0.67000000,,恒瑞医药
2021-06-24,600276,69.07000000,67.08000000,69.07000000,66.95000000,,772127.94000000,3.16040549,-4.48526271,-3.15000000,,恒瑞医药
2021-06-25,600276,66.75000000,67.14000000,67.52000000,66.06000000,,537240.03000000,2.17456062,0.08944544,0.06000000,,恒瑞医药
2021-06-28,600276,67.14000000,67.68000000,67.68000000,66.58000000,,411067.70000000,1.62529551,0.80428954,0.54000000,,恒瑞医药
2021-06-29,600276,67.69000000,67.28000000,67.90000000,66.89000000,,300627.02000000,1.50118906,-0.59101655,-0.40000000,,恒瑞医药
2021-06-30,600276,67.33000000,67.05000000,67.78000000,66.98000000,,266825.14000000,1.19313945,-0.34185493,-0.23000000,,恒瑞医药
2021-07-01,600276,67.08000000,68.77000000,69.88000000,66.83000000,,494101.76000000,4.43507343,2.56524981,1.72000000,,恒瑞医药
2021-07-02,600276,68.11000000,65.99000000,68.37000000,65.93000000,,531315.55000000,3.69752993,-4.04246038,-2.78000000,,恒瑞医药
2021-07-05,600276,65.74000000,62.03000000,65.74000000,61.40000000,,795018.91000000,6.99661454,-6.00090923,-3.96000000,,恒瑞医药
2021-07-06,600276,61.68000000,61.14000000,61.68000000,59.91000000,,655917.79000000,2.89499509,-1.43478962,-0.89000000,,恒瑞医药
2021-07-07,600276,61.37000000,61.53000000,62.57000000,61.34000000,,421309.78000000,1.99902487,0.63788027,0.39000000,,恒瑞医药
2021-07-08,600276,61.54000000,60.45000000,61.96000000,60.25000000,,376692.99000000,2.82878412,-1.75524135,-1.08000000,,恒瑞医药
2021-07-09,600276,60.10000000,61.18000000,61.40000000,59.98000000,,317139.65000000,2.32101994,1.20760959,0.73000000,,恒瑞医药
2021-07-12,600276,62.58000000,62.20000000,63.58000000,62.07000000,,599866.95000000,2.42765273,1.66721151,1.02000000,,恒瑞医药
2021-07-13,600276,62.20000000,61.02000000,62.49000000,60.84000000,,381454.68000000,2.70403147,-1.89710611,-1.18000000,,恒瑞医药
2021-07-14,600276,60.78000000,59.19000000,60.88000000,59.08000000,,676798.71000000,3.04105423,-2.99901672,-1.83000000,,恒瑞医药
2021-07-15,600276,58.88000000,59.35000000,59.37000000,57.46000000,,648061.22000000,3.21819714,0.27031593,0.16000000,,恒瑞医药
2021-07-16,600276,59.35000000,59.18000000,59.35000000,58.08000000,,450067.36000000,2.14599527,-0.28643639,-0.17000000,,恒瑞医药
2021-07-19,600276,58.92000000,60.04000000,60.08000000,58.09000000,,502333.30000000,3.31445703,1.45319365,0.86000000,,恒瑞医药
2021-07-20,600276,59.93000000,62.26000000,62.26000000,59.58000000,,798080.81000000,4.30452939,3.69753498,2.22000000,,恒瑞医药
2021-07-21,600276,63.08000000,62.06000000,63.55000000,61.74000000,,554571.24000000,2.91653239,-0.32123354,-0.20000000,,恒瑞医药
2021-07-22,600276,62.04000000,60.36000000,62.04000000,60.35000000,,470006.40000000,2.79986746,-2.73928456,-1.70000000,,恒瑞医药
2021-07-23,600276,60.27000000,60.57000000,60.93000000,59.31000000,,361120.11000000,2.67459138,0.34791252,0.21000000,,恒瑞医药
2021-07-26,600276,60.38000000,58.30000000,60.38000000,57.67000000,,464010.01000000,4.64837050,-3.74772990,-2.27000000,,恒瑞医药
2021-07-27,600276,58.29000000,53.58000000,58.66000000,53.19000000,,810946.44000000,10.20903322,-8.09605489,-4.72000000,,恒瑞医药
2021-07-28,600276,53.05000000,54.99000000,55.35000000,52.68000000,,523920.23000000,4.85542826,2.63157895,1.41000000,,恒瑞医药
2021-07-29,600276,56.68000000,54.19000000,56.98000000,53.75000000,,530125.07000000,5.96050932,-1.45480997,-0.80000000,,恒瑞医药
2021-07-30,600276,53.66000000,53.46000000,53.96000000,52.08000000,,484235.69000000,3.51664796,-1.34711201,-0.73000000,,恒瑞医药
2021-08-02,600276,53.06000000,54.33000000,55.33000000,51.33000000,,604140.95000000,7.36241487,1.62738496,0.87000000,,恒瑞医药
2021-08-03,600276,54.19000000,56.48000000,56.48000000,53.68000000,,549982.21000000,4.95750708,3.95729799,2.15000000,,恒瑞医药
2021-08-04,600276,56.68000000,55.41000000,56.85000000,54.88000000,,473267.82000000,3.55531493,-1.89447592,-1.07000000,,恒瑞医药
2021-08-05,600276,55.42000000,54.88000000,56.56000000,54.57000000,,385788.77000000,3.62609329,-0.95650605,-0.53000000,,恒瑞医药
2021-08-06,600276,54.58000000,53.88000000,54.62000000,53.36000000,,347438.25000000,2.33853007,-1.82215743,-1.00000000,,恒瑞医药
2021-08-09,600276,53.58000000,56.00000000,57.00000000,53.34000000,,539000.47000000,6.53571429,3.93466964,2.12000000,,恒瑞医药
2021-08-10,600276,56.17000000,56.82000000,56.88000000,54.82000000,,563060.95000000,3.62548398,1.46428571,0.82000000,,恒瑞医药
2021-08-11,600276,56.28000000,55.97000000,57.45000000,55.85000000,,394125.59000000,2.85867429,-1.49595213,-0.85000000,,恒瑞医药
2021-08-12,600276,55.61000000,54.88000000,56.75000000,54.70000000,,400836.44000000,3.73542274,-1.94747186,-1.09000000,,恒瑞医药
2021-08-13,600276,54.64000000,55.61000000,55.73000000,54.36000000,,338591.64000000,2.46358569,1.33017493,0.73000000,,恒瑞医药
2021-08-16,600276,55.61000000,55.55000000,56.18000000,55.13000000,,250644.84000000,1.89018902,-0.10789426,-0.06000000,,恒瑞医药
2021-08-17,600276,55.28000000,53.83000000,55.51000000,53.73000000,,362978.64000000,3.30670630,-3.09630963,-1.72000000,,恒瑞医药
2021-08-18,600276,53.90000000,54.07000000,54.29000000,52.84000000,,330020.61000000,2.68170890,0.44584804,0.24000000,,恒瑞医药
2021-08-19,600276,53.74000000,52.92000000,54.54000000,52.86000000,,332101.10000000,3.17460317,-2.12687257,-1.15000000,,恒瑞医药
2021-08-20,600276,49.08000000,47.54000000,49.40000000,47.54000000,,1406764.43000000,3.91249474,-10.16628874,-5.38000000,,恒瑞医药
2021-08-23,600276,46.63000000,46.26000000,47.28000000,44.58000000,,1342009.61000000,5.83657588,-2.69246950,-1.28000000,,恒瑞医药
2021-08-24,600276,45.99000000,46.28000000,47.24000000,45.18000000,,973951.00000000,4.45116681,0.04323390,0.02000000,,恒瑞医药
2021-08-25,600276,46.29000000,46.49000000,47.19000000,45.79000000,,631070.53000000,3.01140030,0.45375972,0.21000000,,恒瑞医药
2021-08-26,600276,46.09000000,44.39000000,46.18000000,44.33000000,,804365.21000000,4.16760532,-4.51710045,-2.10000000,,恒瑞医药
2021-08-27,600276,44.58000000,45.13000000,45.98000000,44.57000000,,538304.32000000,3.12430756,1.66704213,0.74000000,,恒瑞医药
2021-08-30,600276,44.90000000,44.68000000,45.36000000,44.34000000,,444568.61000000,2.28290063,-0.99711943,-0.45000000,,恒瑞医药
2021-08-31,600276,44.53000000,44.28000000,45.22000000,43.41000000,,495741.85000000,4.08762421,-0.89525515,-0.40000000,,恒瑞医药
2021-09-01,600276,44.48000000,45.67000000,46.28000000,44.00000000,,731270.61000000,4.99233633,3.13911472,1.39000000,,恒瑞医药
2021-09-02,600276,45.68000000,44.94000000,45.68000000,44.58000000,,465752.10000000,2.44770806,-1.59842347,-0.73000000,,恒瑞医药
2021-09-03,600276,44.40000000,45.18000000,45.92000000,44.13000000,,462357.55000000,3.96193006,0.53404539,0.24000000,,恒瑞医药
2021-09-06,600276,45.27000000,47.18000000,47.97000000,45.27000000,,866635.69000000,5.72276388,4.42673749,2.00000000,,恒瑞医药
2021-09-07,600276,47.18000000,47.16000000,47.41000000,46.26000000,,488971.72000000,2.43850721,-0.04239084,-0.02000000,,恒瑞医药
2021-09-08,600276,47.16000000,46.83000000,47.40000000,46.68000000,,331068.71000000,1.53747598,-0.69974555,-0.33000000,,恒瑞医药
2021-09-09,600276,46.80000000,46.52000000,47.24000000,46.38000000,,301660.33000000,1.84866724,-0.66196882,-0.31000000,,恒瑞医药
2021-09-10,600276,46.48000000,46.53000000,47.03000000,46.17000000,,337885.85000000,1.84826993,0.02149613,0.01000000,,恒瑞医药
2021-09-13,600276,46.53000000,45.83000000,47.02000000,45.58000000,,405871.03000000,3.14204669,-1.50440576,-0.70000000,,恒瑞医药
2021-09-14,600276,45.85000000,45.88000000,46.60000000,45.81000000,,487354.57000000,1.72188317,0.10909884,0.05000000,,恒瑞医药
2021-09-15,600276,45.76000000,44.80000000,45.79000000,44.58000000,,448329.55000000,2.70089286,-2.35396687,-1.08000000,,恒瑞医药
2021-09-16,600276,44.98000000,45.23000000,45.53000000,44.46000000,,558905.81000000,2.36568649,0.95982143,0.43000000,,恒瑞医药
2021-09-17,600276,44.91000000,46.03000000,46.68000000,44.78000000,,635327.50000000,4.12774278,1.76873756,0.80000000,,恒瑞医药
2021-09-22,600276,46.03000000,46.98000000,47.23000000,45.69000000,,580513.09000000,3.27799063,2.06387139,0.95000000,,恒瑞医药
2021-09-23,600276,47.08000000,46.87000000,47.87000000,46.36000000,,586867.81000000,3.22167698,-0.23414219,-0.11000000,,恒瑞医药
2021-09-24,600276,46.78000000,48.88000000,49.18000000,46.63000000,,927196.99000000,5.21685761,4.28845744,2.01000000,,恒瑞医药
2021-09-27,600276,48.92000000,49.83000000,51.24000000,48.28000000,,881590.53000000,5.94019667,1.94353519,0.95000000,,恒瑞医药
2021-09-28,600276,50.58000000,49.47000000,50.58000000,48.41000000,,542766.40000000,4.38649687,-0.72245635,-0.36000000,,恒瑞医药
2021-09-29,600276,48.98000000,49.00000000,49.52000000,47.84000000,,484391.25000000,3.42857143,-0.95007075,-0.47000000,,恒瑞医药
2021-09-30,600276,49.02000000,49.31000000,49.71000000,48.52000000,,411221.29000000,2.41330359,0.63265306,0.31000000,,恒瑞医药
2021-10-08,600276,49.94000000,53.27000000,53.80000000,49.16000000,,1124308.83000000,8.71034353,8.03082539,3.96000000,,恒瑞医药
2021-10-11,600276,53.27000000,52.69000000,54.62000000,52.09000000,,739909.26000000,4.80167015,-1.08879294,-0.58000000,,恒瑞医药
2021-10-12,600276,52.83000000,52.88000000,53.78000000,52.18000000,,549720.50000000,3.02571861,0.36059973,0.19000000,,恒瑞医药
2021-10-13,600276,52.63000000,52.03000000,52.63000000,50.63000000,,607656.13000000,3.84393619,-1.60741301,-0.85000000,,恒瑞医药
2021-10-14,600276,51.53000000,50.14000000,51.77000000,50.14000000,,561685.08000000,3.25089749,-3.63251970,-1.89000000,,恒瑞医药
2021-10-15,600276,49.48000000,49.13000000,50.45000000,48.82000000,,569811.51000000,3.31772848,-2.01435979,-1.01000000,,恒瑞医药
2021-10-18,600276,48.82000000,48.18000000,49.08000000,47.61000000,,515125.46000000,3.05105853,-1.93364543,-0.95000000,,恒瑞医药
2021-10-19,600276,47.82000000,48.69000000,49.82000000,47.74000000,,521174.89000000,4.27192442,1.05853051,0.51000000,,恒瑞医药
2021-10-20,600276,48.08000000,50.66000000,50.97000000,46.88000000,,965916.64000000,8.07343071,4.04600534,1.97000000,,恒瑞医药
2021-10-21,600276,50.04000000,49.58000000,50.40000000,49.45000000,,437411.24000000,1.91609520,-2.13185946,-1.08000000,,恒瑞医药
2021-10-22,600276,49.69000000,50.38000000,50.94000000,49.49000000,,461961.86000000,2.87812624,1.61355385,0.80000000,,恒瑞医药
2021-10-25,600276,50.08000000,50.29000000,51.38000000,49.88000000,,459921.67000000,2.98270034,-0.17864232,-0.09000000,,恒瑞医药
2021-10-26,600276,50.34000000,48.48000000,50.47000000,48.48000000,,638573.32000000,4.10478548,-3.59912507,-1.81000000,,恒瑞医药
2021-10-27,600276,48.38000000,48.14000000,48.95000000,47.76000000,,341071.24000000,2.47195679,-0.70132013,-0.34000000,,恒瑞医药
2021-10-28,600276,47.64000000,47.84000000,49.23000000,47.56000000,,445554.41000000,3.49080268,-0.62318238,-0.30000000,,恒瑞医药
2021-10-29,600276,47.58000000,48.32000000,48.96000000,47.58000000,,427476.45000000,2.85596026,1.00334448,0.48000000,,恒瑞医药
2021-11-01,600276,48.10000000,48.88000000,49.18000000,47.63000000,,487701.63000000,3.17103110,1.15894040,0.56000000,,恒瑞医药
2021-11-02,600276,48.59000000,47.58000000,49.36000000,47.08000000,,480225.25000000,4.79192938,-2.65957447,-1.30000000,,恒瑞医药
2021-11-03,600276,47.59000000,48.20000000,49.26000000,47.59000000,,415537.19000000,3.46473029,1.30306852,0.62000000,,恒瑞医药
2021-11-04,600276,48.33000000,50.29000000,50.88000000,48.08000000,,823350.21000000,5.56770730,4.33609959,2.09000000,,恒瑞医药
2021-11-05,600276,50.33000000,50.89000000,52.76000000,50.30000000,,920662.28000000,4.83395559,1.19308014,0.60000000,,恒瑞医药
2021-11-08,600276,51.08000000,48.70000000,51.31000000,48.58000000,,826902.86000000,5.60574949,-4.30339949,-2.19000000,,恒瑞医药
2021-11-09,600276,48.76000000,48.89000000,49.46000000,48.58000000,,373594.83000000,1.79995909,0.39014374,0.19000000,,恒瑞医药
2021-11-10,600276,48.89000000,52.81000000,53.58000000,48.78000000,,1371612.02000000,9.08918765,8.01799959,3.92000000,,恒瑞医药
2021-11-11,600276,52.58000000,52.08000000,52.87000000,51.64000000,,775869.65000000,2.36175115,-1.38231396,-0.73000000,,恒瑞医药
2021-11-12,600276,52.13000000,51.63000000,52.53000000,51.09000000,,443428.47000000,2.78907612,-0.86405530,-0.45000000,,恒瑞医药
2021-11-15,600276,51.65000000,52.45000000,53.03000000,51.47000000,,590072.05000000,2.97426120,1.58822390,0.82000000,,恒瑞医药
2021-11-16,600276,52.48000000,53.43000000,54.05000000,52.45000000,,676749.90000000,2.99457234,1.86844614,0.98000000,,恒瑞医药
2021-11-17,600276,53.58000000,53.00000000,54.23000000,52.86000000,,522252.40000000,2.58490566,-0.80479132,-0.43000000,,恒瑞医药
2021-11-18,600276,52.58000000,50.86000000,52.66000000,50.68000000,,696158.84000000,3.89303972,-4.03773585,-2.14000000,,恒瑞医药
2021-11-19,600276,50.40000000,51.07000000,51.30000000,50.32000000,,366586.38000000,1.91893480,0.41289815,0.21000000,,恒瑞医药
2021-11-22,600276,51.67000000,51.10000000,52.25000000,50.93000000,,431026.16000000,2.58317025,0.05874290,0.03000000,,恒瑞医药
2021-11-23,600276,50.89000000,51.16000000,51.53000000,50.69000000,,298044.26000000,1.64190774,0.11741683,0.06000000,,恒瑞医药
2021-11-24,600276,51.03000000,50.96000000,51.28000000,50.58000000,,301306.30000000,1.37362637,-0.39093041,-0.20000000,,恒瑞医药
2021-11-25,600276,50.98000000,52.07000000,52.18000000,50.71000000,,473939.26000000,2.82312272,2.17817896,1.11000000,,恒瑞医药
2021-11-26,600276,52.26000000,51.43000000,52.28000000,51.33000000,,421662.55000000,1.84717091,-1.22911465,-0.64000000,,恒瑞医药
2021-11-29,600276,51.46000000,50.17000000,52.27000000,49.91000000,,566363.57000000,4.70400638,-2.44993195,-1.26000000,,恒瑞医药
2021-11-30,600276,49.73000000,49.25000000,50.18000000,49.14000000,,482994.12000000,2.11167513,-1.83376520,-0.92000000,,恒瑞医药
2021-12-01,600276,49.26000000,49.58000000,49.73000000,48.79000000,,320409.92000000,1.89592578,0.67005076,0.33000000,,恒瑞医药
2021-12-02,600276,49.01000000,48.14000000,49.01000000,48.10000000,,524007.22000000,1.89031990,-2.90439693,-1.44000000,,恒瑞医药
2021-12-03,600276,48.11000000,48.28000000,48.50000000,47.96000000,,388782.52000000,1.11847556,0.29081845,0.14000000,,恒瑞医药
2021-12-06,600276,48.28000000,48.36000000,48.88000000,48.27000000,,362114.77000000,1.26137304,0.16570008,0.08000000,,恒瑞医药
2021-12-07,600276,48.76000000,49.26000000,49.36000000,48.37000000,,415264.86000000,2.00974421,1.86104218,0.90000000,,恒瑞医药
2021-12-08,600276,49.27000000,49.44000000,49.46000000,48.48000000,,334289.58000000,1.98220065,0.36540804,0.18000000,,恒瑞医药
2021-12-09,600276,49.48000000,50.47000000,50.69000000,49.09000000,,576038.92000000,3.17020012,2.08333333,1.03000000,,恒瑞医药
2021-12-10,600276,50.09000000,50.34000000,50.76000000,49.99000000,,396118.04000000,1.52959873,-0.25757876,-0.13000000,,恒瑞医药
2021-12-13,600276,50.57000000,50.08000000,51.08000000,49.96000000,,444105.87000000,2.23642173,-0.51648788,-0.26000000,,恒瑞医药
2021-12-14,600276,49.73000000,50.08000000,50.56000000,49.70000000,,309301.05000000,1.71725240,0.00000000,0.00000000,,恒瑞医药
2021-12-15,600276,49.75000000,49.08000000,50.08000000,48.64000000,,423672.71000000,2.93398533,-1.99680511,-1.00000000,,恒瑞医药
2021-12-16,600276,48.78000000,49.31000000,49.38000000,48.41000000,,317146.85000000,1.96714662,0.46862266,0.23000000,,恒瑞医药
2021-12-17,600276,49.36000000,48.86000000,49.57000000,48.86000000,,264859.99000000,1.45313140,-0.91259379,-0.45000000,,恒瑞医药
2021-12-20,600276,48.53000000,48.96000000,49.53000000,48.44000000,,251470.77000000,2.22630719,0.20466639,0.10000000,,恒瑞医药
2021-12-21,600276,48.55000000,49.12000000,49.26000000,48.54000000,,223402.17000000,1.46579805,0.32679739,0.16000000,,恒瑞医药
2021-12-22,600276,49.08000000,48.74000000,49.17000000,48.64000000,,251012.30000000,1.08740254,-0.77361564,-0.38000000,,恒瑞医药
2021-12-23,600276,48.79000000,48.49000000,48.98000000,48.28000000,,254866.48000000,1.44359662,-0.51292573,-0.25000000,,恒瑞医药
2021-12-24,600276,48.38000000,49.20000000,49.41000000,48.33000000,,330458.03000000,2.19512195,1.46421943,0.71000000,,恒瑞医药
2021-12-27,600276,49.20000000,49.49000000,49.58000000,48.98000000,,268235.76000000,1.21236613,0.58943089,0.29000000,,恒瑞医药
2021-12-28,600276,49.49000000,49.25000000,49.85000000,49.00000000,,277509.53000000,1.72588832,-0.48494645,-0.24000000,,恒瑞医药
2021-12-29,600276,49.25000000,48.80000000,49.25000000,48.71000000,,214950.80000000,1.10655738,-0.91370558,-0.45000000,,恒瑞医药
2021-12-30,600276,48.82000000,49.09000000,49.54000000,48.51000000,,285881.26000000,2.09818700,0.59426230,0.29000000,,恒瑞医药
2021-12-31,600276,49.28000000,49.79000000,50.06000000,49.07000000,,379036.19000000,1.98835107,1.42595233,0.70000000,,恒瑞医药
2022-01-04,600276,49.86000000,49.47000000,50.04000000,48.92000000,,375580.99000000,2.26399838,-0.64269934,-0.32000000,,恒瑞医药
2022-01-05,600276,49.42000000,50.00000000,50.60000000,48.97000000,,466265.20000000,3.26000000,1.07135638,0.53000000,,恒瑞医药
2022-01-06,600276,50.01000000,49.19000000,50.56000000,49.08000000,,443946.13000000,3.00874161,-1.62000000,-0.81000000,,恒瑞医药
2022-01-07,600276,49.20000000,49.96000000,50.56000000,48.89000000,,483773.82000000,3.34267414,1.56535881,0.77000000,,恒瑞医药
2022-01-10,600276,49.98000000,50.20000000,50.56000000,49.28000000,,393542.01000000,2.54980080,0.48038431,0.24000000,,恒瑞医药
2022-01-11,600276,49.69000000,49.26000000,49.88000000,49.09000000,,370171.98000000,1.60373528,-1.87250996,-0.94000000,,恒瑞医药
2022-01-12,600276,49.31000000,48.67000000,49.48000000,48.54000000,,516615.89000000,1.93137456,-1.19772635,-0.59000000,,恒瑞医药
2022-01-13,600276,48.57000000,46.56000000,48.65000000,46.09000000,,910495.34000000,5.49828179,-4.33531950,-2.11000000,,恒瑞医药
2022-01-14,600276,46.08000000,45.73000000,46.51000000,45.66000000,,493168.42000000,1.85873606,-1.78264605,-0.83000000,,恒瑞医药
2022-01-17,600276,45.74000000,45.49000000,45.96000000,45.14000000,,394114.35000000,1.80259398,-0.52481959,-0.24000000,,恒瑞医药
2022-01-18,600276,45.49000000,45.29000000,45.58000000,45.08000000,,354220.94000000,1.10399647,-0.43965707,-0.20000000,,恒瑞医药
2022-01-19,600276,45.18000000,44.81000000,45.46000000,44.37000000,,413247.58000000,2.43249275,-1.05983661,-0.48000000,,恒瑞医药
2022-01-20,600276,44.73000000,44.77000000,45.18000000,44.66000000,,350225.31000000,1.16149207,-0.08926579,-0.04000000,,恒瑞医药
2022-01-21,600276,44.78000000,44.02000000,44.96000000,43.58000000,,446901.11000000,3.13493866,-1.67522895,-0.75000000,,恒瑞医药
2022-01-24,600276,43.58000000,42.37000000,44.01000000,42.36000000,,648813.90000000,3.89426481,-3.74829623,-1.65000000,,恒瑞医药
2022-01-25,600276,42.18000000,41.90000000,42.86000000,41.75000000,,403949.76000000,2.64916468,-1.10927543,-0.47000000,,恒瑞医药
2022-01-26,600276,42.22000000,41.17000000,42.36000000,41.12000000,,379315.18000000,3.01190187,-1.74224344,-0.73000000,,恒瑞医药
2022-01-27,600276,41.17000000,40.17000000,41.35000000,40.09000000,,465658.30000000,3.13666916,-2.42895312,-1.00000000,,恒瑞医药
2022-01-28,600276,40.17000000,40.03000000,40.63000000,39.96000000,,349369.21000000,1.67374469,-0.34851880,-0.14000000,,恒瑞医药
2022-02-07,600276,40.54000000,40.22000000,40.73000000,40.11000000,,313713.84000000,1.54152163,0.47464402,0.19000000,,恒瑞医药
2022-02-08,600276,40.22000000,40.80000000,40.85000000,39.78000000,,310681.55000000,2.62254902,1.44206862,0.58000000,,恒瑞医药
2022-02-09,600276,40.78000000,41.09000000,41.22000000,40.66000000,,320537.83000000,1.36286201,0.71078431,0.29000000,,恒瑞医药
2022-02-10,600276,41.19000000,40.65000000,41.19000000,40.42000000,,256442.23000000,1.89421894,-1.07082015,-0.44000000,,恒瑞医药
2022-02-11,600276,40.43000000,40.34000000,40.58000000,39.66000000,,371662.44000000,2.28061477,-0.76260763,-0.31000000,,恒瑞医药
2022-02-14,600276,40.08000000,38.83000000,40.30000000,38.78000000,,537081.85000000,3.91449910,-3.74318294,-1.51000000,,恒瑞医药
2022-02-15,600276,38.83000000,40.28000000,40.44000000,38.68000000,,645330.24000000,4.36941410,3.73422611,1.45000000,,恒瑞医药
2022-02-16,600276,40.08000000,39.65000000,40.16000000,39.48000000,,483054.57000000,1.71500631,-1.56405164,-0.63000000,,恒瑞医药
2022-02-17,600276,39.66000000,39.69000000,39.95000000,39.49000000,,271649.21000000,1.15898211,0.10088272,0.04000000,,恒瑞医药
2022-02-18,600276,39.29000000,40.04000000,40.16000000,39.12000000,,321421.90000000,2.59740260,0.88183422,0.35000000,,恒瑞医药
2022-02-21,600276,39.88000000,40.01000000,40.23000000,39.68000000,,253579.56000000,1.37465634,-0.07492507,-0.03000000,,恒瑞医药
2022-02-22,600276,40.01000000,39.19000000,40.01000000,39.09000000,,321386.60000000,2.34753764,-2.04948763,-0.82000000,,恒瑞医药
2022-02-23,600276,39.33000000,39.98000000,40.02000000,39.26000000,,336117.66000000,1.90095048,2.01582036,0.79000000,,恒瑞医药
2022-02-24,600276,39.75000000,38.76000000,39.82000000,38.41000000,,559658.19000000,3.63777090,-3.05152576,-1.22000000,,恒瑞医药
2022-02-25,600276,38.97000000,39.19000000,40.26000000,38.95000000,,536278.57000000,3.34268946,1.10939112,0.43000000,,恒瑞医药
2022-02-28,600276,39.20000000,39.16000000,39.52000000,38.88000000,,319263.40000000,1.63432074,-0.07655014,-0.03000000,,恒瑞医药
2022-03-01,600276,39.16000000,40.14000000,40.37000000,39.16000000,,544670.42000000,3.01444943,2.50255363,0.98000000,,恒瑞医药
2022-03-02,600276,39.91000000,39.69000000,39.91000000,39.50000000,,277589.55000000,1.03300579,-1.12107623,-0.45000000,,恒瑞医药
2022-03-03,600276,39.85000000,39.23000000,39.93000000,39.18000000,,285091.53000000,1.91180219,-1.15898211,-0.46000000,,恒瑞医药
2022-03-04,600276,38.88000000,38.86000000,39.41000000,38.59000000,,322607.30000000,2.11013896,-0.94315575,-0.37000000,,恒瑞医药
2022-03-07,600276,38.48000000,36.63000000,38.58000000,36.54000000,,693118.21000000,5.56920557,-5.73854864,-2.23000000,,恒瑞医药
2022-03-08,600276,36.71000000,35.76000000,36.93000000,35.59000000,,475707.33000000,3.74720358,-2.37510238,-0.87000000,,恒瑞医药
2022-03-09,600276,35.88000000,35.12000000,36.12000000,33.78000000,,558800.42000000,6.66287016,-1.78970917,-0.64000000,,恒瑞医药
2022-03-10,600276,35.88000000,35.25000000,36.18000000,35.18000000,,459155.01000000,2.83687943,0.37015945,0.13000000,,恒瑞医药
2022-03-11,600276,34.51000000,36.70000000,36.75000000,34.31000000,,709098.83000000,6.64850136,4.11347518,1.45000000,,恒瑞医药
2022-03-14,600276,36.86000000,36.48000000,37.97000000,36.48000000,,679360.56000000,4.08442982,-0.59945504,-0.22000000,,恒瑞医药
2022-03-15,600276,36.04000000,35.21000000,37.08000000,35.08000000,,578555.69000000,5.68020449,-3.48135965,-1.27000000,,恒瑞医药
2022-03-16,600276,35.73000000,35.82000000,36.08000000,33.88000000,,680261.40000000,6.14182021,1.73246237,0.61000000,,恒瑞医药
2022-03-17,600276,36.18000000,36.50000000,37.30000000,35.92000000,,771905.22000000,3.78082192,1.89838079,0.68000000,,恒瑞医药
2022-03-18,600276,36.11000000,36.58000000,36.68000000,35.88000000,,560523.04000000,2.18698742,0.21917808,0.08000000,,恒瑞医药
2022-03-21,600276,36.73000000,36.38000000,36.96000000,35.88000000,,507424.01000000,2.96866410,-0.54674686,-0.20000000,,恒瑞医药
2022-03-22,600276,36.38000000,36.02000000,36.73000000,35.98000000,,285881.95000000,2.08217657,-0.98955470,-0.36000000,,恒瑞医药
2022-03-23,600276,36.18000000,36.44000000,36.91000000,35.64000000,,498462.81000000,3.48518112,1.16601888,0.42000000,,恒瑞医药
2022-03-24,600276,36.07000000,36.72000000,36.94000000,35.71000000,,575648.42000000,3.34967320,0.76838639,0.28000000,,恒瑞医药
2022-03-25,600276,36.51000000,35.45000000,36.73000000,35.43000000,,531614.48000000,3.66713681,-3.45860566,-1.27000000,,恒瑞医药
2022-03-28,600276,34.98000000,34.98000000,35.24000000,34.58000000,,322102.68000000,1.88679245,-1.32581100,-0.47000000,,恒瑞医药
2022-03-29,600276,34.98000000,35.00000000,35.44000000,34.74000000,,273912.97000000,2.00000000,0.05717553,0.02000000,,恒瑞医药
2022-03-30,600276,35.25000000,36.50000000,36.50000000,34.78000000,,584918.87000000,4.71232877,4.28571429,1.50000000,,恒瑞医药
2022-03-31,600276,36.22000000,35.90000000,36.49000000,35.81000000,,401770.28000000,1.89415042,-1.64383562,-0.60000000,,恒瑞医药
2022-04-01,600276,35.68000000,35.86000000,36.15000000,35.15000000,,374431.00000000,2.78862242,-0.11142061,-0.04000000,,恒瑞医药
2022-04-06,600276,35.86000000,35.33000000,36.37000000,35.19000000,,431287.00000000,3.33993773,-1.47796988,-0.53000000,,恒瑞医药
2022-04-07,600276,35.36000000,34.40000000,35.57000000,34.38000000,,395446.00000000,3.45930233,-2.63232380,-0.93000000,,恒瑞医药
2022-04-08,600276,34.17000000,33.01000000,34.35000000,32.80000000,,723021.00000000,4.69554680,-4.04069767,-1.39000000,,恒瑞医药
2022-04-11,600276,32.69000000,31.88000000,32.93000000,31.78000000,,570157.00000000,3.60727729,-3.42320509,-1.13000000,,恒瑞医药
2022-04-12,600276,31.87000000,32.75000000,32.88000000,31.37000000,,591549.00000000,4.61068702,2.72898369,0.87000000,,恒瑞医药
2022-04-13,600276,32.45000000,32.72000000,33.23000000,32.30000000,,368377.00000000,2.84229829,-0.09160305,-0.03000000,,恒瑞医药
2022-04-14,600276,32.69000000,32.90000000,33.47000000,32.68000000,,308845.00000000,2.40121581,0.55012225,0.18000000,,恒瑞医药
2022-04-15,600276,32.88000000,33.17000000,33.53000000,32.72000000,,332958.00000000,2.44196563,0.82066869,0.27000000,,恒瑞医药
2022-04-18,600276,32.98000000,33.04000000,33.04000000,32.42000000,,223627.00000000,1.87651332,-0.39192041,-0.13000000,,恒瑞医药
2022-04-19,600276,32.90000000,32.19000000,33.43000000,32.00000000,,403558.00000000,4.44237341,-2.57263923,-0.85000000,,恒瑞医药
2022-04-20,600276,32.38000000,33.40000000,34.25000000,32.29000000,,754696.00000000,5.86826347,3.75893135,1.21000000,,恒瑞医药
2022-04-21,600276,33.28000000,32.25000000,33.68000000,32.00000000,,471589.00000000,5.20930233,-3.44311377,-1.15000000,,恒瑞医药
2022-04-22,600276,32.04000000,32.08000000,32.68000000,30.69000000,,452914.00000000,6.20324190,-0.52713178,-0.17000000,,恒瑞医药
2022-04-25,600276,29.23000000,28.78000000,29.87000000,28.78000000,,1039617.00000000,3.78735233,-10.28678304,-3.30000000,,恒瑞医药
2022-04-26,600276,28.08000000,26.82000000,28.11000000,26.76000000,,1082858.00000000,5.03355705,-6.81028492,-1.96000000,,恒瑞医药
2022-04-27,600276,26.09000000,27.14000000,27.24000000,26.08000000,,708004.00000000,4.27413412,1.19313945,0.32000000,,恒瑞医药
2022-04-28,600276,27.04000000,27.53000000,27.80000000,26.88000000,,572220.00000000,3.34180894,1.43699337,0.39000000,,恒瑞医药
2022-04-29,600276,27.52000000,28.56000000,28.77000000,27.45000000,,570479.00000000,4.62184874,3.74137305,1.03000000,,恒瑞医药
2022-05-05,600276,28.55000000,28.76000000,29.15000000,28.30000000,,461882.00000000,2.95549374,0.70028011,0.20000000,,恒瑞医药
2022-05-06,600276,28.18000000,28.42000000,29.03000000,28.09000000,,307035.00000000,3.30752991,-1.18219750,-0.34000000,,恒瑞医药
2022-05-09,600276,28.50000000,28.38000000,28.75000000,28.20000000,,201674.00000000,1.93798450,-0.14074595,-0.04000000,,恒瑞医药
2022-05-10,600276,27.59000000,28.47000000,28.68000000,27.33000000,,384859.00000000,4.74183351,0.31712474,0.09000000,,恒瑞医药
2022-05-11,600276,28.48000000,29.03000000,29.88000000,28.48000000,,573373.00000000,4.82259731,1.96698279,0.56000000,,恒瑞医药
2022-05-12,600276,28.84000000,29.11000000,29.35000000,28.78000000,,257546.00000000,1.95809000,0.27557699,0.08000000,,恒瑞医药
2022-05-13,600276,29.90000000,29.06000000,29.98000000,28.88000000,,339407.00000000,3.78527185,-0.17176228,-0.05000000,,恒瑞医药
2022-05-16,600276,29.36000000,28.51000000,29.60000000,28.45000000,,340038.00000000,4.03367240,-1.89263593,-0.55000000,,恒瑞医药
2022-05-17,600276,28.68000000,28.54000000,28.86000000,28.28000000,,248481.00000000,2.03223546,0.10522624,0.03000000,,恒瑞医药
2022-05-18,600276,28.64000000,28.46000000,28.78000000,28.33000000,,240164.00000000,1.58116655,-0.28030834,-0.08000000,,恒瑞医药
2022-05-19,600276,28.12000000,28.33000000,28.44000000,27.96000000,,237597.00000000,1.69431698,-0.45678145,-0.13000000,,恒瑞医药
2022-05-20,600276,28.63000000,29.32000000,29.43000000,28.58000000,,518717.00000000,2.89904502,3.49452877,0.99000000,,恒瑞医药
2022-05-23,600276,29.56000000,29.18000000,29.63000000,29.04000000,,293970.00000000,2.02193283,-0.47748977,-0.14000000,,恒瑞医药
2022-05-24,600276,29.16000000,27.69000000,29.18000000,27.60000000,,585919.00000000,5.70603106,-5.10623715,-1.49000000,,恒瑞医药
2022-05-25,600276,27.78000000,28.01000000,28.04000000,27.58000000,,321550.00000000,1.64227062,1.15565186,0.32000000,,恒瑞医药
2022-05-26,600276,28.06000000,28.12000000,28.54000000,27.64000000,,378681.00000000,3.20056899,0.39271689,0.11000000,,恒瑞医药
2022-05-27,600276,28.58000000,28.86000000,29.44000000,28.44000000,,761231.00000000,3.46500347,2.63157895,0.74000000,,恒瑞医药
2022-05-30,600276,28.91000000,28.79000000,29.13000000,28.54000000,,386844.00000000,2.04932268,-0.24255024,-0.07000000,,恒瑞医药
2022-05-31,600276,28.58000000,29.40000000,29.48000000,28.43000000,,564941.00000000,3.57142857,2.11879125,0.61000000,,恒瑞医药
2022-06-01,600276,29.41000000,29.06000000,29.53000000,28.89000000,,365275.00000000,2.20233999,-1.15646259,-0.34000000,,恒瑞医药
2022-06-02,600276,29.00000000,28.92000000,29.01000000,28.53000000,,348859.00000000,1.65975104,-0.48176187,-0.14000000,,恒瑞医药
2022-06-06,600276,28.84000000,29.61000000,29.75000000,28.80000000,,552506.00000000,3.20837555,2.38589212,0.69000000,,恒瑞医药
2022-06-07,600276,29.79000000,30.27000000,30.73000000,29.54000000,,762500.00000000,3.93128510,2.22897670,0.66000000,,恒瑞医药
2022-06-08,600276,30.34000000,31.17000000,31.98000000,30.25000000,,1184831.00000000,5.55020853,2.97324083,0.90000000,,恒瑞医药
2022-06-09,600276,30.98000000,30.03000000,31.03000000,29.97000000,,649194.00000000,3.52980353,-3.65736285,-1.14000000,,恒瑞医药
2022-06-10,600276,29.77000000,30.64000000,30.76000000,29.77000000,,560985.00000000,3.23107050,2.03130203,0.61000000,,恒瑞医药
2022-06-13,600276,30.32000000,30.38000000,30.86000000,30.12000000,,445047.00000000,2.43581303,-0.84856397,-0.26000000,,恒瑞医药
2022-06-14,600276,30.13000000,30.70000000,30.73000000,29.53000000,,494083.00000000,3.90879479,1.05332456,0.32000000,,恒瑞医药
2022-06-15,600276,30.83000000,31.68000000,32.23000000,30.73000000,,910669.00000000,4.73484848,3.19218241,0.98000000,,恒瑞医药
2022-06-16,600276,31.79000000,31.69000000,32.41000000,31.59000000,,665953.00000000,2.58756706,0.03156566,0.01000000,,恒瑞医药
2022-06-17,600276,31.44000000,32.45000000,32.86000000,31.34000000,,740718.00000000,4.68412943,2.39823288,0.76000000,,恒瑞医药
2022-06-20,600276,32.60000000,32.54000000,33.04000000,32.08000000,,654972.00000000,2.95021512,0.27734977,0.09000000,,恒瑞医药
2022-06-21,600276,32.48000000,32.09000000,32.48000000,31.73000000,,531509.00000000,2.33717669,-1.38291334,-0.45000000,,恒瑞医药
2022-06-22,600276,32.18000000,31.72000000,32.58000000,31.69000000,,422606.00000000,2.80580076,-1.15300717,-0.37000000,,恒瑞医药
2022-06-23,600276,31.83000000,32.01000000,32.03000000,31.58000000,,347493.00000000,1.40581068,0.91424968,0.29000000,,恒瑞医药
2022-06-24,600276,32.01000000,32.60000000,32.86000000,32.01000000,,561877.00000000,2.60736196,1.84317401,0.59000000,,恒瑞医药
2022-06-27,600276,32.83000000,34.64000000,35.16000000,32.83000000,,1114011.00000000,6.72632794,6.25766871,2.04000000,,恒瑞医药
2022-06-28,600276,34.63000000,34.74000000,34.91000000,33.93000000,,587816.00000000,2.82095567,0.28868360,0.10000000,,恒瑞医药
2022-06-29,600276,34.73000000,34.60000000,35.86000000,34.18000000,,828483.00000000,4.85549133,-0.40299367,-0.14000000,,恒瑞医药
2022-06-30,600276,34.88000000,36.17000000,36.56000000,34.83000000,,861263.00000000,4.78296931,4.53757225,1.57000000,,恒瑞医药
2022-07-01,600276,36.17000000,38.02000000,38.08000000,35.94000000,,1000346.00000000,5.62861652,5.11473597,1.85000000,,恒瑞医药
2022-07-04,600276,38.08000000,40.25000000,40.58000000,36.89000000,,1416054.00000000,9.16770186,5.86533403,2.23000000,,恒瑞医药
2022-07-05,600276,39.83000000,39.75000000,40.40000000,39.07000000,,875507.00000000,3.34591195,-1.24223602,-0.50000000,,恒瑞医药
2022-07-06,600276,39.85000000,38.66000000,40.83000000,38.39000000,,949991.00000000,6.31143301,-2.74213836,-1.09000000,,恒瑞医药
2022-07-07,600276,38.27000000,37.89000000,38.64000000,37.25000000,,714188.00000000,3.66851412,-1.99172271,-0.77000000,,恒瑞医药
2022-07-08,600276,38.23000000,37.69000000,38.54000000,37.54000000,,469154.00000000,2.65322367,-0.52784376,-0.20000000,,恒瑞医药
2022-07-11,600276,37.70000000,37.31000000,38.14000000,36.52000000,,590258.00000000,4.34199946,-1.00822499,-0.38000000,,恒瑞医药
2022-07-12,600276,37.30000000,36.11000000,37.40000000,36.10000000,,555110.00000000,3.60011077,-3.21629590,-1.20000000,,恒瑞医药
2022-07-13,600276,36.11000000,36.22000000,36.44000000,35.82000000,,378406.00000000,1.71176146,0.30462476,0.11000000,,恒瑞医药
2022-07-14,600276,36.44000000,37.77000000,38.07000000,36.44000000,,756206.00000000,4.31559439,4.27940364,1.55000000,,恒瑞医药
2022-07-15,600276,37.54000000,36.48000000,38.03000000,36.46000000,,488436.00000000,4.30372807,-3.41540905,-1.29000000,,恒瑞医药
2022-07-18,600276,36.44000000,37.17000000,37.29000000,35.86000000,,385230.00000000,3.84718859,1.89144737,0.69000000,,恒瑞医药
2022-07-19,600276,37.11000000,36.88000000,37.56000000,36.41000000,,339889.00000000,3.11822126,-0.78019909,-0.29000000,,恒瑞医药
2022-07-20,600276,37.14000000,37.26000000,37.70000000,36.94000000,,357702.00000000,2.03972088,1.03036876,0.38000000,,恒瑞医药
2022-07-21,600276,37.19000000,37.94000000,38.19000000,36.92000000,,441108.00000000,3.34739062,1.82501342,0.68000000,,恒瑞医药
2022-07-22,600276,37.94000000,38.24000000,38.89000000,37.73000000,,520039.00000000,3.03347280,0.79072219,0.30000000,,恒瑞医药
2022-07-25,600276,38.24000000,37.72000000,38.62000000,37.56000000,,263742.00000000,2.81018028,-1.35983264,-0.52000000,,恒瑞医药
2022-07-26,600276,37.75000000,35.41000000,38.24000000,35.24000000,,997684.00000000,8.47218300,-6.12407211,-2.31000000,,恒瑞医药
2022-07-27,600276,35.24000000,35.47000000,36.15000000,35.14000000,,374379.00000000,2.84747674,0.16944366,0.06000000,,恒瑞医药
2022-07-28,600276,35.36000000,35.34000000,35.73000000,34.74000000,,436470.00000000,2.80135823,-0.36650691,-0.13000000,,恒瑞医药
2022-07-29,600276,35.36000000,34.53000000,35.64000000,34.42000000,,377162.00000000,3.53315957,-2.29202037,-0.81000000,,恒瑞医药
2022-08-01,600276,34.52000000,34.42000000,34.82000000,33.85000000,,263278.00000000,2.81812899,-0.31856357,-0.11000000,,恒瑞医药
2022-08-02,600276,34.24000000,33.44000000,34.24000000,33.12000000,,456818.00000000,3.34928230,-2.84718187,-0.98000000,,恒瑞医药
2022-08-03,600276,33.48000000,33.94000000,34.49000000,33.48000000,,367133.00000000,2.97583972,1.49521531,0.50000000,,恒瑞医药
2022-08-04,600276,34.23000000,35.95000000,36.00000000,34.19000000,,643002.00000000,5.03477051,5.92221567,2.01000000,,恒瑞医药
2022-08-05,600276,36.18000000,37.27000000,37.33000000,36.15000000,,599976.00000000,3.16608532,3.67176634,1.32000000,,恒瑞医药
2022-08-08,600276,37.42000000,37.33000000,37.79000000,36.75000000,,348084.00000000,2.78596303,0.16098739,0.06000000,,恒瑞医药
2022-08-09,600276,37.24000000,36.57000000,37.24000000,36.29000000,,280720.00000000,2.59775772,-2.03589606,-0.76000000,,恒瑞医药
2022-08-10,600276,36.54000000,36.09000000,36.79000000,35.67000000,,329821.00000000,3.10335273,-1.31255127,-0.48000000,,恒瑞医药
2022-08-11,600276,36.24000000,36.67000000,36.90000000,35.86000000,,329243.00000000,2.83610581,1.60709338,0.58000000,,恒瑞医药
2022-08-12,600276,36.65000000,36.68000000,37.04000000,36.34000000,,226887.00000000,1.90839695,0.02727025,0.01000000,,恒瑞医药
2022-08-15,600276,36.61000000,36.14000000,36.89000000,36.12000000,,259248.00000000,2.13060321,-1.47219193,-0.54000000,,恒瑞医药
2022-08-16,600276,36.14000000,35.69000000,36.67000000,35.60000000,,265368.00000000,2.99803867,-1.24515772,-0.45000000,,恒瑞医药
2022-08-17,600276,35.54000000,35.87000000,36.10000000,35.39000000,,258070.00000000,1.97936995,0.50434295,0.18000000,,恒瑞医药
2022-08-18,600276,35.66000000,35.28000000,35.84000000,34.96000000,,274331.00000000,2.49433107,-1.64482855,-0.59000000,,恒瑞医药
2022-08-19,600276,35.13000000,35.14000000,35.63000000,35.04000000,,232145.00000000,1.67899829,-0.39682540,-0.14000000,,恒瑞医药
2022-08-22,600276,33.75000000,34.28000000,34.77000000,32.84000000,,604420.00000000,5.63010502,-2.44735344,-0.86000000,,恒瑞医药
2022-08-23,600276,34.27000000,33.86000000,34.87000000,33.67000000,,327830.00000000,3.54400473,-1.22520420,-0.42000000,,恒瑞医药
2022-08-24,600276,33.86000000,33.72000000,34.49000000,33.70000000,,279635.00000000,2.34282325,-0.41346722,-0.14000000,,恒瑞医药
2022-08-25,600276,33.78000000,34.23000000,34.38000000,33.13000000,,263564.00000000,3.65176746,1.51245552,0.51000000,,恒瑞医药
2022-08-26,600276,34.33000000,34.01000000,34.57000000,33.94000000,,212095.00000000,1.85239635,-0.64271107,-0.22000000,,恒瑞医药
2022-08-29,600276,33.39000000,33.47000000,33.85000000,33.29000000,,176266.00000000,1.67314013,-1.58776830,-0.54000000,,恒瑞医药
2022-08-30,600276,33.50000000,32.91000000,33.81000000,32.64000000,,309316.00000000,3.55515041,-1.67314013,-0.56000000,,恒瑞医药
2022-08-31,600276,32.66000000,33.90000000,34.23000000,32.62000000,,356546.00000000,4.74926254,3.00820419,0.99000000,,恒瑞医药
2022-09-01,600276,33.89000000,33.58000000,34.10000000,33.33000000,,242547.00000000,2.29303157,-0.94395280,-0.32000000,,恒瑞医药
2022-09-02,600276,33.73000000,33.14000000,34.42000000,32.94000000,,266194.00000000,4.46590223,-1.31030375,-0.44000000,,恒瑞医药
2022-09-05,600276,33.04000000,32.97000000,33.34000000,32.54000000,,222204.00000000,2.42644829,-0.51297526,-0.17000000,,恒瑞医药
2022-09-06,600276,33.17000000,33.12000000,33.44000000,32.86000000,,180244.00000000,1.75120773,0.45495905,0.15000000,,恒瑞医药
2022-09-07,600276,32.84000000,32.67000000,32.96000000,32.40000000,,247838.00000000,1.71411081,-1.35869565,-0.45000000,,恒瑞医药
2022-09-08,600276,32.84000000,32.97000000,33.64000000,32.74000000,,274555.00000000,2.72975432,0.91827365,0.30000000,,恒瑞医药
2022-09-09,600276,32.90000000,34.02000000,34.11000000,32.90000000,,414174.00000000,3.55673133,3.18471338,1.05000000,,恒瑞医药
2022-09-13,600276,34.04000000,34.76000000,34.89000000,33.82000000,,362340.00000000,3.07825086,2.17519106,0.74000000,,恒瑞医药
2022-09-14,600276,34.33000000,34.92000000,35.06000000,33.96000000,,291787.00000000,3.15005727,0.46029919,0.16000000,,恒瑞医药
2022-09-15,600276,35.13000000,34.73000000,35.23000000,34.64000000,,275193.00000000,1.69881946,-0.54410080,-0.19000000,,恒瑞医药
2022-09-16,600276,34.74000000,34.07000000,34.92000000,33.97000000,,316296.00000000,2.78837687,-1.90037432,-0.66000000,,恒瑞医药
2022-09-19,600276,34.16000000,33.93000000,34.56000000,33.65000000,,200495.00000000,2.68199234,-0.41091870,-0.14000000,,恒瑞医药
2022-09-20,600276,33.95000000,33.37000000,34.20000000,33.19000000,,202237.00000000,3.02667066,-1.65045682,-0.56000000,,恒瑞医药
2022-09-21,600276,33.37000000,32.67000000,33.47000000,32.49000000,,290762.00000000,2.99969391,-2.09769254,-0.70000000,,恒瑞医药
2022-09-22,600276,32.34000000,31.88000000,32.81000000,31.57000000,,312046.00000000,3.88958595,-2.41812060,-0.79000000,,恒瑞医药
2022-09-23,600276,31.74000000,32.17000000,32.90000000,31.60000000,,341931.00000000,4.04103202,0.90966123,0.29000000,,恒瑞医药
2022-09-26,600276,32.17000000,31.14000000,32.54000000,31.12000000,,345768.00000000,4.56005138,-3.20174075,-1.03000000,,恒瑞医药
2022-09-27,600276,31.26000000,32.89000000,32.94000000,31.14000000,,464681.00000000,5.47278808,5.61978163,1.75000000,,恒瑞医药
2022-09-28,600276,32.87000000,32.71000000,33.23000000,32.45000000,,297010.00000000,2.38459187,-0.54727881,-0.18000000,,恒瑞医药
2022-09-29,600276,33.13000000,34.21000000,35.18000000,32.83000000,,582714.00000000,6.86933645,4.58575359,1.50000000,,恒瑞医药
2022-09-30,600276,34.20000000,34.34000000,34.83000000,33.94000000,,342588.00000000,2.59172976,0.38000585,0.13000000,,恒瑞医药
2022-10-10,600276,34.24000000,33.50000000,34.59000000,33.47000000,,312171.00000000,3.34328358,-2.44612697,-0.84000000,,恒瑞医药
2022-10-11,600276,33.79000000,33.34000000,33.82000000,33.09000000,,199416.00000000,2.18956209,-0.47761194,-0.16000000,,恒瑞医药
2022-10-12,600276,33.24000000,32.49000000,33.36000000,31.36000000,,418962.00000000,6.15574023,-2.54949010,-0.85000000,,恒瑞医药
2022-10-13,600276,32.34000000,33.78000000,34.21000000,32.19000000,,397854.00000000,5.97986975,3.97045245,1.29000000,,恒瑞医药
2022-10-14,600276,34.24000000,37.23000000,37.23000000,34.19000000,,950157.00000000,8.16545796,10.21314387,3.45000000,,恒瑞医药
2022-10-17,600276,37.47000000,38.79000000,39.64000000,37.47000000,,1415941.00000000,5.59422532,4.19016922,1.56000000,,恒瑞医药
2022-10-18,600276,38.79000000,38.70000000,39.39000000,38.02000000,,827033.00000000,3.54005168,-0.23201856,-0.09000000,,恒瑞医药
2022-10-19,600276,38.69000000,38.24000000,39.06000000,37.74000000,,550168.00000000,3.45188285,-1.18863049,-0.46000000,,恒瑞医药
2022-10-20,600276,37.80000000,38.42000000,39.90000000,37.74000000,,861646.00000000,5.62207184,0.47071130,0.18000000,,恒瑞医药
2022-10-21,600276,37.94000000,39.21000000,39.42000000,37.84000000,,701746.00000000,4.02958429,2.05622072,0.79000000,,恒瑞医药
2022-10-24,600276,39.24000000,38.22000000,39.61000000,38.02000000,,676905.00000000,4.16012559,-2.52486611,-0.99000000,,恒瑞医药
2022-10-25,600276,37.90000000,37.36000000,38.31000000,36.66000000,,505045.00000000,4.41648822,-2.25013082,-0.86000000,,恒瑞医药
2022-10-26,600276,37.35000000,38.96000000,39.54000000,37.33000000,,734058.00000000,5.67248460,4.28265525,1.60000000,,恒瑞医药
2022-10-27,600276,38.96000000,38.96000000,39.39000000,38.44000000,,507586.00000000,2.43839836,0.00000000,0.00000000,,恒瑞医药
2022-10-28,600276,38.84000000,38.19000000,39.63000000,38.07000000,,560422.00000000,4.08483896,-1.97638604,-0.77000000,,恒瑞医药
2022-10-31,600276,37.40000000,39.44000000,39.74000000,37.39000000,,736431.00000000,5.95841785,3.27310814,1.25000000,,恒瑞医药
2022-11-01,600276,39.32000000,40.73000000,40.82000000,38.77000000,,834856.00000000,5.03314510,3.27079108,1.29000000,,恒瑞医药
2022-11-02,600276,40.44000000,41.22000000,42.45000000,40.13000000,,944808.00000000,5.62833576,1.20304444,0.49000000,,恒瑞医药
2022-11-03,600276,40.79000000,41.33000000,41.80000000,40.31000000,,509935.00000000,3.60512945,0.26686075,0.11000000,,恒瑞医药
2022-11-04,600276,41.04000000,41.04000000,41.80000000,40.89000000,,533436.00000000,2.21734893,-0.70166949,-0.29000000,,恒瑞医药
2022-11-07,600276,40.99000000,41.23000000,41.32000000,40.45000000,,481563.00000000,2.11011399,0.46296296,0.19000000,,恒瑞医药
2022-11-08,600276,41.20000000,39.94000000,41.20000000,39.77000000,,586386.00000000,3.58037056,-3.12878972,-1.29000000,,恒瑞医药
2022-11-09,600276,39.94000000,39.99000000,40.64000000,39.67000000,,331978.00000000,2.42560640,0.12518778,0.05000000,,恒瑞医药
2022-11-10,600276,39.74000000,39.43000000,40.39000000,39.27000000,,319877.00000000,2.84047679,-1.40035009,-0.56000000,,恒瑞医药
2022-11-11,600276,40.28000000,38.46000000,40.70000000,38.46000000,,678497.00000000,5.82423297,-2.46005580,-0.97000000,,恒瑞医药
2022-11-14,600276,38.58000000,40.00000000,40.37000000,38.51000000,,568397.00000000,4.65000000,4.00416017,1.54000000,,恒瑞医药
2022-11-15,600276,40.01000000,39.48000000,40.02000000,38.99000000,,480043.00000000,2.60891591,-1.30000000,-0.52000000,,恒瑞医药
2022-11-16,600276,39.48000000,39.74000000,40.82000000,38.87000000,,476331.00000000,4.90689482,0.65856130,0.26000000,,恒瑞医药
2022-11-17,600276,39.54000000,39.64000000,40.35000000,39.24000000,,277683.00000000,2.80020182,-0.25163563,-0.10000000,,恒瑞医药
2022-11-18,600276,39.73000000,39.51000000,40.54000000,39.43000000,,349113.00000000,2.80941534,-0.32795156,-0.13000000,,恒瑞医药
2022-11-21,600276,39.04000000,40.03000000,40.32000000,38.44000000,,418371.00000000,4.69647764,1.31612250,0.52000000,,恒瑞医药
2022-11-22,600276,40.07000000,39.16000000,40.99000000,39.01000000,,408100.00000000,5.05617978,-2.17336997,-0.87000000,,恒瑞医药
2022-11-23,600276,38.93000000,38.74000000,39.13000000,38.30000000,,279883.00000000,2.14248838,-1.07252298,-0.42000000,,恒瑞医药
2022-11-24,600276,38.86000000,38.61000000,39.35000000,38.05000000,,284075.00000000,3.36700337,-0.33557047,-0.13000000,,恒瑞医药
2022-11-25,600276,38.42000000,38.87000000,39.04000000,38.04000000,,248639.00000000,2.57267816,0.67340067,0.26000000,,恒瑞医药
2022-11-28,600276,38.14000000,38.42000000,38.71000000,37.85000000,,260135.00000000,2.23841749,-1.15770517,-0.45000000,,恒瑞医药
2022-11-29,600276,38.66000000,39.29000000,39.46000000,38.33000000,,275733.00000000,2.87604989,2.26444560,0.87000000,,恒瑞医药
2022-11-30,600276,39.29000000,39.07000000,39.54000000,38.84000000,,293264.00000000,1.79165600,-0.55993892,-0.22000000,,恒瑞医药
2022-12-01,600276,39.46000000,39.71000000,40.20000000,39.04000000,,379558.00000000,2.92117854,1.63808549,0.64000000,,恒瑞医药
2022-12-02,600276,39.67000000,39.74000000,40.15000000,39.47000000,,250603.00000000,1.71112229,0.07554772,0.03000000,,恒瑞医药
2022-12-05,600276,39.74000000,39.12000000,40.10000000,38.84000000,,453317.00000000,3.22085890,-1.56014092,-0.62000000,,恒瑞医药
2022-12-06,600276,38.94000000,39.12000000,39.74000000,38.92000000,,274308.00000000,2.09611452,0.00000000,0.00000000,,恒瑞医药
2022-12-07,600276,39.04000000,39.82000000,40.12000000,38.58000000,,396003.00000000,3.86740331,1.78936605,0.70000000,,恒瑞医药
2022-12-08,600276,39.81000000,38.11000000,39.82000000,38.10000000,,612777.00000000,4.51325112,-4.29432446,-1.71000000,,恒瑞医药
2022-12-09,600276,38.18000000,38.06000000,38.54000000,37.94000000,,409827.00000000,1.57645822,-0.13119916,-0.05000000,,恒瑞医药
2022-12-12,600276,38.14000000,38.12000000,38.79000000,37.74000000,,376900.00000000,2.75445960,0.15764582,0.06000000,,恒瑞医药
2022-12-13,600276,38.13000000,37.62000000,38.24000000,37.10000000,,384600.00000000,3.03030303,-1.31164743,-0.50000000,,恒瑞医药
2022-12-14,600276,37.62000000,37.68000000,37.82000000,37.04000000,,262941.00000000,2.07006369,0.15948963,0.06000000,,恒瑞医药
2022-12-15,600276,37.42000000,37.20000000,38.04000000,37.10000000,,212865.00000000,2.52688172,-1.27388535,-0.48000000,,恒瑞医药
2022-12-16,600276,37.05000000,37.24000000,37.29000000,36.95000000,,249092.00000000,0.91299678,0.10752688,0.04000000,,恒瑞医药
2022-12-19,600276,37.32000000,36.43000000,37.48000000,36.32000000,,291345.00000000,3.18418886,-2.17508056,-0.81000000,,恒瑞医药
2022-12-20,600276,36.41000000,35.75000000,36.72000000,35.74000000,,278438.00000000,2.74125874,-1.86659347,-0.68000000,,恒瑞医药
2022-12-21,600276,35.75000000,35.38000000,35.93000000,35.17000000,,251313.00000000,2.14810627,-1.03496503,-0.37000000,,恒瑞医药
2022-12-22,600276,35.69000000,35.87000000,36.59000000,35.50000000,,356206.00000000,3.03875105,1.38496326,0.49000000,,恒瑞医药
2022-12-23,600276,35.55000000,35.99000000,36.17000000,35.44000000,,216845.00000000,2.02834121,0.33454140,0.12000000,,恒瑞医药
2022-12-26,600276,35.95000000,36.80000000,37.24000000,35.92000000,,316402.00000000,3.58695652,2.25062517,0.81000000,,恒瑞医药
2022-12-27,600276,37.12000000,36.31000000,37.13000000,36.12000000,,320140.00000000,2.78160286,-1.33152174,-0.49000000,,恒瑞医药
2022-12-28,600276,36.23000000,36.64000000,37.09000000,36.16000000,,247495.00000000,2.53820961,0.90884054,0.33000000,,恒瑞医药
2022-12-29,600276,36.49000000,37.37000000,37.55000000,36.29000000,,357508.00000000,3.37168852,1.99235808,0.73000000,,恒瑞医药
2022-12-30,600276,37.41000000,37.77000000,38.09000000,37.41000000,,282411.00000000,1.80037066,1.07037731,0.40000000,,恒瑞医药
2023-01-03,600276,37.86000000,37.68000000,38.29000000,37.35000000,,257565.00000000,2.49469214,-0.23828435,-0.09000000,,恒瑞医药
2023-01-04,600276,37.87000000,38.01000000,38.23000000,37.65000000,,257668.00000000,1.52591423,0.87579618,0.33000000,,恒瑞医药
2023-01-05,600276,38.24000000,38.79000000,39.11000000,37.95000000,,408464.00000000,2.99046146,2.05209155,0.78000000,,恒瑞医药
2023-01-06,600276,38.94000000,38.55000000,39.08000000,38.45000000,,200107.00000000,1.63424125,-0.61871616,-0.24000000,,恒瑞医药
2023-01-09,600276,38.52000000,38.79000000,39.04000000,38.01000000,,328360.00000000,2.65532354,0.62256809,0.24000000,,恒瑞医药
2023-01-10,600276,38.77000000,38.62000000,39.14000000,38.54000000,,374508.00000000,1.55359917,-0.43825728,-0.17000000,,恒瑞医药
2023-01-11,600276,38.62000000,37.69000000,38.89000000,37.57000000,,531573.00000000,3.50225524,-2.40807872,-0.93000000,,恒瑞医药
2023-01-12,600276,37.71000000,37.03000000,37.78000000,36.98000000,,495277.00000000,2.16041048,-1.75112762,-0.66000000,,恒瑞医药
2023-01-13,600276,37.69000000,38.51000000,38.75000000,37.08000000,,708163.00000000,4.33653596,3.99675938,1.48000000,,恒瑞医药
2023-01-16,600276,38.51000000,42.37000000,42.44000000,38.51000000,,1378805.00000000,9.27543073,10.02337055,3.86000000,,恒瑞医药
2023-01-17,600276,42.03000000,41.42000000,42.57000000,41.12000000,,844312.00000000,3.50072429,-2.24215247,-0.95000000,,恒瑞医药
2023-01-18,600276,41.52000000,40.81000000,41.90000000,40.57000000,,541313.00000000,3.25900515,-1.47271849,-0.61000000,,恒瑞医药
2023-01-19,600276,41.40000000,42.88000000,44.01000000,40.90000000,,1094864.00000000,7.25279851,5.07228620,2.07000000,,恒瑞医药
2023-01-20,600276,42.92000000,42.78000000,44.12000000,42.63000000,,532465.00000000,3.48293595,-0.23320896,-0.10000000,,恒瑞医药
2023-01-30,600276,43.14000000,42.49000000,43.68000000,42.33000000,,496623.00000000,3.17721817,-0.67788686,-0.29000000,,恒瑞医药
2023-01-31,600276,42.51000000,41.45000000,43.04000000,41.38000000,,409176.00000000,4.00482509,-2.44763474,-1.04000000,,恒瑞医药
2023-02-01,600276,41.47000000,41.88000000,41.94000000,41.22000000,,396414.00000000,1.71919771,1.03739445,0.43000000,,恒瑞医药
2023-02-02,600276,41.94000000,42.24000000,43.34000000,41.69000000,,653487.00000000,3.90625000,0.85959885,0.36000000,,恒瑞医药
2023-02-03,600276,42.31000000,42.04000000,42.83000000,41.96000000,,498018.00000000,2.06945766,-0.47348485,-0.20000000,,恒瑞医药
2023-02-06,600276,42.04000000,41.73000000,42.21000000,41.14000000,,379173.00000000,2.56410256,-0.73739296,-0.31000000,,恒瑞医药
2023-02-07,600276,41.63000000,41.34000000,42.42000000,41.08000000,,307633.00000000,3.24141268,-0.93457944,-0.39000000,,恒瑞医药
2023-02-08,600276,41.43000000,42.20000000,42.74000000,41.39000000,,423949.00000000,3.19905213,2.08030963,0.86000000,,恒瑞医药
2023-02-09,600276,42.06000000,42.89000000,43.11000000,41.91000000,,373022.00000000,2.79785498,1.63507109,0.69000000,,恒瑞医药
2023-02-10,600276,42.88000000,42.84000000,43.20000000,42.47000000,,279700.00000000,1.70401494,-0.11657729,-0.05000000,,恒瑞医药
2023-02-13,600276,43.55000000,44.21000000,45.23000000,43.55000000,,652677.00000000,3.80004524,3.19794585,1.37000000,,恒瑞医药
2023-02-14,600276,44.17000000,44.46000000,44.64000000,43.78000000,,329763.00000000,1.93432299,0.56548292,0.25000000,,恒瑞医药
2023-02-15,600276,44.44000000,44.05000000,44.77000000,43.69000000,,269470.00000000,2.45175936,-0.92217724,-0.41000000,,恒瑞医药
2023-02-16,600276,44.04000000,43.03000000,44.31000000,42.55000000,,458815.00000000,4.09016965,-2.31555051,-1.02000000,,恒瑞医药
2023-02-17,600276,42.94000000,43.41000000,44.14000000,42.62000000,,395716.00000000,3.50149735,0.88310481,0.38000000,,恒瑞医药
2023-02-20,600276,43.40000000,44.46000000,44.69000000,42.93000000,,459923.00000000,3.95861448,2.41879751,1.05000000,,恒瑞医药
2023-02-21,600276,44.26000000,43.74000000,44.68000000,43.54000000,,337434.00000000,2.60631001,-1.61943320,-0.72000000,,恒瑞医药
2023-02-22,600276,43.64000000,43.35000000,44.04000000,43.24000000,,222477.00000000,1.84544406,-0.89163237,-0.39000000,,恒瑞医药
2023-02-23,600276,43.26000000,42.76000000,43.56000000,42.42000000,,337062.00000000,2.66604303,-1.36101499,-0.59000000,,恒瑞医药
2023-02-24,600276,42.63000000,42.43000000,43.43000000,42.33000000,,238178.00000000,2.59250530,-0.77174930,-0.33000000,,恒瑞医药
2023-02-27,600276,42.14000000,42.37000000,42.64000000,41.84000000,,270401.00000000,1.88812839,-0.14140938,-0.06000000,,恒瑞医药
2023-02-28,600276,42.47000000,42.74000000,43.67000000,42.16000000,,328495.00000000,3.53299017,0.87325938,0.37000000,,恒瑞医药
2023-03-01,600276,42.67000000,43.01000000,43.38000000,42.42000000,,265213.00000000,2.23203906,0.63172672,0.27000000,,恒瑞医药
2023-03-02,600276,42.73000000,42.43000000,43.01000000,42.12000000,,230686.00000000,2.09757247,-1.34852360,-0.58000000,,恒瑞医药
2023-03-03,600276,42.40000000,42.64000000,43.22000000,42.34000000,,190156.00000000,2.06378987,0.49493283,0.21000000,,恒瑞医药
2023-03-06,600276,42.74000000,42.66000000,43.00000000,42.32000000,,210869.00000000,1.59399906,0.04690432,0.02000000,,恒瑞医药
2023-03-07,600276,42.64000000,41.36000000,43.04000000,41.35000000,,334387.00000000,4.08607350,-3.04735115,-1.30000000,,恒瑞医药
2023-03-08,600276,41.35000000,41.20000000,41.57000000,40.83000000,,270510.00000000,1.79611650,-0.38684720,-0.16000000,,恒瑞医药
2023-03-09,600276,41.17000000,40.97000000,41.47000000,40.94000000,,176774.00000000,1.29362948,-0.55825243,-0.23000000,,恒瑞医药
2023-03-10,600276,40.60000000,41.10000000,41.45000000,40.57000000,,208268.00000000,2.14111922,0.31730535,0.13000000,,恒瑞医药
2023-03-13,600276,40.77000000,40.66000000,41.14000000,40.45000000,,254689.00000000,1.69699951,-1.07055961,-0.44000000,,恒瑞医药
2023-03-14,600276,40.66000000,40.72000000,41.70000000,40.52000000,,331395.00000000,2.89783890,0.14756517,0.06000000,,恒瑞医药
2023-03-15,600276,41.09000000,40.62000000,41.51000000,40.50000000,,212096.00000000,2.48645987,-0.24557957,-0.10000000,,恒瑞医药
2023-03-16,600276,40.39000000,40.43000000,41.19000000,40.30000000,,184248.00000000,2.20133564,-0.46774988,-0.19000000,,恒瑞医药
2023-03-17,600276,40.79000000,40.06000000,41.03000000,39.94000000,,387716.00000000,2.72091862,-0.91516201,-0.37000000,,恒瑞医药
2023-03-20,600276,40.12000000,39.64000000,40.33000000,39.33000000,,335133.00000000,2.52270434,-1.04842736,-0.42000000,,恒瑞医药
2023-03-21,600276,39.59000000,40.84000000,41.02000000,39.59000000,,333897.00000000,3.50146915,3.02724521,1.20000000,,恒瑞医药
2023-03-22,600276,40.85000000,41.87000000,42.00000000,40.85000000,,331144.00000000,2.74659661,2.52203722,1.03000000,,恒瑞医药
2023-03-23,600276,41.83000000,41.91000000,42.20000000,41.53000000,,262656.00000000,1.59866380,0.09553380,0.04000000,,恒瑞医药
2023-03-24,600276,41.84000000,40.94000000,42.11000000,40.87000000,,259856.00000000,3.02882267,-2.31448342,-0.97000000,,恒瑞医药
2023-03-27,600276,40.94000000,42.52000000,42.54000000,40.14000000,,469301.00000000,5.64440263,3.85930630,1.58000000,,恒瑞医药
2023-03-28,600276,42.33000000,42.24000000,42.44000000,41.56000000,,261611.00000000,2.08333333,-0.65851364,-0.28000000,,恒瑞医药
2023-03-29,600276,42.59000000,42.40000000,42.70000000,42.02000000,,183576.00000000,1.60377358,0.37878788,0.16000000,,恒瑞医药
2023-03-30,600276,42.40000000,42.25000000,42.49000000,41.75000000,,206747.00000000,1.75147929,-0.35377358,-0.15000000,,恒瑞医药
2023-03-31,600276,42.25000000,42.06000000,42.68000000,41.74000000,,220698.00000000,2.23490252,-0.44970414,-0.19000000,,恒瑞医药
2023-04-03,600276,41.89000000,41.80000000,42.42000000,41.64000000,,244114.00000000,1.86602871,-0.61816453,-0.26000000,,恒瑞医药
2023-04-04,600276,41.80000000,42.39000000,42.40000000,41.34000000,,338527.00000000,2.50058976,1.41148325,0.59000000,,恒瑞医药
2023-04-06,600276,42.44000000,42.02000000,42.49000000,41.54000000,,280353.00000000,2.26082818,-0.87284737,-0.37000000,,恒瑞医药
2023-04-07,600276,42.03000000,44.39000000,44.54000000,42.03000000,,670009.00000000,5.65442667,5.64017135,2.37000000,,恒瑞医药
2023-04-10,600276,44.39000000,45.51000000,45.93000000,44.14000000,,662720.00000000,3.93320149,2.52309079,1.12000000,,恒瑞医药
2023-04-11,600276,45.44000000,45.25000000,45.90000000,44.96000000,,327026.00000000,2.07734807,-0.57130301,-0.26000000,,恒瑞医药
2023-04-12,600276,45.34000000,44.87000000,46.59000000,44.80000000,,336009.00000000,3.98930243,-0.83977901,-0.38000000,,恒瑞医药
2023-04-13,600276,44.87000000,46.59000000,46.99000000,44.71000000,,646011.00000000,4.89375402,3.83329619,1.72000000,,恒瑞医药
2023-04-14,600276,47.18000000,46.96000000,47.87000000,46.24000000,,604880.00000000,3.47103918,0.79416184,0.37000000,,恒瑞医药
2023-04-17,600276,47.04000000,48.53000000,49.54000000,47.04000000,,803312.00000000,5.15145271,3.34327087,1.57000000,,恒瑞医药
2023-04-18,600276,48.54000000,48.17000000,48.94000000,47.62000000,,376306.00000000,2.74029479,-0.74180919,-0.36000000,,恒瑞医药
2023-04-19,600276,48.04000000,47.90000000,48.44000000,47.65000000,,267820.00000000,1.64926931,-0.56051484,-0.27000000,,恒瑞医药
2023-04-20,600276,47.74000000,47.04000000,48.15000000,46.77000000,,414766.00000000,2.93367347,-1.79540710,-0.86000000,,恒瑞医药
2023-04-21,600276,47.04000000,46.56000000,47.59000000,46.56000000,,408355.00000000,2.21219931,-1.02040816,-0.48000000,,恒瑞医药
2023-04-24,600276,46.57000000,47.59000000,48.56000000,46.57000000,,603105.00000000,4.18155075,2.21219931,1.03000000,,恒瑞医药
2023-04-25,600276,47.59000000,47.22000000,48.20000000,46.52000000,,438672.00000000,3.55781449,-0.77747426,-0.37000000,,恒瑞医药
2023-04-26,600276,47.24000000,47.44000000,48.01000000,46.26000000,,360255.00000000,3.68887015,0.46590428,0.22000000,,恒瑞医药
2023-04-27,600276,47.42000000,47.44000000,47.99000000,46.65000000,,400538.00000000,2.82462057,0.00000000,0.00000000,,恒瑞医药
2023-04-28,600276,47.44000000,47.89000000,48.19000000,47.07000000,,282983.00000000,2.33869284,0.94856661,0.45000000,,恒瑞医药
2023-05-04,600276,47.79000000,48.51000000,49.14000000,47.72000000,,432507.00000000,2.92723150,1.29463354,0.62000000,,恒瑞医药
2023-05-05,600276,48.62000000,46.71000000,48.72000000,46.32000000,,422608.00000000,5.13808606,-3.71057514,-1.80000000,,恒瑞医药
2023-05-08,600276,46.71000000,45.75000000,46.84000000,45.31000000,,468052.00000000,3.34426230,-2.05523443,-0.96000000,,恒瑞医药
2023-05-09,600276,45.63000000,45.17000000,46.06000000,44.94000000,,289536.00000000,2.47952181,-1.26775956,-0.58000000,,恒瑞医药
2023-05-10,600276,45.24000000,45.59000000,45.94000000,44.89000000,,251665.00000000,2.30313665,0.92982068,0.42000000,,恒瑞医药
2023-05-11,600276,45.59000000,45.67000000,47.23000000,45.45000000,,286218.00000000,3.89752573,0.17547708,0.08000000,,恒瑞医药
2023-05-12,600276,45.68000000,44.75000000,46.11000000,44.61000000,,363767.00000000,3.35195531,-2.01445150,-0.92000000,,恒瑞医药
2023-05-15,600276,44.75000000,46.68000000,46.85000000,44.74000000,,326025.00000000,4.52013710,4.31284916,1.93000000,,恒瑞医药
2023-05-16,600276,48.34000000,48.37000000,48.95000000,47.94000000,,588846.00000000,2.08807112,3.62039417,1.69000000,,恒瑞医药
2023-05-17,600276,48.49000000,47.74000000,48.59000000,47.40000000,,271331.00000000,2.49266862,-1.30246020,-0.63000000,,恒瑞医药
2023-05-18,600276,47.74000000,47.26000000,48.11000000,47.02000000,,229022.00000000,2.30639018,-1.00544617,-0.48000000,,恒瑞医药
2023-05-19,600276,47.32000000,48.37000000,48.99000000,47.32000000,,341093.00000000,3.45255324,2.34870927,1.11000000,,恒瑞医药
2023-05-22,600276,48.42000000,47.94000000,49.44000000,47.57000000,,291330.00000000,3.90070922,-0.88898077,-0.43000000,,恒瑞医药
2023-05-23,600276,47.99000000,48.34000000,49.14000000,47.98000000,,328983.00000000,2.39966901,0.83437630,0.40000000,,恒瑞医药
2023-05-24,600276,48.34000000,47.20000000,48.42000000,46.87000000,,287120.00000000,3.28389831,-2.35829541,-1.14000000,,恒瑞医药
2023-05-25,600276,46.91000000,47.30000000,47.49000000,46.42000000,,183705.00000000,2.26215645,0.21186441,0.10000000,,恒瑞医药
2023-05-26,600276,47.19000000,47.64000000,48.29000000,47.13000000,,174986.00000000,2.43492863,0.71881607,0.34000000,,恒瑞医药
2023-05-29,600276,47.69000000,47.54000000,48.27000000,47.07000000,,218625.00000000,2.52419016,-0.20990764,-0.10000000,,恒瑞医药
2023-05-30,600276,47.54000000,47.53000000,48.44000000,46.54000000,,347627.00000000,3.99747528,-0.02103492,-0.01000000,,恒瑞医药
2023-05-31,600276,47.74000000,44.79000000,47.87000000,44.25000000,,859349.00000000,8.08216120,-5.76478014,-2.74000000,,恒瑞医药
2023-06-01,600276,44.80000000,45.17000000,46.13000000,44.69000000,,458276.00000000,3.18795661,0.84840366,0.38000000,,恒瑞医药
2023-06-02,600276,45.42000000,45.27000000,46.08000000,45.11000000,,286950.00000000,2.14269936,0.22138588,0.10000000,,恒瑞医药
2023-06-05,600276,45.44000000,45.74000000,46.14000000,45.28000000,,270911.00000000,1.88019239,1.03821515,0.47000000,,恒瑞医药
2023-06-06,600276,45.78000000,45.55000000,46.41000000,45.39000000,,267820.00000000,2.23929748,-0.41539134,-0.19000000,,恒瑞医药
2023-06-07,600276,45.54000000,44.74000000,45.93000000,44.59000000,,248218.00000000,2.99508270,-1.77826564,-0.81000000,,恒瑞医药
2023-06-08,600276,44.90000000,44.99000000,45.08000000,44.25000000,,223284.00000000,1.84485441,0.55878409,0.25000000,,恒瑞医药
2023-06-09,600276,44.74000000,45.19000000,45.55000000,44.51000000,,314957.00000000,2.30139411,0.44454323,0.20000000,,恒瑞医药
2023-06-12,600276,45.03000000,44.10000000,45.03000000,43.10000000,,499494.00000000,4.37641723,-2.41203806,-1.09000000,,恒瑞医药
2023-06-13,600276,44.01000000,44.40000000,44.74000000,43.67000000,,196180.00000000,2.40990991,0.68027211,0.30000000,,恒瑞医药
2023-06-14,600276,44.50000000,45.40000000,45.78000000,44.22000000,,411556.00000000,3.43612335,2.25225225,1.00000000,,恒瑞医药
2023-06-15,600276,45.80000000,46.33000000,46.39000000,45.44000000,,317301.00000000,2.05050723,2.04845815,0.93000000,,恒瑞医药
2023-06-16,600276,46.20000000,46.90000000,47.88000000,46.10000000,,380344.00000000,3.79530917,1.23030434,0.57000000,,恒瑞医药
2023-06-19,600276,46.90000000,46.28000000,47.28000000,46.03000000,,218127.00000000,2.70095073,-1.32196162,-0.62000000,,恒瑞医药
2023-06-20,600276,46.37000000,46.18000000,46.89000000,46.10000000,,148967.00000000,1.71069727,-0.21607606,-0.10000000,,恒瑞医药
2023-06-21,600276,45.91000000,45.80000000,46.57000000,45.80000000,,170863.00000000,1.68122271,-0.82286704,-0.38000000,,恒瑞医药
2023-06-26,600276,45.68000000,45.76000000,46.48000000,45.08000000,,214000.00000000,3.05944056,-0.08733624,-0.04000000,,恒瑞医药
2023-06-27,600276,45.58000000,45.35000000,46.20000000,45.23000000,,189784.00000000,2.13891951,-0.89597902,-0.41000000,,恒瑞医药
2023-06-28,600276,45.53000000,45.60000000,45.80000000,45.11000000,,215203.00000000,1.51315789,0.55126792,0.25000000,,恒瑞医药
2023-06-29,600276,45.55000000,46.45000000,46.84000000,45.50000000,,302950.00000000,2.88482239,1.86403509,0.85000000,,恒瑞医药
2023-06-30,600276,46.30000000,47.30000000,47.88000000,46.26000000,,283562.00000000,3.42494715,1.82992465,0.85000000,,恒瑞医药
2023-07-03,600276,47.32000000,46.76000000,47.32000000,46.43000000,,203984.00000000,1.90333618,-1.14164905,-0.54000000,,恒瑞医药
2023-07-04,600276,46.70000000,48.25000000,49.90000000,45.91000000,,841571.00000000,8.26943005,3.18648417,1.49000000,,恒瑞医药
2023-07-05,600276,48.25000000,48.59000000,49.25000000,47.93000000,,461083.00000000,2.71660836,0.70466321,0.34000000,,恒瑞医药
2023-07-06,600276,48.56000000,47.51000000,48.60000000,47.29000000,,252248.00000000,2.75731425,-2.22267956,-1.08000000,,恒瑞医药
2023-07-07,600276,47.40000000,47.79000000,47.99000000,47.21000000,,172268.00000000,1.63214062,0.58934961,0.28000000,,恒瑞医药
2023-07-10,600276,47.78000000,47.01000000,47.89000000,46.76000000,,216794.00000000,2.40374388,-1.63214062,-0.78000000,,恒瑞医药
2023-07-11,600276,47.40000000,47.64000000,47.96000000,46.61000000,,242128.00000000,2.83375315,1.34014040,0.63000000,,恒瑞医药
2023-07-12,600276,47.64000000,47.17000000,47.80000000,46.95000000,,146811.00000000,1.80199279,-0.98656591,-0.47000000,,恒瑞医药
2023-07-13,600276,47.34000000,47.41000000,47.60000000,46.90000000,,246040.00000000,1.47648175,0.50879796,0.24000000,,恒瑞医药
2023-07-14,600276,47.38000000,46.92000000,47.39000000,46.90000000,,134610.00000000,1.04433078,-1.03353723,-0.49000000,,恒瑞医药
2023-07-17,600276,46.92000000,46.60000000,46.92000000,46.13000000,,213944.00000000,1.69527897,-0.68201194,-0.32000000,,恒瑞医药
2023-07-18,600276,46.80000000,46.60000000,47.25000000,46.40000000,,121135.00000000,1.82403433,0.00000000,0.00000000,,恒瑞医药
2023-07-19,600276,46.40000000,46.09000000,46.77000000,45.95000000,,194150.00000000,1.77912779,-1.09442060,-0.51000000,,恒瑞医药
2023-07-20,600276,46.39000000,45.36000000,46.80000000,45.27000000,,180988.00000000,3.37301587,-1.58385767,-0.73000000,,恒瑞医药
2023-07-21,600276,45.43000000,45.33000000,45.70000000,45.05000000,,209766.00000000,1.43392897,-0.06613757,-0.03000000,,恒瑞医药
2023-07-24,600276,45.30000000,46.69000000,47.40000000,45.29000000,,473988.00000000,4.51916899,3.00022060,1.36000000,,恒瑞医药
2023-07-25,600276,47.15000000,47.16000000,47.30000000,46.53000000,,249098.00000000,1.63273961,1.00663954,0.47000000,,恒瑞医药
2023-07-26,600276,47.17000000,47.48000000,47.56000000,46.95000000,,167788.00000000,1.28475147,0.67854114,0.32000000,,恒瑞医药
2023-07-27,600276,47.73000000,47.51000000,47.87000000,47.20000000,,162255.00000000,1.41022943,0.06318450,0.03000000,,恒瑞医药
2023-07-28,600276,47.28000000,48.45000000,48.60000000,46.99000000,,377573.00000000,3.32301342,1.97853084,0.94000000,,恒瑞医药
2023-07-31,600276,48.44000000,43.98000000,48.73000000,43.62000000,,1359242.00000000,11.61891769,-9.22600619,-4.47000000,,恒瑞医药
2023-08-01,600276,43.71000000,42.78000000,43.71000000,41.70000000,,1344001.00000000,4.69845722,-2.72851296,-1.20000000,,恒瑞医药
2023-08-02,600276,42.65000000,41.68000000,43.39000000,41.46000000,,934819.00000000,4.63051823,-2.57129500,-1.10000000,,恒瑞医药
2023-08-03,600276,41.25000000,41.67000000,42.29000000,40.58000000,,791888.00000000,4.10367171,-0.02399232,-0.01000000,,恒瑞医药
2023-08-04,600276,41.95000000,40.47000000,42.07000000,40.40000000,,1064609.00000000,4.12651347,-2.87976962,-1.20000000,,恒瑞医药
2023-08-07,600276,40.06000000,38.53000000,40.06000000,37.96000000,,1347893.00000000,5.45029847,-4.79367433,-1.94000000,,恒瑞医药
2023-08-08,600276,38.00000000,39.54000000,40.09000000,37.98000000,,974177.00000000,5.33636823,2.62133403,1.01000000,,恒瑞医药
2023-08-09,600276,39.30000000,39.61000000,40.07000000,39.20000000,,573863.00000000,2.19641505,0.17703591,0.07000000,,恒瑞医药
2023-08-10,600276,39.61000000,39.30000000,39.78000000,39.00000000,,355953.00000000,1.98473282,-0.78263065,-0.31000000,,恒瑞医药
2023-08-11,600276,39.36000000,38.60000000,39.63000000,38.60000000,,337898.00000000,2.66839378,-1.78117048,-0.70000000,,恒瑞医药
2023-08-14,600276,38.23000000,40.02000000,40.19000000,38.20000000,,602790.00000000,4.97251374,3.67875648,1.42000000,,恒瑞医药
2023-08-15,600276,40.01000000,39.90000000,40.50000000,39.38000000,,426582.00000000,2.80701754,-0.29985007,-0.12000000,,恒瑞医药
2023-08-16,600276,39.79000000,40.41000000,41.31000000,39.65000000,,630409.00000000,4.10789409,1.27819549,0.51000000,,恒瑞医药
2023-08-17,600276,40.12000000,39.97000000,40.26000000,39.50000000,,395599.00000000,1.90142607,-1.08883940,-0.44000000,,恒瑞医药
2023-08-18,600276,39.90000000,39.35000000,39.98000000,39.20000000,,261862.00000000,1.98221093,-1.55116337,-0.62000000,,恒瑞医药
2023-08-21,600276,37.36000000,38.20000000,38.73000000,36.50000000,,607921.00000000,5.83769634,-2.92249047,-1.15000000,,恒瑞医药
2023-08-22,600276,38.55000000,38.55000000,38.80000000,37.73000000,,435386.00000000,2.77561608,0.91623037,0.35000000,,恒瑞医药
2023-08-23,600276,38.50000000,38.10000000,38.71000000,38.08000000,,258171.00000000,1.65354331,-1.16731518,-0.45000000,,恒瑞医药
2023-08-24,600276,38.11000000,39.84000000,40.28000000,37.80000000,,477737.00000000,6.22489960,4.56692913,1.74000000,,恒瑞医药
2023-08-25,600276,39.66000000,40.12000000,40.73000000,39.56000000,,430306.00000000,2.91625125,0.70281124,0.28000000,,恒瑞医药
2023-08-28,600276,42.39000000,41.32000000,42.75000000,40.92000000,,722102.00000000,4.42884802,2.99102692,1.20000000,,恒瑞医药
2023-08-29,600276,41.31000000,41.65000000,41.89000000,41.00000000,,376997.00000000,2.13685474,0.79864472,0.33000000,,恒瑞医药
2023-08-30,600276,41.90000000,41.55000000,41.90000000,41.40000000,,253504.00000000,1.20336943,-0.24009604,-0.10000000,,恒瑞医药
2023-08-31,600276,41.55000000,41.18000000,41.64000000,41.10000000,,259633.00000000,1.31131617,-0.89049338,-0.37000000,,恒瑞医药
2023-09-01,600276,41.25000000,40.93000000,41.42000000,40.83000000,,165313.00000000,1.44148546,-0.60709082,-0.25000000,,恒瑞医药
2023-09-04,600276,41.33000000,40.60000000,41.37000000,40.50000000,,324688.00000000,2.14285714,-0.80625458,-0.33000000,,恒瑞医药
2023-09-05,600276,40.61000000,40.61000000,40.98000000,40.49000000,,202444.00000000,1.20659936,0.02463054,0.01000000,,恒瑞医药
2023-09-06,600276,40.41000000,40.13000000,40.59000000,40.00000000,,211816.00000000,1.47022178,-1.18197488,-0.48000000,,恒瑞医药
2023-09-07,600276,40.28000000,39.69000000,40.28000000,39.33000000,,286649.00000000,2.39355001,-1.09643658,-0.44000000,,恒瑞医药
2023-09-08,600276,39.65000000,39.98000000,40.01000000,39.40000000,,178497.00000000,1.52576288,0.73066264,0.29000000,,恒瑞医药
2023-09-11,600276,40.15000000,42.40000000,42.56000000,40.15000000,,757357.00000000,5.68396226,6.05302651,2.42000000,,恒瑞医药
2023-09-12,600276,42.21000000,42.31000000,42.58000000,42.08000000,,262043.00000000,1.18175372,-0.21226415,-0.09000000,,恒瑞医药
2023-09-13,600276,42.25000000,41.60000000,42.48000000,41.41000000,,223141.00000000,2.57211538,-1.67809029,-0.71000000,,恒瑞医药
2023-09-14,600276,41.73000000,41.99000000,42.19000000,41.45000000,,230089.00000000,1.76232436,0.93750000,0.39000000,,恒瑞医药
2023-09-15,600276,42.10000000,43.00000000,43.35000000,41.75000000,,669591.00000000,3.72093023,2.40533460,1.01000000,,恒瑞医药
2023-09-18,600276,43.01000000,43.76000000,44.35000000,42.99000000,,478974.00000000,3.10786106,1.76744186,0.76000000,,恒瑞医药
2023-09-19,600276,43.76000000,44.03000000,44.22000000,43.49000000,,257266.00000000,1.65796048,0.61700183,0.27000000,,恒瑞医药
2023-09-20,600276,43.90000000,43.75000000,44.00000000,43.28000000,,218104.00000000,1.64571429,-0.63593005,-0.28000000,,恒瑞医药
2023-09-21,600276,43.75000000,43.29000000,43.79000000,43.18000000,,192238.00000000,1.40910141,-1.05142857,-0.46000000,,恒瑞医药
2023-09-22,600276,43.37000000,43.46000000,43.54000000,42.80000000,,282408.00000000,1.70271514,0.39270039,0.17000000,,恒瑞医药
2023-09-25,600276,43.50000000,44.25000000,44.45000000,43.11000000,,407403.00000000,3.02824859,1.81776346,0.79000000,,恒瑞医药
2023-09-26,600276,44.20000000,44.10000000,44.48000000,43.55000000,,273018.00000000,2.10884354,-0.33898305,-0.15000000,,恒瑞医药
2023-09-27,600276,44.08000000,44.71000000,45.08000000,44.05000000,,357243.00000000,2.30373518,1.38321995,0.61000000,,恒瑞医药
2023-09-28,600276,44.95000000,44.34000000,45.28000000,44.16000000,,251307.00000000,2.52593595,-0.82755536,-0.37000000,,恒瑞医药
2023-10-09,600276,44.29000000,44.16000000,44.60000000,43.52000000,,331422.00000000,2.44565217,-0.40595399,-0.18000000,,恒瑞医药
2023-10-10,600276,44.32000000,43.77000000,44.39000000,43.68000000,,166019.00000000,1.62211560,-0.88315217,-0.39000000,,恒瑞医药
2023-10-11,600276,44.10000000,44.45000000,44.97000000,44.10000000,,329577.00000000,1.95725534,1.55357551,0.68000000,,恒瑞医药
2023-10-12,600276,45.00000000,44.35000000,45.05000000,44.10000000,,244608.00000000,2.14205186,-0.22497188,-0.10000000,,恒瑞医药
2023-10-13,600276,43.98000000,44.05000000,44.52000000,43.77000000,,187513.00000000,1.70261067,-0.67643743,-0.30000000,,恒瑞医药
2023-10-16,600276,44.22000000,43.63000000,44.52000000,43.50000000,,214400.00000000,2.33784094,-0.95346198,-0.42000000,,恒瑞医药
2023-10-17,600276,43.63000000,43.87000000,43.93000000,43.00000000,,214293.00000000,2.11989970,0.55008022,0.24000000,,恒瑞医药
2023-10-18,600276,43.88000000,43.22000000,43.89000000,43.16000000,,157011.00000000,1.68903286,-1.48165033,-0.65000000,,恒瑞医药
2023-10-19,600276,43.06000000,42.81000000,43.48000000,42.60000000,,262747.00000000,2.05559449,-0.94863489,-0.41000000,,恒瑞医药
2023-10-20,600276,42.52000000,42.12000000,42.90000000,41.95000000,,303034.00000000,2.25546059,-1.61177295,-0.69000000,,恒瑞医药
2023-10-23,600276,42.13000000,42.47000000,42.76000000,41.73000000,,224632.00000000,2.42524135,0.83095916,0.35000000,,恒瑞医药
2023-10-24,600276,42.46000000,42.63000000,42.90000000,42.01000000,,260856.00000000,2.08773164,0.37673652,0.16000000,,恒瑞医药
2023-10-25,600276,43.09000000,42.57000000,43.27000000,42.46000000,,275145.00000000,1.90274841,-0.14074595,-0.06000000,,恒瑞医药
2023-10-26,600276,43.29000000,43.85000000,44.25000000,42.85000000,,418092.00000000,3.19270239,3.00681231,1.28000000,,恒瑞医药
2023-10-27,600276,43.66000000,44.80000000,44.95000000,43.28000000,,414072.00000000,3.72767857,2.16647662,0.95000000,,恒瑞医药
2023-10-30,600276,44.85000000,45.98000000,46.40000000,44.60000000,,550654.00000000,3.91474554,2.63392857,1.18000000,,恒瑞医药
2023-10-31,600276,47.93000000,47.34000000,48.18000000,46.63000000,,706569.00000000,3.27418673,2.95780774,1.36000000,,恒瑞医药
2023-11-01,600276,47.35000000,47.37000000,47.58000000,46.69000000,,335687.00000000,1.87882626,0.06337136,0.03000000,,恒瑞医药
2023-11-02,600276,47.57000000,47.30000000,47.60000000,47.11000000,,205142.00000000,1.03594080,-0.14777285,-0.07000000,,恒瑞医药
2023-11-03,600276,47.20000000,46.91000000,47.50000000,46.80000000,,212838.00000000,1.49221914,-0.82452431,-0.39000000,,恒瑞医药
2023-11-06,600276,47.89000000,47.73000000,48.28000000,47.56000000,,378138.00000000,1.50848523,1.74802814,0.82000000,,恒瑞医药
2023-11-07,600276,47.90000000,47.83000000,48.21000000,47.58000000,,261492.00000000,1.31716496,0.20951184,0.10000000,,恒瑞医药
2023-11-08,600276,47.87000000,48.68000000,49.14000000,47.87000000,,318466.00000000,2.60887428,1.77712733,0.85000000,,恒瑞医药
2023-11-09,600276,48.54000000,47.78000000,48.77000000,47.67000000,,294700.00000000,2.30221850,-1.84880855,-0.90000000,,恒瑞医药
2023-11-10,600276,47.50000000,47.79000000,48.08000000,47.43000000,,186558.00000000,1.36011718,0.02092926,0.01000000,,恒瑞医药
2023-11-13,600276,47.91000000,46.70000000,48.04000000,46.46000000,,338641.00000000,3.38329764,-2.28081189,-1.09000000,,恒瑞医药
2023-11-14,600276,46.77000000,46.44000000,47.08000000,46.20000000,,206788.00000000,1.89491817,-0.55674518,-0.26000000,,恒瑞医药
2023-11-15,600276,47.08000000,46.73000000,47.38000000,46.56000000,,156722.00000000,1.75476140,0.62446167,0.29000000,,恒瑞医药
2023-11-16,600276,46.43000000,46.20000000,46.88000000,46.16000000,,139576.00000000,1.55844156,-1.13417505,-0.53000000,,恒瑞医药
2023-11-17,600276,46.19000000,46.54000000,46.73000000,46.08000000,,211799.00000000,1.39664804,0.73593074,0.34000000,,恒瑞医药
2023-11-20,600276,46.61000000,46.89000000,47.38000000,46.36000000,,231080.00000000,2.17530390,0.75204125,0.35000000,,恒瑞医药
2023-11-21,600276,47.00000000,46.98000000,47.48000000,46.71000000,,205466.00000000,1.63899532,0.19193858,0.09000000,,恒瑞医药
2023-11-22,600276,46.98000000,46.54000000,47.07000000,46.54000000,,126902.00000000,1.13880533,-0.93656875,-0.44000000,,恒瑞医药
2023-11-23,600276,46.55000000,46.57000000,46.67000000,46.05000000,,126847.00000000,1.33132918,0.06446068,0.03000000,,恒瑞医药
2023-11-24,600276,46.41000000,46.33000000,46.61000000,46.12000000,,146471.00000000,1.05763005,-0.51535323,-0.24000000,,恒瑞医药
2023-11-27,600276,46.32000000,46.20000000,46.50000000,45.82000000,,184432.00000000,1.47186147,-0.28059573,-0.13000000,,恒瑞医药
2023-11-28,600276,46.10000000,46.90000000,46.90000000,45.98000000,,204180.00000000,1.96162047,1.51515152,0.70000000,,恒瑞医药
2023-11-29,600276,46.90000000,47.07000000,47.30000000,46.73000000,,175454.00000000,1.21096240,0.36247335,0.17000000,,恒瑞医药
2023-11-30,600276,47.10000000,47.42000000,47.48000000,46.83000000,,215983.00000000,1.37072965,0.74357340,0.35000000,,恒瑞医药
2023-12-01,600276,47.35000000,45.98000000,47.53000000,45.23000000,,408166.00000000,5.00217486,-3.03669338,-1.44000000,,恒瑞医药
2023-12-04,600276,45.96000000,45.39000000,46.04000000,44.90000000,,276861.00000000,2.51156642,-1.28316659,-0.59000000,,恒瑞医药
2023-12-05,600276,45.23000000,44.65000000,45.70000000,44.55000000,,265791.00000000,2.57558791,-1.63031505,-0.74000000,,恒瑞医药
2023-12-06,600276,44.62000000,44.81000000,45.42000000,44.25000000,,220289.00000000,2.61102432,0.35834267,0.16000000,,恒瑞医药
2023-12-07,600276,44.88000000,44.18000000,45.15000000,44.13000000,,237438.00000000,2.30873699,-1.40593617,-0.63000000,,恒瑞医药
2023-12-08,600276,44.17000000,44.99000000,45.06000000,44.05000000,,292413.00000000,2.24494332,1.83340878,0.81000000,,恒瑞医药
2023-12-11,600276,44.77000000,45.93000000,46.00000000,44.46000000,,267695.00000000,3.35292837,2.08935319,0.94000000,,恒瑞医药
2023-12-12,600276,45.93000000,45.20000000,46.06000000,44.85000000,,212970.00000000,2.67699115,-1.58937514,-0.73000000,,恒瑞医药
2023-12-13,600276,44.94000000,45.02000000,45.49000000,44.92000000,,186764.00000000,1.26610395,-0.39823009,-0.18000000,,恒瑞医药
2023-12-14,600276,45.48000000,45.13000000,45.59000000,44.97000000,,194061.00000000,1.37380900,0.24433585,0.11000000,,恒瑞医药
2023-12-15,600276,45.15000000,44.06000000,45.24000000,43.85000000,,259066.00000000,3.15478892,-2.37092843,-1.07000000,,恒瑞医药
2023-12-18,600276,43.99000000,44.89000000,45.18000000,43.58000000,,244786.00000000,3.56426821,1.88379483,0.83000000,,恒瑞医药
2023-12-19,600276,44.81000000,44.18000000,44.84000000,43.61000000,,214347.00000000,2.78406519,-1.58164402,-0.71000000,,恒瑞医药
2023-12-20,600276,44.10000000,43.63000000,44.58000000,43.59000000,,189821.00000000,2.26908091,-1.24490720,-0.55000000,,恒瑞医药
2023-12-21,600276,43.58000000,43.89000000,44.03000000,43.45000000,,188352.00000000,1.32148553,0.59592024,0.26000000,,恒瑞医药
2023-12-22,600276,43.88000000,43.41000000,43.97000000,42.91000000,,242358.00000000,2.44183368,-1.09364320,-0.48000000,,恒瑞医药
2023-12-25,600276,43.41000000,43.40000000,43.95000000,43.30000000,,133612.00000000,1.49769585,-0.02303617,-0.01000000,,恒瑞医药
2023-12-26,600276,43.40000000,43.38000000,43.47000000,42.70000000,,150554.00000000,1.77501153,-0.04608295,-0.02000000,,恒瑞医药
2023-12-27,600276,43.30000000,43.49000000,43.61000000,42.76000000,,216015.00000000,1.95447229,0.25357308,0.11000000,,恒瑞医药
2023-12-28,600276,43.50000000,44.15000000,44.25000000,43.33000000,,307634.00000000,2.08380521,1.51759025,0.66000000,,恒瑞医药
2023-12-29,600276,44.28000000,44.63000000,44.80000000,44.05000000,,242380.00000000,1.68048398,1.08720272,0.48000000,,恒瑞医药
2024-01-02,600276,44.64000000,43.87000000,44.84000000,43.76000000,,182608.00000000,2.46181901,-1.70289043,-0.76000000,,恒瑞医药
2024-01-03,600276,43.61000000,43.63000000,44.28000000,43.45000000,,146694.00000000,1.90236076,-0.54707089,-0.24000000,,恒瑞医药
2024-01-04,600276,43.70000000,43.19000000,43.74000000,42.28000000,,339045.00000000,3.38041213,-1.00848040,-0.44000000,,恒瑞医药
2024-01-05,600276,42.71000000,41.35000000,42.90000000,40.68000000,,495227.00000000,5.36880290,-4.26024543,-1.84000000,,恒瑞医药
2024-01-08,600276,41.20000000,40.51000000,41.20000000,40.40000000,,300091.00000000,1.97482103,-2.03143894,-0.84000000,,恒瑞医药
2024-01-09,600276,40.55000000,40.60000000,40.96000000,40.28000000,,211749.00000000,1.67487685,0.22216737,0.09000000,,恒瑞医药
2024-01-10,600276,40.60000000,40.90000000,41.39000000,40.17000000,,206746.00000000,2.98288509,0.73891626,0.30000000,,恒瑞医药
2024-01-11,600276,40.91000000,40.88000000,41.25000000,40.58000000,,189720.00000000,1.63894325,-0.04889976,-0.02000000,,恒瑞医药
2024-01-12,600276,40.61000000,40.50000000,41.00000000,40.32000000,,132701.00000000,1.67901235,-0.92954990,-0.38000000,,恒瑞医药
2024-01-15,600276,40.10000000,40.91000000,41.30000000,40.08000000,,148935.00000000,2.98215595,1.01234568,0.41000000,,恒瑞医药
2024-01-16,600276,40.60000000,40.81000000,41.05000000,40.20000000,,186577.00000000,2.08282284,-0.24443901,-0.10000000,,恒瑞医药
2024-01-17,600276,40.53000000,39.51000000,40.69000000,39.51000000,,240232.00000000,2.98658567,-3.18549375,-1.30000000,,恒瑞医药
2024-01-18,600276,39.40000000,40.69000000,40.80000000,38.87000000,,387165.00000000,4.74318014,2.98658567,1.18000000,,恒瑞医药
2024-01-19,600276,40.49000000,40.81000000,41.00000000,40.21000000,,317395.00000000,1.93580005,0.29491275,0.12000000,,恒瑞医药
2024-01-22,600276,40.80000000,40.18000000,41.10000000,39.53000000,,349377.00000000,3.90741663,-1.54373928,-0.63000000,,恒瑞医药
2024-01-23,600276,40.08000000,39.70000000,40.32000000,39.63000000,,208862.00000000,1.73803526,-1.19462419,-0.48000000,,恒瑞医药
2024-01-24,600276,40.08000000,39.92000000,40.13000000,38.90000000,,250042.00000000,3.08116232,0.55415617,0.22000000,,恒瑞医药
2024-01-25,600276,40.24000000,40.60000000,40.60000000,39.45000000,,278912.00000000,2.83251232,1.70340681,0.68000000,,恒瑞医药
2024-01-26,600276,40.30000000,39.70000000,40.62000000,39.41000000,,302800.00000000,3.04785894,-2.21674877,-0.90000000,,恒瑞医药
2024-01-29,600276,39.65000000,38.65000000,39.95000000,38.43000000,,281051.00000000,3.93272962,-2.64483627,-1.05000000,,恒瑞医药
2024-01-30,600276,38.62000000,38.09000000,38.84000000,37.96000000,,233013.00000000,2.31031767,-1.44890039,-0.56000000,,恒瑞医药
2024-01-31,600276,37.80000000,36.85000000,38.00000000,36.62000000,,380597.00000000,3.74491180,-3.25544762,-1.24000000,,恒瑞医药
2024-02-01,600276,36.60000000,36.56000000,37.46000000,36.28000000,,300235.00000000,3.22757112,-0.78697422,-0.29000000,,恒瑞医药
2024-02-02,600276,36.62000000,35.35000000,37.07000000,34.91000000,,360475.00000000,6.11032532,-3.30962801,-1.21000000,,恒瑞医药
2024-02-05,600276,35.38000000,36.80000000,37.36000000,35.19000000,,497939.00000000,5.89673913,4.10183876,1.45000000,,恒瑞医药
2024-02-06,600276,36.80000000,40.40000000,40.45000000,36.60000000,,568195.00000000,9.52970297,9.78260870,3.60000000,,恒瑞医药
2024-02-07,600276,40.65000000,41.24000000,41.26000000,39.91000000,,522124.00000000,3.27352085,2.07920792,0.84000000,,恒瑞医药
2024-02-08,600276,41.24000000,41.27000000,41.95000000,40.58000000,,379944.00000000,3.31960262,0.07274491,0.03000000,,恒瑞医药
2024-02-19,600276,41.26000000,41.06000000,41.57000000,40.45000000,,253808.00000000,2.72771554,-0.50884420,-0.21000000,,恒瑞医药
2024-02-20,600276,41.13000000,41.26000000,41.63000000,40.91000000,,212255.00000000,1.74503151,0.48709206,0.20000000,,恒瑞医药
2024-02-21,600276,41.28000000,41.62000000,41.86000000,40.85000000,,299015.00000000,2.42671792,0.87251575,0.36000000,,恒瑞医药
2024-02-22,600276,41.40000000,41.83000000,41.94000000,41.36000000,,175301.00000000,1.38656467,0.50456511,0.21000000,,恒瑞医药
2024-02-23,600276,41.83000000,41.79000000,42.26000000,41.28000000,,229506.00000000,2.34505863,-0.09562515,-0.04000000,,恒瑞医药
2024-02-26,600276,41.61000000,41.48000000,41.89000000,41.20000000,,188782.00000000,1.66345227,-0.74180426,-0.31000000,,恒瑞医药
2024-02-27,600276,41.50000000,41.67000000,41.73000000,41.24000000,,176161.00000000,1.17590593,0.45805207,0.19000000,,恒瑞医药
2024-02-28,600276,41.87000000,41.63000000,42.99000000,41.63000000,,340118.00000000,3.26687485,-0.09599232,-0.04000000,,恒瑞医药
2024-02-29,600276,41.62000000,42.04000000,42.25000000,41.50000000,,253408.00000000,1.78401522,0.98486668,0.41000000,,恒瑞医药
2024-03-01,600276,42.04000000,41.92000000,42.32000000,41.50000000,,215637.00000000,1.95610687,-0.28544244,-0.12000000,,恒瑞医药
2024-03-04,600276,41.92000000,43.30000000,43.38000000,41.86000000,,376568.00000000,3.51039261,3.29198473,1.38000000,,恒瑞医药
2024-03-05,600276,43.30000000,43.96000000,44.10000000,43.02000000,,371200.00000000,2.45677889,1.52424942,0.66000000,,恒瑞医药
2024-03-06,600276,44.05000000,43.36000000,44.30000000,43.10000000,,216991.00000000,2.76752768,-1.36487716,-0.60000000,,恒瑞医药
2024-03-07,600276,43.30000000,41.35000000,43.36000000,41.00000000,,457433.00000000,5.70737606,-4.63560886,-2.01000000,,恒瑞医药
2024-03-08,600276,41.34000000,41.29000000,42.10000000,41.02000000,,277418.00000000,2.61564543,-0.14510278,-0.06000000,,恒瑞医药
2024-03-11,600276,41.30000000,43.00000000,43.10000000,41.08000000,,325467.00000000,4.69767442,4.14143860,1.71000000,,恒瑞医药
2024-03-12,600276,43.11000000,44.33000000,44.69000000,42.60000000,,431410.00000000,4.71464020,3.09302326,1.33000000,,恒瑞医药
2024-03-13,600276,44.40000000,44.08000000,44.43000000,43.56000000,,207495.00000000,1.97368421,-0.56395218,-0.25000000,,恒瑞医药
2024-03-14,600276,48.40000000,46.43000000,48.55000000,45.91000000,,1099245.00000000,5.68597889,5.33121597,2.35000000,,恒瑞医药
2024-03-15,600276,46.38000000,46.53000000,47.35000000,45.90000000,,438579.00000000,3.11626907,0.21537799,0.10000000,,恒瑞医药
2024-03-18,600276,46.40000000,46.68000000,47.08000000,45.85000000,,297914.00000000,2.63496144,0.32237266,0.15000000,,恒瑞医药
2024-03-19,600276,46.31000000,45.37000000,46.73000000,45.30000000,,272048.00000000,3.15186246,-2.80634105,-1.31000000,,恒瑞医药
2024-03-20,600276,45.06000000,45.03000000,45.31000000,44.71000000,,225014.00000000,1.33244504,-0.74939387,-0.34000000,,恒瑞医药
2024-03-21,600276,45.25000000,45.03000000,45.47000000,44.85000000,,183357.00000000,1.37685987,0.00000000,0.00000000,,恒瑞医药
2024-03-22,600276,44.94000000,45.33000000,45.40000000,44.50000000,,242254.00000000,1.98544011,0.66622252,0.30000000,,恒瑞医药
2024-03-25,600276,45.35000000,45.56000000,46.22000000,45.21000000,,232620.00000000,2.21685689,0.50739025,0.23000000,,恒瑞医药
2024-03-26,600276,45.50000000,45.67000000,45.99000000,45.27000000,,200061.00000000,1.57652726,0.24143986,0.11000000,,恒瑞医药
2024-03-27,600276,45.60000000,45.31000000,45.75000000,45.10000000,,155668.00000000,1.43456191,-0.78826363,-0.36000000,,恒瑞医药
2024-03-28,600276,45.31000000,45.61000000,46.26000000,44.94000000,,214019.00000000,2.89410217,0.66210550,0.30000000,,恒瑞医药
2024-03-29,600276,45.61000000,45.37000000,45.77000000,44.80000000,,187038.00000000,2.13797664,-0.52620039,-0.24000000,,恒瑞医药
2024-04-01,600276,45.38000000,45.72000000,46.20000000,45.38000000,,202224.00000000,1.79352581,0.77143487,0.35000000,,恒瑞医药
2024-04-02,600276,45.60000000,44.86000000,46.09000000,44.46000000,,224903.00000000,3.63352653,-1.88101487,-0.86000000,,恒瑞医药
2024-04-03,600276,44.50000000,44.16000000,44.73000000,43.92000000,,236904.00000000,1.83423913,-1.56041016,-0.70000000,,恒瑞医药
2024-04-08,600276,44.20000000,44.80000000,45.27000000,44.20000000,,236268.00000000,2.38839286,1.44927536,0.64000000,,恒瑞医药
2024-04-09,600276,44.80000000,44.94000000,45.03000000,43.68000000,,215272.00000000,3.00400534,0.31250000,0.14000000,,恒瑞医药
2024-04-10,600276,44.94000000,44.85000000,45.38000000,44.30000000,,163531.00000000,2.40802676,-0.20026702,-0.09000000,,恒瑞医药
2024-04-11,600276,44.45000000,44.34000000,44.89000000,44.03000000,,186092.00000000,1.93955796,-1.13712375,-0.51000000,,恒瑞医药
2024-04-12,600276,44.20000000,43.49000000,44.75000000,43.35000000,,222119.00000000,3.21913083,-1.91700496,-0.85000000,,恒瑞医药
2024-04-15,600276,43.54000000,43.96000000,44.55000000,43.49000000,,220278.00000000,2.41128298,1.08070821,0.47000000,,恒瑞医药
2024-04-16,600276,43.73000000,43.66000000,44.05000000,43.19000000,,233857.00000000,1.96976638,-0.68243858,-0.30000000,,恒瑞医药
2024-04-17,600276,43.75000000,43.79000000,44.18000000,43.24000000,,232756.00000000,2.14660881,0.29775538,0.13000000,,恒瑞医药
2024-04-18,600276,44.60000000,41.75000000,44.90000000,41.60000000,,590168.00000000,7.90419162,-4.65859785,-2.04000000,,恒瑞医药
2024-04-19,600276,41.40000000,41.08000000,41.74000000,40.62000000,,384255.00000000,2.72638754,-1.60479042,-0.67000000,,恒瑞医药
2024-04-22,600276,41.39000000,41.26000000,41.57000000,40.86000000,,278064.00000000,1.72079496,0.43816943,0.18000000,,恒瑞医药
2024-04-23,600276,41.26000000,43.47000000,43.67000000,41.20000000,,493661.00000000,5.68207960,5.35627727,2.21000000,,恒瑞医药
2024-04-24,600276,43.36000000,43.10000000,43.60000000,42.80000000,,216252.00000000,1.85614849,-0.85116172,-0.37000000,,恒瑞医药
2024-04-25,600276,43.10000000,43.70000000,44.37000000,42.90000000,,244691.00000000,3.36384439,1.39211137,0.60000000,,恒瑞医药
2024-04-26,600276,43.60000000,45.01000000,45.19000000,43.57000000,,342783.00000000,3.59920018,2.99771167,1.31000000,,恒瑞医药
2024-04-29,600276,45.00000000,45.58000000,46.26000000,44.93000000,,342796.00000000,2.91794647,1.26638525,0.57000000,,恒瑞医药
2024-04-30,600276,45.79000000,45.56000000,46.25000000,45.25000000,,192502.00000000,2.19490781,-0.04387889,-0.02000000,,恒瑞医药
2024-05-06,600276,46.33000000,46.56000000,47.27000000,45.82000000,,325824.00000000,3.11426117,2.19490781,1.00000000,,恒瑞医药
2024-05-07,600276,46.56000000,46.63000000,46.90000000,46.42000000,,203780.00000000,1.02938023,0.15034364,0.07000000,,恒瑞医药
2024-05-08,600276,46.66000000,45.82000000,46.77000000,45.65000000,,261292.00000000,2.44434745,-1.73707913,-0.81000000,,恒瑞医药
2024-05-09,600276,45.91000000,46.30000000,46.63000000,45.71000000,,175147.00000000,1.98704104,1.04757748,0.48000000,,恒瑞医药
2024-05-10,600276,46.19000000,45.88000000,46.45000000,45.59000000,,155773.00000000,1.87445510,-0.90712743,-0.42000000,,恒瑞医药
2024-05-13,600276,45.88000000,44.93000000,46.18000000,44.77000000,,291757.00000000,3.13821500,-2.07061901,-0.95000000,,恒瑞医药
2024-05-14,600276,44.93000000,44.73000000,45.18000000,44.62000000,,197237.00000000,1.25195618,-0.44513688,-0.20000000,,恒瑞医药
2024-05-15,600276,44.74000000,44.07000000,44.82000000,43.93000000,,159429.00000000,2.01951441,-1.47551979,-0.66000000,,恒瑞医药
2024-05-16,600276,44.40000000,44.09000000,44.51000000,43.80000000,,234377.00000000,1.61034248,0.04538235,0.02000000,,恒瑞医药
2024-05-17,600276,44.90000000,44.15000000,45.63000000,43.47000000,,376855.00000000,4.89241223,0.13608528,0.06000000,,恒瑞医药
2024-05-20,600276,43.68000000,43.21000000,44.19000000,42.88000000,,397023.00000000,3.03170562,-2.12910532,-0.94000000,,恒瑞医药
2024-05-21,600276,43.12000000,43.20000000,43.56000000,42.82000000,,244383.00000000,1.71296296,-0.02314279,-0.01000000,,恒瑞医药
2024-05-22,600276,43.30000000,42.94000000,43.36000000,42.80000000,,252388.00000000,1.30414532,-0.60185185,-0.26000000,,恒瑞医药
2024-05-23,600276,42.94000000,42.45000000,42.99000000,42.30000000,,197024.00000000,1.62544170,-1.14112715,-0.49000000,,恒瑞医药
2024-05-24,600276,42.45000000,41.84000000,42.58000000,41.78000000,,220384.00000000,1.91204589,-1.43698469,-0.61000000,,恒瑞医药
2024-05-27,600276,41.73000000,42.10000000,42.30000000,41.22000000,,306782.00000000,2.56532067,0.62141491,0.26000000,,恒瑞医药
2024-05-28,600276,42.10000000,42.67000000,42.99000000,41.76000000,,374279.00000000,2.88258730,1.35391924,0.57000000,,恒瑞医药
2024-05-29,600276,42.65000000,42.42000000,42.88000000,42.35000000,,166767.00000000,1.24941066,-0.58589173,-0.25000000,,恒瑞医药
2024-05-30,600276,42.45000000,42.28000000,42.64000000,41.94000000,,132477.00000000,1.65562914,-0.33003300,-0.14000000,,恒瑞医药
2024-05-31,600276,42.80000000,41.76000000,42.99000000,41.76000000,,228651.00000000,2.94540230,-1.22989593,-0.52000000,,恒瑞医药
2024-06-03,600276,41.62000000,41.90000000,42.09000000,41.47000000,,187801.00000000,1.47971360,0.33524904,0.14000000,,恒瑞医药
2024-06-04,600276,41.85000000,43.23000000,43.40000000,41.76000000,,358139.00000000,3.79366181,3.17422434,1.33000000,,恒瑞医药
2024-06-05,600276,43.23000000,43.32000000,43.70000000,43.09000000,,180676.00000000,1.40812558,0.20818876,0.09000000,,恒瑞医药
2024-06-06,600276,43.05000000,42.31000000,43.50000000,42.20000000,,225869.00000000,3.07255968,-2.33148661,-1.01000000,,恒瑞医药
2024-06-07,600276,42.39000000,41.55000000,42.66000000,41.55000000,,238547.00000000,2.67148014,-1.79626566,-0.76000000,,恒瑞医药
2024-06-11,600276,41.40000000,42.12000000,42.21000000,41.10000000,,251121.00000000,2.63532764,1.37184116,0.57000000,,恒瑞医药
2024-06-12,600276,42.13000000,41.50000000,42.13000000,41.31000000,,218505.00000000,1.97590361,-1.47198481,-0.62000000,,恒瑞医药
2024-06-13,600276,41.50000000,41.46000000,41.83000000,40.93000000,,207298.00000000,2.17076700,-0.09638554,-0.04000000,,恒瑞医药
2024-06-14,600276,41.30000000,41.30000000,41.50000000,40.48000000,,415372.00000000,2.46973366,-0.38591413,-0.16000000,,恒瑞医药
2024-06-17,600276,41.00000000,41.93000000,42.10000000,40.99000000,,241981.00000000,2.64726926,1.52542373,0.63000000,,恒瑞医药
2024-06-18,600276,41.90000000,41.37000000,42.11000000,41.21000000,,203923.00000000,2.17548949,-1.33555927,-0.56000000,,恒瑞医药
2024-06-19,600276,41.40000000,40.76000000,41.66000000,40.61000000,,201011.00000000,2.57605496,-1.47449843,-0.61000000,,恒瑞医药
2024-06-20,600276,40.74000000,40.00000000,41.17000000,39.98000000,,247827.00000000,2.97500000,-1.86457311,-0.76000000,,恒瑞医药
2024-06-21,600276,40.10000000,39.44000000,40.20000000,39.17000000,,364553.00000000,2.61156187,-1.40000000,-0.56000000,,恒瑞医药
2024-06-24,600276,39.40000000,39.69000000,40.04000000,38.94000000,,278930.00000000,2.77147896,0.63387424,0.25000000,,恒瑞医药
2024-06-25,600276,39.91000000,39.10000000,39.98000000,38.85000000,,224590.00000000,2.89002558,-1.48652053,-0.59000000,,恒瑞医药
2024-06-26,600276,39.09000000,39.30000000,39.44000000,38.83000000,,223235.00000000,1.55216285,0.51150895,0.20000000,,恒瑞医药
2024-06-27,600276,39.25000000,38.64000000,39.25000000,38.40000000,,271838.00000000,2.19979296,-1.67938931,-0.66000000,,恒瑞医药
2024-06-28,600276,38.60000000,37.86000000,38.84000000,37.73000000,,309258.00000000,2.93185420,-2.01863354,-0.78000000,,恒瑞医药
2024-07-01,600276,37.85000000,37.67000000,37.87000000,37.20000000,,238909.00000000,1.77860366,-0.50184892,-0.19000000,,恒瑞医药
2024-07-02,600276,37.63000000,36.87000000,37.65000000,36.64000000,,310847.00000000,2.73935449,-2.12370587,-0.80000000,,恒瑞医药
2024-07-03,600276,37.00000000,38.07000000,39.00000000,36.73000000,,552759.00000000,5.96270029,3.25467860,1.20000000,,恒瑞医药
2024-07-04,600276,38.07000000,37.85000000,38.85000000,37.73000000,,289257.00000000,2.95904888,-0.57788285,-0.22000000,,恒瑞医药
2024-07-05,600276,37.86000000,39.43000000,39.70000000,37.50000000,,493653.00000000,5.57950799,4.17437252,1.58000000,,恒瑞医药
2024-07-08,600276,38.60000000,38.61000000,39.50000000,37.84000000,,499868.00000000,4.29940430,-2.07963480,-0.82000000,,恒瑞医药
2024-07-09,600276,38.52000000,38.39000000,38.88000000,37.41000000,,401063.00000000,3.82912217,-0.56980057,-0.22000000,,恒瑞医药
2024-07-10,600276,38.40000000,38.81000000,39.19000000,38.28000000,,202323.00000000,2.34475651,1.09403490,0.42000000,,恒瑞医药
2024-07-11,600276,39.19000000,40.00000000,40.54000000,38.70000000,,379802.00000000,4.60000000,3.06622005,1.19000000,,恒瑞医药
2024-07-12,600276,40.44000000,40.87000000,41.10000000,40.08000000,,315010.00000000,2.49571813,2.17500000,0.87000000,,恒瑞医药
2024-07-15,600276,40.60000000,40.38000000,40.89000000,40.06000000,,207110.00000000,2.05547301,-1.19892342,-0.49000000,,恒瑞医药
2024-07-16,600276,40.25000000,40.55000000,40.66000000,40.02000000,,226268.00000000,1.57829840,0.42100050,0.17000000,,恒瑞医药
2024-07-17,600276,40.18000000,41.34000000,41.75000000,40.10000000,,356832.00000000,3.99129173,1.94821208,0.79000000,,恒瑞医药
2024-07-18,600276,41.40000000,41.75000000,42.02000000,41.30000000,,307122.00000000,1.72455090,0.99177552,0.41000000,,恒瑞医药
2024-07-19,600276,41.68000000,41.83000000,42.08000000,41.53000000,,277511.00000000,1.31484580,0.19161677,0.08000000,,恒瑞医药
2024-07-22,600276,41.82000000,42.37000000,42.70000000,41.45000000,,325703.00000000,2.95020061,1.29093952,0.54000000,,恒瑞医药
2024-07-23,600276,42.33000000,41.01000000,42.42000000,40.95000000,,366897.00000000,3.58449159,-3.20981827,-1.36000000,,恒瑞医药
2024-07-24,600276,40.89000000,41.00000000,41.66000000,40.80000000,,200352.00000000,2.09756098,-0.02438430,-0.01000000,,恒瑞医药
2024-07-25,600276,40.82000000,41.06000000,41.48000000,40.30000000,,219080.00000000,2.87384316,0.14634146,0.06000000,,恒瑞医药
2024-07-26,600276,41.06000000,40.67000000,41.18000000,40.19000000,,221158.00000000,2.43422670,-0.94982952,-0.39000000,,恒瑞医药
2024-07-29,600276,40.62000000,40.09000000,40.96000000,39.99000000,,234789.00000000,2.41955600,-1.42611261,-0.58000000,,恒瑞医药
2024-07-30,600276,40.10000000,39.60000000,40.26000000,39.22000000,,242615.00000000,2.62626263,-1.22224994,-0.49000000,,恒瑞医药
2024-07-31,600276,39.59000000,41.81000000,41.96000000,39.30000000,,395724.00000000,6.36211433,5.58080808,2.21000000,,恒瑞医药
2024-08-01,600276,41.79000000,41.55000000,42.10000000,41.35000000,,174313.00000000,1.80505415,-0.62186080,-0.26000000,,恒瑞医药
2024-08-02,600276,41.49000000,41.77000000,42.58000000,41.40000000,,255820.00000000,2.82499401,0.52948255,0.22000000,,恒瑞医药
2024-08-05,600276,41.77000000,42.25000000,43.18000000,41.71000000,,323588.00000000,3.47928994,1.14915011,0.48000000,,恒瑞医药
2024-08-06,600276,42.23000000,42.51000000,42.78000000,42.08000000,,217715.00000000,1.64667137,0.61538462,0.26000000,,恒瑞医药
2024-08-07,600276,42.48000000,41.75000000,42.49000000,41.71000000,,177293.00000000,1.86826347,-1.78781463,-0.76000000,,恒瑞医药
2024-08-08,600276,41.71000000,42.18000000,42.49000000,41.71000000,,164887.00000000,1.84921764,1.02994012,0.43000000,,恒瑞医药
2024-08-09,600276,42.30000000,42.02000000,42.90000000,42.01000000,,155984.00000000,2.11803903,-0.37932670,-0.16000000,,恒瑞医药
2024-08-12,600276,41.82000000,43.23000000,43.56000000,41.81000000,,332835.00000000,4.04811474,2.87958115,1.21000000,,恒瑞医药
2024-08-13,600276,43.20000000,42.27000000,43.20000000,42.00000000,,227236.00000000,2.83889283,-2.22068008,-0.96000000,,恒瑞医药
2024-08-14,600276,42.55000000,42.10000000,42.58000000,41.69000000,,141847.00000000,2.11401425,-0.40217648,-0.17000000,,恒瑞医药
2024-08-15,600276,41.98000000,42.52000000,43.25000000,41.92000000,,214247.00000000,3.12793979,0.99762470,0.42000000,,恒瑞医药
2024-08-16,600276,42.20000000,42.72000000,42.81000000,41.90000000,,156943.00000000,2.13014981,0.47036689,0.20000000,,恒瑞医药
2024-08-19,600276,42.81000000,41.71000000,43.20000000,41.37000000,,239673.00000000,4.38743707,-2.36423221,-1.01000000,,恒瑞医药
2024-08-20,600276,41.70000000,41.85000000,41.98000000,41.40000000,,153987.00000000,1.38590203,0.33565092,0.14000000,,恒瑞医药
2024-08-21,600276,41.79000000,41.91000000,42.40000000,41.64000000,,162313.00000000,1.81340969,0.14336918,0.06000000,,恒瑞医药
2024-08-22,600276,42.81000000,43.53000000,43.87000000,42.23000000,,537348.00000000,3.76751666,3.86542591,1.62000000,,恒瑞医药
2024-08-23,600276,43.28000000,43.22000000,43.55000000,42.68000000,,277509.00000000,2.01295696,-0.71215254,-0.31000000,,恒瑞医药
2024-08-26,600276,43.21000000,42.92000000,43.40000000,42.40000000,,245225.00000000,2.32991612,-0.69412309,-0.30000000,,恒瑞医药
2024-08-27,600276,42.87000000,43.20000000,43.58000000,42.71000000,,226268.00000000,2.01388889,0.65237651,0.28000000,,恒瑞医药
2024-08-28,600276,43.20000000,43.10000000,43.68000000,42.75000000,,206227.00000000,2.15777262,-0.23148148,-0.10000000,,恒瑞医药
2024-08-29,600276,43.08000000,43.92000000,44.15000000,42.90000000,,305230.00000000,2.84608379,1.90255220,0.82000000,,恒瑞医药
2024-08-30,600276,44.04000000,43.73000000,44.10000000,43.53000000,,313280.00000000,1.30345301,-0.43260474,-0.19000000,,恒瑞医药
2024-09-02,600276,43.61000000,43.50000000,43.97000000,42.62000000,,258008.00000000,3.10344828,-0.52595472,-0.23000000,,恒瑞医药
2024-09-03,600276,43.48000000,44.18000000,44.80000000,43.32000000,,316480.00000000,3.34993210,1.56321839,0.68000000,,恒瑞医药
2024-09-04,600276,43.98000000,44.11000000,44.75000000,43.77000000,,212577.00000000,2.22171843,-0.15844273,-0.07000000,,恒瑞医药
2024-09-05,600276,44.26000000,44.60000000,44.78000000,44.02000000,,198639.00000000,1.70403587,1.11085922,0.49000000,,恒瑞医药
2024-09-06,600276,44.75000000,44.00000000,44.75000000,44.00000000,,141476.00000000,1.70454545,-1.34529148,-0.60000000,,恒瑞医药
2024-09-09,600276,44.00000000,44.15000000,45.02000000,43.90000000,,256017.00000000,2.53680634,0.34090909,0.15000000,,恒瑞医药
2024-09-10,600276,44.00000000,44.08000000,44.30000000,43.31000000,,199183.00000000,2.24591652,-0.15855040,-0.07000000,,恒瑞医药
2024-09-11,600276,43.90000000,45.03000000,45.15000000,43.71000000,,291578.00000000,3.19786809,2.15517241,0.95000000,,恒瑞医药
2024-09-12,600276,44.83000000,44.57000000,45.38000000,44.35000000,,186578.00000000,2.31097151,-1.02154119,-0.46000000,,恒瑞医药
2024-09-13,600276,44.55000000,44.37000000,44.90000000,44.00000000,,195097.00000000,2.02839757,-0.44873233,-0.20000000,,恒瑞医药
2024-09-18,600276,44.49000000,44.72000000,45.19000000,44.38000000,,175079.00000000,1.81127013,0.78882128,0.35000000,,恒瑞医药
2024-09-19,600276,44.73000000,44.60000000,44.93000000,44.00000000,,224012.00000000,2.08520179,-0.26833631,-0.12000000,,恒瑞医药
2024-09-20,600276,44.50000000,42.31000000,44.50000000,41.92000000,,669156.00000000,6.09784921,-5.13452915,-2.29000000,,恒瑞医药
2024-09-23,600276,42.48000000,42.31000000,43.08000000,42.12000000,,284754.00000000,2.26896715,0.00000000,0.00000000,,恒瑞医药
2024-09-24,600276,42.98000000,43.26000000,43.32000000,41.84000000,,433281.00000000,3.42117429,2.24533207,0.95000000,,恒瑞医药
2024-09-25,600276,43.61000000,43.44000000,44.25000000,43.29000000,,433825.00000000,2.20994475,0.41608877,0.18000000,,恒瑞医药
2024-09-26,600276,43.74000000,46.06000000,46.10000000,43.31000000,,476933.00000000,6.05731654,6.03130755,2.62000000,,恒瑞医药
2024-09-27,600276,46.98000000,48.28000000,48.50000000,46.55000000,,380621.00000000,4.03893952,4.81980026,2.22000000,,恒瑞医药
2024-09-30,600276,49.80000000,51.90000000,52.34000000,49.60000000,,1018482.00000000,5.27938343,7.49792875,3.62000000,,恒瑞医药
2024-10-08,600276,57.13000000,55.61000000,57.13000000,53.00000000,,1192595.00000000,7.42672181,7.14836224,3.71000000,,恒瑞医药
2024-10-09,600276,54.60000000,51.28000000,54.60000000,51.16000000,,900591.00000000,6.70826833,-7.78636936,-4.33000000,,恒瑞医药
2024-10-10,600276,51.28000000,52.17000000,53.42000000,51.28000000,,585281.00000000,4.10197431,1.73556942,0.89000000,,恒瑞医药
2024-10-11,600276,51.73000000,49.80000000,52.17000000,49.28000000,,495422.00000000,5.80321285,-4.54284071,-2.37000000,,恒瑞医药
2024-10-14,600276,50.10000000,50.99000000,51.27000000,49.66000000,,395841.00000000,3.15748186,2.38955823,1.19000000,,恒瑞医药
2024-10-15,600276,50.99000000,50.20000000,52.22000000,50.15000000,,363264.00000000,4.12350598,-1.54932340,-0.79000000,,恒瑞医药
2024-10-16,600276,49.49000000,48.78000000,50.28000000,48.61000000,,397388.00000000,3.42353424,-2.82868526,-1.42000000,,恒瑞医药
2024-10-17,600276,48.90000000,48.82000000,50.13000000,48.82000000,,342963.00000000,2.68332651,0.08200082,0.04000000,,恒瑞医药
2024-10-18,600276,48.60000000,50.08000000,51.11000000,48.36000000,,536726.00000000,5.49121406,2.58090946,1.26000000,,恒瑞医药
2024-10-21,600276,50.20000000,50.16000000,50.67000000,48.93000000,,471852.00000000,3.46889952,0.15974441,0.08000000,,恒瑞医药
2024-10-22,600276,49.81000000,50.36000000,51.39000000,49.81000000,,401077.00000000,3.13741064,0.39872408,0.20000000,,恒瑞医药
2024-10-23,600276,50.43000000,50.29000000,50.78000000,49.74000000,,370597.00000000,2.06800557,-0.13899921,-0.07000000,,恒瑞医药
2024-10-24,600276,50.20000000,48.27000000,50.20000000,47.42000000,,901547.00000000,5.75927077,-4.01670312,-2.02000000,,恒瑞医药
2024-10-25,600276,48.20000000,47.60000000,48.20000000,46.32000000,,943149.00000000,3.94957983,-1.38802569,-0.67000000,,恒瑞医药
2024-10-28,600276,47.63000000,48.19000000,48.50000000,47.57000000,,571141.00000000,1.92986097,1.23949580,0.59000000,,恒瑞医药
2024-10-29,600276,48.22000000,47.78000000,48.51000000,47.70000000,,397700.00000000,1.69526999,-0.85079892,-0.41000000,,恒瑞医药
2024-10-30,600276,47.78000000,46.80000000,48.08000000,46.56000000,,475485.00000000,3.24786325,-2.05106739,-0.98000000,,恒瑞医药
2024-10-31,600276,46.81000000,46.20000000,47.00000000,46.16000000,,456722.00000000,1.81818182,-1.28205128,-0.60000000,,恒瑞医药
2024-11-01,600276,46.32000000,47.16000000,48.10000000,46.32000000,,619959.00000000,3.77438507,2.07792208,0.96000000,,恒瑞医药
2024-11-04,600276,47.70000000,47.59000000,47.99000000,46.86000000,,406592.00000000,2.37444841,0.91178965,0.43000000,,恒瑞医药
2024-11-05,600276,47.22000000,48.28000000,48.44000000,47.10000000,,514370.00000000,2.77547639,1.44988443,0.69000000,,恒瑞医药
2024-11-06,600276,48.31000000,48.35000000,49.28000000,47.85000000,,537558.00000000,2.95760083,0.14498757,0.07000000,,恒瑞医药
2024-11-07,600276,48.20000000,49.60000000,49.60000000,48.01000000,,584066.00000000,3.20564516,2.58531541,1.25000000,,恒瑞医药
2024-11-08,600276,49.70000000,49.10000000,50.10000000,48.75000000,,652314.00000000,2.74949084,-1.00806452,-0.50000000,,恒瑞医药
2024-11-11,600276,48.59000000,49.03000000,49.27000000,47.90000000,,586792.00000000,2.79420763,-0.14256619,-0.07000000,,恒瑞医药
2024-11-12,600276,49.03000000,48.89000000,50.38000000,48.65000000,,767357.00000000,3.53855594,-0.28553947,-0.14000000,,恒瑞医药
2024-11-13,600276,48.76000000,48.95000000,49.86000000,48.66000000,,409141.00000000,2.45148110,0.12272448,0.06000000,,恒瑞医药
2024-11-14,600276,48.87000000,48.05000000,49.30000000,48.03000000,,389092.00000000,2.64308012,-1.83861083,-0.90000000,,恒瑞医药
2024-11-15,600276,47.87000000,47.30000000,48.30000000,47.30000000,,330870.00000000,2.11416490,-1.56087409,-0.75000000,,恒瑞医药
2024-11-18,600276,47.31000000,46.80000000,47.66000000,46.60000000,,303536.00000000,2.26495726,-1.05708245,-0.50000000,,恒瑞医药
2024-11-19,600276,46.84000000,47.03000000,47.40000000,46.44000000,,260305.00000000,2.04125027,0.49145299,0.23000000,,恒瑞医药
2024-11-20,600276,47.04000000,50.06000000,50.39000000,47.04000000,,1095674.00000000,6.69196964,6.44269615,3.03000000,,恒瑞医药
2024-11-21,600276,49.91000000,49.79000000,50.57000000,49.35000000,,488475.00000000,2.45029122,-0.53935278,-0.27000000,,恒瑞医药
2024-11-22,600276,49.79000000,47.87000000,50.23000000,47.80000000,,501548.00000000,5.07624817,-3.85619602,-1.92000000,,恒瑞医药
2024-11-25,600276,48.20000000,47.36000000,49.09000000,47.36000000,,436129.00000000,3.65287162,-1.06538542,-0.51000000,,恒瑞医药
2024-11-26,600276,47.46000000,48.28000000,49.16000000,47.40000000,,399756.00000000,3.64540182,1.94256757,0.92000000,,恒瑞医药
2024-11-27,600276,48.22000000,49.59000000,49.80000000,48.18000000,,574544.00000000,3.26678766,2.71333886,1.31000000,,恒瑞医药
2024-11-28,600276,49.55000000,49.30000000,50.35000000,48.92000000,,367210.00000000,2.90060852,-0.58479532,-0.29000000,,恒瑞医药
2024-11-29,600276,49.71000000,50.29000000,50.90000000,49.40000000,,693041.00000000,2.98270034,2.00811359,0.99000000,,恒瑞医药
2024-12-02,600276,50.20000000,50.05000000,50.39000000,49.62000000,,419765.00000000,1.53846154,-0.47723205,-0.24000000,,恒瑞医药
2024-12-03,600276,49.95000000,49.23000000,50.01000000,49.13000000,,396197.00000000,1.78752793,-1.63836164,-0.82000000,,恒瑞医药
2024-12-04,600276,49.25000000,49.00000000,49.58000000,48.85000000,,258260.00000000,1.48979592,-0.46719480,-0.23000000,,恒瑞医药
2024-12-05,600276,49.02000000,48.55000000,49.05000000,48.05000000,,298108.00000000,2.05973223,-0.91836735,-0.45000000,,恒瑞医药
2024-12-06,600276,48.55000000,49.13000000,49.40000000,48.44000000,,342291.00000000,1.95399959,1.19464470,0.58000000,,恒瑞医药
2024-12-09,600276,49.58000000,48.98000000,49.69000000,48.66000000,,276614.00000000,2.10289914,-0.30531244,-0.15000000,,恒瑞医药
2024-12-10,600276,49.85000000,47.73000000,49.85000000,47.21000000,,1022100.00000000,5.53111251,-2.55206207,-1.25000000,,恒瑞医药
2024-12-11,600276,47.46000000,47.75000000,47.77000000,47.11000000,,429449.00000000,1.38219895,0.04190237,0.02000000,,恒瑞医药
2024-12-12,600276,47.75000000,47.64000000,47.75000000,47.20000000,,361609.00000000,1.15449202,-0.23036649,-0.11000000,,恒瑞医药
2024-12-13,600276,47.40000000,46.19000000,47.51000000,46.16000000,,650777.00000000,2.92271054,-3.04366079,-1.45000000,,恒瑞医药
2024-12-16,600276,46.18000000,45.67000000,46.18000000,45.40000000,,354079.00000000,1.70790453,-1.12578480,-0.52000000,,恒瑞医药
2024-12-17,600276,45.65000000,46.10000000,46.57000000,45.50000000,,315875.00000000,2.32104121,0.94153711,0.43000000,,恒瑞医药
2024-12-18,600276,46.30000000,46.19000000,46.65000000,46.13000000,,247140.00000000,1.12578480,0.19522777,0.09000000,,恒瑞医药
2024-12-19,600276,45.78000000,46.14000000,46.26000000,45.48000000,,217461.00000000,1.69050715,-0.10824854,-0.05000000,,恒瑞医药
2024-12-20,600276,46.14000000,45.85000000,46.48000000,45.82000000,,260733.00000000,1.43947655,-0.62852189,-0.29000000,,恒瑞医药
2024-12-23,600276,45.85000000,45.45000000,45.93000000,45.11000000,,361927.00000000,1.80418042,-0.87241003,-0.40000000,,恒瑞医药
2024-12-24,600276,45.45000000,45.93000000,46.26000000,45.38000000,,293991.00000000,1.91595907,1.05610561,0.48000000,,恒瑞医药
2024-12-25,600276,46.16000000,46.22000000,46.60000000,45.93000000,,315258.00000000,1.44958892,0.63139560,0.29000000,,恒瑞医药
2024-12-26,600276,46.10000000,45.71000000,46.14000000,45.36000000,,255828.00000000,1.70640998,-1.10341843,-0.51000000,,恒瑞医药
2024-12-27,600276,45.80000000,45.70000000,45.96000000,45.50000000,,212505.00000000,1.00656455,-0.02187705,-0.01000000,,恒瑞医药
2024-12-30,600276,45.89000000,45.74000000,46.36000000,45.65000000,,256267.00000000,1.55225186,0.08752735,0.04000000,,恒瑞医药
2024-12-31,600276,45.73000000,45.50000000,46.17000000,45.45000000,,388166.00000000,1.58241758,-0.52470485,-0.24000000,,恒瑞医药
2025-01-02,600276,45.48000000,44.55000000,45.70000000,44.30000000,,348132.00000000,3.14253648,-2.08791209,-0.95000000,,恒瑞医药
2025-01-03,600276,44.60000000,43.96000000,44.77000000,43.76000000,,273873.00000000,2.29754322,-1.32435466,-0.59000000,,恒瑞医药
2025-01-06,600276,44.35000000,44.61000000,44.71000000,43.98000000,,301481.00000000,1.63640439,1.47861692,0.65000000,,恒瑞医药
2025-01-07,600276,44.65000000,43.64000000,44.69000000,43.61000000,,257422.00000000,2.47479377,-2.17440036,-0.97000000,,恒瑞医药
2025-01-08,600276,43.65000000,43.15000000,43.78000000,42.55000000,,350327.00000000,2.85052144,-1.12282310,-0.49000000,,恒瑞医药
2025-01-09,600276,43.18000000,42.68000000,43.47000000,42.66000000,,257768.00000000,1.89784442,-1.08922364,-0.47000000,,恒瑞医药
2025-01-10,600276,42.66000000,42.27000000,43.01000000,42.13000000,,265752.00000000,2.08185474,-0.96063730,-0.41000000,,恒瑞医药
2025-01-13,600276,42.11000000,42.41000000,42.77000000,42.00000000,,191129.00000000,1.81560953,0.33120416,0.14000000,,恒瑞医药
2025-01-14,600276,42.41000000,43.89000000,44.01000000,42.41000000,,337755.00000000,3.64547733,3.48974299,1.48000000,,恒瑞医药
2025-01-15,600276,43.86000000,43.48000000,43.88000000,43.26000000,,184965.00000000,1.42594296,-0.93415357,-0.41000000,,恒瑞医药
2025-01-16,600276,43.68000000,42.50000000,43.75000000,42.46000000,,310158.00000000,3.03529412,-2.25390984,-0.98000000,,恒瑞医药
2025-01-17,600276,42.10000000,42.44000000,42.68000000,42.04000000,,200612.00000000,1.50801131,-0.14117647,-0.06000000,,恒瑞医药
2025-01-20,600276,42.89000000,44.12000000,44.96000000,42.88000000,,558603.00000000,4.71441523,3.95852969,1.68000000,,恒瑞医药
2025-01-21,600276,44.45000000,44.73000000,44.90000000,44.15000000,,353980.00000000,1.67672703,1.38259293,0.61000000,,恒瑞医药
2025-01-22,600276,44.63000000,44.03000000,44.84000000,43.84000000,,210751.00000000,2.27117874,-1.56494523,-0.70000000,,恒瑞医药
2025-01-23,600276,44.15000000,43.56000000,44.42000000,43.37000000,,286082.00000000,2.41046832,-1.06745401,-0.47000000,,恒瑞医药
2025-01-24,600276,43.47000000,44.24000000,44.75000000,43.42000000,,350461.00000000,3.00632911,1.56106520,0.68000000,,恒瑞医药
2025-01-27,600276,44.40000000,44.25000000,44.78000000,44.18000000,,193068.00000000,1.35593220,0.02260398,0.01000000,,恒瑞医药
2025-02-05,600276,44.27000000,43.61000000,44.40000000,43.47000000,,274407.00000000,2.13253841,-1.44632768,-0.64000000,,恒瑞医药
2025-02-06,600276,43.73000000,43.96000000,44.15000000,43.27000000,,252177.00000000,2.00181984,0.80256822,0.35000000,,恒瑞医药
2025-02-07,600276,43.96000000,44.89000000,45.93000000,43.60000000,,505422.00000000,5.19046558,2.11555960,0.93000000,,恒瑞医药
2025-02-10,600276,45.10000000,44.48000000,45.10000000,44.27000000,,378892.00000000,1.86600719,-0.91334373,-0.41000000,,恒瑞医药
2025-02-11,600276,44.60000000,43.79000000,44.70000000,43.65000000,,310678.00000000,2.39780772,-1.55125899,-0.69000000,,恒瑞医药
2025-02-12,600276,43.80000000,44.04000000,44.15000000,43.62000000,,251757.00000000,1.20345141,0.57090660,0.25000000,,恒瑞医药
2025-02-13,600276,43.90000000,44.24000000,44.66000000,43.66000000,,378625.00000000,2.26039783,0.45413261,0.20000000,,恒瑞医药
2025-02-14,600276,44.22000000,45.10000000,45.37000000,44.16000000,,522174.00000000,2.68292683,1.94394213,0.86000000,,恒瑞医药
2025-02-17,600276,45.40000000,44.86000000,45.91000000,44.55000000,,557653.00000000,3.03165403,-0.53215078,-0.24000000,,恒瑞医药
2025-02-18,600276,44.91000000,44.42000000,45.37000000,44.26000000,,350219.00000000,2.49887438,-0.98082925,-0.44000000,,恒瑞医药
2025-02-19,600276,44.34000000,44.31000000,44.78000000,43.80000000,,367611.00000000,2.21169036,-0.24763620,-0.11000000,,恒瑞医药
2025-02-20,600276,44.35000000,46.10000000,46.58000000,44.35000000,,854058.00000000,4.83731020,4.03972015,1.79000000,,恒瑞医药
2025-02-21,600276,46.30000000,47.88000000,48.08000000,46.13000000,,975118.00000000,4.07268170,3.86117137,1.78000000,,恒瑞医药
2025-02-24,600276,48.00000000,47.69000000,48.25000000,47.20000000,,533081.00000000,2.20171944,-0.39682540,-0.19000000,,恒瑞医药
2025-02-25,600276,47.24000000,46.97000000,47.85000000,46.77000000,,354332.00000000,2.29934000,-1.50975047,-0.72000000,,恒瑞医药
2025-02-26,600276,47.20000000,47.15000000,47.34000000,46.55000000,,328113.00000000,1.67550371,0.38322333,0.18000000,,恒瑞医药
2025-02-27,600276,47.00000000,47.51000000,47.96000000,46.79000000,,369081.00000000,2.46263944,0.76352068,0.36000000,,恒瑞医药
2025-02-28,600276,47.31000000,45.56000000,47.70000000,45.41000000,,491615.00000000,5.02633889,-4.10439907,-1.95000000,,恒瑞医药
2025-03-03,600276,45.55000000,45.52000000,46.41000000,45.37000000,,318946.00000000,2.28471002,-0.08779631,-0.04000000,,恒瑞医药
2025-03-04,600276,45.41000000,45.46000000,45.69000000,44.98000000,,243337.00000000,1.56181258,-0.13181019,-0.06000000,,恒瑞医药
2025-03-05,600276,45.46000000,45.58000000,45.72000000,45.06000000,,252670.00000000,1.44800351,0.26396832,0.12000000,,恒瑞医药
2025-03-06,600276,45.90000000,46.12000000,46.46000000,45.65000000,,331389.00000000,1.75628794,1.18473014,0.54000000,,恒瑞医药
2025-03-07,600276,46.00000000,45.28000000,46.00000000,45.12000000,,336614.00000000,1.94346290,-1.82133565,-0.84000000,,恒瑞医药
2025-03-10,600276,45.42000000,45.09000000,45.76000000,44.60000000,,343606.00000000,2.57263251,-0.41961131,-0.19000000,,恒瑞医药
2025-03-11,600276,44.65000000,44.94000000,45.09000000,44.55000000,,291535.00000000,1.20160214,-0.33266800,-0.15000000,,恒瑞医药
2025-03-12,600276,44.98000000,44.60000000,45.39000000,44.55000000,,339551.00000000,1.88340807,-0.75656431,-0.34000000,,恒瑞医药
2025-03-13,600276,44.65000000,44.63000000,44.88000000,44.37000000,,243349.00000000,1.14272911,0.06726457,0.03000000,,恒瑞医药
2025-03-14,600276,44.72000000,46.14000000,46.47000000,44.48000000,,573207.00000000,4.31296055,3.38337441,1.51000000,,恒瑞医药
2025-03-17,600276,46.92000000,46.08000000,46.95000000,45.98000000,,277431.00000000,2.10503472,-0.13003901,-0.06000000,,恒瑞医药
2025-03-18,600276,46.48000000,46.10000000,47.08000000,46.02000000,,308309.00000000,2.29934924,0.04340278,0.02000000,,恒瑞医药
2025-03-19,600276,46.12000000,46.89000000,47.72000000,45.90000000,,485162.00000000,3.88142461,1.71366594,0.79000000,,恒瑞医药
2025-03-20,600276,46.80000000,46.23000000,47.07000000,46.08000000,,325188.00000000,2.14146658,-1.40754958,-0.66000000,,恒瑞医药
2025-03-21,600276,46.00000000,44.45000000,46.23000000,44.43000000,,541538.00000000,4.04949381,-3.85031365,-1.78000000,,恒瑞医药
2025-03-24,600276,44.46000000,43.95000000,44.64000000,43.80000000,,327076.00000000,1.91126280,-1.12485939,-0.50000000,,恒瑞医药
2025-03-25,600276,44.07000000,44.47000000,44.62000000,43.83000000,,229105.00000000,1.77647852,1.18316268,0.52000000,,恒瑞医药
2025-03-26,600276,45.80000000,45.83000000,46.54000000,45.67000000,,611036.00000000,1.89831988,3.05824151,1.36000000,,恒瑞医药
2025-03-27,600276,45.68000000,47.99000000,48.02000000,45.20000000,,868632.00000000,5.87622421,4.71307004,2.16000000,,恒瑞医药
2025-03-28,600276,47.99000000,48.21000000,49.13000000,47.99000000,,772998.00000000,2.36465464,0.45842884,0.22000000,,恒瑞医药
2025-03-31,600276,48.58000000,48.80000000,49.68000000,48.45000000,,783166.00000000,2.52049180,1.22381249,0.59000000,,恒瑞医药
2025-04-01,600276,48.80000000,51.40000000,52.10000000,48.51000000,,1359063.00000000,6.98443580,5.32786885,2.60000000,,恒瑞医药
2025-04-02,600276,50.92000000,50.45000000,51.36000000,50.26000000,,631879.00000000,2.18037661,-1.84824903,-0.95000000,,恒瑞医药
2025-04-03,600276,50.01000000,50.64000000,51.20000000,50.01000000,,517858.00000000,2.34992101,0.37661051,0.19000000,,恒瑞医药
2025-04-07,600276,48.40000000,48.30000000,49.45000000,46.36000000,,1155033.00000000,6.39751553,-4.62085308,-2.34000000,,恒瑞医药
2025-04-08,600276,48.40000000,48.30000000,48.89000000,46.86000000,,987646.00000000,4.20289855,0.00000000,0.00000000,,恒瑞医药
2025-04-09,600276,47.33000000,47.82000000,47.82000000,45.46000000,,975200.00000000,4.93517357,-0.99378882,-0.48000000,,恒瑞医药
2025-04-10,600276,48.57000000,48.10000000,48.69000000,47.46000000,,731713.00000000,2.55717256,0.58552907,0.28000000,,恒瑞医药
2025-04-11,600276,47.76000000,47.98000000,48.28000000,47.40000000,,425798.00000000,1.83409754,-0.24948025,-0.12000000,,恒瑞医药
2025-04-14,600276,47.98000000,48.47000000,49.60000000,47.70000000,,571834.00000000,3.91995048,1.02125886,0.49000000,,恒瑞医药
2025-04-15,600276,48.20000000,47.87000000,48.53000000,47.52000000,,326289.00000000,2.10988093,-1.23787910,-0.60000000,,恒瑞医药
2025-04-16,600276,48.00000000,48.50000000,48.50000000,46.96000000,,455344.00000000,3.17525773,1.31606434,0.63000000,,恒瑞医药
2025-04-17,600276,48.14000000,48.38000000,48.47000000,47.92000000,,303900.00000000,1.13683340,-0.24742268,-0.12000000,,恒瑞医药
2025-04-18,600276,48.18000000,47.60000000,48.52000000,47.46000000,,253302.00000000,2.22689076,-1.61223646,-0.78000000,,恒瑞医药
2025-04-21,600276,47.30000000,48.77000000,49.00000000,47.23000000,,370680.00000000,3.62928030,2.45798319,1.17000000,,恒瑞医药
2025-04-22,600276,48.64000000,50.57000000,50.90000000,48.64000000,,617892.00000000,4.46905280,3.69079352,1.80000000,,恒瑞医药
2025-04-23,600276,50.56000000,50.69000000,51.05000000,50.22000000,,385430.00000000,1.63740383,0.23729484,0.12000000,,恒瑞医药
2025-04-24,600276,50.57000000,50.73000000,51.32000000,50.02000000,,336077.00000000,2.56258624,0.07891103,0.04000000,,恒瑞医药
2025-04-25,600276,51.28000000,49.87000000,51.60000000,49.57000000,,524329.00000000,4.07058352,-1.69524936,-0.86000000,,恒瑞医药
2025-04-28,600276,49.28000000,49.57000000,49.75000000,48.60000000,,396210.00000000,2.31995158,-0.60156407,-0.30000000,,恒瑞医药
2025-04-29,600276,49.31000000,49.20000000,49.33000000,48.48000000,,346670.00000000,1.72764228,-0.74641921,-0.37000000,,恒瑞医药
2025-04-30,600276,49.05000000,50.70000000,50.96000000,48.90000000,,429338.00000000,4.06311637,3.04878049,1.50000000,,恒瑞医药
2025-05-06,600276,51.70000000,50.60000000,51.78000000,50.33000000,,385439.00000000,2.86561265,-0.19723866,-0.10000000,,恒瑞医药
2025-05-07,600276,51.70000000,51.11000000,51.85000000,50.61000000,,397288.00000000,2.42613970,1.00790514,0.51000000,,恒瑞医药
2025-05-08,600276,50.82000000,51.16000000,51.33000000,50.63000000,,290148.00000000,1.36825645,0.09782821,0.05000000,,恒瑞医药
2025-05-09,600276,51.16000000,52.41000000,52.59000000,51.05000000,,586037.00000000,2.93837054,2.44331509,1.25000000,,恒瑞医药
2025-05-12,600276,51.60000000,50.29000000,51.60000000,49.80000000,,843912.00000000,3.57924041,-4.04502957,-2.12000000,,恒瑞医药
2025-05-13,600276,50.79000000,50.83000000,51.83000000,50.48000000,,519132.00000000,2.65591186,1.07377212,0.54000000,,恒瑞医药
2025-05-14,600276,50.62000000,52.50000000,52.85000000,50.61000000,,626347.00000000,4.26666667,3.28546134,1.67000000,,恒瑞医药
2025-05-15,600276,52.50000000,53.29000000,53.55000000,52.30000000,,533615.00000000,2.34565585,1.50476190,0.79000000,,恒瑞医药
2025-05-16,600276,53.09000000,53.45000000,53.60000000,52.50000000,,382177.00000000,2.05799813,0.30024395,0.16000000,,恒瑞医药
2025-05-19,600276,53.40000000,53.05000000,53.93000000,52.65000000,,350191.00000000,2.41281810,-0.74836296,-0.40000000,,恒瑞医药
2025-05-20,600276,53.89000000,54.05000000,54.75000000,53.39000000,,593357.00000000,2.51618871,1.88501414,1.00000000,,恒瑞医药
2025-05-21,600276,53.88000000,55.54000000,56.10000000,53.63000000,,612403.00000000,4.44724523,2.75670675,1.49000000,,恒瑞医药
2025-05-22,600276,55.60000000,55.20000000,55.96000000,54.76000000,,413146.00000000,2.17391304,-0.61217141,-0.34000000,,恒瑞医药
2025-05-23,600276,55.70000000,54.30000000,55.80000000,54.10000000,,541840.00000000,3.13075506,-1.63043478,-0.90000000,,恒瑞医药
2025-05-26,600276,54.00000000,53.15000000,54.43000000,52.86000000,,532284.00000000,2.95390405,-2.11786372,-1.15000000,,恒瑞医药
2025-05-27,600276,53.02000000,53.22000000,53.89000000,52.93000000,,360323.00000000,1.80383315,0.13170273,0.07000000,,恒瑞医药
2025-05-28,600276,53.39000000,54.05000000,54.73000000,53.13000000,,358050.00000000,2.96022202,1.55956407,0.83000000,,恒瑞医药
2025-05-29,600276,53.95000000,53.90000000,54.39000000,53.66000000,,354853.00000000,1.35435993,-0.27752081,-0.15000000,,恒瑞医药
2025-05-30,600276,54.09000000,54.54000000,55.46000000,54.05000000,,471422.00000000,2.58525853,1.18738404,0.64000000,,恒瑞医药
2025-06-03,600276,54.54000000,54.68000000,55.58000000,54.05000000,,434450.00000000,2.79809802,0.25669234,0.14000000,,恒瑞医药
2025-06-04,600276,54.64000000,55.09000000,55.64000000,54.41000000,,368593.00000000,2.23271011,0.74981712,0.41000000,,恒瑞医药
2025-06-05,600276,54.90000000,53.68000000,54.90000000,53.35000000,,495273.00000000,2.88748137,-2.55944818,-1.41000000,,恒瑞医药
2025-06-06,600276,53.70000000,53.60000000,53.98000000,53.18000000,,344534.00000000,1.49253731,-0.14903130,-0.08000000,,恒瑞医药
2025-06-09,600276,53.80000000,54.16000000,55.59000000,53.58000000,,656906.00000000,3.71122600,1.04477612,0.56000000,,恒瑞医药
2025-06-10,600276,54.18000000,54.93000000,55.60000000,54.18000000,,480735.00000000,2.58510832,1.42171344,0.77000000,,恒瑞医药
2025-06-11,600276,54.80000000,54.51000000,55.61000000,54.35000000,,377736.00000000,2.31150248,-0.76460950,-0.42000000,,恒瑞医药
2025-06-12,600276,54.20000000,55.62000000,56.00000000,53.80000000,,493188.00000000,3.95541172,2.03632361,1.11000000,,恒瑞医药
2025-06-13,600276,55.49000000,53.69000000,55.86000000,53.36000000,,660238.00000000,4.65636059,-3.46997483,-1.93000000,,恒瑞医药
2025-06-16,600276,53.21000000,53.56000000,53.88000000,52.90000000,,392241.00000000,1.82972367,-0.24213075,-0.13000000,,恒瑞医药
2025-06-17,600276,53.80000000,51.64000000,54.01000000,51.40000000,,695180.00000000,5.05422153,-3.58476475,-1.92000000,,恒瑞医药
2025-06-18,600276,51.50000000,51.61000000,52.03000000,51.12000000,,334095.00000000,1.76322418,-0.05809450,-0.03000000,,恒瑞医药
2025-06-19,600276,51.64000000,51.38000000,52.19000000,51.11000000,,373167.00000000,2.10198521,-0.44565007,-0.23000000,,恒瑞医药
2025-06-20,600276,51.55000000,51.56000000,52.13000000,51.43000000,,240608.00000000,1.35764158,0.35033087,0.18000000,,恒瑞医药
2025-06-23,600276,51.48000000,51.76000000,51.98000000,51.00000000,,313281.00000000,1.89335394,0.38789760,0.20000000,,恒瑞医药
2025-06-24,600276,51.89000000,51.95000000,52.30000000,51.53000000,,451035.00000000,1.48219442,0.36707883,0.19000000,,恒瑞医药
2025-06-25,600276,51.95000000,52.75000000,52.83000000,51.11000000,,536482.00000000,3.26066351,1.53994225,0.80000000,,恒瑞医药
2025-06-26,600276,52.40000000,51.88000000,52.75000000,51.70000000,,392269.00000000,2.02390131,-1.64928910,-0.87000000,,恒瑞医药
2025-06-27,600276,51.71000000,51.75000000,51.87000000,51.47000000,,287765.00000000,0.77294686,-0.25057826,-0.13000000,,恒瑞医药
2025-06-30,600276,51.71000000,51.70000000,51.99000000,50.79000000,,445355.00000000,2.32108317,-0.09661836,-0.05000000,,恒瑞医药
2025-07-01,600276,51.69000000,52.26000000,52.54000000,51.60000000,,397725.00000000,1.79869881,1.08317215,0.56000000,,恒瑞医药
2025-07-02,600276,52.20000000,52.05000000,53.24000000,51.90000000,,325712.00000000,2.57444765,-0.40183697,-0.21000000,,恒瑞医药
2025-07-03,600276,52.06000000,52.27000000,52.38000000,51.61000000,,293678.00000000,1.47312034,0.42267051,0.22000000,,恒瑞医药
2025-07-04,600276,52.41000000,53.06000000,53.59000000,52.40000000,,477923.00000000,2.24274406,1.51138320,0.79000000,,恒瑞医药
2025-07-07,600276,53.18000000,52.45000000,53.39000000,52.36000000,,286388.00000000,1.96377502,-1.14964191,-0.61000000,,恒瑞医药
2025-07-08,600276,52.49000000,53.20000000,53.49000000,52.30000000,,359263.00000000,2.23684211,1.42993327,0.75000000,,恒瑞医药
2025-07-09,600276,53.20000000,56.99000000,57.74000000,52.82000000,,1158212.00000000,8.63309353,7.12406015,3.79000000,,恒瑞医药
2025-07-10,600276,56.93000000,57.40000000,58.08000000,56.41000000,,903716.00000000,2.90940767,0.71942446,0.41000000,,恒瑞医药
2025-07-11,600276,57.31000000,56.70000000,57.92000000,56.68000000,,658632.00000000,2.18694885,-1.21951220,-0.70000000,,恒瑞医药
2025-07-14,600276,56.55000000,57.01000000,57.85000000,56.36000000,,473758.00000000,2.61357657,0.54673721,0.31000000,,恒瑞医药
2025-07-15,600276,57.05000000,57.02000000,57.33000000,56.32000000,,436928.00000000,1.77130831,0.01754078,0.01000000,,恒瑞医药
2025-07-16,600276,57.45000000,57.02000000,58.70000000,56.84000000,,398191.00000000,3.26201333,0.00000000,0.00000000,,恒瑞医药
2025-07-17,600276,56.70000000,57.53000000,57.70000000,56.64000000,,444146.00000000,1.84251695,0.89442301,0.51000000,,恒瑞医药
2025-07-18,600276,58.01000000,58.56000000,59.66000000,57.70000000,,660986.00000000,3.34699454,1.79037024,1.03000000,,恒瑞医药
2025-07-21,600276,58.30000000,57.80000000,58.60000000,57.48000000,,509442.00000000,1.93771626,-1.29781421,-0.76000000,,恒瑞医药
2025-07-22,600276,57.80000000,57.21000000,58.65000000,57.00000000,,475570.00000000,2.88411117,-1.02076125,-0.59000000,,恒瑞医药
2025-07-23,600276,57.00000000,56.93000000,57.88000000,56.67000000,,425295.00000000,2.12541718,-0.48942493,-0.28000000,,恒瑞医药
2025-07-24,600276,57.24000000,57.30000000,57.78000000,56.75000000,,465834.00000000,1.79755672,0.64992096,0.37000000,,恒瑞医药
2025-07-25,600276,57.30000000,56.20000000,57.35000000,56.15000000,,505394.00000000,2.13523132,-1.91972077,-1.10000000,,恒瑞医药
2025-07-28,600276,59.90000000,61.84000000,61.84000000,59.46000000,,1630096.00000000,3.84864166,10.03558719,5.64000000,,恒瑞医药
2025-07-29,600276,62.80000000,63.60000000,65.23000000,61.93000000,,1682769.00000000,5.18867925,2.84605433,1.76000000,,恒瑞医药
2025-07-30,600276,63.61000000,63.39000000,64.53000000,62.45000000,,980849.00000000,3.28127465,-0.33018868,-0.21000000,,恒瑞医药
2025-07-31,600276,63.20000000,62.70000000,64.05000000,62.30000000,,742039.00000000,2.79106858,-1.08849976,-0.69000000,,恒瑞医药
2025-08-01,600276,62.63000000,61.11000000,63.38000000,60.56000000,,734655.00000000,4.61462936,-2.53588517,-1.59000000,,恒瑞医药
2025-08-04,600276,60.40000000,61.80000000,61.85000000,59.80000000,,689613.00000000,3.31715210,1.12911144,0.69000000,,恒瑞医药
2025-08-05,600276,61.91000000,62.10000000,62.26000000,61.36000000,,541443.00000000,1.44927536,0.48543689,0.30000000,,恒瑞医药
2025-08-06,600276,61.99000000,61.38000000,62.35000000,61.18000000,,572479.00000000,1.90615836,-1.15942029,-0.72000000,,恒瑞医药
2025-08-07,600276,61.05000000,60.61000000,61.90000000,60.50000000,,504764.00000000,2.30984986,-1.25448029,-0.77000000,,恒瑞医药
2025-08-08,600276,60.50000000,60.79000000,60.93000000,59.80000000,,362971.00000000,1.85885836,0.29698070,0.18000000,,恒瑞医药
2025-08-11,600276,60.79000000,60.87000000,61.22000000,60.48000000,,425752.00000000,1.21570560,0.13160059,0.08000000,,恒瑞医药
2025-08-12,600276,61.12000000,60.65000000,61.25000000,60.06000000,,391835.00000000,1.96207749,-0.36142599,-0.22000000,,恒瑞医药
2025-08-13,600276,60.65000000,62.41000000,63.31000000,60.65000000,,815296.00000000,4.26213748,2.90189613,1.76000000,,恒瑞医药
2025-08-14,600276,62.65000000,62.62000000,63.40000000,62.16000000,,571266.00000000,1.98019802,0.33648454,0.21000000,,恒瑞医药
2025-08-15,600276,62.44000000,63.20000000,64.07000000,62.26000000,,614933.00000000,2.86392405,0.92622165,0.58000000,,恒瑞医药
2025-08-18,600276,63.20000000,62.88000000,63.75000000,62.61000000,,728858.00000000,1.81297710,-0.50632911,-0.32000000,,恒瑞医药
2025-08-19,600276,63.20000000,61.49000000,65.20000000,61.43000000,,997700.00000000,6.13107822,-2.21055980,-1.39000000,,恒瑞医药
2025-08-20,600276,61.46000000,62.65000000,62.77000000,60.91000000,,650424.00000000,2.96887470,1.88648561,1.16000000,,恒瑞医药
2025-08-21,600276,63.78000000,63.79000000,65.13000000,62.75000000,,858629.00000000,3.73099232,1.81963288,1.14000000,,恒瑞医药
2025-08-22,600276,64.51000000,64.78000000,65.00000000,63.63000000,,637719.00000000,2.11485026,1.55196739,0.99000000,,恒瑞医药
2025-08-25,600276,64.78000000,66.06000000,66.20000000,64.17000000,,849234.00000000,3.07296397,1.97591849,1.28000000,,恒瑞医药
2025-08-26,600276,66.00000000,65.10000000,66.00000000,64.80000000,,575129.00000000,1.84331797,-1.45322434,-0.96000000,,恒瑞医药
2025-08-27,600276,64.81000000,62.85000000,65.51000000,62.84000000,,836169.00000000,4.24821002,-3.45622120,-2.25000000,,恒瑞医药
2025-08-28,600276,62.75000000,62.83000000,63.02000000,61.21000000,,715902.00000000,2.88078943,-0.03182180,-0.02000000,,恒瑞医药
2025-08-29,600276,62.83000000,66.03000000,66.67000000,62.83000000,,1023186.00000000,5.81553839,5.09310839,3.20000000,,恒瑞医药
2025-09-01,600276,66.20000000,68.15000000,68.68000000,65.72000000,,872181.00000000,4.34336023,3.21066182,2.12000000,,恒瑞医药
2025-09-02,600276,69.60000000,68.67000000,70.57000000,67.60000000,,1084490.00000000,4.32503277,0.76302274,0.52000000,,恒瑞医药
2025-09-03,600276,68.60000000,71.78000000,73.22000000,68.60000000,,1129369.00000000,6.43633324,4.52890636,3.11000000,,恒瑞医药
2025-09-04,600276,71.07000000,68.45000000,71.38000000,67.30000000,,1102894.00000000,5.96055515,-4.63917526,-3.33000000,,恒瑞医药
2025-09-05,600276,68.80000000,72.27000000,72.78000000,68.80000000,,936479.00000000,5.50712606,5.58071585,3.82000000,,恒瑞医药
2025-09-08,600276,72.80000000,72.11000000,73.67000000,71.44000000,,748209.00000000,3.09249757,-0.22139200,-0.16000000,,恒瑞医药
2025-09-09,600276,71.97000000,70.89000000,73.84000000,70.28000000,,767670.00000000,5.02186486,-1.69185966,-1.22000000,,恒瑞医药
2025-09-10,600276,70.64000000,70.12000000,71.57000000,69.88000000,,468204.00000000,2.41015402,-1.08618987,-0.77000000,,恒瑞医药
2025-09-11,600276,66.38000000,68.09000000,68.27000000,63.80000000,,1942359.00000000,6.56484065,-2.89503708,-2.03000000,,恒瑞医药
2025-09-12,600276,68.08000000,68.81000000,69.31000000,67.66000000,,831215.00000000,2.39790728,1.05742400,0.72000000,,恒瑞医药
2025-09-15,600276,68.65000000,68.90000000,69.49000000,68.06000000,,611882.00000000,2.07547170,0.13079494,0.09000000,,恒瑞医药
2025-09-16,600276,68.90000000,68.95000000,69.14000000,68.14000000,,434582.00000000,1.45032632,0.07256894,0.05000000,,恒瑞医药
2025-09-17,600276,69.10000000,69.93000000,70.60000000,69.10000000,,586034.00000000,2.14500215,1.42131980,0.98000000,,恒瑞医药
2025-09-18,600276,70.36000000,70.89000000,72.92000000,69.70000000,,865639.00000000,4.54224855,1.37280137,0.96000000,,恒瑞医药
2025-09-19,600276,70.90000000,69.45000000,71.04000000,69.29000000,,524392.00000000,2.51979842,-2.03131612,-1.44000000,,恒瑞医药
2025-09-22,600276,70.29000000,70.85000000,72.50000000,70.20000000,,576542.00000000,3.24629499,2.01583873,1.40000000,,恒瑞医药
2025-09-23,600276,70.80000000,69.50000000,70.99000000,68.30000000,,561330.00000000,3.87050360,-1.90543402,-1.35000000,,恒瑞医药
2025-09-24,600276,69.50000000,69.91000000,70.18000000,69.10000000,,395302.00000000,1.54484337,0.58992806,0.41000000,,恒瑞医药
2025-09-25,600276,72.20000000,72.07000000,72.88000000,71.35000000,,739039.00000000,2.12293603,3.08968674,2.16000000,,恒瑞医药
2025-09-26,600276,70.60000000,69.88000000,71.17000000,69.03000000,,699045.00000000,3.06239267,-3.03871236,-2.19000000,,恒瑞医药
2025-09-29,600276,69.59000000,69.00000000,69.59000000,67.56000000,,647991.00000000,2.94202899,-1.25930166,-0.88000000,,恒瑞医药
2025-09-30,600276,68.80000000,71.35000000,71.38000000,68.60000000,,579451.00000000,3.89628591,3.40579710,2.35000000,,恒瑞医药
2025-10-09,600276,71.36000000,70.95000000,71.46000000,68.91000000,,592793.00000000,3.59408034,-0.56061668,-0.40000000,,恒瑞医药
2025-10-10,600276,70.18000000,68.00000000,70.68000000,67.65000000,,706101.00000000,4.45588235,-4.15785765,-2.95000000,,恒瑞医药
2025-10-13,600276,65.80000000,66.78000000,67.83000000,65.50000000,,532287.00000000,3.48906858,-1.79411765,-1.22000000,,恒瑞医药
2025-10-14,600276,67.41000000,64.07000000,67.46000000,63.50000000,,702947.00000000,6.18073982,-4.05810123,-2.71000000,,恒瑞医药
2025-10-15,600276,64.00000000,66.20000000,66.22000000,63.48000000,,511232.00000000,4.13897281,3.32448884,2.13000000,,恒瑞医药
2025-10-16,600276,66.23000000,66.64000000,68.30000000,65.52000000,,460378.00000000,4.17166867,0.66465257,0.44000000,,恒瑞医药
2025-10-17,600276,66.65000000,64.90000000,67.20000000,64.80000000,,349507.00000000,3.69799692,-2.61104442,-1.74000000,,恒瑞医药
2025-10-20,600276,65.79000000,64.93000000,66.31000000,64.63000000,,326717.00000000,2.58740182,0.04622496,0.03000000,,恒瑞医药
2025-10-21,600276,65.30000000,65.80000000,66.38000000,64.94000000,,369560.00000000,2.18844985,1.33990451,0.87000000,,恒瑞医药
2025-10-22,600276,66.05000000,65.06000000,66.59000000,64.81000000,,398048.00000000,2.73593606,-1.12462006,-0.74000000,,恒瑞医药
2025-10-23,600276,64.81000000,64.94000000,65.23000000,63.82000000,,342785.00000000,2.17123499,-0.18444513,-0.12000000,,恒瑞医药
2025-10-24,600276,65.06000000,65.30000000,66.16000000,64.81000000,,372753.00000000,2.06738132,0.55435787,0.36000000,,恒瑞医药
2025-10-27,600276,66.35000000,66.81000000,67.65000000,66.31000000,,508925.00000000,2.00568777,2.31240429,1.51000000,,恒瑞医药
2025-10-28,600276,65.02000000,63.42000000,65.26000000,63.30000000,,1082090.00000000,3.09050773,-5.07409070,-3.39000000,,恒瑞医药
2025-10-29,600276,63.40000000,63.82000000,64.28000000,62.51000000,,562175.00000000,2.77342526,0.63071586,0.40000000,,恒瑞医药
2025-10-30,600276,63.82000000,62.68000000,63.82000000,62.67000000,,608740.00000000,1.83471602,-1.78627390,-1.14000000,,恒瑞医药
2025-10-31,600276,63.16000000,63.95000000,65.29000000,63.00000000,,837064.00000000,3.58092260,2.02616465,1.27000000,,恒瑞医药
2025-11-03,600276,64.76000000,63.20000000,64.79000000,62.62000000,,460306.00000000,3.43354430,-1.17279124,-0.75000000,,恒瑞医药
2025-11-04,600276,63.22000000,61.72000000,63.25000000,61.35000000,,515610.00000000,3.07841866,-2.34177215,-1.48000000,,恒瑞医药
2025-11-05,600276,61.10000000,61.76000000,62.29000000,61.02000000,,334381.00000000,2.05634715,0.06480881,0.04000000,,恒瑞医药
2025-11-06,600276,61.75000000,62.22000000,62.30000000,61.27000000,,252524.00000000,1.65541626,0.74481865,0.46000000,,恒瑞医药
2025-11-07,600276,61.80000000,61.38000000,62.29000000,61.30000000,,270654.00000000,1.61290323,-1.35004822,-0.84000000,,恒瑞医药
2025-11-10,600276,61.37000000,61.63000000,61.73000000,60.76000000,,396248.00000000,1.57390881,0.40729879,0.25000000,,恒瑞医药
2025-11-11,600276,61.75000000,60.86000000,62.00000000,60.80000000,,275160.00000000,1.97173842,-1.24939153,-0.77000000,,恒瑞医药
2025-11-12,600276,60.89000000,61.90000000,62.66000000,60.89000000,,514268.00000000,2.85945073,1.70883996,1.04000000,,恒瑞医药
2025-11-13,600276,62.49000000,63.36000000,63.59000000,62.03000000,,508318.00000000,2.46212121,2.35864297,1.46000000,,恒瑞医药
2025-11-14,600276,63.25000000,62.70000000,63.70000000,62.56000000,,319504.00000000,1.81818182,-1.04166667,-0.66000000,,恒瑞医药
2025-11-17,600276,62.69000000,61.60000000,62.85000000,61.21000000,,315385.00000000,2.66233766,-1.75438596,-1.10000000,,恒瑞医药
2025-11-18,600276,61.41000000,61.58000000,62.65000000,61.32000000,,219101.00000000,2.15979214,-0.03246753,-0.02000000,,恒瑞医药
2025-11-19,600276,61.30000000,60.91000000,61.58000000,60.82000000,,211162.00000000,1.24774257,-1.08801559,-0.67000000,,恒瑞医药
2025-11-20,600276,61.03000000,60.43000000,61.45000000,60.34000000,,253480.00000000,1.83683601,-0.78804794,-0.48000000,,恒瑞医药
2025-11-21,600276,60.13000000,59.30000000,60.90000000,59.11000000,,447335.00000000,3.01854975,-1.86993215,-1.13000000,,恒瑞医药
2025-11-24,600276,59.84000000,60.46000000,60.90000000,59.76000000,,343973.00000000,1.88554416,1.95615514,1.16000000,,恒瑞医药
2025-11-25,600276,60.90000000,60.68000000,61.41000000,60.33000000,,265045.00000000,1.77982861,0.36387694,0.22000000,,恒瑞医药
2025-11-26,600276,61.30000000,62.16000000,62.60000000,60.83000000,,439862.00000000,2.84749035,2.43902439,1.48000000,,恒瑞医药
2025-11-27,600276,62.40000000,61.89000000,62.76000000,61.74000000,,257308.00000000,1.64808531,-0.43436293,-0.27000000,,恒瑞医药
2025-11-28,600276,62.16000000,61.88000000,62.16000000,61.41000000,,202776.00000000,1.21202327,-0.01615770,-0.01000000,,恒瑞医药
2025-12-01,600276,61.88000000,61.74000000,61.89000000,60.86000000,,254831.00000000,1.66828636,-0.22624434,-0.14000000,,恒瑞医药
2025-12-02,600276,61.70000000,60.92000000,61.70000000,60.80000000,,182306.00000000,1.47734734,-1.32815031,-0.82000000,,恒瑞医药
2025-12-03,600276,60.90000000,60.77000000,61.35000000,60.50000000,,198530.00000000,1.39871647,-0.24622456,-0.15000000,,恒瑞医药
2025-12-04,600276,60.81000000,61.05000000,61.29000000,60.77000000,,180408.00000000,0.85176085,0.46075366,0.28000000,,恒瑞医药
2025-12-05,600276,60.99000000,61.42000000,61.59000000,60.50000000,,231176.00000000,1.77466623,0.60606061,0.37000000,,恒瑞医药
2025-12-08,600276,62.40000000,62.26000000,63.35000000,61.72000000,,508618.00000000,2.61805332,1.36763269,0.84000000,,恒瑞医药
2025-12-09,600276,62.12000000,62.88000000,63.95000000,62.10000000,,493593.00000000,2.94211196,0.99582396,0.62000000,,恒瑞医药
2025-12-10,600276,62.95000000,63.18000000,63.36000000,62.07000000,,288960.00000000,2.04178538,0.47709924,0.30000000,,恒瑞医药
2025-12-11,600276,63.36000000,63.20000000,63.74000000,62.91000000,,247061.00000000,1.31329114,0.03165559,0.02000000,,恒瑞医药
2025-12-12,600276,63.08000000,63.08000000,63.08000000,62.06000000,,315629.00000000,1.61699429,-0.18987342,-0.12000000,,恒瑞医药
2025-12-15,600276,62.48000000,61.18000000,62.48000000,61.18000000,,290072.00000000,2.12487741,-3.01204819,-1.90000000,,恒瑞医药
2025-12-16,600276,61.18000000,58.95000000,61.29000000,58.48000000,,523785.00000000,4.76675148,-3.64498202,-2.23000000,,恒瑞医药
2025-12-17,600276,59.15000000,60.10000000,60.60000000,58.81000000,,330418.00000000,2.97836938,1.95080577,1.15000000,,恒瑞医药
2025-12-18,600276,59.85000000,59.80000000,60.37000000,59.75000000,,179309.00000000,1.03678930,-0.49916805,-0.30000000,,恒瑞医药
2025-12-19,600276,59.87000000,60.65000000,61.18000000,59.71000000,,288358.00000000,2.42374279,1.42140468,0.85000000,,恒瑞医药
2025-12-22,600276,60.61000000,60.73000000,61.30000000,60.13000000,,236709.00000000,1.92656018,0.13190437,0.08000000,,恒瑞医药
2025-12-23,600276,60.65000000,61.60000000,62.36000000,60.64000000,,329191.00000000,2.79220779,1.43257039,0.87000000,,恒瑞医药
2025-12-24,600276,61.47000000,61.03000000,61.80000000,60.88000000,,250502.00000000,1.50745535,-0.92532468,-0.57000000,,恒瑞医药
2025-12-25,600276,61.02000000,61.20000000,61.46000000,60.83000000,,155182.00000000,1.02941176,0.27855153,0.17000000,,恒瑞医药
2025-12-26,600276,61.10000000,60.86000000,61.46000000,60.40000000,,214308.00000000,1.74170227,-0.55555556,-0.34000000,,恒瑞医药
2025-12-29,600276,60.86000000,60.31000000,61.07000000,60.21000000,,285752.00000000,1.42596584,-0.90371344,-0.55000000,,恒瑞医药
2025-12-30,600276,60.20000000,59.98000000,60.40000000,59.70000000,,253305.00000000,1.16705569,-0.54717294,-0.33000000,,恒瑞医药
2025-12-31,600276,59.96000000,59.37000000,60.16000000,59.30000000,,268279.00000000,1.44854304,-1.01700567,-0.61000000,,恒瑞医药
2026-01-05,600276,59.86000000,62.88000000,63.29000000,59.79000000,,851170.00000000,5.56615776,5.91207681,3.51000000,,恒瑞医药
2026-01-06,600276,63.16000000,62.86000000,63.28000000,62.20000000,,463525.00000000,1.71810372,-0.03180662,-0.02000000,,恒瑞医药
2026-01-07,600276,62.81000000,63.65000000,64.60000000,62.80000000,,524652.00000000,2.82796544,1.25676106,0.79000000,,恒瑞医药
2026-01-08,600276,64.80000000,63.40000000,64.85000000,62.83000000,,447749.00000000,3.18611987,-0.39277298,-0.25000000,,恒瑞医药
2026-01-09,600276,63.38000000,63.58000000,64.00000000,62.60000000,,426358.00000000,2.20195030,0.28391167,0.18000000,,恒瑞医药
2026-01-12,600276,63.90000000,63.65000000,64.10000000,63.01000000,,428770.00000000,1.71249018,0.11009751,0.07000000,,恒瑞医药
2026-01-13,600276,64.10000000,64.32000000,65.63000000,63.85000000,,740340.00000000,2.76741294,1.05263158,0.67000000,,恒瑞医药
2026-01-14,600276,64.35000000,63.41000000,65.40000000,63.00000000,,629255.00000000,3.78489197,-1.41480100,-0.91000000,,恒瑞医药
2026-01-15,600276,62.98000000,62.97000000,63.63000000,62.50000000,,467612.00000000,1.79450532,-0.69389686,-0.44000000,,恒瑞医药
2026-01-16,600276,63.15000000,61.74000000,63.32000000,61.46000000,,523786.00000000,3.01263362,-1.95331110,-1.23000000,,恒瑞医药
2026-01-19,600276,61.60000000,60.92000000,62.18000000,60.46000000,,473891.00000000,2.82337492,-1.32815031,-0.82000000,,恒瑞医药
2026-01-20,600276,60.93000000,60.30000000,61.45000000,60.20000000,,427755.00000000,2.07296849,-1.01772817,-0.62000000,,恒瑞医药
2026-01-21,600276,60.31000000,59.90000000,60.68000000,59.66000000,,546035.00000000,1.70283806,-0.66334992,-0.40000000,,恒瑞医药
2026-01-22,600276,60.16000000,59.24000000,60.16000000,59.10000000,,537068.00000000,1.78933153,-1.10183639,-0.66000000,,恒瑞医药
2026-01-23,600276,59.53000000,58.79000000,60.07000000,58.56000000,,808043.00000000,2.56846402,-0.75962188,-0.45000000,,恒瑞医药
2026-01-26,600276,58.79000000,57.96000000,58.96000000,57.85000000,,727329.00000000,1.91511387,-1.41180473,-0.83000000,,恒瑞医药
2026-01-27,600276,58.19000000,57.00000000,58.29000000,56.94000000,,637255.00000000,2.36842105,-1.65631470,-0.96000000,,恒瑞医药
2026-01-28,600276,57.24000000,56.35000000,57.60000000,56.10000000,,878750.00000000,2.66193434,-1.14035088,-0.65000000,,恒瑞医药
2026-01-29,600276,56.15000000,57.91000000,58.17000000,55.88000000,,1137825.00000000,3.95441202,2.76841171,1.56000000,,恒瑞医药
2026-01-30,600276,57.80000000,57.96000000,59.59000000,57.56000000,,852045.00000000,3.50241546,0.08634087,0.05000000,,恒瑞医药
2026-02-02,600276,57.56000000,56.29000000,58.13000000,56.11000000,,609580.00000000,3.58855925,-2.88129745,-1.67000000,,恒瑞医药
2026-02-03,600276,56.80000000,57.27000000,57.49000000,56.30000000,,498835.00000000,2.07787672,1.74098419,0.98000000,,恒瑞医药
2026-02-04,600276,57.10000000,57.40000000,57.50000000,56.03000000,,489243.00000000,2.56097561,0.22699494,0.13000000,,恒瑞医药
2026-02-05,600276,57.30000000,57.96000000,58.27000000,57.10000000,,517746.00000000,2.01863354,0.97560976,0.56000000,,恒瑞医药
2026-02-06,600276,57.54000000,57.11000000,57.95000000,57.04000000,,360904.00000000,1.59341621,-1.46652864,-0.85000000,,恒瑞医药
2026-02-09,600276,57.55000000,57.25000000,57.69000000,56.80000000,,366117.00000000,1.55458515,0.24514096,0.14000000,,恒瑞医药
2026-02-10,600276,57.26000000,58.20000000,58.84000000,56.85000000,,648861.00000000,3.41924399,1.65938865,0.95000000,,恒瑞医药
2026-02-11,600276,58.20000000,58.70000000,59.75000000,58.15000000,,573680.00000000,2.72572402,0.85910653,0.50000000,,恒瑞医药
2026-02-12,600276,58.40000000,58.54000000,59.29000000,58.30000000,,348690.00000000,1.69115135,-0.27257240,-0.16000000,,恒瑞医药
2026-02-13,600276,58.56000000,58.03000000,58.85000000,57.93000000,,343568.00000000,1.58538687,-0.87119918,-0.51000000,,恒瑞医药
2026-02-24,600276,58.11000000,57.81000000,58.28000000,57.52000000,,338981.00000000,1.31465144,-0.37911425,-0.22000000,,恒瑞医药
2026-02-25,600276,57.78000000,57.66000000,58.00000000,57.38000000,,421579.00000000,1.07526882,-0.25947068,-0.15000000,,恒瑞医药
2026-02-26,600276,57.66000000,56.52000000,57.90000000,56.40000000,,508987.00000000,2.65392781,-1.97710718,-1.14000000,,恒瑞医药
2026-02-27,600276,56.42000000,56.36000000,57.07000000,56.10000000,,363641.00000000,1.72107878,-0.28308563,-0.16000000,,恒瑞医药
2026-03-02,600276,55.38000000,54.34000000,55.88000000,54.00000000,,742062.00000000,3.45969820,-3.58410220,-2.02000000,,恒瑞医药
2026-03-03,600276,54.50000000,53.41000000,55.13000000,53.25000000,,601399.00000000,3.51994009,-1.71144645,-0.93000000,,恒瑞医药
2026-03-04,600276,53.02000000,52.78000000,53.70000000,52.47000000,,471518.00000000,2.33042819,-1.17955439,-0.63000000,,恒瑞医药
2026-03-05,600276,53.21000000,53.52000000,54.64000000,52.90000000,,484860.00000000,3.25112108,1.40204623,0.74000000,,恒瑞医药
2026-03-06,600276,53.40000000,55.36000000,55.47000000,53.20000000,,629119.00000000,4.10043353,3.43796712,1.84000000,,恒瑞医药
2026-03-09,600276,54.58000000,54.74000000,54.98000000,53.85000000,,426233.00000000,2.06430398,-1.11994220,-0.62000000,,恒瑞医药
2026-03-10,600276,55.10000000,56.35000000,56.55000000,55.10000000,,473605.00000000,2.57320319,2.94117647,1.61000000,,恒瑞医药
2026-03-11,600276,56.25000000,55.63000000,56.35000000,55.40000000,,321259.00000000,1.70771167,-1.27772848,-0.72000000,,恒瑞医药
2026-03-12,600276,55.60000000,55.10000000,55.84000000,55.03000000,,266691.00000000,1.47005445,-0.95272335,-0.53000000,,恒瑞医药
2026-03-13,600276,55.10000000,54.91000000,55.43000000,54.75000000,,244164.00000000,1.23839009,-0.34482759,-0.19000000,,恒瑞医药
2026-03-16,600276,55.01000000,55.39000000,55.85000000,54.32000000,,307751.00000000,2.76223145,0.87415771,0.48000000,,恒瑞医药
2026-03-17,600276,55.49000000,56.10000000,57.24000000,55.18000000,,504111.00000000,3.67201426,1.28181982,0.71000000,,恒瑞医药
2026-03-18,600276,56.06000000,56.68000000,56.88000000,55.82000000,,393793.00000000,1.87014820,1.03386809,0.58000000,,恒瑞医药
2026-03-19,600276,55.97000000,55.82000000,56.83000000,55.71000000,,343647.00000000,2.00644930,-1.51729005,-0.86000000,,恒瑞医药
2026-03-20,600276,55.99000000,54.94000000,56.56000000,54.85000000,,347395.00000000,3.11248635,-1.57649588,-0.88000000,,恒瑞医药
2026-03-23,600276,53.98000000,52.58000000,54.15000000,52.21000000,,487702.00000000,3.68961582,-4.29559519,-2.36000000,,恒瑞医药
2026-03-24,600276,53.07000000,53.44000000,53.54000000,52.61000000,,348355.00000000,1.74026946,1.63560289,0.86000000,,恒瑞医药
2026-03-25,600276,53.80000000,53.90000000,54.66000000,53.64000000,,411526.00000000,1.89239332,0.86077844,0.46000000,,恒瑞医药
2026-03-26,600276,53.08000000,51.43000000,53.90000000,51.34000000,,649417.00000000,4.97763951,-4.58256030,-2.47000000,,恒瑞医药
2026-03-27,600276,51.10000000,54.98000000,55.28000000,50.91000000,,991196.00000000,7.94834485,6.90258604,3.55000000,,恒瑞医药
2026-03-30,600276,54.53000000,55.56000000,55.90000000,54.41000000,,697271.00000000,2.68178546,1.05492907,0.58000000,,恒瑞医药
2026-03-31,600276,55.66000000,55.02000000,57.18000000,55.00000000,,692924.00000000,3.96219557,-0.97192225,-0.54000000,,恒瑞医药
2026-04-01,600276,55.83000000,57.53000000,57.58000000,55.40000000,,1005517.00000000,3.78932731,4.56197746,2.51000000,,恒瑞医药
2026-04-02,600276,57.54000000,57.17000000,58.15000000,56.81000000,,765170.00000000,2.34388665,-0.62576047,-0.36000000,,恒瑞医药
2026-04-03,600276,56.78000000,56.18000000,56.79000000,55.90000000,,454916.00000000,1.58419366,-1.73167745,-0.99000000,,恒瑞医药
2026-04-07,600276,56.31000000,55.92000000,56.65000000,54.80000000,,401467.00000000,3.30829757,-0.46279815,-0.26000000,,恒瑞医药
2026-04-08,600276,56.81000000,57.25000000,57.44000000,55.71000000,,734463.00000000,3.02183406,2.37839771,1.33000000,,恒瑞医药
2026-04-09,600276,56.72000000,56.76000000,57.77000000,56.51000000,,480755.00000000,2.21987315,-0.85589520,-0.49000000,,恒瑞医药
2026-04-10,600276,57.30000000,56.86000000,57.94000000,56.60000000,,587795.00000000,2.35666549,0.17618041,0.10000000,,恒瑞医药
2026-04-13,600276,56.40000000,55.00000000,56.44000000,54.81000000,,796044.00000000,2.96363636,-3.27119240,-1.86000000,,恒瑞医药
2026-04-14,600276,55.15000000,55.98000000,56.11000000,54.60000000,,574457.00000000,2.69739193,1.78181818,0.98000000,,恒瑞医药
2026-04-15,600276,57.74000000,57.53000000,58.25000000,56.84000000,,1029480.00000000,2.45089519,2.76884602,1.55000000,,恒瑞医药
2026-04-16,600276,57.78000000,57.27000000,57.80000000,56.82000000,,576718.00000000,1.71119260,-0.45193812,-0.26000000,,恒瑞医药
2026-04-17,600276,57.00000000,56.13000000,57.00000000,55.81000000,,632524.00000000,2.12007839,-1.99057098,-1.14000000,,恒瑞医药
2026-04-20,600276,56.13000000,56.14000000,56.48000000,55.63000000,,433049.00000000,1.51407196,0.01781578,0.01000000,,恒瑞医药
2026-04-21,600276,56.15000000,55.55000000,56.56000000,55.35000000,,432751.00000000,2.17821782,-1.05094407,-0.59000000,,恒瑞医药
2026-04-22,600276,55.40000000,55.24000000,55.74000000,54.74000000,,523563.00000000,1.81028240,-0.55805581,-0.31000000,,恒瑞医药
2026-04-23,600276,55.83000000,56.20000000,57.76000000,55.83000000,,963938.00000000,3.43416370,1.73787111,0.96000000,,恒瑞医药
2026-04-24,600276,56.30000000,55.85000000,56.55000000,55.12000000,,557798.00000000,2.56042972,-0.62277580,-0.35000000,,恒瑞医药
2026-04-27,600276,55.86000000,55.18000000,55.87000000,55.00000000,,455530.00000000,1.57665821,-1.19964190,-0.67000000,,恒瑞医药
2026-04-28,600276,55.18000000,54.64000000,57.15000000,54.60000000,,903120.00000000,4.66691069,-0.97861544,-0.54000000,,恒瑞医药
2026-04-29,600276,54.63000000,54.79000000,54.88000000,54.00000000,,591509.00000000,1.60613251,0.27452416,0.15000000,,恒瑞医药
2026-04-30,600276,54.84000000,53.68000000,54.84000000,53.61000000,,712485.00000000,2.29135618,-2.02591714,-1.11000000,,恒瑞医药
2026-05-06,600276,53.78000000,53.43000000,53.91000000,53.20000000,,665748.00000000,1.32884147,-0.46572280,-0.25000000,,恒瑞医药
2026-05-07,600276,53.68000000,53.48000000,54.23000000,53.20000000,,623452.00000000,1.92595363,0.09358039,0.05000000,,恒瑞医药
2026-05-08,600276,53.68000000,52.60000000,53.72000000,52.48000000,,802415.00000000,2.35741445,-1.64547494,-0.88000000,,恒瑞医药
2026-05-11,600276,52.60000000,53.32000000,53.59000000,51.92000000,,1023063.00000000,3.13203301,1.36882129,0.72000000,,恒瑞医药
2026-05-12,600276,53.33000000,55.91000000,58.67000000,52.55000000,,2465400.00000000,10.94616348,4.85746437,2.59000000,,恒瑞医药
2026-05-13,600276,55.91000000,55.66000000,57.06000000,55.46000000,,1327791.00000000,2.87459576,-0.44714720,-0.25000000,,恒瑞医药
2026-05-14,600276,55.60000000,54.12000000,56.54000000,54.08000000,,917227.00000000,4.54545455,-2.76679842,-1.54000000,,恒瑞医药
2026-05-15,600276,53.88000000,53.79000000,55.46000000,53.55000000,,765989.00000000,3.55084588,-0.60975610,-0.33000000,,恒瑞医药
2026-05-18,600276,53.58000000,52.23000000,53.60000000,51.99000000,,786609.00000000,3.08251962,-2.90016732,-1.56000000,,恒瑞医药
2026-05-19,600276,52.10000000,51.39000000,52.71000000,51.13000000,,699095.00000000,3.07452812,-1.60827111,-0.84000000,,恒瑞医药
2026-05-20,600276,51.31000000,50.75000000,51.76000000,50.18000000,,827046.00000000,3.11330049,-1.24537848,-0.64000000,,恒瑞医药
2026-05-21,600276,50.83000000,51.25000000,52.59000000,50.68000000,,994025.00000000,3.72682927,0.98522167,0.50000000,,恒瑞医药
2026-05-22,600276,51.35000000,50.27000000,51.38000000,50.20000000,,677620.00000000,2.34732445,-1.91219512,-0.98000000,,恒瑞医药
2026-05-25,600276,49.81000000,49.23000000,49.82000000,48.82000000,,838355.00000000,2.03128174,-2.06882833,-1.04000000,,恒瑞医药
2026-05-26,600276,48.88000000,49.00000000,49.97000000,48.60000000,,713746.00000000,2.79591837,-0.46719480,-0.23000000,,恒瑞医药
2026-05-27,600276,48.88000000,50.37000000,51.30000000,48.45000000,,961153.00000000,5.65812984,2.79591837,1.37000000,,恒瑞医药
2026-05-28,600276,50.06000000,48.00000000,50.58000000,47.85000000,,978697.00000000,5.68750000,-4.70518166,-2.37000000,,恒瑞医药
2026-05-29,600276,48.02000000,50.19000000,50.52000000,47.62000000,,1300405.00000000,5.77804343,4.56250000,2.19000000,,恒瑞医药
2026-06-01,600276,50.32000000,49.17000000,51.20000000,49.00000000,,946653.00000000,4.47427293,-2.03227735,-1.02000000,,恒瑞医药
2026-06-02,600276,48.82000000,48.40000000,49.10000000,47.90000000,,611443.00000000,2.47933884,-1.56599553,-0.77000000,,恒瑞医药
2026-06-03,600276,48.10000000,47.20000000,48.18000000,47.20000000,,815364.00000000,2.07627119,-2.47933884,-1.20000000,,恒瑞医药
2026-06-04,600276,47.00000000,46.63000000,47.88000000,46.51000000,,639249.00000000,2.93802273,-1.20762712,-0.57000000,,恒瑞医药
2026-06-05,600276,47.48000000,47.08000000,48.72000000,47.00000000,,930264.00000000,3.65335599,0.96504396,0.45000000,,恒瑞医药
2026-06-08,600276,46.60000000,45.94000000,47.72000000,45.55000000,,684211.00000000,4.72355246,-2.42141037,-1.14000000,,恒瑞医药
2026-06-09,600276,46.34000000,46.38000000,46.60000000,45.26000000,,621286.00000000,2.88917637,0.95777101,0.44000000,,恒瑞医药
2026-06-10,600276,46.10000000,47.01000000,47.38000000,45.91000000,,621576.00000000,3.12699426,1.35834411,0.63000000,,恒瑞医药
2026-06-11,600276,46.70000000,46.98000000,47.20000000,46.22000000,,473374.00000000,2.08599404,-0.06381621,-0.03000000,,恒瑞医药
2026-06-12,600276,47.20000000,48.49000000,48.95000000,46.56000000,,1002990.00000000,4.92885131,3.21413367,1.51000000,,恒瑞医药
2026-06-15,600276,48.44000000,47.88000000,48.80000000,47.62000000,,669408.00000000,2.46449457,-1.25799134,-0.61000000,,恒瑞医药
2026-06-16,600276,47.60000000,47.35000000,48.09000000,47.14000000,,502935.00000000,2.00633580,-1.10693400,-0.53000000,,恒瑞医药
2026-06-17,600276,47.37000000,46.99000000,47.66000000,46.78000000,,518239.00000000,1.87273888,-0.76029567,-0.36000000,,恒瑞医药
2026-06-18,600276,46.99000000,48.42000000,49.50000000,46.61000000,,1185928.00000000,5.96860801,3.04320068,1.43000000,,恒瑞医药
2026-06-22,600276,48.20000000,49.36000000,49.41000000,47.30000000,,946321.00000000,4.27471637,1.94134655,0.94000000,,恒瑞医药
2026-06-23,600276,49.18000000,48.98000000,50.92000000,48.80000000,,1075827.00000000,4.32829726,-0.76985413,-0.38000000,,恒瑞医药
2026-06-24,600276,48.98000000,50.25000000,51.36000000,48.93000000,,1358812.00000000,4.83582090,2.59289506,1.27000000,,恒瑞医药
2026-06-25,600276,49.86000000,50.04000000,50.80000000,48.66000000,,1051386.00000000,4.27657874,-0.41791045,-0.21000000,,恒瑞医药
2026-06-26,600276,50.46000000,48.67000000,50.73000000,48.62000000,,749617.00000000,4.33531950,-2.73780975,-1.37000000,,恒瑞医药
2026-06-29,600276,49.01000000,52.93000000,53.31000000,48.43000000,,1727562.00000000,9.21972416,8.75282515,4.26000000,,恒瑞医药
2026-06-30,600276,52.97000000,52.04000000,53.45000000,51.70000000,,1146413.00000000,3.36279785,-1.68146609,-0.89000000,,恒瑞医药
2026-07-01,600276,51.61000000,53.78000000,54.08000000,50.22000000,,1569308.00000000,7.17738936,3.34358186,1.74000000,,恒瑞医药
2026-07-02,600276,53.80000000,53.49000000,55.45000000,53.09000000,,1320238.00000000,4.41203963,-0.53923392,-0.29000000,,恒瑞医药
2026-07-03,600276,54.55000000,54.45000000,55.15000000,53.28000000,,1098671.00000000,3.43434343,1.79472799,0.96000000,,恒瑞医药
