trade_date,ts_code,open,close,high,low,volume,amount,amplitude_pct,pct_change,price_change,turnover_rate,stock_name
2015-01-05,600522,4.61000000,4.70000000,4.72000000,4.52000000,,153394.08000000,4.25531915,,,,中天科技
2015-01-06,600522,4.66000000,4.85000000,4.86000000,4.60000000,,177494.38000000,5.36082474,3.19148936,0.15000000,,中天科技
2015-01-07,600522,4.82000000,4.71000000,4.82000000,4.65000000,,126071.49000000,3.60934183,-2.88659794,-0.14000000,,中天科技
2015-01-08,600522,4.71000000,4.96000000,4.96000000,4.69000000,,288914.33000000,5.44354839,5.30785563,0.25000000,,中天科技
2015-01-09,600522,4.96000000,4.82000000,5.03000000,4.80000000,,223963.75000000,4.77178423,-2.82258065,-0.14000000,,中天科技
2015-01-12,600522,4.76000000,4.64000000,4.76000000,4.61000000,,132091.57000000,3.23275862,-3.73443983,-0.18000000,,中天科技
2015-01-13,600522,4.64000000,4.82000000,5.03000000,4.60000000,,147171.22000000,8.92116183,3.87931034,0.18000000,,中天科技
2015-01-14,600522,4.81000000,4.72000000,4.85000000,4.68000000,,99722.89000000,3.60169492,-2.07468880,-0.10000000,,中天科技
2015-01-15,600522,4.71000000,4.83000000,4.84000000,4.71000000,,109213.54000000,2.69151139,2.33050847,0.11000000,,中天科技
2015-01-16,600522,4.85000000,4.92000000,4.94000000,4.81000000,,174862.43000000,2.64227642,1.86335404,0.09000000,,中天科技
2015-01-19,600522,4.76000000,4.66000000,4.94000000,4.57000000,,214327.99000000,7.93991416,-5.28455285,-0.26000000,,中天科技
2015-01-20,600522,4.73000000,4.96000000,4.97000000,4.67000000,,220343.00000000,6.04838710,6.43776824,0.30000000,,中天科技
2015-01-21,600522,4.97000000,5.09000000,5.11000000,4.93000000,,289488.44000000,3.53634578,2.62096774,0.13000000,,中天科技
2015-01-22,600522,5.09000000,5.09000000,5.17000000,4.99000000,,191045.06000000,3.53634578,0.00000000,0.00000000,,中天科技
2015-01-23,600522,5.09000000,5.14000000,5.19000000,5.01000000,,213481.66000000,3.50194553,0.98231827,0.05000000,,中天科技
2015-01-26,600522,5.13000000,5.21000000,5.28000000,5.13000000,,202453.09000000,2.87907869,1.36186770,0.07000000,,中天科技
2015-01-27,600522,5.19000000,5.26000000,5.35000000,5.06000000,,246982.49000000,5.51330798,0.95969290,0.05000000,,中天科技
2015-01-28,600522,5.24000000,5.20000000,5.39000000,5.17000000,,249965.40000000,4.23076923,-1.14068441,-0.06000000,,中天科技
2015-01-29,600522,5.12000000,5.15000000,5.25000000,5.09000000,,146282.65000000,3.10679612,-0.96153846,-0.05000000,,中天科技
2015-01-30,600522,5.15000000,5.30000000,5.44000000,5.15000000,,296695.61000000,5.47169811,2.91262136,0.15000000,,中天科技
2015-02-02,600522,5.25000000,5.51000000,5.61000000,5.20000000,,347675.23000000,7.44101633,3.96226415,0.21000000,,中天科技
2015-02-03,600522,5.51000000,5.55000000,5.61000000,5.45000000,,236128.19000000,2.88288288,0.72595281,0.04000000,,中天科技
2015-02-04,600522,5.64000000,5.51000000,5.70000000,5.47000000,,238377.34000000,4.17422868,-0.72072072,-0.04000000,,中天科技
2015-02-05,600522,5.58000000,5.78000000,5.93000000,5.53000000,,425816.94000000,6.92041522,4.90018149,0.27000000,,中天科技
2015-02-06,600522,5.76000000,5.70000000,5.82000000,5.67000000,,251082.40000000,2.63157895,-1.38408304,-0.08000000,,中天科技
2015-02-09,600522,5.67000000,5.38000000,5.70000000,5.34000000,,231120.60000000,6.69144981,-5.61403509,-0.32000000,,中天科技
2015-02-10,600522,5.38000000,5.49000000,5.50000000,5.32000000,,130594.13000000,3.27868852,2.04460967,0.11000000,,中天科技
2015-02-11,600522,5.50000000,5.64000000,5.65000000,5.45000000,,122696.63000000,3.54609929,2.73224044,0.15000000,,中天科技
2015-02-12,600522,5.68000000,5.63000000,5.71000000,5.56000000,,104309.80000000,2.66429840,-0.17730496,-0.01000000,,中天科技
2015-02-13,600522,5.64000000,5.52000000,5.75000000,5.50000000,,199415.42000000,4.52898551,-1.95381883,-0.11000000,,中天科技
2015-02-16,600522,5.52000000,5.74000000,5.75000000,5.41000000,,253587.38000000,5.92334495,3.98550725,0.22000000,,中天科技
2015-02-17,600522,5.75000000,5.75000000,5.82000000,5.69000000,,184565.05000000,2.26086957,0.17421603,0.01000000,,中天科技
2015-02-25,600522,5.75000000,6.00000000,6.12000000,5.68000000,,281185.69000000,7.33333333,4.34782609,0.25000000,,中天科技
2015-02-26,600522,5.96000000,5.93000000,6.03000000,5.90000000,,157841.64000000,2.19224283,-1.16666667,-0.07000000,,中天科技
2015-02-27,600522,5.95000000,6.00000000,6.14000000,5.92000000,,215600.72000000,3.66666667,1.18043845,0.07000000,,中天科技
2015-03-02,600522,6.00000000,6.22000000,6.32000000,5.98000000,,232589.56000000,5.46623794,3.66666667,0.22000000,,中天科技
2015-03-03,600522,6.18000000,5.93000000,6.23000000,5.89000000,,294571.20000000,5.73355818,-4.66237942,-0.29000000,,中天科技
2015-03-04,600522,5.96000000,6.02000000,6.04000000,5.89000000,,171684.51000000,2.49169435,1.51770658,0.09000000,,中天科技
2015-03-05,600522,6.12000000,5.93000000,6.12000000,5.88000000,,185945.06000000,4.04721754,-1.49501661,-0.09000000,,中天科技
2015-03-06,600522,5.93000000,5.72000000,5.99000000,5.69000000,,218397.39000000,5.24475524,-3.54131535,-0.21000000,,中天科技
2015-05-25,600522,6.45000000,6.45000000,6.45000000,6.45000000,,2534.67000000,0.00000000,12.76223776,0.73000000,,中天科技
2015-05-26,600522,7.25000000,7.25000000,7.25000000,7.25000000,,2501.07000000,0.00000000,12.40310078,0.80000000,,中天科技
2015-05-27,600522,8.13000000,8.13000000,8.13000000,8.13000000,,1463.63000000,0.00000000,12.13793103,0.88000000,,中天科技
2015-05-28,600522,9.09000000,9.09000000,9.09000000,9.09000000,,7148.54000000,0.00000000,11.80811808,0.96000000,,中天科技
2015-05-29,600522,10.16000000,10.16000000,10.16000000,9.77000000,,579188.44000000,3.83858268,11.77117712,1.07000000,,中天科技
2015-06-01,600522,11.24000000,11.33000000,11.33000000,10.63000000,,391431.86000000,6.17828773,11.51574803,1.17000000,,中天科技
2015-06-02,600522,12.24000000,11.41000000,12.60000000,11.13000000,,982120.24000000,12.88343558,0.70609003,0.08000000,,中天科技
2015-06-03,600522,11.66000000,12.24000000,12.39000000,11.41000000,,690622.48000000,8.00653595,7.27432077,0.83000000,,中天科技
2015-06-04,600522,11.96000000,11.49000000,11.96000000,11.05000000,,488985.04000000,7.91993037,-6.12745098,-0.75000000,,中天科技
2015-06-05,600522,11.68000000,11.46000000,11.88000000,11.16000000,,428960.19000000,6.28272251,-0.26109661,-0.03000000,,中天科技
2015-06-08,600522,11.36000000,10.86000000,11.36000000,10.73000000,,384923.83000000,5.80110497,-5.23560209,-0.60000000,,中天科技
2015-06-09,600522,10.83000000,11.22000000,11.40000000,10.80000000,,283514.09000000,5.34759358,3.31491713,0.36000000,,中天科技
2015-06-10,600522,11.04000000,11.07000000,11.19000000,10.84000000,,306193.76000000,3.16169828,-1.33689840,-0.15000000,,中天科技
2015-06-11,600522,11.07000000,11.17000000,11.46000000,11.03000000,,287521.90000000,3.84959714,0.90334237,0.10000000,,中天科技
2015-06-12,600522,11.29000000,11.62000000,11.96000000,11.12000000,,434399.97000000,7.22891566,4.02864816,0.45000000,,中天科技
2015-06-15,600522,11.68000000,11.28000000,11.90000000,11.24000000,,312517.88000000,5.85106383,-2.92598967,-0.34000000,,中天科技
2015-06-16,600522,10.92000000,10.09000000,11.09000000,10.00000000,,387983.10000000,10.80277502,-10.54964539,-1.19000000,,中天科技
2015-06-17,600522,10.09000000,10.25000000,10.41000000,9.64000000,,261326.26000000,7.51219512,1.58572844,0.16000000,,中天科技
2015-06-18,600522,10.24000000,9.92000000,10.35000000,9.89000000,,197833.61000000,4.63709677,-3.21951220,-0.33000000,,中天科技
2015-06-19,600522,9.55000000,8.95000000,10.03000000,8.78000000,,217738.83000000,13.96648045,-9.77822581,-0.97000000,,中天科技
2015-06-23,600522,8.85000000,8.86000000,9.13000000,8.09000000,,218528.62000000,11.73814898,-1.00558659,-0.09000000,,中天科技
2015-06-24,600522,9.00000000,9.24000000,9.30000000,8.93000000,,231552.53000000,4.00432900,4.28893905,0.38000000,,中天科技
2015-06-25,600522,9.29000000,8.69000000,9.44000000,8.58000000,,275921.43000000,9.89643268,-5.95238095,-0.55000000,,中天科技
2015-06-26,600522,8.29000000,7.67000000,8.47000000,7.67000000,,277125.62000000,10.43024772,-11.73762946,-1.02000000,,中天科技
2015-06-29,600522,8.01000000,6.75000000,8.03000000,6.75000000,,382297.51000000,18.96296296,-11.99478488,-0.92000000,,中天科技
2015-06-30,600522,6.89000000,7.58000000,7.58000000,6.45000000,,473412.09000000,14.90765172,12.29629630,0.83000000,,中天科技
2015-07-01,600522,7.61000000,7.66000000,8.45000000,7.49000000,,609291.55000000,12.53263708,1.05540897,0.08000000,,中天科技
2015-07-02,600522,7.97000000,7.49000000,8.09000000,7.29000000,,447943.50000000,10.68090788,-2.21932115,-0.17000000,,中天科技
2015-07-03,600522,7.39000000,7.54000000,8.09000000,6.59000000,,494442.31000000,19.89389920,0.66755674,0.05000000,,中天科技
2015-07-06,600522,8.45000000,8.13000000,8.45000000,7.15000000,,564643.70000000,15.99015990,7.82493369,0.59000000,,中天科技
2015-07-07,600522,7.73000000,7.17000000,8.09000000,7.17000000,,366838.39000000,12.83124128,-11.80811808,-0.96000000,,中天科技
2015-07-08,600522,6.30000000,6.30000000,6.81000000,6.30000000,,1105400.58000000,8.09523810,-12.13389121,-0.87000000,,中天科技
2015-07-13,600522,7.08000000,7.08000000,7.08000000,7.08000000,,5716.38000000,0.00000000,12.38095238,0.78000000,,中天科技
2015-07-14,600522,7.94000000,7.94000000,7.94000000,7.94000000,,8560.05000000,0.00000000,12.14689266,0.86000000,,中天科技
2015-07-15,600522,8.88000000,7.69000000,8.88000000,7.30000000,,600090.17000000,20.54616385,-3.14861461,-0.25000000,,中天科技
2015-07-16,600522,7.69000000,8.07000000,8.29000000,7.33000000,,386616.83000000,11.89591078,4.94148244,0.38000000,,中天科技
2015-07-17,600522,8.13000000,8.59000000,8.79000000,8.07000000,,459036.74000000,8.38183935,6.44361834,0.52000000,,中天科技
2015-07-20,600522,8.67000000,8.59000000,9.00000000,8.40000000,,404907.65000000,6.98486612,0.00000000,0.00000000,,中天科技
2015-07-21,600522,8.40000000,8.53000000,8.69000000,8.29000000,,267199.99000000,4.68933177,-0.69848661,-0.06000000,,中天科技
2015-07-22,600522,8.57000000,8.61000000,8.77000000,8.32000000,,254842.81000000,5.22648084,0.93786635,0.08000000,,中天科技
2015-07-23,600522,8.66000000,8.80000000,8.87000000,8.41000000,,357860.89000000,5.22727273,2.20673635,0.19000000,,中天科技
2015-07-24,600522,8.77000000,9.21000000,9.51000000,8.76000000,,510208.69000000,8.14332248,4.65909091,0.41000000,,中天科技
2015-07-27,600522,8.95000000,8.13000000,9.28000000,8.13000000,,481362.10000000,14.14514145,-11.72638436,-1.08000000,,中天科技
2015-07-28,600522,7.94000000,7.97000000,8.24000000,7.21000000,,402285.04000000,12.92346299,-1.96801968,-0.16000000,,中天科技
2015-07-29,600522,8.16000000,8.35000000,8.36000000,7.43000000,,270418.96000000,11.13772455,4.76787955,0.38000000,,中天科技
2015-07-30,600522,8.28000000,8.11000000,8.75000000,8.06000000,,303146.21000000,8.50801480,-2.87425150,-0.24000000,,中天科技
2015-07-31,600522,7.95000000,8.55000000,8.59000000,7.95000000,,324112.18000000,7.48538012,5.42540074,0.44000000,,中天科技
2015-08-03,600522,8.42000000,8.57000000,8.68000000,8.24000000,,252125.81000000,5.13418903,0.23391813,0.02000000,,中天科技
2015-08-04,600522,8.65000000,9.47000000,9.57000000,8.59000000,,370461.19000000,10.34846885,10.50175029,0.90000000,,中天科技
2015-08-05,600522,9.32000000,9.01000000,9.43000000,8.89000000,,264733.44000000,5.99334073,-4.85744456,-0.46000000,,中天科技
2015-08-06,600522,8.80000000,9.09000000,9.38000000,8.69000000,,199349.90000000,7.59075908,0.88790233,0.08000000,,中天科技
2015-08-07,600522,9.24000000,9.28000000,9.49000000,9.11000000,,215414.03000000,4.09482759,2.09020902,0.19000000,,中天科技
2015-08-10,600522,9.29000000,9.64000000,9.76000000,9.17000000,,338395.04000000,6.12033195,3.87931034,0.36000000,,中天科技
2015-08-11,600522,9.49000000,9.02000000,9.64000000,8.89000000,,582484.25000000,8.31485588,-6.43153527,-0.62000000,,中天科技
2015-08-12,600522,8.77000000,8.71000000,8.97000000,8.69000000,,248249.57000000,3.21469575,-3.43680710,-0.31000000,,中天科技
2015-08-13,600522,8.68000000,9.07000000,9.09000000,8.68000000,,174722.56000000,4.52039691,4.13318025,0.36000000,,中天科技
2015-08-14,600522,9.11000000,8.99000000,9.22000000,8.85000000,,216529.74000000,4.11568409,-0.88202867,-0.08000000,,中天科技
2015-08-17,600522,8.89000000,8.89000000,8.97000000,8.64000000,,162884.22000000,3.71203600,-1.11234705,-0.10000000,,中天科技
2015-08-18,600522,8.96000000,7.85000000,8.99000000,7.85000000,,247706.09000000,14.52229299,-11.69853768,-1.04000000,,中天科技
2015-08-19,600522,7.68000000,7.90000000,8.02000000,7.03000000,,231564.91000000,12.53164557,0.63694268,0.05000000,,中天科技
2015-08-20,600522,7.97000000,7.63000000,8.19000000,7.61000000,,190805.16000000,7.60157274,-3.41772152,-0.27000000,,中天科技
2015-08-21,600522,7.49000000,7.31000000,7.76000000,7.15000000,,153912.96000000,8.34473324,-4.19397117,-0.32000000,,中天科技
2015-08-24,600522,6.84000000,6.43000000,6.98000000,6.43000000,,325924.74000000,8.55365474,-12.03830369,-0.88000000,,中天科技
2015-08-25,600522,5.92000000,5.63000000,6.47000000,5.63000000,,322650.88000000,14.92007105,-12.44167963,-0.80000000,,中天科技
2015-08-26,600522,5.89000000,5.61000000,6.09000000,5.51000000,,245460.08000000,10.33868093,-0.35523979,-0.02000000,,中天科技
2015-08-27,600522,5.88000000,5.92000000,6.07000000,5.61000000,,169711.37000000,7.77027027,5.52584670,0.31000000,,中天科技
2015-08-28,600522,6.11000000,6.38000000,6.40000000,5.92000000,,290833.03000000,7.52351097,7.77027027,0.46000000,,中天科技
2015-08-31,600522,6.21000000,5.78000000,6.29000000,5.76000000,,206485.87000000,9.16955017,-9.40438871,-0.60000000,,中天科技
2015-09-01,600522,5.73000000,5.05000000,5.73000000,5.05000000,,215402.87000000,13.46534653,-12.62975779,-0.73000000,,中天科技
2015-09-02,600522,4.67000000,5.03000000,5.22000000,4.61000000,,205067.38000000,12.12723658,-0.39603960,-0.02000000,,中天科技
2015-09-07,600522,5.18000000,5.20000000,5.51000000,5.18000000,,143681.36000000,6.34615385,3.37972167,0.17000000,,中天科技
2015-09-08,600522,5.20000000,5.56000000,5.60000000,5.09000000,,126888.32000000,9.17266187,6.92307692,0.36000000,,中天科技
2015-09-09,600522,5.64000000,5.83000000,5.89000000,5.53000000,,192622.05000000,6.17495712,4.85611511,0.27000000,,中天科技
2015-09-10,600522,5.69000000,5.57000000,5.78000000,5.57000000,,98432.09000000,3.77019749,-4.45969125,-0.26000000,,中天科技
2015-09-11,600522,5.56000000,5.63000000,5.70000000,5.45000000,,72508.65000000,4.44049734,1.07719928,0.06000000,,中天科技
2015-09-14,600522,5.64000000,4.91000000,5.71000000,4.91000000,,121491.11000000,16.29327902,-12.78863233,-0.72000000,,中天科技
2015-09-15,600522,4.73000000,4.35000000,4.89000000,4.31000000,,134244.63000000,13.33333333,-11.40529532,-0.56000000,,中天科技
2015-09-16,600522,4.44000000,4.90000000,4.94000000,4.40000000,,136919.65000000,11.02040816,12.64367816,0.55000000,,中天科技
2015-09-17,600522,4.85000000,4.73000000,5.13000000,4.61000000,,150046.57000000,10.99365751,-3.46938776,-0.17000000,,中天科技
2015-09-18,600522,4.77000000,4.79000000,4.88000000,4.63000000,,83937.64000000,5.21920668,1.26849894,0.06000000,,中天科技
2015-09-21,600522,4.79000000,5.05000000,5.08000000,4.69000000,,118398.79000000,7.72277228,5.42797495,0.26000000,,中天科技
2015-09-22,600522,5.08000000,5.05000000,5.13000000,4.89000000,,133309.04000000,4.75247525,0.00000000,0.00000000,,中天科技
2015-09-30,600522,5.19000000,4.99000000,5.28000000,4.94000000,,162861.03000000,6.81362725,-1.18811881,-0.06000000,,中天科技
2015-10-08,600522,5.20000000,5.64000000,5.64000000,5.13000000,,290619.21000000,9.04255319,13.02605210,0.65000000,,中天科技
2015-10-09,600522,5.69000000,5.65000000,5.76000000,5.56000000,,385922.09000000,3.53982301,0.17730496,0.01000000,,中天科技
2015-10-12,600522,5.67000000,5.86000000,6.09000000,5.56000000,,426784.69000000,9.04436860,3.71681416,0.21000000,,中天科技
2015-10-13,600522,5.81000000,5.89000000,5.91000000,5.69000000,,236630.98000000,3.73514431,0.51194539,0.03000000,,中天科技
2015-10-14,600522,5.84000000,5.99000000,6.28000000,5.73000000,,374617.57000000,9.18196995,1.69779287,0.10000000,,中天科技
2015-10-15,600522,6.17000000,6.22000000,6.27000000,6.13000000,,362066.99000000,2.25080386,3.83973289,0.23000000,,中天科技
2015-10-16,600522,6.24000000,6.16000000,6.24000000,6.00000000,,398216.88000000,3.89610390,-0.96463023,-0.06000000,,中天科技
2015-10-19,600522,6.17000000,5.99000000,6.20000000,5.93000000,,255897.04000000,4.50751252,-2.75974026,-0.17000000,,中天科技
2015-10-20,600522,5.99000000,6.25000000,6.32000000,5.97000000,,287416.25000000,5.60000000,4.34056761,0.26000000,,中天科技
2015-10-21,600522,6.41000000,5.84000000,6.81000000,5.81000000,,505413.61000000,17.12328767,-6.56000000,-0.41000000,,中天科技
2015-10-22,600522,5.96000000,6.20000000,6.26000000,5.89000000,,301373.55000000,5.96774194,6.16438356,0.36000000,,中天科技
2015-10-23,600522,6.28000000,6.31000000,6.37000000,6.08000000,,328613.67000000,4.59587956,1.77419355,0.11000000,,中天科技
2015-10-26,600522,6.42000000,6.40000000,6.56000000,6.21000000,,291068.54000000,5.46875000,1.42630745,0.09000000,,中天科技
2015-10-27,600522,6.49000000,6.59000000,6.68000000,6.12000000,,368962.31000000,8.49772382,2.96875000,0.19000000,,中天科技
2015-10-28,600522,6.56000000,6.29000000,6.65000000,6.24000000,,237292.18000000,6.51828299,-4.55235205,-0.30000000,,中天科技
2015-10-29,600522,6.63000000,6.50000000,6.70000000,6.45000000,,327681.19000000,3.84615385,3.33863275,0.21000000,,中天科技
2015-10-30,600522,6.44000000,6.48000000,6.60000000,6.32000000,,234382.32000000,4.32098765,-0.30769231,-0.02000000,,中天科技
2015-11-02,600522,6.39000000,6.26000000,6.62000000,6.21000000,,215667.35000000,6.54952077,-3.39506173,-0.22000000,,中天科技
2015-11-03,600522,6.23000000,6.19000000,6.41000000,6.09000000,,152763.50000000,5.16962843,-1.11821086,-0.07000000,,中天科技
2015-11-04,600522,6.34000000,6.64000000,6.66000000,6.34000000,,293397.50000000,4.81927711,7.26978998,0.45000000,,中天科技
2015-11-05,600522,6.68000000,6.73000000,6.99000000,6.62000000,,353511.63000000,5.49777117,1.35542169,0.09000000,,中天科技
2015-11-06,600522,6.78000000,6.97000000,7.04000000,6.73000000,,289110.70000000,4.44763271,3.56612184,0.24000000,,中天科技
2015-11-09,600522,6.91000000,6.94000000,7.05000000,6.80000000,,390608.63000000,3.60230548,-0.43041607,-0.03000000,,中天科技
2015-11-10,600522,6.95000000,6.93000000,7.10000000,6.80000000,,371444.59000000,4.32900433,-0.14409222,-0.01000000,,中天科技
2015-11-11,600522,6.89000000,7.12000000,7.12000000,6.87000000,,334546.14000000,3.51123596,2.74170274,0.19000000,,中天科技
2015-11-12,600522,7.17000000,7.33000000,7.47000000,7.05000000,,402773.68000000,5.72987722,2.94943820,0.21000000,,中天科技
2015-11-13,600522,7.21000000,7.49000000,7.72000000,7.15000000,,502929.50000000,7.61014686,2.18281037,0.16000000,,中天科技
2015-11-16,600522,7.29000000,7.53000000,7.55000000,7.29000000,,266272.05000000,3.45285525,0.53404539,0.04000000,,中天科技
2015-11-17,600522,7.71000000,7.64000000,7.75000000,7.33000000,,336514.74000000,5.49738220,1.46082337,0.11000000,,中天科技
2015-11-18,600522,7.60000000,7.65000000,7.88000000,7.56000000,,385109.83000000,4.18300654,0.13089005,0.01000000,,中天科技
2015-11-19,600522,7.67000000,7.73000000,7.73000000,7.54000000,,312513.98000000,2.45795602,1.04575163,0.08000000,,中天科技
2015-11-20,600522,7.74000000,7.68000000,7.95000000,7.61000000,,290076.58000000,4.42708333,-0.64683053,-0.05000000,,中天科技
2015-11-23,600522,7.62000000,7.44000000,7.66000000,7.38000000,,259123.90000000,3.76344086,-3.12500000,-0.24000000,,中天科技
2015-11-24,600522,7.55000000,7.56000000,7.69000000,7.43000000,,152791.01000000,3.43915344,1.61290323,0.12000000,,中天科技
2015-11-25,600522,7.57000000,7.66000000,7.68000000,7.48000000,,191376.72000000,2.61096606,1.32275132,0.10000000,,中天科技
2015-11-26,600522,8.17000000,7.82000000,8.29000000,7.76000000,,609757.05000000,6.77749361,2.08877285,0.16000000,,中天科技
2015-11-27,600522,7.69000000,7.39000000,8.04000000,7.25000000,,358315.66000000,10.69012179,-5.49872123,-0.43000000,,中天科技
2015-11-30,600522,7.45000000,8.05000000,8.07000000,7.35000000,,396766.80000000,8.94409938,8.93098782,0.66000000,,中天科技
2015-12-01,600522,7.95000000,7.97000000,8.08000000,7.79000000,,254368.18000000,3.63864492,-0.99378882,-0.08000000,,中天科技
2015-12-02,600522,7.93000000,7.85000000,8.16000000,7.56000000,,228802.98000000,7.64331210,-1.50564617,-0.12000000,,中天科技
2015-12-03,600522,7.88000000,8.01000000,8.05000000,7.71000000,,223936.15000000,4.24469413,2.03821656,0.16000000,,中天科技
2015-12-04,600522,7.96000000,7.69000000,8.05000000,7.65000000,,235167.12000000,5.20156047,-3.99500624,-0.32000000,,中天科技
2015-12-07,600522,7.72000000,7.57000000,7.75000000,7.48000000,,238717.71000000,3.56671070,-1.56046814,-0.12000000,,中天科技
2015-12-08,600522,7.49000000,7.12000000,7.50000000,7.09000000,,240102.82000000,5.75842697,-5.94451783,-0.45000000,,中天科技
2015-12-09,600522,7.22000000,7.27000000,7.39000000,7.17000000,,179598.96000000,3.02613480,2.10674157,0.15000000,,中天科技
2015-12-10,600522,7.32000000,7.16000000,7.32000000,7.13000000,,125550.97000000,2.65363128,-1.51306740,-0.11000000,,中天科技
2015-12-11,600522,7.19000000,7.64000000,7.73000000,7.14000000,,353863.49000000,7.72251309,6.70391061,0.48000000,,中天科技
2015-12-14,600522,7.98000000,7.81000000,8.08000000,7.56000000,,290334.66000000,6.65813060,2.22513089,0.17000000,,中天科技
2015-12-15,600522,7.73000000,8.32000000,8.48000000,7.67000000,,547226.37000000,9.73557692,6.53008963,0.51000000,,中天科技
2015-12-16,600522,8.17000000,8.20000000,8.47000000,8.13000000,,400008.89000000,4.14634146,-1.44230769,-0.12000000,,中天科技
2015-12-17,600522,8.30000000,8.46000000,8.63000000,8.22000000,,505997.58000000,4.84633570,3.17073171,0.26000000,,中天科技
2015-12-18,600522,8.41000000,8.21000000,8.43000000,8.11000000,,326585.55000000,3.89768575,-2.95508274,-0.25000000,,中天科技
2015-12-21,600522,8.27000000,8.24000000,8.47000000,8.13000000,,284836.16000000,4.12621359,0.36540804,0.03000000,,中天科技
2015-12-22,600522,8.19000000,8.31000000,8.35000000,8.06000000,,254562.82000000,3.48977136,0.84951456,0.07000000,,中天科技
2015-12-23,600522,8.25000000,8.00000000,8.30000000,7.98000000,,269475.56000000,4.00000000,-3.73044525,-0.31000000,,中天科技
2015-12-24,600522,7.98000000,8.21000000,8.21000000,7.93000000,,195693.57000000,3.41047503,2.62500000,0.21000000,,中天科技
2015-12-25,600522,8.27000000,8.09000000,8.31000000,8.03000000,,226607.45000000,3.46106304,-1.46163216,-0.12000000,,中天科技
2015-12-28,600522,8.11000000,7.70000000,8.12000000,7.69000000,,274891.15000000,5.58441558,-4.82076638,-0.39000000,,中天科技
2015-12-29,600522,7.72000000,7.78000000,7.80000000,7.55000000,,171792.87000000,3.21336761,1.03896104,0.08000000,,中天科技
2015-12-30,600522,7.79000000,7.95000000,8.07000000,7.76000000,,195738.70000000,3.89937107,2.18508997,0.17000000,,中天科技
2015-12-31,600522,7.95000000,7.65000000,7.96000000,7.62000000,,200725.55000000,4.44444444,-3.77358491,-0.30000000,,中天科技
2016-01-04,600522,7.67000000,6.91000000,7.73000000,6.77000000,,186538.58000000,13.89290883,-9.67320261,-0.74000000,,中天科技
2016-01-05,600522,6.62000000,7.13000000,7.31000000,6.53000000,,330201.05000000,10.93969144,3.18379161,0.22000000,,中天科技
2016-01-06,600522,7.14000000,7.31000000,7.40000000,6.97000000,,230962.70000000,5.88235294,2.52454418,0.18000000,,中天科技
2016-01-07,600522,7.10000000,6.43000000,7.16000000,6.43000000,,96912.02000000,11.35303266,-12.03830369,-0.88000000,,中天科技
2016-01-08,600522,6.73000000,6.49000000,6.79000000,6.17000000,,227410.48000000,9.55315871,0.93312597,0.06000000,,中天科技
2016-01-11,600522,6.33000000,5.69000000,6.42000000,5.69000000,,239401.60000000,12.82952548,-12.32665639,-0.80000000,,中天科技
2016-01-12,600522,5.66000000,5.74000000,5.82000000,5.43000000,,193545.81000000,6.79442509,0.87873462,0.05000000,,中天科技
2016-01-13,600522,5.81000000,5.18000000,5.81000000,5.17000000,,199415.81000000,12.35521236,-9.75609756,-0.56000000,,中天科技
2016-01-14,600522,4.89000000,5.40000000,5.43000000,4.89000000,,224256.72000000,10.00000000,4.24710425,0.22000000,,中天科技
2016-01-15,600522,5.37000000,5.05000000,5.40000000,4.93000000,,205581.48000000,9.30693069,-6.48148148,-0.35000000,,中天科技
2016-01-18,600522,4.89000000,5.15000000,5.32000000,4.85000000,,161395.89000000,9.12621359,1.98019802,0.10000000,,中天科技
2016-01-19,600522,5.17000000,5.50000000,5.54000000,5.15000000,,216038.60000000,7.09090909,6.79611650,0.35000000,,中天科技
2016-01-20,600522,5.45000000,5.39000000,5.59000000,5.33000000,,202022.54000000,4.82374768,-2.00000000,-0.11000000,,中天科技
2016-01-21,600522,5.28000000,5.05000000,5.48000000,5.04000000,,175991.33000000,8.71287129,-6.30797774,-0.34000000,,中天科技
2016-01-22,600522,5.17000000,5.21000000,5.28000000,4.97000000,,126371.93000000,5.95009597,3.16831683,0.16000000,,中天科技
2016-01-25,600522,5.31000000,5.50000000,5.51000000,5.31000000,,198736.52000000,3.63636364,5.56621881,0.29000000,,中天科技
2016-01-26,600522,5.41000000,5.00000000,5.41000000,4.89000000,,192779.43000000,10.40000000,-9.09090909,-0.50000000,,中天科技
2016-01-27,600522,5.05000000,4.95000000,5.08000000,4.62000000,,231580.56000000,9.29292929,-1.00000000,-0.05000000,,中天科技
2016-01-28,600522,4.83000000,4.59000000,4.94000000,4.57000000,,141489.48000000,8.06100218,-7.27272727,-0.36000000,,中天科技
2016-01-29,600522,4.61000000,4.83000000,4.92000000,4.53000000,,159526.55000000,8.07453416,5.22875817,0.24000000,,中天科技
2016-02-01,600522,4.90000000,4.76000000,5.01000000,4.65000000,,200973.87000000,7.56302521,-1.44927536,-0.07000000,,中天科技
2016-02-02,600522,4.83000000,5.02000000,5.08000000,4.79000000,,176199.30000000,5.77689243,5.46218487,0.26000000,,中天科技
2016-02-03,600522,4.96000000,5.02000000,5.05000000,4.83000000,,150996.88000000,4.38247012,0.00000000,0.00000000,,中天科技
2016-02-04,600522,5.06000000,5.17000000,5.21000000,5.03000000,,190555.51000000,3.48162476,2.98804781,0.15000000,,中天科技
2016-02-05,600522,5.16000000,5.07000000,5.23000000,5.05000000,,122119.41000000,3.55029586,-1.93423598,-0.10000000,,中天科技
2016-02-15,600522,4.81000000,4.96000000,5.03000000,4.81000000,,106246.55000000,4.43548387,-2.16962525,-0.11000000,,中天科技
2016-02-16,600522,4.99000000,5.29000000,5.35000000,4.99000000,,201957.15000000,6.80529301,6.65322581,0.33000000,,中天科技
2016-02-17,600522,5.43000000,5.47000000,5.60000000,5.37000000,,288177.81000000,4.20475320,3.40264650,0.18000000,,中天科技
2016-02-18,600522,5.53000000,5.39000000,5.57000000,5.37000000,,213393.26000000,3.71057514,-1.46252285,-0.08000000,,中天科技
2016-02-19,600522,5.37000000,5.45000000,5.50000000,5.33000000,,160212.23000000,3.11926606,1.11317254,0.06000000,,中天科技
2016-02-22,600522,5.56000000,5.64000000,5.66000000,5.45000000,,211569.39000000,3.72340426,3.48623853,0.19000000,,中天科技
2016-02-23,600522,5.64000000,5.51000000,5.64000000,5.41000000,,167930.15000000,4.17422868,-2.30496454,-0.13000000,,中天科技
2016-02-24,600522,5.45000000,5.51000000,5.55000000,5.36000000,,166070.92000000,3.44827586,0.00000000,0.00000000,,中天科技
2016-02-25,600522,5.54000000,4.87000000,5.59000000,4.81000000,,259789.18000000,16.01642710,-11.61524501,-0.64000000,,中天科技
2016-02-26,600522,4.95000000,5.03000000,5.13000000,4.83000000,,205801.94000000,5.96421471,3.28542094,0.16000000,,中天科技
2016-02-29,600522,5.07000000,4.65000000,5.07000000,4.54000000,,195792.70000000,11.39784946,-7.55467197,-0.38000000,,中天科技
2016-03-01,600522,4.67000000,4.77000000,4.82000000,4.53000000,,145569.40000000,6.07966457,2.58064516,0.12000000,,中天科技
2016-03-02,600522,4.77000000,5.15000000,5.18000000,4.73000000,,213019.64000000,8.73786408,7.96645702,0.38000000,,中天科技
2016-03-03,600522,5.16000000,5.29000000,5.47000000,5.12000000,,299609.77000000,6.61625709,2.71844660,0.14000000,,中天科技
2016-03-04,600522,5.27000000,5.12000000,5.33000000,4.99000000,,212970.89000000,6.64062500,-3.21361059,-0.17000000,,中天科技
2016-03-07,600522,5.22000000,5.59000000,5.61000000,5.22000000,,383957.56000000,6.97674419,9.17968750,0.47000000,,中天科技
2016-03-08,600522,5.51000000,5.55000000,5.59000000,5.29000000,,266012.45000000,5.40540541,-0.71556351,-0.04000000,,中天科技
2016-03-09,600522,5.40000000,5.32000000,5.45000000,5.30000000,,175258.12000000,2.81954887,-4.14414414,-0.23000000,,中天科技
2016-03-10,600522,5.35000000,5.23000000,5.40000000,5.22000000,,125252.08000000,3.44168260,-1.69172932,-0.09000000,,中天科技
2016-03-11,600522,5.19000000,5.31000000,5.35000000,5.09000000,,109973.99000000,4.89642185,1.52963671,0.08000000,,中天科技
2016-03-14,600522,5.41000000,5.51000000,5.63000000,5.37000000,,253946.73000000,4.71869328,3.76647834,0.20000000,,中天科技
2016-03-15,600522,5.45000000,5.51000000,5.55000000,5.37000000,,170099.93000000,3.26678766,0.00000000,0.00000000,,中天科技
2016-03-16,600522,5.52000000,5.32000000,5.55000000,5.31000000,,141708.15000000,4.51127820,-3.44827586,-0.19000000,,中天科技
2016-03-17,600522,5.37000000,5.57000000,5.59000000,5.37000000,,218253.50000000,3.94973070,4.69924812,0.25000000,,中天科技
2016-03-18,600522,5.61000000,5.79000000,5.84000000,5.60000000,,289195.02000000,4.14507772,3.94973070,0.22000000,,中天科技
2016-03-21,600522,5.87000000,5.91000000,6.03000000,5.81000000,,268125.59000000,3.72250423,2.07253886,0.12000000,,中天科技
2016-03-22,600522,5.85000000,5.87000000,5.98000000,5.80000000,,185568.30000000,3.06643952,-0.67681895,-0.04000000,,中天科技
2016-03-23,600522,5.85000000,5.97000000,6.07000000,5.83000000,,186830.04000000,4.02010050,1.70357751,0.10000000,,中天科技
2016-03-24,600522,5.89000000,5.75000000,5.89000000,5.73000000,,201410.23000000,2.78260870,-3.68509213,-0.22000000,,中天科技
2016-03-25,600522,5.77000000,5.81000000,5.82000000,5.72000000,,115162.05000000,1.72117040,1.04347826,0.06000000,,中天科技
2016-03-28,600522,5.87000000,5.79000000,5.97000000,5.75000000,,139774.66000000,3.79965458,-0.34423408,-0.02000000,,中天科技
2016-03-29,600522,5.79000000,5.60000000,5.83000000,5.56000000,,133604.21000000,4.82142857,-3.28151986,-0.19000000,,中天科技
2016-03-30,600522,5.69000000,5.89000000,5.90000000,5.65000000,,151724.64000000,4.24448217,5.17857143,0.29000000,,中天科技
2016-03-31,600522,5.99000000,5.92000000,6.00000000,5.85000000,,152539.65000000,2.53378378,0.50933786,0.03000000,,中天科技
2016-04-01,600522,5.91000000,5.88000000,5.94000000,5.69000000,,129685.49000000,4.25170068,-0.67567568,-0.04000000,,中天科技
2016-04-05,600522,5.85000000,6.13000000,6.16000000,5.83000000,,247851.52000000,5.38336052,4.25170068,0.25000000,,中天科技
2016-04-06,600522,6.09000000,6.13000000,6.18000000,6.04000000,,153032.18000000,2.28384992,0.00000000,0.00000000,,中天科技
2016-04-07,600522,6.16000000,6.13000000,6.26000000,5.99000000,,217648.83000000,4.40456770,0.00000000,0.00000000,,中天科技
2016-04-25,600522,6.79000000,6.14000000,6.79000000,6.09000000,,479955.21000000,11.40065147,0.16313214,0.01000000,,中天科技
2016-04-26,600522,6.14000000,6.60000000,6.67000000,6.02000000,,338688.80000000,9.84848485,7.49185668,0.46000000,,中天科技
2016-04-27,600522,6.64000000,6.96000000,7.29000000,6.52000000,,443977.95000000,11.06321839,5.45454545,0.36000000,,中天科技
2016-04-28,600522,6.89000000,7.17000000,7.24000000,6.73000000,,327532.61000000,7.11297071,3.01724138,0.21000000,,中天科技
2016-04-29,600522,7.13000000,7.07000000,7.19000000,7.00000000,,215409.10000000,2.68741160,-1.39470014,-0.10000000,,中天科技
2016-05-03,600522,7.11000000,7.24000000,7.33000000,7.06000000,,336108.11000000,3.72928177,2.40452617,0.17000000,,中天科技
2016-05-04,600522,7.21000000,7.14000000,7.23000000,7.09000000,,184691.19000000,1.96078431,-1.38121547,-0.10000000,,中天科技
2016-05-05,600522,7.09000000,7.09000000,7.11000000,7.00000000,,209323.01000000,1.55148096,-0.70028011,-0.05000000,,中天科技
2016-05-06,600522,7.17000000,6.91000000,7.33000000,6.89000000,,328649.49000000,6.36758321,-2.53878702,-0.18000000,,中天科技
2016-05-09,600522,6.89000000,6.58000000,6.97000000,6.51000000,,230070.15000000,6.99088146,-4.77568741,-0.33000000,,中天科技
2016-05-10,600522,6.58000000,6.63000000,6.71000000,6.53000000,,135943.43000000,2.71493213,0.75987842,0.05000000,,中天科技
2016-05-11,600522,6.70000000,6.59000000,6.74000000,6.51000000,,148644.93000000,3.49013657,-0.60331825,-0.04000000,,中天科技
2016-05-12,600522,6.45000000,6.80000000,6.87000000,6.37000000,,210374.20000000,7.35294118,3.18664643,0.21000000,,中天科技
2016-05-13,600522,6.75000000,7.05000000,7.13000000,6.73000000,,284393.37000000,5.67375887,3.67647059,0.25000000,,中天科技
2016-05-16,600522,7.01000000,7.15000000,7.18000000,6.90000000,,231330.84000000,3.91608392,1.41843972,0.10000000,,中天科技
2016-05-17,600522,7.21000000,7.01000000,7.21000000,6.96000000,,189195.04000000,3.56633381,-1.95804196,-0.14000000,,中天科技
2016-05-18,600522,6.97000000,6.71000000,6.97000000,6.53000000,,211740.09000000,6.55737705,-4.27960057,-0.30000000,,中天科技
2016-05-19,600522,6.72000000,6.73000000,6.97000000,6.69000000,,171391.15000000,4.16047548,0.29806259,0.02000000,,中天科技
2016-05-20,600522,6.61000000,6.78000000,6.80000000,6.57000000,,125514.83000000,3.39233038,0.74294205,0.05000000,,中天科技
2016-05-23,600522,6.81000000,7.14000000,7.16000000,6.81000000,,252756.64000000,4.90196078,5.30973451,0.36000000,,中天科技
2016-05-24,600522,7.10000000,7.05000000,7.11000000,6.94000000,,159928.07000000,2.41134752,-1.26050420,-0.09000000,,中天科技
2016-05-25,600522,7.16000000,7.02000000,7.32000000,7.01000000,,253548.98000000,4.41595442,-0.42553191,-0.03000000,,中天科技
2016-05-26,600522,7.03000000,7.13000000,7.14000000,6.77000000,,198127.56000000,5.18934081,1.56695157,0.11000000,,中天科技
2016-05-27,600522,7.12000000,7.03000000,7.14000000,6.97000000,,139908.04000000,2.41820768,-1.40252454,-0.10000000,,中天科技
2016-05-30,600522,7.09000000,7.27000000,7.44000000,7.05000000,,360548.12000000,5.36451169,3.41394026,0.24000000,,中天科技
2016-05-31,600522,7.23000000,7.57000000,7.58000000,7.21000000,,474386.84000000,4.88771466,4.12654746,0.30000000,,中天科技
2016-06-01,600522,7.57000000,7.55000000,7.61000000,7.44000000,,361271.86000000,2.25165563,-0.26420079,-0.02000000,,中天科技
2016-06-02,600522,7.56000000,7.57000000,7.60000000,7.47000000,,243210.70000000,1.71730515,0.26490066,0.02000000,,中天科技
2016-06-03,600522,7.57000000,7.67000000,7.80000000,7.54000000,,297380.13000000,3.38983051,1.32100396,0.10000000,,中天科技
2016-06-06,600522,7.68000000,7.73000000,7.94000000,7.65000000,,251607.79000000,3.75161708,0.78226858,0.06000000,,中天科技
2016-06-07,600522,7.77000000,7.75000000,7.77000000,7.64000000,,172088.32000000,1.67741935,0.25873221,0.02000000,,中天科技
2016-06-08,600522,7.70000000,7.68000000,7.79000000,7.54000000,,219333.03000000,3.25520833,-0.90322581,-0.07000000,,中天科技
2016-06-13,600522,7.53000000,7.29000000,7.89000000,7.29000000,,306650.05000000,8.23045267,-5.07812500,-0.39000000,,中天科技
2016-06-14,600522,7.28000000,7.43000000,7.45000000,7.25000000,,181111.19000000,2.69179004,1.92043896,0.14000000,,中天科技
2016-06-15,600522,7.32000000,7.99000000,8.12000000,7.29000000,,412944.31000000,10.38798498,7.53701211,0.56000000,,中天科技
2016-06-16,600522,7.99000000,7.92000000,8.08000000,7.87000000,,237941.27000000,2.65151515,-0.87609512,-0.07000000,,中天科技
2016-06-17,600522,7.93000000,8.05000000,8.13000000,7.93000000,,249654.92000000,2.48447205,1.64141414,0.13000000,,中天科技
2016-06-20,600522,8.19000000,8.03000000,8.19000000,7.97000000,,243379.39000000,2.73972603,-0.24844720,-0.02000000,,中天科技
2016-06-21,600522,8.09000000,7.81000000,8.16000000,7.77000000,,270977.59000000,4.99359795,-2.73972603,-0.22000000,,中天科技
2016-06-22,600522,7.91000000,7.93000000,7.99000000,7.63000000,,278495.20000000,4.53972257,1.53649168,0.12000000,,中天科技
2016-06-23,600522,7.92000000,8.28000000,8.39000000,7.86000000,,435627.95000000,6.40096618,4.41361917,0.35000000,,中天科技
2016-06-24,600522,8.21000000,8.06000000,8.35000000,7.77000000,,327606.12000000,7.19602978,-2.65700483,-0.22000000,,中天科技
2016-06-27,600522,8.03000000,8.41000000,8.46000000,8.03000000,,283366.23000000,5.11296076,4.34243176,0.35000000,,中天科技
2016-06-28,600522,8.36000000,8.39000000,8.47000000,8.26000000,,267965.24000000,2.50297974,-0.23781213,-0.02000000,,中天科技
2016-06-29,600522,8.41000000,8.23000000,8.43000000,8.22000000,,261511.66000000,2.55164034,-1.90703218,-0.16000000,,中天科技
2016-06-30,600522,8.33000000,8.33000000,8.77000000,8.29000000,,550443.41000000,5.76230492,1.21506683,0.10000000,,中天科技
2016-07-01,600522,8.15000000,8.02000000,8.21000000,7.96000000,,700784.15000000,3.11720698,-3.72148860,-0.31000000,,中天科技
2016-07-04,600522,7.88000000,8.14000000,8.22000000,7.81000000,,495399.05000000,5.03685504,1.49625935,0.12000000,,中天科技
2016-07-05,600522,8.17000000,8.11000000,8.21000000,8.07000000,,394763.53000000,1.72626387,-0.36855037,-0.03000000,,中天科技
2016-07-06,600522,8.06000000,8.09000000,8.22000000,8.02000000,,350737.77000000,2.47218789,-0.24660912,-0.02000000,,中天科技
2016-07-07,600522,8.04000000,7.94000000,8.07000000,7.85000000,,530556.84000000,2.77078086,-1.85414091,-0.15000000,,中天科技
2016-07-08,600522,8.01000000,8.32000000,8.45000000,7.95000000,,914746.64000000,6.00961538,4.78589421,0.38000000,,中天科技
2016-07-11,600522,8.36000000,8.29000000,8.41000000,8.23000000,,572813.60000000,2.17129071,-0.36057692,-0.03000000,,中天科技
2016-07-12,600522,8.33000000,8.30000000,8.34000000,8.04000000,,508125.15000000,3.61445783,0.12062726,0.01000000,,中天科技
2016-07-13,600522,8.34000000,8.32000000,8.39000000,8.25000000,,394616.88000000,1.68269231,0.24096386,0.02000000,,中天科技
2016-07-14,600522,8.32000000,8.73000000,8.80000000,8.26000000,,1122840.05000000,6.18556701,4.92788462,0.41000000,,中天科技
2016-07-15,600522,8.73000000,9.50000000,9.74000000,8.65000000,,1560349.52000000,11.47368421,8.82016037,0.77000000,,中天科技
2016-07-18,600522,9.53000000,9.85000000,10.26000000,9.52000000,,1669646.50000000,7.51269036,3.68421053,0.35000000,,中天科技
2016-07-19,600522,9.83000000,9.91000000,10.03000000,9.59000000,,1144028.01000000,4.43995964,0.60913706,0.06000000,,中天科技
2016-07-20,600522,9.83000000,9.78000000,9.97000000,9.70000000,,689564.96000000,2.76073620,-1.31180626,-0.13000000,,中天科技
2016-07-21,600522,9.79000000,10.90000000,10.91000000,9.79000000,,2737746.75000000,10.27522936,11.45194274,1.12000000,,中天科技
2016-07-22,600522,10.74000000,10.75000000,10.87000000,10.43000000,,1910601.06000000,4.09302326,-1.37614679,-0.15000000,,中天科技
2016-07-25,600522,10.79000000,10.61000000,11.09000000,10.43000000,,1534668.63000000,6.22054665,-1.30232558,-0.14000000,,中天科技
2016-07-26,600522,10.57000000,10.68000000,10.91000000,10.34000000,,1096049.60000000,5.33707865,0.65975495,0.07000000,,中天科技
2016-07-27,600522,10.55000000,9.89000000,10.78000000,9.66000000,,1458961.74000000,11.32457027,-7.39700375,-0.79000000,,中天科技
2016-07-28,600522,9.88000000,10.21000000,10.34000000,9.69000000,,958623.10000000,6.36630754,3.23559151,0.32000000,,中天科技
2016-07-29,600522,10.45000000,10.04000000,10.52000000,9.98000000,,753398.85000000,5.37848606,-1.66503428,-0.17000000,,中天科技
2016-08-01,600522,9.82000000,9.83000000,9.99000000,9.37000000,,870228.28000000,6.30722279,-2.09163347,-0.21000000,,中天科技
2016-08-02,600522,9.73000000,10.63000000,10.68000000,9.68000000,,1094881.13000000,9.40733772,8.13835198,0.80000000,,中天科技
2016-08-03,600522,10.63000000,10.94000000,11.09000000,10.46000000,,1537521.58000000,5.75868373,2.91627469,0.31000000,,中天科技
2016-08-04,600522,10.86000000,10.85000000,11.21000000,10.69000000,,1237184.79000000,4.79262673,-0.82266910,-0.09000000,,中天科技
2016-08-05,600522,10.76000000,10.53000000,10.88000000,10.49000000,,1046907.06000000,3.70370370,-2.94930876,-0.32000000,,中天科技
2016-08-08,600522,10.46000000,10.96000000,11.02000000,10.30000000,,1029530.84000000,6.56934307,4.08357075,0.43000000,,中天科技
2016-08-09,600522,10.88000000,11.29000000,11.47000000,10.84000000,,1506749.74000000,5.58015943,3.01094891,0.33000000,,中天科技
2016-08-10,600522,11.23000000,11.33000000,11.59000000,11.09000000,,1327676.89000000,4.41306267,0.35429584,0.04000000,,中天科技
2016-08-11,600522,11.32000000,11.19000000,11.58000000,11.17000000,,1132418.81000000,3.66398570,-1.23565755,-0.14000000,,中天科技
2016-08-12,600522,11.17000000,11.12000000,11.31000000,10.89000000,,1039048.86000000,3.77697842,-0.62555853,-0.07000000,,中天科技
2016-08-15,600522,11.29000000,11.67000000,11.83000000,11.04000000,,1478058.45000000,6.76949443,4.94604317,0.55000000,,中天科技
2016-08-16,600522,11.54000000,11.19000000,11.56000000,11.18000000,,1653431.47000000,3.39588919,-4.11311054,-0.48000000,,中天科技
2016-08-17,600522,11.17000000,11.27000000,11.40000000,11.06000000,,728218.60000000,3.01685892,0.71492404,0.08000000,,中天科技
2016-08-18,600522,11.28000000,11.27000000,11.58000000,11.18000000,,896027.21000000,3.54924579,0.00000000,0.00000000,,中天科技
2016-08-19,600522,11.31000000,10.96000000,11.31000000,10.91000000,,857109.02000000,3.64963504,-2.75066548,-0.31000000,,中天科技
2016-08-22,600522,10.97000000,10.77000000,11.07000000,10.74000000,,521999.85000000,3.06406685,-1.73357664,-0.19000000,,中天科技
2016-08-23,600522,10.71000000,10.70000000,10.84000000,10.59000000,,503657.08000000,2.33644860,-0.64995357,-0.07000000,,中天科技
2016-08-24,600522,10.72000000,10.92000000,11.04000000,10.72000000,,569836.75000000,2.93040293,2.05607477,0.22000000,,中天科技
2016-08-25,600522,10.84000000,10.74000000,10.85000000,10.59000000,,499885.07000000,2.42085661,-1.64835165,-0.18000000,,中天科技
2016-08-26,600522,10.80000000,10.81000000,11.10000000,10.75000000,,569557.28000000,3.23774283,0.65176909,0.07000000,,中天科技
2016-08-29,600522,10.72000000,10.80000000,11.02000000,10.69000000,,399285.97000000,3.05555556,-0.09250694,-0.01000000,,中天科技
2016-08-30,600522,10.78000000,10.68000000,10.85000000,10.63000000,,443271.71000000,2.05992509,-1.11111111,-0.12000000,,中天科技
2016-08-31,600522,10.70000000,10.75000000,10.77000000,10.64000000,,355453.31000000,1.20930233,0.65543071,0.07000000,,中天科技
2016-09-01,600522,10.75000000,10.70000000,10.90000000,10.64000000,,501483.56000000,2.42990654,-0.46511628,-0.05000000,,中天科技
2016-09-02,600522,10.70000000,10.31000000,10.76000000,10.26000000,,728300.32000000,4.84966052,-3.64485981,-0.39000000,,中天科技
2016-09-05,600522,10.27000000,10.23000000,10.48000000,10.19000000,,432185.96000000,2.83479961,-0.77594568,-0.08000000,,中天科技
2016-09-06,600522,10.27000000,10.63000000,10.68000000,9.96000000,,908269.45000000,6.77328316,3.91006843,0.40000000,,中天科技
2016-09-07,600522,10.58000000,10.43000000,10.68000000,10.40000000,,471401.44000000,2.68456376,-1.88146754,-0.20000000,,中天科技
2016-09-08,600522,10.38000000,10.53000000,10.64000000,10.38000000,,373011.98000000,2.46913580,0.95877277,0.10000000,,中天科技
2016-09-09,600522,10.51000000,10.56000000,10.78000000,10.50000000,,604642.69000000,2.65151515,0.28490028,0.03000000,,中天科技
2016-09-12,600522,10.25000000,10.12000000,10.40000000,10.06000000,,487808.80000000,3.35968379,-4.16666667,-0.44000000,,中天科技
2016-09-13,600522,10.28000000,10.18000000,10.30000000,10.01000000,,394115.57000000,2.84872299,0.59288538,0.06000000,,中天科技
2016-09-14,600522,10.04000000,10.09000000,10.30000000,10.00000000,,302964.61000000,2.97324083,-0.88408644,-0.09000000,,中天科技
2016-09-19,600522,10.22000000,10.17000000,10.30000000,10.14000000,,248692.55000000,1.57325467,0.79286422,0.08000000,,中天科技
2016-09-20,600522,10.14000000,9.94000000,10.19000000,9.88000000,,425529.38000000,3.11871227,-2.26155359,-0.23000000,,中天科技
2016-09-21,600522,10.01000000,9.87000000,10.09000000,9.85000000,,368958.79000000,2.43161094,-0.70422535,-0.07000000,,中天科技
2016-09-22,600522,9.98000000,9.74000000,9.99000000,9.68000000,,587796.08000000,3.18275154,-1.31712259,-0.13000000,,中天科技
2016-09-23,600522,9.76000000,9.40000000,9.80000000,9.36000000,,634024.91000000,4.68085106,-3.49075975,-0.34000000,,中天科技
2016-09-26,600522,9.37000000,9.14000000,9.37000000,9.05000000,,527198.35000000,3.50109409,-2.76595745,-0.26000000,,中天科技
2016-09-27,600522,9.09000000,9.29000000,9.31000000,9.09000000,,343764.26000000,2.36813778,1.64113786,0.15000000,,中天科技
2016-09-28,600522,9.31000000,9.17000000,9.32000000,9.14000000,,190678.76000000,1.96292257,-1.29171152,-0.12000000,,中天科技
2016-09-29,600522,9.20000000,9.18000000,9.29000000,9.16000000,,240419.79000000,1.41612200,0.10905125,0.01000000,,中天科技
2016-09-30,600522,9.25000000,9.47000000,9.52000000,9.21000000,,404331.30000000,3.27349525,3.15904139,0.29000000,,中天科技
2016-10-10,600522,9.58000000,9.82000000,9.89000000,9.58000000,,455433.49000000,3.15682281,3.69588173,0.35000000,,中天科技
2016-10-11,600522,9.96000000,9.92000000,10.10000000,9.85000000,,526566.05000000,2.52016129,1.01832994,0.10000000,,中天科技
2016-10-12,600522,9.86000000,9.91000000,9.98000000,9.79000000,,283773.02000000,1.91725530,-0.10080645,-0.01000000,,中天科技
2016-10-13,600522,9.97000000,9.83000000,9.97000000,9.80000000,,276158.88000000,1.72939980,-0.80726539,-0.08000000,,中天科技
2016-10-14,600522,9.82000000,9.68000000,9.83000000,9.59000000,,346501.16000000,2.47933884,-1.52594100,-0.15000000,,中天科技
2016-10-17,600522,9.73000000,9.69000000,9.90000000,9.63000000,,327559.42000000,2.78637771,0.10330579,0.01000000,,中天科技
2016-10-18,600522,9.73000000,9.84000000,9.85000000,9.65000000,,283068.22000000,2.03252033,1.54798762,0.15000000,,中天科技
2016-10-19,600522,9.88000000,9.76000000,9.93000000,9.72000000,,282821.54000000,2.15163934,-0.81300813,-0.08000000,,中天科技
2016-10-20,600522,9.78000000,9.69000000,9.78000000,9.63000000,,256963.28000000,1.54798762,-0.71721311,-0.07000000,,中天科技
2016-10-21,600522,9.70000000,9.63000000,9.72000000,9.54000000,,237159.34000000,1.86915888,-0.61919505,-0.06000000,,中天科技
2016-10-24,600522,9.64000000,9.73000000,9.81000000,9.58000000,,301792.83000000,2.36382323,1.03842160,0.10000000,,中天科技
2016-10-25,600522,9.76000000,9.72000000,9.79000000,9.69000000,,187952.33000000,1.02880658,-0.10277492,-0.01000000,,中天科技
2016-10-26,600522,9.77000000,9.77000000,9.78000000,9.65000000,,241424.14000000,1.33060389,0.51440329,0.05000000,,中天科技
2016-10-27,600522,9.78000000,9.64000000,9.80000000,9.61000000,,224922.66000000,1.97095436,-1.33060389,-0.13000000,,中天科技
2016-10-28,600522,9.68000000,9.57000000,9.70000000,9.56000000,,212860.94000000,1.46290491,-0.72614108,-0.07000000,,中天科技
2016-10-31,600522,9.54000000,9.33000000,9.55000000,9.28000000,,367914.45000000,2.89389068,-2.50783699,-0.24000000,,中天科技
2016-11-01,600522,9.34000000,9.41000000,9.49000000,9.33000000,,204348.62000000,1.70031881,0.85744909,0.08000000,,中天科技
2016-11-02,600522,9.42000000,9.26000000,9.45000000,9.25000000,,233835.44000000,2.15982721,-1.59404888,-0.15000000,,中天科技
2016-11-03,600522,9.23000000,9.27000000,9.37000000,9.19000000,,223538.29000000,1.94174757,0.10799136,0.01000000,,中天科技
2016-11-04,600522,9.23000000,9.26000000,9.37000000,9.23000000,,200475.90000000,1.51187905,-0.10787487,-0.01000000,,中天科技
2016-11-07,600522,9.28000000,9.52000000,9.52000000,9.26000000,,381396.81000000,2.73109244,2.80777538,0.26000000,,中天科技
2016-11-08,600522,9.74000000,9.50000000,9.81000000,9.45000000,,351171.26000000,3.78947368,-0.21008403,-0.02000000,,中天科技
2016-11-09,600522,9.53000000,9.34000000,9.58000000,9.20000000,,337385.76000000,4.06852248,-1.68421053,-0.16000000,,中天科技
2016-11-10,600522,9.43000000,9.45000000,9.52000000,9.38000000,,252158.69000000,1.48148148,1.17773019,0.11000000,,中天科技
2016-11-11,600522,9.45000000,9.55000000,9.59000000,9.39000000,,283924.07000000,2.09424084,1.05820106,0.10000000,,中天科技
2016-11-14,600522,9.55000000,9.55000000,9.63000000,9.46000000,,286344.34000000,1.78010471,0.00000000,0.00000000,,中天科技
2016-11-15,600522,9.61000000,9.83000000,9.85000000,9.58000000,,645094.65000000,2.74669379,2.93193717,0.28000000,,中天科技
2016-11-16,600522,9.87000000,9.74000000,9.88000000,9.70000000,,297375.32000000,1.84804928,-0.91556460,-0.09000000,,中天科技
2016-11-17,600522,9.78000000,9.70000000,9.78000000,9.67000000,,188977.65000000,1.13402062,-0.41067762,-0.04000000,,中天科技
2016-11-18,600522,9.70000000,9.63000000,9.79000000,9.61000000,,248046.08000000,1.86915888,-0.72164948,-0.07000000,,中天科技
2016-11-21,600522,9.63000000,9.65000000,9.72000000,9.61000000,,208269.62000000,1.13989637,0.20768432,0.02000000,,中天科技
2016-11-22,600522,9.66000000,9.67000000,9.70000000,9.59000000,,240392.55000000,1.13753878,0.20725389,0.02000000,,中天科技
2016-11-23,600522,9.67000000,9.66000000,9.72000000,9.60000000,,237305.75000000,1.24223602,-0.10341262,-0.01000000,,中天科技
2016-11-24,600522,9.67000000,9.59000000,9.69000000,9.56000000,,214655.40000000,1.35557873,-0.72463768,-0.07000000,,中天科技
2016-11-25,600522,9.61000000,9.63000000,9.65000000,9.37000000,,268812.74000000,2.90758048,0.41710115,0.04000000,,中天科技
2016-11-28,600522,9.63000000,9.69000000,9.77000000,9.61000000,,337841.70000000,1.65118679,0.62305296,0.06000000,,中天科技
2016-11-29,600522,9.67000000,9.77000000,9.83000000,9.64000000,,415155.68000000,1.94472876,0.82559340,0.08000000,,中天科技
2016-11-30,600522,9.73000000,10.16000000,10.27000000,9.70000000,,1055893.78000000,5.61023622,3.99181167,0.39000000,,中天科技
2016-12-01,600522,10.23000000,10.17000000,10.40000000,9.99000000,,738902.12000000,4.03146509,0.09842520,0.01000000,,中天科技
2016-12-02,600522,10.18000000,9.84000000,10.20000000,9.83000000,,412688.70000000,3.76016260,-3.24483776,-0.33000000,,中天科技
2016-12-05,600522,9.73000000,9.84000000,10.00000000,9.69000000,,297494.12000000,3.15040650,0.00000000,0.00000000,,中天科技
2016-12-06,600522,9.85000000,9.72000000,9.92000000,9.66000000,,325884.47000000,2.67489712,-1.21951220,-0.12000000,,中天科技
2016-12-07,600522,9.73000000,9.82000000,9.87000000,9.71000000,,221328.33000000,1.62932790,1.02880658,0.10000000,,中天科技
2016-12-08,600522,9.86000000,9.86000000,9.98000000,9.78000000,,250820.05000000,2.02839757,0.40733198,0.04000000,,中天科技
2016-12-09,600522,9.86000000,9.73000000,9.93000000,9.71000000,,222106.31000000,2.26104830,-1.31845842,-0.13000000,,中天科技
2016-12-12,600522,9.76000000,9.22000000,9.81000000,9.19000000,,416454.10000000,6.72451193,-5.24152107,-0.51000000,,中天科技
2016-12-13,600522,9.20000000,9.24000000,9.32000000,9.13000000,,200172.30000000,2.05627706,0.21691974,0.02000000,,中天科技
2016-12-14,600522,9.24000000,8.83000000,9.28000000,8.82000000,,300045.47000000,5.20951302,-4.43722944,-0.41000000,,中天科技
2016-12-15,600522,8.87000000,9.19000000,9.51000000,8.87000000,,389873.66000000,6.96409140,4.07701019,0.36000000,,中天科技
2016-12-16,600522,9.25000000,9.25000000,9.27000000,9.09000000,,178425.91000000,1.94594595,0.65288357,0.06000000,,中天科技
2016-12-19,600522,9.28000000,9.28000000,9.30000000,9.14000000,,137255.17000000,1.72413793,0.32432432,0.03000000,,中天科技
2016-12-20,600522,9.35000000,9.25000000,9.38000000,9.18000000,,189017.67000000,2.16216216,-0.32327586,-0.03000000,,中天科技
2016-12-21,600522,9.33000000,9.30000000,9.37000000,9.27000000,,124710.60000000,1.07526882,0.54054054,0.05000000,,中天科技
2016-12-22,600522,9.33000000,9.21000000,9.33000000,9.19000000,,103585.72000000,1.52008686,-0.96774194,-0.09000000,,中天科技
2016-12-23,600522,9.28000000,9.21000000,9.32000000,9.11000000,,177121.44000000,2.28013029,0.00000000,0.00000000,,中天科技
2016-12-26,600522,9.22000000,9.15000000,9.22000000,8.95000000,,131414.03000000,2.95081967,-0.65146580,-0.06000000,,中天科技
2016-12-27,600522,9.16000000,9.03000000,9.19000000,8.99000000,,153258.01000000,2.21483942,-1.31147541,-0.12000000,,中天科技
2016-12-28,600522,9.04000000,8.96000000,9.10000000,8.93000000,,121381.33000000,1.89732143,-0.77519380,-0.07000000,,中天科技
2016-12-29,600522,9.08000000,8.96000000,9.12000000,8.95000000,,121976.18000000,1.89732143,0.00000000,0.00000000,,中天科技
2016-12-30,600522,9.03000000,9.06000000,9.10000000,8.97000000,,132118.95000000,1.43487859,1.11607143,0.10000000,,中天科技
2017-01-03,600522,9.07000000,9.16000000,9.17000000,9.06000000,,136107.43000000,1.20087336,1.10375276,0.10000000,,中天科技
2017-01-04,600522,9.22000000,9.58000000,9.61000000,9.18000000,,512062.86000000,4.48851775,4.58515284,0.42000000,,中天科技
2017-01-05,600522,9.60000000,9.52000000,9.60000000,9.44000000,,218772.29000000,1.68067227,-0.62630480,-0.06000000,,中天科技
2017-01-06,600522,9.77000000,9.68000000,9.93000000,9.65000000,,518953.16000000,2.89256198,1.68067227,0.16000000,,中天科技
2017-01-09,600522,9.76000000,9.71000000,9.79000000,9.57000000,,254679.26000000,2.26570546,0.30991736,0.03000000,,中天科技
2017-01-10,600522,9.75000000,9.55000000,9.75000000,9.54000000,,228735.74000000,2.19895288,-1.64778579,-0.16000000,,中天科技
2017-01-11,600522,9.67000000,9.55000000,9.67000000,9.48000000,,213278.43000000,1.98952880,0.00000000,0.00000000,,中天科技
2017-01-12,600522,9.56000000,9.52000000,9.66000000,9.48000000,,151464.14000000,1.89075630,-0.31413613,-0.03000000,,中天科技
2017-01-13,600522,9.56000000,9.56000000,9.69000000,9.50000000,,276840.77000000,1.98744770,0.42016807,0.04000000,,中天科技
2017-01-16,600522,9.74000000,9.72000000,9.78000000,9.36000000,,624366.32000000,4.32098765,1.67364017,0.16000000,,中天科技
2017-01-17,600522,9.68000000,9.94000000,9.95000000,9.59000000,,467304.35000000,3.62173038,2.26337449,0.22000000,,中天科技
2017-01-18,600522,9.90000000,9.84000000,10.09000000,9.82000000,,399747.02000000,2.74390244,-1.00603622,-0.10000000,,中天科技
2017-01-19,600522,9.84000000,9.76000000,9.95000000,9.72000000,,260898.49000000,2.35655738,-0.81300813,-0.08000000,,中天科技
2017-01-20,600522,9.77000000,9.89000000,9.90000000,9.70000000,,267542.71000000,2.02224469,1.33196721,0.13000000,,中天科技
2017-01-23,600522,9.97000000,9.90000000,9.98000000,9.79000000,,280892.38000000,1.91919192,0.10111223,0.01000000,,中天科技
2017-01-24,600522,9.89000000,9.80000000,9.90000000,9.74000000,,210940.07000000,1.63265306,-1.01010101,-0.10000000,,中天科技
2017-01-25,600522,9.76000000,9.73000000,9.80000000,9.65000000,,178470.90000000,1.54162384,-0.71428571,-0.07000000,,中天科技
2017-01-26,600522,9.77000000,9.75000000,9.81000000,9.74000000,,147799.72000000,0.71794872,0.20554985,0.02000000,,中天科技
2017-02-03,600522,9.73000000,9.78000000,9.81000000,9.71000000,,139020.01000000,1.02249489,0.30769231,0.03000000,,中天科技
2017-02-06,600522,9.85000000,9.91000000,9.94000000,9.71000000,,316972.96000000,2.32088799,1.32924335,0.13000000,,中天科技
2017-02-07,600522,9.95000000,9.91000000,9.95000000,9.85000000,,216141.24000000,1.00908174,0.00000000,0.00000000,,中天科技
2017-02-08,600522,9.91000000,9.87000000,9.91000000,9.75000000,,205993.05000000,1.62107396,-0.40363269,-0.04000000,,中天科技
2017-02-09,600522,9.84000000,9.97000000,10.01000000,9.82000000,,352976.13000000,1.90571715,1.01317123,0.10000000,,中天科技
2017-02-10,600522,9.92000000,9.86000000,10.01000000,9.84000000,,337751.12000000,1.72413793,-1.10330993,-0.11000000,,中天科技
2017-02-13,600522,9.82000000,9.76000000,9.85000000,9.75000000,,324708.41000000,1.02459016,-1.01419878,-0.10000000,,中天科技
2017-02-14,600522,9.93000000,9.82000000,9.98000000,9.76000000,,264191.00000000,2.24032587,0.61475410,0.06000000,,中天科技
2017-02-15,600522,9.86000000,9.65000000,9.86000000,9.64000000,,277380.34000000,2.27979275,-1.73116090,-0.17000000,,中天科技
2017-02-16,600522,9.65000000,9.62000000,9.67000000,9.52000000,,324912.04000000,1.55925156,-0.31088083,-0.03000000,,中天科技
2017-02-17,600522,9.63000000,9.62000000,9.70000000,9.55000000,,234517.99000000,1.55925156,0.00000000,0.00000000,,中天科技
2017-02-20,600522,9.63000000,9.72000000,9.75000000,9.60000000,,216673.53000000,1.54320988,1.03950104,0.10000000,,中天科技
2017-02-21,600522,9.80000000,9.76000000,9.81000000,9.72000000,,222300.20000000,0.92213115,0.41152263,0.04000000,,中天科技
2017-02-22,600522,9.75000000,9.87000000,9.92000000,9.70000000,,343876.57000000,2.22897670,1.12704918,0.11000000,,中天科技
2017-02-23,600522,9.87000000,9.78000000,9.87000000,9.75000000,,223900.95000000,1.22699387,-0.91185410,-0.09000000,,中天科技
2017-02-24,600522,9.78000000,9.71000000,9.78000000,9.68000000,,183420.35000000,1.02986612,-0.71574642,-0.07000000,,中天科技
2017-02-27,600522,9.71000000,9.62000000,9.73000000,9.62000000,,183531.13000000,1.14345114,-0.92687951,-0.09000000,,中天科技
2017-02-28,600522,9.62000000,9.66000000,9.68000000,9.60000000,,141537.72000000,0.82815735,0.41580042,0.04000000,,中天科技
2017-03-01,600522,9.67000000,9.62000000,9.68000000,9.58000000,,172773.37000000,1.03950104,-0.41407867,-0.04000000,,中天科技
2017-03-02,600522,9.65000000,9.45000000,9.67000000,9.43000000,,263221.41000000,2.53968254,-1.76715177,-0.17000000,,中天科技
2017-03-03,600522,9.45000000,9.51000000,9.56000000,9.45000000,,151518.05000000,1.15667718,0.63492063,0.06000000,,中天科技
2017-03-06,600522,9.51000000,9.73000000,9.76000000,9.49000000,,332677.67000000,2.77492292,2.31335436,0.22000000,,中天科技
2017-03-07,600522,9.73000000,9.65000000,9.75000000,9.61000000,,166816.79000000,1.45077720,-0.82219938,-0.08000000,,中天科技
2017-03-08,600522,9.66000000,9.54000000,9.67000000,9.50000000,,201626.37000000,1.78197065,-1.13989637,-0.11000000,,中天科技
2017-03-09,600522,9.55000000,9.60000000,9.62000000,9.36000000,,314922.18000000,2.70833333,0.62893082,0.06000000,,中天科技
2017-03-10,600522,9.54000000,9.64000000,9.72000000,9.51000000,,307350.86000000,2.17842324,0.41666667,0.04000000,,中天科技
2017-03-13,600522,9.61000000,9.99000000,10.01000000,9.60000000,,887386.29000000,4.10410410,3.63070539,0.35000000,,中天科技
2017-03-14,600522,9.97000000,10.02000000,10.06000000,9.86000000,,572814.27000000,1.99600798,0.30030030,0.03000000,,中天科技
2017-03-15,600522,9.95000000,9.97000000,10.05000000,9.91000000,,331371.02000000,1.40421264,-0.49900200,-0.05000000,,中天科技
2017-03-16,600522,9.97000000,10.16000000,10.25000000,9.95000000,,668427.79000000,2.95275591,1.90571715,0.19000000,,中天科技
2017-03-17,600522,10.17000000,9.91000000,10.22000000,9.87000000,,488530.73000000,3.53178607,-2.46062992,-0.25000000,,中天科技
2017-03-20,600522,10.07000000,9.97000000,10.10000000,9.89000000,,243756.48000000,2.10631896,0.60544904,0.06000000,,中天科技
2017-03-21,600522,9.99000000,10.29000000,10.34000000,9.93000000,,782036.28000000,3.98445092,3.20962889,0.32000000,,中天科技
2017-03-22,600522,10.20000000,10.27000000,10.31000000,10.11000000,,513749.31000000,1.94741967,-0.19436346,-0.02000000,,中天科技
2017-03-23,600522,10.28000000,10.27000000,10.36000000,10.05000000,,456067.25000000,3.01850049,0.00000000,0.00000000,,中天科技
2017-03-24,600522,10.28000000,10.60000000,10.75000000,10.16000000,,1129788.42000000,5.56603774,3.21324245,0.33000000,,中天科技
2017-03-27,600522,10.60000000,10.54000000,10.93000000,10.49000000,,769887.29000000,4.17457306,-0.56603774,-0.06000000,,中天科技
2017-03-28,600522,10.51000000,10.63000000,10.70000000,10.45000000,,452687.38000000,2.35183443,0.85388994,0.09000000,,中天科技
2017-03-29,600522,10.72000000,10.45000000,10.74000000,10.43000000,,389172.94000000,2.96650718,-1.69332079,-0.18000000,,中天科技
2017-03-30,600522,10.44000000,10.22000000,10.48000000,10.13000000,,507043.86000000,3.42465753,-2.20095694,-0.23000000,,中天科技
2017-03-31,600522,10.23000000,10.32000000,10.37000000,10.16000000,,436389.76000000,2.03488372,0.97847358,0.10000000,,中天科技
2017-04-05,600522,10.28000000,10.51000000,10.56000000,10.18000000,,440065.18000000,3.61560419,1.84108527,0.19000000,,中天科技
2017-04-06,600522,10.46000000,10.48000000,10.67000000,10.42000000,,370655.51000000,2.38549618,-0.28544244,-0.03000000,,中天科技
2017-04-07,600522,10.50000000,10.59000000,10.63000000,10.43000000,,415613.84000000,1.88857413,1.04961832,0.11000000,,中天科技
2017-04-10,600522,10.58000000,10.35000000,10.68000000,10.34000000,,363122.24000000,3.28502415,-2.26628895,-0.24000000,,中天科技
2017-04-11,600522,10.33000000,10.30000000,10.41000000,10.08000000,,472580.96000000,3.20388350,-0.48309179,-0.05000000,,中天科技
2017-04-12,600522,10.36000000,10.14000000,10.38000000,10.11000000,,307200.76000000,2.66272189,-1.55339806,-0.16000000,,中天科技
2017-04-13,600522,10.13000000,10.17000000,10.29000000,10.12000000,,225714.12000000,1.67158309,0.29585799,0.03000000,,中天科技
2017-04-14,600522,10.14000000,9.89000000,10.19000000,9.85000000,,342878.39000000,3.43781598,-2.75319567,-0.28000000,,中天科技
2017-04-17,600522,9.90000000,9.96000000,9.99000000,9.83000000,,198294.93000000,1.60642570,0.70778564,0.07000000,,中天科技
2017-04-18,600522,9.96000000,10.00000000,10.18000000,9.93000000,,249181.08000000,2.50000000,0.40160643,0.04000000,,中天科技
2017-04-19,600522,9.94000000,10.03000000,10.10000000,9.78000000,,263361.26000000,3.19042871,0.30000000,0.03000000,,中天科技
2017-04-20,600522,10.08000000,10.24000000,10.28000000,10.03000000,,421549.26000000,2.44140625,2.09371884,0.21000000,,中天科技
2017-04-21,600522,10.27000000,10.26000000,10.32000000,10.13000000,,323093.87000000,1.85185185,0.19531250,0.02000000,,中天科技
2017-04-24,600522,10.16000000,10.20000000,10.28000000,9.91000000,,339801.10000000,3.62745098,-0.58479532,-0.06000000,,中天科技
2017-04-25,600522,10.10000000,10.07000000,10.20000000,10.02000000,,199469.40000000,1.78748759,-1.27450980,-0.13000000,,中天科技
2017-04-26,600522,9.84000000,9.04000000,9.92000000,8.92000000,,1158154.94000000,11.06194690,-10.22840119,-1.03000000,,中天科技
2017-04-27,600522,8.94000000,9.04000000,9.12000000,8.76000000,,334408.53000000,3.98230088,0.00000000,0.00000000,,中天科技
2017-04-28,600522,9.15000000,9.16000000,9.31000000,9.12000000,,266545.36000000,2.07423581,1.32743363,0.12000000,,中天科技
2017-05-02,600522,9.15000000,8.98000000,9.20000000,8.86000000,,271697.47000000,3.78619154,-1.96506550,-0.18000000,,中天科技
2017-05-03,600522,8.91000000,9.19000000,9.29000000,8.88000000,,308642.36000000,4.46137106,2.33853007,0.21000000,,中天科技
2017-05-04,600522,9.11000000,9.12000000,9.17000000,8.90000000,,316772.16000000,2.96052632,-0.76169750,-0.07000000,,中天科技
2017-05-05,600522,9.04000000,9.10000000,9.12000000,8.92000000,,302986.30000000,2.19780220,-0.21929825,-0.02000000,,中天科技
2017-05-08,600522,9.04000000,9.18000000,9.20000000,8.95000000,,298714.88000000,2.72331155,0.87912088,0.08000000,,中天科技
2017-05-09,600522,9.11000000,9.09000000,9.17000000,9.02000000,,157200.35000000,1.65016502,-0.98039216,-0.09000000,,中天科技
2017-05-10,600522,9.12000000,9.07000000,9.28000000,9.01000000,,270252.27000000,2.97684675,-0.22002200,-0.02000000,,中天科技
2017-05-11,600522,9.08000000,9.16000000,9.21000000,8.98000000,,318841.29000000,2.51091703,0.99228225,0.09000000,,中天科技
2017-05-12,600522,9.24000000,9.14000000,9.32000000,9.11000000,,276839.65000000,2.29759300,-0.21834061,-0.02000000,,中天科技
2017-05-15,600522,9.24000000,9.32000000,9.38000000,9.19000000,,330449.46000000,2.03862661,1.96936543,0.18000000,,中天科技
2017-05-16,600522,9.33000000,9.45000000,9.46000000,9.16000000,,302242.15000000,3.17460317,1.39484979,0.13000000,,中天科技
2017-05-17,600522,9.48000000,9.46000000,9.70000000,9.44000000,,354161.40000000,2.74841438,0.10582011,0.01000000,,中天科技
2017-05-18,600522,9.34000000,9.43000000,9.50000000,9.33000000,,143609.59000000,1.80275716,-0.31712474,-0.03000000,,中天科技
2017-05-19,600522,9.46000000,9.43000000,9.50000000,9.39000000,,124278.23000000,1.16648993,0.00000000,0.00000000,,中天科技
2017-05-22,600522,9.42000000,9.51000000,9.55000000,9.33000000,,206656.41000000,2.31335436,0.84835631,0.08000000,,中天科技
2017-05-23,600522,9.45000000,9.50000000,9.54000000,9.28000000,,264735.84000000,2.73684211,-0.10515247,-0.01000000,,中天科技
2017-05-24,600522,9.47000000,9.51000000,9.51000000,9.29000000,,178772.84000000,2.31335436,0.10526316,0.01000000,,中天科技
2017-05-25,600522,9.44000000,9.63000000,9.68000000,9.44000000,,299382.83000000,2.49221184,1.26182965,0.12000000,,中天科技
2017-05-26,600522,9.68000000,9.59000000,9.68000000,9.50000000,,167878.53000000,1.87695516,-0.41536864,-0.04000000,,中天科技
2017-05-31,600522,9.69000000,9.75000000,9.77000000,9.64000000,,226343.21000000,1.33333333,1.66840459,0.16000000,,中天科技
2017-06-01,600522,9.74000000,9.89000000,9.89000000,9.68000000,,344360.22000000,2.12335693,1.43589744,0.14000000,,中天科技
2017-06-02,600522,9.87000000,9.86000000,9.94000000,9.73000000,,242685.17000000,2.12981744,-0.30333670,-0.03000000,,中天科技
2017-06-05,600522,9.89000000,9.91000000,10.00000000,9.86000000,,187498.01000000,1.41271443,0.50709939,0.05000000,,中天科技
2017-06-06,600522,9.92000000,9.93000000,9.95000000,9.83000000,,135262.92000000,1.20845921,0.20181635,0.02000000,,中天科技
2017-06-07,600522,9.93000000,10.02000000,10.06000000,9.88000000,,228765.35000000,1.79640719,0.90634441,0.09000000,,中天科技
2017-06-08,600522,10.08000000,10.02000000,10.19000000,10.01000000,,230212.76000000,1.79640719,0.00000000,0.00000000,,中天科技
2017-06-09,600522,10.03000000,10.11000000,10.18000000,10.03000000,,342633.37000000,1.48367953,0.89820359,0.09000000,,中天科技
2017-06-12,600522,10.11000000,9.91000000,10.12000000,9.79000000,,310680.56000000,3.32996973,-1.97823937,-0.20000000,,中天科技
2017-06-13,600522,9.89000000,9.92000000,9.97000000,9.81000000,,167694.41000000,1.61290323,0.10090817,0.01000000,,中天科技
2017-06-14,600522,9.94000000,9.83000000,9.94000000,9.75000000,,212041.65000000,1.93285860,-0.90725806,-0.09000000,,中天科技
2017-06-15,600522,9.79000000,9.83000000,9.89000000,9.78000000,,136027.87000000,1.11902340,0.00000000,0.00000000,,中天科技
2017-06-16,600522,9.81000000,9.92000000,10.03000000,9.81000000,,146081.92000000,2.21774194,0.91556460,0.09000000,,中天科技
2017-06-19,600522,9.91000000,9.96000000,10.03000000,9.91000000,,144263.60000000,1.20481928,0.40322581,0.04000000,,中天科技
2017-06-20,600522,9.98000000,9.94000000,10.00000000,9.90000000,,140479.88000000,1.00603622,-0.20080321,-0.02000000,,中天科技
2017-06-21,600522,9.99000000,9.95000000,10.01000000,9.83000000,,147993.19000000,1.80904523,0.10060362,0.01000000,,中天科技
2017-06-22,600522,9.95000000,9.98000000,10.01000000,9.79000000,,272853.55000000,2.20440882,0.30150754,0.03000000,,中天科技
2017-06-23,600522,9.96000000,10.07000000,10.08000000,9.86000000,,273942.11000000,2.18470705,0.90180361,0.09000000,,中天科技
2017-06-26,600522,10.08000000,10.49000000,10.62000000,10.06000000,,815743.91000000,5.33841754,4.17080437,0.42000000,,中天科技
2017-06-27,600522,10.48000000,10.50000000,10.56000000,10.39000000,,322470.01000000,1.61904762,0.09532888,0.01000000,,中天科技
2017-06-28,600522,10.43000000,10.47000000,10.58000000,10.41000000,,261436.70000000,1.62368672,-0.28571429,-0.03000000,,中天科技
2017-06-29,600522,10.50000000,10.62000000,10.68000000,10.44000000,,361612.76000000,2.25988701,1.43266476,0.15000000,,中天科技
2017-06-30,600522,10.60000000,10.58000000,10.65000000,10.46000000,,282574.19000000,1.79584121,-0.37664783,-0.04000000,,中天科技
2017-07-03,600522,10.63000000,10.49000000,10.64000000,10.39000000,,242426.31000000,2.38322212,-0.85066163,-0.09000000,,中天科技
2017-07-04,600522,10.51000000,10.52000000,10.62000000,10.42000000,,202000.40000000,1.90114068,0.28598665,0.03000000,,中天科技
2017-07-05,600522,10.53000000,10.52000000,10.59000000,10.45000000,,232172.56000000,1.33079848,0.00000000,0.00000000,,中天科技
2017-07-06,600522,10.58000000,10.76000000,10.88000000,10.54000000,,574019.88000000,3.15985130,2.28136882,0.24000000,,中天科技
2017-07-07,600522,10.73000000,10.64000000,10.75000000,10.47000000,,403735.08000000,2.63157895,-1.11524164,-0.12000000,,中天科技
2017-07-10,600522,10.59000000,10.36000000,10.64000000,10.35000000,,318665.10000000,2.79922780,-2.63157895,-0.28000000,,中天科技
2017-07-11,600522,10.36000000,10.33000000,10.45000000,10.31000000,,219628.22000000,1.35527590,-0.28957529,-0.03000000,,中天科技
2017-07-12,600522,10.35000000,10.08000000,10.42000000,9.94000000,,469054.71000000,4.76190476,-2.42013553,-0.25000000,,中天科技
2017-07-13,600522,10.08000000,10.11000000,10.18000000,10.02000000,,193177.02000000,1.58259149,0.29761905,0.03000000,,中天科技
2017-07-14,600522,10.10000000,10.11000000,10.16000000,9.98000000,,163861.62000000,1.78041543,0.00000000,0.00000000,,中天科技
2017-07-17,600522,10.01000000,9.49000000,10.04000000,9.47000000,,423832.28000000,6.00632244,-6.13254204,-0.62000000,,中天科技
2017-07-18,600522,9.51000000,9.59000000,9.61000000,9.39000000,,208694.20000000,2.29405631,1.05374078,0.10000000,,中天科技
2017-07-19,600522,9.60000000,9.86000000,9.89000000,9.48000000,,251956.03000000,4.15821501,2.81543274,0.27000000,,中天科技
2017-07-20,600522,9.87000000,9.83000000,10.07000000,9.80000000,,234126.99000000,2.74669379,-0.30425963,-0.03000000,,中天科技
2017-07-21,600522,9.83000000,10.01000000,10.04000000,9.77000000,,205894.46000000,2.69730270,1.83112920,0.18000000,,中天科技
2017-07-24,600522,10.05000000,10.04000000,10.09000000,9.94000000,,203143.26000000,1.49402390,0.29970030,0.03000000,,中天科技
2017-07-25,600522,10.04000000,9.94000000,10.06000000,9.84000000,,174279.12000000,2.21327968,-0.99601594,-0.10000000,,中天科技
2017-07-26,600522,9.94000000,9.75000000,9.97000000,9.73000000,,181413.27000000,2.46153846,-1.91146881,-0.19000000,,中天科技
2017-07-27,600522,9.75000000,9.94000000,9.98000000,9.69000000,,167044.10000000,2.91750503,1.94871795,0.19000000,,中天科技
2017-07-28,600522,9.96000000,9.99000000,10.08000000,9.93000000,,176336.58000000,1.50150150,0.50301811,0.05000000,,中天科技
2017-07-31,600522,10.08000000,10.12000000,10.33000000,10.00000000,,397187.02000000,3.26086957,1.30130130,0.13000000,,中天科技
2017-08-01,600522,10.13000000,10.12000000,10.20000000,10.04000000,,194498.00000000,1.58102767,0.00000000,0.00000000,,中天科技
2017-08-02,600522,10.13000000,9.93000000,10.15000000,9.92000000,,200644.70000000,2.31621349,-1.87747036,-0.19000000,,中天科技
2017-08-03,600522,9.95000000,9.89000000,9.97000000,9.82000000,,153449.11000000,1.51668352,-0.40281974,-0.04000000,,中天科技
2017-08-04,600522,9.87000000,9.72000000,9.89000000,9.71000000,,246499.39000000,1.85185185,-1.71890799,-0.17000000,,中天科技
2017-08-07,600522,9.69000000,9.81000000,9.85000000,9.64000000,,126056.05000000,2.14067278,0.92592593,0.09000000,,中天科技
2017-08-08,600522,9.78000000,9.79000000,9.86000000,9.75000000,,143808.28000000,1.12359551,-0.20387360,-0.02000000,,中天科技
2017-08-09,600522,9.82000000,9.84000000,9.87000000,9.75000000,,115692.55000000,1.21951220,0.51072523,0.05000000,,中天科技
2017-08-10,600522,9.85000000,9.73000000,9.86000000,9.67000000,,147041.41000000,1.95272354,-1.11788618,-0.11000000,,中天科技
2017-08-11,600522,9.74000000,9.57000000,9.74000000,9.53000000,,170163.69000000,2.19435737,-1.64439877,-0.16000000,,中天科技
2017-08-14,600522,9.56000000,9.87000000,9.92000000,9.53000000,,215382.15000000,3.95136778,3.13479624,0.30000000,,中天科技
2017-08-15,600522,9.89000000,9.85000000,9.99000000,9.80000000,,120656.36000000,1.92893401,-0.20263425,-0.02000000,,中天科技
2017-08-16,600522,9.81000000,9.95000000,9.97000000,9.79000000,,162322.14000000,1.80904523,1.01522843,0.10000000,,中天科技
2017-08-17,600522,9.93000000,10.06000000,10.21000000,9.89000000,,274781.11000000,3.18091451,1.10552764,0.11000000,,中天科技
2017-08-18,600522,10.03000000,9.95000000,10.04000000,9.94000000,,157876.76000000,1.00502513,-1.09343936,-0.11000000,,中天科技
2017-08-21,600522,10.01000000,10.09000000,10.11000000,9.94000000,,199558.51000000,1.68483647,1.40703518,0.14000000,,中天科技
2017-08-22,600522,10.11000000,9.96000000,10.12000000,9.95000000,,123948.73000000,1.70682731,-1.28840436,-0.13000000,,中天科技
2017-08-23,600522,9.94000000,9.90000000,10.02000000,9.89000000,,110489.79000000,1.31313131,-0.60240964,-0.06000000,,中天科技
2017-08-24,600522,9.90000000,9.78000000,9.93000000,9.74000000,,110861.04000000,1.94274029,-1.21212121,-0.12000000,,中天科技
2017-08-25,600522,9.84000000,9.91000000,9.99000000,9.81000000,,155945.78000000,1.81634712,1.32924335,0.13000000,,中天科技
2017-08-28,600522,9.95000000,10.02000000,10.08000000,9.94000000,,235355.89000000,1.39720559,1.10998991,0.11000000,,中天科技
2017-08-29,600522,10.24000000,10.19000000,10.32000000,10.10000000,,469956.34000000,2.15897939,1.69660679,0.17000000,,中天科技
2017-08-30,600522,10.16000000,10.13000000,10.22000000,10.08000000,,228061.50000000,1.38203356,-0.58881256,-0.06000000,,中天科技
2017-08-31,600522,10.13000000,10.40000000,10.43000000,10.11000000,,473005.08000000,3.07692308,2.66535044,0.27000000,,中天科技
2017-09-01,600522,10.43000000,10.36000000,10.47000000,10.29000000,,341230.25000000,1.73745174,-0.38461538,-0.04000000,,中天科技
2017-09-04,600522,10.33000000,10.42000000,10.53000000,10.32000000,,350702.96000000,2.01535509,0.57915058,0.06000000,,中天科技
2017-09-05,600522,10.43000000,10.30000000,10.51000000,10.26000000,,273992.23000000,2.42718447,-1.15163148,-0.12000000,,中天科技
2017-09-06,600522,10.28000000,10.28000000,10.36000000,10.21000000,,308153.82000000,1.45914397,-0.19417476,-0.02000000,,中天科技
2017-09-07,600522,10.27000000,10.29000000,10.37000000,10.21000000,,257652.17000000,1.55490768,0.09727626,0.01000000,,中天科技
2017-09-08,600522,10.29000000,10.17000000,10.33000000,10.10000000,,313898.86000000,2.26155359,-1.16618076,-0.12000000,,中天科技
2017-09-11,600522,10.18000000,10.54000000,10.55000000,10.14000000,,530258.11000000,3.88994307,3.63815143,0.37000000,,中天科技
2017-09-12,600522,10.61000000,10.44000000,10.65000000,10.39000000,,516069.05000000,2.49042146,-0.94876660,-0.10000000,,中天科技
2017-09-13,600522,10.40000000,10.49000000,10.58000000,10.38000000,,317164.43000000,1.90657769,0.47892720,0.05000000,,中天科技
2017-09-14,600522,10.49000000,11.07000000,11.28000000,10.44000000,,1249312.30000000,7.58807588,5.52907531,0.58000000,,中天科技
2017-09-15,600522,11.10000000,11.22000000,11.42000000,10.98000000,,1063112.44000000,3.92156863,1.35501355,0.15000000,,中天科技
2017-09-18,600522,11.27000000,10.94000000,11.49000000,10.89000000,,993505.93000000,5.48446069,-2.49554367,-0.28000000,,中天科技
2017-09-19,600522,11.03000000,11.15000000,11.38000000,10.96000000,,770856.10000000,3.76681614,1.91956124,0.21000000,,中天科技
2017-09-20,600522,11.07000000,10.92000000,11.31000000,10.89000000,,754727.11000000,3.84615385,-2.06278027,-0.23000000,,中天科技
2017-09-21,600522,10.99000000,11.04000000,11.26000000,10.87000000,,588743.27000000,3.53260870,1.09890110,0.12000000,,中天科技
2017-09-22,600522,10.93000000,12.13000000,12.28000000,10.89000000,,2009315.75000000,11.45919209,9.87318841,1.09000000,,中天科技
2017-09-25,600522,12.03000000,12.00000000,12.63000000,11.96000000,,1825337.15000000,5.58333333,-1.07172300,-0.13000000,,中天科技
2017-09-26,600522,11.88000000,12.03000000,12.12000000,11.60000000,,938771.12000000,4.32252702,0.25000000,0.03000000,,中天科技
2017-09-27,600522,11.99000000,13.10000000,13.31000000,11.89000000,,1779001.81000000,10.83969466,8.89443059,1.07000000,,中天科技
2017-09-28,600522,13.05000000,12.92000000,13.19000000,12.76000000,,1137607.03000000,3.32817337,-1.37404580,-0.18000000,,中天科技
2017-09-29,600522,12.97000000,12.92000000,13.52000000,12.85000000,,1384232.18000000,5.18575851,0.00000000,0.00000000,,中天科技
2017-10-09,600522,13.33000000,12.95000000,13.60000000,12.87000000,,1533917.85000000,5.63706564,0.23219814,0.03000000,,中天科技
2017-10-10,600522,12.78000000,12.21000000,12.83000000,11.86000000,,2222093.86000000,7.94430794,-5.71428571,-0.74000000,,中天科技
2017-10-11,600522,12.06000000,11.98000000,12.26000000,11.89000000,,974784.42000000,3.08848080,-1.88370188,-0.23000000,,中天科技
2017-10-12,600522,12.03000000,12.06000000,12.30000000,11.98000000,,833033.74000000,2.65339967,0.66777963,0.08000000,,中天科技
2017-10-13,600522,12.10000000,12.20000000,12.38000000,11.95000000,,690730.62000000,3.52459016,1.16086235,0.14000000,,中天科技
2017-10-16,600522,12.23000000,12.18000000,12.57000000,12.11000000,,803566.53000000,3.77668309,-0.16393443,-0.02000000,,中天科技
2017-10-17,600522,12.13000000,11.97000000,12.34000000,11.91000000,,631584.12000000,3.59231412,-1.72413793,-0.21000000,,中天科技
2017-10-18,600522,12.02000000,12.18000000,12.24000000,11.94000000,,631792.23000000,2.46305419,1.75438596,0.21000000,,中天科技
2017-10-19,600522,12.13000000,11.78000000,12.13000000,11.44000000,,1021633.08000000,5.85738540,-3.28407225,-0.40000000,,中天科技
2017-10-20,600522,11.64000000,11.79000000,11.86000000,11.60000000,,353702.33000000,2.20525869,0.08488964,0.01000000,,中天科技
2017-10-23,600522,11.81000000,11.89000000,12.00000000,11.66000000,,398914.61000000,2.85954584,0.84817642,0.10000000,,中天科技
2017-10-24,600522,11.82000000,12.23000000,12.36000000,11.75000000,,706229.23000000,4.98773508,2.85954584,0.34000000,,中天科技
2017-10-25,600522,12.18000000,12.22000000,12.30000000,12.08000000,,390248.23000000,1.80032733,-0.08176615,-0.01000000,,中天科技
2017-10-26,600522,12.22000000,12.24000000,12.60000000,12.10000000,,957428.77000000,4.08496732,0.16366612,0.02000000,,中天科技
2017-10-27,600522,12.26000000,12.48000000,12.50000000,12.15000000,,651660.30000000,2.80448718,1.96078431,0.24000000,,中天科技
2017-10-30,600522,12.09000000,11.83000000,12.12000000,11.55000000,,1129124.42000000,4.81825866,-5.20833333,-0.65000000,,中天科技
2017-10-31,600522,11.75000000,11.85000000,11.96000000,11.58000000,,623489.98000000,3.20675105,0.16906171,0.02000000,,中天科技
2017-11-01,600522,11.79000000,11.37000000,11.93000000,11.34000000,,878740.59000000,5.18909411,-4.05063291,-0.48000000,,中天科技
2017-11-02,600522,11.26000000,11.16000000,11.35000000,10.98000000,,773219.57000000,3.31541219,-1.84696570,-0.21000000,,中天科技
2017-11-03,600522,11.10000000,11.43000000,11.49000000,11.02000000,,703675.87000000,4.11198600,2.41935484,0.27000000,,中天科技
2017-11-06,600522,11.38000000,11.80000000,11.84000000,11.37000000,,678781.07000000,3.98305085,3.23709536,0.37000000,,中天科技
2017-11-07,600522,11.88000000,12.01000000,12.22000000,11.73000000,,950396.78000000,4.07993339,1.77966102,0.21000000,,中天科技
2017-11-08,600522,11.96000000,12.06000000,12.38000000,11.93000000,,742815.07000000,3.73134328,0.41631973,0.05000000,,中天科技
2017-11-09,600522,12.08000000,12.41000000,12.43000000,11.95000000,,749564.46000000,3.86784851,2.90215589,0.35000000,,中天科技
2017-11-10,600522,12.40000000,12.81000000,13.12000000,12.35000000,,1259821.84000000,6.01092896,3.22320709,0.40000000,,中天科技
2017-11-13,600522,12.78000000,13.08000000,13.58000000,12.78000000,,1233045.22000000,6.11620795,2.10772834,0.27000000,,中天科技
2017-11-14,600522,13.01000000,12.91000000,13.43000000,12.77000000,,865351.19000000,5.11231603,-1.29969419,-0.17000000,,中天科技
2017-11-15,600522,12.87000000,12.47000000,13.21000000,12.34000000,,1344134.04000000,6.97674419,-3.40821069,-0.44000000,,中天科技
2017-11-16,600522,12.56000000,13.09000000,13.28000000,12.38000000,,1349142.35000000,6.87547746,4.97193264,0.62000000,,中天科技
2017-11-17,600522,13.13000000,13.31000000,13.83000000,12.91000000,,2112870.77000000,6.91209617,1.68067227,0.22000000,,中天科技
2017-11-20,600522,13.18000000,14.16000000,14.18000000,12.55000000,,1644127.79000000,11.51129944,6.38617581,0.85000000,,中天科技
2017-11-21,600522,14.03000000,14.10000000,14.68000000,13.94000000,,1726388.53000000,5.24822695,-0.42372881,-0.06000000,,中天科技
2017-11-22,600522,14.28000000,14.44000000,14.68000000,13.90000000,,1381541.89000000,5.40166205,2.41134752,0.34000000,,中天科技
2017-11-23,600522,14.33000000,13.52000000,14.42000000,13.46000000,,1200451.35000000,7.10059172,-6.37119114,-0.92000000,,中天科技
2017-11-24,600522,13.67000000,13.68000000,14.27000000,13.57000000,,1031642.91000000,5.11695906,1.18343195,0.16000000,,中天科技
2017-11-27,600522,13.61000000,13.02000000,13.61000000,12.76000000,,960268.91000000,6.52841782,-4.82456140,-0.66000000,,中天科技
2017-11-28,600522,13.01000000,13.61000000,13.68000000,12.91000000,,780831.29000000,5.65760470,4.53149002,0.59000000,,中天科技
2017-11-29,600522,13.56000000,13.33000000,13.60000000,12.98000000,,770222.24000000,4.65116279,-2.05731080,-0.28000000,,中天科技
2017-11-30,600522,13.23000000,13.56000000,13.87000000,13.09000000,,860769.80000000,5.75221239,1.72543136,0.23000000,,中天科技
2017-12-01,600522,13.53000000,13.78000000,13.96000000,13.27000000,,852192.18000000,5.00725689,1.62241888,0.22000000,,中天科技
2017-12-04,600522,13.68000000,14.19000000,14.28000000,13.68000000,,1025918.88000000,4.22832981,2.97532656,0.41000000,,中天科技
2017-12-05,600522,13.99000000,13.55000000,14.42000000,13.15000000,,1552314.91000000,9.37269373,-4.51021846,-0.64000000,,中天科技
2017-12-06,600522,13.45000000,14.34000000,14.36000000,13.17000000,,1162466.94000000,8.29846583,5.83025830,0.79000000,,中天科技
2017-12-07,600522,14.14000000,14.21000000,14.69000000,14.01000000,,1162646.98000000,4.78536242,-0.90655509,-0.13000000,,中天科技
2017-12-08,600522,14.03000000,14.01000000,14.45000000,13.89000000,,1130004.93000000,3.99714490,-1.40745954,-0.20000000,,中天科技
2017-12-11,600522,13.85000000,14.17000000,14.19000000,13.71000000,,972894.95000000,3.38743825,1.14204140,0.16000000,,中天科技
2017-12-12,600522,14.06000000,13.78000000,14.39000000,13.76000000,,931684.71000000,4.57184325,-2.75229358,-0.39000000,,中天科技
2017-12-13,600522,13.57000000,13.62000000,13.82000000,13.29000000,,924451.31000000,3.89133627,-1.16110305,-0.16000000,,中天科技
2017-12-14,600522,13.64000000,14.25000000,14.27000000,13.55000000,,1203352.35000000,5.05263158,4.62555066,0.63000000,,中天科技
2017-12-15,600522,14.04000000,13.37000000,14.15000000,13.34000000,,1020024.27000000,6.05833957,-6.17543860,-0.88000000,,中天科技
2017-12-18,600522,13.22000000,12.91000000,13.32000000,12.84000000,,718909.86000000,3.71804802,-3.44053852,-0.46000000,,中天科技
2017-12-19,600522,12.99000000,13.12000000,13.20000000,12.91000000,,512936.61000000,2.21036585,1.62664601,0.21000000,,中天科技
2017-12-20,600522,13.12000000,13.36000000,13.48000000,12.93000000,,701572.20000000,4.11676647,1.82926829,0.24000000,,中天科技
2017-12-21,600522,13.32000000,13.59000000,13.77000000,13.08000000,,683076.13000000,5.07726269,1.72155689,0.23000000,,中天科技
2017-12-22,600522,13.46000000,13.50000000,13.68000000,13.44000000,,385901.26000000,1.77777778,-0.66225166,-0.09000000,,中天科技
2017-12-25,600522,13.50000000,13.17000000,13.62000000,12.98000000,,522229.82000000,4.85952923,-2.44444444,-0.33000000,,中天科技
2017-12-26,600522,13.15000000,13.20000000,13.25000000,12.94000000,,387045.73000000,2.34848485,0.22779043,0.03000000,,中天科技
2017-12-27,600522,13.13000000,12.50000000,13.13000000,12.45000000,,752514.69000000,5.44000000,-5.30303030,-0.70000000,,中天科技
2017-12-28,600522,12.48000000,12.43000000,12.69000000,12.33000000,,492989.41000000,2.89621883,-0.56000000,-0.07000000,,中天科技
2017-12-29,600522,12.43000000,12.57000000,12.65000000,12.41000000,,324945.28000000,1.90930788,1.12630732,0.14000000,,中天科技
2018-01-02,600522,12.64000000,12.42000000,12.73000000,12.15000000,,770053.08000000,4.66988728,-1.19331742,-0.15000000,,中天科技
2018-01-03,600522,12.40000000,12.91000000,13.12000000,12.40000000,,1033895.20000000,5.57707204,3.94524960,0.49000000,,中天科技
2018-01-04,600522,12.88000000,12.83000000,13.06000000,12.69000000,,706291.78000000,2.88386594,-0.61967467,-0.08000000,,中天科技
2018-01-05,600522,12.82000000,12.51000000,12.97000000,12.44000000,,604244.22000000,4.23661071,-2.49415433,-0.32000000,,中天科技
2018-01-08,600522,12.51000000,12.46000000,12.53000000,12.18000000,,660233.56000000,2.80898876,-0.39968026,-0.05000000,,中天科技
2018-01-09,600522,12.38000000,12.63000000,12.69000000,12.31000000,,656002.83000000,3.00870942,1.36436597,0.17000000,,中天科技
2018-01-10,600522,12.83000000,12.70000000,13.00000000,12.41000000,,751837.98000000,4.64566929,0.55423595,0.07000000,,中天科技
2018-01-11,600522,12.55000000,12.76000000,12.86000000,12.43000000,,582581.63000000,3.36990596,0.47244094,0.06000000,,中天科技
2018-01-12,600522,12.64000000,12.47000000,12.66000000,12.44000000,,418363.16000000,1.76423416,-2.27272727,-0.29000000,,中天科技
2018-01-15,600522,12.34000000,11.74000000,12.34000000,11.57000000,,967808.20000000,6.55877342,-5.85404972,-0.73000000,,中天科技
2018-01-16,600522,11.63000000,11.71000000,11.93000000,11.57000000,,600333.63000000,3.07429547,-0.25553663,-0.03000000,,中天科技
2018-01-17,600522,11.78000000,11.34000000,11.85000000,11.03000000,,911829.83000000,7.23104056,-3.15969257,-0.37000000,,中天科技
2018-01-18,600522,11.28000000,11.31000000,11.44000000,11.19000000,,378073.58000000,2.21043324,-0.26455026,-0.03000000,,中天科技
2018-01-19,600522,11.28000000,11.29000000,11.44000000,11.18000000,,431289.16000000,2.30292294,-0.17683466,-0.02000000,,中天科技
2018-01-22,600522,11.24000000,11.40000000,11.46000000,11.03000000,,512852.48000000,3.77192982,0.97431355,0.11000000,,中天科技
2018-01-23,600522,11.35000000,11.43000000,11.55000000,11.32000000,,399200.29000000,2.01224847,0.26315789,0.03000000,,中天科技
2018-01-24,600522,11.39000000,11.82000000,11.83000000,11.24000000,,738587.59000000,4.99153976,3.41207349,0.39000000,,中天科技
2018-01-25,600522,11.78000000,11.57000000,11.93000000,11.54000000,,620663.02000000,3.37078652,-2.11505922,-0.25000000,,中天科技
2018-01-26,600522,11.53000000,11.32000000,11.53000000,11.28000000,,430705.94000000,2.20848057,-2.16076059,-0.25000000,,中天科技
2018-01-29,600522,11.24000000,10.60000000,11.30000000,10.56000000,,1086225.13000000,6.98113208,-6.36042403,-0.72000000,,中天科技
2018-01-30,600522,10.53000000,10.55000000,10.75000000,10.50000000,,339769.39000000,2.36966825,-0.47169811,-0.05000000,,中天科技
2018-01-31,600522,10.60000000,10.63000000,10.70000000,10.48000000,,346530.64000000,2.06961430,0.75829384,0.08000000,,中天科技
2018-02-01,600522,10.56000000,10.75000000,10.76000000,10.14000000,,753600.58000000,5.76744186,1.12888053,0.12000000,,中天科技
2018-02-02,600522,10.55000000,10.39000000,10.71000000,10.25000000,,476535.10000000,4.42733397,-3.34883721,-0.36000000,,中天科技
2018-02-05,600522,10.18000000,9.79000000,10.23000000,9.73000000,,695912.90000000,5.10725230,-5.77478345,-0.60000000,,中天科技
2018-02-06,600522,9.58000000,9.63000000,9.72000000,9.32000000,,723721.40000000,4.15368640,-1.63432074,-0.16000000,,中天科技
2018-02-07,600522,9.78000000,9.60000000,9.80000000,9.41000000,,508787.80000000,4.06250000,-0.31152648,-0.03000000,,中天科技
2018-02-08,600522,9.61000000,9.93000000,10.23000000,9.55000000,,610978.64000000,6.84793555,3.43750000,0.33000000,,中天科技
2018-02-09,600522,9.70000000,9.86000000,9.93000000,9.51000000,,490624.13000000,4.25963489,-0.70493454,-0.07000000,,中天科技
2018-02-12,600522,9.97000000,10.47000000,10.59000000,9.87000000,,615367.43000000,6.87679083,6.18661258,0.61000000,,中天科技
2018-02-13,600522,10.55000000,10.39000000,10.73000000,10.36000000,,383466.17000000,3.56111646,-0.76408787,-0.08000000,,中天科技
2018-02-14,600522,10.37000000,10.45000000,10.55000000,10.34000000,,206785.30000000,2.00956938,0.57747834,0.06000000,,中天科技
2018-02-22,600522,10.43000000,10.66000000,10.69000000,10.40000000,,294451.34000000,2.72045028,2.00956938,0.21000000,,中天科技
2018-02-23,600522,10.66000000,10.57000000,10.79000000,10.53000000,,321221.34000000,2.45979186,-0.84427767,-0.09000000,,中天科技
2018-02-26,600522,10.67000000,11.08000000,11.20000000,10.57000000,,811005.24000000,5.68592058,4.82497635,0.51000000,,中天科技
2018-02-27,600522,11.14000000,11.15000000,11.43000000,11.04000000,,644469.67000000,3.49775785,0.63176895,0.07000000,,中天科技
2018-02-28,600522,10.93000000,11.28000000,11.39000000,10.89000000,,462707.74000000,4.43262411,1.16591928,0.13000000,,中天科技
2018-03-01,600522,11.19000000,11.42000000,11.48000000,11.10000000,,422953.38000000,3.32749562,1.24113475,0.14000000,,中天科技
2018-03-02,600522,11.33000000,11.12000000,11.49000000,11.03000000,,381919.90000000,4.13669065,-2.62697023,-0.30000000,,中天科技
2018-03-05,600522,11.13000000,11.18000000,11.37000000,11.04000000,,296156.78000000,2.95169946,0.53956835,0.06000000,,中天科技
2018-03-06,600522,11.20000000,11.51000000,11.58000000,11.20000000,,612891.28000000,3.30147698,2.95169946,0.33000000,,中天科技
2018-03-07,600522,11.41000000,11.38000000,11.47000000,11.33000000,,368458.54000000,1.23022847,-1.12945265,-0.13000000,,中天科技
2018-03-08,600522,11.38000000,11.23000000,11.44000000,11.09000000,,348990.63000000,3.11665183,-1.31810193,-0.15000000,,中天科技
2018-03-09,600522,11.25000000,11.61000000,11.66000000,11.20000000,,654660.55000000,3.96210164,3.38379341,0.38000000,,中天科技
2018-03-12,600522,11.65000000,11.97000000,12.01000000,11.65000000,,708940.65000000,3.00751880,3.10077519,0.36000000,,中天科技
2018-03-13,600522,11.89000000,11.67000000,11.90000000,11.62000000,,462071.56000000,2.39931448,-2.50626566,-0.30000000,,中天科技
2018-03-14,600522,11.59000000,11.60000000,11.73000000,11.52000000,,352519.53000000,1.81034483,-0.59982862,-0.07000000,,中天科技
2018-03-15,600522,11.53000000,11.36000000,11.66000000,11.17000000,,505772.47000000,4.31338028,-2.06896552,-0.24000000,,中天科技
2018-03-16,600522,11.33000000,11.20000000,11.42000000,11.18000000,,262351.11000000,2.14285714,-1.40845070,-0.16000000,,中天科技
2018-03-19,600522,11.16000000,11.25000000,11.35000000,11.05000000,,237551.11000000,2.66666667,0.44642857,0.05000000,,中天科技
2018-03-20,600522,11.11000000,11.22000000,11.29000000,11.04000000,,225712.88000000,2.22816399,-0.26666667,-0.03000000,,中天科技
2018-03-21,600522,11.25000000,11.05000000,11.42000000,11.01000000,,353290.42000000,3.71040724,-1.51515152,-0.17000000,,中天科技
2018-03-22,600522,11.06000000,10.95000000,11.18000000,10.85000000,,290508.68000000,3.01369863,-0.90497738,-0.10000000,,中天科技
2018-03-23,600522,10.45000000,10.04000000,10.60000000,9.87000000,,623861.07000000,7.27091633,-8.31050228,-0.91000000,,中天科技
2018-03-26,600522,9.91000000,10.28000000,10.29000000,9.64000000,,337118.88000000,6.32295720,2.39043825,0.24000000,,中天科技
2018-03-27,600522,10.45000000,10.61000000,10.74000000,10.45000000,,406114.80000000,2.73327050,3.21011673,0.33000000,,中天科技
2018-03-28,600522,10.42000000,10.47000000,10.71000000,10.37000000,,279061.83000000,3.24737345,-1.31950990,-0.14000000,,中天科技
2018-03-29,600522,10.58000000,10.59000000,10.65000000,10.39000000,,230276.29000000,2.45514636,1.14613181,0.12000000,,中天科技
2018-03-30,600522,10.60000000,10.91000000,10.95000000,10.54000000,,393147.17000000,3.75802016,3.02171860,0.32000000,,中天科技
2018-04-02,600522,10.93000000,10.81000000,11.11000000,10.74000000,,466352.75000000,3.42275671,-0.91659028,-0.10000000,,中天科技
2018-04-03,600522,10.48000000,10.43000000,10.59000000,10.25000000,,437233.16000000,3.25982742,-3.51526364,-0.38000000,,中天科技
2018-04-04,600522,10.50000000,10.27000000,10.58000000,10.21000000,,279978.78000000,3.60272639,-1.53403643,-0.16000000,,中天科技
2018-04-09,600522,10.17000000,10.17000000,10.31000000,10.00000000,,279660.56000000,3.04818092,-0.97370983,-0.10000000,,中天科技
2018-04-10,600522,10.17000000,10.33000000,10.34000000,10.11000000,,247047.28000000,2.22652469,1.57325467,0.16000000,,中天科技
2018-04-11,600522,10.36000000,10.37000000,10.48000000,10.34000000,,311304.77000000,1.35004822,0.38722168,0.04000000,,中天科技
2018-04-12,600522,10.36000000,10.14000000,10.36000000,10.10000000,,244492.26000000,2.56410256,-2.21793635,-0.23000000,,中天科技
2018-04-13,600522,10.22000000,10.01000000,10.30000000,10.00000000,,239726.53000000,2.99700300,-1.28205128,-0.13000000,,中天科技
2018-04-16,600522,10.01000000,10.06000000,10.17000000,9.88000000,,278218.11000000,2.88270378,0.49950050,0.05000000,,中天科技
2018-04-17,600522,10.04000000,9.48000000,10.07000000,9.46000000,,526324.84000000,6.43459916,-5.76540755,-0.58000000,,中天科技
2018-04-18,600522,9.58000000,9.33000000,9.63000000,9.03000000,,580997.64000000,6.43086817,-1.58227848,-0.15000000,,中天科技
2018-04-19,600522,9.31000000,9.34000000,9.47000000,9.20000000,,299501.73000000,2.89079229,0.10718114,0.01000000,,中天科技
2018-04-20,600522,9.31000000,8.95000000,9.31000000,8.94000000,,359260.96000000,4.13407821,-4.17558887,-0.39000000,,中天科技
2018-04-23,600522,9.10000000,9.13000000,9.26000000,8.99000000,,302861.65000000,2.95728368,2.01117318,0.18000000,,中天科技
2018-04-24,600522,9.18000000,9.43000000,9.47000000,9.05000000,,354280.18000000,4.45387063,3.28587076,0.30000000,,中天科技
2018-04-25,600522,9.34000000,9.54000000,9.68000000,9.27000000,,398420.70000000,4.29769392,1.16648993,0.11000000,,中天科技
2018-04-26,600522,9.09000000,8.45000000,9.09000000,8.45000000,,1245290.02000000,7.57396450,-11.42557652,-1.09000000,,中天科技
2018-04-27,600522,8.52000000,8.50000000,8.59000000,8.34000000,,395537.19000000,2.94117647,0.59171598,0.05000000,,中天科技
2018-05-02,600522,8.51000000,8.35000000,8.59000000,8.26000000,,331791.83000000,3.95209581,-1.76470588,-0.15000000,,中天科技
2018-05-03,600522,8.30000000,8.60000000,8.62000000,8.15000000,,406377.32000000,5.46511628,2.99401198,0.25000000,,中天科技
2018-05-04,600522,8.58000000,8.49000000,8.75000000,8.47000000,,324194.57000000,3.29799764,-1.27906977,-0.11000000,,中天科技
2018-05-07,600522,8.50000000,8.63000000,8.67000000,8.50000000,,253813.70000000,1.96987254,1.64899882,0.14000000,,中天科技
2018-05-08,600522,8.66000000,8.70000000,8.72000000,8.59000000,,268923.09000000,1.49425287,0.81112399,0.07000000,,中天科技
2018-05-09,600522,8.70000000,8.62000000,8.71000000,8.59000000,,221488.93000000,1.39211137,-0.91954023,-0.08000000,,中天科技
2018-05-10,600522,8.66000000,8.89000000,8.95000000,8.66000000,,432758.01000000,3.26209224,3.13225058,0.27000000,,中天科技
2018-05-11,600522,8.93000000,8.79000000,8.96000000,8.77000000,,250851.70000000,2.16154721,-1.12485939,-0.10000000,,中天科技
2018-05-14,600522,8.95000000,8.79000000,9.06000000,8.71000000,,469755.46000000,3.98179750,0.00000000,0.00000000,,中天科技
2018-05-15,600522,8.79000000,8.73000000,8.85000000,8.57000000,,346561.38000000,3.20733104,-0.68259386,-0.06000000,,中天科技
2018-05-16,600522,8.65000000,8.63000000,8.67000000,8.59000000,,198796.04000000,0.92699884,-1.14547537,-0.10000000,,中天科技
2018-05-17,600522,8.63000000,8.59000000,8.65000000,8.52000000,,184546.01000000,1.51338766,-0.46349942,-0.04000000,,中天科技
2018-05-18,600522,8.59000000,8.69000000,8.70000000,8.52000000,,233289.97000000,2.07134638,1.16414435,0.10000000,,中天科技
2018-05-21,600522,8.80000000,9.70000000,9.70000000,8.78000000,,1230752.90000000,9.48453608,11.62255466,1.01000000,,中天科技
2018-05-22,600522,9.89000000,9.95000000,10.07000000,9.68000000,,1605686.64000000,3.91959799,2.57731959,0.25000000,,中天科技
2018-05-23,600522,9.82000000,9.50000000,9.82000000,9.49000000,,926995.23000000,3.47368421,-4.52261307,-0.45000000,,中天科技
2018-05-24,600522,9.50000000,9.46000000,9.69000000,9.45000000,,586759.42000000,2.53699789,-0.42105263,-0.04000000,,中天科技
2018-05-25,600522,9.42000000,9.23000000,9.42000000,9.18000000,,499126.64000000,2.60021668,-2.43128964,-0.23000000,,中天科技
2018-05-28,600522,9.33000000,9.40000000,9.57000000,9.29000000,,563102.28000000,2.97872340,1.84182015,0.17000000,,中天科技
2018-05-29,600522,9.49000000,9.18000000,9.49000000,9.10000000,,421788.25000000,4.24836601,-2.34042553,-0.22000000,,中天科技
2018-05-30,600522,8.91000000,8.63000000,8.91000000,8.57000000,,558084.98000000,3.93974508,-5.99128540,-0.55000000,,中天科技
2018-05-31,600522,8.75000000,8.73000000,8.80000000,8.53000000,,353468.60000000,3.09278351,1.15874855,0.10000000,,中天科技
2018-06-01,600522,8.64000000,8.59000000,8.71000000,8.53000000,,288337.45000000,2.09545984,-1.60366552,-0.14000000,,中天科技
2018-06-04,600522,8.68000000,8.68000000,8.73000000,8.60000000,,205995.15000000,1.49769585,1.04772992,0.09000000,,中天科技
2018-06-05,600522,8.65000000,9.03000000,9.09000000,8.64000000,,463620.77000000,4.98338870,4.03225806,0.35000000,,中天科技
2018-06-06,600522,9.09000000,9.00000000,9.10000000,8.85000000,,384895.76000000,2.77777778,-0.33222591,-0.03000000,,中天科技
2018-06-07,600522,9.06000000,8.92000000,9.20000000,8.91000000,,336305.84000000,3.25112108,-0.88888889,-0.08000000,,中天科技
2018-06-08,600522,9.04000000,8.75000000,9.08000000,8.69000000,,344580.85000000,4.45714286,-1.90582960,-0.17000000,,中天科技
2018-06-11,600522,8.66000000,8.68000000,8.72000000,8.56000000,,207909.04000000,1.84331797,-0.80000000,-0.07000000,,中天科技
2018-06-12,600522,8.68000000,8.81000000,8.84000000,8.59000000,,232278.48000000,2.83768445,1.49769585,0.13000000,,中天科技
2018-06-13,600522,8.72000000,8.65000000,8.95000000,8.63000000,,254335.78000000,3.69942197,-1.81611805,-0.16000000,,中天科技
2018-06-14,600522,8.61000000,8.57000000,8.77000000,8.56000000,,262785.56000000,2.45040840,-0.92485549,-0.08000000,,中天科技
2018-06-15,600522,8.58000000,8.20000000,8.62000000,8.18000000,,533385.35000000,5.36585366,-4.31738623,-0.37000000,,中天科技
2018-06-19,600522,7.98000000,7.24000000,7.98000000,7.24000000,,625413.51000000,10.22099448,-11.70731707,-0.96000000,,中天科技
2018-06-20,600522,7.15000000,7.17000000,7.30000000,6.76000000,,519279.90000000,7.53138075,-0.96685083,-0.07000000,,中天科技
2018-06-21,600522,7.21000000,6.88000000,7.33000000,6.85000000,,364287.23000000,6.97674419,-4.04463040,-0.29000000,,中天科技
2018-06-22,600522,6.82000000,7.12000000,7.19000000,6.78000000,,284434.13000000,5.75842697,3.48837209,0.24000000,,中天科技
2018-06-25,600522,7.20000000,7.02000000,7.28000000,7.01000000,,216144.74000000,3.84615385,-1.40449438,-0.10000000,,中天科技
2018-06-26,600522,6.88000000,7.21000000,7.23000000,6.78000000,,264536.42000000,6.24133148,2.70655271,0.19000000,,中天科技
2018-06-27,600522,7.16000000,7.16000000,7.27000000,7.08000000,,206065.27000000,2.65363128,-0.69348128,-0.05000000,,中天科技
2018-06-28,600522,7.14000000,7.16000000,7.32000000,7.14000000,,252941.15000000,2.51396648,0.00000000,0.00000000,,中天科技
2018-06-29,600522,7.17000000,7.44000000,7.46000000,7.08000000,,354155.11000000,5.10752688,3.91061453,0.28000000,,中天科技
2018-07-02,600522,7.41000000,7.14000000,7.46000000,7.03000000,,285815.17000000,6.02240896,-4.03225806,-0.30000000,,中天科技
2018-07-03,600522,7.14000000,7.48000000,7.49000000,6.99000000,,334222.57000000,6.68449198,4.76190476,0.34000000,,中天科技
2018-07-04,600522,7.39000000,7.23000000,7.48000000,7.18000000,,285739.66000000,4.14937759,-3.34224599,-0.25000000,,中天科技
2018-07-05,600522,7.21000000,6.90000000,7.26000000,6.87000000,,251900.16000000,5.65217391,-4.56431535,-0.33000000,,中天科技
2018-07-06,600522,6.89000000,7.05000000,7.17000000,6.84000000,,270812.79000000,4.68085106,2.17391304,0.15000000,,中天科技
2018-07-09,600522,7.14000000,7.29000000,7.30000000,7.09000000,,244109.35000000,2.88065844,3.40425532,0.24000000,,中天科技
2018-07-10,600522,7.29000000,7.32000000,7.36000000,7.20000000,,204922.04000000,2.18579235,0.41152263,0.03000000,,中天科技
2018-07-11,600522,7.21000000,7.06000000,7.21000000,6.96000000,,248908.47000000,3.54107649,-3.55191257,-0.26000000,,中天科技
2018-07-12,600522,7.31000000,7.89000000,7.89000000,7.31000000,,879424.18000000,7.35107731,11.75637394,0.83000000,,中天科技
2018-07-13,600522,7.87000000,7.63000000,7.87000000,7.55000000,,743853.10000000,4.19397117,-3.29531052,-0.26000000,,中天科技
2018-07-16,600522,7.72000000,7.80000000,7.99000000,7.70000000,,639704.44000000,3.71794872,2.22804718,0.17000000,,中天科技
2018-07-17,600522,7.76000000,7.78000000,7.87000000,7.61000000,,424467.13000000,3.34190231,-0.25641026,-0.02000000,,中天科技
2018-07-18,600522,7.74000000,7.60000000,7.76000000,7.58000000,,329899.17000000,2.36842105,-2.31362468,-0.18000000,,中天科技
2018-07-19,600522,7.59000000,7.64000000,7.76000000,7.57000000,,303464.71000000,2.48691099,0.52631579,0.04000000,,中天科技
2018-07-20,600522,7.61000000,7.65000000,7.70000000,7.45000000,,315489.84000000,3.26797386,0.13089005,0.01000000,,中天科技
2018-07-23,600522,7.59000000,7.82000000,7.87000000,7.57000000,,392244.89000000,3.83631714,2.22222222,0.17000000,,中天科技
2018-07-24,600522,7.82000000,8.00000000,8.10000000,7.77000000,,521567.70000000,4.12500000,2.30179028,0.18000000,,中天科技
2018-07-25,600522,7.98000000,7.90000000,8.10000000,7.86000000,,363445.31000000,3.03797468,-1.25000000,-0.10000000,,中天科技
2018-07-26,600522,7.90000000,7.72000000,7.94000000,7.68000000,,323862.12000000,3.36787565,-2.27848101,-0.18000000,,中天科技
2018-07-27,600522,7.65000000,7.68000000,7.83000000,7.64000000,,214170.69000000,2.47395833,-0.51813472,-0.04000000,,中天科技
2018-07-30,600522,7.74000000,7.68000000,7.76000000,7.58000000,,203985.42000000,2.34375000,0.00000000,0.00000000,,中天科技
2018-07-31,600522,7.62000000,7.82000000,7.85000000,7.62000000,,256751.69000000,2.94117647,1.82291667,0.14000000,,中天科技
2018-08-01,600522,7.85000000,7.59000000,7.91000000,7.57000000,,305820.54000000,4.47957839,-2.94117647,-0.23000000,,中天科技
2018-08-02,600522,7.53000000,7.21000000,7.56000000,7.05000000,,358330.80000000,7.07350902,-5.00658762,-0.38000000,,中天科技
2018-08-03,600522,7.22000000,7.09000000,7.25000000,6.98000000,,202816.08000000,3.80818054,-1.66435506,-0.12000000,,中天科技
2018-08-06,600522,7.03000000,6.97000000,7.17000000,6.92000000,,167072.14000000,3.58680057,-1.69252468,-0.12000000,,中天科技
2018-08-07,600522,7.02000000,7.24000000,7.26000000,6.94000000,,205649.33000000,4.41988950,3.87374462,0.27000000,,中天科技
2018-08-08,600522,7.22000000,7.02000000,7.22000000,7.01000000,,181048.06000000,2.99145299,-3.03867403,-0.22000000,,中天科技
2018-08-09,600522,6.94000000,7.29000000,7.43000000,6.93000000,,359914.47000000,6.85871056,3.84615385,0.27000000,,中天科技
2018-08-10,600522,7.31000000,7.49000000,7.51000000,7.23000000,,324994.02000000,3.73831776,2.74348422,0.20000000,,中天科技
2018-08-13,600522,7.49000000,7.70000000,7.82000000,7.34000000,,521952.77000000,6.23376623,2.80373832,0.21000000,,中天科技
2018-08-14,600522,7.65000000,7.67000000,7.76000000,7.61000000,,297909.22000000,1.95567145,-0.38961039,-0.03000000,,中天科技
2018-08-15,600522,7.67000000,7.58000000,7.75000000,7.56000000,,286185.86000000,2.50659631,-1.17340287,-0.09000000,,中天科技
2018-08-16,600522,7.40000000,7.71000000,7.88000000,7.33000000,,456080.77000000,7.13359274,1.71503958,0.13000000,,中天科技
2018-08-17,600522,7.84000000,7.51000000,7.89000000,7.50000000,,312049.35000000,5.19307590,-2.59403372,-0.20000000,,中天科技
2018-08-20,600522,7.55000000,7.88000000,7.88000000,7.51000000,,429895.15000000,4.69543147,4.92676431,0.37000000,,中天科技
2018-08-21,600522,7.83000000,7.91000000,8.00000000,7.76000000,,483215.80000000,3.03413401,0.38071066,0.03000000,,中天科技
2018-08-22,600522,7.84000000,7.70000000,7.86000000,7.68000000,,295390.56000000,2.33766234,-2.65486726,-0.21000000,,中天科技
2018-08-23,600522,7.67000000,7.85000000,7.94000000,7.65000000,,396928.07000000,3.69426752,1.94805195,0.15000000,,中天科技
2018-08-24,600522,7.82000000,7.66000000,7.82000000,7.66000000,,257060.52000000,2.08877285,-2.42038217,-0.19000000,,中天科技
2018-08-27,600522,7.70000000,7.92000000,8.01000000,7.68000000,,576390.44000000,4.16666667,3.39425587,0.26000000,,中天科技
2018-08-28,600522,7.90000000,7.98000000,8.07000000,7.85000000,,531178.97000000,2.75689223,0.75757576,0.06000000,,中天科技
2018-08-29,600522,7.96000000,7.99000000,8.09000000,7.89000000,,315628.71000000,2.50312891,0.12531328,0.01000000,,中天科技
2018-08-30,600522,8.01000000,7.74000000,8.02000000,7.72000000,,349137.44000000,3.87596899,-3.12891114,-0.25000000,,中天科技
2018-08-31,600522,7.69000000,7.71000000,7.80000000,7.67000000,,198495.96000000,1.68612192,-0.38759690,-0.03000000,,中天科技
2018-09-03,600522,7.75000000,7.70000000,7.79000000,7.42000000,,259084.90000000,4.80519481,-0.12970169,-0.01000000,,中天科技
2018-09-04,600522,7.65000000,7.75000000,7.82000000,7.62000000,,214658.20000000,2.58064516,0.64935065,0.05000000,,中天科技
2018-09-05,600522,7.75000000,7.61000000,7.84000000,7.60000000,,261582.43000000,3.15374507,-1.80645161,-0.14000000,,中天科技
2018-09-06,600522,7.56000000,7.45000000,7.67000000,7.41000000,,286076.34000000,3.48993289,-2.10249671,-0.16000000,,中天科技
2018-09-07,600522,7.47000000,7.30000000,7.57000000,7.18000000,,285398.36000000,5.34246575,-2.01342282,-0.15000000,,中天科技
2018-09-10,600522,7.26000000,7.17000000,7.31000000,7.15000000,,148696.29000000,2.23152022,-1.78082192,-0.13000000,,中天科技
2018-09-11,600522,7.15000000,7.23000000,7.30000000,7.09000000,,137459.83000000,2.90456432,0.83682008,0.06000000,,中天科技
2018-09-12,600522,7.23000000,7.22000000,7.30000000,7.20000000,,136146.94000000,1.38504155,-0.13831259,-0.01000000,,中天科技
2018-09-13,600522,7.33000000,7.39000000,7.39000000,7.22000000,,231038.38000000,2.30040595,2.35457064,0.17000000,,中天科技
2018-09-14,600522,7.40000000,7.23000000,7.42000000,7.23000000,,153008.03000000,2.62793914,-2.16508796,-0.16000000,,中天科技
2018-09-17,600522,7.20000000,7.11000000,7.23000000,7.10000000,,134458.68000000,1.82841069,-1.65975104,-0.12000000,,中天科技
2018-09-18,600522,7.10000000,7.24000000,7.27000000,7.02000000,,174610.77000000,3.45303867,1.82841069,0.13000000,,中天科技
2018-09-19,600522,7.19000000,7.33000000,7.40000000,7.17000000,,217107.87000000,3.13778990,1.24309392,0.09000000,,中天科技
2018-09-20,600522,7.34000000,7.30000000,7.42000000,7.27000000,,142989.51000000,2.05479452,-0.40927694,-0.03000000,,中天科技
2018-09-21,600522,7.31000000,7.41000000,7.47000000,7.20000000,,258007.87000000,3.64372470,1.50684932,0.11000000,,中天科技
2018-09-25,600522,7.35000000,7.34000000,7.40000000,7.31000000,,119372.00000000,1.22615804,-0.94466937,-0.07000000,,中天科技
2018-09-26,600522,7.37000000,7.46000000,7.53000000,7.32000000,,273383.33000000,2.81501340,1.63487738,0.12000000,,中天科技
2018-09-27,600522,7.44000000,7.31000000,7.45000000,7.31000000,,189249.23000000,1.91518468,-2.01072386,-0.15000000,,中天科技
2018-09-28,600522,7.36000000,7.32000000,7.39000000,7.18000000,,180661.30000000,2.86885246,0.13679891,0.01000000,,中天科技
2018-10-08,600522,7.13000000,7.03000000,7.17000000,6.99000000,,209893.83000000,2.56045519,-3.96174863,-0.29000000,,中天科技
2018-10-09,600522,7.04000000,7.01000000,7.10000000,6.97000000,,111622.39000000,1.85449358,-0.28449502,-0.02000000,,中天科技
2018-10-10,600522,7.06000000,7.03000000,7.09000000,6.98000000,,84212.04000000,1.56472262,0.28530670,0.02000000,,中天科技
2018-10-11,600522,6.78000000,6.21000000,6.80000000,6.20000000,,397373.94000000,9.66183575,-11.66429587,-0.82000000,,中天科技
2018-10-12,600522,6.14000000,6.09000000,6.18000000,5.76000000,,275578.64000000,6.89655172,-1.93236715,-0.12000000,,中天科技
2018-10-15,600522,6.13000000,5.91000000,6.27000000,5.88000000,,185624.44000000,6.59898477,-2.95566502,-0.18000000,,中天科技
2018-10-16,600522,5.97000000,5.80000000,6.05000000,5.74000000,,180382.36000000,5.34482759,-1.86125212,-0.11000000,,中天科技
2018-10-17,600522,5.93000000,5.94000000,5.98000000,5.74000000,,192153.71000000,4.04040404,2.41379310,0.14000000,,中天科技
2018-10-18,600522,5.86000000,5.77000000,5.91000000,5.75000000,,144034.98000000,2.77296360,-2.86195286,-0.17000000,,中天科技
2018-10-19,600522,5.69000000,5.92000000,5.98000000,5.58000000,,247673.67000000,6.75675676,2.59965338,0.15000000,,中天科技
2018-10-22,600522,6.01000000,6.24000000,6.37000000,5.94000000,,351647.13000000,6.89102564,5.40540541,0.32000000,,中天科技
2018-10-23,600522,6.23000000,6.00000000,6.28000000,5.95000000,,233210.60000000,5.50000000,-3.84615385,-0.24000000,,中天科技
2018-10-24,600522,5.96000000,5.98000000,6.08000000,5.92000000,,135340.09000000,2.67558528,-0.33333333,-0.02000000,,中天科技
2018-10-25,600522,5.77000000,5.93000000,5.99000000,5.69000000,,178869.15000000,5.05902192,-0.83612040,-0.05000000,,中天科技
2018-10-26,600522,5.99000000,6.02000000,6.14000000,5.99000000,,180110.21000000,2.49169435,1.51770658,0.09000000,,中天科技
2018-10-29,600522,6.01000000,5.90000000,6.07000000,5.87000000,,129537.61000000,3.38983051,-1.99335548,-0.12000000,,中天科技
2018-10-30,600522,5.88000000,5.91000000,6.00000000,5.63000000,,216124.33000000,6.26057530,0.16949153,0.01000000,,中天科技
2018-10-31,600522,5.93000000,6.03000000,6.08000000,5.93000000,,185149.26000000,2.48756219,2.03045685,0.12000000,,中天科技
2018-11-01,600522,6.13000000,6.07000000,6.25000000,6.05000000,,319546.53000000,3.29489292,0.66334992,0.04000000,,中天科技
2018-11-02,600522,6.31000000,6.36000000,6.36000000,6.17000000,,453100.59000000,2.98742138,4.77759473,0.29000000,,中天科技
2018-11-05,600522,6.31000000,6.32000000,6.46000000,6.22000000,,350454.68000000,3.79746835,-0.62893082,-0.04000000,,中天科技
2018-11-06,600522,6.25000000,6.18000000,6.29000000,6.15000000,,291872.18000000,2.26537217,-2.21518987,-0.14000000,,中天科技
2018-11-07,600522,6.19000000,6.29000000,6.52000000,6.15000000,,627313.86000000,5.88235294,1.77993528,0.11000000,,中天科技
2018-11-08,600522,6.35000000,6.19000000,6.37000000,6.17000000,,291659.51000000,3.23101777,-1.58982512,-0.10000000,,中天科技
2018-11-09,600522,6.14000000,6.25000000,6.43000000,6.10000000,,393012.63000000,5.28000000,0.96930533,0.06000000,,中天科技
2018-11-12,600522,6.18000000,6.68000000,6.76000000,6.15000000,,689951.96000000,9.13173653,6.88000000,0.43000000,,中天科技
2018-11-13,600522,6.55000000,6.70000000,6.78000000,6.53000000,,584883.40000000,3.73134328,0.29940120,0.02000000,,中天科技
2018-11-14,600522,6.63000000,6.62000000,6.75000000,6.56000000,,358308.91000000,2.87009063,-1.19402985,-0.08000000,,中天科技
2018-11-15,600522,6.62000000,6.76000000,6.76000000,6.60000000,,334819.06000000,2.36686391,2.11480363,0.14000000,,中天科技
2018-11-16,600522,6.77000000,6.76000000,6.83000000,6.62000000,,465954.09000000,3.10650888,0.00000000,0.00000000,,中天科技
2018-11-19,600522,6.74000000,6.73000000,6.75000000,6.61000000,,290634.83000000,2.08023774,-0.44378698,-0.03000000,,中天科技
2018-11-20,600522,6.66000000,6.40000000,6.71000000,6.38000000,,349428.42000000,5.15625000,-4.90341753,-0.33000000,,中天科技
2018-11-21,600522,6.26000000,6.48000000,6.53000000,6.24000000,,228122.53000000,4.47530864,1.25000000,0.08000000,,中天科技
2018-11-22,600522,6.49000000,6.51000000,6.58000000,6.44000000,,205959.21000000,2.15053763,0.46296296,0.03000000,,中天科技
2018-11-23,600522,6.51000000,6.50000000,6.51000000,6.19000000,,269884.31000000,4.92307692,-0.15360983,-0.01000000,,中天科技
2018-11-26,600522,6.35000000,6.41000000,6.47000000,6.28000000,,234060.30000000,2.96411856,-1.38461538,-0.09000000,,中天科技
2018-11-27,600522,6.45000000,6.60000000,6.63000000,6.40000000,,384299.22000000,3.48484848,2.96411856,0.19000000,,中天科技
2018-11-28,600522,6.61000000,6.70000000,6.76000000,6.40000000,,470203.73000000,5.37313433,1.51515152,0.10000000,,中天科技
2018-11-29,600522,6.75000000,6.42000000,6.78000000,6.38000000,,401010.79000000,6.23052960,-4.17910448,-0.28000000,,中天科技
2018-11-30,600522,6.39000000,6.49000000,6.49000000,6.26000000,,233772.75000000,3.54391371,1.09034268,0.07000000,,中天科技
2018-12-03,600522,6.92000000,6.82000000,6.99000000,6.77000000,,669794.73000000,3.22580645,5.08474576,0.33000000,,中天科技
2018-12-04,600522,6.82000000,6.83000000,6.87000000,6.74000000,,309717.64000000,1.90336750,0.14662757,0.01000000,,中天科技
2018-12-05,600522,6.65000000,6.73000000,6.78000000,6.63000000,,291523.72000000,2.22882615,-1.46412884,-0.10000000,,中天科技
2018-12-06,600522,6.64000000,6.50000000,6.64000000,6.49000000,,332879.94000000,2.30769231,-3.41753343,-0.23000000,,中天科技
2018-12-07,600522,6.53000000,6.63000000,6.64000000,6.52000000,,204204.03000000,1.80995475,2.00000000,0.13000000,,中天科技
2018-12-10,600522,6.56000000,6.65000000,6.80000000,6.54000000,,322764.54000000,3.90977444,0.30165913,0.02000000,,中天科技
2018-12-11,600522,6.68000000,6.85000000,6.88000000,6.68000000,,406154.03000000,2.91970803,3.00751880,0.20000000,,中天科技
2018-12-12,600522,6.88000000,6.76000000,6.90000000,6.74000000,,242393.02000000,2.36686391,-1.31386861,-0.09000000,,中天科技
2018-12-13,600522,6.78000000,6.97000000,7.02000000,6.77000000,,525565.85000000,3.58680057,3.10650888,0.21000000,,中天科技
2018-12-14,600522,6.96000000,6.77000000,6.96000000,6.74000000,,364964.04000000,3.24963072,-2.86944046,-0.20000000,,中天科技
2018-12-17,600522,6.78000000,6.76000000,6.78000000,6.63000000,,210952.66000000,2.21893491,-0.14771049,-0.01000000,,中天科技
2018-12-18,600522,6.68000000,6.71000000,6.80000000,6.63000000,,196687.76000000,2.53353204,-0.73964497,-0.05000000,,中天科技
2018-12-19,600522,6.75000000,6.62000000,6.83000000,6.58000000,,236042.05000000,3.77643505,-1.34128167,-0.09000000,,中天科技
2018-12-20,600522,6.57000000,6.69000000,6.73000000,6.56000000,,225009.35000000,2.54110613,1.05740181,0.07000000,,中天科技
2018-12-21,600522,6.63000000,6.71000000,6.72000000,6.57000000,,199972.36000000,2.23546945,0.29895366,0.02000000,,中天科技
2018-12-24,600522,6.69000000,6.89000000,6.90000000,6.66000000,,377683.94000000,3.48330914,2.68256334,0.18000000,,中天科技
2018-12-25,600522,6.78000000,6.94000000,7.03000000,6.66000000,,486566.98000000,5.33141210,0.72568940,0.05000000,,中天科技
2018-12-26,600522,6.93000000,6.89000000,7.08000000,6.89000000,,451921.88000000,2.75761974,-0.72046110,-0.05000000,,中天科技
2018-12-27,600522,7.03000000,6.86000000,7.06000000,6.84000000,,393748.46000000,3.20699708,-0.43541364,-0.03000000,,中天科技
2018-12-28,600522,6.86000000,6.88000000,6.89000000,6.71000000,,278391.08000000,2.61627907,0.29154519,0.02000000,,中天科技
2019-01-02,600522,6.88000000,6.99000000,7.00000000,6.82000000,,385702.87000000,2.57510730,1.59883721,0.11000000,,中天科技
2019-01-03,600522,6.92000000,6.68000000,6.99000000,6.67000000,,468732.34000000,4.79041916,-4.43490701,-0.31000000,,中天科技
2019-01-04,600522,6.58000000,6.90000000,6.90000000,6.49000000,,428466.15000000,5.94202899,3.29341317,0.22000000,,中天科技
2019-01-07,600522,6.97000000,7.14000000,7.29000000,6.90000000,,876064.88000000,5.46218487,3.47826087,0.24000000,,中天科技
2019-01-08,600522,7.11000000,7.05000000,7.18000000,6.99000000,,494549.32000000,2.69503546,-1.26050420,-0.09000000,,中天科技
2019-01-09,600522,7.06000000,6.99000000,7.18000000,6.96000000,,631976.56000000,3.14735336,-0.85106383,-0.06000000,,中天科技
2019-01-10,600522,7.00000000,7.19000000,7.41000000,6.98000000,,993244.59000000,5.98052851,2.86123033,0.20000000,,中天科技
2019-01-11,600522,7.26000000,7.23000000,7.34000000,7.13000000,,712374.67000000,2.90456432,0.55632823,0.04000000,,中天科技
2019-01-14,600522,7.23000000,7.14000000,7.23000000,7.02000000,,478369.32000000,2.94117647,-1.24481328,-0.09000000,,中天科技
2019-01-15,600522,7.12000000,7.25000000,7.26000000,7.07000000,,471952.29000000,2.62068966,1.54061625,0.11000000,,中天科技
2019-01-16,600522,7.23000000,7.19000000,7.29000000,7.14000000,,356960.20000000,2.08623088,-0.82758621,-0.06000000,,中天科技
2019-01-17,600522,7.19000000,7.06000000,7.19000000,7.04000000,,337590.90000000,2.12464589,-1.80806676,-0.13000000,,中天科技
2019-01-18,600522,7.07000000,7.13000000,7.14000000,7.02000000,,294801.44000000,1.68302945,0.99150142,0.07000000,,中天科技
2019-01-21,600522,7.13000000,7.20000000,7.29000000,7.10000000,,339423.10000000,2.63888889,0.98176718,0.07000000,,中天科技
2019-01-22,600522,7.16000000,7.06000000,7.17000000,7.01000000,,287128.41000000,2.26628895,-1.94444444,-0.14000000,,中天科技
2019-01-23,600522,7.03000000,7.04000000,7.09000000,6.97000000,,186050.31000000,1.70454545,-0.28328612,-0.02000000,,中天科技
2019-01-24,600522,7.05000000,7.09000000,7.15000000,6.99000000,,245127.84000000,2.25669958,0.71022727,0.05000000,,中天科技
2019-01-25,600522,7.08000000,6.98000000,7.11000000,6.96000000,,234452.98000000,2.14899713,-1.55148096,-0.11000000,,中天科技
2019-01-28,600522,7.05000000,6.82000000,7.06000000,6.81000000,,294256.78000000,3.66568915,-2.29226361,-0.16000000,,中天科技
2019-01-29,600522,6.80000000,6.82000000,6.88000000,6.65000000,,260687.49000000,3.37243402,0.00000000,0.00000000,,中天科技
2019-01-30,600522,6.78000000,6.63000000,6.84000000,6.61000000,,252526.79000000,3.46907994,-2.78592375,-0.19000000,,中天科技
2019-01-31,600522,6.64000000,6.55000000,6.76000000,6.50000000,,254643.32000000,3.96946565,-1.20663650,-0.08000000,,中天科技
2019-02-01,600522,6.58000000,6.76000000,6.77000000,6.57000000,,235545.75000000,2.95857988,3.20610687,0.21000000,,中天科技
2019-02-11,600522,6.79000000,7.01000000,7.02000000,6.75000000,,535819.31000000,3.85164051,3.69822485,0.25000000,,中天科技
2019-02-12,600522,7.01000000,7.03000000,7.07000000,6.96000000,,377687.25000000,1.56472262,0.28530670,0.02000000,,中天科技
2019-02-13,600522,7.28000000,7.86000000,7.86000000,7.25000000,,1420497.27000000,7.76081425,11.80654339,0.83000000,,中天科技
2019-02-14,600522,8.03000000,7.71000000,8.04000000,7.68000000,,1242975.43000000,4.66926070,-1.90839695,-0.15000000,,中天科技
2019-02-15,600522,7.72000000,7.72000000,7.91000000,7.66000000,,868890.31000000,3.23834197,0.12970169,0.01000000,,中天科技
2019-02-18,600522,7.87000000,8.24000000,8.32000000,7.79000000,,1258614.64000000,6.43203883,6.73575130,0.52000000,,中天科技
2019-02-19,600522,8.27000000,8.27000000,8.32000000,8.03000000,,912634.10000000,3.50665054,0.36407767,0.03000000,,中天科技
2019-02-20,600522,8.18000000,8.20000000,8.21000000,8.04000000,,597877.40000000,2.07317073,-0.84643289,-0.07000000,,中天科技
2019-02-21,600522,8.20000000,8.27000000,8.65000000,8.11000000,,1395829.42000000,6.52962515,0.85365854,0.07000000,,中天科技
2019-02-22,600522,8.25000000,8.63000000,8.71000000,8.15000000,,1220982.89000000,6.48899189,4.35308343,0.36000000,,中天科技
2019-02-25,600522,9.03000000,9.03000000,9.25000000,8.78000000,,1640885.88000000,5.20487265,4.63499421,0.40000000,,中天科技
2019-02-26,600522,9.04000000,8.83000000,9.13000000,8.72000000,,1310557.76000000,4.64326161,-2.21483942,-0.20000000,,中天科技
2019-02-27,600522,8.82000000,8.72000000,8.94000000,8.60000000,,933877.53000000,3.89908257,-1.24575311,-0.11000000,,中天科技
2019-02-28,600522,8.73000000,8.62000000,8.79000000,8.55000000,,580348.87000000,2.78422274,-1.14678899,-0.10000000,,中天科技
2019-03-01,600522,8.68000000,8.70000000,8.74000000,8.55000000,,500912.17000000,2.18390805,0.92807425,0.08000000,,中天科技
2019-03-04,600522,8.82000000,8.81000000,9.03000000,8.75000000,,1095327.13000000,3.17820658,1.26436782,0.11000000,,中天科技
2019-03-05,600522,8.75000000,9.09000000,9.11000000,8.71000000,,982562.31000000,4.40044004,3.17820658,0.28000000,,中天科技
2019-03-06,600522,9.14000000,9.04000000,9.31000000,8.91000000,,1036006.30000000,4.42477876,-0.55005501,-0.05000000,,中天科技
2019-03-07,600522,9.03000000,8.93000000,9.04000000,8.82000000,,976678.98000000,2.46360582,-1.21681416,-0.11000000,,中天科技
2019-03-08,600522,8.71000000,8.68000000,9.21000000,8.57000000,,1113658.18000000,7.37327189,-2.79955207,-0.25000000,,中天科技
2019-03-11,600522,8.75000000,9.11000000,9.11000000,8.73000000,,1071334.24000000,4.17124040,4.95391705,0.43000000,,中天科技
2019-03-12,600522,9.20000000,9.08000000,9.27000000,8.93000000,,1236429.53000000,3.74449339,-0.32930845,-0.03000000,,中天科技
2019-03-13,600522,9.00000000,8.74000000,9.01000000,8.69000000,,905014.45000000,3.66132723,-3.74449339,-0.34000000,,中天科技
2019-03-14,600522,8.78000000,8.66000000,8.86000000,8.56000000,,615028.73000000,3.46420323,-0.91533181,-0.08000000,,中天科技
2019-03-15,600522,8.67000000,8.66000000,8.77000000,8.61000000,,474063.84000000,1.84757506,0.00000000,0.00000000,,中天科技
2019-03-18,600522,8.71000000,8.92000000,8.96000000,8.61000000,,632214.60000000,3.92376682,3.00230947,0.26000000,,中天科技
2019-03-19,600522,8.99000000,8.91000000,9.10000000,8.84000000,,779065.40000000,2.91806958,-0.11210762,-0.01000000,,中天科技
2019-03-20,600522,8.88000000,8.80000000,8.88000000,8.70000000,,517801.16000000,2.04545455,-1.23456790,-0.11000000,,中天科技
2019-03-21,600522,8.81000000,8.87000000,8.95000000,8.75000000,,528452.92000000,2.25479143,0.79545455,0.07000000,,中天科技
2019-03-22,600522,8.88000000,8.85000000,8.94000000,8.75000000,,444252.33000000,2.14689266,-0.22547914,-0.02000000,,中天科技
2019-03-25,600522,8.74000000,8.93000000,9.09000000,8.69000000,,770151.16000000,4.47928331,0.90395480,0.08000000,,中天科技
2019-03-26,600522,9.00000000,8.59000000,9.05000000,8.58000000,,621697.11000000,5.47147846,-3.80739082,-0.34000000,,中天科技
2019-03-27,600522,8.64000000,8.50000000,8.68000000,8.40000000,,463280.28000000,3.29411765,-1.04772992,-0.09000000,,中天科技
2019-03-28,600522,8.50000000,8.52000000,8.79000000,8.42000000,,497055.10000000,4.34272300,0.23529412,0.02000000,,中天科技
2019-03-29,600522,8.53000000,8.68000000,8.68000000,8.27000000,,636727.55000000,4.72350230,1.87793427,0.16000000,,中天科技
2019-04-01,600522,8.72000000,8.98000000,9.02000000,8.72000000,,927947.88000000,3.34075724,3.45622120,0.30000000,,中天科技
2019-04-02,600522,9.03000000,8.92000000,9.07000000,8.88000000,,714792.66000000,2.13004484,-0.66815145,-0.06000000,,中天科技
2019-04-03,600522,8.88000000,9.14000000,9.19000000,8.82000000,,932808.41000000,4.04814004,2.46636771,0.22000000,,中天科技
2019-04-04,600522,9.14000000,9.12000000,9.22000000,9.06000000,,764481.49000000,1.75438596,-0.21881838,-0.02000000,,中天科技
2019-04-08,600522,9.18000000,8.90000000,9.26000000,8.83000000,,786387.98000000,4.83146067,-2.41228070,-0.22000000,,中天科技
2019-04-09,600522,8.92000000,8.95000000,9.11000000,8.86000000,,520077.13000000,2.79329609,0.56179775,0.05000000,,中天科技
2019-04-10,600522,8.93000000,9.29000000,9.41000000,8.80000000,,1094218.81000000,6.56620022,3.79888268,0.34000000,,中天科技
2019-04-11,600522,9.32000000,8.89000000,9.35000000,8.88000000,,802084.06000000,5.28683915,-4.30570506,-0.40000000,,中天科技
2019-04-12,600522,8.89000000,8.78000000,8.93000000,8.75000000,,416200.83000000,2.05011390,-1.23734533,-0.11000000,,中天科技
2019-04-15,600522,8.93000000,8.76000000,9.09000000,8.75000000,,500346.21000000,3.88127854,-0.22779043,-0.02000000,,中天科技
2019-04-16,600522,8.73000000,9.16000000,9.28000000,8.66000000,,998606.04000000,6.76855895,4.56621005,0.40000000,,中天科技
2019-04-17,600522,9.18000000,9.04000000,9.25000000,8.99000000,,664986.52000000,2.87610619,-1.31004367,-0.12000000,,中天科技
2019-04-18,600522,9.05000000,9.90000000,10.07000000,9.01000000,,2889743.00000000,10.70707071,9.51327434,0.86000000,,中天科技
2019-04-19,600522,9.73000000,10.13000000,10.21000000,9.57000000,,2259336.96000000,6.31786772,2.32323232,0.23000000,,中天科技
2019-04-22,600522,10.33000000,9.89000000,10.52000000,9.84000000,,1638669.30000000,6.87563195,-2.36920039,-0.24000000,,中天科技
2019-04-23,600522,9.86000000,9.56000000,9.98000000,9.55000000,,1118144.27000000,4.49790795,-3.33670374,-0.33000000,,中天科技
2019-04-24,600522,9.64000000,9.67000000,9.78000000,9.42000000,,798427.74000000,3.72285419,1.15062762,0.11000000,,中天科技
2019-04-25,600522,9.69000000,9.20000000,9.73000000,9.19000000,,929238.75000000,5.86956522,-4.86039297,-0.47000000,,中天科技
2019-04-26,600522,9.11000000,9.00000000,9.34000000,8.99000000,,720114.72000000,3.88888889,-2.17391304,-0.20000000,,中天科技
2019-04-29,600522,9.09000000,8.75000000,9.14000000,8.68000000,,783389.88000000,5.25714286,-2.77777778,-0.25000000,,中天科技
2019-04-30,600522,8.76000000,8.87000000,9.02000000,8.75000000,,581387.73000000,3.04396843,1.37142857,0.12000000,,中天科技
2019-05-06,600522,8.42000000,7.86000000,8.54000000,7.86000000,,975215.48000000,8.65139949,-11.38669673,-1.01000000,,中天科技
2019-05-07,600522,7.93000000,7.90000000,7.99000000,7.68000000,,528269.66000000,3.92405063,0.50890585,0.04000000,,中天科技
2019-05-08,600522,7.64000000,7.70000000,7.89000000,7.54000000,,442903.86000000,4.54545455,-2.53164557,-0.20000000,,中天科技
2019-05-09,600522,7.62000000,7.61000000,7.81000000,7.57000000,,341301.97000000,3.15374507,-1.16883117,-0.09000000,,中天科技
2019-05-10,600522,7.72000000,7.96000000,7.98000000,7.38000000,,673820.14000000,7.53768844,4.59921156,0.35000000,,中天科技
2019-05-13,600522,7.75000000,7.70000000,7.87000000,7.64000000,,492802.16000000,2.98701299,-3.26633166,-0.26000000,,中天科技
2019-05-14,600522,7.58000000,7.67000000,7.79000000,7.52000000,,371746.81000000,3.52020860,-0.38961039,-0.03000000,,中天科技
2019-05-15,600522,7.79000000,7.83000000,7.86000000,7.72000000,,467225.68000000,1.78799489,2.08604954,0.16000000,,中天科技
2019-05-16,600522,7.85000000,8.01000000,8.05000000,7.74000000,,560949.52000000,3.87016230,2.29885057,0.18000000,,中天科技
2019-05-17,600522,8.01000000,7.64000000,8.04000000,7.58000000,,514515.82000000,6.02094241,-4.61922597,-0.37000000,,中天科技
2019-05-20,600522,7.64000000,7.68000000,7.72000000,7.48000000,,307545.94000000,3.12500000,0.52356021,0.04000000,,中天科技
2019-05-21,600522,7.69000000,7.85000000,7.95000000,7.62000000,,405241.76000000,4.20382166,2.21354167,0.17000000,,中天科技
2019-05-22,600522,7.87000000,7.83000000,8.01000000,7.74000000,,439540.31000000,3.44827586,-0.25477707,-0.02000000,,中天科技
2019-05-23,600522,7.85000000,7.67000000,7.86000000,7.61000000,,340681.27000000,3.25945241,-2.04342273,-0.16000000,,中天科技
2019-05-24,600522,7.60000000,7.56000000,7.70000000,7.52000000,,297103.60000000,2.38095238,-1.43415906,-0.11000000,,中天科技
2019-05-27,600522,7.58000000,7.77000000,7.79000000,7.52000000,,353093.26000000,3.47490347,2.77777778,0.21000000,,中天科技
2019-05-28,600522,7.77000000,7.74000000,7.91000000,7.71000000,,365986.41000000,2.58397933,-0.38610039,-0.03000000,,中天科技
2019-05-29,600522,7.72000000,7.73000000,7.81000000,7.69000000,,260853.52000000,1.55239327,-0.12919897,-0.01000000,,中天科技
2019-05-30,600522,7.66000000,7.60000000,7.67000000,7.53000000,,307105.62000000,1.84210526,-1.68175938,-0.13000000,,中天科技
2019-05-31,600522,7.59000000,7.58000000,7.69000000,7.56000000,,227695.64000000,1.71503958,-0.26315789,-0.02000000,,中天科技
2019-06-03,600522,7.62000000,7.65000000,7.75000000,7.41000000,,470424.98000000,4.44444444,0.92348285,0.07000000,,中天科技
2019-06-04,600522,7.65000000,7.84000000,7.95000000,7.63000000,,701702.66000000,4.08163265,2.48366013,0.19000000,,中天科技
2019-06-05,600522,7.93000000,7.87000000,7.97000000,7.74000000,,522269.78000000,2.92249047,0.38265306,0.03000000,,中天科技
2019-06-06,600522,7.87000000,7.62000000,7.87000000,7.59000000,,383098.09000000,3.67454068,-3.17662008,-0.25000000,,中天科技
2019-06-10,600522,7.64000000,7.78000000,7.82000000,7.62000000,,313098.12000000,2.57069409,2.09973753,0.16000000,,中天科技
2019-06-11,600522,7.75000000,8.01000000,8.02000000,7.67000000,,647187.04000000,4.36953808,2.95629820,0.23000000,,中天科技
2019-06-12,600522,7.98000000,8.31000000,8.41000000,7.90000000,,934955.96000000,6.13718412,3.74531835,0.30000000,,中天科技
2019-06-13,600522,8.13000000,8.15000000,8.29000000,8.06000000,,561993.16000000,2.82208589,-1.92539110,-0.16000000,,中天科技
2019-06-14,600522,8.16000000,7.90000000,8.27000000,7.86000000,,396301.53000000,5.18987342,-3.06748466,-0.25000000,,中天科技
2019-06-17,600522,7.87000000,7.87000000,7.96000000,7.84000000,,201853.99000000,1.52477764,-0.37974684,-0.03000000,,中天科技
2019-06-18,600522,7.96000000,7.89000000,7.97000000,7.84000000,,188746.03000000,1.64765526,0.25412961,0.02000000,,中天科技
2019-06-19,600522,8.14000000,7.98000000,8.20000000,7.97000000,,433602.36000000,2.88220551,1.14068441,0.09000000,,中天科技
2019-06-20,600522,8.01000000,8.17000000,8.20000000,7.92000000,,497322.02000000,3.42717258,2.38095238,0.19000000,,中天科技
2019-06-21,600522,8.20000000,8.19000000,8.27000000,8.12000000,,522385.12000000,1.83150183,0.24479804,0.02000000,,中天科技
2019-06-24,600522,8.19000000,8.10000000,8.19000000,8.07000000,,273788.05000000,1.48148148,-1.09890110,-0.09000000,,中天科技
2019-06-25,600522,8.10000000,7.95000000,8.11000000,7.83000000,,352231.77000000,3.52201258,-1.85185185,-0.15000000,,中天科技
2019-06-26,600522,7.94000000,8.00000000,8.09000000,7.92000000,,271755.66000000,2.12500000,0.62893082,0.05000000,,中天科技
2019-06-27,600522,7.98000000,8.09000000,8.13000000,7.98000000,,347657.29000000,1.85414091,1.12500000,0.09000000,,中天科技
2019-06-28,600522,8.09000000,7.90000000,8.09000000,7.85000000,,344323.75000000,3.03797468,-2.34857849,-0.19000000,,中天科技
2019-07-01,600522,8.11000000,8.21000000,8.28000000,8.05000000,,662275.72000000,2.80146163,3.92405063,0.31000000,,中天科技
2019-07-02,600522,8.21000000,8.17000000,8.27000000,8.13000000,,360763.59000000,1.71358629,-0.48721072,-0.04000000,,中天科技
2019-07-03,600522,8.14000000,8.19000000,8.20000000,7.98000000,,492790.31000000,2.68620269,0.24479804,0.02000000,,中天科技
2019-07-04,600522,8.16000000,8.09000000,8.22000000,8.07000000,,271042.42000000,1.85414091,-1.22100122,-0.10000000,,中天科技
2019-07-05,600522,8.10000000,8.04000000,8.12000000,8.01000000,,264033.56000000,1.36815920,-0.61804697,-0.05000000,,中天科技
2019-07-08,600522,8.02000000,7.75000000,8.02000000,7.71000000,,346790.22000000,4.00000000,-3.60696517,-0.29000000,,中天科技
2019-07-09,600522,7.73000000,7.80000000,7.85000000,7.73000000,,171135.86000000,1.53846154,0.64516129,0.05000000,,中天科技
2019-07-10,600522,7.82000000,7.70000000,7.85000000,7.66000000,,174735.71000000,2.46753247,-1.28205128,-0.10000000,,中天科技
2019-07-11,600522,7.76000000,7.67000000,7.79000000,7.64000000,,160338.07000000,1.95567145,-0.38961039,-0.03000000,,中天科技
2019-07-12,600522,7.69000000,7.75000000,7.77000000,7.63000000,,143596.53000000,1.80645161,1.04302477,0.08000000,,中天科技
2019-07-15,600522,7.73000000,7.77000000,7.82000000,7.60000000,,250357.72000000,2.83140283,0.25806452,0.02000000,,中天科技
2019-07-16,600522,7.78000000,7.77000000,7.84000000,7.74000000,,154212.78000000,1.28700129,0.00000000,0.00000000,,中天科技
2019-07-17,600522,7.76000000,7.83000000,7.90000000,7.72000000,,231373.74000000,2.29885057,0.77220077,0.06000000,,中天科技
2019-07-18,600522,7.75000000,7.69000000,7.77000000,7.66000000,,189439.68000000,1.43042913,-1.78799489,-0.14000000,,中天科技
2019-07-19,600522,7.71000000,7.72000000,7.81000000,7.70000000,,148995.41000000,1.42487047,0.39011704,0.03000000,,中天科技
2019-07-22,600522,7.72000000,7.51000000,7.75000000,7.51000000,,286888.64000000,3.19573901,-2.72020725,-0.21000000,,中天科技
2019-07-23,600522,7.54000000,7.56000000,7.58000000,7.50000000,,135269.58000000,1.05820106,0.66577896,0.05000000,,中天科技
2019-07-24,600522,7.58000000,7.66000000,7.76000000,7.58000000,,277270.84000000,2.34986945,1.32275132,0.10000000,,中天科技
2019-07-25,600522,7.64000000,7.68000000,7.75000000,7.63000000,,212152.57000000,1.56250000,0.26109661,0.02000000,,中天科技
2019-07-26,600522,7.64000000,7.69000000,7.69000000,7.63000000,,138545.08000000,0.78023407,0.13020833,0.01000000,,中天科技
2019-07-29,600522,7.69000000,7.72000000,7.77000000,7.66000000,,165335.98000000,1.42487047,0.39011704,0.03000000,,中天科技
2019-07-30,600522,7.70000000,7.74000000,7.81000000,7.70000000,,212739.73000000,1.42118863,0.25906736,0.02000000,,中天科技
2019-07-31,600522,7.74000000,7.70000000,7.77000000,7.69000000,,173492.63000000,1.03896104,-0.51679587,-0.04000000,,中天科技
2019-08-01,600522,7.67000000,7.64000000,7.70000000,7.58000000,,198935.94000000,1.57068063,-0.77922078,-0.06000000,,中天科技
2019-08-02,600522,7.43000000,7.47000000,7.50000000,7.34000000,,353607.56000000,2.14190094,-2.22513089,-0.17000000,,中天科技
2019-08-05,600522,7.40000000,7.32000000,7.55000000,7.32000000,,231743.63000000,3.14207650,-2.00803213,-0.15000000,,中天科技
2019-08-06,600522,7.18000000,7.00000000,7.18000000,6.77000000,,441022.62000000,5.85714286,-4.37158470,-0.32000000,,中天科技
2019-08-07,600522,7.04000000,6.97000000,7.07000000,6.93000000,,183651.21000000,2.00860832,-0.42857143,-0.03000000,,中天科技
2019-08-08,600522,6.97000000,7.01000000,7.06000000,6.97000000,,152093.58000000,1.28388017,0.57388809,0.04000000,,中天科技
2019-08-09,600522,7.07000000,6.84000000,7.09000000,6.81000000,,214249.89000000,4.09356725,-2.42510699,-0.17000000,,中天科技
2019-08-12,600522,6.86000000,7.00000000,7.00000000,6.78000000,,209784.50000000,3.14285714,2.33918129,0.16000000,,中天科技
2019-08-13,600522,6.88000000,6.89000000,6.94000000,6.84000000,,142804.95000000,1.45137881,-1.57142857,-0.11000000,,中天科技
2019-08-14,600522,7.00000000,6.99000000,7.17000000,6.97000000,,310944.31000000,2.86123033,1.45137881,0.10000000,,中天科技
2019-08-15,600522,6.80000000,7.00000000,7.02000000,6.75000000,,209613.93000000,3.85714286,0.14306152,0.01000000,,中天科技
2019-08-16,600522,6.99000000,7.03000000,7.13000000,6.95000000,,228832.97000000,2.56045519,0.42857143,0.03000000,,中天科技
2019-08-19,600522,7.10000000,7.31000000,7.34000000,7.10000000,,427277.74000000,3.28317373,3.98293030,0.28000000,,中天科技
2019-08-20,600522,7.30000000,7.28000000,7.40000000,7.27000000,,292987.38000000,1.78571429,-0.41039672,-0.03000000,,中天科技
2019-08-21,600522,7.28000000,7.21000000,7.30000000,7.18000000,,210932.30000000,1.66435506,-0.96153846,-0.07000000,,中天科技
2019-08-22,600522,7.24000000,7.23000000,7.29000000,7.19000000,,185356.46000000,1.38312586,0.27739251,0.02000000,,中天科技
2019-08-23,600522,7.25000000,7.13000000,7.26000000,7.08000000,,210006.35000000,2.52454418,-1.38312586,-0.10000000,,中天科技
2019-08-26,600522,6.98000000,6.95000000,6.99000000,6.92000000,,261395.82000000,1.00719424,-2.52454418,-0.18000000,,中天科技
2019-08-27,600522,7.01000000,7.09000000,7.14000000,6.96000000,,300339.99000000,2.53878702,2.01438849,0.14000000,,中天科技
2019-08-28,600522,7.07000000,7.07000000,7.14000000,6.99000000,,229929.27000000,2.12164074,-0.28208745,-0.02000000,,中天科技
2019-08-29,600522,7.08000000,7.00000000,7.11000000,6.98000000,,212978.01000000,1.85714286,-0.99009901,-0.07000000,,中天科技
2019-08-30,600522,7.08000000,7.16000000,7.28000000,7.04000000,,697049.76000000,3.35195531,2.28571429,0.16000000,,中天科技
2019-09-02,600522,7.16000000,7.41000000,7.45000000,7.13000000,,484239.42000000,4.31848853,3.49162011,0.25000000,,中天科技
2019-09-03,600522,7.37000000,7.39000000,7.44000000,7.31000000,,359569.24000000,1.75913396,-0.26990553,-0.02000000,,中天科技
2019-09-04,600522,7.38000000,7.41000000,7.44000000,7.32000000,,318674.20000000,1.61943320,0.27063599,0.02000000,,中天科技
2019-09-05,600522,7.46000000,7.54000000,7.71000000,7.44000000,,604618.16000000,3.58090186,1.75438596,0.13000000,,中天科技
2019-09-06,600522,7.62000000,7.78000000,7.98000000,7.62000000,,854658.52000000,4.62724936,3.18302387,0.24000000,,中天科技
2019-09-09,600522,7.85000000,8.03000000,8.06000000,7.81000000,,731004.52000000,3.11332503,3.21336761,0.25000000,,中天科技
2019-09-10,600522,8.02000000,7.88000000,8.02000000,7.80000000,,585191.23000000,2.79187817,-1.86799502,-0.15000000,,中天科技
2019-09-11,600522,7.93000000,7.78000000,7.96000000,7.77000000,,380118.17000000,2.44215938,-1.26903553,-0.10000000,,中天科技
2019-09-12,600522,7.79000000,7.79000000,7.82000000,7.67000000,,307290.60000000,1.92554557,0.12853470,0.01000000,,中天科技
2019-09-16,600522,7.82000000,7.80000000,7.92000000,7.79000000,,314650.54000000,1.66666667,0.12836970,0.01000000,,中天科技
2019-09-17,600522,7.79000000,7.59000000,7.79000000,7.51000000,,428204.89000000,3.68906456,-2.69230769,-0.21000000,,中天科技
2019-09-18,600522,7.62000000,7.64000000,7.70000000,7.55000000,,227823.27000000,1.96335079,0.65876153,0.05000000,,中天科技
2019-09-19,600522,7.66000000,7.85000000,7.85000000,7.63000000,,455274.13000000,2.80254777,2.74869110,0.21000000,,中天科技
2019-09-20,600522,7.84000000,7.79000000,7.88000000,7.75000000,,290980.23000000,1.66880616,-0.76433121,-0.06000000,,中天科技
2019-09-23,600522,7.78000000,7.68000000,7.78000000,7.59000000,,279534.04000000,2.47395833,-1.41206675,-0.11000000,,中天科技
2019-09-24,600522,7.67000000,7.77000000,7.85000000,7.63000000,,377971.34000000,2.83140283,1.17187500,0.09000000,,中天科技
2019-09-25,600522,7.84000000,7.72000000,8.01000000,7.70000000,,668278.86000000,4.01554404,-0.64350064,-0.05000000,,中天科技
2019-09-26,600522,7.73000000,7.50000000,7.77000000,7.45000000,,434392.47000000,4.26666667,-2.84974093,-0.22000000,,中天科技
2019-09-27,600522,7.50000000,7.53000000,7.60000000,7.47000000,,196461.94000000,1.72642762,0.40000000,0.03000000,,中天科技
2019-09-30,600522,7.52000000,7.46000000,7.57000000,7.42000000,,189757.58000000,2.01072386,-0.92961487,-0.07000000,,中天科技
2019-10-08,600522,7.45000000,7.57000000,7.58000000,7.44000000,,207274.62000000,1.84940555,1.47453083,0.11000000,,中天科技
2019-10-09,600522,7.50000000,7.56000000,7.60000000,7.46000000,,148537.44000000,1.85185185,-0.13210040,-0.01000000,,中天科技
2019-10-10,600522,7.54000000,7.57000000,7.61000000,7.48000000,,206782.38000000,1.71730515,0.13227513,0.01000000,,中天科技
2019-10-11,600522,7.59000000,7.45000000,7.60000000,7.37000000,,296949.77000000,3.08724832,-1.58520476,-0.12000000,,中天科技
2019-10-14,600522,7.54000000,7.59000000,7.61000000,7.50000000,,307060.37000000,1.44927536,1.87919463,0.14000000,,中天科技
2019-10-15,600522,7.57000000,7.49000000,7.57000000,7.48000000,,200131.68000000,1.20160214,-1.31752306,-0.10000000,,中天科技
2019-10-16,600522,7.67000000,7.46000000,7.67000000,7.44000000,,184231.61000000,3.08310992,-0.40053405,-0.03000000,,中天科技
2019-10-17,600522,7.43000000,7.32000000,7.49000000,7.28000000,,220313.86000000,2.86885246,-1.87667560,-0.14000000,,中天科技
2019-10-18,600522,7.41000000,7.18000000,7.42000000,7.15000000,,234246.21000000,3.76044568,-1.91256831,-0.14000000,,中天科技
2019-10-21,600522,7.15000000,7.09000000,7.18000000,7.04000000,,202046.07000000,1.97461213,-1.25348189,-0.09000000,,中天科技
2019-10-22,600522,7.11000000,7.16000000,7.16000000,7.07000000,,179972.51000000,1.25698324,0.98730606,0.07000000,,中天科技
2019-10-23,600522,7.13000000,7.07000000,7.13000000,7.04000000,,151730.70000000,1.27298444,-1.25698324,-0.09000000,,中天科技
2019-10-24,600522,7.07000000,7.04000000,7.10000000,7.00000000,,149105.35000000,1.42045455,-0.42432815,-0.03000000,,中天科技
2019-10-25,600522,7.02000000,7.07000000,7.10000000,7.01000000,,128719.43000000,1.27298444,0.42613636,0.03000000,,中天科技
2019-10-28,600522,7.12000000,7.27000000,7.30000000,7.11000000,,263156.05000000,2.61348006,2.82885431,0.20000000,,中天科技
2019-10-29,600522,7.29000000,7.07000000,7.31000000,7.06000000,,228944.67000000,3.53606789,-2.75103164,-0.20000000,,中天科技
2019-10-30,600522,7.02000000,6.83000000,7.02000000,6.80000000,,385558.65000000,3.22108346,-3.39462518,-0.24000000,,中天科技
2019-10-31,600522,6.83000000,6.84000000,6.91000000,6.83000000,,136969.97000000,1.16959064,0.14641288,0.01000000,,中天科技
2019-11-01,600522,6.85000000,6.90000000,6.93000000,6.81000000,,135382.12000000,1.73913043,0.87719298,0.06000000,,中天科技
2019-11-04,600522,6.92000000,7.06000000,7.25000000,6.92000000,,395736.59000000,4.67422096,2.31884058,0.16000000,,中天科技
2019-11-05,600522,7.10000000,7.05000000,7.10000000,6.97000000,,183747.17000000,1.84397163,-0.14164306,-0.01000000,,中天科技
2019-11-06,600522,7.07000000,6.95000000,7.09000000,6.90000000,,189411.34000000,2.73381295,-1.41843972,-0.10000000,,中天科技
2019-11-07,600522,6.99000000,7.00000000,7.04000000,6.94000000,,124509.41000000,1.42857143,0.71942446,0.05000000,,中天科技
2019-11-08,600522,7.05000000,7.04000000,7.13000000,7.02000000,,222601.31000000,1.56250000,0.57142857,0.04000000,,中天科技
2019-11-11,600522,7.02000000,6.87000000,7.02000000,6.84000000,,163789.89000000,2.62008734,-2.41477273,-0.17000000,,中天科技
2019-11-12,600522,6.87000000,6.93000000,6.96000000,6.86000000,,130469.21000000,1.44300144,0.87336245,0.06000000,,中天科技
2019-11-13,600522,6.94000000,7.12000000,7.47000000,6.84000000,,307039.49000000,8.84831461,2.74170274,0.19000000,,中天科技
2019-11-14,600522,7.06000000,7.17000000,7.25000000,7.02000000,,236107.46000000,3.20781032,0.70224719,0.05000000,,中天科技
2019-11-15,600522,7.12000000,7.00000000,7.18000000,6.99000000,,174232.44000000,2.71428571,-2.37099024,-0.17000000,,中天科技
2019-11-18,600522,7.02000000,7.07000000,7.12000000,6.95000000,,128094.62000000,2.40452617,1.00000000,0.07000000,,中天科技
2019-11-19,600522,7.08000000,7.14000000,7.15000000,7.03000000,,162593.55000000,1.68067227,0.99009901,0.07000000,,中天科技
2019-11-20,600522,7.13000000,7.04000000,7.19000000,7.03000000,,152866.00000000,2.27272727,-1.40056022,-0.10000000,,中天科技
2019-11-21,600522,7.00000000,7.00000000,7.04000000,6.96000000,,119875.45000000,1.14285714,-0.56818182,-0.04000000,,中天科技
2019-11-22,600522,7.01000000,6.95000000,7.10000000,6.91000000,,155442.01000000,2.73381295,-0.71428571,-0.05000000,,中天科技
2019-11-25,600522,6.91000000,7.02000000,7.05000000,6.91000000,,169561.00000000,1.99430199,1.00719424,0.07000000,,中天科技
2019-11-26,600522,7.01000000,6.92000000,7.08000000,6.92000000,,259698.55000000,2.31213873,-1.42450142,-0.10000000,,中天科技
2019-11-27,600522,6.97000000,6.90000000,6.99000000,6.87000000,,167528.10000000,1.73913043,-0.28901734,-0.02000000,,中天科技
2019-11-28,600522,6.89000000,6.89000000,6.93000000,6.87000000,,98183.97000000,0.87082729,-0.14492754,-0.01000000,,中天科技
2019-11-29,600522,6.89000000,6.92000000,6.94000000,6.86000000,,121527.14000000,1.15606936,0.43541364,0.03000000,,中天科技
2019-12-02,600522,6.93000000,6.87000000,6.97000000,6.86000000,,128453.89000000,1.60116448,-0.72254335,-0.05000000,,中天科技
2019-12-03,600522,6.84000000,6.86000000,6.86000000,6.74000000,,189073.09000000,1.74927114,-0.14556041,-0.01000000,,中天科技
2019-12-04,600522,6.82000000,6.83000000,6.86000000,6.78000000,,103747.90000000,1.17130307,-0.43731778,-0.03000000,,中天科技
2019-12-05,600522,6.84000000,6.89000000,6.92000000,6.83000000,,205718.27000000,1.30624093,0.87847731,0.06000000,,中天科技
2019-12-06,600522,6.88000000,6.95000000,7.03000000,6.86000000,,259526.78000000,2.44604317,0.87082729,0.06000000,,中天科技
2019-12-09,600522,6.96000000,6.96000000,7.01000000,6.93000000,,184870.60000000,1.14942529,0.14388489,0.01000000,,中天科技
2019-12-10,600522,6.92000000,6.99000000,7.00000000,6.90000000,,249219.84000000,1.43061516,0.43103448,0.03000000,,中天科技
2019-12-11,600522,6.98000000,6.91000000,6.99000000,6.88000000,,229941.03000000,1.59189580,-1.14449213,-0.08000000,,中天科技
2019-12-12,600522,6.89000000,6.84000000,6.90000000,6.81000000,,287001.73000000,1.31578947,-1.01302460,-0.07000000,,中天科技
2019-12-13,600522,6.90000000,6.92000000,6.92000000,6.82000000,,386477.90000000,1.44508671,1.16959064,0.08000000,,中天科技
2019-12-16,600522,6.94000000,7.13000000,7.14000000,6.90000000,,667554.47000000,3.36605891,3.03468208,0.21000000,,中天科技
2019-12-17,600522,7.13000000,7.22000000,7.27000000,7.12000000,,665776.54000000,2.07756233,1.26227209,0.09000000,,中天科技
2019-12-18,600522,7.30000000,7.21000000,7.40000000,7.18000000,,554042.96000000,3.05131761,-0.13850416,-0.01000000,,中天科技
2019-12-19,600522,7.21000000,7.21000000,7.26000000,7.15000000,,360515.71000000,1.52565881,0.00000000,0.00000000,,中天科技
2019-12-20,600522,7.21000000,7.09000000,7.25000000,7.08000000,,360303.21000000,2.39774330,-1.66435506,-0.12000000,,中天科技
2019-12-23,600522,7.07000000,6.94000000,7.10000000,6.94000000,,333139.15000000,2.30547550,-2.11565585,-0.15000000,,中天科技
2019-12-24,600522,6.95000000,7.04000000,7.05000000,6.95000000,,193679.76000000,1.42045455,1.44092219,0.10000000,,中天科技
2019-12-25,600522,7.02000000,7.09000000,7.09000000,6.99000000,,220285.38000000,1.41043724,0.71022727,0.05000000,,中天科技
2019-12-26,600522,7.09000000,7.11000000,7.11000000,7.04000000,,254180.69000000,0.98452883,0.28208745,0.02000000,,中天科技
2019-12-27,600522,7.13000000,7.02000000,7.14000000,7.00000000,,339291.91000000,1.99430199,-1.26582278,-0.09000000,,中天科技
2019-12-30,600522,7.00000000,7.07000000,7.07000000,6.87000000,,348741.93000000,2.82885431,0.71225071,0.05000000,,中天科技
2019-12-31,600522,7.06000000,7.12000000,7.15000000,7.04000000,,276074.67000000,1.54494382,0.70721358,0.05000000,,中天科技
2020-01-02,600522,7.17000000,7.26000000,7.32000000,7.13000000,,556309.71000000,2.61707989,1.96629213,0.14000000,,中天科技
2020-01-03,600522,7.28000000,7.27000000,7.32000000,7.20000000,,382041.45000000,1.65061898,0.13774105,0.01000000,,中天科技
2020-01-06,600522,7.20000000,7.30000000,7.37000000,7.17000000,,486916.53000000,2.73972603,0.41265475,0.03000000,,中天科技
2020-01-07,600522,7.31000000,7.37000000,7.40000000,7.22000000,,528279.72000000,2.44233379,0.95890411,0.07000000,,中天科技
2020-01-08,600522,7.30000000,7.21000000,7.34000000,7.18000000,,474536.23000000,2.21914008,-2.17096336,-0.16000000,,中天科技
2020-01-09,600522,7.29000000,7.58000000,7.70000000,7.27000000,,1091849.88000000,5.67282322,5.13176144,0.37000000,,中天科技
2020-01-10,600522,7.55000000,7.52000000,7.60000000,7.43000000,,549478.12000000,2.26063830,-0.79155673,-0.06000000,,中天科技
2020-01-13,600522,7.50000000,7.59000000,7.66000000,7.47000000,,533839.77000000,2.50329381,0.93085106,0.07000000,,中天科技
2020-01-14,600522,7.61000000,7.60000000,7.71000000,7.54000000,,585505.99000000,2.23684211,0.13175231,0.01000000,,中天科技
2020-01-15,600522,7.58000000,7.51000000,7.60000000,7.43000000,,378844.39000000,2.26364847,-1.18421053,-0.09000000,,中天科技
2020-01-16,600522,7.52000000,7.39000000,7.54000000,7.38000000,,359534.49000000,2.16508796,-1.59786951,-0.12000000,,中天科技
2020-01-17,600522,7.42000000,7.37000000,7.47000000,7.33000000,,283875.49000000,1.89959294,-0.27063599,-0.02000000,,中天科技
2020-01-20,600522,7.37000000,7.53000000,7.56000000,7.32000000,,395331.81000000,3.18725100,2.17096336,0.16000000,,中天科技
2020-01-21,600522,7.48000000,7.37000000,7.50000000,7.35000000,,359855.27000000,2.03527815,-2.12483400,-0.16000000,,中天科技
2020-01-22,600522,7.33000000,7.43000000,7.48000000,7.15000000,,415638.62000000,4.44145357,0.81411126,0.06000000,,中天科技
2020-01-23,600522,7.32000000,7.08000000,7.37000000,7.03000000,,492449.29000000,4.80225989,-4.71063257,-0.35000000,,中天科技
2020-02-03,600522,6.25000000,6.25000000,6.25000000,6.25000000,,167222.00000000,0.00000000,-11.72316384,-0.83000000,,中天科技
2020-02-04,600522,5.82000000,6.13000000,6.35000000,5.82000000,,629935.85000000,8.64600326,-1.92000000,-0.12000000,,中天科技
2020-02-05,600522,6.18000000,6.23000000,6.38000000,6.14000000,,475041.14000000,3.85232745,1.63132137,0.10000000,,中天科技
2020-02-06,600522,6.22000000,6.32000000,6.36000000,6.15000000,,499553.78000000,3.32278481,1.44462279,0.09000000,,中天科技
2020-02-07,600522,6.29000000,6.36000000,6.36000000,6.19000000,,537576.27000000,2.67295597,0.63291139,0.04000000,,中天科技
2020-02-10,600522,6.31000000,6.47000000,6.49000000,6.28000000,,462075.05000000,3.24574961,1.72955975,0.11000000,,中天科技
2020-02-11,600522,6.45000000,6.43000000,6.51000000,6.40000000,,411528.38000000,1.71073095,-0.61823802,-0.04000000,,中天科技
2020-02-12,600522,6.41000000,6.57000000,6.59000000,6.39000000,,429290.13000000,3.04414003,2.17729393,0.14000000,,中天科技
2020-02-13,600522,6.53000000,6.46000000,6.65000000,6.45000000,,431390.49000000,3.09597523,-1.67427702,-0.11000000,,中天科技
2020-02-14,600522,6.46000000,6.47000000,6.54000000,6.40000000,,351415.67000000,2.16383308,0.15479876,0.01000000,,中天科技
2020-02-17,600522,6.68000000,6.95000000,6.97000000,6.68000000,,839709.61000000,4.17266187,7.41885626,0.48000000,,中天科技
2020-02-18,600522,6.97000000,6.98000000,7.03000000,6.87000000,,646366.33000000,2.29226361,0.43165468,0.03000000,,中天科技
2020-02-19,600522,6.99000000,7.09000000,7.27000000,6.94000000,,743600.63000000,4.65444288,1.57593123,0.11000000,,中天科技
2020-02-20,600522,7.22000000,7.18000000,7.32000000,6.98000000,,740062.75000000,4.73537604,1.26939351,0.09000000,,中天科技
2020-02-21,600522,7.18000000,7.36000000,7.48000000,7.18000000,,1014171.04000000,4.07608696,2.50696379,0.18000000,,中天科技
2020-02-24,600522,7.41000000,7.94000000,8.02000000,7.37000000,,1775360.01000000,8.18639798,7.88043478,0.58000000,,中天科技
2020-02-25,600522,7.70000000,8.38000000,8.43000000,7.50000000,,2433291.15000000,11.09785203,5.54156171,0.44000000,,中天科技
2020-02-26,600522,8.17000000,7.96000000,8.68000000,7.88000000,,1983390.42000000,10.05025126,-5.01193317,-0.42000000,,中天科技
2020-02-27,600522,8.07000000,7.77000000,8.15000000,7.63000000,,1179278.81000000,6.69240669,-2.38693467,-0.19000000,,中天科技
2020-02-28,600522,7.32000000,7.24000000,7.55000000,7.15000000,,1091248.99000000,5.52486188,-6.82110682,-0.53000000,,中天科技
2020-03-02,600522,7.36000000,7.84000000,7.95000000,7.33000000,,1140723.50000000,7.90816327,8.28729282,0.60000000,,中天科技
2020-03-03,600522,8.11000000,7.82000000,8.30000000,7.74000000,,1417001.05000000,7.16112532,-0.25510204,-0.02000000,,中天科技
2020-03-04,600522,7.71000000,7.89000000,7.97000000,7.67000000,,792129.74000000,3.80228137,0.89514066,0.07000000,,中天科技
2020-03-05,600522,8.27000000,8.30000000,8.41000000,7.98000000,,1697274.89000000,5.18072289,5.19645120,0.41000000,,中天科技
2020-03-06,600522,8.14000000,8.07000000,8.28000000,8.07000000,,901114.93000000,2.60223048,-2.77108434,-0.23000000,,中天科技
2020-03-09,600522,7.88000000,8.02000000,8.35000000,7.77000000,,1271036.27000000,7.23192020,-0.61957869,-0.05000000,,中天科技
2020-03-10,600522,7.90000000,8.94000000,8.94000000,7.90000000,,2950272.50000000,11.63310962,11.47132170,0.92000000,,中天科技
2020-03-11,600522,9.41000000,9.15000000,9.94000000,9.03000000,,4289594.82000000,9.94535519,2.34899329,0.21000000,,中天科技
2020-03-12,600522,9.01000000,9.75000000,9.78000000,9.01000000,,2631301.16000000,7.89743590,6.55737705,0.60000000,,中天科技
2020-03-13,600522,9.09000000,9.64000000,10.20000000,9.09000000,,2883836.29000000,11.51452282,-1.12820513,-0.11000000,,中天科技
2020-03-16,600522,9.89000000,8.92000000,9.89000000,8.92000000,,2197465.44000000,10.87443946,-7.46887967,-0.72000000,,中天科技
2020-03-17,600522,9.27000000,9.93000000,9.93000000,8.78000000,,3051591.19000000,11.58106747,11.32286996,1.01000000,,中天科技
2020-03-18,600522,9.87000000,9.95000000,10.82000000,9.65000000,,3489453.86000000,11.75879397,0.20140987,0.02000000,,中天科技
2020-03-19,600522,10.17000000,10.72000000,10.91000000,9.83000000,,2991686.67000000,10.07462687,7.73869347,0.77000000,,中天科技
2020-03-20,600522,10.97000000,10.84000000,11.29000000,10.42000000,,2969609.51000000,8.02583026,1.11940299,0.12000000,,中天科技
2020-03-23,600522,10.52000000,10.12000000,11.05000000,9.84000000,,2323340.65000000,11.95652174,-6.64206642,-0.72000000,,中天科技
2020-03-24,600522,10.47000000,9.79000000,10.57000000,9.17000000,,2853943.74000000,14.30030644,-3.26086957,-0.33000000,,中天科技
2020-03-25,600522,10.03000000,9.83000000,10.30000000,9.66000000,,2050801.85000000,6.51068159,0.40858018,0.04000000,,中天科技
2020-03-26,600522,9.62000000,10.00000000,10.28000000,9.30000000,,1762624.82000000,9.80000000,1.72939980,0.17000000,,中天科技
2020-03-27,600522,10.03000000,9.49000000,10.15000000,9.47000000,,1389937.50000000,7.16543730,-5.10000000,-0.51000000,,中天科技
2020-03-30,600522,9.09000000,8.72000000,9.11000000,8.70000000,,1488081.77000000,4.70183486,-8.11380400,-0.77000000,,中天科技
2020-03-31,600522,8.90000000,8.43000000,8.95000000,8.40000000,,1279724.50000000,6.52431791,-3.32568807,-0.29000000,,中天科技
2020-04-01,600522,8.37000000,8.28000000,8.70000000,8.22000000,,1127514.69000000,5.79710145,-1.77935943,-0.15000000,,中天科技
2020-04-02,600522,8.39000000,9.02000000,9.07000000,8.33000000,,1658248.22000000,8.20399113,8.93719807,0.74000000,,中天科技
2020-04-03,600522,8.85000000,8.72000000,8.90000000,8.67000000,,995746.94000000,2.63761468,-3.32594235,-0.30000000,,中天科技
2020-04-07,600522,8.93000000,8.97000000,9.10000000,8.82000000,,1054559.38000000,3.12151616,2.86697248,0.25000000,,中天科技
2020-04-08,600522,8.84000000,9.65000000,9.90000000,8.77000000,,1684028.59000000,11.70984456,7.58082497,0.68000000,,中天科技
2020-04-09,600522,9.72000000,9.69000000,9.85000000,9.53000000,,1105040.65000000,3.30237358,0.41450777,0.04000000,,中天科技
2020-04-10,600522,9.66000000,9.11000000,9.66000000,9.04000000,,1000613.10000000,6.80570801,-5.98555212,-0.58000000,,中天科技
2020-04-13,600522,8.96000000,9.13000000,9.34000000,8.75000000,,662153.49000000,6.46221249,0.21953897,0.02000000,,中天科技
2020-04-14,600522,9.27000000,9.55000000,9.64000000,9.24000000,,973315.53000000,4.18848168,4.60021906,0.42000000,,中天科技
2020-04-15,600522,9.57000000,9.58000000,9.87000000,9.40000000,,1116452.20000000,4.90605428,0.31413613,0.03000000,,中天科技
2020-04-16,600522,9.48000000,10.00000000,10.17000000,9.33000000,,1563890.23000000,8.40000000,4.38413361,0.42000000,,中天科技
2020-04-17,600522,10.03000000,9.73000000,10.16000000,9.69000000,,1272570.18000000,4.83042138,-2.70000000,-0.27000000,,中天科技
2020-04-20,600522,9.78000000,10.14000000,10.15000000,9.67000000,,1119438.72000000,4.73372781,4.21377184,0.41000000,,中天科技
2020-04-21,600522,10.03000000,10.49000000,10.55000000,9.90000000,,1528384.15000000,6.19637750,3.45167653,0.35000000,,中天科技
2020-04-22,600522,10.25000000,10.32000000,10.44000000,10.10000000,,979311.11000000,3.29457364,-1.62059104,-0.17000000,,中天科技
2020-04-23,600522,10.32000000,9.72000000,10.32000000,9.72000000,,1303377.28000000,6.17283951,-5.81395349,-0.60000000,,中天科技
2020-04-24,600522,9.70000000,9.42000000,9.96000000,9.35000000,,881968.78000000,6.47558386,-3.08641975,-0.30000000,,中天科技
2020-04-27,600522,9.53000000,9.50000000,9.82000000,9.36000000,,642650.20000000,4.84210526,0.84925690,0.08000000,,中天科技
2020-04-28,600522,9.52000000,9.25000000,9.55000000,8.86000000,,808964.19000000,7.45945946,-2.63157895,-0.25000000,,中天科技
2020-04-29,600522,9.17000000,9.52000000,9.60000000,9.17000000,,630200.32000000,4.51680672,2.91891892,0.27000000,,中天科技
2020-04-30,600522,9.49000000,9.99000000,10.15000000,9.42000000,,1189852.93000000,7.30730731,4.93697479,0.47000000,,中天科技
2020-05-06,600522,9.98000000,10.22000000,10.26000000,9.82000000,,1105134.38000000,4.30528376,2.30230230,0.23000000,,中天科技
2020-05-07,600522,10.37000000,10.00000000,10.50000000,9.97000000,,1028955.44000000,5.30000000,-2.15264188,-0.22000000,,中天科技
2020-05-08,600522,10.10000000,10.30000000,10.46000000,10.04000000,,1162880.67000000,4.07766990,3.00000000,0.30000000,,中天科技
2020-05-11,600522,10.79000000,11.45000000,11.45000000,10.70000000,,3277918.12000000,6.55021834,11.16504854,1.15000000,,中天科技
2020-05-12,600522,11.32000000,11.22000000,11.33000000,10.99000000,,1969475.65000000,3.03030303,-2.00873362,-0.23000000,,中天科技
2020-05-13,600522,11.12000000,11.15000000,11.45000000,11.07000000,,1272296.89000000,3.40807175,-0.62388592,-0.07000000,,中天科技
2020-05-14,600522,11.10000000,11.18000000,11.38000000,10.88000000,,1184276.25000000,4.47227191,0.26905830,0.03000000,,中天科技
2020-05-15,600522,11.20000000,11.22000000,11.44000000,11.03000000,,1155801.95000000,3.65418895,0.35778175,0.04000000,,中天科技
2020-05-18,600522,11.23000000,10.83000000,11.29000000,10.77000000,,1086330.59000000,4.80147738,-3.47593583,-0.39000000,,中天科技
2020-05-19,600522,10.97000000,10.76000000,11.09000000,10.66000000,,1058213.56000000,3.99628253,-0.64635272,-0.07000000,,中天科技
2020-05-20,600522,10.73000000,10.91000000,11.29000000,10.60000000,,1195739.62000000,6.32447296,1.39405204,0.15000000,,中天科技
2020-05-21,600522,10.92000000,10.56000000,11.05000000,10.50000000,,828293.06000000,5.20833333,-3.20806599,-0.35000000,,中天科技
2020-05-22,600522,10.56000000,10.57000000,10.79000000,10.33000000,,705151.79000000,4.35193945,0.09469697,0.01000000,,中天科技
2020-05-25,600522,10.48000000,10.21000000,10.48000000,10.11000000,,674307.13000000,3.62389814,-3.40586566,-0.36000000,,中天科技
2020-05-26,600522,10.29000000,10.69000000,10.75000000,10.29000000,,648607.02000000,4.30308700,4.70127326,0.48000000,,中天科技
2020-05-27,600522,10.65000000,10.88000000,10.91000000,10.54000000,,727561.49000000,3.40073529,1.77736202,0.19000000,,中天科技
2020-05-28,600522,10.78000000,10.51000000,10.86000000,10.30000000,,676290.10000000,5.32825880,-3.40073529,-0.37000000,,中天科技
2020-05-29,600522,10.42000000,10.42000000,10.76000000,10.35000000,,515005.29000000,3.93474088,-0.85632731,-0.09000000,,中天科技
2020-06-01,600522,10.63000000,10.97000000,11.10000000,10.59000000,,828005.47000000,4.64904284,5.27831094,0.55000000,,中天科技
2020-06-02,600522,11.10000000,10.96000000,11.18000000,10.86000000,,646275.15000000,2.91970803,-0.09115770,-0.01000000,,中天科技
2020-06-03,600522,10.98000000,10.89000000,11.14000000,10.72000000,,810341.96000000,3.85674931,-0.63868613,-0.07000000,,中天科技
2020-06-04,600522,10.89000000,10.80000000,11.03000000,10.70000000,,549012.98000000,3.05555556,-0.82644628,-0.09000000,,中天科技
2020-06-05,600522,10.80000000,10.57000000,10.85000000,10.39000000,,665294.62000000,4.35193945,-2.12962963,-0.23000000,,中天科技
2020-06-08,600522,10.67000000,10.67000000,10.94000000,10.64000000,,572984.04000000,2.81162137,0.94607379,0.10000000,,中天科技
2020-06-09,600522,10.63000000,10.46000000,10.65000000,10.35000000,,579221.58000000,2.86806883,-1.96813496,-0.21000000,,中天科技
2020-06-10,600522,10.47000000,10.51000000,10.57000000,10.28000000,,507319.59000000,2.75927688,0.47801147,0.05000000,,中天科技
2020-06-11,600522,10.43000000,10.34000000,10.67000000,10.33000000,,460867.69000000,3.28820116,-1.61750714,-0.17000000,,中天科技
2020-06-12,600522,10.11000000,10.35000000,10.48000000,10.02000000,,552780.27000000,4.44444444,0.09671180,0.01000000,,中天科技
2020-06-15,600522,10.22000000,9.87000000,10.30000000,9.82000000,,728587.57000000,4.86322188,-4.63768116,-0.48000000,,中天科技
2020-06-16,600522,10.01000000,10.12000000,10.17000000,9.99000000,,527559.64000000,1.77865613,2.53292806,0.25000000,,中天科技
2020-06-17,600522,10.11000000,10.13000000,10.32000000,10.03000000,,541173.51000000,2.86278381,0.09881423,0.01000000,,中天科技
2020-06-18,600522,10.10000000,10.39000000,10.51000000,10.03000000,,714177.00000000,4.61982676,2.56663376,0.26000000,,中天科技
2020-06-19,600522,10.61000000,10.50000000,10.76000000,10.41000000,,664248.92000000,3.33333333,1.05871030,0.11000000,,中天科技
2020-06-22,600522,10.45000000,10.44000000,10.72000000,10.28000000,,689869.24000000,4.21455939,-0.57142857,-0.06000000,,中天科技
2020-06-23,600522,10.45000000,10.14000000,10.45000000,10.11000000,,482215.05000000,3.35305720,-2.87356322,-0.30000000,,中天科技
2020-06-24,600522,10.15000000,10.12000000,10.21000000,10.03000000,,372893.08000000,1.77865613,-0.19723866,-0.02000000,,中天科技
2020-06-29,600522,10.03000000,9.95000000,10.07000000,9.92000000,,330763.25000000,1.50753769,-1.67984190,-0.17000000,,中天科技
2020-06-30,600522,9.98000000,10.27000000,10.30000000,9.98000000,,498827.38000000,3.11587147,3.21608040,0.32000000,,中天科技
2020-07-01,600522,10.27000000,10.03000000,10.34000000,9.96000000,,706518.74000000,3.78863410,-2.33690360,-0.24000000,,中天科技
2020-07-02,600522,9.98000000,10.24000000,10.27000000,9.89000000,,618149.41000000,3.71093750,2.09371884,0.21000000,,中天科技
2020-07-03,600522,10.29000000,10.28000000,10.45000000,10.22000000,,671676.23000000,2.23735409,0.39062500,0.04000000,,中天科技
2020-07-06,600522,10.45000000,10.89000000,10.91000000,10.43000000,,1170878.96000000,4.40771350,5.93385214,0.61000000,,中天科技
2020-07-07,600522,10.97000000,11.20000000,11.52000000,10.86000000,,1352220.62000000,5.89285714,2.84664830,0.31000000,,中天科技
2020-07-08,600522,11.27000000,11.31000000,11.41000000,10.97000000,,1000812.70000000,3.89036251,0.98214286,0.11000000,,中天科技
2020-07-09,600522,11.31000000,12.56000000,12.56000000,11.25000000,,2604411.57000000,10.42993631,11.05216622,1.25000000,,中天科技
2020-07-10,600522,12.72000000,12.12000000,12.75000000,12.02000000,,2138248.91000000,6.02310231,-3.50318471,-0.44000000,,中天科技
2020-07-13,600522,12.01000000,12.48000000,12.57000000,11.95000000,,1306393.04000000,4.96794872,2.97029703,0.36000000,,中天科技
2020-07-14,600522,12.49000000,12.13000000,12.49000000,11.86000000,,1199629.80000000,5.19373454,-2.80448718,-0.35000000,,中天科技
2020-07-15,600522,12.22000000,11.60000000,12.38000000,11.53000000,,1033350.08000000,7.32758621,-4.36933223,-0.53000000,,中天科技
2020-07-16,600522,11.62000000,10.75000000,11.81000000,10.67000000,,1023277.99000000,10.60465116,-7.32758621,-0.85000000,,中天科技
2020-07-17,600522,10.75000000,10.94000000,11.09000000,10.61000000,,679956.43000000,4.38756856,1.76744186,0.19000000,,中天科技
2020-07-20,600522,11.03000000,11.08000000,11.20000000,10.80000000,,1253539.06000000,3.61010830,1.27970750,0.14000000,,中天科技
2020-07-21,600522,11.01000000,10.90000000,11.12000000,10.81000000,,762169.07000000,2.84403670,-1.62454874,-0.18000000,,中天科技
2020-07-22,600522,10.78000000,10.76000000,10.85000000,10.50000000,,1277643.21000000,3.25278810,-1.28440367,-0.14000000,,中天科技
2020-07-23,600522,10.66000000,10.45000000,10.66000000,10.14000000,,1051114.43000000,4.97607656,-2.88104089,-0.31000000,,中天科技
2020-07-24,600522,10.46000000,10.07000000,10.61000000,10.02000000,,800094.03000000,5.85898709,-3.63636364,-0.38000000,,中天科技
2020-07-27,600522,10.08000000,10.18000000,10.21000000,9.93000000,,464910.25000000,2.75049116,1.09235353,0.11000000,,中天科技
2020-07-28,600522,10.23000000,10.50000000,10.56000000,10.19000000,,659116.71000000,3.52380952,3.14341847,0.32000000,,中天科技
2020-07-29,600522,10.50000000,10.72000000,10.78000000,10.33000000,,694107.63000000,4.19776119,2.09523810,0.22000000,,中天科技
2020-07-30,600522,10.74000000,10.49000000,10.77000000,10.47000000,,471556.63000000,2.85986654,-2.14552239,-0.23000000,,中天科技
2020-07-31,600522,10.52000000,10.59000000,10.71000000,10.44000000,,487539.19000000,2.54957507,0.95328885,0.10000000,,中天科技
2020-08-03,600522,10.66000000,10.86000000,10.91000000,10.61000000,,661682.12000000,2.76243094,2.54957507,0.27000000,,中天科技
2020-08-04,600522,10.83000000,10.59000000,10.89000000,10.53000000,,621430.44000000,3.39943343,-2.48618785,-0.27000000,,中天科技
2020-08-05,600522,10.69000000,10.62000000,10.74000000,10.50000000,,490794.07000000,2.25988701,0.28328612,0.03000000,,中天科技
2020-08-06,600522,10.62000000,10.39000000,10.64000000,10.21000000,,687076.31000000,4.13859480,-2.16572505,-0.23000000,,中天科技
2020-08-07,600522,10.42000000,10.19000000,10.45000000,10.12000000,,480047.69000000,3.23846909,-1.92492782,-0.20000000,,中天科技
2020-08-10,600522,10.12000000,10.32000000,10.40000000,10.12000000,,371041.88000000,2.71317829,1.27576055,0.13000000,,中天科技
2020-08-11,600522,10.32000000,10.12000000,10.33000000,10.09000000,,405679.12000000,2.37154150,-1.93798450,-0.20000000,,中天科技
2020-08-12,600522,10.12000000,10.10000000,10.18000000,9.93000000,,388066.30000000,2.47524752,-0.19762846,-0.02000000,,中天科技
2020-08-13,600522,10.11000000,10.15000000,10.24000000,10.11000000,,264304.46000000,1.28078818,0.49504950,0.05000000,,中天科技
2020-08-14,600522,10.16000000,10.18000000,10.22000000,10.03000000,,259503.44000000,1.86640472,0.29556650,0.03000000,,中天科技
2020-08-17,600522,10.22000000,10.54000000,10.59000000,10.22000000,,550503.16000000,3.51043643,3.53634578,0.36000000,,中天科技
2020-08-18,600522,10.54000000,10.48000000,10.60000000,10.42000000,,388046.41000000,1.71755725,-0.56925996,-0.06000000,,中天科技
2020-08-19,600522,10.49000000,10.24000000,10.49000000,10.22000000,,343122.32000000,2.63671875,-2.29007634,-0.24000000,,中天科技
2020-08-20,600522,10.15000000,10.15000000,10.22000000,10.05000000,,211970.50000000,1.67487685,-0.87890625,-0.09000000,,中天科技
2020-08-21,600522,10.19000000,10.17000000,10.28000000,10.12000000,,191600.65000000,1.57325467,0.19704433,0.02000000,,中天科技
2020-08-24,600522,10.12000000,10.19000000,10.28000000,10.00000000,,311238.16000000,2.74779195,0.19665683,0.02000000,,中天科技
2020-08-25,600522,10.17000000,10.13000000,10.24000000,10.10000000,,251035.19000000,1.38203356,-0.58881256,-0.06000000,,中天科技
2020-08-26,600522,10.09000000,9.71000000,10.15000000,9.65000000,,564786.76000000,5.14933059,-4.14610069,-0.42000000,,中天科技
2020-08-27,600522,9.68000000,9.60000000,9.77000000,9.53000000,,340410.44000000,2.50000000,-1.13285273,-0.11000000,,中天科技
2020-08-28,600522,9.60000000,9.80000000,9.84000000,9.33000000,,504451.74000000,5.20408163,2.08333333,0.20000000,,中天科技
2020-08-31,600522,10.14000000,10.22000000,10.42000000,10.13000000,,736814.73000000,2.83757339,4.28571429,0.42000000,,中天科技
2020-09-01,600522,10.15000000,10.66000000,10.74000000,10.14000000,,964229.95000000,5.62851782,4.30528376,0.44000000,,中天科技
2020-09-02,600522,11.06000000,10.61000000,11.13000000,10.57000000,,842022.02000000,5.27803959,-0.46904315,-0.05000000,,中天科技
2020-09-03,600522,10.67000000,10.24000000,10.74000000,10.24000000,,550745.12000000,4.88281250,-3.48727615,-0.37000000,,中天科技
2020-09-04,600522,10.12000000,10.15000000,10.24000000,10.04000000,,414731.58000000,1.97044335,-0.87890625,-0.09000000,,中天科技
2020-09-07,600522,10.11000000,9.99000000,10.31000000,9.94000000,,366946.34000000,3.70370370,-1.57635468,-0.16000000,,中天科技
2020-09-08,600522,9.99000000,10.00000000,10.09000000,9.88000000,,304431.96000000,2.10000000,0.10010010,0.01000000,,中天科技
2020-09-09,600522,9.92000000,9.72000000,9.95000000,9.67000000,,330321.29000000,2.88065844,-2.80000000,-0.28000000,,中天科技
2020-09-10,600522,9.80000000,9.44000000,9.88000000,9.42000000,,340667.39000000,4.87288136,-2.88065844,-0.28000000,,中天科技
2020-09-11,600522,9.42000000,9.56000000,9.58000000,9.36000000,,269476.45000000,2.30125523,1.27118644,0.12000000,,中天科技
2020-09-14,600522,9.57000000,9.99000000,10.01000000,9.51000000,,425738.24000000,5.00500501,4.49790795,0.43000000,,中天科技
2020-09-15,600522,10.01000000,9.86000000,10.10000000,9.77000000,,236156.18000000,3.34685598,-1.30130130,-0.13000000,,中天科技
2020-09-16,600522,9.74000000,9.69000000,9.81000000,9.65000000,,219686.81000000,1.65118679,-1.72413793,-0.17000000,,中天科技
2020-09-17,600522,9.65000000,9.67000000,9.82000000,9.52000000,,274611.39000000,3.10237849,-0.20639835,-0.02000000,,中天科技
2020-09-18,600522,9.67000000,9.80000000,9.80000000,9.61000000,,270419.48000000,1.93877551,1.34436401,0.13000000,,中天科技
2020-09-21,600522,9.83000000,9.85000000,9.95000000,9.80000000,,208639.57000000,1.52284264,0.51020408,0.05000000,,中天科技
2020-09-22,600522,9.76000000,9.58000000,9.82000000,9.54000000,,239855.80000000,2.92275574,-2.74111675,-0.27000000,,中天科技
2020-09-23,600522,9.66000000,9.60000000,9.68000000,9.51000000,,192397.45000000,1.77083333,0.20876827,0.02000000,,中天科技
2020-09-24,600522,9.59000000,9.41000000,9.59000000,9.38000000,,237513.92000000,2.23166844,-1.97916667,-0.19000000,,中天科技
2020-09-25,600522,9.42000000,9.28000000,9.47000000,9.17000000,,232153.98000000,3.23275862,-1.38150903,-0.13000000,,中天科技
2020-09-28,600522,9.25000000,9.12000000,9.40000000,9.12000000,,203506.64000000,3.07017544,-1.72413793,-0.16000000,,中天科技
2020-09-29,600522,9.25000000,9.39000000,9.46000000,9.24000000,,240830.35000000,2.34291800,2.96052632,0.27000000,,中天科技
2020-09-30,600522,9.39000000,9.40000000,9.47000000,9.30000000,,159489.87000000,1.80851064,0.10649627,0.01000000,,中天科技
2020-10-09,600522,9.60000000,9.78000000,9.84000000,9.54000000,,334228.08000000,3.06748466,4.04255319,0.38000000,,中天科技
2020-10-12,600522,9.86000000,9.98000000,10.06000000,9.84000000,,413621.48000000,2.20440882,2.04498978,0.20000000,,中天科技
2020-10-13,600522,9.93000000,10.00000000,10.06000000,9.87000000,,285667.31000000,1.90000000,0.20040080,0.02000000,,中天科技
2020-10-14,600522,10.04000000,10.40000000,10.59000000,9.97000000,,834600.84000000,5.96153846,4.00000000,0.40000000,,中天科技
2020-10-15,600522,10.48000000,10.31000000,10.57000000,10.23000000,,473002.09000000,3.29776916,-0.86538462,-0.09000000,,中天科技
2020-10-16,600522,10.34000000,10.37000000,10.46000000,10.18000000,,343747.44000000,2.70009643,0.58195926,0.06000000,,中天科技
2020-10-19,600522,11.11000000,10.26000000,11.11000000,10.24000000,,1020954.43000000,8.47953216,-1.06075217,-0.11000000,,中天科技
2020-10-20,600522,10.13000000,10.43000000,10.46000000,9.97000000,,470763.47000000,4.69798658,1.65692008,0.17000000,,中天科技
2020-10-21,600522,10.43000000,10.04000000,10.46000000,9.82000000,,683964.37000000,6.37450199,-3.73921381,-0.39000000,,中天科技
2020-10-22,600522,9.93000000,9.91000000,10.04000000,9.83000000,,269554.45000000,2.11907164,-1.29482072,-0.13000000,,中天科技
2020-10-23,600522,9.91000000,9.82000000,9.98000000,9.80000000,,191110.90000000,1.83299389,-0.90817356,-0.09000000,,中天科技
2020-10-26,600522,9.76000000,10.03000000,10.07000000,9.58000000,,306304.21000000,4.88534397,2.13849287,0.21000000,,中天科技
2020-10-27,600522,9.91000000,9.92000000,10.03000000,9.83000000,,192724.66000000,2.01612903,-1.09670987,-0.11000000,,中天科技
2020-10-28,600522,9.90000000,9.90000000,9.97000000,9.66000000,,230788.40000000,3.13131313,-0.20161290,-0.02000000,,中天科技
2020-10-29,600522,9.72000000,10.05000000,10.12000000,9.68000000,,369302.68000000,4.37810945,1.51515152,0.15000000,,中天科技
2020-10-30,600522,10.08000000,9.95000000,10.26000000,9.94000000,,370659.55000000,3.21608040,-0.99502488,-0.10000000,,中天科技
2020-11-02,600522,9.91000000,9.39000000,9.92000000,9.28000000,,653841.05000000,6.81576145,-5.62814070,-0.56000000,,中天科技
2020-11-03,600522,9.45000000,9.50000000,9.59000000,9.35000000,,331394.57000000,2.52631579,1.17145900,0.11000000,,中天科技
2020-11-04,600522,9.60000000,9.37000000,9.60000000,9.34000000,,280983.65000000,2.77481323,-1.36842105,-0.13000000,,中天科技
2020-11-05,600522,9.47000000,10.17000000,10.20000000,9.45000000,,851701.91000000,7.37463127,8.53788687,0.80000000,,中天科技
2020-11-06,600522,10.20000000,10.07000000,10.34000000,10.02000000,,697491.80000000,3.17775571,-0.98328417,-0.10000000,,中天科技
2020-11-09,600522,10.22000000,10.23000000,10.40000000,10.13000000,,718481.79000000,2.63929619,1.58887786,0.16000000,,中天科技
2020-11-10,600522,10.24000000,9.99000000,10.26000000,9.93000000,,488806.75000000,3.30330330,-2.34604106,-0.24000000,,中天科技
2020-11-11,600522,9.96000000,9.59000000,10.03000000,9.52000000,,539891.15000000,5.31803962,-4.00400400,-0.40000000,,中天科技
2020-11-12,600522,9.66000000,9.62000000,9.73000000,9.54000000,,295898.78000000,1.97505198,0.31282586,0.03000000,,中天科技
2020-11-13,600522,9.62000000,9.68000000,9.70000000,9.48000000,,326453.92000000,2.27272727,0.62370062,0.06000000,,中天科技
2020-11-16,600522,9.71000000,9.62000000,9.74000000,9.52000000,,330172.64000000,2.28690229,-0.61983471,-0.06000000,,中天科技
2020-11-17,600522,9.64000000,9.70000000,9.72000000,9.54000000,,331508.93000000,1.85567010,0.83160083,0.08000000,,中天科技
2020-11-18,600522,9.70000000,9.93000000,9.96000000,9.64000000,,471475.96000000,3.22255791,2.37113402,0.23000000,,中天科技
2020-11-19,600522,9.92000000,10.02000000,10.14000000,9.81000000,,530336.31000000,3.29341317,0.90634441,0.09000000,,中天科技
2020-11-20,600522,10.05000000,10.04000000,10.11000000,9.96000000,,306665.44000000,1.49402390,0.19960080,0.02000000,,中天科技
2020-11-23,600522,10.03000000,10.12000000,10.22000000,9.93000000,,447097.14000000,2.86561265,0.79681275,0.08000000,,中天科技
2020-11-24,600522,10.12000000,10.02000000,10.18000000,9.99000000,,289831.92000000,1.89620758,-0.98814229,-0.10000000,,中天科技
2020-11-25,600522,10.07000000,9.95000000,10.17000000,9.94000000,,322065.33000000,2.31155779,-0.69860279,-0.07000000,,中天科技
2020-11-26,600522,9.92000000,9.95000000,10.01000000,9.89000000,,241579.31000000,1.20603015,0.00000000,0.00000000,,中天科技
2020-11-27,600522,9.95000000,9.83000000,9.95000000,9.70000000,,293766.29000000,2.54323499,-1.20603015,-0.12000000,,中天科技
2020-11-30,600522,9.82000000,9.73000000,9.92000000,9.69000000,,355794.44000000,2.36382323,-1.01729400,-0.10000000,,中天科技
2020-12-01,600522,9.73000000,9.85000000,9.86000000,9.69000000,,269092.98000000,1.72588832,1.23329908,0.12000000,,中天科技
2020-12-02,600522,9.86000000,10.00000000,10.02000000,9.82000000,,333085.42000000,2.00000000,1.52284264,0.15000000,,中天科技
2020-12-03,600522,9.98000000,9.80000000,9.99000000,9.78000000,,266308.56000000,2.14285714,-2.00000000,-0.20000000,,中天科技
2020-12-04,600522,9.77000000,9.74000000,9.81000000,9.67000000,,213307.02000000,1.43737166,-0.61224490,-0.06000000,,中天科技
2020-12-07,600522,9.75000000,9.81000000,9.86000000,9.69000000,,230108.23000000,1.73292559,0.71868583,0.07000000,,中天科技
2020-12-08,600522,9.80000000,9.69000000,9.82000000,9.65000000,,203323.91000000,1.75438596,-1.22324159,-0.12000000,,中天科技
2020-12-09,600522,9.67000000,9.52000000,9.71000000,9.49000000,,246763.12000000,2.31092437,-1.75438596,-0.17000000,,中天科技
2020-12-10,600522,9.52000000,9.61000000,9.65000000,9.45000000,,187411.07000000,2.08116545,0.94537815,0.09000000,,中天科技
2020-12-11,600522,9.64000000,9.44000000,9.64000000,9.36000000,,226636.41000000,2.96610169,-1.76899063,-0.17000000,,中天科技
2020-12-14,600522,9.52000000,9.44000000,9.57000000,9.32000000,,183403.98000000,2.64830508,0.00000000,0.00000000,,中天科技
2020-12-15,600522,9.45000000,9.36000000,9.45000000,9.22000000,,212173.30000000,2.45726496,-0.84745763,-0.08000000,,中天科技
2020-12-16,600522,9.33000000,9.40000000,9.42000000,9.24000000,,164039.59000000,1.91489362,0.42735043,0.04000000,,中天科技
2020-12-17,600522,9.38000000,9.43000000,9.44000000,9.27000000,,204118.84000000,1.80275716,0.31914894,0.03000000,,中天科技
2020-12-18,600522,9.45000000,9.45000000,9.56000000,9.42000000,,179100.31000000,1.48148148,0.21208908,0.02000000,,中天科技
2020-12-21,600522,9.47000000,9.60000000,9.63000000,9.46000000,,204940.88000000,1.77083333,1.58730159,0.15000000,,中天科技
2020-12-22,600522,9.68000000,9.33000000,9.68000000,9.30000000,,235909.20000000,4.07288317,-2.81250000,-0.27000000,,中天科技
2020-12-23,600522,9.39000000,9.72000000,9.76000000,9.32000000,,440404.07000000,4.52674897,4.18006431,0.39000000,,中天科技
2020-12-24,600522,9.73000000,9.57000000,9.79000000,9.54000000,,222728.65000000,2.61233020,-1.54320988,-0.15000000,,中天科技
2020-12-25,600522,9.56000000,9.58000000,9.65000000,9.44000000,,187203.14000000,2.19206681,0.10449321,0.01000000,,中天科技
2020-12-28,600522,9.69000000,9.78000000,10.00000000,9.62000000,,572382.17000000,3.88548057,2.08768267,0.20000000,,中天科技
2020-12-29,600522,9.77000000,9.91000000,10.10000000,9.72000000,,658911.45000000,3.83451060,1.32924335,0.13000000,,中天科技
2020-12-30,600522,9.92000000,9.74000000,9.94000000,9.62000000,,418626.77000000,3.28542094,-1.71543895,-0.17000000,,中天科技
2020-12-31,600522,9.74000000,9.76000000,9.83000000,9.67000000,,340962.85000000,1.63934426,0.20533881,0.02000000,,中天科技
2021-01-04,600522,9.77000000,9.94000000,10.02000000,9.65000000,,571117.59000000,3.72233400,1.84426230,0.18000000,,中天科技
2021-01-05,600522,9.84000000,9.96000000,10.00000000,9.78000000,,503936.59000000,2.20883534,0.20120724,0.02000000,,中天科技
2021-01-06,600522,9.98000000,9.81000000,10.01000000,9.70000000,,380822.99000000,3.16004077,-1.50602410,-0.15000000,,中天科技
2021-01-07,600522,9.82000000,9.58000000,9.82000000,9.52000000,,389808.11000000,3.13152401,-2.34454638,-0.23000000,,中天科技
2021-01-08,600522,9.57000000,10.22000000,10.22000000,9.53000000,,895898.59000000,6.75146771,6.68058455,0.64000000,,中天科技
2021-01-11,600522,10.28000000,10.30000000,10.57000000,10.20000000,,984405.70000000,3.59223301,0.78277886,0.08000000,,中天科技
2021-01-12,600522,10.22000000,10.35000000,10.41000000,10.13000000,,595482.33000000,2.70531401,0.48543689,0.05000000,,中天科技
2021-01-13,600522,10.32000000,10.65000000,10.74000000,10.25000000,,1051009.45000000,4.60093897,2.89855072,0.30000000,,中天科技
2021-01-14,600522,10.77000000,10.43000000,10.77000000,10.37000000,,755917.32000000,3.83509108,-2.06572770,-0.22000000,,中天科技
2021-01-15,600522,10.41000000,10.22000000,10.41000000,10.13000000,,570262.55000000,2.73972603,-2.01342282,-0.21000000,,中天科技
2021-01-18,600522,10.23000000,10.45000000,10.52000000,10.17000000,,521679.56000000,3.34928230,2.25048924,0.23000000,,中天科技
2021-01-19,600522,10.44000000,10.03000000,10.51000000,9.99000000,,709170.99000000,5.18444666,-4.01913876,-0.42000000,,中天科技
2021-01-20,600522,10.02000000,9.99000000,10.12000000,9.88000000,,352365.08000000,2.40240240,-0.39880359,-0.04000000,,中天科技
2021-01-21,600522,9.98000000,10.00000000,10.11000000,9.82000000,,495925.49000000,2.90000000,0.10010010,0.01000000,,中天科技
2021-01-22,600522,10.02000000,9.79000000,10.03000000,9.73000000,,459118.45000000,3.06435138,-2.10000000,-0.21000000,,中天科技
2021-01-25,600522,9.79000000,9.87000000,9.92000000,9.58000000,,454198.41000000,3.44478217,0.81716037,0.08000000,,中天科技
2021-01-26,600522,9.79000000,9.64000000,9.98000000,9.62000000,,344762.71000000,3.73443983,-2.33029382,-0.23000000,,中天科技
2021-01-27,600522,9.58000000,9.67000000,9.74000000,9.58000000,,254928.36000000,1.65460186,0.31120332,0.03000000,,中天科技
2021-01-28,600522,9.58000000,9.35000000,9.61000000,9.32000000,,373310.83000000,3.10160428,-3.30920372,-0.32000000,,中天科技
2021-01-29,600522,9.38000000,9.42000000,9.50000000,9.30000000,,257463.96000000,2.12314225,0.74866310,0.07000000,,中天科技
2021-02-01,600522,9.40000000,9.58000000,9.59000000,9.37000000,,221296.33000000,2.29645094,1.69851380,0.16000000,,中天科技
2021-02-02,600522,9.57000000,9.47000000,9.58000000,9.40000000,,218721.87000000,1.90073918,-1.14822547,-0.11000000,,中天科技
2021-02-03,600522,9.47000000,8.98000000,9.51000000,8.94000000,,518705.81000000,6.34743875,-5.17423442,-0.49000000,,中天科技
2021-02-04,600522,8.94000000,8.46000000,8.94000000,8.04000000,,642107.86000000,10.63829787,-5.79064588,-0.52000000,,中天科技
2021-02-05,600522,8.33000000,8.29000000,8.54000000,8.23000000,,282590.82000000,3.73944511,-2.00945626,-0.17000000,,中天科技
2021-02-08,600522,8.35000000,8.37000000,8.46000000,8.21000000,,166477.51000000,2.98685783,0.96501809,0.08000000,,中天科技
2021-02-09,600522,8.41000000,8.45000000,8.47000000,8.27000000,,235521.51000000,2.36686391,0.95579450,0.08000000,,中天科技
2021-02-10,600522,8.48000000,8.44000000,8.50000000,8.39000000,,237720.87000000,1.30331754,-0.11834320,-0.01000000,,中天科技
2021-02-18,600522,8.58000000,8.87000000,8.96000000,8.53000000,,366930.74000000,4.84780158,5.09478673,0.43000000,,中天科技
2021-02-19,600522,8.90000000,9.17000000,9.19000000,8.82000000,,292661.09000000,4.03489640,3.38218715,0.30000000,,中天科技
2021-02-22,600522,9.18000000,9.34000000,9.57000000,9.18000000,,423770.41000000,4.17558887,1.85387132,0.17000000,,中天科技
2021-02-23,600522,9.41000000,9.42000000,9.64000000,9.13000000,,421329.00000000,5.41401274,0.85653105,0.08000000,,中天科技
2021-02-24,600522,9.40000000,9.30000000,9.55000000,9.19000000,,330585.55000000,3.87096774,-1.27388535,-0.12000000,,中天科技
2021-02-25,600522,9.34000000,9.13000000,9.39000000,9.10000000,,287509.27000000,3.17634173,-1.82795699,-0.17000000,,中天科技
2021-02-26,600522,9.05000000,9.29000000,9.56000000,8.97000000,,500997.18000000,6.35091496,1.75246440,0.16000000,,中天科技
2021-03-01,600522,9.39000000,9.87000000,9.99000000,9.39000000,,754145.62000000,6.07902736,6.24327234,0.58000000,,中天科技
2021-03-02,600522,9.99000000,10.02000000,10.18000000,9.82000000,,808007.40000000,3.59281437,1.51975684,0.15000000,,中天科技
2021-03-03,600522,10.03000000,10.21000000,10.27000000,10.02000000,,596821.12000000,2.44857982,1.89620758,0.19000000,,中天科技
2021-03-04,600522,10.32000000,10.38000000,10.51000000,10.22000000,,942691.16000000,2.79383430,1.66503428,0.17000000,,中天科技
2021-03-05,600522,10.48000000,10.21000000,10.48000000,9.88000000,,799040.68000000,5.87659158,-1.63776493,-0.17000000,,中天科技
2021-03-08,600522,10.44000000,10.56000000,11.08000000,10.44000000,,1071644.92000000,6.06060606,3.42801175,0.35000000,,中天科技
2021-03-09,600522,10.42000000,10.37000000,10.76000000,10.04000000,,772714.65000000,6.94310511,-1.79924242,-0.19000000,,中天科技
2021-03-10,600522,10.50000000,10.22000000,10.62000000,10.13000000,,524571.65000000,4.79452055,-1.44648023,-0.15000000,,中天科技
2021-03-11,600522,10.29000000,10.41000000,10.49000000,9.98000000,,505317.42000000,4.89913545,1.85909980,0.19000000,,中天科技
2021-03-12,600522,10.41000000,10.32000000,10.46000000,10.13000000,,391296.28000000,3.19767442,-0.86455331,-0.09000000,,中天科技
2021-03-15,600522,10.28000000,10.39000000,10.55000000,10.12000000,,490939.20000000,4.13859480,0.67829457,0.07000000,,中天科技
2021-03-16,600522,10.34000000,10.60000000,10.73000000,10.30000000,,595434.20000000,4.05660377,2.02117421,0.21000000,,中天科技
2021-03-17,600522,10.63000000,10.25000000,10.68000000,10.17000000,,520443.89000000,4.97560976,-3.30188679,-0.35000000,,中天科技
2021-03-18,600522,10.19000000,10.35000000,10.46000000,10.07000000,,451508.60000000,3.76811594,0.97560976,0.10000000,,中天科技
2021-03-19,600522,10.20000000,10.72000000,11.27000000,10.14000000,,1322481.98000000,10.54104478,3.57487923,0.37000000,,中天科技
2021-03-22,600522,10.76000000,10.83000000,10.90000000,10.61000000,,811000.46000000,2.67774700,1.02611940,0.11000000,,中天科技
2021-03-23,600522,10.86000000,10.72000000,10.98000000,10.60000000,,568008.26000000,3.54477612,-1.01569714,-0.11000000,,中天科技
2021-03-24,600522,10.60000000,9.92000000,10.70000000,9.79000000,,909828.36000000,9.17338710,-7.46268657,-0.80000000,,中天科技
2021-03-25,600522,9.82000000,10.04000000,10.10000000,9.72000000,,425741.80000000,3.78486056,1.20967742,0.12000000,,中天科技
2021-03-26,600522,10.09000000,10.55000000,10.65000000,9.99000000,,712231.24000000,6.25592417,5.07968127,0.51000000,,中天科技
2021-03-29,600522,10.62000000,10.61000000,10.84000000,10.54000000,,464763.13000000,2.82752121,0.56872038,0.06000000,,中天科技
2021-03-30,600522,10.52000000,10.37000000,10.52000000,10.21000000,,438167.59000000,2.98939248,-2.26201697,-0.24000000,,中天科技
2021-03-31,600522,10.35000000,10.37000000,10.49000000,10.27000000,,270957.80000000,2.12150434,0.00000000,0.00000000,,中天科技
2021-04-01,600522,10.42000000,10.18000000,10.42000000,10.07000000,,315293.97000000,3.43811395,-1.83220829,-0.19000000,,中天科技
2021-04-02,600522,10.18000000,10.05000000,10.31000000,9.97000000,,324256.46000000,3.38308458,-1.27701375,-0.13000000,,中天科技
2021-04-06,600522,10.02000000,10.15000000,10.24000000,10.00000000,,205698.73000000,2.36453202,0.99502488,0.10000000,,中天科技
2021-04-07,600522,10.12000000,10.13000000,10.23000000,10.01000000,,242538.85000000,2.17176703,-0.19704433,-0.02000000,,中天科技
2021-04-08,600522,10.07000000,10.09000000,10.25000000,10.06000000,,258287.87000000,1.88305253,-0.39486673,-0.04000000,,中天科技
2021-04-09,600522,10.14000000,9.93000000,10.14000000,9.93000000,,215766.66000000,2.11480363,-1.58572844,-0.16000000,,中天科技
2021-04-12,600522,9.92000000,9.67000000,10.01000000,9.56000000,,413207.53000000,4.65356774,-2.61832830,-0.26000000,,中天科技
2021-04-13,600522,9.62000000,9.74000000,9.87000000,9.60000000,,226051.08000000,2.77207392,0.72388831,0.07000000,,中天科技
2021-04-14,600522,9.72000000,9.64000000,9.72000000,9.52000000,,216913.05000000,2.07468880,-1.02669405,-0.10000000,,中天科技
2021-04-15,600522,9.64000000,9.50000000,9.64000000,9.44000000,,199405.91000000,2.10526316,-1.45228216,-0.14000000,,中天科技
2021-04-16,600522,9.55000000,9.69000000,9.74000000,9.51000000,,217523.50000000,2.37358101,2.00000000,0.19000000,,中天科技
2021-04-19,600522,9.69000000,9.79000000,9.83000000,9.61000000,,261400.25000000,2.24719101,1.03199174,0.10000000,,中天科技
2021-04-20,600522,9.76000000,9.56000000,9.78000000,9.53000000,,347278.05000000,2.61506276,-2.34933606,-0.23000000,,中天科技
2021-04-21,600522,9.51000000,9.57000000,9.66000000,9.45000000,,195184.14000000,2.19435737,0.10460251,0.01000000,,中天科技
2021-04-22,600522,9.57000000,9.65000000,9.86000000,9.57000000,,236700.60000000,3.00518135,0.83594566,0.08000000,,中天科技
2021-04-23,600522,9.61000000,9.47000000,9.61000000,9.40000000,,221290.00000000,2.21752904,-1.86528497,-0.18000000,,中天科技
2021-04-26,600522,9.49000000,9.32000000,9.55000000,9.31000000,,213464.45000000,2.57510730,-1.58394931,-0.15000000,,中天科技
2021-04-27,600522,9.32000000,9.23000000,9.33000000,9.10000000,,207614.08000000,2.49187432,-0.96566524,-0.09000000,,中天科技
2021-04-28,600522,9.23000000,9.30000000,9.44000000,9.16000000,,229885.55000000,3.01075269,0.75839653,0.07000000,,中天科技
2021-04-29,600522,9.36000000,9.31000000,9.51000000,9.25000000,,237735.16000000,2.79269603,0.10752688,0.01000000,,中天科技
2021-04-30,600522,9.34000000,9.14000000,9.38000000,9.02000000,,283697.24000000,3.93873085,-1.82599356,-0.17000000,,中天科技
2021-05-06,600522,9.07000000,9.01000000,9.22000000,8.94000000,,340565.19000000,3.10765816,-1.42231947,-0.13000000,,中天科技
2021-05-07,600522,9.02000000,8.93000000,9.09000000,8.91000000,,317094.86000000,2.01567749,-0.88790233,-0.08000000,,中天科技
2021-05-10,600522,8.99000000,9.05000000,9.09000000,8.77000000,,243030.30000000,3.53591160,1.34378499,0.12000000,,中天科技
2021-05-11,600522,9.03000000,9.05000000,9.13000000,8.97000000,,164180.70000000,1.76795580,0.00000000,0.00000000,,中天科技
2021-05-12,600522,9.02000000,9.10000000,9.16000000,8.96000000,,192353.80000000,2.19780220,0.55248619,0.05000000,,中天科技
2021-05-13,600522,9.06000000,8.99000000,9.13000000,8.97000000,,211739.72000000,1.77975528,-1.20879121,-0.11000000,,中天科技
2021-05-14,600522,9.00000000,9.13000000,9.15000000,8.99000000,,231398.87000000,1.75246440,1.55728587,0.14000000,,中天科技
2021-05-17,600522,9.15000000,9.22000000,9.32000000,9.07000000,,291717.81000000,2.71149675,0.98576123,0.09000000,,中天科技
2021-05-18,600522,9.23000000,9.20000000,9.24000000,9.14000000,,135944.57000000,1.08695652,-0.21691974,-0.02000000,,中天科技
2021-05-19,600522,9.20000000,9.07000000,9.20000000,9.05000000,,166071.46000000,1.65380375,-1.41304348,-0.13000000,,中天科技
2021-05-20,600522,9.06000000,9.01000000,9.08000000,8.95000000,,182881.40000000,1.44284129,-0.66152150,-0.06000000,,中天科技
2021-05-21,600522,9.04000000,8.99000000,9.16000000,8.99000000,,221567.02000000,1.89098999,-0.22197558,-0.02000000,,中天科技
2021-05-24,600522,9.00000000,9.07000000,9.09000000,8.98000000,,184978.96000000,1.21278942,0.88987764,0.08000000,,中天科技
2021-05-25,600522,9.09000000,9.18000000,9.20000000,9.03000000,,255853.47000000,1.85185185,1.21278942,0.11000000,,中天科技
2021-05-26,600522,9.20000000,9.19000000,9.26000000,9.16000000,,230601.07000000,1.08813928,0.10893246,0.01000000,,中天科技
2021-05-27,600522,9.16000000,9.33000000,9.34000000,9.15000000,,304852.68000000,2.03644159,1.52339499,0.14000000,,中天科技
2021-05-28,600522,9.47000000,9.36000000,9.57000000,9.33000000,,329385.73000000,2.56410256,0.32154341,0.03000000,,中天科技
2021-05-31,600522,9.38000000,9.62000000,9.67000000,9.37000000,,423629.47000000,3.11850312,2.77777778,0.26000000,,中天科技
2021-06-01,600522,9.57000000,9.55000000,9.63000000,9.48000000,,245734.73000000,1.57068063,-0.72765073,-0.07000000,,中天科技
2021-06-02,600522,9.51000000,9.34000000,9.61000000,9.30000000,,304049.29000000,3.31905782,-2.19895288,-0.21000000,,中天科技
2021-06-03,600522,9.32000000,9.43000000,9.61000000,9.32000000,,360957.32000000,3.07529162,0.96359743,0.09000000,,中天科技
2021-06-04,600522,9.41000000,9.44000000,9.50000000,9.35000000,,217576.10000000,1.58898305,0.10604454,0.01000000,,中天科技
2021-06-07,600522,9.46000000,9.48000000,9.66000000,9.43000000,,297276.48000000,2.42616034,0.42372881,0.04000000,,中天科技
2021-06-08,600522,9.51000000,9.32000000,9.51000000,9.26000000,,334548.16000000,2.68240343,-1.68776371,-0.16000000,,中天科技
2021-06-09,600522,9.34000000,9.36000000,9.38000000,9.27000000,,213548.89000000,1.17521368,0.42918455,0.04000000,,中天科技
2021-06-10,600522,9.32000000,9.39000000,9.50000000,9.29000000,,355769.62000000,2.23642173,0.32051282,0.03000000,,中天科技
2021-06-11,600522,9.40000000,8.95000000,9.44000000,8.90000000,,715178.68000000,6.03351955,-4.68583600,-0.44000000,,中天科技
2021-06-15,600522,8.96000000,8.71000000,9.04000000,8.64000000,,432608.22000000,4.59242250,-2.68156425,-0.24000000,,中天科技
2021-06-16,600522,8.74000000,8.71000000,8.86000000,8.68000000,,218814.07000000,2.06659013,0.00000000,0.00000000,,中天科技
2021-06-17,600522,8.81000000,8.80000000,8.88000000,8.73000000,,177805.99000000,1.70454545,1.03329506,0.09000000,,中天科技
2021-06-18,600522,8.80000000,8.85000000,8.91000000,8.70000000,,222351.79000000,2.37288136,0.56818182,0.05000000,,中天科技
2021-06-21,600522,8.88000000,8.82000000,8.88000000,8.76000000,,213622.96000000,1.36054422,-0.33898305,-0.03000000,,中天科技
2021-06-22,600522,8.82000000,8.84000000,8.88000000,8.78000000,,212747.53000000,1.13122172,0.22675737,0.02000000,,中天科技
2021-06-23,600522,8.85000000,8.82000000,8.85000000,8.73000000,,304751.37000000,1.36054422,-0.22624434,-0.02000000,,中天科技
2021-06-24,600522,8.82000000,9.09000000,9.19000000,8.77000000,,542060.25000000,4.62046205,3.06122449,0.27000000,,中天科技
2021-06-25,600522,9.09000000,9.04000000,9.12000000,8.90000000,,320953.21000000,2.43362832,-0.55005501,-0.05000000,,中天科技
2021-06-28,600522,9.02000000,8.93000000,9.02000000,8.92000000,,233638.25000000,1.11982083,-1.21681416,-0.11000000,,中天科技
2021-06-29,600522,8.95000000,8.78000000,8.97000000,8.74000000,,273190.37000000,2.61958998,-1.67973124,-0.15000000,,中天科技
2021-06-30,600522,8.79000000,9.02000000,9.06000000,8.79000000,,319537.12000000,2.99334812,2.73348519,0.24000000,,中天科技
2021-07-01,600522,9.03000000,8.82000000,9.06000000,8.82000000,,211207.20000000,2.72108844,-2.21729490,-0.20000000,,中天科技
2021-07-02,600522,8.82000000,8.77000000,8.95000000,8.75000000,,201245.36000000,2.28050171,-0.56689342,-0.05000000,,中天科技
2021-07-05,600522,8.82000000,8.79000000,8.84000000,8.70000000,,178967.88000000,1.59271900,0.22805017,0.02000000,,中天科技
2021-07-06,600522,8.77000000,8.83000000,8.86000000,8.71000000,,181258.25000000,1.69875425,0.45506257,0.04000000,,中天科技
2021-07-07,600522,8.83000000,8.96000000,8.97000000,8.80000000,,271070.05000000,1.89732143,1.47225368,0.13000000,,中天科技
2021-07-08,600522,8.93000000,8.93000000,8.98000000,8.84000000,,255224.80000000,1.56774916,-0.33482143,-0.03000000,,中天科技
2021-07-09,600522,8.92000000,8.99000000,9.01000000,8.88000000,,257460.76000000,1.44605117,0.67189250,0.06000000,,中天科技
2021-07-12,600522,9.01000000,9.36000000,9.39000000,9.01000000,,725778.25000000,4.05982906,4.11568409,0.37000000,,中天科技
2021-07-13,600522,9.35000000,9.27000000,9.36000000,9.21000000,,393894.30000000,1.61812298,-0.96153846,-0.09000000,,中天科技
2021-07-14,600522,9.27000000,9.17000000,9.44000000,9.15000000,,375893.29000000,3.16248637,-1.07874865,-0.10000000,,中天科技
2021-07-15,600522,9.16000000,9.22000000,9.24000000,9.01000000,,286590.26000000,2.49457701,0.54525627,0.05000000,,中天科技
2021-07-16,600522,9.20000000,9.34000000,9.47000000,9.13000000,,425799.07000000,3.64025696,1.30151844,0.12000000,,中天科技
2021-07-19,600522,9.34000000,9.31000000,9.39000000,9.19000000,,283491.29000000,2.14822771,-0.32119914,-0.03000000,,中天科技
2021-07-20,600522,9.28000000,9.22000000,9.28000000,9.10000000,,240864.13000000,1.95227766,-0.96670247,-0.09000000,,中天科技
2021-07-21,600522,9.22000000,9.22000000,9.27000000,9.14000000,,284940.48000000,1.40997831,0.00000000,0.00000000,,中天科技
2021-07-22,600522,8.20000000,8.20000000,8.20000000,8.20000000,,155878.00000000,0.00000000,-11.06290672,-1.02000000,,中天科技
2021-07-23,600522,7.28000000,7.28000000,7.28000000,7.28000000,,341611.00000000,0.00000000,-11.21951220,-0.92000000,,中天科技
2021-07-26,600522,6.59000000,6.47000000,6.89000000,6.45000000,,3207377.61000000,6.80061824,-11.12637363,-0.81000000,,中天科技
2021-07-27,600522,6.51000000,6.61000000,6.77000000,6.47000000,,1650098.22000000,4.53857791,2.16383308,0.14000000,,中天科技
2021-07-28,600522,6.61000000,6.29000000,6.61000000,6.03000000,,1083677.22000000,9.22098569,-4.84114977,-0.32000000,,中天科技
2021-07-29,600522,6.34000000,6.30000000,6.44000000,6.17000000,,845260.12000000,4.28571429,0.15898251,0.01000000,,中天科技
2021-07-30,600522,6.31000000,6.62000000,6.66000000,6.26000000,,1050687.42000000,6.04229607,5.07936508,0.32000000,,中天科技
2021-08-02,600522,6.67000000,6.87000000,7.00000000,6.48000000,,1149036.84000000,7.56914119,3.77643505,0.25000000,,中天科技
2021-08-03,600522,6.82000000,6.67000000,6.84000000,6.63000000,,831794.29000000,3.14842579,-2.91120815,-0.20000000,,中天科技
2021-08-04,600522,6.71000000,6.69000000,6.76000000,6.65000000,,606942.95000000,1.64424514,0.29985007,0.02000000,,中天科技
2021-08-05,600522,6.70000000,6.71000000,6.87000000,6.58000000,,760564.83000000,4.32190760,0.29895366,0.02000000,,中天科技
2021-08-06,600522,6.67000000,6.60000000,6.67000000,6.48000000,,663316.99000000,2.87878788,-1.63934426,-0.11000000,,中天科技
2021-08-09,600522,6.53000000,6.61000000,6.69000000,6.50000000,,499369.59000000,2.87443268,0.15151515,0.01000000,,中天科技
2021-08-10,600522,6.76000000,6.92000000,6.98000000,6.69000000,,1148018.73000000,4.19075145,4.68986384,0.31000000,,中天科技
2021-08-11,600522,6.94000000,7.71000000,7.71000000,6.88000000,,2235350.25000000,10.76523995,11.41618497,0.79000000,,中天科技
2021-08-12,600522,8.30000000,8.58000000,8.58000000,8.13000000,,2883277.12000000,5.24475524,11.28404669,0.87000000,,中天科技
2021-08-13,600522,8.62000000,8.30000000,8.76000000,8.22000000,,3155598.87000000,6.50602410,-3.26340326,-0.28000000,,中天科技
2021-08-16,600522,8.77000000,8.31000000,8.96000000,8.24000000,,1977103.21000000,8.66425993,0.12048193,0.01000000,,中天科技
2021-08-17,600522,8.02000000,7.60000000,8.23000000,7.52000000,,2088585.05000000,9.34210526,-8.54392298,-0.71000000,,中天科技
2021-08-18,600522,7.58000000,7.25000000,7.74000000,7.19000000,,1580729.38000000,7.58620690,-4.60526316,-0.35000000,,中天科技
2021-08-19,600522,7.22000000,7.14000000,7.39000000,7.07000000,,1115172.97000000,4.48179272,-1.51724138,-0.11000000,,中天科技
2021-08-20,600522,7.10000000,6.99000000,7.18000000,6.92000000,,955830.34000000,3.71959943,-2.10084034,-0.15000000,,中天科技
2021-08-23,600522,7.02000000,7.21000000,7.25000000,6.96000000,,894514.30000000,4.02219140,3.14735336,0.22000000,,中天科技
2021-08-24,600522,7.22000000,7.14000000,7.24000000,7.08000000,,653333.81000000,2.24089636,-0.97087379,-0.07000000,,中天科技
2021-08-25,600522,7.12000000,7.18000000,7.20000000,6.96000000,,704043.39000000,3.34261838,0.56022409,0.04000000,,中天科技
2021-08-26,600522,7.21000000,7.39000000,7.60000000,7.10000000,,1285895.11000000,6.76589986,2.92479109,0.21000000,,中天科技
2021-08-27,600522,7.16000000,6.97000000,7.16000000,6.55000000,,1281487.01000000,8.75179340,-5.68335589,-0.42000000,,中天科技
2021-08-30,600522,6.83000000,7.29000000,7.48000000,6.70000000,,1351396.18000000,10.69958848,4.59110473,0.32000000,,中天科技
2021-08-31,600522,7.18000000,7.15000000,7.20000000,6.94000000,,908459.57000000,3.63636364,-1.92043896,-0.14000000,,中天科技
2021-09-01,600522,7.10000000,7.06000000,7.33000000,6.99000000,,682806.99000000,4.81586402,-1.25874126,-0.09000000,,中天科技
2021-09-02,600522,7.07000000,7.41000000,7.54000000,6.97000000,,1162681.44000000,7.69230769,4.95750708,0.35000000,,中天科技
2021-09-03,600522,7.56000000,7.38000000,7.79000000,7.34000000,,1110155.27000000,6.09756098,-0.40485830,-0.03000000,,中天科技
2021-09-06,600522,7.56000000,7.59000000,7.71000000,7.43000000,,970385.65000000,3.68906456,2.84552846,0.21000000,,中天科技
2021-09-07,600522,7.82000000,7.64000000,7.90000000,7.59000000,,919241.38000000,4.05759162,0.65876153,0.05000000,,中天科技
2021-09-08,600522,7.65000000,8.15000000,8.34000000,7.58000000,,1549824.93000000,9.32515337,6.67539267,0.51000000,,中天科技
2021-09-09,600522,8.05000000,8.07000000,8.37000000,8.02000000,,1028676.72000000,4.33705081,-0.98159509,-0.08000000,,中天科技
2021-09-10,600522,8.06000000,7.64000000,8.10000000,7.63000000,,1089996.17000000,6.15183246,-5.32837670,-0.43000000,,中天科技
2021-09-13,600522,7.72000000,7.72000000,7.87000000,7.64000000,,595852.88000000,2.97927461,1.04712042,0.08000000,,中天科技
2021-09-14,600522,7.68000000,7.54000000,7.81000000,7.47000000,,703212.33000000,4.50928382,-2.33160622,-0.18000000,,中天科技
2021-09-15,600522,7.55000000,8.39000000,8.39000000,7.49000000,,1734647.71000000,10.72705602,11.27320955,0.85000000,,中天科技
2021-09-16,600522,8.45000000,8.02000000,8.48000000,7.96000000,,1441024.14000000,6.48379052,-4.41001192,-0.37000000,,中天科技
2021-09-17,600522,8.08000000,8.11000000,8.35000000,7.91000000,,975565.20000000,5.42540074,1.12219451,0.09000000,,中天科技
2021-09-22,600522,8.03000000,8.31000000,8.42000000,7.95000000,,907978.49000000,5.65583634,2.46609125,0.20000000,,中天科技
2021-09-23,600522,8.40000000,8.25000000,8.48000000,8.17000000,,830217.27000000,3.75757576,-0.72202166,-0.06000000,,中天科技
2021-09-24,600522,8.19000000,7.94000000,8.24000000,7.91000000,,631618.66000000,4.15617128,-3.75757576,-0.31000000,,中天科技
2021-09-27,600522,7.95000000,7.67000000,8.10000000,7.49000000,,632020.56000000,7.95306389,-3.40050378,-0.27000000,,中天科技
2021-09-28,600522,7.62000000,8.02000000,8.16000000,7.57000000,,667419.61000000,7.35660848,4.56323338,0.35000000,,中天科技
2021-09-29,600522,7.90000000,7.85000000,8.10000000,7.75000000,,513893.06000000,4.45859873,-2.11970075,-0.17000000,,中天科技
2021-09-30,600522,7.87000000,8.12000000,8.21000000,7.87000000,,586354.41000000,4.18719212,3.43949045,0.27000000,,中天科技
2021-10-08,600522,8.18000000,8.18000000,8.24000000,7.94000000,,580064.81000000,3.66748166,0.73891626,0.06000000,,中天科技
2021-10-11,600522,8.19000000,8.78000000,8.99000000,8.01000000,,1412869.90000000,11.16173121,7.33496333,0.60000000,,中天科技
2021-10-12,600522,8.62000000,8.36000000,8.71000000,8.18000000,,854882.07000000,6.33971292,-4.78359909,-0.42000000,,中天科技
2021-10-13,600522,8.38000000,8.19000000,8.41000000,8.05000000,,587137.85000000,4.39560440,-2.03349282,-0.17000000,,中天科技
2021-10-14,600522,8.18000000,8.13000000,8.31000000,8.06000000,,430675.09000000,3.07503075,-0.73260073,-0.06000000,,中天科技
2021-10-15,600522,8.08000000,7.82000000,8.13000000,7.82000000,,609364.99000000,3.96419437,-3.81303813,-0.31000000,,中天科技
2021-10-18,600522,7.87000000,7.91000000,8.08000000,7.85000000,,351068.35000000,2.90771176,1.15089514,0.09000000,,中天科技
2021-10-19,600522,7.95000000,7.91000000,8.01000000,7.83000000,,366099.59000000,2.27560051,0.00000000,0.00000000,,中天科技
2021-10-20,600522,7.87000000,8.00000000,8.11000000,7.79000000,,508031.48000000,4.00000000,1.13780025,0.09000000,,中天科技
2021-10-21,600522,7.93000000,7.88000000,7.97000000,7.82000000,,325724.92000000,1.90355330,-1.50000000,-0.12000000,,中天科技
2021-10-22,600522,7.83000000,7.88000000,8.02000000,7.74000000,,328082.39000000,3.55329949,0.00000000,0.00000000,,中天科技
2021-10-25,600522,7.92000000,8.04000000,8.11000000,7.86000000,,340801.92000000,3.10945274,2.03045685,0.16000000,,中天科技
2021-10-26,600522,8.07000000,8.10000000,8.17000000,8.00000000,,342326.78000000,2.09876543,0.74626866,0.06000000,,中天科技
2021-10-27,600522,8.12000000,8.33000000,8.45000000,8.08000000,,733295.49000000,4.44177671,2.83950617,0.23000000,,中天科技
2021-10-28,600522,8.29000000,8.57000000,8.82000000,8.23000000,,1311860.56000000,6.88448075,2.88115246,0.24000000,,中天科技
2021-10-29,600522,8.69000000,9.13000000,9.22000000,8.65000000,,1681447.36000000,6.24315444,6.53442240,0.56000000,,中天科技
2021-11-01,600522,10.14000000,10.14000000,10.14000000,10.14000000,,415550.34000000,0.00000000,11.06243154,1.01000000,,中天科技
2021-11-02,600522,11.25000000,11.25000000,11.25000000,11.25000000,,502145.69000000,0.00000000,10.94674556,1.11000000,,中天科技
2021-11-03,600522,12.02000000,12.38000000,12.47000000,11.91000000,,6625431.77000000,4.52342488,10.04444444,1.13000000,,中天科技
2021-11-04,600522,12.03000000,13.72000000,13.72000000,12.03000000,,2628674.69000000,12.31778426,10.82390953,1.34000000,,中天科技
2021-11-05,600522,14.59000000,14.20000000,14.76000000,13.44000000,,4258956.97000000,9.29577465,3.49854227,0.48000000,,中天科技
2021-11-08,600522,14.57000000,15.06000000,15.32000000,14.40000000,,3347080.06000000,6.10889774,6.05633803,0.86000000,,中天科技
2021-11-09,600522,14.97000000,15.07000000,16.18000000,14.61000000,,3100701.01000000,10.41804910,0.06640106,0.01000000,,中天科技
2021-11-10,600522,14.91000000,15.27000000,15.40000000,14.59000000,,2138229.60000000,5.30451866,1.32714001,0.20000000,,中天科技
2021-11-11,600522,15.19000000,15.34000000,16.33000000,15.12000000,,2312895.26000000,7.88787484,0.45841519,0.07000000,,中天科技
2021-11-12,600522,15.31000000,16.97000000,16.97000000,15.31000000,,3047163.78000000,9.78196818,10.62581486,1.63000000,,中天科技
2021-11-15,600522,16.92000000,15.92000000,17.26000000,15.78000000,,2687572.15000000,9.29648241,-6.18738951,-1.05000000,,中天科技
2021-11-16,600522,16.20000000,17.17000000,17.60000000,16.05000000,,2589139.38000000,9.02737333,7.85175879,1.25000000,,中天科技
2021-11-17,600522,16.98000000,18.37000000,18.70000000,16.98000000,,2245368.22000000,9.36309200,6.98893419,1.20000000,,中天科技
2021-11-18,600522,18.50000000,17.57000000,18.68000000,17.53000000,,2069827.24000000,6.54524758,-4.35492651,-0.80000000,,中天科技
2021-11-19,600522,17.41000000,17.52000000,18.02000000,16.87000000,,1788331.92000000,6.56392694,-0.28457598,-0.05000000,,中天科技
2021-11-22,600522,17.70000000,17.28000000,17.82000000,16.83000000,,1494605.23000000,5.72916667,-1.36986301,-0.24000000,,中天科技
2021-11-23,600522,17.32000000,17.27000000,17.99000000,17.10000000,,1514332.68000000,5.15344528,-0.05787037,-0.01000000,,中天科技
2021-11-24,600522,17.02000000,16.81000000,17.37000000,16.40000000,,1725873.54000000,5.77037478,-2.66357846,-0.46000000,,中天科技
2021-11-25,600522,16.73000000,16.29000000,17.01000000,16.15000000,,1425186.03000000,5.27931246,-3.09339679,-0.52000000,,中天科技
2021-11-26,600522,16.28000000,16.54000000,16.94000000,15.97000000,,1672645.33000000,5.86457074,1.53468386,0.25000000,,中天科技
2021-11-29,600522,16.17000000,16.87000000,17.32000000,16.12000000,,1462070.30000000,7.11321873,1.99516324,0.33000000,,中天科技
2021-11-30,600522,17.47000000,17.60000000,18.05000000,17.06000000,,1832571.52000000,5.62500000,4.32720806,0.73000000,,中天科技
2021-12-01,600522,17.42000000,17.00000000,17.52000000,16.85000000,,1304192.36000000,3.94117647,-3.40909091,-0.60000000,,中天科技
2021-12-02,600522,16.77000000,15.88000000,16.82000000,15.72000000,,1656147.68000000,6.92695214,-6.58823529,-1.12000000,,中天科技
2021-12-03,600522,15.83000000,15.33000000,16.04000000,15.29000000,,1553071.81000000,4.89236791,-3.46347607,-0.55000000,,中天科技
2021-12-06,600522,15.49000000,15.17000000,15.85000000,15.10000000,,1177789.41000000,4.94396836,-1.04370515,-0.16000000,,中天科技
2021-12-07,600522,15.23000000,15.02000000,15.32000000,14.49000000,,1161117.15000000,5.52596538,-0.98879367,-0.15000000,,中天科技
2021-12-08,600522,15.01000000,15.42000000,15.72000000,15.00000000,,1165855.23000000,4.66926070,2.66311585,0.40000000,,中天科技
2021-12-09,600522,15.23000000,15.65000000,16.06000000,15.12000000,,1289275.11000000,6.00638978,1.49156939,0.23000000,,中天科技
2021-12-10,600522,15.92000000,16.08000000,16.77000000,15.71000000,,1793432.97000000,6.59203980,2.74760383,0.43000000,,中天科技
2021-12-13,600522,15.95000000,16.77000000,17.26000000,15.64000000,,1479902.87000000,9.66010733,4.29104478,0.69000000,,中天科技
2021-12-14,600522,16.66000000,16.66000000,16.95000000,16.53000000,,910086.84000000,2.52100840,-0.65593321,-0.11000000,,中天科技
2021-12-15,600522,16.66000000,17.13000000,17.44000000,16.42000000,,1307851.84000000,5.95446585,2.82112845,0.47000000,,中天科技
2021-12-16,600522,17.42000000,16.91000000,17.75000000,16.70000000,,1119709.39000000,6.20934358,-1.28429656,-0.22000000,,中天科技
2021-12-17,600522,16.38000000,17.44000000,18.38000000,16.03000000,,2362866.24000000,13.47477064,3.13424009,0.53000000,,中天科技
2021-12-20,600522,17.48000000,15.60000000,17.61000000,15.60000000,,1623209.47000000,12.88461538,-10.55045872,-1.84000000,,中天科技
2021-12-21,600522,15.65000000,16.35000000,16.73000000,15.56000000,,1640115.77000000,7.15596330,4.80769231,0.75000000,,中天科技
2021-12-22,600522,16.34000000,16.32000000,16.63000000,15.69000000,,1048864.17000000,5.75980392,-0.18348624,-0.03000000,,中天科技
2021-12-23,600522,16.31000000,16.25000000,16.52000000,15.94000000,,685507.71000000,3.56923077,-0.42892157,-0.07000000,,中天科技
2021-12-24,600522,16.19000000,15.00000000,16.23000000,14.53000000,,1758583.92000000,11.33333333,-7.69230769,-1.25000000,,中天科技
2021-12-27,600522,14.87000000,14.92000000,15.51000000,14.68000000,,1049943.72000000,5.56300268,-0.53333333,-0.08000000,,中天科技
2021-12-28,600522,15.18000000,15.54000000,15.72000000,14.67000000,,1120964.43000000,6.75675676,4.15549598,0.62000000,,中天科技
2021-12-29,600522,15.53000000,15.67000000,16.66000000,15.43000000,,1483668.20000000,7.84939375,0.83655084,0.13000000,,中天科技
2021-12-30,600522,15.78000000,15.76000000,15.92000000,14.91000000,,1085155.29000000,6.40862944,0.57434588,0.09000000,,中天科技
2021-12-31,600522,15.95000000,15.98000000,16.64000000,15.58000000,,1164768.15000000,6.63329161,1.39593909,0.22000000,,中天科技
2022-01-04,600522,16.30000000,15.51000000,16.36000000,15.00000000,,1274870.88000000,8.76853643,-2.94117647,-0.47000000,,中天科技
2022-01-05,600522,15.52000000,14.81000000,15.52000000,14.57000000,,1038114.78000000,6.41458474,-4.51321728,-0.70000000,,中天科技
2022-01-06,600522,14.57000000,15.07000000,15.37000000,14.30000000,,987110.47000000,7.10019907,1.75557056,0.26000000,,中天科技
2022-01-07,600522,14.98000000,14.40000000,15.15000000,13.97000000,,1173997.99000000,8.19444444,-4.44591904,-0.67000000,,中天科技
2022-01-10,600522,14.30000000,13.85000000,14.35000000,13.62000000,,1122349.45000000,5.27075812,-3.81944444,-0.55000000,,中天科技
2022-01-11,600522,13.82000000,13.57000000,13.90000000,13.12000000,,1192838.57000000,5.74797347,-2.02166065,-0.28000000,,中天科技
2022-01-12,600522,13.92000000,13.79000000,14.00000000,13.31000000,,1356619.55000000,5.00362582,1.62122329,0.22000000,,中天科技
2022-01-13,600522,13.73000000,12.97000000,13.80000000,12.89000000,,1168674.78000000,7.01619121,-5.94633793,-0.82000000,,中天科技
2022-01-14,600522,12.99000000,13.52000000,13.82000000,12.85000000,,1152351.56000000,7.17455621,4.24055513,0.55000000,,中天科技
2022-01-17,600522,13.50000000,13.57000000,13.81000000,13.20000000,,766083.84000000,4.49521002,0.36982249,0.05000000,,中天科技
2022-01-18,600522,13.56000000,13.75000000,14.12000000,13.25000000,,999161.74000000,6.32727273,1.32645542,0.18000000,,中天科技
2022-01-19,600522,13.74000000,13.74000000,14.21000000,13.51000000,,880621.67000000,5.09461426,-0.07272727,-0.01000000,,中天科技
2022-01-20,600522,13.72000000,13.37000000,13.76000000,13.05000000,,560724.97000000,5.31039641,-2.69286754,-0.37000000,,中天科技
2022-01-21,600522,13.40000000,13.16000000,13.50000000,13.04000000,,501659.46000000,3.49544073,-1.57068063,-0.21000000,,中天科技
2022-01-24,600522,13.13000000,13.57000000,13.79000000,13.04000000,,629077.68000000,5.52689757,3.11550152,0.41000000,,中天科技
2022-01-25,600522,13.51000000,13.08000000,13.66000000,13.02000000,,558175.21000000,4.89296636,-3.61090641,-0.49000000,,中天科技
2022-01-26,600522,13.19000000,14.49000000,14.49000000,13.10000000,,1985204.75000000,9.59282264,10.77981651,1.41000000,,中天科技
2022-01-27,600522,14.62000000,15.01000000,15.52000000,14.46000000,,2149229.09000000,7.06195869,3.58868185,0.52000000,,中天科技
2022-01-28,600522,14.97000000,15.64000000,16.40000000,14.31000000,,1881086.85000000,13.36317136,4.19720187,0.63000000,,中天科技
2022-02-07,600522,16.37000000,15.32000000,16.50000000,15.30000000,,1208105.23000000,7.83289817,-2.04603581,-0.32000000,,中天科技
2022-02-08,600522,15.37000000,15.58000000,15.92000000,14.62000000,,1213640.87000000,8.34403081,1.69712794,0.26000000,,中天科技
2022-02-09,600522,15.39000000,16.04000000,16.45000000,15.11000000,,1148134.55000000,8.35411471,2.95250321,0.46000000,,中天科技
2022-02-10,600522,15.53000000,15.16000000,15.53000000,14.77000000,,1375868.28000000,5.01319261,-5.48628429,-0.88000000,,中天科技
2022-02-11,600522,14.82000000,15.02000000,15.73000000,14.62000000,,800318.77000000,7.39014647,-0.92348285,-0.14000000,,中天科技
2022-02-14,600522,15.02000000,14.74000000,15.26000000,14.42000000,,766471.33000000,5.69877883,-1.86418109,-0.28000000,,中天科技
2022-02-15,600522,14.73000000,16.31000000,16.31000000,14.63000000,,1528147.58000000,10.30042918,10.65128901,1.57000000,,中天科技
2022-02-16,600522,16.42000000,16.17000000,16.74000000,15.97000000,,1206507.99000000,4.76190476,-0.85836910,-0.14000000,,中天科技
2022-02-17,600522,16.21000000,17.14000000,17.57000000,16.09000000,,1511716.12000000,8.63477246,5.99876314,0.97000000,,中天科技
2022-02-18,600522,17.01000000,16.97000000,17.26000000,16.66000000,,721102.32000000,3.53565115,-0.99183197,-0.17000000,,中天科技
2022-02-21,600522,16.98000000,17.35000000,17.56000000,16.82000000,,1006514.02000000,4.26512968,2.23924573,0.38000000,,中天科技
2022-02-22,600522,17.02000000,17.07000000,17.25000000,16.73000000,,594106.61000000,3.04628002,-1.61383285,-0.28000000,,中天科技
2022-02-23,600522,16.88000000,17.76000000,18.17000000,16.84000000,,900105.69000000,7.48873874,4.04217926,0.69000000,,中天科技
2022-02-24,600522,17.53000000,17.00000000,17.92000000,16.60000000,,1061001.36000000,7.76470588,-4.27927928,-0.76000000,,中天科技
2022-02-25,600522,17.28000000,17.52000000,18.19000000,17.21000000,,815615.16000000,5.59360731,3.05882353,0.52000000,,中天科技
2022-02-28,600522,17.27000000,17.73000000,17.87000000,17.13000000,,668831.94000000,4.17371686,1.19863014,0.21000000,,中天科技
2022-03-01,600522,17.89000000,18.73000000,19.60000000,17.87000000,,2022214.37000000,9.23651895,5.64015792,1.00000000,,中天科技
2022-03-02,600522,18.62000000,18.01000000,18.62000000,17.21000000,,1490560.66000000,7.82898390,-3.84410037,-0.72000000,,中天科技
2022-03-03,600522,18.42000000,16.77000000,18.47000000,16.71000000,,1329034.56000000,10.49493143,-6.88506385,-1.24000000,,中天科技
2022-03-04,600522,16.47000000,16.84000000,17.15000000,16.14000000,,749721.39000000,5.99762470,0.41741205,0.07000000,,中天科技
2022-03-07,600522,16.42000000,16.30000000,16.57000000,15.98000000,,800608.27000000,3.61963190,-3.20665083,-0.54000000,,中天科技
2022-03-08,600522,16.22000000,16.51000000,16.95000000,15.76000000,,1168628.00000000,7.20775288,1.28834356,0.21000000,,中天科技
2022-03-09,600522,16.62000000,16.68000000,17.20000000,15.73000000,,1051595.09000000,8.81294964,1.02967898,0.17000000,,中天科技
2022-03-10,600522,17.20000000,16.32000000,17.49000000,16.20000000,,1414077.13000000,7.90441176,-2.15827338,-0.36000000,,中天科技
2022-03-11,600522,16.93000000,17.66000000,17.77000000,16.67000000,,1736949.43000000,6.22876557,8.21078431,1.34000000,,中天科技
2022-03-14,600522,17.20000000,17.07000000,18.27000000,17.03000000,,1178409.28000000,7.26420621,-3.34088335,-0.59000000,,中天科技
2022-03-15,600522,16.70000000,16.32000000,17.31000000,16.05000000,,1008790.28000000,7.72058824,-4.39367311,-0.75000000,,中天科技
2022-03-16,600522,16.71000000,18.05000000,18.05000000,16.42000000,,1397624.51000000,9.03047091,10.60049020,1.73000000,,中天科技
2022-03-17,600522,18.40000000,18.02000000,18.70000000,17.73000000,,1228606.05000000,5.38290788,-0.16620499,-0.03000000,,中天科技
2022-03-18,600522,17.72000000,17.64000000,17.80000000,17.08000000,,775362.10000000,4.08163265,-2.10876804,-0.38000000,,中天科技
2022-03-21,600522,17.42000000,17.13000000,17.68000000,16.86000000,,902438.92000000,4.78692353,-2.89115646,-0.51000000,,中天科技
2022-03-22,600522,16.88000000,17.02000000,17.40000000,16.75000000,,511457.18000000,3.81903643,-0.64214828,-0.11000000,,中天科技
2022-03-23,600522,17.21000000,17.27000000,17.80000000,17.16000000,,809545.67000000,3.70584829,1.46886016,0.25000000,,中天科技
2022-03-24,600522,16.87000000,17.00000000,17.25000000,16.52000000,,586846.32000000,4.29411765,-1.56340475,-0.27000000,,中天科技
2022-03-25,600522,17.00000000,16.17000000,17.04000000,16.02000000,,753353.08000000,6.30797774,-4.88235294,-0.83000000,,中天科技
2022-03-28,600522,15.79000000,15.60000000,15.98000000,15.28000000,,594058.75000000,4.48717949,-3.52504638,-0.57000000,,中天科技
2022-03-29,600522,15.70000000,15.38000000,15.82000000,15.28000000,,411237.87000000,3.51105332,-1.41025641,-0.22000000,,中天科技
2022-03-30,600522,15.62000000,16.55000000,16.59000000,15.62000000,,683697.19000000,5.86102719,7.60728218,1.17000000,,中天科技
2022-03-31,600522,16.29000000,16.02000000,16.48000000,15.85000000,,518518.97000000,3.93258427,-3.20241692,-0.53000000,,中天科技
2022-04-01,600522,15.82000000,16.00000000,16.25000000,15.72000000,,320407.00000000,3.31250000,-0.12484395,-0.02000000,,中天科技
2022-04-06,600522,16.14000000,15.07000000,16.20000000,14.82000000,,689577.00000000,9.15726609,-5.81250000,-0.93000000,,中天科技
2022-04-07,600522,14.91000000,14.80000000,15.03000000,14.58000000,,531056.00000000,3.04054054,-1.79163902,-0.27000000,,中天科技
2022-04-08,600522,14.87000000,14.94000000,15.23000000,14.49000000,,539513.00000000,4.95314592,0.94594595,0.14000000,,中天科技
2022-04-11,600522,14.73000000,13.90000000,14.87000000,13.82000000,,618398.00000000,7.55395683,-6.96117805,-1.04000000,,中天科技
2022-04-12,600522,14.01000000,14.12000000,14.26000000,13.64000000,,476339.00000000,4.39093484,1.58273381,0.22000000,,中天科技
2022-04-13,600522,13.87000000,13.91000000,14.19000000,13.72000000,,306968.00000000,3.37886413,-1.48725212,-0.21000000,,中天科技
2022-04-14,600522,14.12000000,13.98000000,14.35000000,13.80000000,,437659.00000000,3.93419170,0.50323508,0.07000000,,中天科技
2022-04-15,600522,13.80000000,13.51000000,13.87000000,13.42000000,,489256.00000000,3.33086603,-3.36194564,-0.47000000,,中天科技
2022-04-18,600522,13.44000000,14.58000000,14.75000000,13.23000000,,615729.00000000,10.42524005,7.92005922,1.07000000,,中天科技
2022-04-19,600522,14.55000000,14.32000000,15.14000000,14.22000000,,377568.00000000,6.42458101,-1.78326475,-0.26000000,,中天科技
2022-04-20,600522,14.32000000,13.73000000,14.32000000,13.68000000,,363354.00000000,4.66132556,-4.12011173,-0.59000000,,中天科技
2022-04-21,600522,13.54000000,13.51000000,13.95000000,13.33000000,,411795.00000000,4.58919319,-1.60233066,-0.22000000,,中天科技
2022-04-22,600522,13.47000000,13.73000000,14.27000000,13.35000000,,471453.00000000,6.70065550,1.62842339,0.22000000,,中天科技
2022-04-25,600522,13.27000000,13.32000000,14.12000000,12.86000000,,671220.00000000,9.45945946,-2.98616169,-0.41000000,,中天科技
2022-04-26,600522,13.33000000,13.59000000,14.01000000,12.93000000,,640552.00000000,7.94701987,2.02702703,0.27000000,,中天科技
2022-04-27,600522,13.34000000,14.41000000,14.55000000,12.17000000,,1207184.00000000,16.51630812,6.03384842,0.82000000,,中天科技
2022-04-28,600522,14.02000000,14.42000000,14.75000000,13.90000000,,707537.00000000,5.89459085,0.06939625,0.01000000,,中天科技
2022-04-29,600522,14.42000000,15.37000000,15.51000000,14.17000000,,686281.00000000,8.71828237,6.58807212,0.95000000,,中天科技
2022-05-05,600522,15.02000000,14.88000000,15.25000000,14.59000000,,832557.00000000,4.43548387,-3.18802863,-0.49000000,,中天科技
2022-05-06,600522,14.22000000,14.37000000,14.80000000,14.16000000,,566010.00000000,4.45372303,-3.42741935,-0.51000000,,中天科技
2022-05-09,600522,14.29000000,14.31000000,14.50000000,14.04000000,,308392.00000000,3.21453529,-0.41753653,-0.06000000,,中天科技
2022-05-10,600522,14.03000000,15.08000000,15.52000000,13.92000000,,841567.00000000,10.61007958,5.38085255,0.77000000,,中天科技
2022-05-11,600522,15.05000000,15.22000000,16.01000000,14.90000000,,946667.00000000,7.29303548,0.92838196,0.14000000,,中天科技
2022-05-12,600522,15.07000000,15.54000000,15.72000000,15.02000000,,480141.00000000,4.50450450,2.10249671,0.32000000,,中天科技
2022-05-13,600522,15.71000000,15.57000000,15.80000000,15.37000000,,319545.00000000,2.76172126,0.19305019,0.03000000,,中天科技
2022-05-16,600522,15.57000000,15.12000000,15.87000000,15.03000000,,415495.00000000,5.55555556,-2.89017341,-0.45000000,,中天科技
2022-05-17,600522,15.16000000,15.54000000,15.68000000,14.90000000,,554490.00000000,5.01930502,2.77777778,0.42000000,,中天科技
2022-05-18,600522,15.49000000,14.99000000,15.59000000,14.68000000,,612467.00000000,6.07071381,-3.53925354,-0.55000000,,中天科技
2022-05-19,600522,14.68000000,16.17000000,16.49000000,14.60000000,,1056548.00000000,11.68831169,7.87191461,1.18000000,,中天科技
2022-05-20,600522,16.17000000,16.50000000,16.87000000,15.95000000,,724101.00000000,5.57575758,2.04081633,0.33000000,,中天科技
2022-05-23,600522,16.37000000,16.97000000,17.06000000,16.31000000,,593809.00000000,4.41956394,2.84848485,0.47000000,,中天科技
2022-05-24,600522,16.98000000,16.04000000,17.15000000,16.03000000,,569556.00000000,6.98254364,-5.48025928,-0.93000000,,中天科技
2022-05-25,600522,15.98000000,16.96000000,16.98000000,15.88000000,,610409.00000000,6.48584906,5.73566085,0.92000000,,中天科技
2022-05-26,600522,16.73000000,17.18000000,17.65000000,16.42000000,,717655.00000000,7.15948778,1.29716981,0.22000000,,中天科技
2022-05-27,600522,17.10000000,16.78000000,17.59000000,16.63000000,,484298.00000000,5.72109654,-2.32828871,-0.40000000,,中天科技
2022-05-30,600522,16.81000000,16.92000000,17.22000000,16.52000000,,304847.00000000,4.13711584,0.83432658,0.14000000,,中天科技
2022-05-31,600522,17.27000000,17.37000000,17.62000000,17.06000000,,536870.00000000,3.22394934,2.65957447,0.45000000,,中天科技
2022-06-01,600522,17.27000000,17.33000000,17.57000000,17.09000000,,444466.00000000,2.76976342,-0.23028210,-0.04000000,,中天科技
2022-06-02,600522,17.32000000,18.30000000,18.62000000,17.17000000,,668766.00000000,7.92349727,5.59723024,0.97000000,,中天科技
2022-06-06,600522,18.10000000,18.57000000,18.95000000,18.02000000,,587003.00000000,5.00807754,1.47540984,0.27000000,,中天科技
2022-06-07,600522,18.54000000,17.94000000,18.80000000,17.55000000,,591671.00000000,6.96767001,-3.39256866,-0.63000000,,中天科技
2022-06-08,600522,18.05000000,17.88000000,18.12000000,17.19000000,,565873.00000000,5.20134228,-0.33444816,-0.06000000,,中天科技
2022-06-09,600522,17.77000000,17.47000000,17.97000000,17.24000000,,486855.00000000,4.17859187,-2.29306488,-0.41000000,,中天科技
2022-06-10,600522,17.35000000,17.70000000,17.89000000,17.29000000,,587779.00000000,3.38983051,1.31654264,0.23000000,,中天科技
2022-06-13,600522,17.45000000,17.98000000,18.29000000,17.37000000,,499715.00000000,5.11679644,1.58192090,0.28000000,,中天科技
2022-06-14,600522,17.68000000,17.34000000,17.74000000,16.53000000,,844884.00000000,6.97808535,-3.55951057,-0.64000000,,中天科技
2022-06-15,600522,17.24000000,17.02000000,17.60000000,16.97000000,,495255.00000000,3.70152761,-1.84544406,-0.32000000,,中天科技
2022-06-16,600522,17.01000000,17.75000000,17.95000000,16.94000000,,582383.00000000,5.69014085,4.28907168,0.73000000,,中天科技
2022-06-17,600522,17.48000000,19.45000000,19.62000000,17.45000000,,1103531.00000000,11.15681234,9.57746479,1.70000000,,中天科技
2022-06-20,600522,19.62000000,19.85000000,20.29000000,19.38000000,,1144378.00000000,4.58438287,2.05655527,0.40000000,,中天科技
2022-06-21,600522,19.65000000,19.74000000,20.38000000,19.35000000,,772436.00000000,5.21783181,-0.55415617,-0.11000000,,中天科技
2022-06-22,600522,19.67000000,19.38000000,20.15000000,19.37000000,,576388.00000000,4.02476780,-1.82370821,-0.36000000,,中天科技
2022-06-23,600522,19.42000000,19.72000000,20.10000000,18.81000000,,648030.00000000,6.54158215,1.75438596,0.34000000,,中天科技
2022-06-24,600522,19.94000000,21.36000000,21.79000000,19.92000000,,1049998.00000000,8.75468165,8.31643002,1.64000000,,中天科技
2022-06-27,600522,21.59000000,21.62000000,22.03000000,21.06000000,,827711.00000000,4.48658649,1.21722846,0.26000000,,中天科技
2022-06-28,600522,21.62000000,22.02000000,22.48000000,21.53000000,,571085.00000000,4.31425976,1.85013876,0.40000000,,中天科技
2022-06-29,600522,21.82000000,21.26000000,22.34000000,21.12000000,,617221.00000000,5.73847601,-3.45140781,-0.76000000,,中天科技
2022-06-30,600522,21.55000000,22.12000000,22.77000000,21.52000000,,794878.00000000,5.65099458,4.04515522,0.86000000,,中天科技
2022-07-01,600522,22.15000000,22.38000000,22.86000000,21.83000000,,507287.00000000,4.60232350,1.17540687,0.26000000,,中天科技
2022-07-04,600522,22.77000000,23.01000000,23.50000000,22.10000000,,685553.00000000,6.08431117,2.81501340,0.63000000,,中天科技
2022-07-05,600522,23.01000000,22.78000000,23.21000000,22.33000000,,506036.00000000,3.86303775,-0.99956541,-0.23000000,,中天科技
2022-07-06,600522,22.68000000,22.95000000,24.01000000,22.46000000,,750223.00000000,6.75381264,0.74626866,0.17000000,,中天科技
2022-07-07,600522,22.94000000,23.32000000,23.52000000,22.22000000,,503799.00000000,5.57461407,1.61220044,0.37000000,,中天科技
2022-07-08,600522,23.60000000,23.62000000,24.22000000,23.23000000,,526809.00000000,4.19136325,1.28644940,0.30000000,,中天科技
2022-07-11,600522,23.34000000,22.43000000,23.59000000,21.98000000,,955030.00000000,7.17788676,-5.03810330,-1.19000000,,中天科技
2022-07-12,600522,22.51000000,22.86000000,23.69000000,22.50000000,,674218.00000000,5.20559930,1.91707535,0.43000000,,中天科技
2022-07-13,600522,22.62000000,23.60000000,23.91000000,22.25000000,,719987.00000000,7.03389831,3.23709536,0.74000000,,中天科技
2022-07-14,600522,23.57000000,25.69000000,25.79000000,23.52000000,,908583.00000000,8.83612301,8.85593220,2.09000000,,中天科技
2022-07-15,600522,25.02000000,25.24000000,25.93000000,24.23000000,,863950.00000000,6.73534073,-1.75165434,-0.45000000,,中天科技
2022-07-18,600522,25.84000000,25.33000000,26.03000000,24.65000000,,623362.00000000,5.44808527,0.35657686,0.09000000,,中天科技
2022-07-19,600522,25.57000000,25.26000000,26.56000000,25.03000000,,837682.00000000,6.05700713,-0.27635215,-0.07000000,,中天科技
2022-07-20,600522,25.04000000,25.94000000,26.62000000,24.57000000,,734807.00000000,7.90285274,2.69200317,0.68000000,,中天科技
2022-07-21,600522,25.82000000,24.90000000,25.88000000,24.90000000,,518826.00000000,3.93574297,-4.00925212,-1.04000000,,中天科技
2022-07-22,600522,24.93000000,24.41000000,25.26000000,24.10000000,,573562.00000000,4.75215076,-1.96787149,-0.49000000,,中天科技
2022-07-25,600522,24.33000000,22.69000000,24.33000000,22.24000000,,986523.00000000,9.21110621,-7.04629250,-1.72000000,,中天科技
2022-07-26,600522,22.89000000,22.92000000,23.42000000,22.43000000,,803834.00000000,4.31937173,1.01366241,0.23000000,,中天科技
2022-07-27,600522,22.93000000,22.86000000,23.03000000,21.62000000,,1129299.00000000,6.16797900,-0.26178010,-0.06000000,,中天科技
2022-07-28,600522,22.93000000,21.49000000,23.17000000,21.32000000,,1171885.00000000,8.60865519,-5.99300087,-1.37000000,,中天科技
2022-07-29,600522,21.59000000,22.02000000,22.58000000,21.42000000,,899020.00000000,5.26793824,2.46626338,0.53000000,,中天科技
2022-08-01,600522,22.00000000,22.04000000,22.56000000,21.65000000,,631415.00000000,4.12885662,0.09082652,0.02000000,,中天科技
2022-08-02,600522,21.66000000,21.74000000,22.52000000,21.36000000,,742047.00000000,5.33578657,-1.36116152,-0.30000000,,中天科技
2022-08-03,600522,22.00000000,21.52000000,22.66000000,21.41000000,,784130.00000000,5.80855019,-1.01195952,-0.22000000,,中天科技
2022-08-04,600522,21.61000000,21.16000000,21.82000000,20.73000000,,811825.00000000,5.15122873,-1.67286245,-0.36000000,,中天科技
2022-08-05,600522,21.35000000,21.60000000,21.92000000,20.82000000,,701586.00000000,5.09259259,2.07939509,0.44000000,,中天科技
2022-08-08,600522,21.01000000,21.93000000,22.62000000,21.01000000,,761841.00000000,7.34154127,1.52777778,0.33000000,,中天科技
2022-08-09,600522,21.85000000,22.98000000,23.42000000,21.56000000,,881336.00000000,8.09399478,4.78796170,1.05000000,,中天科技
2022-08-10,600522,22.83000000,22.59000000,23.82000000,22.45000000,,677683.00000000,6.06463037,-1.69712794,-0.39000000,,中天科技
2022-08-11,600522,22.66000000,22.83000000,23.32000000,22.48000000,,519871.00000000,3.67936925,1.06241700,0.24000000,,中天科技
2022-08-12,600522,22.72000000,22.23000000,22.82000000,21.74000000,,582374.00000000,4.85829960,-2.62812089,-0.60000000,,中天科技
2022-08-15,600522,22.24000000,23.55000000,23.87000000,22.03000000,,770503.00000000,7.81316348,5.93792173,1.32000000,,中天科技
2022-08-16,600522,23.90000000,24.20000000,24.55000000,23.82000000,,846431.00000000,3.01652893,2.76008493,0.65000000,,中天科技
2022-08-17,600522,24.12000000,24.09000000,24.79000000,23.83000000,,421728.00000000,3.98505604,-0.45454545,-0.11000000,,中天科技
2022-08-18,600522,24.04000000,25.17000000,25.44000000,24.00000000,,645122.00000000,5.72109654,4.48318804,1.08000000,,中天科技
2022-08-19,600522,24.99000000,23.88000000,24.99000000,23.70000000,,730427.00000000,5.40201005,-5.12514899,-1.29000000,,中天科技
2022-08-22,600522,23.79000000,24.07000000,24.11000000,23.32000000,,410954.00000000,3.28209389,0.79564489,0.19000000,,中天科技
2022-08-23,600522,23.87000000,23.57000000,24.14000000,23.22000000,,510364.00000000,3.90326686,-2.07727462,-0.50000000,,中天科技
2022-08-24,600522,23.52000000,22.98000000,23.81000000,22.81000000,,468696.00000000,4.35161010,-2.50318201,-0.59000000,,中天科技
2022-08-25,600522,22.98000000,22.47000000,23.26000000,22.17000000,,367633.00000000,4.85091233,-2.21932115,-0.51000000,,中天科技
2022-08-26,600522,22.54000000,22.74000000,23.42000000,22.40000000,,409491.00000000,4.48548813,1.20160214,0.27000000,,中天科技
2022-08-29,600522,22.30000000,23.04000000,23.39000000,22.12000000,,369770.00000000,5.51215278,1.31926121,0.30000000,,中天科技
2022-08-30,600522,23.02000000,23.85000000,24.70000000,23.00000000,,785076.00000000,7.12788260,3.51562500,0.81000000,,中天科技
2022-08-31,600522,23.70000000,21.38000000,23.70000000,21.38000000,,1061116.00000000,10.85126286,-10.35639413,-2.47000000,,中天科技
2022-09-01,600522,21.19000000,22.52000000,22.88000000,21.19000000,,1001648.00000000,7.50444050,5.33208606,1.14000000,,中天科技
2022-09-02,600522,22.61000000,22.12000000,22.81000000,21.39000000,,502631.00000000,6.41952984,-1.77619893,-0.40000000,,中天科技
2022-09-05,600522,22.42000000,23.46000000,23.76000000,22.23000000,,571870.00000000,6.52173913,6.05786618,1.34000000,,中天科技
2022-09-06,600522,23.62000000,24.32000000,24.75000000,23.42000000,,695727.00000000,5.46875000,3.66581415,0.86000000,,中天科技
2022-09-07,600522,24.22000000,24.72000000,25.34000000,24.08000000,,574204.00000000,5.09708738,1.64473684,0.40000000,,中天科技
2022-09-08,600522,24.33000000,24.77000000,24.99000000,24.21000000,,344858.00000000,3.14897053,0.20226537,0.05000000,,中天科技
2022-09-09,600522,24.52000000,23.97000000,24.62000000,23.70000000,,468935.00000000,3.83813100,-3.22971336,-0.80000000,,中天科技
2022-09-13,600522,24.02000000,23.80000000,24.22000000,23.28000000,,261030.00000000,3.94957983,-0.70921986,-0.17000000,,中天科技
2022-09-14,600522,23.54000000,23.31000000,24.37000000,22.79000000,,411794.00000000,6.77820678,-2.05882353,-0.49000000,,中天科技
2022-09-15,600522,23.48000000,22.25000000,23.51000000,21.77000000,,600209.00000000,7.82022472,-4.54740455,-1.06000000,,中天科技
2022-09-16,600522,21.97000000,21.61000000,22.62000000,21.59000000,,378681.00000000,4.76631189,-2.87640449,-0.64000000,,中天科技
2022-09-19,600522,21.45000000,21.87000000,22.32000000,21.34000000,,362815.00000000,4.48102423,1.20314669,0.26000000,,中天科技
2022-09-20,600522,22.18000000,22.65000000,23.09000000,22.15000000,,395952.00000000,4.15011038,3.56652949,0.78000000,,中天科技
2022-09-21,600522,22.62000000,22.18000000,22.82000000,22.06000000,,291304.00000000,3.42651037,-2.07505519,-0.47000000,,中天科技
2022-09-22,600522,22.02000000,22.32000000,22.88000000,21.44000000,,341397.00000000,6.45161290,0.63119928,0.14000000,,中天科技
2022-09-23,600522,22.33000000,21.83000000,22.62000000,21.45000000,,316857.00000000,5.35959689,-2.19534050,-0.49000000,,中天科技
2022-09-26,600522,21.55000000,22.52000000,22.98000000,21.53000000,,451768.00000000,6.43872114,3.16078791,0.69000000,,中天科技
2022-09-27,600522,23.01000000,23.66000000,24.42000000,23.01000000,,577483.00000000,5.95942519,5.06216696,1.14000000,,中天科技
2022-09-28,600522,23.86000000,22.32000000,23.86000000,22.21000000,,339570.00000000,7.39247312,-5.66356720,-1.34000000,,中天科技
2022-09-29,600522,22.64000000,22.37000000,22.70000000,21.52000000,,350765.00000000,5.27492177,0.22401434,0.05000000,,中天科技
2022-09-30,600522,22.29000000,21.59000000,22.66000000,21.58000000,,368450.00000000,5.00231589,-3.48681270,-0.78000000,,中天科技
2022-10-10,600522,21.58000000,20.54000000,21.90000000,20.28000000,,484888.00000000,7.88704966,-4.86336267,-1.05000000,,中天科技
2022-10-11,600522,20.38000000,21.57000000,21.91000000,20.38000000,,476912.00000000,7.09318498,5.01460565,1.03000000,,中天科技
2022-10-12,600522,21.56000000,23.13000000,23.28000000,21.51000000,,556975.00000000,7.65239948,7.23226704,1.56000000,,中天科技
2022-10-13,600522,22.88000000,23.16000000,23.92000000,22.84000000,,508871.00000000,4.66321244,0.12970169,0.03000000,,中天科技
2022-10-14,600522,23.32000000,22.97000000,23.44000000,22.47000000,,603654.00000000,4.22289943,-0.82037997,-0.19000000,,中天科技
2022-10-17,600522,22.89000000,22.80000000,23.21000000,22.57000000,,338155.00000000,2.80701754,-0.74009578,-0.17000000,,中天科技
2022-10-18,600522,22.87000000,23.77000000,24.09000000,22.72000000,,511590.00000000,5.76356752,4.25438596,0.97000000,,中天科技
2022-10-19,600522,23.67000000,22.80000000,23.88000000,22.70000000,,541094.00000000,5.17543860,-4.08077408,-0.97000000,,中天科技
2022-10-20,600522,22.80000000,21.94000000,22.80000000,21.62000000,,568601.00000000,5.37830447,-3.77192982,-0.86000000,,中天科技
2022-10-21,600522,22.73000000,23.91000000,24.12000000,22.68000000,,1044521.00000000,6.02258469,8.97903373,1.97000000,,中天科技
2022-10-24,600522,23.91000000,24.09000000,24.72000000,23.52000000,,806460.00000000,4.98132005,0.75282309,0.18000000,,中天科技
2022-10-25,600522,23.91000000,24.03000000,24.60000000,23.34000000,,587630.00000000,5.24344569,-0.24906600,-0.06000000,,中天科技
2022-10-26,600522,23.97000000,23.60000000,24.23000000,23.22000000,,618755.00000000,4.27966102,-1.78942988,-0.43000000,,中天科技
2022-10-27,600522,23.03000000,21.15000000,23.27000000,21.15000000,,1589355.00000000,10.02364066,-10.38135593,-2.45000000,,中天科技
2022-10-28,600522,20.22000000,21.22000000,21.77000000,20.22000000,,1231036.00000000,7.30442978,0.33096927,0.07000000,,中天科技
2022-10-31,600522,21.03000000,21.09000000,21.97000000,20.64000000,,886068.00000000,6.30630631,-0.61262959,-0.13000000,,中天科技
2022-11-01,600522,21.02000000,19.57000000,21.02000000,18.89000000,,1765107.00000000,10.88400613,-7.20720721,-1.52000000,,中天科技
2022-11-02,600522,19.32000000,19.08000000,19.42000000,18.22000000,,1675405.00000000,6.28930818,-2.50383240,-0.49000000,,中天科技
2022-11-03,600522,18.92000000,19.33000000,19.88000000,18.68000000,,1392122.00000000,6.20796689,1.31027254,0.25000000,,中天科技
2022-11-04,600522,19.12000000,20.05000000,20.53000000,19.03000000,,1128117.00000000,7.48129676,3.72478013,0.72000000,,中天科技
2022-11-07,600522,19.82000000,19.55000000,19.92000000,18.33000000,,1609524.00000000,8.13299233,-2.49376559,-0.50000000,,中天科技
2022-11-08,600522,19.55000000,20.44000000,20.51000000,19.42000000,,1143262.00000000,5.33268102,4.55242967,0.89000000,,中天科技
2022-11-09,600522,20.00000000,19.96000000,20.40000000,19.67000000,,663925.00000000,3.65731463,-2.34833659,-0.48000000,,中天科技
2022-11-10,600522,19.93000000,19.58000000,20.17000000,19.47000000,,592126.00000000,3.57507661,-1.90380762,-0.38000000,,中天科技
2022-11-11,600522,20.42000000,20.03000000,20.52000000,19.70000000,,732673.00000000,4.09385921,2.29826353,0.45000000,,中天科技
2022-11-14,600522,19.82000000,19.42000000,20.12000000,19.02000000,,638164.00000000,5.66426365,-3.04543185,-0.61000000,,中天科技
2022-11-15,600522,19.23000000,19.97000000,20.03000000,19.12000000,,570411.00000000,4.55683525,2.83213182,0.55000000,,中天科技
2022-11-16,600522,19.96000000,19.40000000,20.12000000,19.07000000,,699347.00000000,5.41237113,-2.85428142,-0.57000000,,中天科技
2022-11-17,600522,19.23000000,18.59000000,19.29000000,18.27000000,,1037384.00000000,5.48682087,-4.17525773,-0.81000000,,中天科技
2022-11-18,600522,18.60000000,17.91000000,18.67000000,17.62000000,,1187762.00000000,5.86264657,-3.65788058,-0.68000000,,中天科技
2022-11-21,600522,17.93000000,17.97000000,18.44000000,17.80000000,,715712.00000000,3.56149137,0.33500838,0.06000000,,中天科技
2022-11-22,600522,17.93000000,17.45000000,17.96000000,17.33000000,,781402.00000000,3.61031519,-2.89371174,-0.52000000,,中天科技
2022-11-23,600522,17.42000000,18.19000000,18.36000000,17.17000000,,939014.00000000,6.54205607,4.24068768,0.74000000,,中天科技
2022-11-24,600522,18.21000000,18.23000000,18.81000000,18.08000000,,658756.00000000,4.00438837,0.21990104,0.04000000,,中天科技
2022-11-25,600522,16.32000000,16.32000000,16.32000000,16.32000000,,181828.00000000,0.00000000,-10.47723533,-1.91000000,,中天科技
2022-11-28,600522,14.64000000,15.28000000,15.37000000,14.60000000,,3750306.00000000,5.03926702,-6.37254902,-1.04000000,,中天科技
2022-11-29,600522,15.12000000,15.65000000,15.80000000,15.02000000,,1795853.00000000,4.98402556,2.42146597,0.37000000,,中天科技
2022-11-30,600522,15.50000000,15.81000000,15.97000000,15.48000000,,936913.00000000,3.09930424,1.02236422,0.16000000,,中天科技
2022-12-01,600522,16.00000000,15.83000000,16.65000000,15.72000000,,1175927.00000000,5.87492104,0.12650221,0.02000000,,中天科技
2022-12-02,600522,15.75000000,16.07000000,16.41000000,15.70000000,,818465.00000000,4.41817050,1.51610865,0.24000000,,中天科技
2022-12-05,600522,16.17000000,15.78000000,16.23000000,15.69000000,,670024.00000000,3.42205323,-1.80460485,-0.29000000,,中天科技
2022-12-06,600522,15.79000000,15.42000000,15.86000000,15.26000000,,982978.00000000,3.89105058,-2.28136882,-0.36000000,,中天科技
2022-12-07,600522,15.46000000,15.21000000,15.50000000,14.98000000,,827646.00000000,3.41880342,-1.36186770,-0.21000000,,中天科技
2022-12-08,600522,15.32000000,15.33000000,15.52000000,15.20000000,,652811.00000000,2.08741031,0.78895464,0.12000000,,中天科技
2022-12-09,600522,15.22000000,14.92000000,15.32000000,14.92000000,,924131.00000000,2.68096515,-2.67449446,-0.41000000,,中天科技
2022-12-12,600522,14.90000000,14.99000000,15.17000000,14.36000000,,795574.00000000,5.40360240,0.46916890,0.07000000,,中天科技
2022-12-13,600522,14.96000000,14.52000000,15.00000000,14.46000000,,712903.00000000,3.71900826,-3.13542362,-0.47000000,,中天科技
2022-12-14,600522,14.56000000,14.26000000,14.66000000,14.12000000,,709638.00000000,3.78681627,-1.79063361,-0.26000000,,中天科技
2022-12-15,600522,14.26000000,14.47000000,14.50000000,14.15000000,,482921.00000000,2.41879751,1.47265077,0.21000000,,中天科技
2022-12-16,600522,14.38000000,14.08000000,14.41000000,13.90000000,,669713.00000000,3.62215909,-2.69523151,-0.39000000,,中天科技
2022-12-19,600522,14.04000000,13.82000000,14.23000000,13.77000000,,540167.00000000,3.32850941,-1.84659091,-0.26000000,,中天科技
2022-12-20,600522,13.81000000,14.20000000,14.31000000,13.76000000,,883530.00000000,3.87323944,2.74963821,0.38000000,,中天科技
2022-12-21,600522,14.28000000,13.98000000,14.37000000,13.76000000,,608281.00000000,4.36337625,-1.54929577,-0.22000000,,中天科技
2022-12-22,600522,14.03000000,13.36000000,14.07000000,13.30000000,,927139.00000000,5.76347305,-4.43490701,-0.62000000,,中天科技
2022-12-23,600522,13.20000000,13.29000000,13.70000000,13.14000000,,639413.00000000,4.21369451,-0.52395210,-0.07000000,,中天科技
2022-12-26,600522,13.29000000,14.16000000,14.22000000,13.24000000,,933323.00000000,6.92090395,6.54627540,0.87000000,,中天科技
2022-12-27,600522,14.16000000,14.56000000,14.66000000,13.99000000,,781692.00000000,4.60164835,2.82485876,0.40000000,,中天科技
2022-12-28,600522,14.45000000,14.99000000,15.32000000,14.22000000,,1507098.00000000,7.33822548,2.95329670,0.43000000,,中天科技
2022-12-29,600522,14.92000000,14.99000000,15.47000000,14.90000000,,851567.00000000,3.80253502,0.00000000,0.00000000,,中天科技
2022-12-30,600522,15.06000000,15.27000000,15.54000000,14.93000000,,799861.00000000,3.99476097,1.86791194,0.28000000,,中天科技
2023-01-03,600522,15.23000000,16.02000000,16.11000000,15.15000000,,1174585.00000000,5.99250936,4.91159136,0.75000000,,中天科技
2023-01-04,600522,16.00000000,15.31000000,16.00000000,15.18000000,,966515.00000000,5.35597649,-4.43196005,-0.71000000,,中天科技
2023-01-05,600522,15.36000000,15.52000000,15.55000000,15.02000000,,1062053.00000000,3.41494845,1.37165251,0.21000000,,中天科技
2023-01-06,600522,15.31000000,15.60000000,15.84000000,15.22000000,,862543.00000000,3.97435897,0.51546392,0.08000000,,中天科技
2023-01-09,600522,15.61000000,16.01000000,16.12000000,15.30000000,,927114.00000000,5.12179888,2.62820513,0.41000000,,中天科技
2023-01-10,600522,16.10000000,15.94000000,16.62000000,15.92000000,,864659.00000000,4.39146801,-0.43722673,-0.07000000,,中天科技
2023-01-11,600522,16.11000000,15.51000000,16.12000000,15.40000000,,823866.00000000,4.64216634,-2.69761606,-0.43000000,,中天科技
2023-01-12,600522,15.54000000,15.81000000,16.17000000,15.48000000,,899342.00000000,4.36432638,1.93423598,0.30000000,,中天科技
2023-01-13,600522,16.03000000,15.58000000,16.03000000,15.32000000,,740639.00000000,4.55712452,-1.45477546,-0.23000000,,中天科技
2023-01-16,600522,15.64000000,15.54000000,15.82000000,15.37000000,,651698.00000000,2.89575290,-0.25673941,-0.04000000,,中天科技
2023-01-17,600522,15.52000000,15.21000000,15.53000000,15.09000000,,850134.00000000,2.89283366,-2.12355212,-0.33000000,,中天科技
2023-01-18,600522,15.32000000,15.57000000,15.67000000,15.26000000,,781046.00000000,2.63326911,2.36686391,0.36000000,,中天科技
2023-01-19,600522,15.51000000,14.28000000,15.57000000,14.02000000,,2455367.00000000,10.85434174,-8.28516378,-1.29000000,,中天科技
2023-01-20,600522,14.30000000,14.58000000,14.74000000,14.30000000,,1073090.00000000,3.01783265,2.10084034,0.30000000,,中天科技
2023-01-30,600522,14.85000000,14.75000000,15.01000000,14.63000000,,976179.00000000,2.57627119,1.16598080,0.17000000,,中天科技
2023-01-31,600522,15.01000000,15.47000000,15.78000000,14.92000000,,1363463.00000000,5.55914674,4.88135593,0.72000000,,中天科技
2023-02-01,600522,15.61000000,15.68000000,15.71000000,15.35000000,,1033224.00000000,2.29591837,1.35746606,0.21000000,,中天科技
2023-02-02,600522,15.72000000,15.16000000,15.83000000,15.09000000,,1680308.00000000,4.88126649,-3.31632653,-0.52000000,,中天科技
2023-02-03,600522,14.95000000,14.48000000,14.97000000,14.13000000,,2052158.00000000,5.80110497,-4.48548813,-0.68000000,,中天科技
2023-02-06,600522,14.30000000,14.39000000,14.45000000,14.15000000,,863245.00000000,2.08478110,-0.62154696,-0.09000000,,中天科技
2023-02-07,600522,14.39000000,14.31000000,14.44000000,14.15000000,,780602.00000000,2.02655486,-0.55594163,-0.08000000,,中天科技
2023-02-08,600522,14.32000000,14.32000000,14.44000000,14.29000000,,681837.00000000,1.04748603,0.06988120,0.01000000,,中天科技
2023-02-09,600522,14.30000000,14.95000000,14.98000000,14.15000000,,1425368.00000000,5.55183946,4.39944134,0.63000000,,中天科技
2023-02-10,600522,14.93000000,14.80000000,15.07000000,14.72000000,,789299.00000000,2.36486486,-1.00334448,-0.15000000,,中天科技
2023-02-13,600522,14.64000000,14.73000000,14.85000000,14.60000000,,720176.00000000,1.69721656,-0.47297297,-0.07000000,,中天科技
2023-02-14,600522,14.73000000,14.87000000,14.96000000,14.70000000,,659120.00000000,1.74848689,0.95044128,0.14000000,,中天科技
2023-02-15,600522,14.92000000,15.02000000,15.19000000,14.88000000,,1071751.00000000,2.06391478,1.00874243,0.15000000,,中天科技
2023-02-16,600522,15.07000000,14.61000000,15.07000000,14.43000000,,947000.00000000,4.38056126,-2.72969374,-0.41000000,,中天科技
2023-02-17,600522,14.52000000,14.28000000,14.61000000,14.24000000,,668867.00000000,2.59103641,-2.25872690,-0.33000000,,中天科技
2023-02-20,600522,14.29000000,14.51000000,14.51000000,14.23000000,,561452.00000000,1.92970365,1.61064426,0.23000000,,中天科技
2023-02-21,600522,14.48000000,14.61000000,14.71000000,14.36000000,,681397.00000000,2.39561944,0.68917988,0.10000000,,中天科技
2023-02-22,600522,14.50000000,14.43000000,14.62000000,14.39000000,,484588.00000000,1.59390159,-1.23203285,-0.18000000,,中天科技
2023-02-23,600522,14.41000000,14.91000000,14.92000000,14.37000000,,1205359.00000000,3.68879946,3.32640333,0.48000000,,中天科技
2023-02-24,600522,14.82000000,14.87000000,15.00000000,14.67000000,,819248.00000000,2.21923336,-0.26827632,-0.04000000,,中天科技
2023-02-27,600522,14.77000000,15.30000000,15.42000000,14.68000000,,1314862.00000000,4.83660131,2.89172831,0.43000000,,中天科技
2023-02-28,600522,15.37000000,15.18000000,15.42000000,14.92000000,,1116508.00000000,3.29380764,-0.78431373,-0.12000000,,中天科技
2023-03-01,600522,15.10000000,15.18000000,15.27000000,15.03000000,,771008.00000000,1.58102767,0.00000000,0.00000000,,中天科技
2023-03-02,600522,15.21000000,15.41000000,15.60000000,15.10000000,,1332780.00000000,3.24464633,1.51515152,0.23000000,,中天科技
2023-03-03,600522,15.54000000,15.16000000,15.58000000,15.02000000,,979716.00000000,3.69393140,-1.62232317,-0.25000000,,中天科技
2023-03-06,600522,15.16000000,15.29000000,15.39000000,15.03000000,,743978.00000000,2.35448005,0.85751979,0.13000000,,中天科技
2023-03-07,600522,15.22000000,14.65000000,15.23000000,14.55000000,,995303.00000000,4.64163823,-4.18574232,-0.64000000,,中天科技
2023-03-08,600522,14.61000000,14.76000000,14.80000000,14.59000000,,486055.00000000,1.42276423,0.75085324,0.11000000,,中天科技
2023-03-09,600522,15.05000000,14.78000000,15.11000000,14.73000000,,527659.00000000,2.57104195,0.13550136,0.02000000,,中天科技
2023-03-10,600522,14.62000000,14.28000000,14.62000000,14.20000000,,879921.00000000,2.94117647,-3.38294993,-0.50000000,,中天科技
2023-03-13,600522,14.39000000,14.37000000,14.57000000,14.24000000,,570814.00000000,2.29645094,0.63025210,0.09000000,,中天科技
2023-03-14,600522,14.37000000,14.34000000,14.48000000,14.12000000,,576464.00000000,2.51046025,-0.20876827,-0.03000000,,中天科技
2023-03-15,600522,14.43000000,14.90000000,15.08000000,14.43000000,,1055594.00000000,4.36241611,3.90516039,0.56000000,,中天科技
2023-03-16,600522,14.73000000,14.45000000,14.99000000,14.37000000,,709565.00000000,4.29065744,-3.02013423,-0.45000000,,中天科技
2023-03-17,600522,14.57000000,14.39000000,14.65000000,14.34000000,,685682.00000000,2.15427380,-0.41522491,-0.06000000,,中天科技
2023-03-20,600522,15.20000000,15.92000000,15.92000000,15.12000000,,2854739.00000000,5.02512563,10.63238360,1.53000000,,中天科技
2023-03-21,600522,16.12000000,16.45000000,16.58000000,15.71000000,,3317211.00000000,5.28875380,3.32914573,0.53000000,,中天科技
2023-03-22,600522,16.19000000,16.09000000,16.27000000,15.93000000,,1897880.00000000,2.11311374,-2.18844985,-0.36000000,,中天科技
2023-03-23,600522,16.02000000,16.56000000,16.87000000,16.00000000,,2393152.00000000,5.25362319,2.92106899,0.47000000,,中天科技
2023-03-24,600522,16.65000000,17.20000000,17.99000000,16.38000000,,2902537.00000000,9.36046512,3.86473430,0.64000000,,中天科技
2023-03-27,600522,17.24000000,17.85000000,18.06000000,17.05000000,,2779437.00000000,5.65826331,3.77906977,0.65000000,,中天科技
2023-03-28,600522,17.66000000,16.50000000,17.66000000,16.43000000,,2655097.00000000,7.45454545,-7.56302521,-1.35000000,,中天科技
2023-03-29,600522,16.43000000,16.24000000,16.70000000,15.94000000,,1834892.00000000,4.67980296,-1.57575758,-0.26000000,,中天科技
2023-03-30,600522,16.05000000,16.19000000,16.40000000,16.03000000,,1118616.00000000,2.28536133,-0.30788177,-0.05000000,,中天科技
2023-03-31,600522,16.11000000,16.21000000,16.30000000,15.93000000,,959398.00000000,2.28254164,0.12353305,0.02000000,,中天科技
2023-04-03,600522,16.28000000,16.78000000,17.00000000,16.27000000,,1709746.00000000,4.35041716,3.51634793,0.57000000,,中天科技
2023-04-04,600522,16.83000000,16.44000000,16.89000000,16.32000000,,1503141.00000000,3.46715328,-2.02622169,-0.34000000,,中天科技
2023-04-06,600522,16.32000000,17.12000000,17.12000000,15.86000000,,2036725.00000000,7.35981308,4.13625304,0.68000000,,中天科技
2023-04-07,600522,17.40000000,16.97000000,17.61000000,16.82000000,,1665256.00000000,4.65527401,-0.87616822,-0.15000000,,中天科技
2023-04-10,600522,16.77000000,16.24000000,16.81000000,16.12000000,,1511326.00000000,4.24876847,-4.30170890,-0.73000000,,中天科技
2023-04-11,600522,16.53000000,16.50000000,16.67000000,16.17000000,,1117941.00000000,3.03030303,1.60098522,0.26000000,,中天科技
2023-04-12,600522,16.37000000,16.46000000,16.69000000,16.24000000,,1090242.00000000,2.73390036,-0.24242424,-0.04000000,,中天科技
2023-04-13,600522,16.43000000,15.54000000,16.43000000,15.43000000,,1990843.00000000,6.43500644,-5.58930741,-0.92000000,,中天科技
2023-04-14,600522,15.50000000,15.36000000,15.64000000,15.17000000,,1100455.00000000,3.05989583,-1.15830116,-0.18000000,,中天科技
2023-04-17,600522,15.36000000,15.22000000,15.40000000,15.14000000,,825662.00000000,1.70827858,-0.91145833,-0.14000000,,中天科技
2023-04-18,600522,15.24000000,15.56000000,15.67000000,15.22000000,,1033885.00000000,2.89203085,2.23390276,0.34000000,,中天科技
2023-04-19,600522,15.44000000,15.20000000,15.45000000,15.17000000,,950950.00000000,1.84210526,-2.31362468,-0.36000000,,中天科技
2023-04-20,600522,15.27000000,15.32000000,15.46000000,15.22000000,,767101.00000000,1.56657963,0.78947368,0.12000000,,中天科技
2023-04-21,600522,15.40000000,14.54000000,15.40000000,14.47000000,,1369883.00000000,6.39614856,-5.09138381,-0.78000000,,中天科技
2023-04-24,600522,14.51000000,14.72000000,14.97000000,14.38000000,,793033.00000000,4.00815217,1.23796424,0.18000000,,中天科技
2023-04-25,600522,14.65000000,14.39000000,14.69000000,14.17000000,,799953.00000000,3.61362057,-2.24184783,-0.33000000,,中天科技
2023-04-26,600522,13.82000000,14.06000000,14.35000000,13.34000000,,988274.00000000,7.18349929,-2.29325921,-0.33000000,,中天科技
2023-04-27,600522,13.92000000,13.71000000,14.07000000,13.70000000,,643397.00000000,2.69876003,-2.48933144,-0.35000000,,中天科技
2023-04-28,600522,13.77000000,13.71000000,13.94000000,13.64000000,,795814.00000000,2.18818381,0.00000000,0.00000000,,中天科技
2023-05-04,600522,13.67000000,13.71000000,13.90000000,13.62000000,,606822.00000000,2.04230489,0.00000000,0.00000000,,中天科技
2023-05-05,600522,13.71000000,13.22000000,13.73000000,13.18000000,,769625.00000000,4.16036309,-3.57403355,-0.49000000,,中天科技
2023-05-08,600522,13.22000000,13.22000000,13.51000000,13.20000000,,978269.00000000,2.34493192,0.00000000,0.00000000,,中天科技
2023-05-09,600522,13.25000000,12.68000000,13.25000000,12.66000000,,1139280.00000000,4.65299685,-4.08472012,-0.54000000,,中天科技
2023-05-10,600522,12.68000000,13.42000000,13.43000000,12.51000000,,1540215.00000000,6.85543964,5.83596215,0.74000000,,中天科技
2023-05-11,600522,13.48000000,14.06000000,14.24000000,13.37000000,,1638243.00000000,6.18776671,4.76900149,0.64000000,,中天科技
2023-05-12,600522,13.92000000,13.81000000,14.00000000,13.66000000,,759767.00000000,2.46198407,-1.77809388,-0.25000000,,中天科技
2023-05-15,600522,14.23000000,14.46000000,14.91000000,14.23000000,,1465293.00000000,4.70262794,4.70673425,0.65000000,,中天科技
2023-05-16,600522,14.42000000,15.10000000,15.27000000,14.35000000,,1769876.00000000,6.09271523,4.42600277,0.64000000,,中天科技
2023-05-17,600522,14.85000000,14.99000000,15.08000000,14.69000000,,911414.00000000,2.60173449,-0.72847682,-0.11000000,,中天科技
2023-05-18,600522,14.91000000,15.01000000,15.19000000,14.84000000,,815680.00000000,2.33177881,0.13342228,0.02000000,,中天科技
2023-05-19,600522,14.93000000,15.16000000,15.31000000,14.63000000,,1017273.00000000,4.48548813,0.99933378,0.15000000,,中天科技
2023-05-22,600522,15.18000000,14.92000000,15.44000000,14.85000000,,829004.00000000,3.95442359,-1.58311346,-0.24000000,,中天科技
2023-05-23,600522,14.98000000,14.63000000,15.01000000,14.62000000,,606177.00000000,2.66575530,-1.94369973,-0.29000000,,中天科技
2023-05-24,600522,14.62000000,14.55000000,14.79000000,14.52000000,,454692.00000000,1.85567010,-0.54682160,-0.08000000,,中天科技
2023-05-25,600522,14.42000000,14.65000000,14.70000000,14.32000000,,564505.00000000,2.59385666,0.68728522,0.10000000,,中天科技
2023-05-26,600522,14.60000000,14.25000000,14.64000000,14.13000000,,609200.00000000,3.57894737,-2.73037543,-0.40000000,,中天科技
2023-05-29,600522,14.30000000,13.89000000,14.37000000,13.87000000,,668383.00000000,3.59971202,-2.52631579,-0.36000000,,中天科技
2023-05-30,600522,13.84000000,13.65000000,13.88000000,13.24000000,,937654.00000000,4.68864469,-1.72786177,-0.24000000,,中天科技
2023-05-31,600522,13.71000000,13.66000000,13.74000000,13.47000000,,454450.00000000,1.97657394,0.07326007,0.01000000,,中天科技
2023-06-01,600522,13.75000000,13.95000000,14.15000000,13.68000000,,767921.00000000,3.36917563,2.12298682,0.29000000,,中天科技
2023-06-02,600522,13.90000000,14.82000000,15.32000000,13.84000000,,1487569.00000000,9.98650472,6.23655914,0.87000000,,中天科技
2023-06-05,600522,14.62000000,14.72000000,14.82000000,14.55000000,,601151.00000000,1.83423913,-0.67476383,-0.10000000,,中天科技
2023-06-06,600522,14.72000000,14.34000000,14.80000000,14.26000000,,652232.00000000,3.76569038,-2.58152174,-0.38000000,,中天科技
2023-06-07,600522,14.43000000,13.87000000,14.50000000,13.73000000,,837985.00000000,5.55155011,-3.27754533,-0.47000000,,中天科技
2023-06-08,600522,13.85000000,13.61000000,13.88000000,13.53000000,,534407.00000000,2.57163850,-1.87454939,-0.26000000,,中天科技
2023-06-09,600522,13.61000000,14.60000000,14.76000000,13.41000000,,1546259.00000000,9.24657534,7.27406319,0.99000000,,中天科技
2023-06-12,600522,14.27000000,14.15000000,14.31000000,13.79000000,,977179.00000000,3.67491166,-3.08219178,-0.45000000,,中天科技
2023-06-13,600522,14.09000000,14.53000000,14.65000000,14.04000000,,938730.00000000,4.19821060,2.68551237,0.38000000,,中天科技
2023-06-14,600522,14.48000000,15.02000000,15.22000000,14.42000000,,1417119.00000000,5.32623169,3.37233310,0.49000000,,中天科技
2023-06-15,600522,15.01000000,15.12000000,15.47000000,14.95000000,,1568884.00000000,3.43915344,0.66577896,0.10000000,,中天科技
2023-06-16,600522,15.00000000,15.20000000,15.39000000,14.85000000,,1174409.00000000,3.55263158,0.52910053,0.08000000,,中天科技
2023-06-19,600522,15.20000000,15.69000000,15.83000000,15.02000000,,1526934.00000000,5.16252390,3.22368421,0.49000000,,中天科技
2023-06-20,600522,15.60000000,15.34000000,15.60000000,15.23000000,,1113537.00000000,2.41199478,-2.23072020,-0.35000000,,中天科技
2023-06-21,600522,15.14000000,14.92000000,15.19000000,14.82000000,,702097.00000000,2.47989276,-2.73794003,-0.42000000,,中天科技
2023-06-26,600522,14.60000000,15.13000000,15.48000000,14.52000000,,954225.00000000,6.34500991,1.40750670,0.21000000,,中天科技
2023-06-27,600522,15.17000000,15.27000000,15.40000000,14.98000000,,508212.00000000,2.75049116,0.92531395,0.14000000,,中天科技
2023-06-28,600522,15.35000000,15.12000000,15.37000000,14.87000000,,532831.00000000,3.30687831,-0.98231827,-0.15000000,,中天科技
2023-06-29,600522,15.12000000,14.93000000,15.22000000,14.89000000,,424001.00000000,2.21031480,-1.25661376,-0.19000000,,中天科技
2023-06-30,600522,14.87000000,15.03000000,15.26000000,14.82000000,,548778.00000000,2.92747838,0.66979236,0.10000000,,中天科技
2023-07-03,600522,15.03000000,15.56000000,15.69000000,14.90000000,,1115410.00000000,5.07712082,3.52628077,0.53000000,,中天科技
2023-07-04,600522,15.66000000,15.44000000,15.78000000,15.32000000,,712327.00000000,2.97927461,-0.77120823,-0.12000000,,中天科技
2023-07-05,600522,15.34000000,15.07000000,15.41000000,15.05000000,,523599.00000000,2.38885202,-2.39637306,-0.37000000,,中天科技
2023-07-06,600522,15.02000000,15.15000000,15.29000000,15.02000000,,357691.00000000,1.78217822,0.53085601,0.08000000,,中天科技
2023-07-07,600522,15.03000000,14.74000000,15.05000000,14.73000000,,438458.00000000,2.17096336,-2.70627063,-0.41000000,,中天科技
2023-07-10,600522,14.77000000,14.42000000,15.00000000,14.36000000,,540778.00000000,4.43828017,-2.17096336,-0.32000000,,中天科技
2023-07-11,600522,14.43000000,14.79000000,14.88000000,14.39000000,,450423.00000000,3.31304936,2.56588072,0.37000000,,中天科技
2023-07-12,600522,14.73000000,14.45000000,14.80000000,14.40000000,,412214.00000000,2.76816609,-2.29885057,-0.34000000,,中天科技
2023-07-13,600522,14.56000000,14.50000000,14.61000000,14.40000000,,346545.00000000,1.44827586,0.34602076,0.05000000,,中天科技
2023-07-14,600522,14.57000000,14.99000000,15.20000000,14.57000000,,990157.00000000,4.20280187,3.37931034,0.49000000,,中天科技
2023-07-17,600522,14.87000000,15.15000000,15.16000000,14.74000000,,509383.00000000,2.77227723,1.06737825,0.16000000,,中天科技
2023-07-18,600522,15.14000000,14.84000000,15.14000000,14.79000000,,445107.00000000,2.35849057,-2.04620462,-0.31000000,,中天科技
2023-07-19,600522,14.84000000,14.68000000,14.91000000,14.62000000,,291434.00000000,1.97547684,-1.07816712,-0.16000000,,中天科技
2023-07-20,600522,14.74000000,14.62000000,14.80000000,14.59000000,,237257.00000000,1.43638851,-0.40871935,-0.06000000,,中天科技
2023-07-21,600522,14.72000000,14.76000000,14.90000000,14.62000000,,234214.00000000,1.89701897,0.95759234,0.14000000,,中天科技
2023-07-24,600522,14.72000000,14.66000000,14.91000000,14.60000000,,197350.00000000,2.11459754,-0.67750678,-0.10000000,,中天科技
2023-07-25,600522,14.77000000,14.82000000,14.89000000,14.72000000,,304458.00000000,1.14709852,1.09140518,0.16000000,,中天科技
2023-07-26,600522,14.83000000,15.08000000,15.21000000,14.77000000,,565818.00000000,2.91777188,1.75438596,0.26000000,,中天科技
2023-07-27,600522,15.02000000,14.87000000,15.11000000,14.77000000,,336556.00000000,2.28648285,-1.39257294,-0.21000000,,中天科技
2023-07-28,600522,14.86000000,14.86000000,14.93000000,14.64000000,,286722.00000000,1.95154778,-0.06724950,-0.01000000,,中天科技
2023-07-31,600522,14.93000000,14.86000000,14.99000000,14.78000000,,364985.00000000,1.41318977,0.00000000,0.00000000,,中天科技
2023-08-01,600522,14.87000000,15.01000000,15.07000000,14.60000000,,565507.00000000,3.13124584,1.00942127,0.15000000,,中天科技
2023-08-02,600522,15.42000000,15.01000000,15.79000000,14.99000000,,1351793.00000000,5.32978015,0.00000000,0.00000000,,中天科技
2023-08-03,600522,14.65000000,14.58000000,14.68000000,14.33000000,,730866.00000000,2.40054870,-2.86475683,-0.43000000,,中天科技
2023-08-04,600522,14.53000000,14.63000000,14.79000000,14.53000000,,476921.00000000,1.77717020,0.34293553,0.05000000,,中天科技
2023-08-07,600522,14.66000000,14.63000000,14.76000000,14.52000000,,356283.00000000,1.64046480,0.00000000,0.00000000,,中天科技
2023-08-08,600522,14.53000000,14.20000000,14.57000000,14.02000000,,646339.00000000,3.87323944,-2.93916610,-0.43000000,,中天科技
2023-08-09,600522,14.11000000,13.91000000,14.17000000,13.84000000,,409599.00000000,2.37239396,-2.04225352,-0.29000000,,中天科技
2023-08-10,600522,13.87000000,13.99000000,14.01000000,13.82000000,,216458.00000000,1.35811294,0.57512581,0.08000000,,中天科技
2023-08-11,600522,14.02000000,13.89000000,14.09000000,13.87000000,,242035.00000000,1.58387329,-0.71479628,-0.10000000,,中天科技
2023-08-14,600522,13.71000000,13.84000000,13.87000000,13.62000000,,240291.00000000,1.80635838,-0.35997120,-0.05000000,,中天科技
2023-08-15,600522,13.84000000,13.66000000,13.95000000,13.54000000,,276903.00000000,3.00146413,-1.30057803,-0.18000000,,中天科技
2023-08-16,600522,13.67000000,13.58000000,13.72000000,13.45000000,,276080.00000000,1.98821797,-0.58565154,-0.08000000,,中天科技
2023-08-17,600522,13.58000000,13.75000000,13.77000000,13.54000000,,280384.00000000,1.67272727,1.25184094,0.17000000,,中天科技
2023-08-18,600522,13.77000000,13.53000000,13.82000000,13.53000000,,231517.00000000,2.14338507,-1.60000000,-0.22000000,,中天科技
2023-08-21,600522,13.58000000,13.39000000,13.64000000,13.39000000,,208532.00000000,1.86706497,-1.03473762,-0.14000000,,中天科技
2023-08-22,600522,13.48000000,13.33000000,13.52000000,12.92000000,,425182.00000000,4.50112528,-0.44809559,-0.06000000,,中天科技
2023-08-23,600522,13.27000000,13.00000000,13.29000000,12.99000000,,275616.00000000,2.30769231,-2.47561890,-0.33000000,,中天科技
2023-08-24,600522,13.01000000,13.09000000,13.26000000,12.96000000,,243707.00000000,2.29182582,0.69230769,0.09000000,,中天科技
2023-08-25,600522,13.01000000,12.75000000,13.02000000,12.64000000,,278372.00000000,2.98039216,-2.59740260,-0.34000000,,中天科技
2023-08-28,600522,13.42000000,12.93000000,13.50000000,12.89000000,,379683.00000000,4.71771075,1.41176471,0.18000000,,中天科技
2023-08-29,600522,12.94000000,13.22000000,13.29000000,12.84000000,,331154.00000000,3.40393343,2.24284609,0.29000000,,中天科技
2023-08-30,600522,13.53000000,13.76000000,14.00000000,13.53000000,,841389.00000000,3.41569767,4.08472012,0.54000000,,中天科技
2023-08-31,600522,13.77000000,13.79000000,13.98000000,13.63000000,,415292.00000000,2.53807107,0.21802326,0.03000000,,中天科技
2023-09-01,600522,13.78000000,13.77000000,13.87000000,13.71000000,,190802.00000000,1.16194626,-0.14503263,-0.02000000,,中天科技
2023-09-04,600522,13.80000000,14.01000000,14.03000000,13.79000000,,322884.00000000,1.71306210,1.74291939,0.24000000,,中天科技
2023-09-05,600522,14.02000000,13.90000000,14.14000000,13.87000000,,228854.00000000,1.94244604,-0.78515346,-0.11000000,,中天科技
2023-09-06,600522,13.80000000,13.80000000,13.83000000,13.68000000,,258750.00000000,1.08695652,-0.71942446,-0.10000000,,中天科技
2023-09-07,600522,13.80000000,13.57000000,13.83000000,13.57000000,,219162.00000000,1.91599116,-1.66666667,-0.23000000,,中天科技
2023-09-08,600522,13.51000000,13.53000000,13.61000000,13.37000000,,216006.00000000,1.77383592,-0.29476787,-0.04000000,,中天科技
2023-09-11,600522,13.57000000,13.68000000,13.82000000,13.52000000,,246433.00000000,2.19298246,1.10864745,0.15000000,,中天科技
2023-09-12,600522,13.68000000,13.61000000,13.76000000,13.55000000,,221961.00000000,1.54298310,-0.51169591,-0.07000000,,中天科技
2023-09-13,600522,13.59000000,13.39000000,13.61000000,13.33000000,,221545.00000000,2.09111277,-1.61645849,-0.22000000,,中天科技
2023-09-14,600522,13.37000000,13.30000000,13.56000000,13.26000000,,220268.00000000,2.25563910,-0.67214339,-0.09000000,,中天科技
2023-09-15,600522,13.33000000,13.15000000,13.39000000,13.10000000,,275347.00000000,2.20532319,-1.12781955,-0.15000000,,中天科技
2023-09-18,600522,13.02000000,13.17000000,13.27000000,12.97000000,,186311.00000000,2.27790433,0.15209125,0.02000000,,中天科技
2023-09-19,600522,13.12000000,13.03000000,13.18000000,12.97000000,,179988.00000000,1.61166539,-1.06302202,-0.14000000,,中天科技
2023-09-20,600522,13.00000000,12.97000000,13.10000000,12.96000000,,142035.00000000,1.07941403,-0.46047583,-0.06000000,,中天科技
2023-09-21,600522,12.98000000,12.86000000,13.11000000,12.84000000,,210391.00000000,2.09953344,-0.84811103,-0.11000000,,中天科技
2023-09-22,600522,12.98000000,13.22000000,13.22000000,12.82000000,,345501.00000000,3.02571861,2.79937792,0.36000000,,中天科技
2023-09-25,600522,13.17000000,13.04000000,13.21000000,13.02000000,,242443.00000000,1.45705521,-1.36157337,-0.18000000,,中天科技
2023-09-26,600522,13.10000000,13.17000000,13.42000000,13.04000000,,386613.00000000,2.88534548,0.99693252,0.13000000,,中天科技
2023-09-27,600522,13.12000000,13.82000000,13.93000000,13.11000000,,1040631.00000000,5.93342981,4.93545938,0.65000000,,中天科技
2023-09-28,600522,13.79000000,14.07000000,14.29000000,13.76000000,,883524.00000000,3.76687989,1.80897250,0.25000000,,中天科技
2023-10-09,600522,14.02000000,14.11000000,14.34000000,13.89000000,,425799.00000000,3.18922750,0.28429282,0.04000000,,中天科技
2023-10-10,600522,14.07000000,13.79000000,14.16000000,13.76000000,,489880.00000000,2.90065265,-2.26789511,-0.32000000,,中天科技
2023-10-11,600522,13.94000000,13.77000000,14.05000000,13.72000000,,379113.00000000,2.39651416,-0.14503263,-0.02000000,,中天科技
2023-10-12,600522,13.92000000,14.41000000,14.66000000,13.80000000,,1024128.00000000,5.96807772,4.64778504,0.64000000,,中天科技
2023-10-13,600522,14.37000000,14.39000000,14.43000000,14.19000000,,504586.00000000,1.66782488,-0.13879251,-0.02000000,,中天科技
2023-10-16,600522,14.42000000,14.12000000,14.45000000,13.99000000,,336818.00000000,3.25779037,-1.87630299,-0.27000000,,中天科技
2023-10-17,600522,14.14000000,14.35000000,14.47000000,14.14000000,,462748.00000000,2.29965157,1.62889518,0.23000000,,中天科技
2023-10-18,600522,14.27000000,14.07000000,14.28000000,13.97000000,,273921.00000000,2.20326937,-1.95121951,-0.28000000,,中天科技
2023-10-19,600522,13.93000000,13.86000000,14.08000000,13.85000000,,292534.00000000,1.65945166,-1.49253731,-0.21000000,,中天科技
2023-10-20,600522,13.71000000,13.89000000,14.20000000,13.71000000,,437132.00000000,3.52771778,0.21645022,0.03000000,,中天科技
2023-10-23,600522,13.76000000,13.44000000,13.97000000,13.28000000,,391007.00000000,5.13392857,-3.23974082,-0.45000000,,中天科技
2023-10-24,600522,13.44000000,13.57000000,13.62000000,13.25000000,,360030.00000000,2.72660280,0.96726190,0.13000000,,中天科技
2023-10-25,600522,13.69000000,13.50000000,13.95000000,13.40000000,,340858.00000000,4.07407407,-0.51584377,-0.07000000,,中天科技
2023-10-26,600522,13.40000000,13.58000000,13.65000000,13.21000000,,381981.00000000,3.24005891,0.59259259,0.08000000,,中天科技
2023-10-27,600522,13.52000000,13.87000000,14.04000000,13.34000000,,454244.00000000,5.04686373,2.13549337,0.29000000,,中天科技
2023-10-30,600522,13.85000000,13.86000000,14.04000000,13.63000000,,470604.00000000,2.95815296,-0.07209805,-0.01000000,,中天科技
2023-10-31,600522,13.72000000,13.21000000,13.78000000,12.83000000,,1022301.00000000,7.19152157,-4.68975469,-0.65000000,,中天科技
2023-11-01,600522,13.28000000,13.39000000,13.66000000,13.11000000,,579324.00000000,4.10754294,1.36260409,0.18000000,,中天科技
2023-11-02,600522,13.41000000,13.05000000,13.44000000,13.03000000,,487765.00000000,3.14176245,-2.53920836,-0.34000000,,中天科技
2023-11-03,600522,13.06000000,13.21000000,13.32000000,13.06000000,,385182.00000000,1.96820590,1.22605364,0.16000000,,中天科技
2023-11-06,600522,13.35000000,13.77000000,13.90000000,13.30000000,,669873.00000000,4.35729847,4.23921272,0.56000000,,中天科技
2023-11-07,600522,13.71000000,13.75000000,13.81000000,13.58000000,,321378.00000000,1.67272727,-0.14524328,-0.02000000,,中天科技
2023-11-08,600522,13.72000000,13.62000000,13.80000000,13.54000000,,335891.00000000,1.90895742,-0.94545455,-0.13000000,,中天科技
2023-11-09,600522,13.58000000,13.83000000,13.90000000,13.57000000,,441549.00000000,2.38611714,1.54185022,0.21000000,,中天科技
2023-11-10,600522,13.77000000,13.64000000,13.81000000,13.62000000,,290083.00000000,1.39296188,-1.37382502,-0.19000000,,中天科技
2023-11-13,600522,13.65000000,13.40000000,13.72000000,13.32000000,,526556.00000000,2.98507463,-1.75953079,-0.24000000,,中天科技
2023-11-14,600522,13.41000000,13.42000000,13.51000000,13.36000000,,318959.00000000,1.11773472,0.14925373,0.02000000,,中天科技
2023-11-15,600522,13.68000000,13.71000000,13.81000000,13.57000000,,720907.00000000,1.75054705,2.16095380,0.29000000,,中天科技
2023-11-16,600522,13.71000000,13.48000000,13.71000000,13.48000000,,354258.00000000,1.70623145,-1.67760759,-0.23000000,,中天科技
2023-11-17,600522,13.42000000,13.44000000,13.51000000,13.37000000,,266261.00000000,1.04166667,-0.29673591,-0.04000000,,中天科技
2023-11-20,600522,13.43000000,13.46000000,13.46000000,13.30000000,,283628.00000000,1.18870728,0.14880952,0.02000000,,中天科技
2023-11-21,600522,13.50000000,13.28000000,13.54000000,13.25000000,,385212.00000000,2.18373494,-1.33729569,-0.18000000,,中天科技
2023-11-22,600522,13.22000000,12.98000000,13.25000000,12.97000000,,540490.00000000,2.15716487,-2.25903614,-0.30000000,,中天科技
2023-11-23,600522,12.98000000,13.10000000,13.10000000,12.88000000,,311657.00000000,1.67938931,0.92449923,0.12000000,,中天科技
2023-11-24,600522,13.10000000,12.92000000,13.10000000,12.88000000,,282406.00000000,1.70278638,-1.37404580,-0.18000000,,中天科技
2023-11-27,600522,12.88000000,12.79000000,12.89000000,12.65000000,,387504.00000000,1.87646599,-1.00619195,-0.13000000,,中天科技
2023-11-28,600522,12.76000000,12.71000000,12.82000000,12.59000000,,341840.00000000,1.80959874,-0.62548866,-0.08000000,,中天科技
2023-11-29,600522,12.68000000,12.38000000,12.69000000,12.35000000,,572346.00000000,2.74636511,-2.59638080,-0.33000000,,中天科技
2023-11-30,600522,12.35000000,12.20000000,12.42000000,12.09000000,,372942.00000000,2.70491803,-1.45395800,-0.18000000,,中天科技
2023-12-01,600522,12.20000000,12.11000000,12.26000000,11.94000000,,459799.00000000,2.64244426,-0.73770492,-0.09000000,,中天科技
2023-12-04,600522,12.12000000,12.39000000,12.49000000,12.12000000,,491320.00000000,2.98627926,2.31213873,0.28000000,,中天科技
2023-12-05,600522,12.38000000,12.22000000,12.51000000,12.21000000,,354641.00000000,2.45499182,-1.37207425,-0.17000000,,中天科技
2023-12-06,600522,12.22000000,12.27000000,12.37000000,12.11000000,,308297.00000000,2.11898941,0.40916530,0.05000000,,中天科技
2023-12-07,600522,12.28000000,12.00000000,12.31000000,11.96000000,,366381.00000000,2.91666667,-2.20048900,-0.27000000,,中天科技
2023-12-08,600522,12.01000000,12.04000000,12.14000000,11.98000000,,315179.00000000,1.32890365,0.33333333,0.04000000,,中天科技
2023-12-11,600522,12.04000000,12.11000000,12.11000000,11.82000000,,318394.00000000,2.39471511,0.58139535,0.07000000,,中天科技
2023-12-12,600522,12.07000000,12.13000000,12.24000000,12.04000000,,229682.00000000,1.64880462,0.16515277,0.02000000,,中天科技
2023-12-13,600522,12.12000000,11.70000000,12.15000000,11.68000000,,438907.00000000,4.01709402,-3.54492993,-0.43000000,,中天科技
2023-12-14,600522,11.79000000,11.74000000,11.87000000,11.70000000,,253843.00000000,1.44804089,0.34188034,0.04000000,,中天科技
2023-12-15,600522,11.78000000,11.48000000,11.82000000,11.44000000,,394231.00000000,3.31010453,-2.21465077,-0.26000000,,中天科技
2023-12-18,600522,11.40000000,11.07000000,11.47000000,11.01000000,,550005.00000000,4.15537489,-3.57142857,-0.41000000,,中天科技
2023-12-19,600522,11.07000000,10.88000000,11.08000000,10.77000000,,544646.00000000,2.84926471,-1.71635050,-0.19000000,,中天科技
2023-12-20,600522,10.95000000,10.73000000,10.97000000,10.72000000,,414463.00000000,2.32991612,-1.37867647,-0.15000000,,中天科技
2023-12-21,600522,10.69000000,10.90000000,10.94000000,10.55000000,,524240.00000000,3.57798165,1.58434296,0.17000000,,中天科技
2023-12-22,600522,10.87000000,10.89000000,11.03000000,10.78000000,,412812.00000000,2.29568411,-0.09174312,-0.01000000,,中天科技
2023-12-25,600522,10.86000000,10.96000000,10.98000000,10.85000000,,227261.00000000,1.18613139,0.64279155,0.07000000,,中天科技
2023-12-26,600522,10.97000000,10.74000000,10.99000000,10.68000000,,262767.00000000,2.88640596,-2.00729927,-0.22000000,,中天科技
2023-12-27,600522,10.79000000,10.86000000,10.86000000,10.65000000,,228140.00000000,1.93370166,1.11731844,0.12000000,,中天科技
2023-12-28,600522,10.86000000,11.62000000,11.77000000,10.80000000,,919988.00000000,8.34767642,6.99815838,0.76000000,,中天科技
2023-12-29,600522,11.58000000,11.71000000,11.91000000,11.53000000,,578996.00000000,3.24508967,0.77452668,0.09000000,,中天科技
2024-01-02,600522,11.73000000,11.62000000,11.83000000,11.61000000,,322385.00000000,1.89328744,-0.76857387,-0.09000000,,中天科技
2024-01-03,600522,11.59000000,11.52000000,11.73000000,11.37000000,,333977.00000000,3.12500000,-0.86058520,-0.10000000,,中天科技
2024-01-04,600522,11.51000000,11.33000000,11.51000000,11.25000000,,247761.00000000,2.29479259,-1.64930556,-0.19000000,,中天科技
2024-01-05,600522,11.33000000,10.95000000,11.38000000,10.91000000,,424510.00000000,4.29223744,-3.35392763,-0.38000000,,中天科技
2024-01-08,600522,10.94000000,10.75000000,11.09000000,10.74000000,,301890.00000000,3.25581395,-1.82648402,-0.20000000,,中天科技
2024-01-09,600522,10.82000000,10.67000000,10.91000000,10.57000000,,382505.00000000,3.18650422,-0.74418605,-0.08000000,,中天科技
2024-01-10,600522,10.62000000,10.47000000,10.74000000,10.35000000,,389150.00000000,3.72492837,-1.87441425,-0.20000000,,中天科技
2024-01-11,600522,10.46000000,10.86000000,10.93000000,10.42000000,,441845.00000000,4.69613260,3.72492837,0.39000000,,中天科技
2024-01-12,600522,10.81000000,10.79000000,10.95000000,10.74000000,,290948.00000000,1.94624652,-0.64456722,-0.07000000,,中天科技
2024-01-15,600522,10.75000000,10.62000000,10.78000000,10.59000000,,265908.00000000,1.78907721,-1.57553290,-0.17000000,,中天科技
2024-01-16,600522,11.22000000,11.32000000,11.48000000,11.02000000,,1276091.00000000,4.06360424,6.59133710,0.70000000,,中天科技
2024-01-17,600522,11.22000000,10.90000000,11.32000000,10.90000000,,512436.00000000,3.85321101,-3.71024735,-0.42000000,,中天科技
2024-01-18,600522,10.86000000,11.37000000,11.40000000,10.78000000,,782987.00000000,5.45294635,4.31192661,0.47000000,,中天科技
2024-01-19,600522,11.32000000,11.23000000,11.62000000,11.22000000,,543206.00000000,3.56188780,-1.23131047,-0.14000000,,中天科技
2024-01-22,600522,11.23000000,10.70000000,11.23000000,10.60000000,,440066.00000000,5.88785047,-4.71950134,-0.53000000,,中天科技
2024-01-23,600522,10.70000000,11.35000000,11.42000000,10.65000000,,642231.00000000,6.78414097,6.07476636,0.65000000,,中天科技
2024-01-24,600522,11.41000000,11.48000000,11.54000000,11.09000000,,611836.00000000,3.91986063,1.14537445,0.13000000,,中天科技
2024-01-25,600522,11.45000000,11.62000000,11.67000000,11.29000000,,575360.00000000,3.27022375,1.21951220,0.14000000,,中天科技
2024-01-26,600522,11.63000000,11.41000000,11.67000000,11.39000000,,397117.00000000,2.45398773,-1.80722892,-0.21000000,,中天科技
2024-01-29,600522,11.41000000,11.27000000,11.48000000,11.16000000,,325115.00000000,2.83939663,-1.22699387,-0.14000000,,中天科技
2024-01-30,600522,11.22000000,10.96000000,11.25000000,10.92000000,,261219.00000000,3.01094891,-2.75066548,-0.31000000,,中天科技
2024-01-31,600522,10.92000000,10.78000000,11.16000000,10.71000000,,357302.00000000,4.17439703,-1.64233577,-0.18000000,,中天科技
2024-02-01,600522,10.76000000,10.79000000,11.02000000,10.55000000,,297252.00000000,4.35588508,0.09276438,0.01000000,,中天科技
2024-02-02,600522,10.82000000,10.56000000,11.07000000,10.22000000,,506513.00000000,8.04924242,-2.13160334,-0.23000000,,中天科技
2024-02-05,600522,10.50000000,9.91000000,10.61000000,9.75000000,,578939.00000000,8.67810293,-6.15530303,-0.65000000,,中天科技
2024-02-06,600522,9.88000000,10.75000000,10.81000000,9.64000000,,591635.00000000,10.88372093,8.47628658,0.84000000,,中天科技
2024-02-07,600522,10.75000000,10.95000000,11.17000000,10.72000000,,502793.00000000,4.10958904,1.86046512,0.20000000,,中天科技
2024-02-08,600522,11.00000000,11.26000000,11.29000000,11.00000000,,502892.00000000,2.57548845,2.83105023,0.31000000,,中天科技
2024-02-19,600522,11.36000000,11.50000000,11.60000000,11.35000000,,485740.00000000,2.17391304,2.13143872,0.24000000,,中天科技
2024-02-20,600522,11.41000000,11.49000000,11.60000000,11.25000000,,389924.00000000,3.04612707,-0.08695652,-0.01000000,,中天科技
2024-02-21,600522,11.37000000,11.60000000,11.89000000,11.32000000,,620120.00000000,4.91379310,0.95735422,0.11000000,,中天科技
2024-02-22,600522,11.56000000,11.62000000,11.77000000,11.51000000,,419112.00000000,2.23752151,0.17241379,0.02000000,,中天科技
2024-02-23,600522,11.64000000,11.64000000,11.74000000,11.58000000,,368304.00000000,1.37457045,0.17211704,0.02000000,,中天科技
2024-02-26,600522,11.60000000,11.59000000,11.70000000,11.49000000,,417900.00000000,1.81190682,-0.42955326,-0.05000000,,中天科技
2024-02-27,600522,11.59000000,12.28000000,12.28000000,11.53000000,,849434.00000000,6.10749186,5.95340811,0.69000000,,中天科技
2024-02-28,600522,12.42000000,11.79000000,12.47000000,11.78000000,,867786.00000000,5.85241730,-3.99022801,-0.49000000,,中天科技
2024-02-29,600522,11.73000000,12.31000000,12.32000000,11.70000000,,683578.00000000,5.03655565,4.41051739,0.52000000,,中天科技
2024-03-01,600522,12.44000000,12.60000000,12.67000000,12.12000000,,860927.00000000,4.36507937,2.35580829,0.29000000,,中天科技
2024-03-04,600522,12.59000000,12.64000000,12.75000000,12.46000000,,702999.00000000,2.29430380,0.31746032,0.04000000,,中天科技
2024-03-05,600522,12.52000000,12.38000000,12.60000000,12.32000000,,555969.00000000,2.26171244,-2.05696203,-0.26000000,,中天科技
2024-03-06,600522,12.34000000,13.13000000,13.29000000,12.30000000,,1313883.00000000,7.53998477,6.05815832,0.75000000,,中天科技
2024-03-07,600522,13.00000000,12.70000000,13.08000000,12.65000000,,712375.00000000,3.38582677,-3.27494288,-0.43000000,,中天科技
2024-03-08,600522,12.70000000,13.12000000,13.15000000,12.68000000,,779949.00000000,3.58231707,3.30708661,0.42000000,,中天科技
2024-03-11,600522,13.22000000,13.53000000,13.57000000,12.99000000,,981014.00000000,4.28677014,3.12500000,0.41000000,,中天科技
2024-03-12,600522,13.65000000,13.69000000,14.05000000,13.54000000,,1037503.00000000,3.72534697,1.18255728,0.16000000,,中天科技
2024-03-13,600522,13.83000000,14.24000000,14.61000000,13.75000000,,1524024.00000000,6.03932584,4.01753104,0.55000000,,中天科技
2024-03-14,600522,14.17000000,14.31000000,14.39000000,13.99000000,,833740.00000000,2.79524808,0.49157303,0.07000000,,中天科技
2024-03-15,600522,14.23000000,14.01000000,14.46000000,13.83000000,,916171.00000000,4.49678801,-2.09643606,-0.30000000,,中天科技
2024-03-18,600522,14.07000000,14.11000000,14.15000000,13.91000000,,622333.00000000,1.70092133,0.71377587,0.10000000,,中天科技
2024-03-19,600522,14.11000000,13.91000000,14.11000000,13.90000000,,483208.00000000,1.50970525,-1.41743444,-0.20000000,,中天科技
2024-03-20,600522,13.93000000,13.80000000,14.05000000,13.76000000,,439709.00000000,2.10144928,-0.79079799,-0.11000000,,中天科技
2024-03-21,600522,13.77000000,14.07000000,14.17000000,13.77000000,,633151.00000000,2.84292822,1.95652174,0.27000000,,中天科技
2024-03-22,600522,14.02000000,13.97000000,14.16000000,13.77000000,,461603.00000000,2.79169649,-0.71073205,-0.10000000,,中天科技
2024-03-25,600522,13.91000000,13.74000000,14.23000000,13.74000000,,378423.00000000,3.56622999,-1.64638511,-0.23000000,,中天科技
2024-03-26,600522,13.52000000,13.55000000,13.67000000,13.35000000,,569057.00000000,2.36162362,-1.38282387,-0.19000000,,中天科技
2024-03-27,600522,13.65000000,12.94000000,13.67000000,12.93000000,,467626.00000000,5.71870170,-4.50184502,-0.61000000,,中天科技
2024-03-28,600522,12.95000000,13.28000000,13.42000000,12.94000000,,398586.00000000,3.61445783,2.62751159,0.34000000,,中天科技
2024-03-29,600522,13.27000000,13.25000000,13.33000000,12.97000000,,311006.00000000,2.71698113,-0.22590361,-0.03000000,,中天科技
2024-04-01,600522,13.37000000,13.32000000,13.55000000,13.18000000,,377317.00000000,2.77777778,0.52830189,0.07000000,,中天科技
2024-04-02,600522,13.32000000,12.95000000,13.44000000,12.85000000,,532381.00000000,4.55598456,-2.77777778,-0.37000000,,中天科技
2024-04-03,600522,13.00000000,12.54000000,13.00000000,12.49000000,,566783.00000000,4.06698565,-3.16602317,-0.41000000,,中天科技
2024-04-08,600522,12.45000000,12.53000000,12.77000000,12.31000000,,409625.00000000,3.67118915,-0.07974482,-0.01000000,,中天科技
2024-04-09,600522,12.44000000,12.65000000,12.72000000,12.44000000,,251662.00000000,2.21343874,0.95770152,0.12000000,,中天科技
2024-04-10,600522,12.62000000,12.12000000,12.62000000,11.99000000,,546909.00000000,5.19801980,-4.18972332,-0.53000000,,中天科技
2024-04-11,600522,12.12000000,12.26000000,12.36000000,12.03000000,,369355.00000000,2.69168026,1.15511551,0.14000000,,中天科技
2024-04-12,600522,12.31000000,12.56000000,12.79000000,12.30000000,,552324.00000000,3.90127389,2.44698206,0.30000000,,中天科技
2024-04-15,600522,12.56000000,12.71000000,12.80000000,12.42000000,,522538.00000000,2.98977183,1.19426752,0.15000000,,中天科技
2024-04-16,600522,12.62000000,12.27000000,12.87000000,12.22000000,,808078.00000000,5.29747351,-3.46184107,-0.44000000,,中天科技
2024-04-17,600522,12.40000000,12.60000000,12.69000000,12.15000000,,688746.00000000,4.28571429,2.68948655,0.33000000,,中天科技
2024-04-18,600522,12.57000000,12.29000000,12.60000000,12.28000000,,764024.00000000,2.60374288,-2.46031746,-0.31000000,,中天科技
2024-04-19,600522,12.18000000,11.85000000,12.18000000,11.57000000,,1011148.00000000,5.14767932,-3.58014646,-0.44000000,,中天科技
2024-04-22,600522,11.75000000,11.75000000,11.92000000,11.66000000,,333500.00000000,2.21276596,-0.84388186,-0.10000000,,中天科技
2024-04-23,600522,11.74000000,11.77000000,11.82000000,11.58000000,,315086.00000000,2.03908241,0.17021277,0.02000000,,中天科技
2024-04-24,600522,11.75000000,12.13000000,12.16000000,11.74000000,,433357.00000000,3.46248969,3.05862362,0.36000000,,中天科技
2024-04-25,600522,12.09000000,12.04000000,12.21000000,11.96000000,,279427.00000000,2.07641196,-0.74196208,-0.09000000,,中天科技
2024-04-26,600522,11.83000000,11.78000000,11.83000000,11.24000000,,1416426.00000000,5.00848896,-2.15946844,-0.26000000,,中天科技
2024-04-29,600522,11.85000000,12.80000000,12.98000000,11.84000000,,1385484.00000000,8.90625000,8.65874363,1.02000000,,中天科技
2024-04-30,600522,12.72000000,12.79000000,12.85000000,12.62000000,,535182.00000000,1.79827991,-0.07812500,-0.01000000,,中天科技
2024-05-06,600522,13.06000000,13.13000000,13.43000000,13.04000000,,805818.00000000,2.97029703,2.65832682,0.34000000,,中天科技
2024-05-07,600522,13.12000000,13.06000000,13.12000000,12.91000000,,442589.00000000,1.60796325,-0.53313024,-0.07000000,,中天科技
2024-05-08,600522,13.05000000,13.16000000,13.39000000,12.87000000,,750030.00000000,3.95136778,0.76569678,0.10000000,,中天科技
2024-05-09,600522,13.09000000,13.40000000,13.50000000,13.09000000,,596470.00000000,3.05970149,1.82370821,0.24000000,,中天科技
2024-05-10,600522,13.40000000,13.60000000,13.70000000,13.35000000,,582964.00000000,2.57352941,1.49253731,0.20000000,,中天科技
2024-05-13,600522,13.52000000,14.23000000,14.46000000,13.44000000,,1461051.00000000,7.16795502,4.63235294,0.63000000,,中天科技
2024-05-14,600522,14.19000000,14.19000000,14.32000000,14.03000000,,611067.00000000,2.04369274,-0.28109628,-0.04000000,,中天科技
2024-05-15,600522,14.14000000,13.92000000,14.26000000,13.82000000,,505632.00000000,3.16091954,-1.90274841,-0.27000000,,中天科技
2024-05-16,600522,13.95000000,14.27000000,14.71000000,13.95000000,,1112981.00000000,5.32585844,2.51436782,0.35000000,,中天科技
2024-05-17,600522,14.13000000,13.99000000,14.24000000,13.78000000,,623230.00000000,3.28806290,-1.96215837,-0.28000000,,中天科技
2024-05-20,600522,13.97000000,14.16000000,14.29000000,13.92000000,,463791.00000000,2.61299435,1.21515368,0.17000000,,中天科技
2024-05-21,600522,14.11000000,13.97000000,14.18000000,13.90000000,,351999.00000000,2.00429492,-1.34180791,-0.19000000,,中天科技
2024-05-22,600522,13.97000000,13.72000000,14.04000000,13.66000000,,543852.00000000,2.76967930,-1.78954903,-0.25000000,,中天科技
2024-05-23,600522,13.71000000,13.76000000,13.85000000,13.50000000,,509309.00000000,2.54360465,0.29154519,0.04000000,,中天科技
2024-05-24,600522,13.79000000,13.84000000,14.41000000,13.69000000,,650977.00000000,5.20231214,0.58139535,0.08000000,,中天科技
2024-05-27,600522,14.06000000,14.56000000,14.57000000,13.92000000,,914876.00000000,4.46428571,5.20231214,0.72000000,,中天科技
2024-05-28,600522,14.65000000,14.45000000,15.09000000,14.40000000,,877552.00000000,4.77508651,-0.75549451,-0.11000000,,中天科技
2024-05-29,600522,14.32000000,14.56000000,14.87000000,14.25000000,,527342.00000000,4.25824176,0.76124567,0.11000000,,中天科技
2024-05-30,600522,14.56000000,14.60000000,14.74000000,14.36000000,,409827.00000000,2.60273973,0.27472527,0.04000000,,中天科技
2024-05-31,600522,14.59000000,14.28000000,14.67000000,14.25000000,,420728.00000000,2.94117647,-2.19178082,-0.32000000,,中天科技
2024-06-03,600522,14.23000000,14.01000000,14.24000000,13.84000000,,485700.00000000,2.85510350,-1.89075630,-0.27000000,,中天科技
2024-06-04,600522,13.95000000,14.35000000,14.37000000,13.91000000,,431592.00000000,3.20557491,2.42683797,0.34000000,,中天科技
2024-06-05,600522,14.29000000,13.76000000,14.39000000,13.72000000,,580828.00000000,4.86918605,-4.11149826,-0.59000000,,中天科技
2024-06-06,600522,13.78000000,13.65000000,13.97000000,13.55000000,,385141.00000000,3.07692308,-0.79941860,-0.11000000,,中天科技
2024-06-07,600522,13.67000000,13.68000000,13.78000000,13.37000000,,395269.00000000,2.99707602,0.21978022,0.03000000,,中天科技
2024-06-11,600522,13.63000000,13.78000000,13.94000000,13.38000000,,339072.00000000,4.06386067,0.73099415,0.10000000,,中天科技
2024-06-12,600522,13.73000000,13.72000000,13.99000000,13.53000000,,307974.00000000,3.35276968,-0.43541364,-0.06000000,,中天科技
2024-06-13,600522,13.66000000,13.87000000,14.07000000,13.60000000,,391462.00000000,3.38860851,1.09329446,0.15000000,,中天科技
2024-06-14,600522,13.82000000,13.96000000,14.03000000,13.62000000,,342064.00000000,2.93696275,0.64888248,0.09000000,,中天科技
2024-06-17,600522,13.93000000,14.60000000,14.65000000,13.92000000,,765740.00000000,5.00000000,4.58452722,0.64000000,,中天科技
2024-06-18,600522,14.60000000,14.85000000,14.88000000,14.52000000,,578042.00000000,2.42424242,1.71232877,0.25000000,,中天科技
2024-06-19,600522,14.90000000,14.78000000,14.96000000,14.64000000,,342191.00000000,2.16508796,-0.47138047,-0.07000000,,中天科技
2024-06-20,600522,14.73000000,14.84000000,15.20000000,14.72000000,,663917.00000000,3.23450135,0.40595399,0.06000000,,中天科技
2024-06-21,600522,14.80000000,15.03000000,15.12000000,14.71000000,,481029.00000000,2.72787758,1.28032345,0.19000000,,中天科技
2024-06-24,600522,14.89000000,14.92000000,15.42000000,14.88000000,,671662.00000000,3.61930295,-0.73186959,-0.11000000,,中天科技
2024-06-25,600522,14.87000000,14.50000000,14.90000000,14.43000000,,505901.00000000,3.24137931,-2.81501340,-0.42000000,,中天科技
2024-06-26,600522,14.48000000,14.54000000,14.61000000,14.34000000,,310450.00000000,1.85694635,0.27586207,0.04000000,,中天科技
2024-06-27,600522,14.45000000,14.40000000,14.60000000,14.14000000,,387682.00000000,3.19444444,-0.96286107,-0.14000000,,中天科技
2024-06-28,600522,14.32000000,15.07000000,15.32000000,14.32000000,,628050.00000000,6.63570007,4.65277778,0.67000000,,中天科技
2024-07-01,600522,15.08000000,15.15000000,15.23000000,14.79000000,,325423.00000000,2.90429043,0.53085601,0.08000000,,中天科技
2024-07-02,600522,15.07000000,14.35000000,15.21000000,13.70000000,,1020614.00000000,10.52264808,-5.28052805,-0.80000000,,中天科技
2024-07-03,600522,14.35000000,14.39000000,14.42000000,13.98000000,,364979.00000000,3.05767894,0.27874564,0.04000000,,中天科技
2024-07-04,600522,14.41000000,14.51000000,14.94000000,14.41000000,,454340.00000000,3.65265334,0.83391244,0.12000000,,中天科技
2024-07-05,600522,14.44000000,14.57000000,14.66000000,14.11000000,,270128.00000000,3.77487989,0.41350793,0.06000000,,中天科技
2024-07-08,600522,14.52000000,14.52000000,14.87000000,14.38000000,,442535.00000000,3.37465565,-0.34317090,-0.05000000,,中天科技
2024-07-09,600522,14.59000000,15.21000000,15.27000000,14.47000000,,650875.00000000,5.25969757,4.75206612,0.69000000,,中天科技
2024-07-10,600522,15.17000000,14.59000000,15.20000000,14.54000000,,599245.00000000,4.52364633,-4.07626561,-0.62000000,,中天科技
2024-07-11,600522,14.81000000,14.41000000,14.88000000,14.24000000,,640757.00000000,4.44136017,-1.23372173,-0.18000000,,中天科技
2024-07-12,600522,14.44000000,14.28000000,14.47000000,14.03000000,,419024.00000000,3.08123249,-0.90215128,-0.13000000,,中天科技
2024-07-15,600522,14.32000000,14.12000000,14.42000000,14.00000000,,278908.00000000,2.97450425,-1.12044818,-0.16000000,,中天科技
2024-07-16,600522,14.01000000,13.85000000,14.11000000,13.43000000,,665562.00000000,4.90974729,-1.91218130,-0.27000000,,中天科技
2024-07-17,600522,13.79000000,13.60000000,13.85000000,13.60000000,,280330.00000000,1.83823529,-1.80505415,-0.25000000,,中天科技
2024-07-18,600522,13.60000000,13.48000000,13.61000000,13.16000000,,550156.00000000,3.33827893,-0.88235294,-0.12000000,,中天科技
2024-07-19,600522,13.44000000,13.70000000,13.83000000,13.37000000,,448103.00000000,3.35766423,1.63204748,0.22000000,,中天科技
2024-07-22,600522,13.74000000,14.02000000,14.33000000,13.50000000,,582487.00000000,5.92011412,2.33576642,0.32000000,,中天科技
2024-07-23,600522,14.10000000,13.49000000,14.14000000,13.49000000,,396067.00000000,4.81838399,-3.78031384,-0.53000000,,中天科技
2024-07-24,600522,13.47000000,13.68000000,13.88000000,13.43000000,,316744.00000000,3.28947368,1.40845070,0.19000000,,中天科技
2024-07-25,600522,13.69000000,14.42000000,14.64000000,13.55000000,,903894.00000000,7.55894591,5.40935673,0.74000000,,中天科技
2024-07-26,600522,14.39000000,14.93000000,14.99000000,14.27000000,,657137.00000000,4.82250502,3.53675451,0.51000000,,中天科技
2024-07-29,600522,14.93000000,14.70000000,15.16000000,14.54000000,,417677.00000000,4.21768707,-1.54052244,-0.23000000,,中天科技
2024-07-30,600522,14.64000000,14.54000000,14.83000000,14.45000000,,249004.00000000,2.61348006,-1.08843537,-0.16000000,,中天科技
2024-07-31,600522,14.54000000,14.41000000,14.64000000,14.13000000,,595235.00000000,3.53920888,-0.89408528,-0.13000000,,中天科技
2024-08-01,600522,14.42000000,14.43000000,14.69000000,14.30000000,,382647.00000000,2.70270270,0.13879251,0.02000000,,中天科技
2024-08-02,600522,14.24000000,14.01000000,14.34000000,13.95000000,,391787.00000000,2.78372591,-2.91060291,-0.42000000,,中天科技
2024-08-05,600522,13.88000000,13.51000000,14.09000000,13.51000000,,330277.00000000,4.29311621,-3.56887937,-0.50000000,,中天科技
2024-08-06,600522,13.65000000,13.23000000,13.76000000,13.07000000,,533393.00000000,5.21541950,-2.07253886,-0.28000000,,中天科技
2024-08-07,600522,13.32000000,13.53000000,13.72000000,13.32000000,,394273.00000000,2.95639320,2.26757370,0.30000000,,中天科技
2024-08-08,600522,13.45000000,13.17000000,13.54000000,13.07000000,,375244.00000000,3.56871678,-2.66075388,-0.36000000,,中天科技
2024-08-09,600522,13.22000000,13.04000000,13.56000000,13.04000000,,343449.00000000,3.98773006,-0.98709188,-0.13000000,,中天科技
2024-08-12,600522,13.19000000,12.96000000,13.34000000,12.85000000,,251553.00000000,3.78086420,-0.61349693,-0.08000000,,中天科技
2024-08-13,600522,12.91000000,13.02000000,13.05000000,12.85000000,,198660.00000000,1.53609831,0.46296296,0.06000000,,中天科技
2024-08-14,600522,13.06000000,12.58000000,13.10000000,12.49000000,,462971.00000000,4.84896661,-3.37941628,-0.44000000,,中天科技
2024-08-15,600522,12.54000000,12.63000000,12.77000000,12.38000000,,265059.00000000,3.08788599,0.39745628,0.05000000,,中天科技
2024-08-16,600522,12.62000000,12.77000000,12.94000000,12.60000000,,306763.00000000,2.66249021,1.10847189,0.14000000,,中天科技
2024-08-19,600522,12.77000000,12.69000000,12.89000000,12.58000000,,220440.00000000,2.44286840,-0.62646829,-0.08000000,,中天科技
2024-08-20,600522,12.63000000,12.56000000,12.66000000,12.34000000,,306020.00000000,2.54777070,-1.02442868,-0.13000000,,中天科技
2024-08-21,600522,12.50000000,12.44000000,12.60000000,12.37000000,,157265.00000000,1.84887460,-0.95541401,-0.12000000,,中天科技
2024-08-22,600522,12.50000000,12.26000000,12.51000000,12.22000000,,204906.00000000,2.36541599,-1.44694534,-0.18000000,,中天科技
2024-08-23,600522,12.19000000,12.13000000,12.36000000,12.08000000,,225793.00000000,2.30832646,-1.06035889,-0.13000000,,中天科技
2024-08-26,600522,12.15000000,12.07000000,12.31000000,11.99000000,,237299.00000000,2.65120133,-0.49464138,-0.06000000,,中天科技
2024-08-27,600522,12.00000000,11.76000000,12.02000000,11.72000000,,259321.00000000,2.55102041,-2.56835128,-0.31000000,,中天科技
2024-08-28,600522,11.71000000,12.03000000,12.07000000,11.70000000,,312381.00000000,3.07564422,2.29591837,0.27000000,,中天科技
2024-08-29,600522,12.09000000,12.50000000,12.58000000,12.09000000,,490418.00000000,3.92000000,3.90689942,0.47000000,,中天科技
2024-08-30,600522,12.20000000,12.40000000,12.58000000,11.78000000,,867043.00000000,6.45161290,-0.80000000,-0.10000000,,中天科技
2024-09-02,600522,12.29000000,11.93000000,12.44000000,11.91000000,,436692.00000000,4.44258173,-3.79032258,-0.47000000,,中天科技
2024-09-03,600522,11.90000000,12.32000000,12.33000000,11.80000000,,501501.00000000,4.30194805,3.26906957,0.39000000,,中天科技
2024-09-04,600522,12.32000000,12.63000000,12.76000000,12.19000000,,562721.00000000,4.51306413,2.51623377,0.31000000,,中天科技
2024-09-05,600522,12.64000000,12.65000000,12.74000000,12.53000000,,269299.00000000,1.66007905,0.15835313,0.02000000,,中天科技
2024-09-06,600522,12.66000000,12.42000000,12.81000000,12.40000000,,277332.00000000,3.30112721,-1.81818182,-0.23000000,,中天科技
2024-09-09,600522,12.29000000,12.51000000,12.54000000,12.26000000,,237458.00000000,2.23820943,0.72463768,0.09000000,,中天科技
2024-09-10,600522,12.45000000,12.41000000,12.61000000,12.26000000,,219852.00000000,2.82030620,-0.79936051,-0.10000000,,中天科技
2024-09-11,600522,12.44000000,12.96000000,13.12000000,12.35000000,,554603.00000000,5.94135802,4.43190975,0.55000000,,中天科技
2024-09-12,600522,12.99000000,12.79000000,13.20000000,12.77000000,,262526.00000000,3.36200156,-1.31172840,-0.17000000,,中天科技
2024-09-13,600522,12.92000000,12.64000000,13.34000000,12.61000000,,350783.00000000,5.77531646,-1.17279124,-0.15000000,,中天科技
2024-09-18,600522,12.67000000,12.86000000,12.96000000,12.55000000,,292545.00000000,3.18818040,1.74050633,0.22000000,,中天科技
2024-09-19,600522,12.94000000,12.85000000,13.04000000,12.71000000,,361453.00000000,2.56809339,-0.07776050,-0.01000000,,中天科技
2024-09-20,600522,12.88000000,12.51000000,12.93000000,12.34000000,,441374.00000000,4.71622702,-2.64591440,-0.34000000,,中天科技
2024-09-23,600522,12.49000000,12.28000000,12.54000000,12.23000000,,347040.00000000,2.52442997,-1.83852918,-0.23000000,,中天科技
2024-09-24,600522,12.39000000,12.56000000,12.58000000,12.09000000,,641100.00000000,3.90127389,2.28013029,0.28000000,,中天科技
2024-09-25,600522,12.62000000,12.63000000,13.13000000,12.58000000,,681731.00000000,4.35471101,0.55732484,0.07000000,,中天科技
2024-09-26,600522,12.64000000,12.89000000,12.89000000,12.34000000,,817934.00000000,4.26687355,2.05859066,0.26000000,,中天科技
2024-09-27,600522,13.03000000,13.72000000,13.74000000,13.01000000,,892620.00000000,5.32069971,6.43910008,0.83000000,,中天科技
2024-09-30,600522,14.34000000,14.93000000,15.03000000,14.01000000,,1477799.00000000,6.83188212,8.81924198,1.21000000,,中天科技
2024-10-08,600522,16.48000000,15.72000000,16.48000000,14.85000000,,1726958.00000000,10.36895674,5.29135968,0.79000000,,中天科技
2024-10-09,600522,15.32000000,14.45000000,15.48000000,14.44000000,,1108792.00000000,7.19723183,-8.07888041,-1.27000000,,中天科技
2024-10-10,600522,14.47000000,14.80000000,15.19000000,14.16000000,,906500.00000000,6.95945946,2.42214533,0.35000000,,中天科技
2024-10-11,600522,14.59000000,14.16000000,14.78000000,14.00000000,,599894.00000000,5.50847458,-4.32432432,-0.64000000,,中天科技
2024-10-14,600522,14.30000000,14.49000000,14.61000000,14.16000000,,574108.00000000,3.10559006,2.33050847,0.33000000,,中天科技
2024-10-15,600522,14.44000000,13.94000000,14.44000000,13.94000000,,684402.00000000,3.58680057,-3.79572119,-0.55000000,,中天科技
2024-10-16,600522,13.77000000,13.80000000,13.97000000,13.56000000,,420267.00000000,2.97101449,-1.00430416,-0.14000000,,中天科技
2024-10-17,600522,13.88000000,14.06000000,14.36000000,13.88000000,,615722.00000000,3.41394026,1.88405797,0.26000000,,中天科技
2024-10-18,600522,14.05000000,14.51000000,14.75000000,13.97000000,,856058.00000000,5.37560303,3.20056899,0.45000000,,中天科技
2024-10-21,600522,14.67000000,14.64000000,14.93000000,14.50000000,,828201.00000000,2.93715847,0.89593384,0.13000000,,中天科技
2024-10-22,600522,14.64000000,15.73000000,15.85000000,14.61000000,,1622478.00000000,7.88302606,7.44535519,1.09000000,,中天科技
2024-10-23,600522,15.93000000,15.79000000,16.68000000,15.71000000,,2028774.00000000,6.14312856,0.38143675,0.06000000,,中天科技
2024-10-24,600522,15.73000000,15.85000000,16.02000000,15.34000000,,725265.00000000,4.29022082,0.37998733,0.06000000,,中天科技
2024-10-25,600522,15.77000000,16.28000000,16.43000000,15.69000000,,897583.00000000,4.54545455,2.71293375,0.43000000,,中天科技
2024-10-28,600522,16.30000000,15.35000000,16.32000000,15.16000000,,1427473.00000000,7.55700326,-5.71253071,-0.93000000,,中天科技
2024-10-29,600522,15.35000000,14.93000000,15.38000000,14.82000000,,1252329.00000000,3.75083724,-2.73615635,-0.42000000,,中天科技
2024-10-30,600522,15.12000000,15.25000000,15.60000000,15.09000000,,1206722.00000000,3.34426230,2.14333557,0.32000000,,中天科技
2024-10-31,600522,15.29000000,15.19000000,15.39000000,14.87000000,,729297.00000000,3.42330481,-0.39344262,-0.06000000,,中天科技
2024-11-01,600522,15.09000000,15.10000000,15.43000000,14.85000000,,658287.00000000,3.84105960,-0.59249506,-0.09000000,,中天科技
2024-11-04,600522,15.16000000,15.18000000,15.41000000,15.02000000,,513863.00000000,2.56916996,0.52980132,0.08000000,,中天科技
2024-11-05,600522,15.14000000,15.65000000,15.74000000,15.07000000,,999641.00000000,4.28115016,3.09617918,0.47000000,,中天科技
2024-11-06,600522,16.06000000,16.36000000,16.60000000,16.05000000,,1414197.00000000,3.36185819,4.53674121,0.71000000,,中天科技
2024-11-07,600522,16.22000000,16.75000000,16.76000000,16.14000000,,996198.00000000,3.70149254,2.38386308,0.39000000,,中天科技
2024-11-08,600522,17.08000000,16.74000000,17.22000000,16.69000000,,918062.00000000,3.16606930,-0.05970149,-0.01000000,,中天科技
2024-11-11,600522,16.69000000,16.71000000,16.73000000,16.24000000,,850356.00000000,2.93237582,-0.17921147,-0.03000000,,中天科技
2024-11-12,600522,16.60000000,16.49000000,16.93000000,16.34000000,,630297.00000000,3.57792602,-1.31657690,-0.22000000,,中天科技
2024-11-13,600522,16.34000000,16.59000000,16.62000000,16.29000000,,409057.00000000,1.98915009,0.60642814,0.10000000,,中天科技
2024-11-14,600522,16.53000000,15.98000000,16.62000000,15.87000000,,538848.00000000,4.69336671,-3.67691380,-0.61000000,,中天科技
2024-11-15,600522,15.98000000,15.71000000,16.11000000,15.60000000,,550913.00000000,3.24633991,-1.68961202,-0.27000000,,中天科技
2024-11-18,600522,15.77000000,15.65000000,16.33000000,15.55000000,,713994.00000000,4.98402556,-0.38192234,-0.06000000,,中天科技
2024-11-19,600522,15.64000000,15.63000000,15.91000000,15.19000000,,433162.00000000,4.60652591,-0.12779553,-0.02000000,,中天科技
2024-11-20,600522,15.61000000,15.73000000,15.86000000,15.40000000,,414960.00000000,2.92434838,0.63979527,0.10000000,,中天科技
2024-11-21,600522,15.74000000,15.76000000,15.92000000,15.64000000,,320817.00000000,1.77664975,0.19071837,0.03000000,,中天科技
2024-11-22,600522,15.73000000,15.06000000,15.73000000,15.05000000,,499167.00000000,4.51527224,-4.44162437,-0.70000000,,中天科技
2024-11-25,600522,15.06000000,15.09000000,15.44000000,14.99000000,,395154.00000000,2.98210736,0.19920319,0.03000000,,中天科技
2024-11-26,600522,15.18000000,15.21000000,15.38000000,15.14000000,,240837.00000000,1.57790927,0.79522863,0.12000000,,中天科技
2024-11-27,600522,15.15000000,15.75000000,15.77000000,15.09000000,,388685.00000000,4.31746032,3.55029586,0.54000000,,中天科技
2024-11-28,600522,15.82000000,15.36000000,15.96000000,15.32000000,,351923.00000000,4.16666667,-2.47619048,-0.39000000,,中天科技
2024-11-29,600522,15.32000000,15.32000000,15.63000000,15.29000000,,471117.00000000,2.21932115,-0.26041667,-0.04000000,,中天科技
2024-12-02,600522,15.28000000,15.71000000,15.79000000,15.03000000,,566322.00000000,4.83768300,2.54569191,0.39000000,,中天科技
2024-12-03,600522,15.71000000,16.21000000,16.49000000,15.68000000,,882358.00000000,4.99691548,3.18268619,0.50000000,,中天科技
2024-12-04,600522,16.26000000,15.79000000,16.28000000,15.68000000,,398242.00000000,3.79987334,-2.59099321,-0.42000000,,中天科技
2024-12-05,600522,15.76000000,15.39000000,15.82000000,15.09000000,,618365.00000000,4.74333983,-2.53324889,-0.40000000,,中天科技
2024-12-06,600522,15.33000000,15.36000000,15.53000000,15.21000000,,363187.00000000,2.08333333,-0.19493177,-0.03000000,,中天科技
2024-12-09,600522,15.29000000,15.32000000,15.48000000,15.11000000,,444564.00000000,2.41514360,-0.26041667,-0.04000000,,中天科技
2024-12-10,600522,15.69000000,15.21000000,15.80000000,15.16000000,,711404.00000000,4.20775805,-0.71801567,-0.11000000,,中天科技
2024-12-11,600522,15.08000000,15.24000000,15.30000000,15.06000000,,299595.00000000,1.57480315,0.19723866,0.03000000,,中天科技
2024-12-12,600522,15.22000000,15.28000000,15.29000000,15.05000000,,339375.00000000,1.57068063,0.26246719,0.04000000,,中天科技
2024-12-13,600522,15.15000000,15.06000000,15.38000000,15.04000000,,450461.00000000,2.25763612,-1.43979058,-0.22000000,,中天科技
2024-12-16,600522,15.14000000,14.90000000,15.20000000,14.79000000,,383393.00000000,2.75167785,-1.06241700,-0.16000000,,中天科技
2024-12-17,600522,14.89000000,14.94000000,15.49000000,14.85000000,,496141.00000000,4.28380187,0.26845638,0.04000000,,中天科技
2024-12-18,600522,15.04000000,14.98000000,15.18000000,14.94000000,,268939.00000000,1.60213618,0.26773762,0.04000000,,中天科技
2024-12-19,600522,14.89000000,14.98000000,15.08000000,14.57000000,,468891.00000000,3.40453939,0.00000000,0.00000000,,中天科技
2024-12-20,600522,15.09000000,14.84000000,15.22000000,14.78000000,,592359.00000000,2.96495957,-0.93457944,-0.14000000,,中天科技
2024-12-23,600522,14.86000000,14.51000000,14.89000000,14.49000000,,369105.00000000,2.75671950,-2.22371968,-0.33000000,,中天科技
2024-12-24,600522,14.54000000,14.55000000,14.74000000,14.44000000,,336571.00000000,2.06185567,0.27567195,0.04000000,,中天科技
2024-12-25,600522,14.58000000,14.19000000,14.59000000,14.05000000,,565645.00000000,3.80549683,-2.47422680,-0.36000000,,中天科技
2024-12-26,600522,14.20000000,14.21000000,14.36000000,14.10000000,,567360.00000000,1.82969740,0.14094433,0.02000000,,中天科技
2024-12-27,600522,14.22000000,14.20000000,14.38000000,14.04000000,,421621.00000000,2.39436620,-0.07037298,-0.01000000,,中天科技
2024-12-30,600522,14.16000000,13.99000000,14.22000000,13.95000000,,513928.00000000,1.92994996,-1.47887324,-0.21000000,,中天科技
2024-12-31,600522,13.99000000,13.76000000,14.06000000,13.71000000,,365804.00000000,2.54360465,-1.64403145,-0.23000000,,中天科技
2025-01-02,600522,13.74000000,13.13000000,13.74000000,13.02000000,,645644.00000000,5.48362529,-4.57848837,-0.63000000,,中天科技
2025-01-03,600522,13.18000000,13.09000000,13.40000000,13.05000000,,510478.00000000,2.67379679,-0.30464585,-0.04000000,,中天科技
2025-01-06,600522,13.09000000,13.13000000,13.31000000,12.99000000,,392323.00000000,2.43716679,0.30557678,0.04000000,,中天科技
2025-01-07,600522,13.13000000,13.16000000,13.17000000,12.88000000,,486453.00000000,2.20364742,0.22848439,0.03000000,,中天科技
2025-01-08,600522,13.10000000,12.95000000,13.17000000,12.66000000,,571663.00000000,3.93822394,-1.59574468,-0.21000000,,中天科技
2025-01-09,600522,12.89000000,12.80000000,12.98000000,12.71000000,,468563.00000000,2.10937500,-1.15830116,-0.15000000,,中天科技
2025-01-10,600522,12.75000000,12.56000000,13.06000000,12.55000000,,603121.00000000,4.06050955,-1.87500000,-0.24000000,,中天科技
2025-01-13,600522,12.50000000,12.24000000,12.59000000,12.18000000,,704904.00000000,3.34967320,-2.54777070,-0.32000000,,中天科技
2025-01-14,600522,12.29000000,12.74000000,12.90000000,12.17000000,,1022518.00000000,5.72998430,4.08496732,0.50000000,,中天科技
2025-01-15,600522,12.73000000,12.69000000,12.76000000,12.47000000,,576859.00000000,2.28526399,-0.39246468,-0.05000000,,中天科技
2025-01-16,600522,12.72000000,12.80000000,13.00000000,12.67000000,,476003.00000000,2.57812500,0.86682427,0.11000000,,中天科技
2025-01-17,600522,12.93000000,13.23000000,13.59000000,12.92000000,,894236.00000000,5.06424792,3.35937500,0.43000000,,中天科技
2025-01-20,600522,13.33000000,13.08000000,13.44000000,13.02000000,,648168.00000000,3.21100917,-1.13378685,-0.15000000,,中天科技
2025-01-21,600522,13.28000000,13.10000000,13.28000000,13.02000000,,404635.00000000,1.98473282,0.15290520,0.02000000,,中天科技
2025-01-22,600522,13.10000000,13.16000000,13.22000000,12.92000000,,458842.00000000,2.27963526,0.45801527,0.06000000,,中天科技
2025-01-23,600522,13.27000000,13.03000000,13.36000000,13.03000000,,496711.00000000,2.53261704,-0.98784195,-0.13000000,,中天科技
2025-01-24,600522,12.95000000,13.41000000,13.63000000,12.95000000,,978663.00000000,5.07084265,2.91634689,0.38000000,,中天科技
2025-01-27,600522,13.50000000,13.08000000,13.68000000,13.06000000,,626793.00000000,4.74006116,-2.46085011,-0.33000000,,中天科技
2025-02-05,600522,13.18000000,12.80000000,13.22000000,12.69000000,,717978.00000000,4.14062500,-2.14067278,-0.28000000,,中天科技
2025-02-06,600522,12.80000000,13.10000000,13.11000000,12.73000000,,530867.00000000,2.90076336,2.34375000,0.30000000,,中天科技
2025-02-07,600522,13.17000000,13.41000000,13.56000000,13.04000000,,770171.00000000,3.87770321,2.36641221,0.31000000,,中天科技
2025-02-10,600522,13.49000000,13.39000000,13.53000000,13.27000000,,694177.00000000,1.94174757,-0.14914243,-0.02000000,,中天科技
2025-02-11,600522,13.40000000,13.27000000,13.41000000,13.19000000,,506156.00000000,1.65787491,-0.89619119,-0.12000000,,中天科技
2025-02-12,600522,13.27000000,13.34000000,13.34000000,13.17000000,,561176.00000000,1.27436282,0.52750565,0.07000000,,中天科技
2025-02-13,600522,13.36000000,13.16000000,13.37000000,13.16000000,,660069.00000000,1.59574468,-1.34932534,-0.18000000,,中天科技
2025-02-14,600522,13.12000000,13.39000000,13.55000000,13.09000000,,920501.00000000,3.43539955,1.74772036,0.23000000,,中天科技
2025-02-17,600522,13.46000000,13.25000000,13.52000000,13.15000000,,940508.00000000,2.79245283,-1.04555639,-0.14000000,,中天科技
2025-02-18,600522,13.31000000,13.08000000,13.53000000,13.05000000,,1040915.00000000,3.66972477,-1.28301887,-0.17000000,,中天科技
2025-02-19,600522,13.18000000,13.34000000,13.39000000,13.09000000,,884227.00000000,2.24887556,1.98776758,0.26000000,,中天科技
2025-02-20,600522,13.35000000,13.24000000,13.54000000,13.12000000,,1018972.00000000,3.17220544,-0.74962519,-0.10000000,,中天科技
2025-02-21,600522,13.25000000,13.87000000,13.92000000,13.24000000,,1962877.00000000,4.90266763,4.75830816,0.63000000,,中天科技
2025-02-24,600522,13.96000000,13.88000000,14.06000000,13.72000000,,1433680.00000000,2.44956772,0.07209805,0.01000000,,中天科技
2025-02-25,600522,13.69000000,13.65000000,13.90000000,13.59000000,,1072331.00000000,2.27106227,-1.65706052,-0.23000000,,中天科技
2025-02-26,600522,13.77000000,13.84000000,13.89000000,13.61000000,,848792.00000000,2.02312139,1.39194139,0.19000000,,中天科技
2025-02-27,600522,13.92000000,13.67000000,13.92000000,13.52000000,,832700.00000000,2.92611558,-1.22832370,-0.17000000,,中天科技
2025-02-28,600522,13.62000000,13.24000000,13.82000000,13.23000000,,851984.00000000,4.45619335,-3.14557425,-0.43000000,,中天科技
2025-03-03,600522,13.33000000,13.46000000,13.64000000,13.32000000,,694116.00000000,2.37741456,1.66163142,0.22000000,,中天科技
2025-03-04,600522,13.43000000,13.49000000,13.50000000,13.35000000,,454354.00000000,1.11193477,0.22288262,0.03000000,,中天科技
2025-03-05,600522,13.52000000,13.49000000,13.60000000,13.36000000,,481198.00000000,1.77909563,0.00000000,0.00000000,,中天科技
2025-03-06,600522,13.57000000,13.77000000,13.84000000,13.50000000,,966021.00000000,2.46913580,2.07561156,0.28000000,,中天科技
2025-03-07,600522,13.76000000,13.57000000,13.76000000,13.53000000,,633391.00000000,1.69491525,-1.45243282,-0.20000000,,中天科技
2025-03-10,600522,13.57000000,13.57000000,13.64000000,13.45000000,,434451.00000000,1.40014738,0.00000000,0.00000000,,中天科技
2025-03-11,600522,13.40000000,13.52000000,13.52000000,13.34000000,,452660.00000000,1.33136095,-0.36845984,-0.05000000,,中天科技
2025-03-12,600522,13.54000000,13.69000000,13.83000000,13.46000000,,782136.00000000,2.70270270,1.25739645,0.17000000,,中天科技
2025-03-13,600522,13.72000000,13.80000000,14.00000000,13.67000000,,1026037.00000000,2.39130435,0.80350621,0.11000000,,中天科技
2025-03-14,600522,14.08000000,14.72000000,14.81000000,14.08000000,,2397339.00000000,4.95923913,6.66666667,0.92000000,,中天科技
2025-03-17,600522,15.69000000,15.02000000,15.72000000,14.90000000,,2704017.00000000,5.45938748,2.03804348,0.30000000,,中天科技
2025-03-18,600522,14.91000000,14.79000000,15.10000000,14.70000000,,1622511.00000000,2.70453009,-1.53129161,-0.23000000,,中天科技
2025-03-19,600522,14.79000000,14.45000000,14.80000000,14.38000000,,1261140.00000000,2.90657439,-2.29885057,-0.34000000,,中天科技
2025-03-20,600522,14.52000000,14.60000000,14.83000000,14.37000000,,1197754.00000000,3.15068493,1.03806228,0.15000000,,中天科技
2025-03-21,600522,14.60000000,15.21000000,15.58000000,14.60000000,,2560533.00000000,6.44312952,4.17808219,0.61000000,,中天科技
2025-03-24,600522,15.49000000,15.08000000,15.51000000,14.58000000,,1869069.00000000,6.16710875,-0.85470085,-0.13000000,,中天科技
2025-03-25,600522,14.86000000,14.42000000,15.05000000,14.34000000,,1443004.00000000,4.92371706,-4.37665782,-0.66000000,,中天科技
2025-03-26,600522,14.30000000,14.26000000,14.57000000,14.22000000,,905278.00000000,2.45441795,-1.10957004,-0.16000000,,中天科技
2025-03-27,600522,14.27000000,14.11000000,14.38000000,13.89000000,,809474.00000000,3.47271439,-1.05189341,-0.15000000,,中天科技
2025-03-28,600522,14.08000000,14.04000000,14.26000000,13.99000000,,701826.00000000,1.92307692,-0.49610206,-0.07000000,,中天科技
2025-03-31,600522,13.95000000,14.00000000,14.11000000,13.82000000,,638315.00000000,2.07142857,-0.28490028,-0.04000000,,中天科技
2025-04-01,600522,14.11000000,13.96000000,14.16000000,13.89000000,,488563.00000000,1.93409742,-0.28571429,-0.04000000,,中天科技
2025-04-02,600522,13.90000000,13.85000000,14.02000000,13.83000000,,419894.00000000,1.37184116,-0.78796562,-0.11000000,,中天科技
2025-04-03,600522,13.69000000,13.59000000,13.81000000,13.45000000,,547593.00000000,2.64900662,-1.87725632,-0.26000000,,中天科技
2025-04-07,600522,12.74000000,12.18000000,12.88000000,12.18000000,,900575.00000000,5.74712644,-10.37527594,-1.41000000,,中天科技
2025-04-08,600522,12.14000000,12.24000000,12.48000000,12.03000000,,713775.00000000,3.67647059,0.49261084,0.06000000,,中天科技
2025-04-09,600522,11.95000000,12.49000000,12.62000000,11.54000000,,802450.00000000,8.64691753,2.04248366,0.25000000,,中天科技
2025-04-10,600522,12.93000000,12.87000000,13.09000000,12.74000000,,738659.00000000,2.71950272,3.04243395,0.38000000,,中天科技
2025-04-11,600522,12.74000000,12.84000000,12.96000000,12.68000000,,446317.00000000,2.18068536,-0.23310023,-0.03000000,,中天科技
2025-04-14,600522,12.97000000,13.08000000,13.29000000,12.93000000,,532638.00000000,2.75229358,1.86915888,0.24000000,,中天科技
2025-04-15,600522,12.99000000,12.88000000,13.06000000,12.75000000,,348432.00000000,2.40683230,-1.52905199,-0.20000000,,中天科技
2025-04-16,600522,12.82000000,12.82000000,12.87000000,12.60000000,,311133.00000000,2.10608424,-0.46583851,-0.06000000,,中天科技
2025-04-17,600522,12.72000000,12.82000000,12.92000000,12.65000000,,252292.00000000,2.10608424,0.00000000,0.00000000,,中天科技
2025-04-18,600522,12.77000000,13.27000000,13.39000000,12.77000000,,722240.00000000,4.67219292,3.51014041,0.45000000,,中天科技
2025-04-21,600522,13.26000000,13.34000000,13.51000000,13.13000000,,416422.00000000,2.84857571,0.52750565,0.07000000,,中天科技
2025-04-22,600522,13.32000000,13.41000000,13.62000000,13.25000000,,441383.00000000,2.75913497,0.52473763,0.07000000,,中天科技
2025-04-23,600522,13.51000000,13.50000000,13.56000000,13.32000000,,383420.00000000,1.77777778,0.67114094,0.09000000,,中天科技
2025-04-24,600522,13.51000000,13.34000000,13.52000000,13.31000000,,303716.00000000,1.57421289,-1.18518519,-0.16000000,,中天科技
2025-04-25,600522,13.24000000,13.58000000,13.65000000,13.21000000,,571674.00000000,3.24005891,1.79910045,0.24000000,,中天科技
2025-04-28,600522,13.54000000,13.40000000,13.56000000,13.30000000,,327936.00000000,1.94029851,-1.32547865,-0.18000000,,中天科技
2025-04-29,600522,13.42000000,13.31000000,13.43000000,13.26000000,,260696.00000000,1.27723516,-0.67164179,-0.09000000,,中天科技
2025-04-30,600522,13.31000000,13.35000000,13.42000000,13.30000000,,242532.00000000,0.89887640,0.30052592,0.04000000,,中天科技
2025-05-06,600522,13.35000000,13.50000000,13.52000000,13.35000000,,399870.00000000,1.25925926,1.12359551,0.15000000,,中天科技
2025-05-07,600522,13.59000000,13.42000000,13.69000000,13.37000000,,406458.00000000,2.38450075,-0.59259259,-0.08000000,,中天科技
2025-05-08,600522,13.42000000,13.61000000,13.68000000,13.37000000,,420707.00000000,2.27773696,1.41579732,0.19000000,,中天科技
2025-05-09,600522,13.61000000,13.38000000,13.61000000,13.32000000,,323304.00000000,2.16741405,-1.68993387,-0.23000000,,中天科技
2025-05-12,600522,13.44000000,13.53000000,13.59000000,13.43000000,,307141.00000000,1.18255728,1.12107623,0.15000000,,中天科技
2025-05-13,600522,13.63000000,13.49000000,13.68000000,13.46000000,,329800.00000000,1.63083766,-0.29563932,-0.04000000,,中天科技
2025-05-14,600522,13.49000000,13.52000000,13.64000000,13.36000000,,393454.00000000,2.07100592,0.22238695,0.03000000,,中天科技
2025-05-15,600522,13.53000000,13.16000000,13.54000000,13.16000000,,393272.00000000,2.88753799,-2.66272189,-0.36000000,,中天科技
2025-05-16,600522,13.12000000,13.12000000,13.28000000,13.11000000,,241161.00000000,1.29573171,-0.30395137,-0.04000000,,中天科技
2025-05-19,600522,13.12000000,13.20000000,13.30000000,13.07000000,,205452.00000000,1.74242424,0.60975610,0.08000000,,中天科技
2025-05-20,600522,13.15000000,13.18000000,13.23000000,13.04000000,,237346.00000000,1.44157815,-0.15151515,-0.02000000,,中天科技
2025-05-21,600522,13.17000000,12.91000000,13.18000000,12.85000000,,560485.00000000,2.55615802,-2.04855842,-0.27000000,,中天科技
2025-05-22,600522,12.88000000,12.84000000,13.01000000,12.82000000,,302420.00000000,1.47975078,-0.54221534,-0.07000000,,中天科技
2025-05-23,600522,12.84000000,12.64000000,12.88000000,12.63000000,,336543.00000000,1.97784810,-1.55763240,-0.20000000,,中天科技
2025-05-26,600522,12.62000000,12.72000000,12.75000000,12.61000000,,226029.00000000,1.10062893,0.63291139,0.08000000,,中天科技
2025-05-27,600522,12.72000000,12.65000000,12.74000000,12.60000000,,199207.00000000,1.10671937,-0.55031447,-0.07000000,,中天科技
2025-05-28,600522,12.66000000,12.70000000,12.77000000,12.66000000,,248556.00000000,0.86614173,0.39525692,0.05000000,,中天科技
2025-05-29,600522,12.69000000,12.95000000,12.96000000,12.66000000,,335156.00000000,2.31660232,1.96850394,0.25000000,,中天科技
2025-05-30,600522,12.92000000,12.75000000,12.92000000,12.69000000,,276240.00000000,1.80392157,-1.54440154,-0.20000000,,中天科技
2025-06-03,600522,12.62000000,12.64000000,12.67000000,12.56000000,,314975.00000000,0.87025316,-0.86274510,-0.11000000,,中天科技
2025-06-04,600522,12.68000000,12.64000000,12.72000000,12.49000000,,403784.00000000,1.81962025,0.00000000,0.00000000,,中天科技
2025-06-05,600522,12.65000000,12.73000000,12.76000000,12.56000000,,407034.00000000,1.57109191,0.71202532,0.09000000,,中天科技
2025-06-06,600522,12.73000000,13.05000000,13.19000000,12.69000000,,700344.00000000,3.83141762,2.51374705,0.32000000,,中天科技
2025-06-09,600522,13.05000000,13.19000000,13.23000000,12.99000000,,581213.00000000,1.81956027,1.07279693,0.14000000,,中天科技
2025-06-10,600522,13.17000000,13.07000000,13.19000000,12.95000000,,354661.00000000,1.83626626,-0.90978014,-0.12000000,,中天科技
2025-06-11,600522,13.08000000,13.09000000,13.15000000,13.04000000,,232626.00000000,0.84033613,0.15302219,0.02000000,,中天科技
2025-06-12,600522,13.08000000,13.11000000,13.19000000,13.01000000,,240979.00000000,1.37299771,0.15278839,0.02000000,,中天科技
2025-06-13,600522,13.05000000,12.94000000,13.12000000,12.91000000,,264461.00000000,1.62287481,-1.29672006,-0.17000000,,中天科技
2025-06-16,600522,12.91000000,13.21000000,13.31000000,12.88000000,,477493.00000000,3.25510977,2.08655332,0.27000000,,中天科技
2025-06-17,600522,13.29000000,13.24000000,13.43000000,13.17000000,,312684.00000000,1.96374622,0.22710068,0.03000000,,中天科技
2025-06-18,600522,13.20000000,13.29000000,13.33000000,13.16000000,,255573.00000000,1.27915726,0.37764350,0.05000000,,中天科技
2025-06-19,600522,13.25000000,13.00000000,13.28000000,12.96000000,,306927.00000000,2.46153846,-2.18209180,-0.29000000,,中天科技
2025-06-20,600522,13.00000000,12.96000000,13.27000000,12.94000000,,264787.00000000,2.54629630,-0.30769231,-0.04000000,,中天科技
2025-06-23,600522,12.91000000,13.16000000,13.18000000,12.85000000,,308941.00000000,2.50759878,1.54320988,0.20000000,,中天科技
2025-06-24,600522,13.19000000,13.33000000,13.40000000,13.17000000,,399934.00000000,1.72543136,1.29179331,0.17000000,,中天科技
2025-06-25,600522,13.41000000,13.41000000,13.52000000,13.29000000,,354658.00000000,1.71513796,0.60015004,0.08000000,,中天科技
2025-06-26,600522,13.44000000,13.48000000,13.65000000,13.41000000,,553844.00000000,1.78041543,0.52199851,0.07000000,,中天科技
2025-06-27,600522,13.52000000,13.53000000,13.58000000,13.44000000,,314676.00000000,1.03473762,0.37091988,0.05000000,,中天科技
2025-06-30,600522,13.53000000,13.90000000,13.93000000,13.53000000,,666491.00000000,2.87769784,2.73466371,0.37000000,,中天科技
2025-07-01,600522,13.94000000,13.87000000,13.99000000,13.80000000,,369578.00000000,1.36986301,-0.21582734,-0.03000000,,中天科技
2025-07-02,600522,14.29000000,13.84000000,14.42000000,13.81000000,,881674.00000000,4.40751445,-0.21629416,-0.03000000,,中天科技
2025-07-03,600522,13.98000000,13.90000000,14.07000000,13.83000000,,509341.00000000,1.72661871,0.43352601,0.06000000,,中天科技
2025-07-04,600522,13.90000000,13.66000000,13.90000000,13.59000000,,518990.00000000,2.26939971,-1.72661871,-0.24000000,,中天科技
2025-07-07,600522,13.61000000,13.51000000,13.63000000,13.42000000,,352172.00000000,1.55440415,-1.09809663,-0.15000000,,中天科技
2025-07-08,600522,13.53000000,13.82000000,13.89000000,13.52000000,,490524.00000000,2.67727931,2.29459660,0.31000000,,中天科技
2025-07-09,600522,13.84000000,13.73000000,13.88000000,13.70000000,,306515.00000000,1.31099782,-0.65123010,-0.09000000,,中天科技
2025-07-10,600522,13.70000000,13.68000000,13.75000000,13.61000000,,247796.00000000,1.02339181,-0.36416606,-0.05000000,,中天科技
2025-07-11,600522,13.68000000,13.59000000,13.70000000,13.57000000,,453560.00000000,0.95658572,-0.65789474,-0.09000000,,中天科技
2025-07-14,600522,13.59000000,13.64000000,13.72000000,13.59000000,,308615.00000000,0.95307918,0.36791759,0.05000000,,中天科技
2025-07-15,600522,13.63000000,13.50000000,13.72000000,13.49000000,,393328.00000000,1.70370370,-1.02639296,-0.14000000,,中天科技
2025-07-16,600522,13.50000000,13.45000000,13.60000000,13.42000000,,291235.00000000,1.33828996,-0.37037037,-0.05000000,,中天科技
2025-07-17,600522,13.50000000,13.71000000,13.76000000,13.45000000,,641892.00000000,2.26112327,1.93308550,0.26000000,,中天科技
2025-07-18,600522,13.74000000,13.51000000,13.76000000,13.45000000,,626294.00000000,2.29459660,-1.45878920,-0.20000000,,中天科技
2025-07-21,600522,13.56000000,13.85000000,13.86000000,13.51000000,,779757.00000000,2.52707581,2.51665433,0.34000000,,中天科技
2025-07-22,600522,13.89000000,13.89000000,13.89000000,13.74000000,,540788.00000000,1.07991361,0.28880866,0.04000000,,中天科技
2025-07-23,600522,13.93000000,13.71000000,13.93000000,13.67000000,,499012.00000000,1.89642597,-1.29589633,-0.18000000,,中天科技
2025-07-24,600522,13.74000000,13.78000000,13.78000000,13.64000000,,541072.00000000,1.01596517,0.51057622,0.07000000,,中天科技
2025-07-25,600522,13.94000000,13.66000000,13.94000000,13.57000000,,682508.00000000,2.70863836,-0.87082729,-0.12000000,,中天科技
2025-07-28,600522,13.67000000,13.71000000,13.76000000,13.58000000,,404145.00000000,1.31291028,0.36603221,0.05000000,,中天科技
2025-07-29,600522,13.64000000,13.68000000,13.74000000,13.52000000,,506488.00000000,1.60818713,-0.21881838,-0.03000000,,中天科技
2025-07-30,600522,13.61000000,13.68000000,13.87000000,13.52000000,,816219.00000000,2.55847953,0.00000000,0.00000000,,中天科技
2025-07-31,600522,13.64000000,13.59000000,14.04000000,13.54000000,,1135450.00000000,3.67917586,-0.65789474,-0.09000000,,中天科技
2025-08-01,600522,13.52000000,13.76000000,13.94000000,13.51000000,,693370.00000000,3.12500000,1.25091979,0.17000000,,中天科技
2025-08-04,600522,13.70000000,13.68000000,13.70000000,13.54000000,,461476.00000000,1.16959064,-0.58139535,-0.08000000,,中天科技
2025-08-05,600522,13.70000000,13.99000000,14.14000000,13.70000000,,1147587.00000000,3.14510365,2.26608187,0.31000000,,中天科技
2025-08-06,600522,13.98000000,13.88000000,13.98000000,13.86000000,,728653.00000000,0.86455331,-0.78627591,-0.11000000,,中天科技
2025-08-07,600522,13.89000000,13.79000000,13.91000000,13.69000000,,617582.00000000,1.59535896,-0.64841499,-0.09000000,,中天科技
2025-08-08,600522,13.78000000,14.05000000,14.18000000,13.72000000,,1338659.00000000,3.27402135,1.88542422,0.26000000,,中天科技
2025-08-11,600522,14.09000000,14.27000000,14.34000000,14.09000000,,1148068.00000000,1.75192712,1.56583630,0.22000000,,中天科技
2025-08-12,600522,14.26000000,14.33000000,14.39000000,14.17000000,,980241.00000000,1.53524075,0.42046251,0.06000000,,中天科技
2025-08-13,600522,14.37000000,14.48000000,14.59000000,14.30000000,,963298.00000000,2.00276243,1.04675506,0.15000000,,中天科技
2025-08-14,600522,14.54000000,14.24000000,14.62000000,14.13000000,,1042323.00000000,3.44101124,-1.65745856,-0.24000000,,中天科技
2025-08-15,600522,14.19000000,14.93000000,15.23000000,14.15000000,,1891578.00000000,7.23375754,4.84550562,0.69000000,,中天科技
2025-08-18,600522,15.21000000,15.02000000,15.29000000,14.90000000,,1146721.00000000,2.59653795,0.60281313,0.09000000,,中天科技
2025-08-19,600522,14.94000000,15.14000000,15.43000000,14.92000000,,1104948.00000000,3.36856011,0.79893475,0.12000000,,中天科技
2025-08-20,600522,15.04000000,15.04000000,15.07000000,14.82000000,,807251.00000000,1.66223404,-0.66050198,-0.10000000,,中天科技
2025-08-21,600522,15.03000000,14.79000000,15.05000000,14.69000000,,879940.00000000,2.43407708,-1.66223404,-0.25000000,,中天科技
2025-08-22,600522,14.77000000,14.95000000,14.99000000,14.75000000,,701269.00000000,1.60535117,1.08181204,0.16000000,,中天科技
2025-08-25,600522,15.14000000,15.59000000,15.62000000,15.06000000,,1625099.00000000,3.59204618,4.28093645,0.64000000,,中天科技
2025-08-26,600522,15.65000000,15.72000000,15.91000000,15.34000000,,1447226.00000000,3.62595420,0.83386786,0.13000000,,中天科技
2025-08-27,600522,15.76000000,15.50000000,16.02000000,15.50000000,,1511147.00000000,3.35483871,-1.39949109,-0.22000000,,中天科技
2025-08-28,600522,15.42000000,16.15000000,16.40000000,15.42000000,,2268241.00000000,6.06811146,4.19354839,0.65000000,,中天科技
2025-08-29,600522,16.29000000,15.98000000,16.33000000,15.85000000,,1113296.00000000,3.00375469,-1.05263158,-0.17000000,,中天科技
2025-09-01,600522,16.04000000,15.89000000,16.17000000,15.79000000,,1065650.00000000,2.39144116,-0.56320401,-0.09000000,,中天科技
2025-09-02,600522,15.94000000,15.34000000,16.28000000,15.25000000,,1395453.00000000,6.71447197,-3.46129641,-0.55000000,,中天科技
2025-09-03,600522,15.27000000,15.47000000,15.81000000,15.16000000,,1034443.00000000,4.20168067,0.84745763,0.13000000,,中天科技
2025-09-04,600522,15.71000000,15.20000000,16.19000000,14.96000000,,1284441.00000000,8.09210526,-1.74531351,-0.27000000,,中天科技
2025-09-05,600522,15.24000000,16.03000000,16.12000000,15.24000000,,1848522.00000000,5.48970680,5.46052632,0.83000000,,中天科技
2025-09-08,600522,16.14000000,15.98000000,16.22000000,15.75000000,,1105103.00000000,2.94117647,-0.31191516,-0.05000000,,中天科技
2025-09-09,600522,16.04000000,15.62000000,16.04000000,15.59000000,,915261.00000000,2.88092190,-2.25281602,-0.36000000,,中天科技
2025-09-10,600522,15.75000000,15.69000000,15.96000000,15.60000000,,909506.00000000,2.29445507,0.44814341,0.07000000,,中天科技
2025-09-11,600522,15.72000000,16.04000000,16.06000000,15.50000000,,1310998.00000000,3.49127182,2.23072020,0.35000000,,中天科技
2025-09-12,600522,16.04000000,15.90000000,16.12000000,15.86000000,,939820.00000000,1.63522013,-0.87281796,-0.14000000,,中天科技
2025-09-15,600522,15.89000000,15.44000000,15.91000000,15.39000000,,1045482.00000000,3.36787565,-2.89308176,-0.46000000,,中天科技
2025-09-16,600522,15.43000000,15.39000000,15.49000000,15.09000000,,997364.00000000,2.59909032,-0.32383420,-0.05000000,,中天科技
2025-09-17,600522,15.33000000,15.53000000,15.58000000,15.25000000,,692393.00000000,2.12491951,0.90968161,0.14000000,,中天科技
2025-09-18,600522,15.45000000,16.63000000,17.11000000,15.40000000,,3730626.00000000,10.28262177,7.08306504,1.10000000,,中天科技
2025-09-19,600522,16.54000000,16.48000000,16.75000000,16.34000000,,1756606.00000000,2.48786408,-0.90198437,-0.15000000,,中天科技
2025-09-22,600522,16.73000000,16.92000000,17.11000000,16.23000000,,1957748.00000000,5.20094563,2.66990291,0.44000000,,中天科技
2025-09-23,600522,17.54000000,16.98000000,17.71000000,16.59000000,,2367042.00000000,6.59599529,0.35460993,0.06000000,,中天科技
2025-09-24,600522,16.98000000,17.89000000,18.14000000,16.76000000,,2759983.00000000,7.71380660,5.35924617,0.91000000,,中天科技
2025-09-25,600522,17.90000000,17.94000000,18.10000000,17.54000000,,1797814.00000000,3.12151616,0.27948575,0.05000000,,中天科技
2025-09-26,600522,17.87000000,18.00000000,18.60000000,17.76000000,,1762929.00000000,4.66666667,0.33444816,0.06000000,,中天科技
2025-09-29,600522,18.13000000,18.26000000,18.73000000,17.94000000,,1724445.00000000,4.32639650,1.44444444,0.26000000,,中天科技
2025-09-30,600522,18.35000000,18.66000000,19.08000000,18.28000000,,1692113.00000000,4.28724544,2.19058050,0.40000000,,中天科技
2025-10-09,600522,18.93000000,19.74000000,19.97000000,18.75000000,,2027631.00000000,6.18034448,5.78778135,1.08000000,,中天科技
2025-10-10,600522,19.64000000,18.33000000,19.66000000,18.24000000,,1999795.00000000,7.74686307,-7.14285714,-1.41000000,,中天科技
2025-10-13,600522,17.33000000,18.66000000,18.72000000,17.33000000,,1451406.00000000,7.44908896,1.80032733,0.33000000,,中天科技
2025-10-14,600522,18.73000000,17.68000000,18.80000000,17.64000000,,1514216.00000000,6.56108597,-5.25187567,-0.98000000,,中天科技
2025-10-15,600522,17.75000000,18.06000000,18.08000000,17.55000000,,947877.00000000,2.93466224,2.14932127,0.38000000,,中天科技
2025-10-16,600522,17.93000000,17.56000000,17.99000000,17.44000000,,946650.00000000,3.13211845,-2.76854928,-0.50000000,,中天科技
2025-10-17,600522,17.86000000,16.64000000,17.89000000,16.58000000,,1331167.00000000,7.87259615,-5.23917995,-0.92000000,,中天科技
2025-10-20,600522,17.01000000,17.06000000,17.41000000,16.87000000,,966267.00000000,3.16529894,2.52403846,0.42000000,,中天科技
2025-10-21,600522,17.17000000,17.50000000,17.52000000,17.16000000,,918955.00000000,2.05714286,2.57913247,0.44000000,,中天科技
2025-10-22,600522,17.34000000,17.21000000,17.38000000,17.02000000,,553279.00000000,2.09180709,-1.65714286,-0.29000000,,中天科技
2025-10-23,600522,17.04000000,17.35000000,17.36000000,16.70000000,,586306.00000000,3.80403458,0.81348053,0.14000000,,中天科技
2025-10-24,600522,17.54000000,17.63000000,17.71000000,17.46000000,,768624.00000000,1.41803744,1.61383285,0.28000000,,中天科技
2025-10-27,600522,17.92000000,17.66000000,18.01000000,17.50000000,,984525.00000000,2.88788222,0.17016449,0.03000000,,中天科技
2025-10-28,600522,17.14000000,16.79000000,17.14000000,16.45000000,,2286343.00000000,4.10958904,-4.92638732,-0.87000000,,中天科技
2025-10-29,600522,16.67000000,17.15000000,17.16000000,16.59000000,,1183157.00000000,3.32361516,2.14413341,0.36000000,,中天科技
2025-10-30,600522,17.16000000,16.75000000,17.16000000,16.70000000,,979243.00000000,2.74626866,-2.33236152,-0.40000000,,中天科技
2025-10-31,600522,16.83000000,16.69000000,17.09000000,16.65000000,,835201.00000000,2.63630917,-0.35820896,-0.06000000,,中天科技
2025-11-03,600522,16.70000000,16.54000000,16.76000000,16.24000000,,816658.00000000,3.14389359,-0.89874176,-0.15000000,,中天科技
2025-11-04,600522,16.52000000,16.09000000,16.57000000,15.97000000,,878042.00000000,3.72902424,-2.72067715,-0.45000000,,中天科技
2025-11-05,600522,15.76000000,16.33000000,16.42000000,15.75000000,,699457.00000000,4.10287814,1.49160970,0.24000000,,中天科技
2025-11-06,600522,16.79000000,17.26000000,17.56000000,16.78000000,,2138066.00000000,4.51911935,5.69503980,0.93000000,,中天科技
2025-11-07,600522,17.04000000,17.38000000,17.53000000,16.95000000,,1243615.00000000,3.33716916,0.69524913,0.12000000,,中天科技
2025-11-10,600522,17.47000000,16.95000000,17.62000000,16.86000000,,1160177.00000000,4.48377581,-2.47410817,-0.43000000,,中天科技
2025-11-11,600522,17.09000000,16.78000000,17.15000000,16.75000000,,711687.00000000,2.38379023,-1.00294985,-0.17000000,,中天科技
2025-11-12,600522,16.79000000,16.38000000,16.83000000,16.27000000,,733361.00000000,3.41880342,-2.38379023,-0.40000000,,中天科技
2025-11-13,600522,16.35000000,16.56000000,16.72000000,16.34000000,,555914.00000000,2.29468599,1.09890110,0.18000000,,中天科技
2025-11-14,600522,16.44000000,16.34000000,16.67000000,16.32000000,,476297.00000000,2.14198286,-1.32850242,-0.22000000,,中天科技
2025-11-17,600522,16.31000000,16.09000000,16.38000000,16.02000000,,532727.00000000,2.23741454,-1.52998776,-0.25000000,,中天科技
2025-11-18,600522,16.11000000,16.07000000,16.25000000,15.97000000,,383682.00000000,1.74237710,-0.12430081,-0.02000000,,中天科技
2025-11-19,600522,16.07000000,15.96000000,16.15000000,15.75000000,,442448.00000000,2.50626566,-0.68450529,-0.11000000,,中天科技
2025-11-20,600522,16.09000000,15.79000000,16.14000000,15.79000000,,381584.00000000,2.21659278,-1.06516291,-0.17000000,,中天科技
2025-11-21,600522,15.62000000,15.13000000,15.64000000,15.12000000,,739376.00000000,3.43688037,-4.17986067,-0.66000000,,中天科技
2025-11-24,600522,15.21000000,15.45000000,15.54000000,15.17000000,,468804.00000000,2.39482201,2.11500330,0.32000000,,中天科技
2025-11-25,600522,15.50000000,15.55000000,15.82000000,15.45000000,,563296.00000000,2.37942122,0.64724919,0.10000000,,中天科技
2025-11-26,600522,15.55000000,15.62000000,15.74000000,15.39000000,,551236.00000000,2.24071703,0.45016077,0.07000000,,中天科技
2025-11-27,600522,15.63000000,15.56000000,15.88000000,15.51000000,,523972.00000000,2.37789203,-0.38412292,-0.06000000,,中天科技
2025-11-28,600522,15.47000000,15.57000000,15.63000000,15.43000000,,346885.00000000,1.28452152,0.06426735,0.01000000,,中天科技
2025-12-01,600522,16.21000000,16.56000000,16.84000000,16.16000000,,2026992.00000000,4.10628019,6.35838150,0.99000000,,中天科技
2025-12-02,600522,16.44000000,16.48000000,16.55000000,16.35000000,,646295.00000000,1.21359223,-0.48309179,-0.08000000,,中天科技
2025-12-03,600522,16.52000000,16.23000000,16.52000000,16.21000000,,551761.00000000,1.91004313,-1.51699029,-0.25000000,,中天科技
2025-12-04,600522,16.28000000,16.33000000,16.37000000,16.03000000,,415280.00000000,2.08205756,0.61614295,0.10000000,,中天科技
2025-12-05,600522,16.38000000,16.50000000,16.52000000,16.19000000,,545343.00000000,2.00000000,1.04102878,0.17000000,,中天科技
2025-12-08,600522,16.57000000,16.59000000,16.69000000,16.46000000,,740612.00000000,1.38637734,0.54545455,0.09000000,,中天科技
2025-12-09,600522,16.56000000,16.46000000,16.65000000,16.41000000,,458727.00000000,1.45808019,-0.78360458,-0.13000000,,中天科技
2025-12-10,600522,16.45000000,16.96000000,16.98000000,16.26000000,,1199705.00000000,4.24528302,3.03766707,0.50000000,,中天科技
2025-12-11,600522,17.04000000,16.79000000,17.09000000,16.75000000,,920870.00000000,2.02501489,-1.00235849,-0.17000000,,中天科技
2025-12-12,600522,16.74000000,17.43000000,17.55000000,16.71000000,,2278565.00000000,4.81927711,3.81179273,0.64000000,,中天科技
2025-12-15,600522,17.26000000,17.32000000,17.54000000,17.21000000,,1049518.00000000,1.90531178,-0.63109581,-0.11000000,,中天科技
2025-12-16,600522,17.25000000,16.58000000,17.29000000,16.51000000,,983936.00000000,4.70446321,-4.27251732,-0.74000000,,中天科技
2025-12-17,600522,16.52000000,17.52000000,17.70000000,16.38000000,,1496672.00000000,7.53424658,5.66948130,0.94000000,,中天科技
2025-12-18,600522,17.52000000,17.76000000,18.12000000,17.34000000,,1866553.00000000,4.39189189,1.36986301,0.24000000,,中天科技
2025-12-19,600522,17.82000000,18.11000000,18.48000000,17.82000000,,1409330.00000000,3.64439536,1.97072072,0.35000000,,中天科技
2025-12-22,600522,18.15000000,19.46000000,19.72000000,18.15000000,,2213993.00000000,8.06783145,7.45444506,1.35000000,,中天科技
2025-12-23,600522,19.40000000,18.75000000,19.55000000,18.60000000,,1710127.00000000,5.06666667,-3.64850976,-0.71000000,,中天科技
2025-12-24,600522,18.64000000,18.96000000,19.09000000,18.60000000,,1058682.00000000,2.58438819,1.12000000,0.21000000,,中天科技
2025-12-25,600522,18.96000000,18.24000000,18.96000000,18.20000000,,1375473.00000000,4.16666667,-3.79746835,-0.72000000,,中天科技
2025-12-26,600522,18.19000000,18.14000000,18.38000000,17.94000000,,893236.00000000,2.42557883,-0.54824561,-0.10000000,,中天科技
2025-12-29,600522,18.15000000,17.84000000,18.30000000,17.75000000,,832694.00000000,3.08295964,-1.65380375,-0.30000000,,中天科技
2025-12-30,600522,17.74000000,17.82000000,18.06000000,17.65000000,,622015.00000000,2.30078563,-0.11210762,-0.02000000,,中天科技
2025-12-31,600522,17.80000000,17.86000000,18.17000000,17.77000000,,732851.00000000,2.23964166,0.22446689,0.04000000,,中天科技
2026-01-05,600522,17.89000000,18.04000000,18.28000000,17.89000000,,940775.00000000,2.16186253,1.00783875,0.18000000,,中天科技
2026-01-06,600522,18.09000000,18.00000000,18.11000000,17.80000000,,998586.00000000,1.72222222,-0.22172949,-0.04000000,,中天科技
2026-01-07,600522,17.94000000,18.07000000,18.37000000,17.91000000,,1168303.00000000,2.54565578,0.38888889,0.07000000,,中天科技
2026-01-08,600522,18.08000000,17.96000000,18.23000000,17.84000000,,877753.00000000,2.17149220,-0.60874377,-0.11000000,,中天科技
2026-01-09,600522,17.88000000,18.22000000,18.38000000,17.74000000,,1261999.00000000,3.51262349,1.44766147,0.26000000,,中天科技
2026-01-12,600522,18.30000000,18.35000000,18.39000000,18.02000000,,1372082.00000000,2.01634877,0.71350165,0.13000000,,中天科技
2026-01-13,600522,18.54000000,17.72000000,18.54000000,17.55000000,,1602697.00000000,5.58690745,-3.43324251,-0.63000000,,中天科技
2026-01-14,600522,17.64000000,17.80000000,18.04000000,17.60000000,,1165193.00000000,2.47191011,0.45146727,0.08000000,,中天科技
2026-01-15,600522,17.62000000,17.78000000,17.91000000,17.48000000,,745735.00000000,2.41844769,-0.11235955,-0.02000000,,中天科技
2026-01-16,600522,18.11000000,18.27000000,18.64000000,18.10000000,,1690164.00000000,2.95566502,2.75590551,0.49000000,,中天科技
2026-01-19,600522,18.86000000,18.99000000,19.46000000,18.81000000,,2063052.00000000,3.42285413,3.94088670,0.72000000,,中天科技
2026-01-20,600522,18.99000000,18.94000000,19.29000000,18.59000000,,1220700.00000000,3.69588173,-0.26329647,-0.05000000,,中天科技
2026-01-21,600522,18.64000000,18.94000000,19.24000000,18.60000000,,1051457.00000000,3.37909187,0.00000000,0.00000000,,中天科技
2026-01-22,600522,18.91000000,18.62000000,19.39000000,18.43000000,,1150877.00000000,5.15574651,-1.68954593,-0.32000000,,中天科技
2026-01-23,600522,18.83000000,19.53000000,20.13000000,18.83000000,,2030646.00000000,6.65642601,4.88721805,0.91000000,,中天科技
2026-01-26,600522,19.63000000,20.69000000,21.22000000,19.62000000,,2466986.00000000,7.73320445,5.93958013,1.16000000,,中天科技
2026-01-27,600522,20.64000000,20.88000000,21.12000000,20.19000000,,1615460.00000000,4.45402299,0.91831803,0.19000000,,中天科技
2026-01-28,600522,22.04000000,21.59000000,22.37000000,20.94000000,,2221824.00000000,6.62343678,3.40038314,0.71000000,,中天科技
2026-01-29,600522,21.20000000,20.81000000,21.70000000,20.68000000,,1248689.00000000,4.90148967,-3.61278370,-0.78000000,,中天科技
2026-01-30,600522,20.71000000,22.08000000,22.46000000,20.45000000,,2257137.00000000,9.10326087,6.10283518,1.27000000,,中天科技
2026-02-02,600522,22.23000000,21.18000000,22.31000000,21.05000000,,1747308.00000000,5.94900850,-4.07608696,-0.90000000,,中天科技
2026-02-03,600522,21.56000000,22.13000000,22.70000000,21.53000000,,1563514.00000000,5.28694080,4.48536355,0.95000000,,中天科技
2026-02-04,600522,22.10000000,22.24000000,22.86000000,21.76000000,,1387637.00000000,4.94604317,0.49706281,0.11000000,,中天科技
2026-02-05,600522,21.84000000,20.60000000,21.92000000,20.10000000,,1736134.00000000,8.83495146,-7.37410072,-1.64000000,,中天科技
2026-02-06,600522,20.24000000,21.65000000,22.19000000,20.19000000,,1780004.00000000,9.23787529,5.09708738,1.05000000,,中天科技
2026-02-09,600522,22.69000000,23.20000000,23.32000000,21.58000000,,2130861.00000000,7.50000000,7.15935335,1.55000000,,中天科技
2026-02-10,600522,23.06000000,24.08000000,24.27000000,23.06000000,,1958170.00000000,5.02491694,3.79310345,0.88000000,,中天科技
2026-02-11,600522,23.54000000,24.55000000,25.69000000,23.40000000,,2088250.00000000,9.32790224,1.95182724,0.47000000,,中天科技
2026-02-12,600522,24.76000000,24.95000000,25.53000000,24.24000000,,1398095.00000000,5.17034068,1.62932790,0.40000000,,中天科技
2026-02-13,600522,24.66000000,24.16000000,24.72000000,23.92000000,,1221718.00000000,3.31125828,-3.16633267,-0.79000000,,中天科技
2026-02-24,600522,25.09000000,25.37000000,26.02000000,24.91000000,,1411563.00000000,4.37524635,5.00827815,1.21000000,,中天科技
2026-02-25,600522,25.74000000,24.82000000,25.84000000,24.09000000,,1478831.00000000,7.05076551,-2.16791486,-0.55000000,,中天科技
2026-02-26,600522,25.79000000,27.33000000,27.33000000,25.64000000,,1173154.00000000,6.18368094,10.11281225,2.51000000,,中天科技
2026-02-27,600522,27.32000000,28.88000000,29.32000000,26.74000000,,2784124.00000000,8.93351801,5.67142334,1.55000000,,中天科技
2026-03-02,600522,27.75000000,29.94000000,31.56000000,27.75000000,,2488771.00000000,12.72545090,3.67036011,1.06000000,,中天科技
2026-03-03,600522,30.33000000,28.53000000,30.72000000,28.47000000,,1754791.00000000,7.88643533,-4.70941884,-1.41000000,,中天科技
2026-03-04,600522,27.79000000,28.57000000,29.24000000,27.79000000,,1464931.00000000,5.07525376,0.14020329,0.04000000,,中天科技
2026-03-05,600522,29.05000000,28.56000000,29.33000000,27.62000000,,1754972.00000000,5.98739496,-0.03500175,-0.01000000,,中天科技
2026-03-06,600522,28.19000000,27.12000000,28.62000000,26.96000000,,1634252.00000000,6.12094395,-5.04201681,-1.44000000,,中天科技
2026-03-09,600522,26.11000000,26.94000000,27.05000000,25.12000000,,1554020.00000000,7.16406830,-0.66371681,-0.18000000,,中天科技
2026-03-10,600522,27.29000000,28.64000000,28.92000000,27.15000000,,1685445.00000000,6.18016760,6.31031923,1.70000000,,中天科技
2026-03-11,600522,29.56000000,29.75000000,31.40000000,29.53000000,,2448244.00000000,6.28571429,3.87569832,1.11000000,,中天科技
2026-03-12,600522,29.34000000,29.98000000,31.12000000,29.24000000,,1599298.00000000,6.27084723,0.77310924,0.23000000,,中天科技
2026-03-13,600522,29.67000000,29.49000000,31.48000000,29.44000000,,1328936.00000000,6.91759919,-1.63442295,-0.49000000,,中天科技
2026-03-16,600522,29.79000000,28.02000000,30.10000000,27.74000000,,1269791.00000000,8.42255532,-4.98474059,-1.47000000,,中天科技
2026-03-17,600522,28.32000000,25.86000000,28.46000000,25.74000000,,1602169.00000000,10.51817479,-7.70877944,-2.16000000,,中天科技
2026-03-18,600522,25.90000000,26.34000000,26.46000000,25.44000000,,1203826.00000000,3.87243736,1.85614849,0.48000000,,中天科技
2026-03-19,600522,25.63000000,25.64000000,26.23000000,25.43000000,,852994.00000000,3.12012480,-2.65755505,-0.70000000,,中天科技
2026-03-20,600522,26.12000000,25.44000000,26.58000000,25.26000000,,1313512.00000000,5.18867925,-0.78003120,-0.20000000,,中天科技
2026-03-23,600522,24.34000000,24.84000000,25.61000000,24.34000000,,995117.00000000,5.11272142,-2.35849057,-0.60000000,,中天科技
2026-03-24,600522,25.37000000,25.84000000,25.97000000,24.74000000,,1231570.00000000,4.76006192,4.02576490,1.00000000,,中天科技
2026-03-25,600522,26.74000000,27.41000000,27.67000000,26.45000000,,1762654.00000000,4.45093032,6.07585139,1.57000000,,中天科技
2026-03-26,600522,27.04000000,26.51000000,27.82000000,26.44000000,,1131724.00000000,5.20558280,-3.28347318,-0.90000000,,中天科技
2026-03-27,600522,25.99000000,26.79000000,27.35000000,25.65000000,,1153870.00000000,6.34565136,1.05620521,0.28000000,,中天科技
2026-03-30,600522,26.39000000,28.73000000,29.20000000,26.30000000,,1649417.00000000,10.09397842,7.24150803,1.94000000,,中天科技
2026-03-31,600522,28.60000000,29.83000000,30.84000000,27.77000000,,2335706.00000000,10.29165270,3.82875044,1.10000000,,中天科技
2026-04-01,600522,30.73000000,28.90000000,30.73000000,28.34000000,,1587607.00000000,8.26989619,-3.11766678,-0.93000000,,中天科技
2026-04-02,600522,28.89000000,29.06000000,30.36000000,28.85000000,,1427117.00000000,5.19614591,0.55363322,0.16000000,,中天科技
2026-04-03,600522,29.20000000,30.41000000,31.24000000,28.99000000,,1963989.00000000,7.39888195,4.64556091,1.35000000,,中天科技
2026-04-07,600522,30.56000000,29.99000000,31.51000000,29.80000000,,1499965.00000000,5.70190063,-1.38112463,-0.42000000,,中天科技
2026-04-08,600522,30.72000000,30.44000000,30.91000000,29.24000000,,1916845.00000000,5.48620237,1.50050017,0.45000000,,中天科技
2026-04-09,600522,30.02000000,31.14000000,31.92000000,29.15000000,,2222982.00000000,8.89531150,2.29960578,0.70000000,,中天科技
2026-04-10,600522,31.12000000,29.54000000,31.14000000,29.24000000,,2575517.00000000,6.43195667,-5.13808606,-1.60000000,,中天科技
2026-04-13,600522,29.15000000,28.26000000,29.37000000,28.07000000,,2167335.00000000,4.60014154,-4.33310765,-1.28000000,,中天科技
2026-04-14,600522,28.54000000,28.07000000,29.16000000,27.62000000,,1721968.00000000,5.48628429,-0.67232838,-0.19000000,,中天科技
2026-04-15,600522,28.00000000,27.54000000,28.88000000,27.42000000,,1562966.00000000,5.30137981,-1.88813680,-0.53000000,,中天科技
2026-04-16,600522,27.55000000,27.74000000,28.07000000,27.16000000,,1288208.00000000,3.28046143,0.72621641,0.20000000,,中天科技
2026-04-17,600522,27.75000000,27.88000000,28.24000000,27.36000000,,1605282.00000000,3.15638451,0.50468637,0.14000000,,中天科技
2026-04-20,600522,28.64000000,30.69000000,30.69000000,28.57000000,,2247838.00000000,6.90778755,10.07890961,2.81000000,,中天科技
2026-04-21,600522,30.74000000,32.18000000,32.62000000,30.52000000,,3957275.00000000,6.52579242,4.85500163,1.49000000,,中天科技
2026-04-22,600522,32.28000000,34.56000000,34.58000000,32.24000000,,3003972.00000000,6.77083333,7.39589807,2.38000000,,中天科技
2026-04-23,600522,33.74000000,33.81000000,34.78000000,32.94000000,,2857762.00000000,5.44217687,-2.17013889,-0.75000000,,中天科技
2026-04-24,600522,33.74000000,32.95000000,34.24000000,32.32000000,,2099211.00000000,5.82701062,-2.54362615,-0.86000000,,中天科技
2026-04-27,600522,34.03000000,35.52000000,36.27000000,33.97000000,,3393558.00000000,6.47522523,7.79969651,2.57000000,,中天科技
2026-04-28,600522,35.52000000,34.74000000,36.20000000,33.74000000,,2647729.00000000,7.08117444,-2.19594595,-0.78000000,,中天科技
2026-04-29,600522,33.94000000,34.02000000,34.23000000,33.07000000,,1784217.00000000,3.40975897,-2.07253886,-0.72000000,,中天科技
2026-04-30,600522,34.04000000,32.86000000,34.09000000,32.25000000,,2123488.00000000,5.59951309,-3.40975897,-1.16000000,,中天科技
2026-05-06,600522,33.41000000,34.63000000,34.99000000,33.41000000,,2344121.00000000,4.56251805,5.38648813,1.77000000,,中天科技
2026-05-07,600522,35.84000000,38.12000000,38.12000000,34.74000000,,2891081.00000000,8.86673662,10.07796708,3.49000000,,中天科技
2026-05-08,600522,37.94000000,40.64000000,40.90000000,37.94000000,,3121181.00000000,7.28346457,6.61070304,2.52000000,,中天科技
2026-05-11,600522,44.72000000,43.60000000,44.73000000,42.49000000,,4148832.00000000,5.13761468,7.28346457,2.96000000,,中天科技
2026-05-12,600522,43.74000000,43.82000000,45.92000000,42.99000000,,4281311.00000000,6.68644455,0.50458716,0.22000000,,中天科技
2026-05-13,600522,42.28000000,43.34000000,43.68000000,42.28000000,,2852067.00000000,3.23027227,-1.09539023,-0.48000000,,中天科技
2026-05-14,600522,44.24000000,43.84000000,45.70000000,43.42000000,,3745868.00000000,5.20072993,1.15366867,0.50000000,,中天科技
2026-05-15,600522,44.12000000,40.73000000,44.64000000,39.85000000,,3651492.00000000,11.76037319,-7.09397810,-3.11000000,,中天科技
2026-05-18,600522,41.64000000,43.69000000,44.42000000,41.64000000,,3262116.00000000,6.36301213,7.26737049,2.96000000,,中天科技
2026-05-19,600522,42.74000000,44.29000000,44.64000000,41.03000000,,3196647.00000000,8.15082411,1.37331197,0.60000000,,中天科技
2026-05-20,600522,44.29000000,45.15000000,47.14000000,43.54000000,,3397230.00000000,7.97342193,1.94174757,0.86000000,,中天科技
2026-05-21,600522,44.74000000,41.64000000,45.51000000,41.59000000,,3085398.00000000,9.41402498,-7.77408638,-3.51000000,,中天科技
2026-05-22,600522,42.43000000,43.56000000,43.62000000,42.22000000,,2264915.00000000,3.21395776,4.61095101,1.92000000,,中天科技
2026-05-25,600522,44.03000000,42.63000000,44.40000000,41.54000000,,2809496.00000000,6.70889045,-2.13498623,-0.93000000,,中天科技
2026-05-26,600522,41.74000000,40.22000000,41.79000000,39.00000000,,2931741.00000000,6.93684734,-5.65329580,-2.41000000,,中天科技
2026-05-27,600522,39.54000000,38.79000000,40.64000000,38.56000000,,2221748.00000000,5.36220675,-3.55544505,-1.43000000,,中天科技
2026-05-28,600522,38.99000000,40.26000000,40.48000000,37.49000000,,2400489.00000000,7.42672628,3.78963650,1.47000000,,中天科技
2026-05-29,600522,40.74000000,41.93000000,43.34000000,38.59000000,,3852300.00000000,11.32840448,4.14803775,1.67000000,,中天科技
2026-06-01,600522,41.74000000,39.13000000,41.89000000,38.81000000,,2462325.00000000,7.87119857,-6.67779633,-2.80000000,,中天科技
2026-06-02,600522,38.77000000,42.63000000,43.07000000,38.77000000,,4059782.00000000,10.08679334,8.94454383,3.50000000,,中天科技
2026-06-03,600522,43.63000000,44.72000000,46.72000000,43.14000000,,4191823.00000000,8.00536673,4.90265072,2.09000000,,中天科技
2026-06-04,600522,43.55000000,45.80000000,46.92000000,43.55000000,,3543682.00000000,7.35807860,2.41502683,1.08000000,,中天科技
2026-06-05,600522,44.82000000,45.81000000,49.11000000,44.69000000,,4065648.00000000,9.64854835,0.02183406,0.01000000,,中天科技
2026-06-08,600522,43.74000000,49.27000000,50.42000000,43.74000000,,5131565.00000000,13.55794601,7.55293604,3.46000000,,中天科技
2026-06-09,600522,50.27000000,54.22000000,54.22000000,48.30000000,,4848082.00000000,10.91848027,10.04668155,4.95000000,,中天科技
2026-06-10,600522,52.24000000,49.94000000,53.53000000,48.92000000,,3836724.00000000,9.23107729,-7.89376614,-4.28000000,,中天科技
2026-06-11,600522,49.43000000,49.01000000,50.74000000,47.79000000,,2899092.00000000,6.01917976,-1.86223468,-0.93000000,,中天科技
2026-06-12,600522,50.46000000,48.34000000,51.94000000,48.33000000,,3301235.00000000,7.46793546,-1.36706795,-0.67000000,,中天科技
2026-06-15,600522,49.71000000,51.09000000,51.21000000,46.62000000,,3099242.00000000,8.98414563,5.68887050,2.75000000,,中天科技
2026-06-16,600522,51.14000000,53.89000000,54.90000000,50.74000000,,3175822.00000000,7.71942847,5.48052456,2.80000000,,中天科技
2026-06-17,600522,52.39000000,54.65000000,56.06000000,52.37000000,,3096590.00000000,6.75205855,1.41028020,0.76000000,,中天科技
2026-06-18,600522,53.87000000,56.29000000,57.51000000,53.87000000,,2846263.00000000,6.46651270,3.00091491,1.64000000,,中天科技
2026-06-22,600522,58.12000000,59.37000000,60.92000000,57.31000000,,2993802.00000000,6.08051204,5.47166459,3.08000000,,中天科技
2026-06-23,600522,60.04000000,61.47000000,64.38000000,58.21000000,,3239779.00000000,10.03741663,3.53713997,2.10000000,,中天科技
2026-06-24,600522,59.74000000,61.65000000,63.73000000,59.54000000,,2991124.00000000,6.79643147,0.29282577,0.18000000,,中天科技
2026-06-25,600522,63.14000000,67.84000000,67.84000000,61.55000000,,3160833.00000000,9.27181604,10.04055150,6.19000000,,中天科技
2026-06-26,600522,65.40000000,61.03000000,66.22000000,61.03000000,,3954530.00000000,8.50401442,-10.03832547,-6.81000000,,中天科技
2026-06-29,600522,59.74000000,58.58000000,62.00000000,56.13000000,,3192123.00000000,10.02048481,-4.01441914,-2.45000000,,中天科技
2026-06-30,600522,59.55000000,60.42000000,61.24000000,57.79000000,,2517377.00000000,5.71002979,3.14100376,1.84000000,,中天科技
2026-07-01,600522,59.84000000,55.16000000,59.87000000,54.35000000,,3575366.00000000,10.00725163,-8.70572658,-5.26000000,,中天科技
2026-07-02,600522,52.39000000,51.32000000,54.05000000,50.34000000,,2791416.00000000,7.22915043,-6.96156635,-3.84000000,,中天科技
2026-07-03,600522,50.56000000,49.96000000,52.24000000,49.85000000,,2334801.00000000,4.78382706,-2.65003897,-1.36000000,,中天科技
