trade_date,ts_code,open,close,high,low,volume,amount,amplitude_pct,pct_change,price_change,turnover_rate,stock_name
2016-08-18,603986,1.34000000,2.35000000,2.35000000,1.34000000,,74.00000000,42.97872340,,,,兆易创新
2016-08-19,603986,2.96000000,2.96000000,2.96000000,2.96000000,,5.00000000,0.00000000,25.95744681,0.61000000,,兆易创新
2016-08-22,603986,3.63000000,3.63000000,3.63000000,3.63000000,,29.00000000,0.00000000,22.63513514,0.67000000,,兆易创新
2016-08-23,603986,4.37000000,4.37000000,4.37000000,4.37000000,,11.00000000,0.00000000,20.38567493,0.74000000,,兆易创新
2016-08-24,603986,5.19000000,5.19000000,5.19000000,5.19000000,,46.00000000,0.00000000,18.76430206,0.82000000,,兆易创新
2016-08-25,603986,6.08000000,6.08000000,6.08000000,6.08000000,,71.60000000,0.00000000,17.14836224,0.89000000,,兆易创新
2016-08-26,603986,7.06000000,7.06000000,7.06000000,7.06000000,,55.00000000,0.00000000,16.11842105,0.98000000,,兆易创新
2016-08-29,603986,8.14000000,8.14000000,8.14000000,8.14000000,,140.33000000,0.00000000,15.29745042,1.08000000,,兆易创新
2016-08-30,603986,9.33000000,9.33000000,9.33000000,9.33000000,,151.19000000,0.00000000,14.61916462,1.19000000,,兆易创新
2016-08-31,603986,10.64000000,10.64000000,10.64000000,10.64000000,,280.64000000,0.00000000,14.04072883,1.31000000,,兆易创新
2016-09-01,603986,12.08000000,12.08000000,12.08000000,12.08000000,,128.12000000,0.00000000,13.53383459,1.44000000,,兆易创新
2016-09-02,603986,13.66000000,13.66000000,13.66000000,13.66000000,,693.12000000,0.00000000,13.07947020,1.58000000,,兆易创新
2016-09-05,603986,15.40000000,15.40000000,15.40000000,15.40000000,,695.19000000,0.00000000,12.73792094,1.74000000,,兆易创新
2016-09-06,603986,17.32000000,17.32000000,17.32000000,17.32000000,,546.08000000,0.00000000,12.46753247,1.92000000,,兆易创新
2016-09-07,603986,19.43000000,19.43000000,19.43000000,19.43000000,,1366.28000000,0.00000000,12.18244804,2.11000000,,兆易创新
2016-09-08,603986,21.74000000,21.74000000,21.74000000,21.74000000,,1744.88000000,0.00000000,11.88883170,2.31000000,,兆易创新
2016-09-09,603986,24.29000000,24.29000000,24.29000000,24.29000000,,1811.92000000,0.00000000,11.72953082,2.55000000,,兆易创新
2016-09-12,603986,27.10000000,27.10000000,27.10000000,27.10000000,,48831.34000000,0.00000000,11.56854673,2.81000000,,兆易创新
2016-09-13,603986,29.74000000,27.47000000,29.74000000,26.92000000,,159508.37000000,10.26574445,1.36531365,0.37000000,,兆易创新
2016-09-14,603986,28.52000000,28.68000000,30.59000000,28.51000000,,104109.79000000,7.25244073,4.40480524,1.21000000,,兆易创新
2017-03-13,603986,31.92000000,31.92000000,31.92000000,31.92000000,,18118.83000000,0.00000000,11.29707113,3.24000000,,兆易创新
2017-03-14,603986,35.49000000,35.49000000,35.49000000,35.49000000,,1038.45000000,0.00000000,11.18421053,3.57000000,,兆易创新
2017-03-15,603986,39.42000000,39.42000000,39.42000000,38.16000000,,55196.37000000,3.19634703,11.07354184,3.93000000,,兆易创新
2017-03-16,603986,39.96000000,41.05000000,42.69000000,38.71000000,,89708.52000000,9.69549330,4.13495687,1.63000000,,兆易创新
2017-03-17,603986,40.62000000,37.21000000,40.81000000,36.57000000,,72410.95000000,11.39478635,-9.35444580,-3.84000000,,兆易创新
2017-03-20,603986,36.36000000,35.58000000,37.75000000,35.19000000,,38826.14000000,7.19505340,-4.38054286,-1.63000000,,兆易创新
2017-03-21,603986,35.77000000,35.80000000,37.15000000,35.61000000,,32910.57000000,4.30167598,0.61832490,0.22000000,,兆易创新
2017-03-22,603986,35.06000000,37.88000000,38.27000000,34.88000000,,46760.96000000,8.94931362,5.81005587,2.08000000,,兆易创新
2017-03-23,603986,37.89000000,33.74000000,38.26000000,33.72000000,,53918.41000000,13.45583877,-10.92925026,-4.14000000,,兆易创新
2017-03-24,603986,33.24000000,33.86000000,34.86000000,33.24000000,,26002.68000000,4.78440638,0.35566094,0.12000000,,兆易创新
2017-03-27,603986,34.64000000,35.51000000,37.61000000,34.33000000,,33096.87000000,9.23683469,4.87300650,1.65000000,,兆易创新
2017-03-28,603986,35.51000000,37.27000000,38.34000000,34.95000000,,38363.32000000,9.09578750,4.95635032,1.76000000,,兆易创新
2017-03-29,603986,36.51000000,35.46000000,36.52000000,34.29000000,,30157.80000000,6.28877609,-4.85645291,-1.81000000,,兆易创新
2017-03-30,603986,36.34000000,37.04000000,37.61000000,35.59000000,,30841.39000000,5.45356371,4.45572476,1.58000000,,兆易创新
2017-03-31,603986,36.34000000,34.53000000,37.22000000,33.97000000,,30518.86000000,9.41210542,-6.77645788,-2.51000000,,兆易创新
2017-04-05,603986,33.59000000,33.79000000,34.50000000,32.15000000,,23288.10000000,6.95472033,-2.14306400,-0.74000000,,兆易创新
2017-04-06,603986,34.06000000,34.44000000,34.66000000,33.24000000,,16007.67000000,4.12311266,1.92364605,0.65000000,,兆易创新
2017-04-07,603986,34.15000000,35.43000000,36.84000000,33.61000000,,23971.55000000,9.11656788,2.87456446,0.99000000,,兆易创新
2017-04-10,603986,34.79000000,33.43000000,35.06000000,32.15000000,,25789.83000000,8.70475621,-5.64493367,-2.00000000,,兆易创新
2017-04-12,603986,32.15000000,29.72000000,32.68000000,29.72000000,,34418.48000000,9.95962315,-11.09781633,-3.71000000,,兆易创新
2017-04-13,603986,29.03000000,28.96000000,30.27000000,28.59000000,,15312.94000000,5.80110497,-2.55720054,-0.76000000,,兆易创新
2017-04-14,603986,28.97000000,28.67000000,29.38000000,28.38000000,,8298.29000000,3.48796652,-1.00138122,-0.29000000,,兆易创新
2017-04-17,603986,26.32000000,28.78000000,28.88000000,26.32000000,,12460.05000000,8.89506602,0.38367632,0.11000000,,兆易创新
2017-04-18,603986,28.69000000,28.42000000,29.96000000,28.26000000,,7343.13000000,5.98170303,-1.25086866,-0.36000000,,兆易创新
2017-04-19,603986,28.68000000,29.32000000,29.51000000,27.47000000,,10861.05000000,6.95770805,3.16678395,0.90000000,,兆易创新
2017-04-20,603986,29.24000000,29.07000000,29.90000000,28.53000000,,9696.90000000,4.71276230,-0.85266030,-0.25000000,,兆易创新
2017-04-21,603986,29.59000000,28.12000000,29.59000000,27.75000000,,8258.21000000,6.54338549,-3.26797386,-0.95000000,,兆易创新
2017-04-24,603986,27.79000000,28.14000000,28.59000000,26.91000000,,6526.24000000,5.97014925,0.07112376,0.02000000,,兆易创新
2017-04-25,603986,28.14000000,28.06000000,28.68000000,27.85000000,,5847.56000000,2.95794726,-0.28429282,-0.08000000,,兆易创新
2017-04-26,603986,27.85000000,31.23000000,31.24000000,27.85000000,,19026.38000000,10.85494717,11.29722024,3.17000000,,兆易创新
2017-04-27,603986,31.07000000,31.78000000,32.33000000,29.81000000,,13527.21000000,7.92951542,1.76112712,0.55000000,,兆易创新
2017-04-28,603986,33.24000000,32.34000000,34.10000000,32.19000000,,20199.49000000,5.90599876,1.76211454,0.56000000,,兆易创新
2017-05-02,603986,32.69000000,32.43000000,33.15000000,31.98000000,,9176.09000000,3.60777058,0.27829314,0.09000000,,兆易创新
2017-05-03,603986,32.33000000,31.12000000,33.04000000,29.96000000,,12850.79000000,9.89717224,-4.03946963,-1.31000000,,兆易创新
2017-05-04,603986,31.07000000,30.76000000,31.24000000,30.45000000,,6440.12000000,2.56827048,-1.15681234,-0.36000000,,兆易创新
2017-05-05,603986,30.78000000,30.87000000,31.33000000,30.31000000,,7979.32000000,3.30417881,0.35760728,0.11000000,,兆易创新
2017-05-08,603986,30.65000000,31.55000000,32.51000000,30.51000000,,11881.75000000,6.33914422,2.20278588,0.68000000,,兆易创新
2017-05-09,603986,31.27000000,33.51000000,33.79000000,31.27000000,,17489.14000000,7.52014324,6.21236133,1.96000000,,兆易创新
2017-05-10,603986,33.34000000,33.00000000,34.72000000,32.55000000,,15196.38000000,6.57575758,-1.52193375,-0.51000000,,兆易创新
2017-05-11,603986,32.69000000,33.68000000,33.93000000,32.33000000,,11595.76000000,4.75059382,2.06060606,0.68000000,,兆易创新
2017-05-12,603986,33.70000000,31.72000000,33.96000000,30.78000000,,21548.71000000,10.02522068,-5.81947743,-1.96000000,,兆易创新
2017-05-15,603986,31.60000000,30.69000000,31.69000000,29.66000000,,13516.16000000,6.61453242,-3.24716267,-1.03000000,,兆易创新
2017-05-16,603986,31.02000000,32.50000000,32.58000000,30.05000000,,11184.38000000,7.78461538,5.89768654,1.81000000,,兆易创新
2017-05-17,603986,32.33000000,32.71000000,34.70000000,30.85000000,,18254.85000000,11.77010089,0.64615385,0.21000000,,兆易创新
2017-05-18,603986,32.37000000,32.57000000,33.23000000,31.97000000,,10786.91000000,3.86859073,-0.42800367,-0.14000000,,兆易创新
2017-05-19,603986,32.69000000,31.78000000,32.69000000,31.07000000,,11638.30000000,5.09754563,-2.42554498,-0.79000000,,兆易创新
2017-05-22,603986,31.98000000,30.91000000,32.71000000,30.83000000,,10275.24000000,6.08217405,-2.73757080,-0.87000000,,兆易创新
2017-05-23,603986,29.76000000,28.34000000,30.42000000,28.10000000,,30559.96000000,8.18630910,-8.31446134,-2.57000000,,兆易创新
2017-05-24,603986,28.05000000,28.82000000,29.29000000,27.84000000,,13039.79000000,5.03122831,1.69371912,0.48000000,,兆易创新
2017-05-25,603986,29.00000000,29.45000000,29.80000000,28.67000000,,15970.37000000,3.83701188,2.18598196,0.63000000,,兆易创新
2017-05-26,603986,29.27000000,28.63000000,29.51000000,28.16000000,,13441.19000000,4.71533357,-2.78438031,-0.82000000,,兆易创新
2017-05-31,603986,29.58000000,28.33000000,30.34000000,28.24000000,,24985.52000000,7.41263678,-1.04785190,-0.30000000,,兆易创新
2017-06-01,603986,28.22000000,28.17000000,29.42000000,28.05000000,,16070.90000000,4.86332978,-0.56477233,-0.16000000,,兆易创新
2017-06-02,603986,27.80000000,28.88000000,29.11000000,27.40000000,,16236.60000000,5.92105263,2.52041179,0.71000000,,兆易创新
2017-06-05,603986,29.26000000,29.24000000,30.29000000,29.15000000,,15527.37000000,3.89876881,1.24653740,0.36000000,,兆易创新
2017-06-06,603986,28.96000000,28.73000000,29.30000000,28.31000000,,15208.54000000,3.44587539,-1.74418605,-0.51000000,,兆易创新
2017-06-07,603986,28.85000000,29.73000000,29.98000000,28.85000000,,21267.00000000,3.80087454,3.48068221,1.00000000,,兆易创新
2017-06-08,603986,29.51000000,28.50000000,29.95000000,28.05000000,,22868.47000000,6.66666667,-4.13723512,-1.23000000,,兆易创新
2017-06-09,603986,28.37000000,28.69000000,29.06000000,28.08000000,,9073.95000000,3.41582433,0.66666667,0.19000000,,兆易创新
2017-06-12,603986,28.41000000,25.46000000,28.60000000,25.46000000,,46784.33000000,12.33307148,-11.25827815,-3.23000000,,兆易创新
2017-06-13,603986,25.14000000,25.48000000,25.68000000,24.04000000,,34331.76000000,6.43642072,0.07855460,0.02000000,,兆易创新
2017-06-14,603986,25.18000000,25.22000000,25.56000000,24.61000000,,18633.43000000,3.76685170,-1.02040816,-0.26000000,,兆易创新
2017-06-15,603986,24.88000000,26.48000000,26.85000000,24.88000000,,24109.57000000,7.43957704,4.99603489,1.26000000,,兆易创新
2017-06-16,603986,26.36000000,26.12000000,26.87000000,26.05000000,,12171.87000000,3.13935681,-1.35951662,-0.36000000,,兆易创新
2017-06-19,603986,26.45000000,26.51000000,26.92000000,26.20000000,,9836.04000000,2.71595624,1.49310873,0.39000000,,兆易创新
2017-06-20,603986,26.92000000,26.89000000,27.22000000,26.32000000,,14950.52000000,3.34696913,1.43342135,0.38000000,,兆易创新
2017-06-21,603986,26.89000000,26.68000000,27.03000000,26.48000000,,9355.18000000,2.06146927,-0.78095946,-0.21000000,,兆易创新
2017-06-22,603986,26.88000000,24.50000000,27.00000000,23.68000000,,32516.80000000,13.55102041,-8.17091454,-2.18000000,,兆易创新
2017-06-23,603986,24.36000000,24.53000000,24.72000000,23.75000000,,17562.24000000,3.95434162,0.12244898,0.03000000,,兆易创新
2017-06-26,603986,24.30000000,25.30000000,25.49000000,24.23000000,,21240.40000000,4.98023715,3.13901345,0.77000000,,兆易创新
2017-06-27,603986,25.15000000,25.03000000,25.50000000,24.93000000,,13470.57000000,2.27726728,-1.06719368,-0.27000000,,兆易创新
2017-06-28,603986,24.96000000,24.71000000,25.14000000,24.48000000,,8423.36000000,2.67098341,-1.27846584,-0.32000000,,兆易创新
2017-06-29,603986,24.77000000,24.84000000,25.47000000,24.63000000,,13331.66000000,3.38164251,0.52610279,0.13000000,,兆易创新
2017-06-30,603986,24.70000000,24.70000000,25.08000000,24.42000000,,13145.33000000,2.67206478,-0.56360709,-0.14000000,,兆易创新
2017-07-03,603986,24.77000000,26.98000000,27.32000000,24.65000000,,29531.58000000,9.89621942,9.23076923,2.28000000,,兆易创新
2017-07-04,603986,26.96000000,26.64000000,27.35000000,26.48000000,,13805.34000000,3.26576577,-1.26019274,-0.34000000,,兆易创新
2017-07-05,603986,26.78000000,26.85000000,27.16000000,26.42000000,,14905.42000000,2.75605214,0.78828829,0.21000000,,兆易创新
2017-07-06,603986,26.87000000,27.77000000,27.83000000,26.33000000,,25265.23000000,5.40151242,3.42644320,0.92000000,,兆易创新
2017-07-07,603986,27.73000000,29.66000000,30.09000000,27.42000000,,45517.64000000,9.00202293,6.80590565,1.89000000,,兆易创新
2017-07-10,603986,28.96000000,28.08000000,29.66000000,28.02000000,,24139.33000000,5.84045584,-5.32703978,-1.58000000,,兆易创新
2017-07-11,603986,27.73000000,27.99000000,28.50000000,27.43000000,,16073.46000000,3.82279385,-0.32051282,-0.09000000,,兆易创新
2017-07-12,603986,28.06000000,27.04000000,28.33000000,25.80000000,,20912.47000000,9.35650888,-3.39406931,-0.95000000,,兆易创新
2017-07-13,603986,26.80000000,26.58000000,27.53000000,26.32000000,,20617.08000000,4.55229496,-1.70118343,-0.46000000,,兆易创新
2017-07-14,603986,26.50000000,25.93000000,26.91000000,25.90000000,,17461.15000000,3.89510220,-2.44544771,-0.65000000,,兆易创新
2017-07-17,603986,25.29000000,23.60000000,25.63000000,23.38000000,,29903.28000000,9.53389831,-8.98573081,-2.33000000,,兆易创新
2017-07-18,603986,23.49000000,24.00000000,24.19000000,23.03000000,,14467.15000000,4.83333333,1.69491525,0.40000000,,兆易创新
2017-07-19,603986,23.32000000,23.11000000,23.86000000,21.23000000,,33752.26000000,11.38035482,-3.70833333,-0.89000000,,兆易创新
2017-07-20,603986,23.06000000,23.99000000,24.33000000,22.59000000,,22345.13000000,7.25302209,3.80787538,0.88000000,,兆易创新
2017-07-21,603986,24.31000000,24.31000000,25.05000000,24.02000000,,24487.82000000,4.23693953,1.33388912,0.32000000,,兆易创新
2017-07-24,603986,23.68000000,23.09000000,23.82000000,22.59000000,,23765.58000000,5.32698138,-5.01851090,-1.22000000,,兆易创新
2017-07-25,603986,23.13000000,22.63000000,23.21000000,22.15000000,,15879.21000000,4.68404772,-1.99220442,-0.46000000,,兆易创新
2017-07-26,603986,22.31000000,22.48000000,22.80000000,22.31000000,,8902.81000000,2.17971530,-0.66283694,-0.15000000,,兆易创新
2017-07-27,603986,22.42000000,23.04000000,23.45000000,22.25000000,,24443.07000000,5.20833333,2.49110320,0.56000000,,兆易创新
2017-07-28,603986,23.01000000,22.25000000,23.04000000,22.17000000,,22023.90000000,3.91011236,-3.42881944,-0.79000000,,兆易创新
2017-07-31,603986,22.26000000,22.26000000,22.35000000,21.42000000,,22438.54000000,4.17789757,0.04494382,0.01000000,,兆易创新
2017-08-01,603986,22.26000000,24.41000000,24.64000000,22.09000000,,32033.67000000,10.44653830,9.65858041,2.15000000,,兆易创新
2017-08-02,603986,24.04000000,23.91000000,25.90000000,23.68000000,,29318.33000000,9.28481807,-2.04834084,-0.50000000,,兆易创新
2017-08-03,603986,23.94000000,25.23000000,25.72000000,23.65000000,,29673.61000000,8.20451843,5.52070263,1.32000000,,兆易创新
2017-08-10,603986,22.34000000,22.34000000,22.34000000,22.34000000,,5504.00000000,0.00000000,-11.45461752,-2.89000000,,兆易创新
2017-08-11,603986,19.77000000,21.27000000,22.59000000,19.77000000,,68656.46000000,13.25811001,-4.78961504,-1.07000000,,兆易创新
2017-08-14,603986,20.95000000,21.88000000,22.09000000,20.25000000,,26434.79000000,8.40950640,2.86788905,0.61000000,,兆易创新
2017-08-15,603986,21.68000000,21.50000000,21.84000000,21.38000000,,10384.95000000,2.13953488,-1.73674589,-0.38000000,,兆易创新
2017-08-16,603986,21.37000000,21.69000000,22.14000000,21.21000000,,11406.36000000,4.28769018,0.88372093,0.19000000,,兆易创新
2017-08-17,603986,21.58000000,22.27000000,23.23000000,21.52000000,,15284.38000000,7.67849124,2.67404334,0.58000000,,兆易创新
2017-08-18,603986,22.04000000,21.91000000,23.64000000,21.55000000,,18657.05000000,9.53902328,-1.61652447,-0.36000000,,兆易创新
2017-08-21,603986,21.91000000,23.11000000,23.53000000,21.88000000,,30646.53000000,7.13976633,5.47695116,1.20000000,,兆易创新
2017-08-22,603986,23.10000000,23.63000000,24.15000000,22.99000000,,21884.32000000,4.90901397,2.25010818,0.52000000,,兆易创新
2017-08-23,603986,22.95000000,21.97000000,23.29000000,21.79000000,,35451.00000000,6.82749203,-7.02496826,-1.66000000,,兆易创新
2017-08-24,603986,22.40000000,21.81000000,22.40000000,21.71000000,,14193.30000000,3.16368638,-0.72826582,-0.16000000,,兆易创新
2017-08-25,603986,21.86000000,22.69000000,23.13000000,21.81000000,,22797.49000000,5.81754077,4.03484640,0.88000000,,兆易创新
2017-08-28,603986,23.86000000,25.32000000,25.32000000,23.86000000,,33735.43000000,5.76619273,11.59100926,2.63000000,,兆易创新
2017-08-29,603986,28.22000000,28.22000000,28.22000000,28.22000000,,21677.72000000,0.00000000,11.45339652,2.90000000,,兆易创新
2017-08-30,603986,29.51000000,29.73000000,30.09000000,28.06000000,,94464.75000000,6.82811974,5.35081502,1.51000000,,兆易创新
2017-08-31,603986,29.65000000,31.19000000,31.33000000,29.00000000,,60754.46000000,7.47034306,4.91086445,1.46000000,,兆易创新
2017-09-01,603986,30.93000000,32.24000000,33.64000000,30.52000000,,61481.98000000,9.67741935,3.36646361,1.05000000,,兆易创新
2017-09-04,603986,32.07000000,32.27000000,32.79000000,31.59000000,,36602.46000000,3.71862411,0.09305211,0.03000000,,兆易创新
2017-09-05,603986,32.38000000,32.31000000,33.48000000,31.82000000,,44637.85000000,5.13772826,0.12395414,0.04000000,,兆易创新
2017-09-06,603986,33.33000000,33.88000000,34.79000000,32.43000000,,54201.78000000,6.96576151,4.85917673,1.57000000,,兆易创新
2017-09-07,603986,33.49000000,35.25000000,37.09000000,33.48000000,,59677.86000000,10.24113475,4.04368359,1.37000000,,兆易创新
2017-09-08,603986,35.82000000,36.11000000,36.68000000,34.66000000,,35934.88000000,5.59401828,2.43971631,0.86000000,,兆易创新
2017-09-11,603986,35.56000000,36.22000000,37.48000000,35.56000000,,36541.25000000,5.30093871,0.30462476,0.11000000,,兆易创新
2017-09-12,603986,36.36000000,37.16000000,37.35000000,34.98000000,,48956.59000000,6.37782562,2.59525124,0.94000000,,兆易创新
2017-09-13,603986,37.40000000,41.24000000,41.24000000,36.44000000,,54418.48000000,11.63918526,10.97954790,4.08000000,,兆易创新
2017-09-14,603986,42.07000000,41.69000000,42.59000000,40.08000000,,52554.39000000,6.02062845,1.09117362,0.45000000,,兆易创新
2017-09-15,603986,41.62000000,38.62000000,41.86000000,38.26000000,,47274.28000000,9.32159503,-7.36387623,-3.07000000,,兆易创新
2017-09-18,603986,38.94000000,42.85000000,42.85000000,38.91000000,,56702.76000000,9.19486581,10.95287416,4.23000000,,兆易创新
2017-09-19,603986,42.63000000,41.51000000,43.35000000,41.09000000,,39104.51000000,5.44447121,-3.12718786,-1.34000000,,兆易创新
2017-09-20,603986,41.54000000,44.22000000,45.65000000,41.51000000,,50617.50000000,9.36227951,6.52854734,2.71000000,,兆易创新
2017-09-21,603986,45.18000000,43.69000000,45.18000000,42.56000000,,41957.58000000,5.99679561,-1.19855269,-0.53000000,,兆易创新
2017-09-22,603986,43.36000000,44.54000000,44.63000000,42.75000000,,29670.75000000,4.22092501,1.94552529,0.85000000,,兆易创新
2017-09-25,603986,43.78000000,42.04000000,44.37000000,41.90000000,,33536.80000000,5.87535680,-5.61293220,-2.50000000,,兆易创新
2017-09-26,603986,41.13000000,41.34000000,42.22000000,40.33000000,,33031.69000000,4.57184325,-1.66508088,-0.70000000,,兆易创新
2017-09-27,603986,41.56000000,41.84000000,42.55000000,40.44000000,,30965.56000000,5.04302103,1.20948234,0.50000000,,兆易创新
2017-09-28,603986,41.66000000,42.69000000,44.48000000,41.54000000,,32485.31000000,6.88685875,2.03154876,0.85000000,,兆易创新
2017-09-29,603986,43.36000000,43.82000000,44.69000000,42.63000000,,28091.30000000,4.70104975,2.64698993,1.13000000,,兆易创新
2017-10-09,603986,44.82000000,45.51000000,47.51000000,44.09000000,,38312.60000000,7.51483191,3.85668644,1.69000000,,兆易创新
2017-10-10,603986,45.72000000,45.88000000,46.12000000,44.80000000,,23456.83000000,2.87707062,0.81300813,0.37000000,,兆易创新
2017-10-11,603986,45.62000000,43.24000000,45.90000000,42.85000000,,29911.04000000,7.05365402,-5.75414124,-2.64000000,,兆易创新
2017-10-12,603986,43.72000000,43.40000000,44.26000000,42.08000000,,19865.18000000,5.02304147,0.37002775,0.16000000,,兆易创新
2017-10-13,603986,43.54000000,44.15000000,44.60000000,42.49000000,,18521.16000000,4.77916195,1.72811060,0.75000000,,兆易创新
2017-10-16,603986,43.75000000,43.40000000,45.00000000,42.85000000,,20787.64000000,4.95391705,-1.69875425,-0.75000000,,兆易创新
2017-10-17,603986,43.18000000,42.60000000,43.58000000,42.08000000,,17897.00000000,3.52112676,-1.84331797,-0.80000000,,兆易创新
2017-10-18,603986,42.68000000,42.43000000,43.91000000,41.97000000,,17769.59000000,4.57223663,-0.39906103,-0.17000000,,兆易创新
2017-10-19,603986,42.08000000,38.54000000,42.58000000,38.26000000,,41614.51000000,11.20913337,-9.16804148,-3.89000000,,兆易创新
2017-10-20,603986,38.54000000,39.64000000,40.43000000,38.26000000,,25728.58000000,5.47426842,2.85417748,1.10000000,,兆易创新
2017-10-23,603986,40.03000000,41.75000000,42.08000000,39.86000000,,26428.59000000,5.31736527,5.32290616,2.11000000,,兆易创新
2017-10-24,603986,41.78000000,41.40000000,42.00000000,40.08000000,,20101.81000000,4.63768116,-0.83832335,-0.35000000,,兆易创新
2017-10-25,603986,40.51000000,41.69000000,42.49000000,40.12000000,,20326.07000000,5.68481650,0.70048309,0.29000000,,兆易创新
2017-10-26,603986,41.72000000,45.31000000,45.51000000,41.72000000,,35492.40000000,8.36459943,8.68313744,3.62000000,,兆易创新
2017-10-27,603986,45.25000000,45.59000000,45.91000000,44.38000000,,27152.87000000,3.35599912,0.61796513,0.28000000,,兆易创新
2017-10-30,603986,50.52000000,50.52000000,50.52000000,50.52000000,,12550.35000000,0.00000000,10.81377495,4.93000000,,兆易创新
2017-10-31,603986,53.20000000,55.79000000,55.93000000,52.14000000,,76656.60000000,6.79333214,10.43151227,5.27000000,,兆易创新
2018-03-02,603986,51.01000000,51.62000000,59.92000000,51.01000000,,145709.51000000,17.26075165,-7.47445779,-4.17000000,,兆易创新
2018-03-05,603986,52.11000000,57.15000000,57.15000000,52.11000000,,110770.96000000,8.81889764,10.71290198,5.53000000,,兆易创新
2018-03-06,603986,58.72000000,60.90000000,63.19000000,58.67000000,,98206.38000000,7.42200328,6.56167979,3.75000000,,兆易创新
2018-03-07,603986,60.24000000,60.30000000,62.31000000,58.49000000,,68827.12000000,6.33499171,-0.98522167,-0.60000000,,兆易创新
2018-03-08,603986,60.64000000,59.32000000,61.54000000,58.49000000,,53614.68000000,5.14160486,-1.62520730,-0.98000000,,兆易创新
2018-03-09,603986,58.77000000,60.23000000,62.31000000,58.69000000,,69357.13000000,6.01029387,1.53405260,0.91000000,,兆易创新
2018-03-12,603986,60.85000000,66.61000000,66.61000000,60.31000000,,70974.94000000,9.45803933,10.59272788,6.38000000,,兆易创新
2018-03-13,603986,67.78000000,68.09000000,72.11000000,66.68000000,,76875.16000000,7.97473932,2.22188861,1.48000000,,兆易创新
2018-03-14,603986,68.83000000,66.57000000,69.96000000,65.23000000,,60303.73000000,7.10530269,-2.23233955,-1.52000000,,兆易创新
2018-03-15,603986,66.06000000,69.11000000,69.23000000,65.99000000,,56455.99000000,4.68817827,3.81553252,2.54000000,,兆易创新
2018-03-16,603986,69.60000000,65.59000000,70.93000000,63.83000000,,69728.48000000,10.82482086,-5.09332947,-3.52000000,,兆易创新
2018-03-19,603986,64.86000000,70.90000000,71.97000000,64.74000000,,72845.26000000,10.19746121,8.09574630,5.31000000,,兆易创新
2018-03-20,603986,70.35000000,70.19000000,71.97000000,69.28000000,,38589.22000000,3.83245477,-1.00141044,-0.71000000,,兆易创新
2018-03-21,603986,70.45000000,66.89000000,70.81000000,65.99000000,,57409.73000000,7.20586037,-4.70152443,-3.30000000,,兆易创新
2018-03-22,603986,66.88000000,62.72000000,67.52000000,62.24000000,,68626.30000000,8.41836735,-6.23411571,-4.17000000,,兆易创新
2018-03-23,603986,59.39000000,60.90000000,63.59000000,58.67000000,,79044.98000000,8.07881773,-2.90178571,-1.82000000,,兆易创新
2018-03-26,603986,62.78000000,65.20000000,66.60000000,62.24000000,,64648.64000000,6.68711656,7.06075534,4.30000000,,兆易创新
2018-03-27,603986,66.23000000,67.74000000,68.53000000,64.13000000,,72032.34000000,6.49542368,3.89570552,2.54000000,,兆易创新
2018-03-28,603986,66.36000000,67.35000000,70.97000000,66.36000000,,54424.22000000,6.84484039,-0.57573074,-0.39000000,,兆易创新
2018-03-29,603986,68.14000000,65.91000000,69.20000000,62.97000000,,53475.80000000,9.45228342,-2.13808463,-1.44000000,,兆易创新
2018-03-30,603986,65.98000000,68.07000000,68.71000000,65.04000000,,62450.04000000,5.39150874,3.27719618,2.16000000,,兆易创新
2018-04-02,603986,69.23000000,72.13000000,74.94000000,68.72000000,,88466.93000000,8.62331901,5.96444836,4.06000000,,兆易创新
2018-04-03,603986,71.06000000,72.45000000,73.53000000,68.75000000,,56839.28000000,6.59765355,0.44364342,0.32000000,,兆易创新
2018-04-04,603986,72.15000000,69.18000000,72.69000000,69.02000000,,44850.00000000,5.30500145,-4.51345756,-3.27000000,,兆易创新
2018-04-09,603986,69.18000000,67.51000000,69.92000000,65.96000000,,37669.80000000,5.86579766,-2.41399248,-1.67000000,,兆易创新
2018-04-10,603986,67.04000000,66.02000000,67.41000000,63.56000000,,47265.08000000,5.83156619,-2.20708043,-1.49000000,,兆易创新
2018-04-11,603986,65.94000000,66.11000000,68.14000000,65.21000000,,25879.86000000,4.43200726,0.13632233,0.09000000,,兆易创新
2018-04-12,603986,65.59000000,62.31000000,66.88000000,61.98000000,,44538.29000000,7.86390628,-5.74799576,-3.80000000,,兆易创新
2018-04-13,603986,63.05000000,64.47000000,65.74000000,62.19000000,,42562.44000000,5.50643710,3.46653828,2.16000000,,兆易创新
2018-04-16,603986,63.40000000,64.75000000,66.50000000,62.13000000,,50930.57000000,6.74903475,0.43431053,0.28000000,,兆易创新
2018-04-17,603986,66.68000000,61.28000000,68.94000000,60.99000000,,79371.09000000,12.97323760,-5.35907336,-3.47000000,,兆易创新
2018-04-18,603986,62.31000000,67.77000000,67.77000000,61.18000000,,89127.64000000,9.72406670,10.59073107,6.49000000,,兆易创新
2018-04-19,603986,68.87000000,68.10000000,71.68000000,67.59000000,,85891.57000000,6.00587372,0.48694112,0.33000000,,兆易创新
2018-04-20,603986,67.41000000,71.19000000,72.84000000,67.32000000,,89249.80000000,7.75389802,4.53744493,3.09000000,,兆易创新
2018-04-23,603986,71.06000000,66.94000000,71.24000000,66.40000000,,65913.56000000,7.23035554,-5.96993960,-4.25000000,,兆易创新
2018-04-24,603986,65.95000000,68.92000000,69.05000000,63.77000000,,51073.64000000,7.66105630,2.95787272,1.98000000,,兆易创新
2018-04-25,603986,67.61000000,65.43000000,68.51000000,64.45000000,,57972.89000000,6.20510469,-5.06384214,-3.49000000,,兆易创新
2018-04-26,603986,65.11000000,62.39000000,66.79000000,62.09000000,,59116.82000000,7.53325854,-4.64618676,-3.04000000,,兆易创新
2018-04-27,603986,64.02000000,59.97000000,64.02000000,57.94000000,,68095.31000000,10.13840253,-3.87882674,-2.42000000,,兆易创新
2018-05-02,603986,59.83000000,59.93000000,62.07000000,58.85000000,,43898.37000000,5.37293509,-0.06670002,-0.04000000,,兆易创新
2018-05-03,603986,57.21000000,57.61000000,57.94000000,53.60000000,,73359.45000000,7.53341434,-3.87118305,-2.32000000,,兆易创新
2018-05-04,603986,56.84000000,59.46000000,60.65000000,56.36000000,,49898.69000000,7.21493441,3.21124805,1.85000000,,兆易创新
2018-05-07,603986,59.10000000,59.43000000,60.61000000,58.26000000,,31106.85000000,3.95423187,-0.05045409,-0.03000000,,兆易创新
2018-05-08,603986,59.76000000,59.39000000,61.28000000,58.30000000,,30652.18000000,5.01767974,-0.06730607,-0.04000000,,兆易创新
2018-05-09,603986,58.74000000,59.29000000,60.84000000,58.68000000,,29415.84000000,3.64311014,-0.16837851,-0.10000000,,兆易创新
2018-05-10,603986,59.01000000,57.18000000,59.39000000,56.53000000,,34750.41000000,5.00174886,-3.55877888,-2.11000000,,兆易创新
2018-05-11,603986,57.12000000,56.50000000,57.50000000,55.24000000,,29892.89000000,4.00000000,-1.18922700,-0.68000000,,兆易创新
2018-05-14,603986,55.39000000,55.28000000,57.32000000,54.73000000,,29229.36000000,4.68523878,-2.15929204,-1.22000000,,兆易创新
2018-05-15,603986,55.35000000,56.07000000,56.24000000,53.75000000,,40733.99000000,4.44087747,1.42908828,0.79000000,,兆易创新
2018-05-16,603986,55.75000000,58.04000000,60.22000000,55.46000000,,56050.69000000,8.20124052,3.51346531,1.97000000,,兆易创新
2018-05-17,603986,58.33000000,58.50000000,59.57000000,57.23000000,,27479.77000000,4.00000000,0.79255686,0.46000000,,兆易创新
2018-05-18,603986,58.48000000,57.41000000,59.01000000,56.30000000,,22562.26000000,4.72043198,-1.86324786,-1.09000000,,兆易创新
2018-05-21,603986,57.10000000,63.51000000,63.51000000,57.10000000,,69718.18000000,10.09289876,10.62532660,6.10000000,,兆易创新
2018-05-22,603986,62.31000000,62.24000000,63.58000000,61.46000000,,52888.37000000,3.40616967,-1.99968509,-1.27000000,,兆易创新
2018-05-23,603986,62.10000000,61.93000000,63.62000000,61.70000000,,53406.39000000,3.10027450,-0.49807198,-0.31000000,,兆易创新
2018-05-24,603986,61.82000000,59.36000000,62.31000000,59.25000000,,45045.75000000,5.15498652,-4.14984660,-2.57000000,,兆易创新
2018-05-25,603986,59.35000000,58.05000000,60.52000000,57.79000000,,40165.10000000,4.70284238,-2.20687332,-1.31000000,,兆易创新
2018-05-28,603986,57.88000000,55.67000000,58.72000000,55.57000000,,41942.19000000,5.65834381,-4.09991387,-2.38000000,,兆易创新
2018-05-29,603986,56.18000000,54.25000000,56.86000000,53.89000000,,46114.09000000,5.47465438,-2.55074546,-1.42000000,,兆易创新
2018-05-30,603986,53.22000000,52.47000000,55.89000000,51.87000000,,55036.00000000,7.66152087,-3.28110599,-1.78000000,,兆易创新
2018-05-31,603986,52.97000000,51.82000000,53.53000000,49.86000000,,53631.98000000,7.08220764,-1.23880313,-0.65000000,,兆易创新
2018-06-01,603986,51.54000000,49.64000000,52.61000000,49.12000000,,57959.39000000,7.03062047,-4.20686993,-2.18000000,,兆易创新
2018-06-04,603986,50.51000000,50.54000000,51.76000000,49.45000000,,54235.25000000,4.57063712,1.81305399,0.90000000,,兆易创新
2018-06-05,603986,50.88000000,53.47000000,53.89000000,50.16000000,,58946.40000000,6.97587432,5.79738821,2.93000000,,兆易创新
2018-06-06,603986,53.12000000,53.17000000,53.94000000,52.45000000,,46393.68000000,2.80233214,-0.56106228,-0.30000000,,兆易创新
2018-06-07,603986,53.79000000,51.76000000,53.89000000,51.30000000,,34867.59000000,5.00386399,-2.65187136,-1.41000000,,兆易创新
2018-06-08,603986,51.08000000,49.91000000,51.64000000,49.31000000,,48879.01000000,4.66840313,-3.57418856,-1.85000000,,兆易创新
2018-06-11,603986,49.49000000,47.64000000,49.53000000,47.51000000,,48517.80000000,4.24013434,-4.54818674,-2.27000000,,兆易创新
2018-06-12,603986,47.64000000,47.51000000,48.28000000,45.90000000,,59427.49000000,5.00947169,-0.27287993,-0.13000000,,兆易创新
2018-06-13,603986,47.77000000,49.47000000,50.91000000,47.26000000,,70409.07000000,7.37820902,4.12544727,1.96000000,,兆易创新
2018-06-14,603986,48.90000000,49.51000000,50.55000000,48.12000000,,46350.63000000,4.90809937,0.08085709,0.04000000,,兆易创新
2018-06-15,603986,49.42000000,50.00000000,50.41000000,48.02000000,,42416.43000000,4.78000000,0.98969905,0.49000000,,兆易创新
2018-06-19,603986,49.31000000,48.12000000,52.47000000,45.25000000,,72962.84000000,15.00415628,-3.76000000,-1.88000000,,兆易创新
2018-06-20,603986,47.26000000,47.64000000,49.04000000,45.73000000,,53303.97000000,6.94794291,-0.99750623,-0.48000000,,兆易创新
2018-06-21,603986,46.86000000,42.70000000,47.50000000,42.62000000,,65558.36000000,11.42857143,-10.36943745,-4.94000000,,兆易创新
2018-06-22,603986,41.99000000,43.39000000,44.35000000,41.39000000,,48638.64000000,6.82184835,1.61592506,0.69000000,,兆易创新
2018-06-25,603986,43.99000000,42.85000000,44.35000000,42.54000000,,35176.00000000,4.22403734,-1.24452639,-0.54000000,,兆易创新
2018-06-26,603986,41.91000000,46.31000000,47.49000000,41.75000000,,84571.55000000,12.39473116,8.07467911,3.46000000,,兆易创新
2018-06-27,603986,46.75000000,48.03000000,49.01000000,46.75000000,,87429.20000000,4.70539246,3.71410063,1.72000000,,兆易创新
2018-06-28,603986,48.01000000,46.85000000,49.30000000,46.75000000,,50091.03000000,5.44290288,-2.45679783,-1.18000000,,兆易创新
2018-06-29,603986,47.51000000,51.86000000,51.88000000,47.16000000,,87361.88000000,9.10142692,10.69370331,5.01000000,,兆易创新
2018-07-02,603986,51.54000000,51.35000000,52.36000000,50.02000000,,68524.46000000,4.55696203,-0.98341689,-0.51000000,,兆易创新
2018-07-03,603986,51.18000000,54.23000000,55.93000000,50.26000000,,95200.38000000,10.45546745,5.60856865,2.88000000,,兆易创新
2018-07-04,603986,53.70000000,52.24000000,54.64000000,51.49000000,,74946.67000000,6.02986217,-3.66955560,-1.99000000,,兆易创新
2018-07-05,603986,51.43000000,48.81000000,52.04000000,48.76000000,,82769.08000000,6.71993444,-6.56584992,-3.43000000,,兆易创新
2018-07-06,603986,48.57000000,49.24000000,52.05000000,48.57000000,,87825.63000000,7.06742486,0.88096701,0.43000000,,兆易创新
2018-07-09,603986,49.30000000,49.85000000,50.57000000,48.81000000,,59208.30000000,3.53059178,1.23883022,0.61000000,,兆易创新
2018-07-10,603986,49.49000000,48.95000000,50.37000000,47.77000000,,62521.91000000,5.31154239,-1.80541625,-0.90000000,,兆易创新
2018-07-11,603986,47.51000000,48.00000000,49.13000000,46.60000000,,61550.12000000,5.27083333,-1.94075587,-0.95000000,,兆易创新
2018-07-12,603986,48.33000000,52.18000000,53.12000000,48.28000000,,108902.74000000,9.27558452,8.70833333,4.18000000,,兆易创新
2018-07-13,603986,51.62000000,55.77000000,56.70000000,51.34000000,,113688.21000000,9.61090192,6.88003066,3.59000000,,兆易创新
2018-07-16,603986,55.98000000,56.21000000,57.61000000,54.73000000,,70410.01000000,5.12364348,0.78895464,0.44000000,,兆易创新
2018-07-17,603986,56.76000000,57.50000000,58.73000000,55.62000000,,79396.68000000,5.40869565,2.29496531,1.29000000,,兆易创新
2018-07-18,603986,58.79000000,56.17000000,60.26000000,56.10000000,,74815.18000000,7.40608866,-2.31304348,-1.33000000,,兆易创新
2018-07-19,603986,55.62000000,55.68000000,56.86000000,54.67000000,,52554.55000000,3.93318966,-0.87235179,-0.49000000,,兆易创新
2018-07-20,603986,56.13000000,57.23000000,58.41000000,54.72000000,,61749.80000000,6.44766731,2.78376437,1.55000000,,兆易创新
2018-07-23,603986,58.17000000,61.92000000,62.39000000,57.72000000,,90555.01000000,7.54198966,8.19500262,4.69000000,,兆易创新
2018-07-24,603986,60.52000000,60.98000000,61.64000000,59.50000000,,70360.11000000,3.50934733,-1.51808786,-0.94000000,,兆易创新
2018-07-25,603986,60.32000000,60.94000000,62.55000000,60.32000000,,47516.83000000,3.65933705,-0.06559528,-0.04000000,,兆易创新
2018-07-26,603986,60.27000000,56.53000000,60.57000000,54.65000000,,87268.35000000,10.47231558,-7.23662619,-4.41000000,,兆易创新
2018-07-27,603986,56.18000000,56.85000000,57.51000000,55.42000000,,34463.32000000,3.67634125,0.56607111,0.32000000,,兆易创新
2018-07-30,603986,56.82000000,54.42000000,56.98000000,53.76000000,,46129.27000000,5.91694230,-4.27440633,-2.43000000,,兆易创新
2018-07-31,603986,54.78000000,55.13000000,55.52000000,54.14000000,,30209.28000000,2.50317432,1.30466740,0.71000000,,兆易创新
2018-08-01,603986,55.70000000,57.04000000,60.01000000,55.70000000,,85459.99000000,7.55610098,3.46453836,1.91000000,,兆易创新
2018-08-02,603986,57.21000000,57.97000000,58.93000000,54.85000000,,68918.06000000,7.03812317,1.63043478,0.93000000,,兆易创新
2018-08-03,603986,55.43000000,51.95000000,56.54000000,51.90000000,,78511.68000000,8.93166506,-10.38468173,-6.02000000,,兆易创新
2018-08-06,603986,50.57000000,49.90000000,51.66000000,48.99000000,,44750.11000000,5.35070140,-3.94610202,-2.05000000,,兆易创新
2018-08-07,603986,50.09000000,51.12000000,51.25000000,47.52000000,,58596.84000000,7.29655712,2.44488978,1.22000000,,兆易创新
2018-08-08,603986,50.52000000,47.22000000,51.03000000,46.74000000,,48916.05000000,9.08513342,-7.62910798,-3.90000000,,兆易创新
2018-08-09,603986,46.86000000,50.98000000,51.65000000,46.58000000,,72492.73000000,9.94507650,7.96272766,3.76000000,,兆易创新
2018-08-10,603986,50.93000000,53.21000000,53.89000000,50.59000000,,61559.32000000,6.20184176,4.37426442,2.23000000,,兆易创新
2018-08-13,603986,52.44000000,54.98000000,55.31000000,51.94000000,,61479.02000000,6.12950164,3.32644240,1.77000000,,兆易创新
2018-08-14,603986,54.31000000,52.08000000,54.76000000,51.01000000,,64963.62000000,7.20046083,-5.27464533,-2.90000000,,兆易创新
2018-08-15,603986,51.65000000,50.01000000,52.58000000,49.55000000,,53104.09000000,6.05878824,-3.97465438,-2.07000000,,兆易创新
2018-08-16,603986,48.52000000,48.98000000,51.03000000,47.77000000,,48999.27000000,6.65577787,-2.05958808,-1.03000000,,兆易创新
2018-08-17,603986,50.01000000,48.93000000,50.50000000,48.09000000,,36492.29000000,4.92540364,-0.10208248,-0.05000000,,兆易创新
2018-08-20,603986,48.47000000,50.04000000,50.04000000,47.32000000,,41074.95000000,5.43565148,2.26854690,1.11000000,,兆易创新
2018-08-21,603986,49.80000000,50.52000000,51.17000000,48.68000000,,44782.46000000,4.92874109,0.95923261,0.48000000,,兆易创新
2018-08-22,603986,50.00000000,49.33000000,50.98000000,48.83000000,,36531.16000000,4.35840259,-2.35550277,-1.19000000,,兆易创新
2018-08-23,603986,49.04000000,51.45000000,51.80000000,48.85000000,,63505.91000000,5.73372206,4.29758767,2.12000000,,兆易创新
2018-08-24,603986,50.98000000,53.68000000,54.49000000,50.98000000,,78475.71000000,6.53874814,4.33430515,2.23000000,,兆易创新
2018-08-27,603986,52.61000000,54.65000000,56.18000000,52.61000000,,76857.53000000,6.53247941,1.80700447,0.97000000,,兆易创新
2018-08-28,603986,54.76000000,55.04000000,55.78000000,54.29000000,,35850.41000000,2.70712209,0.71363220,0.39000000,,兆易创新
2018-08-29,603986,54.76000000,55.14000000,55.42000000,54.27000000,,33275.33000000,2.08560029,0.18168605,0.10000000,,兆易创新
2018-08-30,603986,55.16000000,52.87000000,55.40000000,52.66000000,,47525.42000000,5.18252317,-4.11679362,-2.27000000,,兆易创新
2018-08-31,603986,52.93000000,52.27000000,53.50000000,52.26000000,,31148.61000000,2.37229769,-1.13485909,-0.60000000,,兆易创新
2018-09-03,603986,52.05000000,52.61000000,52.78000000,49.50000000,,44439.71000000,6.23455617,0.65046872,0.34000000,,兆易创新
2018-09-04,603986,52.65000000,53.68000000,54.38000000,51.62000000,,50046.43000000,5.14157973,2.03383387,1.07000000,,兆易创新
2018-09-05,603986,53.18000000,51.39000000,53.82000000,51.38000000,,42405.03000000,4.74800545,-4.26602086,-2.29000000,,兆易创新
2018-09-06,603986,50.98000000,51.45000000,52.66000000,50.22000000,,37821.32000000,4.74246842,0.11675423,0.06000000,,兆易创新
2018-09-07,603986,51.21000000,48.83000000,52.43000000,47.51000000,,68345.57000000,10.07577309,-5.09232264,-2.62000000,,兆易创新
2018-09-10,603986,48.36000000,44.53000000,48.36000000,43.90000000,,89898.71000000,10.01571974,-8.80606185,-4.30000000,,兆易创新
2018-09-11,603986,44.95000000,43.83000000,45.22000000,42.86000000,,62814.07000000,5.38443988,-1.57197395,-0.70000000,,兆易创新
2018-09-12,603986,43.82000000,44.09000000,44.96000000,43.17000000,,40831.64000000,4.05987752,0.59320100,0.26000000,,兆易创新
2018-09-13,603986,44.86000000,42.36000000,45.04000000,40.10000000,,80223.52000000,11.66194523,-3.92379224,-1.73000000,,兆易创新
2018-09-14,603986,42.87000000,41.29000000,42.97000000,40.88000000,,45966.92000000,5.06175829,-2.52596789,-1.07000000,,兆易创新
2018-09-17,603986,40.91000000,39.83000000,41.32000000,39.76000000,,42671.30000000,3.91664574,-3.53596512,-1.46000000,,兆易创新
2018-09-18,603986,39.59000000,40.98000000,41.04000000,39.55000000,,43272.06000000,3.63591996,2.88727090,1.15000000,,兆易创新
2018-09-19,603986,40.82000000,42.59000000,43.86000000,40.08000000,,74439.58000000,8.87532285,3.92874573,1.61000000,,兆易创新
2018-09-20,603986,42.40000000,41.88000000,42.92000000,41.70000000,,36163.25000000,2.91308500,-1.66705799,-0.71000000,,兆易创新
2018-09-21,603986,42.15000000,41.75000000,42.20000000,39.60000000,,69889.60000000,6.22754491,-0.31041070,-0.13000000,,兆易创新
2018-09-25,603986,41.14000000,42.15000000,43.01000000,40.81000000,,48382.22000000,5.21945433,0.95808383,0.40000000,,兆易创新
2018-09-26,603986,41.92000000,42.85000000,43.68000000,41.68000000,,48600.55000000,4.66744457,1.66073547,0.70000000,,兆易创新
2018-09-27,603986,42.72000000,41.64000000,43.32000000,41.47000000,,39065.40000000,4.44284342,-2.82380397,-1.21000000,,兆易创新
2018-09-28,603986,41.78000000,41.76000000,42.06000000,40.62000000,,37350.95000000,3.44827586,0.28818444,0.12000000,,兆易创新
2018-10-08,603986,39.86000000,37.24000000,39.86000000,37.24000000,,50652.59000000,7.03544576,-10.82375479,-4.52000000,,兆易创新
2018-10-09,603986,35.83000000,34.48000000,36.67000000,33.42000000,,91680.72000000,9.42575406,-7.41138561,-2.76000000,,兆易创新
2018-10-10,603986,34.27000000,34.87000000,36.11000000,33.74000000,,57379.14000000,6.79667336,1.13109049,0.39000000,,兆易创新
2018-10-11,603986,32.21000000,31.70000000,33.89000000,31.07000000,,72268.35000000,8.89589905,-9.09090909,-3.17000000,,兆易创新
2018-10-12,603986,31.77000000,33.05000000,33.53000000,30.74000000,,66602.13000000,8.44175492,4.25867508,1.35000000,,兆易创新
2018-10-15,603986,32.82000000,33.26000000,34.40000000,32.79000000,,47901.31000000,4.84064943,0.63540091,0.21000000,,兆易创新
2018-10-16,603986,33.20000000,31.85000000,34.20000000,31.35000000,,47402.26000000,8.94819466,-4.23932652,-1.41000000,,兆易创新
2018-10-17,603986,33.23000000,32.96000000,33.48000000,31.45000000,,60218.01000000,6.15898058,3.48508634,1.11000000,,兆易创新
2018-10-18,603986,32.96000000,31.82000000,32.97000000,31.26000000,,37877.29000000,5.37397863,-3.45873786,-1.14000000,,兆易创新
2018-10-19,603986,30.81000000,32.51000000,32.87000000,29.90000000,,78164.24000000,9.13565057,2.16844752,0.69000000,,兆易创新
2018-10-22,603986,32.87000000,35.29000000,35.87000000,32.64000000,,78597.12000000,9.15273449,8.55121501,2.78000000,,兆易创新
2018-10-23,603986,34.86000000,32.91000000,34.98000000,32.50000000,,63519.38000000,7.53570343,-6.74412015,-2.38000000,,兆易创新
2018-10-24,603986,33.10000000,31.66000000,33.42000000,31.39000000,,60518.51000000,6.41187618,-3.79823762,-1.25000000,,兆易创新
2018-11-01,603986,32.72000000,30.91000000,32.97000000,28.86000000,,117148.43000000,13.29666775,-2.36891977,-0.75000000,,兆易创新
2018-11-02,603986,32.05000000,33.83000000,34.25000000,31.59000000,,113247.85000000,7.86284363,9.44678098,2.92000000,,兆易创新
2018-11-05,603986,33.30000000,32.85000000,34.00000000,32.04000000,,85540.06000000,5.96651446,-2.89683713,-0.98000000,,兆易创新
2018-11-06,603986,32.40000000,31.32000000,32.56000000,30.09000000,,93847.59000000,7.88633461,-4.65753425,-1.53000000,,兆易创新
2018-11-07,603986,31.18000000,31.51000000,32.46000000,30.95000000,,80119.18000000,4.79212948,0.60664112,0.19000000,,兆易创新
2018-11-08,603986,32.10000000,30.61000000,32.15000000,30.46000000,,59106.16000000,5.52107155,-2.85623612,-0.90000000,,兆易创新
2018-11-09,603986,30.12000000,30.22000000,31.10000000,29.95000000,,45925.75000000,3.80542687,-1.27409343,-0.39000000,,兆易创新
2018-11-12,603986,30.22000000,31.24000000,31.39000000,30.19000000,,53995.20000000,3.84122919,3.37524818,1.02000000,,兆易创新
2018-11-13,603986,30.67000000,31.12000000,31.41000000,30.47000000,,69112.36000000,3.02056555,-0.38412292,-0.12000000,,兆易创新
2018-11-14,603986,31.67000000,34.24000000,34.59000000,31.44000000,,172168.95000000,9.19976636,10.02570694,3.12000000,,兆易创新
2018-11-15,603986,34.25000000,34.58000000,35.27000000,33.74000000,,120851.37000000,4.42452285,0.99299065,0.34000000,,兆易创新
2018-11-16,603986,35.01000000,36.73000000,37.51000000,34.76000000,,124423.30000000,7.48706779,6.21746674,2.15000000,,兆易创新
2018-11-19,603986,35.38000000,37.33000000,39.23000000,35.27000000,,109747.21000000,10.60809001,1.63354206,0.60000000,,兆易创新
2018-11-20,603986,36.97000000,35.69000000,37.08000000,35.46000000,,98831.02000000,4.53908658,-4.39324940,-1.64000000,,兆易创新
2018-11-21,603986,34.30000000,35.76000000,35.77000000,34.30000000,,64963.87000000,4.11073826,0.19613337,0.07000000,,兆易创新
2018-11-22,603986,36.35000000,34.78000000,36.68000000,34.58000000,,73062.25000000,6.03795285,-2.74049217,-0.98000000,,兆易创新
2018-11-23,603986,35.02000000,33.64000000,35.57000000,33.56000000,,74010.64000000,5.97502973,-3.27774583,-1.14000000,,兆易创新
2018-11-26,603986,33.74000000,33.27000000,34.38000000,33.01000000,,42292.38000000,4.11782387,-1.09988109,-0.37000000,,兆易创新
2018-11-27,603986,33.81000000,34.23000000,34.48000000,33.42000000,,52176.99000000,3.09669880,2.88548242,0.96000000,,兆易创新
2018-11-28,603986,34.23000000,34.99000000,35.42000000,33.99000000,,58250.61000000,4.08688197,2.22027461,0.76000000,,兆易创新
2018-11-29,603986,35.68000000,34.20000000,36.46000000,34.18000000,,73060.21000000,6.66666667,-2.25778794,-0.79000000,,兆易创新
2018-11-30,603986,33.74000000,34.93000000,35.35000000,33.42000000,,54158.88000000,5.52533639,2.13450292,0.73000000,,兆易创新
2018-12-03,603986,36.54000000,37.03000000,37.66000000,35.89000000,,90082.92000000,4.77990818,6.01202405,2.10000000,,兆易创新
2018-12-04,603986,36.80000000,36.72000000,37.43000000,36.57000000,,45471.54000000,2.34204793,-0.83715906,-0.31000000,,兆易创新
2018-12-05,603986,35.61000000,36.00000000,36.53000000,35.32000000,,43577.63000000,3.36111111,-1.96078431,-0.72000000,,兆易创新
2018-12-06,603986,35.56000000,34.86000000,35.56000000,34.59000000,,54394.31000000,2.78255881,-3.16666667,-1.14000000,,兆易创新
2018-12-07,603986,35.27000000,35.53000000,36.06000000,35.16000000,,39639.41000000,2.53307064,1.92197361,0.67000000,,兆易创新
2018-12-10,603986,35.31000000,35.62000000,35.91000000,35.10000000,,26133.88000000,2.27400337,0.25330706,0.09000000,,兆易创新
2018-12-11,603986,35.62000000,35.84000000,36.12000000,35.59000000,,24389.63000000,1.47879464,0.61763054,0.22000000,,兆易创新
2018-12-12,603986,36.17000000,33.24000000,36.28000000,33.23000000,,77529.73000000,9.17569194,-7.25446429,-2.60000000,,兆易创新
2018-12-13,603986,33.49000000,33.64000000,33.94000000,33.14000000,,49241.53000000,2.37812128,1.20336943,0.40000000,,兆易创新
2018-12-14,603986,33.68000000,32.47000000,33.96000000,32.30000000,,51276.98000000,5.11241146,-3.47800238,-1.17000000,,兆易创新
2018-12-17,603986,32.62000000,31.82000000,32.84000000,30.92000000,,47417.84000000,6.03394092,-2.00184786,-0.65000000,,兆易创新
2018-12-18,603986,31.55000000,31.44000000,32.30000000,31.02000000,,32588.41000000,4.07124682,-1.19421747,-0.38000000,,兆易创新
2018-12-19,603986,31.54000000,31.02000000,31.79000000,30.83000000,,27741.05000000,3.09477756,-1.33587786,-0.42000000,,兆易创新
2018-12-20,603986,31.18000000,31.24000000,31.44000000,30.83000000,,26363.38000000,1.95262484,0.70921986,0.22000000,,兆易创新
2018-12-21,603986,31.16000000,30.66000000,31.22000000,29.89000000,,37150.40000000,4.33789954,-1.85659411,-0.58000000,,兆易创新
2018-12-24,603986,30.42000000,30.99000000,31.13000000,30.20000000,,25660.54000000,3.00096805,1.07632094,0.33000000,,兆易创新
2018-12-25,603986,30.49000000,30.57000000,30.66000000,29.26000000,,41495.45000000,4.57965325,-1.35527590,-0.42000000,,兆易创新
2018-12-26,603986,30.57000000,29.65000000,31.02000000,29.60000000,,45374.06000000,4.78920742,-3.00948642,-0.92000000,,兆易创新
2018-12-27,603986,30.37000000,28.28000000,30.47000000,28.12000000,,57670.62000000,8.30975955,-4.62057336,-1.37000000,,兆易创新
2018-12-28,603986,28.28000000,28.29000000,28.64000000,27.37000000,,47706.22000000,4.48921881,0.03536068,0.01000000,,兆易创新
2019-01-02,603986,28.37000000,27.00000000,28.42000000,26.95000000,,42416.53000000,5.44444444,-4.55991516,-1.29000000,,兆易创新
2019-01-03,603986,27.00000000,26.70000000,27.60000000,26.60000000,,37396.03000000,3.74531835,-1.11111111,-0.30000000,,兆易创新
2019-01-04,603986,26.15000000,27.48000000,27.79000000,25.85000000,,48285.28000000,7.05967977,2.92134831,0.78000000,,兆易创新
2019-01-07,603986,27.72000000,28.58000000,29.04000000,27.56000000,,56519.63000000,5.17844647,4.00291121,1.10000000,,兆易创新
2019-01-08,603986,28.38000000,27.72000000,28.39000000,27.59000000,,37074.17000000,2.88600289,-3.00909727,-0.86000000,,兆易创新
2019-01-09,603986,27.87000000,28.18000000,29.10000000,27.62000000,,57187.28000000,5.25195174,1.65945166,0.46000000,,兆易创新
2019-01-10,603986,28.19000000,27.67000000,28.38000000,27.66000000,,32076.93000000,2.60209613,-1.80979418,-0.51000000,,兆易创新
2019-01-11,603986,27.72000000,27.73000000,28.01000000,27.61000000,,24550.50000000,1.44248107,0.21684134,0.06000000,,兆易创新
2019-01-14,603986,27.73000000,26.33000000,28.00000000,26.18000000,,48115.42000000,6.91226738,-5.04868374,-1.40000000,,兆易创新
2019-01-15,603986,26.32000000,27.15000000,27.20000000,26.11000000,,40845.53000000,4.01473297,3.11431827,0.82000000,,兆易创新
2019-01-16,603986,27.21000000,27.51000000,28.37000000,27.21000000,,49009.61000000,4.21664849,1.32596685,0.36000000,,兆易创新
2019-01-17,603986,27.63000000,27.23000000,27.92000000,27.04000000,,32712.08000000,3.23172971,-1.01781170,-0.28000000,,兆易创新
2019-01-18,603986,27.41000000,27.78000000,27.90000000,27.04000000,,41404.74000000,3.09575234,2.01983107,0.55000000,,兆易创新
2019-01-21,603986,28.17000000,30.90000000,30.90000000,27.78000000,,132756.15000000,10.09708738,11.23110151,3.12000000,,兆易创新
2019-01-22,603986,30.88000000,30.16000000,30.88000000,29.74000000,,74563.68000000,3.77984085,-2.39482201,-0.74000000,,兆易创新
2019-01-23,603986,29.99000000,29.65000000,30.04000000,29.06000000,,52376.59000000,3.30522766,-1.69098143,-0.51000000,,兆易创新
2019-01-24,603986,29.36000000,31.29000000,32.65000000,29.36000000,,107892.73000000,10.51454139,5.53119730,1.64000000,,兆易创新
2019-01-25,603986,31.22000000,32.06000000,32.92000000,31.00000000,,98177.84000000,5.98877105,2.46085011,0.77000000,,兆易创新
2019-01-28,603986,32.72000000,32.15000000,33.67000000,31.99000000,,78875.96000000,5.22550544,0.28072364,0.09000000,,兆易创新
2019-01-29,603986,31.32000000,31.80000000,32.25000000,30.61000000,,63241.81000000,5.15723270,-1.08864697,-0.35000000,,兆易创新
2019-01-30,603986,31.68000000,30.74000000,31.99000000,30.57000000,,42795.62000000,4.61938842,-3.33333333,-1.06000000,,兆易创新
2019-01-31,603986,30.77000000,31.03000000,32.15000000,30.77000000,,47665.75000000,4.44730906,0.94339623,0.29000000,,兆易创新
2019-02-01,603986,31.42000000,32.75000000,32.87000000,31.25000000,,51730.57000000,4.94656489,5.54302288,1.72000000,,兆易创新
2019-02-11,603986,32.74000000,34.87000000,35.06000000,32.59000000,,63790.66000000,7.08345282,6.47328244,2.12000000,,兆易创新
2019-02-12,603986,34.71000000,34.32000000,34.91000000,34.02000000,,55431.77000000,2.59324009,-1.57728707,-0.55000000,,兆易创新
2019-02-13,603986,34.52000000,34.93000000,36.64000000,34.52000000,,82199.39000000,6.06928142,1.77738928,0.61000000,,兆易创新
2019-02-14,603986,34.89000000,35.83000000,36.23000000,34.18000000,,57922.98000000,5.72146246,2.57658173,0.90000000,,兆易创新
2019-02-15,603986,35.35000000,34.60000000,36.03000000,34.58000000,,52997.19000000,4.19075145,-3.43287748,-1.23000000,,兆易创新
2019-02-18,603986,35.32000000,36.59000000,36.64000000,34.49000000,,79229.65000000,5.87592238,5.75144509,1.99000000,,兆易创新
2019-02-19,603986,37.05000000,36.49000000,37.71000000,35.79000000,,70830.40000000,5.26171554,-0.27329872,-0.10000000,,兆易创新
2019-02-20,603986,36.29000000,35.52000000,36.43000000,34.85000000,,60262.17000000,4.44819820,-2.65826254,-0.97000000,,兆易创新
2019-02-21,603986,35.34000000,35.83000000,37.25000000,35.34000000,,75167.28000000,5.33072844,0.87274775,0.31000000,,兆易创新
2019-02-22,603986,35.50000000,37.92000000,37.93000000,34.85000000,,113218.96000000,8.12236287,5.83310075,2.09000000,,兆易创新
2019-02-25,603986,40.71000000,42.07000000,42.07000000,40.11000000,,117449.19000000,4.65890183,10.94409283,4.15000000,,兆易创新
2019-02-26,603986,42.08000000,44.00000000,46.62000000,42.08000000,,121162.48000000,10.31818182,4.58759211,1.93000000,,兆易创新
2019-02-27,603986,43.79000000,43.74000000,45.26000000,42.66000000,,74067.03000000,5.94421582,-0.59090909,-0.26000000,,兆易创新
2019-02-28,603986,43.03000000,43.43000000,44.90000000,43.01000000,,49614.81000000,4.35183053,-0.70873342,-0.31000000,,兆易创新
2019-03-01,603986,44.20000000,43.54000000,44.58000000,42.34000000,,50848.84000000,5.14469453,0.25328114,0.11000000,,兆易创新
2019-03-04,603986,45.57000000,45.83000000,48.23000000,45.27000000,,96739.85000000,6.45865154,5.25953147,2.29000000,,兆易创新
2019-03-05,603986,45.98000000,50.77000000,50.77000000,45.37000000,,96326.59000000,10.63620248,10.77896574,4.94000000,,兆易创新
2019-03-06,603986,52.61000000,51.06000000,52.61000000,49.33000000,,87111.66000000,6.42381512,0.57120347,0.29000000,,兆易创新
2019-03-07,603986,49.60000000,49.81000000,50.32000000,47.87000000,,103035.36000000,4.91869103,-2.44810027,-1.25000000,,兆易创新
2019-03-08,603986,48.53000000,50.52000000,55.14000000,46.75000000,,135081.43000000,16.60728424,1.42541658,0.71000000,,兆易创新
2019-03-11,603986,51.35000000,51.65000000,54.59000000,50.05000000,,107945.61000000,8.78993224,2.23673793,1.13000000,,兆易创新
2019-03-12,603986,53.12000000,54.65000000,56.44000000,52.04000000,,96519.85000000,8.05123513,5.80832527,3.00000000,,兆易创新
2019-03-13,603986,53.67000000,49.81000000,55.11000000,48.84000000,,105091.57000000,12.58783377,-8.85635865,-4.84000000,,兆易创新
2019-03-14,603986,48.02000000,47.77000000,48.79000000,45.07000000,,99812.27000000,7.78731421,-4.09556314,-2.04000000,,兆易创新
2019-03-15,603986,47.87000000,46.49000000,49.55000000,46.18000000,,70064.08000000,7.24887072,-2.67950597,-1.28000000,,兆易创新
2019-03-18,603986,47.38000000,48.42000000,48.52000000,45.89000000,,52370.47000000,5.43163982,4.15143042,1.93000000,,兆易创新
2019-03-19,603986,48.42000000,49.85000000,52.10000000,47.91000000,,73081.56000000,8.40521565,2.95332507,1.43000000,,兆易创新
2019-03-20,603986,48.55000000,48.22000000,50.39000000,47.05000000,,50609.86000000,6.92658648,-3.26980943,-1.63000000,,兆易创新
2019-03-21,603986,48.20000000,48.63000000,49.65000000,47.58000000,,55479.77000000,4.25663171,0.85026960,0.41000000,,兆易创新
2019-03-22,603986,51.08000000,49.55000000,51.08000000,48.84000000,,68610.01000000,4.52068618,1.89183632,0.92000000,,兆易创新
2019-03-25,603986,47.61000000,48.99000000,50.55000000,47.03000000,,55607.31000000,7.18513982,-1.13017154,-0.56000000,,兆易创新
2019-03-26,603986,49.20000000,47.51000000,50.32000000,47.26000000,,50742.89000000,6.44074932,-3.02102470,-1.48000000,,兆易创新
2019-03-27,603986,48.37000000,46.54000000,48.51000000,45.12000000,,56529.99000000,7.28405673,-2.04167544,-0.97000000,,兆易创新
2019-03-28,603986,46.52000000,46.64000000,48.92000000,46.10000000,,59404.57000000,6.04631218,0.21486893,0.10000000,,兆易创新
2019-03-29,603986,46.76000000,48.32000000,48.53000000,44.86000000,,78028.69000000,7.59519868,3.60205832,1.68000000,,兆易创新
2019-04-01,603986,48.84000000,49.65000000,50.73000000,48.80000000,,79125.82000000,3.88721047,2.75248344,1.33000000,,兆易创新
2019-04-02,603986,50.14000000,51.70000000,52.99000000,49.27000000,,89214.16000000,7.19535783,4.12890232,2.05000000,,兆易创新
2019-04-04,603986,55.16000000,57.22000000,57.22000000,53.12000000,,132340.14000000,7.16532681,10.67698259,5.52000000,,兆易创新
2019-04-08,603986,56.70000000,53.77000000,56.89000000,52.26000000,,87310.65000000,8.61074949,-6.02936036,-3.45000000,,兆易创新
2019-04-09,603986,53.19000000,52.79000000,55.05000000,52.21000000,,45950.69000000,5.37980678,-1.82257765,-0.98000000,,兆易创新
2019-04-10,603986,52.36000000,51.49000000,52.53000000,50.37000000,,45504.05000000,4.19498932,-2.46258761,-1.30000000,,兆易创新
2019-04-11,603986,51.64000000,49.53000000,52.16000000,48.84000000,,44912.38000000,6.70300828,-3.80656438,-1.96000000,,兆易创新
2019-04-12,603986,49.40000000,48.53000000,50.00000000,47.80000000,,37290.90000000,4.53327838,-2.01897840,-1.00000000,,兆易创新
2019-04-15,603986,50.06000000,47.17000000,50.46000000,47.01000000,,40076.70000000,7.31397074,-2.80239027,-1.36000000,,兆易创新
2019-04-16,603986,47.26000000,49.20000000,49.55000000,45.62000000,,66524.38000000,7.98780488,4.30358279,2.03000000,,兆易创新
2019-04-17,603986,48.95000000,48.64000000,50.32000000,48.37000000,,41981.56000000,4.00904605,-1.13821138,-0.56000000,,兆易创新
2019-04-18,603986,48.44000000,47.29000000,48.44000000,46.13000000,,46975.94000000,4.88475365,-2.77549342,-1.35000000,,兆易创新
2019-04-19,603986,47.29000000,47.05000000,47.77000000,46.28000000,,29387.87000000,3.16684378,-0.50750687,-0.24000000,,兆易创新
2019-04-22,603986,47.26000000,47.57000000,49.20000000,46.79000000,,53848.48000000,5.06621820,1.10520723,0.52000000,,兆易创新
2019-04-23,603986,47.51000000,47.66000000,49.17000000,47.12000000,,40941.23000000,4.30130088,0.18919487,0.09000000,,兆易创新
2019-04-24,603986,47.77000000,50.08000000,50.09000000,47.66000000,,51358.18000000,4.85223642,5.07763324,2.42000000,,兆易创新
2019-04-25,603986,49.42000000,47.34000000,50.56000000,47.07000000,,40528.68000000,7.37220110,-5.47124601,-2.74000000,,兆易创新
2019-04-26,603986,47.34000000,45.83000000,48.13000000,45.73000000,,39037.20000000,5.23674449,-3.18969159,-1.51000000,,兆易创新
2019-04-29,603986,45.90000000,40.95000000,46.30000000,40.89000000,,78070.71000000,13.21123321,-10.64804713,-4.88000000,,兆易创新
2019-04-30,603986,37.31000000,38.83000000,39.61000000,36.80000000,,83282.23000000,7.23667268,-5.17704518,-2.12000000,,兆易创新
2019-05-06,603986,37.05000000,34.59000000,37.45000000,34.59000000,,54644.08000000,8.26828563,-10.91939222,-4.24000000,,兆易创新
2019-05-07,603986,34.07000000,34.93000000,35.54000000,34.07000000,,52842.05000000,4.20841683,0.98294305,0.34000000,,兆易创新
2019-05-08,603986,34.18000000,36.75000000,38.40000000,33.68000000,,68694.55000000,12.84353741,5.21042084,1.82000000,,兆易创新
2019-05-09,603986,37.98000000,37.13000000,38.28000000,36.69000000,,49386.78000000,4.28225155,1.03401361,0.38000000,,兆易创新
2019-05-10,603986,37.72000000,39.99000000,40.24000000,35.64000000,,74406.72000000,11.50287572,7.70266631,2.86000000,,兆易创新
2019-05-13,603986,39.09000000,38.53000000,39.96000000,37.95000000,,44112.67000000,5.21671425,-3.65091273,-1.46000000,,兆易创新
2019-05-14,603986,37.85000000,37.24000000,38.97000000,37.24000000,,41434.02000000,4.64554243,-3.34804049,-1.29000000,,兆易创新
2019-05-15,603986,38.19000000,37.92000000,38.28000000,37.37000000,,32122.95000000,2.39978903,1.82599356,0.68000000,,兆易创新
2019-05-16,603986,38.07000000,37.20000000,38.23000000,36.70000000,,36254.50000000,4.11290323,-1.89873418,-0.72000000,,兆易创新
2019-05-17,603986,38.35000000,36.45000000,39.60000000,36.28000000,,73210.49000000,9.10836763,-2.01612903,-0.75000000,,兆易创新
2019-05-20,603986,37.82000000,38.06000000,38.61000000,37.06000000,,68980.02000000,4.07251708,4.41700960,1.61000000,,兆易创新
2019-05-21,603986,38.32000000,37.75000000,38.51000000,36.29000000,,53886.86000000,5.88079470,-0.81450342,-0.31000000,,兆易创新
2019-05-22,603986,37.67000000,40.96000000,40.97000000,37.31000000,,112579.27000000,8.93554687,8.50331126,3.21000000,,兆易创新
2019-05-23,603986,41.33000000,39.78000000,41.82000000,39.10000000,,86978.84000000,6.83760684,-2.88085938,-1.18000000,,兆易创新
2019-05-24,603986,39.04000000,38.08000000,39.78000000,37.82000000,,52468.95000000,5.14705882,-4.27350427,-1.70000000,,兆易创新
2019-05-27,603986,38.27000000,39.88000000,40.55000000,37.82000000,,71559.49000000,6.84553661,4.72689076,1.80000000,,兆易创新
2019-05-28,603986,40.27000000,39.26000000,40.60000000,39.07000000,,54738.42000000,3.89709628,-1.55466399,-0.62000000,,兆易创新
2019-05-29,603986,38.84000000,39.55000000,40.57000000,38.66000000,,44585.07000000,4.82932996,0.73866531,0.29000000,,兆易创新
2019-05-30,603986,37.31000000,36.74000000,37.59000000,35.27000000,,89771.83000000,6.31464344,-7.10493047,-2.81000000,,兆易创新
2019-05-31,603986,36.74000000,35.78000000,37.35000000,35.58000000,,51206.61000000,4.94689771,-2.61295591,-0.96000000,,兆易创新
2019-06-03,603986,36.37000000,34.95000000,36.69000000,34.90000000,,46169.61000000,5.12160229,-2.31973169,-0.83000000,,兆易创新
2019-06-04,603986,35.16000000,35.15000000,35.54000000,34.24000000,,26746.27000000,3.69843528,0.57224607,0.20000000,,兆易创新
2019-06-05,603986,35.62000000,34.99000000,35.68000000,34.54000000,,26892.57000000,3.25807374,-0.45519203,-0.16000000,,兆易创新
2019-06-06,603986,35.10000000,34.60000000,35.10000000,34.42000000,,23059.05000000,1.96531792,-1.11460417,-0.39000000,,兆易创新
2019-06-10,603986,34.70000000,35.43000000,35.62000000,34.60000000,,30128.32000000,2.87891617,2.39884393,0.83000000,,兆易创新
2019-06-11,603986,35.45000000,36.59000000,36.63000000,34.54000000,,59107.30000000,5.71194315,3.27406153,1.16000000,,兆易创新
2019-06-12,603986,36.27000000,36.40000000,36.87000000,36.11000000,,36229.29000000,2.08791209,-0.51926756,-0.19000000,,兆易创新
2019-06-13,603986,36.38000000,36.36000000,36.58000000,36.07000000,,28070.02000000,1.40264026,-0.10989011,-0.04000000,,兆易创新
2019-06-14,603986,36.51000000,36.95000000,38.21000000,36.51000000,,63917.60000000,4.60081191,1.62266227,0.59000000,,兆易创新
2019-06-17,603986,36.03000000,35.98000000,37.25000000,35.82000000,,27528.61000000,3.97443024,-2.62516915,-0.97000000,,兆易创新
2019-06-18,603986,36.15000000,35.55000000,36.15000000,35.46000000,,16782.58000000,1.94092827,-1.19510839,-0.43000000,,兆易创新
2019-06-19,603986,36.94000000,37.74000000,38.16000000,36.90000000,,62712.57000000,3.33863275,6.16033755,2.19000000,,兆易创新
2019-06-20,603986,37.65000000,39.44000000,40.21000000,37.50000000,,61515.84000000,6.87119675,4.50450450,1.70000000,,兆易创新
2019-06-21,603986,39.72000000,40.74000000,41.28000000,39.68000000,,64415.26000000,3.92734413,3.29614604,1.30000000,,兆易创新
2019-06-24,603986,40.09000000,39.79000000,40.92000000,39.09000000,,47627.66000000,4.59914551,-2.33186058,-0.95000000,,兆易创新
2019-06-25,603986,39.49000000,38.04000000,39.58000000,37.56000000,,52325.39000000,5.31019979,-4.39808997,-1.75000000,,兆易创新
2019-06-26,603986,37.97000000,40.48000000,40.91000000,37.94000000,,74379.76000000,7.33695652,6.41430074,2.44000000,,兆易创新
2019-06-27,603986,40.46000000,40.70000000,42.45000000,40.34000000,,68847.08000000,5.18427518,0.54347826,0.22000000,,兆易创新
2019-06-28,603986,41.27000000,40.87000000,41.28000000,40.03000000,,30400.50000000,3.05847810,0.41769042,0.17000000,,兆易创新
2019-07-01,603986,42.61000000,43.23000000,43.65000000,42.30000000,,62926.77000000,3.12283137,5.77440666,2.36000000,,兆易创新
2019-07-02,603986,43.07000000,43.01000000,44.29000000,42.55000000,,48204.21000000,4.04557080,-0.50890585,-0.22000000,,兆易创新
2019-07-03,603986,42.86000000,43.67000000,44.02000000,42.10000000,,42923.68000000,4.39661095,1.53452685,0.66000000,,兆易创新
2019-07-04,603986,43.79000000,44.32000000,45.45000000,43.07000000,,49496.38000000,5.37003610,1.48843600,0.65000000,,兆易创新
2019-07-05,603986,44.47000000,44.16000000,44.75000000,42.96000000,,34994.64000000,4.05344203,-0.36101083,-0.16000000,,兆易创新
2019-07-08,603986,43.70000000,41.38000000,43.70000000,41.30000000,,48700.12000000,5.79990333,-6.29528986,-2.78000000,,兆易创新
2019-07-09,603986,42.37000000,41.78000000,42.75000000,41.43000000,,30701.36000000,3.15940641,0.96665056,0.40000000,,兆易创新
2019-07-10,603986,42.52000000,44.08000000,44.89000000,42.44000000,,59051.32000000,5.55807623,5.50502633,2.30000000,,兆易创新
2019-07-11,603986,45.11000000,44.09000000,45.39000000,43.46000000,,53207.24000000,4.37740984,0.02268603,0.01000000,,兆易创新
2019-07-12,603986,44.48000000,43.48000000,44.50000000,43.47000000,,26535.23000000,2.36890524,-1.38353368,-0.61000000,,兆易创新
2019-07-15,603986,43.32000000,46.94000000,47.49000000,41.72000000,,80186.00000000,12.29228803,7.95768169,3.46000000,,兆易创新
2019-07-16,603986,46.65000000,48.57000000,49.95000000,46.43000000,,67729.25000000,7.24727198,3.47251811,1.63000000,,兆易创新
2019-07-17,603986,48.41000000,47.90000000,49.80000000,47.45000000,,62760.15000000,4.90605428,-1.37945234,-0.67000000,,兆易创新
2019-07-18,603986,47.66000000,46.05000000,48.04000000,45.57000000,,50892.12000000,5.36373507,-3.86221294,-1.85000000,,兆易创新
2019-07-19,603986,46.68000000,46.60000000,47.58000000,46.03000000,,39394.58000000,3.32618026,1.19435396,0.55000000,,兆易创新
2019-07-22,603986,47.30000000,45.50000000,47.66000000,43.84000000,,45412.94000000,8.39560440,-2.36051502,-1.10000000,,兆易创新
2019-07-23,603986,46.02000000,48.12000000,48.14000000,45.21000000,,48213.82000000,6.08894431,5.75824176,2.62000000,,兆易创新
2019-07-24,603986,47.72000000,47.79000000,49.37000000,47.04000000,,53849.89000000,4.87549697,-0.68578554,-0.33000000,,兆易创新
2019-07-25,603986,47.55000000,49.16000000,49.21000000,47.55000000,,51952.46000000,3.37672905,2.86670852,1.37000000,,兆易创新
2019-07-26,603986,48.68000000,48.73000000,49.80000000,48.18000000,,44235.78000000,3.32444080,-0.87469487,-0.43000000,,兆易创新
2019-07-29,603986,48.69000000,48.47000000,49.70000000,47.99000000,,27193.16000000,3.52795544,-0.53355223,-0.26000000,,兆易创新
2019-07-30,603986,48.52000000,46.67000000,48.91000000,46.38000000,,54673.72000000,5.42104135,-3.71363730,-1.80000000,,兆易创新
2019-07-31,603986,46.84000000,46.53000000,47.01000000,46.07000000,,28599.15000000,2.02020202,-0.29997857,-0.14000000,,兆易创新
2019-08-01,603986,46.16000000,43.73000000,46.16000000,43.30000000,,77226.45000000,6.54013263,-6.01762304,-2.80000000,,兆易创新
2019-08-02,603986,41.61000000,44.14000000,44.94000000,41.58000000,,56105.95000000,7.61214318,0.93757146,0.41000000,,兆易创新
2019-08-05,603986,43.97000000,42.63000000,44.51000000,42.31000000,,42998.54000000,5.16068496,-3.42093339,-1.51000000,,兆易创新
2019-08-06,603986,41.54000000,41.47000000,42.25000000,39.90000000,,61203.07000000,5.66674705,-2.72108844,-1.16000000,,兆易创新
2019-08-07,603986,41.68000000,41.24000000,42.14000000,40.53000000,,41397.36000000,3.90397672,-0.55461780,-0.23000000,,兆易创新
2019-08-08,603986,41.54000000,41.88000000,42.13000000,40.82000000,,32221.36000000,3.12798472,1.55189137,0.64000000,,兆易创新
2019-08-09,603986,42.55000000,40.62000000,42.86000000,40.05000000,,44732.73000000,6.91777450,-3.00859599,-1.26000000,,兆易创新
2019-08-12,603986,40.72000000,41.02000000,41.30000000,39.84000000,,60583.09000000,3.55923940,0.98473658,0.40000000,,兆易创新
2019-08-13,603986,40.39000000,41.13000000,41.79000000,39.04000000,,57188.16000000,6.68611719,0.26816187,0.11000000,,兆易创新
2019-08-14,603986,41.99000000,43.48000000,45.44000000,41.99000000,,96944.04000000,7.93468261,5.71359105,2.35000000,,兆易创新
2019-08-15,603986,39.68000000,42.86000000,43.41000000,39.68000000,,94678.64000000,8.70275315,-1.42594296,-0.62000000,,兆易创新
2019-08-16,603986,43.05000000,45.78000000,46.13000000,42.85000000,,90298.52000000,7.16470074,6.81287914,2.92000000,,兆易创新
2019-08-19,603986,47.76000000,48.28000000,49.44000000,46.67000000,,101540.62000000,5.73736537,5.46089996,2.50000000,,兆易创新
2019-08-20,603986,49.19000000,49.10000000,50.13000000,48.68000000,,69822.15000000,2.95315682,1.69842585,0.82000000,,兆易创新
2019-08-21,603986,48.86000000,53.16000000,54.20000000,48.83000000,,97665.90000000,10.10158014,8.26883910,4.06000000,,兆易创新
2019-08-22,603986,53.08000000,54.03000000,56.33000000,52.15000000,,89898.11000000,7.73644272,1.63656885,0.87000000,,兆易创新
2019-08-23,603986,54.29000000,55.21000000,55.98000000,52.76000000,,65131.55000000,5.83227676,2.18397187,1.18000000,,兆易创新
2019-08-26,603986,54.03000000,54.72000000,55.88000000,53.68000000,,54352.81000000,4.02046784,-0.88752038,-0.49000000,,兆易创新
2019-08-27,603986,56.43000000,58.63000000,60.53000000,55.92000000,,103073.82000000,7.86286884,7.14546784,3.91000000,,兆易创新
2019-08-28,603986,59.75000000,57.86000000,60.36000000,57.80000000,,114217.98000000,4.42447287,-1.31332083,-0.77000000,,兆易创新
2019-08-29,603986,58.68000000,59.44000000,60.53000000,55.65000000,,83329.18000000,8.20995962,2.73072935,1.58000000,,兆易创新
2019-08-30,603986,60.41000000,63.75000000,65.72000000,60.36000000,,142967.75000000,8.40784314,7.25100942,4.31000000,,兆易创新
2019-09-02,603986,63.09000000,66.68000000,67.04000000,60.67000000,,99636.32000000,9.55308938,4.59607843,2.93000000,,兆易创新
2019-09-03,603986,66.68000000,70.08000000,73.42000000,66.01000000,,95671.79000000,10.57363014,5.09898020,3.40000000,,兆易创新
2019-09-04,603986,70.14000000,70.50000000,71.03000000,67.40000000,,72233.60000000,5.14893617,0.59931507,0.42000000,,兆易创新
2019-09-05,603986,71.28000000,69.03000000,72.78000000,68.90000000,,78153.81000000,5.62074460,-2.08510638,-1.47000000,,兆易创新
2019-09-06,603986,68.90000000,68.58000000,72.61000000,68.07000000,,83938.49000000,6.62000583,-0.65189048,-0.45000000,,兆易创新
2019-09-09,603986,72.09000000,75.77000000,75.77000000,70.90000000,,130793.31000000,6.42734592,10.48410615,7.19000000,,兆易创新
2019-09-10,603986,77.25000000,75.20000000,78.07000000,73.17000000,,99820.80000000,6.51595745,-0.75227663,-0.57000000,,兆易创新
2019-09-11,603986,74.64000000,73.53000000,77.47000000,72.15000000,,71515.92000000,7.23514212,-2.22074468,-1.67000000,,兆易创新
2019-09-12,603986,74.03000000,73.78000000,75.42000000,71.94000000,,50516.87000000,4.71672540,0.33999728,0.25000000,,兆易创新
2019-09-16,603986,73.68000000,73.15000000,74.39000000,72.45000000,,54597.05000000,2.65208476,-0.85388994,-0.63000000,,兆易创新
2019-09-17,603986,73.58000000,70.12000000,73.72000000,69.09000000,,106401.11000000,6.60296634,-4.14217362,-3.03000000,,兆易创新
2019-09-18,603986,71.12000000,71.84000000,73.58000000,69.95000000,,91378.16000000,5.05289532,2.45293782,1.72000000,,兆易创新
2019-09-19,603986,71.43000000,73.32000000,73.42000000,70.91000000,,78972.57000000,3.42334970,2.06013363,1.48000000,,兆易创新
2019-09-20,603986,73.76000000,80.26000000,80.99000000,73.76000000,,159758.22000000,9.00822327,9.46535734,6.94000000,,兆易创新
2019-09-23,603986,81.84000000,88.62000000,88.62000000,79.69000000,,135786.15000000,10.07673211,10.41614752,8.36000000,,兆易创新
2019-09-24,603986,86.43000000,84.84000000,89.43000000,84.80000000,,127784.52000000,5.45733145,-4.26540284,-3.78000000,,兆易创新
2019-09-25,603986,83.88000000,77.44000000,85.40000000,76.36000000,,165771.42000000,11.67355372,-8.72230080,-7.40000000,,兆易创新
2019-09-26,603986,78.78000000,72.41000000,78.94000000,71.13000000,,134061.82000000,10.78580307,-6.49535124,-5.03000000,,兆易创新
2019-09-27,603986,72.98000000,72.16000000,74.52000000,71.53000000,,100028.19000000,4.14356984,-0.34525618,-0.25000000,,兆易创新
2019-09-30,603986,72.07000000,70.81000000,72.66000000,68.83000000,,82556.56000000,5.40884056,-1.87084257,-1.35000000,,兆易创新
2019-10-08,603986,71.23000000,68.24000000,72.08000000,66.01000000,,89807.07000000,8.89507620,-3.62943087,-2.57000000,,兆易创新
2019-10-09,603986,67.95000000,69.42000000,69.90000000,66.70000000,,69953.14000000,4.60962259,1.72919109,1.18000000,,兆易创新
2019-10-10,603986,69.40000000,71.39000000,72.04000000,69.09000000,,80635.39000000,4.13223140,2.83779891,1.97000000,,兆易创新
2019-10-11,603986,71.64000000,68.68000000,72.37000000,67.65000000,,73876.00000000,6.87245195,-3.79604987,-2.71000000,,兆易创新
2019-10-14,603986,69.64000000,71.53000000,72.40000000,69.52000000,,83026.55000000,4.02628268,4.14967967,2.85000000,,兆易创新
2019-10-15,603986,70.84000000,67.30000000,71.23000000,66.62000000,,91539.35000000,6.84992571,-5.91360268,-4.23000000,,兆易创新
2019-10-16,603986,67.70000000,66.69000000,68.80000000,66.08000000,,60712.43000000,4.07857250,-0.90638930,-0.61000000,,兆易创新
2019-10-17,603986,67.19000000,66.90000000,67.61000000,65.74000000,,38642.18000000,2.79521674,0.31488979,0.21000000,,兆易创新
2019-10-18,603986,66.81000000,63.98000000,67.81000000,62.70000000,,93284.39000000,7.98687090,-4.36472347,-2.92000000,,兆易创新
2019-10-21,603986,64.19000000,65.76000000,66.36000000,62.74000000,,73338.04000000,5.50486618,2.78211941,1.78000000,,兆易创新
2019-10-22,603986,66.58000000,68.80000000,70.62000000,65.51000000,,104468.71000000,7.42732558,4.62287105,3.04000000,,兆易创新
2019-10-23,603986,69.09000000,68.58000000,70.34000000,67.61000000,,53792.68000000,3.98075241,-0.31976744,-0.22000000,,兆易创新
2019-10-24,603986,67.85000000,66.33000000,68.37000000,65.06000000,,55186.41000000,4.99020051,-3.28083990,-2.25000000,,兆易创新
2019-10-25,603986,67.09000000,69.19000000,69.85000000,66.27000000,,51893.25000000,5.17415812,4.31177446,2.86000000,,兆易创新
2019-10-28,603986,70.70000000,72.79000000,73.10000000,69.49000000,,77321.85000000,4.95947246,5.20306403,3.60000000,,兆易创新
2019-10-29,603986,73.17000000,70.36000000,73.61000000,69.94000000,,63955.90000000,5.21603184,-3.33837066,-2.43000000,,兆易创新
2019-10-30,603986,73.27000000,77.55000000,77.73000000,73.27000000,,158577.77000000,5.75112830,10.21887436,7.19000000,,兆易创新
2019-10-31,603986,77.50000000,75.17000000,78.76000000,74.70000000,,94665.87000000,5.40109086,-3.06898775,-2.38000000,,兆易创新
2019-11-01,603986,75.21000000,78.19000000,79.40000000,73.79000000,,75121.15000000,7.17483054,4.01756020,3.02000000,,兆易创新
2019-11-04,603986,78.17000000,80.88000000,82.50000000,77.25000000,,86029.28000000,6.49109792,3.44033764,2.69000000,,兆易创新
2019-11-05,603986,80.90000000,85.31000000,88.12000000,80.05000000,,96238.83000000,9.45961786,5.47725025,4.43000000,,兆易创新
2019-11-06,603986,85.31000000,83.13000000,87.76000000,81.70000000,,84514.65000000,7.28978708,-2.55538624,-2.18000000,,兆易创新
2019-11-07,603986,83.12000000,82.04000000,83.12000000,79.95000000,,70723.83000000,3.86396880,-1.31119933,-1.09000000,,兆易创新
2019-11-08,603986,82.81000000,81.84000000,83.78000000,79.92000000,,74960.12000000,4.71652004,-0.24378352,-0.20000000,,兆易创新
2019-11-11,603986,80.82000000,81.80000000,83.61000000,79.70000000,,68726.39000000,4.77995110,-0.04887586,-0.04000000,,兆易创新
2019-11-12,603986,80.83000000,80.11000000,82.10000000,76.01000000,,73441.14000000,7.60204719,-2.06601467,-1.69000000,,兆易创新
2019-11-13,603986,80.30000000,86.30000000,86.94000000,78.78000000,,97440.38000000,9.45538818,7.72687555,6.19000000,,兆易创新
2019-11-14,603986,85.39000000,88.92000000,88.92000000,84.26000000,,90074.69000000,5.24066577,3.03592121,2.62000000,,兆易创新
2019-11-15,603986,88.64000000,84.34000000,90.76000000,84.14000000,,85151.63000000,7.84918188,-5.15069726,-4.58000000,,兆易创新
2019-11-18,603986,84.45000000,84.70000000,85.87000000,82.10000000,,66703.12000000,4.45100354,0.42684373,0.36000000,,兆易创新
2019-11-19,603986,83.42000000,87.91000000,88.61000000,83.05000000,,59972.44000000,6.32465021,3.78984652,3.21000000,,兆易创新
2019-11-20,603986,86.97000000,83.57000000,88.58000000,82.97000000,,65961.06000000,6.71293526,-4.93686725,-4.34000000,,兆易创新
2019-11-21,603986,82.30000000,83.01000000,84.85000000,81.85000000,,47861.13000000,3.61402241,-0.67009692,-0.56000000,,兆易创新
2019-11-22,603986,83.63000000,79.24000000,87.45000000,78.01000000,,124759.15000000,11.91317516,-4.54162149,-3.77000000,,兆易创新
2019-11-25,603986,78.78000000,77.00000000,79.85000000,76.68000000,,76339.17000000,4.11688312,-2.82685512,-2.24000000,,兆易创新
2019-11-26,603986,77.72000000,79.73000000,79.90000000,77.72000000,,72999.67000000,2.73422802,3.54545455,2.73000000,,兆易创新
2019-11-27,603986,79.03000000,81.46000000,83.88000000,77.50000000,,91921.50000000,7.83206482,2.16982315,1.73000000,,兆易创新
2019-11-28,603986,81.30000000,81.73000000,83.83000000,80.26000000,,53512.11000000,4.36804111,0.33145102,0.27000000,,兆易创新
2019-11-29,603986,81.32000000,81.02000000,82.69000000,78.03000000,,69550.09000000,5.75166626,-0.86871406,-0.71000000,,兆易创新
2019-12-02,603986,80.57000000,84.19000000,84.34000000,80.24000000,,67907.34000000,4.86993705,3.91261417,3.17000000,,兆易创新
2019-12-03,603986,82.87000000,88.24000000,88.88000000,82.42000000,,93388.95000000,7.32094288,4.81054757,4.05000000,,兆易创新
2019-12-04,603986,87.10000000,89.34000000,90.86000000,86.05000000,,81001.88000000,5.38392657,1.24660018,1.10000000,,兆易创新
2019-12-05,603986,88.61000000,92.81000000,96.92000000,88.15000000,,97082.00000000,9.44941278,3.88403850,3.47000000,,兆易创新
2019-12-06,603986,92.55000000,95.64000000,96.63000000,91.53000000,,70313.12000000,5.33249686,3.04924038,2.83000000,,兆易创新
2019-12-09,603986,96.10000000,97.07000000,98.67000000,94.02000000,,80401.87000000,4.79035747,1.49519030,1.43000000,,兆易创新
2019-12-10,603986,96.05000000,98.22000000,100.05000000,94.09000000,,70737.51000000,6.06801059,1.18471206,1.15000000,,兆易创新
2019-12-11,603986,97.15000000,98.68000000,100.00000000,95.34000000,,60824.19000000,4.72233482,0.46833639,0.46000000,,兆易创新
2019-12-12,603986,99.41000000,103.78000000,105.30000000,98.47000000,,75760.31000000,6.58122952,5.16822051,5.10000000,,兆易创新
2019-12-13,603986,103.78000000,100.38000000,103.78000000,97.91000000,,86370.09000000,5.84777844,-3.27616111,-3.40000000,,兆易创新
2019-12-16,603986,99.70000000,101.22000000,102.96000000,97.03000000,,82742.46000000,5.85852598,0.83682008,0.84000000,,兆易创新
2019-12-17,603986,100.82000000,100.49000000,101.96000000,99.19000000,,52146.60000000,2.75649318,-0.72120134,-0.73000000,,兆易创新
2019-12-18,603986,99.96000000,101.72000000,104.08000000,99.70000000,,61679.88000000,4.30593787,1.22400239,1.23000000,,兆易创新
2019-12-19,603986,99.65000000,96.62000000,99.70000000,94.71000000,,86043.83000000,5.16456220,-5.01376327,-5.10000000,,兆易创新
2019-12-20,603986,97.61000000,96.28000000,98.62000000,95.62000000,,48446.81000000,3.11591192,-0.35189402,-0.34000000,,兆易创新
2019-12-23,603986,90.51000000,89.65000000,92.13000000,87.96000000,,113482.93000000,4.65142220,-6.88616535,-6.63000000,,兆易创新
2019-12-24,603986,91.66000000,96.32000000,98.58000000,89.91000000,,85863.21000000,9.00124585,7.44004462,6.67000000,,兆易创新
2019-12-25,603986,98.17000000,106.29000000,106.29000000,97.62000000,,82945.68000000,8.15692916,10.35091362,9.97000000,,兆易创新
2019-12-26,603986,106.89000000,103.95000000,108.19000000,101.32000000,,73775.37000000,6.60894661,-2.20152413,-2.34000000,,兆易创新
2019-12-27,603986,103.78000000,98.68000000,104.80000000,98.37000000,,73890.79000000,6.51601135,-5.06974507,-5.27000000,,兆易创新
2019-12-30,603986,98.68000000,102.44000000,103.32000000,95.62000000,,64937.10000000,7.51659508,3.81029591,3.76000000,,兆易创新
2019-12-31,603986,102.58000000,101.17000000,103.86000000,99.22000000,,52478.46000000,4.58633982,-1.23975010,-1.27000000,,兆易创新
2020-01-02,603986,102.25000000,108.64000000,111.36000000,101.79000000,,99546.53000000,8.80891016,7.38361174,7.47000000,,兆易创新
2020-01-03,603986,110.92000000,109.09000000,111.13000000,106.16000000,,70564.44000000,4.55587130,0.41421208,0.45000000,,兆易创新
2020-01-06,603986,106.59000000,111.94000000,113.88000000,106.59000000,,64696.72000000,6.51241737,2.61252177,2.85000000,,兆易创新
2020-01-07,603986,110.41000000,105.20000000,112.39000000,103.27000000,,92438.58000000,8.66920152,-6.02108272,-6.74000000,,兆易创新
2020-01-08,603986,105.02000000,105.57000000,107.35000000,103.98000000,,50610.14000000,3.19219475,0.35171103,0.37000000,,兆易创新
2020-01-09,603986,106.53000000,111.84000000,112.91000000,104.63000000,,80106.53000000,7.40343348,5.93918727,6.27000000,,兆易创新
2020-01-10,603986,110.41000000,121.64000000,123.36000000,110.41000000,,86485.07000000,10.64616902,8.76251788,9.80000000,,兆易创新
2020-01-13,603986,121.65000000,130.21000000,131.78000000,118.68000000,,91996.18000000,10.06067122,7.04537981,8.57000000,,兆易创新
2020-01-14,603986,127.35000000,126.22000000,129.86000000,123.97000000,,70576.14000000,4.66645540,-3.06428078,-3.99000000,,兆易创新
2020-01-15,603986,124.24000000,127.34000000,129.69000000,123.31000000,,58919.78000000,5.01020889,0.88733957,1.12000000,,兆易创新
2020-01-16,603986,127.00000000,125.31000000,130.42000000,124.19000000,,46248.79000000,4.97167026,-1.59415737,-2.03000000,,兆易创新
2020-01-17,603986,126.56000000,125.72000000,127.59000000,123.70000000,,44686.18000000,3.09417754,0.32718857,0.41000000,,兆易创新
2020-01-20,603986,126.42000000,137.45000000,137.54000000,126.42000000,,70613.85000000,8.09021462,9.33025772,11.73000000,,兆易创新
2020-01-21,603986,130.05000000,135.12000000,138.36000000,128.78000000,,95119.33000000,7.08999408,-1.69516188,-2.33000000,,兆易创新
2020-01-22,603986,133.54000000,144.39000000,145.64000000,130.83000000,,69817.59000000,10.25694300,6.86056838,9.27000000,,兆易创新
2020-01-23,603986,139.49000000,141.02000000,152.25000000,130.59000000,,103076.37000000,15.35952347,-2.33395665,-3.37000000,,兆易创新
2020-02-03,603986,126.59000000,126.59000000,128.27000000,126.59000000,,46339.41000000,1.32711905,-10.23259112,-14.43000000,,兆易创新
2020-02-04,603986,126.64000000,138.93000000,139.07000000,126.59000000,,89219.30000000,8.98294105,9.74800537,12.34000000,,兆易创新
2020-02-05,603986,139.58000000,140.25000000,146.38000000,137.36000000,,90439.75000000,6.43137255,0.95011876,1.32000000,,兆易创新
2020-02-06,603986,135.54000000,141.09000000,141.58000000,135.41000000,,72071.22000000,4.37309519,0.59893048,0.84000000,,兆易创新
2020-02-07,603986,139.91000000,146.88000000,149.07000000,138.12000000,,77177.94000000,7.45506536,4.10376356,5.79000000,,兆易创新
2020-02-10,603986,147.55000000,140.31000000,147.61000000,136.94000000,,80423.76000000,7.60458984,-4.47303922,-6.57000000,,兆易创新
2020-02-11,603986,138.73000000,140.97000000,144.24000000,138.73000000,,50619.09000000,3.90863304,0.47038700,0.66000000,,兆易创新
2020-02-12,603986,138.08000000,145.44000000,147.42000000,137.96000000,,60128.83000000,6.50440044,3.17088742,4.47000000,,兆易创新
2020-02-13,603986,147.95000000,158.86000000,160.33000000,147.66000000,,115730.61000000,7.97557598,9.22717272,13.42000000,,兆易创新
2020-02-14,603986,156.33000000,155.52000000,162.45000000,150.50000000,,79159.68000000,7.68389918,-2.10248017,-3.34000000,,兆易创新
2020-02-17,603986,154.29000000,158.88000000,161.33000000,154.29000000,,50583.36000000,4.43101712,2.16049383,3.36000000,,兆易创新
2020-02-18,603986,159.33000000,163.51000000,163.80000000,157.61000000,,54888.80000000,3.78570118,2.91414904,4.63000000,,兆易创新
2020-02-19,603986,162.46000000,170.68000000,178.49000000,160.47000000,,75331.14000000,10.55776892,4.38505290,7.17000000,,兆易创新
2020-02-20,603986,170.62000000,188.09000000,188.09000000,169.60000000,,75903.51000000,9.83040034,10.20037497,17.41000000,,兆易创新
2020-02-21,603986,187.14000000,197.90000000,199.64000000,185.41000000,,82190.45000000,7.19050025,5.21558828,9.81000000,,兆易创新
2020-02-24,603986,199.95000000,201.74000000,204.67000000,191.19000000,,85437.64000000,6.68186775,1.94037393,3.84000000,,兆易创新
2020-02-25,603986,196.64000000,214.07000000,215.10000000,195.62000000,,112515.43000000,9.09982716,6.11182710,12.33000000,,兆易创新
2020-02-26,603986,210.92000000,193.07000000,215.00000000,192.32000000,,104843.62000000,11.74703475,-9.80987527,-21.00000000,,兆易创新
2020-02-27,603986,198.17000000,177.80000000,199.70000000,174.19000000,,151736.60000000,14.34758155,-7.90904853,-15.27000000,,兆易创新
2020-02-28,603986,172.36000000,181.86000000,192.91000000,163.73000000,,160302.65000000,16.04530958,2.28346457,4.06000000,,兆易创新
2020-03-02,603986,186.94000000,176.40000000,190.51000000,170.62000000,,135933.80000000,11.27551020,-3.00230947,-5.46000000,,兆易创新
2020-03-03,603986,178.27000000,175.36000000,187.86000000,172.66000000,,124638.33000000,8.66788321,-0.58956916,-1.04000000,,兆易创新
2020-03-04,603986,170.11000000,160.82000000,172.16000000,157.49000000,,176428.84000000,9.12199975,-8.29151460,-14.54000000,,兆易创新
2020-03-05,603986,161.94000000,162.91000000,165.00000000,153.68000000,,151035.25000000,6.94862194,1.29958960,2.09000000,,兆易创新
2020-03-06,603986,158.39000000,160.86000000,163.98000000,157.30000000,,78770.30000000,4.15267935,-1.25836351,-2.05000000,,兆易创新
2020-03-09,603986,157.10000000,147.62000000,157.35000000,145.73000000,,116047.74000000,7.87156212,-8.23075967,-13.24000000,,兆易创新
2020-03-10,603986,151.27000000,157.15000000,157.35000000,148.17000000,,130723.90000000,5.84155266,6.45576480,9.53000000,,兆易创新
2020-03-11,603986,156.07000000,146.34000000,156.64000000,145.88000000,,117210.55000000,7.35274019,-6.87877824,-10.81000000,,兆易创新
2020-03-12,603986,143.70000000,149.80000000,151.68000000,142.93000000,,108860.83000000,5.84112150,2.36435698,3.46000000,,兆易创新
2020-03-13,603986,142.14000000,155.12000000,158.98000000,142.04000000,,141103.85000000,10.92057762,3.55140187,5.32000000,,兆易创新
2020-03-16,603986,153.22000000,139.27000000,153.22000000,139.27000000,,129267.52000000,10.01651468,-10.21789582,-15.85000000,,兆易创新
2020-03-17,603986,143.58000000,141.08000000,144.60000000,132.35000000,,89108.11000000,8.68301673,1.29963380,1.81000000,,兆易创新
2020-03-18,603986,142.10000000,136.22000000,145.31000000,134.25000000,,99169.33000000,8.11921891,-3.44485398,-4.86000000,,兆易创新
2020-03-19,603986,136.94000000,137.45000000,138.98000000,130.10000000,,96881.06000000,6.46053110,0.90295111,1.23000000,,兆易创新
2020-03-20,603986,139.82000000,136.33000000,140.51000000,126.23000000,,106532.89000000,10.47458373,-0.81484176,-1.12000000,,兆易创新
2020-03-23,603986,129.80000000,122.36000000,130.31000000,122.36000000,,112128.03000000,6.49722131,-10.24719431,-13.97000000,,兆易创新
2020-03-24,603986,125.72000000,121.18000000,126.11000000,114.66000000,,120726.87000000,9.44875392,-0.96436744,-1.18000000,,兆易创新
2020-03-25,603986,125.72000000,124.85000000,129.21000000,122.16000000,,113210.41000000,5.64677613,3.02855257,3.67000000,,兆易创新
2020-03-26,603986,122.99000000,122.30000000,128.05000000,121.79000000,,83451.34000000,5.11856092,-2.04245094,-2.55000000,,兆易创新
2020-03-27,603986,125.46000000,124.22000000,128.37000000,123.17000000,,99769.59000000,4.18612140,1.56991006,1.92000000,,兆易创新
2020-03-30,603986,121.13000000,125.51000000,128.07000000,117.48000000,,115571.58000000,8.43757470,1.03848012,1.29000000,,兆易创新
2020-03-31,603986,127.25000000,120.11000000,127.66000000,120.11000000,,101188.00000000,6.28590459,-4.30244602,-5.40000000,,兆易创新
2020-04-01,603986,117.55000000,120.25000000,125.26000000,117.04000000,,95974.10000000,6.83575884,0.11655982,0.14000000,,兆易创新
2020-04-02,603986,120.39000000,132.62000000,132.62000000,120.32000000,,156493.44000000,9.27461921,10.28690229,12.37000000,,兆易创新
2020-04-03,603986,130.65000000,128.16000000,132.35000000,127.25000000,,109759.24000000,3.97940075,-3.36299201,-4.46000000,,兆易创新
2020-04-07,603986,134.39000000,131.59000000,135.41000000,130.46000000,,99634.34000000,3.76168402,2.67634207,3.43000000,,兆易创新
2020-04-08,603986,131.08000000,133.70000000,135.38000000,129.86000000,,79145.99000000,4.12864622,1.60346531,2.11000000,,兆易创新
2020-04-09,603986,135.41000000,130.39000000,136.25000000,128.98000000,,68035.90000000,5.57558095,-2.47569185,-3.31000000,,兆易创新
2020-04-10,603986,130.31000000,122.62000000,130.31000000,121.64000000,,77963.45000000,7.07062469,-5.95904594,-7.77000000,,兆易创新
2020-04-13,603986,120.59000000,117.15000000,122.95000000,115.00000000,,66636.11000000,6.78617157,-4.46093623,-5.47000000,,兆易创新
2020-04-14,603986,119.05000000,121.80000000,122.66000000,117.38000000,,72536.53000000,4.33497537,3.96927017,4.65000000,,兆易创新
2020-04-15,603986,122.57000000,126.80000000,132.00000000,120.67000000,,106023.06000000,8.93533123,4.10509031,5.00000000,,兆易创新
2020-04-16,603986,125.80000000,128.29000000,129.80000000,123.19000000,,66831.92000000,5.15238912,1.17507886,1.49000000,,兆易创新
2020-04-17,603986,131.87000000,133.88000000,138.98000000,131.87000000,,142836.62000000,5.31072602,4.35731546,5.59000000,,兆易创新
2020-04-20,603986,133.88000000,132.91000000,135.65000000,128.58000000,,86994.71000000,5.31938906,-0.72452943,-0.97000000,,兆易创新
2020-04-21,603986,130.28000000,127.77000000,131.08000000,123.78000000,,87955.97000000,5.71339125,-3.86727861,-5.14000000,,兆易创新
2020-04-22,603986,124.70000000,127.24000000,127.39000000,124.19000000,,57124.89000000,2.51493241,-0.41480786,-0.53000000,,兆易创新
2020-04-23,603986,127.66000000,125.05000000,128.68000000,124.94000000,,54741.39000000,2.99080368,-1.72115687,-2.19000000,,兆易创新
2020-04-24,603986,124.70000000,122.19000000,126.99000000,121.55000000,,48060.88000000,4.45208282,-2.28708517,-2.86000000,,兆易创新
2020-04-27,603986,122.17000000,122.15000000,123.12000000,117.86000000,,50751.04000000,4.30618093,-0.03273590,-0.04000000,,兆易创新
2020-04-28,603986,122.87000000,128.93000000,129.18000000,119.85000000,,99718.70000000,7.23648491,5.55055260,6.78000000,,兆易创新
2020-04-29,603986,130.80000000,125.49000000,130.80000000,124.70000000,,71372.64000000,4.86094510,-2.66811448,-3.44000000,,兆易创新
2020-04-30,603986,129.29000000,138.38000000,138.38000000,128.01000000,,123860.65000000,7.49385749,10.27173480,12.89000000,,兆易创新
2020-05-06,603986,142.04000000,152.55000000,152.55000000,139.55000000,,122623.66000000,8.52179613,10.23991906,14.17000000,,兆易创新
2020-05-07,603986,158.78000000,158.26000000,162.38000000,153.97000000,,179315.87000000,5.31404019,3.74303507,5.71000000,,兆易创新
2020-05-08,603986,157.55000000,154.69000000,160.10000000,152.55000000,,186035.78000000,4.88072920,-2.25578163,-3.57000000,,兆易创新
2020-05-11,603986,156.12000000,154.24000000,158.74000000,152.82000000,,131249.87000000,3.83817427,-0.29090439,-0.45000000,,兆易创新
2020-05-12,603986,154.69000000,152.47000000,154.69000000,146.37000000,,154692.17000000,5.45681118,-1.14756224,-1.77000000,,兆易创新
2020-05-13,603986,149.84000000,153.26000000,154.33000000,149.19000000,,109535.82000000,3.35377789,0.51813472,0.79000000,,兆易创新
2020-05-14,603986,152.19000000,150.21000000,153.97000000,150.07000000,,109815.36000000,2.59636509,-1.99008221,-3.05000000,,兆易创新
2020-05-15,603986,151.26000000,161.12000000,165.54000000,150.26000000,,245053.76000000,9.48361470,7.26316490,10.91000000,,兆易创新
2020-05-18,603986,162.49000000,151.12000000,167.53000000,150.40000000,,265333.68000000,11.33536263,-6.20655412,-10.00000000,,兆易创新
2020-05-19,603986,152.62000000,155.34000000,155.40000000,148.47000000,,200465.48000000,4.46118192,2.79248280,4.22000000,,兆易创新
2020-05-20,603986,153.12000000,151.59000000,157.53000000,150.37000000,,142988.38000000,4.72326671,-2.41405948,-3.75000000,,兆易创新
2020-05-21,603986,152.54000000,150.40000000,158.12000000,149.60000000,,153637.09000000,5.66489362,-0.78501220,-1.19000000,,兆易创新
2020-05-22,603986,148.97000000,143.26000000,151.84000000,141.12000000,,152773.38000000,7.48289823,-4.74734043,-7.14000000,,兆易创新
2020-05-25,603986,140.86000000,138.97000000,144.32000000,136.46000000,,114776.56000000,5.65589696,-2.99455535,-4.29000000,,兆易创新
2020-05-26,603986,139.90000000,141.79000000,144.52000000,139.90000000,,96041.15000000,3.25833980,2.02921494,2.82000000,,兆易创新
2020-05-27,603986,140.97000000,136.12000000,141.62000000,135.33000000,,101147.76000000,4.62092272,-3.99887157,-5.67000000,,兆易创新
2020-05-28,603986,136.12000000,137.18000000,138.89000000,133.37000000,,92845.42000000,4.02391019,0.77872465,1.06000000,,兆易创新
2020-05-29,603986,135.40000000,134.97000000,137.18000000,133.45000000,,78409.37000000,2.76357709,-1.61102201,-2.21000000,,兆易创新
2020-06-01,603986,137.55000000,144.19000000,146.44000000,136.83000000,,145853.42000000,6.66481726,6.83114766,9.22000000,,兆易创新
2020-06-02,603986,144.76000000,145.12000000,145.95000000,142.67000000,,86643.31000000,2.26019846,0.64498232,0.93000000,,兆易创新
2020-06-03,603986,145.12000000,145.12000000,150.04000000,141.85000000,,119597.90000000,5.64360529,0.00000000,0.00000000,,兆易创新
2020-06-04,603986,145.40000000,143.73000000,146.83000000,143.26000000,,58686.87000000,2.48382384,-0.95782800,-1.39000000,,兆易创新
2020-06-05,603986,152.54000000,158.42000000,158.42000000,151.12000000,,238050.08000000,4.60800404,10.22055242,14.69000000,,兆易创新
2020-06-08,603986,158.42000000,156.48000000,160.62000000,155.87000000,,161630.75000000,3.03553170,-1.22459285,-1.94000000,,兆易创新
2020-06-09,603986,157.54000000,158.96000000,161.05000000,155.48000000,,110619.37000000,3.50402617,1.58486708,2.48000000,,兆易创新
2020-06-10,603986,158.08000000,164.18000000,166.74000000,157.14000000,,134732.85000000,5.84724083,3.28384499,5.22000000,,兆易创新
2020-06-11,603986,164.67000000,159.62000000,165.76000000,157.92000000,,140744.47000000,4.91166520,-2.77743940,-4.56000000,,兆易创新
2020-06-12,603986,154.68000000,161.14000000,163.54000000,153.47000000,,149659.33000000,6.24922428,0.95226162,1.52000000,,兆易创新
2020-06-15,603986,153.97000000,150.55000000,155.37000000,150.41000000,,167338.28000000,3.29458652,-6.57192503,-10.59000000,,兆易创新
2020-06-16,603986,152.75000000,152.20000000,153.62000000,149.77000000,,91516.09000000,2.52956636,1.09598140,1.65000000,,兆易创新
2020-06-17,603986,151.83000000,150.54000000,152.26000000,148.58000000,,71145.80000000,2.44453301,-1.09067017,-1.66000000,,兆易创新
2020-06-18,603986,149.90000000,154.91000000,156.12000000,149.33000000,,117697.41000000,4.38319024,2.90288295,4.37000000,,兆易创新
2020-06-19,603986,155.47000000,158.47000000,162.62000000,153.28000000,,121291.78000000,5.89386004,2.29810858,3.56000000,,兆易创新
2020-06-22,603986,160.97000000,165.72000000,169.40000000,160.83000000,,159857.81000000,5.17137340,4.57499842,7.25000000,,兆易创新
2020-06-23,603986,166.12000000,166.32000000,167.97000000,161.69000000,,122137.19000000,3.77585378,0.36205648,0.60000000,,兆易创新
2020-06-24,603986,166.84000000,171.17000000,173.26000000,165.40000000,,135191.61000000,4.59192616,2.91606542,4.85000000,,兆易创新
2020-06-29,603986,168.90000000,163.82000000,170.04000000,161.26000000,,146672.70000000,5.35954096,-4.29397675,-7.35000000,,兆易创新
2020-06-30,603986,164.61000000,165.34000000,167.29000000,163.62000000,,114262.85000000,2.21966856,0.92784764,1.52000000,,兆易创新
2020-07-01,603986,165.04000000,166.20000000,171.42000000,161.97000000,,128602.10000000,5.68592058,0.52014032,0.86000000,,兆易创新
2020-07-02,603986,166.12000000,167.08000000,169.60000000,163.12000000,,120309.04000000,3.87838161,0.52948255,0.88000000,,兆易创新
2020-07-03,603986,167.04000000,164.27000000,167.46000000,161.35000000,,141348.76000000,3.71948621,-1.68182906,-2.81000000,,兆易创新
2020-07-06,603986,164.26000000,181.01000000,181.01000000,164.22000000,,218392.11000000,9.27573062,10.19053996,16.74000000,,兆易创新
2020-07-07,603986,186.90000000,186.92000000,198.26000000,186.90000000,,220616.52000000,6.07746630,3.26501298,5.91000000,,兆易创新
2020-07-08,603986,186.83000000,188.62000000,189.69000000,181.04000000,,179081.18000000,4.58593999,0.90947999,1.70000000,,兆易创新
2020-07-09,603986,187.54000000,194.62000000,198.14000000,186.12000000,,179888.66000000,6.17613812,3.18099883,6.00000000,,兆易创新
2020-07-10,603986,191.21000000,192.40000000,197.54000000,189.69000000,,143921.87000000,4.08004158,-1.14068441,-2.22000000,,兆易创新
2020-07-13,603986,191.13000000,192.54000000,194.87000000,185.32000000,,183719.83000000,4.96000831,0.07276507,0.14000000,,兆易创新
2020-07-14,603986,192.18000000,203.19000000,207.54000000,191.76000000,,237713.59000000,7.76613022,5.53131817,10.65000000,,兆易创新
2020-07-15,603986,202.47000000,189.69000000,203.12000000,187.41000000,,218212.79000000,8.28193368,-6.64402776,-13.50000000,,兆易创新
2020-07-16,603986,187.54000000,170.40000000,189.68000000,170.40000000,,202151.28000000,11.31455399,-10.16922347,-19.29000000,,兆易创新
2020-07-17,603986,168.18000000,163.19000000,171.87000000,161.12000000,,162811.54000000,6.58741344,-4.23122066,-7.21000000,,兆易创新
2020-07-20,603986,166.12000000,168.39000000,168.44000000,157.33000000,,127488.12000000,6.59777897,3.18646976,5.20000000,,兆易创新
2020-07-21,603986,166.83000000,169.19000000,170.33000000,165.19000000,,104934.90000000,3.03800461,0.47508759,0.80000000,,兆易创新
2020-07-22,603986,168.99000000,170.07000000,174.90000000,166.90000000,,99364.04000000,4.70394543,0.52012530,0.88000000,,兆易创新
2020-07-23,603986,167.32000000,168.18000000,169.69000000,162.59000000,,100886.70000000,4.22166726,-1.11130711,-1.89000000,,兆易创新
2020-07-24,603986,166.34000000,157.97000000,171.69000000,157.57000000,,118969.04000000,8.93840603,-6.07087644,-10.21000000,,兆易创新
2020-07-27,603986,159.57000000,157.32000000,162.89000000,153.97000000,,98603.19000000,5.66997203,-0.41147053,-0.65000000,,兆易创新
2020-07-28,603986,159.69000000,157.55000000,160.39000000,157.16000000,,68486.53000000,2.05014281,0.14619883,0.23000000,,兆易创新
2020-07-29,603986,159.47000000,163.94000000,164.27000000,157.84000000,,104480.34000000,3.92216665,4.05585528,6.39000000,,兆易创新
2020-07-30,603986,166.83000000,160.87000000,167.52000000,160.04000000,,86595.49000000,4.64971716,-1.87263633,-3.07000000,,兆易创新
2020-07-31,603986,159.69000000,162.19000000,164.94000000,158.89000000,,107232.18000000,3.73019298,0.82053832,1.32000000,,兆易创新
2020-08-03,603986,164.05000000,162.94000000,164.67000000,158.27000000,,156369.99000000,3.92782619,0.46242062,0.75000000,,兆易创新
2020-08-04,603986,163.26000000,163.90000000,167.06000000,161.18000000,,126155.01000000,3.58755339,0.58917393,0.96000000,,兆易创新
2020-08-05,603986,173.25000000,165.62000000,173.26000000,165.62000000,,138382.47000000,4.61296945,1.04942038,1.72000000,,兆易创新
2020-08-06,603986,163.62000000,161.22000000,164.69000000,160.41000000,,97027.65000000,2.65475747,-2.65668398,-4.40000000,,兆易创新
2020-08-07,603986,160.37000000,154.61000000,161.83000000,151.03000000,,112597.24000000,6.98531790,-4.09998759,-6.61000000,,兆易创新
2020-08-10,603986,152.54000000,152.57000000,154.26000000,148.97000000,,96575.79000000,3.46726093,-1.31944894,-2.04000000,,兆易创新
2020-08-11,603986,154.69000000,150.87000000,157.54000000,150.40000000,,72020.66000000,4.73255120,-1.11424264,-1.70000000,,兆易创新
2020-08-12,603986,150.83000000,147.90000000,151.83000000,143.68000000,,103674.15000000,5.51048005,-1.96858222,-2.97000000,,兆易创新
2020-08-13,603986,149.42000000,147.28000000,149.83000000,146.12000000,,51631.15000000,2.51901141,-0.41920216,-0.62000000,,兆易创新
2020-08-14,603986,147.27000000,148.33000000,148.74000000,145.73000000,,45765.00000000,2.02925908,0.71292776,1.05000000,,兆易创新
2020-08-17,603986,148.76000000,150.39000000,150.40000000,146.83000000,,78563.74000000,2.37382805,1.38879525,2.06000000,,兆易创新
2020-08-18,603986,150.40000000,149.67000000,151.37000000,147.19000000,,73698.81000000,2.79281085,-0.47875524,-0.72000000,,兆易创新
2020-08-19,603986,148.80000000,144.58000000,148.83000000,144.34000000,,61262.93000000,3.10554710,-3.40081513,-5.09000000,,兆易创新
2020-08-20,603986,143.13000000,143.90000000,146.02000000,141.83000000,,49059.54000000,2.91174427,-0.47032785,-0.68000000,,兆易创新
2020-08-21,603986,145.80000000,143.83000000,146.74000000,141.47000000,,65583.06000000,3.66404783,-0.04864489,-0.07000000,,兆易创新
2020-08-24,603986,143.39000000,143.89000000,144.74000000,138.83000000,,70732.81000000,4.10730419,0.04171591,0.06000000,,兆易创新
2020-08-25,603986,144.69000000,143.83000000,145.90000000,142.03000000,,59307.36000000,2.69067649,-0.04169852,-0.06000000,,兆易创新
2020-08-26,603986,141.12000000,133.45000000,141.12000000,133.42000000,,147808.16000000,5.76995129,-7.21685323,-10.38000000,,兆易创新
2020-08-27,603986,132.47000000,134.61000000,136.19000000,129.72000000,,93024.47000000,4.80647797,0.86923942,1.16000000,,兆易创新
2020-08-28,603986,134.62000000,137.49000000,137.90000000,132.87000000,,74613.84000000,3.65844789,2.13951415,2.88000000,,兆易创新
2020-08-31,603986,138.97000000,139.35000000,145.24000000,138.97000000,,104612.97000000,4.49946179,1.35282566,1.86000000,,兆易创新
2020-09-01,603986,139.72000000,139.57000000,140.40000000,136.99000000,,48551.19000000,2.44321846,0.15787585,0.22000000,,兆易创新
2020-09-02,603986,139.65000000,137.49000000,139.80000000,137.22000000,,45451.58000000,1.87650011,-1.49029161,-2.08000000,,兆易创新
2020-09-03,603986,137.25000000,141.45000000,141.69000000,134.84000000,,82509.23000000,4.84270060,2.88020947,3.96000000,,兆易创新
2020-09-04,603986,138.97000000,142.59000000,144.39000000,138.51000000,,99367.33000000,4.12371134,0.80593849,1.14000000,,兆易创新
2020-09-07,603986,138.25000000,129.34000000,138.25000000,128.09000000,,164870.84000000,7.85526519,-9.29237674,-13.25000000,,兆易创新
2020-09-08,603986,128.57000000,129.53000000,130.34000000,126.90000000,,57692.38000000,2.65575542,0.14689964,0.19000000,,兆易创新
2020-09-09,603986,127.83000000,122.54000000,127.89000000,122.22000000,,90395.87000000,4.62706055,-5.39643326,-6.99000000,,兆易创新
2020-09-10,603986,124.59000000,121.47000000,126.12000000,120.94000000,,61653.11000000,4.26442743,-0.87318427,-1.07000000,,兆易创新
2020-09-11,603986,122.54000000,124.62000000,125.11000000,121.40000000,,59666.10000000,2.97705023,2.59323290,3.15000000,,兆易创新
2020-09-14,603986,125.76000000,123.99000000,126.97000000,123.12000000,,56010.17000000,3.10508912,-0.50553683,-0.63000000,,兆易创新
2020-09-15,603986,123.17000000,125.76000000,128.69000000,121.40000000,,81268.15000000,5.79675573,1.42753448,1.77000000,,兆易创新
2020-09-16,603986,125.32000000,124.53000000,127.36000000,124.04000000,,51785.72000000,2.66602425,-0.97805344,-1.23000000,,兆易创新
2020-09-17,603986,124.33000000,125.94000000,127.69000000,121.83000000,,77928.67000000,4.65300937,1.13225729,1.41000000,,兆易创新
2020-09-18,603986,125.44000000,127.40000000,127.78000000,124.54000000,,62129.91000000,2.54317111,1.15928220,1.46000000,,兆易创新
2020-09-21,603986,128.26000000,124.92000000,128.89000000,124.77000000,,54391.33000000,3.29811079,-1.94662480,-2.48000000,,兆易创新
2020-09-22,603986,123.05000000,123.26000000,125.97000000,122.70000000,,40280.53000000,2.65292877,-1.32885046,-1.66000000,,兆易创新
2020-09-23,603986,123.97000000,127.33000000,127.54000000,123.89000000,,79873.31000000,2.86656719,3.30196333,4.07000000,,兆易创新
2020-09-24,603986,125.76000000,125.69000000,127.19000000,124.99000000,,48159.12000000,1.75033813,-1.28799183,-1.64000000,,兆易创新
2020-09-25,603986,127.18000000,124.33000000,127.19000000,123.61000000,,40151.23000000,2.87943376,-1.08202721,-1.36000000,,兆易创新
2020-09-28,603986,123.26000000,121.12000000,123.62000000,120.76000000,,53723.34000000,2.36129458,-2.58183866,-3.21000000,,兆易创新
2020-09-29,603986,121.79000000,121.29000000,123.39000000,121.04000000,,44110.34000000,1.93750515,0.14035667,0.17000000,,兆易创新
2020-09-30,603986,121.83000000,120.48000000,122.19000000,120.44000000,,35910.75000000,1.45252324,-0.66782093,-0.81000000,,兆易创新
2020-10-09,603986,122.54000000,125.27000000,125.39000000,122.04000000,,65511.78000000,2.67422368,3.97576361,4.79000000,,兆易创新
2020-10-12,603986,126.62000000,130.74000000,130.82000000,125.76000000,,93433.94000000,3.87027689,4.36656821,5.47000000,,兆易创新
2020-10-13,603986,131.08000000,129.66000000,131.10000000,128.34000000,,58571.81000000,2.12864415,-0.82606700,-1.08000000,,兆易创新
2020-10-14,603986,129.21000000,128.43000000,129.44000000,127.03000000,,46080.85000000,1.87650860,-0.94863489,-1.23000000,,兆易创新
2020-10-15,603986,128.75000000,129.38000000,133.89000000,128.69000000,,84129.89000000,4.01916834,0.73970256,0.95000000,,兆易创新
2020-10-16,603986,130.40000000,127.92000000,131.12000000,126.83000000,,46348.25000000,3.35365854,-1.12845880,-1.46000000,,兆易创新
2020-10-19,603986,128.26000000,126.32000000,128.89000000,126.17000000,,33959.02000000,2.15326156,-1.25078174,-1.60000000,,兆易创新
2020-10-20,603986,126.12000000,126.62000000,126.79000000,123.84000000,,33821.25000000,2.32980572,0.23749208,0.30000000,,兆易创新
2020-10-21,603986,126.83000000,123.72000000,126.83000000,123.62000000,,37199.60000000,2.59456838,-2.29031749,-2.90000000,,兆易创新
2020-10-22,603986,123.69000000,125.63000000,126.47000000,122.28000000,,37563.39000000,3.33519064,1.54380860,1.91000000,,兆易创新
2020-10-23,603986,125.33000000,123.29000000,125.97000000,123.26000000,,30641.11000000,2.19806959,-1.86261243,-2.34000000,,兆易创新
2020-10-26,603986,121.83000000,121.82000000,123.97000000,121.19000000,,28498.37000000,2.28205549,-1.19231081,-1.47000000,,兆易创新
2020-10-27,603986,121.12000000,123.72000000,123.97000000,120.77000000,,27645.50000000,2.58648561,1.55967821,1.90000000,,兆易创新
2020-10-28,603986,124.43000000,126.22000000,126.67000000,121.87000000,,40475.06000000,3.80288385,2.02069188,2.50000000,,兆易创新
2020-10-29,603986,124.06000000,123.26000000,125.29000000,121.83000000,,43306.58000000,2.80707448,-2.34511171,-2.96000000,,兆易创新
2020-10-30,603986,126.12000000,135.90000000,135.90000000,126.12000000,,236363.87000000,7.19646799,10.25474607,12.64000000,,兆易创新
2020-11-02,603986,137.54000000,143.69000000,145.17000000,133.97000000,,227854.27000000,7.79455773,5.73215600,7.79000000,,兆易创新
2020-11-03,603986,143.97000000,142.04000000,144.96000000,139.84000000,,139189.74000000,3.60461842,-1.14830538,-1.65000000,,兆易创新
2020-11-04,603986,142.54000000,143.26000000,145.97000000,141.14000000,,102629.38000000,3.37149239,0.85891298,1.22000000,,兆易创新
2020-11-05,603986,146.24000000,144.54000000,146.87000000,141.60000000,,94249.05000000,3.64604954,0.89348039,1.28000000,,兆易创新
2020-11-06,603986,145.40000000,148.37000000,148.40000000,141.12000000,,126017.38000000,4.90665229,2.64978553,3.83000000,,兆易创新
2020-11-09,603986,151.12000000,157.61000000,163.52000000,151.12000000,,211920.09000000,7.86752110,6.22767406,9.24000000,,兆易创新
2020-11-10,603986,155.40000000,151.43000000,156.46000000,150.44000000,,114560.27000000,3.97543419,-3.92107100,-6.18000000,,兆易创新
2020-11-11,603986,148.97000000,141.12000000,150.32000000,140.49000000,,128431.24000000,6.96570295,-6.80842634,-10.31000000,,兆易创新
2020-11-12,603986,144.19000000,142.12000000,144.29000000,140.34000000,,56191.44000000,2.77934140,0.70861678,1.00000000,,兆易创新
2020-11-13,603986,140.42000000,144.79000000,146.33000000,139.94000000,,75712.25000000,4.41328821,1.87869406,2.67000000,,兆易创新
2020-11-16,603986,143.44000000,140.04000000,144.68000000,138.07000000,,89199.84000000,4.72007998,-3.28061330,-4.75000000,,兆易创新
2020-11-17,603986,139.69000000,150.14000000,151.01000000,135.40000000,,153371.60000000,10.39696283,7.21222508,10.10000000,,兆易创新
2020-11-18,603986,147.54000000,147.40000000,150.95000000,145.97000000,,122901.73000000,3.37856174,-1.82496337,-2.74000000,,兆易创新
2020-11-19,603986,146.12000000,148.26000000,152.74000000,145.92000000,,103904.14000000,4.60002698,0.58344640,0.86000000,,兆易创新
2020-11-20,603986,147.84000000,145.12000000,149.39000000,144.44000000,,79810.16000000,3.41097023,-2.11790098,-3.14000000,,兆易创新
2020-11-23,603986,144.69000000,147.27000000,150.04000000,144.10000000,,95959.79000000,4.03340803,1.48153252,2.15000000,,兆易创新
2020-11-24,603986,148.26000000,147.26000000,150.40000000,146.12000000,,93762.02000000,2.90642401,-0.00679025,-0.01000000,,兆易创新
2020-11-25,603986,146.83000000,143.83000000,147.46000000,142.90000000,,79417.69000000,3.17040951,-2.32921364,-3.43000000,,兆易创新
2020-11-26,603986,143.83000000,140.94000000,145.08000000,140.75000000,,57958.17000000,3.07222932,-2.00931655,-2.89000000,,兆易创新
2020-11-27,603986,140.41000000,142.25000000,143.26000000,138.89000000,,56139.82000000,3.07205624,0.92947353,1.31000000,,兆易创新
2020-11-30,603986,143.33000000,144.39000000,147.96000000,140.44000000,,106231.80000000,5.20811691,1.50439367,2.14000000,,兆易创新
2020-12-01,603986,144.32000000,144.74000000,145.74000000,142.95000000,,66433.67000000,1.92759431,0.24239906,0.35000000,,兆易创新
2020-12-02,603986,146.32000000,150.47000000,152.37000000,146.26000000,,185700.57000000,4.06061009,3.95882272,5.73000000,,兆易创新
2020-12-03,603986,150.38000000,148.96000000,152.19000000,147.57000000,,99941.54000000,3.10150376,-1.00352230,-1.51000000,,兆易创新
2020-12-04,603986,150.41000000,151.47000000,152.18000000,148.98000000,,86797.09000000,2.11262956,1.68501611,2.51000000,,兆易创新
2020-12-07,603986,156.85000000,149.69000000,157.76000000,149.32000000,,122061.08000000,5.63831919,-1.17515019,-1.78000000,,兆易创新
2020-12-08,603986,148.97000000,149.33000000,151.03000000,147.92000000,,57434.40000000,2.08263577,-0.24049703,-0.36000000,,兆易创新
2020-12-09,603986,148.83000000,144.87000000,149.89000000,144.46000000,,73849.52000000,3.74818803,-2.98667381,-4.46000000,,兆易创新
2020-12-10,603986,144.40000000,146.76000000,148.26000000,142.62000000,,84484.10000000,3.84300899,1.30461793,1.89000000,,兆易创新
2020-12-11,603986,147.21000000,140.04000000,147.21000000,139.76000000,,154345.76000000,5.31990860,-4.57890433,-6.72000000,,兆易创新
2020-12-14,603986,140.54000000,143.68000000,143.80000000,139.34000000,,89474.44000000,3.10412027,2.59925736,3.64000000,,兆易创新
2020-12-15,603986,143.69000000,143.19000000,145.09000000,141.12000000,,66423.13000000,2.77253998,-0.34103563,-0.49000000,,兆易创新
2020-12-16,603986,142.40000000,141.84000000,144.14000000,141.12000000,,46131.81000000,2.12915962,-0.94280327,-1.35000000,,兆易创新
2020-12-17,603986,141.47000000,143.48000000,144.33000000,140.42000000,,50581.97000000,2.72511848,1.15623237,1.64000000,,兆易创新
2020-12-18,603986,145.69000000,141.04000000,146.47000000,140.40000000,,77879.70000000,4.30374362,-1.70058545,-2.44000000,,兆易创新
2020-12-21,603986,137.53000000,139.82000000,141.07000000,132.54000000,,104449.84000000,6.10070090,-0.86500284,-1.22000000,,兆易创新
2020-12-22,603986,136.90000000,135.04000000,139.54000000,135.04000000,,78421.58000000,3.33234597,-3.41868116,-4.78000000,,兆易创新
2020-12-23,603986,135.04000000,135.75000000,136.82000000,133.24000000,,84864.58000000,2.63720074,0.52577014,0.71000000,,兆易创新
2020-12-24,603986,135.76000000,131.83000000,137.46000000,129.33000000,,100300.74000000,6.16703330,-2.88766114,-3.92000000,,兆易创新
2020-12-25,603986,131.22000000,127.64000000,131.26000000,127.19000000,,87944.00000000,3.18865559,-3.17833574,-4.19000000,,兆易创新
2020-12-28,603986,127.55000000,128.44000000,130.17000000,125.77000000,,65467.69000000,3.42572407,0.62676277,0.80000000,,兆易创新
2020-12-29,603986,129.37000000,135.27000000,139.54000000,129.08000000,,143990.67000000,7.73268278,5.31765805,6.83000000,,兆易创新
2020-12-30,603986,133.89000000,136.27000000,137.27000000,131.21000000,,101168.57000000,4.44705364,0.73926222,1.00000000,,兆易创新
2020-12-31,603986,137.89000000,137.90000000,139.33000000,135.83000000,,82931.87000000,2.53807107,1.19615469,1.63000000,,兆易创新
2021-01-04,603986,138.25000000,138.70000000,140.39000000,135.83000000,,90190.76000000,3.28767123,0.58013053,0.80000000,,兆易创新
2021-01-05,603986,136.44000000,146.04000000,146.57000000,136.12000000,,165507.62000000,7.15557382,5.29199712,7.34000000,,兆易创新
2021-01-06,603986,147.78000000,142.34000000,148.40000000,140.44000000,,128544.64000000,5.59224392,-2.53355245,-3.70000000,,兆易创新
2021-01-07,603986,141.47000000,140.08000000,142.19000000,137.26000000,,103619.07000000,3.51941748,-1.58774765,-2.26000000,,兆易创新
2021-01-08,603986,140.26000000,141.52000000,142.67000000,137.34000000,,94135.83000000,3.76625212,1.02798401,1.44000000,,兆易创新
2021-01-11,603986,145.40000000,142.68000000,149.83000000,141.84000000,,160179.00000000,5.59994393,0.81967213,1.16000000,,兆易创新
2021-01-12,603986,140.79000000,144.07000000,144.32000000,137.12000000,,131985.97000000,4.99757063,0.97420802,1.39000000,,兆易创新
2021-01-13,603986,145.38000000,150.49000000,150.54000000,142.72000000,,233914.89000000,5.19635856,4.45616714,6.42000000,,兆易创新
2021-01-14,603986,152.48000000,153.56000000,156.19000000,147.12000000,,277179.07000000,5.90648606,2.04000266,3.07000000,,兆易创新
2021-01-15,603986,152.26000000,150.26000000,155.02000000,146.32000000,,165420.26000000,5.78996406,-2.14899713,-3.30000000,,兆易创新
2021-01-18,603986,148.34000000,157.28000000,160.04000000,145.49000000,,220016.59000000,9.25101729,4.67190204,7.02000000,,兆易创新
2021-01-19,603986,157.47000000,157.54000000,160.76000000,154.78000000,,154154.61000000,3.79586137,0.16531027,0.26000000,,兆易创新
2021-01-20,603986,157.60000000,157.90000000,159.39000000,156.19000000,,109271.76000000,2.02659911,0.22851339,0.36000000,,兆易创新
2021-01-21,603986,158.97000000,152.58000000,158.97000000,151.27000000,,150883.30000000,5.04653297,-3.36922103,-5.32000000,,兆易创新
2021-01-22,603986,151.83000000,146.60000000,152.54000000,145.10000000,,190509.15000000,5.07503411,-3.91925547,-5.98000000,,兆易创新
2021-01-25,603986,138.95000000,141.17000000,144.38000000,134.92000000,,219740.99000000,6.70114047,-3.70395634,-5.43000000,,兆易创新
2021-01-26,603986,139.76000000,136.62000000,143.40000000,136.57000000,,104485.00000000,4.99926804,-3.22306439,-4.55000000,,兆易创新
2021-01-27,603986,137.54000000,133.03000000,137.69000000,131.23000000,,113041.97000000,4.85604751,-2.62772654,-3.59000000,,兆易创新
2021-01-28,603986,131.12000000,129.90000000,134.64000000,129.52000000,,80240.92000000,3.94149346,-2.35285274,-3.13000000,,兆易创新
2021-01-29,603986,130.68000000,126.83000000,131.47000000,125.83000000,,96536.82000000,4.44689742,-2.36335643,-3.07000000,,兆易创新
2021-02-01,603986,126.12000000,128.52000000,128.95000000,125.90000000,,58084.56000000,2.37317149,1.33249231,1.69000000,,兆易创新
2021-02-02,603986,128.97000000,132.22000000,133.72000000,128.96000000,,74304.17000000,3.60006051,2.87892935,3.70000000,,兆易创新
2021-02-03,603986,131.32000000,126.83000000,132.08000000,126.83000000,,78530.43000000,4.13939920,-4.07653910,-5.39000000,,兆易创新
2021-02-04,603986,125.41000000,129.67000000,130.76000000,117.54000000,,157699.42000000,10.19511067,2.23921785,2.84000000,,兆易创新
2021-02-05,603986,127.54000000,122.33000000,128.18000000,121.83000000,,87969.67000000,5.19087714,-5.66052287,-7.34000000,,兆易创新
2021-02-08,603986,122.33000000,124.74000000,126.99000000,122.30000000,,62652.94000000,3.75982043,1.97008093,2.41000000,,兆易创新
2021-02-09,603986,125.53000000,128.02000000,128.09000000,123.97000000,,59910.06000000,3.21824715,2.62946930,3.28000000,,兆易创新
2021-02-10,603986,128.83000000,128.13000000,128.83000000,126.60000000,,48574.92000000,1.74041989,0.08592407,0.11000000,,兆易创新
2021-02-18,603986,130.83000000,131.88000000,135.03000000,129.65000000,,91185.20000000,4.07946618,2.92671506,3.75000000,,兆易创新
2021-02-19,603986,131.69000000,136.77000000,137.24000000,130.44000000,,104555.38000000,4.97185055,3.70791629,4.89000000,,兆易创新
2021-02-22,603986,134.69000000,131.12000000,136.40000000,131.12000000,,82565.45000000,4.02684564,-4.13102289,-5.65000000,,兆易创新
2021-02-23,603986,129.69000000,127.69000000,129.90000000,125.89000000,,58968.85000000,3.14041820,-2.61592434,-3.43000000,,兆易创新
2021-02-24,603986,128.26000000,135.64000000,139.69000000,127.90000000,,172626.19000000,8.69212622,6.22601613,7.95000000,,兆易创新
2021-02-25,603986,136.74000000,137.12000000,139.58000000,134.31000000,,100700.47000000,3.84334889,1.09112356,1.48000000,,兆易创新
2021-02-26,603986,134.27000000,134.33000000,140.04000000,132.06000000,,100892.61000000,5.94059406,-2.03471412,-2.79000000,,兆易创新
2021-03-01,603986,136.83000000,141.69000000,142.89000000,135.04000000,,128746.71000000,5.54026396,5.47904415,7.36000000,,兆易创新
2021-03-02,603986,142.92000000,143.02000000,144.24000000,140.06000000,,123074.61000000,2.92266816,0.93866893,1.33000000,,兆易创新
2021-03-03,603986,141.82000000,138.97000000,141.82000000,136.19000000,,94015.58000000,4.05123408,-2.83177178,-4.05000000,,兆易创新
2021-03-04,603986,137.65000000,135.41000000,140.19000000,134.34000000,,61634.18000000,4.32021269,-2.56170396,-3.56000000,,兆易创新
2021-03-05,603986,133.26000000,135.96000000,137.89000000,132.63000000,,53005.68000000,3.86878494,0.40617384,0.55000000,,兆易创新
2021-03-08,603986,136.12000000,126.12000000,136.47000000,126.12000000,,82446.96000000,8.20647003,-7.23742277,-9.84000000,,兆易创新
2021-03-09,603986,124.54000000,120.70000000,126.10000000,118.98000000,,91614.12000000,5.89892295,-4.29749445,-5.42000000,,兆易创新
2021-03-10,603986,122.19000000,119.02000000,122.96000000,118.90000000,,52385.20000000,3.41119140,-1.39188070,-1.68000000,,兆易创新
2021-03-11,603986,119.02000000,120.93000000,123.97000000,117.10000000,,70355.29000000,5.68097246,1.60477231,1.91000000,,兆易创新
2021-03-12,603986,121.08000000,117.54000000,121.12000000,117.27000000,,57117.43000000,3.27548069,-2.80327462,-3.39000000,,兆易创新
2021-03-15,603986,116.83000000,106.38000000,116.83000000,105.47000000,,132165.96000000,10.67869900,-9.49464012,-11.16000000,,兆易创新
2021-03-16,603986,107.54000000,107.92000000,109.04000000,101.85000000,,96948.92000000,6.66234248,1.44764053,1.54000000,,兆易创新
2021-03-17,603986,107.92000000,117.46000000,118.29000000,106.49000000,,113408.80000000,10.04597310,8.83988139,9.54000000,,兆易创新
2021-03-18,603986,118.25000000,115.97000000,118.60000000,114.84000000,,51321.96000000,3.24221781,-1.26851694,-1.49000000,,兆易创新
2021-03-19,603986,113.39000000,118.26000000,122.33000000,111.68000000,,86883.22000000,9.00558092,1.97464862,2.29000000,,兆易创新
2021-03-22,603986,118.26000000,117.92000000,120.14000000,115.91000000,,40546.11000000,3.58717775,-0.28750211,-0.34000000,,兆易创新
2021-03-23,603986,118.73000000,116.97000000,121.54000000,116.53000000,,48237.14000000,4.28314953,-0.80563094,-0.95000000,,兆易创新
2021-03-24,603986,116.12000000,116.09000000,117.97000000,114.30000000,,41668.46000000,3.16134034,-0.75232966,-0.88000000,,兆易创新
2021-03-25,603986,114.69000000,118.07000000,120.71000000,114.33000000,,46575.68000000,5.40357415,1.70557326,1.98000000,,兆易创新
2021-03-26,603986,118.06000000,118.92000000,120.62000000,116.33000000,,55972.57000000,3.60746720,0.71991192,0.85000000,,兆易创新
2021-03-29,603986,119.77000000,119.94000000,123.04000000,118.76000000,,68351.78000000,3.56845089,0.85771948,1.02000000,,兆易创新
2021-03-30,603986,119.69000000,117.62000000,120.76000000,116.97000000,,56477.54000000,3.22224112,-1.93430048,-2.32000000,,兆易创新
2021-03-31,603986,117.97000000,118.89000000,119.24000000,116.49000000,,42514.97000000,2.31306249,1.07974834,1.27000000,,兆易创新
2021-04-01,603986,119.33000000,121.85000000,123.00000000,118.89000000,,69044.90000000,3.37299959,2.48969636,2.96000000,,兆易创新
2021-04-02,603986,123.89000000,127.19000000,128.81000000,123.89000000,,96140.01000000,3.86822863,4.38243742,5.34000000,,兆易创新
2021-04-06,603986,128.69000000,125.44000000,128.97000000,125.40000000,,45457.48000000,2.84598214,-1.37589433,-1.75000000,,兆易创新
2021-04-07,603986,124.59000000,126.99000000,127.14000000,121.92000000,,62059.63000000,4.11055989,1.23565051,1.55000000,,兆易创新
2021-04-08,603986,125.64000000,126.97000000,128.22000000,124.99000000,,41391.22000000,2.54390801,-0.01574927,-0.02000000,,兆易创新
2021-04-09,603986,126.97000000,126.83000000,129.13000000,126.40000000,,44972.10000000,2.15248758,-0.11026227,-0.14000000,,兆易创新
2021-04-12,603986,124.46000000,128.19000000,130.45000000,122.70000000,,75211.09000000,6.04571339,1.07230151,1.36000000,,兆易创新
2021-04-13,603986,127.75000000,125.62000000,129.67000000,124.92000000,,49624.17000000,3.78124502,-2.00483657,-2.57000000,,兆易创新
2021-04-14,603986,124.69000000,127.34000000,129.32000000,124.58000000,,41372.43000000,3.72231820,1.36920872,1.72000000,,兆易创新
2021-04-15,603986,126.97000000,126.19000000,127.97000000,123.08000000,,45098.59000000,3.87510896,-0.90309408,-1.15000000,,兆易创新
2021-04-16,603986,126.21000000,121.12000000,127.17000000,121.10000000,,61823.36000000,5.01155878,-4.01775101,-5.07000000,,兆易创新
2021-04-19,603986,116.47000000,118.69000000,120.76000000,110.76000000,,140934.33000000,8.42530963,-2.00627477,-2.43000000,,兆易创新
2021-04-20,603986,118.26000000,119.54000000,122.26000000,117.58000000,,78917.56000000,3.91500753,0.71615132,0.85000000,,兆易创新
2021-04-21,603986,118.73000000,118.52000000,120.27000000,117.37000000,,48917.71000000,2.44684441,-0.85327087,-1.02000000,,兆易创新
2021-04-22,603986,118.54000000,118.76000000,120.66000000,117.90000000,,45271.37000000,2.32401482,0.20249747,0.24000000,,兆易创新
2021-04-23,603986,119.69000000,121.88000000,122.09000000,118.97000000,,54771.77000000,2.55989498,2.62714719,3.12000000,,兆易创新
2021-04-26,603986,123.17000000,128.29000000,132.19000000,122.54000000,,102763.34000000,7.52202042,5.25927141,6.41000000,,兆易创新
2021-04-27,603986,128.62000000,129.68000000,130.12000000,126.11000000,,61595.04000000,3.09222702,1.08348273,1.39000000,,兆易创新
2021-04-28,603986,134.69000000,136.67000000,137.17000000,128.40000000,,128414.52000000,6.41691666,5.39019124,6.99000000,,兆易创新
2021-04-29,603986,137.19000000,135.26000000,141.24000000,134.97000000,,82823.26000000,4.63551678,-1.03168215,-1.41000000,,兆易创新
2021-04-30,603986,135.26000000,134.85000000,137.54000000,134.69000000,,55172.35000000,2.11345940,-0.30311992,-0.41000000,,兆易创新
2021-05-06,603986,134.22000000,130.67000000,136.02000000,130.40000000,,64574.44000000,4.30091069,-3.09974045,-4.18000000,,兆易创新
2021-05-07,603986,132.24000000,123.94000000,133.67000000,123.83000000,,85796.40000000,7.93932548,-5.15037882,-6.73000000,,兆易创新
2021-05-10,603986,123.94000000,117.87000000,123.94000000,116.87000000,,100434.65000000,5.99813354,-4.89753106,-6.07000000,,兆易创新
2021-05-11,603986,117.87000000,115.44000000,118.39000000,113.99000000,,73709.85000000,3.81150381,-2.06159328,-2.43000000,,兆易创新
2021-05-12,603986,115.26000000,118.27000000,118.27000000,114.69000000,,82313.44000000,3.02697218,2.45148995,2.83000000,,兆易创新
2021-05-13,603986,116.47000000,116.40000000,118.20000000,115.41000000,,57337.69000000,2.39690722,-1.58112793,-1.87000000,,兆易创新
2021-05-14,603986,117.54000000,119.61000000,120.04000000,113.55000000,,82959.81000000,5.42596773,2.75773196,3.21000000,,兆易创新
2021-05-17,603986,120.40000000,121.19000000,123.09000000,119.66000000,,72847.99000000,2.83026652,1.32095979,1.58000000,,兆易创新
2021-05-18,603986,119.73000000,120.37000000,120.57000000,118.35000000,,42726.25000000,1.84431337,-0.67662348,-0.82000000,,兆易创新
2021-05-19,603986,119.93000000,121.97000000,122.61000000,119.66000000,,49728.40000000,2.41862753,1.32923486,1.60000000,,兆易创新
2021-05-20,603986,121.83000000,121.09000000,121.85000000,118.47000000,,74423.70000000,2.79131225,-0.72148889,-0.88000000,,兆易创新
2021-05-21,603986,121.10000000,119.03000000,125.23000000,118.33000000,,84184.17000000,5.79685793,-1.70121397,-2.06000000,,兆易创新
2021-05-24,603986,116.26000000,116.95000000,117.56000000,112.28000000,,148225.06000000,4.51474989,-1.74745862,-2.08000000,,兆易创新
2021-05-25,603986,117.70000000,127.58000000,128.38000000,117.70000000,,227813.46000000,8.37121806,9.08935442,10.63000000,,兆易创新
2021-05-26,603986,129.13000000,126.83000000,129.13000000,126.27000000,,109399.66000000,2.25498699,-0.58786644,-0.75000000,,兆易创新
2021-05-27,603986,127.48000000,131.11000000,133.79000000,127.22000000,,182662.03000000,5.01105942,3.37459592,4.28000000,,兆易创新
2021-05-28,603986,130.54000000,130.73000000,134.30000000,128.23000000,,159603.35000000,4.64315765,-0.28983296,-0.38000000,,兆易创新
2021-05-31,603986,133.33000000,132.50000000,138.14000000,131.02000000,,166035.95000000,5.37358491,1.35393559,1.77000000,,兆易创新
2021-06-01,603986,132.50000000,133.31000000,135.89000000,128.44000000,,141091.53000000,5.58847798,0.61132075,0.81000000,,兆易创新
2021-06-02,603986,136.83000000,135.56000000,139.23000000,134.95000000,,186071.91000000,3.15727353,1.68779536,2.25000000,,兆易创新
2021-06-03,603986,135.05000000,135.23000000,137.08000000,129.95000000,,142432.00000000,5.27249871,-0.24343464,-0.33000000,,兆易创新
2021-06-04,603986,135.21000000,139.85000000,141.12000000,134.24000000,,188498.69000000,4.91955667,3.41640169,4.62000000,,兆易创新
2021-06-07,603986,142.97000000,141.12000000,144.11000000,139.48000000,,206976.36000000,3.28089569,0.90811584,1.27000000,,兆易创新
2021-06-08,603986,142.11000000,137.42000000,142.21000000,136.64000000,,129187.68000000,4.05326736,-2.62188209,-3.70000000,,兆易创新
2021-06-09,603986,136.64000000,137.92000000,139.89000000,136.18000000,,97426.05000000,2.68996520,0.36384806,0.50000000,,兆易创新
2021-06-10,603986,137.62000000,138.83000000,139.33000000,136.73000000,,108998.41000000,1.87279406,0.65980278,0.91000000,,兆易创新
2021-06-11,603986,139.43000000,138.23000000,140.03000000,137.23000000,,113196.51000000,2.02560949,-0.43218325,-0.60000000,,兆易创新
2021-06-15,603986,138.23000000,135.10000000,142.48000000,134.23000000,,153919.13000000,6.10658771,-2.26434204,-3.13000000,,兆易创新
2021-06-16,603986,136.60000000,132.50000000,140.79000000,132.21000000,,179991.26000000,6.47547170,-1.92450037,-2.60000000,,兆易创新
2021-06-17,603986,133.58000000,146.03000000,146.03000000,133.56000000,,254915.27000000,8.53934123,10.21132075,13.53000000,,兆易创新
2021-06-18,603986,150.23000000,155.23000000,157.21000000,149.85000000,,376808.48000000,4.74135154,6.30007533,9.20000000,,兆易创新
2021-06-21,603986,155.23000000,156.11000000,159.11000000,152.13000000,,218854.55000000,4.47120620,0.56690073,0.88000000,,兆易创新
2021-06-22,603986,157.22000000,162.49000000,164.23000000,153.62000000,,256650.39000000,6.52963259,4.08686183,6.38000000,,兆易创新
2021-06-23,603986,160.32000000,170.38000000,176.73000000,159.26000000,,328876.31000000,10.25355089,4.85568343,7.89000000,,兆易创新
2021-06-24,603986,168.73000000,170.17000000,172.12000000,165.38000000,,184934.93000000,3.96074514,-0.12325390,-0.21000000,,兆易创新
2021-06-25,603986,169.23000000,168.23000000,171.73000000,162.24000000,,183340.77000000,5.64108661,-1.14003643,-1.94000000,,兆易创新
2021-06-28,603986,168.23000000,175.81000000,180.13000000,168.10000000,,199823.26000000,6.84261419,4.50573619,7.58000000,,兆易创新
2021-06-29,603986,176.23000000,171.98000000,177.23000000,170.13000000,,141280.90000000,4.12838702,-2.17848814,-3.83000000,,兆易创新
2021-06-30,603986,174.53000000,185.13000000,185.66000000,174.24000000,,225236.36000000,6.16863825,7.64623793,13.15000000,,兆易创新
2021-07-01,603986,184.18000000,181.91000000,188.97000000,180.40000000,,179190.62000000,4.71112088,-1.73931832,-3.22000000,,兆易创新
2021-07-02,603986,177.76000000,175.52000000,181.89000000,174.03000000,,208713.04000000,4.47812215,-3.51272607,-6.39000000,,兆易创新
2021-07-05,603986,179.09000000,188.51000000,189.78000000,177.23000000,,233741.11000000,6.65747175,7.40086600,12.99000000,,兆易创新
2021-07-06,603986,187.23000000,176.03000000,187.23000000,170.23000000,,288462.74000000,9.65744475,-6.62033844,-12.48000000,,兆易创新
2021-07-07,603986,171.63000000,180.13000000,181.57000000,168.22000000,,217122.64000000,7.41131405,2.32914844,4.10000000,,兆易创新
2021-07-08,603986,180.23000000,188.42000000,192.87000000,179.78000000,,227412.50000000,6.94724552,4.60223172,8.29000000,,兆易创新
2021-07-09,603986,187.23000000,186.23000000,191.22000000,180.88000000,,153030.78000000,5.55227407,-1.16229700,-2.19000000,,兆易创新
2021-07-12,603986,190.43000000,189.23000000,192.93000000,183.59000000,,202501.09000000,4.93579242,1.61091124,3.00000000,,兆易创新
2021-07-13,603986,187.23000000,175.92000000,189.63000000,172.23000000,,251373.92000000,9.89085948,-7.03376843,-13.31000000,,兆易创新
2021-07-14,603986,175.83000000,172.13000000,178.81000000,171.23000000,,148450.49000000,4.40364841,-2.15438836,-3.79000000,,兆易创新
2021-07-15,603986,172.24000000,171.06000000,173.03000000,164.23000000,,164889.83000000,5.14439378,-0.62162319,-1.07000000,,兆易创新
2021-07-16,603986,171.18000000,164.78000000,177.55000000,164.11000000,,183390.32000000,8.15632965,-3.67122647,-6.28000000,,兆易创新
2021-07-19,603986,162.23000000,168.41000000,170.10000000,161.23000000,,124030.19000000,5.26690814,2.20293725,3.63000000,,兆易创新
2021-07-20,603986,167.10000000,170.03000000,171.90000000,164.23000000,,110048.49000000,4.51096865,0.96193813,1.62000000,,兆易创新
2021-07-21,603986,171.23000000,181.27000000,183.16000000,169.29000000,,234316.13000000,7.65156948,6.61059813,11.24000000,,兆易创新
2021-07-22,603986,181.21000000,186.92000000,190.11000000,177.61000000,,187590.83000000,6.68735288,3.11689745,5.65000000,,兆易创新
2021-07-23,603986,186.21000000,193.24000000,197.73000000,185.23000000,,206100.99000000,6.46864003,3.38112562,6.32000000,,兆易创新
2021-07-26,603986,193.46000000,197.79000000,201.73000000,188.98000000,,248686.25000000,6.44623085,2.35458497,4.55000000,,兆易创新
2021-07-27,603986,202.23000000,202.85000000,217.85000000,201.30000000,,404148.80000000,8.15873798,2.55826887,5.06000000,,兆易创新
2021-07-28,603986,199.11000000,199.12000000,209.24000000,187.21000000,,284031.81000000,11.06368019,-1.83879714,-3.73000000,,兆易创新
2021-07-29,603986,204.73000000,212.14000000,217.23000000,199.23000000,,265775.99000000,8.48496276,6.53877059,13.02000000,,兆易创新
2021-07-30,603986,209.33000000,227.28000000,232.36000000,207.43000000,,272195.43000000,10.96884900,7.13679646,15.14000000,,兆易创新
2021-08-02,603986,225.23000000,217.23000000,225.93000000,206.22000000,,268079.46000000,9.07333241,-4.42185850,-10.05000000,,兆易创新
2021-08-03,603986,212.23000000,195.23000000,212.23000000,195.23000000,,216505.85000000,8.70767812,-10.12751462,-22.00000000,,兆易创新
2021-08-04,603986,194.23000000,198.58000000,202.22000000,189.24000000,,310348.51000000,6.53640850,1.71592481,3.35000000,,兆易创新
2021-08-05,603986,196.23000000,195.79000000,203.23000000,192.24000000,,185863.20000000,5.61315695,-1.40497532,-2.79000000,,兆易创新
2021-08-06,603986,199.60000000,193.23000000,203.97000000,188.24000000,,195675.84000000,8.14055788,-1.30752337,-2.56000000,,兆易创新
2021-08-09,603986,189.24000000,186.97000000,189.24000000,177.73000000,,203341.61000000,6.15606782,-3.23966258,-6.26000000,,兆易创新
2021-08-10,603986,186.98000000,180.12000000,188.38000000,175.24000000,,234412.60000000,7.29513658,-3.66368936,-6.85000000,,兆易创新
2021-08-11,603986,180.53000000,183.24000000,185.20000000,178.74000000,,166401.68000000,3.52543113,1.73217855,3.12000000,,兆易创新
2021-08-12,603986,181.74000000,185.50000000,191.73000000,181.12000000,,168970.73000000,5.71967655,1.23335516,2.26000000,,兆易创新
2021-08-13,603986,179.73000000,169.64000000,181.22000000,168.71000000,,330270.63000000,7.37443999,-8.54986523,-15.86000000,,兆易创新
2021-08-16,603986,169.23000000,171.73000000,176.86000000,165.06000000,,260083.77000000,6.87125138,1.23202075,2.09000000,,兆易创新
2021-08-17,603986,171.74000000,160.95000000,172.77000000,160.46000000,,252562.03000000,7.64833799,-6.27729575,-10.78000000,,兆易创新
2021-08-18,603986,164.69000000,164.03000000,165.23000000,160.23000000,,146533.50000000,3.04822289,1.91363778,3.08000000,,兆易创新
2021-08-19,603986,164.03000000,164.25000000,167.93000000,161.23000000,,151744.96000000,4.07914764,0.13412181,0.22000000,,兆易创新
2021-08-20,603986,165.23000000,165.32000000,168.41000000,160.38000000,,154479.53000000,4.85724655,0.65144597,1.07000000,,兆易创新
2021-08-23,603986,167.13000000,162.98000000,168.33000000,161.96000000,,189754.59000000,3.90845503,-1.41543673,-2.34000000,,兆易创新
2021-08-24,603986,164.01000000,175.81000000,176.68000000,163.18000000,,253353.88000000,7.67874410,7.87213155,12.83000000,,兆易创新
2021-08-25,603986,175.81000000,168.58000000,175.91000000,163.73000000,,248274.46000000,7.22505635,-4.11239406,-7.23000000,,兆易创新
2021-08-26,603986,166.23000000,165.23000000,173.62000000,164.30000000,,168922.88000000,5.64062216,-1.98718709,-3.35000000,,兆易创新
2021-08-27,603986,165.13000000,172.73000000,173.73000000,163.89000000,,176595.86000000,5.69675216,4.53912728,7.50000000,,兆易创新
2021-08-30,603986,180.23000000,167.29000000,180.43000000,165.91000000,,265184.20000000,8.67953853,-3.14942396,-5.44000000,,兆易创新
2021-08-31,603986,150.28000000,150.28000000,156.22000000,150.28000000,,329879.21000000,3.95262177,-10.16797179,-17.01000000,,兆易创新
2021-09-01,603986,148.88000000,150.88000000,152.22000000,143.04000000,,322929.37000000,6.08430541,0.39925472,0.60000000,,兆易创新
2021-09-02,603986,148.73000000,143.72000000,151.43000000,143.11000000,,241180.21000000,5.78903423,-4.74549311,-7.16000000,,兆易创新
2021-09-03,603986,145.23000000,145.10000000,148.67000000,143.33000000,,150647.93000000,3.68022054,0.96020039,1.38000000,,兆易创新
2021-09-06,603986,145.11000000,149.79000000,152.43000000,143.59000000,,159980.89000000,5.90159557,3.23225362,4.69000000,,兆易创新
2021-09-07,603986,149.85000000,153.23000000,154.76000000,149.85000000,,113758.74000000,3.20433336,2.29654850,3.44000000,,兆易创新
2021-09-08,603986,153.30000000,153.23000000,156.26000000,152.23000000,,96664.34000000,2.63003328,0.00000000,0.00000000,,兆易创新
2021-09-09,603986,153.23000000,151.48000000,154.23000000,149.79000000,,99041.68000000,2.93108001,-1.14207401,-1.75000000,,兆易创新
2021-09-10,603986,152.23000000,157.13000000,159.81000000,150.91000000,,171333.37000000,5.66409979,3.72986533,5.65000000,,兆易创新
2021-09-13,603986,157.13000000,152.53000000,158.23000000,149.23000000,,149706.75000000,5.90047859,-2.92751225,-4.60000000,,兆易创新
2021-09-14,603986,151.31000000,151.87000000,156.33000000,150.03000000,,106629.65000000,4.14828472,-0.43270176,-0.66000000,,兆易创新
2021-09-15,603986,151.22000000,148.78000000,152.69000000,147.73000000,,110943.51000000,3.33378142,-2.03463489,-3.09000000,,兆易创新
2021-09-16,603986,148.63000000,145.13000000,150.67000000,144.53000000,,147554.85000000,4.23068973,-2.45328673,-3.65000000,,兆易创新
2021-09-17,603986,146.42000000,148.48000000,149.33000000,146.38000000,,80223.25000000,1.98679957,2.30827534,3.35000000,,兆易创新
2021-09-22,603986,145.59000000,146.52000000,149.03000000,145.23000000,,76268.33000000,2.59350259,-1.32004310,-1.96000000,,兆易创新
2021-09-23,603986,146.23000000,147.84000000,151.22000000,143.69000000,,126371.64000000,5.09334416,0.90090090,1.32000000,,兆易创新
2021-09-24,603986,147.23000000,147.43000000,150.53000000,145.23000000,,92182.52000000,3.59492641,-0.27732684,-0.41000000,,兆易创新
2021-09-27,603986,149.77000000,142.42000000,150.11000000,142.23000000,,158843.94000000,5.53293077,-3.39822289,-5.01000000,,兆易创新
2021-09-28,603986,140.23000000,150.14000000,154.48000000,140.08000000,,197192.36000000,9.59104835,5.42058700,7.72000000,,兆易创新
2021-09-29,603986,149.23000000,144.27000000,149.23000000,141.53000000,,171789.49000000,5.33721494,-3.90968429,-5.87000000,,兆易创新
2021-09-30,603986,144.22000000,142.22000000,146.14000000,141.63000000,,125425.75000000,3.17114330,-1.42094684,-2.05000000,,兆易创新
2021-10-08,603986,145.17000000,146.93000000,153.13000000,143.71000000,,166629.47000000,6.41121623,3.31177050,4.71000000,,兆易创新
2021-10-11,603986,146.23000000,144.58000000,149.63000000,144.23000000,,121753.84000000,3.73495643,-1.59940108,-2.35000000,,兆易创新
2021-10-12,603986,143.23000000,139.38000000,145.58000000,138.23000000,,144926.95000000,5.27335342,-3.59662471,-5.20000000,,兆易创新
2021-10-13,603986,140.19000000,142.49000000,143.12000000,137.97000000,,86952.23000000,3.61428872,2.23131009,3.11000000,,兆易创新
2021-10-14,603986,142.23000000,143.35000000,145.22000000,141.43000000,,70156.24000000,2.64387862,0.60355113,0.86000000,,兆易创新
2021-10-15,603986,143.23000000,152.77000000,153.09000000,142.23000000,,242289.09000000,7.10872554,6.57132892,9.42000000,,兆易创新
2021-10-18,603986,148.23000000,146.54000000,149.43000000,145.26000000,,224149.63000000,2.84563942,-4.07802579,-6.23000000,,兆易创新
2021-10-19,603986,145.43000000,145.68000000,147.53000000,143.57000000,,115337.02000000,2.71828666,-0.58687048,-0.86000000,,兆易创新
2021-10-20,603986,144.94000000,144.07000000,147.89000000,143.67000000,,109013.54000000,2.92913167,-1.10516200,-1.61000000,,兆易创新
2021-10-21,603986,142.34000000,143.92000000,146.03000000,142.07000000,,95018.57000000,2.75152863,-0.10411605,-0.15000000,,兆易创新
2021-10-22,603986,145.23000000,151.63000000,152.92000000,144.29000000,,216083.09000000,5.69148585,5.35714286,7.71000000,,兆易创新
2021-10-25,603986,153.59000000,149.83000000,154.00000000,147.40000000,,139451.09000000,4.40499232,-1.18710018,-1.80000000,,兆易创新
2021-10-26,603986,149.18000000,155.24000000,157.91000000,148.76000000,,200578.68000000,5.89409946,3.61075886,5.41000000,,兆易创新
2021-10-27,603986,155.26000000,154.79000000,155.30000000,150.73000000,,151005.40000000,2.95238711,-0.28987374,-0.45000000,,兆易创新
2021-10-28,603986,169.23000000,161.53000000,169.23000000,158.83000000,,411541.85000000,6.43843249,4.35428645,6.74000000,,兆易创新
2021-10-29,603986,163.13000000,166.74000000,174.18000000,161.54000000,,319704.00000000,7.58066451,3.22540705,5.21000000,,兆易创新
2021-11-01,603986,166.23000000,168.32000000,171.66000000,164.19000000,,213101.86000000,4.43797529,0.94758306,1.58000000,,兆易创新
2021-11-02,603986,169.23000000,169.23000000,172.11000000,166.25000000,,208356.09000000,3.46274301,0.54063688,0.91000000,,兆易创新
2021-11-03,603986,170.38000000,166.03000000,171.73000000,165.16000000,,175810.47000000,3.95711618,-1.89091769,-3.20000000,,兆易创新
2021-11-04,603986,167.23000000,164.23000000,168.83000000,162.73000000,,156547.61000000,3.71430311,-1.08414142,-1.80000000,,兆易创新
2021-11-05,603986,166.43000000,164.54000000,167.54000000,162.93000000,,136725.47000000,2.80175033,0.18875967,0.31000000,,兆易创新
2021-11-08,603986,162.23000000,159.22000000,163.22000000,156.77000000,,167623.38000000,4.05099862,-3.23325635,-5.32000000,,兆易创新
2021-11-09,603986,159.43000000,161.53000000,163.85000000,156.83000000,,162003.85000000,4.34594193,1.45082276,2.31000000,,兆易创新
2021-11-10,603986,160.23000000,163.43000000,163.76000000,157.32000000,,129473.33000000,3.94052500,1.17625209,1.90000000,,兆易创新
2021-11-11,603986,162.03000000,161.79000000,166.41000000,158.36000000,,196084.37000000,4.97558564,-1.00348773,-1.64000000,,兆易创新
2021-11-12,603986,159.67000000,160.00000000,162.03000000,158.70000000,,130582.79000000,2.08125000,-1.10637246,-1.79000000,,兆易创新
2021-11-15,603986,160.24000000,164.01000000,166.21000000,160.23000000,,190361.37000000,3.64611914,2.50625000,4.01000000,,兆易创新
2021-11-16,603986,162.73000000,160.41000000,164.34000000,160.25000000,,120689.92000000,2.54971635,-2.19498811,-3.60000000,,兆易创新
2021-11-17,603986,160.14000000,159.15000000,160.70000000,156.17000000,,144929.85000000,2.84637135,-0.78548719,-1.26000000,,兆易创新
2021-11-18,603986,158.44000000,155.82000000,160.22000000,155.81000000,,108987.82000000,2.83018868,-2.09236569,-3.33000000,,兆易创新
2021-11-19,603986,155.88000000,156.53000000,157.53000000,154.26000000,,115570.95000000,2.08905641,0.45565396,0.71000000,,兆易创新
2021-11-22,603986,156.23000000,162.69000000,163.11000000,154.89000000,,204785.49000000,5.05255394,3.93534786,6.16000000,,兆易创新
2021-11-23,603986,162.23000000,159.39000000,163.83000000,158.98000000,,147115.24000000,3.04285087,-2.02839757,-3.30000000,,兆易创新
2021-11-24,603986,158.82000000,153.25000000,160.86000000,153.23000000,,196003.20000000,4.97879282,-3.85218646,-6.14000000,,兆易创新
2021-11-25,603986,153.24000000,153.56000000,154.24000000,150.08000000,,143004.91000000,2.70903881,0.20228385,0.31000000,,兆易创新
2021-11-26,603986,153.57000000,149.22000000,154.23000000,148.02000000,,143993.75000000,4.16164053,-2.82625684,-4.34000000,,兆易创新
2021-11-29,603986,146.94000000,147.46000000,150.11000000,146.45000000,,109425.30000000,2.48202902,-1.17946656,-1.76000000,,兆易创新
2021-11-30,603986,149.00000000,147.83000000,150.57000000,146.89000000,,103536.73000000,2.48934587,0.25091550,0.37000000,,兆易创新
2021-12-01,603986,150.73000000,162.89000000,162.89000000,150.73000000,,228693.62000000,7.46516054,10.18737739,15.06000000,,兆易创新
2021-12-02,603986,167.23000000,167.02000000,169.35000000,163.90000000,,362392.28000000,3.26308227,2.53545337,4.13000000,,兆易创新
2021-12-03,603986,168.21000000,173.72000000,178.64000000,167.94000000,,302296.32000000,6.15933686,4.01149563,6.70000000,,兆易创新
2021-12-06,603986,177.95000000,169.85000000,178.08000000,169.85000000,,180037.60000000,4.84545187,-2.22772277,-3.87000000,,兆易创新
2021-12-07,603986,174.16000000,168.23000000,175.39000000,166.92000000,,146000.82000000,5.03477382,-0.95378275,-1.62000000,,兆易创新
2021-12-08,603986,172.23000000,177.78000000,182.90000000,172.23000000,,266396.26000000,6.00179998,5.67675207,9.55000000,,兆易创新
2021-12-09,603986,177.23000000,177.34000000,178.72000000,174.36000000,,138858.48000000,2.45855419,-0.24749691,-0.44000000,,兆易创新
2021-12-10,603986,176.24000000,172.11000000,176.24000000,171.53000000,,150919.16000000,2.73662193,-2.94913725,-5.23000000,,兆易创新
2021-12-13,603986,172.11000000,171.63000000,173.53000000,170.37000000,,105656.54000000,1.84116996,-0.27889141,-0.48000000,,兆易创新
2021-12-14,603986,170.73000000,169.78000000,173.37000000,169.23000000,,93076.58000000,2.43844976,-1.07790013,-1.85000000,,兆易创新
2021-12-15,603986,170.33000000,167.70000000,171.73000000,167.53000000,,75513.29000000,2.50447227,-1.22511485,-2.08000000,,兆易创新
2021-12-16,603986,169.72000000,168.15000000,173.82000000,167.66000000,,130912.64000000,3.66339578,0.26833631,0.45000000,,兆易创新
2021-12-17,603986,167.38000000,164.37000000,168.73000000,164.23000000,,115495.03000000,2.73772586,-2.24799286,-3.78000000,,兆易创新
2021-12-20,603986,163.23000000,160.71000000,167.73000000,160.24000000,,106340.34000000,4.66056873,-2.22668370,-3.66000000,,兆易创新
2021-12-21,603986,162.92000000,163.46000000,166.93000000,162.23000000,,104519.09000000,2.87532118,1.71115674,2.75000000,,兆易创新
2021-12-22,603986,165.21000000,168.31000000,172.23000000,165.21000000,,158621.96000000,4.17087517,2.96708675,4.85000000,,兆易创新
2021-12-23,603986,168.20000000,168.74000000,170.37000000,166.71000000,,82789.23000000,2.16901742,0.25548096,0.43000000,,兆易创新
2021-12-24,603986,169.53000000,171.12000000,173.53000000,168.78000000,,99938.05000000,2.77582983,1.41045395,2.38000000,,兆易创新
2021-12-27,603986,171.70000000,164.93000000,172.11000000,163.57000000,,114189.62000000,5.17795428,-3.61734455,-6.19000000,,兆易创新
2021-12-28,603986,166.23000000,168.25000000,168.98000000,163.78000000,,109593.84000000,3.09063893,2.01297520,3.32000000,,兆易创新
2021-12-29,603986,167.23000000,162.23000000,168.03000000,160.03000000,,120860.19000000,4.93127042,-3.57800892,-6.02000000,,兆易创新
2021-12-30,603986,162.17000000,173.70000000,178.31000000,161.61000000,,228363.51000000,9.61427749,7.07020896,11.47000000,,兆易创新
2021-12-31,603986,175.49000000,173.08000000,175.49000000,169.40000000,,112160.88000000,3.51860411,-0.35693725,-0.62000000,,兆易创新
2022-01-04,603986,173.79000000,173.11000000,176.13000000,168.24000000,,108741.97000000,4.55779562,0.01733303,0.03000000,,兆易创新
2022-01-05,603986,172.00000000,155.53000000,172.00000000,155.52000000,,256634.97000000,10.59602649,-10.15539252,-17.58000000,,兆易创新
2022-01-06,603986,152.23000000,160.19000000,165.03000000,151.83000000,,164935.26000000,8.24021474,2.99620652,4.66000000,,兆易创新
2022-01-07,603986,158.24000000,154.23000000,161.21000000,153.86000000,,144878.99000000,4.76560980,-3.72058181,-5.96000000,,兆易创新
2022-01-10,603986,152.81000000,153.73000000,155.23000000,148.56000000,,99947.58000000,4.33877578,-0.32419114,-0.50000000,,兆易创新
2022-01-11,603986,153.27000000,149.42000000,153.70000000,148.23000000,,98048.85000000,3.66082184,-2.80361673,-4.31000000,,兆易创新
2022-01-12,603986,150.77000000,152.20000000,152.82000000,148.58000000,,109901.27000000,2.78580815,1.86052737,2.78000000,,兆易创新
2022-01-13,603986,152.03000000,152.37000000,156.83000000,149.64000000,,103484.83000000,4.71877666,0.11169514,0.17000000,,兆易创新
2022-01-14,603986,150.23000000,154.63000000,157.23000000,149.78000000,,105396.79000000,4.81795253,1.48323161,2.26000000,,兆易创新
2022-01-17,603986,154.77000000,158.94000000,160.28000000,153.23000000,,100852.87000000,4.43563609,2.78729871,4.31000000,,兆易创新
2022-01-18,603986,158.42000000,158.60000000,161.08000000,157.31000000,,80917.19000000,2.37704918,-0.21391720,-0.34000000,,兆易创新
2022-01-19,603986,156.81000000,155.13000000,158.73000000,153.91000000,,79474.19000000,3.10707149,-2.18789407,-3.47000000,,兆易创新
2022-01-20,603986,155.11000000,156.03000000,161.03000000,153.83000000,,72490.16000000,4.61449721,0.58015858,0.90000000,,兆易创新
2022-01-21,603986,153.71000000,150.23000000,155.75000000,150.02000000,,82797.12000000,3.81415163,-3.71723387,-5.80000000,,兆易创新
2022-01-24,603986,149.73000000,152.73000000,153.05000000,149.41000000,,66347.21000000,2.38329077,1.66411502,2.50000000,,兆易创新
2022-01-25,603986,157.33000000,145.64000000,158.23000000,143.33000000,,185366.45000000,10.23070585,-4.64217901,-7.09000000,,兆易创新
2022-01-26,603986,145.64000000,147.15000000,151.43000000,144.83000000,,112494.93000000,4.48521916,1.03680308,1.51000000,,兆易创新
2022-01-27,603986,146.24000000,143.84000000,149.11000000,141.23000000,,110468.98000000,5.47830923,-2.24940537,-3.31000000,,兆易创新
2022-01-28,603986,144.23000000,136.33000000,145.56000000,136.11000000,,146852.67000000,6.93170982,-5.22107898,-7.51000000,,兆易创新
2022-02-07,603986,140.18000000,141.06000000,147.04000000,138.53000000,,126304.00000000,6.03289380,3.46952248,4.73000000,,兆易创新
2022-02-08,603986,141.34000000,138.19000000,141.97000000,134.38000000,,99537.86000000,5.49243795,-2.03459521,-2.87000000,,兆易创新
2022-02-09,603986,138.13000000,140.50000000,141.66000000,135.53000000,,80842.66000000,4.36298932,1.67161155,2.31000000,,兆易创新
2022-02-10,603986,141.53000000,142.27000000,144.17000000,139.63000000,,83294.67000000,3.19111548,1.25978648,1.77000000,,兆易创新
2022-02-11,603986,140.73000000,138.53000000,143.11000000,137.92000000,,69089.40000000,3.74648091,-2.62880439,-3.74000000,,兆易创新
2022-02-14,603986,136.11000000,136.77000000,139.19000000,134.43000000,,67835.59000000,3.48029539,-1.27048293,-1.76000000,,兆易创新
2022-02-15,603986,138.26000000,142.54000000,142.89000000,137.64000000,,101602.46000000,3.68317665,4.21876142,5.77000000,,兆易创新
2022-02-16,603986,144.26000000,143.03000000,146.26000000,142.43000000,,73433.47000000,2.67775991,0.34376315,0.49000000,,兆易创新
2022-02-17,603986,143.03000000,146.54000000,149.53000000,141.57000000,,96848.00000000,5.43196397,2.45403062,3.51000000,,兆易创新
2022-02-18,603986,145.13000000,143.22000000,145.73000000,142.79000000,,65812.44000000,2.05278592,-2.26559301,-3.32000000,,兆易创新
2022-02-21,603986,143.23000000,141.63000000,143.87000000,140.90000000,,66088.74000000,2.09701334,-1.11018014,-1.59000000,,兆易创新
2022-02-22,603986,140.23000000,143.41000000,144.82000000,138.23000000,,80112.70000000,4.59521651,1.25679588,1.78000000,,兆易创新
2022-02-23,603986,143.44000000,151.13000000,152.23000000,143.43000000,,135509.81000000,5.82280156,5.38316714,7.72000000,,兆易创新
2022-02-24,603986,150.18000000,148.96000000,153.95000000,146.50000000,,133236.55000000,5.00134264,-1.43584993,-2.17000000,,兆易创新
2022-02-25,603986,151.73000000,151.93000000,154.31000000,149.62000000,,106951.72000000,3.08694794,1.99382385,2.97000000,,兆易创新
2022-02-28,603986,151.48000000,150.54000000,153.20000000,150.01000000,,74902.71000000,2.11903813,-0.91489502,-1.39000000,,兆易创新
2022-03-01,603986,150.65000000,150.37000000,152.20000000,148.78000000,,62716.31000000,2.27438984,-0.11292680,-0.17000000,,兆易创新
2022-03-02,603986,149.24000000,147.73000000,149.24000000,144.56000000,,108101.93000000,3.16794151,-1.75566935,-2.64000000,,兆易创新
2022-03-03,603986,148.23000000,145.55000000,150.53000000,145.23000000,,75455.06000000,3.64136036,-1.47566506,-2.18000000,,兆易创新
2022-03-04,603986,147.23000000,152.00000000,155.81000000,145.51000000,,188769.35000000,6.77631579,4.43146685,6.45000000,,兆易创新
2022-03-07,603986,152.02000000,147.23000000,153.53000000,145.77000000,,130657.71000000,5.27066495,-3.13815789,-4.77000000,,兆易创新
2022-03-08,603986,147.22000000,147.83000000,151.74000000,142.41000000,,150142.06000000,6.31130352,0.40752564,0.60000000,,兆易创新
2022-03-09,603986,149.23000000,151.52000000,152.28000000,143.23000000,,168218.53000000,5.97280887,2.49611040,3.69000000,,兆易创新
2022-03-10,603986,157.23000000,156.46000000,161.23000000,152.86000000,,211704.02000000,5.34961012,3.26029567,4.94000000,,兆易创新
2022-03-11,603986,152.23000000,155.05000000,156.60000000,150.58000000,,141730.18000000,3.88261851,-0.90118880,-1.41000000,,兆易创新
2022-03-14,603986,152.25000000,151.56000000,157.81000000,151.23000000,,106755.65000000,4.34151491,-2.25088681,-3.49000000,,兆易创新
2022-03-15,603986,149.26000000,144.08000000,153.28000000,143.73000000,,139746.35000000,6.62826208,-4.93533914,-7.48000000,,兆易创新
2022-03-16,603986,148.40000000,157.75000000,158.23000000,146.66000000,,235410.83000000,7.33438986,9.48778456,13.67000000,,兆易创新
2022-03-17,603986,162.58000000,160.03000000,164.23000000,158.91000000,,197593.73000000,3.32437668,1.44532488,2.28000000,,兆易创新
2022-03-18,603986,160.00000000,158.77000000,161.22000000,157.23000000,,87735.69000000,2.51306922,-0.78735237,-1.26000000,,兆易创新
2022-03-21,603986,158.73000000,156.48000000,159.90000000,153.24000000,,110679.41000000,4.25613497,-1.44233797,-2.29000000,,兆易创新
2022-03-22,603986,157.73000000,157.01000000,160.81000000,156.33000000,,90675.95000000,2.85332144,0.33870143,0.53000000,,兆易创新
2022-03-23,603986,157.83000000,155.13000000,158.70000000,153.01000000,,96889.03000000,3.66789145,-1.19737596,-1.88000000,,兆易创新
2022-03-24,603986,153.42000000,151.64000000,154.23000000,151.23000000,,73203.40000000,1.97836982,-2.24972604,-3.49000000,,兆易创新
2022-03-25,603986,154.23000000,150.26000000,156.23000000,150.07000000,,106597.17000000,4.09956076,-0.91005012,-1.38000000,,兆易创新
2022-03-28,603986,148.88000000,147.05000000,150.07000000,146.24000000,,69473.84000000,2.60455627,-2.13629709,-3.21000000,,兆易创新
2022-03-29,603986,148.23000000,139.10000000,148.91000000,136.47000000,,152713.47000000,8.94320633,-5.40632438,-7.95000000,,兆易创新
2022-03-30,603986,139.91000000,143.82000000,144.20000000,139.73000000,,110535.10000000,3.10805173,3.39324227,4.72000000,,兆易创新
2022-03-31,603986,142.23000000,138.26000000,143.04000000,135.73000000,,117161.97000000,5.28714017,-3.86594354,-5.56000000,,兆易创新
2022-04-01,603986,137.18000000,137.67000000,139.23000000,136.03000000,,75519.00000000,2.32439892,-0.42673224,-0.59000000,,兆易创新
2022-04-06,603986,136.97000000,132.03000000,137.03000000,130.37000000,,118346.00000000,5.04430811,-4.09675311,-5.64000000,,兆易创新
2022-04-07,603986,131.23000000,130.21000000,132.91000000,130.21000000,,62254.00000000,2.07357346,-1.37847459,-1.82000000,,兆易创新
2022-04-08,603986,130.65000000,131.60000000,133.72000000,128.53000000,,74042.00000000,3.94376900,1.06750634,1.39000000,,兆易创新
2022-04-11,603986,128.94000000,120.81000000,129.97000000,120.49000000,,129585.00000000,7.84703253,-8.19908815,-10.79000000,,兆易创新
2022-04-12,603986,120.49000000,124.32000000,124.93000000,119.22000000,,93556.00000000,4.59298584,2.90538863,3.51000000,,兆易创新
2022-04-13,603986,123.23000000,120.53000000,126.11000000,120.43000000,,89978.00000000,4.71251970,-3.04858430,-3.79000000,,兆易创新
2022-04-14,603986,122.03000000,127.83000000,130.33000000,121.50000000,,130456.00000000,6.90761167,6.05658342,7.30000000,,兆易创新
2022-04-15,603986,127.21000000,129.63000000,132.23000000,125.73000000,,119166.00000000,5.01427139,1.40812016,1.80000000,,兆易创新
2022-04-18,603986,129.13000000,137.03000000,137.63000000,127.21000000,,121018.00000000,7.60417427,5.70855512,7.40000000,,兆易创新
2022-04-19,603986,135.31000000,132.50000000,136.23000000,132.24000000,,73472.00000000,3.01132075,-3.30584544,-4.53000000,,兆易创新
2022-04-20,603986,133.73000000,130.73000000,134.60000000,130.45000000,,77274.00000000,3.17448176,-1.33584906,-1.77000000,,兆易创新
2022-04-21,603986,128.69000000,129.95000000,133.23000000,128.45000000,,71902.00000000,3.67833782,-0.59664958,-0.78000000,,兆易创新
2022-04-22,603986,128.82000000,127.23000000,132.37000000,125.74000000,,68657.00000000,5.21103513,-2.09311274,-2.72000000,,兆易创新
2022-04-25,603986,123.58000000,120.23000000,125.23000000,119.84000000,,100444.00000000,4.48307411,-5.50184705,-7.00000000,,兆易创新
2022-04-26,603986,120.51000000,113.19000000,121.88000000,112.24000000,,110651.00000000,8.51665341,-5.85544373,-7.04000000,,兆易创新
2022-04-27,603986,110.23000000,122.23000000,122.53000000,109.73000000,,127864.00000000,10.47206087,7.98657125,9.04000000,,兆易创新
2022-04-28,603986,121.23000000,115.79000000,121.23000000,113.23000000,,149920.00000000,6.90905950,-5.26875562,-6.44000000,,兆易创新
2022-04-29,603986,117.73000000,122.04000000,123.95000000,116.79000000,,131267.00000000,5.86692888,5.39770274,6.25000000,,兆易创新
2022-05-05,603986,121.93000000,122.20000000,125.17000000,120.83000000,,94024.00000000,3.55155483,0.13110456,0.16000000,,兆易创新
2022-05-06,603986,118.21000000,116.53000000,119.23000000,116.34000000,,71887.00000000,2.48004806,-4.63993453,-5.67000000,,兆易创新
2022-05-09,603986,116.23000000,114.36000000,116.87000000,112.86000000,,70191.00000000,3.50647079,-1.86218141,-2.17000000,,兆易创新
2022-05-10,603986,111.23000000,119.63000000,120.21000000,110.73000000,,125189.00000000,7.92443367,4.60825463,5.27000000,,兆易创新
2022-05-11,603986,118.83000000,126.58000000,130.41000000,118.23000000,,174613.00000000,9.62237320,5.80957954,6.95000000,,兆易创新
2022-05-12,603986,124.23000000,125.83000000,127.26000000,123.92000000,,79763.00000000,2.65437495,-0.59251067,-0.75000000,,兆易创新
2022-05-13,603986,126.23000000,123.64000000,128.03000000,123.23000000,,74403.00000000,3.88223876,-1.74044346,-2.19000000,,兆易创新
2022-05-16,603986,124.61000000,122.03000000,126.00000000,121.71000000,,62131.00000000,3.51552897,-1.30216758,-1.61000000,,兆易创新
2022-05-17,603986,121.70000000,126.95000000,128.61000000,121.70000000,,104328.00000000,5.44308783,4.03179546,4.92000000,,兆易创新
2022-05-18,603986,127.30000000,132.07000000,132.39000000,126.60000000,,131767.00000000,4.38403877,4.03308389,5.12000000,,兆易创新
2022-05-19,603986,129.08000000,134.84000000,136.91000000,128.26000000,,134143.00000000,6.41501038,2.09737261,2.77000000,,兆易创新
2022-05-20,603986,136.23000000,139.48000000,142.17000000,135.77000000,,125172.00000000,4.58847147,3.44111540,4.64000000,,兆易创新
2022-05-23,603986,141.23000000,145.52000000,146.46000000,140.51000000,,155775.00000000,4.08878505,4.33036995,6.04000000,,兆易创新
2022-05-24,603986,144.23000000,138.58000000,145.73000000,138.27000000,,116632.00000000,5.38317217,-4.76910390,-6.94000000,,兆易创新
2022-05-25,603986,139.38000000,138.42000000,141.70000000,136.63000000,,75687.00000000,3.66276550,-0.11545678,-0.16000000,,兆易创新
2022-05-26,603986,138.42000000,137.03000000,139.42000000,134.62000000,,73505.00000000,3.50288258,-1.00419015,-1.39000000,,兆易创新
2022-05-27,603986,138.63000000,136.19000000,141.22000000,135.50000000,,70646.00000000,4.20001469,-0.61300445,-0.84000000,,兆易创新
2022-05-30,603986,137.63000000,139.23000000,140.43000000,135.23000000,,63496.00000000,3.73482726,2.23217564,3.04000000,,兆易创新
2022-05-31,603986,138.81000000,140.87000000,142.09000000,134.41000000,,93299.00000000,5.45183503,1.17790706,1.64000000,,兆易创新
2022-06-01,603986,140.53000000,141.08000000,142.92000000,139.22000000,,59561.00000000,2.62262546,0.14907361,0.21000000,,兆易创新
2022-06-02,603986,141.08000000,143.31000000,145.03000000,138.44000000,,86895.00000000,4.59842300,1.58066345,2.23000000,,兆易创新
2022-06-06,603986,143.30000000,142.24000000,145.59000000,139.79000000,,94158.00000000,4.07761530,-0.74663317,-1.07000000,,兆易创新
2022-06-07,603986,141.73000000,138.15000000,141.73000000,135.99000000,,156559.00000000,4.15490409,-2.87542182,-4.09000000,,兆易创新
2022-06-08,603986,137.89000000,140.87000000,143.79000000,137.32000000,,103074.00000000,4.59288706,1.96887441,2.72000000,,兆易创新
2022-06-09,603986,139.79000000,134.98000000,140.87000000,133.46000000,,109558.00000000,5.48970218,-4.18115993,-5.89000000,,兆易创新
2022-06-10,603986,132.48000000,135.00000000,136.28000000,132.48000000,,145042.00000000,2.81481481,0.01481701,0.02000000,,兆易创新
2022-06-13,603986,132.29000000,131.98000000,134.89000000,129.96000000,,144233.00000000,3.73541446,-2.23703704,-3.02000000,,兆易创新
2022-06-14,603986,131.19000000,129.82000000,131.80000000,125.89000000,,125797.00000000,4.55245725,-1.63661161,-2.16000000,,兆易创新
2022-06-15,603986,129.54000000,128.89000000,132.43000000,127.90000000,,123902.00000000,3.51462487,-0.71637652,-0.93000000,,兆易创新
2022-06-16,603986,128.89000000,129.44000000,132.27000000,128.59000000,,93400.00000000,2.84301607,0.42672046,0.55000000,,兆易创新
2022-06-17,603986,128.29000000,129.48000000,129.95000000,126.17000000,,108368.00000000,2.91936979,0.03090235,0.04000000,,兆易创新
2022-06-20,603986,129.86000000,131.64000000,133.48000000,128.32000000,,138862.00000000,3.91978122,1.66821131,2.16000000,,兆易创新
2022-06-21,603986,131.40000000,128.69000000,131.99000000,127.54000000,,118297.00000000,3.45792214,-2.24096019,-2.95000000,,兆易创新
2022-06-22,603986,129.25000000,124.90000000,129.57000000,124.90000000,,98909.00000000,3.73899119,-2.94506178,-3.79000000,,兆易创新
2022-06-23,603986,124.90000000,126.51000000,126.99000000,122.99000000,,119019.00000000,3.16180539,1.28903122,1.61000000,,兆易创新
2022-06-24,603986,128.06000000,130.29000000,131.91000000,126.79000000,,136388.00000000,3.92969530,2.98790609,3.78000000,,兆易创新
2022-06-27,603986,131.02000000,131.67000000,133.29000000,130.37000000,,114130.00000000,2.21766538,1.05917569,1.38000000,,兆易创新
2022-06-28,603986,130.78000000,138.27000000,138.67000000,128.69000000,,219927.00000000,7.21776235,5.01253133,6.60000000,,兆易创新
2022-06-29,603986,137.29000000,134.93000000,140.69000000,134.61000000,,186898.00000000,4.50604017,-2.41556375,-3.34000000,,兆易创新
2022-06-30,603986,134.99000000,140.50000000,141.74000000,134.99000000,,147218.00000000,4.80427046,4.12806640,5.57000000,,兆易创新
2022-07-01,603986,139.64000000,137.14000000,140.48000000,136.81000000,,108755.00000000,2.67609742,-2.39145907,-3.36000000,,兆易创新
2022-07-04,603986,132.64000000,128.48000000,132.87000000,126.29000000,,226477.00000000,5.12141968,-6.31471489,-8.66000000,,兆易创新
2022-07-05,603986,128.28000000,128.86000000,130.37000000,126.50000000,,120206.00000000,3.00325935,0.29576588,0.38000000,,兆易创新
2022-07-06,603986,128.87000000,129.57000000,133.49000000,127.79000000,,134322.00000000,4.39916647,0.55098557,0.71000000,,兆易创新
2022-07-07,603986,129.49000000,127.59000000,130.17000000,126.49000000,,99666.00000000,2.88423858,-1.52813151,-1.98000000,,兆易创新
2022-07-08,603986,129.09000000,133.57000000,137.15000000,128.79000000,,232954.00000000,6.25889047,4.68688769,5.98000000,,兆易创新
2022-07-11,603986,133.29000000,127.28000000,133.29000000,126.79000000,,157024.00000000,5.10685104,-4.70914127,-6.29000000,,兆易创新
2022-07-12,603986,126.69000000,124.29000000,127.79000000,123.95000000,,90299.00000000,3.08954864,-2.34915148,-2.99000000,,兆易创新
2022-07-13,603986,123.89000000,122.83000000,125.28000000,121.29000000,,84740.00000000,3.24839209,-1.17467214,-1.46000000,,兆易创新
2022-07-14,603986,122.84000000,124.42000000,125.79000000,122.39000000,,72803.00000000,2.73267963,1.29447203,1.59000000,,兆易创新
2022-07-15,603986,126.46000000,124.59000000,128.08000000,124.48000000,,111247.00000000,2.88947749,0.13663398,0.17000000,,兆易创新
2022-07-18,603986,124.59000000,121.21000000,125.29000000,119.28000000,,147933.00000000,4.95833677,-2.71289831,-3.38000000,,兆易创新
2022-07-19,603986,120.29000000,120.26000000,121.62000000,118.14000000,,110708.00000000,2.89373025,-0.78376372,-0.95000000,,兆易创新
2022-07-20,603986,121.15000000,123.00000000,125.45000000,120.82000000,,127028.00000000,3.76422764,2.27839681,2.74000000,,兆易创新
2022-07-21,603986,122.00000000,124.97000000,128.37000000,120.51000000,,160725.00000000,6.28950948,1.60162602,1.97000000,,兆易创新
2022-07-22,603986,124.99000000,121.48000000,125.62000000,120.95000000,,107740.00000000,3.84425420,-2.79267024,-3.49000000,,兆易创新
2022-07-25,603986,120.66000000,118.92000000,121.47000000,118.29000000,,79431.00000000,2.67406660,-2.10734277,-2.56000000,,兆易创新
2022-07-26,603986,118.92000000,119.81000000,120.06000000,118.18000000,,60437.00000000,1.56915116,0.74840229,0.89000000,,兆易创新
2022-07-27,603986,118.49000000,116.91000000,119.27000000,116.29000000,,105473.00000000,2.54896929,-2.42049912,-2.90000000,,兆易创新
2022-07-28,603986,118.14000000,117.64000000,120.61000000,117.29000000,,122896.00000000,2.82216933,0.62441194,0.73000000,,兆易创新
2022-07-29,603986,118.30000000,116.56000000,118.79000000,116.30000000,,86674.00000000,2.13623885,-0.91805508,-1.08000000,,兆易创新
2022-08-01,603986,115.60000000,117.57000000,118.11000000,112.49000000,,93244.00000000,4.78013099,0.86650652,1.01000000,,兆易创新
2022-08-02,603986,115.29000000,115.98000000,118.59000000,113.19000000,,107377.00000000,4.65597517,-1.35238581,-1.59000000,,兆易创新
2022-08-03,603986,117.42000000,120.54000000,123.05000000,115.98000000,,194295.00000000,5.86527294,3.93171236,4.56000000,,兆易创新
2022-08-04,603986,121.16000000,122.87000000,123.79000000,120.69000000,,130827.00000000,2.52299178,1.93296831,2.33000000,,兆易创新
2022-08-05,603986,122.62000000,128.37000000,130.30000000,120.77000000,,214858.00000000,7.42385293,4.47627574,5.50000000,,兆易创新
2022-08-08,603986,129.67000000,126.01000000,129.97000000,123.83000000,,171784.00000000,4.87262916,-1.83843577,-2.36000000,,兆易创新
2022-08-09,603986,124.77000000,127.09000000,127.11000000,122.79000000,,113153.00000000,3.39916595,0.85707484,1.08000000,,兆易创新
2022-08-10,603986,125.14000000,124.24000000,128.68000000,124.04000000,,105044.00000000,3.73470702,-2.24250531,-2.85000000,,兆易创新
2022-08-11,603986,124.87000000,126.76000000,128.53000000,123.97000000,,106643.00000000,3.59734932,2.02833226,2.52000000,,兆易创新
2022-08-12,603986,125.29000000,124.99000000,127.25000000,124.83000000,,79117.00000000,1.93615489,-1.39633954,-1.77000000,,兆易创新
2022-08-15,603986,124.29000000,123.08000000,125.67000000,122.79000000,,81535.00000000,2.33994150,-1.52812225,-1.91000000,,兆易创新
2022-08-16,603986,123.16000000,121.79000000,124.70000000,120.65000000,,85496.00000000,3.32539617,-1.04809880,-1.29000000,,兆易创新
2022-08-17,603986,121.29000000,121.54000000,122.25000000,120.03000000,,66994.00000000,1.82655916,-0.20527137,-0.25000000,,兆易创新
2022-08-18,603986,121.54000000,121.96000000,122.26000000,119.60000000,,90026.00000000,2.18104296,0.34556525,0.42000000,,兆易创新
2022-08-19,603986,120.96000000,117.59000000,124.75000000,117.37000000,,135363.00000000,6.27604388,-3.58314201,-4.37000000,,兆易创新
2022-08-22,603986,116.68000000,117.95000000,118.50000000,115.51000000,,67058.00000000,2.53497245,0.30614848,0.36000000,,兆易创新
2022-08-23,603986,117.95000000,116.50000000,118.39000000,116.32000000,,59419.00000000,1.77682403,-1.22933446,-1.45000000,,兆易创新
2022-08-24,603986,116.45000000,113.26000000,116.77000000,112.81000000,,97349.00000000,3.49638001,-2.78111588,-3.24000000,,兆易创新
2022-08-25,603986,113.43000000,112.64000000,113.95000000,108.86000000,,113794.00000000,4.51882102,-0.54741303,-0.62000000,,兆易创新
2022-08-26,603986,112.64000000,113.19000000,114.84000000,112.39000000,,67269.00000000,2.16450216,0.48828125,0.55000000,,兆易创新
2022-08-29,603986,112.29000000,112.78000000,114.73000000,111.43000000,,63932.00000000,2.92605072,-0.36222281,-0.41000000,,兆易创新
2022-08-30,603986,112.45000000,110.81000000,113.71000000,110.52000000,,82264.00000000,2.87880155,-1.74676361,-1.97000000,,兆易创新
2022-08-31,603986,110.50000000,114.26000000,115.29000000,109.84000000,,109593.00000000,4.76982321,3.11343742,3.45000000,,兆易创新
2022-09-01,603986,114.30000000,111.24000000,115.19000000,111.17000000,,69415.00000000,3.61380798,-2.64309470,-3.02000000,,兆易创新
2022-09-02,603986,111.00000000,111.54000000,112.97000000,110.90000000,,51786.00000000,1.85583647,0.26968716,0.30000000,,兆易创新
2022-09-05,603986,110.89000000,109.51000000,111.11000000,107.80000000,,69235.00000000,3.02255502,-1.81997490,-2.03000000,,兆易创新
2022-09-06,603986,110.51000000,111.00000000,111.25000000,108.09000000,,67173.00000000,2.84684685,1.36060634,1.49000000,,兆易创新
2022-09-07,603986,111.07000000,114.92000000,116.25000000,111.06000000,,129421.00000000,4.51618517,3.53153153,3.92000000,,兆易创新
2022-09-08,603986,114.78000000,113.59000000,115.02000000,113.40000000,,59272.00000000,1.42618188,-1.15732684,-1.33000000,,兆易创新
2022-09-09,603986,114.29000000,113.21000000,114.58000000,111.41000000,,55136.00000000,2.80010600,-0.33453649,-0.38000000,,兆易创新
2022-09-13,603986,114.78000000,112.48000000,115.08000000,112.43000000,,55348.00000000,2.35597440,-0.64481936,-0.73000000,,兆易创新
2022-09-14,603986,109.29000000,110.71000000,111.79000000,109.29000000,,68370.00000000,2.25815193,-1.57361309,-1.77000000,,兆易创新
2022-09-15,603986,110.84000000,106.89000000,111.22000000,106.21000000,,95195.00000000,4.68706147,-3.45045615,-3.82000000,,兆易创新
2022-09-16,603986,106.56000000,104.50000000,108.68000000,104.50000000,,80469.00000000,4.00000000,-2.23594349,-2.39000000,,兆易创新
2022-09-19,603986,104.29000000,102.84000000,105.44000000,102.69000000,,74020.00000000,2.67405679,-1.58851675,-1.66000000,,兆易创新
2022-09-20,603986,103.79000000,103.73000000,104.37000000,102.40000000,,57345.00000000,1.89916128,0.86542201,0.89000000,,兆易创新
2022-09-21,603986,102.95000000,100.59000000,103.68000000,98.89000000,,108957.00000000,4.76190476,-3.02708956,-3.14000000,,兆易创新
2022-09-22,603986,99.27000000,99.35000000,101.09000000,98.29000000,,81529.00000000,2.81831907,-1.23272691,-1.24000000,,兆易创新
2022-09-23,603986,98.87000000,96.53000000,99.59000000,95.80000000,,95420.00000000,3.92624055,-2.83844992,-2.82000000,,兆易创新
2022-09-26,603986,95.65000000,96.64000000,97.85000000,95.32000000,,59295.00000000,2.61796358,0.11395421,0.11000000,,兆易创新
2022-09-27,603986,96.53000000,98.20000000,98.41000000,96.14000000,,63197.00000000,2.31160896,1.61423841,1.56000000,,兆易创新
2022-09-28,603986,97.39000000,95.69000000,98.28000000,95.69000000,,48566.00000000,2.70665691,-2.55600815,-2.51000000,,兆易创新
2022-09-29,603986,96.48000000,94.53000000,97.59000000,94.17000000,,67198.00000000,3.61789908,-1.21224788,-1.16000000,,兆易创新
2022-09-30,603986,94.49000000,92.04000000,94.87000000,92.00000000,,74216.00000000,3.11820947,-2.63408442,-2.49000000,,兆易创新
2022-10-10,603986,89.29000000,83.79000000,90.14000000,83.39000000,,191911.00000000,8.05585392,-8.96349413,-8.25000000,,兆易创新
2022-10-11,603986,83.78000000,81.67000000,84.16000000,80.90000000,,186885.00000000,3.99167381,-2.53013486,-2.12000000,,兆易创新
2022-10-12,603986,81.69000000,81.72000000,81.91000000,77.82000000,,261973.00000000,5.00489476,0.06122199,0.05000000,,兆易创新
2022-10-13,603986,81.28000000,80.59000000,83.37000000,80.45000000,,177842.00000000,3.62327832,-1.38277044,-1.13000000,,兆易创新
2022-10-14,603986,82.12000000,84.72000000,85.16000000,81.49000000,,200020.00000000,4.33191690,5.12470530,4.13000000,,兆易创新
2022-10-17,603986,83.21000000,85.06000000,85.53000000,82.89000000,,163950.00000000,3.10369151,0.40132200,0.34000000,,兆易创新
2022-10-18,603986,85.29000000,83.69000000,85.54000000,83.53000000,,112830.00000000,2.40172064,-1.61062779,-1.37000000,,兆易创新
2022-10-19,603986,83.29000000,82.39000000,84.34000000,82.39000000,,96209.00000000,2.36679209,-1.55335165,-1.30000000,,兆易创新
2022-10-20,603986,81.59000000,85.76000000,87.72000000,81.15000000,,259415.00000000,7.66091418,4.09030222,3.37000000,,兆易创新
2022-10-21,603986,84.75000000,83.47000000,85.17000000,82.75000000,,147477.00000000,2.89924524,-2.67024254,-2.29000000,,兆易创新
2022-10-24,603986,83.47000000,83.79000000,88.58000000,82.29000000,,210639.00000000,7.50686239,0.38337127,0.32000000,,兆易创新
2022-10-25,603986,83.29000000,82.09000000,84.99000000,81.86000000,,136631.00000000,3.81288829,-2.02888173,-1.70000000,,兆易创新
2022-10-26,603986,82.30000000,84.89000000,86.28000000,81.71000000,,156044.00000000,5.38343739,3.41089049,2.80000000,,兆易创新
2022-10-27,603986,85.14000000,85.10000000,87.08000000,83.89000000,,140914.00000000,3.74853114,0.24737896,0.21000000,,兆易创新
2022-10-28,603986,84.30000000,81.28000000,86.37000000,80.99000000,,156302.00000000,6.61909449,-4.48883666,-3.82000000,,兆易创新
2022-10-31,603986,77.79000000,80.56000000,83.11000000,75.79000000,,208782.00000000,9.08639523,-0.88582677,-0.72000000,,兆易创新
2022-11-01,603986,81.19000000,84.15000000,84.29000000,78.79000000,,180769.00000000,6.53594771,4.45630586,3.59000000,,兆易创新
2022-11-02,603986,84.15000000,85.54000000,86.79000000,83.39000000,,150734.00000000,3.97474866,1.65181224,1.39000000,,兆易创新
2022-11-03,603986,84.29000000,88.54000000,89.07000000,83.97000000,,193881.00000000,5.76010843,3.50713117,3.00000000,,兆易创新
2022-11-04,603986,88.48000000,89.26000000,90.54000000,86.99000000,,182813.00000000,3.97714542,0.81319178,0.72000000,,兆易创新
2022-11-07,603986,89.09000000,88.40000000,90.09000000,87.80000000,,137696.00000000,2.59049774,-0.96347748,-0.86000000,,兆易创新
2022-11-08,603986,88.63000000,87.24000000,89.06000000,86.75000000,,102260.00000000,2.64786795,-1.31221719,-1.16000000,,兆易创新
2022-11-09,603986,87.24000000,86.45000000,87.66000000,86.34000000,,72726.00000000,1.52689416,-0.90554791,-0.79000000,,兆易创新
2022-11-10,603986,86.03000000,85.06000000,87.63000000,84.59000000,,105001.00000000,3.57394780,-1.60786582,-1.39000000,,兆易创新
2022-11-11,603986,88.29000000,87.37000000,90.76000000,87.24000000,,208556.00000000,4.02884285,2.71573007,2.31000000,,兆易创新
2022-11-14,603986,87.59000000,90.99000000,94.36000000,87.45000000,,245102.00000000,7.59424113,4.14329862,3.62000000,,兆易创新
2022-11-15,603986,90.35000000,100.26000000,100.26000000,89.85000000,,264874.00000000,10.38300419,10.18793274,9.27000000,,兆易创新
2022-11-16,603986,101.29000000,101.54000000,103.27000000,99.39000000,,274999.00000000,3.82115422,1.27668063,1.28000000,,兆易创新
2022-11-17,603986,99.67000000,106.25000000,110.29000000,96.87000000,,345016.00000000,12.63058824,4.63856608,4.71000000,,兆易创新
2022-11-18,603986,104.09000000,102.04000000,107.06000000,101.66000000,,229657.00000000,5.29204234,-3.96235294,-4.21000000,,兆易创新
2022-11-21,603986,100.29000000,98.67000000,102.19000000,98.09000000,,171291.00000000,4.15526502,-3.30262642,-3.37000000,,兆易创新
2022-11-22,603986,98.67000000,99.01000000,100.59000000,97.78000000,,129835.00000000,2.83809716,0.34458295,0.34000000,,兆易创新
2022-11-23,603986,98.44000000,97.89000000,99.44000000,95.65000000,,116692.00000000,3.87169272,-1.13119887,-1.12000000,,兆易创新
2022-11-24,603986,97.83000000,96.92000000,98.87000000,96.37000000,,79881.00000000,2.57944697,-0.99090816,-0.97000000,,兆易创新
2022-11-25,603986,96.92000000,98.67000000,99.29000000,96.50000000,,96681.00000000,2.82760718,1.80561288,1.75000000,,兆易创新
2022-11-28,603986,97.30000000,96.35000000,98.83000000,95.63000000,,95159.00000000,3.32122470,-2.35127192,-2.32000000,,兆易创新
2022-11-29,603986,95.79000000,100.39000000,101.79000000,95.79000000,,137386.00000000,5.97669091,4.19304619,4.04000000,,兆易创新
2022-11-30,603986,99.63000000,99.08000000,100.65000000,98.64000000,,73766.00000000,2.02866371,-1.30491085,-1.31000000,,兆易创新
2022-12-01,603986,101.29000000,99.98000000,103.05000000,99.60000000,,114620.00000000,3.45069014,0.90835688,0.90000000,,兆易创新
2022-12-02,603986,98.79000000,96.99000000,100.29000000,96.95000000,,98458.00000000,3.44365398,-2.99059812,-2.99000000,,兆易创新
2022-12-05,603986,96.99000000,98.28000000,98.59000000,96.59000000,,77424.00000000,2.03500204,1.33003402,1.29000000,,兆易创新
2022-12-06,603986,97.91000000,100.42000000,101.39000000,97.55000000,,129514.00000000,3.82393945,2.17745218,2.14000000,,兆易创新
2022-12-07,603986,99.40000000,98.39000000,100.02000000,97.94000000,,90926.00000000,2.11403598,-2.02150966,-2.03000000,,兆易创新
2022-12-08,603986,98.38000000,96.77000000,98.38000000,96.31000000,,81786.00000000,2.13909269,-1.64650879,-1.62000000,,兆易创新
2022-12-09,603986,96.95000000,97.65000000,98.91000000,96.95000000,,80584.00000000,2.00716846,0.90937274,0.88000000,,兆易创新
2022-12-12,603986,97.70000000,104.99000000,107.59000000,97.34000000,,310898.00000000,9.76283456,7.51664107,7.34000000,,兆易创新
2022-12-13,603986,104.19000000,106.11000000,107.06000000,102.15000000,,186152.00000000,4.62727358,1.06676826,1.12000000,,兆易创新
2022-12-14,603986,110.79000000,102.79000000,111.29000000,102.59000000,,255728.00000000,8.46385835,-3.12882857,-3.32000000,,兆易创新
2022-12-15,603986,102.77000000,104.53000000,106.29000000,102.32000000,,143970.00000000,3.79795274,1.69277167,1.74000000,,兆易创新
2022-12-16,603986,103.22000000,101.91000000,103.92000000,100.82000000,,104802.00000000,3.04189972,-2.50645748,-2.62000000,,兆易创新
2022-12-19,603986,100.93000000,98.87000000,102.59000000,98.37000000,,75179.00000000,4.26823101,-2.98302424,-3.04000000,,兆易创新
2022-12-20,603986,98.87000000,99.54000000,100.58000000,98.34000000,,67821.00000000,2.25035162,0.67765753,0.67000000,,兆易创新
2022-12-21,603986,98.87000000,99.51000000,101.02000000,98.87000000,,62494.00000000,2.16058688,-0.03013864,-0.03000000,,兆易创新
2022-12-22,603986,100.28000000,98.64000000,101.16000000,98.17000000,,56753.00000000,3.03122466,-0.87428399,-0.87000000,,兆易创新
2022-12-23,603986,96.79000000,92.99000000,96.90000000,91.46000000,,133072.00000000,5.85009141,-5.72789943,-5.65000000,,兆易创新
2022-12-26,603986,93.17000000,99.50000000,100.95000000,93.17000000,,132328.00000000,7.81909548,7.00075277,6.51000000,,兆易创新
2022-12-27,603986,100.29000000,102.20000000,103.09000000,98.46000000,,93347.00000000,4.53033268,2.71356784,2.70000000,,兆易创新
2022-12-28,603986,101.74000000,101.49000000,103.18000000,101.06000000,,60624.00000000,2.08887575,-0.69471624,-0.71000000,,兆易创新
2022-12-29,603986,101.19000000,101.46000000,102.79000000,100.10000000,,56433.00000000,2.65129115,-0.02955956,-0.03000000,,兆易创新
2022-12-30,603986,102.29000000,100.76000000,102.95000000,99.77000000,,54240.00000000,3.15601429,-0.68992706,-0.70000000,,兆易创新
2023-01-03,603986,100.75000000,101.49000000,101.65000000,98.49000000,,67598.00000000,3.11360725,0.72449385,0.73000000,,兆易创新
2023-01-04,603986,100.98000000,98.70000000,103.56000000,98.39000000,,94598.00000000,5.23809524,-2.74903931,-2.79000000,,兆易创新
2023-01-05,603986,100.13000000,100.95000000,101.11000000,98.71000000,,95390.00000000,2.37741456,2.27963526,2.25000000,,兆易创新
2023-01-06,603986,99.50000000,101.17000000,102.07000000,97.59000000,,109501.00000000,4.42819017,0.21792967,0.22000000,,兆易创新
2023-01-09,603986,102.16000000,103.35000000,105.97000000,101.54000000,,125963.00000000,4.28640542,2.15478897,2.18000000,,兆易创新
2023-01-10,603986,103.15000000,104.67000000,109.09000000,102.87000000,,182229.00000000,5.94248591,1.27721335,1.32000000,,兆易创新
2023-01-11,603986,107.17000000,105.39000000,110.63000000,105.15000000,,215542.00000000,5.19973432,0.68787618,0.72000000,,兆易创新
2023-01-12,603986,106.04000000,104.62000000,106.29000000,102.39000000,,89151.00000000,3.72777672,-0.73061960,-0.77000000,,兆易创新
2023-01-13,603986,105.68000000,106.72000000,107.95000000,104.89000000,,98310.00000000,2.86731634,2.00726439,2.10000000,,兆易创新
2023-01-16,603986,105.00000000,113.31000000,114.17000000,104.10000000,,214446.00000000,8.88712382,6.17503748,6.59000000,,兆易创新
2023-01-17,603986,112.90000000,118.30000000,118.40000000,112.42000000,,197357.00000000,5.05494505,4.40384785,4.99000000,,兆易创新
2023-01-18,603986,117.29000000,114.98000000,117.96000000,114.84000000,,115661.00000000,2.71351539,-2.80642434,-3.32000000,,兆易创新
2023-01-19,603986,115.19000000,117.12000000,118.09000000,114.30000000,,124711.00000000,3.23599727,1.86119325,2.14000000,,兆易创新
2023-01-20,603986,116.49000000,120.92000000,121.77000000,116.29000000,,113330.00000000,4.53192193,3.24453552,3.80000000,,兆易创新
2023-01-30,603986,123.55000000,119.54000000,123.79000000,118.35000000,,111851.00000000,4.55077798,-1.14125041,-1.38000000,,兆易创新
2023-01-31,603986,119.17000000,112.84000000,119.69000000,111.79000000,,219515.00000000,7.00106345,-5.60481847,-6.70000000,,兆易创新
2023-02-01,603986,112.29000000,113.29000000,114.27000000,111.69000000,,111419.00000000,2.27734134,0.39879475,0.45000000,,兆易创新
2023-02-02,603986,114.20000000,115.38000000,117.58000000,113.40000000,,125525.00000000,3.62281158,1.84482302,2.09000000,,兆易创新
2023-02-03,603986,114.29000000,115.81000000,118.19000000,113.86000000,,93616.00000000,3.73888265,0.37268157,0.43000000,,兆易创新
2023-02-06,603986,114.29000000,112.68000000,115.30000000,111.99000000,,113820.00000000,2.93752219,-2.70270270,-3.13000000,,兆易创新
2023-02-07,603986,112.59000000,111.78000000,113.28000000,110.80000000,,80361.00000000,2.21864376,-0.79872204,-0.90000000,,兆易创新
2023-02-08,603986,112.19000000,111.37000000,114.25000000,110.89000000,,86410.00000000,3.01697046,-0.36679191,-0.41000000,,兆易创新
2023-02-09,603986,110.69000000,116.37000000,116.89000000,109.40000000,,139925.00000000,6.43636676,4.48953937,5.00000000,,兆易创新
2023-02-10,603986,116.39000000,114.84000000,117.88000000,114.01000000,,86900.00000000,3.36990596,-1.31477185,-1.53000000,,兆易创新
2023-02-13,603986,113.70000000,115.34000000,116.06000000,112.64000000,,96498.00000000,2.96514652,0.43538837,0.50000000,,兆易创新
2023-02-14,603986,115.29000000,114.15000000,117.32000000,112.59000000,,100196.00000000,4.14367061,-1.03173227,-1.19000000,,兆易创新
2023-02-15,603986,114.29000000,115.06000000,115.50000000,111.29000000,,108401.00000000,3.65896054,0.79719667,0.91000000,,兆易创新
2023-02-16,603986,114.79000000,111.62000000,117.72000000,110.87000000,,136980.00000000,6.13689303,-2.98974448,-3.44000000,,兆易创新
2023-02-17,603986,111.29000000,107.03000000,112.55000000,106.97000000,,142113.00000000,5.21349154,-4.11216628,-4.59000000,,兆易创新
2023-02-20,603986,107.02000000,107.81000000,108.50000000,105.55000000,,111060.00000000,2.73629533,0.72876764,0.78000000,,兆易创新
2023-02-21,603986,107.80000000,107.14000000,109.18000000,105.99000000,,88488.00000000,2.97741273,-0.62146369,-0.67000000,,兆易创新
2023-02-22,603986,106.28000000,106.79000000,107.63000000,105.49000000,,58640.00000000,2.00393295,-0.32667538,-0.35000000,,兆易创新
2023-02-23,603986,106.49000000,106.82000000,107.29000000,106.00000000,,41724.00000000,1.20763902,0.02809252,0.03000000,,兆易创新
2023-02-24,603986,107.29000000,105.31000000,108.12000000,104.28000000,,91774.00000000,3.64637736,-1.41359296,-1.51000000,,兆易创新
2023-02-27,603986,104.24000000,102.31000000,104.91000000,102.10000000,,144941.00000000,2.74655459,-2.84873231,-3.00000000,,兆易创新
2023-02-28,603986,103.31000000,103.18000000,103.69000000,101.25000000,,86691.00000000,2.36479938,0.85035676,0.87000000,,兆易创新
2023-03-01,603986,102.64000000,102.79000000,103.99000000,101.97000000,,111246.00000000,1.96517171,-0.37798023,-0.39000000,,兆易创新
2023-03-02,603986,103.19000000,103.48000000,106.22000000,102.82000000,,131093.00000000,3.28565906,0.67127152,0.69000000,,兆易创新
2023-03-03,603986,105.49000000,104.04000000,106.26000000,103.05000000,,136716.00000000,3.08535179,0.54116738,0.56000000,,兆易创新
2023-03-06,603986,104.04000000,103.41000000,104.91000000,102.29000000,,112959.00000000,2.53360410,-0.60553633,-0.63000000,,兆易创新
2023-03-07,603986,102.87000000,99.56000000,103.79000000,99.56000000,,119157.00000000,4.24869425,-3.72304419,-3.85000000,,兆易创新
2023-03-08,603986,99.20000000,100.09000000,101.15000000,98.29000000,,78248.00000000,2.85742831,0.53234231,0.53000000,,兆易创新
2023-03-09,603986,100.29000000,100.48000000,101.85000000,99.94000000,,100567.00000000,1.90087580,0.38964932,0.39000000,,兆易创新
2023-03-10,603986,99.29000000,99.32000000,101.39000000,98.40000000,,94092.00000000,3.01047120,-1.15445860,-1.16000000,,兆易创新
2023-03-13,603986,99.09000000,99.79000000,99.93000000,97.41000000,,76208.00000000,2.52530314,0.47321788,0.47000000,,兆易创新
2023-03-14,603986,99.29000000,103.33000000,103.65000000,97.80000000,,186947.00000000,5.66147295,3.54744964,3.54000000,,兆易创新
2023-03-15,603986,103.79000000,103.25000000,104.87000000,102.79000000,,117960.00000000,2.01452785,-0.07742185,-0.08000000,,兆易创新
2023-03-16,603986,102.28000000,103.57000000,105.05000000,102.09000000,,112125.00000000,2.85797045,0.30992736,0.32000000,,兆易创新
2023-03-17,603986,104.84000000,103.46000000,105.29000000,103.00000000,,125130.00000000,2.21341581,-0.10620836,-0.11000000,,兆易创新
2023-03-20,603986,103.29000000,106.11000000,107.17000000,102.09000000,,156564.00000000,4.78748469,2.56137638,2.65000000,,兆易创新
2023-03-21,603986,105.79000000,105.80000000,107.20000000,104.91000000,,93178.00000000,2.16446125,-0.29214966,-0.31000000,,兆易创新
2023-03-22,603986,105.69000000,104.34000000,105.74000000,103.68000000,,91315.00000000,1.97431474,-1.37996219,-1.46000000,,兆易创新
2023-03-23,603986,103.84000000,114.95000000,114.95000000,103.67000000,,388905.00000000,9.81296216,10.16867932,10.61000000,,兆易创新
2023-03-24,603986,117.25000000,116.19000000,118.29000000,113.59000000,,422011.00000000,4.04509855,1.07872988,1.24000000,,兆易创新
2023-03-27,603986,116.19000000,112.30000000,116.22000000,110.97000000,,272066.00000000,4.67497774,-3.34796454,-3.89000000,,兆易创新
2023-03-28,603986,111.29000000,107.09000000,112.56000000,106.39000000,,205809.00000000,5.76150901,-4.63935886,-5.21000000,,兆易创新
2023-03-29,603986,106.37000000,113.31000000,114.45000000,105.27000000,,316853.00000000,8.10166799,5.80819871,6.22000000,,兆易创新
2023-03-30,603986,117.29000000,119.61000000,123.29000000,117.29000000,,496958.00000000,5.01630298,5.55996823,6.30000000,,兆易创新
2023-03-31,603986,118.49000000,120.29000000,120.49000000,115.39000000,,247083.00000000,4.23975393,0.56851434,0.68000000,,兆易创新
2023-04-03,603986,127.65000000,129.82000000,130.89000000,124.81000000,,484752.00000000,4.68340780,7.92252058,9.53000000,,兆易创新
2023-04-04,603986,127.84000000,128.85000000,132.07000000,126.99000000,,398455.00000000,3.94256888,-0.74718841,-0.97000000,,兆易创新
2023-04-06,603986,128.79000000,132.79000000,141.51000000,127.39000000,,480167.00000000,10.63333082,3.05781917,3.94000000,,兆易创新
2023-04-07,603986,134.80000000,136.89000000,140.80000000,133.70000000,,361413.00000000,5.18664621,3.08758190,4.10000000,,兆易创新
2023-04-10,603986,137.19000000,129.15000000,137.74000000,128.26000000,,371685.00000000,7.34030197,-5.65417488,-7.74000000,,兆易创新
2023-04-11,603986,131.45000000,131.01000000,134.78000000,128.61000000,,345843.00000000,4.70956416,1.44018583,1.86000000,,兆易创新
2023-04-12,603986,129.30000000,133.28000000,135.62000000,127.43000000,,277735.00000000,6.14495798,1.73269216,2.27000000,,兆易创新
2023-04-13,603986,130.62000000,126.60000000,132.90000000,126.05000000,,267997.00000000,5.41074250,-5.01200480,-6.68000000,,兆易创新
2023-04-14,603986,128.29000000,133.70000000,135.26000000,125.02000000,,365090.00000000,7.65893792,5.60821485,7.10000000,,兆易创新
2023-04-17,603986,135.79000000,134.19000000,138.22000000,133.29000000,,260751.00000000,3.67389522,0.36649215,0.49000000,,兆易创新
2023-04-18,603986,132.29000000,131.20000000,133.29000000,129.27000000,,182072.00000000,3.06402439,-2.22818392,-2.99000000,,兆易创新
2023-04-19,603986,131.21000000,129.04000000,133.34000000,128.79000000,,193394.00000000,3.52603844,-1.64634146,-2.16000000,,兆易创新
2023-04-20,603986,128.05000000,134.57000000,134.85000000,128.03000000,,269666.00000000,5.06799435,4.28549287,5.53000000,,兆易创新
2023-04-21,603986,134.30000000,124.70000000,134.46000000,124.62000000,,289920.00000000,7.89093825,-7.33447277,-9.87000000,,兆易创新
2023-04-24,603986,124.63000000,119.03000000,124.69000000,117.18000000,,312618.00000000,6.30933378,-4.54691259,-5.67000000,,兆易创新
2023-04-25,603986,118.69000000,116.01000000,119.98000000,114.42000000,,216732.00000000,4.79269029,-2.53717550,-3.02000000,,兆易创新
2023-04-26,603986,115.79000000,109.27000000,116.68000000,108.19000000,,302079.00000000,7.76974467,-5.80984398,-6.74000000,,兆易创新
2023-04-27,603986,107.56000000,110.77000000,113.84000000,107.28000000,,209379.00000000,5.92218110,1.37274641,1.50000000,,兆易创新
2023-04-28,603986,105.35000000,106.76000000,111.81000000,105.30000000,,322202.00000000,6.09778943,-3.62011375,-4.01000000,,兆易创新
2023-05-04,603986,105.79000000,103.29000000,107.09000000,103.04000000,,201161.00000000,3.92099913,-3.25028100,-3.47000000,,兆易创新
2023-05-05,603986,103.04000000,103.09000000,106.66000000,102.39000000,,182769.00000000,4.14201183,-0.19362959,-0.20000000,,兆易创新
2023-05-08,603986,103.09000000,102.45000000,105.25000000,101.89000000,,168024.00000000,3.27964861,-0.62081676,-0.64000000,,兆易创新
2023-05-09,603986,102.30000000,100.05000000,103.26000000,99.89000000,,179820.00000000,3.36831584,-2.34260615,-2.40000000,,兆易创新
2023-05-10,603986,99.80000000,98.38000000,100.68000000,97.05000000,,159265.00000000,3.68977434,-1.66916542,-1.67000000,,兆易创新
2023-05-11,603986,99.69000000,99.12000000,100.58000000,98.30000000,,141897.00000000,2.30024213,0.75218540,0.74000000,,兆易创新
2023-05-12,603986,100.29000000,98.81000000,101.95000000,98.79000000,,180574.00000000,3.19805688,-0.31275222,-0.31000000,,兆易创新
2023-05-15,603986,98.50000000,100.37000000,100.37000000,96.89000000,,124303.00000000,3.46717147,1.57878757,1.56000000,,兆易创新
2023-05-16,603986,101.93000000,104.36000000,105.68000000,98.85000000,,262464.00000000,6.54465312,3.97529142,3.99000000,,兆易创新
2023-05-17,603986,102.29000000,107.74000000,108.85000000,102.19000000,,251757.00000000,6.18154817,3.23878881,3.38000000,,兆易创新
2023-05-18,603986,106.59000000,105.49000000,108.78000000,105.09000000,,156948.00000000,3.49796189,-2.08836087,-2.25000000,,兆易创新
2023-05-19,603986,107.48000000,110.30000000,111.81000000,107.09000000,,237233.00000000,4.27923844,4.55967390,4.81000000,,兆易创新
2023-05-22,603986,114.49000000,111.60000000,116.60000000,109.29000000,,234052.00000000,6.55017921,1.17860381,1.30000000,,兆易创新
2023-05-23,603986,109.40000000,105.77000000,109.79000000,105.77000000,,156281.00000000,3.80069963,-5.22401434,-5.83000000,,兆易创新
2023-05-24,603986,107.38000000,106.67000000,109.29000000,104.59000000,,167245.00000000,4.40611231,0.85090290,0.90000000,,兆易创新
2023-05-25,603986,107.28000000,109.09000000,109.64000000,105.98000000,,140037.00000000,3.35502796,2.26867910,2.42000000,,兆易创新
2023-05-26,603986,109.85000000,112.29000000,113.49000000,108.34000000,,160986.00000000,4.58633894,2.93335778,3.20000000,,兆易创新
2023-05-29,603986,113.32000000,110.46000000,114.15000000,109.99000000,,151880.00000000,3.76606917,-1.62970879,-1.83000000,,兆易创新
2023-05-30,603986,109.78000000,110.89000000,111.44000000,107.34000000,,136915.00000000,3.69735774,0.38928119,0.43000000,,兆易创新
2023-05-31,603986,110.28000000,109.09000000,111.00000000,106.29000000,,174891.00000000,4.31753598,-1.62323023,-1.80000000,,兆易创新
2023-06-01,603986,107.30000000,108.60000000,110.24000000,107.09000000,,132386.00000000,2.90055249,-0.44917041,-0.49000000,,兆易创新
2023-06-02,603986,108.29000000,107.18000000,109.59000000,105.95000000,,116971.00000000,3.39615600,-1.30755064,-1.42000000,,兆易创新
2023-06-05,603986,106.64000000,105.29000000,108.48000000,104.79000000,,138063.00000000,3.50460633,-1.76338869,-1.89000000,,兆易创新
2023-06-06,603986,104.39000000,101.35000000,104.40000000,101.12000000,,143083.00000000,3.23630982,-3.74204578,-3.94000000,,兆易创新
2023-06-07,603986,101.58000000,101.53000000,102.68000000,100.85000000,,97668.00000000,1.80242293,0.17760237,0.18000000,,兆易创新
2023-06-08,603986,100.73000000,99.42000000,100.94000000,98.88000000,,95248.00000000,2.07201770,-2.07820349,-2.11000000,,兆易创新
2023-06-09,603986,99.75000000,101.54000000,101.60000000,98.47000000,,157380.00000000,3.08252905,2.13236773,2.12000000,,兆易创新
2023-06-12,603986,100.70000000,101.19000000,102.24000000,99.64000000,,143817.00000000,2.56942386,-0.34469175,-0.35000000,,兆易创新
2023-06-13,603986,101.32000000,110.23000000,111.48000000,100.90000000,,355673.00000000,9.59811304,8.93368910,9.04000000,,兆易创新
2023-06-14,603986,110.07000000,110.49000000,111.79000000,109.09000000,,195413.00000000,2.44366006,0.23587045,0.26000000,,兆易创新
2023-06-15,603986,111.09000000,109.20000000,111.49000000,108.39000000,,134945.00000000,2.83882784,-1.16752647,-1.29000000,,兆易创新
2023-06-16,603986,108.40000000,110.17000000,110.79000000,107.50000000,,140903.00000000,2.98629391,0.88827839,0.97000000,,兆易创新
2023-06-19,603986,109.17000000,112.37000000,113.72000000,108.59000000,,185240.00000000,4.56527543,1.99691386,2.20000000,,兆易创新
2023-06-20,603986,111.41000000,112.27000000,113.28000000,110.65000000,,120878.00000000,2.34256703,-0.08899172,-0.10000000,,兆易创新
2023-06-21,603986,111.51000000,106.71000000,111.56000000,106.71000000,,177376.00000000,4.54502858,-4.95234702,-5.56000000,,兆易创新
2023-06-26,603986,104.37000000,104.76000000,106.21000000,103.02000000,,113119.00000000,3.04505536,-1.82738263,-1.95000000,,兆易创新
2023-06-27,603986,104.76000000,104.75000000,107.29000000,104.02000000,,90801.00000000,3.12171838,-0.00954563,-0.01000000,,兆易创新
2023-06-28,603986,104.70000000,103.96000000,106.18000000,102.14000000,,114491.00000000,3.88611004,-0.75417661,-0.79000000,,兆易创新
2023-06-29,603986,106.98000000,104.27000000,108.88000000,104.11000000,,138435.00000000,4.57466194,0.29819161,0.31000000,,兆易创新
2023-06-30,603986,103.01000000,105.16000000,106.55000000,101.91000000,,101068.00000000,4.41232408,0.85355328,0.89000000,,兆易创新
2023-07-03,603986,104.91000000,105.30000000,106.11000000,103.72000000,,94938.00000000,2.26970560,0.13313047,0.14000000,,兆易创新
2023-07-04,603986,105.32000000,107.73000000,109.44000000,104.07000000,,151310.00000000,4.98468393,2.30769231,2.43000000,,兆易创新
2023-07-05,603986,107.11000000,109.26000000,111.41000000,107.09000000,,170811.00000000,3.95387150,1.42021721,1.53000000,,兆易创新
2023-07-06,603986,108.31000000,109.35000000,111.89000000,108.07000000,,124485.00000000,3.49336991,0.08237232,0.09000000,,兆易创新
2023-07-07,603986,105.91000000,104.12000000,106.03000000,101.93000000,,193989.00000000,3.93776412,-4.78280750,-5.23000000,,兆易创新
2023-07-10,603986,104.34000000,104.91000000,107.19000000,103.63000000,,88681.00000000,3.39338481,0.75873992,0.79000000,,兆易创新
2023-07-11,603986,105.46000000,114.24000000,115.07000000,105.46000000,,315109.00000000,8.41211485,8.89333715,9.33000000,,兆易创新
2023-07-12,603986,114.21000000,112.12000000,115.11000000,111.79000000,,184490.00000000,2.96111309,-1.85574230,-2.12000000,,兆易创新
2023-07-13,603986,112.32000000,117.16000000,118.81000000,111.76000000,,258779.00000000,6.01741209,4.49518373,5.04000000,,兆易创新
2023-07-14,603986,118.04000000,116.25000000,122.21000000,116.19000000,,256540.00000000,5.17849462,-0.77671560,-0.91000000,,兆易创新
2023-07-17,603986,115.22000000,117.27000000,118.62000000,115.08000000,,159892.00000000,3.01867485,0.87741935,1.02000000,,兆易创新
2023-07-18,603986,116.95000000,114.64000000,118.79000000,114.37000000,,149243.00000000,3.85554780,-2.24268781,-2.63000000,,兆易创新
2023-07-19,603986,113.91000000,113.51000000,115.61000000,112.64000000,,95724.00000000,2.61650956,-0.98569435,-1.13000000,,兆易创新
2023-07-20,603986,113.93000000,111.28000000,114.37000000,110.79000000,,96655.00000000,3.21710999,-1.96458462,-2.23000000,,兆易创新
2023-07-21,603986,111.03000000,111.18000000,113.31000000,109.99000000,,90721.00000000,2.98614859,-0.08986341,-0.10000000,,兆易创新
2023-07-24,603986,111.11000000,109.84000000,111.69000000,109.10000000,,74711.00000000,2.35797524,-1.20525274,-1.34000000,,兆易创新
2023-07-25,603986,111.31000000,111.81000000,112.78000000,109.83000000,,119458.00000000,2.63840444,1.79351784,1.97000000,,兆易创新
2023-07-26,603986,111.71000000,110.71000000,114.26000000,110.07000000,,103345.00000000,3.78466263,-0.98381182,-1.10000000,,兆易创新
2023-07-27,603986,109.90000000,109.37000000,111.21000000,109.13000000,,79858.00000000,1.90180123,-1.21036943,-1.34000000,,兆易创新
2023-07-28,603986,110.30000000,113.14000000,113.79000000,109.73000000,,174506.00000000,3.58847446,3.44701472,3.77000000,,兆易创新
2023-07-31,603986,111.92000000,113.69000000,114.88000000,111.50000000,,142991.00000000,2.97299675,0.48612339,0.55000000,,兆易创新
2023-08-01,603986,113.70000000,113.32000000,114.21000000,111.96000000,,81029.00000000,1.98552771,-0.32544639,-0.37000000,,兆易创新
2023-08-02,603986,112.50000000,112.89000000,113.63000000,112.22000000,,74052.00000000,1.24900345,-0.37945641,-0.43000000,,兆易创新
2023-08-03,603986,112.23000000,113.02000000,114.41000000,111.19000000,,81163.00000000,2.84905326,0.11515635,0.13000000,,兆易创新
2023-08-04,603986,112.26000000,105.77000000,113.26000000,101.96000000,,352520.00000000,10.68355867,-6.41479384,-7.25000000,,兆易创新
2023-08-07,603986,103.91000000,104.24000000,105.31000000,102.91000000,,134216.00000000,2.30237913,-1.44653493,-1.53000000,,兆易创新
2023-08-08,603986,103.79000000,103.66000000,105.01000000,103.47000000,,79392.00000000,1.48562609,-0.55640829,-0.58000000,,兆易创新
2023-08-09,603986,103.63000000,102.97000000,104.09000000,102.51000000,,65147.00000000,1.53442750,-0.66563766,-0.69000000,,兆易创新
2023-08-10,603986,102.97000000,102.56000000,103.38000000,100.76000000,,87189.00000000,2.55460218,-0.39817423,-0.41000000,,兆易创新
2023-08-11,603986,102.57000000,100.96000000,102.79000000,100.54000000,,76792.00000000,2.22860539,-1.56006240,-1.60000000,,兆易创新
2023-08-14,603986,98.91000000,100.10000000,100.40000000,98.86000000,,65193.00000000,1.53846154,-0.85182250,-0.86000000,,兆易创新
2023-08-15,603986,100.71000000,96.66000000,101.14000000,93.79000000,,204000.00000000,7.60397269,-3.43656344,-3.44000000,,兆易创新
2023-08-16,603986,95.70000000,93.41000000,96.51000000,93.41000000,,112145.00000000,3.31870249,-3.36230085,-3.25000000,,兆易创新
2023-08-17,603986,92.89000000,94.38000000,95.11000000,92.41000000,,78376.00000000,2.86077559,1.03843272,0.97000000,,兆易创新
2023-08-18,603986,94.27000000,92.68000000,95.34000000,92.56000000,,75617.00000000,2.99956841,-1.80122907,-1.70000000,,兆易创新
2023-08-21,603986,92.71000000,90.42000000,93.36000000,90.26000000,,103733.00000000,3.42844503,-2.43849806,-2.26000000,,兆易创新
2023-08-22,603986,91.41000000,91.05000000,91.84000000,88.44000000,,131470.00000000,3.73421197,0.69674851,0.63000000,,兆易创新
2023-08-23,603986,91.15000000,89.01000000,91.79000000,88.92000000,,91463.00000000,3.22435681,-2.24052718,-2.04000000,,兆易创新
2023-08-24,603986,89.35000000,90.42000000,91.39000000,88.99000000,,90391.00000000,2.65428003,1.58409168,1.41000000,,兆易创新
2023-08-25,603986,89.42000000,88.01000000,89.83000000,87.29000000,,93429.00000000,2.88603568,-2.66533953,-2.41000000,,兆易创新
2023-08-28,603986,94.42000000,88.40000000,94.42000000,88.01000000,,136063.00000000,7.25113122,0.44313146,0.39000000,,兆易创新
2023-08-29,603986,88.31000000,91.18000000,92.16000000,87.94000000,,126290.00000000,4.62820794,3.14479638,2.78000000,,兆易创新
2023-08-30,603986,91.41000000,92.91000000,94.36000000,91.21000000,,139224.00000000,3.39037778,1.89734591,1.73000000,,兆易创新
2023-08-31,603986,92.13000000,92.89000000,93.67000000,91.51000000,,90902.00000000,2.32533104,-0.02152621,-0.02000000,,兆易创新
2023-09-01,603986,94.41000000,93.41000000,96.37000000,92.67000000,,114981.00000000,3.96103201,0.55980192,0.52000000,,兆易创新
2023-09-04,603986,92.91000000,95.71000000,95.74000000,92.86000000,,108628.00000000,3.00908996,2.46226314,2.30000000,,兆易创新
2023-09-05,603986,95.81000000,98.55000000,100.01000000,95.71000000,,203399.00000000,4.36326738,2.96729704,2.84000000,,兆易创新
2023-09-06,603986,97.21000000,98.83000000,99.41000000,97.17000000,,98233.00000000,2.26651826,0.28411974,0.28000000,,兆易创新
2023-09-07,603986,98.83000000,97.21000000,99.88000000,97.17000000,,118446.00000000,2.78777904,-1.63917839,-1.62000000,,兆易创新
2023-09-08,603986,95.92000000,96.26000000,97.66000000,95.61000000,,75476.00000000,2.12964887,-0.97726571,-0.95000000,,兆易创新
2023-09-11,603986,96.27000000,96.41000000,98.10000000,95.56000000,,90043.00000000,2.63458147,0.15582797,0.15000000,,兆易创新
2023-09-12,603986,96.43000000,96.70000000,97.39000000,95.81000000,,60771.00000000,1.63391934,0.30079867,0.29000000,,兆易创新
2023-09-13,603986,97.51000000,97.86000000,99.71000000,96.11000000,,129559.00000000,3.67872471,1.19958635,1.16000000,,兆易创新
2023-09-14,603986,97.06000000,95.87000000,97.85000000,95.05000000,,89192.00000000,2.92062168,-2.03351727,-1.99000000,,兆易创新
2023-09-15,603986,96.21000000,98.91000000,101.61000000,94.72000000,,176889.00000000,6.96592862,3.17096068,3.04000000,,兆易创新
2023-09-18,603986,98.11000000,98.42000000,99.41000000,97.61000000,,89065.00000000,1.82889657,-0.49539986,-0.49000000,,兆易创新
2023-09-19,603986,98.01000000,100.30000000,101.79000000,97.21000000,,141556.00000000,4.56630110,1.91018086,1.88000000,,兆易创新
2023-09-20,603986,99.95000000,99.35000000,101.41000000,98.80000000,,82716.00000000,2.62707599,-0.94715852,-0.95000000,,兆易创新
2023-09-21,603986,98.91000000,99.43000000,100.21000000,98.08000000,,63427.00000000,2.14221060,0.08052340,0.08000000,,兆易创新
2023-09-22,603986,99.11000000,100.89000000,101.09000000,98.04000000,,96041.00000000,3.02309446,1.46836971,1.46000000,,兆易创新
2023-09-25,603986,100.35000000,98.86000000,100.79000000,98.71000000,,67925.00000000,2.10398543,-2.01209238,-2.03000000,,兆易创新
2023-09-26,603986,98.54000000,97.69000000,99.29000000,97.58000000,,71809.00000000,1.75043505,-1.18349181,-1.17000000,,兆易创新
2023-09-27,603986,97.89000000,97.79000000,99.35000000,97.58000000,,53970.00000000,1.81000102,0.10236462,0.10000000,,兆易创新
2023-09-28,603986,97.79000000,97.51000000,99.01000000,97.01000000,,58100.00000000,2.05107168,-0.28632785,-0.28000000,,兆易创新
2023-10-09,603986,97.51000000,101.60000000,102.79000000,97.21000000,,127054.00000000,5.49212598,4.19444160,4.09000000,,兆易创新
2023-10-10,603986,100.91000000,102.76000000,103.96000000,100.91000000,,104856.00000000,2.96808097,1.14173228,1.16000000,,兆易创新
2023-10-11,603986,103.11000000,103.91000000,105.46000000,101.97000000,,107767.00000000,3.35867578,1.11911250,1.15000000,,兆易创新
2023-10-12,603986,102.91000000,103.21000000,104.36000000,101.16000000,,99685.00000000,3.10047476,-0.67365990,-0.70000000,,兆易创新
2023-10-13,603986,102.71000000,102.09000000,103.51000000,101.41000000,,88975.00000000,2.05700852,-1.08516617,-1.12000000,,兆易创新
2023-10-16,603986,101.42000000,100.05000000,101.89000000,99.45000000,,79549.00000000,2.43878061,-1.99823685,-2.04000000,,兆易创新
2023-10-17,603986,100.05000000,101.11000000,101.76000000,99.32000000,,71329.00000000,2.41321333,1.05947026,1.06000000,,兆易创新
2023-10-18,603986,100.51000000,99.31000000,101.71000000,96.91000000,,69824.00000000,4.83335012,-1.78023934,-1.80000000,,兆易创新
2023-10-19,603986,98.22000000,98.37000000,102.06000000,98.11000000,,77280.00000000,4.01545187,-0.94653106,-0.94000000,,兆易创新
2023-10-20,603986,98.21000000,96.30000000,98.99000000,95.88000000,,73457.00000000,3.22949117,-2.10430009,-2.07000000,,兆易创新
2023-10-23,603986,95.91000000,93.61000000,96.65000000,92.54000000,,77077.00000000,4.39055656,-2.79335410,-2.69000000,,兆易创新
2023-10-24,603986,94.59000000,96.59000000,97.07000000,93.34000000,,84351.00000000,3.86168340,3.18342057,2.98000000,,兆易创新
2023-10-25,603986,94.69000000,95.36000000,95.71000000,90.92000000,,125257.00000000,5.02307047,-1.27342375,-1.23000000,,兆易创新
2023-10-26,603986,95.02000000,93.29000000,95.34000000,92.30000000,,67334.00000000,3.25865580,-2.17072148,-2.07000000,,兆易创新
2023-10-27,603986,93.31000000,100.74000000,102.07000000,93.31000000,,173790.00000000,8.69565217,7.98585057,7.45000000,,兆易创新
2023-10-30,603986,99.84000000,105.79000000,107.47000000,99.82000000,,216713.00000000,7.23130731,5.01290451,5.05000000,,兆易创新
2023-10-31,603986,107.91000000,105.91000000,108.67000000,104.18000000,,113442.00000000,4.23944859,0.11343227,0.12000000,,兆易创新
2023-11-01,603986,105.71000000,104.37000000,106.37000000,103.92000000,,64393.00000000,2.34741784,-1.45406477,-1.54000000,,兆易创新
2023-11-02,603986,104.46000000,103.44000000,105.61000000,103.32000000,,61264.00000000,2.21384377,-0.89106065,-0.93000000,,兆易创新
2023-11-03,603986,103.61000000,106.91000000,107.77000000,103.61000000,,109671.00000000,3.89112337,3.35460170,3.47000000,,兆易创新
2023-11-06,603986,106.76000000,108.26000000,109.13000000,106.14000000,,122349.00000000,2.76186957,1.26274436,1.35000000,,兆易创新
2023-11-07,603986,107.91000000,105.85000000,108.24000000,104.77000000,,118528.00000000,3.27822390,-2.22612230,-2.41000000,,兆易创新
2023-11-08,603986,105.58000000,105.60000000,106.39000000,104.75000000,,93621.00000000,1.55303030,-0.23618328,-0.25000000,,兆易创新
2023-11-09,603986,105.31000000,104.01000000,105.96000000,103.40000000,,83704.00000000,2.46130180,-1.50568182,-1.59000000,,兆易创新
2023-11-10,603986,104.19000000,104.09000000,105.73000000,103.41000000,,65555.00000000,2.22884043,0.07691568,0.08000000,,兆易创新
2023-11-13,603986,104.68000000,103.02000000,105.41000000,102.46000000,,95279.00000000,2.86352165,-1.02795658,-1.07000000,,兆易创新
2023-11-14,603986,102.91000000,102.58000000,103.89000000,101.83000000,,74717.00000000,2.00818873,-0.42710153,-0.44000000,,兆易创新
2023-11-15,603986,104.17000000,105.90000000,106.81000000,102.92000000,,147716.00000000,3.67327668,3.23649834,3.32000000,,兆易创新
2023-11-16,603986,104.81000000,103.60000000,105.12000000,102.87000000,,75711.00000000,2.17181467,-2.17186025,-2.30000000,,兆易创新
2023-11-17,603986,103.20000000,103.89000000,105.14000000,102.61000000,,79343.00000000,2.43526807,0.27992278,0.29000000,,兆易创新
2023-11-20,603986,103.89000000,98.97000000,103.90000000,98.79000000,,183399.00000000,5.16318076,-4.73577823,-4.92000000,,兆易创新
2023-11-21,603986,99.01000000,96.81000000,99.39000000,96.52000000,,130612.00000000,2.96456978,-2.18247954,-2.16000000,,兆易创新
2023-11-22,603986,96.16000000,94.60000000,96.66000000,94.51000000,,121588.00000000,2.27272727,-2.28282202,-2.21000000,,兆易创新
2023-11-23,603986,94.54000000,95.60000000,95.70000000,93.79000000,,103366.00000000,1.99790795,1.05708245,1.00000000,,兆易创新
2023-11-24,603986,95.61000000,93.67000000,95.70000000,93.51000000,,75504.00000000,2.33799509,-2.01882845,-1.93000000,,兆易创新
2023-11-27,603986,93.04000000,93.95000000,94.21000000,92.41000000,,88520.00000000,1.91591272,0.29892175,0.28000000,,兆易创新
2023-11-28,603986,93.95000000,94.11000000,94.61000000,93.11000000,,76904.00000000,1.59387950,0.17030335,0.16000000,,兆易创新
2023-11-29,603986,95.41000000,93.55000000,95.90000000,93.26000000,,90473.00000000,2.82202031,-0.59504835,-0.56000000,,兆易创新
2023-11-30,603986,93.11000000,93.01000000,93.38000000,92.15000000,,69929.00000000,1.32243845,-0.57723143,-0.54000000,,兆易创新
2023-12-01,603986,93.06000000,94.06000000,94.29000000,91.20000000,,100490.00000000,3.28513715,1.12891087,1.05000000,,兆易创新
2023-12-04,603986,93.78000000,93.38000000,94.31000000,93.24000000,,69280.00000000,1.14585564,-0.72294280,-0.68000000,,兆易创新
2023-12-05,603986,92.91000000,88.97000000,92.92000000,88.82000000,,125653.00000000,4.60829493,-4.72263868,-4.41000000,,兆易创新
2023-12-06,603986,88.18000000,90.23000000,90.91000000,88.11000000,,90696.00000000,3.10318076,1.41620771,1.26000000,,兆易创新
2023-12-07,603986,89.91000000,88.68000000,90.64000000,88.21000000,,78630.00000000,2.74018945,-1.71783221,-1.55000000,,兆易创新
2023-12-08,603986,88.76000000,90.82000000,91.24000000,88.24000000,,132187.00000000,3.30323717,2.41317095,2.14000000,,兆易创新
2023-12-11,603986,89.96000000,91.81000000,92.36000000,88.71000000,,105820.00000000,3.97560179,1.09006827,0.99000000,,兆易创新
2023-12-12,603986,91.91000000,92.53000000,94.44000000,91.42000000,,111808.00000000,3.26380633,0.78422830,0.72000000,,兆易创新
2023-12-13,603986,92.06000000,92.21000000,94.06000000,91.59000000,,96568.00000000,2.67866826,-0.34583378,-0.32000000,,兆易创新
2023-12-14,603986,93.32000000,94.02000000,95.38000000,92.75000000,,130085.00000000,2.79727718,1.96291075,1.81000000,,兆易创新
2023-12-15,603986,94.27000000,93.05000000,94.67000000,92.42000000,,85616.00000000,2.41805481,-1.03169538,-0.97000000,,兆易创新
2023-12-18,603986,92.12000000,91.55000000,92.70000000,91.18000000,,58331.00000000,1.66029492,-1.61203654,-1.50000000,,兆易创新
2023-12-19,603986,91.29000000,92.79000000,93.91000000,91.15000000,,78288.00000000,2.97445845,1.35445112,1.24000000,,兆易创新
2023-12-20,603986,92.66000000,90.07000000,92.88000000,89.39000000,,93801.00000000,3.87476407,-2.93135036,-2.72000000,,兆易创新
2023-12-21,603986,89.70000000,90.60000000,91.76000000,89.31000000,,69518.00000000,2.70419426,0.58843122,0.53000000,,兆易创新
2023-12-22,603986,91.90000000,90.03000000,92.86000000,89.51000000,,82274.00000000,3.72098189,-0.62913907,-0.57000000,,兆易创新
2023-12-25,603986,89.41000000,89.83000000,90.64000000,88.90000000,,50224.00000000,1.93699210,-0.22214817,-0.20000000,,兆易创新
2023-12-26,603986,89.83000000,88.05000000,90.01000000,87.72000000,,59596.00000000,2.60079500,-1.98152065,-1.78000000,,兆易创新
2023-12-27,603986,88.16000000,89.74000000,90.91000000,88.16000000,,108929.00000000,3.06440829,1.91936400,1.69000000,,兆易创新
2023-12-28,603986,89.65000000,91.41000000,92.18000000,88.25000000,,112093.00000000,4.29931080,1.86093158,1.67000000,,兆易创新
2023-12-29,603986,91.21000000,91.30000000,92.41000000,90.79000000,,85481.00000000,1.77437021,-0.12033694,-0.11000000,,兆易创新
2024-01-02,603986,91.31000000,88.89000000,91.31000000,88.76000000,,89306.00000000,2.86871414,-2.63964951,-2.41000000,,兆易创新
2024-01-03,603986,88.71000000,84.97000000,88.81000000,83.77000000,,166064.00000000,5.93150524,-4.40994488,-3.92000000,,兆易创新
2024-01-04,603986,84.63000000,80.21000000,84.77000000,78.91000000,,211787.00000000,7.30582222,-5.60197717,-4.76000000,,兆易创新
2024-01-05,603986,79.56000000,78.61000000,81.16000000,77.30000000,,171855.00000000,4.91031675,-1.99476375,-1.60000000,,兆易创新
2024-01-08,603986,77.91000000,76.52000000,78.79000000,75.60000000,,170528.00000000,4.16884475,-2.65869482,-2.09000000,,兆易创新
2024-01-09,603986,76.91000000,76.61000000,77.70000000,75.27000000,,122956.00000000,3.17190967,0.11761631,0.09000000,,兆易创新
2024-01-10,603986,76.04000000,75.49000000,76.79000000,74.76000000,,95308.00000000,2.68909789,-1.46195014,-1.12000000,,兆易创新
2024-01-11,603986,75.07000000,76.77000000,77.07000000,75.04000000,,102067.00000000,2.64426208,1.69558882,1.28000000,,兆易创新
2024-01-12,603986,76.28000000,75.51000000,76.58000000,75.24000000,,79635.00000000,1.77459939,-1.64126612,-1.26000000,,兆易创新
2024-01-15,603986,75.06000000,75.46000000,77.21000000,74.41000000,,96918.00000000,3.71057514,-0.06621640,-0.05000000,,兆易创新
2024-01-16,603986,75.31000000,75.39000000,75.83000000,73.67000000,,110778.00000000,2.86510147,-0.09276438,-0.07000000,,兆易创新
2024-01-17,603986,74.91000000,73.24000000,75.69000000,73.23000000,,81264.00000000,3.35882032,-2.85183711,-2.15000000,,兆易创新
2024-01-18,603986,72.78000000,74.84000000,75.09000000,71.72000000,,137846.00000000,4.50293960,2.18459858,1.60000000,,兆易创新
2024-01-19,603986,74.46000000,74.19000000,75.40000000,73.91000000,,81700.00000000,2.00835692,-0.86851951,-0.65000000,,兆易创新
2024-01-22,603986,74.01000000,71.20000000,74.41000000,70.21000000,,126164.00000000,5.89887640,-4.03019275,-2.99000000,,兆易创新
2024-01-23,603986,71.21000000,72.14000000,72.91000000,70.91000000,,99237.00000000,2.77238703,1.32022472,0.94000000,,兆易创新
2024-01-24,603986,72.71000000,71.01000000,72.85000000,68.81000000,,131249.00000000,5.68933953,-1.56639867,-1.13000000,,兆易创新
2024-01-25,603986,70.78000000,73.07000000,73.21000000,70.27000000,,119392.00000000,4.02353907,2.90099986,2.06000000,,兆易创新
2024-01-26,603986,70.91000000,67.64000000,70.91000000,66.91000000,,299187.00000000,5.91366056,-7.43123033,-5.43000000,,兆易创新
2024-01-29,603986,66.81000000,65.59000000,68.21000000,64.62000000,,194374.00000000,5.47339533,-3.03075103,-2.05000000,,兆易创新
2024-01-30,603986,65.43000000,64.26000000,66.20000000,63.96000000,,98853.00000000,3.48583878,-2.02774813,-1.33000000,,兆易创新
2024-01-31,603986,63.91000000,61.41000000,64.72000000,61.32000000,,142307.00000000,5.53655756,-4.43510738,-2.85000000,,兆易创新
2024-02-01,603986,61.33000000,62.22000000,64.60000000,60.82000000,,153425.00000000,6.07521697,1.31900342,0.81000000,,兆易创新
2024-02-02,603986,62.61000000,59.09000000,62.98000000,56.91000000,,182120.00000000,10.27246573,-5.03053680,-3.13000000,,兆易创新
2024-02-05,603986,58.90000000,56.83000000,58.91000000,54.11000000,,182840.00000000,8.44624318,-3.82467423,-2.26000000,,兆易创新
2024-02-06,603986,56.54000000,60.87000000,60.91000000,55.91000000,,173490.00000000,8.21422704,7.10892134,4.04000000,,兆易创新
2024-02-07,603986,61.06000000,61.21000000,62.48000000,60.29000000,,177465.00000000,3.57784676,0.55856744,0.34000000,,兆易创新
2024-02-08,603986,61.69000000,67.44000000,67.44000000,61.66000000,,210110.00000000,8.57058126,10.17807548,6.23000000,,兆易创新
2024-02-19,603986,67.46000000,65.86000000,67.90000000,63.68000000,,261611.00000000,6.40753113,-2.34282325,-1.58000000,,兆易创新
2024-02-20,603986,65.10000000,69.06000000,70.93000000,63.34000000,,301582.00000000,10.99044309,4.85879138,3.20000000,,兆易创新
2024-02-21,603986,66.41000000,68.18000000,70.51000000,66.26000000,,341447.00000000,6.23349956,-1.27425427,-0.88000000,,兆易创新
2024-02-22,603986,66.91000000,71.45000000,71.95000000,66.71000000,,301343.00000000,7.33379986,4.79612790,3.27000000,,兆易创新
2024-02-23,603986,71.46000000,70.89000000,72.22000000,69.90000000,,262476.00000000,3.27267598,-0.78376487,-0.56000000,,兆易创新
2024-02-26,603986,70.91000000,70.27000000,71.73000000,69.71000000,,186353.00000000,2.87462644,-0.87459444,-0.62000000,,兆易创新
2024-02-27,603986,69.83000000,73.10000000,73.54000000,69.17000000,,234335.00000000,5.97811218,4.02732318,2.83000000,,兆易创新
2024-02-28,603986,73.21000000,68.81000000,74.51000000,68.72000000,,242150.00000000,8.41447464,-5.86867305,-4.29000000,,兆易创新
2024-02-29,603986,68.21000000,72.18000000,72.21000000,68.02000000,,229640.00000000,5.80493211,4.89754396,3.37000000,,兆易创新
2024-03-01,603986,72.28000000,74.67000000,75.57000000,72.07000000,,244928.00000000,4.68729075,3.44970906,2.49000000,,兆易创新
2024-03-04,603986,75.09000000,73.84000000,75.57000000,73.06000000,,192938.00000000,3.39924160,-1.11155752,-0.83000000,,兆易创新
2024-03-05,603986,73.01000000,73.17000000,74.60000000,72.70000000,,167057.00000000,2.59669263,-0.90736728,-0.67000000,,兆易创新
2024-03-06,603986,72.91000000,71.74000000,73.16000000,70.99000000,,148200.00000000,3.02481182,-1.95435288,-1.43000000,,兆易创新
2024-03-07,603986,71.88000000,69.43000000,73.11000000,69.41000000,,151815.00000000,5.32910845,-3.21996097,-2.31000000,,兆易创新
2024-03-08,603986,69.94000000,70.51000000,71.39000000,69.38000000,,123363.00000000,2.85065948,1.55552355,1.08000000,,兆易创新
2024-03-11,603986,69.63000000,73.54000000,73.71000000,68.96000000,,194193.00000000,6.45906989,4.29726280,3.03000000,,兆易创新
2024-03-12,603986,73.88000000,77.91000000,81.00000000,73.40000000,,449151.00000000,9.75484533,5.94234430,4.37000000,,兆易创新
2024-03-13,603986,78.91000000,77.26000000,79.31000000,76.21000000,,295310.00000000,4.01242558,-0.83429598,-0.65000000,,兆易创新
2024-03-14,603986,76.46000000,76.09000000,77.53000000,75.27000000,,177707.00000000,2.97016691,-1.51436707,-1.17000000,,兆易创新
2024-03-15,603986,75.91000000,76.33000000,76.67000000,74.29000000,,182268.00000000,3.11804009,0.31541595,0.24000000,,兆易创新
2024-03-18,603986,76.56000000,76.80000000,77.41000000,75.57000000,,213065.00000000,2.39583333,0.61574741,0.47000000,,兆易创新
2024-03-19,603986,76.81000000,76.12000000,78.86000000,75.81000000,,223805.00000000,4.00683132,-0.88541667,-0.68000000,,兆易创新
2024-03-20,603986,75.68000000,76.01000000,76.76000000,74.68000000,,154258.00000000,2.73648204,-0.14450867,-0.11000000,,兆易创新
2024-03-21,603986,78.25000000,79.06000000,81.23000000,77.21000000,,378439.00000000,5.08474576,4.01262992,3.05000000,,兆易创新
2024-03-22,603986,79.91000000,77.29000000,81.34000000,77.20000000,,316452.00000000,5.35644973,-2.23880597,-1.77000000,,兆易创新
2024-03-25,603986,75.93000000,72.44000000,76.33000000,72.25000000,,267224.00000000,5.63224738,-6.27506793,-4.85000000,,兆易创新
2024-03-26,603986,73.56000000,75.38000000,78.57000000,73.31000000,,302069.00000000,6.97797824,4.05853120,2.94000000,,兆易创新
2024-03-27,603986,74.87000000,69.66000000,75.14000000,69.43000000,,242539.00000000,8.19695665,-7.58821969,-5.72000000,,兆易创新
2024-03-28,603986,69.66000000,71.66000000,72.37000000,68.59000000,,170200.00000000,5.27490929,2.87108814,2.00000000,,兆易创新
2024-03-29,603986,71.65000000,70.78000000,71.65000000,69.36000000,,144973.00000000,3.23537723,-1.22802121,-0.88000000,,兆易创新
2024-04-01,603986,70.86000000,71.35000000,71.58000000,69.91000000,,179330.00000000,2.34057463,0.80531224,0.57000000,,兆易创新
2024-04-02,603986,72.80000000,70.81000000,72.92000000,70.36000000,,164827.00000000,3.61530857,-0.75683252,-0.54000000,,兆易创新
2024-04-03,603986,70.27000000,70.52000000,72.78000000,68.29000000,,238378.00000000,6.36698809,-0.40954667,-0.29000000,,兆易创新
2024-04-08,603986,70.31000000,68.65000000,70.91000000,68.65000000,,158218.00000000,3.29206118,-2.65173001,-1.87000000,,兆易创新
2024-04-09,603986,68.71000000,68.76000000,69.80000000,67.91000000,,119523.00000000,2.74869110,0.16023307,0.11000000,,兆易创新
2024-04-10,603986,68.91000000,65.33000000,69.17000000,65.12000000,,174331.00000000,6.19929588,-4.98836533,-3.43000000,,兆易创新
2024-04-11,603986,65.51000000,69.09000000,71.24000000,65.51000000,,335969.00000000,8.29353018,5.75539568,3.76000000,,兆易创新
2024-04-12,603986,68.71000000,72.76000000,75.15000000,68.51000000,,358401.00000000,9.12589335,5.31191200,3.67000000,,兆易创新
2024-04-15,603986,71.91000000,72.11000000,72.69000000,70.98000000,,209792.00000000,2.37137706,-0.89334799,-0.65000000,,兆易创新
2024-04-16,603986,71.59000000,67.78000000,71.59000000,67.71000000,,181051.00000000,5.72440248,-6.00471502,-4.33000000,,兆易创新
2024-04-17,603986,69.41000000,74.67000000,74.67000000,68.71000000,,343275.00000000,7.98178653,10.16524048,6.89000000,,兆易创新
2024-04-18,603986,75.42000000,74.91000000,76.31000000,74.34000000,,276420.00000000,2.62982245,0.32141422,0.24000000,,兆易创新
2024-04-19,603986,74.21000000,73.00000000,74.41000000,71.56000000,,223472.00000000,3.90410959,-2.54972634,-1.91000000,,兆易创新
2024-04-22,603986,69.26000000,74.87000000,75.08000000,68.00000000,,368903.00000000,9.45639108,2.56164384,1.87000000,,兆易创新
2024-04-23,603986,74.61000000,73.41000000,75.21000000,72.99000000,,194734.00000000,3.02411116,-1.95004675,-1.46000000,,兆易创新
2024-04-24,603986,74.16000000,76.81000000,77.23000000,74.16000000,,294444.00000000,3.99687541,4.63152159,3.40000000,,兆易创新
2024-04-25,603986,76.02000000,76.02000000,78.18000000,75.92000000,,214550.00000000,2.97290187,-1.02851191,-0.79000000,,兆易创新
2024-04-26,603986,76.01000000,77.61000000,78.59000000,75.84000000,,250227.00000000,3.54335781,2.09155485,1.59000000,,兆易创新
2024-04-29,603986,77.61000000,77.66000000,79.88000000,77.38000000,,288115.00000000,3.21916044,0.06442469,0.05000000,,兆易创新
2024-04-30,603986,77.62000000,77.66000000,79.51000000,77.13000000,,179260.00000000,3.06464074,0.00000000,0.00000000,,兆易创新
2024-05-06,603986,78.93000000,80.85000000,81.84000000,78.93000000,,241320.00000000,3.59925788,4.10764873,3.19000000,,兆易创新
2024-05-07,603986,80.89000000,82.94000000,85.90000000,80.70000000,,278869.00000000,6.26959248,2.58503401,2.09000000,,兆易创新
2024-05-08,603986,82.91000000,80.90000000,82.91000000,80.43000000,,186681.00000000,3.06551298,-2.45960936,-2.04000000,,兆易创新
2024-05-09,603986,80.42000000,81.50000000,82.41000000,80.35000000,,166501.00000000,2.52760736,0.74165637,0.60000000,,兆易创新
2024-05-10,603986,81.71000000,81.40000000,84.41000000,80.80000000,,234198.00000000,4.43488943,-0.12269939,-0.10000000,,兆易创新
2024-05-13,603986,79.91000000,85.23000000,86.48000000,79.68000000,,270239.00000000,7.97841136,4.70515971,3.83000000,,兆易创新
2024-05-14,603986,85.53000000,85.53000000,86.11000000,84.01000000,,181396.00000000,2.45527885,0.35198874,0.30000000,,兆易创新
2024-05-15,603986,85.62000000,82.33000000,85.70000000,81.95000000,,170668.00000000,4.55484028,-3.74137729,-3.20000000,,兆易创新
2024-05-16,603986,82.91000000,80.46000000,83.41000000,79.91000000,,182247.00000000,4.34998757,-2.27134702,-1.87000000,,兆易创新
2024-05-17,603986,80.56000000,81.78000000,81.91000000,79.71000000,,136860.00000000,2.69014429,1.64056674,1.32000000,,兆易创新
2024-05-20,603986,81.76000000,81.59000000,82.30000000,80.43000000,,122590.00000000,2.29194754,-0.23233064,-0.19000000,,兆易创新
2024-05-21,603986,81.41000000,81.83000000,83.24000000,81.01000000,,105912.00000000,2.72516192,0.29415370,0.24000000,,兆易创新
2024-05-22,603986,81.83000000,81.44000000,82.33000000,80.18000000,,124375.00000000,2.63998035,-0.47659782,-0.39000000,,兆易创新
2024-05-23,603986,81.44000000,80.17000000,82.51000000,80.13000000,,120848.00000000,2.96869153,-1.55943026,-1.27000000,,兆易创新
2024-05-24,603986,80.00000000,77.51000000,80.79000000,77.22000000,,180089.00000000,4.60585731,-3.31794936,-2.66000000,,兆易创新
2024-05-27,603986,77.75000000,80.39000000,80.43000000,75.92000000,,183544.00000000,5.61015052,3.71564959,2.88000000,,兆易创新
2024-05-28,603986,80.30000000,80.60000000,84.07000000,79.93000000,,221077.00000000,5.13647643,0.26122652,0.21000000,,兆易创新
2024-05-29,603986,79.93000000,79.35000000,80.89000000,78.91000000,,107370.00000000,2.49527410,-1.55086849,-1.25000000,,兆易创新
2024-05-30,603986,79.29000000,81.29000000,81.89000000,78.26000000,,154289.00000000,4.46549391,2.44486452,1.94000000,,兆易创新
2024-05-31,603986,81.40000000,82.02000000,83.90000000,80.94000000,,167151.00000000,3.60887588,0.89801944,0.73000000,,兆易创新
2024-06-03,603986,82.92000000,85.08000000,85.93000000,82.41000000,,248981.00000000,4.13728256,3.73079737,3.06000000,,兆易创新
2024-06-04,603986,85.08000000,84.21000000,85.69000000,83.09000000,,143704.00000000,3.08751930,-1.02256700,-0.87000000,,兆易创新
2024-06-05,603986,83.86000000,83.68000000,85.75000000,83.63000000,,127391.00000000,2.53346080,-0.62937893,-0.53000000,,兆易创新
2024-06-06,603986,84.53000000,82.06000000,85.11000000,81.79000000,,184984.00000000,4.04582013,-1.93594646,-1.62000000,,兆易创新
2024-06-07,603986,82.48000000,82.37000000,84.21000000,81.31000000,,137299.00000000,3.52069928,0.37777236,0.31000000,,兆易创新
2024-06-11,603986,82.91000000,86.47000000,86.49000000,82.51000000,,233338.00000000,4.60275240,4.97754037,4.10000000,,兆易创新
2024-06-12,603986,85.93000000,85.51000000,87.59000000,85.21000000,,189218.00000000,2.78330020,-1.11021163,-0.96000000,,兆易创新
2024-06-13,603986,86.81000000,87.91000000,90.24000000,86.46000000,,271534.00000000,4.29985212,2.80668928,2.40000000,,兆易创新
2024-06-14,603986,87.41000000,89.57000000,89.59000000,85.76000000,,192350.00000000,4.27598526,1.88829485,1.66000000,,兆易创新
2024-06-17,603986,89.21000000,93.19000000,93.90000000,88.90000000,,243112.00000000,5.36538255,4.04153176,3.62000000,,兆易创新
2024-06-18,603986,93.11000000,92.51000000,94.40000000,91.34000000,,195009.00000000,3.30775051,-0.72969203,-0.68000000,,兆易创新
2024-06-19,603986,94.11000000,93.62000000,96.06000000,92.56000000,,212260.00000000,3.73851741,1.19987028,1.11000000,,兆易创新
2024-06-20,603986,92.91000000,91.91000000,94.51000000,91.66000000,,166269.00000000,3.10085954,-1.82653279,-1.71000000,,兆易创新
2024-06-21,603986,89.99000000,93.41000000,93.91000000,89.41000000,,171038.00000000,4.81747136,1.63203134,1.50000000,,兆易创新
2024-06-24,603986,93.11000000,91.36000000,95.53000000,91.14000000,,183877.00000000,4.80516637,-2.19462584,-2.05000000,,兆易创新
2024-06-25,603986,90.91000000,88.86000000,92.41000000,87.88000000,,210701.00000000,5.09790682,-2.73642732,-2.50000000,,兆易创新
2024-06-26,603986,89.57000000,92.11000000,92.71000000,88.27000000,,155305.00000000,4.82032353,3.65743867,3.25000000,,兆易创新
2024-06-27,603986,91.02000000,93.11000000,95.37000000,90.91000000,,206372.00000000,4.79003329,1.08565845,1.00000000,,兆易创新
2024-06-28,603986,91.96000000,94.53000000,95.15000000,91.92000000,,160694.00000000,3.41690469,1.52507786,1.42000000,,兆易创新
2024-07-01,603986,93.97000000,93.32000000,94.90000000,89.46000000,,158483.00000000,5.82940420,-1.28001693,-1.21000000,,兆易创新
2024-07-02,603986,92.92000000,89.12000000,92.92000000,88.72000000,,183591.00000000,4.71274686,-4.50064295,-4.20000000,,兆易创新
2024-07-03,603986,88.93000000,90.60000000,91.41000000,88.32000000,,130300.00000000,3.41059603,1.66068223,1.48000000,,兆易创新
2024-07-04,603986,90.55000000,90.51000000,92.90000000,90.21000000,,114456.00000000,2.97204729,-0.09933775,-0.09000000,,兆易创新
2024-07-05,603986,90.51000000,90.75000000,91.41000000,87.49000000,,144750.00000000,4.31955923,0.26516407,0.24000000,,兆易创新
2024-07-08,603986,91.88000000,90.87000000,92.50000000,90.58000000,,118837.00000000,2.11290855,0.13223140,0.12000000,,兆易创新
2024-07-09,603986,90.91000000,95.33000000,95.91000000,89.61000000,,208468.00000000,6.60862268,4.90811049,4.46000000,,兆易创新
2024-07-10,603986,95.37000000,95.95000000,96.83000000,94.69000000,,144936.00000000,2.23032830,0.65037239,0.62000000,,兆易创新
2024-07-11,603986,97.21000000,96.73000000,98.77000000,94.43000000,,157587.00000000,4.48671560,0.81292340,0.78000000,,兆易创新
2024-07-12,603986,95.52000000,96.26000000,97.11000000,94.21000000,,104758.00000000,3.01267401,-0.48588856,-0.47000000,,兆易创新
2024-07-15,603986,95.91000000,96.11000000,97.26000000,95.46000000,,79492.00000000,1.87285402,-0.15582797,-0.15000000,,兆易创新
2024-07-16,603986,95.61000000,96.90000000,97.51000000,94.23000000,,141012.00000000,3.38493292,0.82197482,0.79000000,,兆易创新
2024-07-17,603986,96.91000000,94.91000000,97.10000000,94.82000000,,102747.00000000,2.40227584,-2.05366357,-1.99000000,,兆易创新
2024-07-18,603986,93.22000000,92.91000000,94.81000000,88.91000000,,205972.00000000,6.35023141,-2.10725951,-2.00000000,,兆易创新
2024-07-19,603986,91.92000000,94.91000000,96.20000000,91.81000000,,160181.00000000,4.62543462,2.15262082,2.00000000,,兆易创新
2024-07-22,603986,94.98000000,93.28000000,95.62000000,92.49000000,,122134.00000000,3.35548885,-1.71741650,-1.63000000,,兆易创新
2024-07-23,603986,93.29000000,87.79000000,93.57000000,87.79000000,,194790.00000000,6.58389338,-5.88550600,-5.49000000,,兆易创新
2024-07-24,603986,87.61000000,85.21000000,88.92000000,84.91000000,,169626.00000000,4.70602042,-2.93883130,-2.58000000,,兆易创新
2024-07-25,603986,85.16000000,83.31000000,85.16000000,82.61000000,,127456.00000000,3.06085704,-2.22978524,-1.90000000,,兆易创新
2024-07-26,603986,83.61000000,83.32000000,84.43000000,82.17000000,,119138.00000000,2.71243399,0.01200336,0.01000000,,兆易创新
2024-07-29,603986,83.32000000,81.46000000,84.08000000,81.41000000,,126163.00000000,3.27768230,-2.23235718,-1.86000000,,兆易创新
2024-07-30,603986,81.13000000,81.90000000,82.57000000,79.51000000,,123523.00000000,3.73626374,0.54014240,0.44000000,,兆易创新
2024-07-31,603986,81.31000000,84.89000000,84.96000000,80.91000000,,160430.00000000,4.77087996,3.65079365,2.99000000,,兆易创新
2024-08-01,603986,85.21000000,85.65000000,86.58000000,84.51000000,,135555.00000000,2.41681261,0.89527624,0.76000000,,兆易创新
2024-08-02,603986,84.15000000,81.97000000,84.98000000,81.82000000,,131562.00000000,3.85506893,-4.29655575,-3.68000000,,兆易创新
2024-08-05,603986,79.94000000,76.57000000,81.41000000,76.52000000,,232581.00000000,6.38631318,-6.58777602,-5.40000000,,兆易创新
2024-08-06,603986,77.89000000,77.09000000,78.39000000,75.84000000,,127303.00000000,3.30782203,0.67911715,0.52000000,,兆易创新
2024-08-07,603986,76.96000000,75.86000000,77.31000000,75.57000000,,92951.00000000,2.29369892,-1.59553768,-1.23000000,,兆易创新
2024-08-08,603986,75.18000000,76.48000000,77.06000000,73.99000000,,144859.00000000,4.01412134,0.81729502,0.62000000,,兆易创新
2024-08-09,603986,77.71000000,77.03000000,78.41000000,76.91000000,,117233.00000000,1.94729326,0.71914226,0.55000000,,兆易创新
2024-08-12,603986,76.68000000,77.10000000,77.56000000,76.46000000,,60116.00000000,1.42671855,0.09087369,0.07000000,,兆易创新
2024-08-13,603986,77.51000000,77.87000000,78.07000000,76.49000000,,70070.00000000,2.02902273,0.99870298,0.77000000,,兆易创新
2024-08-14,603986,77.91000000,77.14000000,78.22000000,77.02000000,,63145.00000000,1.55561317,-0.93745987,-0.73000000,,兆易创新
2024-08-15,603986,77.11000000,77.66000000,79.18000000,76.73000000,,99146.00000000,3.15477723,0.67409904,0.52000000,,兆易创新
2024-08-16,603986,77.99000000,77.81000000,79.00000000,77.57000000,,84242.00000000,1.83781005,0.19314963,0.15000000,,兆易创新
2024-08-19,603986,77.51000000,77.89000000,78.70000000,77.23000000,,68173.00000000,1.88727693,0.10281455,0.08000000,,兆易创新
2024-08-20,603986,78.38000000,78.14000000,78.71000000,77.26000000,,82797.00000000,1.85564372,0.32096546,0.25000000,,兆易创新
2024-08-21,603986,77.48000000,72.90000000,77.48000000,72.88000000,,279296.00000000,6.31001372,-6.70591246,-5.24000000,,兆易创新
2024-08-22,603986,73.29000000,72.56000000,73.65000000,71.52000000,,147043.00000000,2.93550165,-0.46639232,-0.34000000,,兆易创新
2024-08-23,603986,71.91000000,71.27000000,72.41000000,70.93000000,,111643.00000000,2.07661007,-1.77783903,-1.29000000,,兆易创新
2024-08-26,603986,71.53000000,70.19000000,71.79000000,69.93000000,,101198.00000000,2.64995014,-1.51536411,-1.08000000,,兆易创新
2024-08-27,603986,70.18000000,69.14000000,70.47000000,68.91000000,,92169.00000000,2.25629158,-1.49593959,-1.05000000,,兆易创新
2024-08-28,603986,69.14000000,68.86000000,69.65000000,68.56000000,,76391.00000000,1.58292187,-0.40497541,-0.28000000,,兆易创新
2024-08-29,603986,68.61000000,68.91000000,69.96000000,67.68000000,,107256.00000000,3.30866347,0.07261109,0.05000000,,兆易创新
2024-08-30,603986,68.91000000,71.29000000,71.84000000,68.79000000,,170538.00000000,4.27829990,3.45378029,2.38000000,,兆易创新
2024-09-02,603986,71.29000000,67.45000000,71.29000000,67.43000000,,150410.00000000,5.72275760,-5.38644971,-3.84000000,,兆易创新
2024-09-03,603986,68.12000000,68.93000000,69.58000000,67.83000000,,95342.00000000,2.53880749,2.19421794,1.48000000,,兆易创新
2024-09-04,603986,67.94000000,67.75000000,68.79000000,67.48000000,,98247.00000000,1.93357934,-1.71188162,-1.18000000,,兆易创新
2024-09-05,603986,67.91000000,68.30000000,68.96000000,67.73000000,,75729.00000000,1.80087848,0.81180812,0.55000000,,兆易创新
2024-09-06,603986,68.35000000,66.79000000,68.50000000,66.79000000,,74284.00000000,2.56026351,-2.21083455,-1.51000000,,兆易创新
2024-09-09,603986,66.28000000,66.55000000,67.70000000,66.17000000,,61950.00000000,2.29902329,-0.35933523,-0.24000000,,兆易创新
2024-09-10,603986,66.79000000,66.84000000,67.31000000,65.31000000,,102472.00000000,2.99222023,0.43576258,0.29000000,,兆易创新
2024-09-11,603986,66.51000000,66.55000000,67.00000000,65.91000000,,77410.00000000,1.63786627,-0.43387193,-0.29000000,,兆易创新
2024-09-12,603986,66.91000000,65.71000000,67.37000000,65.71000000,,71822.00000000,2.52625171,-1.26220887,-0.84000000,,兆易创新
2024-09-13,603986,65.71000000,64.21000000,65.99000000,64.21000000,,103629.00000000,2.77215387,-2.28275757,-1.50000000,,兆易创新
2024-09-18,603986,64.26000000,63.69000000,64.91000000,63.04000000,,86933.00000000,2.93609672,-0.80984270,-0.52000000,,兆易创新
2024-09-19,603986,64.21000000,64.42000000,65.26000000,63.35000000,,106806.00000000,2.96491773,1.14617679,0.73000000,,兆易创新
2024-09-20,603986,64.58000000,64.20000000,64.93000000,63.51000000,,81352.00000000,2.21183801,-0.34150885,-0.22000000,,兆易创新
2024-09-23,603986,64.20000000,64.04000000,65.37000000,63.75000000,,76216.00000000,2.52966896,-0.24922118,-0.16000000,,兆易创新
2024-09-24,603986,64.72000000,67.31000000,67.32000000,63.91000000,,191554.00000000,5.06611202,5.10618364,3.27000000,,兆易创新
2024-09-25,603986,68.12000000,68.36000000,70.45000000,67.84000000,,216608.00000000,3.81802224,1.55994652,1.05000000,,兆易创新
2024-09-26,603986,68.89000000,74.18000000,74.19000000,68.72000000,,288590.00000000,7.37395524,8.51375073,5.82000000,,兆易创新
2024-09-27,603986,75.31000000,79.31000000,79.34000000,74.65000000,,182963.00000000,5.91350397,6.91561068,5.13000000,,兆易创新
2024-09-30,603986,84.26000000,87.28000000,87.35000000,80.92000000,,419207.00000000,7.36709441,10.04917413,7.97000000,,兆易创新
2024-10-08,603986,96.12000000,96.12000000,96.12000000,90.36000000,,422656.00000000,5.99250936,10.12832264,8.84000000,,兆易创新
2024-10-09,603986,96.01000000,92.01000000,100.05000000,90.91000000,,608298.00000000,9.93370286,-4.27590512,-4.11000000,,兆易创新
2024-10-10,603986,92.42000000,86.99000000,93.68000000,85.43000000,,430400.00000000,9.48384872,-5.45592870,-5.02000000,,兆易创新
2024-10-11,603986,85.41000000,82.91000000,86.80000000,81.78000000,,267593.00000000,6.05475817,-4.69019428,-4.08000000,,兆易创新
2024-10-14,603986,82.91000000,85.03000000,85.19000000,80.39000000,,287208.00000000,5.64506645,2.55698951,2.12000000,,兆易创新
2024-10-15,603986,85.04000000,83.91000000,87.36000000,83.46000000,,246540.00000000,4.64783697,-1.31718217,-1.12000000,,兆易创新
2024-10-16,603986,81.91000000,81.99000000,83.38000000,81.06000000,,183826.00000000,2.82961337,-2.28816589,-1.92000000,,兆易创新
2024-10-17,603986,82.59000000,81.30000000,84.11000000,81.29000000,,172523.00000000,3.46863469,-0.84156604,-0.69000000,,兆易创新
2024-10-18,603986,81.11000000,86.65000000,88.91000000,80.92000000,,361432.00000000,9.22100404,6.58056581,5.35000000,,兆易创新
2024-10-21,603986,91.40000000,88.83000000,92.00000000,88.59000000,,487794.00000000,3.83879320,2.51586844,2.18000000,,兆易创新
2024-10-22,603986,87.74000000,87.71000000,89.39000000,86.71000000,,254151.00000000,3.05552389,-1.26083530,-1.12000000,,兆易创新
2024-10-23,603986,86.91000000,86.91000000,88.46000000,86.67000000,,198677.00000000,2.05960189,-0.91209668,-0.80000000,,兆易创新
2024-10-24,603986,86.43000000,87.21000000,88.46000000,85.92000000,,187431.00000000,2.91251003,0.34518467,0.30000000,,兆易创新
2024-10-25,603986,87.46000000,88.06000000,89.21000000,86.11000000,,215592.00000000,3.52032705,0.97465887,0.85000000,,兆易创新
2024-10-28,603986,88.05000000,89.67000000,90.55000000,87.19000000,,244881.00000000,3.74707260,1.82829889,1.61000000,,兆易创新
2024-10-29,603986,89.91000000,87.51000000,90.75000000,87.51000000,,257678.00000000,3.70243401,-2.40883239,-2.16000000,,兆易创新
2024-10-30,603986,86.99000000,87.67000000,89.35000000,86.65000000,,199845.00000000,3.07973081,0.18283625,0.16000000,,兆易创新
2024-10-31,603986,87.66000000,89.08000000,89.71000000,86.11000000,,280355.00000000,4.04131118,1.60830387,1.41000000,,兆易创新
2024-11-01,603986,88.39000000,85.21000000,88.81000000,85.09000000,,222232.00000000,4.36568478,-4.34440952,-3.87000000,,兆易创新
2024-11-04,603986,85.51000000,88.91000000,89.80000000,85.21000000,,247164.00000000,5.16252390,4.34221336,3.70000000,,兆易创新
2024-11-05,603986,89.11000000,90.99000000,91.65000000,88.42000000,,287772.00000000,3.54984064,2.33944438,2.08000000,,兆易创新
2024-11-06,603986,100.17000000,93.43000000,100.17000000,92.66000000,,499021.00000000,8.03810339,2.68161336,2.44000000,,兆易创新
2024-11-07,603986,93.59000000,95.55000000,96.09000000,92.92000000,,298547.00000000,3.31763475,2.26907845,2.12000000,,兆易创新
2024-11-08,603986,96.55000000,94.39000000,98.20000000,93.91000000,,366732.00000000,4.54497298,-1.21402407,-1.16000000,,兆易创新
2024-11-11,603986,94.59000000,98.05000000,98.60000000,94.57000000,,402356.00000000,4.11014788,3.87752940,3.66000000,,兆易创新
2024-11-12,603986,98.13000000,95.77000000,98.40000000,94.96000000,,296648.00000000,3.59193902,-2.32534421,-2.28000000,,兆易创新
2024-11-13,603986,94.84000000,95.22000000,95.71000000,92.81000000,,212449.00000000,3.04557866,-0.57429258,-0.55000000,,兆易创新
2024-11-14,603986,94.81000000,91.13000000,94.81000000,90.91000000,,194035.00000000,4.27960057,-4.29531611,-4.09000000,,兆易创新
2024-11-15,603986,91.17000000,88.50000000,93.14000000,88.06000000,,211988.00000000,5.74011299,-2.88598705,-2.63000000,,兆易创新
2024-11-18,603986,88.41000000,85.37000000,89.24000000,84.80000000,,203141.00000000,5.20089024,-3.53672316,-3.13000000,,兆易创新
2024-11-19,603986,85.98000000,87.67000000,87.86000000,84.80000000,,163175.00000000,3.49036158,2.69415486,2.30000000,,兆易创新
2024-11-20,603986,87.22000000,87.22000000,87.83000000,86.42000000,,124180.00000000,1.61660170,-0.51328847,-0.45000000,,兆易创新
2024-11-21,603986,87.23000000,87.23000000,88.08000000,86.29000000,,122344.00000000,2.05204631,0.01146526,0.01000000,,兆易创新
2024-11-22,603986,87.24000000,83.29000000,87.89000000,83.21000000,,171456.00000000,5.61892184,-4.51679468,-3.94000000,,兆易创新
2024-11-25,603986,83.91000000,82.82000000,84.35000000,81.11000000,,141962.00000000,3.91209853,-0.56429343,-0.47000000,,兆易创新
2024-11-26,603986,82.11000000,82.13000000,83.28000000,82.03000000,,87804.00000000,1.52197735,-0.83313209,-0.69000000,,兆易创新
2024-11-27,603986,81.93000000,83.91000000,83.91000000,80.81000000,,138669.00000000,3.69443451,2.16729575,1.78000000,,兆易创新
2024-11-28,603986,84.20000000,84.15000000,85.36000000,83.41000000,,143048.00000000,2.31729055,0.28602074,0.24000000,,兆易创新
2024-11-29,603986,83.72000000,84.69000000,86.23000000,82.82000000,,161046.00000000,4.02644940,0.64171123,0.54000000,,兆易创新
2024-12-02,603986,82.91000000,83.69000000,84.21000000,82.34000000,,239902.00000000,2.23443661,-1.18077695,-1.00000000,,兆易创新
2024-12-03,603986,83.97000000,82.63000000,84.02000000,81.92000000,,166224.00000000,2.54144984,-1.26657904,-1.06000000,,兆易创新
2024-12-04,603986,84.73000000,84.78000000,86.51000000,84.27000000,,313316.00000000,2.64213258,2.60196055,2.15000000,,兆易创新
2024-12-05,603986,84.79000000,83.99000000,85.06000000,83.46000000,,153549.00000000,1.90498869,-0.93182354,-0.79000000,,兆易创新
2024-12-06,603986,83.96000000,84.89000000,85.11000000,83.22000000,,156018.00000000,2.22641065,1.07155614,0.90000000,,兆易创新
2024-12-09,603986,84.02000000,82.23000000,84.69000000,81.71000000,,219970.00000000,3.62398152,-3.13346684,-2.66000000,,兆易创新
2024-12-10,603986,84.79000000,82.60000000,85.15000000,82.24000000,,227811.00000000,3.52300242,0.44995744,0.37000000,,兆易创新
2024-12-11,603986,82.21000000,83.12000000,83.91000000,81.99000000,,137045.00000000,2.30991338,0.62953995,0.52000000,,兆易创新
2024-12-12,603986,83.13000000,83.44000000,83.97000000,82.29000000,,155349.00000000,2.01342282,0.38498556,0.32000000,,兆易创新
2024-12-13,603986,82.91000000,91.89000000,91.89000000,82.73000000,,803881.00000000,9.96844053,10.12703739,8.45000000,,兆易创新
2024-12-16,603986,90.49000000,95.57000000,98.91000000,90.00000000,,899435.00000000,9.32300931,4.00478833,3.68000000,,兆易创新
2024-12-17,603986,94.11000000,92.59000000,95.91000000,92.07000000,,391215.00000000,4.14731612,-3.11813331,-2.98000000,,兆易创新
2024-12-18,603986,92.21000000,101.96000000,101.96000000,92.21000000,,576227.00000000,9.56257356,10.11988336,9.37000000,,兆易创新
2024-12-19,603986,105.41000000,111.06000000,112.27000000,103.91000000,,1047836.00000000,7.52746263,8.92506865,9.10000000,,兆易创新
2024-12-20,603986,109.61000000,112.11000000,113.51000000,108.46000000,,668293.00000000,4.50450450,0.94543490,1.05000000,,兆易创新
2024-12-23,603986,115.57000000,106.16000000,115.91000000,106.16000000,,599234.00000000,9.18425019,-5.30728749,-5.95000000,,兆易创新
2024-12-24,603986,106.91000000,106.91000000,107.90000000,101.73000000,,568962.00000000,5.77120943,0.70648078,0.75000000,,兆易创新
2024-12-25,603986,107.91000000,108.67000000,112.91000000,106.87000000,,494789.00000000,5.55811171,1.64624450,1.76000000,,兆易创新
2024-12-26,603986,107.41000000,113.91000000,114.79000000,106.90000000,,484284.00000000,6.92652094,4.82193798,5.24000000,,兆易创新
2024-12-27,603986,113.90000000,110.87000000,116.41000000,110.40000000,,403969.00000000,5.42076306,-2.66877359,-3.04000000,,兆易创新
2024-12-30,603986,112.12000000,112.73000000,114.67000000,109.20000000,,321040.00000000,4.85230196,1.67764048,1.86000000,,兆易创新
2024-12-31,603986,112.91000000,105.71000000,112.99000000,105.71000000,,366544.00000000,6.88676568,-6.22726870,-7.02000000,,兆易创新
2025-01-02,603986,105.16000000,101.90000000,106.11000000,100.67000000,,302431.00000000,5.33856722,-3.60420017,-3.81000000,,兆易创新
2025-01-03,603986,102.51000000,102.01000000,105.51000000,99.00000000,,341289.00000000,6.38172728,0.10794897,0.11000000,,兆易创新
2025-01-06,603986,102.55000000,98.45000000,103.71000000,97.54000000,,313420.00000000,6.26714068,-3.48985394,-3.56000000,,兆易创新
2025-01-07,603986,99.35000000,104.11000000,105.24000000,98.56000000,,338771.00000000,6.41629046,5.74911122,5.66000000,,兆易创新
2025-01-08,603986,103.07000000,113.56000000,114.63000000,102.71000000,,620005.00000000,10.49665375,9.07693785,9.45000000,,兆易创新
2025-01-09,603986,112.23000000,121.81000000,124.20000000,112.02000000,,636921.00000000,9.99917905,7.26488200,8.25000000,,兆易创新
2025-01-10,603986,118.91000000,119.41000000,122.77000000,118.79000000,,359245.00000000,3.33305418,-1.97028159,-2.40000000,,兆易创新
2025-01-13,603986,117.91000000,116.76000000,120.81000000,114.94000000,,313077.00000000,5.02740665,-2.21924462,-2.65000000,,兆易创新
2025-01-14,603986,116.90000000,128.55000000,128.55000000,113.42000000,,504030.00000000,11.76973940,10.09763618,11.79000000,,兆易创新
2025-01-15,603986,128.70000000,131.77000000,136.71000000,127.12000000,,535336.00000000,7.27783259,2.50486192,3.22000000,,兆易创新
2025-01-16,603986,130.98000000,127.11000000,132.79000000,124.08000000,,394024.00000000,6.85233263,-3.53646505,-4.66000000,,兆易创新
2025-01-17,603986,127.81000000,133.70000000,136.67000000,127.35000000,,418945.00000000,6.97083022,5.18448588,6.59000000,,兆易创新
2025-01-20,603986,133.71000000,131.91000000,133.79000000,129.91000000,,275941.00000000,2.94139944,-1.33881825,-1.79000000,,兆易创新
2025-01-21,603986,132.94000000,131.01000000,138.71000000,127.03000000,,446601.00000000,8.91534997,-0.68228338,-0.90000000,,兆易创新
2025-01-22,603986,128.91000000,135.12000000,138.21000000,127.51000000,,407133.00000000,7.91888692,3.13716510,4.11000000,,兆易创新
2025-01-23,603986,135.91000000,129.38000000,139.91000000,128.56000000,,398255.00000000,8.77260782,-4.24807578,-5.74000000,,兆易创新
2025-01-24,603986,128.70000000,129.41000000,130.59000000,126.36000000,,336735.00000000,3.26868094,0.02318751,0.03000000,,兆易创新
2025-01-27,603986,128.25000000,126.31000000,130.36000000,125.40000000,,223230.00000000,3.92684665,-2.39548721,-3.10000000,,兆易创新
2025-02-05,603986,132.89000000,134.26000000,137.62000000,132.16000000,,354214.00000000,4.06673618,6.29403848,7.95000000,,兆易创新
2025-02-06,603986,132.01000000,139.54000000,142.31000000,131.91000000,,368582.00000000,7.45306005,3.93266796,5.28000000,,兆易创新
2025-02-07,603986,138.41000000,137.47000000,142.46000000,134.38000000,,357779.00000000,5.87764603,-1.48344561,-2.07000000,,兆易创新
2025-02-10,603986,137.41000000,133.54000000,137.41000000,132.82000000,,264705.00000000,3.43717238,-2.85880556,-3.93000000,,兆易创新
2025-02-11,603986,133.51000000,132.91000000,135.29000000,130.90000000,,201522.00000000,3.30298698,-0.47176876,-0.63000000,,兆易创新
2025-02-12,603986,132.41000000,133.89000000,134.35000000,129.90000000,,254827.00000000,3.32362387,0.73734106,0.98000000,,兆易创新
2025-02-13,603986,133.79000000,126.59000000,133.79000000,125.91000000,,364995.00000000,6.22482029,-5.45223691,-7.30000000,,兆易创新
2025-02-14,603986,126.18000000,126.23000000,127.35000000,123.95000000,,261862.00000000,2.69349600,-0.28438265,-0.36000000,,兆易创新
2025-02-17,603986,126.21000000,126.40000000,127.71000000,124.72000000,,270844.00000000,2.36550633,0.13467480,0.17000000,,兆易创新
2025-02-18,603986,126.31000000,122.38000000,126.37000000,121.59000000,,286452.00000000,3.90586697,-3.18037975,-4.02000000,,兆易创新
2025-02-19,603986,122.37000000,126.42000000,127.35000000,121.91000000,,344094.00000000,4.30311660,3.30119301,4.04000000,,兆易创新
2025-02-20,603986,126.41000000,127.30000000,128.92000000,123.91000000,,235787.00000000,3.93558523,0.69609239,0.88000000,,兆易创新
2025-02-21,603986,127.32000000,136.96000000,139.11000000,126.51000000,,495341.00000000,9.19976636,7.58837392,9.66000000,,兆易创新
2025-02-24,603986,137.71000000,141.91000000,146.47000000,135.96000000,,396754.00000000,7.40610246,3.61419393,4.95000000,,兆易创新
2025-02-25,603986,137.91000000,135.91000000,140.66000000,134.27000000,,359209.00000000,4.70164079,-4.22803185,-6.00000000,,兆易创新
2025-02-26,603986,135.91000000,135.68000000,136.41000000,130.22000000,,276195.00000000,4.56220519,-0.16922964,-0.23000000,,兆易创新
2025-02-27,603986,134.91000000,132.65000000,137.40000000,129.42000000,,273432.00000000,6.01583113,-2.23319575,-3.03000000,,兆易创新
2025-02-28,603986,130.90000000,130.74000000,139.68000000,130.02000000,,446939.00000000,7.38871042,-1.43987938,-1.91000000,,兆易创新
2025-03-03,603986,133.91000000,128.49000000,133.91000000,125.30000000,,275996.00000000,6.70091058,-1.72097292,-2.25000000,,兆易创新
2025-03-04,603986,125.77000000,133.41000000,136.55000000,122.92000000,,352140.00000000,10.21662544,3.82909176,4.92000000,,兆易创新
2025-03-05,603986,134.31000000,134.79000000,136.79000000,131.91000000,,245854.00000000,3.62044662,1.03440522,1.38000000,,兆易创新
2025-03-06,603986,134.81000000,136.64000000,138.74000000,134.12000000,,272123.00000000,3.38114754,1.37250538,1.85000000,,兆易创新
2025-03-07,603986,135.25000000,133.59000000,135.26000000,130.11000000,,282992.00000000,3.85507897,-2.23214286,-3.05000000,,兆易创新
2025-03-10,603986,131.12000000,131.43000000,132.92000000,129.55000000,,177743.00000000,2.56410256,-1.61688749,-2.16000000,,兆易创新
2025-03-11,603986,128.02000000,127.09000000,129.71000000,126.21000000,,214038.00000000,2.75395389,-3.30213802,-4.34000000,,兆易创新
2025-03-12,603986,128.30000000,127.39000000,130.10000000,126.06000000,,198808.00000000,3.17136353,0.23605319,0.30000000,,兆易创新
2025-03-13,603986,126.46000000,123.19000000,127.10000000,121.91000000,,215335.00000000,4.21300430,-3.29696208,-4.20000000,,兆易创新
2025-03-14,603986,122.87000000,128.80000000,129.35000000,122.71000000,,242066.00000000,5.15527950,4.55394107,5.61000000,,兆易创新
2025-03-17,603986,128.19000000,126.94000000,129.02000000,126.41000000,,123718.00000000,2.05608949,-1.44409938,-1.86000000,,兆易创新
2025-03-18,603986,127.69000000,128.82000000,131.11000000,126.93000000,,197663.00000000,3.24483776,1.48101465,1.88000000,,兆易创新
2025-03-19,603986,127.91000000,129.86000000,130.89000000,127.02000000,,188514.00000000,2.98013245,0.80732805,1.04000000,,兆易创新
2025-03-20,603986,129.22000000,127.31000000,131.80000000,127.04000000,,151365.00000000,3.73890503,-1.96365316,-2.55000000,,兆易创新
2025-03-21,603986,125.91000000,122.52000000,127.04000000,122.09000000,,166106.00000000,4.04015671,-3.76246956,-4.79000000,,兆易创新
2025-03-24,603986,122.72000000,124.03000000,124.11000000,120.76000000,,151311.00000000,2.70095945,1.23245184,1.51000000,,兆易创新
2025-03-25,603986,123.27000000,118.22000000,123.71000000,117.87000000,,205427.00000000,4.93994248,-4.68435056,-5.81000000,,兆易创新
2025-03-26,603986,118.22000000,115.87000000,119.05000000,115.49000000,,196425.00000000,3.07240873,-1.98781932,-2.35000000,,兆易创新
2025-03-27,603986,115.46000000,116.54000000,119.20000000,115.46000000,,142425.00000000,3.20919856,0.57823423,0.67000000,,兆易创新
2025-03-28,603986,115.91000000,115.92000000,117.13000000,115.56000000,,84041.00000000,1.35438233,-0.53200618,-0.62000000,,兆易创新
2025-03-31,603986,115.96000000,115.79000000,116.80000000,113.01000000,,123085.00000000,3.27316694,-0.11214631,-0.13000000,,兆易创新
2025-04-01,603986,116.41000000,116.40000000,117.89000000,114.71000000,,120796.00000000,2.73195876,0.52681579,0.61000000,,兆易创新
2025-04-02,603986,116.40000000,116.50000000,117.59000000,115.61000000,,79608.00000000,1.69957082,0.08591065,0.10000000,,兆易创新
2025-04-03,603986,114.56000000,114.66000000,117.21000000,113.81000000,,99818.00000000,2.96528868,-1.57939914,-1.84000000,,兆易创新
2025-04-07,603986,103.91000000,103.11000000,110.90000000,103.09000000,,254542.00000000,7.57443507,-10.07326007,-11.55000000,,兆易创新
2025-04-08,603986,104.77000000,102.39000000,105.57000000,99.79000000,,269520.00000000,5.64508253,-0.69828339,-0.72000000,,兆易创新
2025-04-09,603986,100.90000000,103.87000000,106.41000000,97.78000000,,275810.00000000,8.30846250,1.44545366,1.48000000,,兆易创新
2025-04-10,603986,107.90000000,106.81000000,109.43000000,105.59000000,,214669.00000000,3.59516899,2.83046115,2.94000000,,兆易创新
2025-04-11,603986,106.60000000,111.23000000,115.71000000,105.01000000,,322465.00000000,9.61970691,4.13818931,4.42000000,,兆易创新
2025-04-14,603986,113.23000000,110.64000000,113.40000000,109.29000000,,185818.00000000,3.71475054,-0.53043244,-0.59000000,,兆易创新
2025-04-15,603986,109.91000000,108.91000000,110.65000000,107.71000000,,126750.00000000,2.69947663,-1.56362979,-1.73000000,,兆易创新
2025-04-16,603986,109.02000000,108.10000000,109.51000000,105.91000000,,126393.00000000,3.33024977,-0.74373336,-0.81000000,,兆易创新
2025-04-17,603986,107.84000000,108.11000000,109.92000000,107.19000000,,110044.00000000,2.52520581,0.00925069,0.01000000,,兆易创新
2025-04-18,603986,107.79000000,107.21000000,107.79000000,106.30000000,,69225.00000000,1.38979573,-0.83248543,-0.90000000,,兆易创新
2025-04-21,603986,107.82000000,111.37000000,111.91000000,106.92000000,,139402.00000000,4.48056029,3.88023505,4.16000000,,兆易创新
2025-04-22,603986,111.30000000,111.26000000,114.69000000,110.86000000,,138860.00000000,3.44238720,-0.09876987,-0.11000000,,兆易创新
2025-04-23,603986,111.90000000,113.51000000,114.01000000,111.12000000,,151093.00000000,2.54603119,2.02229013,2.25000000,,兆易创新
2025-04-24,603986,114.01000000,110.07000000,114.01000000,109.11000000,,155130.00000000,4.45171255,-3.03056999,-3.44000000,,兆易创新
2025-04-25,603986,110.11000000,111.54000000,113.79000000,109.59000000,,161913.00000000,3.76546530,1.33551376,1.47000000,,兆易创新
2025-04-28,603986,111.54000000,114.11000000,114.41000000,108.72000000,,217573.00000000,4.98641662,2.30410615,2.57000000,,兆易创新
2025-04-29,603986,115.11000000,125.63000000,125.63000000,115.03000000,,438086.00000000,8.43747513,10.09552186,11.52000000,,兆易创新
2025-04-30,603986,125.79000000,127.60000000,128.61000000,124.41000000,,334760.00000000,3.29153605,1.56809679,1.97000000,,兆易创新
2025-05-06,603986,129.47000000,130.76000000,133.95000000,129.21000000,,301980.00000000,3.62496176,2.47648903,3.16000000,,兆易创新
2025-05-07,603986,130.97000000,129.26000000,131.68000000,128.26000000,,181044.00000000,2.64583011,-1.14713980,-1.50000000,,兆易创新
2025-05-08,603986,128.02000000,126.43000000,128.91000000,125.94000000,,161852.00000000,2.34912600,-2.18938573,-2.83000000,,兆易创新
2025-05-09,603986,125.23000000,123.31000000,125.85000000,122.62000000,,165548.00000000,2.61941448,-2.46776873,-3.12000000,,兆易创新
2025-05-12,603986,124.42000000,124.39000000,125.53000000,122.78000000,,129131.00000000,2.21078865,0.87584138,1.08000000,,兆易创新
2025-05-13,603986,125.94000000,124.42000000,127.43000000,124.07000000,,175633.00000000,2.70053046,0.02411769,0.03000000,,兆易创新
2025-05-14,603986,124.44000000,123.40000000,126.55000000,122.39000000,,146484.00000000,3.37115073,-0.81980389,-1.02000000,,兆易创新
2025-05-15,603986,122.91000000,120.91000000,123.50000000,120.41000000,,124373.00000000,2.55561988,-2.01782820,-2.49000000,,兆易创新
2025-05-16,603986,120.94000000,121.20000000,122.29000000,120.66000000,,83634.00000000,1.34488449,0.23984782,0.29000000,,兆易创新
2025-05-19,603986,121.88000000,125.21000000,126.70000000,120.77000000,,223654.00000000,4.73604345,3.30858086,4.01000000,,兆易创新
2025-05-20,603986,124.71000000,125.06000000,127.46000000,123.42000000,,158107.00000000,3.23044938,-0.11979874,-0.15000000,,兆易创新
2025-05-21,603986,123.46000000,117.05000000,123.48000000,115.99000000,,316145.00000000,6.39897480,-6.40492564,-8.01000000,,兆易创新
2025-05-22,603986,116.91000000,116.57000000,119.44000000,116.41000000,,131298.00000000,2.59929656,-0.41008116,-0.48000000,,兆易创新
2025-05-23,603986,116.00000000,114.31000000,117.12000000,114.31000000,,138800.00000000,2.45822763,-1.93874925,-2.26000000,,兆易创新
2025-05-26,603986,114.39000000,114.94000000,115.99000000,113.54000000,,112030.00000000,2.13154689,0.55113288,0.63000000,,兆易创新
2025-05-27,603986,114.34000000,111.81000000,114.78000000,111.76000000,,114106.00000000,2.70101064,-2.72315991,-3.13000000,,兆易创新
2025-05-28,603986,112.56000000,112.41000000,114.20000000,112.14000000,,112959.00000000,1.83257717,0.53662463,0.60000000,,兆易创新
2025-05-29,603986,112.68000000,112.66000000,113.35000000,111.43000000,,115026.00000000,1.70424285,0.22240014,0.25000000,,兆易创新
2025-05-30,603986,112.11000000,111.21000000,113.21000000,110.40000000,,102838.00000000,2.52675119,-1.28705841,-1.45000000,,兆易创新
2025-06-03,603986,110.02000000,111.79000000,114.05000000,109.92000000,,117564.00000000,3.69442705,0.52153583,0.58000000,,兆易创新
2025-06-04,603986,112.17000000,114.49000000,115.77000000,111.78000000,,136630.00000000,3.48502053,2.41524287,2.70000000,,兆易创新
2025-06-05,603986,114.90000000,116.81000000,117.39000000,113.69000000,,146717.00000000,3.16753703,2.02637785,2.32000000,,兆易创新
2025-06-06,603986,116.57000000,122.35000000,126.69000000,115.92000000,,291918.00000000,8.80261545,4.74274463,5.54000000,,兆易创新
2025-06-09,603986,121.91000000,121.54000000,122.81000000,120.28000000,,161339.00000000,2.08161922,-0.66203515,-0.81000000,,兆易创新
2025-06-10,603986,121.81000000,118.31000000,121.82000000,116.62000000,,141368.00000000,4.39523286,-2.65756130,-3.23000000,,兆易创新
2025-06-11,603986,118.47000000,118.06000000,120.71000000,117.91000000,,103580.00000000,2.37167542,-0.21130927,-0.25000000,,兆易创新
2025-06-12,603986,118.79000000,118.86000000,121.11000000,117.91000000,,128927.00000000,2.69224297,0.67762155,0.80000000,,兆易创新
2025-06-13,603986,117.81000000,117.81000000,118.88000000,116.69000000,,112649.00000000,1.85892539,-0.88339223,-1.05000000,,兆易创新
2025-06-16,603986,117.91000000,119.92000000,123.23000000,117.91000000,,169117.00000000,4.43629086,1.79101944,2.11000000,,兆易创新
2025-06-17,603986,121.52000000,121.23000000,123.91000000,119.09000000,,144413.00000000,3.97591355,1.09239493,1.31000000,,兆易创新
2025-06-18,603986,120.90000000,121.53000000,123.53000000,117.91000000,,146720.00000000,4.62437258,0.24746350,0.30000000,,兆易创新
2025-06-19,603986,121.29000000,122.12000000,125.40000000,121.11000000,,182640.00000000,3.51293809,0.48547684,0.59000000,,兆易创新
2025-06-20,603986,121.52000000,117.87000000,122.16000000,116.41000000,,165939.00000000,4.87825571,-3.48018343,-4.25000000,,兆易创新
2025-06-23,603986,116.62000000,119.12000000,120.60000000,116.30000000,,112579.00000000,3.60980524,1.06049037,1.25000000,,兆易创新
2025-06-24,603986,121.17000000,122.82000000,123.81000000,120.81000000,,167500.00000000,2.44259893,3.10611148,3.70000000,,兆易创新
2025-06-25,603986,123.89000000,124.41000000,124.70000000,121.51000000,,174732.00000000,2.56410256,1.29457743,1.59000000,,兆易创新
2025-06-26,603986,124.11000000,122.16000000,124.56000000,121.91000000,,131305.00000000,2.16928618,-1.80853629,-2.25000000,,兆易创新
2025-06-27,603986,123.21000000,125.25000000,126.41000000,121.21000000,,209867.00000000,4.15169661,2.52946955,3.09000000,,兆易创新
2025-06-30,603986,127.28000000,125.44000000,127.41000000,124.11000000,,141434.00000000,2.63073980,0.15169661,0.19000000,,兆易创新
2025-07-01,603986,124.91000000,122.93000000,125.46000000,122.42000000,,142876.00000000,2.47295209,-2.00095663,-2.51000000,,兆易创新
2025-07-02,603986,122.19000000,119.89000000,122.21000000,119.01000000,,130681.00000000,2.66911335,-2.47295209,-3.04000000,,兆易创新
2025-07-03,603986,119.83000000,118.97000000,120.80000000,118.25000000,,128590.00000000,2.14339750,-0.76737009,-0.92000000,,兆易创新
2025-07-04,603986,118.44000000,118.10000000,119.55000000,116.76000000,,141827.00000000,2.36240474,-0.73127679,-0.87000000,,兆易创新
2025-07-07,603986,118.23000000,120.06000000,120.06000000,117.11000000,,114585.00000000,2.45710478,1.65961050,1.96000000,,兆易创新
2025-07-08,603986,122.25000000,120.96000000,122.75000000,120.26000000,,151878.00000000,2.05853175,0.74962519,0.90000000,,兆易创新
2025-07-09,603986,120.16000000,118.72000000,120.24000000,118.54000000,,126056.00000000,1.43194070,-1.85185185,-2.24000000,,兆易创新
2025-07-10,603986,118.27000000,117.31000000,119.12000000,117.29000000,,111583.00000000,1.55996931,-1.18766846,-1.41000000,,兆易创新
2025-07-11,603986,117.15000000,117.61000000,118.35000000,116.62000000,,129774.00000000,1.47096335,0.25573267,0.30000000,,兆易创新
2025-07-14,603986,117.86000000,116.84000000,118.45000000,116.71000000,,112792.00000000,1.48921602,-0.65470623,-0.77000000,,兆易创新
2025-07-15,603986,116.35000000,114.25000000,116.81000000,113.25000000,,236203.00000000,3.11597374,-2.21670661,-2.59000000,,兆易创新
2025-07-16,603986,114.25000000,113.49000000,115.65000000,113.25000000,,158743.00000000,2.11472376,-0.66520788,-0.76000000,,兆易创新
2025-07-17,603986,113.30000000,117.24000000,117.44000000,113.07000000,,241275.00000000,3.72739679,3.30425588,3.75000000,,兆易创新
2025-07-18,603986,117.11000000,116.41000000,119.55000000,115.48000000,,203233.00000000,3.49626321,-0.70794951,-0.83000000,,兆易创新
2025-07-21,603986,116.07000000,116.36000000,116.78000000,114.65000000,,115944.00000000,1.83052595,-0.04295164,-0.05000000,,兆易创新
2025-07-22,603986,116.22000000,115.12000000,116.58000000,115.05000000,,143927.00000000,1.32904795,-1.06565830,-1.24000000,,兆易创新
2025-07-23,603986,115.02000000,116.24000000,117.61000000,114.75000000,,149111.00000000,2.46042670,0.97289785,1.12000000,,兆易创新
2025-07-24,603986,115.85000000,117.14000000,117.25000000,114.39000000,,172254.00000000,2.44152296,0.77426015,0.90000000,,兆易创新
2025-07-25,603986,117.15000000,121.19000000,121.25000000,117.15000000,,356934.00000000,3.38311742,3.45740140,4.05000000,,兆易创新
2025-07-28,603986,121.25000000,119.51000000,121.45000000,118.96000000,,191012.00000000,2.08350766,-1.38625299,-1.68000000,,兆易创新
2025-07-29,603986,119.25000000,119.53000000,120.75000000,118.65000000,,169941.00000000,1.75688112,0.01673500,0.02000000,,兆易创新
2025-07-30,603986,123.31000000,123.24000000,128.92000000,122.56000000,,472987.00000000,5.16066212,3.10382331,3.71000000,,兆易创新
2025-07-31,603986,120.25000000,120.38000000,126.05000000,119.53000000,,308748.00000000,5.41618209,-2.32067511,-2.86000000,,兆易创新
2025-08-01,603986,119.75000000,116.56000000,121.35000000,116.34000000,,247813.00000000,4.29821551,-3.17328460,-3.82000000,,兆易创新
2025-08-04,603986,115.55000000,118.09000000,119.45000000,115.55000000,,160783.00000000,3.30256584,1.31262869,1.53000000,,兆易创新
2025-08-05,603986,118.25000000,117.25000000,118.55000000,116.55000000,,124851.00000000,1.70575693,-0.71132187,-0.84000000,,兆易创新
2025-08-06,603986,117.25000000,117.53000000,117.90000000,116.26000000,,114486.00000000,1.39538841,0.23880597,0.28000000,,兆易创新
2025-08-07,603986,117.23000000,116.92000000,118.45000000,116.57000000,,169941.00000000,1.60793705,-0.51901642,-0.61000000,,兆易创新
2025-08-08,603986,116.93000000,115.65000000,116.93000000,115.65000000,,121513.00000000,1.10678772,-1.08621280,-1.27000000,,兆易创新
2025-08-11,603986,116.04000000,117.20000000,117.75000000,115.73000000,,127982.00000000,1.72354949,1.34025076,1.55000000,,兆易创新
2025-08-12,603986,117.56000000,119.72000000,120.75000000,116.85000000,,252756.00000000,3.25760107,2.15017065,2.52000000,,兆易创新
2025-08-13,603986,119.74000000,120.71000000,122.25000000,119.19000000,,240987.00000000,2.53500124,0.82692950,0.99000000,,兆易创新
2025-08-14,603986,120.95000000,120.26000000,124.74000000,119.80000000,,314003.00000000,4.10776651,-0.37279430,-0.45000000,,兆易创新
2025-08-15,603986,119.26000000,122.15000000,122.75000000,119.26000000,,211500.00000000,2.85714286,1.57159488,1.89000000,,兆易创新
2025-08-18,603986,122.58000000,124.95000000,127.23000000,120.76000000,,328499.00000000,5.17807123,2.29226361,2.80000000,,兆易创新
2025-08-19,603986,124.73000000,122.51000000,128.13000000,122.10000000,,323175.00000000,4.92204718,-1.95278111,-2.44000000,,兆易创新
2025-08-20,603986,122.25000000,126.26000000,126.50000000,121.26000000,,359898.00000000,4.15016632,3.06097461,3.75000000,,兆易创新
2025-08-21,603986,131.34000000,136.41000000,138.96000000,131.34000000,,858971.00000000,5.58610073,8.03896721,10.15000000,,兆易创新
2025-08-22,603986,134.37000000,150.13000000,150.13000000,134.33000000,,780791.00000000,10.52421235,10.05791364,13.72000000,,兆易创新
2025-08-25,603986,158.25000000,157.05000000,162.75000000,152.13000000,,836198.00000000,6.76217765,4.60933857,6.92000000,,兆易创新
2025-08-26,603986,157.05000000,153.65000000,157.05000000,151.87000000,,382253.00000000,3.37129841,-2.16491563,-3.40000000,,兆易创新
2025-08-27,603986,155.12000000,157.88000000,167.75000000,151.43000000,,623811.00000000,10.33696478,2.75301009,4.23000000,,兆易创新
2025-08-28,603986,160.25000000,163.70000000,165.05000000,158.26000000,,494328.00000000,4.14783140,3.68634406,5.82000000,,兆易创新
2025-08-29,603986,161.05000000,158.23000000,161.25000000,155.65000000,,398006.00000000,3.53915187,-3.34147831,-5.47000000,,兆易创新
2025-09-01,603986,163.36000000,174.13000000,174.13000000,156.25000000,,612797.00000000,10.26819043,10.04866334,15.90000000,,兆易创新
2025-09-02,603986,178.53000000,175.25000000,187.25000000,172.30000000,,762852.00000000,8.53067047,0.64319761,1.12000000,,兆易创新
2025-09-03,603986,175.51000000,170.34000000,176.98000000,167.80000000,,441276.00000000,5.38922156,-2.80171184,-4.91000000,,兆易创新
2025-09-04,603986,168.25000000,153.23000000,170.32000000,153.23000000,,454981.00000000,11.15316844,-10.04461665,-17.11000000,,兆易创新
2025-09-05,603986,149.25000000,158.81000000,163.24000000,145.05000000,,699488.00000000,11.45393867,3.64158455,5.58000000,,兆易创新
2025-09-08,603986,161.18000000,163.08000000,168.25000000,158.40000000,,523715.00000000,6.03998038,2.68874756,4.27000000,,兆易创新
2025-09-09,603986,160.25000000,156.40000000,162.05000000,153.87000000,,327320.00000000,5.23017903,-4.09614913,-6.68000000,,兆易创新
2025-09-10,603986,156.39000000,160.54000000,162.50000000,154.95000000,,334657.00000000,4.70287779,2.64705882,4.14000000,,兆易创新
2025-09-11,603986,160.51000000,176.67000000,176.67000000,159.25000000,,554424.00000000,9.86019132,10.04734023,16.13000000,,兆易创新
2025-09-12,603986,179.24000000,189.46000000,194.41000000,176.75000000,,710357.00000000,9.32122876,7.23948605,12.79000000,,兆易创新
2025-09-15,603986,192.76000000,190.19000000,193.75000000,185.87000000,,495483.00000000,4.14322520,0.38530561,0.73000000,,兆易创新
2025-09-16,603986,188.25000000,188.41000000,196.05000000,186.14000000,,408562.00000000,5.25980574,-0.93590620,-1.78000000,,兆易创新
2025-09-17,603986,188.24000000,185.85000000,191.83000000,182.22000000,,339245.00000000,5.17083670,-1.35873892,-2.56000000,,兆易创新
2025-09-18,603986,188.64000000,190.13000000,200.10000000,186.05000000,,590411.00000000,7.38968074,2.30293247,4.28000000,,兆易创新
2025-09-19,603986,193.56000000,184.45000000,195.13000000,184.16000000,,371918.00000000,5.94741122,-2.98742965,-5.68000000,,兆易创新
2025-09-22,603986,188.13000000,194.26000000,197.34000000,185.53000000,,411978.00000000,6.07948111,5.31851450,9.81000000,,兆易创新
2025-09-23,603986,195.25000000,193.32000000,200.84000000,187.94000000,,399946.00000000,6.67287399,-0.48388757,-0.94000000,,兆易创新
2025-09-24,603986,193.85000000,199.05000000,207.48000000,192.25000000,,507021.00000000,7.65134388,2.96399752,5.73000000,,兆易创新
2025-09-25,603986,198.25000000,196.66000000,203.75000000,192.35000000,,404276.00000000,5.79680667,-1.20070334,-2.39000000,,兆易创新
2025-09-26,603986,195.26000000,189.46000000,205.27000000,189.46000000,,435201.00000000,8.34476934,-3.66114106,-7.20000000,,兆易创新
2025-09-29,603986,195.75000000,196.38000000,202.88000000,194.35000000,,434878.00000000,4.34361951,3.65248601,6.92000000,,兆易创新
2025-09-30,603986,203.59000000,212.55000000,216.09000000,202.25000000,,597865.00000000,6.51140908,8.23403605,16.17000000,,兆易创新
2025-10-09,603986,221.25000000,224.74000000,233.88000000,217.85000000,,585390.00000000,7.13268666,5.73512115,12.19000000,,兆易创新
2025-10-10,603986,224.75000000,214.27000000,229.75000000,211.37000000,,443031.00000000,8.57796238,-4.65871674,-10.47000000,,兆易创新
2025-10-13,603986,200.75000000,207.10000000,214.15000000,200.75000000,,424815.00000000,6.47030420,-3.34624539,-7.17000000,,兆易创新
2025-10-14,603986,214.70000000,195.25000000,219.78000000,192.25000000,,522018.00000000,14.09987196,-5.72187349,-11.85000000,,兆易创新
2025-10-15,603986,194.80000000,201.26000000,201.65000000,185.66000000,,390442.00000000,7.94494683,3.07810499,6.01000000,,兆易创新
2025-10-16,603986,200.69000000,207.38000000,214.05000000,197.78000000,,458666.00000000,7.84550101,3.04084269,6.12000000,,兆易创新
2025-10-17,603986,207.37000000,200.46000000,210.75000000,200.25000000,,329358.00000000,5.23795271,-3.33686951,-6.92000000,,兆易创新
2025-10-20,603986,206.98000000,207.60000000,214.25000000,202.28000000,,367244.00000000,5.76589595,3.56180784,7.14000000,,兆易创新
2025-10-21,603986,210.25000000,218.26000000,221.25000000,208.91000000,,405117.00000000,5.65380739,5.13487476,10.66000000,,兆易创新
2025-10-22,603986,213.25000000,210.18000000,213.25000000,204.55000000,,371830.00000000,4.13930916,-3.70200678,-8.08000000,,兆易创新
2025-10-23,603986,205.23000000,206.21000000,207.35000000,199.64000000,,274058.00000000,3.73890694,-1.88885717,-3.97000000,,兆易创新
2025-10-24,603986,213.25000000,220.33000000,221.13000000,211.25000000,,450618.00000000,4.48418282,6.84738858,14.12000000,,兆易创新
2025-10-27,603986,229.25000000,242.44000000,242.44000000,222.08000000,,520916.00000000,8.39795413,10.03494758,22.11000000,,兆易创新
2025-10-28,603986,235.75000000,246.20000000,253.69000000,233.83000000,,527296.00000000,8.06661251,1.55089919,3.76000000,,兆易创新
2025-10-29,603986,246.21000000,240.40000000,251.88000000,235.25000000,,503745.00000000,6.91763727,-2.35580829,-5.80000000,,兆易创新
2025-10-30,603986,245.49000000,231.25000000,246.25000000,231.03000000,,433654.00000000,6.58162162,-3.80615641,-9.15000000,,兆易创新
2025-10-31,603986,230.25000000,219.25000000,233.93000000,215.25000000,,492429.00000000,8.51995439,-5.18918919,-12.00000000,,兆易创新
2025-11-03,603986,216.25000000,229.35000000,229.93000000,215.91000000,,462613.00000000,6.11292784,4.60661345,10.10000000,,兆易创新
2025-11-04,603986,230.25000000,224.24000000,230.47000000,221.75000000,,293368.00000000,3.88869069,-2.22803575,-5.11000000,,兆易创新
2025-11-05,603986,212.25000000,217.64000000,219.74000000,210.20000000,,335131.00000000,4.38338541,-2.94327506,-6.60000000,,兆易创新
2025-11-06,603986,223.75000000,226.45000000,227.25000000,221.50000000,,343347.00000000,2.53919187,4.04796912,8.81000000,,兆易创新
2025-11-07,603986,221.93000000,220.20000000,227.14000000,218.80000000,,278989.00000000,3.78746594,-2.75999117,-6.25000000,,兆易创新
2025-11-10,603986,227.74000000,218.21000000,230.70000000,211.75000000,,385832.00000000,8.68429495,-0.90372389,-1.99000000,,兆易创新
2025-11-11,603986,222.85000000,216.24000000,226.26000000,215.96000000,,341925.00000000,4.76322605,-0.90280005,-1.97000000,,兆易创新
2025-11-12,603986,212.25000000,208.75000000,217.83000000,206.26000000,,349523.00000000,5.54251497,-3.46374399,-7.49000000,,兆易创新
2025-11-13,603986,211.25000000,226.75000000,229.70000000,211.13000000,,626639.00000000,8.18963616,8.62275449,18.00000000,,兆易创新
2025-11-14,603986,215.25000000,205.03000000,215.74000000,205.03000000,,548633.00000000,5.22362581,-9.57883131,-21.72000000,,兆易创新
2025-11-17,603986,207.06000000,206.75000000,213.99000000,205.61000000,,335061.00000000,4.05320435,0.83890162,1.72000000,,兆易创新
2025-11-18,603986,204.53000000,201.75000000,206.83000000,200.82000000,,274378.00000000,2.97893432,-2.41837969,-5.00000000,,兆易创新
2025-11-19,603986,199.50000000,201.77000000,204.75000000,198.28000000,,238819.00000000,3.20662140,0.00991326,0.02000000,,兆易创新
2025-11-20,603986,206.75000000,198.35000000,207.25000000,197.91000000,,217605.00000000,4.70884800,-1.69499926,-3.42000000,,兆易创新
2025-11-21,603986,188.25000000,181.76000000,189.82000000,181.76000000,,404416.00000000,4.43441901,-8.36400302,-16.59000000,,兆易创新
2025-11-24,603986,183.00000000,178.43000000,184.00000000,175.25000000,,340499.00000000,4.90388388,-1.83208627,-3.33000000,,兆易创新
2025-11-25,603986,184.25000000,189.87000000,190.85000000,183.44000000,,364021.00000000,3.90267025,6.41147789,11.44000000,,兆易创新
2025-11-26,603986,186.26000000,195.75000000,198.13000000,186.05000000,,297685.00000000,6.17113665,3.09685574,5.88000000,,兆易创新
2025-11-27,603986,198.13000000,200.11000000,207.25000000,198.13000000,,319732.00000000,4.55749338,2.22733078,4.36000000,,兆易创新
2025-11-28,603986,198.25000000,202.25000000,203.60000000,195.91000000,,215652.00000000,3.80222497,1.06941182,2.14000000,,兆易创新
2025-12-01,603986,203.29000000,212.07000000,214.70000000,200.45000000,,382670.00000000,6.71947942,4.85537701,9.82000000,,兆易创新
2025-12-02,603986,211.03000000,209.75000000,216.04000000,207.35000000,,249244.00000000,4.14302741,-1.09397840,-2.32000000,,兆易创新
2025-12-03,603986,209.67000000,206.85000000,210.24000000,205.44000000,,170708.00000000,2.32052212,-1.38259833,-2.90000000,,兆易创新
2025-12-04,603986,205.25000000,209.66000000,212.23000000,201.24000000,,247007.00000000,5.24182009,1.35847232,2.81000000,,兆易创新
2025-12-05,603986,210.17000000,206.06000000,210.25000000,204.75000000,,169817.00000000,2.66912550,-1.71706573,-3.60000000,,兆易创新
2025-12-08,603986,207.87000000,213.14000000,216.22000000,206.78000000,,311307.00000000,4.42901379,3.43589246,7.08000000,,兆易创新
2025-12-09,603986,211.25000000,210.20000000,214.55000000,208.55000000,,210586.00000000,2.85442436,-1.37937506,-2.94000000,,兆易创新
2025-12-10,603986,208.34000000,208.09000000,209.45000000,202.75000000,,191810.00000000,3.21976068,-1.00380590,-2.11000000,,兆易创新
2025-12-11,603986,211.13000000,207.06000000,212.25000000,206.75000000,,188246.00000000,2.65623491,-0.49497813,-1.03000000,,兆易创新
2025-12-12,603986,205.25000000,209.14000000,213.69000000,203.26000000,,215034.00000000,4.98708999,1.00453975,2.08000000,,兆易创新
2025-12-15,603986,204.27000000,203.41000000,207.93000000,202.75000000,,175069.00000000,2.54658080,-2.73979153,-5.73000000,,兆易创新
2025-12-16,603986,202.25000000,197.11000000,204.71000000,195.38000000,,204825.00000000,4.73339760,-3.09719286,-6.30000000,,兆易创新
2025-12-17,603986,196.26000000,201.43000000,202.12000000,195.20000000,,190502.00000000,3.43543663,2.19166963,4.32000000,,兆易创新
2025-12-18,603986,202.75000000,213.70000000,218.13000000,202.75000000,,418525.00000000,7.19700515,6.09144616,12.27000000,,兆易创新
2025-12-19,603986,219.25000000,209.46000000,220.25000000,207.45000000,,332395.00000000,6.11095197,-1.98408985,-4.24000000,,兆易创新
2025-12-22,603986,212.76000000,215.71000000,218.75000000,212.76000000,,253701.00000000,2.77687636,2.98386327,6.25000000,,兆易创新
2025-12-23,603986,216.24000000,216.63000000,220.58000000,214.25000000,,254298.00000000,2.92203296,0.42649854,0.92000000,,兆易创新
2025-12-24,603986,219.25000000,223.35000000,224.25000000,215.45000000,,298410.00000000,3.94000448,3.10206343,6.72000000,,兆易创新
2025-12-25,603986,222.25000000,221.25000000,228.08000000,216.58000000,,259400.00000000,5.19774011,-0.94022834,-2.10000000,,兆易创新
2025-12-26,603986,220.25000000,226.22000000,229.25000000,219.25000000,,296631.00000000,4.42047564,2.24632768,4.97000000,,兆易创新
2025-12-29,603986,224.96000000,227.18000000,233.69000000,224.25000000,,296019.00000000,4.15529536,0.42436566,0.96000000,,兆易创新
2025-12-30,603986,225.25000000,219.47000000,228.79000000,218.35000000,,271610.00000000,4.75691438,-3.39378466,-7.71000000,,兆易创新
2025-12-31,603986,227.26000000,213.50000000,228.13000000,211.83000000,,354571.00000000,7.63466042,-2.72018955,-5.97000000,,兆易创新
2026-01-05,603986,220.57000000,234.93000000,234.93000000,220.25000000,,499284.00000000,6.24866982,10.03747073,21.43000000,,兆易创新
2026-01-06,603986,237.25000000,250.03000000,252.58000000,233.25000000,,507536.00000000,7.73107227,6.42744647,15.10000000,,兆易创新
2026-01-07,603986,269.25000000,261.75000000,273.02000000,256.03000000,,545162.00000000,6.49092646,4.68743751,11.72000000,,兆易创新
2026-01-08,603986,258.25000000,258.00000000,266.25000000,256.16000000,,314109.00000000,3.91085271,-1.43266476,-3.75000000,,兆易创新
2026-01-09,603986,253.80000000,249.30000000,253.80000000,243.57000000,,395238.00000000,4.10348977,-3.37209302,-8.70000000,,兆易创新
2026-01-12,603986,254.47000000,261.08000000,263.29000000,253.25000000,,403813.00000000,3.84556458,4.72523065,11.78000000,,兆易创新
2026-01-13,603986,265.25000000,262.75000000,274.25000000,256.74000000,,461518.00000000,6.66412940,0.63965068,1.67000000,,兆易创新
2026-01-14,603986,269.25000000,252.25000000,270.25000000,248.30000000,,447321.00000000,8.70168484,-3.99619410,-10.50000000,,兆易创新
2026-01-15,603986,248.86000000,254.21000000,256.80000000,247.45000000,,283898.00000000,3.67806145,0.77700694,1.96000000,,兆易创新
2026-01-16,603986,259.28000000,279.71000000,279.71000000,256.75000000,,553362.00000000,8.20850166,10.03107667,25.50000000,,兆易创新
2026-01-19,603986,279.85000000,287.70000000,291.25000000,278.13000000,,463230.00000000,4.56030587,2.85652998,7.99000000,,兆易创新
2026-01-20,603986,282.15000000,291.25000000,296.35000000,282.13000000,,389782.00000000,4.88240343,1.23392423,3.55000000,,兆易创新
2026-01-21,603986,294.25000000,306.90000000,314.05000000,292.26000000,,404654.00000000,7.10003258,5.37339056,15.65000000,,兆易创新
2026-01-22,603986,319.25000000,300.72000000,319.27000000,295.95000000,,450617.00000000,7.75472200,-2.01368524,-6.18000000,,兆易创新
2026-01-23,603986,295.25000000,296.50000000,309.93000000,294.25000000,,349380.00000000,5.28836425,-1.40329875,-4.22000000,,兆易创新
2026-01-26,603986,299.25000000,291.85000000,307.25000000,289.75000000,,272675.00000000,5.99623094,-1.56829680,-4.65000000,,兆易创新
2026-01-27,603986,289.25000000,306.51000000,311.67000000,285.92000000,,380044.00000000,8.40103096,5.02312832,14.66000000,,兆易创新
2026-01-28,603986,313.13000000,322.93000000,327.83000000,313.13000000,,377180.00000000,4.55207011,5.35708460,16.42000000,,兆易创新
2026-01-29,603986,329.13000000,306.75000000,330.32000000,306.24000000,,334246.00000000,7.85004075,-5.01037377,-16.18000000,,兆易创新
2026-01-30,603986,314.25000000,314.13000000,320.13000000,307.26000000,,376199.00000000,4.09702989,2.40586797,7.38000000,,兆易创新
2026-02-02,603986,300.05000000,282.64000000,305.34000000,282.64000000,,416288.00000000,8.03141806,-10.02451214,-31.49000000,,兆易创新
2026-02-03,603986,293.26000000,291.82000000,295.85000000,284.45000000,,302214.00000000,3.90651772,3.24794792,9.18000000,,兆易创新
2026-02-04,603986,285.24000000,281.58000000,288.75000000,278.25000000,,270958.00000000,3.72895802,-3.50901240,-10.24000000,,兆易创新
2026-02-05,603986,269.19000000,276.99000000,278.77000000,267.46000000,,229054.00000000,4.08317990,-1.63008736,-4.59000000,,兆易创新
2026-02-06,603986,270.25000000,275.42000000,279.76000000,267.45000000,,186267.00000000,4.46953743,-0.56680747,-1.57000000,,兆易创新
2026-02-09,603986,283.22000000,292.23000000,293.69000000,279.45000000,,283055.00000000,4.87287411,6.10340571,16.81000000,,兆易创新
2026-02-10,603986,286.38000000,289.15000000,290.75000000,283.42000000,,215966.00000000,2.53501643,-1.05396434,-3.08000000,,兆易创新
2026-02-11,603986,284.25000000,283.84000000,285.75000000,279.75000000,,173416.00000000,2.11386697,-1.83641708,-5.31000000,,兆易创新
2026-02-12,603986,289.75000000,302.49000000,304.25000000,284.25000000,,300674.00000000,6.61178882,6.57060316,18.65000000,,兆易创新
2026-02-13,603986,302.49000000,307.95000000,316.85000000,300.25000000,,299254.00000000,5.39048547,1.80501835,5.46000000,,兆易创新
2026-02-24,603986,316.75000000,322.30000000,330.41000000,310.25000000,,302545.00000000,6.25504189,4.65984738,14.35000000,,兆易创新
2026-02-25,603986,315.25000000,310.57000000,316.26000000,301.21000000,,285728.00000000,4.84592845,-3.63946634,-11.73000000,,兆易创新
2026-02-26,603986,315.25000000,308.65000000,315.25000000,305.30000000,,231053.00000000,3.22371618,-0.61821812,-1.92000000,,兆易创新
2026-02-27,603986,302.75000000,299.25000000,305.25000000,295.94000000,,220969.00000000,3.11111111,-3.04552082,-9.40000000,,兆易创新
2026-03-02,603986,290.12000000,292.40000000,299.23000000,289.80000000,,185132.00000000,3.22503420,-2.28905597,-6.85000000,,兆易创新
2026-03-03,603986,294.25000000,272.14000000,295.35000000,271.84000000,,333294.00000000,8.63893584,-6.92886457,-20.26000000,,兆易创新
2026-03-04,603986,272.14000000,278.32000000,289.25000000,272.14000000,,326916.00000000,6.14759989,2.27088998,6.18000000,,兆易创新
2026-03-05,603986,287.41000000,282.05000000,289.13000000,279.48000000,,255300.00000000,3.42137919,1.34018396,3.73000000,,兆易创新
2026-03-06,603986,277.15000000,284.24000000,288.13000000,276.81000000,,208576.00000000,3.98254996,0.77645807,2.19000000,,兆易创新
2026-03-09,603986,272.25000000,275.34000000,276.95000000,263.25000000,,283546.00000000,4.97566645,-3.13115677,-8.90000000,,兆易创新
2026-03-10,603986,283.35000000,284.69000000,285.75000000,280.43000000,,233537.00000000,1.86869929,3.39580155,9.35000000,,兆易创新
2026-03-11,603986,287.29000000,280.78000000,290.08000000,280.57000000,,216499.00000000,3.38699338,-1.37342372,-3.91000000,,兆易创新
2026-03-12,603986,279.08000000,274.03000000,283.08000000,271.68000000,,172327.00000000,4.16012845,-2.40401738,-6.75000000,,兆易创新
2026-03-13,603986,270.03000000,277.58000000,284.92000000,270.03000000,,226137.00000000,5.36421932,1.29547860,3.55000000,,兆易创新
2026-03-16,603986,279.25000000,305.41000000,305.41000000,276.25000000,,462736.00000000,9.54782096,10.02593847,27.83000000,,兆易创新
2026-03-17,603986,305.75000000,295.25000000,312.25000000,295.13000000,,390001.00000000,5.79847587,-3.32667562,-10.16000000,,兆易创新
2026-03-18,603986,304.35000000,310.50000000,312.93000000,301.25000000,,420514.00000000,3.76167472,5.16511431,15.25000000,,兆易创新
2026-03-19,603986,299.25000000,302.93000000,308.96000000,296.25000000,,312146.00000000,4.19568877,-2.43800322,-7.57000000,,兆易创新
2026-03-20,603986,304.80000000,289.45000000,305.95000000,289.25000000,,312536.00000000,5.76956296,-4.44987291,-13.48000000,,兆易创新
2026-03-23,603986,276.25000000,272.60000000,282.13000000,270.25000000,,282142.00000000,4.35803375,-5.82138539,-16.85000000,,兆易创新
2026-03-24,603986,277.24000000,272.96000000,277.25000000,256.13000000,,336915.00000000,7.73739742,0.13206163,0.36000000,,兆易创新
2026-03-25,603986,274.40000000,277.65000000,285.05000000,274.39000000,,283763.00000000,3.83936611,1.71820047,4.69000000,,兆易创新
2026-03-26,603986,267.25000000,261.25000000,267.95000000,259.25000000,,350773.00000000,3.33014354,-5.90671709,-16.40000000,,兆易创新
2026-03-27,603986,248.23000000,257.91000000,259.43000000,239.50000000,,289773.00000000,7.72750184,-1.27846890,-3.34000000,,兆易创新
2026-03-30,603986,251.25000000,255.10000000,258.79000000,249.28000000,,214696.00000000,3.72794982,-1.08952735,-2.81000000,,兆易创新
2026-03-31,603986,249.15000000,237.35000000,251.25000000,236.11000000,,427623.00000000,6.37876554,-6.95805566,-17.75000000,,兆易创新
2026-04-01,603986,249.25000000,254.25000000,255.35000000,242.95000000,,387958.00000000,4.87708948,7.12028650,16.90000000,,兆易创新
2026-04-02,603986,257.11000000,246.24000000,259.05000000,244.85000000,,252974.00000000,5.76673164,-3.15044248,-8.01000000,,兆易创新
2026-04-03,603986,250.24000000,248.35000000,253.85000000,246.75000000,,197472.00000000,2.85886853,0.85688759,2.11000000,,兆易创新
2026-04-07,603986,252.35000000,248.91000000,255.21000000,248.06000000,,198472.00000000,2.87252421,0.22548822,0.56000000,,兆易创新
2026-04-08,603986,249.36000000,255.21000000,256.21000000,242.33000000,,753325.00000000,5.43865836,2.53103531,6.30000000,,兆易创新
2026-04-09,603986,249.25000000,249.74000000,252.74000000,243.15000000,,444683.00000000,3.83999359,-2.14333294,-5.47000000,,兆易创新
2026-04-10,603986,254.74000000,264.34000000,267.57000000,254.49000000,,534767.00000000,4.94817281,5.84607992,14.60000000,,兆易创新
2026-04-13,603986,260.25000000,261.39000000,269.09000000,260.15000000,,412421.00000000,3.42017675,-1.11598699,-2.95000000,,兆易创新
2026-04-14,603986,268.75000000,279.26000000,280.48000000,265.64000000,,466205.00000000,5.31404426,6.83652779,17.87000000,,兆易创新
2026-04-15,603986,284.25000000,273.25000000,286.90000000,271.23000000,,396973.00000000,5.73467521,-2.15211631,-6.01000000,,兆易创新
2026-04-16,603986,269.35000000,285.98000000,286.25000000,267.84000000,,409337.00000000,6.43751311,4.65873742,12.73000000,,兆易创新
2026-04-17,603986,283.25000000,288.21000000,294.91000000,282.15000000,,406321.00000000,4.42732730,0.77977481,2.23000000,,兆易创新
2026-04-20,603986,292.25000000,289.79000000,295.21000000,286.37000000,,325643.00000000,3.05048483,0.54821137,1.58000000,,兆易创新
2026-04-21,603986,290.05000000,305.52000000,308.25000000,287.50000000,,425834.00000000,6.79169940,5.42806860,15.73000000,,兆易创新
2026-04-22,603986,302.75000000,313.23000000,313.83000000,301.76000000,,341662.00000000,3.85339846,2.52356638,7.71000000,,兆易创新
2026-04-23,603986,325.26000000,304.05000000,325.27000000,301.15000000,,441997.00000000,7.93290577,-2.93075376,-9.18000000,,兆易创新
2026-04-24,603986,304.25000000,296.95000000,309.25000000,292.06000000,,349105.00000000,5.78885334,-2.33514225,-7.10000000,,兆易创新
2026-04-27,603986,300.84000000,302.67000000,308.83000000,297.00000000,,316355.00000000,3.90854726,1.92625021,5.72000000,,兆易创新
2026-04-28,603986,304.25000000,306.75000000,318.58000000,301.27000000,,367943.00000000,5.64303178,1.34800278,4.08000000,,兆易创新
2026-04-29,603986,302.26000000,308.14000000,310.91000000,296.25000000,,419200.00000000,4.75757772,0.45313773,1.39000000,,兆易创新
2026-04-30,603986,319.25000000,312.24000000,320.25000000,305.73000000,,587965.00000000,4.65026902,1.33056403,4.10000000,,兆易创新
2026-05-06,603986,329.25000000,343.54000000,343.54000000,329.25000000,,423426.00000000,4.15963207,10.02434025,31.30000000,,兆易创新
2026-05-07,603986,346.25000000,349.41000000,356.61000000,338.25000000,,523879.00000000,5.25457199,1.70868021,5.87000000,,兆易创新
2026-05-08,603986,340.25000000,333.35000000,342.55000000,331.05000000,,440833.00000000,3.44982751,-4.59631951,-16.06000000,,兆易创新
2026-05-11,603986,349.35000000,361.38000000,366.76000000,346.26000000,,575079.00000000,5.67269910,8.40857957,28.03000000,,兆易创新
2026-05-12,603986,361.39000000,352.80000000,361.45000000,348.45000000,,405596.00000000,3.68480726,-2.37423211,-8.58000000,,兆易创新
2026-05-13,603986,343.25000000,364.25000000,365.96000000,338.58000000,,484983.00000000,7.51681537,3.24546485,11.45000000,,兆易创新
2026-05-14,603986,364.30000000,355.44000000,372.75000000,354.24000000,,408365.00000000,5.20762998,-2.41866850,-8.81000000,,兆易创新
2026-05-15,603986,352.25000000,374.59000000,383.25000000,344.73000000,,624368.00000000,10.28324301,5.38768850,19.15000000,,兆易创新
2026-05-18,603986,407.83000000,399.25000000,412.12000000,395.59000000,,687984.00000000,4.14026299,6.58319763,24.66000000,,兆易创新
2026-05-19,603986,389.25000000,403.81000000,409.25000000,379.27000000,,553101.00000000,7.42428370,1.14214152,4.56000000,,兆易创新
2026-05-20,603986,407.25000000,444.27000000,444.27000000,407.05000000,,610126.00000000,8.37778828,10.01956366,40.46000000,,兆易创新
2026-05-21,603986,444.27000000,431.15000000,464.08000000,426.58000000,,632398.00000000,8.69766902,-2.95315911,-13.12000000,,兆易创新
2026-05-22,603986,447.25000000,467.99000000,472.24000000,438.25000000,,637969.00000000,7.26297570,8.54459005,36.84000000,,兆易创新
2026-05-25,603986,477.36000000,514.85000000,514.86000000,460.25000000,,593614.00000000,10.60697290,10.01303447,46.86000000,,兆易创新
2026-05-26,603986,510.00000000,526.22000000,538.02000000,491.20000000,,643384.00000000,8.89741933,2.20841022,11.37000000,,兆易创新
2026-05-27,603986,541.00000000,514.18000000,552.82000000,500.00000000,,667260.00000000,10.27266716,-2.28801642,-12.04000000,,兆易创新
2026-05-28,603986,495.00000000,483.00000000,499.50000000,470.00000000,,623792.00000000,6.10766046,-6.06402427,-31.18000000,,兆易创新
2026-05-29,603986,492.66000000,467.01000000,496.00000000,464.91000000,,558125.00000000,6.65724503,-3.31055901,-15.99000000,,兆易创新
2026-06-01,603986,476.00000000,468.00000000,489.96000000,455.00000000,,521586.00000000,7.47008547,0.21198690,0.99000000,,兆易创新
2026-06-02,603986,471.00000000,474.69000000,480.66000000,448.11000000,,490193.00000000,6.85710674,1.42948718,6.69000000,,兆易创新
2026-06-03,603986,478.89000000,492.23000000,510.00000000,477.00000000,,581930.00000000,6.70418300,3.69504308,17.54000000,,兆易创新
2026-06-04,603986,487.05000000,529.31000000,538.00000000,485.01000000,,563351.00000000,10.01114659,7.53306381,37.08000000,,兆易创新
2026-06-05,603986,507.00000000,488.00000000,519.80000000,484.90000000,,547135.00000000,7.15163934,-7.80450020,-41.31000000,,兆易创新
2026-06-08,603986,461.11000000,474.01000000,490.70000000,451.00000000,,434475.00000000,8.37535073,-2.86680328,-13.99000000,,兆易创新
2026-06-09,603986,493.00000000,500.50000000,502.88000000,477.03000000,,419683.00000000,5.16483516,5.58848969,26.49000000,,兆易创新
2026-06-10,603986,489.11000000,480.84000000,497.26000000,475.65000000,,329972.00000000,4.49421845,-3.92807193,-19.66000000,,兆易创新
2026-06-11,603986,480.52000000,483.50000000,486.00000000,471.00000000,,296991.00000000,3.10237849,0.55319857,2.66000000,,兆易创新
2026-06-12,603986,508.00000000,481.47000000,510.00000000,481.00000000,,407085.00000000,6.02322055,-0.41985522,-2.03000000,,兆易创新
2026-06-15,603986,494.97000000,518.00000000,519.00000000,476.66000000,,475784.00000000,8.17374517,7.58718093,36.53000000,,兆易创新
2026-06-16,603986,526.00000000,532.76000000,542.84000000,517.71000000,,427785.00000000,4.71694572,2.84942085,14.76000000,,兆易创新
2026-06-17,603986,521.00000000,586.04000000,586.04000000,521.00000000,,568000.00000000,11.09821855,10.00075081,53.28000000,,兆易创新
2026-06-18,603986,594.00000000,629.00000000,644.64000000,586.60000000,,591573.00000000,9.22734499,7.33055764,42.96000000,,兆易创新
2026-06-22,603986,643.00000000,689.70000000,689.70000000,635.00000000,,525831.00000000,7.93098449,9.65023847,60.70000000,,兆易创新
2026-06-23,603986,680.00000000,640.99000000,688.80000000,636.00000000,,592914.00000000,8.23725799,-7.06249094,-48.71000000,,兆易创新
2026-06-24,603986,641.00000000,705.09000000,705.09000000,630.93000000,,598219.00000000,10.51780624,10.00015601,64.10000000,,兆易创新
2026-06-25,603986,740.00000000,775.21000000,775.39000000,735.00000000,,508678.00000000,5.21020111,9.94482974,70.12000000,,兆易创新
2026-06-26,603986,753.00000000,770.00000000,779.00000000,732.52000000,,493926.00000000,6.03636364,-0.67207595,-5.21000000,,兆易创新
2026-06-29,603986,779.00000000,840.00000000,846.66000000,750.00000000,,541209.00000000,11.50714286,9.09090909,70.00000000,,兆易创新
2026-06-30,603986,810.00000000,815.00000000,833.00000000,781.11000000,,449647.00000000,6.36687117,-2.97619048,-25.00000000,,兆易创新
2026-07-01,603986,803.00000000,772.01000000,843.38000000,753.00000000,,539702.00000000,11.70710224,-5.27484663,-42.99000000,,兆易创新
2026-07-02,603986,721.00000000,694.81000000,731.99000000,694.81000000,,452436.00000000,5.35110318,-9.99987047,-77.20000000,,兆易创新
2026-07-03,603986,672.54000000,677.77000000,717.66000000,642.35000000,,623522.00000000,11.11143898,-2.45246902,-17.04000000,,兆易创新
