trade_date,ts_code,open,close,high,low,volume,amount,amplitude_pct,pct_change,price_change,turnover_rate,stock_name
2021-04-20,605117,0.16000000,1.29000000,1.29000000,0.16000000,,3864.47000000,87.59689922,,,,德业股份
2021-04-21,605117,1.97000000,1.97000000,1.97000000,1.97000000,,1248.00000000,0.00000000,52.71317829,0.68000000,,德业股份
2021-04-22,605117,2.73000000,2.73000000,2.73000000,2.73000000,,647.74000000,0.00000000,38.57868020,0.76000000,,德业股份
2021-04-23,605117,3.55000000,3.55000000,3.55000000,3.55000000,,3925.92000000,0.00000000,30.03663004,0.82000000,,德业股份
2021-04-26,605117,4.46000000,2.81000000,4.46000000,2.68000000,,239376.20000000,63.34519573,-20.84507042,-0.74000000,,德业股份
2021-04-27,605117,2.52000000,2.00000000,2.57000000,1.98000000,,162658.82000000,29.50000000,-28.82562278,-0.81000000,,德业股份
2021-04-28,605117,1.70000000,1.75000000,1.99000000,1.62000000,,89702.13000000,21.14285714,-12.50000000,-0.25000000,,德业股份
2021-04-29,605117,1.72000000,1.90000000,2.07000000,1.72000000,,78521.70000000,18.42105263,8.57142857,0.15000000,,德业股份
2021-04-30,605117,1.85000000,1.38000000,1.85000000,1.33000000,,88385.98000000,37.68115942,-27.36842105,-0.52000000,,德业股份
2021-05-06,605117,1.26000000,1.44000000,1.57000000,1.18000000,,56357.99000000,27.08333333,4.34782609,0.06000000,,德业股份
2021-05-07,605117,1.44000000,1.34000000,1.59000000,1.32000000,,53492.34000000,20.14925373,-6.94444444,-0.10000000,,德业股份
2021-05-10,605117,1.82000000,2.02000000,2.02000000,1.82000000,,27321.17000000,9.90099010,50.74626866,0.68000000,,德业股份
2021-05-11,605117,2.78000000,2.78000000,2.78000000,2.78000000,,10035.64000000,0.00000000,37.62376238,0.76000000,,德业股份
2021-05-12,605117,3.61000000,3.61000000,3.61000000,3.38000000,,184542.91000000,6.37119114,29.85611511,0.83000000,,德业股份
2021-05-13,605117,4.51000000,4.52000000,4.52000000,4.11000000,,103833.89000000,9.07079646,25.20775623,0.91000000,,德业股份
2021-05-14,605117,4.55000000,4.31000000,4.87000000,3.74000000,,184870.82000000,26.21809745,-4.64601770,-0.21000000,,德业股份
2021-05-17,605117,4.56000000,4.37000000,5.15000000,3.87000000,,146321.18000000,29.29061785,1.39211137,0.06000000,,德业股份
2021-05-18,605117,4.86000000,4.52000000,5.01000000,4.33000000,,108686.00000000,15.04424779,3.43249428,0.15000000,,德业股份
2021-05-19,605117,4.45000000,5.19000000,5.52000000,3.99000000,,111386.72000000,29.47976879,14.82300885,0.67000000,,德业股份
2021-05-20,605117,4.60000000,4.29000000,4.68000000,4.28000000,,82498.76000000,9.32400932,-17.34104046,-0.90000000,,德业股份
2021-05-21,605117,4.29000000,4.52000000,4.77000000,4.29000000,,59796.78000000,10.61946903,5.36130536,0.23000000,,德业股份
2021-05-24,605117,4.43000000,4.40000000,5.11000000,4.28000000,,65790.92000000,18.86363636,-2.65486726,-0.12000000,,德业股份
2021-05-25,605117,4.40000000,4.60000000,4.60000000,3.76000000,,60231.75000000,18.26086957,4.54545455,0.20000000,,德业股份
2021-05-26,605117,4.59000000,4.51000000,4.81000000,4.43000000,,46807.85000000,8.42572062,-1.95652174,-0.09000000,,德业股份
2021-05-27,605117,4.47000000,5.02000000,5.51000000,4.47000000,,96950.75000000,20.71713147,11.30820399,0.51000000,,德业股份
2021-05-28,605117,4.87000000,5.83000000,6.04000000,4.87000000,,75265.52000000,20.06861063,16.13545817,0.81000000,,德业股份
2021-05-31,605117,5.74000000,5.93000000,6.43000000,5.62000000,,65998.28000000,13.65935919,1.71526587,0.10000000,,德业股份
2021-06-01,605117,5.95000000,6.10000000,6.17000000,5.75000000,,31727.17000000,6.88524590,2.86677909,0.17000000,,德业股份
2021-06-02,605117,6.11000000,5.38000000,6.12000000,5.29000000,,47851.11000000,15.42750929,-11.80327869,-0.72000000,,德业股份
2021-06-03,605117,5.49000000,5.32000000,5.53000000,5.17000000,,24693.67000000,6.76691729,-1.11524164,-0.06000000,,德业股份
2021-06-04,605117,5.14000000,5.01000000,5.23000000,4.63000000,,35435.06000000,11.97604790,-5.82706767,-0.31000000,,德业股份
2021-06-07,605117,5.03000000,5.42000000,5.92000000,5.03000000,,35140.47000000,16.42066421,8.18363273,0.41000000,,德业股份
2021-06-08,605117,5.44000000,5.61000000,5.88000000,5.06000000,,33243.43000000,14.61675579,3.50553506,0.19000000,,德业股份
2021-06-09,605117,5.61000000,5.24000000,5.61000000,5.03000000,,24961.82000000,11.06870229,-6.59536542,-0.37000000,,德业股份
2021-06-10,605117,5.32000000,6.31000000,6.31000000,5.32000000,,23482.14000000,15.68938193,20.41984733,1.07000000,,德业股份
2021-06-11,605117,7.13000000,7.50000000,7.50000000,6.88000000,,67828.32000000,8.26666667,18.85895404,1.19000000,,德业股份
2021-06-15,605117,7.54000000,7.58000000,8.50000000,7.33000000,,67976.94000000,15.43535620,1.06666667,0.08000000,,德业股份
2021-06-16,605117,7.71000000,6.94000000,7.97000000,6.94000000,,32244.50000000,14.84149856,-8.44327177,-0.64000000,,德业股份
2021-06-17,605117,7.14000000,8.19000000,8.19000000,7.05000000,,26576.89000000,13.91941392,18.01152738,1.25000000,,德业股份
2021-06-18,605117,8.70000000,9.28000000,9.56000000,8.38000000,,41356.62000000,12.71551724,13.30891331,1.09000000,,德业股份
2021-06-21,605117,9.30000000,10.76000000,10.76000000,8.78000000,,36338.59000000,18.40148699,15.94827586,1.48000000,,德业股份
2021-06-22,605117,11.25000000,10.82000000,11.29000000,10.28000000,,32909.95000000,9.33456562,0.55762082,0.06000000,,德业股份
2021-06-23,605117,10.87000000,11.83000000,12.41000000,10.54000000,,25137.09000000,15.80726965,9.33456562,1.01000000,,德业股份
2021-06-24,605117,12.26000000,11.39000000,12.45000000,10.22000000,,34744.02000000,19.57857770,-3.71935757,-0.44000000,,德业股份
2021-06-25,605117,11.39000000,11.22000000,12.11000000,10.38000000,,29339.08000000,15.41889483,-1.49253731,-0.17000000,,德业股份
2021-06-28,605117,11.30000000,12.88000000,12.88000000,10.79000000,,31520.34000000,16.22670807,14.79500891,1.66000000,,德业股份
2021-06-29,605117,13.10000000,13.57000000,14.33000000,13.03000000,,32728.17000000,9.57995578,5.35714286,0.69000000,,德业股份
2021-06-30,605117,13.65000000,13.04000000,13.66000000,12.59000000,,20380.30000000,8.20552147,-3.90567428,-0.53000000,,德业股份
2021-07-01,605117,13.10000000,12.30000000,13.17000000,11.94000000,,22098.99000000,10.00000000,-5.67484663,-0.74000000,,德业股份
2021-07-02,605117,11.80000000,11.84000000,12.96000000,11.54000000,,20558.54000000,11.99324324,-3.73983740,-0.46000000,,德业股份
2021-07-05,605117,11.91000000,12.50000000,12.67000000,11.51000000,,18367.64000000,9.28000000,5.57432432,0.66000000,,德业股份
2021-07-06,605117,12.67000000,11.11000000,12.67000000,10.71000000,,36070.34000000,17.64176418,-11.12000000,-1.39000000,,德业股份
2021-07-07,605117,10.93000000,12.69000000,12.76000000,10.42000000,,51847.42000000,18.43971631,14.22142214,1.58000000,,德业股份
2021-07-08,605117,12.50000000,12.29000000,12.60000000,11.53000000,,35473.53000000,8.70626526,-3.15208826,-0.40000000,,德业股份
2021-07-09,605117,11.76000000,11.47000000,11.87000000,10.93000000,,22254.17000000,8.19529207,-6.67209113,-0.82000000,,德业股份
2021-07-12,605117,11.65000000,12.23000000,12.85000000,11.65000000,,32121.30000000,9.81193786,6.62598082,0.76000000,,德业股份
2021-07-13,605117,12.82000000,13.27000000,13.79000000,11.65000000,,27649.54000000,16.12660136,8.50367948,1.04000000,,德业股份
2021-07-14,605117,13.68000000,13.78000000,14.34000000,12.97000000,,26332.66000000,9.94194485,3.84325546,0.51000000,,德业股份
2021-07-15,605117,13.53000000,14.72000000,15.41000000,13.22000000,,27314.46000000,14.87771739,6.82148041,0.94000000,,德业股份
2021-07-16,605117,15.25000000,14.11000000,15.43000000,14.11000000,,18789.09000000,9.35506733,-4.14402174,-0.61000000,,德业股份
2021-07-19,605117,14.62000000,12.76000000,14.76000000,12.56000000,,24091.25000000,17.24137931,-9.56768249,-1.35000000,,德业股份
2021-07-20,605117,12.39000000,12.55000000,12.88000000,11.83000000,,21436.88000000,8.36653386,-1.64576803,-0.21000000,,德业股份
2021-07-21,605117,12.88000000,14.34000000,14.34000000,12.88000000,,24271.41000000,10.18131102,14.26294821,1.79000000,,德业股份
2021-07-22,605117,14.70000000,16.32000000,16.32000000,14.70000000,,39066.37000000,9.92647059,13.80753138,1.98000000,,德业股份
2021-07-23,605117,16.48000000,17.74000000,18.40000000,16.32000000,,35515.90000000,11.72491545,8.70098039,1.42000000,,德业股份
2021-07-26,605117,18.49000000,19.49000000,20.06000000,18.49000000,,36722.94000000,8.05541303,9.86471251,1.75000000,,德业股份
2021-07-27,605117,19.95000000,19.00000000,21.20000000,18.37000000,,50494.21000000,14.89473684,-2.51410980,-0.49000000,,德业股份
2021-07-28,605117,17.29000000,18.82000000,19.65000000,16.58000000,,31291.54000000,16.31243358,-0.94736842,-0.18000000,,德业股份
2021-07-29,605117,20.03000000,21.24000000,21.24000000,19.48000000,,20669.27000000,8.28625235,12.85866100,2.42000000,,德业股份
2021-07-30,605117,23.08000000,23.91000000,23.91000000,23.08000000,,36241.35000000,3.47135090,12.57062147,2.67000000,,德业股份
2021-08-02,605117,24.22000000,23.06000000,26.37000000,22.31000000,,45619.34000000,17.60624458,-3.55499791,-0.85000000,,德业股份
2021-08-03,605117,22.93000000,20.21000000,22.93000000,20.21000000,,27505.95000000,13.45868382,-12.35906331,-2.85000000,,德业股份
2021-08-04,605117,19.56000000,20.89000000,21.07000000,19.19000000,,45719.51000000,8.99952130,3.36467095,0.68000000,,德业股份
2021-08-05,605117,20.89000000,19.75000000,20.89000000,19.46000000,,25484.42000000,7.24050633,-5.45715653,-1.14000000,,德业股份
2021-08-06,605117,19.90000000,21.40000000,22.07000000,19.11000000,,37480.88000000,13.83177570,8.35443038,1.65000000,,德业股份
2021-08-09,605117,21.34000000,23.94000000,23.94000000,20.33000000,,33740.21000000,15.07936508,11.86915888,2.54000000,,德业股份
2021-08-10,605117,22.79000000,21.75000000,24.78000000,21.01000000,,48811.55000000,17.33333333,-9.14786967,-2.19000000,,德业股份
2021-08-11,605117,21.05000000,21.49000000,22.27000000,20.31000000,,29440.42000000,9.12052117,-1.19540230,-0.26000000,,德业股份
2021-08-12,605117,21.33000000,20.69000000,21.34000000,19.88000000,,32730.66000000,7.05654906,-3.72266170,-0.80000000,,德业股份
2021-08-13,605117,19.68000000,19.75000000,20.69000000,18.88000000,,31172.87000000,9.16455696,-4.54325761,-0.94000000,,德业股份
2021-08-16,605117,20.30000000,19.33000000,20.33000000,18.25000000,,29282.59000000,10.76047594,-2.12658228,-0.42000000,,德业股份
2021-08-17,605117,19.08000000,19.55000000,20.36000000,18.70000000,,20651.39000000,8.49104859,1.13812726,0.22000000,,德业股份
2021-08-18,605117,19.17000000,19.24000000,19.90000000,18.60000000,,21573.56000000,6.75675676,-1.58567775,-0.31000000,,德业股份
2021-08-19,605117,18.99000000,19.80000000,20.18000000,18.60000000,,16450.28000000,7.97979798,2.91060291,0.56000000,,德业股份
2021-08-20,605117,19.80000000,22.24000000,22.32000000,19.33000000,,44183.57000000,13.44424460,12.32323232,2.44000000,,德业股份
2021-08-23,605117,21.63000000,22.15000000,22.76000000,20.91000000,,26490.98000000,8.35214447,-0.40467626,-0.09000000,,德业股份
2021-08-24,605117,21.78000000,24.91000000,24.91000000,21.78000000,,24279.77000000,12.56523485,12.46049661,2.76000000,,德业股份
2021-08-25,605117,25.25000000,26.19000000,26.73000000,24.02000000,,24921.65000000,10.34746086,5.13849859,1.28000000,,德业股份
2021-08-26,605117,25.52000000,26.64000000,29.30000000,25.33000000,,22303.84000000,14.90240240,1.71821306,0.45000000,,德业股份
2021-08-27,605117,25.61000000,28.14000000,28.58000000,23.51000000,,32201.52000000,18.01705757,5.63063063,1.50000000,,德业股份
2021-08-30,605117,27.56000000,28.02000000,29.30000000,25.89000000,,26033.41000000,12.16987866,-0.42643923,-0.12000000,,德业股份
2021-08-31,605117,27.42000000,26.32000000,27.42000000,25.39000000,,16545.06000000,7.71276596,-6.06709493,-1.70000000,,德业股份
2021-09-01,605117,26.68000000,23.15000000,26.69000000,23.15000000,,18808.67000000,15.29157667,-12.04407295,-3.17000000,,德业股份
2021-09-02,605117,22.79000000,22.29000000,23.08000000,21.64000000,,22703.28000000,6.46029610,-3.71490281,-0.86000000,,德业股份
2021-09-03,605117,22.34000000,21.42000000,24.09000000,21.42000000,,24761.41000000,12.46498599,-3.90309556,-0.87000000,,德业股份
2021-09-06,605117,21.13000000,21.32000000,21.46000000,19.46000000,,21848.47000000,9.38086304,-0.46685341,-0.10000000,,德业股份
2021-09-07,605117,21.27000000,21.76000000,22.63000000,20.79000000,,22671.62000000,8.45588235,2.06378987,0.44000000,,德业股份
2021-09-08,605117,21.79000000,20.37000000,23.01000000,19.97000000,,25253.68000000,14.92390771,-6.38786765,-1.39000000,,德业股份
2021-09-09,605117,19.90000000,20.18000000,20.59000000,19.46000000,,15422.39000000,5.59960357,-0.93274423,-0.19000000,,德业股份
2021-09-10,605117,20.19000000,22.74000000,22.74000000,20.19000000,,27213.25000000,11.21372032,12.68582755,2.56000000,,德业股份
2021-09-13,605117,23.85000000,22.21000000,24.39000000,21.68000000,,25716.18000000,12.20171094,-2.33069481,-0.53000000,,德业股份
2021-09-14,605117,22.21000000,24.97000000,24.97000000,21.33000000,,19717.94000000,14.57749299,12.42683476,2.76000000,,德业股份
2021-09-15,605117,25.30000000,24.90000000,25.68000000,23.96000000,,15941.14000000,6.90763052,-0.28033640,-0.07000000,,德业股份
2021-09-16,605117,24.35000000,21.87000000,25.19000000,21.87000000,,23183.85000000,15.18061271,-12.16867470,-3.03000000,,德业股份
2021-09-17,605117,20.92000000,21.64000000,21.70000000,19.32000000,,34065.87000000,10.99815157,-1.05166895,-0.23000000,,德业股份
2021-09-22,605117,21.92000000,22.71000000,23.95000000,20.88000000,,25050.74000000,13.51827389,4.94454713,1.07000000,,德业股份
2021-09-23,605117,22.89000000,23.60000000,23.95000000,21.78000000,,16757.96000000,9.19491525,3.91897842,0.89000000,,德业股份
2021-09-24,605117,23.70000000,26.51000000,26.51000000,23.39000000,,18674.49000000,11.76914372,12.33050847,2.91000000,,德业股份
2021-09-27,605117,27.11000000,27.42000000,28.28000000,24.45000000,,34697.34000000,13.96790664,3.43266692,0.91000000,,德业股份
2021-09-28,605117,27.42000000,25.85000000,27.42000000,25.17000000,,19926.94000000,8.70406190,-5.72574763,-1.57000000,,德业股份
2021-09-29,605117,24.84000000,27.13000000,27.85000000,24.84000000,,20171.77000000,11.09472908,4.95164410,1.28000000,,德业股份
2021-09-30,605117,26.84000000,27.10000000,28.18000000,26.55000000,,15235.03000000,6.01476015,-0.11057870,-0.03000000,,德业股份
2021-10-08,605117,26.70000000,24.67000000,27.27000000,24.09000000,,18059.86000000,12.89014998,-8.96678967,-2.43000000,,德业股份
2021-10-11,605117,24.96000000,24.15000000,24.96000000,23.35000000,,12723.86000000,6.66666667,-2.10782327,-0.52000000,,德业股份
2021-10-12,605117,24.38000000,26.22000000,26.40000000,23.80000000,,18428.82000000,9.91609458,8.57142857,2.07000000,,德业股份
2021-10-13,605117,25.68000000,29.38000000,29.38000000,25.44000000,,21614.11000000,13.41048332,12.05186880,3.16000000,,德业股份
2021-10-14,605117,29.88000000,31.90000000,32.85000000,29.40000000,,28450.36000000,10.81504702,8.57726344,2.52000000,,德业股份
2021-10-15,605117,31.53000000,33.00000000,33.49000000,30.46000000,,16757.87000000,9.18181818,3.44827586,1.10000000,,德业股份
2021-10-18,605117,32.91000000,33.78000000,34.36000000,32.15000000,,18480.82000000,6.54233274,2.36363636,0.78000000,,德业股份
2021-10-19,605117,33.78000000,31.74000000,34.34000000,30.76000000,,22807.87000000,11.27914304,-6.03907638,-2.04000000,,德业股份
2021-10-20,605117,31.51000000,33.64000000,34.95000000,31.12000000,,22612.78000000,11.38525565,5.98613737,1.90000000,,德业股份
2021-10-21,605117,33.49000000,30.65000000,33.64000000,29.73000000,,28530.79000000,12.75693312,-8.88822830,-2.99000000,,德业股份
2021-10-22,605117,30.02000000,30.60000000,30.96000000,27.56000000,,22622.74000000,11.11111111,-0.16313214,-0.05000000,,德业股份
2021-10-25,605117,30.71000000,34.20000000,34.20000000,30.71000000,,26069.69000000,10.20467836,11.76470588,3.60000000,,德业股份
2021-10-26,605117,34.58000000,33.22000000,35.23000000,32.91000000,,18807.16000000,6.98374473,-2.86549708,-0.98000000,,德业股份
2021-10-27,605117,33.54000000,36.55000000,36.74000000,32.61000000,,20645.26000000,11.29958960,10.02408188,3.33000000,,德业股份
2021-10-28,605117,35.68000000,37.77000000,38.84000000,35.49000000,,22252.08000000,8.86947313,3.33789330,1.22000000,,德业股份
2021-10-29,605117,38.00000000,42.09000000,42.09000000,37.25000000,,38657.15000000,11.49916845,11.43764893,4.32000000,,德业股份
2021-11-01,605117,42.75000000,42.17000000,44.62000000,41.30000000,,30676.66000000,7.87289542,0.19006890,0.08000000,,德业股份
2021-11-02,605117,40.92000000,41.43000000,42.31000000,40.00000000,,18743.51000000,5.57566980,-1.75480199,-0.74000000,,德业股份
2021-11-03,605117,39.58000000,38.93000000,40.54000000,37.39000000,,23921.99000000,8.09144619,-6.03427468,-2.50000000,,德业股份
2021-11-04,605117,39.19000000,37.81000000,41.49000000,37.61000000,,27015.64000000,10.26183549,-2.87695864,-1.12000000,,德业股份
2021-11-05,605117,36.53000000,37.97000000,39.35000000,34.48000000,,38032.47000000,12.82591520,0.42316847,0.16000000,,德业股份
2021-11-08,605117,37.97000000,38.26000000,39.10000000,36.68000000,,18332.51000000,6.32514375,0.76376086,0.29000000,,德业股份
2021-11-09,605117,38.12000000,39.56000000,40.72000000,37.03000000,,24645.84000000,9.32760364,3.39780450,1.30000000,,德业股份
2021-11-10,605117,38.41000000,37.83000000,38.94000000,36.67000000,,13906.45000000,6.00052868,-4.37310415,-1.73000000,,德业股份
2021-11-11,605117,37.40000000,36.99000000,39.13000000,36.99000000,,14820.36000000,5.78534739,-2.22045995,-0.84000000,,德业股份
2021-11-12,605117,37.25000000,39.85000000,40.29000000,37.01000000,,21677.96000000,8.23086575,7.73181941,2.86000000,,德业股份
2021-11-15,605117,39.47000000,37.52000000,40.76000000,37.24000000,,22734.45000000,9.38166311,-5.84692597,-2.33000000,,德业股份
2021-11-16,605117,36.53000000,34.64000000,36.74000000,34.41000000,,22681.30000000,6.72632794,-7.67590618,-2.88000000,,德业股份
2021-11-17,605117,34.34000000,36.53000000,36.56000000,34.23000000,,20472.68000000,6.37831919,5.45612009,1.89000000,,德业股份
2021-11-18,605117,36.24000000,34.65000000,36.24000000,33.64000000,,27556.00000000,7.50360750,-5.14645497,-1.88000000,,德业股份
2021-11-19,605117,33.85000000,34.80000000,35.64000000,33.85000000,,16000.69000000,5.14367816,0.43290043,0.15000000,,德业股份
2021-11-22,605117,36.21000000,38.82000000,38.82000000,36.21000000,,25311.86000000,6.72333849,11.55172414,4.02000000,,德业股份
2021-11-23,605117,38.81000000,40.43000000,41.42000000,38.02000000,,31672.33000000,8.40959683,4.14734673,1.61000000,,德业股份
2021-11-24,605117,40.61000000,35.85000000,40.65000000,35.85000000,,37775.62000000,13.38912134,-11.32822162,-4.58000000,,德业股份
2021-11-25,605117,34.38000000,33.17000000,35.06000000,32.79000000,,42636.58000000,6.84353331,-7.47559275,-2.68000000,,德业股份
2021-11-26,605117,33.17000000,33.95000000,34.07000000,32.57000000,,23912.00000000,4.41826215,2.35152246,0.78000000,,德业股份
2021-11-29,605117,34.36000000,36.53000000,37.83000000,34.36000000,,39782.51000000,9.49904188,7.59941090,2.58000000,,德业股份
2021-11-30,605117,35.74000000,35.41000000,37.10000000,34.63000000,,24667.00000000,6.97543067,-3.06597317,-1.12000000,,德业股份
2021-12-01,605117,35.66000000,34.88000000,36.51000000,34.36000000,,17106.26000000,6.16399083,-1.49675233,-0.53000000,,德业股份
2021-12-02,605117,34.36000000,33.89000000,35.47000000,33.77000000,,13428.98000000,5.01622898,-2.83830275,-0.99000000,,德业股份
2021-12-03,605117,33.89000000,34.94000000,35.20000000,33.03000000,,19214.27000000,6.21064682,3.09825907,1.05000000,,德业股份
2021-12-06,605117,34.79000000,34.97000000,36.09000000,34.65000000,,13708.19000000,4.11781527,0.08586148,0.03000000,,德业股份
2021-12-07,605117,35.01000000,34.32000000,35.37000000,33.16000000,,12998.58000000,6.43939394,-1.85873606,-0.65000000,,德业股份
2021-12-08,605117,35.01000000,36.22000000,36.82000000,35.01000000,,24180.24000000,4.99723909,5.53613054,1.90000000,,德业股份
2021-12-09,605117,35.52000000,35.17000000,36.33000000,34.63000000,,14337.73000000,4.83366506,-2.89895086,-1.05000000,,德业股份
2021-12-10,605117,34.72000000,36.66000000,36.95000000,33.20000000,,24143.37000000,10.22913257,4.23656525,1.49000000,,德业股份
2021-12-13,605117,36.24000000,36.53000000,37.23000000,35.92000000,,13676.01000000,3.58609362,-0.35460993,-0.13000000,,德业股份
2021-12-14,605117,36.36000000,34.86000000,37.52000000,34.30000000,,23628.27000000,9.23694779,-4.57158500,-1.67000000,,德业股份
2021-12-15,605117,34.82000000,32.65000000,34.86000000,32.49000000,,30179.98000000,7.25880551,-6.33964429,-2.21000000,,德业股份
2021-12-16,605117,32.97000000,31.48000000,33.04000000,29.59000000,,46877.60000000,10.95933926,-3.58346095,-1.17000000,,德业股份
2021-12-17,605117,31.18000000,30.45000000,31.61000000,30.23000000,,19760.31000000,4.53201970,-3.27191868,-1.03000000,,德业股份
2021-12-20,605117,30.16000000,30.40000000,31.54000000,29.89000000,,17186.58000000,5.42763158,-0.16420361,-0.05000000,,德业股份
2021-12-21,605117,30.13000000,30.66000000,30.74000000,28.86000000,,19391.40000000,6.13176778,0.85526316,0.26000000,,德业股份
2021-12-22,605117,30.89000000,30.31000000,31.46000000,30.16000000,,9107.49000000,4.28901353,-1.14155251,-0.35000000,,德业股份
2021-12-23,605117,30.18000000,30.84000000,31.32000000,29.73000000,,15216.50000000,5.15564202,1.74859782,0.53000000,,德业股份
2021-12-24,605117,30.40000000,28.68000000,31.00000000,28.11000000,,24772.40000000,10.07670851,-7.00389105,-2.16000000,,德业股份
2021-12-27,605117,28.28000000,28.72000000,29.25000000,27.72000000,,20630.28000000,5.32729805,0.13947001,0.04000000,,德业股份
2021-12-28,605117,28.93000000,31.49000000,31.87000000,28.60000000,,24245.04000000,10.38424897,9.64484680,2.77000000,,德业股份
2021-12-29,605117,31.96000000,31.80000000,32.73000000,31.23000000,,16569.75000000,4.71698113,0.98443950,0.31000000,,德业股份
2021-12-30,605117,31.68000000,31.35000000,32.73000000,31.04000000,,14068.68000000,5.39074960,-1.41509434,-0.45000000,,德业股份
2021-12-31,605117,32.62000000,34.18000000,34.76000000,32.62000000,,28096.30000000,6.26097133,9.02711324,2.83000000,,德业股份
2022-01-04,605117,33.74000000,30.22000000,34.04000000,30.22000000,,23067.71000000,12.64063534,-11.58572264,-3.96000000,,德业股份
2022-01-05,605117,29.44000000,28.00000000,30.05000000,26.84000000,,36188.08000000,11.46428571,-7.34612839,-2.22000000,,德业股份
2022-01-06,605117,28.00000000,28.76000000,29.14000000,27.40000000,,27878.21000000,6.05006954,2.71428571,0.76000000,,德业股份
2022-01-07,605117,28.86000000,28.22000000,29.04000000,27.02000000,,26003.68000000,7.15804394,-1.87760779,-0.54000000,,德业股份
2022-01-10,605117,28.44000000,28.52000000,30.02000000,27.92000000,,23026.48000000,7.36325386,1.06307583,0.30000000,,德业股份
2022-01-11,605117,29.03000000,28.68000000,29.23000000,26.77000000,,22993.78000000,8.57740586,0.56100982,0.16000000,,德业股份
2022-01-12,605117,28.71000000,29.99000000,30.16000000,28.30000000,,18970.32000000,6.20206736,4.56764296,1.31000000,,德业股份
2022-01-13,605117,29.62000000,29.01000000,30.22000000,28.30000000,,15667.04000000,6.61840745,-3.26775592,-0.98000000,,德业股份
2022-01-14,605117,28.86000000,30.74000000,31.63000000,28.45000000,,19368.36000000,10.34482759,5.96346088,1.73000000,,德业股份
2022-01-17,605117,30.80000000,30.94000000,31.81000000,29.63000000,,13814.85000000,7.04589528,0.65061809,0.20000000,,德业股份
2022-01-18,605117,30.74000000,31.42000000,32.51000000,29.88000000,,10536.61000000,8.37046467,1.55138979,0.48000000,,德业股份
2022-01-19,605117,31.03000000,29.73000000,31.17000000,29.57000000,,12172.00000000,5.38176926,-5.37873966,-1.69000000,,德业股份
2022-01-20,605117,29.31000000,28.83000000,30.05000000,28.28000000,,11658.02000000,6.13943809,-3.02724521,-0.90000000,,德业股份
2022-01-21,605117,28.83000000,30.27000000,31.22000000,28.00000000,,13981.71000000,10.63759498,4.99479709,1.44000000,,德业股份
2022-01-24,605117,30.03000000,33.83000000,33.83000000,29.95000000,,17355.47000000,11.46911026,11.76081929,3.56000000,,德业股份
2022-01-25,605117,33.83000000,33.72000000,35.59000000,33.49000000,,24146.78000000,6.22775801,-0.32515519,-0.11000000,,德业股份
2022-01-26,605117,33.86000000,34.01000000,36.09000000,33.28000000,,20382.27000000,8.26227580,0.86002372,0.29000000,,德业股份
2022-01-27,605117,34.21000000,33.40000000,34.65000000,33.23000000,,15629.45000000,4.25149701,-1.79359012,-0.61000000,,德业股份
2022-01-28,605117,33.07000000,32.29000000,34.30000000,31.38000000,,16818.76000000,9.04304738,-3.32335329,-1.11000000,,德业股份
2022-02-07,605117,33.20000000,31.13000000,33.92000000,30.31000000,,14247.85000000,11.59653068,-3.59244348,-1.16000000,,德业股份
2022-02-08,605117,31.66000000,28.41000000,31.66000000,27.47000000,,20283.76000000,14.74832805,-8.73755220,-2.72000000,,德业股份
2022-02-09,605117,28.54000000,28.14000000,28.57000000,26.83000000,,18610.32000000,6.18336887,-0.95036959,-0.27000000,,德业股份
2022-02-10,605117,28.00000000,26.67000000,28.03000000,26.12000000,,18708.89000000,7.16160480,-5.22388060,-1.47000000,,德业股份
2022-02-11,605117,26.24000000,25.75000000,26.80000000,25.03000000,,20827.94000000,6.87378641,-3.44956880,-0.92000000,,德业股份
2022-02-14,605117,25.04000000,24.86000000,25.75000000,24.38000000,,18320.38000000,5.51086082,-3.45631068,-0.89000000,,德业股份
2022-02-15,605117,25.07000000,27.32000000,27.37000000,24.52000000,,24288.65000000,10.43191801,9.89541432,2.46000000,,德业股份
2022-02-16,605117,27.32000000,28.30000000,28.57000000,26.73000000,,19635.56000000,6.50176678,3.58711567,0.98000000,,德业股份
2022-02-17,605117,28.44000000,31.40000000,31.46000000,28.01000000,,24096.82000000,10.98726115,10.95406360,3.10000000,,德业股份
2022-02-18,605117,31.25000000,31.90000000,32.87000000,30.50000000,,20436.08000000,7.42946708,1.59235669,0.50000000,,德业股份
2022-02-21,605117,31.92000000,31.39000000,32.16000000,30.23000000,,14129.15000000,6.14845492,-1.59874608,-0.51000000,,德业股份
2022-02-22,605117,30.60000000,33.26000000,34.36000000,30.58000000,,22846.59000000,11.36500301,5.95731125,1.87000000,,德业股份
2022-02-23,605117,32.91000000,33.63000000,34.36000000,32.48000000,,16558.46000000,5.59024680,1.11244738,0.37000000,,德业股份
2022-02-24,605117,33.44000000,33.23000000,34.33000000,32.36000000,,16709.82000000,5.92837797,-1.18941421,-0.40000000,,德业股份
2022-02-25,605117,34.05000000,34.06000000,35.25000000,33.47000000,,13891.23000000,5.22607164,2.49774300,0.83000000,,德业股份
2022-02-28,605117,34.06000000,36.09000000,37.50000000,33.92000000,,18906.71000000,9.91964533,5.96007046,2.03000000,,德业股份
2022-03-01,605117,36.32000000,36.18000000,37.69000000,35.25000000,,14038.37000000,6.74405749,0.24937656,0.09000000,,德业股份
2022-03-02,605117,36.06000000,35.79000000,36.42000000,33.49000000,,17434.56000000,8.18664431,-1.07794362,-0.39000000,,德业股份
2022-03-03,605117,35.37000000,36.18000000,37.18000000,34.36000000,,14235.16000000,7.79436153,1.08968986,0.39000000,,德业股份
2022-03-04,605117,35.79000000,35.52000000,36.89000000,35.08000000,,9595.48000000,5.09572072,-1.82421227,-0.66000000,,德业股份
2022-03-07,605117,35.51000000,35.67000000,37.23000000,34.36000000,,13663.26000000,8.04597701,0.42229730,0.15000000,,德业股份
2022-03-08,605117,36.03000000,33.85000000,37.77000000,32.77000000,,26061.60000000,14.77104874,-5.10232689,-1.82000000,,德业股份
2022-03-09,605117,34.36000000,33.20000000,35.37000000,31.54000000,,27077.56000000,11.53614458,-1.92023634,-0.65000000,,德业股份
2022-03-10,605117,34.79000000,35.27000000,35.95000000,33.49000000,,20207.54000000,6.97476609,6.23493976,2.07000000,,德业股份
2022-03-11,605117,34.55000000,34.08000000,35.45000000,32.19000000,,20616.94000000,9.56572770,-3.37397221,-1.19000000,,德业股份
2022-03-14,605117,33.53000000,33.20000000,34.07000000,32.33000000,,10138.55000000,5.24096386,-2.58215962,-0.88000000,,德业股份
2022-03-15,605117,32.90000000,33.27000000,35.23000000,32.35000000,,15024.87000000,8.65644725,0.21084337,0.07000000,,德业股份
2022-03-16,605117,33.92000000,35.08000000,35.30000000,32.39000000,,17632.47000000,8.29532497,5.44033664,1.81000000,,德业股份
2022-03-17,605117,35.73000000,33.01000000,36.09000000,32.71000000,,27747.49000000,10.23932142,-5.90079818,-2.07000000,,德业股份
2022-03-18,605117,32.39000000,31.99000000,33.02000000,31.03000000,,18362.70000000,6.22069397,-3.08997274,-1.02000000,,德业股份
2022-03-21,605117,31.61000000,32.94000000,33.33000000,31.32000000,,12266.04000000,6.10200364,2.96967802,0.95000000,,德业股份
2022-03-22,605117,32.52000000,31.47000000,33.24000000,30.74000000,,16827.35000000,7.94407372,-4.46265938,-1.47000000,,德业股份
2022-03-23,605117,31.55000000,32.21000000,33.06000000,31.04000000,,13219.10000000,6.27134430,2.35144582,0.74000000,,德业股份
2022-03-24,605117,32.04000000,30.72000000,32.04000000,29.77000000,,14229.05000000,7.38932292,-4.62589258,-1.49000000,,德业股份
2022-03-25,605117,31.03000000,29.09000000,31.03000000,28.97000000,,13414.90000000,7.08147130,-5.30598958,-1.63000000,,德业股份
2022-03-28,605117,27.09000000,25.64000000,27.77000000,25.64000000,,32824.43000000,8.30733229,-11.85974562,-3.45000000,,德业股份
2022-03-29,605117,25.64000000,25.66000000,26.38000000,24.67000000,,21205.22000000,6.66406859,0.07800312,0.02000000,,德业股份
2022-03-30,605117,25.97000000,26.97000000,27.73000000,25.72000000,,18833.21000000,7.45272525,5.10522214,1.31000000,,德业股份
2022-03-31,605117,26.84000000,25.37000000,26.84000000,24.86000000,,25855.30000000,7.80449350,-5.93251761,-1.60000000,,德业股份
2022-04-01,605117,24.91000000,25.17000000,25.72000000,24.91000000,,12318.00000000,3.21811681,-0.78833268,-0.20000000,,德业股份
2022-04-06,605117,25.16000000,23.89000000,25.16000000,23.27000000,,16206.00000000,7.91125994,-5.08541915,-1.28000000,,德业股份
2022-04-07,605117,23.51000000,23.60000000,24.22000000,22.81000000,,15409.00000000,5.97457627,-1.21389703,-0.29000000,,德业股份
2022-04-08,605117,23.37000000,22.91000000,24.07000000,22.79000000,,13805.00000000,5.58707988,-2.92372881,-0.69000000,,德业股份
2022-04-11,605117,22.17000000,21.25000000,22.35000000,20.66000000,,25814.00000000,7.95294118,-7.24574422,-1.66000000,,德业股份
2022-04-12,605117,21.21000000,21.52000000,22.41000000,21.09000000,,20402.00000000,6.13382900,1.27058824,0.27000000,,德业股份
2022-04-13,605117,21.92000000,21.00000000,21.92000000,20.88000000,,9329.00000000,4.95238095,-2.41635688,-0.52000000,,德业股份
2022-04-14,605117,20.92000000,20.55000000,21.30000000,20.04000000,,12978.00000000,6.13138686,-2.14285714,-0.45000000,,德业股份
2022-04-15,605117,20.29000000,22.29000000,22.77000000,19.68000000,,19701.00000000,13.86271871,8.46715328,1.74000000,,德业股份
2022-04-18,605117,22.07000000,24.11000000,24.52000000,21.28000000,,25529.00000000,13.43840730,8.16509646,1.82000000,,德业股份
2022-04-19,605117,24.70000000,24.09000000,26.28000000,23.89000000,,32372.00000000,9.92112910,-0.08295313,-0.02000000,,德业股份
2022-04-20,605117,23.73000000,23.18000000,24.50000000,23.15000000,,17003.00000000,5.82398619,-3.77750104,-0.91000000,,德业股份
2022-04-21,605117,23.08000000,22.27000000,23.83000000,22.11000000,,13392.00000000,7.72339470,-3.92579810,-0.91000000,,德业股份
2022-04-22,605117,22.07000000,22.09000000,22.72000000,21.54000000,,12411.00000000,5.34178361,-0.80826224,-0.18000000,,德业股份
2022-04-25,605117,21.56000000,20.35000000,22.20000000,20.33000000,,13804.00000000,9.18918919,-7.87686736,-1.74000000,,德业股份
2022-04-26,605117,20.60000000,21.19000000,21.92000000,20.04000000,,18862.00000000,8.87210949,4.12776413,0.84000000,,德业股份
2022-04-27,605117,20.75000000,23.85000000,23.85000000,20.48000000,,14375.00000000,14.12997904,12.55309108,2.66000000,,德业股份
2022-04-28,605117,23.80000000,25.10000000,25.94000000,23.51000000,,27368.00000000,9.68127490,5.24109015,1.25000000,,德业股份
2022-04-29,605117,24.74000000,26.55000000,28.06000000,23.80000000,,27218.00000000,16.04519774,5.77689243,1.45000000,,德业股份
2022-05-05,605117,27.16000000,26.63000000,27.66000000,25.68000000,,16640.00000000,7.43522343,0.30131827,0.08000000,,德业股份
2022-05-06,605117,25.83000000,26.25000000,27.71000000,25.16000000,,10386.00000000,9.71428571,-1.42696207,-0.38000000,,德业股份
2022-05-09,605117,26.55000000,27.41000000,27.71000000,26.12000000,,11948.00000000,5.80080263,4.41904762,1.16000000,,德业股份
2022-05-10,605117,26.60000000,28.70000000,30.15000000,26.55000000,,21312.00000000,12.54355401,4.70631157,1.29000000,,德业股份
2022-05-11,605117,28.77000000,31.63000000,31.95000000,28.72000000,,23648.00000000,10.21182422,10.20905923,2.93000000,,德业股份
2022-05-12,605117,31.47000000,29.75000000,31.47000000,29.06000000,,21139.00000000,8.10084034,-5.94372431,-1.88000000,,德业股份
2022-05-13,605117,29.75000000,29.36000000,30.03000000,28.15000000,,17740.00000000,6.40326975,-1.31092437,-0.39000000,,德业股份
2022-05-16,605117,29.22000000,29.27000000,30.08000000,28.72000000,,8631.00000000,4.64639563,-0.30653951,-0.09000000,,德业股份
2022-05-17,605117,29.44000000,29.68000000,30.29000000,29.01000000,,14148.00000000,4.31266846,1.40075162,0.41000000,,德业股份
2022-05-18,605117,30.16000000,30.44000000,31.25000000,29.59000000,,14276.00000000,5.45335085,2.56064690,0.76000000,,德业股份
2022-05-19,605117,29.85000000,32.83000000,33.06000000,29.64000000,,21399.00000000,10.41730125,7.85151117,2.39000000,,德业股份
2022-05-20,605117,33.05000000,32.56000000,33.05000000,31.03000000,,14597.00000000,6.20393120,-0.82241852,-0.27000000,,德业股份
2022-05-23,605117,32.89000000,32.57000000,33.35000000,31.63000000,,15971.00000000,5.28093337,0.03071253,0.01000000,,德业股份
2022-05-24,605117,32.49000000,31.32000000,33.15000000,31.14000000,,16885.00000000,6.41762452,-3.83788763,-1.25000000,,德业股份
2022-05-25,605117,31.39000000,32.28000000,32.67000000,30.74000000,,12498.00000000,5.97893432,3.06513410,0.96000000,,德业股份
2022-05-26,605117,32.44000000,33.93000000,35.26000000,32.44000000,,17714.00000000,8.31122900,5.11152416,1.65000000,,德业股份
2022-05-27,605117,34.02000000,33.84000000,34.51000000,32.63000000,,20668.00000000,5.55555556,-0.26525199,-0.09000000,,德业股份
2022-05-30,605117,33.93000000,34.81000000,35.66000000,33.21000000,,19919.00000000,7.03820741,2.86643026,0.97000000,,德业股份
2022-05-31,605117,35.05000000,36.07000000,36.27000000,34.31000000,,26761.00000000,5.43387857,3.61964953,1.26000000,,德业股份
2022-06-01,605117,36.02000000,34.24000000,36.17000000,34.05000000,,21396.00000000,6.19158879,-5.07346826,-1.83000000,,德业股份
2022-06-02,605117,34.20000000,34.77000000,35.05000000,33.86000000,,17307.00000000,3.42249065,1.54789720,0.53000000,,德业股份
2022-06-06,605117,34.45000000,37.26000000,37.64000000,34.24000000,,26653.00000000,9.12506710,7.16134599,2.49000000,,德业股份
2022-06-07,605117,37.40000000,37.18000000,38.49000000,36.49000000,,16931.00000000,5.37923615,-0.21470746,-0.08000000,,德业股份
2022-06-08,605117,36.88000000,36.24000000,36.88000000,35.44000000,,15646.00000000,3.97350993,-2.52824099,-0.94000000,,德业股份
2022-06-09,605117,36.24000000,35.71000000,36.25000000,35.11000000,,14774.00000000,3.19238309,-1.46247241,-0.53000000,,德业股份
2022-06-10,605117,35.26000000,36.78000000,37.28000000,35.26000000,,25347.00000000,5.49211528,2.99635956,1.07000000,,德业股份
2022-06-13,605117,35.93000000,36.47000000,36.86000000,35.66000000,,18227.00000000,3.29037565,-0.84284937,-0.31000000,,德业股份
2022-06-14,605117,36.06000000,35.37000000,36.06000000,33.68000000,,28715.00000000,6.72886627,-3.01617768,-1.10000000,,德业股份
2022-06-15,605117,35.36000000,34.17000000,36.06000000,34.04000000,,27983.00000000,5.91161838,-3.39270568,-1.20000000,,德业股份
2022-06-16,605117,34.24000000,36.47000000,37.02000000,34.04000000,,23237.00000000,8.17109953,6.73105063,2.30000000,,德业股份
2022-06-17,605117,36.14000000,38.72000000,38.77000000,35.82000000,,25834.00000000,7.61880165,6.16945435,2.25000000,,德业股份
2022-06-20,605117,39.62000000,42.52000000,43.11000000,39.08000000,,38525.00000000,9.47789276,9.81404959,3.80000000,,德业股份
2022-06-21,605117,42.54000000,42.52000000,42.75000000,41.09000000,,25892.00000000,3.90404516,0.00000000,0.00000000,,德业股份
2022-06-22,605117,41.73000000,45.92000000,47.12000000,41.73000000,,34712.00000000,11.73780488,7.99623706,3.40000000,,德业股份
2022-06-23,605117,46.43000000,46.80000000,46.84000000,44.91000000,,33666.00000000,4.12393162,1.91637631,0.88000000,,德业股份
2022-06-24,605117,46.59000000,46.36000000,47.78000000,45.38000000,,23613.00000000,5.17687662,-0.94017094,-0.44000000,,德业股份
2022-06-27,605117,46.19000000,50.44000000,50.44000000,46.19000000,,33475.00000000,8.42585250,8.80069025,4.08000000,,德业股份
2022-06-28,605117,49.99000000,49.02000000,50.24000000,48.12000000,,17676.00000000,4.32476540,-2.81522601,-1.42000000,,德业股份
2022-06-29,605117,48.47000000,48.53000000,49.63000000,47.24000000,,20103.00000000,4.92478879,-0.99959200,-0.49000000,,德业股份
2022-06-30,605117,47.57000000,51.43000000,52.49000000,47.57000000,,23323.00000000,9.56640093,5.97568514,2.90000000,,德业股份
2022-07-01,605117,51.05000000,49.99000000,52.26000000,49.43000000,,24857.00000000,5.66113223,-2.79992222,-1.44000000,,德业股份
2022-07-04,605117,50.95000000,53.48000000,55.51000000,49.83000000,,45943.00000000,10.62079282,6.98139628,3.49000000,,德业股份
2022-07-05,605117,53.69000000,50.24000000,53.84000000,48.82000000,,46370.00000000,9.99203822,-6.05833957,-3.24000000,,德业股份
2022-07-06,605117,49.57000000,52.68000000,53.12000000,49.57000000,,29241.00000000,6.73880030,4.85668790,2.44000000,,德业股份
2022-07-07,605117,52.79000000,58.47000000,58.47000000,51.09000000,,44325.00000000,12.62185736,10.99088838,5.79000000,,德业股份
2022-07-08,605117,57.61000000,52.10000000,57.61000000,52.10000000,,37344.00000000,10.57581574,-10.89447580,-6.37000000,,德业股份
2022-07-11,605117,50.24000000,54.71000000,55.30000000,50.24000000,,37653.00000000,9.24876622,5.00959693,2.61000000,,德业股份
2022-07-12,605117,53.42000000,50.64000000,55.30000000,49.73000000,,29215.00000000,10.99921011,-7.43922500,-4.07000000,,德业股份
2022-07-13,605117,50.99000000,54.55000000,55.80000000,50.99000000,,33013.00000000,8.81759853,7.72116904,3.91000000,,德业股份
2022-07-14,605117,54.49000000,55.49000000,56.51000000,53.48000000,,26194.00000000,5.46044332,1.72318973,0.94000000,,德业股份
2022-07-15,605117,55.50000000,59.23000000,61.17000000,55.36000000,,32458.00000000,9.80921830,6.73995314,3.74000000,,德业股份
2022-07-18,605117,60.56000000,59.47000000,61.17000000,58.25000000,,22253.00000000,4.91003867,0.40520007,0.24000000,,德业股份
2022-07-19,605117,59.35000000,57.73000000,60.95000000,56.73000000,,19057.00000000,7.30989087,-2.92584496,-1.74000000,,德业股份
2022-07-20,605117,57.12000000,58.89000000,59.59000000,55.68000000,,21612.00000000,6.63949737,2.00935389,1.16000000,,德业股份
2022-07-21,605117,58.74000000,57.53000000,59.32000000,55.70000000,,15195.00000000,6.29236920,-2.30939039,-1.36000000,,德业股份
2022-07-22,605117,57.56000000,56.25000000,57.56000000,55.15000000,,21061.00000000,4.28444444,-2.22492613,-1.28000000,,德业股份
2022-07-25,605117,56.69000000,55.74000000,57.02000000,54.15000000,,11949.00000000,5.14890563,-0.90666667,-0.51000000,,德业股份
2022-07-26,605117,55.76000000,57.27000000,59.00000000,55.27000000,,15968.00000000,6.51300856,2.74488698,1.53000000,,德业股份
2022-07-27,605117,57.70000000,60.00000000,60.56000000,57.35000000,,24983.00000000,5.35000000,4.76689366,2.73000000,,德业股份
2022-07-28,605117,62.58000000,60.39000000,62.79000000,57.12000000,,23065.00000000,9.38897168,0.65000000,0.39000000,,德业股份
2022-07-29,605117,62.79000000,62.41000000,66.84000000,61.19000000,,33582.00000000,9.05303637,3.34492466,2.02000000,,德业股份
2022-08-01,605117,61.37000000,62.20000000,62.73000000,58.97000000,,21322.00000000,6.04501608,-0.33648454,-0.21000000,,德业股份
2022-08-02,605117,60.63000000,66.67000000,67.65000000,59.97000000,,29805.00000000,11.51942403,7.18649518,4.47000000,,德业股份
2022-08-03,605117,67.24000000,64.41000000,68.26000000,62.44000000,,28204.00000000,9.03586400,-3.38983051,-2.26000000,,德业股份
2022-08-04,605117,63.60000000,64.61000000,65.52000000,61.98000000,,18905.00000000,5.47902801,0.31051079,0.20000000,,德业股份
2022-08-05,605117,64.68000000,64.59000000,66.03000000,64.02000000,,12213.00000000,3.11193683,-0.03095496,-0.02000000,,德业股份
2022-08-08,605117,64.61000000,64.53000000,65.62000000,61.59000000,,13488.00000000,6.24515729,-0.09289364,-0.06000000,,德业股份
2022-08-09,605117,64.61000000,66.24000000,67.96000000,63.44000000,,15629.00000000,6.82367150,2.64993026,1.71000000,,德业股份
2022-08-10,605117,65.99000000,68.25000000,69.69000000,65.02000000,,15109.00000000,6.84249084,3.03442029,2.01000000,,德业股份
2022-08-11,605117,68.35000000,68.05000000,69.60000000,66.36000000,,12141.00000000,4.76120500,-0.29304029,-0.20000000,,德业股份
2022-08-12,605117,67.04000000,66.09000000,67.85000000,66.05000000,,7761.00000000,2.72355878,-2.88023512,-1.96000000,,德业股份
2022-08-15,605117,66.09000000,68.05000000,69.00000000,65.95000000,,12539.00000000,4.48199853,2.96565290,1.96000000,,德业股份
2022-08-16,605117,67.28000000,70.93000000,72.07000000,66.88000000,,15683.00000000,7.31707317,4.23218222,2.88000000,,德业股份
2022-08-17,605117,70.93000000,70.48000000,73.42000000,69.47000000,,16132.00000000,5.60442679,-0.63442831,-0.45000000,,德业股份
2022-08-18,605117,74.13000000,78.06000000,78.06000000,73.52000000,,24505.00000000,5.81603894,10.75482406,7.58000000,,德业股份
2022-08-19,605117,79.80000000,81.01000000,83.83000000,79.19000000,,42417.00000000,5.72768794,3.77914425,2.95000000,,德业股份
2022-08-22,605117,81.08000000,78.64000000,81.50000000,75.91000000,,29970.00000000,7.10834181,-2.92556475,-2.37000000,,德业股份
2022-08-23,605117,78.47000000,81.42000000,82.20000000,77.05000000,,30975.00000000,6.32522722,3.53509664,2.78000000,,德业股份
2022-08-24,605117,82.02000000,81.63000000,85.47000000,80.57000000,,19641.00000000,6.00269509,0.25792189,0.21000000,,德业股份
2022-08-25,605117,81.64000000,78.38000000,81.64000000,74.94000000,,24138.00000000,8.54809900,-3.98137939,-3.25000000,,德业股份
2022-08-26,605117,79.21000000,74.94000000,80.20000000,74.65000000,,22326.00000000,7.40592474,-4.38887471,-3.44000000,,德业股份
2022-08-29,605117,73.48000000,77.61000000,78.78000000,73.32000000,,24440.00000000,7.03517588,3.56285028,2.67000000,,德业股份
2022-08-30,605117,77.16000000,77.41000000,79.43000000,74.28000000,,18932.00000000,6.65288722,-0.25769875,-0.20000000,,德业股份
2022-08-31,605117,77.47000000,69.26000000,78.38000000,69.15000000,,40238.00000000,13.32659544,-10.52835551,-8.15000000,,德业股份
2022-09-01,605117,70.04000000,71.08000000,72.51000000,68.89000000,,26668.00000000,5.09285312,2.62777938,1.82000000,,德业股份
2022-09-02,605117,71.65000000,71.51000000,72.20000000,66.43000000,,36986.00000000,8.06880157,0.60495217,0.43000000,,德业股份
2022-09-05,605117,70.86000000,73.48000000,74.74000000,70.69000000,,23141.00000000,5.51170386,2.75485946,1.97000000,,德业股份
2022-09-06,605117,74.08000000,80.34000000,81.32000000,72.31000000,,29438.00000000,11.21483694,9.33587371,6.86000000,,德业股份
2022-09-07,605117,79.80000000,82.02000000,83.44000000,79.60000000,,18708.00000000,4.68178493,2.09111277,1.68000000,,德业股份
2022-09-08,605117,81.01000000,81.66000000,86.29000000,80.60000000,,16867.00000000,6.96791575,-0.43891734,-0.36000000,,德业股份
2022-09-09,605117,81.14000000,80.71000000,81.82000000,78.61000000,,12084.00000000,3.97720233,-1.16336027,-0.95000000,,德业股份
2022-09-13,605117,80.53000000,79.25000000,80.98000000,77.77000000,,12518.00000000,4.05047319,-1.80894561,-1.46000000,,德业股份
2022-09-14,605117,77.26000000,79.30000000,80.91000000,76.99000000,,11805.00000000,4.94325347,0.06309148,0.05000000,,德业股份
2022-09-15,605117,80.61000000,70.84000000,81.42000000,70.84000000,,27543.00000000,14.93506494,-10.66834805,-8.46000000,,德业股份
2022-09-16,605117,70.56000000,73.32000000,75.34000000,70.08000000,,25990.00000000,7.17403164,3.50084698,2.48000000,,德业股份
2022-09-19,605117,73.32000000,75.35000000,76.35000000,73.32000000,,19493.00000000,4.02123424,2.76868522,2.03000000,,德业股份
2022-09-20,605117,76.74000000,80.40000000,81.62000000,76.74000000,,24273.00000000,6.06965174,6.70205707,5.05000000,,德业股份
2022-09-21,605117,79.80000000,76.80000000,81.42000000,76.52000000,,19218.00000000,6.38020833,-4.47761194,-3.60000000,,德业股份
2022-09-22,605117,76.35000000,79.76000000,81.62000000,73.72000000,,21791.00000000,9.90471414,3.85416667,2.96000000,,德业股份
2022-09-23,605117,79.59000000,78.18000000,81.13000000,75.66000000,,19142.00000000,6.99667434,-1.98094283,-1.58000000,,德业股份
2022-09-26,605117,77.16000000,86.52000000,86.52000000,76.76000000,,29756.00000000,11.28062876,10.66768995,8.34000000,,德业股份
2022-09-27,605117,87.09000000,85.39000000,87.09000000,83.44000000,,18146.00000000,4.27450521,-1.30605640,-1.13000000,,德业股份
2022-09-28,605117,85.27000000,84.05000000,86.85000000,82.63000000,,22438.00000000,5.02082094,-1.56927041,-1.34000000,,德业股份
2022-09-29,605117,83.85000000,82.83000000,83.88000000,78.60000000,,21296.00000000,6.37450199,-1.45151695,-1.22000000,,德业股份
2022-09-30,605117,81.76000000,79.84000000,83.19000000,78.18000000,,16788.00000000,6.27505010,-3.60980321,-2.99000000,,德业股份
2022-10-10,605117,78.59000000,77.56000000,81.95000000,75.75000000,,21331.00000000,7.99381124,-2.85571142,-2.28000000,,德业股份
2022-10-11,605117,78.78000000,78.80000000,81.28000000,77.29000000,,23189.00000000,5.06345178,1.59876225,1.24000000,,德业股份
2022-10-12,605117,78.92000000,79.70000000,80.00000000,74.11000000,,32176.00000000,7.39021330,1.14213198,0.90000000,,德业股份
2022-10-13,605117,78.95000000,78.18000000,81.82000000,77.77000000,,23302.00000000,5.18035303,-1.90715182,-1.52000000,,德业股份
2022-10-14,605117,79.57000000,75.86000000,80.61000000,72.16000000,,33698.00000000,11.13894015,-2.96751087,-2.32000000,,德业股份
2022-10-17,605117,78.54000000,75.34000000,78.76000000,70.36000000,,33475.00000000,11.14945580,-0.68547324,-0.52000000,,德业股份
2022-10-18,605117,74.53000000,75.44000000,77.75000000,74.30000000,,21765.00000000,4.57317073,0.13273162,0.10000000,,德业股份
2022-10-19,605117,73.91000000,73.54000000,76.66000000,73.05000000,,21935.00000000,4.90889312,-2.51855779,-1.90000000,,德业股份
2022-10-20,605117,73.32000000,70.65000000,73.32000000,67.85000000,,29545.00000000,7.74239207,-3.92983410,-2.89000000,,德业股份
2022-10-21,605117,69.88000000,71.38000000,72.63000000,69.27000000,,17743.00000000,4.70720090,1.03326256,0.73000000,,德业股份
2022-10-24,605117,70.81000000,70.68000000,71.95000000,69.47000000,,12119.00000000,3.50877193,-0.98066685,-0.70000000,,德业股份
2022-10-25,605117,70.46000000,72.99000000,74.37000000,69.14000000,,24335.00000000,7.16536512,3.26825127,2.31000000,,德业股份
2022-10-26,605117,73.03000000,71.50000000,73.03000000,70.48000000,,22725.00000000,3.56643357,-2.04137553,-1.49000000,,德业股份
2022-10-27,605117,72.30000000,68.26000000,74.59000000,67.65000000,,31030.00000000,10.16700850,-4.53146853,-3.24000000,,德业股份
2022-10-28,605117,66.83000000,66.03000000,69.67000000,65.83000000,,32328.00000000,5.81553839,-3.26692060,-2.23000000,,德业股份
2022-10-31,605117,66.73000000,61.00000000,67.65000000,59.74000000,,53398.00000000,12.96721311,-7.61774951,-5.03000000,,德业股份
2022-11-01,605117,62.16000000,61.17000000,62.67000000,59.55000000,,39187.00000000,5.10053948,0.27868852,0.17000000,,德业股份
2022-11-02,605117,60.48000000,65.33000000,65.53000000,60.36000000,,40986.00000000,7.91366906,6.80071931,4.16000000,,德业股份
2022-11-03,605117,64.41000000,70.40000000,72.38000000,64.05000000,,47604.00000000,11.83238636,7.76060003,5.07000000,,德业股份
2022-11-04,605117,70.38000000,73.12000000,73.93000000,70.18000000,,29189.00000000,5.12855580,3.86363636,2.72000000,,德业股份
2022-11-07,605117,73.12000000,74.65000000,75.46000000,72.83000000,,19179.00000000,3.52310784,2.09245077,1.53000000,,德业股份
2022-11-08,605117,74.51000000,72.93000000,75.21000000,71.95000000,,23657.00000000,4.47003976,-2.30408573,-1.72000000,,德业股份
2022-11-09,605117,73.69000000,71.94000000,73.91000000,71.09000000,,12582.00000000,3.91993328,-1.35746606,-0.99000000,,德业股份
2022-11-10,605117,71.90000000,69.00000000,72.57000000,67.65000000,,23660.00000000,7.13043478,-4.08673895,-2.94000000,,德业股份
2022-11-11,605117,71.47000000,71.20000000,72.89000000,70.68000000,,18350.00000000,3.10393258,3.18840580,2.20000000,,德业股份
2022-11-14,605117,70.68000000,67.45000000,71.29000000,66.13000000,,26290.00000000,7.65011119,-5.26685393,-3.75000000,,德业股份
2022-11-15,605117,66.94000000,66.90000000,68.66000000,64.94000000,,30316.00000000,5.56053812,-0.81541883,-0.55000000,,德业股份
2022-11-16,605117,67.45000000,66.54000000,68.26000000,65.62000000,,15602.00000000,3.96753832,-0.53811659,-0.36000000,,德业股份
2022-11-17,605117,65.55000000,65.05000000,66.75000000,62.97000000,,19744.00000000,5.81091468,-2.23925458,-1.49000000,,德业股份
2022-11-18,605117,64.79000000,68.54000000,70.08000000,63.67000000,,27339.00000000,9.35220309,5.36510377,3.49000000,,德业股份
2022-11-21,605117,67.43000000,67.89000000,70.08000000,66.96000000,,15866.00000000,4.59566947,-0.94835133,-0.65000000,,德业股份
2022-11-22,605117,68.05000000,66.25000000,68.26000000,64.31000000,,18068.00000000,5.96226415,-2.41567241,-1.64000000,,德业股份
2022-11-23,605117,66.45000000,70.20000000,70.99000000,65.42000000,,23897.00000000,7.93447293,5.96226415,3.95000000,,德业股份
2022-11-24,605117,70.42000000,71.15000000,72.83000000,69.68000000,,23119.00000000,4.42726634,1.35327635,0.95000000,,德业股份
2022-11-25,605117,70.69000000,68.55000000,71.09000000,67.24000000,,18138.00000000,5.61633844,-3.65425158,-2.60000000,,德业股份
2022-11-28,605117,68.38000000,71.69000000,72.81000000,66.74000000,,32102.00000000,8.46701074,4.58059810,3.14000000,,德业股份
2022-11-29,605117,71.80000000,65.53000000,71.98000000,65.22000000,,33295.00000000,10.31588585,-8.59255126,-6.16000000,,德业股份
2022-11-30,605117,64.62000000,68.26000000,68.26000000,64.61000000,,23017.00000000,5.34720188,4.16603083,2.73000000,,德业股份
2022-12-01,605117,67.30000000,68.26000000,69.47000000,64.83000000,,23890.00000000,6.79753882,0.00000000,0.00000000,,德业股份
2022-12-02,605117,67.79000000,69.43000000,71.17000000,66.71000000,,20151.00000000,6.42373614,1.71403457,1.17000000,,德业股份
2022-12-05,605117,68.03000000,63.40000000,68.03000000,62.60000000,,39705.00000000,8.56466877,-8.68500648,-6.03000000,,德业股份
2022-12-06,605117,62.77000000,64.71000000,66.33000000,62.77000000,,25681.00000000,5.50146809,2.06624606,1.31000000,,德业股份
2022-12-07,605117,64.16000000,65.36000000,66.15000000,64.01000000,,21124.00000000,3.27417381,1.00448153,0.65000000,,德业股份
2022-12-08,605117,65.36000000,66.78000000,69.67000000,64.72000000,,19367.00000000,7.41239892,2.17258262,1.42000000,,德业股份
2022-12-09,605117,66.97000000,66.57000000,68.86000000,65.45000000,,39083.00000000,5.12242752,-0.31446541,-0.21000000,,德业股份
2022-12-12,605117,66.36000000,65.83000000,66.64000000,64.21000000,,24251.00000000,3.69132614,-1.11161184,-0.74000000,,德业股份
2022-12-13,605117,66.07000000,63.06000000,66.28000000,62.59000000,,22719.00000000,5.85156993,-4.20780799,-2.77000000,,德业股份
2022-12-14,605117,62.62000000,60.59000000,63.44000000,60.34000000,,25177.00000000,5.11635583,-3.91690454,-2.47000000,,德业股份
2022-12-15,605117,61.17000000,62.12000000,62.14000000,60.15000000,,18445.00000000,3.20347714,2.52516917,1.53000000,,德业股份
2022-12-16,605117,60.97000000,60.00000000,61.48000000,59.55000000,,17377.00000000,3.21666667,-3.41274952,-2.12000000,,德业股份
2022-12-19,605117,59.61000000,59.25000000,61.47000000,58.93000000,,14258.00000000,4.28691983,-1.25000000,-0.75000000,,德业股份
2022-12-20,605117,58.76000000,60.76000000,62.11000000,58.35000000,,18826.00000000,6.18828176,2.54852321,1.51000000,,德业股份
2022-12-21,605117,60.63000000,58.91000000,60.74000000,58.58000000,,13310.00000000,3.66661008,-3.04476629,-1.85000000,,德业股份
2022-12-22,605117,59.35000000,58.15000000,59.85000000,57.12000000,,11133.00000000,4.69475494,-1.29010355,-0.76000000,,德业股份
2022-12-23,605117,57.73000000,55.69000000,58.68000000,55.19000000,,23883.00000000,6.26683426,-4.23043852,-2.46000000,,德业股份
2022-12-26,605117,55.58000000,61.06000000,61.17000000,55.26000000,,24554.00000000,9.67900426,9.64266475,5.37000000,,德业股份
2022-12-27,605117,60.64000000,61.76000000,61.78000000,58.54000000,,24737.00000000,5.24611399,1.14641336,0.70000000,,德业股份
2022-12-28,605117,60.57000000,61.33000000,61.97000000,59.22000000,,20997.00000000,4.48393934,-0.69624352,-0.43000000,,德业股份
2022-12-29,605117,62.18000000,61.24000000,64.39000000,60.97000000,,18943.00000000,5.58458524,-0.14674711,-0.09000000,,德业股份
2022-12-30,605117,61.51000000,61.82000000,64.04000000,60.56000000,,21922.00000000,5.62924620,0.94709340,0.58000000,,德业股份
2023-01-03,605117,61.98000000,60.81000000,62.56000000,59.96000000,,32790.00000000,4.27561256,-1.63377548,-1.01000000,,德业股份
2023-01-04,605117,61.57000000,58.94000000,62.14000000,57.97000000,,34098.00000000,7.07499152,-3.07515211,-1.87000000,,德业股份
2023-01-05,605117,58.88000000,61.35000000,61.68000000,57.32000000,,30420.00000000,7.10676447,4.08890397,2.41000000,,德业股份
2023-01-06,605117,60.62000000,66.06000000,67.45000000,60.18000000,,37844.00000000,11.00514684,7.67726161,4.71000000,,德业股份
2023-01-09,605117,67.04000000,61.48000000,67.08000000,60.26000000,,49129.00000000,11.09303839,-6.93309113,-4.58000000,,德业股份
2023-01-10,605117,63.51000000,64.41000000,65.20000000,62.53000000,,36154.00000000,4.14531905,4.76577749,2.93000000,,德业股份
2023-01-11,605117,64.59000000,60.56000000,64.78000000,59.66000000,,33931.00000000,8.45442536,-5.97733271,-3.85000000,,德业股份
2023-01-12,605117,60.42000000,59.44000000,61.15000000,59.35000000,,20168.00000000,3.02826380,-1.84940555,-1.12000000,,德业股份
2023-01-13,605117,59.65000000,57.90000000,59.85000000,56.85000000,,22805.00000000,5.18134715,-2.59084791,-1.54000000,,德业股份
2023-01-16,605117,57.90000000,57.97000000,59.04000000,56.78000000,,30408.00000000,3.89856822,0.12089810,0.07000000,,德业股份
2023-01-17,605117,57.90000000,62.79000000,63.37000000,57.17000000,,40341.00000000,9.87418379,8.31464551,4.82000000,,德业股份
2023-01-18,605117,62.59000000,62.60000000,62.95000000,61.28000000,,16900.00000000,2.66773163,-0.30259595,-0.19000000,,德业股份
2023-01-19,605117,62.39000000,60.83000000,62.59000000,59.85000000,,18995.00000000,4.50435640,-2.82747604,-1.77000000,,德业股份
2023-01-20,605117,60.01000000,61.00000000,61.46000000,59.65000000,,20154.00000000,2.96721311,0.27946737,0.17000000,,德业股份
2023-01-30,605117,61.78000000,62.69000000,64.37000000,61.58000000,,22608.00000000,4.45047057,2.77049180,1.69000000,,德业股份
2023-01-31,605117,62.57000000,65.36000000,66.48000000,62.19000000,,28126.00000000,6.56364749,4.25905248,2.67000000,,德业股份
2023-02-01,605117,65.25000000,62.75000000,66.03000000,60.97000000,,32608.00000000,8.06374502,-3.99326805,-2.61000000,,德业股份
2023-02-02,605117,62.18000000,61.93000000,62.99000000,61.46000000,,17211.00000000,2.47053124,-1.30677291,-0.82000000,,德业股份
2023-02-03,605117,61.51000000,61.08000000,62.10000000,59.79000000,,18200.00000000,3.78192534,-1.37251736,-0.85000000,,德业股份
2023-02-06,605117,61.30000000,60.06000000,61.80000000,59.21000000,,16347.00000000,4.31235431,-1.66994106,-1.02000000,,德业股份
2023-02-07,605117,60.06000000,59.93000000,60.54000000,59.21000000,,15773.00000000,2.21925580,-0.21645022,-0.13000000,,德业股份
2023-02-08,605117,59.90000000,58.80000000,59.95000000,58.55000000,,16118.00000000,2.38095238,-1.88553312,-1.13000000,,德业股份
2023-02-09,605117,58.59000000,59.21000000,60.56000000,58.23000000,,15590.00000000,3.93514609,0.69727891,0.41000000,,德业股份
2023-02-10,605117,58.97000000,58.79000000,59.35000000,58.34000000,,10702.00000000,1.71797925,-0.70933964,-0.42000000,,德业股份
2023-02-13,605117,58.84000000,59.50000000,60.15000000,58.34000000,,16804.00000000,3.04201681,1.20768838,0.71000000,,德业股份
2023-02-14,605117,59.16000000,58.07000000,59.50000000,57.53000000,,18115.00000000,3.39245738,-2.40336134,-1.43000000,,德业股份
2023-02-15,605117,57.72000000,57.12000000,58.42000000,56.95000000,,13509.00000000,2.57352941,-1.63595660,-0.95000000,,德业股份
2023-02-16,605117,56.79000000,57.32000000,58.05000000,55.83000000,,15481.00000000,3.87299372,0.35014006,0.20000000,,德业股份
2023-02-17,605117,57.07000000,54.64000000,57.07000000,54.63000000,,21365.00000000,4.46559297,-4.67550593,-2.68000000,,德业股份
2023-02-20,605117,54.16000000,58.41000000,59.82000000,53.51000000,,36005.00000000,10.80294470,6.89970717,3.77000000,,德业股份
2023-02-21,605117,58.20000000,59.32000000,59.55000000,56.72000000,,22760.00000000,4.77073500,1.55795241,0.91000000,,德业股份
2023-02-22,605117,58.77000000,58.37000000,60.32000000,57.77000000,,16317.00000000,4.36868254,-1.60148348,-0.95000000,,德业股份
2023-02-23,605117,57.91000000,60.89000000,61.16000000,57.91000000,,29245.00000000,5.33749384,4.31728628,2.52000000,,德业股份
2023-02-24,605117,61.07000000,61.13000000,61.29000000,59.96000000,,14462.00000000,2.17569115,0.39415339,0.24000000,,德业股份
2023-02-27,605117,60.80000000,60.95000000,63.57000000,60.16000000,,19692.00000000,5.59474979,-0.29445444,-0.18000000,,德业股份
2023-02-28,605117,61.04000000,61.76000000,62.79000000,60.56000000,,15672.00000000,3.61075130,1.32895816,0.81000000,,德业股份
2023-03-01,605117,61.58000000,59.33000000,61.58000000,58.96000000,,19543.00000000,4.41597843,-3.93458549,-2.43000000,,德业股份
2023-03-02,605117,59.25000000,57.55000000,59.94000000,57.33000000,,18878.00000000,4.53518679,-3.00016855,-1.78000000,,德业股份
2023-03-03,605117,57.20000000,56.31000000,58.34000000,55.50000000,,23310.00000000,5.04350915,-2.15464813,-1.24000000,,德业股份
2023-03-06,605117,56.57000000,60.89000000,61.33000000,55.30000000,,42129.00000000,9.90310396,8.13354644,4.58000000,,德业股份
2023-03-07,605117,61.58000000,62.59000000,63.96000000,60.23000000,,30908.00000000,5.95941844,2.79191986,1.70000000,,德业股份
2023-03-08,605117,62.18000000,61.90000000,64.54000000,60.81000000,,19903.00000000,6.02584814,-1.10241253,-0.69000000,,德业股份
2023-03-09,605117,62.56000000,62.05000000,63.15000000,60.90000000,,17710.00000000,3.62610798,0.24232633,0.15000000,,德业股份
2023-03-10,605117,61.60000000,62.28000000,62.89000000,59.48000000,,20069.00000000,5.47527296,0.37066882,0.23000000,,德业股份
2023-03-13,605117,61.53000000,60.85000000,62.24000000,60.34000000,,20375.00000000,3.12243221,-2.29608221,-1.43000000,,德业股份
2023-03-14,605117,60.97000000,58.15000000,61.57000000,56.51000000,,30025.00000000,8.70163371,-4.43714051,-2.70000000,,德业股份
2023-03-15,605117,57.73000000,56.89000000,60.23000000,56.52000000,,21436.00000000,6.52135700,-2.16680997,-1.26000000,,德业股份
2023-03-16,605117,55.85000000,50.68000000,56.29000000,50.68000000,,51926.00000000,11.06945541,-10.91580243,-6.21000000,,德业股份
2023-03-17,605117,49.43000000,48.82000000,50.84000000,48.65000000,,30146.00000000,4.48586645,-3.67008682,-1.86000000,,德业股份
2023-03-20,605117,48.43000000,49.07000000,50.40000000,46.61000000,,33543.00000000,7.72366008,0.51208521,0.25000000,,德业股份
2023-03-21,605117,49.06000000,48.62000000,49.73000000,46.80000000,,30552.00000000,6.02632661,-0.91705727,-0.45000000,,德业股份
2023-03-22,605117,49.02000000,47.40000000,49.16000000,47.40000000,,27670.00000000,3.71308017,-2.50925545,-1.22000000,,德业股份
2023-03-23,605117,46.96000000,45.63000000,47.36000000,45.60000000,,28598.00000000,3.85711155,-3.73417722,-1.77000000,,德业股份
2023-03-24,605117,45.38000000,46.88000000,47.76000000,44.37000000,,31442.00000000,7.23122867,2.73942582,1.25000000,,德业股份
2023-03-27,605117,46.44000000,47.20000000,48.13000000,45.89000000,,25200.00000000,4.74576271,0.68259386,0.32000000,,德业股份
2023-03-28,605117,47.20000000,45.70000000,47.37000000,45.62000000,,15790.00000000,3.82932166,-3.17796610,-1.50000000,,德业股份
2023-03-29,605117,45.58000000,45.84000000,46.75000000,44.98000000,,19824.00000000,3.86125654,0.30634573,0.14000000,,德业股份
2023-03-30,605117,45.69000000,46.95000000,47.77000000,44.97000000,,31092.00000000,5.96379127,2.42146597,1.11000000,,德业股份
2023-03-31,605117,46.19000000,46.99000000,48.51000000,46.19000000,,23389.00000000,4.93722069,0.08519702,0.04000000,,德业股份
2023-04-03,605117,47.00000000,46.89000000,48.67000000,46.04000000,,27627.00000000,5.60887183,-0.21281124,-0.10000000,,德业股份
2023-04-04,605117,46.52000000,45.34000000,46.80000000,44.77000000,,25403.00000000,4.47728275,-3.30560887,-1.55000000,,德业股份
2023-04-06,605117,45.18000000,46.06000000,46.59000000,44.51000000,,22002.00000000,4.51584889,1.58800176,0.72000000,,德业股份
2023-04-07,605117,45.70000000,45.08000000,46.29000000,44.93000000,,16525.00000000,3.01685892,-2.12765957,-0.98000000,,德业股份
2023-04-10,605117,45.29000000,47.21000000,47.60000000,44.87000000,,33107.00000000,5.78267316,4.72493345,2.13000000,,德业股份
2023-04-11,605117,49.02000000,50.04000000,51.45000000,47.63000000,,48785.00000000,7.63389289,5.99449269,2.83000000,,德业股份
2023-04-12,605117,49.43000000,48.27000000,50.58000000,48.01000000,,25641.00000000,5.32421794,-3.53717026,-1.77000000,,德业股份
2023-04-13,605117,47.81000000,47.98000000,48.97000000,46.90000000,,17613.00000000,4.31429762,-0.60078724,-0.29000000,,德业股份
2023-04-14,605117,47.42000000,49.52000000,50.33000000,47.05000000,,26023.00000000,6.62358643,3.20967070,1.54000000,,德业股份
2023-04-17,605117,49.05000000,48.63000000,51.06000000,48.42000000,,23863.00000000,5.42874769,-1.79725363,-0.89000000,,德业股份
2023-04-18,605117,49.47000000,51.83000000,53.17000000,47.87000000,,40485.00000000,10.22573799,6.58030023,3.20000000,,德业股份
2023-04-19,605117,51.02000000,51.02000000,52.23000000,50.54000000,,24507.00000000,3.31242650,-1.56280147,-0.81000000,,德业股份
2023-04-20,605117,51.03000000,48.64000000,51.31000000,48.26000000,,26942.00000000,6.27055921,-4.66483732,-2.38000000,,德业股份
2023-04-21,605117,49.21000000,47.04000000,49.59000000,46.85000000,,26264.00000000,5.82482993,-3.28947368,-1.60000000,,德业股份
2023-04-24,605117,46.79000000,44.38000000,46.79000000,43.76000000,,38039.00000000,6.82739973,-5.65476190,-2.66000000,,德业股份
2023-04-25,605117,44.92000000,43.55000000,45.86000000,43.08000000,,38831.00000000,6.38346728,-1.87021181,-0.83000000,,德业股份
2023-04-26,605117,43.96000000,48.43000000,48.43000000,43.19000000,,35965.00000000,10.81973983,11.20551091,4.88000000,,德业股份
2023-04-27,605117,49.93000000,49.35000000,50.10000000,47.81000000,,50156.00000000,4.64032421,1.89964898,0.92000000,,德业股份
2023-04-28,605117,50.08000000,45.64000000,50.57000000,45.36000000,,49571.00000000,11.41542507,-7.51773050,-3.71000000,,德业股份
2023-05-04,605117,44.97000000,47.06000000,49.14000000,43.86000000,,36412.00000000,11.21971951,3.11130587,1.42000000,,德业股份
2023-05-05,605117,46.67000000,45.48000000,47.56000000,44.73000000,,30047.00000000,6.22251539,-3.35741606,-1.58000000,,德业股份
2023-05-08,605117,45.46000000,44.47000000,45.68000000,43.76000000,,25235.00000000,4.31751743,-2.22075638,-1.01000000,,德业股份
2023-05-09,605117,44.40000000,43.54000000,44.47000000,43.37000000,,22344.00000000,2.52641249,-2.09129750,-0.93000000,,德业股份
2023-05-10,605117,43.42000000,41.91000000,43.54000000,40.39000000,,38857.00000000,7.51610594,-3.74368397,-1.63000000,,德业股份
2023-05-11,605117,41.85000000,43.35000000,45.01000000,41.59000000,,39578.00000000,7.88927336,3.43593414,1.44000000,,德业股份
2023-05-12,605117,42.76000000,41.94000000,43.42000000,41.91000000,,21630.00000000,3.60038150,-3.25259516,-1.41000000,,德业股份
2023-05-15,605117,41.94000000,45.94000000,46.15000000,41.74000000,,41561.00000000,9.59947758,9.53743443,4.00000000,,德业股份
2023-05-16,605117,45.78000000,46.29000000,47.88000000,45.28000000,,26748.00000000,5.61676388,0.76186330,0.35000000,,德业股份
2023-05-17,605117,46.96000000,46.28000000,47.18000000,45.48000000,,16938.00000000,3.67329300,-0.02160294,-0.01000000,,德业股份
2023-05-18,605117,45.78000000,45.61000000,46.49000000,44.72000000,,27174.00000000,3.88072791,-1.44770959,-0.67000000,,德业股份
2023-05-19,605117,45.32000000,45.54000000,46.35000000,44.85000000,,20399.00000000,3.29380764,-0.15347512,-0.07000000,,德业股份
2023-05-22,605117,45.87000000,45.39000000,46.23000000,44.60000000,,20473.00000000,3.59109936,-0.32938076,-0.15000000,,德业股份
2023-05-23,605117,45.83000000,45.30000000,45.84000000,44.06000000,,36099.00000000,3.92935982,-0.19828156,-0.09000000,,德业股份
2023-05-24,605117,44.80000000,47.84000000,48.79000000,44.62000000,,67559.00000000,8.71655518,5.60706402,2.54000000,,德业股份
2023-05-25,605117,47.51000000,50.56000000,51.88000000,46.94000000,,69850.00000000,9.77056962,5.68561873,2.72000000,,德业股份
2023-05-26,605117,49.88000000,48.43000000,50.25000000,48.14000000,,42813.00000000,4.35680363,-4.21281646,-2.13000000,,德业股份
2023-05-29,605117,48.14000000,45.96000000,48.43000000,44.86000000,,55516.00000000,7.76762402,-5.10014454,-2.47000000,,德业股份
2023-05-30,605117,45.51000000,45.25000000,47.11000000,44.97000000,,31343.00000000,4.72928177,-1.54482158,-0.71000000,,德业股份
2023-05-31,605117,44.91000000,44.58000000,45.25000000,43.14000000,,41060.00000000,4.73306415,-1.48066298,-0.67000000,,德业股份
2023-06-01,605117,43.69000000,43.10000000,44.58000000,43.03000000,,35226.00000000,3.59628770,-3.31987438,-1.48000000,,德业股份
2023-06-02,605117,43.14000000,43.64000000,44.74000000,43.14000000,,36667.00000000,3.66636114,1.25290023,0.54000000,,德业股份
2023-06-05,605117,43.65000000,42.08000000,43.98000000,41.69000000,,33889.00000000,5.44201521,-3.57470211,-1.56000000,,德业股份
2023-06-06,605117,42.02000000,41.91000000,42.72000000,41.32000000,,30781.00000000,3.34049153,-0.40399240,-0.17000000,,德业股份
2023-06-07,605117,41.58000000,40.63000000,41.91000000,40.13000000,,30654.00000000,4.38099926,-3.05416368,-1.28000000,,德业股份
2023-06-08,605117,40.55000000,39.86000000,41.34000000,39.85000000,,24796.00000000,3.73808329,-1.89515137,-0.77000000,,德业股份
2023-06-09,605117,39.90000000,40.34000000,40.95000000,39.32000000,,31631.00000000,4.04065444,1.20421475,0.48000000,,德业股份
2023-06-12,605117,40.35000000,42.02000000,42.50000000,39.13000000,,42165.00000000,8.01999048,4.16460089,1.68000000,,德业股份
2023-06-13,605117,41.63000000,43.11000000,43.14000000,41.14000000,,34730.00000000,4.63929483,2.59400286,1.09000000,,德业股份
2023-06-14,605117,42.96000000,42.05000000,43.25000000,42.05000000,,21013.00000000,2.85374554,-2.45882626,-1.06000000,,德业股份
2023-06-15,605117,41.91000000,45.97000000,46.28000000,41.69000000,,56025.00000000,9.98477268,9.32223543,3.92000000,,德业股份
2023-06-16,605117,46.97000000,48.97000000,49.52000000,46.12000000,,61148.00000000,6.94302634,6.52599521,3.00000000,,德业股份
2023-06-19,605117,48.68000000,48.46000000,49.70000000,47.85000000,,41372.00000000,3.81758151,-1.04145395,-0.51000000,,德业股份
2023-06-20,605117,48.46000000,48.48000000,49.08000000,47.57000000,,31964.00000000,3.11468647,0.04127115,0.02000000,,德业股份
2023-06-21,605117,48.30000000,48.21000000,49.60000000,48.06000000,,30459.00000000,3.19435802,-0.55693069,-0.27000000,,德业股份
2023-06-26,605117,47.49000000,48.84000000,50.25000000,46.61000000,,36690.00000000,7.45290745,1.30678283,0.63000000,,德业股份
2023-06-27,605117,48.83000000,48.28000000,50.17000000,47.33000000,,34447.00000000,5.88235294,-1.14660115,-0.56000000,,德业股份
2023-06-28,605117,48.92000000,49.22000000,49.59000000,48.15000000,,31707.00000000,2.92563998,1.94697597,0.94000000,,德业股份
2023-06-29,605117,49.33000000,49.04000000,50.25000000,48.61000000,,24553.00000000,3.34420881,-0.36570500,-0.18000000,,德业股份
2023-06-30,605117,49.11000000,49.72000000,50.25000000,47.88000000,,29064.00000000,4.76669348,1.38662316,0.68000000,,德业股份
2023-07-03,605117,50.65000000,53.73000000,55.15000000,50.65000000,,64597.00000000,8.37520938,8.06516492,4.01000000,,德业股份
2023-07-04,605117,53.16000000,53.89000000,55.68000000,52.22000000,,41949.00000000,6.42048618,0.29778522,0.16000000,,德业股份
2023-07-05,605117,53.53000000,52.73000000,54.20000000,51.62000000,,33824.00000000,4.89285037,-2.15253294,-1.16000000,,德业股份
2023-07-06,605117,53.00000000,52.59000000,53.48000000,51.91000000,,22805.00000000,2.98535843,-0.26550351,-0.14000000,,德业股份
2023-07-07,605117,52.03000000,51.49000000,53.82000000,51.42000000,,21805.00000000,4.66109924,-2.09165241,-1.10000000,,德业股份
2023-07-10,605117,48.06000000,47.65000000,48.21000000,45.86000000,,93000.00000000,4.93179433,-7.45775879,-3.84000000,,德业股份
2023-07-11,605117,49.39000000,48.88000000,49.51000000,47.12000000,,54184.00000000,4.88952537,2.58132214,1.23000000,,德业股份
2023-07-12,605117,48.54000000,48.92000000,50.21000000,46.62000000,,53540.00000000,7.33851186,0.08183306,0.04000000,,德业股份
2023-07-13,605117,48.24000000,47.33000000,49.64000000,46.90000000,,61640.00000000,5.78914008,-3.25020442,-1.59000000,,德业股份
2023-07-14,605117,46.95000000,47.42000000,47.70000000,46.32000000,,37241.00000000,2.91016449,0.19015424,0.09000000,,德业股份
2023-07-17,605117,46.62000000,46.24000000,46.63000000,44.56000000,,39389.00000000,4.47664360,-2.48840152,-1.18000000,,德业股份
2023-07-18,605117,46.14000000,44.76000000,46.20000000,44.55000000,,33233.00000000,3.68632708,-3.20069204,-1.48000000,,德业股份
2023-07-19,605117,44.29000000,43.65000000,44.56000000,43.33000000,,25101.00000000,2.81786942,-2.47989276,-1.11000000,,德业股份
2023-07-20,605117,43.66000000,43.20000000,44.25000000,43.03000000,,20364.00000000,2.82407407,-1.03092784,-0.45000000,,德业股份
2023-07-21,605117,43.22000000,42.59000000,43.27000000,42.09000000,,21392.00000000,2.77060343,-1.41203704,-0.61000000,,德业股份
2023-07-24,605117,42.23000000,41.94000000,43.24000000,41.79000000,,16133.00000000,3.45731998,-1.52617985,-0.65000000,,德业股份
2023-07-25,605117,42.50000000,41.99000000,42.96000000,41.79000000,,28677.00000000,2.78637771,0.11921793,0.05000000,,德业股份
2023-07-26,605117,41.82000000,42.06000000,42.73000000,41.20000000,,24272.00000000,3.63766049,0.16670636,0.07000000,,德业股份
2023-07-27,605117,42.05000000,41.83000000,42.52000000,41.76000000,,15880.00000000,1.81687784,-0.54683785,-0.23000000,,德业股份
2023-07-28,605117,41.50000000,42.22000000,42.32000000,40.81000000,,21987.00000000,3.57650403,0.93234521,0.39000000,,德业股份
2023-07-31,605117,42.41000000,40.85000000,42.67000000,40.48000000,,52449.00000000,5.36107711,-3.24490763,-1.37000000,,德业股份
2023-08-01,605117,40.56000000,39.72000000,40.66000000,39.33000000,,38840.00000000,3.34843907,-2.76621787,-1.13000000,,德业股份
2023-08-02,605117,39.61000000,38.59000000,39.97000000,38.27000000,,50726.00000000,4.40528634,-2.84491440,-1.13000000,,德业股份
2023-08-03,605117,38.22000000,38.07000000,39.15000000,37.85000000,,50855.00000000,3.41476228,-1.34749935,-0.52000000,,德业股份
2023-08-04,605117,38.07000000,38.34000000,38.66000000,37.73000000,,37359.00000000,2.42566510,0.70921986,0.27000000,,德业股份
2023-08-07,605117,38.30000000,36.45000000,38.39000000,36.29000000,,60719.00000000,5.76131687,-4.92957746,-1.89000000,,德业股份
2023-08-08,605117,37.15000000,34.86000000,37.28000000,34.76000000,,65590.00000000,7.22891566,-4.36213992,-1.59000000,,德业股份
2023-08-09,605117,34.48000000,33.87000000,34.58000000,33.78000000,,66478.00000000,2.36197225,-2.83993115,-0.99000000,,德业股份
2023-08-10,605117,34.00000000,36.19000000,37.31000000,34.00000000,,106746.00000000,9.14617298,6.84971952,2.32000000,,德业股份
2023-08-11,605117,35.95000000,34.00000000,35.95000000,33.96000000,,73256.00000000,5.85294118,-6.05139541,-2.19000000,,德业股份
2023-08-14,605117,33.85000000,32.88000000,34.00000000,32.39000000,,72494.00000000,4.89659367,-3.29411765,-1.12000000,,德业股份
2023-08-15,605117,32.85000000,31.85000000,33.38000000,31.30000000,,82202.00000000,6.53061224,-3.13260341,-1.03000000,,德业股份
2023-08-16,605117,31.92000000,31.04000000,32.32000000,30.97000000,,53887.00000000,4.34922680,-2.54317111,-0.81000000,,德业股份
2023-08-17,605117,30.68000000,30.53000000,31.07000000,30.21000000,,63291.00000000,2.81690141,-1.64304124,-0.51000000,,德业股份
2023-08-18,605117,30.43000000,29.78000000,31.00000000,29.70000000,,54730.00000000,4.36534587,-2.45660007,-0.75000000,,德业股份
2023-08-21,605117,29.59000000,28.64000000,29.94000000,28.51000000,,84034.00000000,4.99301676,-3.82807253,-1.14000000,,德业股份
2023-08-22,605117,28.89000000,27.83000000,29.01000000,26.84000000,,115798.00000000,7.79734100,-2.82821229,-0.81000000,,德业股份
2023-08-23,605117,27.87000000,27.08000000,27.98000000,26.64000000,,76945.00000000,4.94830133,-2.69493352,-0.75000000,,德业股份
2023-08-24,605117,27.55000000,27.76000000,29.04000000,27.02000000,,91460.00000000,7.27665706,2.51107829,0.68000000,,德业股份
2023-08-25,605117,27.40000000,27.49000000,28.23000000,27.10000000,,56104.00000000,4.11058567,-0.97262248,-0.27000000,,德业股份
2023-08-28,605117,29.48000000,27.68000000,29.79000000,27.53000000,,71850.00000000,8.16473988,0.69116042,0.19000000,,德业股份
2023-08-29,605117,27.65000000,29.27000000,29.28000000,27.37000000,,74472.00000000,6.52545268,5.74421965,1.59000000,,德业股份
2023-08-30,605117,29.04000000,29.53000000,30.39000000,28.64000000,,75075.00000000,5.92617677,0.88828152,0.26000000,,德业股份
2023-08-31,605117,29.25000000,28.82000000,29.63000000,28.31000000,,66373.00000000,4.58015267,-2.40433458,-0.71000000,,德业股份
2023-09-01,605117,28.90000000,28.56000000,29.02000000,28.37000000,,44775.00000000,2.27591036,-0.90215128,-0.26000000,,德业股份
2023-09-04,605117,28.56000000,28.50000000,28.92000000,27.72000000,,62512.00000000,4.21052632,-0.21008403,-0.06000000,,德业股份
2023-09-05,605117,28.49000000,27.90000000,28.65000000,27.55000000,,79147.00000000,3.94265233,-2.10526316,-0.60000000,,德业股份
2023-09-06,605117,27.70000000,26.95000000,27.73000000,26.56000000,,73325.00000000,4.34137291,-3.40501792,-0.95000000,,德业股份
2023-09-07,605117,27.05000000,25.46000000,27.05000000,25.43000000,,81887.00000000,6.36292223,-5.52875696,-1.49000000,,德业股份
2023-09-08,605117,25.16000000,24.39000000,25.57000000,24.37000000,,59355.00000000,4.92004920,-4.20267086,-1.07000000,,德业股份
2023-09-11,605117,24.66000000,24.88000000,25.35000000,23.93000000,,62357.00000000,5.70739550,2.00902009,0.49000000,,德业股份
2023-09-12,605117,24.88000000,24.89000000,25.24000000,24.55000000,,42299.00000000,2.77219767,0.04019293,0.01000000,,德业股份
2023-09-13,605117,24.70000000,24.53000000,24.88000000,24.17000000,,37370.00000000,2.89441500,-1.44636400,-0.36000000,,德业股份
2023-09-14,605117,24.50000000,24.06000000,24.50000000,24.02000000,,33586.00000000,1.99501247,-1.91602120,-0.47000000,,德业股份
2023-09-15,605117,24.24000000,23.43000000,24.24000000,23.28000000,,50492.00000000,4.09731114,-2.61845387,-0.63000000,,德业股份
2023-09-18,605117,23.39000000,23.99000000,24.54000000,23.15000000,,70955.00000000,5.79408087,2.39009816,0.56000000,,德业股份
2023-09-19,605117,23.87000000,23.52000000,24.42000000,23.28000000,,43445.00000000,4.84693878,-1.95914965,-0.47000000,,德业股份
2023-09-20,605117,23.55000000,22.99000000,23.65000000,22.92000000,,51043.00000000,3.17529361,-2.25340136,-0.53000000,,德业股份
2023-09-21,605117,22.84000000,22.91000000,24.01000000,22.73000000,,76443.00000000,5.58707988,-0.34797738,-0.08000000,,德业股份
2023-09-22,605117,22.93000000,23.37000000,23.43000000,22.80000000,,62510.00000000,2.69576380,2.00785683,0.46000000,,德业股份
2023-09-25,605117,23.24000000,23.13000000,23.50000000,22.37000000,,59503.00000000,4.88543018,-1.02695764,-0.24000000,,德业股份
2023-09-26,605117,23.20000000,23.19000000,23.86000000,22.92000000,,80008.00000000,4.05347132,0.25940337,0.06000000,,德业股份
2023-09-27,605117,23.19000000,23.80000000,24.62000000,22.95000000,,118545.00000000,7.01680672,2.63044416,0.61000000,,德业股份
2023-09-28,605117,23.76000000,23.44000000,23.98000000,23.25000000,,72210.00000000,3.11433447,-1.51260504,-0.36000000,,德业股份
2023-10-09,605117,23.27000000,23.13000000,23.36000000,22.82000000,,59747.00000000,2.33463035,-1.32252560,-0.31000000,,德业股份
2023-10-10,605117,23.26000000,22.44000000,23.39000000,22.40000000,,52240.00000000,4.41176471,-2.98313878,-0.69000000,,德业股份
2023-10-11,605117,22.65000000,22.45000000,23.39000000,22.34000000,,72805.00000000,4.67706013,0.04456328,0.01000000,,德业股份
2023-10-12,605117,22.51000000,23.27000000,23.55000000,22.38000000,,98083.00000000,5.02793296,3.65256125,0.82000000,,德业股份
2023-10-13,605117,23.04000000,22.49000000,23.04000000,21.99000000,,86835.00000000,4.66874166,-3.35195531,-0.78000000,,德业股份
2023-10-16,605117,22.48000000,21.71000000,22.48000000,21.56000000,,55330.00000000,4.23767849,-3.46820809,-0.78000000,,德业股份
2023-10-17,605117,22.08000000,21.91000000,22.31000000,21.64000000,,63262.00000000,3.05796440,0.92123445,0.20000000,,德业股份
2023-10-18,605117,21.71000000,21.34000000,21.74000000,21.17000000,,42900.00000000,2.67104030,-2.60155180,-0.57000000,,德业股份
2023-10-19,605117,20.88000000,21.46000000,21.89000000,20.87000000,,79449.00000000,4.75302889,0.56232427,0.12000000,,德业股份
2023-10-20,605117,21.06000000,21.97000000,22.52000000,20.95000000,,102763.00000000,7.14610833,2.37651445,0.51000000,,德业股份
2023-10-23,605117,21.90000000,20.88000000,21.91000000,20.66000000,,69458.00000000,5.98659004,-4.96131088,-1.09000000,,德业股份
2023-10-24,605117,21.04000000,20.98000000,21.31000000,20.37000000,,56420.00000000,4.48045758,0.47892720,0.10000000,,德业股份
2023-10-25,605117,21.17000000,20.37000000,21.56000000,20.31000000,,72542.00000000,6.13647521,-2.90753098,-0.61000000,,德业股份
2023-10-26,605117,19.81000000,20.27000000,20.47000000,19.64000000,,66085.00000000,4.09472126,-0.49091802,-0.10000000,,德业股份
2023-10-27,605117,20.15000000,21.62000000,21.95000000,19.81000000,,98051.00000000,9.89824237,6.66008880,1.35000000,,德业股份
2023-10-30,605117,21.33000000,21.54000000,21.64000000,20.76000000,,83830.00000000,4.08542247,-0.37002775,-0.08000000,,德业股份
2023-10-31,605117,21.39000000,20.41000000,21.58000000,20.27000000,,78350.00000000,6.41842234,-5.24605385,-1.13000000,,德业股份
2023-11-01,605117,20.55000000,20.03000000,20.85000000,19.97000000,,57666.00000000,4.39340989,-1.86183244,-0.38000000,,德业股份
2023-11-02,605117,20.15000000,19.41000000,20.21000000,19.41000000,,55588.00000000,4.12158681,-3.09535696,-0.62000000,,德业股份
2023-11-03,605117,19.35000000,20.95000000,21.31000000,19.35000000,,129601.00000000,9.35560859,7.93405461,1.54000000,,德业股份
2023-11-06,605117,21.20000000,22.22000000,22.65000000,20.96000000,,99127.00000000,7.60576058,6.06205251,1.27000000,,德业股份
2023-11-07,605117,22.01000000,22.35000000,22.46000000,21.71000000,,70074.00000000,3.35570470,0.58505851,0.13000000,,德业股份
2023-11-08,605117,22.35000000,22.50000000,22.84000000,22.04000000,,59878.00000000,3.55555556,0.67114094,0.15000000,,德业股份
2023-11-09,605117,22.45000000,22.57000000,23.14000000,22.25000000,,70504.00000000,3.94328755,0.31111111,0.07000000,,德业股份
2023-11-10,605117,22.41000000,22.17000000,22.43000000,21.91000000,,41444.00000000,2.34551195,-1.77226407,-0.40000000,,德业股份
2023-11-13,605117,22.22000000,22.33000000,22.62000000,22.08000000,,31885.00000000,2.41827138,0.72169599,0.16000000,,德业股份
2023-11-14,605117,22.18000000,21.97000000,22.47000000,21.71000000,,52143.00000000,3.45926263,-1.61218092,-0.36000000,,德业股份
2023-11-15,605117,22.51000000,22.52000000,23.14000000,22.34000000,,81365.00000000,3.55239787,2.50341375,0.55000000,,德业股份
2023-11-16,605117,22.25000000,21.52000000,22.43000000,21.51000000,,57892.00000000,4.27509294,-4.44049734,-1.00000000,,德业股份
2023-11-17,605117,21.45000000,21.77000000,22.00000000,21.35000000,,40474.00000000,2.98576022,1.16171004,0.25000000,,德业股份
2023-11-20,605117,21.90000000,21.80000000,22.26000000,21.24000000,,50751.00000000,4.67889908,0.13780432,0.03000000,,德业股份
2023-11-21,605117,21.68000000,21.17000000,21.98000000,21.06000000,,59810.00000000,4.34577232,-2.88990826,-0.63000000,,德业股份
2023-11-22,605117,21.13000000,20.37000000,21.14000000,20.37000000,,52565.00000000,3.78006873,-3.77893245,-0.80000000,,德业股份
2023-11-23,605117,20.36000000,20.10000000,20.47000000,19.98000000,,45342.00000000,2.43781095,-1.32547865,-0.27000000,,德业股份
2023-11-24,605117,20.17000000,19.46000000,20.17000000,19.45000000,,46467.00000000,3.69989723,-3.18407960,-0.64000000,,德业股份
2023-11-27,605117,19.31000000,18.78000000,19.56000000,18.65000000,,48050.00000000,4.84558040,-3.49434738,-0.68000000,,德业股份
2023-11-28,605117,18.78000000,18.90000000,18.94000000,18.42000000,,43694.00000000,2.75132275,0.63897764,0.12000000,,德业股份
2023-11-29,605117,18.80000000,18.58000000,18.94000000,18.49000000,,32867.00000000,2.42195910,-1.69312169,-0.32000000,,德业股份
2023-11-30,605117,18.49000000,18.20000000,18.59000000,18.01000000,,40252.00000000,3.18681319,-2.04520990,-0.38000000,,德业股份
2023-12-01,605117,18.18000000,17.78000000,18.18000000,17.53000000,,41433.00000000,3.65579303,-2.30769231,-0.42000000,,德业股份
2023-12-04,605117,17.81000000,17.44000000,17.97000000,17.23000000,,45507.00000000,4.24311927,-1.91226097,-0.34000000,,德业股份
2023-12-05,605117,17.34000000,16.99000000,17.65000000,16.99000000,,40685.00000000,3.88463802,-2.58027523,-0.45000000,,德业股份
2023-12-06,605117,16.99000000,17.71000000,18.47000000,16.90000000,,85602.00000000,8.86504800,4.23778693,0.72000000,,德业股份
2023-12-07,605117,17.71000000,17.25000000,17.71000000,17.01000000,,55262.00000000,4.05797101,-2.59740260,-0.46000000,,德业股份
2023-12-08,605117,17.45000000,17.06000000,17.63000000,17.06000000,,48985.00000000,3.34114889,-1.10144928,-0.19000000,,德业股份
2023-12-11,605117,16.90000000,16.94000000,17.02000000,16.47000000,,54442.00000000,3.24675325,-0.70339977,-0.12000000,,德业股份
2023-12-12,605117,16.94000000,16.34000000,17.08000000,16.31000000,,54851.00000000,4.71236230,-3.54191263,-0.60000000,,德业股份
2023-12-13,605117,16.29000000,15.62000000,16.31000000,15.45000000,,60216.00000000,5.50576184,-4.40636475,-0.72000000,,德业股份
2023-12-14,605117,15.81000000,15.53000000,16.29000000,15.51000000,,57436.00000000,5.02253703,-0.57618438,-0.09000000,,德业股份
2023-12-15,605117,15.93000000,16.47000000,17.53000000,15.93000000,,137152.00000000,9.71463267,6.05280103,0.94000000,,德业股份
2023-12-18,605117,16.45000000,16.44000000,17.37000000,16.06000000,,86870.00000000,7.96836983,-0.18214936,-0.03000000,,德业股份
2023-12-19,605117,16.30000000,17.42000000,18.44000000,16.18000000,,162890.00000000,12.97359357,5.96107056,0.98000000,,德业股份
2023-12-20,605117,17.33000000,17.42000000,18.07000000,17.19000000,,124067.00000000,5.05166475,0.00000000,0.00000000,,德业股份
2023-12-21,605117,17.30000000,19.64000000,19.64000000,17.30000000,,155553.00000000,11.91446029,12.74397245,2.22000000,,德业股份
2023-12-22,605117,19.99000000,21.94000000,22.08000000,19.68000000,,320053.00000000,10.93892434,11.71079430,2.30000000,,德业股份
2023-12-25,605117,21.73000000,22.73000000,23.09000000,21.66000000,,250882.00000000,6.29124505,3.60072926,0.79000000,,德业股份
2023-12-26,605117,22.59000000,24.84000000,25.01000000,22.22000000,,267181.00000000,11.23188406,9.28288605,2.11000000,,德业股份
2023-12-27,605117,24.23000000,24.68000000,24.99000000,23.60000000,,230064.00000000,5.63209076,-0.64412238,-0.16000000,,德业股份
2023-12-28,605117,24.07000000,25.83000000,27.63000000,23.74000000,,330285.00000000,15.06000774,4.65964344,1.15000000,,德业股份
2023-12-29,605117,25.20000000,25.80000000,26.05000000,24.74000000,,202936.00000000,5.07751938,-0.11614402,-0.03000000,,德业股份
2024-01-02,605117,25.10000000,24.06000000,25.10000000,24.01000000,,202077.00000000,4.53034081,-6.74418605,-1.74000000,,德业股份
2024-01-03,605117,24.36000000,24.23000000,24.62000000,23.78000000,,133717.00000000,3.46677672,0.70656692,0.17000000,,德业股份
2024-01-04,605117,23.85000000,23.65000000,24.49000000,23.37000000,,125440.00000000,4.73572939,-2.39372678,-0.58000000,,德业股份
2024-01-05,605117,23.56000000,23.08000000,24.03000000,22.73000000,,131725.00000000,5.63258232,-2.41014799,-0.57000000,,德业股份
2024-01-08,605117,22.92000000,24.48000000,25.02000000,22.92000000,,211366.00000000,8.57843137,6.06585789,1.40000000,,德业股份
2024-01-09,605117,24.20000000,24.30000000,25.58000000,23.40000000,,193647.00000000,8.97119342,-0.73529412,-0.18000000,,德业股份
2024-01-10,605117,24.00000000,27.21000000,27.21000000,23.86000000,,309159.00000000,12.31165013,11.97530864,2.91000000,,德业股份
2024-01-11,605117,26.58000000,28.97000000,29.58000000,26.47000000,,280436.00000000,10.73524336,6.46821022,1.76000000,,德业股份
2024-01-12,605117,28.57000000,27.73000000,29.11000000,27.62000000,,195132.00000000,5.37324198,-4.28028996,-1.24000000,,德业股份
2024-01-15,605117,27.71000000,27.77000000,28.78000000,27.12000000,,153688.00000000,5.97767375,0.14424811,0.04000000,,德业股份
2024-01-16,605117,27.33000000,27.22000000,27.80000000,26.45000000,,149409.00000000,4.95958854,-1.98055456,-0.55000000,,德业股份
2024-01-17,605117,26.67000000,27.21000000,28.13000000,26.51000000,,157910.00000000,5.95369350,-0.03673769,-0.01000000,,德业股份
2024-01-18,605117,26.93000000,29.07000000,29.07000000,26.92000000,,216216.00000000,7.39594083,6.83572216,1.86000000,,德业股份
2024-01-19,605117,28.75000000,25.68000000,28.92000000,25.68000000,,214200.00000000,12.61682243,-11.66150671,-3.39000000,,德业股份
2024-01-22,605117,24.37000000,25.54000000,26.96000000,24.16000000,,182927.00000000,10.96319499,-0.54517134,-0.14000000,,德业股份
2024-01-23,605117,25.54000000,24.90000000,26.93000000,24.01000000,,178362.00000000,11.72690763,-2.50587314,-0.64000000,,德业股份
2024-01-24,605117,24.86000000,25.19000000,25.41000000,24.01000000,,132777.00000000,5.55776102,1.16465863,0.29000000,,德业股份
2024-01-25,605117,24.75000000,23.68000000,24.85000000,22.62000000,,221143.00000000,9.41722973,-5.99444224,-1.51000000,,德业股份
2024-01-26,605117,23.28000000,23.10000000,24.36000000,23.07000000,,119833.00000000,5.58441558,-2.44932432,-0.58000000,,德业股份
2024-01-29,605117,23.03000000,20.31000000,23.03000000,20.31000000,,135018.00000000,13.39241753,-12.07792208,-2.79000000,,德业股份
2024-01-30,605117,19.28000000,21.09000000,22.30000000,19.27000000,,184051.00000000,14.36699858,3.84047267,0.78000000,,德业股份
2024-01-31,605117,21.15000000,19.84000000,21.15000000,19.75000000,,107441.00000000,7.05645161,-5.92697961,-1.25000000,,德业股份
2024-02-01,605117,19.64000000,21.35000000,22.31000000,19.60000000,,185662.00000000,12.69320843,7.61088710,1.51000000,,德业股份
2024-02-02,605117,21.26000000,20.33000000,21.62000000,19.71000000,,152944.00000000,9.39498278,-4.77751756,-1.02000000,,德业股份
2024-02-05,605117,20.40000000,18.84000000,20.72000000,18.61000000,,139139.00000000,11.19957537,-7.32907034,-1.49000000,,德业股份
2024-02-06,605117,18.36000000,20.29000000,20.63000000,17.91000000,,144061.00000000,13.40561853,7.69639066,1.45000000,,德业股份
2024-02-07,605117,20.80000000,21.91000000,22.37000000,20.80000000,,154797.00000000,7.16567777,7.98422868,1.62000000,,德业股份
2024-02-08,605117,21.82000000,22.07000000,22.57000000,20.41000000,,150036.00000000,9.78704123,0.73026016,0.16000000,,德业股份
2024-02-19,605117,21.46000000,22.55000000,22.76000000,21.13000000,,108035.00000000,7.22838137,2.17489805,0.48000000,,德业股份
2024-02-20,605117,22.28000000,21.86000000,22.28000000,21.05000000,,102197.00000000,5.62671546,-3.05986696,-0.69000000,,德业股份
2024-02-21,605117,21.53000000,23.65000000,24.52000000,21.16000000,,193976.00000000,14.20718816,8.18847210,1.79000000,,德业股份
2024-02-22,605117,23.57000000,23.95000000,24.58000000,23.28000000,,135208.00000000,5.42797495,1.26849894,0.30000000,,德业股份
2024-02-23,605117,24.36000000,24.42000000,25.41000000,23.71000000,,132549.00000000,6.96150696,1.96242171,0.47000000,,德业股份
2024-02-26,605117,23.83000000,23.69000000,24.20000000,23.17000000,,110303.00000000,4.34782609,-2.98935299,-0.73000000,,德业股份
2024-02-27,605117,23.28000000,24.74000000,24.82000000,23.17000000,,120941.00000000,6.66936136,4.43224989,1.05000000,,德业股份
2024-02-28,605117,25.03000000,24.52000000,26.74000000,24.19000000,,161133.00000000,10.39967374,-0.88924818,-0.22000000,,德业股份
2024-02-29,605117,24.03000000,25.72000000,25.76000000,23.65000000,,102492.00000000,8.20373250,4.89396411,1.20000000,,德业股份
2024-03-01,605117,25.58000000,26.62000000,26.99000000,25.10000000,,118937.00000000,7.09992487,3.49922240,0.90000000,,德业股份
2024-03-04,605117,26.59000000,27.06000000,28.18000000,26.27000000,,111752.00000000,7.05838877,1.65289256,0.44000000,,德业股份
2024-03-05,605117,26.70000000,26.24000000,27.51000000,26.20000000,,86139.00000000,4.99237805,-3.03030303,-0.82000000,,德业股份
2024-03-06,605117,26.01000000,27.58000000,28.93000000,25.49000000,,101421.00000000,12.47280638,5.10670732,1.34000000,,德业股份
2024-03-07,605117,27.29000000,26.36000000,27.95000000,26.36000000,,68371.00000000,6.03186646,-4.42349529,-1.22000000,,德业股份
2024-03-08,605117,26.67000000,29.48000000,29.48000000,26.67000000,,137469.00000000,9.53188602,11.83611533,3.12000000,,德业股份
2024-03-11,605117,30.93000000,32.91000000,32.91000000,30.26000000,,186475.00000000,8.05226375,11.63500678,3.43000000,,德业股份
2024-03-12,605117,32.91000000,34.32000000,35.29000000,32.24000000,,166107.00000000,8.88694639,4.28441203,1.41000000,,德业股份
2024-03-13,605117,33.70000000,32.60000000,34.21000000,32.09000000,,136437.00000000,6.50306748,-5.01165501,-1.72000000,,德业股份
2024-03-14,605117,32.03000000,31.30000000,32.76000000,31.07000000,,131382.00000000,5.39936102,-3.98773006,-1.30000000,,德业股份
2024-03-15,605117,31.15000000,30.75000000,31.54000000,30.06000000,,114123.00000000,4.81300813,-1.75718850,-0.55000000,,德业股份
2024-03-18,605117,30.98000000,32.97000000,32.97000000,30.45000000,,142045.00000000,7.64331210,7.21951220,2.22000000,,德业股份
2024-03-19,605117,32.39000000,31.58000000,33.27000000,31.48000000,,89162.00000000,5.66814440,-4.21595390,-1.39000000,,德业股份
2024-03-20,605117,31.30000000,31.84000000,32.95000000,31.01000000,,72051.00000000,6.09296482,0.82330589,0.26000000,,德业股份
2024-03-21,605117,31.30000000,30.15000000,31.54000000,29.84000000,,112712.00000000,5.63847430,-5.30778894,-1.69000000,,德业股份
2024-03-22,605117,29.99000000,29.84000000,30.46000000,29.56000000,,73012.00000000,3.01608579,-1.02819237,-0.31000000,,德业股份
2024-03-25,605117,29.55000000,30.16000000,30.93000000,29.18000000,,75884.00000000,5.80238727,1.07238606,0.32000000,,德业股份
2024-03-26,605117,29.88000000,32.31000000,32.47000000,29.62000000,,115995.00000000,8.82079851,7.12864721,2.15000000,,德业股份
2024-03-27,605117,31.85000000,30.25000000,33.33000000,30.22000000,,100464.00000000,10.28099174,-6.37573507,-2.06000000,,德业股份
2024-03-28,605117,29.92000000,29.53000000,30.90000000,28.93000000,,97112.00000000,6.67118185,-2.38016529,-0.72000000,,德业股份
2024-03-29,605117,29.13000000,28.03000000,29.88000000,27.80000000,,98786.00000000,7.42062076,-5.07958009,-1.50000000,,德业股份
2024-04-01,605117,28.03000000,31.31000000,31.31000000,28.02000000,,134775.00000000,10.50782498,11.70174813,3.28000000,,德业股份
2024-04-02,605117,31.66000000,31.63000000,32.17000000,30.93000000,,102405.00000000,3.92032880,1.02203769,0.32000000,,德业股份
2024-04-03,605117,31.44000000,30.25000000,31.48000000,29.77000000,,75363.00000000,5.65289256,-4.36294657,-1.38000000,,德业股份
2024-04-08,605117,30.13000000,29.48000000,30.25000000,28.86000000,,54763.00000000,4.71506106,-2.54545455,-0.77000000,,德业股份
2024-04-09,605117,29.37000000,29.66000000,30.27000000,29.28000000,,56933.00000000,3.33782873,0.61058345,0.18000000,,德业股份
2024-04-10,605117,29.44000000,27.37000000,29.51000000,26.56000000,,115132.00000000,10.77822433,-7.72083614,-2.29000000,,德业股份
2024-04-11,605117,27.14000000,27.56000000,27.99000000,26.14000000,,79052.00000000,6.71262700,0.69419072,0.19000000,,德业股份
2024-04-12,605117,27.14000000,26.20000000,27.45000000,26.19000000,,67427.00000000,4.80916031,-4.93468795,-1.36000000,,德业股份
2024-04-15,605117,26.22000000,26.86000000,27.97000000,26.22000000,,73698.00000000,6.51526433,2.51908397,0.66000000,,德业股份
2024-04-16,605117,26.34000000,25.13000000,26.55000000,25.10000000,,61700.00000000,5.76999602,-6.44080417,-1.73000000,,德业股份
2024-04-17,605117,25.27000000,25.54000000,25.92000000,25.10000000,,60106.00000000,3.21064996,1.63151612,0.41000000,,德业股份
2024-04-18,605117,25.10000000,25.87000000,26.82000000,24.51000000,,81678.00000000,8.92926169,1.29209084,0.33000000,,德业股份
2024-04-19,605117,25.67000000,25.10000000,25.67000000,24.21000000,,73816.00000000,5.81673307,-2.97642056,-0.77000000,,德业股份
2024-04-22,605117,24.74000000,26.00000000,26.71000000,24.39000000,,68634.00000000,8.92307692,3.58565737,0.90000000,,德业股份
2024-04-23,605117,26.54000000,26.30000000,27.42000000,25.94000000,,64420.00000000,5.62737643,1.15384615,0.30000000,,德业股份
2024-04-24,605117,26.01000000,26.91000000,26.91000000,25.65000000,,53649.00000000,4.68227425,2.31939163,0.61000000,,德业股份
2024-04-25,605117,26.49000000,27.79000000,28.45000000,25.11000000,,91854.00000000,12.01871177,3.27015979,0.88000000,,德业股份
2024-04-26,605117,27.47000000,28.44000000,28.86000000,27.25000000,,60069.00000000,5.66104079,2.33897085,0.65000000,,德业股份
2024-04-29,605117,28.38000000,30.06000000,30.70000000,28.27000000,,71364.00000000,8.08383234,5.69620253,1.62000000,,德业股份
2024-04-30,605117,30.06000000,29.29000000,30.34000000,29.04000000,,53405.00000000,4.43837487,-2.56154358,-0.77000000,,德业股份
2024-05-06,605117,30.03000000,30.41000000,30.76000000,29.54000000,,55661.00000000,4.01183821,3.82383066,1.12000000,,德业股份
2024-05-07,605117,30.13000000,30.09000000,31.12000000,29.84000000,,44662.00000000,4.25390495,-1.05228543,-0.32000000,,德业股份
2024-05-08,605117,30.00000000,29.00000000,30.16000000,28.95000000,,42293.00000000,4.17241379,-3.62246594,-1.09000000,,德业股份
2024-05-09,605117,29.29000000,30.83000000,31.86000000,29.18000000,,79636.00000000,8.69283166,6.31034483,1.83000000,,德业股份
2024-05-10,605117,31.08000000,31.48000000,31.87000000,30.31000000,,61851.00000000,4.95552732,2.10833604,0.65000000,,德业股份
2024-05-13,605117,30.97000000,31.18000000,32.79000000,30.97000000,,70335.00000000,5.83707505,-0.95298602,-0.30000000,,德业股份
2024-05-14,605117,30.81000000,31.26000000,31.67000000,30.81000000,,40404.00000000,2.75111964,0.25657473,0.08000000,,德业股份
2024-05-15,605117,31.26000000,29.64000000,32.25000000,29.51000000,,70160.00000000,9.24426451,-5.18234165,-1.62000000,,德业股份
2024-05-16,605117,29.48000000,29.48000000,30.08000000,29.17000000,,39648.00000000,3.08683853,-0.53981107,-0.16000000,,德业股份
2024-05-17,605117,28.97000000,28.57000000,29.04000000,28.28000000,,56414.00000000,2.66013301,-3.08683853,-0.91000000,,德业股份
2024-05-20,605117,28.57000000,30.07000000,30.13000000,28.57000000,,60998.00000000,5.18789491,5.25026251,1.50000000,,德业股份
2024-05-21,605117,30.06000000,29.47000000,30.06000000,29.31000000,,35519.00000000,2.54496098,-1.99534420,-0.60000000,,德业股份
2024-05-22,605117,29.92000000,31.59000000,32.17000000,29.75000000,,79422.00000000,7.66065211,7.19375636,2.12000000,,德业股份
2024-05-23,605117,31.52000000,31.26000000,31.85000000,30.96000000,,45451.00000000,2.84708893,-1.04463438,-0.33000000,,德业股份
2024-05-24,605117,31.30000000,30.15000000,31.95000000,30.05000000,,47408.00000000,6.30182421,-3.55086372,-1.11000000,,德业股份
2024-05-27,605117,30.20000000,30.52000000,30.53000000,29.43000000,,36585.00000000,3.60419397,1.22719735,0.37000000,,德业股份
2024-05-28,605117,30.21000000,31.67000000,32.17000000,30.15000000,,57056.00000000,6.37827597,3.76802097,1.15000000,,德业股份
2024-05-29,605117,31.70000000,31.28000000,34.51000000,31.24000000,,93309.00000000,10.45396419,-1.23144932,-0.39000000,,德业股份
2024-05-30,605117,31.47000000,30.58000000,32.47000000,30.35000000,,72256.00000000,6.93263571,-2.23785166,-0.70000000,,德业股份
2024-05-31,605117,30.58000000,30.43000000,30.80000000,29.59000000,,65095.00000000,3.97633914,-0.49051668,-0.15000000,,德业股份
2024-06-03,605117,29.91000000,30.18000000,30.76000000,29.18000000,,53003.00000000,5.23525514,-0.82155767,-0.25000000,,德业股份
2024-06-04,605117,30.23000000,32.82000000,33.49000000,29.90000000,,112369.00000000,10.93845216,8.74751491,2.64000000,,德业股份
2024-06-05,605117,32.82000000,32.06000000,33.34000000,31.98000000,,83826.00000000,4.24204616,-2.31566118,-0.76000000,,德业股份
2024-06-06,605117,32.06000000,30.98000000,32.37000000,30.79000000,,77168.00000000,5.10006456,-3.36868372,-1.08000000,,德业股份
2024-06-07,605117,31.01000000,29.69000000,31.40000000,29.15000000,,101214.00000000,7.57830920,-4.16397676,-1.29000000,,德业股份
2024-06-11,605117,29.44000000,30.42000000,30.52000000,29.00000000,,66307.00000000,4.99671269,2.45874032,0.73000000,,德业股份
2024-06-12,605117,30.17000000,28.73000000,30.22000000,28.42000000,,98388.00000000,6.26522798,-5.55555556,-1.69000000,,德业股份
2024-06-13,605117,29.66000000,32.00000000,32.00000000,29.66000000,,165862.00000000,7.31250000,11.38183084,3.27000000,,德业股份
2024-06-14,605117,31.70000000,31.46000000,32.30000000,30.35000000,,161746.00000000,6.19834711,-1.68750000,-0.54000000,,德业股份
2024-06-17,605117,31.26000000,32.09000000,32.84000000,31.12000000,,135441.00000000,5.35992521,2.00254291,0.63000000,,德业股份
2024-06-18,605117,32.09000000,34.57000000,34.89000000,32.04000000,,153299.00000000,8.24414232,7.72826426,2.48000000,,德业股份
2024-06-19,605117,34.58000000,35.08000000,35.66000000,34.25000000,,113183.00000000,4.01938426,1.47526757,0.51000000,,德业股份
2024-06-20,605117,34.76000000,36.33000000,36.80000000,34.68000000,,115227.00000000,5.83539774,3.56328392,1.25000000,,德业股份
2024-06-21,605117,36.29000000,35.31000000,36.55000000,35.27000000,,72294.00000000,3.62503540,-2.80759703,-1.02000000,,德业股份
2024-06-24,605117,34.83000000,34.51000000,36.04000000,34.39000000,,67292.00000000,4.78122283,-2.26564713,-0.80000000,,德业股份
2024-06-25,605117,34.51000000,33.58000000,34.79000000,33.12000000,,73434.00000000,4.97319833,-2.69487105,-0.93000000,,德业股份
2024-06-26,605117,33.70000000,33.10000000,33.74000000,32.72000000,,61034.00000000,3.08157100,-1.42942228,-0.48000000,,德业股份
2024-06-27,605117,33.12000000,33.06000000,33.67000000,32.50000000,,57752.00000000,3.53901996,-0.12084592,-0.04000000,,德业股份
2024-06-28,605117,32.98000000,33.91000000,34.70000000,32.55000000,,73865.00000000,6.34031259,2.57108288,0.85000000,,德业股份
2024-07-01,605117,34.51000000,34.45000000,35.56000000,33.74000000,,79380.00000000,5.28301887,1.59245060,0.54000000,,德业股份
2024-07-02,605117,34.00000000,33.33000000,34.25000000,32.78000000,,72349.00000000,4.41044104,-3.25108853,-1.12000000,,德业股份
2024-07-03,605117,33.08000000,33.54000000,34.09000000,32.78000000,,45909.00000000,3.90578414,0.63006301,0.21000000,,德业股份
2024-07-04,605117,33.53000000,31.91000000,34.00000000,30.76000000,,87027.00000000,10.15355688,-4.85986881,-1.63000000,,德业股份
2024-07-05,605117,33.74000000,34.30000000,34.70000000,33.28000000,,109789.00000000,4.13994169,7.48981510,2.39000000,,德业股份
2024-07-08,605117,34.30000000,34.69000000,35.74000000,34.15000000,,91359.00000000,4.58345344,1.13702624,0.39000000,,德业股份
2024-07-09,605117,35.01000000,34.94000000,35.02000000,33.35000000,,111189.00000000,4.77962221,0.72066878,0.25000000,,德业股份
2024-07-10,605117,34.25000000,33.38000000,34.77000000,33.24000000,,89189.00000000,4.58358298,-4.46479679,-1.56000000,,德业股份
2024-07-11,605117,33.64000000,37.12000000,37.12000000,32.72000000,,149351.00000000,11.85344828,11.20431396,3.74000000,,德业股份
2024-07-12,605117,37.90000000,39.30000000,40.88000000,37.90000000,,174353.00000000,7.58269720,5.87284483,2.18000000,,德业股份
2024-07-15,605117,38.36000000,41.33000000,41.64000000,38.36000000,,128396.00000000,7.93612388,5.16539440,2.03000000,,德业股份
2024-07-16,605117,41.14000000,42.07000000,42.47000000,40.54000000,,98784.00000000,4.58759211,1.79046697,0.74000000,,德业股份
2024-07-17,605117,41.90000000,40.88000000,42.92000000,40.54000000,,91094.00000000,5.82191781,-2.82861897,-1.19000000,,德业股份
2024-07-18,605117,40.87000000,42.90000000,44.17000000,39.97000000,,139892.00000000,9.79020979,4.94129159,2.02000000,,德业股份
2024-07-19,605117,42.44000000,44.94000000,44.97000000,41.97000000,,131763.00000000,6.67556742,4.75524476,2.04000000,,德业股份
2024-07-22,605117,44.97000000,45.25000000,47.39000000,44.95000000,,150627.00000000,5.39226519,0.68980863,0.31000000,,德业股份
2024-07-23,605117,45.07000000,45.04000000,46.24000000,44.58000000,,98821.00000000,3.68561279,-0.46408840,-0.21000000,,德业股份
2024-07-24,605117,44.54000000,45.92000000,46.90000000,44.20000000,,101919.00000000,5.87979094,1.95381883,0.88000000,,德业股份
2024-07-25,605117,45.63000000,46.93000000,49.45000000,45.41000000,,108855.00000000,8.60856595,2.19947735,1.01000000,,德业股份
2024-07-26,605117,46.16000000,45.14000000,47.09000000,44.30000000,,120055.00000000,6.18077093,-3.81419135,-1.79000000,,德业股份
2024-07-29,605117,44.98000000,45.13000000,45.89000000,44.42000000,,92125.00000000,3.25725681,-0.02215330,-0.01000000,,德业股份
2024-07-30,605117,45.12000000,45.13000000,45.73000000,43.94000000,,63615.00000000,3.96631952,0.00000000,0.00000000,,德业股份
2024-07-31,605117,45.76000000,45.48000000,45.83000000,43.28000000,,104300.00000000,5.60686016,0.77553734,0.35000000,,德业股份
2024-08-01,605117,44.97000000,46.65000000,47.01000000,44.59000000,,101809.00000000,5.18756699,2.57255937,1.17000000,,德业股份
2024-08-02,605117,46.50000000,45.42000000,47.13000000,44.35000000,,81674.00000000,6.12065170,-2.63665595,-1.23000000,,德业股份
2024-08-05,605117,44.51000000,43.55000000,45.73000000,43.55000000,,72728.00000000,5.00574053,-4.11712902,-1.87000000,,德业股份
2024-08-06,605117,43.95000000,46.93000000,47.33000000,43.95000000,,111404.00000000,7.20221607,7.76119403,3.38000000,,德业股份
2024-08-07,605117,46.50000000,46.86000000,48.40000000,46.19000000,,79685.00000000,4.71617584,-0.14915832,-0.07000000,,德业股份
2024-08-08,605117,47.01000000,45.76000000,47.17000000,44.85000000,,66475.00000000,5.06993007,-2.34741784,-1.10000000,,德业股份
2024-08-09,605117,45.99000000,45.16000000,46.14000000,44.84000000,,45064.00000000,2.87865368,-1.31118881,-0.60000000,,德业股份
2024-08-12,605117,45.33000000,44.11000000,45.69000000,43.23000000,,64162.00000000,5.57696667,-2.32506643,-1.05000000,,德业股份
2024-08-13,605117,44.30000000,44.44000000,45.22000000,43.47000000,,49262.00000000,3.93789379,0.74812968,0.33000000,,德业股份
2024-08-14,605117,44.06000000,43.46000000,44.51000000,43.12000000,,47531.00000000,3.19834330,-2.20522052,-0.98000000,,德业股份
2024-08-15,605117,43.69000000,43.02000000,43.78000000,42.75000000,,46582.00000000,2.39423524,-1.01242522,-0.44000000,,德业股份
2024-08-16,605117,42.56000000,42.16000000,42.92000000,42.01000000,,67090.00000000,2.15844402,-1.99907020,-0.86000000,,德业股份
2024-08-19,605117,42.16000000,42.93000000,43.69000000,41.97000000,,58426.00000000,4.00652225,1.82637571,0.77000000,,德业股份
2024-08-20,605117,42.93000000,43.26000000,44.14000000,42.69000000,,63652.00000000,3.35182617,0.76869322,0.33000000,,德业股份
2024-08-21,605117,42.92000000,42.50000000,42.98000000,42.02000000,,50487.00000000,2.25882353,-1.75681923,-0.76000000,,德业股份
2024-08-22,605117,42.36000000,41.58000000,42.51000000,41.07000000,,59334.00000000,3.46320346,-2.16470588,-0.92000000,,德业股份
2024-08-23,605117,41.39000000,41.24000000,42.47000000,41.23000000,,34087.00000000,3.00678952,-0.81770082,-0.34000000,,德业股份
2024-08-26,605117,41.33000000,40.62000000,41.89000000,40.38000000,,49574.00000000,3.71738060,-1.50339476,-0.62000000,,德业股份
2024-08-27,605117,40.20000000,40.38000000,40.89000000,39.05000000,,82121.00000000,4.55671124,-0.59084195,-0.24000000,,德业股份
2024-08-28,605117,40.37000000,40.09000000,41.80000000,39.77000000,,51666.00000000,5.06360688,-0.71817732,-0.29000000,,德业股份
2024-08-29,605117,39.86000000,42.53000000,43.01000000,39.79000000,,105342.00000000,7.57112626,6.08630581,2.44000000,,德业股份
2024-08-30,605117,41.91000000,42.25000000,43.53000000,41.77000000,,94456.00000000,4.16568047,-0.65835881,-0.28000000,,德业股份
2024-09-02,605117,42.06000000,41.26000000,43.03000000,41.24000000,,56210.00000000,4.33834222,-2.34319527,-0.99000000,,德业股份
2024-09-03,605117,40.89000000,40.71000000,41.23000000,40.13000000,,54044.00000000,2.70203881,-1.33301018,-0.55000000,,德业股份
2024-09-04,605117,40.30000000,39.86000000,40.87000000,38.83000000,,57751.00000000,5.11791269,-2.08793908,-0.85000000,,德业股份
2024-09-05,605117,39.83000000,40.70000000,41.49000000,39.55000000,,64907.00000000,4.76658477,2.10737582,0.84000000,,德业股份
2024-09-06,605117,40.72000000,39.65000000,41.19000000,39.56000000,,37814.00000000,4.11097100,-2.57985258,-1.05000000,,德业股份
2024-09-09,605117,39.45000000,39.80000000,39.86000000,39.19000000,,31359.00000000,1.68341709,0.37831021,0.15000000,,德业股份
2024-09-10,605117,39.84000000,41.29000000,41.59000000,39.29000000,,55986.00000000,5.57035602,3.74371859,1.49000000,,德业股份
2024-09-11,605117,41.32000000,43.10000000,43.90000000,40.99000000,,86096.00000000,6.75174014,4.38362800,1.81000000,,德业股份
2024-09-12,605117,43.08000000,42.87000000,44.80000000,42.77000000,,67485.00000000,4.73524609,-0.53364269,-0.23000000,,德业股份
2024-09-13,605117,43.04000000,41.92000000,43.20000000,41.92000000,,44289.00000000,3.05343511,-2.21600187,-0.95000000,,德业股份
2024-09-18,605117,41.85000000,43.76000000,44.45000000,41.47000000,,55711.00000000,6.80987203,4.38931298,1.84000000,,德业股份
2024-09-19,605117,43.93000000,43.48000000,44.66000000,43.03000000,,59300.00000000,3.74885005,-0.63985375,-0.28000000,,德业股份
2024-09-20,605117,43.14000000,43.03000000,43.43000000,40.67000000,,74865.00000000,6.41412968,-1.03495860,-0.45000000,,德业股份
2024-09-23,605117,42.41000000,38.33000000,42.41000000,38.33000000,,131685.00000000,10.64440386,-10.92261213,-4.70000000,,德业股份
2024-09-24,605117,38.08000000,39.29000000,40.16000000,38.08000000,,105367.00000000,5.29396793,2.50456561,0.96000000,,德业股份
2024-09-25,605117,39.32000000,38.94000000,40.56000000,38.76000000,,92844.00000000,4.62249615,-0.89081191,-0.35000000,,德业股份
2024-09-26,605117,38.77000000,40.58000000,40.59000000,37.15000000,,112525.00000000,8.47708231,4.21160760,1.64000000,,德业股份
2024-09-27,605117,40.57000000,43.58000000,44.45000000,40.29000000,,68220.00000000,9.54566315,7.39280434,3.00000000,,德业股份
2024-09-30,605117,44.61000000,47.86000000,48.18000000,42.09000000,,150398.00000000,12.72461346,9.82101882,4.28000000,,德业股份
2024-10-08,605117,53.03000000,51.46000000,53.03000000,47.00000000,,162793.00000000,11.71783910,7.52193899,3.60000000,,德业股份
2024-10-09,605117,49.56000000,46.06000000,50.22000000,45.99000000,,117115.00000000,9.18367347,-10.49358725,-5.40000000,,德业股份
2024-10-10,605117,45.92000000,46.00000000,48.03000000,45.68000000,,99605.00000000,5.10869565,-0.13026487,-0.06000000,,德业股份
2024-10-11,605117,46.04000000,44.33000000,46.28000000,43.50000000,,62476.00000000,6.27114821,-3.63043478,-1.67000000,,德业股份
2024-10-14,605117,44.27000000,44.56000000,45.05000000,42.98000000,,69198.00000000,4.64542190,0.51883600,0.23000000,,德业股份
2024-10-15,605117,44.23000000,44.15000000,45.63000000,43.23000000,,59395.00000000,5.43601359,-0.92010772,-0.41000000,,德业股份
2024-10-16,605117,43.11000000,39.86000000,43.62000000,39.45000000,,158523.00000000,10.46161565,-9.71687429,-4.29000000,,德业股份
2024-10-17,605117,39.89000000,38.32000000,40.02000000,37.11000000,,186504.00000000,7.59394572,-3.86352233,-1.54000000,,德业股份
2024-10-18,605117,37.74000000,40.25000000,41.39000000,37.72000000,,178792.00000000,9.11801242,5.03653445,1.93000000,,德业股份
2024-10-21,605117,39.86000000,38.54000000,40.03000000,38.34000000,,223016.00000000,4.38505449,-4.24844720,-1.71000000,,德业股份
2024-10-22,605117,38.54000000,39.12000000,39.28000000,37.82000000,,110971.00000000,3.73210634,1.50492994,0.58000000,,德业股份
2024-10-23,605117,39.99000000,42.62000000,43.42000000,39.99000000,,197732.00000000,8.04786485,8.94683027,3.50000000,,德业股份
2024-10-24,605117,41.90000000,40.38000000,41.90000000,39.87000000,,113049.00000000,5.02724121,-5.25574847,-2.24000000,,德业股份
2024-10-25,605117,39.61000000,43.65000000,43.82000000,39.61000000,,178124.00000000,9.64490263,8.09806835,3.27000000,,德业股份
2024-10-28,605117,43.23000000,42.44000000,43.33000000,41.66000000,,108336.00000000,3.93496701,-2.77205040,-1.21000000,,德业股份
2024-10-29,605117,42.92000000,41.90000000,43.92000000,41.19000000,,93964.00000000,6.51551313,-1.27238454,-0.54000000,,德业股份
2024-10-30,605117,42.87000000,43.96000000,44.92000000,41.00000000,,150967.00000000,8.91719745,4.91646778,2.06000000,,德业股份
2024-10-31,605117,43.96000000,44.25000000,45.82000000,43.42000000,,140027.00000000,5.42372881,0.65969063,0.29000000,,德业股份
2024-11-01,605117,43.94000000,42.73000000,44.42000000,42.11000000,,93418.00000000,5.40603791,-3.43502825,-1.52000000,,德业股份
2024-11-04,605117,42.82000000,44.23000000,44.84000000,42.65000000,,83069.00000000,4.95139046,3.51041423,1.50000000,,德业股份
2024-11-05,605117,44.07000000,44.24000000,44.56000000,43.43000000,,106004.00000000,2.55424955,0.02260909,0.01000000,,德业股份
2024-11-06,605117,43.94000000,43.50000000,44.89000000,43.21000000,,116224.00000000,3.86206897,-1.67269439,-0.74000000,,德业股份
2024-11-07,605117,42.16000000,41.95000000,42.25000000,40.65000000,,112068.00000000,3.81406436,-3.56321839,-1.55000000,,德业股份
2024-11-08,605117,41.97000000,41.29000000,42.82000000,41.14000000,,93617.00000000,4.06878179,-1.57330155,-0.66000000,,德业股份
2024-11-11,605117,40.92000000,42.17000000,42.54000000,40.31000000,,88899.00000000,5.28811952,2.13126665,0.88000000,,德业股份
2024-11-12,605117,42.14000000,41.22000000,42.62000000,40.88000000,,82845.00000000,4.22125182,-2.25278634,-0.95000000,,德业股份
2024-11-13,605117,40.76000000,42.01000000,42.16000000,40.42000000,,68197.00000000,4.14187098,1.91654537,0.79000000,,德业股份
2024-11-14,605117,42.41000000,44.92000000,46.12000000,42.41000000,,236075.00000000,8.25912734,6.92692216,2.91000000,,德业股份
2024-11-15,605117,44.04000000,44.21000000,45.96000000,43.11000000,,137384.00000000,6.44650532,-1.58058771,-0.71000000,,德业股份
2024-11-18,605117,43.79000000,42.59000000,44.05000000,41.44000000,,95849.00000000,6.12819911,-3.66432934,-1.62000000,,德业股份
2024-11-19,605117,43.43000000,45.26000000,46.29000000,43.43000000,,123279.00000000,6.31904551,6.26907725,2.67000000,,德业股份
2024-11-20,605117,44.53000000,43.86000000,45.05000000,43.17000000,,99995.00000000,4.28636571,-3.09323906,-1.40000000,,德业股份
2024-11-21,605117,43.84000000,42.88000000,44.00000000,42.58000000,,75430.00000000,3.31156716,-2.23438212,-0.98000000,,德业股份
2024-11-22,605117,42.41000000,41.08000000,42.77000000,41.03000000,,66388.00000000,4.23563778,-4.19776119,-1.80000000,,德业股份
2024-11-25,605117,40.89000000,39.94000000,41.28000000,39.27000000,,79860.00000000,5.03254882,-2.77507303,-1.14000000,,德业股份
2024-11-26,605117,39.97000000,39.43000000,40.61000000,39.19000000,,51049.00000000,3.60131879,-1.27691537,-0.51000000,,德业股份
2024-11-27,605117,39.25000000,40.63000000,40.63000000,38.43000000,,63262.00000000,5.41471819,3.04336799,1.20000000,,德业股份
2024-11-28,605117,40.37000000,39.67000000,40.56000000,39.45000000,,58355.00000000,2.79808419,-2.36278612,-0.96000000,,德业股份
2024-11-29,605117,39.61000000,40.00000000,40.27000000,39.44000000,,57848.00000000,2.07500000,0.83186287,0.33000000,,德业股份
2024-12-02,605117,39.40000000,40.11000000,40.11000000,38.74000000,,67286.00000000,3.41560708,0.27500000,0.11000000,,德业股份
2024-12-03,605117,40.12000000,41.08000000,41.54000000,39.88000000,,77616.00000000,4.04089581,2.41834954,0.97000000,,德业股份
2024-12-04,605117,40.81000000,40.03000000,40.99000000,39.89000000,,45752.00000000,2.74793905,-2.55598832,-1.05000000,,德业股份
2024-12-05,605117,39.90000000,40.06000000,40.44000000,39.42000000,,34770.00000000,2.54618073,0.07494379,0.03000000,,德业股份
2024-12-06,605117,40.07000000,40.73000000,41.13000000,39.14000000,,62252.00000000,4.88583354,1.67249126,0.67000000,,德业股份
2024-12-09,605117,40.70000000,39.60000000,40.99000000,39.51000000,,57232.00000000,3.73737374,-2.77436779,-1.13000000,,德业股份
2024-12-10,605117,40.48000000,39.70000000,40.83000000,39.59000000,,54493.00000000,3.12342569,0.25252525,0.10000000,,德业股份
2024-12-11,605117,39.50000000,39.35000000,39.77000000,39.33000000,,33692.00000000,1.11817027,-0.88161209,-0.35000000,,德业股份
2024-12-12,605117,39.35000000,39.89000000,40.04000000,39.05000000,,44014.00000000,2.48182502,1.37229987,0.54000000,,德业股份
2024-12-13,605117,39.71000000,39.47000000,40.31000000,39.37000000,,46509.00000000,2.38155561,-1.05289546,-0.42000000,,德业股份
2024-12-16,605117,39.45000000,39.86000000,40.27000000,39.13000000,,49765.00000000,2.86001004,0.98809222,0.39000000,,德业股份
2024-12-17,605117,39.64000000,40.31000000,41.03000000,39.61000000,,57868.00000000,3.52269908,1.12895133,0.45000000,,德业股份
2024-12-18,605117,40.73000000,39.71000000,40.73000000,39.43000000,,43197.00000000,3.27373458,-1.48846440,-0.60000000,,德业股份
2024-12-19,605117,39.30000000,40.36000000,40.41000000,39.25000000,,36527.00000000,2.87413280,1.63686729,0.65000000,,德业股份
2024-12-20,605117,39.97000000,38.80000000,40.73000000,38.69000000,,66703.00000000,5.25773196,-3.86521308,-1.56000000,,德业股份
2024-12-23,605117,38.44000000,37.67000000,38.94000000,37.27000000,,73477.00000000,4.43323600,-2.91237113,-1.13000000,,德业股份
2024-12-24,605117,37.67000000,39.58000000,39.92000000,37.56000000,,91213.00000000,5.96260738,5.07034776,1.91000000,,德业股份
2024-12-25,605117,38.73000000,39.78000000,40.59000000,37.45000000,,141717.00000000,7.89341378,0.50530571,0.20000000,,德业股份
2024-12-26,605117,39.45000000,39.57000000,40.07000000,38.96000000,,72876.00000000,2.80515542,-0.52790347,-0.21000000,,德业股份
2024-12-27,605117,39.55000000,39.00000000,39.57000000,38.53000000,,55956.00000000,2.66666667,-1.44048522,-0.57000000,,德业股份
2024-12-30,605117,38.94000000,39.89000000,40.47000000,38.69000000,,84773.00000000,4.46227125,2.28205128,0.89000000,,德业股份
2024-12-31,605117,40.25000000,39.86000000,41.60000000,39.74000000,,78126.00000000,4.66633216,-0.07520682,-0.03000000,,德业股份
2025-01-02,605117,40.01000000,38.98000000,40.21000000,38.49000000,,75449.00000000,4.41251924,-2.20772704,-0.88000000,,德业股份
2025-01-03,605117,38.87000000,39.99000000,40.88000000,38.69000000,,90712.00000000,5.47636909,2.59107234,1.01000000,,德业股份
2025-01-06,605117,39.97000000,42.40000000,43.23000000,39.61000000,,144617.00000000,8.53773585,6.02650663,2.41000000,,德业股份
2025-01-07,605117,41.90000000,42.82000000,43.37000000,41.51000000,,71756.00000000,4.34376460,0.99056604,0.42000000,,德业股份
2025-01-08,605117,42.55000000,43.73000000,44.26000000,42.44000000,,90499.00000000,4.16190258,2.12517515,0.91000000,,德业股份
2025-01-09,605117,43.13000000,42.61000000,43.92000000,42.53000000,,64926.00000000,3.26214504,-2.56117082,-1.12000000,,德业股份
2025-01-10,605117,42.61000000,40.43000000,43.04000000,40.40000000,,80727.00000000,6.52980460,-5.11616991,-2.18000000,,德业股份
2025-01-13,605117,39.97000000,39.87000000,41.09000000,39.58000000,,59020.00000000,3.78730875,-1.38511007,-0.56000000,,德业股份
2025-01-14,605117,40.26000000,41.27000000,41.50000000,39.34000000,,68070.00000000,5.23382602,3.51141209,1.40000000,,德业股份
2025-01-15,605117,41.04000000,40.70000000,41.72000000,40.25000000,,56975.00000000,3.61179361,-1.38114853,-0.57000000,,德业股份
2025-01-16,605117,40.48000000,41.91000000,42.41000000,40.48000000,,74372.00000000,4.60510618,2.97297297,1.21000000,,德业股份
2025-01-17,605117,41.55000000,40.67000000,42.11000000,39.91000000,,78043.00000000,5.40939267,-2.95872107,-1.24000000,,德业股份
2025-01-20,605117,40.99000000,42.26000000,42.68000000,40.99000000,,95136.00000000,3.99905348,3.90951561,1.59000000,,德业股份
2025-01-21,605117,42.27000000,40.98000000,42.59000000,40.64000000,,75180.00000000,4.75841874,-3.02886891,-1.28000000,,德业股份
2025-01-22,605117,40.79000000,40.63000000,41.06000000,39.20000000,,103107.00000000,4.57789810,-0.85407516,-0.35000000,,德业股份
2025-01-23,605117,40.74000000,41.79000000,42.21000000,40.16000000,,106982.00000000,4.90547978,2.85503323,1.16000000,,德业股份
2025-01-24,605117,41.40000000,41.27000000,41.75000000,40.77000000,,70730.00000000,2.37460625,-1.24431682,-0.52000000,,德业股份
2025-01-27,605117,41.24000000,39.89000000,41.49000000,39.86000000,,68295.00000000,4.08623715,-3.34383329,-1.38000000,,德业股份
2025-02-05,605117,40.05000000,42.06000000,42.77000000,39.20000000,,120441.00000000,8.48787447,5.43995989,2.17000000,,德业股份
2025-02-06,605117,41.61000000,42.18000000,42.41000000,41.27000000,,62550.00000000,2.70270270,0.28530670,0.12000000,,德业股份
2025-02-07,605117,42.19000000,46.21000000,46.74000000,42.01000000,,165776.00000000,10.23587968,9.55429113,4.03000000,,德业股份
2025-02-10,605117,46.00000000,45.01000000,46.04000000,44.08000000,,104420.00000000,4.35458787,-2.59684051,-1.20000000,,德业股份
2025-02-11,605117,44.86000000,45.32000000,45.68000000,44.77000000,,63174.00000000,2.00794351,0.68873584,0.31000000,,德业股份
2025-02-12,605117,45.10000000,44.98000000,45.37000000,44.44000000,,59186.00000000,2.06758559,-0.75022065,-0.34000000,,德业股份
2025-02-13,605117,44.80000000,43.79000000,44.86000000,43.79000000,,53428.00000000,2.44348025,-2.64562028,-1.19000000,,德业股份
2025-02-14,605117,43.57000000,44.74000000,44.84000000,43.55000000,,64776.00000000,2.88332588,2.16944508,0.95000000,,德业股份
2025-02-17,605117,44.80000000,43.79000000,45.00000000,43.54000000,,57860.00000000,3.33409454,-2.12337953,-0.95000000,,德业股份
2025-02-18,605117,44.75000000,42.86000000,44.81000000,42.57000000,,62581.00000000,5.22631825,-2.12377255,-0.93000000,,德业股份
2025-02-19,605117,43.03000000,43.14000000,44.18000000,42.31000000,,78064.00000000,4.33472415,0.65328978,0.28000000,,德业股份
2025-02-20,605117,42.78000000,42.70000000,43.77000000,42.32000000,,47301.00000000,3.39578454,-1.01993510,-0.44000000,,德业股份
2025-02-21,605117,42.52000000,41.74000000,42.62000000,41.04000000,,106156.00000000,3.78533781,-2.24824356,-0.96000000,,德业股份
2025-02-24,605117,41.70000000,43.45000000,44.25000000,41.29000000,,128804.00000000,6.81242808,4.09678965,1.71000000,,德业股份
2025-02-25,605117,43.17000000,43.58000000,44.79000000,42.89000000,,88357.00000000,4.35979807,0.29919448,0.13000000,,德业股份
2025-02-26,605117,43.59000000,44.22000000,44.74000000,43.40000000,,78084.00000000,3.03030303,1.46856356,0.64000000,,德业股份
2025-02-27,605117,43.98000000,43.39000000,44.22000000,42.93000000,,56144.00000000,2.97303526,-1.87697874,-0.83000000,,德业股份
2025-02-28,605117,43.13000000,43.82000000,45.15000000,43.08000000,,92924.00000000,4.72387038,0.99101175,0.43000000,,德业股份
2025-03-03,605117,43.85000000,44.66000000,46.25000000,43.79000000,,102406.00000000,5.50828482,1.91693291,0.84000000,,德业股份
2025-03-04,605117,45.07000000,44.77000000,45.58000000,44.02000000,,43059.00000000,3.48447621,0.24630542,0.11000000,,德业股份
2025-03-05,605117,44.56000000,42.71000000,44.76000000,42.52000000,,72525.00000000,5.24467338,-4.60129551,-2.06000000,,德业股份
2025-03-06,605117,42.72000000,42.82000000,43.03000000,42.03000000,,69245.00000000,2.33535731,0.25755092,0.11000000,,德业股份
2025-03-07,605117,42.41000000,42.53000000,43.01000000,42.19000000,,60633.00000000,1.92805079,-0.67725362,-0.29000000,,德业股份
2025-03-10,605117,42.52000000,42.54000000,42.92000000,42.06000000,,44259.00000000,2.02162670,0.02351281,0.01000000,,德业股份
2025-03-11,605117,42.11000000,42.12000000,42.12000000,40.72000000,,63055.00000000,3.32383666,-0.98730606,-0.42000000,,德业股份
2025-03-12,605117,42.57000000,42.35000000,42.96000000,42.23000000,,44149.00000000,1.72373081,0.54605888,0.23000000,,德业股份
2025-03-13,605117,42.12000000,41.45000000,42.40000000,40.93000000,,43034.00000000,3.54644150,-2.12514758,-0.90000000,,德业股份
2025-03-14,605117,41.43000000,42.08000000,42.31000000,41.13000000,,55418.00000000,2.80418251,1.51990350,0.63000000,,德业股份
2025-03-17,605117,42.35000000,43.11000000,44.15000000,42.31000000,,76915.00000000,4.26815124,2.44771863,1.03000000,,德业股份
2025-03-18,605117,43.02000000,43.03000000,43.28000000,42.31000000,,50388.00000000,2.25424123,-0.18557179,-0.08000000,,德业股份
2025-03-19,605117,42.78000000,44.39000000,44.97000000,42.58000000,,99773.00000000,5.38409552,3.16058564,1.36000000,,德业股份
2025-03-20,605117,44.05000000,44.11000000,44.79000000,43.89000000,,50977.00000000,2.04035366,-0.63077270,-0.28000000,,德业股份
2025-03-21,605117,43.95000000,42.67000000,44.54000000,42.57000000,,45061.00000000,4.61682681,-3.26456586,-1.44000000,,德业股份
2025-03-24,605117,42.67000000,44.39000000,44.40000000,42.62000000,,76641.00000000,4.00991214,4.03093508,1.72000000,,德业股份
2025-03-25,605117,44.58000000,44.63000000,46.59000000,44.39000000,,87497.00000000,4.92941967,0.54066231,0.24000000,,德业股份
2025-03-26,605117,44.65000000,47.36000000,47.36000000,44.56000000,,132065.00000000,5.91216216,6.11696168,2.73000000,,德业股份
2025-03-27,605117,47.09000000,46.60000000,47.36000000,46.21000000,,57448.00000000,2.46781116,-1.60472973,-0.76000000,,德业股份
2025-03-28,605117,46.60000000,46.24000000,47.88000000,46.09000000,,66492.00000000,3.87110727,-0.77253219,-0.36000000,,德业股份
2025-03-31,605117,46.25000000,43.26000000,47.04000000,43.04000000,,99458.00000000,9.24641701,-6.44463668,-2.98000000,,德业股份
2025-04-01,605117,43.11000000,44.31000000,45.50000000,43.08000000,,66073.00000000,5.46152110,2.42718447,1.05000000,,德业股份
2025-04-02,605117,44.40000000,44.97000000,45.57000000,44.30000000,,54365.00000000,2.82410496,1.48950575,0.66000000,,德业股份
2025-04-03,605117,44.27000000,43.54000000,44.27000000,43.04000000,,46917.00000000,2.82498852,-3.17989771,-1.43000000,,德业股份
2025-04-07,605117,39.20000000,38.84000000,41.19000000,38.84000000,,60409.00000000,6.05046344,-10.79467157,-4.70000000,,德业股份
2025-04-08,605117,39.45000000,38.43000000,39.60000000,36.43000000,,101744.00000000,8.24876399,-1.05561277,-0.41000000,,德业股份
2025-04-09,605117,37.42000000,38.43000000,38.58000000,36.49000000,,100870.00000000,5.43845954,0.00000000,0.00000000,,德业股份
2025-04-10,605117,40.48000000,40.53000000,41.27000000,40.20000000,,87788.00000000,2.64001974,5.46448087,2.10000000,,德业股份
2025-04-11,605117,40.53000000,40.57000000,40.99000000,39.47000000,,56503.00000000,3.74661080,0.09869233,0.04000000,,德业股份
2025-04-14,605117,40.81000000,40.84000000,41.43000000,40.59000000,,45822.00000000,2.05680705,0.66551639,0.27000000,,德业股份
2025-04-15,605117,41.50000000,39.86000000,41.63000000,39.45000000,,71385.00000000,5.46914200,-2.39960823,-0.98000000,,德业股份
2025-04-16,605117,39.86000000,39.94000000,39.94000000,39.17000000,,35194.00000000,1.92789184,0.20070246,0.08000000,,德业股份
2025-04-17,605117,39.54000000,39.63000000,39.92000000,39.37000000,,30581.00000000,1.38783750,-0.77616425,-0.31000000,,德业股份
2025-04-18,605117,39.57000000,39.66000000,39.81000000,39.41000000,,21590.00000000,1.00857287,0.07570023,0.03000000,,德业股份
2025-04-21,605117,39.48000000,39.93000000,39.97000000,39.26000000,,26155.00000000,1.77811170,0.68078669,0.27000000,,德业股份
2025-04-22,605117,39.87000000,40.25000000,40.48000000,39.59000000,,38140.00000000,2.21118012,0.80140245,0.32000000,,德业股份
2025-04-23,605117,40.26000000,40.65000000,41.19000000,40.23000000,,39273.00000000,2.36162362,0.99378882,0.40000000,,德业股份
2025-04-24,605117,40.66000000,40.84000000,41.48000000,40.28000000,,40707.00000000,2.93829579,0.46740467,0.19000000,,德业股份
2025-04-25,605117,40.99000000,40.73000000,41.24000000,40.55000000,,26181.00000000,1.69408299,-0.26934378,-0.11000000,,德业股份
2025-04-28,605117,40.99000000,40.86000000,41.39000000,40.58000000,,38964.00000000,1.98237885,0.31917506,0.13000000,,德业股份
2025-04-29,605117,41.27000000,41.79000000,42.49000000,41.25000000,,57525.00000000,2.96721704,2.27606461,0.93000000,,德业股份
2025-04-30,605117,42.01000000,40.58000000,42.81000000,40.58000000,,65851.00000000,5.49531789,-2.89542953,-1.21000000,,德业股份
2025-05-06,605117,40.98000000,41.59000000,41.72000000,40.53000000,,50978.00000000,2.86126473,2.48891079,1.01000000,,德业股份
2025-05-07,605117,42.51000000,41.54000000,42.62000000,40.99000000,,47897.00000000,3.92392874,-0.12022121,-0.05000000,,德业股份
2025-05-08,605117,41.38000000,42.10000000,42.66000000,41.09000000,,53532.00000000,3.72921615,1.34809822,0.56000000,,德业股份
2025-05-09,605117,42.10000000,42.26000000,42.61000000,41.81000000,,43500.00000000,1.89304307,0.38004751,0.16000000,,德业股份
2025-05-12,605117,42.67000000,44.22000000,44.53000000,42.67000000,,103239.00000000,4.20624152,4.63795551,1.96000000,,德业股份
2025-05-13,605117,44.34000000,43.69000000,44.81000000,43.43000000,,54490.00000000,3.15861753,-1.19855269,-0.53000000,,德业股份
2025-05-14,605117,43.69000000,43.34000000,43.69000000,42.78000000,,37271.00000000,2.09967697,-0.80109865,-0.35000000,,德业股份
2025-05-15,605117,43.34000000,42.59000000,43.36000000,42.31000000,,36025.00000000,2.46536746,-1.73050300,-0.75000000,,德业股份
2025-05-16,605117,42.56000000,42.99000000,43.64000000,42.52000000,,41761.00000000,2.60525704,0.93918760,0.40000000,,德业股份
2025-05-19,605117,43.13000000,42.80000000,43.75000000,42.26000000,,37772.00000000,3.48130841,-0.44196325,-0.19000000,,德业股份
2025-05-20,605117,42.80000000,42.22000000,42.80000000,41.90000000,,43556.00000000,2.13169114,-1.35514019,-0.58000000,,德业股份
2025-05-21,605117,42.36000000,42.35000000,42.75000000,42.02000000,,34210.00000000,1.72373081,0.30791094,0.13000000,,德业股份
2025-05-22,605117,42.01000000,41.75000000,42.38000000,41.70000000,,32946.00000000,1.62874251,-1.41676505,-0.60000000,,德业股份
2025-05-23,605117,41.56000000,41.27000000,41.94000000,41.27000000,,35175.00000000,1.62345529,-1.14970060,-0.48000000,,德业股份
2025-05-26,605117,41.38000000,40.67000000,41.61000000,40.36000000,,47222.00000000,3.07351856,-1.45384056,-0.60000000,,德业股份
2025-05-27,605117,40.67000000,39.10000000,40.67000000,38.84000000,,66757.00000000,4.68030691,-3.86033932,-1.57000000,,德业股份
2025-05-28,605117,39.23000000,38.99000000,39.49000000,38.87000000,,33824.00000000,1.59015132,-0.28132992,-0.11000000,,德业股份
2025-05-29,605117,38.99000000,39.13000000,39.23000000,38.75000000,,47966.00000000,1.22668030,0.35906643,0.14000000,,德业股份
2025-05-30,605117,39.11000000,38.63000000,39.12000000,38.62000000,,33118.00000000,1.29433083,-1.27779198,-0.50000000,,德业股份
2025-06-03,605117,38.59000000,38.17000000,38.65000000,37.72000000,,56935.00000000,2.43646843,-1.19078436,-0.46000000,,德业股份
2025-06-04,605117,38.17000000,38.34000000,38.40000000,37.94000000,,50500.00000000,1.19979134,0.44537595,0.17000000,,德业股份
2025-06-05,605117,38.58000000,39.16000000,39.17000000,38.50000000,,51096.00000000,1.71092952,2.13875848,0.82000000,,德业股份
2025-06-06,605117,39.35000000,39.08000000,39.79000000,38.96000000,,39360.00000000,2.12384852,-0.20429009,-0.08000000,,德业股份
2025-06-09,605117,39.08000000,39.98000000,40.04000000,39.08000000,,56499.00000000,2.40120060,2.30296827,0.90000000,,德业股份
2025-06-10,605117,39.91000000,39.61000000,40.10000000,38.74000000,,67442.00000000,3.43347639,-0.92546273,-0.37000000,,德业股份
2025-06-11,605117,39.89000000,40.34000000,40.40000000,39.54000000,,50330.00000000,2.13187903,1.84296895,0.73000000,,德业股份
2025-06-12,605117,40.30000000,39.86000000,40.30000000,39.61000000,,60844.00000000,1.73105871,-1.18988597,-0.48000000,,德业股份
2025-06-13,605117,39.91000000,38.70000000,39.91000000,38.70000000,,93602.00000000,3.12661499,-2.91018565,-1.16000000,,德业股份
2025-06-16,605117,38.20000000,36.50000000,38.78000000,35.86000000,,234838.00000000,8.00000000,-5.68475452,-2.20000000,,德业股份
2025-06-17,605117,36.55000000,35.45000000,36.57000000,34.79000000,,171641.00000000,5.02115656,-2.87671233,-1.05000000,,德业股份
2025-06-18,605117,35.42000000,35.10000000,36.04000000,35.07000000,,115286.00000000,2.76353276,-0.98730606,-0.35000000,,德业股份
2025-06-19,605117,35.10000000,33.68000000,35.42000000,33.55000000,,189095.00000000,5.55225653,-4.04558405,-1.42000000,,德业股份
2025-06-20,605117,33.80000000,34.22000000,34.48000000,33.78000000,,113626.00000000,2.04558738,1.60332542,0.54000000,,德业股份
2025-06-23,605117,34.14000000,35.40000000,35.61000000,33.87000000,,144084.00000000,4.91525424,3.44827586,1.18000000,,德业股份
2025-06-24,605117,35.48000000,35.52000000,35.64000000,35.07000000,,88987.00000000,1.60472973,0.33898305,0.12000000,,德业股份
2025-06-25,605117,35.60000000,35.69000000,35.82000000,35.03000000,,110548.00000000,2.21350518,0.47860360,0.17000000,,德业股份
2025-06-26,605117,35.61000000,34.61000000,35.61000000,34.55000000,,119439.00000000,3.06269864,-3.02605772,-1.08000000,,德业股份
2025-06-27,605117,34.59000000,35.09000000,35.47000000,34.57000000,,101271.00000000,2.56483329,1.38688240,0.48000000,,德业股份
2025-06-30,605117,35.32000000,35.54000000,35.73000000,35.17000000,,104105.00000000,1.57568936,1.28241664,0.45000000,,德业股份
2025-07-01,605117,35.44000000,35.42000000,35.62000000,35.00000000,,62709.00000000,1.75042349,-0.33764772,-0.12000000,,德业股份
2025-07-02,605117,35.54000000,35.47000000,35.57000000,35.11000000,,88389.00000000,1.29687059,0.14116318,0.05000000,,德业股份
2025-07-03,605117,35.58000000,36.03000000,36.37000000,35.34000000,,119937.00000000,2.85872884,1.57879899,0.56000000,,德业股份
2025-07-04,605117,36.14000000,35.46000000,36.27000000,35.35000000,,105617.00000000,2.59447265,-1.58201499,-0.57000000,,德业股份
2025-07-07,605117,35.34000000,34.88000000,35.35000000,34.67000000,,100397.00000000,1.94954128,-1.63564580,-0.58000000,,德业股份
2025-07-08,605117,34.85000000,37.17000000,37.60000000,34.61000000,,261501.00000000,8.04412160,6.56536697,2.29000000,,德业股份
2025-07-09,605117,36.55000000,36.92000000,38.00000000,36.52000000,,173584.00000000,4.00866739,-0.67258542,-0.25000000,,德业股份
2025-07-10,605117,36.92000000,37.26000000,37.94000000,36.85000000,,173478.00000000,2.92538916,0.92091008,0.34000000,,德业股份
2025-07-11,605117,37.29000000,37.26000000,37.64000000,36.74000000,,119458.00000000,2.41545894,0.00000000,0.00000000,,德业股份
2025-07-14,605117,37.14000000,36.90000000,37.22000000,36.65000000,,88489.00000000,1.54471545,-0.96618357,-0.36000000,,德业股份
2025-07-15,605117,36.71000000,36.59000000,37.13000000,36.40000000,,91097.00000000,1.99508062,-0.84010840,-0.31000000,,德业股份
2025-07-16,605117,36.59000000,36.85000000,37.33000000,36.42000000,,78656.00000000,2.46947083,0.71057666,0.26000000,,德业股份
2025-07-17,605117,36.85000000,36.29000000,37.27000000,36.07000000,,159571.00000000,3.30669606,-1.51967436,-0.56000000,,德业股份
2025-07-18,605117,36.39000000,36.22000000,36.41000000,36.00000000,,84819.00000000,1.13197129,-0.19289060,-0.07000000,,德业股份
2025-07-21,605117,36.17000000,36.23000000,36.32000000,35.84000000,,106586.00000000,1.32486889,0.02760906,0.01000000,,德业股份
2025-07-22,605117,36.22000000,36.54000000,36.82000000,36.11000000,,119058.00000000,1.94307608,0.85564449,0.31000000,,德业股份
2025-07-23,605117,36.64000000,35.89000000,36.67000000,35.86000000,,149103.00000000,2.25689607,-1.77887247,-0.65000000,,德业股份
2025-07-24,605117,35.92000000,36.70000000,36.70000000,35.79000000,,147780.00000000,2.47956403,2.25689607,0.81000000,,德业股份
2025-07-25,605117,36.70000000,36.29000000,36.70000000,36.21000000,,83972.00000000,1.35023422,-1.11716621,-0.41000000,,德业股份
2025-07-28,605117,36.33000000,35.86000000,36.33000000,35.72000000,,108269.00000000,1.70105968,-1.18489942,-0.43000000,,德业股份
2025-07-29,605117,35.87000000,35.75000000,36.07000000,35.27000000,,117376.00000000,2.23776224,-0.30674847,-0.11000000,,德业股份
2025-07-30,605117,35.75000000,35.35000000,35.87000000,35.20000000,,102923.00000000,1.89533239,-1.11888112,-0.40000000,,德业股份
2025-07-31,605117,35.22000000,34.42000000,35.53000000,34.37000000,,139013.00000000,3.37013364,-2.63083451,-0.93000000,,德业股份
2025-08-01,605117,34.43000000,35.03000000,35.51000000,34.36000000,,140351.00000000,3.28290037,1.77222545,0.61000000,,德业股份
2025-08-04,605117,35.01000000,34.75000000,35.02000000,34.45000000,,70888.00000000,1.64028777,-0.79931487,-0.28000000,,德业股份
2025-08-05,605117,34.75000000,35.25000000,35.35000000,34.71000000,,90021.00000000,1.81560284,1.43884892,0.50000000,,德业股份
2025-08-06,605117,35.25000000,35.30000000,35.32000000,35.02000000,,67124.00000000,0.84985836,0.14184397,0.05000000,,德业股份
2025-08-07,605117,35.29000000,34.78000000,35.30000000,34.62000000,,101099.00000000,1.95514664,-1.47308782,-0.52000000,,德业股份
2025-08-08,605117,34.70000000,35.42000000,36.00000000,34.61000000,,202736.00000000,3.92433653,1.84013801,0.64000000,,德业股份
2025-08-11,605117,35.76000000,35.42000000,35.76000000,35.08000000,,148710.00000000,1.91981931,0.00000000,0.00000000,,德业股份
2025-08-12,605117,35.41000000,35.12000000,35.42000000,35.04000000,,118717.00000000,1.08200456,-0.84697911,-0.30000000,,德业股份
2025-08-13,605117,35.15000000,37.65000000,37.85000000,35.07000000,,439713.00000000,7.38379814,7.20387244,2.53000000,,德业股份
2025-08-14,605117,37.78000000,37.96000000,38.55000000,37.37000000,,328900.00000000,3.10853530,0.82337317,0.31000000,,德业股份
2025-08-15,605117,38.50000000,39.00000000,39.55000000,38.00000000,,313288.00000000,3.97435897,2.73972603,1.04000000,,德业股份
2025-08-18,605117,38.99000000,38.72000000,40.07000000,38.55000000,,260158.00000000,3.92561983,-0.71794872,-0.28000000,,德业股份
2025-08-19,605117,38.70000000,38.50000000,39.72000000,38.35000000,,232146.00000000,3.55844156,-0.56818182,-0.22000000,,德业股份
2025-08-20,605117,38.46000000,38.90000000,38.97000000,37.92000000,,176430.00000000,2.69922879,1.03896104,0.40000000,,德业股份
2025-08-21,605117,38.75000000,38.33000000,38.81000000,38.07000000,,157258.00000000,1.93060266,-1.46529563,-0.57000000,,德业股份
2025-08-22,605117,38.33000000,39.72000000,40.09000000,38.18000000,,250835.00000000,4.80866062,3.62640230,1.39000000,,德业股份
2025-08-25,605117,40.07000000,42.16000000,42.24000000,39.48000000,,309759.00000000,6.54648956,6.14300101,2.44000000,,德业股份
2025-08-26,605117,40.78000000,40.77000000,41.31000000,40.27000000,,261129.00000000,2.55089527,-3.29696395,-1.39000000,,德业股份
2025-08-27,605117,40.71000000,41.17000000,43.10000000,40.50000000,,249944.00000000,6.31527812,0.98111356,0.40000000,,德业股份
2025-08-28,605117,41.19000000,42.35000000,42.85000000,41.19000000,,223882.00000000,3.91971665,2.86616468,1.18000000,,德业股份
2025-08-29,605117,42.00000000,44.10000000,44.57000000,41.65000000,,278526.00000000,6.62131519,4.13223140,1.75000000,,德业股份
2025-09-01,605117,44.15000000,43.45000000,44.67000000,42.96000000,,205000.00000000,3.93555811,-1.47392290,-0.65000000,,德业股份
2025-09-02,605117,43.46000000,43.05000000,44.27000000,41.57000000,,232345.00000000,6.27177700,-0.92059839,-0.40000000,,德业股份
2025-09-03,605117,42.92000000,45.67000000,47.21000000,42.41000000,,344920.00000000,10.51018174,6.08594657,2.62000000,,德业股份
2025-09-04,605117,46.63000000,46.98000000,50.07000000,46.17000000,,412029.00000000,8.30140485,2.86840377,1.31000000,,德业股份
2025-09-05,605117,46.50000000,51.89000000,51.89000000,46.50000000,,448654.00000000,10.38735787,10.45125585,4.91000000,,德业股份
2025-09-08,605117,53.65000000,52.57000000,54.97000000,50.58000000,,465398.00000000,8.35077040,1.31046444,0.68000000,,德业股份
2025-09-09,605117,51.51000000,49.98000000,52.05000000,49.71000000,,299173.00000000,4.68187275,-4.92676431,-2.59000000,,德业股份
2025-09-10,605117,48.75000000,48.03000000,49.27000000,47.21000000,,351430.00000000,4.28898605,-3.90156062,-1.95000000,,德业股份
2025-09-11,605117,48.50000000,51.13000000,51.14000000,47.85000000,,360573.00000000,6.43457853,6.45429940,3.10000000,,德业股份
2025-09-12,605117,51.12000000,50.01000000,51.12000000,49.51000000,,246895.00000000,3.21935613,-2.19049482,-1.12000000,,德业股份
2025-09-15,605117,50.58000000,50.08000000,52.92000000,49.99000000,,329502.00000000,5.85063898,0.13997201,0.07000000,,德业股份
2025-09-16,605117,50.07000000,49.47000000,50.64000000,48.09000000,,283974.00000000,5.15463918,-1.21805112,-0.61000000,,德业股份
2025-09-17,605117,48.64000000,48.17000000,48.92000000,47.44000000,,299036.00000000,3.07245173,-2.62785527,-1.30000000,,德业股份
2025-09-18,605117,47.92000000,48.00000000,49.11000000,47.17000000,,253575.00000000,4.04166667,-0.35291675,-0.17000000,,德业股份
2025-09-19,605117,47.56000000,47.57000000,48.42000000,47.42000000,,145414.00000000,2.10216523,-0.89583333,-0.43000000,,德业股份
2025-09-22,605117,47.64000000,47.45000000,48.06000000,46.94000000,,149128.00000000,2.36037935,-0.25225983,-0.12000000,,德业股份
2025-09-23,605117,47.17000000,48.49000000,49.12000000,47.17000000,,260577.00000000,4.02144772,2.19178082,1.04000000,,德业股份
2025-09-24,605117,48.86000000,50.92000000,51.05000000,47.87000000,,320765.00000000,6.24509034,5.01134254,2.43000000,,德业股份
2025-09-25,605117,50.92000000,51.32000000,52.07000000,50.28000000,,263220.00000000,3.48791894,0.78554595,0.40000000,,德业股份
2025-09-26,605117,50.78000000,50.00000000,51.78000000,49.85000000,,180139.00000000,3.86000000,-2.57209665,-1.32000000,,德业股份
2025-09-29,605117,51.00000000,51.85000000,53.20000000,51.00000000,,299103.00000000,4.24300868,3.70000000,1.85000000,,德业股份
2025-09-30,605117,51.45000000,55.78000000,56.48000000,51.34000000,,322448.00000000,9.21477232,7.57955641,3.93000000,,德业股份
2025-10-09,605117,57.38000000,56.35000000,57.38000000,55.24000000,,266379.00000000,3.79769299,1.02187164,0.57000000,,德业股份
2025-10-10,605117,55.78000000,51.97000000,56.12000000,51.73000000,,235125.00000000,8.44718107,-7.77284827,-4.38000000,,德业股份
2025-10-13,605117,48.29000000,51.35000000,51.77000000,48.17000000,,222163.00000000,7.01071081,-1.19299596,-0.62000000,,德业股份
2025-10-14,605117,51.52000000,50.85000000,53.16000000,50.07000000,,192723.00000000,6.07669617,-0.97370983,-0.50000000,,德业股份
2025-10-15,605117,49.71000000,51.21000000,51.71000000,47.86000000,,198841.00000000,7.51806288,0.70796460,0.36000000,,德业股份
2025-10-16,605117,51.22000000,51.57000000,53.34000000,51.14000000,,177614.00000000,4.26604615,0.70298770,0.36000000,,德业股份
2025-10-17,605117,50.77000000,49.03000000,51.29000000,48.87000000,,190747.00000000,4.93575362,-4.92534419,-2.54000000,,德业股份
2025-10-20,605117,49.71000000,50.02000000,50.21000000,48.71000000,,152153.00000000,2.99880048,2.01917194,0.99000000,,德业股份
2025-10-21,605117,50.06000000,51.05000000,51.46000000,49.37000000,,133351.00000000,4.09402547,2.05917633,1.03000000,,德业股份
2025-10-22,605117,50.57000000,50.42000000,51.40000000,50.22000000,,81615.00000000,2.34034113,-1.23408423,-0.63000000,,德业股份
2025-10-23,605117,50.07000000,52.84000000,52.85000000,49.82000000,,180923.00000000,5.73429220,4.79968267,2.42000000,,德业股份
2025-10-24,605117,52.57000000,54.07000000,54.83000000,52.51000000,,224498.00000000,4.29073423,2.32778198,1.23000000,,德业股份
2025-10-27,605117,55.14000000,53.48000000,55.14000000,53.05000000,,154142.00000000,3.90800299,-1.09117810,-0.59000000,,德业股份
2025-10-28,605117,53.48000000,53.12000000,54.07000000,52.40000000,,103745.00000000,3.14382530,-0.67314884,-0.36000000,,德业股份
2025-10-29,605117,52.93000000,55.60000000,55.90000000,52.86000000,,209287.00000000,5.46762590,4.66867470,2.48000000,,德业股份
2025-10-30,605117,52.93000000,51.30000000,53.28000000,50.07000000,,368283.00000000,6.25730994,-7.73381295,-4.30000000,,德业股份
2025-10-31,605117,50.72000000,51.12000000,51.50000000,50.46000000,,166355.00000000,2.03442879,-0.35087719,-0.18000000,,德业股份
2025-11-03,605117,50.83000000,55.14000000,55.48000000,50.62000000,,293162.00000000,8.81392818,7.86384977,4.02000000,,德业股份
2025-11-04,605117,56.25000000,54.66000000,57.30000000,54.48000000,,340785.00000000,5.15916575,-0.87051143,-0.48000000,,德业股份
2025-11-05,605117,53.31000000,56.36000000,57.99000000,53.13000000,,277150.00000000,8.62313698,3.11013538,1.70000000,,德业股份
2025-11-06,605117,57.29000000,60.32000000,62.07000000,56.61000000,,394159.00000000,9.05172414,7.02625976,3.96000000,,德业股份
2025-11-07,605117,60.26000000,61.44000000,62.00000000,59.53000000,,234811.00000000,4.02018229,1.85676393,1.12000000,,德业股份
2025-11-10,605117,61.40000000,58.76000000,61.99000000,58.38000000,,215700.00000000,6.14363513,-4.36197917,-2.68000000,,德业股份
2025-11-11,605117,59.77000000,57.86000000,60.84000000,57.77000000,,171228.00000000,5.30591082,-1.53165419,-0.90000000,,德业股份
2025-11-12,605117,57.36000000,56.54000000,57.64000000,55.24000000,,168923.00000000,4.24478245,-2.28136882,-1.32000000,,德业股份
2025-11-13,605117,56.54000000,58.61000000,59.29000000,56.51000000,,174117.00000000,4.74321788,3.66112487,2.07000000,,德业股份
2025-11-14,605117,57.07000000,57.79000000,59.79000000,56.84000000,,133152.00000000,5.10468939,-1.39907866,-0.82000000,,德业股份
2025-11-17,605117,57.29000000,58.54000000,58.64000000,55.99000000,,128211.00000000,4.52681927,1.29780239,0.75000000,,德业股份
2025-11-18,605117,58.47000000,56.51000000,59.79000000,56.23000000,,155080.00000000,6.29976995,-3.46771438,-2.03000000,,德业股份
2025-11-19,605117,56.28000000,55.69000000,57.09000000,55.50000000,,85578.00000000,2.85509068,-1.45107061,-0.82000000,,德业股份
2025-11-20,605117,56.21000000,54.50000000,56.28000000,54.45000000,,95521.00000000,3.35779817,-2.13682887,-1.19000000,,德业股份
2025-11-21,605117,52.36000000,53.29000000,55.06000000,52.36000000,,137734.00000000,5.06661663,-2.22018349,-1.21000000,,德业股份
2025-11-24,605117,53.53000000,55.14000000,55.14000000,52.32000000,,124910.00000000,5.11425462,3.47157065,1.85000000,,德业股份
2025-11-25,605117,55.06000000,55.15000000,56.88000000,55.06000000,,98106.00000000,3.30009066,0.01813565,0.01000000,,德业股份
2025-11-26,605117,55.38000000,55.06000000,55.84000000,54.65000000,,64908.00000000,2.16127861,-0.16319130,-0.09000000,,德业股份
2025-11-27,605117,55.40000000,54.35000000,56.36000000,54.29000000,,73265.00000000,3.80864765,-1.28950236,-0.71000000,,德业股份
2025-11-28,605117,53.72000000,56.57000000,56.57000000,53.69000000,,120560.00000000,5.09103765,4.08463661,2.22000000,,德业股份
2025-12-01,605117,56.60000000,57.06000000,57.76000000,56.09000000,,100268.00000000,2.92674378,0.86618349,0.49000000,,德业股份
2025-12-02,605117,56.90000000,57.85000000,58.99000000,56.72000000,,111262.00000000,3.92394123,1.38450754,0.79000000,,德业股份
2025-12-03,605117,57.64000000,58.79000000,59.32000000,57.00000000,,104606.00000000,3.94624936,1.62489196,0.94000000,,德业股份
2025-12-04,605117,58.57000000,58.58000000,58.98000000,57.79000000,,58152.00000000,2.03141004,-0.35720361,-0.21000000,,德业股份
2025-12-05,605117,58.81000000,59.66000000,59.82000000,57.58000000,,86840.00000000,3.75460945,1.84363264,1.08000000,,德业股份
2025-12-08,605117,59.79000000,59.46000000,60.34000000,58.96000000,,73681.00000000,2.32088799,-0.33523299,-0.20000000,,德业股份
2025-12-09,605117,59.43000000,60.86000000,62.07000000,59.14000000,,105141.00000000,4.81432797,2.35452405,1.40000000,,德业股份
2025-12-10,605117,60.86000000,61.57000000,61.84000000,59.36000000,,80360.00000000,4.02793568,1.16661190,0.71000000,,德业股份
2025-12-11,605117,61.57000000,62.08000000,66.07000000,61.55000000,,137185.00000000,7.28092784,0.82832548,0.51000000,,德业股份
2025-12-12,605117,62.09000000,63.64000000,64.55000000,62.09000000,,105258.00000000,3.86549340,2.51288660,1.56000000,,德业股份
2025-12-15,605117,63.71000000,64.58000000,66.56000000,63.71000000,,126943.00000000,4.41313100,1.47705845,0.94000000,,德业股份
2025-12-16,605117,64.14000000,62.50000000,64.14000000,61.58000000,,109085.00000000,4.09600000,-3.22081140,-2.08000000,,德业股份
2025-12-17,605117,62.86000000,62.60000000,63.01000000,61.57000000,,84040.00000000,2.30031949,0.16000000,0.10000000,,德业股份
2025-12-18,605117,62.12000000,61.28000000,62.50000000,61.15000000,,72094.00000000,2.20300261,-2.10862620,-1.32000000,,德业股份
2025-12-19,605117,61.66000000,61.46000000,62.06000000,60.62000000,,63558.00000000,2.34298731,0.29373368,0.18000000,,德业股份
2025-12-22,605117,61.57000000,61.69000000,62.24000000,61.00000000,,72498.00000000,2.01005025,0.37422714,0.23000000,,德业股份
2025-12-23,605117,61.71000000,60.76000000,61.71000000,58.99000000,,101547.00000000,4.47662936,-1.50753769,-0.93000000,,德业股份
2025-12-24,605117,60.86000000,60.63000000,61.05000000,59.47000000,,86642.00000000,2.60597064,-0.21395655,-0.13000000,,德业股份
2025-12-25,605117,60.63000000,62.84000000,63.00000000,59.74000000,,98102.00000000,5.18777849,3.64506020,2.21000000,,德业股份
2025-12-26,605117,62.86000000,61.93000000,63.79000000,61.93000000,,87360.00000000,3.00339093,-1.44812222,-0.91000000,,德业股份
2025-12-29,605117,61.93000000,61.11000000,62.64000000,61.03000000,,72676.00000000,2.63459336,-1.32407557,-0.82000000,,德业股份
2025-12-30,605117,60.86000000,60.43000000,62.29000000,60.43000000,,70889.00000000,3.07794142,-1.11274750,-0.68000000,,德业股份
2025-12-31,605117,60.36000000,60.29000000,60.64000000,59.29000000,,65968.00000000,2.23917731,-0.23167301,-0.14000000,,德业股份
2026-01-05,605117,60.54000000,60.95000000,61.13000000,60.19000000,,66851.00000000,1.54224774,1.09470891,0.66000000,,德业股份
2026-01-06,605117,60.96000000,60.94000000,62.07000000,60.02000000,,80420.00000000,3.36396456,-0.01640689,-0.01000000,,德业股份
2026-01-07,605117,60.82000000,61.74000000,62.41000000,60.21000000,,93315.00000000,3.56333009,1.31276666,0.80000000,,德业股份
2026-01-08,605117,61.74000000,62.09000000,62.43000000,60.98000000,,86135.00000000,2.33531970,0.56689342,0.35000000,,德业股份
2026-01-09,605117,61.93000000,60.86000000,62.14000000,60.19000000,,118300.00000000,3.20407493,-1.98099533,-1.23000000,,德业股份
2026-01-12,605117,61.93000000,60.41000000,62.39000000,59.56000000,,144292.00000000,4.68465486,-0.73940191,-0.45000000,,德业股份
2026-01-13,605117,60.04000000,59.32000000,60.68000000,58.56000000,,117446.00000000,3.57383682,-1.80433703,-1.09000000,,德业股份
2026-01-14,605117,59.06000000,58.50000000,60.00000000,57.93000000,,117992.00000000,3.53846154,-1.38233311,-0.82000000,,德业股份
2026-01-15,605117,58.00000000,59.50000000,60.06000000,58.00000000,,95393.00000000,3.46218487,1.70940171,1.00000000,,德业股份
2026-01-16,605117,59.77000000,59.56000000,60.32000000,58.62000000,,121092.00000000,2.85426461,0.10084034,0.06000000,,德业股份
2026-01-19,605117,59.68000000,60.04000000,61.21000000,59.27000000,,113427.00000000,3.23117921,0.80591001,0.48000000,,德业股份
2026-01-20,605117,60.06000000,59.24000000,60.69000000,58.71000000,,73221.00000000,3.34233626,-1.33244504,-0.80000000,,德业股份
2026-01-21,605117,58.81000000,59.65000000,60.40000000,58.75000000,,86698.00000000,2.76613579,0.69209993,0.41000000,,德业股份
2026-01-22,605117,59.99000000,60.93000000,61.32000000,59.70000000,,105372.00000000,2.65878877,2.14585080,1.28000000,,德业股份
2026-01-23,605117,61.11000000,61.94000000,62.60000000,61.06000000,,149861.00000000,2.48627704,1.65763991,1.01000000,,德业股份
2026-01-26,605117,64.12000000,65.81000000,67.09000000,64.12000000,,222286.00000000,4.51299195,6.24798192,3.87000000,,德业股份
2026-01-27,605117,65.67000000,66.11000000,67.60000000,63.92000000,,128057.00000000,5.56648011,0.45585777,0.30000000,,德业股份
2026-01-28,605117,66.11000000,63.36000000,66.11000000,62.41000000,,136421.00000000,5.83964646,-4.15973378,-2.75000000,,德业股份
2026-01-29,605117,62.66000000,60.40000000,63.27000000,60.07000000,,109775.00000000,5.29801325,-4.67171717,-2.96000000,,德业股份
2026-01-30,605117,59.79000000,58.69000000,60.39000000,58.21000000,,85945.00000000,3.71443176,-2.83112583,-1.71000000,,德业股份
2026-02-02,605117,58.36000000,58.15000000,59.72000000,58.09000000,,71210.00000000,2.80309544,-0.92008860,-0.54000000,,德业股份
2026-02-03,605117,58.43000000,61.86000000,62.16000000,58.24000000,,126742.00000000,6.33688975,6.38005159,3.71000000,,德业股份
2026-02-04,605117,61.57000000,63.25000000,63.35000000,61.25000000,,96902.00000000,3.32015810,2.24700938,1.39000000,,德业股份
2026-02-05,605117,62.64000000,60.53000000,62.78000000,59.93000000,,86825.00000000,4.70840905,-4.30039526,-2.72000000,,德业股份
2026-02-06,605117,60.01000000,60.91000000,62.12000000,59.14000000,,89308.00000000,4.89246429,0.62778787,0.38000000,,德业股份
2026-02-09,605117,61.79000000,65.24000000,65.77000000,61.14000000,,123998.00000000,7.09687308,7.10884912,4.33000000,,德业股份
2026-02-10,605117,65.16000000,66.73000000,67.43000000,64.98000000,,102768.00000000,3.67151206,2.28387492,1.49000000,,德业股份
2026-02-11,605117,67.36000000,67.71000000,68.63000000,66.93000000,,73335.00000000,2.51070743,1.46860483,0.98000000,,德业股份
2026-02-12,605117,67.71000000,67.79000000,68.33000000,67.07000000,,41921.00000000,1.85868122,0.11815094,0.08000000,,德业股份
2026-02-13,605117,67.78000000,66.29000000,67.78000000,65.93000000,,50914.00000000,2.79076784,-2.21271574,-1.50000000,,德业股份
2026-02-24,605117,66.29000000,64.62000000,67.29000000,64.51000000,,65278.00000000,4.30207366,-2.51923367,-1.67000000,,德业股份
2026-02-25,605117,64.81000000,69.04000000,70.60000000,63.92000000,,110408.00000000,9.67555041,6.83998762,4.42000000,,德业股份
2026-02-26,605117,69.04000000,68.95000000,71.61000000,67.65000000,,150121.00000000,5.74329224,-0.13035921,-0.09000000,,德业股份
2026-02-27,605117,68.93000000,73.36000000,73.47000000,68.36000000,,141067.00000000,6.96564885,6.39593909,4.41000000,,德业股份
2026-03-02,605117,72.06000000,80.82000000,80.82000000,72.06000000,,159931.00000000,10.83890126,10.16902944,7.46000000,,德业股份
2026-03-03,605117,85.42000000,85.83000000,89.04000000,85.42000000,,266745.00000000,4.21763952,6.19896065,5.01000000,,德业股份
2026-03-04,605117,85.14000000,86.72000000,90.13000000,83.00000000,,160530.00000000,8.22186347,1.03693347,0.89000000,,德业股份
2026-03-05,605117,87.29000000,84.71000000,88.01000000,83.72000000,,144111.00000000,5.06433715,-2.31780443,-2.01000000,,德业股份
2026-03-06,605117,83.97000000,81.53000000,84.06000000,79.43000000,,139445.00000000,5.67889121,-3.75398418,-3.18000000,,德业股份
2026-03-09,605117,81.56000000,87.64000000,89.07000000,80.70000000,,242898.00000000,9.55043359,7.49417392,6.11000000,,德业股份
2026-03-10,605117,84.79000000,84.35000000,85.86000000,81.93000000,,161948.00000000,4.65915827,-3.75399361,-3.29000000,,德业股份
2026-03-11,605117,83.72000000,92.91000000,92.91000000,83.71000000,,139427.00000000,9.90205575,10.14819206,8.56000000,,德业股份
2026-03-12,605117,95.27000000,95.85000000,98.69000000,91.56000000,,334384.00000000,7.43870631,3.16435260,2.94000000,,德业股份
2026-03-13,605117,97.79000000,94.53000000,98.87000000,93.86000000,,209070.00000000,5.29990479,-1.37715180,-1.32000000,,德业股份
2026-03-16,605117,95.27000000,91.57000000,96.50000000,90.71000000,,171492.00000000,6.32303156,-3.13128107,-2.96000000,,德业股份
2026-03-17,605117,93.00000000,88.67000000,93.46000000,87.99000000,,165635.00000000,6.16894102,-3.16697608,-2.90000000,,德业股份
2026-03-18,605117,88.71000000,90.06000000,90.42000000,86.96000000,,130465.00000000,3.84188319,1.56761024,1.39000000,,德业股份
2026-03-19,605117,90.15000000,90.15000000,94.14000000,89.61000000,,130829.00000000,5.02495840,0.09993338,0.09000000,,德业股份
2026-03-20,605117,90.50000000,99.21000000,99.29000000,90.50000000,,338700.00000000,8.85999395,10.04991681,9.06000000,,德业股份
2026-03-23,605117,94.19000000,96.56000000,100.14000000,93.93000000,,274351.00000000,6.43123447,-2.67110170,-2.65000000,,德业股份
2026-03-24,605117,95.59000000,95.20000000,95.86000000,90.77000000,,194456.00000000,5.34663866,-1.40845070,-1.36000000,,德业股份
2026-03-25,605117,93.76000000,91.93000000,94.43000000,89.07000000,,257649.00000000,5.83052322,-3.43487395,-3.27000000,,德业股份
2026-03-26,605117,89.34000000,92.46000000,94.79000000,89.21000000,,189739.00000000,6.03504218,0.57652562,0.53000000,,德业股份
2026-03-27,605117,90.93000000,91.45000000,93.54000000,89.36000000,,150706.00000000,4.57080372,-1.09236427,-1.01000000,,德业股份
2026-03-30,605117,92.36000000,91.66000000,94.57000000,88.96000000,,138678.00000000,6.12044512,0.22963368,0.21000000,,德业股份
2026-03-31,605117,90.86000000,92.61000000,96.49000000,88.49000000,,152628.00000000,8.63837599,1.03643901,0.95000000,,德业股份
2026-04-01,605117,91.57000000,89.46000000,95.49000000,89.35000000,,175223.00000000,6.86340264,-3.40136054,-3.15000000,,德业股份
2026-04-02,605117,90.29000000,86.57000000,90.86000000,86.07000000,,173168.00000000,5.53309461,-3.23049408,-2.89000000,,德业股份
2026-04-03,605117,87.51000000,85.79000000,88.00000000,84.34000000,,130477.00000000,4.26623150,-0.90100497,-0.78000000,,德业股份
2026-04-07,605117,86.21000000,87.75000000,89.41000000,85.78000000,,89840.00000000,4.13675214,2.28464856,1.96000000,,德业股份
2026-04-08,605117,87.96000000,86.79000000,88.43000000,84.43000000,,129180.00000000,4.60882590,-1.09401709,-0.96000000,,德业股份
2026-04-09,605117,86.14000000,89.36000000,91.46000000,86.13000000,,148076.00000000,5.96463742,2.96117064,2.57000000,,德业股份
2026-04-10,605117,95.86000000,98.43000000,98.43000000,95.69000000,,127773.00000000,2.78370416,10.14995524,9.07000000,,德业股份
2026-04-13,605117,98.43000000,103.67000000,108.40000000,96.72000000,,421391.00000000,11.26651876,5.32358021,5.24000000,,德业股份
2026-04-14,605117,104.43000000,101.93000000,105.71000000,100.20000000,,219017.00000000,5.40567056,-1.67840262,-1.74000000,,德业股份
2026-04-15,605117,100.86000000,96.07000000,100.86000000,95.52000000,,210071.00000000,5.55844697,-5.74904346,-5.86000000,,德业股份
2026-04-16,605117,96.93000000,98.71000000,101.16000000,95.27000000,,198014.00000000,5.96697396,2.74799625,2.64000000,,德业股份
2026-04-17,605117,98.00000000,101.56000000,102.09000000,97.43000000,,185847.00000000,4.58842064,2.88724547,2.85000000,,德业股份
2026-04-20,605117,101.56000000,100.91000000,104.42000000,100.45000000,,139512.00000000,3.93419879,-0.64001575,-0.65000000,,德业股份
2026-04-21,605117,101.21000000,100.86000000,102.26000000,99.49000000,,92025.00000000,2.74638112,-0.04954910,-0.05000000,,德业股份
2026-04-22,605117,101.24000000,102.43000000,102.83000000,99.41000000,,110771.00000000,3.33886557,1.55661313,1.57000000,,德业股份
2026-04-23,605117,103.36000000,105.00000000,107.12000000,101.94000000,,155588.00000000,4.93333333,2.50903056,2.57000000,,德业股份
2026-04-24,605117,103.93000000,103.59000000,105.50000000,100.57000000,,115423.00000000,4.75914664,-1.34285714,-1.41000000,,德业股份
2026-04-27,605117,101.57000000,99.21000000,102.90000000,98.72000000,,163510.00000000,4.21328495,-4.22820736,-4.38000000,,德业股份
2026-04-28,605117,98.58000000,98.69000000,100.54000000,97.91000000,,96616.00000000,2.66491033,-0.52414071,-0.52000000,,德业股份
2026-04-29,605117,98.00000000,104.16000000,105.47000000,97.94000000,,169829.00000000,7.22926267,5.54260817,5.47000000,,德业股份
2026-04-30,605117,105.86000000,106.31000000,110.00000000,104.43000000,,150402.00000000,5.23939422,2.06413210,2.15000000,,德业股份
2026-05-06,605117,107.47000000,112.46000000,112.95000000,104.11000000,,156630.00000000,7.86057265,5.78496849,6.15000000,,德业股份
2026-05-07,605117,111.57000000,108.96000000,112.29000000,107.84000000,,147483.00000000,4.08406755,-3.11221768,-3.50000000,,德业股份
2026-05-08,605117,107.52000000,106.76000000,110.12000000,105.53000000,,107447.00000000,4.29936306,-2.01908957,-2.20000000,,德业股份
2026-05-11,605117,106.27000000,114.12000000,116.25000000,105.14000000,,170699.00000000,9.73536628,6.89396778,7.36000000,,德业股份
2026-05-12,605117,114.14000000,112.16000000,114.79000000,111.24000000,,104818.00000000,3.16512126,-1.71749036,-1.96000000,,德业股份
2026-05-13,605117,111.59000000,112.19000000,113.63000000,110.20000000,,103489.00000000,3.05731349,0.02674750,0.03000000,,德业股份
2026-05-14,605117,112.79000000,106.70000000,112.99000000,106.43000000,,134355.00000000,6.14807873,-4.89348427,-5.49000000,,德业股份
2026-05-15,605117,106.29000000,106.09000000,108.44000000,104.02000000,,148971.00000000,4.16627392,-0.57169634,-0.61000000,,德业股份
2026-05-18,605117,105.86000000,112.49000000,112.91000000,103.36000000,,155432.00000000,8.48964352,6.03261382,6.40000000,,德业股份
2026-05-19,605117,112.63000000,111.31000000,118.07000000,110.14000000,,129780.00000000,7.12424760,-1.04898213,-1.18000000,,德业股份
2026-05-20,605117,111.01000000,119.93000000,122.56000000,111.01000000,,261375.00000000,9.63061786,7.74413799,8.62000000,,德业股份
2026-05-21,605117,120.01000000,119.18000000,123.40000000,115.87000000,,163102.00000000,6.31817419,-0.62536480,-0.75000000,,德业股份
2026-05-22,605117,119.25000000,120.70000000,124.66000000,118.47000000,,179221.00000000,5.12841756,1.27538178,1.52000000,,德业股份
2026-05-25,605117,118.29000000,118.36000000,119.67000000,114.06000000,,174806.00000000,4.73977695,-1.93869097,-2.34000000,,德业股份
2026-05-26,605117,117.00000000,116.06000000,121.26000000,114.65000000,,213776.00000000,5.69533000,-1.94322406,-2.30000000,,德业股份
2026-05-27,605117,118.45000000,122.40000000,126.90000000,117.60000000,,237819.00000000,7.59803922,5.46269171,6.34000000,,德业股份
2026-05-28,605117,122.40000000,121.81000000,123.66000000,118.60000000,,179389.00000000,4.15401034,-0.48202614,-0.59000000,,德业股份
2026-05-29,605117,121.81000000,115.64000000,122.60000000,115.00000000,,187143.00000000,6.57212037,-5.06526558,-6.17000000,,德业股份
2026-06-01,605117,116.33000000,114.00000000,122.36000000,113.05000000,,249041.00000000,8.16666667,-1.41819440,-1.64000000,,德业股份
2026-06-02,605117,113.70000000,111.10000000,114.20000000,107.61000000,,197687.00000000,5.93159316,-2.54385965,-2.90000000,,德业股份
2026-06-03,605117,109.00000000,115.33000000,119.48000000,109.00000000,,247954.00000000,9.08696783,3.80738074,4.23000000,,德业股份
2026-06-04,605117,114.02000000,112.28000000,115.56000000,111.10000000,,169731.00000000,3.97221233,-2.64458510,-3.05000000,,德业股份
2026-06-05,605117,112.28000000,104.91000000,112.60000000,103.60000000,,247859.00000000,8.57878181,-6.56394727,-7.37000000,,德业股份
2026-06-08,605117,101.66000000,102.17000000,105.49000000,100.77000000,,160660.00000000,4.61975139,-2.61176246,-2.74000000,,德业股份
2026-06-09,605117,105.00000000,103.87000000,105.00000000,100.75000000,,131378.00000000,4.09165303,1.66389351,1.70000000,,德业股份
2026-06-10,605117,103.35000000,103.70000000,104.66000000,99.70000000,,161216.00000000,4.78302797,-0.16366612,-0.17000000,,德业股份
2026-06-11,605117,103.70000000,101.20000000,105.00000000,98.73000000,,167383.00000000,6.19565217,-2.41080039,-2.50000000,,德业股份
2026-06-12,605117,103.00000000,103.79000000,105.91000000,100.57000000,,278637.00000000,5.14500434,2.55928854,2.59000000,,德业股份
2026-06-15,605117,102.28000000,100.96000000,102.49000000,94.00000000,,313339.00000000,8.40927100,-2.72665960,-2.83000000,,德业股份
2026-06-16,605117,102.81000000,102.42000000,105.91000000,100.66000000,,224424.00000000,5.12595196,1.44611727,1.46000000,,德业股份
2026-06-17,605117,101.48000000,103.08000000,103.79000000,100.00000000,,178117.00000000,3.67675592,0.64440539,0.66000000,,德业股份
2026-06-18,605117,103.00000000,103.20000000,106.00000000,101.30000000,,182957.00000000,4.55426357,0.11641444,0.12000000,,德业股份
2026-06-22,605117,105.10000000,109.00000000,110.36000000,104.10000000,,298383.00000000,5.74311927,5.62015504,5.80000000,,德业股份
2026-06-23,605117,109.50000000,101.44000000,109.55000000,101.03000000,,265469.00000000,8.39905363,-6.93577982,-7.56000000,,德业股份
2026-06-24,605117,102.00000000,99.75000000,102.56000000,99.00000000,,180704.00000000,3.56892231,-1.66600946,-1.69000000,,德业股份
2026-06-25,605117,99.28000000,99.32000000,100.20000000,97.50000000,,193269.00000000,2.71848570,-0.43107769,-0.43000000,,德业股份
2026-06-26,605117,99.30000000,96.49000000,100.45000000,96.36000000,,155727.00000000,4.23878122,-2.84937576,-2.83000000,,德业股份
2026-06-29,605117,97.76000000,104.27000000,104.86000000,97.64000000,,296838.00000000,6.92433106,8.06301171,7.78000000,,德业股份
2026-06-30,605117,105.00000000,106.18000000,107.12000000,101.79000000,,205514.00000000,5.01977774,1.83178287,1.91000000,,德业股份
2026-07-01,605117,104.50000000,101.50000000,104.56000000,97.00000000,,246572.00000000,7.44827586,-4.40760972,-4.68000000,,德业股份
2026-07-02,605117,99.47000000,94.66000000,100.96000000,94.50000000,,180347.00000000,6.82442426,-6.73891626,-6.84000000,,德业股份
2026-07-03,605117,94.57000000,96.44000000,97.97000000,93.78000000,,138945.00000000,4.34467026,1.88041411,1.78000000,,德业股份
