trade_date,ts_code,open,close,high,low,volume,amount,amplitude_pct,pct_change,price_change,turnover_rate,stock_name
2015-01-05,000333,71.70000000,76.70000000,77.25000000,71.70000000,974090,2869142864.00000000,7.86000000,8.64000000,6.10000000,4.35000000,美的集团
2015-01-06,000333,76.65000000,81.28000000,83.23000000,75.65000000,871278,2743939040.00000000,9.88000000,5.97000000,4.58000000,3.89000000,美的集团
2015-01-07,000333,81.30000000,81.13000000,82.83000000,79.30000000,368274,1158683568.00000000,4.34000000,-0.18000000,-0.15000000,1.65000000,美的集团
2015-01-08,000333,80.65000000,82.25000000,83.90000000,79.25000000,531175,1697994864.00000000,5.73000000,1.38000000,1.12000000,2.37000000,美的集团
2015-01-09,000333,81.93000000,79.78000000,84.00000000,79.73000000,433168,1390729216.00000000,5.19000000,-3.00000000,-2.47000000,1.94000000,美的集团
2015-01-12,000333,79.70000000,82.05000000,83.63000000,78.25000000,438235,1396137824.00000000,6.74000000,2.85000000,2.27000000,1.96000000,美的集团
2015-01-13,000333,82.03000000,85.00000000,85.70000000,80.78000000,455765,1491650112.00000000,6.00000000,3.60000000,2.95000000,2.04000000,美的集团
2015-01-14,000333,85.48000000,81.70000000,85.50000000,80.50000000,365270,1177626016.00000000,5.88000000,-3.88000000,-3.30000000,1.63000000,美的集团
2015-01-15,000333,81.63000000,82.13000000,83.13000000,79.63000000,309028,978807920.00000000,4.28000000,0.53000000,0.43000000,1.38000000,美的集团
2015-01-16,000333,82.00000000,80.70000000,82.13000000,79.88000000,378344,1188067584.00000000,2.74000000,-1.74000000,-1.43000000,1.69000000,美的集团
2015-01-19,000333,77.00000000,75.68000000,79.50000000,72.83000000,618834,1831044784.00000000,8.27000000,-6.22000000,-5.02000000,2.76000000,美的集团
2015-01-20,000333,75.78000000,78.25000000,79.18000000,75.70000000,445348,1341859264.00000000,4.60000000,3.40000000,2.57000000,1.99000000,美的集团
2015-01-21,000333,78.40000000,79.95000000,80.55000000,77.23000000,384730,1182623440.00000000,4.24000000,2.17000000,1.70000000,1.72000000,美的集团
2015-01-22,000333,79.98000000,79.15000000,80.45000000,78.25000000,261073,806314048.00000000,2.75000000,-1.00000000,-0.80000000,1.17000000,美的集团
2015-01-23,000333,79.23000000,78.25000000,80.20000000,77.78000000,268727,822756784.00000000,3.06000000,-1.14000000,-0.90000000,1.20000000,美的集团
2015-01-26,000333,79.00000000,79.00000000,79.73000000,78.35000000,245192,755111200.00000000,1.76000000,0.96000000,0.75000000,1.10000000,美的集团
2015-01-27,000333,79.55000000,79.13000000,80.25000000,77.63000000,357518,1102678176.00000000,3.32000000,0.16000000,0.13000000,1.60000000,美的集团
2015-01-28,000333,78.13000000,77.95000000,79.03000000,77.15000000,226393,688043456.00000000,2.38000000,-1.49000000,-1.18000000,1.01000000,美的集团
2015-01-29,000333,76.08000000,76.75000000,77.75000000,76.00000000,239345,714512240.00000000,2.25000000,-1.54000000,-1.20000000,1.07000000,美的集团
2015-01-30,000333,76.90000000,77.08000000,79.25000000,76.88000000,260779,794075680.00000000,3.09000000,0.43000000,0.33000000,1.16000000,美的集团
2015-02-02,000333,75.75000000,74.23000000,76.85000000,74.20000000,232591,681058832.00000000,3.44000000,-3.70000000,-2.85000000,1.04000000,美的集团
2015-02-03,000333,75.65000000,75.43000000,75.75000000,74.50000000,179335,524301376.00000000,1.68000000,1.62000000,1.20000000,0.80000000,美的集团
2015-02-04,000333,76.40000000,75.28000000,77.68000000,75.25000000,209304,624896144.00000000,3.22000000,-0.20000000,-0.15000000,0.94000000,美的集团
2015-02-05,000333,77.00000000,74.50000000,78.23000000,74.50000000,295479,881037152.00000000,4.95000000,-1.04000000,-0.78000000,1.32000000,美的集团
2015-02-06,000333,74.53000000,74.78000000,76.33000000,73.28000000,156431,456274576.00000000,4.09000000,0.38000000,0.28000000,0.70000000,美的集团
2015-02-09,000333,74.95000000,75.90000000,76.98000000,74.53000000,180040,531394688.00000000,3.28000000,1.50000000,1.12000000,0.80000000,美的集团
2015-02-10,000333,76.75000000,78.13000000,78.45000000,76.25000000,236686,716106944.00000000,2.90000000,2.94000000,2.23000000,1.06000000,美的集团
2015-02-11,000333,79.00000000,77.93000000,79.00000000,77.55000000,161157,491666592.00000000,1.86000000,-0.26000000,-0.20000000,0.72000000,美的集团
2015-02-12,000333,78.25000000,77.98000000,78.90000000,77.40000000,134675,409651056.00000000,1.92000000,0.06000000,0.05000000,0.60000000,美的集团
2015-02-13,000333,78.28000000,77.83000000,78.90000000,77.35000000,229371,697578080.00000000,1.99000000,-0.19000000,-0.15000000,1.02000000,美的集团
2015-02-16,000333,78.10000000,77.45000000,78.25000000,77.00000000,195260,589192000.00000000,1.61000000,-0.49000000,-0.38000000,0.87000000,美的集团
2015-02-17,000333,77.75000000,80.98000000,81.60000000,77.25000000,383480,1197468848.00000000,5.62000000,4.56000000,3.53000000,1.71000000,美的集团
2015-02-25,000333,81.75000000,81.48000000,82.88000000,80.25000000,367335,1169279088.00000000,3.25000000,0.62000000,0.50000000,1.64000000,美的集团
2015-02-26,000333,81.15000000,81.38000000,81.48000000,79.80000000,186843,588438224.00000000,2.06000000,-0.12000000,-0.10000000,0.83000000,美的集团
2015-02-27,000333,81.25000000,80.65000000,81.95000000,79.98000000,199394,628723856.00000000,2.42000000,-0.90000000,-0.73000000,0.89000000,美的集团
2015-03-02,000333,80.85000000,80.65000000,81.58000000,79.85000000,263777,829426912.00000000,2.15000000,0.00000000,0.00000000,1.18000000,美的集团
2015-03-03,000333,79.93000000,77.85000000,80.80000000,77.75000000,284078,876160816.00000000,3.78000000,-3.47000000,-2.80000000,1.27000000,美的集团
2015-03-04,000333,77.75000000,79.00000000,79.85000000,77.38000000,245914,754765664.00000000,3.17000000,1.48000000,1.15000000,1.10000000,美的集团
2015-03-05,000333,77.50000000,76.25000000,78.23000000,75.75000000,347095,1034165920.00000000,3.14000000,-3.48000000,-2.75000000,1.55000000,美的集团
2015-03-06,000333,76.38000000,75.55000000,76.88000000,75.00000000,214176,631626256.00000000,2.47000000,-0.92000000,-0.70000000,0.96000000,美的集团
2015-03-09,000333,74.50000000,76.95000000,77.00000000,74.00000000,257170,754379056.00000000,3.97000000,1.85000000,1.40000000,1.15000000,美的集团
2015-03-10,000333,76.63000000,76.53000000,77.83000000,76.15000000,189737,567670944.00000000,2.18000000,-0.55000000,-0.42000000,0.85000000,美的集团
2015-03-11,000333,76.55000000,79.43000000,79.43000000,76.53000000,320505,984717488.00000000,3.79000000,3.79000000,2.90000000,1.43000000,美的集团
2015-03-12,000333,80.30000000,78.70000000,80.45000000,78.65000000,202731,626647856.00000000,2.27000000,-0.92000000,-0.73000000,0.91000000,美的集团
2015-03-13,000333,78.73000000,79.50000000,80.75000000,78.50000000,197035,610843504.00000000,2.86000000,1.02000000,0.80000000,0.88000000,美的集团
2015-03-16,000333,80.00000000,80.75000000,81.00000000,78.75000000,242842,759688512.00000000,2.83000000,1.57000000,1.25000000,1.08000000,美的集团
2015-03-17,000333,81.38000000,80.68000000,81.45000000,80.00000000,291110,914548640.00000000,1.80000000,-0.09000000,-0.07000000,1.30000000,美的集团
2015-03-18,000333,81.25000000,81.98000000,82.00000000,80.30000000,379772,1202635552.00000000,2.11000000,1.61000000,1.30000000,1.70000000,美的集团
2015-03-19,000333,82.45000000,82.00000000,83.70000000,81.23000000,342732,1097843456.00000000,3.01000000,0.02000000,0.02000000,1.53000000,美的集团
2015-03-20,000333,81.65000000,80.78000000,82.75000000,80.65000000,315218,997473408.00000000,2.56000000,-1.49000000,-1.22000000,1.41000000,美的集团
2015-03-23,000333,81.53000000,82.53000000,83.43000000,81.00000000,319577,1027188080.00000000,3.01000000,2.17000000,1.75000000,1.43000000,美的集团
2015-03-24,000333,83.53000000,82.23000000,83.95000000,80.83000000,391889,1251489008.00000000,3.78000000,-0.36000000,-0.30000000,1.75000000,美的集团
2015-03-25,000333,81.00000000,80.85000000,81.58000000,80.50000000,283499,894341728.00000000,1.31000000,-1.68000000,-1.38000000,1.27000000,美的集团
2015-03-31,000333,88.73000000,84.38000000,88.73000000,83.28000000,756005,2544112368.00000000,6.74000000,4.37000000,3.53000000,3.38000000,美的集团
2015-04-01,000333,84.48000000,87.45000000,88.25000000,83.75000000,478801,1625659200.00000000,5.33000000,3.64000000,3.07000000,2.14000000,美的集团
2015-04-02,000333,88.43000000,87.60000000,88.70000000,85.58000000,408294,1388517376.00000000,3.57000000,0.17000000,0.15000000,1.82000000,美的集团
2015-04-03,000333,87.33000000,86.70000000,87.33000000,85.63000000,368145,1241541728.00000000,1.94000000,-1.03000000,-0.90000000,1.64000000,美的集团
2015-04-07,000333,87.78000000,87.38000000,89.23000000,86.30000000,489144,1669415856.00000000,3.38000000,0.78000000,0.68000000,2.19000000,美的集团
2015-04-08,000333,87.63000000,86.78000000,87.70000000,85.28000000,373640,1263790176.00000000,2.77000000,-0.69000000,-0.60000000,1.67000000,美的集团
2015-04-09,000333,86.78000000,84.20000000,86.88000000,83.33000000,407551,1347286960.00000000,4.09000000,-2.97000000,-2.58000000,1.82000000,美的集团
2015-04-10,000333,83.05000000,85.80000000,86.00000000,83.05000000,354208,1173751440.00000000,3.50000000,1.90000000,1.60000000,1.58000000,美的集团
2015-04-13,000333,86.25000000,84.50000000,87.63000000,84.00000000,720829,2402703008.00000000,4.23000000,-1.52000000,-1.30000000,3.22000000,美的集团
2015-04-14,000333,84.45000000,85.03000000,85.63000000,83.60000000,428323,1414253616.00000000,2.40000000,0.63000000,0.53000000,1.91000000,美的集团
2015-04-15,000333,84.88000000,82.08000000,84.88000000,82.08000000,418642,1364833344.00000000,3.29000000,-3.47000000,-2.95000000,1.87000000,美的集团
2015-04-16,000333,82.08000000,85.50000000,85.50000000,81.65000000,426191,1403986912.00000000,4.69000000,4.17000000,3.42000000,1.90000000,美的集团
2015-04-17,000333,87.38000000,91.45000000,93.25000000,86.20000000,783782,2753413392.00000000,8.25000000,6.96000000,5.95000000,3.50000000,美的集团
2015-04-20,000333,91.25000000,89.75000000,93.23000000,88.58000000,574722,2037619456.00000000,5.08000000,-1.86000000,-1.70000000,2.57000000,美的集团
2015-04-21,000333,90.73000000,94.50000000,94.88000000,89.95000000,571303,2084685392.00000000,5.49000000,5.29000000,4.75000000,2.55000000,美的集团
2015-04-22,000333,96.25000000,94.53000000,99.20000000,94.50000000,554254,2090318128.00000000,4.97000000,0.03000000,0.03000000,2.48000000,美的集团
2015-04-23,000333,94.63000000,93.33000000,95.73000000,92.43000000,368862,1348921184.00000000,3.49000000,-1.27000000,-1.20000000,1.65000000,美的集团
2015-04-24,000333,92.63000000,92.50000000,94.43000000,91.50000000,338082,1226160176.00000000,3.14000000,-0.89000000,-0.83000000,1.51000000,美的集团
2015-04-27,000333,93.50000000,93.45000000,95.60000000,92.40000000,335692,1229272896.00000000,3.46000000,1.03000000,0.95000000,1.50000000,美的集团
2015-04-28,000333,95.70000000,95.43000000,99.20000000,93.88000000,812132,3077442720.00000000,5.69000000,2.12000000,1.98000000,3.63000000,美的集团
2015-04-29,000333,96.55000000,95.63000000,97.93000000,95.18000000,461961,1737329728.00000000,2.88000000,0.21000000,0.20000000,2.06000000,美的集团
2015-04-30,000333,95.20000000,96.93000000,98.65000000,94.50000000,544094,2013059392.00000000,4.34000000,1.36000000,1.30000000,2.43000000,美的集团
2015-05-04,000333,96.88000000,94.70000000,96.90000000,94.25000000,374430,1354295616.00000000,2.73000000,-2.30000000,-2.23000000,1.67000000,美的集团
2015-05-05,000333,94.25000000,89.73000000,94.45000000,89.18000000,417785,1448340880.00000000,5.56000000,-5.25000000,-4.97000000,1.87000000,美的集团
2015-05-06,000333,91.50000000,89.83000000,91.83000000,89.28000000,354350,1220652192.00000000,2.84000000,0.11000000,0.10000000,1.58000000,美的集团
2015-05-07,000333,89.50000000,91.70000000,92.33000000,88.80000000,285206,982493600.00000000,3.93000000,2.08000000,1.87000000,1.27000000,美的集团
2015-05-08,000333,93.25000000,92.50000000,94.15000000,91.38000000,349913,1233945872.00000000,3.02000000,0.87000000,0.80000000,1.56000000,美的集团
2015-05-11,000333,92.25000000,93.63000000,93.63000000,90.95000000,403565,1418239408.00000000,2.90000000,1.22000000,1.13000000,1.80000000,美的集团
2015-05-12,000333,93.75000000,93.15000000,94.95000000,92.25000000,322856,1144930464.00000000,2.88000000,-0.51000000,-0.48000000,1.44000000,美的集团
2015-05-13,000333,93.38000000,94.25000000,95.75000000,92.50000000,387289,1388811792.00000000,3.49000000,1.18000000,1.10000000,1.73000000,美的集团
2015-05-14,000333,93.93000000,93.03000000,94.88000000,92.63000000,234745,835156560.00000000,2.39000000,-1.29000000,-1.22000000,1.05000000,美的集团
2015-05-15,000333,92.63000000,90.00000000,92.73000000,89.40000000,269699,927394560.00000000,3.58000000,-3.26000000,-3.03000000,1.20000000,美的集团
2015-05-18,000333,89.50000000,87.53000000,89.50000000,87.33000000,307735,1028329360.00000000,2.41000000,-2.74000000,-2.47000000,1.37000000,美的集团
2015-05-19,000333,87.83000000,91.58000000,92.00000000,87.75000000,355211,1217427328.00000000,4.86000000,4.63000000,4.05000000,1.59000000,美的集团
2015-05-20,000333,93.50000000,94.10000000,95.90000000,92.55000000,488654,1757078672.00000000,3.66000000,2.75000000,2.52000000,2.18000000,美的集团
2015-05-21,000333,95.70000000,99.75000000,100.70000000,95.70000000,498515,1877053024.00000000,5.31000000,6.00000000,5.65000000,2.23000000,美的集团
2015-05-22,000333,100.25000000,99.80000000,100.88000000,97.05000000,356611,1349015808.00000000,3.84000000,0.05000000,0.05000000,1.59000000,美的集团
2015-05-25,000333,99.88000000,100.95000000,101.60000000,98.25000000,379496,1454409536.00000000,3.36000000,1.15000000,1.15000000,1.70000000,美的集团
2015-05-26,000333,100.95000000,105.95000000,108.23000000,100.90000000,496758,2002994864.00000000,7.26000000,4.95000000,5.00000000,2.22000000,美的集团
2015-05-27,000333,106.00000000,103.58000000,107.18000000,102.98000000,339750,1357280848.00000000,3.96000000,-2.24000000,-2.37000000,1.52000000,美的集团
2015-05-28,000333,103.58000000,96.60000000,104.50000000,96.50000000,392373,1510353312.00000000,7.72000000,-6.74000000,-6.98000000,1.74000000,美的集团
2015-05-29,000333,96.63000000,97.00000000,98.25000000,92.75000000,426959,1568373520.00000000,5.69000000,0.41000000,0.40000000,1.90000000,美的集团
2015-06-01,000333,97.28000000,100.50000000,100.75000000,96.95000000,347681,1322991776.00000000,3.92000000,3.61000000,3.50000000,1.54000000,美的集团
2015-06-02,000333,100.53000000,100.60000000,101.00000000,98.00000000,368187,1398865616.00000000,2.99000000,0.10000000,0.10000000,1.64000000,美的集团
2015-06-03,000333,100.63000000,102.25000000,103.50000000,100.35000000,414235,1614196096.00000000,3.13000000,1.64000000,1.65000000,1.84000000,美的集团
2015-06-04,000333,102.00000000,99.58000000,102.00000000,92.60000000,364131,1358142400.00000000,9.19000000,-2.61000000,-2.67000000,1.62000000,美的集团
2015-06-05,000333,100.15000000,98.70000000,101.95000000,96.88000000,457454,1742067808.00000000,5.09000000,-0.88000000,-0.88000000,2.03000000,美的集团
2015-06-08,000333,98.80000000,102.93000000,103.20000000,97.50000000,631148,2440146576.00000000,5.78000000,4.29000000,4.23000000,2.80000000,美的集团
2015-06-09,000333,103.00000000,101.05000000,104.05000000,100.00000000,416104,1627174960.00000000,3.93000000,-1.83000000,-1.88000000,1.85000000,美的集团
2015-06-10,000333,99.78000000,101.43000000,102.95000000,99.00000000,330608,1279451904.00000000,3.91000000,0.38000000,0.38000000,1.47000000,美的集团
2015-06-11,000333,101.43000000,99.70000000,102.65000000,98.78000000,304279,1164746128.00000000,3.82000000,-1.71000000,-1.73000000,1.35000000,美的集团
2015-06-12,000333,99.70000000,99.18000000,101.23000000,98.38000000,365252,1388734976.00000000,2.86000000,-0.52000000,-0.52000000,1.62000000,美的集团
2015-06-15,000333,99.33000000,95.78000000,99.70000000,95.40000000,435175,1608845728.00000000,4.34000000,-3.43000000,-3.40000000,1.93000000,美的集团
2015-06-16,000333,95.93000000,95.63000000,97.35000000,93.83000000,332034,1209704240.00000000,3.68000000,-0.16000000,-0.15000000,1.48000000,美的集团
2015-06-17,000333,96.38000000,96.95000000,97.50000000,94.53000000,259901,950098864.00000000,3.11000000,1.38000000,1.32000000,1.15000000,美的集团
2015-06-18,000333,96.95000000,94.28000000,97.35000000,94.15000000,302656,1103264288.00000000,3.30000000,-2.75000000,-2.67000000,1.34000000,美的集团
2015-06-19,000333,93.98000000,92.05000000,96.60000000,87.00000000,354525,1271766080.00000000,10.18000000,-2.37000000,-2.23000000,1.58000000,美的集团
2015-06-23,000333,91.95000000,99.50000000,99.88000000,91.50000000,527870,1937786928.00000000,9.10000000,8.09000000,7.45000000,2.35000000,美的集团
2015-06-24,000333,99.63000000,101.60000000,102.00000000,97.75000000,519622,1989228912.00000000,4.27000000,2.11000000,2.10000000,2.30000000,美的集团
2015-06-25,000333,102.25000000,96.28000000,104.20000000,94.50000000,570414,2181446384.00000000,9.55000000,-5.24000000,-5.32000000,2.52000000,美的集团
2015-06-26,000333,94.00000000,90.53000000,96.03000000,87.50000000,529917,1844983536.00000000,8.86000000,-5.97000000,-5.75000000,2.34000000,美的集团
2015-06-29,000333,94.50000000,90.25000000,96.10000000,85.75000000,909375,3191557520.00000000,11.43000000,-0.31000000,-0.28000000,4.02000000,美的集团
2015-06-30,000333,90.18000000,97.70000000,97.95000000,89.00000000,750789,2693630560.00000000,9.92000000,8.25000000,7.45000000,3.32000000,美的集团
2015-07-01,000333,97.00000000,93.50000000,99.00000000,93.30000000,485418,1794035024.00000000,5.83000000,-4.30000000,-4.20000000,2.14000000,美的集团
2015-07-02,000333,95.00000000,94.48000000,95.75000000,88.70000000,485779,1719085136.00000000,7.54000000,1.05000000,0.98000000,2.15000000,美的集团
2015-07-03,000333,94.50000000,87.75000000,94.50000000,86.40000000,608744,2089743168.00000000,8.57000000,-7.12000000,-6.73000000,2.69000000,美的集团
2015-07-06,000333,95.88000000,92.00000000,95.88000000,86.98000000,751780,2585614656.00000000,10.14000000,4.84000000,4.25000000,3.32000000,美的集团
2015-07-07,000333,89.53000000,90.08000000,91.85000000,86.75000000,773614,2625066224.00000000,5.54000000,-2.09000000,-1.92000000,3.42000000,美的集团
2015-07-08,000333,81.53000000,81.53000000,83.25000000,81.53000000,1153885,3574854288.00000000,1.91000000,-9.49000000,-8.55000000,5.10000000,美的集团
2015-07-09,000333,81.53000000,89.23000000,89.23000000,77.00000000,622432,2013181040.00000000,15.00000000,9.44000000,7.70000000,2.75000000,美的集团
2015-07-10,000333,89.50000000,97.63000000,97.70000000,89.23000000,721854,2651565392.00000000,9.49000000,9.41000000,8.40000000,3.19000000,美的集团
2015-07-13,000333,97.73000000,99.73000000,102.95000000,95.45000000,780976,2958227904.00000000,7.68000000,2.15000000,2.10000000,3.45000000,美的集团
2015-07-14,000333,97.83000000,94.60000000,98.38000000,94.53000000,522132,1909335120.00000000,3.86000000,-5.14000000,-5.13000000,2.31000000,美的集团
2015-07-15,000333,93.10000000,94.50000000,95.75000000,89.03000000,362584,1268218384.00000000,7.10000000,-0.11000000,-0.10000000,1.60000000,美的集团
2015-07-16,000333,94.50000000,93.50000000,95.50000000,91.70000000,308622,1105386576.00000000,4.02000000,-1.06000000,-1.00000000,1.36000000,美的集团
2015-07-17,000333,94.80000000,95.55000000,96.88000000,93.50000000,353281,1277383488.00000000,3.61000000,2.19000000,2.05000000,1.56000000,美的集团
2015-07-20,000333,95.88000000,93.58000000,95.90000000,92.75000000,291214,1046133936.00000000,3.30000000,-2.06000000,-1.97000000,1.29000000,美的集团
2015-07-21,000333,92.15000000,92.08000000,93.25000000,91.65000000,212712,747400352.00000000,1.71000000,-1.60000000,-1.50000000,0.94000000,美的集团
2015-07-22,000333,93.03000000,90.43000000,93.90000000,89.75000000,360193,1250358864.00000000,4.51000000,-1.79000000,-1.65000000,1.59000000,美的集团
2015-07-23,000333,90.25000000,91.63000000,92.00000000,89.50000000,318693,1104377600.00000000,2.76000000,1.33000000,1.20000000,1.41000000,美的集团
2015-07-24,000333,91.63000000,90.40000000,93.25000000,90.00000000,305409,1067331952.00000000,3.55000000,-1.34000000,-1.23000000,1.35000000,美的集团
2015-07-27,000333,89.28000000,83.25000000,90.03000000,82.03000000,449320,1488742848.00000000,8.85000000,-7.91000000,-7.15000000,1.98000000,美的集团
2015-07-28,000333,81.68000000,86.70000000,88.38000000,80.90000000,563267,1814197728.00000000,8.98000000,4.14000000,3.45000000,2.49000000,美的集团
2015-07-29,000333,87.00000000,88.05000000,88.33000000,85.85000000,284790,939612400.00000000,2.86000000,1.56000000,1.35000000,1.26000000,美的集团
2015-07-30,000333,87.95000000,85.13000000,88.95000000,84.75000000,203976,675772256.00000000,4.77000000,-3.32000000,-2.92000000,0.90000000,美的集团
2015-07-31,000333,83.88000000,87.38000000,87.53000000,83.53000000,324076,1060298560.00000000,4.70000000,2.64000000,2.25000000,1.43000000,美的集团
2015-08-03,000333,85.95000000,89.50000000,89.50000000,85.70000000,311548,1035419184.00000000,4.35000000,2.43000000,2.12000000,1.38000000,美的集团
2015-08-04,000333,89.33000000,89.65000000,89.73000000,87.10000000,228260,769591024.00000000,2.94000000,0.17000000,0.15000000,1.01000000,美的集团
2015-08-05,000333,93.25000000,90.53000000,94.48000000,90.25000000,354877,1247682320.00000000,4.72000000,0.98000000,0.88000000,1.56000000,美的集团
2015-08-06,000333,88.98000000,89.05000000,90.75000000,87.03000000,175990,594223360.00000000,4.11000000,-1.63000000,-1.48000000,0.79000000,美的集团
2015-08-07,000333,90.23000000,90.05000000,90.75000000,89.00000000,149137,510442112.00000000,1.97000000,1.12000000,1.00000000,0.67000000,美的集团
2015-08-10,000333,90.05000000,91.88000000,92.30000000,88.50000000,302598,1038542960.00000000,4.22000000,2.03000000,1.83000000,1.35000000,美的集团
2015-08-11,000333,91.25000000,91.00000000,91.88000000,90.55000000,247203,856974720.00000000,1.45000000,-0.96000000,-0.88000000,1.10000000,美的集团
2015-08-12,000333,91.03000000,88.28000000,91.85000000,88.25000000,226998,776570544.00000000,3.96000000,-2.99000000,-2.72000000,1.01000000,美的集团
2015-08-13,000333,88.03000000,88.58000000,89.18000000,87.00000000,157543,526669888.00000000,2.47000000,0.34000000,0.30000000,0.70000000,美的集团
2015-08-14,000333,88.60000000,87.75000000,88.73000000,87.50000000,175024,585784880.00000000,1.39000000,-0.94000000,-0.83000000,0.78000000,美的集团
2015-08-17,000333,87.60000000,86.20000000,87.60000000,85.75000000,171480,560748496.00000000,2.11000000,-1.77000000,-1.55000000,0.77000000,美的集团
2015-08-18,000333,86.20000000,81.83000000,86.95000000,81.23000000,255175,816157616.00000000,6.64000000,-5.07000000,-4.37000000,1.14000000,美的集团
2015-08-19,000333,80.93000000,82.68000000,83.00000000,79.50000000,258891,796330848.00000000,4.28000000,1.04000000,0.85000000,1.16000000,美的集团
2015-08-20,000333,80.90000000,79.53000000,81.95000000,79.53000000,240423,727157504.00000000,2.93000000,-3.81000000,-3.15000000,1.07000000,美的集团
2015-08-21,000333,78.73000000,74.70000000,79.48000000,74.50000000,300281,868411376.00000000,6.26000000,-6.07000000,-4.83000000,1.34000000,美的集团
2015-08-24,000333,71.95000000,67.70000000,71.98000000,67.68000000,523603,1331971296.00000000,5.76000000,-9.37000000,-7.00000000,2.34000000,美的集团
2015-08-25,000333,64.15000000,63.90000000,69.95000000,62.83000000,548962,1355341744.00000000,10.52000000,-5.61000000,-3.80000000,2.45000000,美的集团
2015-08-26,000333,64.95000000,67.58000000,69.80000000,64.20000000,549672,1383446096.00000000,8.76000000,5.76000000,3.68000000,2.45000000,美的集团
2015-08-27,000333,70.00000000,70.85000000,71.08000000,67.43000000,402630,1051756000.00000000,5.40000000,4.84000000,3.27000000,1.80000000,美的集团
2015-08-28,000333,71.30000000,72.88000000,73.68000000,71.03000000,364576,991774800.00000000,3.74000000,2.87000000,2.03000000,1.63000000,美的集团
2015-08-31,000333,74.00000000,76.48000000,76.48000000,70.88000000,499911,1384090656.00000000,7.68000000,4.94000000,3.60000000,2.23000000,美的集团
2015-09-01,000333,74.48000000,76.58000000,76.70000000,72.80000000,484410,1367208736.00000000,5.10000000,0.13000000,0.10000000,2.16000000,美的集团
2015-09-02,000333,74.13000000,76.38000000,76.93000000,72.80000000,643473,1821117152.00000000,5.39000000,-0.26000000,-0.20000000,2.87000000,美的集团
2015-09-07,000333,75.88000000,71.65000000,76.98000000,71.30000000,438309,1216507792.00000000,7.44000000,-6.19000000,-4.73000000,1.96000000,美的集团
2015-09-08,000333,71.13000000,73.00000000,73.20000000,69.78000000,206867,556197344.00000000,4.77000000,1.88000000,1.35000000,0.92000000,美的集团
2015-09-09,000333,73.03000000,74.25000000,75.08000000,72.33000000,267773,743461536.00000000,3.77000000,1.71000000,1.25000000,1.20000000,美的集团
2015-09-10,000333,73.30000000,72.90000000,73.95000000,72.83000000,140921,387788464.00000000,1.51000000,-1.82000000,-1.35000000,0.63000000,美的集团
2015-09-11,000333,73.08000000,72.63000000,73.38000000,72.33000000,95038,259649576.00000000,1.44000000,-0.37000000,-0.27000000,0.42000000,美的集团
2015-09-14,000333,73.00000000,69.53000000,73.05000000,68.25000000,244339,641743872.00000000,6.61000000,-4.27000000,-3.10000000,1.09000000,美的集团
2015-09-15,000333,69.20000000,67.00000000,69.20000000,66.25000000,203035,510613872.00000000,4.24000000,-3.64000000,-2.53000000,0.91000000,美的集团
2015-09-16,000333,67.50000000,71.10000000,71.95000000,66.95000000,202692,521919856.00000000,7.46000000,6.12000000,4.10000000,0.91000000,美的集团
2015-09-17,000333,70.80000000,68.25000000,71.25000000,67.75000000,194816,512478656.00000000,4.92000000,-4.01000000,-2.85000000,0.87000000,美的集团
2015-09-18,000333,68.70000000,69.20000000,69.43000000,68.53000000,116690,301106464.00000000,1.32000000,1.39000000,0.95000000,0.52000000,美的集团
2015-09-21,000333,68.35000000,70.83000000,70.90000000,68.30000000,136576,355562304.00000000,3.76000000,2.36000000,1.63000000,0.61000000,美的集团
2015-09-22,000333,70.50000000,71.13000000,71.90000000,70.48000000,155916,416417408.00000000,2.00000000,0.42000000,0.30000000,0.70000000,美的集团
2015-09-23,000333,70.50000000,69.10000000,70.50000000,68.95000000,121310,316300448.00000000,2.18000000,-2.85000000,-2.03000000,0.54000000,美的集团
2015-09-24,000333,69.68000000,69.83000000,70.90000000,69.15000000,120042,315204768.00000000,2.53000000,1.06000000,0.73000000,0.54000000,美的集团
2015-09-25,000333,69.53000000,67.25000000,69.63000000,66.88000000,185596,469431648.00000000,3.94000000,-3.69000000,-2.58000000,0.83000000,美的集团
2015-09-28,000333,67.30000000,67.25000000,67.38000000,66.33000000,107991,269359232.00000000,1.56000000,0.00000000,0.00000000,0.48000000,美的集团
2015-09-29,000333,66.48000000,65.93000000,66.83000000,65.68000000,116157,286236720.00000000,1.71000000,-1.96000000,-1.32000000,0.52000000,美的集团
2015-09-30,000333,66.30000000,67.58000000,67.95000000,66.30000000,122399,307349088.00000000,2.50000000,2.50000000,1.65000000,0.55000000,美的集团
2015-10-08,000333,70.75000000,72.28000000,73.85000000,70.75000000,379371,1030189040.00000000,4.59000000,6.95000000,4.70000000,1.69000000,美的集团
2015-10-09,000333,72.13000000,72.25000000,72.63000000,71.35000000,144283,390128304.00000000,1.77000000,-0.04000000,-0.03000000,0.64000000,美的集团
2015-10-12,000333,72.55000000,75.23000000,75.45000000,72.00000000,278687,774116736.00000000,4.78000000,4.12000000,2.98000000,1.24000000,美的集团
2015-10-13,000333,75.00000000,74.30000000,75.00000000,73.58000000,173347,483528288.00000000,1.89000000,-1.24000000,-0.93000000,0.77000000,美的集团
2015-10-14,000333,73.53000000,71.93000000,73.85000000,71.75000000,208180,566828944.00000000,2.83000000,-3.19000000,-2.37000000,0.93000000,美的集团
2015-10-15,000333,71.85000000,73.30000000,73.40000000,71.58000000,207910,565110528.00000000,2.53000000,1.90000000,1.37000000,0.93000000,美的集团
2015-10-16,000333,73.03000000,73.65000000,74.70000000,72.75000000,221774,614033664.00000000,2.66000000,0.48000000,0.35000000,0.99000000,美的集团
2015-10-19,000333,73.75000000,73.05000000,73.95000000,72.30000000,202030,555874240.00000000,2.24000000,-0.81000000,-0.60000000,0.90000000,美的集团
2015-10-20,000333,73.00000000,73.25000000,73.30000000,72.50000000,148275,405439504.00000000,1.10000000,0.27000000,0.20000000,0.66000000,美的集团
2015-10-21,000333,73.50000000,71.18000000,74.15000000,70.93000000,228403,622333920.00000000,4.40000000,-2.83000000,-2.07000000,1.02000000,美的集团
2015-10-22,000333,70.88000000,71.88000000,71.95000000,70.78000000,175967,470640800.00000000,1.64000000,0.98000000,0.70000000,0.79000000,美的集团
2015-10-23,000333,72.20000000,73.45000000,73.85000000,72.20000000,196682,540536704.00000000,2.30000000,2.18000000,1.57000000,0.88000000,美的集团
2015-10-26,000333,75.03000000,74.00000000,75.25000000,73.40000000,221443,616032512.00000000,2.52000000,0.75000000,0.55000000,0.99000000,美的集团
2015-10-27,000333,73.05000000,72.95000000,73.93000000,71.63000000,194024,527449216.00000000,3.11000000,-1.42000000,-1.05000000,0.87000000,美的集团
2015-10-28,000333,73.08000000,71.48000000,73.08000000,71.05000000,246922,665857520.00000000,2.78000000,-2.02000000,-1.47000000,1.10000000,美的集团
2015-10-29,000333,72.05000000,73.90000000,74.20000000,71.35000000,320529,873601680.00000000,3.99000000,3.39000000,2.42000000,1.43000000,美的集团
2015-10-30,000333,73.55000000,74.53000000,75.50000000,72.70000000,287656,804238416.00000000,3.79000000,0.85000000,0.63000000,1.28000000,美的集团
2015-11-02,000333,73.70000000,75.45000000,76.93000000,73.45000000,283362,810188656.00000000,4.67000000,1.23000000,0.92000000,1.27000000,美的集团
2015-11-03,000333,75.45000000,74.95000000,75.93000000,74.25000000,153054,432520992.00000000,2.23000000,-0.66000000,-0.50000000,0.68000000,美的集团
2015-11-04,000333,74.95000000,77.88000000,77.98000000,74.88000000,280646,815220464.00000000,4.14000000,3.91000000,2.93000000,1.25000000,美的集团
2015-11-05,000333,77.88000000,79.63000000,80.80000000,77.15000000,396841,1187986400.00000000,4.69000000,2.25000000,1.75000000,1.77000000,美的集团
2015-11-06,000333,79.18000000,79.80000000,80.05000000,78.75000000,255240,765096864.00000000,1.63000000,0.21000000,0.17000000,1.14000000,美的集团
2015-11-09,000333,79.75000000,80.25000000,82.00000000,79.58000000,269754,821175120.00000000,3.03000000,0.56000000,0.45000000,1.20000000,美的集团
2015-11-10,000333,79.65000000,78.58000000,80.05000000,78.13000000,232587,692802448.00000000,2.39000000,-2.08000000,-1.67000000,1.04000000,美的集团
2015-11-11,000333,78.75000000,78.10000000,78.85000000,77.58000000,173405,510869040.00000000,1.62000000,-0.61000000,-0.48000000,0.77000000,美的集团
2015-11-12,000333,78.60000000,78.83000000,79.13000000,78.05000000,147039,436293424.00000000,1.38000000,0.93000000,0.73000000,0.66000000,美的集团
2015-11-13,000333,78.05000000,76.98000000,78.08000000,76.55000000,201284,585517552.00000000,1.94000000,-2.35000000,-1.85000000,0.90000000,美的集团
2015-11-16,000333,76.23000000,76.50000000,76.75000000,75.80000000,297438,852226592.00000000,1.23000000,-0.62000000,-0.48000000,1.33000000,美的集团
2015-11-17,000333,77.00000000,77.03000000,78.20000000,76.55000000,322103,940608912.00000000,2.16000000,0.69000000,0.53000000,1.44000000,美的集团
2015-11-18,000333,77.30000000,75.38000000,77.40000000,75.33000000,301478,863942320.00000000,2.69000000,-2.14000000,-1.65000000,1.35000000,美的集团
2015-11-19,000333,75.50000000,75.68000000,75.95000000,74.25000000,350895,991226960.00000000,2.26000000,0.40000000,0.30000000,1.57000000,美的集团
2015-11-20,000333,75.73000000,74.95000000,75.88000000,74.30000000,407742,1148034320.00000000,2.09000000,-0.96000000,-0.73000000,1.82000000,美的集团
2015-11-23,000333,74.93000000,74.75000000,75.45000000,74.25000000,256633,722055680.00000000,1.60000000,-0.27000000,-0.20000000,1.15000000,美的集团
2015-11-24,000333,74.85000000,75.75000000,75.93000000,74.55000000,194030,547501680.00000000,1.85000000,1.34000000,1.00000000,0.87000000,美的集团
2015-11-25,000333,75.73000000,75.23000000,75.93000000,74.75000000,316922,896717568.00000000,1.56000000,-0.69000000,-0.52000000,1.42000000,美的集团
2015-11-26,000333,75.48000000,76.08000000,76.85000000,75.25000000,311116,890293568.00000000,2.13000000,1.13000000,0.85000000,1.39000000,美的集团
2015-11-27,000333,75.60000000,72.28000000,75.68000000,72.00000000,282399,785533136.00000000,4.84000000,-4.99000000,-3.80000000,1.26000000,美的集团
2015-11-30,000333,72.70000000,71.58000000,72.88000000,69.93000000,213064,571032640.00000000,4.08000000,-0.97000000,-0.70000000,0.95000000,美的集团
2015-12-01,000333,71.65000000,74.08000000,75.03000000,70.78000000,242385,666026208.00000000,5.94000000,3.49000000,2.50000000,1.08000000,美的集团
2015-12-02,000333,73.95000000,77.75000000,80.33000000,73.50000000,585292,1709867376.00000000,9.22000000,4.95000000,3.67000000,2.61000000,美的集团
2015-12-03,000333,77.23000000,77.25000000,78.10000000,76.50000000,226589,660217136.00000000,2.06000000,-0.64000000,-0.50000000,1.01000000,美的集团
2015-12-04,000333,76.65000000,77.23000000,77.95000000,75.88000000,249582,724199296.00000000,2.68000000,-0.03000000,-0.02000000,1.11000000,美的集团
2015-12-07,000333,77.33000000,77.78000000,78.58000000,76.08000000,234816,686734192.00000000,3.24000000,0.71000000,0.55000000,1.05000000,美的集团
2015-12-08,000333,77.05000000,74.95000000,77.05000000,74.63000000,182281,518709872.00000000,3.11000000,-3.64000000,-2.83000000,0.81000000,美的集团
2015-12-09,000333,74.65000000,75.78000000,76.88000000,74.65000000,187395,536198992.00000000,2.98000000,1.11000000,0.83000000,0.84000000,美的集团
2015-12-10,000333,76.00000000,76.70000000,78.15000000,75.95000000,305283,891339968.00000000,2.90000000,1.21000000,0.92000000,1.36000000,美的集团
2015-12-11,000333,76.78000000,77.95000000,78.30000000,75.90000000,239873,699824352.00000000,3.13000000,1.63000000,1.25000000,1.07000000,美的集团
2015-12-14,000333,77.45000000,79.63000000,80.10000000,77.08000000,333497,996293424.00000000,3.87000000,2.16000000,1.68000000,1.49000000,美的集团
2015-12-15,000333,79.45000000,79.63000000,80.25000000,78.43000000,222264,665497680.00000000,2.29000000,0.00000000,0.00000000,0.99000000,美的集团
2015-12-16,000333,79.63000000,78.95000000,79.75000000,78.75000000,119692,357186016.00000000,1.26000000,-0.85000000,-0.68000000,0.53000000,美的集团
2015-12-17,000333,79.20000000,79.95000000,81.10000000,79.20000000,202606,614293600.00000000,2.41000000,1.27000000,1.00000000,0.90000000,美的集团
2015-12-18,000333,79.95000000,78.80000000,80.70000000,78.25000000,160472,480553904.00000000,3.06000000,-1.44000000,-1.15000000,0.72000000,美的集团
2015-12-21,000333,79.00000000,84.18000000,85.95000000,78.80000000,468868,1482978688.00000000,9.07000000,6.83000000,5.38000000,2.09000000,美的集团
2015-12-22,000333,84.20000000,85.63000000,86.70000000,83.55000000,272991,881778000.00000000,3.74000000,1.72000000,1.45000000,1.22000000,美的集团
2015-12-23,000333,85.00000000,85.63000000,87.70000000,84.20000000,323339,1064031760.00000000,4.09000000,0.00000000,0.00000000,1.44000000,美的集团
2015-12-24,000333,85.58000000,83.75000000,85.58000000,82.43000000,169992,538114864.00000000,3.68000000,-2.20000000,-1.88000000,0.76000000,美的集团
2015-12-25,000333,83.88000000,84.88000000,85.10000000,83.80000000,111855,357723552.00000000,1.55000000,1.35000000,1.13000000,0.50000000,美的集团
2015-12-28,000333,85.05000000,82.00000000,85.78000000,82.00000000,203936,647355424.00000000,4.45000000,-3.39000000,-2.88000000,0.91000000,美的集团
2015-12-29,000333,82.13000000,87.23000000,89.45000000,81.15000000,367553,1191961424.00000000,10.12000000,6.38000000,5.23000000,1.64000000,美的集团
2015-12-30,000333,87.03000000,88.08000000,90.25000000,86.70000000,445581,1502908352.00000000,4.07000000,0.97000000,0.85000000,1.99000000,美的集团
2015-12-31,000333,88.13000000,86.55000000,88.45000000,85.88000000,178333,589581680.00000000,2.92000000,-1.74000000,-1.53000000,0.80000000,美的集团
2016-01-04,000333,86.55000000,78.80000000,87.45000000,78.35000000,200339,637157840.00000000,10.51000000,-8.95000000,-7.75000000,0.89000000,美的集团
2016-01-05,000333,78.80000000,82.83000000,83.20000000,78.33000000,312166,962833792.00000000,6.18000000,5.11000000,4.03000000,1.39000000,美的集团
2016-01-06,000333,82.70000000,83.48000000,84.38000000,81.80000000,201976,634290656.00000000,3.11000000,0.78000000,0.65000000,0.90000000,美的集团
2016-01-07,000333,81.75000000,77.10000000,81.95000000,76.70000000,63754,191155844.00000000,6.29000000,-7.64000000,-6.38000000,0.28000000,美的集团
2016-01-08,000333,80.03000000,79.03000000,80.98000000,76.33000000,374582,1117506928.00000000,6.03000000,2.50000000,1.93000000,1.67000000,美的集团
2016-01-11,000333,77.00000000,75.50000000,78.35000000,74.98000000,282311,816072624.00000000,4.26000000,-4.47000000,-3.53000000,1.26000000,美的集团
2016-01-12,000333,76.05000000,76.53000000,77.43000000,74.95000000,214250,616486992.00000000,3.28000000,1.36000000,1.03000000,0.96000000,美的集团
2016-01-13,000333,77.15000000,76.98000000,79.33000000,75.88000000,190050,555836416.00000000,4.51000000,0.59000000,0.45000000,0.85000000,美的集团
2016-01-14,000333,74.55000000,78.50000000,78.95000000,74.53000000,265660,773073120.00000000,5.74000000,1.97000000,1.52000000,1.19000000,美的集团
2016-01-15,000333,78.50000000,75.48000000,79.05000000,74.75000000,240679,696595360.00000000,5.48000000,-3.85000000,-3.02000000,1.07000000,美的集团
2016-01-18,000333,73.85000000,74.00000000,75.88000000,73.00000000,214986,600503856.00000000,3.82000000,-1.96000000,-1.48000000,0.96000000,美的集团
2016-01-19,000333,74.05000000,76.55000000,77.70000000,73.65000000,218061,619797728.00000000,5.47000000,3.45000000,2.55000000,0.97000000,美的集团
2016-01-20,000333,76.25000000,74.58000000,77.00000000,73.63000000,230146,649803616.00000000,4.40000000,-2.57000000,-1.97000000,1.03000000,美的集团
2016-01-21,000333,73.58000000,72.08000000,75.08000000,72.05000000,211967,584255376.00000000,4.06000000,-3.35000000,-2.50000000,0.95000000,美的集团
2016-01-22,000333,72.98000000,72.20000000,73.10000000,70.75000000,169372,456262208.00000000,3.26000000,0.17000000,0.12000000,0.76000000,美的集团
2016-01-25,000333,72.55000000,72.50000000,73.23000000,72.18000000,93539,255115185.00000000,1.45000000,0.42000000,0.30000000,0.42000000,美的集团
2016-01-26,000333,72.10000000,69.13000000,72.58000000,68.93000000,197295,521849856.00000000,5.03000000,-4.65000000,-3.37000000,0.88000000,美的集团
2016-01-27,000333,69.50000000,70.08000000,70.58000000,67.38000000,184253,476125040.00000000,4.63000000,1.37000000,0.95000000,0.82000000,美的集团
2016-01-28,000333,69.58000000,70.78000000,71.93000000,69.20000000,132621,351633296.00000000,3.90000000,1.00000000,0.70000000,0.59000000,美的集团
2016-01-29,000333,70.38000000,72.78000000,73.25000000,70.00000000,121924,331295248.00000000,4.59000000,2.83000000,2.00000000,0.54000000,美的集团
2016-02-01,000333,72.80000000,72.88000000,73.40000000,72.28000000,84269,230327638.00000000,1.54000000,0.14000000,0.10000000,0.38000000,美的集团
2016-02-02,000333,72.88000000,73.53000000,74.45000000,72.75000000,105679,293500208.00000000,2.33000000,0.89000000,0.65000000,0.47000000,美的集团
2016-02-03,000333,73.20000000,72.43000000,73.45000000,71.53000000,130410,353568912.00000000,2.61000000,-1.50000000,-1.10000000,0.58000000,美的集团
2016-02-04,000333,72.55000000,72.73000000,73.68000000,72.28000000,92088,252010643.00000000,1.93000000,0.41000000,0.30000000,0.41000000,美的集团
2016-02-05,000333,73.00000000,73.05000000,73.70000000,72.68000000,100290,275667520.00000000,1.40000000,0.44000000,0.32000000,0.45000000,美的集团
2016-02-15,000333,71.88000000,71.90000000,72.70000000,71.30000000,117441,317039840.00000000,1.92000000,-1.57000000,-1.15000000,0.52000000,美的集团
2016-02-16,000333,72.83000000,73.85000000,74.00000000,72.25000000,133921,368560304.00000000,2.43000000,2.71000000,1.95000000,0.60000000,美的集团
2016-02-17,000333,73.65000000,74.38000000,75.05000000,73.53000000,116423,325527216.00000000,2.06000000,0.72000000,0.53000000,0.52000000,美的集团
2016-02-18,000333,74.83000000,74.15000000,75.23000000,73.95000000,69582,194440092.00000000,1.72000000,-0.31000000,-0.23000000,0.31000000,美的集团
2016-02-19,000333,74.03000000,73.50000000,74.33000000,73.25000000,66150,183255843.00000000,1.46000000,-0.88000000,-0.65000000,0.30000000,美的集团
2016-02-22,000333,74.48000000,74.60000000,74.88000000,73.30000000,112334,313698032.00000000,2.15000000,1.50000000,1.10000000,0.50000000,美的集团
2016-02-23,000333,74.68000000,74.18000000,74.75000000,73.80000000,97403,271761120.00000000,1.27000000,-0.56000000,-0.42000000,0.43000000,美的集团
2016-02-24,000333,74.00000000,74.10000000,74.40000000,72.80000000,82086,226804315.00000000,2.16000000,-0.11000000,-0.08000000,0.37000000,美的集团
2016-02-25,000333,73.80000000,70.68000000,74.08000000,69.50000000,162506,437138496.00000000,6.18000000,-4.62000000,-3.42000000,0.73000000,美的集团
2016-02-26,000333,70.98000000,71.60000000,71.78000000,70.65000000,95053,253976907.00000000,1.60000000,1.30000000,0.92000000,0.42000000,美的集团
2016-02-29,000333,71.45000000,69.68000000,71.48000000,68.80000000,131878,343619104.00000000,3.74000000,-2.68000000,-1.92000000,0.59000000,美的集团
2016-03-01,000333,69.88000000,71.90000000,71.93000000,69.73000000,110087,294041808.00000000,3.16000000,3.19000000,2.22000000,0.49000000,美的集团
2016-03-02,000333,72.48000000,77.45000000,77.45000000,71.93000000,355746,1016690720.00000000,7.68000000,7.72000000,5.55000000,1.59000000,美的集团
2016-03-03,000333,77.38000000,76.00000000,77.75000000,75.75000000,148252,427886496.00000000,2.58000000,-1.87000000,-1.45000000,0.66000000,美的集团
2016-03-04,000333,76.45000000,77.30000000,78.88000000,75.88000000,262457,767632496.00000000,3.95000000,1.71000000,1.30000000,1.17000000,美的集团
2016-03-07,000333,77.50000000,77.58000000,79.30000000,76.63000000,116650,342677232.00000000,3.45000000,0.36000000,0.28000000,0.52000000,美的集团
2016-03-08,000333,77.63000000,76.63000000,77.75000000,75.20000000,92473,265065474.00000000,3.29000000,-1.22000000,-0.95000000,0.41000000,美的集团
2016-03-09,000333,75.88000000,76.45000000,77.88000000,75.30000000,94291,273531616.00000000,3.37000000,-0.23000000,-0.18000000,0.42000000,美的集团
2016-03-10,000333,76.38000000,77.08000000,78.65000000,76.23000000,105510,307604912.00000000,3.17000000,0.82000000,0.63000000,0.47000000,美的集团
2016-03-11,000333,76.60000000,77.00000000,77.95000000,76.28000000,62354,181117664.00000000,2.17000000,-0.10000000,-0.08000000,0.28000000,美的集团
2016-03-14,000333,77.85000000,78.38000000,79.88000000,77.83000000,161849,482072272.00000000,2.66000000,1.79000000,1.38000000,0.72000000,美的集团
2016-03-15,000333,78.95000000,78.60000000,79.00000000,77.00000000,116240,342046192.00000000,2.55000000,0.28000000,0.22000000,0.52000000,美的集团
2016-03-16,000333,78.53000000,77.65000000,78.53000000,77.25000000,74247,217418592.00000000,1.63000000,-1.21000000,-0.95000000,0.33000000,美的集团
2016-03-17,000333,78.28000000,79.13000000,79.48000000,78.08000000,104874,311932960.00000000,1.80000000,1.91000000,1.48000000,0.47000000,美的集团
2016-03-18,000333,79.75000000,79.60000000,80.65000000,78.78000000,245725,738878000.00000000,2.36000000,0.59000000,0.47000000,1.10000000,美的集团
2016-03-21,000333,79.88000000,80.45000000,80.98000000,79.55000000,198355,600612480.00000000,1.80000000,1.07000000,0.85000000,0.89000000,美的集团
2016-03-22,000333,80.63000000,80.85000000,81.88000000,80.23000000,135105,413263152.00000000,2.05000000,0.50000000,0.40000000,0.60000000,美的集团
2016-03-23,000333,80.23000000,80.20000000,81.00000000,79.45000000,96578,292222912.00000000,1.92000000,-0.80000000,-0.65000000,0.43000000,美的集团
2016-03-24,000333,79.58000000,81.68000000,82.63000000,78.95000000,219182,666782864.00000000,4.59000000,1.85000000,1.48000000,0.98000000,美的集团
2016-03-25,000333,81.00000000,83.00000000,83.65000000,80.90000000,168538,526500832.00000000,3.37000000,1.62000000,1.32000000,0.75000000,美的集团
2016-03-28,000333,84.53000000,81.00000000,85.18000000,80.75000000,256840,803340048.00000000,5.34000000,-2.41000000,-2.00000000,1.15000000,美的集团
2016-03-29,000333,81.38000000,79.48000000,81.45000000,79.00000000,161499,488349312.00000000,3.02000000,-1.88000000,-1.52000000,0.72000000,美的集团
2016-03-30,000333,79.90000000,80.83000000,80.88000000,79.45000000,193760,586461152.00000000,1.80000000,1.70000000,1.35000000,0.86000000,美的集团
2016-03-31,000333,81.20000000,81.63000000,82.98000000,81.20000000,203540,631765072.00000000,2.20000000,0.99000000,0.80000000,0.91000000,美的集团
2016-04-01,000333,82.00000000,80.98000000,82.00000000,80.00000000,102610,313282080.00000000,2.45000000,-0.80000000,-0.65000000,0.46000000,美的集团
2016-04-05,000333,80.15000000,81.48000000,81.85000000,80.15000000,146472,449341184.00000000,2.10000000,0.62000000,0.50000000,0.65000000,美的集团
2016-04-06,000333,81.25000000,81.38000000,81.93000000,80.90000000,113215,348560320.00000000,1.26000000,-0.12000000,-0.10000000,0.51000000,美的集团
2016-04-07,000333,81.53000000,79.75000000,81.83000000,79.63000000,141251,429399312.00000000,2.70000000,-2.00000000,-1.63000000,0.63000000,美的集团
2016-04-08,000333,79.50000000,79.55000000,80.33000000,79.10000000,84352,253197759.00000000,1.54000000,-0.25000000,-0.20000000,0.38000000,美的集团
2016-04-11,000333,80.08000000,80.50000000,80.88000000,80.00000000,150076,456355568.00000000,1.11000000,1.19000000,0.95000000,0.67000000,美的集团
2016-04-12,000333,80.50000000,80.65000000,80.85000000,80.00000000,82911,251867134.00000000,1.06000000,0.19000000,0.15000000,0.37000000,美的集团
2016-04-13,000333,81.00000000,81.20000000,82.20000000,80.80000000,185907,573945632.00000000,1.74000000,0.68000000,0.55000000,0.83000000,美的集团
2016-04-14,000333,81.48000000,81.80000000,82.18000000,81.25000000,117935,364153520.00000000,1.15000000,0.74000000,0.60000000,0.53000000,美的集团
2016-04-15,000333,81.88000000,81.90000000,82.25000000,81.50000000,87029,269355552.00000000,0.92000000,0.12000000,0.10000000,0.39000000,美的集团
2016-04-18,000333,81.90000000,81.05000000,81.90000000,80.63000000,90970,278480448.00000000,1.55000000,-1.04000000,-0.85000000,0.41000000,美的集团
2016-04-19,000333,81.28000000,81.45000000,81.63000000,80.50000000,78850,240876602.00000000,1.39000000,0.49000000,0.40000000,0.35000000,美的集团
2016-04-20,000333,81.45000000,79.20000000,81.45000000,78.28000000,202417,606508912.00000000,3.89000000,-2.76000000,-2.25000000,0.90000000,美的集团
2016-04-21,000333,79.00000000,78.85000000,79.70000000,78.63000000,81153,242668317.00000000,1.35000000,-0.44000000,-0.35000000,0.36000000,美的集团
2016-04-22,000333,78.50000000,81.50000000,81.83000000,78.40000000,149255,455267184.00000000,4.35000000,3.36000000,2.65000000,0.67000000,美的集团
2016-04-25,000333,81.50000000,82.50000000,83.38000000,81.25000000,210883,659180192.00000000,2.61000000,1.23000000,1.00000000,0.94000000,美的集团
2016-04-26,000333,82.58000000,82.95000000,83.73000000,82.25000000,105235,330326176.00000000,1.79000000,0.55000000,0.45000000,0.47000000,美的集团
2016-04-27,000333,82.70000000,81.95000000,83.18000000,81.80000000,109633,341910720.00000000,1.66000000,-1.21000000,-1.00000000,0.49000000,美的集团
2016-04-28,000333,82.30000000,81.45000000,83.33000000,80.85000000,138986,429000128.00000000,3.03000000,-0.61000000,-0.50000000,0.62000000,美的集团
2016-04-29,000333,82.05000000,84.75000000,85.15000000,82.05000000,254041,809800976.00000000,3.81000000,4.05000000,3.30000000,1.13000000,美的集团
2016-05-03,000333,85.03000000,89.10000000,89.70000000,85.00000000,296269,991403728.00000000,5.55000000,5.13000000,4.35000000,1.32000000,美的集团
2016-05-04,000333,87.75000000,86.90000000,88.98000000,86.50000000,276831,917913728.00000000,2.78000000,-2.47000000,-2.20000000,1.24000000,美的集团
2016-05-05,000333,87.18000000,86.98000000,87.60000000,86.63000000,195477,644939344.00000000,1.12000000,0.09000000,0.08000000,0.87000000,美的集团
2016-05-06,000333,86.14000000,83.81000000,86.78000000,83.81000000,387858,804154752.00000000,3.41000000,-3.64000000,-3.17000000,1.15000000,美的集团
2016-05-09,000333,82.80000000,83.81000000,85.13000000,82.46000000,322846,656633632.00000000,3.19000000,0.00000000,0.00000000,0.96000000,美的集团
2016-05-10,000333,84.00000000,86.55000000,88.46000000,83.06000000,481487,1008644016.00000000,6.44000000,3.27000000,2.74000000,1.43000000,美的集团
2016-05-11,000333,86.85000000,89.85000000,90.79000000,86.59000000,589117,1280862768.00000000,4.85000000,3.81000000,3.30000000,1.75000000,美的集团
2016-05-12,000333,88.50000000,89.63000000,92.06000000,87.38000000,407028,895938416.00000000,5.21000000,-0.24000000,-0.22000000,1.21000000,美的集团
2016-05-13,000333,89.29000000,88.16000000,90.86000000,87.83000000,214555,467593184.00000000,3.38000000,-1.64000000,-1.47000000,0.64000000,美的集团
2016-05-16,000333,88.16000000,89.25000000,90.00000000,88.16000000,178849,388807824.00000000,2.09000000,1.24000000,1.09000000,0.53000000,美的集团
2016-05-17,000333,88.69000000,87.56000000,89.25000000,87.38000000,188288,404102256.00000000,2.10000000,-1.89000000,-1.69000000,0.56000000,美的集团
2016-06-01,000333,94.13000000,93.23000000,95.44000000,91.65000000,791825,1815074208.00000000,4.33000000,6.48000000,5.67000000,2.35000000,美的集团
2016-06-02,000333,92.66000000,92.10000000,93.30000000,91.35000000,387353,873208176.00000000,2.09000000,-1.21000000,-1.13000000,1.15000000,美的集团
2016-06-03,000333,92.10000000,94.05000000,94.61000000,91.69000000,367146,841547728.00000000,3.17000000,2.12000000,1.95000000,1.09000000,美的集团
2016-06-06,000333,94.13000000,96.49000000,97.61000000,93.75000000,447680,1056676688.00000000,4.10000000,2.59000000,2.44000000,1.33000000,美的集团
2016-06-07,000333,96.49000000,94.24000000,96.86000000,93.75000000,376155,872772128.00000000,3.22000000,-2.33000000,-2.25000000,1.12000000,美的集团
2016-06-08,000333,93.75000000,92.55000000,93.75000000,91.88000000,273857,620325680.00000000,1.98000000,-1.79000000,-1.69000000,0.81000000,美的集团
2016-06-13,000333,91.54000000,91.13000000,93.11000000,90.94000000,275859,620447232.00000000,2.34000000,-1.53000000,-1.42000000,0.82000000,美的集团
2016-06-14,000333,91.13000000,92.18000000,92.59000000,90.41000000,204764,459586304.00000000,2.39000000,1.15000000,1.05000000,0.61000000,美的集团
2016-06-15,000333,90.60000000,92.93000000,93.98000000,90.49000000,282360,641982560.00000000,3.79000000,0.81000000,0.75000000,0.84000000,美的集团
2016-06-16,000333,92.40000000,91.35000000,92.66000000,90.68000000,175805,393835728.00000000,2.13000000,-1.70000000,-1.58000000,0.52000000,美的集团
2016-06-17,000333,92.89000000,91.61000000,93.38000000,90.83000000,275959,622869392.00000000,2.79000000,0.28000000,0.26000000,0.82000000,美的集团
2016-06-20,000333,90.98000000,93.60000000,93.86000000,90.79000000,360628,818210672.00000000,3.35000000,2.17000000,1.99000000,1.07000000,美的集团
2016-06-21,000333,93.71000000,92.70000000,94.31000000,92.36000000,232914,534140256.00000000,2.08000000,-0.96000000,-0.90000000,0.69000000,美的集团
2016-06-22,000333,92.29000000,93.60000000,93.86000000,92.03000000,180798,413277504.00000000,1.97000000,0.97000000,0.90000000,0.53000000,美的集团
2016-06-23,000333,93.56000000,92.63000000,93.86000000,92.25000000,179283,408680864.00000000,1.72000000,-1.04000000,-0.97000000,0.53000000,美的集团
2016-06-24,000333,92.78000000,93.11000000,94.61000000,91.88000000,390875,896873376.00000000,2.95000000,0.52000000,0.48000000,1.16000000,美的集团
2016-06-27,000333,92.48000000,96.15000000,97.01000000,92.48000000,414636,972892320.00000000,4.87000000,3.26000000,3.04000000,1.23000000,美的集团
2016-06-28,000333,95.70000000,95.06000000,95.70000000,93.64000000,507581,1180515152.00000000,2.14000000,-1.13000000,-1.09000000,1.50000000,美的集团
2016-06-29,000333,94.80000000,95.14000000,95.51000000,94.09000000,318571,741261904.00000000,1.49000000,0.08000000,0.08000000,0.94000000,美的集团
2016-06-30,000333,95.40000000,96.45000000,96.68000000,94.61000000,519895,1223986880.00000000,2.18000000,1.38000000,1.31000000,1.54000000,美的集团
2016-07-01,000333,96.71000000,97.80000000,99.86000000,96.71000000,474165,1150129072.00000000,3.27000000,1.40000000,1.35000000,1.40000000,美的集团
2016-07-04,000333,97.54000000,99.19000000,101.55000000,97.24000000,650461,1598368624.00000000,4.41000000,1.42000000,1.39000000,1.92000000,美的集团
2016-07-05,000333,99.56000000,97.88000000,99.71000000,97.58000000,426640,1030258624.00000000,2.15000000,-1.32000000,-1.31000000,1.26000000,美的集团
2016-07-06,000333,97.69000000,98.93000000,99.23000000,96.98000000,405933,980967024.00000000,2.30000000,1.07000000,1.05000000,1.20000000,美的集团
2016-07-07,000333,99.19000000,99.15000000,101.10000000,98.74000000,595460,1471120384.00000000,2.39000000,0.22000000,0.22000000,1.76000000,美的集团
2016-07-08,000333,99.83000000,98.06000000,100.31000000,97.69000000,373772,907840160.00000000,2.64000000,-1.10000000,-1.09000000,1.10000000,美的集团
2016-07-11,000333,98.81000000,101.10000000,102.08000000,98.10000000,665051,1655500528.00000000,4.06000000,3.10000000,3.04000000,1.96000000,美的集团
2016-07-12,000333,101.44000000,110.48000000,110.48000000,101.18000000,1153311,3078897008.00000000,9.20000000,9.28000000,9.38000000,3.40000000,美的集团
2016-07-13,000333,112.01000000,110.06000000,115.09000000,108.94000000,894218,2479972928.00000000,5.57000000,-0.38000000,-0.42000000,2.64000000,美的集团
2016-07-14,000333,109.35000000,108.90000000,111.19000000,107.89000000,456231,1237514560.00000000,3.00000000,-1.05000000,-1.16000000,1.34000000,美的集团
2016-07-15,000333,108.98000000,114.94000000,118.39000000,108.98000000,869926,2457773424.00000000,8.64000000,5.55000000,6.04000000,2.56000000,美的集团
2016-07-18,000333,113.96000000,114.23000000,117.34000000,112.54000000,552138,1577573104.00000000,4.18000000,-0.62000000,-0.71000000,1.63000000,美的集团
2016-07-19,000333,113.70000000,110.44000000,114.56000000,109.16000000,600783,1661231136.00000000,4.73000000,-3.32000000,-3.79000000,1.77000000,美的集团
2016-07-20,000333,110.59000000,109.88000000,111.68000000,108.79000000,318448,867871968.00000000,2.62000000,-0.51000000,-0.56000000,0.94000000,美的集团
2016-07-21,000333,110.93000000,112.76000000,117.34000000,110.63000000,642807,1825547520.00000000,6.11000000,2.62000000,2.88000000,1.89000000,美的集团
2016-07-22,000333,112.88000000,109.80000000,113.63000000,108.75000000,524755,1443097728.00000000,4.33000000,-2.63000000,-2.96000000,1.54000000,美的集团
2016-07-25,000333,108.79000000,107.48000000,110.36000000,107.33000000,479541,1291139360.00000000,2.76000000,-2.11000000,-2.32000000,1.41000000,美的集团
2016-07-26,000333,107.59000000,110.78000000,111.11000000,106.50000000,631497,1709602144.00000000,4.29000000,3.07000000,3.30000000,1.86000000,美的集团
2016-07-27,000333,111.00000000,108.60000000,111.38000000,106.35000000,612242,1657006192.00000000,4.54000000,-1.97000000,-2.18000000,1.80000000,美的集团
2016-07-28,000333,108.60000000,111.68000000,113.93000000,108.00000000,806193,2243058224.00000000,5.46000000,2.84000000,3.08000000,2.37000000,美的集团
2016-07-29,000333,111.68000000,113.25000000,115.50000000,110.70000000,720825,2041009360.00000000,4.30000000,1.41000000,1.57000000,2.12000000,美的集团
2016-08-01,000333,112.65000000,111.60000000,114.68000000,110.66000000,477979,1335042432.00000000,3.55000000,-1.46000000,-1.65000000,1.40000000,美的集团
2016-08-02,000333,111.30000000,111.00000000,111.53000000,108.64000000,436860,1192078736.00000000,2.59000000,-0.54000000,-0.60000000,1.28000000,美的集团
2016-08-03,000333,110.33000000,112.54000000,112.80000000,109.76000000,377675,1048249168.00000000,2.74000000,1.39000000,1.54000000,1.11000000,美的集团
2016-08-04,000333,111.94000000,111.34000000,112.95000000,110.74000000,352555,977595424.00000000,1.96000000,-1.07000000,-1.20000000,1.03000000,美的集团
2016-08-05,000333,111.19000000,112.39000000,114.23000000,110.85000000,448374,1259936288.00000000,3.04000000,0.94000000,1.05000000,1.32000000,美的集团
2016-08-08,000333,112.35000000,111.34000000,112.35000000,109.43000000,344702,947532736.00000000,2.60000000,-0.93000000,-1.05000000,1.01000000,美的集团
2016-08-09,000333,112.09000000,111.86000000,112.69000000,109.99000000,335701,929091232.00000000,2.43000000,0.47000000,0.52000000,0.99000000,美的集团
2016-08-10,000333,111.30000000,109.61000000,112.46000000,109.09000000,435637,1196222224.00000000,3.01000000,-2.01000000,-2.25000000,1.28000000,美的集团
2016-08-11,000333,109.73000000,109.65000000,110.96000000,109.35000000,295709,809177504.00000000,1.47000000,0.04000000,0.04000000,0.87000000,美的集团
2016-08-12,000333,109.65000000,108.90000000,110.06000000,106.50000000,493733,1323216768.00000000,3.25000000,-0.68000000,-0.75000000,1.45000000,美的集团
2016-08-15,000333,108.94000000,112.20000000,112.61000000,107.44000000,677758,1862533920.00000000,4.75000000,3.03000000,3.30000000,1.99000000,美的集团
2016-08-16,000333,112.54000000,113.81000000,116.81000000,112.54000000,694747,1990160784.00000000,3.81000000,1.43000000,1.61000000,2.04000000,美的集团
2016-08-17,000333,114.75000000,114.11000000,116.63000000,113.51000000,453912,1301493536.00000000,2.74000000,0.26000000,0.30000000,1.33000000,美的集团
2016-08-18,000333,113.85000000,112.76000000,114.34000000,111.90000000,353507,991996048.00000000,2.14000000,-1.18000000,-1.35000000,1.04000000,美的集团
2016-08-19,000333,112.28000000,111.98000000,113.55000000,111.30000000,277038,772131776.00000000,2.00000000,-0.69000000,-0.78000000,0.81000000,美的集团
2016-08-22,000333,111.98000000,110.33000000,111.98000000,109.95000000,258249,710455376.00000000,1.81000000,-1.47000000,-1.65000000,0.76000000,美的集团
2016-08-23,000333,110.63000000,111.11000000,112.80000000,110.25000000,276439,767354048.00000000,2.31000000,0.71000000,0.78000000,0.81000000,美的集团
2016-08-24,000333,111.38000000,109.88000000,111.71000000,109.54000000,228114,624708704.00000000,1.95000000,-1.11000000,-1.23000000,0.67000000,美的集团
2016-08-25,000333,109.69000000,110.63000000,111.49000000,108.75000000,229068,625824416.00000000,2.49000000,0.68000000,0.75000000,0.67000000,美的集团
2016-08-26,000333,110.59000000,109.58000000,111.49000000,109.24000000,200646,550993568.00000000,2.03000000,-0.95000000,-1.05000000,0.59000000,美的集团
2016-08-29,000333,109.43000000,108.94000000,109.99000000,108.30000000,215663,583192656.00000000,1.54000000,-0.58000000,-0.64000000,0.63000000,美的集团
2016-08-30,000333,108.94000000,108.26000000,109.50000000,107.66000000,244975,658946896.00000000,1.69000000,-0.62000000,-0.68000000,0.72000000,美的集团
2016-08-31,000333,108.94000000,110.25000000,111.30000000,108.86000000,367847,1008493456.00000000,2.25000000,1.84000000,1.99000000,1.08000000,美的集团
2016-09-01,000333,109.99000000,110.51000000,111.08000000,109.31000000,252856,693932736.00000000,1.61000000,0.24000000,0.26000000,0.74000000,美的集团
2016-09-02,000333,111.68000000,109.20000000,112.76000000,108.41000000,373968,1022135904.00000000,3.94000000,-1.19000000,-1.31000000,1.10000000,美的集团
2016-09-05,000333,109.24000000,110.36000000,110.78000000,108.38000000,287572,786319440.00000000,2.20000000,1.06000000,1.16000000,0.84000000,美的集团
2016-09-06,000333,109.88000000,109.91000000,110.40000000,108.38000000,305467,828005776.00000000,1.83000000,-0.41000000,-0.45000000,0.90000000,美的集团
2016-09-07,000333,109.84000000,109.61000000,110.18000000,109.16000000,192844,525836832.00000000,0.93000000,-0.27000000,-0.30000000,0.57000000,美的集团
2016-09-08,000333,109.61000000,109.54000000,110.44000000,109.09000000,201339,548851312.00000000,1.23000000,-0.06000000,-0.07000000,0.59000000,美的集团
2016-09-09,000333,109.76000000,108.83000000,109.76000000,108.68000000,181907,492979440.00000000,0.99000000,-0.65000000,-0.71000000,0.53000000,美的集团
2016-09-12,000333,107.78000000,106.09000000,107.78000000,105.41000000,359501,947670608.00000000,2.18000000,-2.52000000,-2.74000000,1.05000000,美的集团
2016-09-13,000333,106.73000000,106.28000000,107.06000000,106.01000000,164573,434327968.00000000,0.99000000,0.18000000,0.19000000,0.48000000,美的集团
2016-09-14,000333,105.79000000,102.75000000,105.79000000,101.93000000,397986,1021454464.00000000,3.63000000,-3.32000000,-3.53000000,1.17000000,美的集团
2016-09-19,000333,102.75000000,105.00000000,105.94000000,102.71000000,265569,690391440.00000000,3.14000000,2.19000000,2.25000000,0.43000000,美的集团
2016-09-20,000333,105.30000000,104.66000000,105.30000000,104.03000000,99719,258218038.00000000,1.21000000,-0.32000000,-0.34000000,0.16000000,美的集团
2016-09-21,000333,105.04000000,104.89000000,105.19000000,104.55000000,92941,241438466.00000000,0.61000000,0.22000000,0.23000000,0.15000000,美的集团
2016-09-22,000333,105.38000000,105.56000000,106.24000000,104.74000000,220105,575505648.00000000,1.43000000,0.64000000,0.67000000,0.36000000,美的集团
2016-09-23,000333,105.79000000,105.98000000,106.35000000,105.45000000,132880,348663696.00000000,0.85000000,0.40000000,0.42000000,0.22000000,美的集团
2016-09-26,000333,105.94000000,105.08000000,106.16000000,105.00000000,115007,301076064.00000000,1.09000000,-0.85000000,-0.90000000,0.19000000,美的集团
2016-09-27,000333,104.48000000,105.60000000,105.75000000,104.10000000,107496,279575536.00000000,1.57000000,0.49000000,0.52000000,0.18000000,美的集团
2016-09-28,000333,105.90000000,105.71000000,106.50000000,105.45000000,112236,294764800.00000000,0.99000000,0.10000000,0.11000000,0.18000000,美的集团
2016-09-29,000333,106.09000000,106.88000000,107.06000000,105.75000000,122804,324708064.00000000,1.24000000,1.11000000,1.17000000,0.20000000,美的集团
2016-09-30,000333,107.21000000,108.79000000,109.39000000,106.91000000,204660,552535504.00000000,2.32000000,1.79000000,1.91000000,0.33000000,美的集团
2016-10-10,000333,109.43000000,108.56000000,109.50000000,106.95000000,259212,696636608.00000000,2.34000000,-0.21000000,-0.23000000,0.42000000,美的集团
2016-10-11,000333,108.38000000,108.75000000,109.28000000,107.55000000,220048,592389008.00000000,1.59000000,0.18000000,0.19000000,0.36000000,美的集团
2016-10-12,000333,108.68000000,108.04000000,108.68000000,107.85000000,121255,325080752.00000000,0.76000000,-0.65000000,-0.71000000,0.20000000,美的集团
2016-10-13,000333,108.26000000,106.13000000,108.26000000,106.09000000,225689,597663600.00000000,2.01000000,-1.77000000,-1.91000000,0.37000000,美的集团
2016-10-14,000333,106.20000000,106.39000000,106.95000000,105.94000000,173008,456589376.00000000,0.95000000,0.24000000,0.26000000,0.28000000,美的集团
2016-10-17,000333,106.80000000,106.01000000,106.99000000,105.79000000,140332,370332576.00000000,1.13000000,-0.36000000,-0.38000000,0.23000000,美的集团
2016-10-18,000333,105.38000000,106.31000000,106.35000000,105.19000000,227032,594479904.00000000,1.09000000,0.28000000,0.30000000,0.37000000,美的集团
2016-10-19,000333,106.35000000,105.53000000,106.46000000,105.30000000,153999,403273968.00000000,1.09000000,-0.73000000,-0.78000000,0.25000000,美的集团
2016-10-20,000333,105.53000000,105.94000000,106.28000000,104.96000000,155704,407467344.00000000,1.25000000,0.39000000,0.41000000,0.25000000,美的集团
2016-10-21,000333,105.68000000,106.43000000,106.99000000,105.60000000,230974,608799360.00000000,1.31000000,0.46000000,0.49000000,0.38000000,美的集团
2016-10-24,000333,106.99000000,107.48000000,107.81000000,106.46000000,346970,922414256.00000000,1.27000000,0.99000000,1.05000000,0.57000000,美的集团
2016-10-25,000333,107.48000000,108.00000000,108.30000000,106.99000000,290634,777320448.00000000,1.22000000,0.48000000,0.52000000,0.47000000,美的集团
2016-10-26,000333,108.00000000,107.51000000,108.19000000,107.21000000,183887,491053872.00000000,0.91000000,-0.45000000,-0.49000000,0.30000000,美的集团
2016-10-27,000333,107.48000000,107.55000000,107.63000000,106.50000000,124494,330062960.00000000,1.05000000,0.04000000,0.04000000,0.20000000,美的集团
2016-10-28,000333,107.40000000,107.85000000,108.11000000,106.84000000,207452,553742336.00000000,1.18000000,0.28000000,0.30000000,0.34000000,美的集团
2016-10-31,000333,108.23000000,109.31000000,109.46000000,107.51000000,419472,1131912608.00000000,1.81000000,1.35000000,1.46000000,0.68000000,美的集团
2016-11-01,000333,109.50000000,111.64000000,112.16000000,109.39000000,408922,1127865216.00000000,2.53000000,2.13000000,2.33000000,0.67000000,美的集团
2016-11-02,000333,111.41000000,110.55000000,111.41000000,109.88000000,234452,645368480.00000000,1.37000000,-0.98000000,-1.09000000,0.38000000,美的集团
2016-11-03,000333,109.88000000,110.25000000,111.34000000,109.88000000,157324,433094864.00000000,1.32000000,-0.27000000,-0.30000000,0.26000000,美的集团
2016-11-04,000333,109.88000000,108.71000000,110.85000000,108.68000000,201281,547120480.00000000,1.97000000,-1.40000000,-1.54000000,0.33000000,美的集团
2016-11-07,000333,108.83000000,108.56000000,109.13000000,107.85000000,142856,384758704.00000000,1.18000000,-0.14000000,-0.15000000,0.23000000,美的集团
2016-11-08,000333,108.86000000,110.25000000,111.00000000,108.86000000,185223,506591232.00000000,1.97000000,1.56000000,1.69000000,0.30000000,美的集团
2016-11-09,000333,110.59000000,109.43000000,110.59000000,108.38000000,210967,573731136.00000000,2.00000000,-0.74000000,-0.82000000,0.34000000,美的集团
2016-11-10,000333,109.88000000,110.89000000,111.53000000,109.88000000,227229,627256000.00000000,1.51000000,1.33000000,1.46000000,0.37000000,美的集团
2016-11-11,000333,110.81000000,110.36000000,111.38000000,109.84000000,191008,524189184.00000000,1.39000000,-0.48000000,-0.53000000,0.31000000,美的集团
2016-11-14,000333,110.85000000,109.13000000,111.11000000,108.68000000,328293,893464368.00000000,2.20000000,-1.11000000,-1.23000000,0.53000000,美的集团
2016-11-15,000333,108.94000000,108.75000000,109.09000000,108.26000000,237553,639687088.00000000,0.76000000,-0.35000000,-0.38000000,0.39000000,美的集团
2016-11-16,000333,108.75000000,108.53000000,109.01000000,108.23000000,113254,305149840.00000000,0.72000000,-0.20000000,-0.22000000,0.18000000,美的集团
2016-11-17,000333,108.75000000,108.75000000,109.43000000,108.19000000,168118,453307120.00000000,1.14000000,0.20000000,0.22000000,0.27000000,美的集团
2016-11-18,000333,108.83000000,109.24000000,109.58000000,108.49000000,149114,403465280.00000000,1.00000000,0.45000000,0.49000000,0.24000000,美的集团
2016-11-21,000333,109.24000000,110.93000000,111.68000000,109.24000000,352426,970001584.00000000,2.23000000,1.55000000,1.69000000,0.57000000,美的集团
2016-11-22,000333,111.04000000,110.40000000,111.68000000,110.25000000,170658,470056096.00000000,1.29000000,-0.48000000,-0.53000000,0.28000000,美的集团
2016-11-23,000333,110.51000000,112.69000000,113.25000000,110.51000000,456712,1277341744.00000000,2.48000000,2.07000000,2.29000000,0.74000000,美的集团
2016-11-24,000333,111.75000000,116.18000000,118.13000000,111.34000000,775068,2227223872.00000000,6.03000000,3.10000000,3.49000000,1.26000000,美的集团
2016-11-25,000333,115.84000000,116.25000000,117.38000000,113.25000000,358655,1035308656.00000000,3.55000000,0.06000000,0.07000000,0.58000000,美的集团
2016-11-28,000333,117.56000000,120.45000000,121.84000000,115.50000000,801687,2371494704.00000000,5.45000000,3.61000000,4.20000000,1.31000000,美的集团
2016-11-29,000333,120.00000000,125.51000000,128.44000000,119.51000000,1208730,3777693472.00000000,7.41000000,4.20000000,5.06000000,1.97000000,美的集团
2016-11-30,000333,124.09000000,121.05000000,124.91000000,120.53000000,607676,1851255104.00000000,3.49000000,-3.55000000,-4.46000000,0.99000000,美的集团
2016-12-01,000333,124.88000000,123.19000000,128.25000000,121.50000000,907666,2828150400.00000000,5.58000000,1.77000000,2.14000000,1.48000000,美的集团
2016-12-02,000333,123.75000000,119.51000000,123.75000000,118.28000000,507943,1521112064.00000000,4.44000000,-2.99000000,-3.68000000,0.83000000,美的集团
2016-12-05,000333,113.96000000,114.83000000,117.30000000,113.63000000,581945,1672072992.00000000,3.07000000,-3.92000000,-4.68000000,0.95000000,美的集团
2016-12-06,000333,115.58000000,115.76000000,117.83000000,115.46000000,325694,948520352.00000000,2.06000000,0.81000000,0.93000000,0.53000000,美的集团
2016-12-07,000333,115.84000000,115.84000000,117.08000000,115.20000000,237469,687204384.00000000,1.62000000,0.07000000,0.08000000,0.39000000,美的集团
2016-12-08,000333,116.40000000,116.66000000,117.56000000,115.88000000,262054,763643728.00000000,1.45000000,0.71000000,0.82000000,0.43000000,美的集团
2016-12-09,000333,117.08000000,120.68000000,122.10000000,116.74000000,614174,1840673504.00000000,4.59000000,3.45000000,4.02000000,1.00000000,美的集团
2016-12-12,000333,119.81000000,117.34000000,120.00000000,116.93000000,349947,1034597360.00000000,2.54000000,-2.77000000,-3.34000000,0.57000000,美的集团
2016-12-13,000333,116.48000000,115.50000000,118.13000000,113.93000000,390182,1126343744.00000000,3.58000000,-1.57000000,-1.84000000,0.63000000,美的集团
2016-12-14,000333,115.69000000,114.00000000,116.70000000,114.00000000,207566,596990528.00000000,2.34000000,-1.30000000,-1.50000000,0.34000000,美的集团
2016-12-15,000333,113.55000000,111.86000000,113.63000000,110.63000000,293462,818175216.00000000,2.63000000,-1.88000000,-2.14000000,0.48000000,美的集团
2016-12-16,000333,112.13000000,117.00000000,117.00000000,112.13000000,384136,1090722528.00000000,4.35000000,4.60000000,5.14000000,0.63000000,美的集团
2016-12-19,000333,116.25000000,115.69000000,117.38000000,114.98000000,211106,612115056.00000000,2.05000000,-1.12000000,-1.31000000,0.34000000,美的集团
2016-12-20,000333,115.65000000,113.36000000,116.36000000,112.58000000,217448,618197952.00000000,3.27000000,-2.01000000,-2.33000000,0.35000000,美的集团
2016-12-21,000333,113.74000000,113.93000000,115.31000000,113.29000000,191344,543882528.00000000,1.78000000,0.50000000,0.57000000,0.31000000,美的集团
2016-12-22,000333,113.78000000,113.93000000,114.75000000,112.73000000,147589,418630608.00000000,1.77000000,0.00000000,0.00000000,0.24000000,美的集团
2016-12-23,000333,113.85000000,112.99000000,114.68000000,112.73000000,135296,382057648.00000000,1.71000000,-0.83000000,-0.94000000,0.22000000,美的集团
2016-12-26,000333,112.88000000,113.66000000,113.81000000,112.16000000,161290,453797728.00000000,1.46000000,0.59000000,0.67000000,0.26000000,美的集团
2016-12-27,000333,113.66000000,113.63000000,114.83000000,113.25000000,234589,666870576.00000000,1.39000000,-0.03000000,-0.03000000,0.38000000,美的集团
2016-12-28,000333,113.63000000,112.76000000,113.89000000,112.13000000,176920,496430272.00000000,1.55000000,-0.77000000,-0.87000000,0.29000000,美的集团
2016-12-29,000333,112.50000000,112.58000000,113.03000000,112.39000000,176654,495542352.00000000,0.57000000,-0.16000000,-0.18000000,0.29000000,美的集团
2016-12-30,000333,112.69000000,113.14000000,113.70000000,112.13000000,172635,485375888.00000000,1.39000000,0.50000000,0.56000000,0.28000000,美的集团
2017-01-03,000333,114.94000000,116.70000000,118.13000000,114.83000000,441082,1282988880.00000000,2.92000000,3.15000000,3.56000000,0.71000000,美的集团
2017-01-04,000333,116.74000000,119.36000000,119.93000000,116.74000000,358068,1057612144.00000000,2.73000000,2.28000000,2.66000000,0.58000000,美的集团
2017-01-05,000333,119.33000000,118.84000000,119.74000000,118.16000000,191762,568420720.00000000,1.32000000,-0.44000000,-0.52000000,0.31000000,美的集团
2017-01-06,000333,118.84000000,117.71000000,118.84000000,117.00000000,197942,580370048.00000000,1.55000000,-0.95000000,-1.13000000,0.32000000,美的集团
2017-01-09,000333,118.05000000,117.19000000,118.13000000,115.91000000,177479,517889520.00000000,1.89000000,-0.44000000,-0.52000000,0.29000000,美的集团
2017-01-10,000333,116.25000000,116.93000000,117.79000000,116.25000000,166125,484385888.00000000,1.31000000,-0.22000000,-0.26000000,0.27000000,美的集团
2017-01-11,000333,116.51000000,114.75000000,117.15000000,114.30000000,240371,692519328.00000000,2.44000000,-1.86000000,-2.18000000,0.39000000,美的集团
2017-01-12,000333,114.75000000,113.25000000,115.69000000,113.18000000,253682,721008992.00000000,2.19000000,-1.31000000,-1.50000000,0.41000000,美的集团
2017-01-13,000333,113.40000000,113.33000000,114.38000000,113.21000000,194861,551763392.00000000,1.03000000,0.07000000,0.08000000,0.32000000,美的集团
2017-01-16,000333,113.33000000,113.44000000,114.83000000,111.71000000,291540,823699856.00000000,2.75000000,0.10000000,0.11000000,0.47000000,美的集团
2017-01-17,000333,113.25000000,115.91000000,116.06000000,113.06000000,234610,670703536.00000000,2.64000000,2.18000000,2.47000000,0.38000000,美的集团
2017-01-18,000333,115.35000000,116.78000000,118.20000000,115.35000000,339837,996433488.00000000,2.46000000,0.75000000,0.87000000,0.55000000,美的集团
2017-01-19,000333,116.25000000,115.39000000,116.81000000,114.68000000,370984,1069010752.00000000,1.82000000,-1.19000000,-1.39000000,0.60000000,美的集团
2017-01-20,000333,115.28000000,117.08000000,117.56000000,115.20000000,326308,952583488.00000000,2.05000000,1.46000000,1.69000000,0.53000000,美的集团
2017-01-23,000333,117.60000000,116.10000000,118.05000000,115.88000000,251069,732238768.00000000,1.85000000,-0.84000000,-0.98000000,0.41000000,美的集团
2017-01-24,000333,116.14000000,116.63000000,117.38000000,115.50000000,268087,777495408.00000000,1.62000000,0.46000000,0.53000000,0.43000000,美的集团
2017-01-25,000333,116.36000000,117.75000000,118.46000000,116.10000000,284518,836778112.00000000,2.02000000,0.96000000,1.12000000,0.46000000,美的集团
2017-01-26,000333,117.94000000,119.63000000,120.53000000,117.94000000,341915,1022714704.00000000,2.20000000,1.60000000,1.88000000,0.55000000,美的集团
2017-02-03,000333,118.88000000,119.63000000,120.19000000,117.75000000,238410,708232112.00000000,2.04000000,0.00000000,0.00000000,0.39000000,美的集团
2017-02-06,000333,119.63000000,119.96000000,121.73000000,119.48000000,297193,896997424.00000000,1.88000000,0.28000000,0.33000000,0.48000000,美的集团
2017-02-07,000333,120.00000000,118.69000000,120.64000000,118.28000000,324004,965184288.00000000,1.97000000,-1.06000000,-1.27000000,0.52000000,美的集团
2017-02-08,000333,118.69000000,119.55000000,120.26000000,118.43000000,256216,763569856.00000000,1.54000000,0.72000000,0.86000000,0.41000000,美的集团
2017-02-09,000333,119.78000000,120.08000000,120.45000000,119.51000000,251017,753527776.00000000,0.79000000,0.44000000,0.53000000,0.41000000,美的集团
2017-02-10,000333,120.38000000,120.45000000,121.80000000,119.96000000,269919,814459152.00000000,1.53000000,0.31000000,0.37000000,0.44000000,美的集团
2017-02-13,000333,120.19000000,123.41000000,123.53000000,120.19000000,446508,1368505952.00000000,2.77000000,2.46000000,2.96000000,0.72000000,美的集团
2017-02-14,000333,123.75000000,122.59000000,124.84000000,122.25000000,265237,818126112.00000000,2.10000000,-0.66000000,-0.82000000,0.43000000,美的集团
2017-02-15,000333,123.11000000,123.98000000,125.44000000,122.63000000,304270,947849152.00000000,2.29000000,1.13000000,1.39000000,0.49000000,美的集团
2017-02-16,000333,123.75000000,127.61000000,127.88000000,123.49000000,413274,1302878000.00000000,3.54000000,2.93000000,3.63000000,0.67000000,美的集团
2017-02-17,000333,127.88000000,128.44000000,129.83000000,126.75000000,393043,1264349120.00000000,2.41000000,0.65000000,0.83000000,0.64000000,美的集团
2017-02-20,000333,128.51000000,129.68000000,133.01000000,128.18000000,675155,2228769536.00000000,3.76000000,0.97000000,1.24000000,1.09000000,美的集团
2017-02-21,000333,130.16000000,129.19000000,130.76000000,127.88000000,386157,1252870464.00000000,2.22000000,-0.38000000,-0.49000000,0.62000000,美的集团
2017-02-22,000333,128.89000000,131.44000000,132.45000000,128.66000000,331877,1093311008.00000000,2.93000000,1.74000000,2.25000000,0.54000000,美的集团
2017-02-23,000333,131.48000000,131.63000000,132.30000000,129.75000000,311373,1025755648.00000000,1.94000000,0.14000000,0.19000000,0.50000000,美的集团
2017-02-24,000333,131.18000000,128.89000000,131.33000000,128.18000000,338843,1099578016.00000000,2.39000000,-2.08000000,-2.74000000,0.55000000,美的集团
2017-02-27,000333,128.93000000,126.04000000,128.96000000,125.93000000,334447,1065158512.00000000,2.35000000,-2.21000000,-2.85000000,0.54000000,美的集团
2017-02-28,000333,126.19000000,126.98000000,127.80000000,125.85000000,210888,671010960.00000000,1.55000000,0.75000000,0.94000000,0.34000000,美的集团
2017-03-01,000333,126.75000000,127.61000000,127.69000000,126.71000000,193012,615952752.00000000,0.77000000,0.50000000,0.63000000,0.31000000,美的集团
2017-03-02,000333,127.61000000,125.59000000,128.10000000,125.18000000,216262,683771088.00000000,2.29000000,-1.58000000,-2.02000000,0.35000000,美的集团
2017-03-03,000333,125.59000000,126.45000000,126.49000000,124.24000000,299816,942871472.00000000,1.79000000,0.68000000,0.86000000,0.48000000,美的集团
2017-03-06,000333,125.70000000,130.84000000,131.63000000,125.70000000,432596,1406128912.00000000,4.69000000,3.47000000,4.39000000,0.70000000,美的集团
2017-03-07,000333,130.88000000,131.29000000,131.89000000,129.56000000,274661,903570032.00000000,1.78000000,0.34000000,0.45000000,0.44000000,美的集团
2017-03-08,000333,131.93000000,132.30000000,133.43000000,130.50000000,364857,1213541808.00000000,2.23000000,0.77000000,1.01000000,0.59000000,美的集团
2017-03-09,000333,132.38000000,130.95000000,133.80000000,130.80000000,237996,788991168.00000000,2.27000000,-1.02000000,-1.35000000,0.38000000,美的集团
2017-03-10,000333,130.80000000,135.83000000,136.13000000,130.39000000,480776,1624041040.00000000,4.38000000,3.73000000,4.88000000,0.78000000,美的集团
2017-03-13,000333,136.05000000,134.63000000,137.96000000,134.03000000,450041,1537993408.00000000,2.89000000,-0.88000000,-1.20000000,0.73000000,美的集团
2017-03-14,000333,134.78000000,135.08000000,135.60000000,132.68000000,341911,1154170224.00000000,2.17000000,0.33000000,0.45000000,0.55000000,美的集团
2017-03-15,000333,134.55000000,136.58000000,136.99000000,134.25000000,320868,1096873456.00000000,2.03000000,1.11000000,1.50000000,0.52000000,美的集团
2017-03-16,000333,136.91000000,134.93000000,137.85000000,134.33000000,433330,1478349856.00000000,2.58000000,-1.21000000,-1.65000000,0.70000000,美的集团
2017-03-17,000333,134.36000000,132.79000000,135.19000000,132.49000000,379229,1274319168.00000000,2.00000000,-1.59000000,-2.14000000,0.61000000,美的集团
2017-03-20,000333,132.98000000,133.05000000,134.14000000,131.25000000,339558,1130342560.00000000,2.18000000,0.20000000,0.26000000,0.55000000,美的集团
2017-03-21,000333,132.75000000,136.16000000,136.16000000,132.60000000,414194,1403674544.00000000,2.68000000,2.34000000,3.11000000,0.67000000,美的集团
2017-03-22,000333,135.45000000,136.35000000,136.58000000,134.93000000,342988,1173042352.00000000,1.21000000,0.14000000,0.19000000,0.55000000,美的集团
2017-03-23,000333,136.39000000,137.81000000,138.38000000,135.30000000,374188,1291101104.00000000,2.26000000,1.07000000,1.46000000,0.60000000,美的集团
2017-03-24,000333,137.85000000,138.45000000,141.23000000,137.29000000,432081,1520361504.00000000,2.86000000,0.46000000,0.64000000,0.70000000,美的集团
2017-03-27,000333,138.45000000,135.56000000,140.06000000,135.00000000,349699,1210503408.00000000,3.65000000,-2.09000000,-2.89000000,0.57000000,美的集团
2017-03-28,000333,135.38000000,134.81000000,136.13000000,133.76000000,351728,1190715968.00000000,1.75000000,-0.55000000,-0.75000000,0.57000000,美的集团
2017-03-29,000333,134.81000000,134.25000000,135.34000000,132.34000000,406093,1368888656.00000000,2.23000000,-0.42000000,-0.56000000,0.66000000,美的集团
2017-03-30,000333,134.06000000,131.74000000,134.48000000,130.54000000,445399,1482720592.00000000,2.93000000,-1.87000000,-2.51000000,0.72000000,美的集团
2017-03-31,000333,131.74000000,132.38000000,133.46000000,130.61000000,397964,1321769360.00000000,2.16000000,0.49000000,0.64000000,0.64000000,美的集团
2017-04-05,000333,132.11000000,131.96000000,133.20000000,130.50000000,570475,1891523424.00000000,2.04000000,-0.32000000,-0.42000000,0.92000000,美的集团
2017-04-06,000333,132.23000000,134.59000000,134.59000000,131.25000000,440076,1469071632.00000000,2.53000000,1.99000000,2.63000000,0.71000000,美的集团
2017-04-07,000333,134.40000000,133.69000000,135.45000000,133.35000000,360436,1218565584.00000000,1.56000000,-0.67000000,-0.90000000,0.58000000,美的集团
2017-04-10,000333,133.73000000,130.88000000,134.10000000,130.88000000,400777,1330706592.00000000,2.41000000,-2.10000000,-2.81000000,0.65000000,美的集团
2017-04-11,000333,130.61000000,129.00000000,131.48000000,126.94000000,559918,1810877216.00000000,3.47000000,-1.44000000,-1.88000000,0.91000000,美的集团
2017-04-12,000333,128.59000000,129.00000000,130.31000000,127.69000000,256065,830673200.00000000,2.03000000,0.00000000,0.00000000,0.41000000,美的集团
2017-04-13,000333,128.81000000,131.10000000,131.70000000,128.74000000,248856,818579552.00000000,2.29000000,1.63000000,2.10000000,0.40000000,美的集团
2017-04-14,000333,131.10000000,129.90000000,131.63000000,129.00000000,169401,552502016.00000000,2.01000000,-0.92000000,-1.20000000,0.27000000,美的集团
2017-04-17,000333,129.83000000,131.93000000,132.56000000,129.34000000,380242,1257959600.00000000,2.48000000,1.56000000,2.03000000,0.61000000,美的集团
2017-04-18,000333,131.93000000,135.30000000,135.83000000,131.85000000,492275,1668283104.00000000,3.02000000,2.55000000,3.37000000,0.80000000,美的集团
2017-04-19,000333,134.74000000,135.86000000,135.94000000,133.69000000,387219,1314734736.00000000,1.66000000,0.41000000,0.56000000,0.63000000,美的集团
2017-04-20,000333,135.98000000,136.88000000,138.90000000,135.94000000,517403,1800422368.00000000,2.18000000,0.75000000,1.02000000,0.84000000,美的集团
2017-04-21,000333,136.01000000,135.86000000,137.06000000,134.63000000,294183,1004821440.00000000,1.78000000,-0.75000000,-1.02000000,0.48000000,美的集团
2017-04-24,000333,135.00000000,131.70000000,135.00000000,131.29000000,350975,1175095024.00000000,2.73000000,-3.06000000,-4.16000000,0.57000000,美的集团
2017-04-25,000333,132.00000000,135.90000000,136.13000000,131.29000000,398093,1340561920.00000000,3.68000000,3.19000000,4.20000000,0.64000000,美的集团
2017-04-26,000333,136.61000000,136.13000000,139.50000000,135.11000000,564879,1957592128.00000000,3.23000000,0.17000000,0.23000000,0.91000000,美的集团
2017-04-27,000333,136.13000000,135.15000000,136.13000000,132.56000000,348376,1174443296.00000000,2.62000000,-0.72000000,-0.98000000,0.56000000,美的集团
2017-04-28,000333,135.15000000,133.73000000,135.15000000,131.10000000,418037,1390913792.00000000,3.00000000,-1.05000000,-1.42000000,0.68000000,美的集团
2017-05-02,000333,132.04000000,138.45000000,138.45000000,131.81000000,596915,2053124176.00000000,4.97000000,3.53000000,4.72000000,0.96000000,美的集团
2017-05-03,000333,138.45000000,139.46000000,140.06000000,136.46000000,353664,1235841392.00000000,2.60000000,0.73000000,1.01000000,0.57000000,美的集团
2017-05-04,000333,139.69000000,139.88000000,140.93000000,138.86000000,420462,1487632336.00000000,1.48000000,0.30000000,0.42000000,0.68000000,美的集团
2017-05-05,000333,140.63000000,143.06000000,143.66000000,140.06000000,550591,1980293392.00000000,2.57000000,2.27000000,3.18000000,0.89000000,美的集团
2017-05-08,000333,142.84000000,141.30000000,144.34000000,138.86000000,318442,1139028400.00000000,3.83000000,-1.23000000,-1.76000000,0.51000000,美的集团
2017-05-09,000333,141.68000000,139.88000000,141.68000000,137.10000000,381619,1337877360.00000000,3.24000000,-1.00000000,-1.42000000,0.62000000,美的集团
2017-05-10,000333,140.40000000,143.06000000,143.74000000,139.73000000,393209,1367506688.00000000,2.87000000,2.27000000,3.18000000,0.64000000,美的集团
2017-05-11,000333,142.35000000,145.58000000,146.18000000,141.53000000,408988,1451845776.00000000,3.25000000,1.76000000,2.52000000,0.66000000,美的集团
2017-05-12,000333,146.14000000,145.31000000,147.56000000,143.66000000,381879,1364622352.00000000,2.68000000,-0.19000000,-0.27000000,0.62000000,美的集团
2017-05-15,000333,143.93000000,143.66000000,146.25000000,143.18000000,518521,1837233408.00000000,2.11000000,-1.14000000,-1.65000000,0.84000000,美的集团
2017-05-16,000333,140.78000000,143.70000000,144.34000000,139.58000000,630492,2196001440.00000000,3.31000000,0.03000000,0.04000000,1.02000000,美的集团
2017-05-17,000333,142.88000000,140.14000000,143.25000000,139.91000000,501700,1741741552.00000000,2.32000000,-2.48000000,-3.56000000,0.81000000,美的集团
2017-05-18,000333,139.73000000,140.55000000,142.73000000,139.50000000,382488,1327757696.00000000,2.30000000,0.29000000,0.41000000,0.61000000,美的集团
2017-05-19,000333,141.41000000,144.53000000,144.68000000,141.38000000,505787,1784970832.00000000,2.35000000,2.83000000,3.98000000,0.81000000,美的集团
2017-05-22,000333,143.55000000,147.04000000,147.38000000,143.55000000,477949,1711710912.00000000,2.65000000,1.74000000,2.51000000,0.76000000,美的集团
2017-05-23,000333,147.19000000,147.45000000,148.43000000,144.56000000,522760,1889503280.00000000,2.63000000,0.28000000,0.41000000,0.83000000,美的集团
2017-05-24,000333,146.85000000,146.66000000,148.05000000,144.94000000,282755,1021390208.00000000,2.11000000,-0.54000000,-0.79000000,0.45000000,美的集团
2017-05-25,000333,145.76000000,143.74000000,146.63000000,143.25000000,410939,1463033888.00000000,2.30000000,-1.99000000,-2.92000000,0.65000000,美的集团
2017-05-26,000333,143.66000000,145.01000000,146.03000000,143.66000000,328012,1170518544.00000000,1.65000000,0.88000000,1.27000000,0.52000000,美的集团
2017-05-31,000333,145.43000000,146.70000000,146.70000000,142.95000000,368765,1315310960.00000000,2.59000000,1.17000000,1.69000000,0.59000000,美的集团
2017-06-01,000333,146.85000000,148.13000000,148.76000000,146.25000000,406495,1480882592.00000000,1.71000000,0.97000000,1.43000000,0.65000000,美的集团
2017-06-02,000333,148.13000000,147.71000000,148.69000000,145.50000000,345804,1255234080.00000000,2.15000000,-0.28000000,-0.42000000,0.55000000,美的集团
2017-06-05,000333,147.34000000,147.71000000,149.33000000,147.00000000,256830,938757136.00000000,1.58000000,0.00000000,0.00000000,0.41000000,美的集团
2017-06-06,000333,148.13000000,153.75000000,153.79000000,147.94000000,478495,1789235216.00000000,3.96000000,4.09000000,6.04000000,0.76000000,美的集团
2017-06-07,000333,153.75000000,156.38000000,157.95000000,153.04000000,533532,2052782432.00000000,3.19000000,1.71000000,2.63000000,0.85000000,美的集团
2017-06-08,000333,156.41000000,162.19000000,162.19000000,156.41000000,451989,1789706672.00000000,3.70000000,3.72000000,5.81000000,0.72000000,美的集团
2017-06-09,000333,162.71000000,162.38000000,165.23000000,160.39000000,489338,1982802640.00000000,2.98000000,0.12000000,0.19000000,0.78000000,美的集团
2017-06-12,000333,161.81000000,162.98000000,165.53000000,160.54000000,465623,1880663312.00000000,3.07000000,0.37000000,0.60000000,0.74000000,美的集团
2017-06-13,000333,162.98000000,161.85000000,163.88000000,161.06000000,294227,1182718544.00000000,1.73000000,-0.69000000,-1.13000000,0.47000000,美的集团
2017-06-14,000333,161.40000000,157.88000000,162.00000000,157.20000000,474018,1865659776.00000000,2.97000000,-2.45000000,-3.97000000,0.75000000,美的集团
2017-06-15,000333,158.44000000,160.13000000,161.36000000,157.54000000,403920,1594147488.00000000,2.42000000,1.43000000,2.25000000,0.64000000,美的集团
2017-06-16,000333,160.95000000,157.73000000,162.68000000,157.28000000,459904,1819097872.00000000,3.37000000,-1.50000000,-2.40000000,0.73000000,美的集团
2017-06-19,000333,159.75000000,162.53000000,163.31000000,159.45000000,585736,2346748480.00000000,2.45000000,3.04000000,4.80000000,0.93000000,美的集团
2017-06-20,000333,163.13000000,164.55000000,166.01000000,161.40000000,552674,2249834176.00000000,2.84000000,1.24000000,2.02000000,0.88000000,美的集团
2017-06-21,000333,165.68000000,171.71000000,171.71000000,163.50000000,490517,2046649824.00000000,4.99000000,4.35000000,7.16000000,0.78000000,美的集团
2017-06-22,000333,171.90000000,170.63000000,174.15000000,169.50000000,625918,2681685104.00000000,2.71000000,-0.63000000,-1.08000000,0.99000000,美的集团
2017-06-23,000333,171.56000000,178.05000000,178.39000000,169.73000000,475583,2056736928.00000000,5.08000000,4.35000000,7.42000000,0.75000000,美的集团
2017-06-26,000333,176.89000000,177.19000000,181.46000000,176.25000000,600431,2681264192.00000000,2.93000000,-0.48000000,-0.86000000,0.95000000,美的集团
2017-06-27,000333,177.75000000,176.25000000,177.83000000,172.73000000,498518,2176423872.00000000,2.88000000,-0.53000000,-0.94000000,0.79000000,美的集团
2017-06-28,000333,174.86000000,171.68000000,174.86000000,170.63000000,585448,2515804864.00000000,2.40000000,-2.59000000,-4.57000000,0.93000000,美的集团
2017-06-29,000333,171.68000000,173.10000000,173.44000000,170.81000000,453945,1947619520.00000000,1.53000000,0.83000000,1.42000000,0.72000000,美的集团
2017-06-30,000333,172.50000000,172.65000000,173.85000000,170.81000000,391964,1685646656.00000000,1.76000000,-0.26000000,-0.45000000,0.62000000,美的集团
2017-07-03,000333,171.94000000,168.00000000,171.94000000,167.10000000,513312,2156580928.00000000,2.80000000,-2.69000000,-4.65000000,0.81000000,美的集团
2017-07-04,000333,168.00000000,166.88000000,168.08000000,164.70000000,510003,2104852480.00000000,2.01000000,-0.67000000,-1.12000000,0.81000000,美的集团
2017-07-05,000333,166.50000000,172.28000000,172.35000000,166.13000000,441307,1868284416.00000000,3.73000000,3.24000000,5.40000000,0.70000000,美的集团
2017-07-06,000333,172.24000000,171.00000000,172.50000000,167.44000000,455667,1926026720.00000000,2.94000000,-0.74000000,-1.28000000,0.72000000,美的集团
2017-07-07,000333,169.24000000,167.36000000,170.55000000,165.98000000,405354,1689133840.00000000,2.67000000,-2.13000000,-3.64000000,0.64000000,美的集团
2017-07-10,000333,166.13000000,166.39000000,168.26000000,165.75000000,296792,1229483360.00000000,1.50000000,-0.58000000,-0.97000000,0.47000000,美的集团
2017-07-11,000333,166.50000000,172.31000000,173.63000000,166.50000000,686853,2919625392.00000000,4.29000000,3.56000000,5.92000000,1.09000000,美的集团
2017-07-12,000333,171.79000000,167.63000000,173.14000000,166.69000000,425621,1799570656.00000000,3.74000000,-2.72000000,-4.68000000,0.67000000,美的集团
2017-07-13,000333,166.88000000,168.71000000,171.04000000,166.31000000,276968,1166065056.00000000,2.82000000,0.64000000,1.08000000,0.44000000,美的集团
2017-07-14,000333,168.00000000,169.39000000,170.21000000,166.43000000,231619,970662272.00000000,2.24000000,0.40000000,0.68000000,0.37000000,美的集团
2017-07-17,000333,169.13000000,167.48000000,170.63000000,163.13000000,460488,1907521312.00000000,4.43000000,-1.13000000,-1.91000000,0.73000000,美的集团
2017-07-18,000333,166.76000000,165.00000000,168.08000000,163.80000000,375815,1540916064.00000000,2.56000000,-1.48000000,-2.48000000,0.59000000,美的集团
2017-07-19,000333,165.75000000,165.83000000,168.49000000,164.74000000,315192,1304514800.00000000,2.27000000,0.50000000,0.83000000,0.50000000,美的集团
2017-07-20,000333,166.13000000,169.69000000,170.06000000,163.88000000,466367,1940264128.00000000,3.73000000,2.33000000,3.86000000,0.74000000,美的集团
2017-07-21,000333,170.03000000,168.38000000,170.48000000,167.55000000,295040,1242799392.00000000,1.73000000,-0.77000000,-1.31000000,0.47000000,美的集团
2017-07-24,000333,168.41000000,174.08000000,174.56000000,167.25000000,605222,2602473520.00000000,4.34000000,3.39000000,5.70000000,0.96000000,美的集团
2017-07-25,000333,174.15000000,174.08000000,174.94000000,172.31000000,327367,1417603520.00000000,1.51000000,0.00000000,0.00000000,0.52000000,美的集团
2017-07-26,000333,174.75000000,170.03000000,174.75000000,168.49000000,389177,1655228160.00000000,3.60000000,-2.33000000,-4.05000000,0.62000000,美的集团
2017-07-27,000333,170.03000000,165.75000000,170.03000000,164.14000000,418007,1724985920.00000000,3.46000000,-2.52000000,-4.28000000,0.66000000,美的集团
2017-07-28,000333,165.86000000,166.50000000,168.15000000,165.26000000,240932,998490208.00000000,1.74000000,0.45000000,0.75000000,0.38000000,美的集团
2017-07-31,000333,167.18000000,165.75000000,167.18000000,164.18000000,330137,1355932992.00000000,1.80000000,-0.45000000,-0.75000000,0.52000000,美的集团
2017-08-01,000333,165.79000000,165.71000000,167.21000000,164.44000000,343034,1411054272.00000000,1.67000000,-0.02000000,-0.04000000,0.54000000,美的集团
2017-08-02,000333,165.68000000,164.25000000,165.68000000,164.06000000,257016,1050314608.00000000,0.98000000,-0.88000000,-1.46000000,0.41000000,美的集团
2017-08-03,000333,163.54000000,161.55000000,165.00000000,160.88000000,357730,1437369312.00000000,2.51000000,-1.64000000,-2.70000000,0.57000000,美的集团
2017-08-04,000333,161.96000000,159.19000000,162.71000000,158.93000000,307045,1218981968.00000000,2.34000000,-1.46000000,-2.36000000,0.49000000,美的集团
2017-08-07,000333,158.81000000,162.34000000,162.86000000,156.26000000,420687,1670024912.00000000,4.15000000,1.98000000,3.15000000,0.66000000,美的集团
2017-08-08,000333,162.00000000,161.18000000,163.05000000,160.84000000,212440,852359152.00000000,1.36000000,-0.71000000,-1.16000000,0.34000000,美的集团
2017-08-09,000333,161.74000000,164.25000000,166.31000000,159.41000000,293559,1193145168.00000000,4.28000000,1.90000000,3.07000000,0.46000000,美的集团
2017-08-10,000333,163.84000000,164.44000000,165.68000000,162.38000000,229062,935040720.00000000,2.01000000,0.12000000,0.19000000,0.36000000,美的集团
2017-08-11,000333,162.38000000,159.90000000,164.63000000,159.75000000,235612,944958208.00000000,2.97000000,-2.76000000,-4.54000000,0.37000000,美的集团
2017-08-14,000333,159.98000000,161.70000000,162.94000000,159.75000000,210850,844438672.00000000,1.99000000,1.13000000,1.80000000,0.33000000,美的集团
2017-08-15,000333,161.70000000,160.39000000,161.70000000,159.90000000,247804,986854480.00000000,1.11000000,-0.81000000,-1.31000000,0.39000000,美的集团
2017-08-16,000333,160.09000000,157.69000000,160.09000000,156.79000000,318262,1243694752.00000000,2.06000000,-1.68000000,-2.70000000,0.50000000,美的集团
2017-08-17,000333,157.73000000,158.70000000,159.19000000,156.94000000,260387,1017919392.00000000,1.43000000,0.64000000,1.01000000,0.41000000,美的集团
2017-08-18,000333,157.43000000,157.99000000,159.15000000,157.13000000,170844,669361440.00000000,1.27000000,-0.45000000,-0.71000000,0.27000000,美的集团
2017-08-21,000333,157.95000000,160.16000000,160.76000000,157.31000000,221684,878293328.00000000,2.18000000,1.37000000,2.17000000,0.35000000,美的集团
2017-08-22,000333,160.80000000,162.94000000,163.99000000,160.80000000,296823,1201100032.00000000,1.99000000,1.74000000,2.78000000,0.47000000,美的集团
2017-08-23,000333,163.50000000,164.29000000,164.70000000,162.08000000,180807,734549600.00000000,1.61000000,0.83000000,1.35000000,0.29000000,美的集团
2017-08-24,000333,164.93000000,166.95000000,167.06000000,164.81000000,334509,1381480176.00000000,1.37000000,1.62000000,2.66000000,0.53000000,美的集团
2017-08-25,000333,168.11000000,168.38000000,168.75000000,166.76000000,347592,1452770128.00000000,1.19000000,0.86000000,1.43000000,0.55000000,美的集团
2017-08-28,000333,168.75000000,169.76000000,170.96000000,168.56000000,358956,1519785072.00000000,1.43000000,0.82000000,1.38000000,0.57000000,美的集团
2017-08-29,000333,170.18000000,167.63000000,170.51000000,166.88000000,237648,994369248.00000000,2.14000000,-1.25000000,-2.13000000,0.38000000,美的集团
2017-08-30,000333,167.74000000,168.68000000,169.09000000,167.63000000,149241,625646528.00000000,0.87000000,0.63000000,1.05000000,0.24000000,美的集团
2017-08-31,000333,168.64000000,165.00000000,169.43000000,162.68000000,462297,1897402416.00000000,4.00000000,-2.18000000,-3.68000000,0.73000000,美的集团
2017-09-01,000333,165.60000000,164.40000000,166.61000000,163.13000000,304812,1247809040.00000000,2.11000000,-0.36000000,-0.60000000,0.48000000,美的集团
2017-09-04,000333,164.36000000,166.35000000,166.95000000,163.58000000,273044,1126919104.00000000,2.05000000,1.19000000,1.95000000,0.43000000,美的集团
2017-09-05,000333,166.31000000,166.54000000,168.00000000,164.63000000,251582,1042408272.00000000,2.03000000,0.11000000,0.19000000,0.40000000,美的集团
2017-09-06,000333,166.88000000,164.89000000,167.18000000,163.99000000,171517,703761904.00000000,1.92000000,-0.99000000,-1.65000000,0.27000000,美的集团
2017-09-07,000333,164.89000000,164.89000000,166.09000000,163.91000000,192054,788505232.00000000,1.32000000,0.00000000,0.00000000,0.30000000,美的集团
2017-09-08,000333,164.93000000,164.96000000,165.86000000,163.99000000,171284,701775696.00000000,1.13000000,0.04000000,0.07000000,0.27000000,美的集团
2017-09-11,000333,165.98000000,162.41000000,166.13000000,161.81000000,240468,976858848.00000000,2.62000000,-1.55000000,-2.55000000,0.38000000,美的集团
2017-09-12,000333,162.26000000,162.08000000,162.71000000,160.09000000,311500,1244801296.00000000,1.61000000,-0.20000000,-0.33000000,0.49000000,美的集团
2017-09-13,000333,162.34000000,165.71000000,165.71000000,161.51000000,277523,1132987664.00000000,2.59000000,2.24000000,3.63000000,0.44000000,美的集团
2017-09-14,000333,165.45000000,164.63000000,166.16000000,163.28000000,157072,643176848.00000000,1.74000000,-0.65000000,-1.08000000,0.25000000,美的集团
2017-09-15,000333,164.29000000,168.86000000,169.31000000,163.88000000,433624,1810947648.00000000,3.30000000,2.57000000,4.23000000,0.68000000,美的集团
2017-09-18,000333,169.58000000,168.86000000,170.40000000,168.04000000,288215,1214377120.00000000,1.40000000,0.00000000,0.00000000,0.46000000,美的集团
2017-09-19,000333,168.23000000,168.75000000,169.80000000,167.78000000,270635,1138284608.00000000,1.20000000,-0.07000000,-0.11000000,0.43000000,美的集团
2017-09-20,000333,169.84000000,173.59000000,173.63000000,169.84000000,488862,2099765360.00000000,2.25000000,2.87000000,4.84000000,0.77000000,美的集团
2017-09-21,000333,173.93000000,172.88000000,175.88000000,172.31000000,326221,1416880384.00000000,2.06000000,-0.41000000,-0.71000000,0.52000000,美的集团
2017-09-22,000333,173.25000000,176.63000000,177.79000000,172.54000000,367550,1616034704.00000000,3.04000000,2.17000000,3.75000000,0.58000000,美的集团
2017-09-25,000333,176.63000000,172.84000000,177.64000000,171.19000000,326617,1426475072.00000000,3.65000000,-2.15000000,-3.79000000,0.52000000,美的集团
2017-09-26,000333,173.29000000,171.30000000,173.44000000,170.14000000,182455,779859776.00000000,1.91000000,-0.89000000,-1.54000000,0.29000000,美的集团
2017-09-27,000333,170.96000000,175.54000000,176.25000000,170.96000000,232273,1010546592.00000000,3.09000000,2.48000000,4.24000000,0.37000000,美的集团
2017-09-28,000333,175.39000000,174.11000000,175.65000000,171.79000000,239339,1037368464.00000000,2.20000000,-0.81000000,-1.43000000,0.38000000,美的集团
2017-09-29,000333,174.75000000,176.96000000,178.50000000,173.29000000,251742,1112118656.00000000,2.99000000,1.64000000,2.85000000,0.40000000,美的集团
2017-10-09,000333,179.25000000,185.51000000,187.88000000,178.01000000,419205,1932882752.00000000,5.58000000,4.83000000,8.55000000,0.66000000,美的集团
2017-10-10,000333,185.51000000,186.23000000,187.43000000,181.43000000,374073,1731026496.00000000,3.23000000,0.39000000,0.72000000,0.59000000,美的集团
2017-10-11,000333,184.69000000,187.88000000,191.18000000,184.69000000,413633,1957611616.00000000,3.48000000,0.89000000,1.65000000,0.65000000,美的集团
2017-10-12,000333,188.63000000,190.05000000,191.25000000,187.43000000,213067,1014602928.00000000,2.03000000,1.15000000,2.17000000,0.34000000,美的集团
2017-10-13,000333,189.75000000,190.05000000,191.85000000,187.50000000,196977,938036256.00000000,2.29000000,0.00000000,0.00000000,0.31000000,美的集团
2017-10-16,000333,189.94000000,186.90000000,191.59000000,186.86000000,238052,1128973840.00000000,2.49000000,-1.66000000,-3.15000000,0.38000000,美的集团
2017-10-17,000333,186.38000000,191.81000000,192.08000000,185.70000000,363462,1733884752.00000000,3.41000000,2.63000000,4.91000000,0.57000000,美的集团
2017-10-18,000333,191.25000000,193.99000000,193.99000000,190.43000000,242214,1166840624.00000000,1.86000000,1.14000000,2.18000000,0.38000000,美的集团
2017-10-19,000333,193.69000000,193.61000000,195.94000000,191.85000000,221643,1079617072.00000000,2.11000000,-0.20000000,-0.38000000,0.35000000,美的集团
2017-10-20,000333,192.38000000,189.90000000,192.53000000,187.50000000,239296,1137891952.00000000,2.60000000,-1.92000000,-3.71000000,0.38000000,美的集团
2017-10-23,000333,189.34000000,189.86000000,192.19000000,188.48000000,232857,1110662816.00000000,1.95000000,-0.02000000,-0.04000000,0.37000000,美的集团
2017-10-24,000333,189.98000000,193.46000000,193.69000000,188.66000000,250109,1206999120.00000000,2.65000000,1.90000000,3.60000000,0.39000000,美的集团
2017-10-25,000333,193.46000000,200.25000000,200.59000000,193.16000000,360014,1792741008.00000000,3.84000000,3.51000000,6.79000000,0.57000000,美的集团
2017-10-26,000333,200.70000000,198.60000000,204.41000000,198.56000000,400793,2028650896.00000000,2.92000000,-0.82000000,-1.65000000,0.63000000,美的集团
2017-10-27,000333,199.46000000,201.45000000,203.25000000,198.60000000,240751,1216523696.00000000,2.34000000,1.44000000,2.85000000,0.38000000,美的集团
2017-10-30,000333,203.25000000,205.35000000,205.35000000,198.38000000,324993,1651851040.00000000,3.46000000,1.94000000,3.90000000,0.51000000,美的集团
2017-10-31,000333,204.75000000,202.50000000,207.56000000,199.88000000,377606,1936277376.00000000,3.74000000,-1.39000000,-2.85000000,0.60000000,美的集团
2017-11-01,000333,202.73000000,201.04000000,207.30000000,199.88000000,358587,1834346480.00000000,3.66000000,-0.72000000,-1.46000000,0.57000000,美的集团
2017-11-02,000333,200.63000000,203.40000000,203.89000000,199.50000000,228312,1161765216.00000000,2.18000000,1.17000000,2.36000000,0.36000000,美的集团
2017-11-03,000333,203.55000000,201.19000000,205.58000000,200.25000000,270452,1378434432.00000000,2.62000000,-1.09000000,-2.21000000,0.43000000,美的集团
2017-11-06,000333,201.75000000,208.84000000,210.60000000,199.95000000,458919,2386966272.00000000,5.29000000,3.80000000,7.65000000,0.72000000,美的集团
2017-11-07,000333,208.88000000,209.06000000,214.05000000,205.88000000,483279,2551838624.00000000,3.91000000,0.11000000,0.22000000,0.76000000,美的集团
2017-11-08,000333,209.10000000,204.30000000,216.30000000,201.75000000,824391,4344083456.00000000,6.96000000,-2.28000000,-4.76000000,1.30000000,美的集团
2017-11-09,000333,204.64000000,208.50000000,208.69000000,200.06000000,462546,2381451840.00000000,4.22000000,2.06000000,4.20000000,0.73000000,美的集团
2017-11-10,000333,208.61000000,211.50000000,212.48000000,206.63000000,411880,2190665664.00000000,2.81000000,1.44000000,3.00000000,0.65000000,美的集团
2017-11-13,000333,212.81000000,212.66000000,215.25000000,210.56000000,329952,1775960544.00000000,2.22000000,0.55000000,1.16000000,0.52000000,美的集团
2017-11-14,000333,212.36000000,207.41000000,212.36000000,205.13000000,379156,1992144080.00000000,3.40000000,-2.47000000,-5.25000000,0.60000000,美的集团
2017-11-15,000333,205.88000000,207.30000000,209.06000000,203.74000000,359005,1870389664.00000000,2.56000000,-0.05000000,-0.11000000,0.57000000,美的集团
2017-11-16,000333,207.00000000,209.55000000,210.08000000,204.79000000,406447,2128432512.00000000,2.55000000,1.09000000,2.25000000,0.64000000,美的集团
2017-11-17,000333,209.63000000,212.44000000,214.88000000,207.75000000,495106,2649534448.00000000,3.40000000,1.38000000,2.89000000,0.78000000,美的集团
2017-11-20,000333,211.88000000,216.08000000,216.23000000,208.31000000,415199,2233210128.00000000,3.73000000,1.71000000,3.64000000,0.65000000,美的集团
2017-11-21,000333,217.31000000,227.48000000,227.51000000,217.16000000,651455,3696071472.00000000,4.79000000,5.28000000,11.40000000,1.03000000,美的集团
2017-11-22,000333,227.21000000,222.86000000,228.49000000,219.56000000,511096,2899690080.00000000,3.93000000,-2.03000000,-4.62000000,0.81000000,美的集团
2017-11-23,000333,221.63000000,211.65000000,221.74000000,210.38000000,460453,2521104112.00000000,5.10000000,-5.03000000,-11.21000000,0.73000000,美的集团
2017-11-24,000333,211.13000000,214.13000000,214.43000000,204.90000000,565454,2988624848.00000000,4.50000000,1.17000000,2.48000000,0.89000000,美的集团
2017-11-27,000333,211.50000000,208.65000000,211.50000000,205.31000000,433896,2272582848.00000000,2.89000000,-2.56000000,-5.48000000,0.68000000,美的集团
2017-11-28,000333,207.00000000,208.46000000,210.26000000,205.43000000,298841,1561551136.00000000,2.31000000,-0.09000000,-0.19000000,0.47000000,美的集团
2017-11-29,000333,208.46000000,202.88000000,209.14000000,199.50000000,447364,2288830896.00000000,4.62000000,-2.68000000,-5.58000000,0.71000000,美的集团
2017-11-30,000333,201.75000000,203.18000000,206.48000000,201.04000000,297334,1521289760.00000000,2.68000000,0.15000000,0.30000000,0.47000000,美的集团
2017-12-01,000333,205.01000000,200.93000000,205.01000000,200.63000000,242949,1238478320.00000000,2.16000000,-1.11000000,-2.25000000,0.38000000,美的集团
2017-12-04,000333,201.41000000,204.38000000,206.48000000,199.95000000,300629,1544572384.00000000,3.25000000,1.72000000,3.45000000,0.47000000,美的集团
2017-12-05,000333,203.63000000,206.93000000,208.24000000,203.25000000,392442,2041291168.00000000,2.44000000,1.25000000,2.55000000,0.62000000,美的集团
2017-12-06,000333,206.25000000,202.31000000,206.44000000,200.03000000,331882,1695822000.00000000,3.10000000,-2.23000000,-4.62000000,0.52000000,美的集团
2017-12-07,000333,202.09000000,195.49000000,202.80000000,195.19000000,380429,1893349712.00000000,3.76000000,-3.37000000,-6.82000000,0.60000000,美的集团
2017-12-08,000333,196.50000000,200.36000000,203.25000000,196.50000000,458823,2316395376.00000000,3.45000000,2.49000000,4.87000000,0.72000000,美的集团
2017-12-11,000333,201.00000000,212.33000000,213.04000000,201.00000000,480727,2520510640.00000000,6.01000000,5.97000000,11.97000000,0.76000000,美的集团
2017-12-12,000333,213.30000000,211.13000000,216.30000000,210.04000000,321421,1729024704.00000000,2.95000000,-0.57000000,-1.20000000,0.51000000,美的集团
2017-12-13,000333,211.01000000,217.13000000,217.88000000,210.30000000,325777,1770328784.00000000,3.59000000,2.84000000,6.00000000,0.51000000,美的集团
2017-12-14,000333,217.73000000,215.63000000,217.76000000,212.63000000,305149,1659069472.00000000,2.36000000,-0.69000000,-1.50000000,0.48000000,美的集团
2017-12-15,000333,215.44000000,212.63000000,215.48000000,210.49000000,258028,1385703936.00000000,2.31000000,-1.39000000,-3.00000000,0.41000000,美的集团
2017-12-18,000333,210.75000000,218.70000000,218.70000000,210.75000000,362668,1990338368.00000000,3.74000000,2.85000000,6.07000000,0.57000000,美的集团
2017-12-19,000333,217.43000000,219.15000000,220.39000000,216.56000000,327289,1808678016.00000000,1.75000000,0.21000000,0.45000000,0.52000000,美的集团
2017-12-20,000333,218.96000000,217.76000000,221.74000000,216.94000000,330823,1838169600.00000000,2.19000000,-0.63000000,-1.39000000,0.52000000,美的集团
2017-12-21,000333,218.06000000,221.03000000,222.98000000,217.88000000,288963,1615692992.00000000,2.34000000,1.50000000,3.27000000,0.46000000,美的集团
2017-12-22,000333,219.94000000,223.43000000,224.03000000,219.38000000,213776,1200106864.00000000,2.10000000,1.09000000,2.40000000,0.34000000,美的集团
2017-12-25,000333,223.50000000,228.26000000,230.06000000,223.50000000,364058,2101831776.00000000,2.94000000,2.16000000,4.83000000,0.57000000,美的集团
2017-12-26,000333,228.04000000,222.38000000,228.30000000,219.56000000,349156,1971165536.00000000,3.83000000,-2.58000000,-5.88000000,0.55000000,美的集团
2017-12-27,000333,222.49000000,215.21000000,223.84000000,215.21000000,347083,1915094400.00000000,3.88000000,-3.22000000,-7.17000000,0.55000000,美的集团
2017-12-28,000333,215.66000000,219.56000000,222.08000000,213.56000000,330990,1832583968.00000000,3.96000000,2.02000000,4.35000000,0.52000000,美的集团
2017-12-29,000333,220.84000000,219.11000000,224.93000000,216.98000000,306335,1715093920.00000000,3.62000000,-0.20000000,-0.45000000,0.48000000,美的集团
2018-01-02,000333,221.81000000,222.68000000,225.30000000,221.33000000,329725,1866579504.00000000,1.81000000,1.63000000,3.57000000,0.52000000,美的集团
2018-01-03,000333,223.35000000,220.50000000,225.94000000,219.08000000,428368,2412127952.00000000,3.08000000,-0.98000000,-2.18000000,0.67000000,美的集团
2018-01-04,000333,221.33000000,226.09000000,226.13000000,220.58000000,405557,2306429664.00000000,2.52000000,2.54000000,5.59000000,0.64000000,美的集团
2018-01-05,000333,227.25000000,228.60000000,229.50000000,224.06000000,371854,2137344304.00000000,2.41000000,1.11000000,2.51000000,0.59000000,美的集团
2018-01-08,000333,227.63000000,227.48000000,229.88000000,223.95000000,367885,2115094000.00000000,2.59000000,-0.49000000,-1.12000000,0.58000000,美的集团
2018-01-09,000333,228.00000000,234.30000000,236.06000000,225.90000000,448054,2638563280.00000000,4.47000000,3.00000000,6.82000000,0.71000000,美的集团
2018-01-10,000333,234.71000000,238.35000000,241.13000000,232.13000000,448967,2694648768.00000000,3.84000000,1.73000000,4.05000000,0.71000000,美的集团
2018-01-11,000333,236.29000000,234.83000000,239.55000000,232.05000000,316035,1888981552.00000000,3.15000000,-1.48000000,-3.52000000,0.50000000,美的集团
2018-01-12,000333,234.83000000,239.25000000,240.68000000,233.63000000,252900,1525807296.00000000,3.00000000,1.88000000,4.42000000,0.40000000,美的集团
2018-01-15,000333,241.20000000,240.60000000,246.23000000,240.00000000,367226,2266432848.00000000,2.60000000,0.56000000,1.35000000,0.58000000,美的集团
2018-01-16,000333,240.00000000,240.34000000,243.11000000,236.63000000,289365,1768100960.00000000,2.69000000,-0.11000000,-0.26000000,0.46000000,美的集团
2018-01-17,000333,240.00000000,231.56000000,240.04000000,230.44000000,414037,2459742688.00000000,3.99000000,-3.65000000,-8.78000000,0.65000000,美的集团
2018-01-18,000333,232.50000000,232.31000000,235.46000000,230.63000000,223782,1323941728.00000000,2.09000000,0.32000000,0.75000000,0.35000000,美的集团
2018-01-19,000333,232.31000000,229.39000000,232.91000000,228.38000000,313879,1830960800.00000000,1.95000000,-1.26000000,-2.92000000,0.49000000,美的集团
2018-01-22,000333,230.93000000,241.61000000,242.03000000,230.93000000,458501,2764421360.00000000,4.84000000,5.33000000,12.22000000,0.72000000,美的集团
2018-01-23,000333,241.43000000,244.20000000,246.15000000,237.11000000,386473,2373486896.00000000,3.74000000,1.07000000,2.59000000,0.61000000,美的集团
2018-01-24,000333,245.21000000,237.79000000,246.19000000,237.00000000,326127,1984093152.00000000,3.76000000,-2.62000000,-6.41000000,0.51000000,美的集团
2018-01-25,000333,239.25000000,241.13000000,241.58000000,232.50000000,282564,1707172480.00000000,3.82000000,1.40000000,3.34000000,0.44000000,美的集团
2018-01-26,000333,241.13000000,243.75000000,246.34000000,238.24000000,333516,2063068384.00000000,3.36000000,1.09000000,2.62000000,0.52000000,美的集团
2018-01-29,000333,243.64000000,235.76000000,244.43000000,232.13000000,467086,2810319408.00000000,5.05000000,-3.28000000,-7.99000000,0.73000000,美的集团
2018-01-30,000333,234.08000000,231.60000000,238.80000000,230.63000000,309516,1841490336.00000000,3.47000000,-1.76000000,-4.16000000,0.49000000,美的集团
2018-01-31,000333,229.99000000,235.58000000,237.83000000,229.50000000,254072,1512097808.00000000,3.60000000,1.72000000,3.98000000,0.40000000,美的集团
2018-02-01,000333,236.25000000,233.78000000,236.63000000,229.28000000,380032,2240855712.00000000,3.12000000,-0.76000000,-1.80000000,0.60000000,美的集团
2018-02-02,000333,232.31000000,235.88000000,236.59000000,230.25000000,224897,1339453856.00000000,2.71000000,0.90000000,2.10000000,0.35000000,美的集团
2018-02-05,000333,232.16000000,226.20000000,234.53000000,223.13000000,554639,3207266000.00000000,4.83000000,-4.10000000,-9.68000000,0.87000000,美的集团
2018-02-06,000333,220.13000000,219.38000000,220.54000000,213.08000000,880342,4837552384.00000000,3.30000000,-3.02000000,-6.82000000,1.38000000,美的集团
2018-02-07,000333,222.75000000,209.21000000,223.43000000,208.91000000,533539,2912160608.00000000,6.62000000,-4.64000000,-10.17000000,0.84000000,美的集团
2018-02-08,000333,208.50000000,212.89000000,215.40000000,208.16000000,439782,2353183888.00000000,3.46000000,1.76000000,3.68000000,0.69000000,美的集团
2018-02-09,000333,206.06000000,206.18000000,207.94000000,199.31000000,603648,3107079216.00000000,4.05000000,-3.15000000,-6.71000000,0.95000000,美的集团
2018-02-12,000333,206.18000000,215.33000000,217.05000000,206.14000000,374562,2020911728.00000000,5.29000000,4.44000000,9.15000000,0.59000000,美的集团
2018-02-13,000333,217.65000000,218.66000000,223.13000000,216.30000000,258920,1439646656.00000000,3.17000000,1.55000000,3.33000000,0.41000000,美的集团
2018-02-14,000333,219.79000000,224.70000000,225.38000000,216.45000000,219574,1235236272.00000000,4.08000000,2.76000000,6.04000000,0.35000000,美的集团
2018-02-22,000333,229.88000000,229.28000000,230.70000000,225.75000000,251527,1461224848.00000000,2.20000000,2.04000000,4.58000000,0.40000000,美的集团
2018-02-23,000333,230.44000000,227.06000000,230.55000000,224.63000000,180502,1039074368.00000000,2.58000000,-0.97000000,-2.22000000,0.28000000,美的集团
2018-02-26,000333,227.18000000,227.63000000,229.84000000,225.00000000,246266,1424718752.00000000,2.13000000,0.25000000,0.57000000,0.39000000,美的集团
2018-02-27,000333,227.96000000,216.00000000,227.96000000,215.93000000,478853,2667769408.00000000,5.28000000,-5.11000000,-11.63000000,0.75000000,美的集团
2018-02-28,000333,215.06000000,217.31000000,220.50000000,212.63000000,318721,1752933200.00000000,3.64000000,0.61000000,1.31000000,0.50000000,美的集团
2018-03-01,000333,217.46000000,219.75000000,223.09000000,216.83000000,237900,1325327536.00000000,2.88000000,1.12000000,2.44000000,0.37000000,美的集团
2018-03-02,000333,216.98000000,222.08000000,227.55000000,216.64000000,364904,2064011408.00000000,4.96000000,1.06000000,2.33000000,0.57000000,美的集团
2018-03-05,000333,221.66000000,221.33000000,223.31000000,219.45000000,204171,1142843072.00000000,1.74000000,-0.34000000,-0.75000000,0.32000000,美的集团
2018-03-06,000333,223.24000000,222.00000000,223.84000000,217.13000000,195030,1084322736.00000000,3.03000000,0.30000000,0.67000000,0.31000000,美的集团
2018-03-07,000333,222.23000000,222.23000000,225.60000000,220.61000000,208925,1183915600.00000000,2.25000000,0.10000000,0.23000000,0.33000000,美的集团
2018-03-08,000333,224.51000000,233.14000000,233.25000000,222.75000000,380519,2206248608.00000000,4.72000000,4.91000000,10.91000000,0.60000000,美的集团
2018-03-09,000333,234.26000000,235.91000000,237.71000000,231.49000000,394729,2356572672.00000000,2.67000000,1.19000000,2.77000000,0.62000000,美的集团
2018-03-12,000333,239.93000000,238.99000000,245.78000000,237.56000000,461325,2831384976.00000000,3.48000000,1.31000000,3.08000000,0.72000000,美的集团
2018-03-13,000333,238.88000000,240.23000000,244.46000000,237.23000000,377824,2320438064.00000000,3.03000000,0.52000000,1.24000000,0.59000000,美的集团
2018-03-14,000333,238.88000000,237.75000000,242.36000000,236.06000000,272072,1652444128.00000000,2.62000000,-1.03000000,-2.48000000,0.43000000,美的集团
2018-03-15,000333,235.88000000,241.54000000,243.38000000,235.50000000,266963,1632419120.00000000,3.31000000,1.59000000,3.79000000,0.42000000,美的集团
2018-03-16,000333,240.38000000,235.09000000,241.61000000,234.38000000,258105,1555874368.00000000,2.99000000,-2.67000000,-6.45000000,0.41000000,美的集团
2018-03-19,000333,235.09000000,234.64000000,237.30000000,232.50000000,211598,1260029776.00000000,2.04000000,-0.19000000,-0.45000000,0.33000000,美的集团
2018-03-20,000333,232.91000000,233.78000000,234.86000000,229.88000000,177638,1046101328.00000000,2.12000000,-0.37000000,-0.86000000,0.28000000,美的集团
2018-03-21,000333,234.86000000,229.80000000,236.10000000,229.80000000,197252,1164919600.00000000,2.69000000,-1.70000000,-3.98000000,0.31000000,美的集团
2018-03-22,000333,232.05000000,224.63000000,232.13000000,222.60000000,329378,1886620304.00000000,4.15000000,-2.25000000,-5.17000000,0.52000000,美的集团
2018-03-23,000333,216.38000000,222.15000000,222.94000000,212.74000000,641627,3526483696.00000000,4.54000000,-1.10000000,-2.48000000,1.01000000,美的集团
2018-03-26,000333,219.38000000,218.51000000,221.18000000,214.13000000,373098,2054321664.00000000,3.17000000,-1.64000000,-3.64000000,0.59000000,美的集团
2018-03-27,000333,221.89000000,216.04000000,222.68000000,214.16000000,471064,2602536144.00000000,3.90000000,-1.13000000,-2.47000000,0.74000000,美的集团
2018-03-28,000333,211.84000000,210.45000000,213.75000000,206.29000000,544504,2880441040.00000000,3.45000000,-2.59000000,-5.59000000,0.86000000,美的集团
2018-03-29,000333,211.58000000,218.63000000,220.43000000,207.38000000,385947,2098813872.00000000,6.20000000,3.89000000,8.18000000,0.61000000,美的集团
2018-03-30,000333,217.50000000,215.74000000,218.85000000,215.10000000,308815,1696101248.00000000,1.72000000,-1.32000000,-2.89000000,0.49000000,美的集团
2018-04-02,000333,211.13000000,209.40000000,217.50000000,208.80000000,417152,2227714704.00000000,4.03000000,-2.94000000,-6.34000000,0.66000000,美的集团
2018-04-03,000333,208.84000000,208.20000000,212.36000000,206.93000000,311895,1645036112.00000000,2.59000000,-0.57000000,-1.20000000,0.49000000,美的集团
2018-04-04,000333,209.33000000,210.04000000,214.13000000,206.48000000,371528,1980456944.00000000,3.67000000,0.88000000,1.84000000,0.58000000,美的集团
2018-04-09,000333,209.66000000,203.63000000,211.16000000,202.50000000,427970,2210491840.00000000,4.12000000,-3.05000000,-6.41000000,0.67000000,美的集团
2018-04-10,000333,204.19000000,209.14000000,209.25000000,203.18000000,354241,1846478112.00000000,2.98000000,2.71000000,5.51000000,0.56000000,美的集团
2018-04-11,000333,209.18000000,209.93000000,212.36000000,207.79000000,467614,2476801824.00000000,2.19000000,0.38000000,0.79000000,0.73000000,美的集团
2018-04-12,000333,209.66000000,205.76000000,209.78000000,205.65000000,252075,1317128208.00000000,1.97000000,-1.99000000,-4.17000000,0.40000000,美的集团
2018-04-13,000333,207.75000000,203.70000000,208.01000000,202.54000000,240216,1241813088.00000000,2.66000000,-1.00000000,-2.06000000,0.38000000,美的集团
2018-04-16,000333,203.66000000,197.96000000,205.50000000,195.56000000,444710,2228866672.00000000,4.88000000,-2.82000000,-5.74000000,0.70000000,美的集团
2018-04-17,000333,197.78000000,198.34000000,200.81000000,193.46000000,313438,1555082592.00000000,3.71000000,0.19000000,0.38000000,0.49000000,美的集团
2018-04-18,000333,201.00000000,193.99000000,201.11000000,191.06000000,416080,2037850000.00000000,5.07000000,-2.19000000,-4.35000000,0.65000000,美的集团
2018-04-19,000333,196.24000000,204.64000000,204.64000000,195.00000000,433660,2193162144.00000000,4.97000000,5.49000000,10.65000000,0.68000000,美的集团
2018-04-20,000333,205.46000000,204.00000000,210.00000000,202.31000000,430416,2233312240.00000000,3.76000000,-0.31000000,-0.64000000,0.68000000,美的集团
2018-04-23,000333,205.88000000,206.44000000,209.55000000,202.50000000,289044,1499909824.00000000,3.46000000,1.20000000,2.44000000,0.45000000,美的集团
2018-04-24,000333,207.64000000,212.06000000,213.26000000,207.64000000,373871,1996954464.00000000,2.72000000,2.72000000,5.62000000,0.59000000,美的集团
2018-04-25,000333,211.69000000,208.58000000,212.48000000,205.88000000,363801,1916903760.00000000,3.11000000,-1.64000000,-3.48000000,0.57000000,美的集团
2018-04-26,000333,205.05000000,204.00000000,207.49000000,202.09000000,331102,1707726688.00000000,2.59000000,-2.20000000,-4.58000000,0.52000000,美的集团
2018-04-27,000333,207.83000000,205.05000000,207.83000000,200.81000000,403466,2075967216.00000000,3.44000000,0.51000000,1.05000000,0.63000000,美的集团
2018-05-02,000333,203.36000000,203.81000000,206.66000000,200.40000000,306862,1570439088.00000000,3.05000000,-0.60000000,-1.24000000,0.48000000,美的集团
2018-05-03,000333,203.06000000,210.75000000,210.94000000,201.86000000,307890,1608563744.00000000,4.46000000,3.41000000,6.94000000,0.48000000,美的集团
2018-05-04,000333,211.28000000,207.38000000,213.45000000,206.81000000,302843,1561168880.00000000,3.15000000,-1.60000000,-3.37000000,0.48000000,美的集团
2018-05-07,000333,208.46000000,212.25000000,212.66000000,206.81000000,290620,1509943120.00000000,2.82000000,2.35000000,4.87000000,0.46000000,美的集团
2018-05-08,000333,212.36000000,217.88000000,219.64000000,212.33000000,422796,2267542000.00000000,3.44000000,2.65000000,5.63000000,0.66000000,美的集团
2018-05-09,000333,216.41000000,218.06000000,218.63000000,216.23000000,174054,935733600.00000000,1.10000000,0.08000000,0.18000000,0.27000000,美的集团
2018-05-10,000333,219.38000000,219.68000000,220.61000000,217.88000000,221495,1201775584.00000000,1.25000000,0.74000000,1.62000000,0.35000000,美的集团
2018-05-11,000333,221.25000000,217.31000000,221.55000000,216.60000000,170191,921004928.00000000,2.25000000,-1.08000000,-2.37000000,0.27000000,美的集团
2018-05-14,000333,218.21000000,222.90000000,223.61000000,217.50000000,323950,1777225760.00000000,2.81000000,2.57000000,5.59000000,0.51000000,美的集团
2018-05-15,000333,223.99000000,222.83000000,225.19000000,220.69000000,282097,1554553008.00000000,2.02000000,-0.03000000,-0.07000000,0.44000000,美的集团
2018-05-16,000333,221.59000000,219.75000000,222.45000000,218.29000000,243427,1327516672.00000000,1.87000000,-1.38000000,-3.08000000,0.38000000,美的集团
2018-05-17,000333,219.00000000,214.95000000,219.38000000,214.58000000,228997,1223353984.00000000,2.18000000,-2.18000000,-4.80000000,0.36000000,美的集团
2018-05-18,000333,215.55000000,217.84000000,218.14000000,212.29000000,244459,1299383552.00000000,2.72000000,1.34000000,2.89000000,0.38000000,美的集团
2018-05-21,000333,219.68000000,218.06000000,220.31000000,216.41000000,179497,969125520.00000000,1.79000000,0.10000000,0.22000000,0.28000000,美的集团
2018-05-22,000333,217.88000000,213.11000000,217.88000000,210.75000000,351263,1846227344.00000000,3.27000000,-2.27000000,-4.95000000,0.55000000,美的集团
2018-05-23,000333,212.63000000,210.00000000,212.63000000,209.74000000,221089,1149466464.00000000,1.36000000,-1.46000000,-3.11000000,0.35000000,美的集团
2018-05-24,000333,209.96000000,206.63000000,210.68000000,205.69000000,222461,1140837632.00000000,2.38000000,-1.60000000,-3.37000000,0.35000000,美的集团
2018-05-25,000333,206.25000000,205.46000000,208.61000000,204.38000000,261596,1329483344.00000000,2.05000000,-0.57000000,-1.17000000,0.41000000,美的集团
2018-05-28,000333,206.63000000,210.53000000,211.61000000,204.38000000,277886,1432263184.00000000,3.52000000,2.47000000,5.07000000,0.44000000,美的集团
2018-05-29,000333,208.88000000,208.84000000,211.46000000,207.98000000,216607,1119651376.00000000,1.65000000,-0.80000000,-1.69000000,0.34000000,美的集团
2018-05-30,000333,204.19000000,205.91000000,208.58000000,202.80000000,269194,1359774128.00000000,2.77000000,-1.40000000,-2.93000000,0.42000000,美的集团
2018-05-31,000333,207.19000000,214.16000000,215.44000000,206.63000000,488367,2559326208.00000000,4.28000000,4.01000000,8.25000000,0.77000000,美的集团
2018-06-01,000333,212.63000000,211.31000000,214.05000000,210.53000000,244887,1281257856.00000000,1.64000000,-1.33000000,-2.85000000,0.38000000,美的集团
2018-06-04,000333,214.13000000,218.21000000,219.38000000,213.45000000,487209,2627372960.00000000,2.81000000,3.27000000,6.90000000,0.76000000,美的集团
2018-06-05,000333,221.25000000,221.89000000,222.38000000,217.20000000,413211,2258778416.00000000,2.37000000,1.69000000,3.68000000,0.65000000,美的集团
2018-06-06,000333,223.01000000,221.03000000,223.65000000,219.79000000,260084,1428692640.00000000,1.74000000,-0.39000000,-0.86000000,0.41000000,美的集团
2018-06-07,000333,222.26000000,219.38000000,223.16000000,218.44000000,264890,1445351136.00000000,2.14000000,-0.75000000,-1.65000000,0.41000000,美的集团
2018-06-08,000333,218.74000000,220.73000000,222.75000000,218.33000000,363711,1986285600.00000000,2.01000000,0.62000000,1.35000000,0.57000000,美的集团
2018-06-11,000333,220.73000000,226.95000000,228.19000000,220.58000000,581584,3241913792.00000000,3.45000000,2.82000000,6.22000000,0.91000000,美的集团
2018-06-12,000333,226.99000000,230.21000000,232.31000000,225.34000000,585181,3335129552.00000000,3.07000000,1.44000000,3.26000000,0.92000000,美的集团
2018-06-13,000333,230.96000000,229.46000000,233.44000000,228.71000000,360546,2066765952.00000000,2.05000000,-0.33000000,-0.75000000,0.56000000,美的集团
2018-06-14,000333,230.25000000,224.93000000,231.11000000,223.54000000,354846,1996542960.00000000,3.30000000,-1.97000000,-4.53000000,0.56000000,美的集团
2018-06-15,000333,225.45000000,226.80000000,229.31000000,224.25000000,310752,1748373792.00000000,2.25000000,0.83000000,1.87000000,0.49000000,美的集团
2018-06-19,000333,222.38000000,220.58000000,225.75000000,217.43000000,591142,3263370608.00000000,3.67000000,-2.74000000,-6.22000000,0.93000000,美的集团
2018-06-20,000333,220.58000000,222.60000000,224.89000000,218.85000000,296507,1630126320.00000000,2.74000000,0.92000000,2.02000000,0.46000000,美的集团
2018-06-21,000333,223.88000000,219.08000000,225.94000000,219.00000000,307448,1700455376.00000000,3.12000000,-1.58000000,-3.52000000,0.48000000,美的集团
2018-06-22,000333,217.05000000,216.94000000,217.05000000,212.03000000,358578,1903580688.00000000,2.29000000,-0.98000000,-2.14000000,0.56000000,美的集团
2018-06-25,000333,217.13000000,214.13000000,218.78000000,213.98000000,272066,1456438256.00000000,2.21000000,-1.30000000,-2.81000000,0.43000000,美的集团
2018-06-26,000333,210.94000000,211.99000000,214.50000000,209.85000000,302757,1584092960.00000000,2.17000000,-1.00000000,-2.14000000,0.47000000,美的集团
2018-06-27,000333,212.33000000,205.05000000,214.76000000,205.05000000,426516,2194726272.00000000,4.58000000,-3.27000000,-6.94000000,0.67000000,美的集团
2018-06-28,000333,203.44000000,203.63000000,207.83000000,201.41000000,361036,1820036672.00000000,3.13000000,-0.69000000,-1.42000000,0.56000000,美的集团
2018-06-29,000333,205.50000000,211.58000000,212.25000000,203.66000000,291304,1498577040.00000000,4.22000000,3.90000000,7.95000000,0.45000000,美的集团
2018-07-02,000333,210.41000000,198.30000000,210.41000000,195.75000000,571712,2849314560.00000000,6.93000000,-6.28000000,-13.28000000,0.88000000,美的集团
2018-07-03,000333,198.38000000,194.85000000,199.88000000,185.93000000,781290,3678015984.00000000,7.03000000,-1.74000000,-3.45000000,1.21000000,美的集团
2018-07-04,000333,194.85000000,184.91000000,195.26000000,184.50000000,596231,2748494688.00000000,5.52000000,-5.10000000,-9.94000000,0.92000000,美的集团
2018-07-05,000333,190.09000000,188.44000000,193.13000000,187.65000000,637796,2968462016.00000000,2.96000000,1.91000000,3.53000000,0.98000000,美的集团
2018-07-06,000333,190.43000000,193.50000000,195.68000000,187.50000000,485875,2282804400.00000000,4.34000000,2.69000000,5.06000000,0.75000000,美的集团
2018-07-09,000333,195.34000000,199.69000000,199.88000000,193.50000000,365842,1773736480.00000000,3.30000000,3.20000000,6.19000000,0.56000000,美的集团
2018-07-10,000333,200.25000000,197.63000000,200.81000000,193.61000000,424378,2047604992.00000000,3.61000000,-1.03000000,-2.06000000,0.65000000,美的集团
2018-07-11,000333,190.91000000,192.75000000,194.51000000,190.01000000,363146,1708613024.00000000,2.28000000,-2.47000000,-4.88000000,0.56000000,美的集团
2018-07-12,000333,192.56000000,195.11000000,197.63000000,192.38000000,432001,2066086368.00000000,2.72000000,1.22000000,2.36000000,0.67000000,美的集团
2018-07-13,000333,195.38000000,195.15000000,196.50000000,193.88000000,324004,1548794304.00000000,1.34000000,0.02000000,0.04000000,0.50000000,美的集团
2018-07-16,000333,196.84000000,193.43000000,198.90000000,192.23000000,334770,1598678384.00000000,3.42000000,-0.88000000,-1.72000000,0.52000000,美的集团
2018-07-17,000333,193.39000000,190.01000000,193.43000000,188.33000000,396088,1836892320.00000000,2.64000000,-1.77000000,-3.42000000,0.61000000,美的集团
2018-07-18,000333,190.88000000,187.88000000,192.45000000,187.80000000,342873,1588486960.00000000,2.45000000,-1.12000000,-2.13000000,0.53000000,美的集团
2018-07-19,000333,189.41000000,189.56000000,190.50000000,187.31000000,253852,1173236496.00000000,1.70000000,0.89000000,1.68000000,0.39000000,美的集团
2018-07-20,000333,189.19000000,190.39000000,191.63000000,185.36000000,500603,2296204688.00000000,3.31000000,0.44000000,0.83000000,0.77000000,美的集团
2018-07-23,000333,189.68000000,190.43000000,190.46000000,187.09000000,357410,1649543728.00000000,1.77000000,0.02000000,0.04000000,0.55000000,美的集团
2018-07-24,000333,192.00000000,197.18000000,197.85000000,192.00000000,719361,3452914192.00000000,3.07000000,3.54000000,6.75000000,1.11000000,美的集团
2018-07-25,000333,198.15000000,194.55000000,198.19000000,194.06000000,396209,1895609408.00000000,2.09000000,-1.33000000,-2.63000000,0.61000000,美的集团
2018-07-26,000333,195.00000000,195.15000000,197.48000000,194.51000000,437172,2099583168.00000000,1.53000000,0.31000000,0.60000000,0.67000000,美的集团
2018-07-27,000333,196.24000000,192.71000000,196.24000000,192.45000000,272496,1293155824.00000000,1.94000000,-1.25000000,-2.44000000,0.42000000,美的集团
2018-07-30,000333,193.50000000,193.73000000,194.55000000,192.00000000,264606,1250354896.00000000,1.32000000,0.53000000,1.02000000,0.41000000,美的集团
2018-07-31,000333,192.94000000,194.29000000,194.81000000,192.04000000,279850,1329361568.00000000,1.43000000,0.29000000,0.56000000,0.43000000,美的集团
2018-08-01,000333,195.38000000,189.30000000,196.13000000,189.00000000,322613,1519389232.00000000,3.67000000,-2.57000000,-4.99000000,0.50000000,美的集团
2018-08-02,000333,188.63000000,181.05000000,188.63000000,180.30000000,660723,2942194000.00000000,4.40000000,-4.36000000,-8.25000000,1.02000000,美的集团
2018-08-03,000333,180.71000000,172.80000000,180.75000000,171.04000000,701016,2978175040.00000000,5.36000000,-4.56000000,-8.25000000,1.08000000,美的集团
2018-08-06,000333,173.29000000,174.38000000,176.89000000,172.50000000,506086,2144920592.00000000,2.54000000,0.91000000,1.58000000,0.78000000,美的集团
2018-08-07,000333,176.78000000,183.23000000,183.53000000,175.13000000,498708,2171929616.00000000,4.82000000,5.08000000,8.85000000,0.77000000,美的集团
2018-08-08,000333,184.09000000,181.31000000,184.09000000,180.45000000,438697,1949283584.00000000,1.99000000,-1.05000000,-1.92000000,0.68000000,美的集团
2018-08-09,000333,180.98000000,185.03000000,187.54000000,178.88000000,360492,1625745248.00000000,4.78000000,2.05000000,3.72000000,0.55000000,美的集团
2018-08-10,000333,184.50000000,184.43000000,187.24000000,183.64000000,280014,1264938160.00000000,1.95000000,-0.32000000,-0.60000000,0.43000000,美的集团
2018-08-13,000333,183.00000000,182.96000000,183.94000000,180.00000000,225569,999740464.00000000,2.14000000,-0.80000000,-1.47000000,0.35000000,美的集团
2018-08-14,000333,183.26000000,179.44000000,183.26000000,178.69000000,289262,1270602464.00000000,2.50000000,-1.92000000,-3.52000000,0.45000000,美的集团
2018-08-15,000333,179.21000000,173.33000000,179.21000000,172.84000000,414659,1758445504.00000000,3.55000000,-3.41000000,-6.11000000,0.64000000,美的集团
2018-08-16,000333,170.14000000,174.45000000,176.63000000,169.76000000,322171,1354274304.00000000,3.96000000,0.65000000,1.12000000,0.50000000,美的集团
2018-08-17,000333,175.65000000,169.95000000,176.70000000,169.58000000,315827,1314589216.00000000,4.08000000,-2.58000000,-4.50000000,0.49000000,美的集团
2018-08-20,000333,169.95000000,172.13000000,172.13000000,167.66000000,299794,1234034384.00000000,2.63000000,1.28000000,2.18000000,0.46000000,美的集团
2018-08-21,000333,173.25000000,175.35000000,176.40000000,171.64000000,372067,1575726240.00000000,2.77000000,1.87000000,3.22000000,0.57000000,美的集团
2018-08-22,000333,174.38000000,172.16000000,175.13000000,171.41000000,214734,898024800.00000000,2.12000000,-1.82000000,-3.19000000,0.33000000,美的集团
2018-08-23,000333,171.00000000,170.33000000,173.44000000,167.96000000,337595,1393122592.00000000,3.18000000,-1.06000000,-1.83000000,0.52000000,美的集团
2018-08-24,000333,169.50000000,170.93000000,172.39000000,168.98000000,230575,954254304.00000000,2.00000000,0.35000000,0.60000000,0.35000000,美的集团
2018-08-27,000333,172.69000000,176.66000000,176.85000000,172.13000000,380328,1615957760.00000000,2.76000000,3.35000000,5.73000000,0.59000000,美的集团
2018-08-28,000333,177.68000000,178.16000000,180.38000000,176.66000000,331742,1439081392.00000000,2.11000000,0.85000000,1.50000000,0.51000000,美的集团
2018-08-29,000333,177.00000000,175.16000000,177.98000000,174.19000000,240469,1026363472.00000000,2.13000000,-1.68000000,-3.00000000,0.37000000,美的集团
2018-08-30,000333,174.90000000,172.50000000,176.59000000,172.28000000,259555,1093950544.00000000,2.46000000,-1.52000000,-2.66000000,0.40000000,美的集团
2018-08-31,000333,172.50000000,171.75000000,172.58000000,168.00000000,391384,1613498592.00000000,2.66000000,-0.43000000,-0.75000000,0.60000000,美的集团
2018-09-03,000333,171.34000000,172.24000000,172.69000000,169.09000000,222964,923664992.00000000,2.10000000,0.29000000,0.49000000,0.34000000,美的集团
2018-09-04,000333,173.25000000,174.30000000,175.05000000,170.06000000,244930,1026406656.00000000,2.90000000,1.20000000,2.06000000,0.38000000,美的集团
2018-09-05,000333,172.73000000,169.50000000,173.25000000,169.50000000,236704,979468976.00000000,2.15000000,-2.75000000,-4.80000000,0.36000000,美的集团
2018-09-06,000333,168.94000000,167.03000000,171.08000000,166.76000000,263660,1075515248.00000000,2.55000000,-1.46000000,-2.47000000,0.41000000,美的集团
2018-09-07,000333,167.81000000,166.88000000,170.25000000,165.60000000,203972,826452496.00000000,2.78000000,-0.09000000,-0.15000000,0.31000000,美的集团
2018-10-29,000333,154.88000000,151.76000000,157.80000000,151.76000000,981222,3610734352.00000000,3.62000000,-9.06000000,-15.12000000,1.51000000,美的集团
2018-10-30,000333,143.63000000,151.99000000,153.64000000,143.63000000,655908,2344670896.00000000,6.60000000,0.15000000,0.23000000,1.01000000,美的集团
2018-10-31,000333,150.23000000,154.65000000,154.80000000,149.10000000,478649,1748865776.00000000,3.75000000,1.75000000,2.66000000,0.74000000,美的集团
2018-11-01,000333,157.73000000,160.58000000,163.20000000,157.50000000,497783,1919656144.00000000,3.69000000,3.83000000,5.93000000,0.77000000,美的集团
2018-11-02,000333,169.16000000,169.43000000,171.75000000,165.71000000,746071,3045071072.00000000,3.76000000,5.51000000,8.85000000,1.15000000,美的集团
2018-11-05,000333,168.79000000,170.55000000,170.85000000,168.11000000,341638,1400072272.00000000,1.62000000,0.66000000,1.12000000,0.53000000,美的集团
2018-11-06,000333,168.75000000,166.43000000,169.88000000,165.53000000,334238,1346925648.00000000,2.55000000,-2.42000000,-4.12000000,0.51000000,美的集团
2018-11-07,000333,166.43000000,168.68000000,170.55000000,164.70000000,348613,1418465072.00000000,3.51000000,1.35000000,2.25000000,0.54000000,美的集团
2018-11-08,000333,170.59000000,168.11000000,171.11000000,167.63000000,264457,1080657728.00000000,2.06000000,-0.34000000,-0.57000000,0.41000000,美的集团
2018-11-09,000333,166.54000000,164.89000000,167.66000000,164.63000000,240564,960992656.00000000,1.80000000,-1.92000000,-3.22000000,0.37000000,美的集团
2018-11-12,000333,164.89000000,166.28000000,166.91000000,162.04000000,213280,851523088.00000000,2.95000000,0.84000000,1.39000000,0.33000000,美的集团
2018-11-13,000333,163.88000000,170.63000000,171.04000000,163.13000000,339184,1380602384.00000000,4.76000000,2.62000000,4.35000000,0.52000000,美的集团
2018-11-14,000333,170.81000000,168.94000000,170.89000000,168.56000000,181788,745008864.00000000,1.37000000,-0.99000000,-1.69000000,0.28000000,美的集团
2018-11-15,000333,168.00000000,169.91000000,170.40000000,167.66000000,172245,705975088.00000000,1.62000000,0.57000000,0.97000000,0.27000000,美的集团
2018-11-16,000333,169.91000000,173.25000000,175.28000000,169.13000000,303139,1268911056.00000000,3.62000000,1.97000000,3.34000000,0.47000000,美的集团
2018-11-19,000333,172.88000000,174.38000000,175.13000000,170.44000000,207207,868819008.00000000,2.71000000,0.65000000,1.13000000,0.32000000,美的集团
2018-11-20,000333,172.88000000,168.75000000,174.23000000,166.88000000,277524,1148012128.00000000,4.21000000,-3.23000000,-5.63000000,0.43000000,美的集团
2018-11-21,000333,166.13000000,166.95000000,169.80000000,165.98000000,232201,939488736.00000000,2.26000000,-1.07000000,-1.80000000,0.36000000,美的集团
2018-11-22,000333,168.60000000,168.11000000,169.35000000,166.13000000,182187,738494848.00000000,1.93000000,0.69000000,1.16000000,0.28000000,美的集团
2018-11-23,000333,167.29000000,165.30000000,169.58000000,165.04000000,220765,888505536.00000000,2.70000000,-1.67000000,-2.81000000,0.34000000,美的集团
2018-11-26,000333,164.25000000,165.83000000,166.73000000,163.88000000,136402,545341984.00000000,1.72000000,0.32000000,0.53000000,0.21000000,美的集团
2018-11-27,000333,166.13000000,164.48000000,167.55000000,163.31000000,163033,652125520.00000000,2.56000000,-0.81000000,-1.35000000,0.25000000,美的集团
2018-11-28,000333,162.94000000,165.83000000,166.80000000,162.94000000,150969,602172512.00000000,2.35000000,0.82000000,1.35000000,0.23000000,美的集团
2018-11-29,000333,166.88000000,161.25000000,167.14000000,160.99000000,249550,984225120.00000000,3.71000000,-2.76000000,-4.58000000,0.38000000,美的集团
2018-11-30,000333,161.63000000,160.84000000,162.23000000,159.30000000,216093,832245888.00000000,1.82000000,-0.25000000,-0.41000000,0.33000000,美的集团
2018-12-03,000333,165.75000000,168.86000000,169.50000000,164.74000000,526392,2130194416.00000000,2.96000000,4.99000000,8.02000000,0.81000000,美的集团
2018-12-04,000333,166.61000000,167.78000000,168.68000000,166.61000000,213906,867008928.00000000,1.23000000,-0.64000000,-1.08000000,0.33000000,美的集团
2018-12-05,000333,165.75000000,165.75000000,166.88000000,165.04000000,191928,768053600.00000000,1.10000000,-1.21000000,-2.03000000,0.30000000,美的集团
2018-12-06,000333,162.79000000,161.85000000,164.70000000,161.55000000,212691,833847744.00000000,1.90000000,-2.35000000,-3.90000000,0.33000000,美的集团
2018-12-07,000333,162.04000000,160.05000000,162.71000000,159.19000000,226660,872710032.00000000,2.17000000,-1.11000000,-1.80000000,0.35000000,美的集团
2018-12-10,000333,158.25000000,154.73000000,158.81000000,153.41000000,346568,1288199872.00000000,3.37000000,-3.32000000,-5.32000000,0.53000000,美的集团
2018-12-11,000333,153.94000000,154.65000000,155.48000000,152.48000000,270877,996533808.00000000,1.94000000,-0.05000000,-0.08000000,0.42000000,美的集团
2018-12-12,000333,156.26000000,157.28000000,158.29000000,155.10000000,262125,983251040.00000000,2.06000000,1.70000000,2.63000000,0.40000000,美的集团
2018-12-13,000333,158.25000000,166.20000000,167.06000000,157.84000000,738131,2920106208.00000000,5.86000000,5.67000000,8.92000000,1.14000000,美的集团
2018-12-14,000333,165.00000000,164.81000000,166.54000000,163.88000000,324829,1294255776.00000000,1.60000000,-0.84000000,-1.39000000,0.50000000,美的集团
2018-12-17,000333,165.64000000,163.73000000,166.39000000,162.23000000,302755,1196622240.00000000,2.52000000,-0.66000000,-1.08000000,0.47000000,美的集团
2018-12-18,000333,162.56000000,161.29000000,163.95000000,160.20000000,328061,1276899824.00000000,2.29000000,-1.49000000,-2.44000000,0.50000000,美的集团
2018-12-19,000333,161.29000000,159.19000000,162.68000000,158.63000000,183880,711325680.00000000,2.51000000,-1.30000000,-2.10000000,0.28000000,美的集团
2018-12-20,000333,158.93000000,159.49000000,160.84000000,157.84000000,208582,799129968.00000000,1.88000000,0.19000000,0.30000000,0.32000000,美的集团
2018-12-21,000333,158.59000000,157.95000000,159.19000000,155.63000000,258449,973696352.00000000,2.23000000,-0.97000000,-1.54000000,0.40000000,美的集团
2018-12-24,000333,156.11000000,157.28000000,157.46000000,154.58000000,164642,615507712.00000000,1.82000000,-0.42000000,-0.67000000,0.25000000,美的集团
2018-12-25,000333,154.58000000,155.93000000,157.31000000,153.38000000,192713,715052128.00000000,2.50000000,-0.86000000,-1.35000000,0.30000000,美的集团
2018-12-26,000333,156.00000000,154.99000000,157.88000000,154.13000000,150947,563234720.00000000,2.40000000,-0.60000000,-0.94000000,0.23000000,美的集团
2018-12-27,000333,157.91000000,153.75000000,158.48000000,153.75000000,230747,864454240.00000000,3.05000000,-0.80000000,-1.24000000,0.35000000,美的集团
2018-12-28,000333,153.56000000,153.98000000,156.00000000,151.91000000,211676,782455536.00000000,2.66000000,0.15000000,0.23000000,0.32000000,美的集团
2019-01-02,000333,155.25000000,152.40000000,155.93000000,151.88000000,208624,764857120.00000000,2.63000000,-1.03000000,-1.58000000,0.32000000,美的集团
2019-01-03,000333,151.73000000,151.50000000,153.86000000,150.75000000,143233,520938080.00000000,2.04000000,-0.59000000,-0.90000000,0.22000000,美的集团
2019-01-04,000333,150.71000000,154.46000000,154.76000000,150.00000000,277118,1012555408.00000000,3.14000000,1.95000000,2.96000000,0.43000000,美的集团
2019-01-07,000333,156.98000000,154.46000000,156.98000000,153.23000000,252997,937395168.00000000,2.43000000,0.00000000,0.00000000,0.39000000,美的集团
2019-01-08,000333,154.69000000,153.98000000,155.25000000,153.30000000,134698,496396720.00000000,1.26000000,-0.31000000,-0.48000000,0.21000000,美的集团
2019-01-09,000333,159.19000000,162.00000000,163.88000000,157.58000000,825859,3201852576.00000000,4.09000000,5.21000000,8.02000000,1.27000000,美的集团
2019-01-10,000333,161.48000000,163.09000000,164.93000000,160.50000000,355956,1398943856.00000000,2.73000000,0.67000000,1.09000000,0.55000000,美的集团
2019-01-11,000333,163.88000000,165.15000000,165.56000000,161.44000000,278139,1098274240.00000000,2.53000000,1.26000000,2.06000000,0.43000000,美的集团
2019-01-14,000333,165.41000000,163.69000000,167.10000000,163.20000000,187161,743527536.00000000,2.36000000,-0.88000000,-1.46000000,0.29000000,美的集团
2019-01-15,000333,163.88000000,169.50000000,169.58000000,163.24000000,402190,1629499424.00000000,3.87000000,3.55000000,5.81000000,0.63000000,美的集团
2019-01-16,000333,169.50000000,170.25000000,171.23000000,168.08000000,286234,1177411056.00000000,1.86000000,0.44000000,0.75000000,0.45000000,美的集团
2019-01-17,000333,170.25000000,169.16000000,172.13000000,169.05000000,259740,1073148528.00000000,1.81000000,-0.64000000,-1.09000000,0.40000000,美的集团
2019-01-18,000333,171.19000000,173.55000000,173.63000000,169.65000000,384428,1603555664.00000000,2.35000000,2.60000000,4.39000000,0.60000000,美的集团
2019-01-21,000333,174.00000000,173.59000000,176.25000000,171.75000000,294116,1241232672.00000000,2.59000000,0.02000000,0.04000000,0.46000000,美的集团
2019-01-22,000333,173.63000000,170.63000000,174.41000000,169.58000000,244682,1012517248.00000000,2.78000000,-1.71000000,-2.96000000,0.38000000,美的集团
2019-01-23,000333,169.46000000,171.23000000,173.44000000,169.46000000,192273,800266576.00000000,2.33000000,0.35000000,0.60000000,0.30000000,美的集团
2019-01-24,000333,172.50000000,171.71000000,173.59000000,170.29000000,219563,914100256.00000000,1.93000000,0.28000000,0.48000000,0.34000000,美的集团
2019-01-25,000333,172.24000000,172.88000000,173.63000000,168.38000000,267548,1112391472.00000000,3.06000000,0.68000000,1.17000000,0.42000000,美的集团
2019-01-28,000333,173.93000000,172.65000000,177.00000000,172.50000000,342213,1454201792.00000000,2.60000000,-0.13000000,-0.23000000,0.53000000,美的集团
2019-01-29,000333,172.65000000,177.00000000,177.00000000,171.23000000,369692,1565725520.00000000,3.34000000,2.52000000,4.35000000,0.58000000,美的集团
2019-01-30,000333,176.21000000,173.63000000,176.63000000,173.63000000,292191,1242106832.00000000,1.69000000,-1.90000000,-3.37000000,0.45000000,美的集团
2019-01-31,000333,176.55000000,178.99000000,179.25000000,174.94000000,389215,1676325680.00000000,2.48000000,3.09000000,5.36000000,0.61000000,美的集团
2019-02-01,000333,182.06000000,181.73000000,182.63000000,178.99000000,312203,1378311584.00000000,2.03000000,1.53000000,2.74000000,0.49000000,美的集团
2019-02-11,000333,180.60000000,188.55000000,189.45000000,180.38000000,349054,1588661136.00000000,4.99000000,3.75000000,6.82000000,0.54000000,美的集团
2019-02-12,000333,188.25000000,190.09000000,191.63000000,186.94000000,302894,1404091088.00000000,2.49000000,0.82000000,1.54000000,0.47000000,美的集团
2019-02-13,000333,191.03000000,191.25000000,192.86000000,187.88000000,324143,1511519920.00000000,2.62000000,0.61000000,1.16000000,0.50000000,美的集团
2019-02-14,000333,191.63000000,192.56000000,193.16000000,190.13000000,229214,1077612640.00000000,1.58000000,0.68000000,1.31000000,0.36000000,美的集团
2019-02-15,000333,191.06000000,185.51000000,191.06000000,184.50000000,465360,2121611344.00000000,3.41000000,-3.66000000,-7.05000000,0.72000000,美的集团
2019-02-18,000333,187.50000000,189.75000000,189.98000000,186.56000000,325702,1500350032.00000000,1.84000000,2.29000000,4.24000000,0.51000000,美的集团
2019-02-19,000333,190.05000000,188.55000000,193.28000000,186.79000000,280759,1303139824.00000000,3.42000000,-0.63000000,-1.20000000,0.44000000,美的集团
2019-02-21,000333,190.13000000,187.73000000,193.58000000,186.90000000,414423,1917916032.00000000,3.54000000,-0.43000000,-0.82000000,0.64000000,美的集团
2019-02-22,000333,187.88000000,186.79000000,187.88000000,182.06000000,388825,1750311008.00000000,3.10000000,-0.50000000,-0.94000000,0.60000000,美的集团
2019-02-25,000333,193.88000000,200.14000000,200.96000000,190.84000000,728523,3466143744.00000000,5.42000000,7.15000000,13.35000000,1.13000000,美的集团
2019-02-26,000333,197.06000000,193.35000000,198.38000000,193.31000000,490517,2357420864.00000000,2.53000000,-3.39000000,-6.79000000,0.76000000,美的集团
2019-02-27,000333,192.56000000,194.40000000,196.54000000,192.56000000,318705,1519672016.00000000,2.06000000,0.54000000,1.05000000,0.49000000,美的集团
2019-02-28,000333,194.44000000,194.93000000,196.43000000,193.69000000,253243,1209359040.00000000,1.41000000,0.27000000,0.53000000,0.39000000,美的集团
2019-03-01,000333,196.13000000,197.89000000,198.26000000,195.26000000,358401,1732559952.00000000,1.54000000,1.52000000,2.96000000,0.56000000,美的集团
2019-03-04,000333,199.91000000,199.35000000,204.00000000,198.00000000,542644,2680277824.00000000,3.03000000,0.74000000,1.46000000,0.84000000,美的集团
2019-03-05,000333,201.08000000,199.50000000,201.38000000,198.41000000,309243,1516133280.00000000,1.49000000,0.08000000,0.15000000,0.48000000,美的集团
2019-03-06,000333,200.93000000,199.88000000,202.05000000,198.38000000,316524,1553672304.00000000,1.84000000,0.19000000,0.38000000,0.49000000,美的集团
2019-03-07,000333,199.50000000,194.10000000,199.50000000,192.68000000,511627,2450618688.00000000,3.41000000,-2.89000000,-5.78000000,0.79000000,美的集团
2019-03-08,000333,190.73000000,187.50000000,192.86000000,187.13000000,463009,2143103984.00000000,2.95000000,-3.40000000,-6.60000000,0.72000000,美的集团
2019-03-11,000333,187.69000000,190.43000000,190.80000000,187.69000000,290561,1345836608.00000000,1.66000000,1.56000000,2.93000000,0.45000000,美的集团
2019-03-12,000333,193.50000000,188.85000000,194.33000000,187.35000000,411678,1923704512.00000000,3.67000000,-0.83000000,-1.58000000,0.64000000,美的集团
2019-03-13,000333,188.93000000,189.11000000,190.65000000,186.49000000,348805,1601035408.00000000,2.20000000,0.14000000,0.26000000,0.54000000,美的集团
2019-03-14,000333,189.00000000,189.79000000,192.64000000,188.81000000,344231,1607571200.00000000,2.03000000,0.36000000,0.68000000,0.53000000,美的集团
2019-03-15,000333,193.13000000,195.49000000,197.93000000,191.40000000,672362,3208694080.00000000,3.44000000,3.00000000,5.70000000,1.04000000,美的集团
2019-03-18,000333,193.88000000,200.70000000,201.38000000,193.13000000,514992,2513134000.00000000,4.22000000,2.67000000,5.21000000,0.80000000,美的集团
2019-03-19,000333,201.49000000,200.44000000,202.39000000,198.30000000,297019,1458253072.00000000,2.04000000,-0.13000000,-0.26000000,0.46000000,美的集团
2019-03-20,000333,200.44000000,199.13000000,201.19000000,197.18000000,291752,1427029776.00000000,2.00000000,-0.65000000,-1.31000000,0.45000000,美的集团
2019-03-21,000333,198.19000000,196.65000000,198.75000000,196.05000000,258326,1248826256.00000000,1.36000000,-1.25000000,-2.48000000,0.40000000,美的集团
2019-03-22,000333,196.88000000,198.00000000,198.83000000,194.66000000,227080,1095838368.00000000,2.12000000,0.69000000,1.35000000,0.35000000,美的集团
2019-03-25,000333,194.55000000,190.84000000,196.50000000,190.35000000,326856,1548505472.00000000,3.11000000,-3.62000000,-7.16000000,0.51000000,美的集团
2019-03-26,000333,192.38000000,190.39000000,192.38000000,187.91000000,224424,1045158400.00000000,2.34000000,-0.24000000,-0.45000000,0.35000000,美的集团
2019-03-27,000333,191.93000000,194.14000000,195.00000000,190.46000000,227523,1077398368.00000000,2.38000000,1.97000000,3.75000000,0.35000000,美的集团
2019-03-28,000333,194.18000000,192.53000000,194.78000000,191.29000000,202358,955165296.00000000,1.80000000,-0.83000000,-1.61000000,0.31000000,美的集团
2019-03-29,000333,192.04000000,198.49000000,199.05000000,192.04000000,439464,2127847648.00000000,3.64000000,3.10000000,5.96000000,0.68000000,美的集团
2019-04-01,000333,200.63000000,214.24000000,216.64000000,200.44000000,974589,5041465344.00000000,8.16000000,7.93000000,15.75000000,1.51000000,美的集团
2019-04-02,000333,214.24000000,210.38000000,215.85000000,209.74000000,556776,2906671776.00000000,2.85000000,-1.80000000,-3.86000000,0.86000000,美的集团
2019-04-03,000333,208.73000000,211.50000000,212.85000000,208.69000000,378813,1971575184.00000000,1.98000000,0.53000000,1.12000000,0.59000000,美的集团
2019-04-04,000333,211.50000000,216.94000000,218.18000000,211.46000000,537245,2868122016.00000000,3.18000000,2.57000000,5.44000000,0.83000000,美的集团
2019-04-08,000333,216.94000000,218.93000000,224.48000000,215.25000000,522005,2836276736.00000000,4.25000000,0.92000000,1.99000000,0.81000000,美的集团
2019-04-09,000333,223.91000000,222.04000000,227.06000000,219.00000000,414112,2279920432.00000000,3.68000000,1.42000000,3.11000000,0.64000000,美的集团
2019-04-10,000333,220.88000000,220.95000000,224.14000000,216.94000000,398699,2167514768.00000000,3.24000000,-0.49000000,-1.09000000,0.62000000,美的集团
2019-04-11,000333,220.95000000,212.40000000,221.06000000,211.91000000,515525,2735915632.00000000,4.14000000,-3.87000000,-8.55000000,0.80000000,美的集团
2019-04-12,000333,210.19000000,208.09000000,212.36000000,205.01000000,469636,2408399120.00000000,3.46000000,-2.03000000,-4.31000000,0.73000000,美的集团
2019-04-15,000333,210.94000000,208.88000000,215.63000000,208.88000000,401187,2099197424.00000000,3.24000000,0.38000000,0.79000000,0.62000000,美的集团
2019-04-16,000333,207.00000000,214.05000000,214.05000000,205.69000000,312128,1619936656.00000000,4.00000000,2.48000000,5.17000000,0.48000000,美的集团
2019-04-17,000333,214.99000000,214.50000000,216.71000000,210.64000000,361870,1906297248.00000000,2.84000000,0.21000000,0.45000000,0.56000000,美的集团
2019-04-18,000333,216.49000000,216.08000000,219.49000000,214.88000000,265875,1427725088.00000000,2.15000000,0.74000000,1.58000000,0.41000000,美的集团
2019-04-19,000333,215.81000000,222.30000000,224.81000000,213.38000000,370995,2009741088.00000000,5.29000000,2.88000000,6.22000000,0.58000000,美的集团
2019-04-22,000333,221.96000000,213.71000000,221.96000000,211.50000000,415168,2213184528.00000000,4.71000000,-3.86000000,-8.59000000,0.64000000,美的集团
2019-04-23,000333,211.50000000,211.76000000,213.94000000,209.14000000,360135,1876295376.00000000,2.25000000,-0.91000000,-1.95000000,0.56000000,美的集团
2019-04-24,000333,212.63000000,213.00000000,213.86000000,209.06000000,289059,1510805584.00000000,2.27000000,0.59000000,1.24000000,0.45000000,美的集团
2019-04-25,000333,211.88000000,208.54000000,211.88000000,208.05000000,256795,1328686000.00000000,1.80000000,-2.09000000,-4.46000000,0.40000000,美的集团
2019-04-26,000333,206.89000000,200.89000000,208.35000000,200.48000000,459294,2296898144.00000000,3.77000000,-3.67000000,-7.65000000,0.71000000,美的集团
2019-04-29,000333,200.89000000,208.16000000,210.68000000,200.85000000,447563,2296294400.00000000,4.89000000,3.62000000,7.27000000,0.69000000,美的集团
2019-04-30,000333,208.50000000,212.25000000,216.38000000,208.50000000,459880,2407890592.00000000,3.79000000,1.96000000,4.09000000,0.71000000,美的集团
2019-05-06,000333,202.88000000,199.76000000,207.15000000,199.50000000,663235,3318296816.00000000,3.60000000,-5.88000000,-12.49000000,1.03000000,美的集团
2019-05-07,000333,204.38000000,206.06000000,208.84000000,202.88000000,717852,3653919600.00000000,2.98000000,3.15000000,6.30000000,1.11000000,美的集团
2019-05-22,000333,208.91000000,208.54000000,215.33000000,207.00000000,803694,4187357488.00000000,4.04000000,1.20000000,2.48000000,1.24000000,美的集团
2019-05-23,000333,205.88000000,201.41000000,206.25000000,201.00000000,421150,2104165312.00000000,2.52000000,-3.42000000,-7.13000000,0.65000000,美的集团
2019-05-24,000333,200.55000000,202.58000000,204.30000000,199.54000000,299407,1489846496.00000000,2.36000000,0.58000000,1.17000000,0.46000000,美的集团
2019-05-27,000333,202.58000000,202.31000000,203.55000000,199.05000000,284808,1406654784.00000000,2.22000000,-0.13000000,-0.27000000,0.44000000,美的集团
2019-05-28,000333,202.39000000,205.16000000,207.83000000,202.39000000,349889,1771284992.00000000,2.69000000,1.41000000,2.85000000,0.54000000,美的集团
2019-05-29,000333,203.44000000,204.68000000,206.70000000,202.69000000,218494,1100280784.00000000,1.95000000,-0.23000000,-0.48000000,0.34000000,美的集团
2019-05-30,000333,205.78000000,206.08000000,207.09000000,202.51000000,323330,1586232816.00000000,2.24000000,0.68000000,1.40000000,0.50000000,美的集团
2019-05-31,000333,204.39000000,206.64000000,208.70000000,204.20000000,241078,1201722992.00000000,2.18000000,0.27000000,0.56000000,0.37000000,美的集团
2019-06-03,000333,207.35000000,208.59000000,211.85000000,207.20000000,228010,1147776864.00000000,2.25000000,0.94000000,1.95000000,0.35000000,美的集团
2019-06-04,000333,208.63000000,207.01000000,210.35000000,205.18000000,163447,811702800.00000000,2.48000000,-0.76000000,-1.58000000,0.25000000,美的集团
2019-06-05,000333,209.71000000,206.30000000,210.16000000,205.33000000,229796,1147254240.00000000,2.33000000,-0.34000000,-0.71000000,0.36000000,美的集团
2019-06-06,000333,208.51000000,204.84000000,208.51000000,203.90000000,185739,918001248.00000000,2.23000000,-0.71000000,-1.46000000,0.29000000,美的集团
2019-06-10,000333,206.49000000,207.24000000,208.14000000,205.66000000,243810,1213075616.00000000,1.21000000,1.17000000,2.40000000,0.38000000,美的集团
2019-06-11,000333,206.98000000,213.65000000,215.04000000,206.64000000,374274,1912923616.00000000,4.05000000,3.09000000,6.41000000,0.58000000,美的集团
2019-06-12,000333,213.16000000,213.80000000,214.21000000,211.25000000,212637,1089754704.00000000,1.39000000,0.07000000,0.15000000,0.33000000,美的集团
2019-06-13,000333,214.48000000,212.00000000,214.48000000,208.93000000,201816,1027154864.00000000,2.60000000,-0.84000000,-1.80000000,0.31000000,美的集团
2019-06-14,000333,212.94000000,210.28000000,215.26000000,210.20000000,135929,692935408.00000000,2.39000000,-0.81000000,-1.72000000,0.21000000,美的集团
2019-06-17,000333,211.40000000,211.10000000,212.83000000,209.60000000,132745,674222032.00000000,1.54000000,0.39000000,0.82000000,0.21000000,美的集团
2019-06-18,000333,210.99000000,211.55000000,213.01000000,210.01000000,120219,613259808.00000000,1.42000000,0.21000000,0.45000000,0.19000000,美的集团
2019-06-19,000333,217.51000000,215.68000000,219.28000000,215.68000000,263454,1381397040.00000000,1.70000000,1.95000000,4.13000000,0.41000000,美的集团
2019-06-20,000333,216.99000000,220.48000000,222.95000000,216.05000000,448438,2389697360.00000000,3.20000000,2.23000000,4.80000000,0.66000000,美的集团
2019-06-21,000333,218.68000000,216.05000000,221.53000000,215.00000000,622820,3260271968.00000000,2.96000000,-2.01000000,-4.43000000,0.92000000,美的集团
2019-06-24,000333,215.00000000,216.31000000,217.96000000,213.39000000,376972,1965902480.00000000,2.12000000,0.12000000,0.26000000,0.56000000,美的集团
2019-06-25,000333,215.64000000,213.54000000,216.31000000,211.89000000,330480,1701992976.00000000,2.04000000,-1.28000000,-2.77000000,0.49000000,美的集团
2019-06-26,000333,213.80000000,213.80000000,215.00000000,213.09000000,202549,1043841120.00000000,0.89000000,0.12000000,0.26000000,0.30000000,美的集团
2019-06-27,000333,214.51000000,214.78000000,216.69000000,213.20000000,345210,1789191024.00000000,1.63000000,0.46000000,0.98000000,0.51000000,美的集团
2019-06-28,000333,214.48000000,215.11000000,216.35000000,213.39000000,169576,878142832.00000000,1.38000000,0.15000000,0.33000000,0.25000000,美的集团
2019-07-01,000333,219.28000000,223.48000000,224.83000000,218.49000000,611630,3287136784.00000000,2.95000000,3.89000000,8.37000000,0.90000000,美的集团
2019-07-02,000333,221.86000000,226.18000000,227.26000000,221.49000000,500486,2731208816.00000000,2.58000000,1.21000000,2.70000000,0.74000000,美的集团
2019-07-03,000333,227.71000000,223.48000000,228.09000000,221.94000000,354336,1936469744.00000000,2.72000000,-1.19000000,-2.70000000,0.52000000,美的集团
2019-07-04,000333,224.83000000,224.64000000,227.26000000,223.14000000,325227,1778536112.00000000,1.84000000,0.52000000,1.16000000,0.48000000,美的集团
2019-07-05,000333,224.53000000,227.90000000,228.76000000,221.49000000,387085,2121442304.00000000,3.24000000,1.45000000,3.26000000,0.57000000,美的集团
2019-07-08,000333,225.84000000,224.60000000,227.08000000,223.18000000,305691,1668586976.00000000,1.71000000,-1.45000000,-3.30000000,0.45000000,美的集团
2019-07-09,000333,224.26000000,222.54000000,224.94000000,220.74000000,255433,1374182512.00000000,1.87000000,-0.92000000,-2.06000000,0.38000000,美的集团
2019-07-10,000333,224.26000000,222.76000000,224.26000000,221.19000000,145526,783260384.00000000,1.38000000,0.10000000,0.22000000,0.21000000,美的集团
2019-07-11,000333,223.21000000,224.60000000,227.90000000,222.84000000,243812,1332480112.00000000,2.27000000,0.83000000,1.84000000,0.36000000,美的集团
2019-07-12,000333,224.83000000,226.06000000,227.45000000,223.81000000,198068,1085347584.00000000,1.62000000,0.65000000,1.46000000,0.29000000,美的集团
2019-07-15,000333,225.05000000,225.65000000,228.01000000,221.94000000,242963,1323497520.00000000,2.69000000,-0.18000000,-0.41000000,0.36000000,美的集团
2019-07-16,000333,226.14000000,221.34000000,226.33000000,219.80000000,260092,1396638224.00000000,2.89000000,-1.91000000,-4.31000000,0.38000000,美的集团
2019-07-17,000333,220.63000000,218.34000000,221.15000000,217.59000000,226490,1198886768.00000000,1.61000000,-1.36000000,-3.00000000,0.33000000,美的集团
2019-07-18,000333,217.51000000,218.23000000,219.09000000,215.71000000,178857,937199744.00000000,1.55000000,-0.05000000,-0.11000000,0.26000000,美的集团
2019-07-19,000333,220.85000000,217.85000000,220.85000000,217.48000000,208174,1100783168.00000000,1.54000000,-0.17000000,-0.38000000,0.31000000,美的集团
2019-07-22,000333,218.26000000,218.64000000,220.14000000,215.64000000,191810,1013260128.00000000,2.07000000,0.36000000,0.79000000,0.28000000,美的集团
2019-07-23,000333,218.64000000,220.14000000,220.21000000,218.30000000,142463,755836384.00000000,0.87000000,0.69000000,1.50000000,0.21000000,美的集团
2019-07-24,000333,221.60000000,220.81000000,222.76000000,220.51000000,177386,950135760.00000000,1.02000000,0.30000000,0.67000000,0.26000000,美的集团
2019-07-25,000333,220.81000000,221.08000000,221.79000000,219.54000000,169263,902112480.00000000,1.02000000,0.12000000,0.27000000,0.25000000,美的集团
2019-07-26,000333,219.76000000,221.00000000,221.64000000,219.46000000,128944,688512784.00000000,0.99000000,-0.04000000,-0.08000000,0.19000000,美的集团
2019-07-29,000333,221.79000000,223.18000000,224.56000000,220.93000000,227422,1226826336.00000000,1.64000000,0.99000000,2.18000000,0.34000000,美的集团
2019-07-30,000333,224.19000000,227.64000000,228.31000000,224.08000000,348705,1921787808.00000000,1.90000000,2.00000000,4.46000000,0.52000000,美的集团
2019-07-31,000333,227.38000000,225.76000000,229.36000000,225.24000000,198317,1089621504.00000000,1.81000000,-0.83000000,-1.88000000,0.29000000,美的集团
2019-08-01,000333,224.60000000,221.64000000,226.81000000,219.95000000,241273,1301037120.00000000,3.04000000,-1.82000000,-4.12000000,0.36000000,美的集团
2019-08-02,000333,213.76000000,218.45000000,219.39000000,212.08000000,341764,1781518224.00000000,3.30000000,-1.44000000,-3.19000000,0.50000000,美的集团
2019-08-05,000333,214.25000000,214.14000000,218.08000000,213.84000000,287863,1491986464.00000000,1.94000000,-1.97000000,-4.31000000,0.43000000,美的集团
2019-08-06,000333,210.43000000,213.80000000,214.06000000,205.59000000,341739,1729709504.00000000,3.96000000,-0.16000000,-0.34000000,0.50000000,美的集团
2019-08-07,000333,214.74000000,212.00000000,215.19000000,212.00000000,145318,747701376.00000000,1.49000000,-0.84000000,-1.80000000,0.21000000,美的集团
2019-08-08,000333,212.75000000,214.89000000,215.64000000,212.64000000,131924,681638816.00000000,1.42000000,1.36000000,2.89000000,0.19000000,美的集团
2019-08-09,000333,216.01000000,212.71000000,216.95000000,211.93000000,149813,772372656.00000000,2.34000000,-1.01000000,-2.18000000,0.22000000,美的集团
2019-08-12,000333,211.89000000,212.83000000,214.44000000,210.05000000,194252,991191232.00000000,2.06000000,0.06000000,0.12000000,0.29000000,美的集团
2019-08-13,000333,212.08000000,209.34000000,214.36000000,208.33000000,264441,1336555040.00000000,2.83000000,-1.64000000,-3.49000000,0.39000000,美的集团
2019-08-14,000333,212.23000000,208.78000000,212.64000000,208.36000000,223878,1128730656.00000000,2.04000000,-0.27000000,-0.56000000,0.33000000,美的集团
2019-08-15,000333,205.51000000,207.99000000,208.55000000,202.93000000,268173,1327724304.00000000,2.69000000,-0.38000000,-0.79000000,0.40000000,美的集团
2019-08-16,000333,208.14000000,209.34000000,210.58000000,206.60000000,202214,1016999280.00000000,1.91000000,0.65000000,1.35000000,0.30000000,美的集团
2019-08-19,000333,211.14000000,214.03000000,214.70000000,210.20000000,231819,1188231856.00000000,2.15000000,2.24000000,4.69000000,0.34000000,美的集团
2019-08-20,000333,214.03000000,213.61000000,215.15000000,212.56000000,150967,777716944.00000000,1.21000000,-0.20000000,-0.42000000,0.22000000,美的集团
2019-08-21,000333,212.64000000,214.48000000,215.83000000,211.96000000,210180,1085459216.00000000,1.81000000,0.41000000,0.87000000,0.31000000,美的集团
2019-08-22,000333,215.26000000,215.00000000,216.88000000,213.28000000,189289,979992736.00000000,1.68000000,0.24000000,0.52000000,0.28000000,美的集团
2019-08-23,000333,216.20000000,216.58000000,218.08000000,214.44000000,217678,1137619136.00000000,1.69000000,0.73000000,1.58000000,0.32000000,美的集团
2019-08-26,000333,212.60000000,212.04000000,213.80000000,210.50000000,275970,1408348048.00000000,1.52000000,-2.10000000,-4.54000000,0.41000000,美的集团
2019-08-27,000333,213.76000000,215.83000000,217.10000000,213.05000000,271391,1413827328.00000000,1.91000000,1.79000000,3.79000000,0.40000000,美的集团
2019-08-28,000333,215.71000000,216.46000000,217.33000000,214.33000000,214675,1116742224.00000000,1.39000000,0.29000000,0.63000000,0.32000000,美的集团
2019-08-29,000333,216.20000000,215.38000000,217.51000000,214.14000000,208601,1082409056.00000000,1.56000000,-0.50000000,-1.08000000,0.31000000,美的集团
2019-08-30,000333,217.89000000,218.56000000,220.89000000,216.01000000,278272,1466006864.00000000,2.27000000,1.48000000,3.18000000,0.41000000,美的集团
2019-09-02,000333,222.01000000,224.00000000,225.95000000,221.30000000,515615,2799660560.00000000,2.13000000,2.49000000,5.44000000,0.76000000,美的集团
2019-09-03,000333,226.06000000,224.30000000,226.85000000,223.44000000,307409,1673365680.00000000,1.52000000,0.13000000,0.30000000,0.45000000,美的集团
2019-09-04,000333,224.08000000,224.83000000,226.06000000,221.64000000,317525,1719758544.00000000,1.97000000,0.24000000,0.53000000,0.47000000,美的集团
2019-09-05,000333,226.44000000,222.76000000,226.78000000,222.50000000,302362,1646454672.00000000,1.90000000,-0.92000000,-2.07000000,0.45000000,美的集团
2019-09-06,000333,223.51000000,223.93000000,224.56000000,221.15000000,248580,1342155872.00000000,1.53000000,0.53000000,1.17000000,0.37000000,美的集团
2019-09-09,000333,225.73000000,223.55000000,226.48000000,222.46000000,290736,1580083904.00000000,1.80000000,-0.17000000,-0.38000000,0.43000000,美的集团
2019-09-10,000333,223.14000000,222.54000000,223.44000000,220.14000000,235866,1262801296.00000000,1.48000000,-0.45000000,-1.01000000,0.35000000,美的集团
2019-09-11,000333,223.14000000,220.89000000,224.64000000,219.95000000,196084,1050689312.00000000,2.11000000,-0.74000000,-1.65000000,0.29000000,美的集团
2019-09-12,000333,222.69000000,223.51000000,224.26000000,221.34000000,213001,1150492112.00000000,1.32000000,1.19000000,2.62000000,0.31000000,美的集团
2019-09-16,000333,224.64000000,221.15000000,224.68000000,220.70000000,236810,1271436960.00000000,1.78000000,-1.06000000,-2.36000000,0.35000000,美的集团
2019-09-17,000333,220.33000000,219.39000000,221.11000000,218.41000000,206923,1096214832.00000000,1.22000000,-0.80000000,-1.76000000,0.31000000,美的集团
2019-09-18,000333,220.40000000,218.30000000,220.40000000,217.78000000,225071,1189760016.00000000,1.19000000,-0.50000000,-1.09000000,0.33000000,美的集团
2019-09-19,000333,219.73000000,218.79000000,221.04000000,217.81000000,204971,1084251088.00000000,1.48000000,0.22000000,0.49000000,0.30000000,美的集团
2019-09-20,000333,219.84000000,218.26000000,220.14000000,216.01000000,275464,1449282880.00000000,1.89000000,-0.24000000,-0.53000000,0.41000000,美的集团
2019-09-23,000333,218.04000000,215.94000000,218.04000000,214.48000000,206873,1074655312.00000000,1.63000000,-1.06000000,-2.32000000,0.31000000,美的集团
2019-09-24,000333,215.79000000,215.90000000,217.33000000,213.99000000,207246,1079858832.00000000,1.55000000,-0.02000000,-0.04000000,0.31000000,美的集团
2019-09-25,000333,215.64000000,212.19000000,215.64000000,211.93000000,292974,1500046384.00000000,1.72000000,-1.72000000,-3.71000000,0.43000000,美的集团
2019-09-26,000333,212.60000000,211.89000000,213.65000000,210.01000000,245435,1253262528.00000000,1.72000000,-0.14000000,-0.30000000,0.36000000,美的集团
2019-09-27,000333,211.89000000,213.09000000,213.35000000,210.61000000,199733,1020461792.00000000,1.29000000,0.57000000,1.20000000,0.30000000,美的集团
2019-09-30,000333,212.26000000,212.26000000,214.81000000,211.55000000,163708,840760128.00000000,1.53000000,-0.39000000,-0.83000000,0.24000000,美的集团
2019-10-08,000333,213.39000000,218.08000000,218.68000000,212.83000000,422486,2205801872.00000000,2.76000000,2.74000000,5.82000000,0.62000000,美的集团
2019-10-09,000333,216.54000000,217.51000000,218.08000000,215.30000000,188489,984741136.00000000,1.27000000,-0.26000000,-0.57000000,0.28000000,美的集团
2019-10-10,000333,217.44000000,216.31000000,217.44000000,214.78000000,171209,891734272.00000000,1.22000000,-0.55000000,-1.20000000,0.25000000,美的集团
2019-10-11,000333,217.25000000,219.09000000,219.58000000,216.05000000,218166,1149133840.00000000,1.63000000,1.29000000,2.78000000,0.32000000,美的集团
2019-10-14,000333,220.63000000,221.08000000,222.46000000,219.76000000,264697,1417849088.00000000,1.23000000,0.91000000,1.99000000,0.39000000,美的集团
2019-10-15,000333,222.20000000,221.15000000,222.91000000,220.03000000,167607,898589056.00000000,1.30000000,0.03000000,0.07000000,0.25000000,美的集团
2019-10-16,000333,222.28000000,221.86000000,223.89000000,221.11000000,206093,1110490864.00000000,1.26000000,0.32000000,0.71000000,0.30000000,美的集团
2019-10-17,000333,223.25000000,220.21000000,223.25000000,219.24000000,184568,984182976.00000000,1.81000000,-0.74000000,-1.65000000,0.27000000,美的集团
2019-10-18,000333,221.53000000,218.08000000,223.03000000,217.33000000,181280,963901648.00000000,2.59000000,-0.97000000,-2.13000000,0.27000000,美的集团
2019-10-21,000333,218.26000000,221.19000000,221.83000000,218.26000000,181513,968542640.00000000,1.64000000,1.43000000,3.11000000,0.27000000,美的集团
2019-10-22,000333,222.31000000,222.91000000,223.74000000,221.26000000,187410,1009190432.00000000,1.12000000,0.78000000,1.72000000,0.28000000,美的集团
2019-10-23,000333,221.56000000,222.13000000,223.51000000,221.26000000,131211,705748656.00000000,1.01000000,-0.35000000,-0.78000000,0.19000000,美的集团
2019-10-24,000333,222.54000000,222.20000000,222.76000000,220.36000000,139077,746186416.00000000,1.08000000,0.03000000,0.07000000,0.21000000,美的集团
2019-10-25,000333,223.06000000,222.39000000,223.06000000,218.56000000,182032,975561712.00000000,2.03000000,0.09000000,0.19000000,0.27000000,美的集团
2019-10-28,000333,223.14000000,221.60000000,223.59000000,220.78000000,193378,1040511984.00000000,1.26000000,-0.36000000,-0.79000000,0.29000000,美的集团
2019-10-29,000333,222.95000000,223.14000000,224.90000000,222.01000000,229410,1240223648.00000000,1.30000000,0.69000000,1.54000000,0.34000000,美的集团
2019-10-30,000333,221.94000000,221.15000000,223.14000000,219.61000000,160286,856636592.00000000,1.58000000,-0.89000000,-1.99000000,0.24000000,美的集团
2019-10-31,000333,226.89000000,228.76000000,230.60000000,225.16000000,627930,3468759360.00000000,2.46000000,3.44000000,7.61000000,0.93000000,美的集团
2019-11-01,000333,229.89000000,241.48000000,243.76000000,229.14000000,745652,4327653120.00000000,6.39000000,5.56000000,12.72000000,1.10000000,美的集团
2019-11-04,000333,243.95000000,242.41000000,245.64000000,240.80000000,384285,2278842512.00000000,2.00000000,0.39000000,0.93000000,0.57000000,美的集团
2019-11-05,000333,243.73000000,243.35000000,245.94000000,241.06000000,343451,2049225104.00000000,2.01000000,0.39000000,0.94000000,0.51000000,美的集团
2019-11-06,000333,244.78000000,245.04000000,246.76000000,242.90000000,264351,1579236928.00000000,1.59000000,0.69000000,1.69000000,0.39000000,美的集团
2019-11-07,000333,244.51000000,243.76000000,244.51000000,241.10000000,203387,1203867472.00000000,1.39000000,-0.52000000,-1.28000000,0.30000000,美的集团
2019-11-08,000333,248.56000000,244.21000000,248.64000000,243.13000000,310047,1862039120.00000000,2.26000000,0.18000000,0.45000000,0.46000000,美的集团
2019-11-11,000333,240.58000000,235.14000000,240.80000000,234.39000000,435712,2504319024.00000000,2.62000000,-3.71000000,-9.07000000,0.64000000,美的集团
2019-11-12,000333,233.26000000,230.98000000,234.76000000,229.70000000,361576,2034644288.00000000,2.15000000,-1.77000000,-4.16000000,0.53000000,美的集团
2019-11-13,000333,233.94000000,232.70000000,234.05000000,231.05000000,228965,1292170240.00000000,1.30000000,0.74000000,1.72000000,0.34000000,美的集团
2019-11-14,000333,233.94000000,232.85000000,234.31000000,229.18000000,209790,1184487504.00000000,2.20000000,0.06000000,0.15000000,0.31000000,美的集团
2019-11-15,000333,233.34000000,232.70000000,234.39000000,231.99000000,141967,804716992.00000000,1.03000000,-0.06000000,-0.15000000,0.21000000,美的集团
2019-11-18,000333,232.70000000,233.23000000,234.31000000,229.89000000,180038,1013839200.00000000,1.90000000,0.23000000,0.53000000,0.27000000,美的集团
2019-11-19,000333,232.81000000,237.50000000,238.06000000,232.14000000,252679,1454112720.00000000,2.54000000,1.83000000,4.27000000,0.37000000,美的集团
2019-11-20,000333,238.14000000,234.95000000,238.18000000,234.80000000,139824,803578176.00000000,1.42000000,-1.07000000,-2.55000000,0.21000000,美的集团
2019-11-21,000333,234.39000000,231.39000000,235.33000000,229.70000000,198835,1116276032.00000000,2.40000000,-1.52000000,-3.56000000,0.29000000,美的集团
2019-11-22,000333,232.40000000,229.63000000,235.14000000,228.61000000,206827,1163712896.00000000,2.82000000,-0.76000000,-1.76000000,0.31000000,美的集团
2019-11-25,000333,229.63000000,232.63000000,232.66000000,226.96000000,180129,1007833440.00000000,2.48000000,1.31000000,3.00000000,0.27000000,美的集团
2019-11-26,000333,235.51000000,232.74000000,235.70000000,231.16000000,187706,1064900752.00000000,1.95000000,0.05000000,0.11000000,0.28000000,美的集团
2019-11-27,000333,228.50000000,227.38000000,229.10000000,225.65000000,290811,1601368256.00000000,1.48000000,-2.30000000,-5.36000000,0.43000000,美的集团
2019-11-28,000333,229.66000000,227.53000000,229.66000000,225.99000000,203120,1119845392.00000000,1.61000000,0.07000000,0.15000000,0.30000000,美的集团
2019-11-29,000333,227.30000000,224.26000000,227.41000000,221.94000000,253827,1378994032.00000000,2.40000000,-1.44000000,-3.27000000,0.37000000,美的集团
2019-12-02,000333,225.31000000,225.95000000,227.23000000,224.34000000,180987,991131408.00000000,1.29000000,0.75000000,1.69000000,0.27000000,美的集团
2019-12-03,000333,225.99000000,225.13000000,227.00000000,223.48000000,208876,1136020560.00000000,1.56000000,-0.36000000,-0.82000000,0.31000000,美的集团
2019-12-04,000333,224.23000000,228.24000000,228.35000000,223.14000000,273805,1504232864.00000000,2.31000000,1.38000000,3.11000000,0.40000000,美的集团
2019-12-05,000333,230.08000000,228.88000000,230.15000000,227.30000000,205044,1136835408.00000000,1.25000000,0.28000000,0.64000000,0.30000000,美的集团
2019-12-06,000333,229.29000000,231.39000000,233.41000000,228.88000000,237936,1335781008.00000000,1.98000000,1.10000000,2.51000000,0.35000000,美的集团
2019-12-09,000333,232.89000000,233.68000000,236.26000000,231.31000000,208515,1185262384.00000000,2.14000000,0.99000000,2.29000000,0.31000000,美的集团
2019-12-10,000333,233.34000000,236.83000000,237.69000000,233.26000000,207177,1192082672.00000000,1.90000000,1.35000000,3.15000000,0.31000000,美的集团
2019-12-11,000333,236.90000000,234.61000000,237.31000000,233.64000000,139655,798133056.00000000,1.55000000,-0.94000000,-2.22000000,0.21000000,美的集团
2019-12-12,000333,236.38000000,234.09000000,236.90000000,233.64000000,127084,725814976.00000000,1.39000000,-0.22000000,-0.52000000,0.19000000,美的集团
2019-12-13,000333,238.14000000,239.64000000,240.01000000,236.53000000,284443,1654545936.00000000,1.49000000,2.37000000,5.55000000,0.42000000,美的集团
2019-12-16,000333,238.51000000,238.55000000,239.38000000,237.39000000,216487,1256913296.00000000,0.83000000,-0.45000000,-1.09000000,0.32000000,美的集团
2019-12-17,000333,238.55000000,240.01000000,241.70000000,237.16000000,255847,1493694032.00000000,1.90000000,0.61000000,1.46000000,0.38000000,美的集团
2019-12-18,000333,241.14000000,238.89000000,243.01000000,237.80000000,236488,1385586160.00000000,2.17000000,-0.47000000,-1.12000000,0.35000000,美的集团
2019-12-19,000333,238.14000000,238.44000000,240.01000000,237.61000000,134764,783171968.00000000,1.00000000,-0.19000000,-0.45000000,0.20000000,美的集团
2019-12-20,000333,239.45000000,237.39000000,240.39000000,237.39000000,181366,1055026080.00000000,1.26000000,-0.44000000,-1.05000000,0.27000000,美的集团
2019-12-23,000333,239.34000000,235.40000000,239.34000000,234.31000000,240867,1385004832.00000000,2.12000000,-0.84000000,-1.99000000,0.36000000,美的集团
2019-12-24,000333,235.48000000,234.69000000,236.26000000,233.56000000,173345,987672144.00000000,1.15000000,-0.30000000,-0.71000000,0.26000000,美的集团
2019-12-25,000333,235.14000000,235.14000000,237.20000000,234.39000000,162257,930232512.00000000,1.20000000,0.19000000,0.45000000,0.24000000,美的集团
2019-12-26,000333,235.89000000,236.64000000,237.13000000,234.99000000,142620,819037120.00000000,0.91000000,0.64000000,1.50000000,0.21000000,美的集团
2019-12-27,000333,237.39000000,235.14000000,238.63000000,234.99000000,181588,1046161392.00000000,1.54000000,-0.63000000,-1.50000000,0.27000000,美的集团
2019-12-30,000333,234.39000000,239.00000000,240.39000000,233.08000000,238029,1375567216.00000000,3.11000000,1.64000000,3.86000000,0.35000000,美的集团
2019-12-31,000333,238.78000000,239.08000000,239.64000000,237.80000000,159794,929450256.00000000,0.77000000,0.03000000,0.08000000,0.23000000,美的集团
2020-01-02,000333,240.61000000,244.70000000,245.23000000,239.68000000,346226,2050141328.00000000,2.32000000,2.35000000,5.62000000,0.51000000,美的集团
2020-01-03,000333,245.26000000,239.11000000,245.49000000,238.81000000,270043,1587220592.00000000,2.73000000,-2.28000000,-5.59000000,0.40000000,美的集团
2020-01-06,000333,237.39000000,235.14000000,238.89000000,230.64000000,288425,1656276944.00000000,3.45000000,-1.66000000,-3.97000000,0.42000000,美的集团
2020-01-07,000333,235.89000000,238.33000000,238.93000000,235.14000000,225265,1304633776.00000000,1.61000000,1.36000000,3.19000000,0.33000000,美的集团
2020-01-08,000333,236.30000000,239.19000000,241.81000000,235.78000000,253210,1471083456.00000000,2.53000000,0.36000000,0.86000000,0.37000000,美的集团
2020-01-09,000333,241.14000000,243.58000000,244.63000000,240.01000000,296354,1757281376.00000000,1.93000000,1.84000000,4.39000000,0.44000000,美的集团
2020-01-10,000333,245.53000000,245.60000000,247.48000000,243.58000000,280706,1683152336.00000000,1.60000000,0.83000000,2.02000000,0.41000000,美的集团
2020-01-13,000333,247.51000000,246.05000000,248.11000000,243.76000000,279512,1678723648.00000000,1.77000000,0.18000000,0.45000000,0.41000000,美的集团
2020-01-14,000333,247.51000000,245.19000000,248.64000000,244.59000000,162500,976486528.00000000,1.65000000,-0.35000000,-0.86000000,0.24000000,美的集团
2020-01-15,000333,245.26000000,243.76000000,245.64000000,241.44000000,214900,1272651584.00000000,1.71000000,-0.58000000,-1.43000000,0.32000000,美的集团
2020-01-16,000333,245.64000000,244.36000000,245.86000000,242.75000000,199814,1192330864.00000000,1.28000000,0.25000000,0.60000000,0.29000000,美的集团
2020-01-17,000333,245.60000000,246.80000000,249.39000000,243.73000000,217133,1312054704.00000000,2.32000000,1.00000000,2.44000000,0.32000000,美的集团
2020-01-20,000333,248.64000000,246.39000000,249.24000000,245.00000000,201911,1217493008.00000000,1.72000000,-0.17000000,-0.41000000,0.30000000,美的集团
2020-01-21,000333,244.51000000,238.51000000,244.74000000,238.25000000,276432,1617441936.00000000,2.63000000,-3.20000000,-7.88000000,0.41000000,美的集团
2020-01-22,000333,236.34000000,236.19000000,237.99000000,230.64000000,411606,2335993232.00000000,3.08000000,-0.97000000,-2.32000000,0.60000000,美的集团
2020-01-23,000333,231.01000000,227.26000000,233.41000000,226.89000000,596537,3313820976.00000000,2.76000000,-3.78000000,-8.93000000,0.88000000,美的集团
2020-02-03,000333,206.60000000,208.85000000,217.85000000,206.60000000,705067,3565939360.00000000,4.95000000,-8.10000000,-18.41000000,1.04000000,美的集团
2020-02-04,000333,209.26000000,218.60000000,218.71000000,209.26000000,404131,2097010016.00000000,4.52000000,4.67000000,9.75000000,0.59000000,美的集团
2020-02-05,000333,219.09000000,218.90000000,221.15000000,217.33000000,348950,1848774208.00000000,1.75000000,0.14000000,0.30000000,0.51000000,美的集团
2020-02-06,000333,218.90000000,222.35000000,222.99000000,216.99000000,393668,2086495952.00000000,2.74000000,1.58000000,3.45000000,0.58000000,美的集团
2020-02-07,000333,221.26000000,218.75000000,221.38000000,216.39000000,344090,1811882960.00000000,2.24000000,-1.62000000,-3.60000000,0.51000000,美的集团
2020-02-10,000333,216.76000000,216.76000000,218.56000000,214.59000000,346048,1804543408.00000000,1.81000000,-0.91000000,-1.99000000,0.51000000,美的集团
2020-02-11,000333,220.10000000,225.69000000,226.85000000,218.64000000,493882,2684341232.00000000,3.79000000,4.12000000,8.93000000,0.72000000,美的集团
2020-02-12,000333,225.28000000,226.48000000,228.24000000,223.21000000,234338,1284759456.00000000,2.23000000,0.35000000,0.79000000,0.34000000,美的集团
2020-02-13,000333,225.24000000,222.39000000,225.31000000,221.26000000,319307,1723256896.00000000,1.79000000,-1.81000000,-4.09000000,0.47000000,美的集团
2020-02-14,000333,221.26000000,222.16000000,222.99000000,220.06000000,210044,1125281552.00000000,1.32000000,-0.10000000,-0.23000000,0.31000000,美的集团
2020-02-17,000333,220.66000000,224.64000000,224.71000000,220.29000000,325053,1751927712.00000000,1.99000000,1.12000000,2.48000000,0.48000000,美的集团
2020-02-18,000333,224.64000000,221.38000000,224.64000000,220.59000000,332035,1783036928.00000000,1.80000000,-1.45000000,-3.26000000,0.49000000,美的集团
2020-02-19,000333,220.74000000,221.41000000,222.65000000,220.03000000,237329,1270519680.00000000,1.18000000,0.01000000,0.03000000,0.35000000,美的集团
2020-02-20,000333,222.01000000,226.36000000,226.81000000,220.59000000,370412,2013322144.00000000,2.81000000,2.24000000,4.95000000,0.54000000,美的集团
2020-02-21,000333,225.01000000,224.19000000,226.21000000,223.21000000,297799,1616397376.00000000,1.33000000,-0.96000000,-2.17000000,0.44000000,美的集团
2020-02-24,000333,228.24000000,226.55000000,228.28000000,224.83000000,407824,2243496144.00000000,1.54000000,1.05000000,2.36000000,0.60000000,美的集团
2020-02-25,000333,223.14000000,224.75000000,224.86000000,222.39000000,315462,1706738496.00000000,1.09000000,-0.79000000,-1.80000000,0.46000000,美的集团
2020-02-26,000333,222.01000000,224.26000000,228.09000000,220.18000000,387240,2107804640.00000000,3.52000000,-0.22000000,-0.49000000,0.57000000,美的集团
2020-02-27,000333,224.26000000,226.55000000,227.64000000,223.93000000,284935,1563743472.00000000,1.65000000,1.02000000,2.29000000,0.42000000,美的集团
2020-02-28,000333,222.69000000,219.58000000,223.81000000,218.60000000,334057,1788324816.00000000,2.30000000,-3.08000000,-6.97000000,0.49000000,美的集团
2020-03-02,000333,219.58000000,224.41000000,225.95000000,219.58000000,318934,1725854576.00000000,2.90000000,2.20000000,4.83000000,0.47000000,美的集团
2020-03-03,000333,225.05000000,225.01000000,226.89000000,223.03000000,264999,1441435072.00000000,1.72000000,0.27000000,0.60000000,0.39000000,美的集团
2020-03-04,000333,223.14000000,224.08000000,224.79000000,221.68000000,239084,1290728832.00000000,1.38000000,-0.41000000,-0.93000000,0.35000000,美的集团
2020-03-05,000333,225.20000000,232.66000000,233.64000000,224.45000000,575718,3214972960.00000000,4.10000000,3.83000000,8.58000000,0.84000000,美的集团
2020-03-06,000333,229.96000000,229.89000000,231.76000000,228.91000000,280243,1565438000.00000000,1.22000000,-1.19000000,-2.77000000,0.41000000,美的集团
2020-03-09,000333,224.64000000,222.73000000,224.90000000,222.43000000,356343,1925269104.00000000,1.07000000,-3.11000000,-7.16000000,0.52000000,美的集团
2020-03-10,000333,222.73000000,228.09000000,229.44000000,222.73000000,375632,2061033024.00000000,3.01000000,2.41000000,5.36000000,0.55000000,美的集团
2020-03-11,000333,227.34000000,224.90000000,228.09000000,224.86000000,192607,1053884400.00000000,1.42000000,-1.40000000,-3.19000000,0.28000000,美的集团
2020-03-12,000333,222.58000000,220.03000000,222.65000000,218.94000000,344055,1833239648.00000000,1.65000000,-2.17000000,-4.87000000,0.50000000,美的集团
2020-03-13,000333,211.40000000,215.26000000,219.24000000,208.40000000,452084,2323212176.00000000,4.93000000,-2.17000000,-4.77000000,0.66000000,美的集团
2020-03-16,000333,216.39000000,208.51000000,216.65000000,208.14000000,396679,2019157776.00000000,3.95000000,-3.14000000,-6.75000000,0.58000000,美的集团
2020-03-17,000333,206.71000000,204.39000000,213.01000000,202.78000000,477082,2365286576.00000000,4.91000000,-1.98000000,-4.12000000,0.70000000,美的集团
2020-03-18,000333,207.01000000,207.01000000,215.23000000,206.56000000,586059,2974941632.00000000,4.24000000,1.28000000,2.62000000,0.86000000,美的集团
2020-03-19,000333,209.45000000,202.89000000,210.39000000,198.76000000,554869,2708244368.00000000,5.62000000,-1.99000000,-4.12000000,0.81000000,美的集团
2020-03-20,000333,205.33000000,204.58000000,207.13000000,202.51000000,367067,1803574240.00000000,2.28000000,0.83000000,1.69000000,0.54000000,美的集团
2020-03-23,000333,198.76000000,195.01000000,200.56000000,194.26000000,477036,2237270208.00000000,3.08000000,-4.68000000,-9.57000000,0.70000000,美的集团
2020-03-24,000333,198.20000000,200.60000000,201.58000000,196.55000000,419576,2000208160.00000000,2.58000000,2.87000000,5.59000000,0.61000000,美的集团
2020-03-25,000333,206.26000000,206.23000000,208.74000000,203.86000000,390113,1934918464.00000000,2.43000000,2.81000000,5.63000000,0.57000000,美的集团
2020-03-26,000333,205.89000000,204.39000000,207.28000000,203.79000000,232484,1145809968.00000000,1.69000000,-0.89000000,-1.84000000,0.34000000,美的集团
2020-03-27,000333,208.14000000,206.08000000,209.83000000,205.81000000,260154,1296483248.00000000,1.97000000,0.83000000,1.69000000,0.38000000,美的集团
2020-03-30,000333,203.64000000,200.98000000,203.64000000,198.76000000,370522,1778812496.00000000,2.37000000,-2.47000000,-5.10000000,0.54000000,美的集团
2020-03-31,000333,203.49000000,202.21000000,205.70000000,201.91000000,225253,1098690176.00000000,1.89000000,0.61000000,1.23000000,0.33000000,美的集团
2020-04-01,000333,204.20000000,202.81000000,205.59000000,200.83000000,234391,1141225440.00000000,2.35000000,0.30000000,0.60000000,0.34000000,美的集团
2020-04-02,000333,201.28000000,204.24000000,204.39000000,199.89000000,235144,1135456592.00000000,2.22000000,0.71000000,1.43000000,0.34000000,美的集团
2020-04-03,000333,203.64000000,202.06000000,204.61000000,201.43000000,196382,953656656.00000000,1.56000000,-1.07000000,-2.18000000,0.29000000,美的集团
2020-04-07,000333,205.18000000,204.28000000,205.89000000,203.26000000,400486,1962977184.00000000,1.30000000,1.10000000,2.22000000,0.59000000,美的集团
2020-04-08,000333,202.89000000,201.54000000,203.38000000,200.86000000,244268,1182191600.00000000,1.23000000,-1.34000000,-2.74000000,0.36000000,美的集团
2020-04-09,000333,202.59000000,201.76000000,202.70000000,201.05000000,171399,828409216.00000000,0.82000000,0.11000000,0.22000000,0.25000000,美的集团
2020-04-10,000333,201.76000000,205.44000000,210.24000000,200.79000000,412461,2043406848.00000000,4.68000000,1.82000000,3.68000000,0.60000000,美的集团
2020-04-13,000333,206.60000000,207.73000000,210.31000000,205.51000000,310765,1555138944.00000000,2.34000000,1.11000000,2.29000000,0.46000000,美的集团
2020-04-14,000333,210.65000000,209.94000000,210.76000000,206.64000000,307942,1550039696.00000000,1.98000000,1.06000000,2.21000000,0.45000000,美的集团
2020-04-15,000333,208.14000000,208.89000000,212.94000000,205.14000000,395915,1989237120.00000000,3.72000000,-0.50000000,-1.05000000,0.58000000,美的集团
2020-04-16,000333,208.89000000,206.23000000,208.89000000,205.40000000,279294,1385041872.00000000,1.67000000,-1.27000000,-2.66000000,0.41000000,美的集团
2020-04-17,000333,208.14000000,208.48000000,209.30000000,206.64000000,352499,1761719072.00000000,1.29000000,1.09000000,2.25000000,0.52000000,美的集团
2020-04-20,000333,209.23000000,210.88000000,211.81000000,208.18000000,208857,1058635856.00000000,1.74000000,1.15000000,2.40000000,0.31000000,美的集团
2020-04-21,000333,211.85000000,209.08000000,211.89000000,208.14000000,209713,1056179840.00000000,1.78000000,-0.85000000,-1.80000000,0.31000000,美的集团
2020-04-22,000333,208.89000000,213.39000000,213.65000000,208.10000000,207637,1056618272.00000000,2.65000000,2.06000000,4.31000000,0.30000000,美的集团
2020-04-23,000333,214.48000000,215.60000000,217.10000000,213.05000000,271166,1408264464.00000000,1.90000000,1.04000000,2.21000000,0.40000000,美的集团
2020-04-24,000333,215.79000000,215.68000000,216.76000000,214.55000000,133416,693211312.00000000,1.03000000,0.04000000,0.08000000,0.20000000,美的集团
2020-04-27,000333,212.90000000,213.76000000,216.54000000,211.33000000,215235,1108515152.00000000,2.42000000,-0.89000000,-1.92000000,0.32000000,美的集团
2020-04-28,000333,213.76000000,214.85000000,215.41000000,210.95000000,251835,1297098144.00000000,2.09000000,0.51000000,1.09000000,0.37000000,美的集团
2020-04-29,000333,213.39000000,216.58000000,218.53000000,212.45000000,206235,1072765104.00000000,2.83000000,0.81000000,1.73000000,0.30000000,美的集团
2020-04-30,000333,220.51000000,222.20000000,223.74000000,220.51000000,340323,1831860880.00000000,1.49000000,2.59000000,5.62000000,0.50000000,美的集团
2020-05-06,000333,219.39000000,223.89000000,223.89000000,218.26000000,328565,1765766096.00000000,2.53000000,0.76000000,1.69000000,0.48000000,美的集团
2020-05-07,000333,223.85000000,223.14000000,224.83000000,222.54000000,213755,1156808784.00000000,1.02000000,-0.33000000,-0.75000000,0.31000000,美的集团
2020-05-08,000333,224.94000000,231.88000000,232.44000000,224.00000000,409621,2296022240.00000000,3.78000000,3.92000000,8.74000000,0.60000000,美的集团
2020-05-11,000333,232.85000000,234.05000000,240.01000000,232.21000000,379598,2188821584.00000000,3.36000000,0.94000000,2.17000000,0.56000000,美的集团
2020-05-12,000333,236.26000000,238.14000000,239.56000000,234.50000000,286034,1655218896.00000000,2.16000000,1.75000000,4.09000000,0.42000000,美的集团
2020-05-13,000333,236.64000000,237.20000000,238.14000000,234.05000000,219386,1260866624.00000000,1.72000000,-0.39000000,-0.94000000,0.32000000,美的集团
2020-05-14,000333,237.20000000,238.14000000,239.26000000,236.30000000,180020,1044096208.00000000,1.25000000,0.40000000,0.94000000,0.26000000,美的集团
2020-05-15,000333,238.14000000,234.20000000,238.51000000,233.90000000,233617,1338687936.00000000,1.94000000,-1.65000000,-3.94000000,0.34000000,美的集团
2020-05-18,000333,236.26000000,236.23000000,238.89000000,233.00000000,261775,1505218944.00000000,2.51000000,0.87000000,2.03000000,0.38000000,美的集团
2020-05-19,000333,239.64000000,240.99000000,242.64000000,238.14000000,278551,1638536816.00000000,1.90000000,2.01000000,4.76000000,0.41000000,美的集团
2020-05-20,000333,240.13000000,242.00000000,242.26000000,240.09000000,190615,1123661200.00000000,0.90000000,0.42000000,1.01000000,0.28000000,美的集团
2020-05-21,000333,243.95000000,240.84000000,244.29000000,239.49000000,149135,876854208.00000000,1.98000000,-0.48000000,-1.16000000,0.22000000,美的集团
2020-05-22,000333,239.79000000,234.84000000,240.20000000,232.93000000,260862,1493147024.00000000,3.02000000,-2.49000000,-6.00000000,0.38000000,美的集团
2020-05-25,000333,239.26000000,233.79000000,239.60000000,231.16000000,159445,905625792.00000000,3.59000000,-0.45000000,-1.05000000,0.23000000,美的集团
2020-05-26,000333,235.51000000,238.14000000,239.08000000,233.53000000,184308,1061005408.00000000,2.37000000,1.86000000,4.35000000,0.27000000,美的集团
2020-05-27,000333,239.08000000,239.08000000,243.31000000,237.73000000,258065,1517718672.00000000,2.34000000,0.39000000,0.94000000,0.38000000,美的集团
2020-05-28,000333,242.53000000,238.70000000,243.28000000,237.50000000,206031,1207714976.00000000,2.42000000,-0.16000000,-0.38000000,0.30000000,美的集团
2020-05-29,000333,238.10000000,241.96000000,242.83000000,238.10000000,182549,1073961440.00000000,1.98000000,1.37000000,3.26000000,0.27000000,美的集团
2020-06-01,000333,243.01000000,247.21000000,247.44000000,243.01000000,294803,1776563600.00000000,1.83000000,2.17000000,5.25000000,0.43000000,美的集团
2020-06-02,000333,250.36000000,246.76000000,250.36000000,246.20000000,206805,1218477904.00000000,1.68000000,-0.18000000,-0.45000000,0.30000000,美的集团
2020-06-03,000333,248.45000000,245.38000000,249.28000000,243.80000000,180929,1059003040.00000000,2.22000000,-0.56000000,-1.38000000,0.27000000,美的集团
2020-06-04,000333,247.33000000,247.33000000,251.26000000,246.80000000,140258,827157600.00000000,1.82000000,0.79000000,1.95000000,0.21000000,美的集团
2020-06-05,000333,247.85000000,247.70000000,248.56000000,246.39000000,127259,749286688.00000000,0.88000000,0.15000000,0.37000000,0.19000000,美的集团
2020-06-08,000333,249.39000000,252.24000000,257.49000000,248.00000000,359440,2180630896.00000000,3.83000000,1.83000000,4.54000000,0.53000000,美的集团
2020-06-09,000333,253.70000000,254.11000000,257.00000000,252.69000000,240135,1463794176.00000000,1.71000000,0.74000000,1.87000000,0.35000000,美的集团
2020-06-10,000333,255.69000000,252.84000000,256.18000000,252.31000000,190148,1153412208.00000000,1.52000000,-0.50000000,-1.27000000,0.28000000,美的集团
2020-06-11,000333,252.95000000,250.36000000,253.93000000,248.26000000,201377,1204181856.00000000,2.24000000,-0.98000000,-2.48000000,0.29000000,美的集团
2020-06-12,000333,246.76000000,251.56000000,251.64000000,246.01000000,185190,1097620784.00000000,2.25000000,0.48000000,1.20000000,0.27000000,美的集团
2020-06-15,000333,248.23000000,244.14000000,249.50000000,244.14000000,320004,1872474032.00000000,2.13000000,-2.95000000,-7.42000000,0.47000000,美的集团
2020-06-16,000333,246.73000000,247.89000000,249.01000000,246.35000000,183088,1077626688.00000000,1.09000000,1.54000000,3.75000000,0.27000000,美的集团
2020-06-17,000333,247.18000000,243.76000000,247.44000000,242.83000000,221283,1285597248.00000000,1.86000000,-1.67000000,-4.13000000,0.32000000,美的集团
2020-06-18,000333,243.58000000,243.58000000,244.10000000,240.99000000,267225,1537168000.00000000,1.28000000,-0.07000000,-0.18000000,0.39000000,美的集团
2020-06-19,000333,243.58000000,250.78000000,251.56000000,243.58000000,324280,1923447888.00000000,3.28000000,2.96000000,7.20000000,0.47000000,美的集团
2020-06-22,000333,250.14000000,248.23000000,251.45000000,247.59000000,219797,1306914544.00000000,1.54000000,-1.02000000,-2.55000000,0.32000000,美的集团
2020-06-23,000333,247.36000000,247.89000000,249.61000000,245.94000000,181146,1068928528.00000000,1.48000000,-0.14000000,-0.34000000,0.26000000,美的集团
2020-06-24,000333,248.64000000,250.51000000,252.31000000,248.23000000,200320,1194505232.00000000,1.65000000,1.06000000,2.62000000,0.29000000,美的集团
2020-06-29,000333,250.51000000,251.45000000,251.64000000,246.80000000,261061,1557837552.00000000,1.93000000,0.38000000,0.94000000,0.38000000,美的集团
2020-06-30,000333,251.64000000,250.85000000,255.39000000,249.76000000,261252,1577689216.00000000,2.24000000,-0.24000000,-0.60000000,0.38000000,美的集团
2020-07-01,000333,250.51000000,260.79000000,260.98000000,247.59000000,442610,2719438560.00000000,5.34000000,3.96000000,9.94000000,0.65000000,美的集团
2020-07-02,000333,258.43000000,262.70000000,264.46000000,257.68000000,435262,2715825424.00000000,2.60000000,0.73000000,1.91000000,0.63000000,美的集团
2020-07-03,000333,263.26000000,260.60000000,266.45000000,258.50000000,340798,2137708208.00000000,3.03000000,-0.80000000,-2.10000000,0.50000000,美的集团
2020-07-06,000333,262.18000000,266.75000000,270.35000000,261.05000000,599258,3811821936.00000000,3.57000000,2.36000000,6.15000000,0.87000000,美的集团
2020-07-07,000333,267.16000000,268.06000000,279.95000000,267.01000000,490390,3224341184.00000000,4.85000000,0.49000000,1.31000000,0.72000000,美的集团
2020-07-08,000333,267.76000000,266.56000000,271.51000000,263.86000000,284820,1818108352.00000000,2.85000000,-0.56000000,-1.50000000,0.42000000,美的集团
2020-07-09,000333,266.64000000,270.31000000,270.39000000,262.89000000,312281,1993727712.00000000,2.81000000,1.41000000,3.75000000,0.46000000,美的集团
2020-07-10,000333,268.51000000,264.39000000,268.59000000,263.64000000,273297,1741014720.00000000,1.83000000,-2.19000000,-5.92000000,0.40000000,美的集团
2020-07-13,000333,262.59000000,263.83000000,267.01000000,262.29000000,344679,2186339088.00000000,1.79000000,-0.21000000,-0.56000000,0.50000000,美的集团
2020-07-14,000333,266.11000000,258.54000000,266.15000000,256.10000000,382960,2377225472.00000000,3.81000000,-2.01000000,-5.29000000,0.56000000,美的集团
2020-07-15,000333,258.73000000,262.81000000,266.64000000,258.58000000,436949,2750957936.00000000,3.12000000,1.65000000,4.27000000,0.64000000,美的集团
2020-07-16,000333,262.89000000,255.91000000,268.48000000,255.73000000,369589,2326871248.00000000,4.85000000,-2.63000000,-6.90000000,0.54000000,美的集团
2020-07-17,000333,254.64000000,266.26000000,268.21000000,254.34000000,360876,2269485712.00000000,5.42000000,4.04000000,10.35000000,0.53000000,美的集团
2020-07-20,000333,266.26000000,279.31000000,280.44000000,263.94000000,600694,3970335088.00000000,6.20000000,4.90000000,13.05000000,0.88000000,美的集团
2020-07-21,000333,277.89000000,279.20000000,281.34000000,274.40000000,328747,2206459248.00000000,2.48000000,-0.04000000,-0.11000000,0.48000000,美的集团
2020-07-22,000333,277.14000000,279.20000000,281.56000000,275.30000000,303898,2045490784.00000000,2.24000000,0.00000000,0.00000000,0.44000000,美的集团
2020-07-23,000333,276.01000000,289.85000000,290.90000000,275.49000000,487159,3361999488.00000000,5.52000000,3.81000000,10.65000000,0.71000000,美的集团
2020-07-24,000333,286.03000000,276.01000000,289.70000000,274.14000000,409256,2781427888.00000000,5.37000000,-4.77000000,-13.84000000,0.60000000,美的集团
2020-07-27,000333,280.18000000,278.56000000,280.89000000,269.64000000,273029,1806012288.00000000,4.08000000,0.92000000,2.55000000,0.40000000,美的集团
2020-07-28,000333,278.56000000,278.30000000,283.66000000,276.46000000,234103,1580820576.00000000,2.58000000,-0.09000000,-0.26000000,0.34000000,美的集团
2020-07-29,000333,279.20000000,295.25000000,296.64000000,279.20000000,460542,3268094880.00000000,6.27000000,6.09000000,16.95000000,0.67000000,美的集团
2020-07-30,000333,295.14000000,292.78000000,297.76000000,290.08000000,194808,1385613248.00000000,2.60000000,-0.84000000,-2.47000000,0.28000000,美的集团
2020-07-31,000333,291.31000000,295.70000000,303.20000000,289.40000000,293575,2117686416.00000000,4.71000000,1.00000000,2.92000000,0.43000000,美的集团
2020-08-03,000333,296.64000000,298.48000000,306.91000000,295.93000000,343310,2510509104.00000000,3.71000000,0.94000000,2.78000000,0.50000000,美的集团
2020-08-04,000333,296.64000000,296.83000000,297.69000000,290.38000000,292271,2081709104.00000000,2.45000000,-0.55000000,-1.65000000,0.43000000,美的集团
2020-08-05,000333,292.89000000,294.39000000,298.14000000,292.14000000,191118,1362330032.00000000,2.02000000,-0.82000000,-2.44000000,0.28000000,美的集团
2020-08-06,000333,292.89000000,291.39000000,295.89000000,289.29000000,218735,1545541040.00000000,2.24000000,-1.02000000,-3.00000000,0.32000000,美的集团
2020-08-07,000333,290.56000000,291.20000000,293.30000000,284.83000000,254144,1782876112.00000000,2.91000000,-0.07000000,-0.19000000,0.37000000,美的集团
2020-08-10,000333,289.89000000,296.64000000,298.14000000,286.51000000,241055,1710556592.00000000,3.99000000,1.87000000,5.44000000,0.35000000,美的集团
2020-08-11,000333,297.20000000,294.01000000,302.23000000,293.56000000,205681,1492137504.00000000,2.92000000,-0.89000000,-2.63000000,0.30000000,美的集团
2020-08-12,000333,291.61000000,287.86000000,295.18000000,286.03000000,289738,2027499312.00000000,3.11000000,-2.09000000,-6.15000000,0.42000000,美的集团
2020-08-13,000333,288.43000000,289.18000000,293.19000000,288.31000000,130645,917532048.00000000,1.70000000,0.46000000,1.32000000,0.19000000,美的集团
2020-08-14,000333,289.14000000,296.79000000,296.90000000,288.13000000,161197,1148282704.00000000,3.03000000,2.63000000,7.61000000,0.24000000,美的集团
2020-08-17,000333,298.14000000,297.13000000,303.39000000,294.39000000,245172,1785517680.00000000,3.03000000,0.11000000,0.34000000,0.36000000,美的集团
2020-08-18,000333,297.16000000,295.89000000,299.41000000,293.11000000,193015,1382264208.00000000,2.12000000,-0.42000000,-1.24000000,0.28000000,美的集团
2020-08-19,000333,295.51000000,289.59000000,297.76000000,289.14000000,253273,1791352688.00000000,2.91000000,-2.13000000,-6.30000000,0.37000000,美的集团
2020-08-20,000333,288.39000000,285.54000000,289.48000000,284.08000000,219076,1513934320.00000000,1.86000000,-1.40000000,-4.05000000,0.32000000,美的集团
2020-08-21,000333,285.95000000,286.81000000,288.69000000,284.83000000,126456,876813904.00000000,1.35000000,0.44000000,1.27000000,0.18000000,美的集团
2020-08-24,000333,286.51000000,290.53000000,290.60000000,285.99000000,174279,1215646640.00000000,1.61000000,1.30000000,3.72000000,0.25000000,美的集团
2020-08-25,000333,290.45000000,289.06000000,290.64000000,287.41000000,179318,1254921568.00000000,1.11000000,-0.51000000,-1.47000000,0.26000000,美的集团
2020-08-26,000333,289.06000000,286.48000000,294.39000000,284.08000000,237702,1661357456.00000000,3.57000000,-0.89000000,-2.58000000,0.35000000,美的集团
2020-08-27,000333,286.51000000,281.60000000,288.58000000,278.23000000,342932,2327750656.00000000,3.61000000,-1.70000000,-4.88000000,0.50000000,美的集团
2020-08-28,000333,279.39000000,290.19000000,291.09000000,278.26000000,323186,2228514544.00000000,4.56000000,3.05000000,8.59000000,0.47000000,美的集团
2020-08-31,000333,293.00000000,291.16000000,302.23000000,291.13000000,258683,1852443296.00000000,3.83000000,0.33000000,0.97000000,0.38000000,美的集团
2020-09-01,000333,291.24000000,295.51000000,297.46000000,291.20000000,205477,1468837504.00000000,2.15000000,1.49000000,4.35000000,0.30000000,美的集团
2020-09-02,000333,296.64000000,292.63000000,298.48000000,290.56000000,183108,1304982304.00000000,2.68000000,-0.97000000,-2.88000000,0.27000000,美的集团
2020-09-03,000333,292.89000000,292.63000000,300.31000000,291.84000000,325309,2340687056.00000000,2.89000000,0.00000000,0.00000000,0.48000000,美的集团
2020-09-04,000333,287.26000000,284.60000000,288.69000000,282.39000000,359336,2474691328.00000000,2.15000000,-2.74000000,-8.03000000,0.53000000,美的集团
2020-09-07,000333,282.01000000,276.76000000,284.15000000,275.98000000,442226,2971282416.00000000,2.87000000,-2.75000000,-7.84000000,0.65000000,美的集团
2020-09-08,000333,276.76000000,277.44000000,277.89000000,272.79000000,263509,1747654432.00000000,1.84000000,0.25000000,0.68000000,0.39000000,美的集团
2020-09-09,000333,274.14000000,269.86000000,276.31000000,269.38000000,284542,1861646752.00000000,2.50000000,-2.73000000,-7.58000000,0.42000000,美的集团
2020-09-10,000333,272.30000000,273.76000000,274.93000000,270.05000000,210302,1381763376.00000000,1.81000000,1.45000000,3.90000000,0.31000000,美的集团
2020-09-11,000333,272.26000000,274.81000000,277.14000000,268.81000000,215127,1421649984.00000000,3.04000000,0.38000000,1.05000000,0.31000000,美的集团
2020-09-14,000333,275.19000000,281.64000000,282.58000000,274.89000000,217393,1469293456.00000000,2.80000000,2.49000000,6.83000000,0.32000000,美的集团
2020-09-15,000333,283.59000000,290.71000000,292.03000000,283.36000000,290016,2033590880.00000000,3.08000000,3.22000000,9.07000000,0.42000000,美的集团
2020-09-16,000333,290.23000000,287.86000000,296.56000000,286.14000000,291213,2060063616.00000000,3.58000000,-0.98000000,-2.85000000,0.43000000,美的集团
2020-09-17,000333,288.39000000,291.39000000,292.89000000,286.55000000,274435,1932446432.00000000,2.20000000,1.23000000,3.53000000,0.40000000,美的集团
2020-09-18,000333,293.34000000,290.19000000,294.13000000,289.29000000,217515,1538451552.00000000,1.66000000,-0.41000000,-1.20000000,0.32000000,美的集团
2020-09-21,000333,290.08000000,289.25000000,293.49000000,286.93000000,165610,1164163888.00000000,2.26000000,-0.32000000,-0.94000000,0.24000000,美的集团
2020-09-22,000333,287.26000000,288.73000000,291.24000000,287.11000000,139967,978793360.00000000,1.43000000,-0.18000000,-0.52000000,0.20000000,美的集团
2020-09-23,000333,289.18000000,293.15000000,294.24000000,287.19000000,171445,1211864656.00000000,2.44000000,1.53000000,4.42000000,0.25000000,美的集团
2020-09-24,000333,291.24000000,290.86000000,292.70000000,287.90000000,200758,1410207328.00000000,1.64000000,-0.78000000,-2.29000000,0.29000000,美的集团
2020-09-25,000333,291.58000000,290.26000000,295.78000000,289.44000000,120815,855869344.00000000,2.18000000,-0.21000000,-0.60000000,0.18000000,美的集团
2020-09-28,000333,290.26000000,292.51000000,294.76000000,288.99000000,173937,1235538592.00000000,1.99000000,0.78000000,2.25000000,0.25000000,美的集团
2020-09-29,000333,292.89000000,298.33000000,300.01000000,292.89000000,233914,1692268560.00000000,2.43000000,1.99000000,5.82000000,0.34000000,美的集团
2020-09-30,000333,300.01000000,298.89000000,302.75000000,297.69000000,221337,1618394624.00000000,1.70000000,0.19000000,0.56000000,0.32000000,美的集团
2020-10-09,000333,300.61000000,301.85000000,304.74000000,300.43000000,251587,1853607136.00000000,1.44000000,0.99000000,2.96000000,0.37000000,美的集团
2020-10-12,000333,298.89000000,304.06000000,304.06000000,297.76000000,263256,1930035648.00000000,2.09000000,0.73000000,2.21000000,0.38000000,美的集团
2020-10-13,000333,304.06000000,311.23000000,311.45000000,302.04000000,255775,1920061024.00000000,3.09000000,2.36000000,7.17000000,0.37000000,美的集团
2020-10-14,000333,308.26000000,308.83000000,313.40000000,307.14000000,196134,1478023728.00000000,2.01000000,-0.77000000,-2.40000000,0.29000000,美的集团
2020-10-15,000333,308.00000000,312.01000000,315.24000000,307.06000000,192110,1462783200.00000000,2.65000000,1.03000000,3.18000000,0.28000000,美的集团
2020-10-16,000333,310.51000000,307.14000000,313.06000000,306.76000000,145917,1096650304.00000000,2.02000000,-1.56000000,-4.87000000,0.21000000,美的集团
2020-10-19,000333,307.21000000,307.89000000,315.95000000,306.05000000,177792,1345916768.00000000,3.22000000,0.24000000,0.75000000,0.26000000,美的集团
2020-10-20,000333,306.05000000,312.76000000,315.31000000,306.05000000,154354,1175374816.00000000,3.01000000,1.58000000,4.87000000,0.23000000,美的集团
2020-10-21,000333,311.19000000,317.26000000,319.33000000,311.19000000,213889,1651445120.00000000,2.60000000,1.44000000,4.50000000,0.31000000,美的集团
2020-10-22,000333,316.51000000,320.64000000,321.24000000,312.39000000,156502,1213225344.00000000,2.79000000,1.07000000,3.38000000,0.23000000,美的集团
2020-10-23,000333,318.20000000,308.30000000,320.08000000,308.26000000,181233,1388457536.00000000,3.69000000,-3.85000000,-12.34000000,0.26000000,美的集团
2020-10-26,000333,307.81000000,314.11000000,314.64000000,302.64000000,165905,1253614096.00000000,3.89000000,1.88000000,5.81000000,0.24000000,美的集团
2020-10-27,000333,312.01000000,310.55000000,314.60000000,309.35000000,156921,1194229488.00000000,1.67000000,-1.13000000,-3.56000000,0.23000000,美的集团
2020-10-28,000333,310.74000000,314.30000000,317.26000000,310.25000000,187216,1439052208.00000000,2.26000000,1.21000000,3.75000000,0.27000000,美的集团
2020-10-29,000333,311.64000000,331.06000000,333.73000000,310.89000000,377794,3012418000.00000000,7.27000000,5.33000000,16.76000000,0.55000000,美的集团
2020-10-30,000333,334.33000000,318.65000000,336.01000000,317.45000000,328417,2596624768.00000000,5.61000000,-3.75000000,-12.41000000,0.48000000,美的集团
2020-11-02,000333,322.93000000,339.39000000,345.39000000,322.89000000,522253,4312907520.00000000,7.06000000,6.51000000,20.74000000,0.76000000,美的集团
2020-11-03,000333,339.43000000,336.20000000,339.58000000,330.01000000,351575,2886059072.00000000,2.82000000,-0.94000000,-3.19000000,0.51000000,美的集团
2020-11-04,000333,336.39000000,347.86000000,352.44000000,334.89000000,389583,3330212464.00000000,5.22000000,3.47000000,11.66000000,0.57000000,美的集团
2020-11-05,000333,349.33000000,349.55000000,358.51000000,345.54000000,356240,3083809648.00000000,3.73000000,0.49000000,1.69000000,0.52000000,美的集团
2020-11-06,000333,349.63000000,364.66000000,369.01000000,345.88000000,468036,4177205856.00000000,6.62000000,4.32000000,15.11000000,0.68000000,美的集团
2020-11-09,000333,365.86000000,366.84000000,380.86000000,362.00000000,470786,4296715776.00000000,5.17000000,0.60000000,2.18000000,0.69000000,美的集团
2020-11-10,000333,363.01000000,362.86000000,363.09000000,351.05000000,352383,3113825056.00000000,3.28000000,-1.08000000,-3.98000000,0.51000000,美的集团
2020-11-11,000333,357.39000000,357.01000000,363.28000000,351.69000000,341980,3021631440.00000000,3.19000000,-1.61000000,-5.85000000,0.50000000,美的集团
2020-11-12,000333,366.01000000,366.39000000,367.10000000,357.50000000,282238,2536913936.00000000,2.69000000,2.63000000,9.38000000,0.41000000,美的集团
2020-11-13,000333,365.26000000,366.09000000,366.24000000,359.60000000,216052,1936924432.00000000,1.81000000,-0.08000000,-0.30000000,0.32000000,美的集团
2020-11-16,000333,369.76000000,361.74000000,370.89000000,353.11000000,372724,3320826096.00000000,4.86000000,-1.19000000,-4.35000000,0.54000000,美的集团
2020-11-17,000333,363.39000000,363.84000000,369.76000000,361.78000000,289689,2613751008.00000000,2.21000000,0.58000000,2.10000000,0.42000000,美的集团
2020-11-18,000333,364.29000000,361.48000000,369.95000000,357.20000000,229527,2060518096.00000000,3.50000000,-0.65000000,-2.36000000,0.34000000,美的集团
2020-11-19,000333,364.14000000,379.14000000,384.09000000,362.30000000,413156,3844141232.00000000,6.03000000,4.89000000,17.66000000,0.60000000,美的集团
2020-11-20,000333,379.63000000,370.10000000,382.10000000,369.61000000,461606,4276105440.00000000,3.29000000,-2.38000000,-9.04000000,0.67000000,美的集团
2020-11-23,000333,366.01000000,377.15000000,377.94000000,361.96000000,456914,4209477920.00000000,4.32000000,1.90000000,7.05000000,0.67000000,美的集团
2020-11-24,000333,376.96000000,366.58000000,377.08000000,360.43000000,399669,3622773264.00000000,4.41000000,-2.80000000,-10.57000000,0.58000000,美的集团
2020-11-25,000333,366.58000000,362.49000000,369.35000000,359.83000000,291595,2615178240.00000000,2.60000000,-1.12000000,-4.09000000,0.43000000,美的集团
2020-11-26,000333,360.39000000,352.96000000,362.49000000,349.18000000,475096,4132461360.00000000,3.67000000,-2.63000000,-9.53000000,0.69000000,美的集团
2020-11-27,000333,354.61000000,355.89000000,359.86000000,351.16000000,230373,2020721664.00000000,2.46000000,0.83000000,2.93000000,0.34000000,美的集团
2020-11-30,000333,354.05000000,352.33000000,358.51000000,350.11000000,299269,2612282352.00000000,2.36000000,-1.00000000,-3.56000000,0.44000000,美的集团
2020-12-01,000333,350.08000000,356.34000000,356.64000000,350.08000000,236925,2071081952.00000000,1.86000000,1.14000000,4.01000000,0.35000000,美的集团
2020-12-02,000333,360.39000000,363.80000000,366.35000000,358.66000000,366072,3286902400.00000000,2.16000000,2.09000000,7.46000000,0.53000000,美的集团
2020-12-03,000333,363.35000000,362.64000000,364.44000000,357.43000000,255520,2276665600.00000000,1.93000000,-0.32000000,-1.16000000,0.37000000,美的集团
2020-12-04,000333,359.71000000,357.99000000,360.61000000,353.53000000,327226,2876036672.00000000,1.95000000,-1.28000000,-4.65000000,0.48000000,美的集团
2020-12-07,000333,359.94000000,356.86000000,360.39000000,354.84000000,202285,1786091232.00000000,1.55000000,-0.32000000,-1.13000000,0.30000000,美的集团
2020-12-08,000333,354.84000000,351.76000000,357.13000000,347.08000000,366900,3164772032.00000000,2.82000000,-1.43000000,-5.10000000,0.54000000,美的集团
2020-12-09,000333,349.18000000,339.99000000,351.46000000,339.76000000,461126,3893407712.00000000,3.33000000,-3.35000000,-11.77000000,0.67000000,美的集团
2020-12-10,000333,339.76000000,345.76000000,347.08000000,339.76000000,253001,2144184256.00000000,2.15000000,1.70000000,5.77000000,0.37000000,美的集团
2020-12-11,000333,348.76000000,341.64000000,348.76000000,339.43000000,225061,1901113984.00000000,2.70000000,-1.19000000,-4.12000000,0.33000000,美的集团
2020-12-14,000333,348.69000000,343.29000000,349.14000000,339.13000000,262470,2213586000.00000000,2.93000000,0.48000000,1.65000000,0.38000000,美的集团
2020-12-15,000333,345.09000000,348.13000000,350.64000000,339.39000000,328120,2794791696.00000000,3.28000000,1.41000000,4.84000000,0.48000000,美的集团
2020-12-16,000333,349.55000000,357.01000000,360.65000000,348.88000000,413021,3638872832.00000000,3.38000000,2.55000000,8.88000000,0.60000000,美的集团
2020-12-17,000333,359.26000000,362.90000000,367.06000000,358.33000000,316461,2841397968.00000000,2.45000000,1.65000000,5.89000000,0.46000000,美的集团
2020-12-18,000333,360.80000000,361.51000000,364.10000000,357.84000000,274777,2446471120.00000000,1.72000000,-0.38000000,-1.39000000,0.40000000,美的集团
2020-12-21,000333,363.09000000,359.68000000,363.09000000,353.04000000,283689,2499704928.00000000,2.78000000,-0.51000000,-1.83000000,0.41000000,美的集团
2020-12-22,000333,357.88000000,363.20000000,367.06000000,354.46000000,310715,2775989184.00000000,3.50000000,0.98000000,3.52000000,0.45000000,美的集团
2020-12-23,000333,364.06000000,371.64000000,377.26000000,362.38000000,390547,3606420448.00000000,4.10000000,2.32000000,8.44000000,0.57000000,美的集团
2020-12-24,000333,371.64000000,374.98000000,374.98000000,366.20000000,197783,1823517280.00000000,2.36000000,0.90000000,3.34000000,0.29000000,美的集团
2020-12-25,000333,374.15000000,377.56000000,379.96000000,369.76000000,217072,2025214064.00000000,2.72000000,0.69000000,2.58000000,0.32000000,美的集团
2020-12-28,000333,377.19000000,385.89000000,391.70000000,376.93000000,394786,3781019568.00000000,3.91000000,2.21000000,8.33000000,0.58000000,美的集团
2020-12-29,000333,385.74000000,383.60000000,385.85000000,378.24000000,216552,2053512080.00000000,1.97000000,-0.59000000,-2.29000000,0.32000000,美的集团
2020-12-30,000333,384.76000000,386.56000000,388.89000000,379.93000000,231644,2212516048.00000000,2.34000000,0.77000000,2.96000000,0.34000000,美的集团
2020-12-31,000333,386.64000000,395.79000000,397.81000000,386.56000000,268672,2633031808.00000000,2.91000000,2.39000000,9.23000000,0.39000000,美的集团
2021-01-04,000333,397.51000000,397.93000000,408.95000000,394.25000000,338827,3379358336.00000000,3.71000000,0.54000000,2.14000000,0.49000000,美的集团
2021-01-05,000333,394.40000000,407.41000000,408.91000000,390.39000000,351148,3515823440.00000000,4.65000000,2.38000000,9.48000000,0.51000000,美的集团
2021-01-06,000333,412.89000000,405.24000000,419.64000000,400.33000000,360203,3662399232.00000000,4.74000000,-0.53000000,-2.17000000,0.52000000,美的集团
2021-01-07,000333,409.14000000,419.71000000,422.90000000,406.14000000,451401,4687111424.00000000,4.14000000,3.57000000,14.47000000,0.66000000,美的集团
2021-01-08,000333,416.64000000,412.93000000,419.26000000,406.33000000,330690,3409516336.00000000,3.08000000,-1.62000000,-6.78000000,0.48000000,美的集团
2021-01-11,000333,413.64000000,405.39000000,417.88000000,401.64000000,341892,3506431344.00000000,3.93000000,-1.83000000,-7.54000000,0.50000000,美的集团
2021-01-12,000333,402.80000000,417.01000000,417.69000000,402.80000000,355296,3670971680.00000000,3.67000000,2.87000000,11.62000000,0.52000000,美的集团
2021-01-13,000333,420.39000000,414.16000000,423.05000000,409.29000000,343487,3560584736.00000000,3.30000000,-0.68000000,-2.85000000,0.50000000,美的集团
2021-01-14,000333,415.14000000,400.14000000,418.10000000,399.35000000,373815,3780641248.00000000,4.53000000,-3.39000000,-14.02000000,0.54000000,美的集团
2021-01-15,000333,398.00000000,400.48000000,402.28000000,389.56000000,357438,3524028272.00000000,3.18000000,0.08000000,0.34000000,0.52000000,美的集团
2021-01-18,000333,399.35000000,398.34000000,402.69000000,392.30000000,286772,2849767536.00000000,2.59000000,-0.53000000,-2.14000000,0.42000000,美的集团
2021-01-19,000333,400.48000000,382.33000000,402.05000000,380.94000000,423078,4087923632.00000000,5.30000000,-4.02000000,-16.01000000,0.62000000,美的集团
2021-01-20,000333,386.64000000,387.69000000,394.59000000,384.76000000,322023,3113133920.00000000,2.57000000,1.40000000,5.36000000,0.47000000,美的集团
2021-01-21,000333,391.29000000,402.01000000,405.39000000,390.35000000,409302,4074982800.00000000,3.88000000,3.69000000,14.32000000,0.60000000,美的集团
2021-01-22,000333,401.64000000,403.78000000,407.38000000,394.48000000,307756,3069095088.00000000,3.21000000,0.44000000,1.77000000,0.45000000,美的集团
2021-01-25,000333,405.39000000,409.06000000,412.40000000,396.76000000,377360,3802697808.00000000,3.87000000,1.31000000,5.28000000,0.55000000,美的集团
2021-01-26,000333,405.39000000,393.91000000,405.39000000,390.76000000,407670,4006657952.00000000,3.58000000,-3.70000000,-15.15000000,0.59000000,美的集团
2021-01-27,000333,390.73000000,393.95000000,401.04000000,388.06000000,283269,2781047168.00000000,3.30000000,0.01000000,0.04000000,0.41000000,美的集团
2021-01-28,000333,388.63000000,383.49000000,390.35000000,381.01000000,310572,2959282880.00000000,2.37000000,-2.66000000,-10.46000000,0.45000000,美的集团
2021-01-29,000333,384.20000000,387.88000000,393.35000000,377.94000000,372465,3576339184.00000000,4.02000000,1.14000000,4.39000000,0.54000000,美的集团
2021-02-01,000333,387.88000000,394.89000000,396.05000000,381.61000000,286063,2784442672.00000000,3.72000000,1.81000000,7.01000000,0.42000000,美的集团
2021-02-02,000333,391.89000000,396.31000000,402.39000000,391.89000000,315444,3125263984.00000000,2.66000000,0.36000000,1.42000000,0.46000000,美的集团
2021-02-03,000333,399.76000000,392.79000000,403.14000000,387.39000000,323955,3178416768.00000000,3.97000000,-0.89000000,-3.52000000,0.47000000,美的集团
2021-02-04,000333,387.73000000,388.14000000,392.60000000,383.75000000,364864,3514921392.00000000,2.25000000,-1.18000000,-4.65000000,0.53000000,美的集团
2021-02-05,000333,390.31000000,391.33000000,395.53000000,382.89000000,372624,3600456016.00000000,3.26000000,0.82000000,3.19000000,0.54000000,美的集团
2021-02-08,000333,391.36000000,389.11000000,392.26000000,380.64000000,377436,3614401920.00000000,2.97000000,-0.57000000,-2.22000000,0.55000000,美的集团
2021-02-09,000333,392.60000000,408.76000000,408.76000000,389.98000000,537122,5347054592.00000000,4.83000000,5.05000000,19.65000000,0.78000000,美的集团
2021-02-10,000333,412.59000000,428.30000000,431.64000000,407.26000000,536799,5641813760.00000000,5.96000000,4.78000000,19.54000000,0.78000000,美的集团
2021-02-18,000333,428.34000000,395.26000000,429.24000000,390.39000000,940429,9433652480.00000000,9.07000000,-7.71000000,-33.04000000,1.37000000,美的集团
2021-02-19,000333,382.93000000,394.10000000,395.38000000,382.93000000,693877,6722204928.00000000,3.15000000,-0.29000000,-1.16000000,1.01000000,美的集团
2021-02-22,000333,391.44000000,365.79000000,391.44000000,365.56000000,903986,8324148736.00000000,6.57000000,-7.18000000,-28.31000000,1.32000000,美的集团
2021-02-23,000333,360.58000000,367.66000000,371.64000000,359.75000000,604755,5494666752.00000000,3.25000000,0.51000000,1.87000000,0.88000000,美的集团
2021-02-24,000333,387.01000000,382.96000000,396.39000000,375.84000000,1003546,9587929088.00000000,5.59000000,4.16000000,15.30000000,1.46000000,美的集团
2021-02-25,000333,382.51000000,378.91000000,385.85000000,372.01000000,416370,3934052800.00000000,3.61000000,-1.06000000,-4.05000000,0.61000000,美的集团
2021-02-26,000333,371.64000000,375.69000000,380.98000000,367.96000000,601123,5569084672.00000000,3.44000000,-0.85000000,-3.22000000,0.87000000,美的集团
2021-03-01,000333,376.89000000,376.63000000,384.01000000,371.00000000,370844,3475175712.00000000,3.46000000,0.25000000,0.94000000,0.54000000,美的集团
2021-03-02,000333,382.40000000,377.34000000,386.04000000,374.26000000,473398,4469317376.00000000,3.13000000,0.19000000,0.71000000,0.69000000,美的集团
2021-03-03,000333,374.38000000,377.23000000,378.09000000,369.76000000,330592,3072269136.00000000,2.21000000,-0.03000000,-0.11000000,0.48000000,美的集团
2021-03-04,000333,372.46000000,363.76000000,373.81000000,362.04000000,446348,4041856224.00000000,3.12000000,-3.57000000,-13.47000000,0.65000000,美的集团
2021-03-05,000333,355.03000000,362.26000000,365.15000000,349.25000000,409487,3626107488.00000000,4.37000000,-0.41000000,-1.50000000,0.60000000,美的集团
2021-03-08,000333,358.51000000,347.26000000,363.05000000,347.04000000,488293,4260904992.00000000,4.42000000,-4.14000000,-15.00000000,0.71000000,美的集团
2021-03-09,000333,344.08000000,334.10000000,345.01000000,333.01000000,568963,4741767424.00000000,3.46000000,-3.79000000,-13.16000000,0.83000000,美的集团
2021-03-10,000333,341.64000000,340.36000000,344.11000000,334.33000000,473168,3942944032.00000000,2.93000000,1.87000000,6.26000000,0.69000000,美的集团
2021-03-11,000333,343.81000000,348.95000000,351.01000000,339.76000000,408116,3495579072.00000000,3.31000000,2.52000000,8.59000000,0.59000000,美的集团
2021-03-12,000333,349.03000000,348.99000000,356.75000000,346.18000000,323645,2806048368.00000000,3.03000000,0.01000000,0.04000000,0.47000000,美的集团
2021-03-15,000333,344.68000000,335.26000000,344.79000000,330.39000000,490514,4035896112.00000000,4.13000000,-3.93000000,-13.73000000,0.71000000,美的集团
2021-03-16,000333,335.68000000,336.31000000,338.00000000,332.45000000,349261,2877253728.00000000,1.66000000,0.31000000,1.05000000,0.51000000,美的集团
2021-03-17,000333,334.18000000,341.90000000,342.69000000,331.74000000,370952,3081574544.00000000,3.26000000,1.66000000,5.59000000,0.54000000,美的集团
2021-03-18,000333,345.31000000,351.80000000,352.89000000,344.64000000,347036,2986372288.00000000,2.41000000,2.90000000,9.90000000,0.50000000,美的集团
2021-03-19,000333,345.39000000,346.55000000,351.39000000,343.10000000,305292,2610073936.00000000,2.36000000,-1.49000000,-5.25000000,0.44000000,美的集团
2021-03-22,000333,345.35000000,339.31000000,347.38000000,335.26000000,314093,2620969360.00000000,3.50000000,-2.09000000,-7.24000000,0.46000000,美的集团
2021-03-23,000333,339.31000000,332.15000000,339.54000000,330.65000000,369696,3027477696.00000000,2.62000000,-2.11000000,-7.16000000,0.54000000,美的集团
2021-03-24,000333,332.26000000,332.94000000,335.94000000,331.36000000,235368,1923709264.00000000,1.38000000,0.24000000,0.79000000,0.34000000,美的集团
2021-03-25,000333,330.65000000,329.19000000,332.26000000,324.01000000,247525,1990607888.00000000,2.48000000,-1.13000000,-3.75000000,0.36000000,美的集团
2021-03-26,000333,330.76000000,334.18000000,336.01000000,326.49000000,310830,2533340704.00000000,2.89000000,1.52000000,4.99000000,0.45000000,美的集团
2021-03-29,000333,333.99000000,332.15000000,335.90000000,330.39000000,294535,2406536464.00000000,1.65000000,-0.61000000,-2.03000000,0.43000000,美的集团
2021-03-30,000333,333.61000000,335.90000000,339.73000000,330.80000000,351972,2898062096.00000000,2.69000000,1.13000000,3.75000000,0.51000000,美的集团
2021-03-31,000333,337.14000000,335.00000000,337.81000000,331.33000000,273525,2245618464.00000000,1.93000000,-0.27000000,-0.90000000,0.40000000,美的集团
2021-04-01,000333,334.14000000,347.00000000,348.69000000,333.39000000,352045,2987621056.00000000,4.57000000,3.58000000,12.00000000,0.51000000,美的集团
2021-04-02,000333,347.26000000,353.30000000,358.51000000,345.01000000,291525,2546245040.00000000,3.89000000,1.82000000,6.30000000,0.42000000,美的集团
2021-04-06,000333,353.49000000,343.06000000,355.51000000,341.64000000,257668,2190978640.00000000,3.93000000,-2.90000000,-10.24000000,0.37000000,美的集团
2021-04-07,000333,343.06000000,336.84000000,343.48000000,333.69000000,299775,2467818336.00000000,2.85000000,-1.81000000,-6.22000000,0.44000000,美的集团
2021-04-08,000333,336.05000000,336.69000000,337.59000000,333.95000000,182114,1502128960.00000000,1.08000000,-0.04000000,-0.15000000,0.26000000,美的集团
2021-04-09,000333,337.81000000,328.33000000,337.81000000,327.54000000,322386,2610503424.00000000,3.05000000,-2.48000000,-8.36000000,0.47000000,美的集团
2021-04-12,000333,327.76000000,324.01000000,331.36000000,322.89000000,252775,2012933376.00000000,2.58000000,-1.32000000,-4.32000000,0.37000000,美的集团
2021-04-13,000333,322.70000000,321.73000000,325.96000000,319.59000000,213628,1686748576.00000000,1.97000000,-0.70000000,-2.28000000,0.31000000,美的集团
2021-04-14,000333,322.78000000,327.13000000,329.00000000,322.48000000,210692,1685738016.00000000,2.03000000,1.68000000,5.40000000,0.31000000,美的集团
2021-04-15,000333,327.13000000,327.69000000,330.39000000,322.74000000,174453,1393503616.00000000,2.34000000,0.17000000,0.56000000,0.25000000,美的集团
2021-04-16,000333,327.76000000,326.26000000,328.89000000,322.51000000,153478,1222574464.00000000,1.95000000,-0.44000000,-1.43000000,0.22000000,美的集团
2021-04-19,000333,326.64000000,332.90000000,334.55000000,322.89000000,267594,2175802608.00000000,3.57000000,2.04000000,6.64000000,0.39000000,美的集团
2021-04-20,000333,330.69000000,330.31000000,332.26000000,326.75000000,231534,1866628048.00000000,1.66000000,-0.78000000,-2.59000000,0.34000000,美的集团
2021-04-21,000333,326.64000000,325.14000000,328.51000000,324.76000000,251906,2010416384.00000000,1.14000000,-1.57000000,-5.17000000,0.37000000,美的集团
2021-04-22,000333,325.21000000,327.58000000,327.73000000,322.93000000,230969,1841507584.00000000,1.48000000,0.75000000,2.44000000,0.34000000,美的集团
2021-04-23,000333,328.21000000,341.11000000,341.64000000,327.61000000,451416,3741273488.00000000,4.28000000,4.13000000,13.53000000,0.66000000,美的集团
2021-04-26,000333,342.54000000,326.75000000,345.39000000,326.30000000,418029,3424838080.00000000,5.60000000,-4.21000000,-14.36000000,0.61000000,美的集团
2021-04-27,000333,326.53000000,329.34000000,332.75000000,323.64000000,190001,1531692784.00000000,2.79000000,0.79000000,2.59000000,0.28000000,美的集团
2021-04-28,000333,330.39000000,332.45000000,333.01000000,326.94000000,179026,1452688944.00000000,1.84000000,0.94000000,3.11000000,0.26000000,美的集团
2021-04-29,000333,334.36000000,339.50000000,342.58000000,333.65000000,298160,2474034000.00000000,2.69000000,2.12000000,7.05000000,0.43000000,美的集团
2021-04-30,000333,344.26000000,327.28000000,344.26000000,325.89000000,582377,4702118144.00000000,5.41000000,-3.60000000,-12.22000000,0.85000000,美的集团
2021-05-06,000333,320.30000000,317.49000000,325.78000000,317.23000000,491159,3841342544.00000000,2.61000000,-2.99000000,-9.79000000,0.71000000,美的集团
2021-05-07,000333,316.89000000,308.19000000,317.45000000,307.89000000,437295,3308412784.00000000,3.01000000,-2.93000000,-9.30000000,0.64000000,美的集团
2021-05-10,000333,311.00000000,319.14000000,323.64000000,311.00000000,549440,4265793296.00000000,4.10000000,3.55000000,10.95000000,0.80000000,美的集团
2021-05-11,000333,315.99000000,320.41000000,322.89000000,313.85000000,273335,2127125360.00000000,2.83000000,0.40000000,1.27000000,0.40000000,美的集团
2021-05-12,000333,322.51000000,316.40000000,322.51000000,313.33000000,273410,2106351408.00000000,2.87000000,-1.25000000,-4.01000000,0.40000000,美的集团
2021-05-13,000333,312.09000000,308.45000000,313.51000000,307.89000000,329508,2482149424.00000000,1.78000000,-2.51000000,-7.95000000,0.48000000,美的集团
2021-05-14,000333,309.01000000,313.29000000,313.78000000,302.71000000,304811,2297770128.00000000,3.59000000,1.57000000,4.84000000,0.44000000,美的集团
2021-05-17,000333,315.39000000,320.64000000,324.20000000,314.94000000,418092,3276114960.00000000,2.96000000,2.35000000,7.35000000,0.61000000,美的集团
2021-05-18,000333,325.89000000,318.54000000,326.64000000,316.14000000,268555,2106345392.00000000,3.27000000,-0.65000000,-2.10000000,0.39000000,美的集团
2021-05-19,000333,315.58000000,316.63000000,318.24000000,313.51000000,225053,1736145792.00000000,1.48000000,-0.60000000,-1.91000000,0.33000000,美的集团
2021-05-20,000333,322.89000000,329.26000000,329.86000000,317.53000000,735331,5884598528.00000000,3.89000000,3.99000000,12.63000000,1.07000000,美的集团
2021-05-21,000333,330.76000000,332.45000000,338.26000000,329.90000000,502224,4119754976.00000000,2.54000000,0.97000000,3.19000000,0.73000000,美的集团
2021-05-24,000333,336.50000000,334.89000000,337.89000000,330.20000000,360149,2956298656.00000000,2.31000000,0.73000000,2.44000000,0.52000000,美的集团
2021-05-25,000333,337.78000000,338.94000000,342.39000000,335.41000000,417467,3478155184.00000000,2.08000000,1.21000000,4.05000000,0.61000000,美的集团
2021-05-26,000333,341.26000000,342.88000000,345.35000000,335.83000000,360382,3021930592.00000000,2.81000000,1.16000000,3.94000000,0.52000000,美的集团
2021-05-27,000333,345.35000000,341.26000000,345.50000000,339.50000000,296157,2486863200.00000000,1.75000000,-0.47000000,-1.62000000,0.43000000,美的集团
2021-05-28,000333,338.94000000,336.13000000,338.98000000,334.14000000,387415,3196831616.00000000,1.42000000,-1.50000000,-5.13000000,0.56000000,美的集团
2021-05-31,000333,336.76000000,330.39000000,336.76000000,325.66000000,523951,4208270640.00000000,3.30000000,-1.71000000,-5.74000000,0.76000000,美的集团
2021-06-01,000333,330.05000000,327.28000000,330.05000000,324.09000000,473371,3776569520.00000000,1.80000000,-0.94000000,-3.11000000,0.69000000,美的集团
2021-06-02,000333,330.39000000,330.77000000,330.77000000,327.02000000,342847,2706286208.00000000,1.15000000,1.07000000,3.49000000,0.50000000,美的集团
2021-06-03,000333,330.77000000,324.88000000,332.04000000,323.19000000,416690,3262957920.00000000,2.68000000,-1.78000000,-5.89000000,0.61000000,美的集团
2021-06-04,000333,322.93000000,324.13000000,327.02000000,319.63000000,283066,2194930976.00000000,2.27000000,-0.23000000,-0.75000000,0.41000000,美的集团
2021-06-07,000333,324.20000000,320.57000000,324.28000000,318.20000000,277275,2124176464.00000000,1.88000000,-1.10000000,-3.56000000,0.40000000,美的集团
2021-06-08,000333,321.02000000,317.72000000,322.52000000,316.25000000,320893,2446270928.00000000,1.96000000,-0.89000000,-2.85000000,0.47000000,美的集团
2021-06-09,000333,318.65000000,316.10000000,319.97000000,314.64000000,251380,1900479888.00000000,1.68000000,-0.51000000,-1.62000000,0.37000000,美的集团
2021-06-10,000333,316.52000000,315.39000000,317.42000000,313.52000000,320756,2419455648.00000000,1.23000000,-0.22000000,-0.71000000,0.47000000,美的集团
2021-06-11,000333,315.39000000,310.14000000,316.14000000,308.30000000,465214,3444045472.00000000,2.49000000,-1.66000000,-5.25000000,0.68000000,美的集团
2021-06-15,000333,309.65000000,307.29000000,312.02000000,302.64000000,445900,3245305088.00000000,3.02000000,-0.92000000,-2.85000000,0.65000000,美的集团
2021-06-16,000333,309.77000000,313.89000000,314.87000000,307.14000000,449702,3359892672.00000000,2.52000000,2.15000000,6.60000000,0.65000000,美的集团
2021-06-17,000333,314.64000000,308.12000000,315.13000000,307.52000000,299292,2214198272.00000000,2.42000000,-1.84000000,-5.77000000,0.43000000,美的集团
2021-06-18,000333,307.63000000,309.39000000,310.93000000,303.24000000,388179,2831313008.00000000,2.50000000,0.41000000,1.27000000,0.56000000,美的集团
2021-06-21,000333,309.47000000,302.64000000,309.50000000,299.53000000,477386,3450150416.00000000,3.22000000,-2.18000000,-6.75000000,0.69000000,美的集团
2021-06-22,000333,302.27000000,299.94000000,305.94000000,298.44000000,410342,2942649264.00000000,2.48000000,-0.89000000,-2.70000000,0.60000000,美的集团
2021-06-23,000333,299.68000000,307.03000000,307.48000000,297.77000000,434044,3139531920.00000000,3.24000000,2.36000000,7.09000000,0.63000000,美的集团
2021-06-24,000333,312.02000000,307.14000000,312.02000000,305.30000000,287028,2103271904.00000000,2.19000000,0.04000000,0.11000000,0.42000000,美的集团
2021-06-25,000333,308.53000000,307.03000000,309.32000000,304.82000000,412552,3019079360.00000000,1.47000000,-0.04000000,-0.11000000,0.60000000,美的集团
2021-06-28,000333,307.07000000,307.18000000,309.77000000,304.52000000,306846,2240502736.00000000,1.71000000,0.05000000,0.15000000,0.45000000,美的集团
2021-06-29,000333,309.32000000,300.62000000,309.39000000,299.79000000,349799,2518377824.00000000,3.13000000,-2.14000000,-6.56000000,0.51000000,美的集团
2021-06-30,000333,299.27000000,300.28000000,302.27000000,298.33000000,284444,2022265552.00000000,1.31000000,-0.11000000,-0.34000000,0.41000000,美的集团
2021-07-01,000333,300.02000000,307.29000000,307.85000000,297.24000000,446418,3221962176.00000000,3.53000000,2.33000000,7.01000000,0.65000000,美的集团
2021-07-02,000333,305.00000000,299.27000000,305.45000000,297.62000000,403184,2873257072.00000000,2.55000000,-2.61000000,-8.02000000,0.59000000,美的集团
2021-07-05,000333,296.19000000,288.39000000,296.53000000,283.07000000,780811,5309270272.00000000,4.50000000,-3.64000000,-10.88000000,1.13000000,美的集团
2021-07-06,000333,286.37000000,289.93000000,292.70000000,283.18000000,410637,2802133744.00000000,3.30000000,0.53000000,1.54000000,0.60000000,美的集团
2021-07-07,000333,291.20000000,296.60000000,302.45000000,289.93000000,559598,3961973984.00000000,4.32000000,2.30000000,6.67000000,0.81000000,美的集团
2021-07-08,000333,295.14000000,295.14000000,298.10000000,290.87000000,359770,2508845296.00000000,2.44000000,-0.49000000,-1.46000000,0.52000000,美的集团
2021-07-09,000333,293.45000000,292.14000000,297.32000000,290.30000000,290798,2016604912.00000000,2.38000000,-1.02000000,-3.00000000,0.42000000,美的集团
2021-07-12,000333,293.79000000,297.77000000,300.77000000,291.09000000,404955,2860148832.00000000,3.31000000,1.93000000,5.63000000,0.59000000,美的集团
2021-07-13,000333,298.07000000,305.64000000,307.63000000,297.32000000,474532,3430086448.00000000,3.46000000,2.64000000,7.87000000,0.69000000,美的集团
2021-07-14,000333,304.33000000,302.64000000,305.64000000,300.99000000,334055,2405155840.00000000,1.52000000,-0.98000000,-3.00000000,0.48000000,美的集团
2021-07-15,000333,302.64000000,299.53000000,303.95000000,297.43000000,319702,2276242688.00000000,2.15000000,-1.03000000,-3.11000000,0.46000000,美的集团
2021-07-16,000333,300.02000000,294.02000000,300.02000000,290.64000000,456910,3180537680.00000000,3.13000000,-1.84000000,-5.51000000,0.66000000,美的集团
2021-07-19,000333,294.35000000,295.67000000,296.27000000,289.89000000,305612,2124892128.00000000,2.17000000,0.56000000,1.65000000,0.44000000,美的集团
2021-07-20,000333,293.87000000,293.68000000,295.97000000,291.43000000,230948,1603201072.00000000,1.54000000,-0.67000000,-1.99000000,0.34000000,美的集团
2021-07-21,000333,294.09000000,287.60000000,294.84000000,286.93000000,515187,3525935840.00000000,2.69000000,-2.07000000,-6.08000000,0.75000000,美的集团
2021-07-22,000333,287.60000000,288.77000000,294.73000000,283.82000000,428838,2952043808.00000000,3.79000000,0.41000000,1.17000000,0.62000000,美的集团
2021-07-23,000333,288.77000000,283.74000000,290.94000000,282.05000000,424513,2851914800.00000000,3.08000000,-1.74000000,-5.03000000,0.62000000,美的集团
2021-07-26,000333,278.57000000,275.19000000,280.40000000,272.15000000,570129,3709400704.00000000,2.91000000,-3.01000000,-8.55000000,0.83000000,美的集团
2021-07-27,000333,275.15000000,262.89000000,276.32000000,262.89000000,618699,3893777296.00000000,4.88000000,-4.47000000,-12.30000000,0.90000000,美的集团
2021-07-28,000333,262.89000000,269.94000000,271.89000000,261.80000000,477829,2994650496.00000000,3.84000000,2.68000000,7.05000000,0.69000000,美的集团
2021-07-29,000333,274.52000000,270.02000000,274.52000000,267.50000000,392713,2485962576.00000000,2.60000000,0.03000000,0.08000000,0.57000000,美的集团
2021-07-30,000333,269.23000000,270.80000000,272.94000000,264.99000000,419779,2648623984.00000000,2.94000000,0.29000000,0.78000000,0.61000000,美的集团
2021-08-02,000333,270.77000000,280.44000000,282.62000000,267.32000000,544453,3553099536.00000000,5.65000000,3.56000000,9.64000000,0.79000000,美的集团
2021-08-03,000333,278.27000000,298.59000000,303.62000000,277.07000000,899928,6224743168.00000000,9.47000000,6.47000000,18.15000000,1.31000000,美的集团
2021-08-04,000333,296.64000000,295.10000000,301.44000000,294.13000000,426362,3000695824.00000000,2.45000000,-1.17000000,-3.49000000,0.62000000,美的集团
2021-08-05,000333,293.08000000,294.77000000,301.18000000,291.73000000,453383,3201066032.00000000,3.20000000,-0.11000000,-0.33000000,0.66000000,美的集团
2021-08-06,000333,295.14000000,296.45000000,299.08000000,287.83000000,344818,2410494000.00000000,3.82000000,0.57000000,1.68000000,0.50000000,美的集团
2021-08-09,000333,293.64000000,304.40000000,308.27000000,292.78000000,513619,3711851360.00000000,5.23000000,2.68000000,7.95000000,0.75000000,美的集团
2021-08-10,000333,303.02000000,305.83000000,305.83000000,298.25000000,323715,2326129712.00000000,2.49000000,0.47000000,1.43000000,0.47000000,美的集团
2021-08-11,000333,303.92000000,302.38000000,308.45000000,302.15000000,285607,2073013760.00000000,2.06000000,-1.13000000,-3.45000000,0.41000000,美的集团
2021-08-12,000333,300.77000000,298.59000000,304.40000000,297.39000000,305393,2176736608.00000000,2.32000000,-1.25000000,-3.79000000,0.44000000,美的集团
2021-08-13,000333,298.59000000,301.18000000,302.57000000,294.39000000,303013,2153012736.00000000,2.74000000,0.87000000,2.59000000,0.44000000,美的集团
2021-08-16,000333,301.18000000,313.85000000,315.58000000,300.58000000,663056,4925830144.00000000,4.98000000,4.21000000,12.67000000,0.96000000,美的集团
2021-08-17,000333,313.82000000,307.89000000,315.77000000,306.80000000,414103,3078533152.00000000,2.86000000,-1.90000000,-5.96000000,0.60000000,美的集团
2021-08-18,000333,307.85000000,312.02000000,313.89000000,305.27000000,326173,2419424672.00000000,2.80000000,1.34000000,4.13000000,0.47000000,美的集团
2021-08-19,000333,313.74000000,302.42000000,314.94000000,302.15000000,328662,2403024432.00000000,4.10000000,-3.08000000,-9.60000000,0.48000000,美的集团
2021-08-20,000333,298.85000000,302.64000000,304.48000000,294.35000000,301298,2143875728.00000000,3.35000000,0.07000000,0.22000000,0.44000000,美的集团
2021-08-23,000333,301.52000000,297.43000000,304.70000000,295.63000000,242164,1715542960.00000000,3.00000000,-1.72000000,-5.21000000,0.35000000,美的集团
2021-08-24,000333,295.89000000,297.02000000,299.45000000,288.32000000,387440,2700934784.00000000,3.74000000,-0.14000000,-0.41000000,0.56000000,美的集团
2021-08-25,000333,295.52000000,291.95000000,297.77000000,291.39000000,253519,1761336896.00000000,2.15000000,-1.71000000,-5.07000000,0.37000000,美的集团
2021-08-26,000333,291.92000000,287.38000000,293.83000000,285.80000000,305609,2082846688.00000000,2.75000000,-1.57000000,-4.57000000,0.45000000,美的集团
2021-08-27,000333,287.38000000,286.89000000,291.32000000,285.32000000,245561,1670326400.00000000,2.09000000,-0.17000000,-0.49000000,0.36000000,美的集团
2021-08-30,000333,287.45000000,280.07000000,288.05000000,277.55000000,453444,2990768864.00000000,3.66000000,-2.38000000,-6.82000000,0.66000000,美的集团
2021-08-31,000333,279.77000000,280.14000000,287.23000000,277.37000000,319641,2120020160.00000000,3.52000000,0.02000000,0.07000000,0.47000000,美的集团
2021-09-01,000333,282.05000000,291.95000000,294.58000000,277.07000000,541205,3688604128.00000000,6.25000000,4.22000000,11.81000000,0.79000000,美的集团
2021-09-02,000333,293.57000000,292.10000000,293.57000000,287.08000000,427613,2930294688.00000000,2.22000000,0.05000000,0.15000000,0.63000000,美的集团
2021-09-03,000333,291.28000000,295.29000000,295.63000000,288.39000000,286808,1995822448.00000000,2.48000000,1.09000000,3.19000000,0.42000000,美的集团
2021-09-06,000333,295.59000000,303.09000000,307.29000000,295.55000000,396106,2853865984.00000000,3.98000000,2.64000000,7.80000000,0.58000000,美的集团
2021-09-07,000333,305.27000000,306.47000000,309.88000000,301.93000000,389370,2852011280.00000000,2.62000000,1.12000000,3.38000000,0.57000000,美的集团
2021-09-08,000333,306.39000000,305.34000000,308.83000000,303.43000000,266824,1945966048.00000000,1.76000000,-0.37000000,-1.13000000,0.39000000,美的集团
2021-09-09,000333,305.34000000,302.72000000,307.70000000,299.75000000,223508,1611240096.00000000,2.60000000,-0.86000000,-2.62000000,0.33000000,美的集团
2021-09-10,000333,302.72000000,304.14000000,306.39000000,299.27000000,210796,1520883792.00000000,2.35000000,0.47000000,1.42000000,0.31000000,美的集团
2021-09-13,000333,303.84000000,298.82000000,305.23000000,297.88000000,212938,1519720224.00000000,2.42000000,-1.75000000,-5.32000000,0.31000000,美的集团
2021-09-14,000333,298.89000000,289.25000000,300.39000000,288.43000000,307033,2132022304.00000000,4.00000000,-3.20000000,-9.57000000,0.45000000,美的集团
2021-09-15,000333,287.68000000,282.09000000,289.22000000,279.39000000,396307,2652852000.00000000,3.40000000,-2.48000000,-7.16000000,0.58000000,美的集团
2021-09-16,000333,282.09000000,279.95000000,284.57000000,279.39000000,294662,1952956768.00000000,1.84000000,-0.76000000,-2.14000000,0.43000000,美的集团
2021-09-17,000333,281.49000000,288.62000000,288.69000000,280.48000000,260977,1757915168.00000000,2.93000000,3.10000000,8.67000000,0.38000000,美的集团
2021-09-22,000333,283.89000000,280.44000000,285.02000000,279.69000000,239678,1589166512.00000000,1.85000000,-2.83000000,-8.18000000,0.35000000,美的集团
2021-09-23,000333,282.99000000,283.10000000,284.27000000,280.14000000,199430,1327533712.00000000,1.47000000,0.95000000,2.66000000,0.29000000,美的集团
2021-09-24,000333,282.02000000,284.64000000,288.39000000,280.48000000,273724,1841748624.00000000,2.79000000,0.54000000,1.54000000,0.40000000,美的集团
2021-09-27,000333,284.60000000,290.27000000,296.60000000,283.03000000,332665,2292141632.00000000,4.77000000,1.98000000,5.63000000,0.49000000,美的集团
2021-09-28,000333,287.90000000,296.15000000,297.02000000,285.05000000,347514,2424145968.00000000,4.12000000,2.03000000,5.88000000,0.51000000,美的集团
2021-09-29,000333,294.95000000,296.15000000,298.52000000,292.44000000,295308,2075477392.00000000,2.05000000,0.00000000,0.00000000,0.43000000,美的集团
2021-09-30,000333,296.15000000,293.64000000,299.38000000,293.27000000,218791,1537243040.00000000,2.06000000,-0.85000000,-2.51000000,0.32000000,美的集团
2021-10-08,000333,295.89000000,304.52000000,304.82000000,294.20000000,416134,2987690480.00000000,3.62000000,3.71000000,10.88000000,0.61000000,美的集团
2021-10-11,000333,305.27000000,299.19000000,306.77000000,299.19000000,234492,1683573328.00000000,2.49000000,-1.75000000,-5.33000000,0.34000000,美的集团
2021-10-12,000333,299.30000000,301.22000000,304.82000000,295.44000000,215990,1548732752.00000000,3.14000000,0.68000000,2.03000000,0.32000000,美的集团
2021-10-13,000333,302.64000000,298.89000000,303.47000000,296.08000000,160559,1139319632.00000000,2.45000000,-0.77000000,-2.33000000,0.24000000,美的集团
2021-10-14,000333,299.00000000,295.63000000,301.22000000,293.83000000,162334,1143450656.00000000,2.47000000,-1.09000000,-3.26000000,0.24000000,美的集团
2021-10-15,000333,298.89000000,298.89000000,301.82000000,296.49000000,204251,1447693568.00000000,1.80000000,1.10000000,3.26000000,0.30000000,美的集团
2021-10-18,000333,298.89000000,293.72000000,298.89000000,291.39000000,219019,1524555392.00000000,2.51000000,-1.73000000,-5.17000000,0.32000000,美的集团
2021-10-19,000333,292.55000000,294.69000000,296.87000000,291.58000000,181045,1265164864.00000000,1.80000000,0.33000000,0.97000000,0.27000000,美的集团
2021-10-20,000333,295.14000000,287.90000000,297.02000000,287.72000000,302766,2074541248.00000000,3.16000000,-2.30000000,-6.79000000,0.44000000,美的集团
2021-10-21,000333,288.69000000,293.94000000,294.35000000,287.79000000,205973,1416973728.00000000,2.28000000,2.10000000,6.04000000,0.30000000,美的集团
2021-10-22,000333,295.03000000,312.02000000,313.89000000,294.95000000,819479,6030294016.00000000,6.44000000,6.15000000,18.08000000,1.20000000,美的集团
2021-10-25,000333,310.10000000,304.14000000,311.27000000,301.14000000,430581,3124400480.00000000,3.25000000,-2.53000000,-7.88000000,0.63000000,美的集团
2021-10-26,000333,301.70000000,295.22000000,302.57000000,295.22000000,396448,2798221888.00000000,2.42000000,-2.93000000,-8.92000000,0.58000000,美的集团
2021-10-27,000333,291.62000000,283.89000000,293.08000000,283.89000000,678497,4597497856.00000000,3.11000000,-3.84000000,-11.33000000,0.99000000,美的集团
2021-10-28,000333,282.02000000,288.09000000,288.95000000,280.29000000,277979,1876958736.00000000,3.05000000,1.48000000,4.20000000,0.41000000,美的集团
2021-10-29,000333,285.50000000,290.53000000,293.27000000,285.02000000,282021,1933712608.00000000,2.86000000,0.85000000,2.44000000,0.41000000,美的集团
2021-11-01,000333,299.90000000,305.68000000,309.84000000,297.58000000,748111,5437920512.00000000,4.22000000,5.21000000,15.15000000,1.10000000,美的集团
2021-11-02,000333,305.68000000,298.18000000,307.85000000,296.57000000,339796,2430850400.00000000,3.69000000,-2.45000000,-7.50000000,0.50000000,美的集团
2021-11-03,000333,295.25000000,292.59000000,300.77000000,292.59000000,221363,1550205584.00000000,2.74000000,-1.87000000,-5.59000000,0.32000000,美的集团
2021-11-04,000333,295.14000000,297.84000000,299.79000000,293.23000000,236741,1667235040.00000000,2.24000000,1.79000000,5.25000000,0.35000000,美的集团
2021-11-05,000333,296.30000000,297.95000000,301.93000000,294.35000000,186306,1321929408.00000000,2.54000000,0.04000000,0.11000000,0.27000000,美的集团
2021-11-08,000333,297.50000000,296.79000000,298.74000000,294.39000000,149610,1051451984.00000000,1.46000000,-0.39000000,-1.16000000,0.22000000,美的集团
2021-11-09,000333,296.45000000,291.39000000,296.45000000,289.03000000,227670,1571550512.00000000,2.50000000,-1.82000000,-5.40000000,0.33000000,美的集团
2021-11-10,000333,290.23000000,293.57000000,294.39000000,287.72000000,237358,1632341264.00000000,2.29000000,0.75000000,2.18000000,0.35000000,美的集团
2021-11-11,000333,292.10000000,302.79000000,303.99000000,291.02000000,363320,2604623040.00000000,4.42000000,3.14000000,9.22000000,0.53000000,美的集团
2021-11-12,000333,302.19000000,303.28000000,309.69000000,301.14000000,266144,1929374928.00000000,2.82000000,0.16000000,0.49000000,0.39000000,美的集团
2021-11-15,000333,302.64000000,304.44000000,306.39000000,300.77000000,214973,1553116112.00000000,1.85000000,0.38000000,1.16000000,0.32000000,美的集团
2021-11-16,000333,306.39000000,305.38000000,308.27000000,304.10000000,211402,1540309648.00000000,1.37000000,0.31000000,0.94000000,0.31000000,美的集团
2021-11-17,000333,303.58000000,303.05000000,307.14000000,300.84000000,143903,1039576304.00000000,2.06000000,-0.76000000,-2.33000000,0.21000000,美的集团
2021-11-18,000333,302.00000000,295.97000000,302.04000000,295.07000000,194134,1370784032.00000000,2.30000000,-2.34000000,-7.08000000,0.28000000,美的集团
2021-11-19,000333,295.97000000,295.14000000,297.02000000,292.55000000,251030,1750975584.00000000,1.51000000,-0.28000000,-0.83000000,0.37000000,美的集团
2021-11-22,000333,294.13000000,294.95000000,296.19000000,293.27000000,229662,1602179696.00000000,0.99000000,-0.06000000,-0.19000000,0.34000000,美的集团
2021-11-23,000333,294.92000000,293.15000000,294.92000000,291.47000000,224157,1554230544.00000000,1.17000000,-0.61000000,-1.80000000,0.33000000,美的集团
2021-11-24,000333,295.70000000,295.70000000,296.53000000,291.47000000,252710,1761908032.00000000,1.73000000,0.87000000,2.55000000,0.37000000,美的集团
2021-11-25,000333,295.14000000,291.92000000,295.14000000,291.69000000,181103,1254877488.00000000,1.17000000,-1.28000000,-3.78000000,0.27000000,美的集团
2021-11-26,000333,291.39000000,290.68000000,293.08000000,289.82000000,140484,969361344.00000000,1.12000000,-0.42000000,-1.24000000,0.21000000,美的集团
2021-11-29,000333,287.60000000,288.28000000,289.82000000,286.59000000,200021,1361366064.00000000,1.11000000,-0.83000000,-2.40000000,0.29000000,美的集团
2021-11-30,000333,287.12000000,286.82000000,291.95000000,286.40000000,195437,1332560752.00000000,1.93000000,-0.51000000,-1.46000000,0.29000000,美的集团
2021-12-01,000333,286.40000000,288.24000000,288.39000000,284.64000000,180101,1220013296.00000000,1.31000000,0.50000000,1.42000000,0.26000000,美的集团
2021-12-02,000333,285.32000000,286.67000000,287.53000000,284.30000000,172928,1169569312.00000000,1.12000000,-0.54000000,-1.57000000,0.25000000,美的集团
2021-12-03,000333,286.55000000,284.49000000,286.55000000,282.69000000,217092,1455435328.00000000,1.35000000,-0.76000000,-2.18000000,0.32000000,美的集团
2021-12-06,000333,284.49000000,289.78000000,290.57000000,284.30000000,281560,1927815520.00000000,2.20000000,1.86000000,5.29000000,0.41000000,美的集团
2021-12-07,000333,291.77000000,296.00000000,296.64000000,291.77000000,459961,3221759584.00000000,1.68000000,2.15000000,6.22000000,0.67000000,美的集团
2021-12-08,000333,296.60000000,295.10000000,296.83000000,291.39000000,244486,1705575360.00000000,1.84000000,-0.30000000,-0.90000000,0.36000000,美的集团
2021-12-09,000333,300.77000000,303.47000000,305.45000000,298.44000000,587206,4231464736.00000000,2.38000000,2.84000000,8.37000000,0.86000000,美的集团
2021-12-10,000333,301.37000000,302.27000000,304.14000000,297.77000000,297743,2133466224.00000000,2.10000000,-0.40000000,-1.20000000,0.44000000,美的集团
2021-12-13,000333,305.45000000,306.20000000,314.90000000,304.59000000,543930,4021351648.00000000,3.41000000,1.30000000,3.93000000,0.80000000,美的集团
2021-12-14,000333,303.58000000,299.08000000,304.44000000,299.08000000,253301,1813446496.00000000,1.75000000,-2.33000000,-7.12000000,0.37000000,美的集团
2021-12-15,000333,298.85000000,296.45000000,300.43000000,295.82000000,165669,1169764128.00000000,1.54000000,-0.88000000,-2.63000000,0.24000000,美的集团
2021-12-16,000333,296.83000000,296.64000000,298.44000000,294.47000000,153604,1077897216.00000000,1.34000000,0.06000000,0.19000000,0.22000000,美的集团
2021-12-17,000333,295.48000000,290.27000000,296.12000000,290.27000000,204678,1419353360.00000000,1.97000000,-2.15000000,-6.37000000,0.30000000,美的集团
2021-12-20,000333,290.94000000,293.72000000,296.42000000,290.68000000,206580,1440391952.00000000,1.98000000,1.19000000,3.45000000,0.30000000,美的集团
2021-12-21,000333,293.68000000,301.33000000,303.13000000,293.27000000,317597,2268444032.00000000,3.36000000,2.59000000,7.61000000,0.47000000,美的集团
2021-12-22,000333,300.58000000,300.88000000,302.27000000,295.25000000,224831,1595253312.00000000,2.33000000,-0.15000000,-0.45000000,0.33000000,美的集团
2021-12-23,000333,299.23000000,302.15000000,305.90000000,298.89000000,196542,1412656992.00000000,2.33000000,0.42000000,1.27000000,0.29000000,美的集团
2021-12-24,000333,300.13000000,303.24000000,303.58000000,298.25000000,163775,1174612544.00000000,1.76000000,0.36000000,1.09000000,0.24000000,美的集团
2021-12-27,000333,303.39000000,306.58000000,310.14000000,302.27000000,275623,2020201840.00000000,2.60000000,1.10000000,3.34000000,0.40000000,美的集团
2021-12-28,000333,306.58000000,314.57000000,315.62000000,306.58000000,512720,3839791456.00000000,2.95000000,2.61000000,7.99000000,0.75000000,美的集团
2021-12-29,000333,313.89000000,310.18000000,315.95000000,309.20000000,215843,1603790656.00000000,2.15000000,-1.40000000,-4.39000000,0.32000000,美的集团
2021-12-30,000333,310.14000000,309.99000000,312.02000000,307.07000000,218290,1615514272.00000000,1.60000000,-0.06000000,-0.19000000,0.32000000,美的集团
2021-12-31,000333,309.77000000,309.43000000,311.79000000,305.57000000,216734,1593276848.00000000,2.01000000,-0.18000000,-0.56000000,0.32000000,美的集团
2022-01-04,000333,310.14000000,315.24000000,315.77000000,308.64000000,310408,2323005424.00000000,2.30000000,1.88000000,5.81000000,0.45000000,美的集团
2022-01-05,000333,315.39000000,318.65000000,332.00000000,312.92000000,613699,4743653632.00000000,6.05000000,1.08000000,3.41000000,0.90000000,美的集团
2022-01-06,000333,316.93000000,313.82000000,325.85000000,313.14000000,341889,2599839616.00000000,3.99000000,-1.52000000,-4.83000000,0.50000000,美的集团
2022-01-07,000333,315.69000000,324.32000000,326.94000000,313.93000000,437221,3393184320.00000000,4.15000000,3.35000000,10.50000000,0.64000000,美的集团
2022-01-10,000333,325.89000000,324.39000000,335.94000000,321.39000000,352522,2760629552.00000000,4.49000000,0.02000000,0.07000000,0.52000000,美的集团
2022-01-11,000333,321.47000000,316.14000000,328.22000000,315.77000000,336945,2592315664.00000000,3.84000000,-2.54000000,-8.25000000,0.49000000,美的集团
2022-01-12,000333,317.98000000,311.19000000,318.84000000,306.50000000,384641,2852050496.00000000,3.90000000,-1.57000000,-4.95000000,0.56000000,美的集团
2022-01-13,000333,312.32000000,303.84000000,315.24000000,303.39000000,267326,1957650624.00000000,3.81000000,-2.36000000,-7.35000000,0.39000000,美的集团
2022-01-14,000333,303.02000000,302.64000000,305.83000000,300.39000000,209970,1516106944.00000000,1.79000000,-0.39000000,-1.20000000,0.31000000,美的集团
2022-01-17,000333,303.02000000,306.50000000,308.04000000,301.59000000,203811,1481637504.00000000,2.13000000,1.28000000,3.86000000,0.30000000,美的集团
2022-01-18,000333,305.68000000,307.52000000,308.94000000,302.72000000,213077,1554810608.00000000,2.03000000,0.33000000,1.02000000,0.31000000,美的集团
2022-01-19,000333,309.02000000,314.75000000,318.35000000,308.12000000,404011,3035602736.00000000,3.33000000,2.35000000,7.23000000,0.59000000,美的集团
2022-01-20,000333,314.60000000,327.47000000,328.14000000,314.30000000,506622,3941616640.00000000,4.40000000,4.04000000,12.72000000,0.74000000,美的集团
2022-01-21,000333,325.59000000,322.93000000,328.22000000,320.00000000,302262,2345227568.00000000,2.51000000,-1.39000000,-4.54000000,0.44000000,美的集团
2022-01-24,000333,320.64000000,321.69000000,329.00000000,319.52000000,169131,1307756736.00000000,2.94000000,-0.38000000,-1.24000000,0.25000000,美的集团
2022-01-25,000333,320.64000000,317.08000000,328.14000000,314.72000000,251852,1938021216.00000000,4.17000000,-1.43000000,-4.61000000,0.37000000,美的集团
2022-01-26,000333,319.40000000,319.55000000,323.38000000,315.92000000,179965,1376378672.00000000,2.35000000,0.78000000,2.47000000,0.26000000,美的集团
2022-01-27,000333,316.70000000,313.22000000,320.53000000,312.05000000,258966,1951701424.00000000,2.65000000,-1.98000000,-6.33000000,0.38000000,美的集团
2022-01-28,000333,313.25000000,307.14000000,317.64000000,306.50000000,269219,1996946176.00000000,3.56000000,-1.94000000,-6.08000000,0.39000000,美的集团
2022-02-07,000333,312.02000000,312.77000000,316.29000000,307.82000000,212958,1582887136.00000000,2.76000000,1.83000000,5.63000000,0.31000000,美的集团
2022-02-08,000333,311.64000000,311.27000000,313.52000000,306.39000000,252228,1858705328.00000000,2.28000000,-0.48000000,-1.50000000,0.37000000,美的集团
2022-02-09,000333,312.39000000,319.85000000,321.65000000,309.77000000,308211,2329350896.00000000,3.82000000,2.76000000,8.58000000,0.45000000,美的集团
2022-02-10,000333,318.02000000,308.83000000,319.93000000,308.27000000,400938,2986309648.00000000,3.65000000,-3.45000000,-11.02000000,0.59000000,美的集团
2022-02-11,000333,306.95000000,310.67000000,312.39000000,304.44000000,263156,1943208560.00000000,2.57000000,0.60000000,1.84000000,0.39000000,美的集团
2022-02-14,000333,308.27000000,306.39000000,308.38000000,301.14000000,198336,1443390304.00000000,2.33000000,-1.38000000,-4.28000000,0.29000000,美的集团
2022-02-15,000333,305.34000000,302.75000000,307.52000000,302.27000000,226626,1639397264.00000000,1.71000000,-1.19000000,-3.64000000,0.33000000,美的集团
2022-02-16,000333,303.32000000,307.52000000,308.23000000,301.89000000,189393,1380576752.00000000,2.09000000,1.58000000,4.77000000,0.28000000,美的集团
2022-02-17,000333,306.43000000,303.65000000,309.39000000,303.05000000,177123,1288420224.00000000,2.06000000,-1.26000000,-3.87000000,0.26000000,美的集团
2022-02-18,000333,301.85000000,306.39000000,306.92000000,300.05000000,153925,1114787728.00000000,2.26000000,0.90000000,2.74000000,0.23000000,美的集团
2022-02-21,000333,305.64000000,305.27000000,305.72000000,302.64000000,107091,776053568.00000000,1.01000000,-0.37000000,-1.12000000,0.16000000,美的集团
2022-02-22,000333,303.02000000,295.78000000,303.20000000,292.33000000,363014,2550080176.00000000,3.56000000,-3.11000000,-9.49000000,0.53000000,美的集团
2022-02-23,000333,295.33000000,296.94000000,297.54000000,294.02000000,195986,1377756704.00000000,1.19000000,0.39000000,1.16000000,0.29000000,美的集团
2022-02-24,000333,293.34000000,288.77000000,294.24000000,285.62000000,418997,2867573792.00000000,2.90000000,-2.75000000,-8.17000000,0.61000000,美的集团
2022-02-25,000333,290.45000000,288.09000000,291.20000000,286.93000000,224171,1528873760.00000000,1.48000000,-0.24000000,-0.68000000,0.33000000,美的集团
2022-02-28,000333,285.77000000,282.84000000,286.22000000,278.27000000,483624,3207726544.00000000,2.76000000,-1.82000000,-5.25000000,0.71000000,美的集团
2022-03-01,000333,282.43000000,288.88000000,289.10000000,278.94000000,406335,2724504800.00000000,3.59000000,2.14000000,6.04000000,0.59000000,美的集团
2022-03-02,000333,285.77000000,283.59000000,285.77000000,280.89000000,247869,1658320784.00000000,1.69000000,-1.83000000,-5.29000000,0.36000000,美的集团
2022-03-03,000333,284.83000000,282.65000000,284.83000000,279.95000000,262306,1743964880.00000000,1.72000000,-0.33000000,-0.94000000,0.38000000,美的集团
2022-03-04,000333,279.95000000,278.64000000,281.38000000,276.73000000,305204,2001514128.00000000,1.65000000,-1.42000000,-4.01000000,0.45000000,美的集团
2022-03-07,000333,274.82000000,267.05000000,274.82000000,265.29000000,476452,2998946560.00000000,3.42000000,-4.16000000,-11.59000000,0.70000000,美的集团
2022-03-08,000333,264.77000000,256.74000000,268.89000000,256.52000000,577687,3513393056.00000000,4.63000000,-3.86000000,-10.31000000,0.85000000,美的集团
2022-03-09,000333,254.94000000,255.84000000,257.68000000,244.93000000,562758,3289964736.00000000,4.97000000,-0.35000000,-0.90000000,0.82000000,美的集团
2022-03-10,000333,262.18000000,253.40000000,262.85000000,250.59000000,473629,2809518528.00000000,4.79000000,-0.95000000,-2.44000000,0.69000000,美的集团
2022-03-11,000333,251.27000000,255.32000000,256.40000000,247.63000000,356390,2080976816.00000000,3.46000000,0.76000000,1.92000000,0.52000000,美的集团
2022-03-14,000333,250.22000000,245.23000000,254.23000000,245.23000000,319186,1851362816.00000000,3.52000000,-3.95000000,-10.09000000,0.47000000,美的集团
2022-03-15,000333,243.39000000,236.64000000,247.25000000,236.19000000,499268,2779415600.00000000,4.51000000,-3.50000000,-8.59000000,0.73000000,美的集团
2022-03-16,000333,243.39000000,246.35000000,247.55000000,236.08000000,529458,2962039200.00000000,4.85000000,4.10000000,9.71000000,0.77000000,美的集团
2022-03-17,000333,255.54000000,252.77000000,256.44000000,248.68000000,522664,3071637072.00000000,3.15000000,2.61000000,6.42000000,0.76000000,美的集团
2022-03-18,000333,252.77000000,253.52000000,253.93000000,248.83000000,368393,2148265056.00000000,2.02000000,0.30000000,0.75000000,0.54000000,美的集团
2022-03-21,000333,254.00000000,251.83000000,255.95000000,250.14000000,306417,1798629632.00000000,2.29000000,-0.67000000,-1.69000000,0.45000000,美的集团
2022-03-22,000333,250.52000000,252.32000000,253.67000000,250.22000000,194040,1134303600.00000000,1.37000000,0.19000000,0.49000000,0.28000000,美的集团
2022-03-23,000333,252.88000000,250.14000000,253.37000000,249.88000000,243737,1418165968.00000000,1.38000000,-0.86000000,-2.18000000,0.36000000,美的集团
2022-03-24,000333,248.27000000,248.57000000,249.47000000,246.80000000,236787,1361843504.00000000,1.07000000,-0.63000000,-1.57000000,0.35000000,美的集团
2022-03-25,000333,248.60000000,242.98000000,249.84000000,242.83000000,252164,1430819632.00000000,2.82000000,-2.25000000,-5.59000000,0.37000000,美的集团
2022-03-28,000333,242.15000000,241.89000000,243.24000000,238.14000000,215853,1198968560.00000000,2.10000000,-0.45000000,-1.09000000,0.32000000,美的集团
2022-03-29,000333,243.05000000,237.58000000,243.50000000,236.87000000,252430,1391082048.00000000,2.74000000,-1.78000000,-4.31000000,0.37000000,美的集团
2022-03-30,000333,238.85000000,246.39000000,246.39000000,238.70000000,339003,1899860144.00000000,3.24000000,3.71000000,8.81000000,0.50000000,美的集团
2022-03-31,000333,246.02000000,246.39000000,247.14000000,243.47000000,251336,1428403888.00000000,1.49000000,0.00000000,0.00000000,0.37000000,美的集团
2022-04-01,000333,244.52000000,252.39000000,254.79000000,241.93000000,457752,2655473472.00000000,5.22000000,2.44000000,6.00000000,0.67000000,美的集团
2022-04-06,000333,250.33000000,251.68000000,254.57000000,249.77000000,307532,1798592448.00000000,1.90000000,-0.28000000,-0.71000000,0.45000000,美的集团
2022-04-07,000333,248.83000000,249.02000000,254.34000000,248.68000000,269420,1567998976.00000000,2.25000000,-1.06000000,-2.66000000,0.39000000,美的集团
2022-04-08,000333,249.02000000,247.63000000,249.84000000,245.79000000,226827,1297780224.00000000,1.63000000,-0.56000000,-1.39000000,0.33000000,美的集团
2022-04-11,000333,248.08000000,240.24000000,248.15000000,239.90000000,338124,1894585184.00000000,3.33000000,-2.98000000,-7.39000000,0.49000000,美的集团
2022-04-12,000333,241.67000000,248.04000000,248.27000000,239.98000000,297175,1671057312.00000000,3.45000000,3.25000000,7.80000000,0.43000000,美的集团
2022-04-13,000333,246.32000000,244.78000000,248.08000000,244.25000000,211987,1206396768.00000000,1.54000000,-1.31000000,-3.26000000,0.31000000,美的集团
2022-04-14,000333,246.47000000,252.84000000,254.19000000,246.47000000,427417,2497101920.00000000,3.15000000,3.29000000,8.06000000,0.63000000,美的集团
2022-04-15,000333,251.34000000,252.58000000,255.02000000,250.74000000,212421,1246877152.00000000,1.69000000,-0.10000000,-0.26000000,0.31000000,美的集团
2022-04-18,000333,252.02000000,248.53000000,252.02000000,248.38000000,154682,893259008.00000000,1.44000000,-1.60000000,-4.05000000,0.23000000,美的集团
2022-04-19,000333,248.83000000,247.52000000,250.70000000,246.62000000,168495,971057232.00000000,1.64000000,-0.41000000,-1.01000000,0.25000000,美的集团
2022-04-20,000333,249.20000000,248.49000000,253.48000000,246.39000000,216628,1255101328.00000000,2.86000000,0.39000000,0.97000000,0.32000000,美的集团
2022-04-21,000333,246.77000000,242.75000000,250.10000000,241.14000000,280000,1586256608.00000000,3.61000000,-2.31000000,-5.74000000,0.41000000,美的集团
2022-04-22,000333,241.14000000,246.28000000,248.34000000,237.69000000,244698,1373768016.00000000,4.39000000,1.45000000,3.53000000,0.36000000,美的集团
2022-04-25,000333,244.70000000,239.15000000,248.23000000,239.00000000,325601,1837475008.00000000,3.75000000,-2.90000000,-7.13000000,0.48000000,美的集团
2022-04-26,000333,239.15000000,226.85000000,240.65000000,225.80000000,632046,3336916864.00000000,6.21000000,-5.14000000,-12.30000000,0.92000000,美的集团
2022-04-27,000333,222.88000000,231.77000000,232.70000000,222.02000000,375710,1983750320.00000000,4.71000000,2.17000000,4.92000000,0.55000000,美的集团
2022-04-28,000333,233.27000000,232.44000000,234.02000000,227.90000000,252589,1335819840.00000000,2.64000000,0.29000000,0.67000000,0.37000000,美的集团
2022-04-29,000333,235.14000000,246.73000000,247.48000000,232.44000000,575241,3198610304.00000000,6.47000000,6.15000000,14.29000000,0.84000000,美的集团
2022-05-05,000333,250.33000000,252.77000000,255.32000000,249.58000000,467907,2748594256.00000000,2.33000000,2.45000000,6.04000000,0.68000000,美的集团
2022-05-06,000333,248.64000000,250.89000000,252.02000000,247.85000000,212170,1232140912.00000000,1.65000000,-0.74000000,-1.88000000,0.31000000,美的集团
2022-05-09,000333,247.33000000,243.99000000,248.34000000,241.78000000,215297,1216418064.00000000,2.61000000,-2.75000000,-6.90000000,0.31000000,美的集团
2022-05-10,000333,239.75000000,244.89000000,245.98000000,238.89000000,300571,1689113760.00000000,2.91000000,0.37000000,0.90000000,0.44000000,美的集团
2022-05-11,000333,244.44000000,245.19000000,248.27000000,242.64000000,359115,2038556240.00000000,2.30000000,0.12000000,0.30000000,0.52000000,美的集团
2022-05-12,000333,244.82000000,241.67000000,244.82000000,239.94000000,225791,1261668400.00000000,1.99000000,-1.44000000,-3.52000000,0.33000000,美的集团
2022-05-13,000333,244.59000000,246.43000000,247.03000000,243.39000000,244320,1386786848.00000000,1.51000000,1.97000000,4.76000000,0.36000000,美的集团
2022-05-16,000333,248.34000000,243.39000000,252.95000000,240.95000000,286645,1624257216.00000000,4.87000000,-1.23000000,-3.04000000,0.42000000,美的集团
2022-05-17,000333,242.64000000,247.85000000,248.27000000,241.52000000,228314,1301041280.00000000,2.77000000,1.83000000,4.46000000,0.33000000,美的集团
2022-05-18,000333,248.27000000,245.00000000,248.90000000,242.34000000,222697,1258738704.00000000,2.65000000,-1.15000000,-2.85000000,0.33000000,美的集团
2022-05-19,000333,241.85000000,241.97000000,243.35000000,240.13000000,201959,1125169392.00000000,1.31000000,-1.24000000,-3.03000000,0.30000000,美的集团
2022-05-20,000333,242.27000000,246.02000000,246.84000000,240.24000000,266085,1502431008.00000000,2.73000000,1.67000000,4.05000000,0.39000000,美的集团
2022-05-23,000333,243.95000000,236.30000000,244.52000000,235.48000000,557831,3054327104.00000000,3.67000000,-3.95000000,-9.72000000,0.82000000,美的集团
2022-05-24,000333,235.37000000,234.35000000,237.73000000,233.45000000,263463,1425290688.00000000,1.81000000,-0.83000000,-1.95000000,0.38000000,美的集团
2022-05-25,000333,233.27000000,232.89000000,234.39000000,231.39000000,221974,1182899104.00000000,1.28000000,-0.62000000,-1.46000000,0.32000000,美的集团
2022-05-26,000333,232.89000000,234.47000000,235.44000000,226.89000000,423828,2242918336.00000000,3.67000000,0.68000000,1.58000000,0.62000000,美的集团
2022-05-27,000333,236.75000000,231.84000000,238.10000000,231.43000000,352557,1897823152.00000000,2.84000000,-1.12000000,-2.63000000,0.52000000,美的集团
2022-05-30,000333,231.95000000,232.89000000,234.39000000,231.43000000,216385,1152606784.00000000,1.28000000,0.45000000,1.05000000,0.32000000,美的集团
2022-05-31,000333,233.23000000,236.94000000,236.94000000,231.77000000,355099,1910341888.00000000,2.22000000,1.74000000,4.05000000,0.52000000,美的集团
2022-06-01,000333,236.27000000,236.15000000,238.03000000,234.58000000,292058,1584914304.00000000,1.46000000,-0.33000000,-0.79000000,0.43000000,美的集团
2022-06-02,000333,236.87000000,236.12000000,236.95000000,234.32000000,275846,1445923344.00000000,1.11000000,-0.01000000,-0.03000000,0.40000000,美的集团
2022-06-06,000333,236.20000000,236.98000000,237.51000000,232.45000000,365209,1916117648.00000000,2.14000000,0.36000000,0.86000000,0.53000000,美的集团
2022-06-07,000333,235.90000000,237.77000000,238.26000000,234.40000000,291695,1540591776.00000000,1.63000000,0.33000000,0.79000000,0.43000000,美的集团
2022-06-08,000333,237.81000000,237.73000000,240.77000000,236.01000000,362977,1921801472.00000000,2.00000000,-0.02000000,-0.04000000,0.53000000,美的集团
2022-06-09,000333,237.21000000,235.45000000,238.33000000,234.73000000,286836,1507868960.00000000,1.51000000,-0.96000000,-2.28000000,0.42000000,美的集团
2022-06-10,000333,234.43000000,234.96000000,235.30000000,233.08000000,300349,1563195296.00000000,0.94000000,-0.21000000,-0.49000000,0.44000000,美的集团
2022-06-13,000333,233.27000000,230.50000000,233.46000000,229.00000000,404263,2064281840.00000000,1.90000000,-1.90000000,-4.46000000,0.59000000,美的集团
2022-06-14,000333,227.65000000,231.88000000,232.37000000,226.97000000,348424,1764306400.00000000,2.34000000,0.60000000,1.38000000,0.51000000,美的集团
2022-06-15,000333,230.72000000,243.17000000,245.27000000,230.72000000,915078,4906858752.00000000,6.27000000,4.87000000,11.29000000,1.34000000,美的集团
2022-06-16,000333,243.28000000,240.88000000,245.01000000,239.61000000,359382,1942251728.00000000,2.22000000,-0.94000000,-2.29000000,0.53000000,美的集团
2022-06-17,000333,237.88000000,244.37000000,246.81000000,235.97000000,538134,2909185792.00000000,4.50000000,1.45000000,3.49000000,0.79000000,美的集团
2022-06-20,000333,245.87000000,253.00000000,254.83000000,245.87000000,765309,4349794560.00000000,3.67000000,3.53000000,8.63000000,1.12000000,美的集团
2022-06-21,000333,253.15000000,253.86000000,257.98000000,251.46000000,537077,3093973216.00000000,2.58000000,0.34000000,0.86000000,0.78000000,美的集团
2022-06-22,000333,253.78000000,249.02000000,253.78000000,249.02000000,297211,1674082880.00000000,1.88000000,-1.91000000,-4.84000000,0.43000000,美的集团
2022-06-23,000333,248.87000000,248.98000000,250.78000000,246.40000000,304532,1698132576.00000000,1.76000000,-0.02000000,-0.04000000,0.44000000,美的集团
2022-06-24,000333,248.98000000,255.77000000,260.08000000,248.12000000,732011,4236370544.00000000,4.80000000,2.73000000,6.79000000,1.07000000,美的集团
2022-06-27,000333,257.65000000,260.65000000,264.32000000,257.65000000,581584,3454900576.00000000,2.61000000,1.91000000,4.88000000,0.85000000,美的集团
2022-06-28,000333,262.52000000,260.65000000,262.52000000,258.21000000,322522,1902451600.00000000,1.65000000,0.00000000,0.00000000,0.47000000,美的集团
2022-06-29,000333,262.07000000,261.28000000,266.42000000,261.06000000,420723,2520771104.00000000,2.06000000,0.24000000,0.63000000,0.61000000,美的集团
2022-06-30,000333,261.62000000,265.48000000,266.50000000,260.27000000,370539,2223920752.00000000,2.38000000,1.61000000,4.20000000,0.54000000,美的集团
2022-07-01,000333,264.73000000,259.48000000,264.73000000,257.12000000,337857,1992141904.00000000,2.87000000,-2.26000000,-6.00000000,0.49000000,美的集团
2022-07-04,000333,254.80000000,263.91000000,264.25000000,254.80000000,313750,1867732496.00000000,3.64000000,1.71000000,4.43000000,0.46000000,美的集团
2022-07-05,000333,263.08000000,262.30000000,269.61000000,259.90000000,283847,1695670016.00000000,3.68000000,-0.61000000,-1.61000000,0.41000000,美的集团
2022-07-06,000333,264.21000000,261.32000000,267.88000000,259.03000000,307640,1828885008.00000000,3.37000000,-0.37000000,-0.98000000,0.45000000,美的集团
2022-07-07,000333,260.35000000,259.15000000,263.27000000,258.40000000,197472,1165987952.00000000,1.86000000,-0.83000000,-2.17000000,0.29000000,美的集团
2022-07-08,000333,260.72000000,258.70000000,260.72000000,256.15000000,227250,1326085872.00000000,1.76000000,-0.17000000,-0.45000000,0.33000000,美的集团
2022-07-11,000333,257.50000000,259.90000000,261.02000000,255.47000000,273547,1600533216.00000000,2.15000000,0.46000000,1.20000000,0.40000000,美的集团
2022-07-12,000333,260.46000000,264.40000000,267.32000000,260.46000000,408104,2451083764.00000000,2.64000000,1.73000000,4.50000000,0.60000000,美的集团
2022-07-13,000333,264.32000000,257.65000000,264.96000000,256.63000000,387901,2277523772.28999996,3.15000000,-2.55000000,-6.75000000,0.57000000,美的集团
2022-07-14,000333,260.27000000,249.77000000,260.98000000,248.46000000,545200,3101127518.63999987,4.86000000,-3.06000000,-7.88000000,0.80000000,美的集团
2022-07-15,000333,248.27000000,246.02000000,251.20000000,245.83000000,302679,1686983213.60999990,2.15000000,-1.50000000,-3.75000000,0.44000000,美的集团
2022-07-18,000333,246.02000000,246.36000000,248.57000000,241.52000000,235494,1297826116.98000002,2.87000000,0.14000000,0.34000000,0.34000000,美的集团
2022-07-19,000333,245.65000000,245.38000000,247.75000000,244.37000000,197097,1084831637.00999999,1.37000000,-0.40000000,-0.98000000,0.29000000,美的集团
2022-07-20,000333,247.03000000,246.88000000,250.33000000,245.65000000,217052,1207951153.93000007,1.91000000,0.61000000,1.50000000,0.32000000,美的集团
2022-07-21,000333,247.15000000,244.86000000,248.65000000,244.52000000,163847,902059283.75999999,1.67000000,-0.82000000,-2.02000000,0.24000000,美的集团
2022-07-22,000333,243.96000000,245.61000000,247.03000000,242.65000000,186461,1022770982.76999998,1.79000000,0.31000000,0.75000000,0.27000000,美的集团
2022-07-25,000333,245.65000000,250.71000000,251.72000000,245.31000000,360274,2023496096.01999998,2.61000000,2.08000000,5.10000000,0.53000000,美的集团
2022-07-26,000333,250.90000000,254.27000000,256.00000000,250.41000000,263042,1507831169.29999995,2.23000000,1.42000000,3.56000000,0.38000000,美的集团
2022-07-27,000333,253.52000000,248.72000000,253.71000000,248.16000000,244410,1372601234.98000002,2.18000000,-2.18000000,-5.55000000,0.36000000,美的集团
2022-07-28,000333,249.02000000,248.08000000,249.55000000,247.18000000,146147,815071057.21000004,0.95000000,-0.26000000,-0.64000000,0.21000000,美的集团
2022-07-29,000333,248.83000000,245.20000000,249.77000000,244.45000000,237474,1312270361.90000010,2.14000000,-1.16000000,-2.88000000,0.35000000,美的集团
2022-08-01,000333,246.21000000,243.81000000,246.40000000,241.82000000,186467,1017042233.73000002,1.87000000,-0.57000000,-1.39000000,0.27000000,美的集团
2022-08-02,000333,241.82000000,240.02000000,241.90000000,237.40000000,260486,1393045271.35999990,1.85000000,-1.55000000,-3.79000000,0.38000000,美的集团
2022-08-03,000333,238.56000000,234.96000000,241.56000000,234.32000000,318780,1682530015.51999998,3.02000000,-2.11000000,-5.06000000,0.47000000,美的集团
2022-08-04,000333,235.52000000,235.90000000,236.91000000,234.40000000,135291,709252637.11000001,1.07000000,0.40000000,0.94000000,0.20000000,美的集团
2022-08-05,000333,236.80000000,237.66000000,237.66000000,234.32000000,198191,1039336001.80999994,1.42000000,0.75000000,1.76000000,0.29000000,美的集团
2022-08-08,000333,236.08000000,235.63000000,237.66000000,235.26000000,218082,1144520138.28999996,1.01000000,-0.85000000,-2.03000000,0.32000000,美的集团
2022-08-09,000333,235.71000000,236.50000000,238.00000000,234.96000000,160516,846230165.40999997,1.29000000,0.37000000,0.87000000,0.23000000,美的集团
2022-08-10,000333,236.38000000,233.38000000,236.38000000,233.16000000,163024,847521283.40999997,1.36000000,-1.32000000,-3.12000000,0.24000000,美的集团
2022-08-11,000333,235.15000000,237.47000000,237.70000000,233.57000000,229539,1206195923.67000008,1.77000000,1.75000000,4.09000000,0.34000000,美的集团
2022-08-12,000333,236.68000000,238.37000000,239.50000000,235.63000000,169879,899862140.62000000,1.63000000,0.38000000,0.90000000,0.25000000,美的集团
2022-08-15,000333,238.41000000,237.02000000,240.02000000,235.97000000,183235,969855783.83000004,1.70000000,-0.57000000,-1.35000000,0.27000000,美的集团
2022-08-16,000333,237.10000000,236.27000000,237.36000000,235.15000000,163357,858701197.24000001,0.93000000,-0.32000000,-0.75000000,0.24000000,美的集团
2022-08-17,000333,236.50000000,239.38000000,241.07000000,234.43000000,238435,1266823797.05999994,2.81000000,1.32000000,3.11000000,0.35000000,美的集团
2022-08-18,000333,238.15000000,236.35000000,238.71000000,235.56000000,140885,742672219.82000005,1.32000000,-1.27000000,-3.03000000,0.21000000,美的集团
2022-08-19,000333,236.57000000,236.31000000,237.06000000,234.96000000,132153,695288655.04999995,0.89000000,-0.02000000,-0.04000000,0.19000000,美的集团
2022-08-22,000333,235.75000000,237.92000000,239.83000000,235.11000000,238176,1266026527.73000002,2.00000000,0.68000000,1.61000000,0.35000000,美的集团
2022-08-23,000333,237.58000000,234.47000000,238.15000000,234.02000000,220349,1151798157.22000003,1.74000000,-1.45000000,-3.45000000,0.32000000,美的集团
2022-08-24,000333,234.40000000,231.73000000,234.70000000,231.43000000,215842,1113905675.44000006,1.39000000,-1.17000000,-2.74000000,0.32000000,美的集团
2022-08-25,000333,231.73000000,234.88000000,235.56000000,230.16000000,209893,1083006133.70000005,2.33000000,1.36000000,3.15000000,0.31000000,美的集团
2022-08-26,000333,235.82000000,234.88000000,236.50000000,233.61000000,160406,837907693.58000004,1.23000000,0.00000000,0.00000000,0.23000000,美的集团
2022-08-29,000333,232.52000000,235.07000000,237.28000000,232.18000000,164561,857943931.66999996,2.17000000,0.08000000,0.19000000,0.24000000,美的集团
2022-08-30,000333,235.86000000,235.15000000,238.56000000,234.32000000,202708,1065091301.29999995,1.80000000,0.03000000,0.08000000,0.30000000,美的集团
2022-08-31,000333,234.40000000,238.67000000,240.21000000,234.36000000,462838,2459353193.94999981,2.49000000,1.50000000,3.52000000,0.68000000,美的集团
2022-09-01,000333,238.63000000,245.68000000,247.15000000,238.63000000,642105,3521209361.90000010,3.57000000,2.94000000,7.01000000,0.94000000,美的集团
2022-09-02,000333,245.68000000,240.21000000,245.68000000,238.41000000,367460,1976289177.92000008,2.96000000,-2.23000000,-5.47000000,0.54000000,美的集团
2022-09-05,000333,238.15000000,240.77000000,241.52000000,237.32000000,190275,1017336571.65999997,1.75000000,0.23000000,0.56000000,0.28000000,美的集团
2022-09-06,000333,240.81000000,239.50000000,242.31000000,239.27000000,177962,953823605.20000005,1.26000000,-0.53000000,-1.27000000,0.26000000,美的集团
2022-09-07,000333,240.28000000,237.96000000,240.36000000,237.70000000,209953,1116835915.49000001,1.11000000,-0.64000000,-1.54000000,0.31000000,美的集团
2022-09-08,000333,237.96000000,239.16000000,240.58000000,237.96000000,153657,822398889.26999998,1.10000000,0.50000000,1.20000000,0.22000000,美的集团
2022-09-09,000333,239.16000000,246.92000000,247.63000000,238.75000000,523881,2884912064.82999992,3.71000000,3.24000000,7.76000000,0.76000000,美的集团
2022-09-13,000333,246.92000000,250.86000000,252.40000000,245.53000000,346024,1947119368.58999991,2.78000000,1.60000000,3.94000000,0.51000000,美的集团
2022-09-14,000333,247.15000000,248.76000000,249.96000000,246.77000000,187473,1046314871.35000002,1.27000000,-0.84000000,-2.10000000,0.27000000,美的集团
2022-09-15,000333,248.61000000,250.30000000,253.52000000,247.86000000,289698,1636891138.75999999,2.28000000,0.62000000,1.54000000,0.42000000,美的集团
2022-09-16,000333,248.98000000,245.72000000,249.40000000,244.90000000,259940,1439024736.04999995,1.80000000,-1.83000000,-4.58000000,0.38000000,美的集团
2022-09-19,000333,244.03000000,245.20000000,246.92000000,241.97000000,203600,1115777266.41000009,2.01000000,-0.21000000,-0.52000000,0.30000000,美的集团
2022-09-20,000333,244.71000000,239.72000000,245.65000000,238.90000000,350660,1883992924.36999989,2.75000000,-2.23000000,-5.48000000,0.51000000,美的集团
2022-09-21,000333,243.13000000,237.21000000,243.25000000,235.30000000,267752,1414578652.97000003,3.32000000,-1.05000000,-2.51000000,0.39000000,美的集团
2022-09-22,000333,236.80000000,232.15000000,236.83000000,231.36000000,401432,2075058537.08999991,2.31000000,-2.13000000,-5.06000000,0.59000000,美的集团
2022-09-23,000333,230.68000000,231.55000000,233.61000000,230.27000000,175176,899511431.70000005,1.44000000,-0.26000000,-0.60000000,0.26000000,美的集团
2022-09-26,000333,230.27000000,230.46000000,234.02000000,229.86000000,205533,1055235704.29999995,1.80000000,-0.47000000,-1.09000000,0.30000000,美的集团
2022-09-27,000333,230.83000000,232.82000000,233.57000000,227.65000000,247650,1268264653.23000002,2.57000000,1.02000000,2.36000000,0.36000000,美的集团
2022-09-28,000333,232.15000000,230.91000000,233.16000000,230.65000000,135577,697308166.11000001,1.08000000,-0.82000000,-1.91000000,0.20000000,美的集团
2022-09-29,000333,232.03000000,228.40000000,233.12000000,227.65000000,253195,1286757815.65000010,2.37000000,-1.09000000,-2.51000000,0.37000000,美的集团
2022-09-30,000333,227.01000000,223.93000000,228.66000000,223.93000000,355638,1767860147.81999993,2.07000000,-1.96000000,-4.47000000,0.52000000,美的集团
2022-10-10,000333,223.93000000,221.65000000,226.48000000,220.75000000,260145,1282724398.34999990,2.56000000,-1.02000000,-2.28000000,0.38000000,美的集团
2022-10-11,000333,221.61000000,220.41000000,222.21000000,219.02000000,220037,1061344409.94000006,1.44000000,-0.56000000,-1.24000000,0.32000000,美的集团
2022-10-12,000333,219.21000000,220.03000000,220.15000000,215.27000000,240971,1147459230.79999995,2.21000000,-0.17000000,-0.38000000,0.35000000,美的集团
2022-10-13,000333,218.98000000,215.50000000,219.02000000,215.31000000,277454,1314811925.42000008,1.69000000,-2.06000000,-4.53000000,0.40000000,美的集团
2022-10-14,000333,216.21000000,218.98000000,219.96000000,215.65000000,313388,1498957703.41000009,2.00000000,1.61000000,3.48000000,0.46000000,美的集团
2022-10-17,000333,217.93000000,217.78000000,218.46000000,216.40000000,235017,1116822628.24000001,0.94000000,-0.55000000,-1.20000000,0.34000000,美的集团
2022-10-18,000333,218.95000000,216.92000000,219.58000000,216.51000000,270086,1286487096.99000001,1.41000000,-0.39000000,-0.86000000,0.39000000,美的集团
2022-10-19,000333,216.62000000,208.60000000,216.62000000,208.41000000,556549,2560635750.15000010,3.78000000,-3.84000000,-8.32000000,0.81000000,美的集团
2022-10-20,000333,207.02000000,205.45000000,208.82000000,203.50000000,366478,1635034406.27999997,2.55000000,-1.51000000,-3.15000000,0.53000000,美的集团
2022-10-21,000333,205.48000000,204.02000000,206.95000000,203.16000000,272432,1202555594.67000008,1.84000000,-0.70000000,-1.43000000,0.40000000,美的集团
2022-10-24,000333,202.90000000,197.98000000,205.22000000,197.65000000,459169,1972598642.78999996,3.71000000,-2.96000000,-6.04000000,0.67000000,美的集团
2022-10-25,000333,199.52000000,196.60000000,200.08000000,196.45000000,414401,1755695125.41000009,1.83000000,-0.70000000,-1.38000000,0.60000000,美的集团
2022-10-26,000333,197.27000000,198.25000000,201.06000000,197.12000000,362814,1546847300.86999989,2.00000000,0.84000000,1.65000000,0.53000000,美的集团
2022-10-27,000333,199.15000000,198.70000000,200.27000000,197.65000000,226403,965896178.54999995,1.32000000,0.23000000,0.45000000,0.33000000,美的集团
2022-10-28,000333,197.31000000,191.87000000,197.95000000,191.35000000,401750,1664548587.25999999,3.32000000,-3.44000000,-6.83000000,0.59000000,美的集团
2022-10-31,000333,191.76000000,189.70000000,192.02000000,189.40000000,345535,1396541435.65000010,1.37000000,-1.13000000,-2.17000000,0.50000000,美的集团
2022-11-01,000333,191.20000000,195.02000000,195.02000000,189.36000000,480671,1965965682.20000005,2.98000000,2.80000000,5.32000000,0.70000000,美的集团
2022-11-02,000333,194.27000000,196.82000000,198.77000000,193.60000000,380199,1594625960.36999989,2.65000000,0.92000000,1.80000000,0.55000000,美的集团
2022-11-03,000333,195.77000000,194.95000000,196.03000000,193.52000000,288535,1197662698.13000011,1.28000000,-0.95000000,-1.87000000,0.42000000,美的集团
2022-11-04,000333,195.13000000,200.61000000,201.58000000,194.95000000,457491,1955851185.01999998,3.40000000,2.90000000,5.66000000,0.67000000,美的集团
2022-11-07,000333,200.27000000,200.50000000,201.25000000,198.43000000,331596,1424760638.23000002,1.41000000,-0.05000000,-0.11000000,0.48000000,美的集团
2022-11-08,000333,200.72000000,200.27000000,201.36000000,198.70000000,305582,1312592117.07999992,1.33000000,-0.11000000,-0.23000000,0.45000000,美的集团
2022-11-09,000333,201.73000000,200.42000000,203.46000000,200.08000000,229904,995215199.85000002,1.69000000,0.07000000,0.15000000,0.34000000,美的集团
2022-11-10,000333,199.33000000,200.16000000,200.20000000,198.51000000,223054,954033824.36000001,0.84000000,-0.13000000,-0.26000000,0.33000000,美的集团
2022-11-11,000333,206.01000000,210.13000000,212.27000000,202.93000000,828835,3734773539.50000000,4.67000000,4.98000000,9.97000000,1.21000000,美的集团
2022-11-14,000333,218.72000000,218.27000000,223.18000000,216.40000000,1000204,4791202404.25000000,3.23000000,3.87000000,8.14000000,1.46000000,美的集团
2022-11-15,000333,220.90000000,223.03000000,224.95000000,217.90000000,512288,2501777032.00000000,3.23000000,2.18000000,4.76000000,0.75000000,美的集团
2022-11-16,000333,224.27000000,220.75000000,224.27000000,219.62000000,259926,1264627973.11999989,2.08000000,-1.02000000,-2.28000000,0.38000000,美的集团
2022-11-17,000333,220.48000000,218.87000000,223.15000000,217.82000000,192846,927024366.17999995,2.41000000,-0.85000000,-1.88000000,0.28000000,美的集团
2022-11-18,000333,220.37000000,218.91000000,221.05000000,217.82000000,160676,772609930.37000000,1.48000000,0.02000000,0.04000000,0.23000000,美的集团
2022-11-21,000333,217.03000000,212.80000000,217.03000000,212.42000000,345234,1604372657.94000006,2.11000000,-2.79000000,-6.11000000,0.50000000,美的集团
2022-11-22,000333,213.02000000,212.65000000,215.42000000,211.15000000,235692,1092152104.18000007,2.01000000,-0.07000000,-0.15000000,0.34000000,美的集团
2022-11-23,000333,212.38000000,212.57000000,213.55000000,211.60000000,142552,659509321.94000006,0.92000000,-0.04000000,-0.08000000,0.21000000,美的集团
2022-11-24,000333,214.33000000,211.18000000,216.02000000,210.70000000,213800,987544043.19000006,2.50000000,-0.65000000,-1.39000000,0.31000000,美的集团
2022-11-25,000333,211.18000000,214.11000000,215.61000000,210.88000000,246975,1150838919.30999994,2.24000000,1.39000000,2.93000000,0.36000000,美的集团
2022-11-28,000333,210.32000000,212.61000000,213.21000000,208.63000000,226551,1036165229.66999996,2.14000000,-0.70000000,-1.50000000,0.33000000,美的集团
2022-11-29,000333,219.02000000,220.60000000,221.95000000,214.97000000,389287,1868785966.57999992,3.28000000,3.76000000,7.99000000,0.57000000,美的集团
2022-11-30,000333,219.70000000,218.53000000,222.70000000,217.11000000,272876,1310967680.21000004,2.53000000,-0.94000000,-2.07000000,0.40000000,美的集团
2022-12-01,000333,222.06000000,220.18000000,224.01000000,220.03000000,276045,1344223507.96000004,1.82000000,0.76000000,1.65000000,0.40000000,美的集团
2022-12-02,000333,219.17000000,219.17000000,221.27000000,218.12000000,170150,818020497.82000005,1.43000000,-0.46000000,-1.01000000,0.25000000,美的集团
2022-12-05,000333,220.86000000,225.40000000,226.52000000,220.52000000,361068,1785930108.08999991,2.74000000,2.84000000,6.23000000,0.53000000,美的集团
2022-12-06,000333,225.36000000,226.52000000,229.00000000,222.85000000,325270,1629245814.11999989,2.73000000,0.50000000,1.12000000,0.47000000,美的集团
2022-12-07,000333,226.52000000,231.21000000,232.82000000,224.65000000,436564,2229128244.86000013,3.61000000,2.07000000,4.69000000,0.64000000,美的集团
2022-12-08,000333,231.58000000,233.08000000,235.82000000,229.67000000,390780,2028801619.21000004,2.66000000,0.81000000,1.87000000,0.57000000,美的集团
2022-12-09,000333,233.87000000,242.65000000,242.76000000,233.31000000,699406,3745342825.92999983,4.05000000,4.11000000,9.57000000,1.02000000,美的集团
2022-12-12,000333,240.40000000,243.13000000,245.16000000,238.90000000,466633,2533376174.82000017,2.58000000,0.20000000,0.48000000,0.68000000,美的集团
2022-12-13,000333,242.31000000,241.33000000,243.02000000,240.21000000,306193,1650838607.43000007,1.16000000,-0.74000000,-1.80000000,0.45000000,美的集团
2022-12-14,000333,239.46000000,244.86000000,245.50000000,239.46000000,260850,1420701035.00999999,2.50000000,1.46000000,3.53000000,0.38000000,美的集团
2022-12-15,000333,244.90000000,240.13000000,248.27000000,238.71000000,278043,1498675160.01999998,3.90000000,-1.93000000,-4.73000000,0.41000000,美的集团
2022-12-16,000333,238.82000000,241.52000000,242.08000000,236.91000000,197450,1058833012.74000001,2.15000000,0.58000000,1.39000000,0.29000000,美的集团
2022-12-19,000333,241.52000000,240.32000000,242.95000000,238.82000000,160764,864239616.69000006,1.71000000,-0.50000000,-1.20000000,0.23000000,美的集团
2022-12-20,000333,237.77000000,232.41000000,238.11000000,232.33000000,272454,1417537680.65000010,2.41000000,-3.29000000,-7.91000000,0.40000000,美的集团
2022-12-21,000333,231.36000000,232.82000000,235.86000000,231.36000000,130742,679672974.13000000,1.94000000,0.18000000,0.41000000,0.19000000,美的集团
2022-12-22,000333,233.80000000,234.77000000,238.82000000,233.16000000,228123,1199123081.94000006,2.43000000,0.84000000,1.95000000,0.33000000,美的集团
2022-12-23,000333,233.95000000,235.45000000,238.33000000,231.88000000,163439,860296627.17999995,2.75000000,0.29000000,0.68000000,0.24000000,美的集团
2022-12-26,000333,236.57000000,232.15000000,237.32000000,231.62000000,153879,795665124.70000005,2.42000000,-1.40000000,-3.30000000,0.22000000,美的集团
2022-12-27,000333,233.23000000,237.55000000,237.88000000,231.81000000,173391,911438654.30999994,2.61000000,2.33000000,5.40000000,0.25000000,美的集团
2022-12-28,000333,235.63000000,234.21000000,236.83000000,233.65000000,163229,852152449.38999999,1.34000000,-1.41000000,-3.34000000,0.24000000,美的集团
2022-12-29,000333,232.60000000,233.01000000,234.73000000,230.35000000,119951,619844870.00000000,1.87000000,-0.51000000,-1.20000000,0.18000000,美的集团
2022-12-30,000333,233.27000000,233.27000000,235.90000000,232.90000000,127733,665300212.64999998,1.29000000,0.11000000,0.26000000,0.19000000,美的集团
2023-01-03,000333,234.02000000,233.57000000,234.88000000,231.13000000,163628,846525405.01999998,1.61000000,0.13000000,0.30000000,0.24000000,美的集团
2023-01-04,000333,232.86000000,240.58000000,240.88000000,232.71000000,261341,1390708574.95000005,3.50000000,3.00000000,7.01000000,0.38000000,美的集团
2023-01-05,000333,241.52000000,244.93000000,245.23000000,241.33000000,294217,1608128838.05999994,1.62000000,1.81000000,4.35000000,0.43000000,美的集团
2023-01-06,000333,245.16000000,241.56000000,245.87000000,241.18000000,195001,1058139217.15999997,1.91000000,-1.38000000,-3.37000000,0.28000000,美的集团
2023-01-09,000333,241.90000000,241.93000000,243.21000000,239.27000000,204277,1101325466.48000002,1.63000000,0.15000000,0.37000000,0.30000000,美的集团
2023-01-10,000333,241.48000000,239.65000000,243.02000000,239.38000000,154340,829875435.25000000,1.50000000,-0.94000000,-2.28000000,0.23000000,美的集团
2023-01-11,000333,239.46000000,243.40000000,245.95000000,239.27000000,214610,1171606255.18000007,2.79000000,1.56000000,3.75000000,0.31000000,美的集团
2023-01-12,000333,242.65000000,244.41000000,245.27000000,241.56000000,145818,797908669.90999997,1.52000000,0.41000000,1.01000000,0.21000000,美的集团
2023-01-13,000333,244.78000000,248.83000000,249.02000000,243.40000000,265803,1471250757.18000007,2.30000000,1.81000000,4.42000000,0.39000000,美的集团
2023-01-16,000333,249.13000000,255.40000000,257.87000000,249.10000000,330181,1899010907.45000005,3.52000000,2.64000000,6.57000000,0.48000000,美的集团
2023-01-17,000333,255.36000000,256.52000000,257.20000000,253.33000000,188114,1087194816.99000001,1.52000000,0.44000000,1.12000000,0.27000000,美的集团
2023-01-18,000333,256.52000000,255.02000000,258.40000000,254.16000000,130358,751785488.09000003,1.65000000,-0.58000000,-1.50000000,0.19000000,美的集团
2023-01-19,000333,254.50000000,254.20000000,254.83000000,251.65000000,194679,1110365666.91000009,1.25000000,-0.32000000,-0.82000000,0.28000000,美的集团
2023-01-20,000333,254.50000000,253.07000000,255.92000000,252.62000000,108608,621198692.30999994,1.30000000,-0.44000000,-1.13000000,0.16000000,美的集团
2023-01-30,000333,254.42000000,247.71000000,256.82000000,247.48000000,256196,1445902234.06999993,3.69000000,-2.12000000,-5.36000000,0.37000000,美的集团
2023-01-31,000333,246.77000000,246.02000000,249.58000000,245.27000000,232598,1290578245.20000005,1.74000000,-0.68000000,-1.69000000,0.34000000,美的集团
2023-02-01,000333,246.36000000,247.15000000,248.98000000,243.21000000,267247,1474820029.10999990,2.35000000,0.46000000,1.13000000,0.39000000,美的集团
2023-02-02,000333,246.96000000,241.37000000,247.52000000,240.10000000,367678,1990832646.72000003,3.00000000,-2.34000000,-5.78000000,0.54000000,美的集团
2023-02-03,000333,240.40000000,238.93000000,241.33000000,237.25000000,208300,1109569943.18000007,1.69000000,-1.01000000,-2.44000000,0.30000000,美的集团
2023-02-06,000333,237.06000000,231.21000000,237.06000000,230.57000000,421857,2172641978.92999983,2.72000000,-3.23000000,-7.72000000,0.62000000,美的集团
2023-02-07,000333,231.62000000,232.15000000,232.90000000,230.65000000,209009,1075310677.24000001,0.97000000,0.41000000,0.94000000,0.30000000,美的集团
2023-02-08,000333,231.73000000,230.31000000,232.15000000,229.75000000,191018,976761616.35000002,1.03000000,-0.79000000,-1.84000000,0.28000000,美的集团
2023-02-09,000333,229.52000000,232.26000000,233.01000000,228.36000000,227383,1167989708.85999990,2.02000000,0.85000000,1.95000000,0.33000000,美的集团
2023-02-10,000333,231.58000000,232.60000000,233.08000000,231.36000000,139889,720948239.08000004,0.74000000,0.15000000,0.34000000,0.20000000,美的集团
2023-02-13,000333,232.15000000,235.67000000,236.20000000,230.38000000,306391,1588991528.55999994,2.50000000,1.32000000,3.07000000,0.45000000,美的集团
2023-02-14,000333,235.71000000,234.81000000,236.46000000,233.31000000,214375,1116499049.93000007,1.34000000,-0.36000000,-0.86000000,0.31000000,美的集团
2023-02-15,000333,234.77000000,231.58000000,234.81000000,230.95000000,179488,924114015.38999999,1.64000000,-1.38000000,-3.23000000,0.26000000,美的集团
2023-02-16,000333,230.65000000,231.32000000,233.08000000,229.52000000,216987,1115558778.33999991,1.54000000,-0.11000000,-0.26000000,0.32000000,美的集团
2023-02-17,000333,230.46000000,231.70000000,232.15000000,230.35000000,158066,811189152.47000003,0.78000000,0.16000000,0.38000000,0.23000000,美的集团
2023-02-20,000333,232.15000000,238.90000000,240.36000000,230.68000000,383136,2019572888.96000004,4.18000000,3.11000000,7.20000000,0.56000000,美的集团
2023-02-21,000333,238.90000000,239.80000000,240.77000000,236.76000000,256493,1369820913.56999993,1.68000000,0.38000000,0.90000000,0.37000000,美的集团
2023-02-22,000333,237.77000000,236.95000000,238.45000000,235.56000000,229115,1208465937.50999999,1.21000000,-1.19000000,-2.85000000,0.33000000,美的集团
2023-02-23,000333,236.98000000,239.16000000,241.07000000,236.98000000,240107,1283774546.61999989,1.73000000,0.93000000,2.21000000,0.35000000,美的集团
2023-02-24,000333,238.45000000,237.70000000,239.23000000,237.10000000,169278,898514540.17999995,0.89000000,-0.61000000,-1.46000000,0.25000000,美的集团
2023-02-27,000333,236.27000000,235.52000000,237.70000000,233.50000000,169471,888727920.67999995,1.77000000,-0.92000000,-2.18000000,0.25000000,美的集团
2023-02-28,000333,234.10000000,235.75000000,238.30000000,234.10000000,194045,1019960547.49000001,1.78000000,0.10000000,0.23000000,0.28000000,美的集团
2023-03-01,000333,235.93000000,243.85000000,245.23000000,235.93000000,432975,2350199969.15000010,3.94000000,3.44000000,8.10000000,0.63000000,美的集团
2023-03-02,000333,243.77000000,244.71000000,247.82000000,242.08000000,255490,1408679946.09999990,2.35000000,0.35000000,0.86000000,0.37000000,美的集团
2023-03-03,000333,246.21000000,246.02000000,248.42000000,244.00000000,197415,1090871927.33999991,1.81000000,0.54000000,1.31000000,0.29000000,美的集团
2023-03-06,000333,244.67000000,240.88000000,245.27000000,240.81000000,259357,1403695330.04999995,1.81000000,-2.09000000,-5.14000000,0.38000000,美的集团
2023-03-07,000333,240.92000000,237.25000000,242.91000000,236.65000000,194738,1041648711.50999999,2.60000000,-1.51000000,-3.63000000,0.28000000,美的集团
2023-03-08,000333,236.46000000,235.11000000,237.02000000,234.28000000,144948,759112018.20000005,1.15000000,-0.90000000,-2.14000000,0.21000000,美的集团
2023-03-09,000333,235.11000000,236.65000000,238.71000000,235.03000000,130131,688042449.65999997,1.57000000,0.66000000,1.54000000,0.19000000,美的集团
2023-03-10,000333,234.92000000,230.83000000,235.90000000,230.35000000,192134,991798893.83000004,2.35000000,-2.46000000,-5.82000000,0.28000000,美的集团
2023-03-13,000333,230.31000000,234.25000000,234.92000000,230.27000000,194837,1009855801.36000001,2.01000000,1.48000000,3.42000000,0.28000000,美的集团
2023-03-14,000333,232.97000000,230.83000000,233.68000000,229.15000000,165011,844706514.88999999,1.93000000,-1.46000000,-3.42000000,0.24000000,美的集团
2023-03-15,000333,232.15000000,228.25000000,232.63000000,228.02000000,209456,1067097770.98000002,2.00000000,-1.12000000,-2.58000000,0.31000000,美的集团
2023-03-16,000333,226.82000000,226.67000000,227.98000000,225.21000000,121820,610120756.05999994,1.21000000,-0.69000000,-1.58000000,0.18000000,美的集团
2023-03-17,000333,228.40000000,227.76000000,230.95000000,226.75000000,201231,1018389815.28999996,1.85000000,0.48000000,1.09000000,0.29000000,美的集团
2023-03-20,000333,227.20000000,228.17000000,230.76000000,226.90000000,163015,826038622.50000000,1.69000000,0.18000000,0.41000000,0.24000000,美的集团
2023-03-21,000333,228.58000000,234.40000000,234.55000000,228.58000000,231466,1191368462.36999989,2.62000000,2.73000000,6.23000000,0.34000000,美的集团
2023-03-22,000333,234.77000000,232.90000000,235.03000000,231.40000000,135542,700825341.28999996,1.55000000,-0.64000000,-1.50000000,0.20000000,美的集团
2023-03-23,000333,232.07000000,233.35000000,234.02000000,231.73000000,123790,641022828.95000005,0.98000000,0.19000000,0.45000000,0.18000000,美的集团
2023-03-24,000333,233.35000000,234.36000000,234.66000000,232.67000000,132776,689957504.00000000,0.85000000,0.43000000,1.01000000,0.19000000,美的集团
2023-03-27,000333,234.36000000,233.46000000,235.75000000,232.90000000,127683,663222019.69000006,1.22000000,-0.38000000,-0.90000000,0.19000000,美的集团
2023-03-28,000333,232.90000000,230.61000000,234.32000000,230.50000000,128679,660858734.14999998,1.64000000,-1.22000000,-2.85000000,0.19000000,美的集团
2023-03-29,000333,231.70000000,231.77000000,232.41000000,230.65000000,128030,656903324.57000005,0.76000000,0.50000000,1.16000000,0.19000000,美的集团
2023-03-30,000333,231.58000000,243.28000000,244.52000000,231.40000000,571574,3061435505.46999979,5.66000000,4.97000000,11.51000000,0.83000000,美的集团
2023-03-31,000333,241.93000000,240.81000000,243.85000000,239.12000000,277888,1500198904.14000010,1.94000000,-1.02000000,-2.47000000,0.41000000,美的集团
2023-04-03,000333,245.27000000,244.11000000,246.77000000,242.27000000,373915,2056019794.58999991,1.87000000,1.37000000,3.30000000,0.55000000,美的集团
2023-04-04,000333,243.40000000,243.88000000,244.22000000,240.58000000,179891,975597257.03999996,1.49000000,-0.09000000,-0.23000000,0.26000000,美的集团
2023-04-06,000333,243.10000000,241.60000000,245.27000000,240.58000000,152435,827518348.17999995,1.92000000,-0.93000000,-2.28000000,0.22000000,美的集团
2023-04-07,000333,241.18000000,244.07000000,246.28000000,241.18000000,158641,869954355.78999996,2.11000000,1.02000000,2.47000000,0.23000000,美的集团
2023-04-10,000333,243.02000000,244.37000000,245.50000000,241.56000000,156493,853817627.02999997,1.61000000,0.12000000,0.30000000,0.23000000,美的集团
2023-04-11,000333,243.06000000,248.42000000,250.41000000,243.02000000,324366,1815026842.83999991,3.02000000,1.66000000,4.05000000,0.47000000,美的集团
2023-04-12,000333,248.42000000,247.15000000,251.83000000,246.77000000,223025,1251325789.30999994,2.04000000,-0.51000000,-1.27000000,0.33000000,美的集团
2023-04-13,000333,245.46000000,242.05000000,246.36000000,242.05000000,182595,994810155.19000006,1.74000000,-2.06000000,-5.10000000,0.27000000,美的集团
2023-04-14,000333,242.20000000,241.30000000,243.96000000,240.88000000,142124,771635251.89999998,1.27000000,-0.31000000,-0.75000000,0.21000000,美的集团
2023-04-17,000333,241.18000000,246.85000000,247.45000000,241.11000000,262280,1444699532.05999994,2.63000000,2.30000000,5.55000000,0.38000000,美的集团
2023-04-18,000333,246.02000000,251.95000000,254.27000000,245.91000000,387063,2197663192.05999994,3.39000000,2.07000000,5.10000000,0.56000000,美的集团
2023-04-19,000333,251.95000000,249.32000000,253.71000000,249.21000000,191887,1084909580.88000011,1.79000000,-1.04000000,-2.63000000,0.28000000,美的集团
2023-04-20,000333,249.70000000,252.92000000,256.67000000,249.70000000,367949,2114956905.27999997,2.80000000,1.44000000,3.60000000,0.53000000,美的集团
2023-04-21,000333,254.27000000,252.21000000,258.77000000,251.83000000,398924,2311553652.07000017,2.74000000,-0.28000000,-0.71000000,0.58000000,美的集团
2023-04-24,000333,249.77000000,252.88000000,259.33000000,249.06000000,339921,1960933653.81999993,4.07000000,0.27000000,0.67000000,0.49000000,美的集团
2023-04-25,000333,252.77000000,255.21000000,256.67000000,247.71000000,429621,2450369690.61000013,3.54000000,0.92000000,2.33000000,0.62000000,美的集团
2023-04-26,000333,252.85000000,251.65000000,254.08000000,248.91000000,239342,1357589706.79999995,2.03000000,-1.39000000,-3.56000000,0.35000000,美的集团
2023-04-27,000333,249.66000000,253.75000000,255.58000000,249.66000000,157771,898336282.72000003,2.35000000,0.83000000,2.10000000,0.23000000,美的集团
2023-04-28,000333,253.71000000,251.95000000,254.08000000,249.81000000,156906,891005834.71000004,1.68000000,-0.71000000,-1.80000000,0.23000000,美的集团
2023-05-04,000333,253.60000000,251.20000000,258.21000000,248.46000000,268566,1525949937.48000002,3.87000000,-0.30000000,-0.75000000,0.39000000,美的集团
2023-05-05,000333,250.52000000,246.51000000,250.52000000,241.82000000,342123,1879206731.19000006,3.46000000,-1.87000000,-4.69000000,0.50000000,美的集团
2023-05-08,000333,246.51000000,245.31000000,248.98000000,243.28000000,208722,1151128787.42000008,2.31000000,-0.49000000,-1.20000000,0.30000000,美的集团
2023-05-09,000333,244.52000000,244.52000000,247.37000000,241.56000000,181394,995439011.13000000,2.37000000,-0.32000000,-0.79000000,0.26000000,美的集团
2023-05-10,000333,243.40000000,246.77000000,249.02000000,241.07000000,174626,965082241.00999999,3.25000000,0.92000000,2.25000000,0.25000000,美的集团
2023-05-11,000333,247.33000000,246.96000000,251.72000000,246.55000000,126225,706491977.75999999,2.10000000,0.08000000,0.19000000,0.18000000,美的集团
2023-05-12,000333,246.51000000,248.35000000,254.61000000,246.43000000,165590,935578508.14999998,3.31000000,0.56000000,1.39000000,0.24000000,美的集团
2023-05-15,000333,248.50000000,251.23000000,251.80000000,245.31000000,140666,786956984.75000000,2.61000000,1.16000000,2.88000000,0.20000000,美的集团
2023-05-16,000333,251.23000000,246.58000000,253.67000000,245.68000000,136126,760273937.11000001,3.18000000,-1.85000000,-4.65000000,0.20000000,美的集团
2023-05-17,000333,246.10000000,245.35000000,250.52000000,244.56000000,90763,501402349.69999999,2.42000000,-0.50000000,-1.23000000,0.13000000,美的集团
2023-05-18,000333,245.83000000,245.27000000,246.85000000,243.58000000,110695,609452710.02999997,1.33000000,-0.03000000,-0.08000000,0.16000000,美的集团
2023-05-19,000333,244.00000000,248.27000000,252.25000000,244.00000000,203843,1140023138.59999990,3.36000000,1.22000000,3.00000000,0.30000000,美的集团
2023-05-22,000333,248.27000000,251.68000000,252.58000000,248.27000000,151998,860397294.03999996,1.74000000,1.37000000,3.41000000,0.22000000,美的集团
2023-05-23,000333,251.61000000,248.83000000,252.58000000,248.57000000,155851,878179041.77999997,1.59000000,-1.13000000,-2.85000000,0.23000000,美的集团
2023-05-24,000333,248.35000000,240.02000000,248.61000000,239.65000000,266742,1447402650.33999991,3.60000000,-3.54000000,-8.81000000,0.39000000,美的集团
2023-05-25,000333,239.27000000,241.56000000,243.36000000,236.57000000,171434,923732852.67999995,2.83000000,0.64000000,1.54000000,0.25000000,美的集团
2023-05-26,000333,241.56000000,242.50000000,243.21000000,239.57000000,111661,602101037.87000000,1.51000000,0.39000000,0.94000000,0.16000000,美的集团
2023-05-29,000333,242.53000000,239.46000000,244.11000000,238.07000000,174334,936727537.58000004,2.49000000,-1.25000000,-3.04000000,0.25000000,美的集团
2023-05-30,000333,239.46000000,235.26000000,240.25000000,233.23000000,320846,1678415610.04999995,2.93000000,-1.75000000,-4.20000000,0.47000000,美的集团
2023-05-31,000333,236.23000000,231.51000000,236.65000000,230.65000000,280650,1445385156.22000003,2.55000000,-1.59000000,-3.75000000,0.41000000,美的集团
2023-06-01,000333,232.22000000,231.73000000,235.15000000,230.38000000,348935,1711949689.19000006,2.06000000,0.10000000,0.22000000,0.51000000,美的集团
2023-06-02,000333,235.90000000,242.65000000,243.77000000,235.86000000,499392,2566107482.17000008,3.41000000,4.71000000,10.92000000,0.73000000,美的集团
2023-06-05,000333,245.31000000,250.67000000,251.46000000,241.86000000,399400,2119331989.14000010,3.96000000,3.31000000,8.02000000,0.58000000,美的集团
2023-06-06,000333,250.67000000,251.68000000,255.81000000,247.33000000,342618,1866611024.40000010,3.38000000,0.40000000,1.01000000,0.50000000,美的集团
2023-06-07,000333,256.52000000,255.58000000,257.53000000,252.73000000,369087,2035955381.23000002,1.91000000,1.55000000,3.90000000,0.54000000,美的集团
2023-06-08,000333,257.27000000,261.73000000,262.56000000,255.40000000,475531,2680031435.61000013,2.80000000,2.41000000,6.15000000,0.69000000,美的集团
2023-06-09,000333,264.02000000,258.81000000,265.00000000,257.53000000,410652,2319633365.17000008,2.85000000,-1.12000000,-2.92000000,0.60000000,美的集团
2023-06-12,000333,258.85000000,263.46000000,265.22000000,257.27000000,396210,2256003426.76000023,3.07000000,1.80000000,4.65000000,0.58000000,美的集团
2023-06-13,000333,263.12000000,260.68000000,265.03000000,259.37000000,248501,1409611781.98000002,2.15000000,-1.06000000,-2.78000000,0.36000000,美的集团
2023-06-14,000333,263.01000000,262.45000000,265.82000000,260.72000000,360007,2057761143.13000011,1.96000000,0.68000000,1.77000000,0.52000000,美的集团
2023-06-15,000333,263.12000000,265.90000000,268.07000000,262.18000000,312765,1814552067.07999992,2.24000000,1.31000000,3.45000000,0.45000000,美的集团
2023-06-16,000333,267.40000000,267.21000000,269.61000000,263.65000000,300061,1745695208.17000008,2.24000000,0.49000000,1.31000000,0.44000000,美的集团
2023-06-19,000333,265.90000000,261.43000000,266.42000000,261.02000000,289110,1651975820.25000000,2.02000000,-2.16000000,-5.78000000,0.42000000,美的集团
2023-06-20,000333,261.85000000,264.32000000,269.35000000,261.40000000,243810,1413907765.99000001,3.04000000,1.11000000,2.89000000,0.35000000,美的集团
2023-06-21,000333,265.90000000,266.95000000,271.90000000,263.65000000,451303,2649838248.05000019,3.12000000,1.00000000,2.63000000,0.66000000,美的集团
2023-06-26,000333,272.76000000,266.42000000,273.21000000,265.15000000,335581,1957482191.73000002,3.02000000,-0.20000000,-0.53000000,0.49000000,美的集团
2023-06-27,000333,266.72000000,272.23000000,273.96000000,265.45000000,481237,2851634264.51000023,3.19000000,2.18000000,5.81000000,0.70000000,美的集团
2023-06-28,000333,271.33000000,272.27000000,275.35000000,270.43000000,327901,1964640593.02999997,1.81000000,0.01000000,0.04000000,0.48000000,美的集团
2023-06-29,000333,272.35000000,270.17000000,272.61000000,266.72000000,276783,1635162204.39000010,2.16000000,-0.77000000,-2.10000000,0.40000000,美的集团
2023-06-30,000333,270.51000000,269.35000000,272.72000000,268.00000000,264876,1563113126.58999991,1.75000000,-0.30000000,-0.82000000,0.38000000,美的集团
2023-07-03,000333,269.20000000,269.87000000,274.82000000,267.13000000,318762,1892919808.14000010,2.86000000,0.19000000,0.52000000,0.46000000,美的集团
2023-07-04,000333,270.70000000,269.27000000,271.90000000,266.35000000,219446,1290009361.97000003,2.06000000,-0.22000000,-0.60000000,0.32000000,美的集团
2023-07-05,000333,269.98000000,270.10000000,270.88000000,267.47000000,187016,1103273063.52999997,1.27000000,0.31000000,0.83000000,0.27000000,美的集团
2023-07-06,000333,270.13000000,267.28000000,272.46000000,267.02000000,169577,995554522.94000006,2.01000000,-1.04000000,-2.82000000,0.25000000,美的集团
2023-07-07,000333,266.05000000,264.96000000,268.11000000,262.90000000,293796,1698410265.17000008,1.95000000,-0.87000000,-2.32000000,0.43000000,美的集团
2023-07-10,000333,265.22000000,260.76000000,265.63000000,258.55000000,320860,1818167155.99000001,2.67000000,-1.59000000,-4.20000000,0.47000000,美的集团
2023-07-11,000333,261.40000000,260.87000000,262.45000000,259.90000000,158028,896629010.33000004,0.98000000,0.04000000,0.11000000,0.23000000,美的集团
2023-07-12,000333,261.77000000,262.48000000,266.20000000,259.90000000,187815,1079865899.40000010,2.41000000,0.62000000,1.61000000,0.27000000,美的集团
2023-07-13,000333,262.90000000,265.15000000,267.10000000,262.90000000,169307,978559177.15999997,1.60000000,1.02000000,2.67000000,0.25000000,美的集团
2023-07-14,000333,264.96000000,263.87000000,266.91000000,262.22000000,105000,603243715.63000000,1.77000000,-0.48000000,-1.28000000,0.15000000,美的集团
2023-07-17,000333,262.90000000,262.63000000,262.90000000,259.52000000,90425,512387286.52999997,1.28000000,-0.47000000,-1.24000000,0.13000000,美的集团
2023-07-18,000333,263.65000000,261.17000000,263.65000000,257.16000000,239882,1351665336.24000001,2.47000000,-0.56000000,-1.46000000,0.35000000,美的集团
2023-07-19,000333,261.73000000,266.38000000,267.21000000,260.91000000,278044,1601948633.66000009,2.41000000,1.99000000,5.21000000,0.40000000,美的集团
2023-07-20,000333,265.52000000,264.13000000,268.33000000,263.80000000,140516,815686031.10000002,1.70000000,-0.84000000,-2.25000000,0.20000000,美的集团
2023-07-21,000333,264.21000000,262.63000000,266.20000000,262.11000000,120709,693513021.30999994,1.55000000,-0.57000000,-1.50000000,0.18000000,美的集团
2023-07-24,000333,262.63000000,261.28000000,263.50000000,258.88000000,115888,657937835.19000006,1.76000000,-0.51000000,-1.35000000,0.17000000,美的集团
2023-07-25,000333,265.37000000,269.57000000,270.70000000,265.15000000,376481,2216891658.75000000,2.12000000,3.17000000,8.29000000,0.55000000,美的集团
2023-07-26,000333,268.93000000,268.07000000,271.67000000,267.70000000,187526,1105031413.53999996,1.47000000,-0.56000000,-1.50000000,0.27000000,美的集团
2023-07-27,000333,267.96000000,267.70000000,270.10000000,267.21000000,151970,893501893.19000006,1.08000000,-0.14000000,-0.37000000,0.22000000,美的集团
2023-07-28,000333,268.52000000,272.42000000,272.72000000,266.31000000,240041,1424164599.22000003,2.39000000,1.76000000,4.72000000,0.35000000,美的集团
2023-07-31,000333,276.96000000,270.85000000,278.27000000,270.21000000,325183,1952524582.77999997,2.96000000,-0.58000000,-1.57000000,0.47000000,美的集团
2023-08-01,000333,270.85000000,266.83000000,272.23000000,266.38000000,204186,1197877268.86999989,2.16000000,-1.48000000,-4.02000000,0.30000000,美的集团
2023-08-02,000333,266.27000000,267.02000000,268.97000000,265.03000000,235436,1370719586.01999998,1.48000000,0.07000000,0.19000000,0.34000000,美的集团
2023-08-03,000333,265.82000000,265.82000000,266.65000000,262.11000000,233629,1344124458.18000007,1.70000000,-0.45000000,-1.20000000,0.34000000,美的集团
2023-08-04,000333,267.02000000,265.60000000,269.61000000,265.18000000,196637,1147020984.83999991,1.67000000,-0.08000000,-0.22000000,0.29000000,美的集团
2023-08-07,000333,265.11000000,265.45000000,266.61000000,263.42000000,153707,887391728.92999995,1.20000000,-0.06000000,-0.15000000,0.22000000,美的集团
2023-08-08,000333,264.02000000,262.15000000,264.21000000,262.00000000,136355,779253638.45000005,0.83000000,-1.24000000,-3.30000000,0.20000000,美的集团
2023-08-09,000333,262.86000000,264.25000000,264.77000000,262.30000000,151434,868904097.46000004,0.94000000,0.80000000,2.10000000,0.22000000,美的集团
2023-08-10,000333,262.93000000,259.71000000,263.27000000,256.52000000,385305,2159087492.32999992,2.55000000,-1.72000000,-4.54000000,0.56000000,美的集团
2023-08-11,000333,259.48000000,255.32000000,260.08000000,255.17000000,255333,1419423214.75999999,1.89000000,-1.69000000,-4.39000000,0.37000000,美的集团
2023-08-14,000333,252.77000000,256.30000000,256.78000000,251.95000000,195167,1073370152.49000001,1.89000000,0.38000000,0.98000000,0.28000000,美的集团
2023-08-15,000333,255.81000000,255.25000000,256.75000000,253.15000000,163704,901353362.11000001,1.40000000,-0.41000000,-1.05000000,0.24000000,美的集团
2023-08-16,000333,253.90000000,255.51000000,256.00000000,252.25000000,153587,843256905.36000001,1.47000000,0.10000000,0.26000000,0.22000000,美的集团
2023-08-17,000333,254.27000000,257.80000000,258.17000000,252.88000000,152165,842880581.35000002,2.07000000,0.90000000,2.29000000,0.22000000,美的集团
2023-08-18,000333,257.57000000,253.86000000,257.83000000,253.26000000,134638,741138398.99000001,1.77000000,-1.53000000,-3.94000000,0.20000000,美的集团
2023-08-21,000333,253.18000000,252.32000000,256.00000000,252.21000000,131172,718680500.61000001,1.49000000,-0.61000000,-1.54000000,0.19000000,美的集团
2023-08-22,000333,252.02000000,252.28000000,253.45000000,248.68000000,230543,1249497364.10999990,1.89000000,-0.02000000,-0.04000000,0.33000000,美的集团
2023-08-23,000333,251.35000000,249.85000000,253.37000000,249.40000000,157983,854634875.20000005,1.57000000,-0.96000000,-2.43000000,0.23000000,美的集团
2023-08-24,000333,250.86000000,254.83000000,256.33000000,249.02000000,255836,1398433374.76999998,2.93000000,1.99000000,4.98000000,0.37000000,美的集团
2023-08-25,000333,254.46000000,255.62000000,258.36000000,252.85000000,164728,907722077.95000005,2.16000000,0.31000000,0.79000000,0.24000000,美的集团
2023-08-28,000333,263.27000000,259.00000000,265.82000000,257.57000000,288004,1624044691.02999997,3.23000000,1.32000000,3.38000000,0.42000000,美的集团
2023-08-29,000333,257.95000000,258.58000000,260.23000000,256.71000000,217871,1221870560.31999993,1.36000000,-0.16000000,-0.42000000,0.32000000,美的集团
2023-08-30,000333,258.55000000,261.47000000,262.82000000,257.31000000,233664,1323189377.16000009,2.13000000,1.12000000,2.89000000,0.34000000,美的集团
2023-08-31,000333,263.27000000,260.31000000,265.15000000,260.20000000,280838,1596998959.59999990,1.89000000,-0.44000000,-1.16000000,0.41000000,美的集团
2023-09-01,000333,262.15000000,265.63000000,267.77000000,262.11000000,266506,1541478627.78999996,2.17000000,2.04000000,5.32000000,0.39000000,美的集团
2023-09-04,000333,267.77000000,266.72000000,268.90000000,264.47000000,200900,1169057319.80999994,1.67000000,0.41000000,1.09000000,0.29000000,美的集团
2023-09-05,000333,266.87000000,265.07000000,267.73000000,264.43000000,153090,887170819.82000005,1.24000000,-0.62000000,-1.65000000,0.22000000,美的集团
2023-09-06,000333,264.06000000,262.82000000,265.90000000,261.70000000,208883,1194824717.83999991,1.58000000,-0.85000000,-2.25000000,0.30000000,美的集团
2023-09-07,000333,262.48000000,260.53000000,262.60000000,260.27000000,136399,774015904.78999996,0.89000000,-0.87000000,-2.29000000,0.20000000,美的集团
2023-09-08,000333,261.17000000,258.70000000,261.51000000,257.68000000,84002,471931158.25999999,1.47000000,-0.70000000,-1.83000000,0.12000000,美的集团
2023-09-11,000333,259.56000000,260.01000000,261.70000000,258.43000000,140721,793322668.24000001,1.26000000,0.51000000,1.31000000,0.20000000,美的集团
2023-09-12,000333,259.97000000,262.93000000,264.85000000,259.52000000,164034,937947088.74000001,2.05000000,1.12000000,2.92000000,0.24000000,美的集团
2023-09-13,000333,262.52000000,262.15000000,264.17000000,261.02000000,107434,613122120.65999997,1.20000000,-0.30000000,-0.78000000,0.16000000,美的集团
2023-09-14,000333,262.18000000,260.46000000,263.12000000,259.37000000,102895,581688865.66999996,1.43000000,-0.64000000,-1.69000000,0.15000000,美的集团
2023-09-15,000333,260.80000000,257.61000000,260.98000000,255.77000000,164512,917665598.70000005,2.00000000,-1.09000000,-2.85000000,0.24000000,美的集团
2023-09-18,000333,257.65000000,258.77000000,260.61000000,255.43000000,144278,808841172.19000006,2.01000000,0.45000000,1.16000000,0.21000000,美的集团
2023-09-19,000333,258.36000000,258.58000000,258.96000000,256.33000000,123661,689874974.40999997,1.02000000,-0.07000000,-0.19000000,0.18000000,美的集团
2023-09-20,000333,258.51000000,261.73000000,263.05000000,257.38000000,213801,1210967114.20000005,2.19000000,1.22000000,3.15000000,0.31000000,美的集团
2023-09-21,000333,261.70000000,259.60000000,261.70000000,258.47000000,167691,946858135.16999996,1.23000000,-0.81000000,-2.13000000,0.24000000,美的集团
2023-09-22,000333,260.61000000,262.33000000,262.56000000,259.03000000,221702,1259327922.56999993,1.36000000,1.05000000,2.73000000,0.32000000,美的集团
2023-09-25,000333,261.73000000,260.76000000,261.73000000,259.26000000,166432,941423312.52999997,0.94000000,-0.60000000,-1.57000000,0.24000000,美的集团
2023-09-26,000333,261.25000000,258.40000000,262.90000000,258.40000000,189349,1067479335.20000005,1.73000000,-0.91000000,-2.36000000,0.28000000,美的集团
2023-09-27,000333,258.40000000,259.11000000,260.87000000,256.26000000,188109,1054884218.40999997,1.78000000,0.27000000,0.71000000,0.27000000,美的集团
2023-09-28,000333,259.86000000,256.45000000,260.27000000,256.18000000,170976,953613283.54999995,1.58000000,-1.03000000,-2.66000000,0.25000000,美的集团
2023-10-09,000333,256.37000000,257.50000000,258.81000000,254.27000000,286595,1591907095.85999990,1.77000000,0.41000000,1.05000000,0.42000000,美的集团
2023-10-10,000333,256.48000000,253.78000000,257.53000000,252.47000000,214996,1179223499.86999989,1.97000000,-1.44000000,-3.72000000,0.31000000,美的集团
2023-10-11,000333,253.71000000,253.78000000,257.98000000,252.77000000,204184,1123573120.52999997,2.05000000,0.00000000,0.00000000,0.30000000,美的集团
2023-10-12,000333,254.65000000,255.70000000,256.45000000,253.18000000,176042,970427691.71000004,1.29000000,0.76000000,1.92000000,0.26000000,美的集团
2023-10-13,000333,255.36000000,254.61000000,256.30000000,252.88000000,129960,712981553.98000002,1.34000000,-0.43000000,-1.09000000,0.19000000,美的集团
2023-10-16,000333,253.90000000,254.95000000,256.18000000,253.90000000,150202,826944834.76999998,0.90000000,0.13000000,0.34000000,0.22000000,美的集团
2023-10-17,000333,254.95000000,257.95000000,258.36000000,254.83000000,168302,936368372.26999998,1.38000000,1.18000000,3.00000000,0.24000000,美的集团
2023-10-18,000333,257.20000000,256.41000000,257.98000000,255.43000000,106371,590623193.20000005,0.99000000,-0.60000000,-1.54000000,0.15000000,美的集团
2023-10-19,000333,255.73000000,251.76000000,255.73000000,251.57000000,201961,1103206369.95000005,1.62000000,-1.81000000,-4.65000000,0.29000000,美的集团
2023-10-20,000333,250.67000000,247.82000000,251.12000000,246.70000000,210898,1123754128.35999990,1.76000000,-1.56000000,-3.94000000,0.31000000,美的集团
2023-10-23,000333,247.15000000,248.08000000,249.51000000,246.06000000,168644,897561652.67999995,1.39000000,0.10000000,0.26000000,0.24000000,美的集团
2023-10-24,000333,247.18000000,247.82000000,248.98000000,244.15000000,250198,1323069265.75000000,1.95000000,-0.10000000,-0.26000000,0.36000000,美的集团
2023-10-25,000333,250.11000000,244.97000000,250.93000000,243.92000000,258565,1364767551.48000002,2.83000000,-1.15000000,-2.85000000,0.38000000,美的集团
2023-10-26,000333,244.22000000,245.31000000,246.10000000,243.51000000,151655,794020501.00000000,1.06000000,0.14000000,0.34000000,0.22000000,美的集团
2023-10-27,000333,244.75000000,249.92000000,250.90000000,244.18000000,253188,1352282942.98000002,2.74000000,1.88000000,4.61000000,0.37000000,美的集团
2023-10-30,000333,248.38000000,252.77000000,253.30000000,248.38000000,164885,892765169.60000002,1.97000000,1.14000000,2.85000000,0.24000000,美的集团
2023-10-31,000333,252.02000000,246.85000000,252.02000000,246.02000000,238072,1263696549.70000005,2.37000000,-2.34000000,-5.92000000,0.35000000,美的集团
2023-11-01,000333,246.43000000,247.18000000,248.87000000,246.02000000,189338,1004719416.42999995,1.15000000,0.13000000,0.33000000,0.27000000,美的集团
2023-11-02,000333,247.15000000,247.82000000,252.43000000,246.43000000,200855,1072266180.20000005,2.43000000,0.26000000,0.64000000,0.29000000,美的集团
2023-11-03,000333,247.60000000,246.40000000,248.46000000,246.10000000,177406,939971081.16999996,0.95000000,-0.57000000,-1.42000000,0.26000000,美的集团
2023-11-06,000333,247.15000000,247.67000000,248.27000000,246.02000000,249182,1322403103.11999989,0.91000000,0.52000000,1.27000000,0.36000000,美的集团
2023-11-07,000333,247.52000000,247.52000000,248.20000000,245.57000000,188982,999762781.82000005,1.06000000,-0.06000000,-0.15000000,0.27000000,美的集团
2023-11-08,000333,245.83000000,246.58000000,247.11000000,245.31000000,213857,1128009345.20000005,0.73000000,-0.38000000,-0.94000000,0.31000000,美的集团
2023-11-09,000333,246.70000000,245.08000000,248.38000000,244.71000000,141469,743811714.13999999,1.49000000,-0.61000000,-1.50000000,0.21000000,美的集团
2023-11-10,000333,244.52000000,246.02000000,246.62000000,244.33000000,130271,685147777.45000005,0.93000000,0.38000000,0.94000000,0.19000000,美的集团
2023-11-13,000333,245.80000000,239.87000000,245.80000000,238.45000000,382916,1957444236.35999990,2.99000000,-2.50000000,-6.15000000,0.56000000,美的集团
2023-11-14,000333,239.72000000,239.98000000,241.22000000,238.90000000,248028,1266466646.10999990,0.97000000,0.05000000,0.11000000,0.36000000,美的集团
2023-11-15,000333,241.30000000,241.67000000,242.50000000,239.46000000,196363,1010107977.71000004,1.27000000,0.70000000,1.69000000,0.28000000,美的集团
2023-11-16,000333,241.15000000,242.46000000,244.11000000,240.81000000,216055,1121013154.60999990,1.37000000,0.33000000,0.79000000,0.31000000,美的集团
2023-11-17,000333,241.90000000,242.87000000,243.28000000,240.43000000,135134,697252679.61000001,1.18000000,0.17000000,0.41000000,0.20000000,美的集团
2023-11-20,000333,241.67000000,245.01000000,246.77000000,241.67000000,182191,955124720.21000004,2.10000000,0.88000000,2.14000000,0.26000000,美的集团
2023-11-21,000333,245.72000000,245.08000000,247.86000000,245.08000000,158459,836507593.72000003,1.13000000,0.03000000,0.07000000,0.23000000,美的集团
2023-11-22,000333,245.08000000,243.96000000,245.65000000,243.02000000,97869,511071755.32999998,1.07000000,-0.46000000,-1.12000000,0.14000000,美的集团
2023-11-23,000333,243.96000000,246.25000000,246.88000000,242.83000000,101034,529662622.99000001,1.66000000,0.94000000,2.29000000,0.15000000,美的集团
2023-11-24,000333,246.40000000,245.20000000,246.58000000,243.66000000,157245,822539515.13999999,1.19000000,-0.43000000,-1.05000000,0.23000000,美的集团
2023-11-27,000333,245.01000000,243.28000000,245.01000000,242.46000000,159225,827425455.60000002,1.04000000,-0.78000000,-1.92000000,0.23000000,美的集团
2023-11-28,000333,244.15000000,245.38000000,246.40000000,241.63000000,217876,1138681640.65000010,1.96000000,0.86000000,2.10000000,0.32000000,美的集团
2023-11-29,000333,245.38000000,243.43000000,245.57000000,242.35000000,124265,646048742.15999997,1.31000000,-0.79000000,-1.95000000,0.18000000,美的集团
2023-11-30,000333,242.68000000,242.16000000,243.40000000,241.18000000,128619,664815260.92999995,0.91000000,-0.52000000,-1.27000000,0.19000000,美的集团
2023-12-01,000333,244.52000000,237.96000000,244.75000000,237.13000000,316050,1604750726.70000005,3.15000000,-1.73000000,-4.20000000,0.46000000,美的集团
2023-12-04,000333,237.70000000,236.23000000,238.86000000,235.30000000,220587,1107559873.50000000,1.50000000,-0.73000000,-1.73000000,0.32000000,美的集团
2023-12-05,000333,236.23000000,232.97000000,236.61000000,232.97000000,225103,1120255577.29999995,1.54000000,-1.38000000,-3.26000000,0.33000000,美的集团
2023-12-06,000333,232.37000000,232.82000000,234.58000000,231.21000000,191141,942351431.41999996,1.45000000,-0.06000000,-0.15000000,0.28000000,美的集团
2023-12-07,000333,233.50000000,236.72000000,237.73000000,232.97000000,250219,1251685066.74000001,2.04000000,1.68000000,3.90000000,0.36000000,美的集团
2023-12-08,000333,236.57000000,237.17000000,239.95000000,236.23000000,218113,1102240031.33999991,1.57000000,0.19000000,0.45000000,0.32000000,美的集团
2023-12-11,000333,235.33000000,239.72000000,241.15000000,232.97000000,252015,1272635678.21000004,3.45000000,1.08000000,2.55000000,0.37000000,美的集团
2023-12-12,000333,241.52000000,239.65000000,241.71000000,238.60000000,172048,879672020.10000002,1.30000000,-0.03000000,-0.07000000,0.25000000,美的集团
2023-12-13,000333,239.27000000,238.48000000,239.61000000,237.81000000,128587,652164458.20000005,0.75000000,-0.49000000,-1.17000000,0.19000000,美的集团
2023-12-14,000333,239.31000000,239.23000000,241.41000000,238.07000000,165634,847402712.76999998,1.40000000,0.31000000,0.75000000,0.24000000,美的集团
2023-12-15,000333,237.81000000,237.13000000,240.02000000,237.02000000,204702,1034871741.97000003,1.25000000,-0.88000000,-2.10000000,0.30000000,美的集团
2023-12-18,000333,236.01000000,239.98000000,240.32000000,234.96000000,223075,1133044739.96000004,2.26000000,1.20000000,2.85000000,0.32000000,美的集团
2023-12-19,000333,239.95000000,238.71000000,239.95000000,237.62000000,169545,859776399.62000000,0.97000000,-0.53000000,-1.27000000,0.25000000,美的集团
2023-12-20,000333,238.71000000,239.76000000,241.15000000,237.85000000,254170,1298397555.67000008,1.38000000,0.44000000,1.05000000,0.37000000,美的集团
2023-12-21,000333,240.47000000,243.47000000,244.45000000,239.16000000,274212,1422425462.33999991,2.21000000,1.55000000,3.71000000,0.40000000,美的集团
2023-12-22,000333,243.06000000,246.28000000,247.11000000,242.27000000,227281,1194539707.59999990,1.99000000,1.15000000,2.81000000,0.33000000,美的集团
2023-12-25,000333,245.72000000,245.91000000,248.08000000,245.01000000,113150,598032181.63000000,1.25000000,-0.15000000,-0.37000000,0.16000000,美的集团
2023-12-26,000333,245.72000000,246.40000000,248.01000000,245.38000000,161523,855413702.77999997,1.07000000,0.20000000,0.49000000,0.23000000,美的集团
2023-12-27,000333,246.32000000,249.40000000,249.77000000,246.10000000,203069,1081963246.60999990,1.49000000,1.22000000,3.00000000,0.29000000,美的集团
2023-12-28,000333,248.80000000,251.08000000,251.50000000,248.08000000,247280,1331261037.55999994,1.37000000,0.67000000,1.68000000,0.36000000,美的集团
2023-12-29,000333,251.16000000,253.26000000,254.57000000,249.85000000,259373,1410074986.80999994,1.88000000,0.87000000,2.18000000,0.38000000,美的集团
2024-01-02,000333,253.26000000,253.00000000,254.83000000,251.65000000,239057,1305162003.75999999,1.26000000,-0.10000000,-0.26000000,0.35000000,美的集团
2024-01-03,000333,253.11000000,252.58000000,253.90000000,251.27000000,206897,1126649739.08999991,1.04000000,-0.17000000,-0.42000000,0.30000000,美的集团
2024-01-04,000333,253.37000000,255.58000000,255.85000000,252.58000000,267025,1467886384.84999990,1.29000000,1.19000000,3.00000000,0.39000000,美的集团
2024-01-05,000333,255.40000000,256.90000000,258.70000000,254.08000000,300429,1669357551.21000004,1.81000000,0.52000000,1.32000000,0.44000000,美的集团
2024-01-08,000333,256.90000000,254.65000000,256.90000000,253.22000000,278097,1531117698.75000000,1.43000000,-0.88000000,-2.25000000,0.40000000,美的集团
2024-01-09,000333,253.56000000,255.28000000,255.88000000,251.31000000,216070,1184711711.54999995,1.79000000,0.25000000,0.63000000,0.31000000,美的集团
2024-01-10,000333,255.28000000,255.47000000,257.53000000,254.05000000,178208,984854746.10000002,1.36000000,0.07000000,0.19000000,0.26000000,美的集团
2024-01-11,000333,255.47000000,254.65000000,256.48000000,253.63000000,212369,1168392664.94000006,1.12000000,-0.32000000,-0.82000000,0.31000000,美的集团
2024-01-12,000333,254.27000000,254.65000000,257.31000000,253.07000000,243611,1343879865.49000001,1.67000000,0.00000000,0.00000000,0.35000000,美的集团
2024-01-15,000333,254.05000000,257.95000000,258.32000000,253.37000000,191241,1063527118.83000004,1.94000000,1.30000000,3.30000000,0.28000000,美的集团
2024-01-16,000333,256.93000000,261.85000000,261.96000000,255.02000000,337304,1903147107.14000010,2.69000000,1.51000000,3.90000000,0.49000000,美的集团
2024-01-17,000333,260.76000000,259.78000000,263.23000000,259.78000000,269141,1530395102.15000010,1.32000000,-0.79000000,-2.07000000,0.39000000,美的集团
2024-01-18,000333,261.36000000,259.90000000,262.11000000,254.95000000,390231,2175726535.61000013,2.76000000,0.05000000,0.12000000,0.57000000,美的集团
2024-01-19,000333,258.40000000,258.92000000,260.65000000,257.87000000,299370,1681993909.22000003,1.07000000,-0.38000000,-0.98000000,0.43000000,美的集团
2024-01-22,000333,257.95000000,255.92000000,260.87000000,254.95000000,359803,2017295148.71000004,2.29000000,-1.16000000,-3.00000000,0.52000000,美的集团
2024-01-23,000333,256.60000000,259.82000000,260.98000000,253.90000000,288485,1612570165.76999998,2.77000000,1.52000000,3.90000000,0.42000000,美的集团
2024-01-24,000333,258.96000000,262.86000000,263.80000000,258.47000000,264637,1503303922.90000010,2.05000000,1.17000000,3.04000000,0.38000000,美的集团
2024-01-25,000333,263.27000000,259.71000000,263.98000000,259.30000000,249636,1412367267.65000010,1.78000000,-1.20000000,-3.15000000,0.36000000,美的集团
2024-01-26,000333,259.71000000,264.06000000,264.96000000,259.71000000,327457,1874299632.73000002,2.02000000,1.67000000,4.35000000,0.47000000,美的集团
2024-01-29,000333,265.52000000,268.48000000,271.45000000,264.73000000,374987,2204469369.86999989,2.54000000,1.67000000,4.42000000,0.54000000,美的集团
2024-01-30,000333,268.52000000,266.72000000,270.40000000,265.90000000,273733,1604993046.20000005,1.68000000,-0.66000000,-1.76000000,0.40000000,美的集团
2024-01-31,000333,265.56000000,266.83000000,269.42000000,263.72000000,255442,1486711039.09999990,2.14000000,0.04000000,0.11000000,0.37000000,美的集团
2024-02-01,000333,266.76000000,268.93000000,271.37000000,265.90000000,303402,1785789270.80999994,2.05000000,0.79000000,2.10000000,0.44000000,美的集团
2024-02-02,000333,267.77000000,266.83000000,269.20000000,263.31000000,289505,1687829336.99000001,2.19000000,-0.78000000,-2.10000000,0.42000000,美的集团
2024-02-05,000333,265.90000000,271.33000000,271.90000000,265.22000000,461603,2724269122.17999983,2.50000000,1.69000000,4.50000000,0.67000000,美的集团
2024-02-06,000333,270.62000000,273.21000000,276.36000000,269.72000000,379464,2279549237.76000023,2.45000000,0.69000000,1.88000000,0.55000000,美的集团
2024-02-07,000333,270.73000000,277.56000000,277.78000000,269.76000000,461959,2791586567.03000021,2.94000000,1.59000000,4.35000000,0.68000000,美的集团
2024-02-08,000333,278.23000000,274.48000000,282.25000000,273.32000000,347232,2112587867.04999995,3.22000000,-1.11000000,-3.08000000,0.51000000,美的集团
2024-02-19,000333,279.77000000,275.65000000,279.77000000,272.68000000,356959,2157379733.25000000,2.58000000,0.43000000,1.17000000,0.52000000,美的集团
2024-02-20,000333,274.52000000,279.77000000,280.11000000,272.16000000,296309,1807531882.31999993,2.88000000,1.49000000,4.12000000,0.43000000,美的集团
2024-02-21,000333,277.15000000,279.81000000,282.96000000,275.95000000,277972,1719403865.94000006,2.51000000,0.01000000,0.04000000,0.41000000,美的集团
2024-02-22,000333,277.93000000,278.46000000,280.11000000,277.26000000,192591,1180530929.51999998,1.02000000,-0.48000000,-1.35000000,0.28000000,美的集团
2024-02-23,000333,279.70000000,271.97000000,281.27000000,270.85000000,430936,2580957128.96999979,3.74000000,-2.33000000,-6.49000000,0.63000000,美的集团
2024-02-26,000333,272.83000000,274.52000000,279.02000000,272.83000000,340977,2070387072.20000005,2.28000000,0.94000000,2.55000000,0.50000000,美的集团
2024-02-27,000333,275.61000000,280.60000000,280.86000000,273.77000000,280148,1720508594.65000010,2.58000000,2.21000000,6.08000000,0.41000000,美的集团
2024-02-28,000333,280.90000000,280.22000000,282.06000000,276.96000000,253674,1568616988.78999996,1.82000000,-0.14000000,-0.38000000,0.37000000,美的集团
2024-02-29,000333,280.90000000,283.26000000,286.45000000,279.96000000,489210,3071855395.61999989,2.32000000,1.08000000,3.04000000,0.72000000,美的集团
2024-03-01,000333,286.52000000,290.16000000,290.31000000,284.20000000,328449,2102800960.25000000,2.16000000,2.44000000,6.90000000,0.48000000,美的集团
2024-03-04,000333,292.15000000,290.65000000,295.90000000,286.52000000,373844,2415284580.13000011,3.23000000,0.17000000,0.49000000,0.55000000,美的集团
2024-03-05,000333,290.83000000,292.30000000,293.65000000,286.33000000,355253,2288367736.34000015,2.52000000,0.57000000,1.65000000,0.52000000,美的集团
2024-03-06,000333,291.77000000,290.31000000,294.13000000,289.52000000,219230,1422222516.43000007,1.58000000,-0.68000000,-1.99000000,0.32000000,美的集团
2024-03-07,000333,290.08000000,295.15000000,298.33000000,289.15000000,306340,2020641414.39000010,3.16000000,1.67000000,4.84000000,0.45000000,美的集团
2024-03-08,000333,295.41000000,296.27000000,297.73000000,291.70000000,261254,1714883400.95000005,2.04000000,0.38000000,1.12000000,0.38000000,美的集团
2024-03-11,000333,296.23000000,293.72000000,296.27000000,290.50000000,280270,1826293591.57999992,1.95000000,-0.86000000,-2.55000000,0.41000000,美的集团
2024-03-12,000333,293.46000000,288.88000000,293.46000000,284.83000000,507399,3241294650.71000004,2.94000000,-1.65000000,-4.84000000,0.74000000,美的集团
2024-03-13,000333,287.12000000,288.66000000,289.63000000,284.65000000,327232,2084900581.88000011,1.72000000,-0.08000000,-0.22000000,0.48000000,美的集团
2024-03-14,000333,287.87000000,290.27000000,291.21000000,286.90000000,315317,2026233407.14000010,1.49000000,0.56000000,1.61000000,0.46000000,美的集团
2024-03-15,000333,289.86000000,288.47000000,290.27000000,285.77000000,254639,1624685427.44000006,1.55000000,-0.62000000,-1.80000000,0.37000000,美的集团
2024-03-18,000333,287.95000000,282.25000000,287.98000000,282.21000000,425011,2667915013.67000008,2.00000000,-2.16000000,-6.22000000,0.62000000,美的集团
2024-03-19,000333,281.65000000,283.15000000,285.10000000,281.53000000,297946,1867932283.73000002,1.26000000,0.32000000,0.90000000,0.44000000,美的集团
2024-03-20,000333,281.65000000,280.45000000,282.77000000,278.65000000,377909,2337851554.38999987,1.46000000,-0.95000000,-2.70000000,0.55000000,美的集团
2024-03-21,000333,280.56000000,275.46000000,281.05000000,273.88000000,391892,2377326996.19999981,2.56000000,-1.78000000,-4.99000000,0.57000000,美的集团
2024-03-22,000333,275.50000000,283.22000000,283.33000000,275.27000000,431568,2671677604.67000008,2.93000000,2.82000000,7.76000000,0.63000000,美的集团
2024-03-25,000333,281.61000000,284.27000000,287.12000000,280.07000000,269033,1694247611.48000002,2.49000000,0.37000000,1.05000000,0.39000000,美的集团
2024-03-26,000333,282.06000000,283.60000000,285.58000000,282.06000000,253537,1591428438.39000010,1.24000000,-0.24000000,-0.67000000,0.37000000,美的集团
2024-03-27,000333,282.88000000,287.16000000,291.70000000,282.81000000,348428,2227887825.25000000,3.13000000,1.26000000,3.56000000,0.51000000,美的集团
2024-03-28,000333,289.26000000,290.57000000,293.61000000,285.32000000,451854,2915943394.07999992,2.89000000,1.19000000,3.41000000,0.66000000,美的集团
2024-03-29,000333,290.57000000,289.22000000,294.88000000,287.12000000,254689,1638381689.95000005,2.67000000,-0.46000000,-1.35000000,0.37000000,美的集团
2024-04-01,000333,290.27000000,296.72000000,296.95000000,288.77000000,327712,2146737286.05999994,2.83000000,2.59000000,7.50000000,0.48000000,美的集团
2024-04-02,000333,295.90000000,296.83000000,297.88000000,294.96000000,226536,1497277780.32999992,0.98000000,0.04000000,0.11000000,0.33000000,美的集团
2024-04-03,000333,296.65000000,298.63000000,299.27000000,295.82000000,206265,1370613982.65000010,1.16000000,0.61000000,1.80000000,0.30000000,美的集团
2024-04-08,000333,298.60000000,293.35000000,299.08000000,290.91000000,324345,2125546168.65000010,2.74000000,-1.77000000,-5.28000000,0.47000000,美的集团
2024-04-09,000333,292.15000000,292.30000000,294.40000000,291.47000000,194783,1270147986.30999994,1.00000000,-0.36000000,-1.05000000,0.28000000,美的集团
2024-04-10,000333,291.66000000,292.78000000,296.65000000,290.50000000,180820,1184377719.41000009,2.10000000,0.16000000,0.48000000,0.26000000,美的集团
2024-04-11,000333,291.96000000,292.41000000,295.71000000,290.68000000,190048,1239842457.97000003,1.72000000,-0.13000000,-0.37000000,0.28000000,美的集团
2024-04-12,000333,292.11000000,291.73000000,294.40000000,290.57000000,217344,1414407755.38000011,1.31000000,-0.23000000,-0.68000000,0.32000000,美的集团
2024-04-15,000333,291.73000000,299.05000000,299.65000000,291.06000000,317837,2102897320.70000005,2.94000000,2.51000000,7.32000000,0.46000000,美的集团
2024-04-16,000333,298.82000000,304.56000000,306.28000000,298.03000000,391914,2659237097.09000015,2.76000000,1.84000000,5.51000000,0.57000000,美的集团
2024-04-17,000333,303.40000000,305.57000000,306.40000000,299.57000000,245496,1664966380.00000000,2.24000000,0.33000000,1.01000000,0.36000000,美的集团
2024-04-18,000333,305.57000000,310.90000000,315.88000000,304.82000000,395421,2777734456.53999996,3.62000000,1.74000000,5.33000000,0.58000000,美的集团
2024-04-19,000333,308.76000000,310.90000000,313.07000000,308.76000000,288123,2017233099.50000000,1.39000000,0.00000000,0.00000000,0.42000000,美的集团
2024-04-22,000333,311.65000000,310.82000000,315.36000000,309.02000000,289438,2032072605.39000010,2.04000000,-0.03000000,-0.08000000,0.42000000,美的集团
2024-04-23,000333,310.26000000,304.86000000,310.90000000,301.86000000,382179,2605557574.86999989,2.91000000,-1.92000000,-5.96000000,0.56000000,美的集团
2024-04-24,000333,304.67000000,303.02000000,305.80000000,298.71000000,307830,2079963045.52999997,2.33000000,-0.60000000,-1.84000000,0.45000000,美的集团
2024-04-25,000333,300.13000000,304.30000000,305.50000000,300.13000000,220333,1500859467.90000010,1.77000000,0.42000000,1.28000000,0.32000000,美的集团
2024-04-26,000333,304.33000000,304.78000000,305.83000000,301.22000000,242257,1650078937.50000000,1.51000000,0.16000000,0.48000000,0.35000000,美的集团
2024-04-29,000333,304.52000000,304.15000000,306.70000000,300.51000000,332264,2264197665.48000002,2.03000000,-0.21000000,-0.63000000,0.49000000,美的集团
2024-04-30,000333,299.05000000,310.07000000,315.21000000,298.90000000,571318,3988190597.55000019,5.36000000,1.95000000,5.92000000,0.84000000,美的集团
2024-05-06,000333,312.77000000,314.68000000,316.37000000,309.58000000,461799,3263609833.48999977,2.19000000,1.49000000,4.61000000,0.67000000,美的集团
2024-05-07,000333,313.93000000,315.02000000,319.63000000,313.22000000,304315,2176139138.44999981,2.04000000,0.11000000,0.34000000,0.44000000,美的集团
2024-05-08,000333,312.77000000,313.71000000,315.92000000,312.36000000,176620,1252248295.46000004,1.13000000,-0.42000000,-1.31000000,0.26000000,美的集团
2024-05-09,000333,314.65000000,317.83000000,319.67000000,313.22000000,285718,2046734809.60999990,2.06000000,1.31000000,4.12000000,0.42000000,美的集团
2024-05-10,000333,319.15000000,317.95000000,319.63000000,315.92000000,224879,1616063316.03999996,1.17000000,0.04000000,0.12000000,0.33000000,美的集团
2024-05-13,000333,317.95000000,321.06000000,322.11000000,313.52000000,271674,1965130432.84999990,2.70000000,0.98000000,3.11000000,0.40000000,美的集团
2024-05-14,000333,320.95000000,314.05000000,321.73000000,311.65000000,399236,2827063811.32999992,3.14000000,-2.18000000,-7.01000000,0.58000000,美的集团
2024-05-15,000333,316.44000000,321.17000000,322.44000000,314.98000000,301895,2090761785.81999993,2.38000000,2.27000000,7.12000000,0.44000000,美的集团
2024-05-16,000333,321.17000000,319.59000000,321.32000000,317.57000000,246004,1703048548.24000001,1.17000000,-0.49000000,-1.58000000,0.36000000,美的集团
2024-05-17,000333,317.49000000,314.68000000,320.19000000,309.02000000,418483,2828611122.65999985,3.50000000,-1.54000000,-4.91000000,0.61000000,美的集团
2024-05-20,000333,310.85000000,309.20000000,314.12000000,307.85000000,426430,2846862348.51999998,1.99000000,-1.74000000,-5.48000000,0.62000000,美的集团
2024-05-21,000333,308.08000000,309.13000000,311.94000000,307.82000000,243588,1626841822.27999997,1.33000000,-0.02000000,-0.07000000,0.36000000,美的集团
2024-05-22,000333,308.34000000,304.85000000,309.09000000,304.48000000,261052,1715205331.78999996,1.49000000,-1.38000000,-4.28000000,0.38000000,美的集团
2024-05-23,000333,304.82000000,306.09000000,307.78000000,303.32000000,240961,1582459055.38000011,1.46000000,0.41000000,1.24000000,0.35000000,美的集团
2024-05-24,000333,304.82000000,309.39000000,310.74000000,303.69000000,259270,1724580966.81999993,2.30000000,1.08000000,3.30000000,0.38000000,美的集团
2024-05-27,000333,308.94000000,313.03000000,315.62000000,305.34000000,305462,2062139516.42000008,3.32000000,1.18000000,3.64000000,0.45000000,美的集团
2024-05-28,000333,313.07000000,310.93000000,313.74000000,308.94000000,191737,1284865352.19000006,1.53000000,-0.67000000,-2.10000000,0.28000000,美的集团
2024-05-29,000333,309.32000000,306.50000000,311.57000000,305.19000000,241321,1590410760.91000009,2.05000000,-1.42000000,-4.43000000,0.35000000,美的集团
2024-05-30,000333,305.98000000,303.99000000,307.78000000,303.84000000,193586,1269509292.14000010,1.29000000,-0.82000000,-2.51000000,0.28000000,美的集团
2024-05-31,000333,304.03000000,302.42000000,305.45000000,301.63000000,261294,1696172930.47000003,1.26000000,-0.52000000,-1.57000000,0.38000000,美的集团
2024-06-03,000333,302.87000000,303.39000000,308.19000000,300.58000000,357556,2337233616.38999987,2.52000000,0.32000000,0.97000000,0.52000000,美的集团
2024-06-04,000333,303.28000000,302.12000000,303.28000000,297.32000000,306212,1969401516.25000000,1.96000000,-0.42000000,-1.27000000,0.45000000,美的集团
2024-06-05,000333,301.63000000,299.27000000,304.07000000,298.82000000,283319,1825603149.53999996,1.74000000,-0.94000000,-2.85000000,0.41000000,美的集团
2024-06-06,000333,298.82000000,306.17000000,307.18000000,298.82000000,436037,2848032776.86999989,2.79000000,2.31000000,6.90000000,0.64000000,美的集团
2024-06-07,000333,304.07000000,303.92000000,305.00000000,298.48000000,400646,2591739293.28000021,2.13000000,-0.73000000,-2.25000000,0.59000000,美的集团
2024-06-11,000333,301.44000000,303.32000000,308.94000000,300.24000000,336897,2188026771.57999992,2.86000000,-0.20000000,-0.60000000,0.49000000,美的集团
2024-06-12,000333,302.72000000,303.92000000,306.09000000,301.55000000,257072,1675974671.30999994,1.50000000,0.20000000,0.60000000,0.38000000,美的集团
2024-06-13,000333,304.48000000,299.27000000,305.00000000,298.29000000,274850,1763239543.63000011,2.21000000,-1.53000000,-4.65000000,0.40000000,美的集团
2024-06-14,000333,297.73000000,305.60000000,306.17000000,297.69000000,379244,2468107111.36000013,2.83000000,2.12000000,6.33000000,0.55000000,美的集团
2024-06-17,000333,306.17000000,301.55000000,306.17000000,300.24000000,253358,1639603938.50999999,1.94000000,-1.33000000,-4.05000000,0.37000000,美的集团
2024-06-18,000333,300.69000000,302.72000000,304.03000000,298.33000000,218675,1409611739.29999995,1.89000000,0.39000000,1.17000000,0.32000000,美的集团
2024-06-19,000333,302.45000000,299.57000000,303.62000000,295.07000000,347000,2206055297.90999985,2.82000000,-1.04000000,-3.15000000,0.51000000,美的集团
2024-06-20,000333,299.19000000,301.33000000,302.38000000,297.84000000,280858,1806800937.96000004,1.52000000,0.59000000,1.76000000,0.41000000,美的集团
2024-06-21,000333,301.40000000,299.38000000,302.38000000,297.69000000,241537,1544527731.00000000,1.56000000,-0.65000000,-1.95000000,0.35000000,美的集团
2024-06-24,000333,298.48000000,302.87000000,305.38000000,298.10000000,307991,1993977958.30999994,2.43000000,1.17000000,3.49000000,0.45000000,美的集团
2024-06-25,000333,302.75000000,304.40000000,306.28000000,301.52000000,253092,1652171355.94000006,1.57000000,0.51000000,1.53000000,0.37000000,美的集团
2024-06-26,000333,303.35000000,300.50000000,304.78000000,299.23000000,238314,1531598024.30999994,1.82000000,-1.28000000,-3.90000000,0.35000000,美的集团
2024-06-27,000333,299.75000000,299.94000000,301.37000000,297.58000000,274095,1750926675.08999991,1.26000000,-0.19000000,-0.56000000,0.40000000,美的集团
2024-06-28,000333,297.69000000,301.44000000,302.53000000,297.62000000,251956,1624767678.92000008,1.64000000,0.50000000,1.50000000,0.37000000,美的集团
2024-07-01,000333,300.65000000,299.90000000,304.74000000,298.07000000,195283,1255074545.10999990,2.21000000,-0.51000000,-1.54000000,0.29000000,美的集团
2024-07-02,000333,298.44000000,295.82000000,300.32000000,295.07000000,291813,1843585721.50000000,1.75000000,-1.36000000,-4.08000000,0.43000000,美的集团
2024-07-03,000333,296.00000000,295.93000000,298.37000000,294.84000000,181208,1145370115.46000004,1.19000000,0.04000000,0.11000000,0.26000000,美的集团
2024-07-04,000333,296.57000000,301.82000000,304.07000000,296.57000000,277531,1794060145.67000008,2.53000000,1.99000000,5.89000000,0.41000000,美的集团
2024-07-05,000333,301.44000000,299.57000000,303.88000000,295.82000000,264796,1686503681.34999990,2.67000000,-0.75000000,-2.25000000,0.39000000,美的集团
2024-07-08,000333,298.07000000,300.43000000,302.27000000,296.45000000,194436,1247645531.39000010,1.94000000,0.29000000,0.86000000,0.28000000,美的集团
2024-07-09,000333,298.85000000,299.94000000,302.08000000,298.14000000,216645,1392889371.59999990,1.31000000,-0.16000000,-0.49000000,0.32000000,美的集团
2024-07-10,000333,301.59000000,298.85000000,303.54000000,298.85000000,158469,1016718370.01999998,1.56000000,-0.36000000,-1.09000000,0.23000000,美的集团
2024-07-11,000333,299.00000000,299.19000000,301.25000000,294.02000000,271827,1727208383.04999995,2.42000000,0.11000000,0.34000000,0.40000000,美的集团
2024-07-12,000333,298.78000000,303.32000000,304.07000000,298.22000000,245741,1588658353.03999996,1.96000000,1.38000000,4.13000000,0.36000000,美的集团
2024-07-15,000333,302.49000000,303.09000000,303.92000000,300.92000000,170459,1104204268.82999992,0.99000000,-0.08000000,-0.23000000,0.25000000,美的集团
2024-07-16,000333,301.93000000,300.58000000,303.17000000,298.63000000,204068,1313240364.46000004,1.50000000,-0.83000000,-2.51000000,0.30000000,美的集团
2024-07-17,000333,299.72000000,295.18000000,300.99000000,290.79000000,464628,2909157024.46999979,3.39000000,-1.80000000,-5.40000000,0.68000000,美的集团
2024-07-18,000333,292.10000000,299.19000000,301.29000000,292.10000000,345325,2193053870.98999977,3.11000000,1.36000000,4.01000000,0.50000000,美的集团
2024-07-19,000333,297.17000000,298.07000000,298.74000000,295.40000000,217970,1381064607.73000002,1.12000000,-0.37000000,-1.12000000,0.32000000,美的集团
2024-07-22,000333,297.50000000,298.18000000,301.97000000,297.02000000,199303,1273643438.97000003,1.66000000,0.04000000,0.11000000,0.29000000,美的集团
2024-07-23,000333,298.18000000,293.49000000,298.78000000,293.49000000,185378,1165932039.57999992,1.77000000,-1.57000000,-4.69000000,0.27000000,美的集团
2024-07-24,000333,292.10000000,284.87000000,294.77000000,283.22000000,455473,2757887293.78000021,3.94000000,-2.94000000,-8.62000000,0.66000000,美的集团
2024-07-25,000333,282.77000000,282.32000000,284.90000000,280.44000000,301092,1787253321.67000008,1.57000000,-0.90000000,-2.55000000,0.44000000,美的集团
2024-07-26,000333,295.18000000,295.22000000,295.78000000,289.82000000,577402,3598947643.17000008,2.11000000,4.57000000,12.90000000,0.84000000,美的集团
2024-07-29,000333,293.19000000,295.37000000,296.60000000,292.67000000,207128,1297587354.92000008,1.33000000,0.05000000,0.15000000,0.30000000,美的集团
2024-07-30,000333,293.98000000,288.54000000,294.95000000,286.82000000,225758,1381015833.57999992,2.75000000,-2.31000000,-6.83000000,0.33000000,美的集团
2024-07-31,000333,287.30000000,298.67000000,299.04000000,287.30000000,401747,2530147580.32999992,4.07000000,3.51000000,10.13000000,0.58000000,美的集团
2024-08-01,000333,298.82000000,297.99000000,302.08000000,297.35000000,244068,1561027258.86999989,1.58000000,-0.23000000,-0.68000000,0.36000000,美的集团
2024-08-02,000333,296.94000000,295.78000000,300.62000000,294.20000000,202615,1280021474.21000004,2.15000000,-0.74000000,-2.21000000,0.29000000,美的集团
2024-08-05,000333,294.09000000,290.75000000,300.69000000,290.42000000,354768,2214817314.94000006,3.47000000,-1.70000000,-5.03000000,0.52000000,美的集团
2024-08-06,000333,290.60000000,284.27000000,293.04000000,282.77000000,384932,2316733894.53999996,3.53000000,-2.23000000,-6.48000000,0.56000000,美的集团
2024-08-07,000333,284.27000000,287.19000000,289.74000000,281.72000000,252986,1535238304.10999990,2.82000000,1.03000000,2.92000000,0.37000000,美的集团
2024-08-08,000333,286.14000000,288.17000000,290.12000000,285.35000000,142319,867672449.72000003,1.66000000,0.34000000,0.98000000,0.21000000,美的集团
2024-08-09,000333,287.75000000,286.44000000,290.94000000,285.80000000,138024,839905714.13000000,1.78000000,-0.60000000,-1.73000000,0.20000000,美的集团
2024-08-12,000333,286.44000000,289.74000000,292.59000000,285.73000000,169492,1042597208.28999996,2.39000000,1.15000000,3.30000000,0.25000000,美的集团
2024-08-13,000333,289.74000000,289.67000000,292.48000000,288.02000000,98351,602892300.35000002,1.54000000,-0.02000000,-0.07000000,0.14000000,美的集团
2024-08-14,000333,289.67000000,287.94000000,290.15000000,286.82000000,112278,685993302.41999996,1.15000000,-0.60000000,-1.73000000,0.16000000,美的集团
2024-08-15,000333,287.19000000,288.32000000,289.63000000,285.65000000,191633,1166672167.23000002,1.38000000,0.13000000,0.38000000,0.28000000,美的集团
2024-08-16,000333,287.60000000,291.09000000,291.69000000,287.08000000,180670,1112521867.42000008,1.60000000,0.96000000,2.77000000,0.26000000,美的集团
2024-08-19,000333,290.90000000,293.42000000,296.38000000,290.83000000,172753,1075574307.68000007,1.91000000,0.80000000,2.33000000,0.25000000,美的集团
2024-08-20,000333,297.62000000,295.89000000,297.65000000,291.17000000,257810,1623775566.71000004,2.21000000,0.84000000,2.47000000,0.38000000,美的集团
2024-08-21,000333,294.73000000,296.42000000,298.44000000,293.30000000,211871,1337959064.90000010,1.74000000,0.18000000,0.53000000,0.31000000,美的集团
2024-08-22,000333,296.30000000,299.90000000,301.40000000,294.77000000,249787,1597113182.75999999,2.24000000,1.17000000,3.48000000,0.36000000,美的集团
2024-08-23,000333,299.57000000,305.04000000,306.92000000,299.12000000,290471,1895805009.02999997,2.60000000,1.71000000,5.14000000,0.42000000,美的集团
2024-08-26,000333,306.84000000,308.27000000,309.50000000,302.94000000,339582,2241141518.03000021,2.15000000,1.06000000,3.23000000,0.49000000,美的集团
2024-08-27,000333,307.07000000,307.03000000,308.87000000,305.15000000,241138,1590912374.35999990,1.21000000,-0.40000000,-1.24000000,0.35000000,美的集团
2024-08-28,000333,306.99000000,303.05000000,307.63000000,301.70000000,265430,1726057217.45000005,1.93000000,-1.30000000,-3.98000000,0.39000000,美的集团
2024-08-29,000333,301.14000000,299.38000000,304.48000000,299.38000000,232856,1500197087.68000007,1.68000000,-1.21000000,-3.67000000,0.34000000,美的集团
2024-08-30,000333,297.62000000,302.38000000,306.35000000,297.24000000,333863,2160911497.59999990,3.04000000,1.00000000,3.00000000,0.49000000,美的集团
2024-09-02,000333,301.44000000,304.18000000,309.02000000,301.22000000,260759,1706301995.39000010,2.58000000,0.60000000,1.80000000,0.38000000,美的集团
2024-09-03,000333,303.35000000,306.95000000,308.87000000,303.32000000,242379,1599193263.60999990,1.82000000,0.91000000,2.77000000,0.35000000,美的集团
2024-09-04,000333,306.54000000,305.12000000,309.69000000,304.67000000,274996,1814975103.89000010,1.64000000,-0.60000000,-1.83000000,0.40000000,美的集团
2024-09-05,000333,303.13000000,298.03000000,304.82000000,297.62000000,432123,2763225151.25000000,2.36000000,-2.32000000,-7.09000000,0.63000000,美的集团
2024-09-06,000333,298.07000000,295.89000000,301.63000000,295.44000000,233202,1480652836.88000011,2.08000000,-0.72000000,-2.14000000,0.34000000,美的集团
2024-09-09,000333,289.63000000,288.65000000,292.82000000,287.12000000,548406,3359451099.86999989,1.93000000,-2.45000000,-7.24000000,0.80000000,美的集团
2024-09-10,000333,286.37000000,287.38000000,290.72000000,286.37000000,401110,2451075854.19000006,1.51000000,-0.44000000,-1.27000000,0.58000000,美的集团
2024-09-11,000333,286.52000000,290.79000000,292.37000000,283.44000000,419218,2572399327.67000008,3.11000000,1.19000000,3.41000000,0.61000000,美的集团
2024-09-12,000333,291.32000000,293.45000000,295.25000000,290.79000000,276169,1719561913.22000003,1.53000000,0.91000000,2.66000000,0.40000000,美的集团
2024-09-13,000333,292.25000000,297.73000000,298.74000000,290.53000000,321490,2037679478.15000010,2.80000000,1.46000000,4.28000000,0.47000000,美的集团
2024-09-18,000333,298.14000000,304.25000000,305.98000000,297.32000000,295026,1915513518.33999991,2.91000000,2.19000000,6.52000000,0.43000000,美的集团
2024-09-19,000333,293.19000000,304.37000000,306.05000000,293.19000000,476115,3085181571.34000015,4.23000000,0.04000000,0.12000000,0.69000000,美的集团
2024-09-20,000333,302.98000000,307.29000000,308.19000000,302.42000000,398013,2608979308.88000011,1.90000000,0.96000000,2.92000000,0.58000000,美的集团
2024-09-23,000333,308.79000000,313.07000000,314.15000000,307.82000000,391621,2643088027.57000017,2.06000000,1.88000000,5.78000000,0.57000000,美的集团
2024-09-24,000333,313.07000000,314.72000000,315.50000000,307.82000000,500902,3378454556.69999981,2.45000000,0.53000000,1.65000000,0.73000000,美的集团
2024-09-25,000333,315.35000000,322.48000000,327.69000000,315.35000000,627661,4428074584.01000023,3.92000000,2.47000000,7.76000000,0.91000000,美的集团
2024-09-26,000333,322.07000000,335.42000000,335.87000000,321.28000000,501342,3592524657.67000008,4.52000000,4.01000000,12.94000000,0.73000000,美的集团
2024-09-27,000333,339.88000000,333.32000000,346.07000000,326.38000000,857448,6253333702.44999981,5.87000000,-0.63000000,-2.10000000,1.25000000,美的集团
2024-09-30,000333,333.92000000,344.79000000,347.94000000,329.68000000,1251665,9344041944.34000015,5.48000000,3.44000000,11.47000000,1.82000000,美的集团
2024-10-08,000333,373.33000000,360.28000000,373.33000000,354.80000000,1352393,11050056032.18000031,5.37000000,4.49000000,15.49000000,1.97000000,美的集团
2024-10-09,000333,353.57000000,340.85000000,357.02000000,337.14000000,895501,6896386875.18000031,5.52000000,-5.39000000,-19.43000000,1.30000000,美的集团
2024-10-10,000333,344.38000000,353.19000000,357.24000000,344.08000000,673034,5259062088.47000027,3.86000000,3.62000000,12.34000000,0.98000000,美的集团
2024-10-11,000333,352.07000000,347.45000000,352.93000000,344.19000000,380602,2930030641.53999996,2.47000000,-1.63000000,-5.74000000,0.55000000,美的集团
2024-10-14,000333,348.43000000,355.82000000,356.90000000,346.82000000,462828,3620244781.88000011,2.90000000,2.41000000,8.37000000,0.67000000,美的集团
2024-10-15,000333,355.82000000,344.57000000,355.82000000,344.57000000,375833,2905639305.57000017,3.16000000,-3.16000000,-11.25000000,0.55000000,美的集团
2024-10-16,000333,339.69000000,341.72000000,342.69000000,336.05000000,342829,2559503194.01000023,1.93000000,-0.83000000,-2.85000000,0.50000000,美的集团
2024-10-17,000333,341.72000000,333.62000000,342.80000000,332.94000000,394376,2920853670.07999992,2.89000000,-2.37000000,-8.10000000,0.57000000,美的集团
2024-10-18,000333,333.62000000,340.85000000,345.32000000,332.00000000,427851,3180240269.80999994,3.99000000,2.17000000,7.23000000,0.62000000,美的集团
2024-10-21,000333,342.13000000,337.37000000,344.49000000,334.37000000,343229,2547898012.75000000,2.97000000,-1.02000000,-3.48000000,0.50000000,美的集团
2024-10-22,000333,338.38000000,346.44000000,348.17000000,337.59000000,404060,3073890030.71000004,3.14000000,2.69000000,9.07000000,0.59000000,美的集团
2024-10-23,000333,346.82000000,345.99000000,351.24000000,344.57000000,268313,2053544727.99000001,1.93000000,-0.13000000,-0.45000000,0.39000000,美的集团
2024-10-24,000333,344.98000000,343.22000000,346.29000000,341.94000000,171087,1296926991.93000007,1.26000000,-0.80000000,-2.77000000,0.25000000,美的集团
2024-10-25,000333,342.39000000,341.83000000,344.04000000,339.95000000,210573,1583775153.44000006,1.19000000,-0.40000000,-1.39000000,0.31000000,美的集团
2024-10-28,000333,342.65000000,340.33000000,342.99000000,337.10000000,280591,2091524793.83999991,1.72000000,-0.44000000,-1.50000000,0.41000000,美的集团
2024-10-29,000333,339.35000000,337.33000000,342.69000000,336.32000000,297272,2214621305.67000008,1.87000000,-0.88000000,-3.00000000,0.43000000,美的集团
2024-10-30,000333,335.94000000,332.38000000,338.38000000,330.02000000,404137,2939634795.63000011,2.48000000,-1.47000000,-4.95000000,0.59000000,美的集团
2024-10-31,000333,333.20000000,327.39000000,335.90000000,326.19000000,500469,3595551676.88000011,2.92000000,-1.50000000,-4.99000000,0.73000000,美的集团
2024-11-01,000333,327.47000000,330.50000000,333.32000000,323.49000000,416515,3009423819.46000004,3.00000000,0.95000000,3.11000000,0.60000000,美的集团
2024-11-04,000333,330.09000000,332.72000000,334.70000000,328.44000000,232316,1680407655.69000006,1.89000000,0.67000000,2.22000000,0.34000000,美的集团
2024-11-05,000333,331.44000000,333.80000000,335.12000000,326.60000000,416967,3027068197.26000023,2.56000000,0.32000000,1.08000000,0.61000000,美的集团
2024-11-06,000333,333.84000000,326.45000000,333.84000000,325.70000000,525931,3768679119.03999996,2.44000000,-2.20000000,-7.35000000,0.76000000,美的集团
2024-11-07,000333,323.38000000,329.94000000,329.94000000,321.65000000,547746,3895318880.84999990,2.54000000,1.07000000,3.49000000,0.80000000,美的集团
2024-11-08,000333,332.04000000,331.74000000,336.17000000,326.19000000,593374,4283549293.36000013,3.02000000,0.55000000,1.80000000,0.86000000,美的集团
2024-11-11,000333,326.68000000,328.07000000,328.97000000,325.14000000,442079,3153791633.71000004,1.15000000,-1.11000000,-3.67000000,0.64000000,美的集团
2024-11-12,000333,329.23000000,331.03000000,340.40000000,328.78000000,575477,4231304808.84999990,3.54000000,0.90000000,2.96000000,0.84000000,美的集团
2024-11-13,000333,331.37000000,334.82000000,338.19000000,331.29000000,458417,3373337470.71000004,2.08000000,1.14000000,3.79000000,0.67000000,美的集团
2024-11-14,000333,335.12000000,335.72000000,340.40000000,330.80000000,408435,3020822981.13999987,2.87000000,0.27000000,0.90000000,0.59000000,美的集团
2024-11-15,000333,333.88000000,330.50000000,337.48000000,329.00000000,342825,2496870646.84999990,2.53000000,-1.55000000,-5.22000000,0.50000000,美的集团
2024-11-18,000333,330.20000000,326.00000000,333.24000000,325.18000000,319386,2292938836.90000010,2.44000000,-1.36000000,-4.50000000,0.46000000,美的集团
2024-11-19,000333,326.00000000,326.98000000,328.63000000,324.69000000,226652,1614053712.01999998,1.21000000,0.30000000,0.98000000,0.33000000,美的集团
2024-11-20,000333,327.24000000,327.43000000,328.25000000,324.84000000,226371,1610809493.05999994,1.04000000,0.14000000,0.45000000,0.33000000,美的集团
2024-11-21,000333,327.20000000,325.22000000,327.28000000,324.13000000,216528,1534662636.11999989,0.96000000,-0.67000000,-2.21000000,0.31000000,美的集团
2024-11-22,000333,325.18000000,323.53000000,332.64000000,322.89000000,388458,2781161792.34999990,3.00000000,-0.52000000,-1.69000000,0.56000000,美的集团
2024-11-25,000333,322.48000000,323.53000000,330.99000000,322.48000000,385868,2737579008.59000015,2.63000000,0.00000000,0.00000000,0.56000000,美的集团
2024-11-26,000333,322.48000000,324.32000000,326.57000000,319.63000000,274188,1932586725.11999989,2.15000000,0.24000000,0.79000000,0.40000000,美的集团
2024-11-27,000333,323.27000000,327.02000000,327.69000000,321.09000000,264825,1875798199.27999997,2.04000000,0.83000000,2.70000000,0.38000000,美的集团
2024-11-28,000333,329.57000000,322.78000000,329.57000000,321.17000000,323290,2275593420.15000010,2.57000000,-1.30000000,-4.24000000,0.47000000,美的集团
2024-11-29,000333,320.87000000,322.55000000,324.95000000,320.38000000,277501,1951115163.79999995,1.42000000,-0.07000000,-0.23000000,0.40000000,美的集团
2024-12-02,000333,322.63000000,322.37000000,324.05000000,319.18000000,357906,2500096040.21000004,1.51000000,-0.06000000,-0.18000000,0.52000000,美的集团
2024-12-03,000333,322.07000000,321.50000000,322.07000000,319.82000000,313174,2181594388.42999983,0.70000000,-0.27000000,-0.87000000,0.45000000,美的集团
2024-12-04,000333,321.62000000,327.65000000,329.53000000,320.57000000,531955,3779094533.98000002,2.79000000,1.91000000,6.15000000,0.77000000,美的集团
2024-12-05,000333,328.07000000,328.52000000,332.87000000,327.39000000,367645,2647263413.01999998,1.67000000,0.27000000,0.87000000,0.53000000,美的集团
2024-12-06,000333,328.74000000,332.75000000,333.80000000,327.73000000,456778,3318584661.90999985,1.85000000,1.29000000,4.23000000,0.66000000,美的集团
2024-12-09,000333,329.60000000,333.80000000,336.62000000,326.98000000,413219,3017126124.01999998,2.90000000,0.32000000,1.05000000,0.60000000,美的集团
2024-12-10,000333,346.48000000,336.47000000,347.04000000,336.28000000,555133,4164810150.88000011,3.22000000,0.80000000,2.67000000,0.81000000,美的集团
2024-12-11,000333,335.94000000,341.19000000,342.05000000,335.57000000,335434,2512587262.96999979,1.93000000,1.40000000,4.72000000,0.49000000,美的集团
2024-12-12,000333,341.57000000,342.92000000,343.63000000,338.45000000,286398,2153602253.55000019,1.52000000,0.51000000,1.73000000,0.42000000,美的集团
2024-12-13,000333,341.57000000,337.07000000,341.68000000,334.55000000,370633,2744782532.13999987,2.08000000,-1.71000000,-5.85000000,0.54000000,美的集团
2024-12-16,000333,337.44000000,334.14000000,338.75000000,332.00000000,280471,2054964896.14000010,2.00000000,-0.87000000,-2.93000000,0.41000000,美的集团
2024-12-17,000333,334.07000000,335.83000000,339.62000000,332.60000000,278873,2058385954.75999999,2.10000000,0.51000000,1.69000000,0.40000000,美的集团
2024-12-18,000333,335.79000000,337.44000000,339.24000000,335.49000000,225785,1675256402.93000007,1.12000000,0.48000000,1.61000000,0.33000000,美的集团
2024-12-19,000333,336.54000000,338.72000000,341.68000000,334.22000000,253553,1893593091.94000006,2.21000000,0.38000000,1.28000000,0.37000000,美的集团
2024-12-20,000333,338.68000000,337.07000000,340.03000000,335.79000000,209397,1552494957.15000010,1.25000000,-0.49000000,-1.65000000,0.30000000,美的集团
2024-12-23,000333,337.07000000,339.35000000,341.75000000,336.88000000,226029,1689849270.18000007,1.44000000,0.68000000,2.28000000,0.33000000,美的集团
2024-12-24,000333,338.57000000,345.50000000,345.99000000,338.57000000,344141,2606513925.53000021,2.19000000,1.81000000,6.15000000,0.50000000,美的集团
2024-12-25,000333,345.69000000,342.84000000,346.82000000,340.97000000,227339,1719267175.72000003,1.69000000,-0.77000000,-2.66000000,0.33000000,美的集团
2024-12-26,000333,341.79000000,344.49000000,345.47000000,339.50000000,242143,1829497500.46000004,1.74000000,0.48000000,1.65000000,0.35000000,美的集团
2024-12-27,000333,344.49000000,342.39000000,344.75000000,340.07000000,198421,1493951285.98000002,1.36000000,-0.61000000,-2.10000000,0.29000000,美的集团
2024-12-30,000333,340.82000000,342.02000000,345.24000000,340.52000000,221827,1676164968.70000005,1.38000000,-0.11000000,-0.37000000,0.32000000,美的集团
2024-12-31,000333,341.19000000,341.64000000,344.75000000,339.65000000,307660,2324365540.69999981,1.49000000,-0.11000000,-0.38000000,0.45000000,美的集团
2025-01-02,000333,342.32000000,342.02000000,349.07000000,340.82000000,413671,3143071622.15000010,2.41000000,0.11000000,0.38000000,0.60000000,美的集团
2025-01-03,000333,340.82000000,339.65000000,344.79000000,336.69000000,296422,2225340635.61000013,2.37000000,-0.69000000,-2.37000000,0.43000000,美的集团
2025-01-06,000333,339.62000000,342.24000000,345.62000000,338.12000000,306810,2308954916.00000000,2.21000000,0.76000000,2.59000000,0.45000000,美的集团
2025-01-07,000333,340.82000000,344.30000000,347.42000000,338.94000000,251785,1913943075.71000004,2.48000000,0.60000000,2.06000000,0.37000000,美的集团
2025-01-08,000333,342.73000000,350.49000000,350.79000000,342.43000000,406930,3129132561.50000000,2.43000000,1.80000000,6.19000000,0.59000000,美的集团
2025-01-09,000333,350.94000000,354.80000000,355.82000000,349.07000000,345987,2715146336.34999990,1.93000000,1.23000000,4.31000000,0.50000000,美的集团
2025-01-10,000333,354.80000000,345.95000000,355.40000000,345.95000000,271096,2093133228.50000000,2.66000000,-2.49000000,-8.85000000,0.39000000,美的集团
2025-01-13,000333,343.10000000,338.19000000,344.64000000,336.80000000,255846,1911136128.99000001,2.27000000,-2.24000000,-7.76000000,0.37000000,美的集团
2025-01-14,000333,338.19000000,339.39000000,342.13000000,334.93000000,288584,2150563704.44999981,2.13000000,0.35000000,1.20000000,0.42000000,美的集团
2025-01-15,000333,339.47000000,336.39000000,343.70000000,335.57000000,256635,1910565918.29999995,2.40000000,-0.88000000,-3.00000000,0.37000000,美的集团
2025-01-16,000333,337.03000000,337.40000000,342.50000000,336.69000000,262330,1953070087.89000010,1.73000000,0.30000000,1.01000000,0.38000000,美的集团
2025-01-17,000333,337.37000000,338.38000000,340.33000000,335.68000000,159288,1184446628.52999997,1.38000000,0.29000000,0.98000000,0.23000000,美的集团
2025-01-20,000333,341.19000000,340.40000000,347.34000000,340.37000000,296993,2245932515.69000006,2.06000000,0.60000000,2.02000000,0.43000000,美的集团
2025-01-21,000333,341.79000000,338.57000000,341.90000000,337.89000000,162863,1217315661.97000003,1.18000000,-0.54000000,-1.83000000,0.24000000,美的集团
2025-01-22,000333,338.49000000,333.32000000,338.49000000,330.62000000,322180,2351219471.25000000,2.32000000,-1.55000000,-5.25000000,0.47000000,美的集团
2025-01-23,000333,334.82000000,334.85000000,336.77000000,331.07000000,270087,1981526548.35999990,1.71000000,0.46000000,1.53000000,0.39000000,美的集团
2025-01-24,000333,333.35000000,332.64000000,335.72000000,331.63000000,304861,2224547325.17000008,1.22000000,-0.66000000,-2.21000000,0.44000000,美的集团
2025-01-27,000333,332.79000000,336.62000000,338.19000000,331.89000000,280115,2066038990.78999996,1.89000000,1.20000000,3.98000000,0.41000000,美的集团
2025-02-05,000333,334.82000000,330.35000000,335.90000000,328.37000000,363511,2623254186.07999992,2.24000000,-1.86000000,-6.27000000,0.53000000,美的集团
2025-02-06,000333,330.24000000,330.58000000,331.67000000,327.43000000,285675,2058313210.60999990,1.28000000,0.07000000,0.23000000,0.41000000,美的集团
2025-02-07,000333,331.07000000,334.97000000,334.97000000,328.33000000,355350,2588044042.96000004,2.01000000,1.33000000,4.39000000,0.52000000,美的集团
2025-02-10,000333,334.52000000,333.35000000,334.55000000,331.44000000,318650,2324957366.48999977,0.93000000,-0.48000000,-1.62000000,0.46000000,美的集团
2025-02-11,000333,334.97000000,335.94000000,336.54000000,331.85000000,300440,2200715457.01000023,1.41000000,0.78000000,2.59000000,0.44000000,美的集团
2025-02-12,000333,335.04000000,334.37000000,335.53000000,332.12000000,228073,1667138729.90000010,1.02000000,-0.47000000,-1.57000000,0.33000000,美的集团
2025-02-13,000333,333.32000000,330.09000000,334.78000000,330.05000000,410664,2979276852.25000000,1.41000000,-1.28000000,-4.28000000,0.60000000,美的集团
2025-02-14,000333,330.02000000,331.40000000,332.15000000,329.19000000,234351,1697819619.05999994,0.90000000,0.40000000,1.31000000,0.34000000,美的集团
2025-02-17,000333,330.50000000,329.72000000,331.33000000,326.75000000,402358,2886662764.15000010,1.38000000,-0.51000000,-1.68000000,0.58000000,美的集团
2025-02-18,000333,329.53000000,329.19000000,332.00000000,327.80000000,293465,2117878259.03999996,1.27000000,-0.16000000,-0.53000000,0.43000000,美的集团
2025-02-19,000333,326.94000000,327.50000000,329.45000000,325.82000000,337150,2408852125.19999981,1.10000000,-0.51000000,-1.69000000,0.49000000,美的集团
2025-02-20,000333,327.35000000,326.68000000,328.48000000,326.04000000,314202,2241810156.65000010,0.75000000,-0.25000000,-0.82000000,0.46000000,美的集团
2025-02-21,000333,325.89000000,324.28000000,326.68000000,322.82000000,553390,3903770927.17999983,1.18000000,-0.73000000,-2.40000000,0.80000000,美的集团
2025-02-24,000333,324.50000000,325.40000000,327.69000000,323.12000000,469377,3326317437.17999983,1.41000000,0.35000000,1.12000000,0.68000000,美的集团
2025-02-25,000333,323.94000000,318.43000000,324.58000000,318.24000000,565999,3932087507.75000000,1.95000000,-2.14000000,-6.97000000,0.82000000,美的集团
2025-02-26,000333,317.23000000,322.52000000,322.67000000,317.19000000,404124,2820753653.57000017,1.72000000,1.28000000,4.09000000,0.59000000,美的集团
2025-02-27,000333,325.82000000,331.37000000,332.23000000,324.43000000,652482,4700242778.05000019,2.42000000,2.74000000,8.85000000,0.95000000,美的集团
2025-02-28,000333,332.38000000,333.50000000,335.19000000,329.94000000,506479,3702978855.61999989,1.58000000,0.64000000,2.13000000,0.73000000,美的集团
2025-03-03,000333,332.19000000,325.82000000,333.28000000,325.25000000,405918,2908667198.71999979,2.41000000,-2.30000000,-7.68000000,0.59000000,美的集团
2025-03-04,000333,326.87000000,329.45000000,331.33000000,326.87000000,300420,2159097771.55000019,1.37000000,1.11000000,3.63000000,0.44000000,美的集团
2025-03-05,000333,329.19000000,328.63000000,330.13000000,326.57000000,286186,2050696435.83999991,1.08000000,-0.25000000,-0.82000000,0.42000000,美的集团
2025-03-06,000333,329.23000000,326.34000000,329.45000000,323.64000000,402399,2857881527.69999981,1.77000000,-0.70000000,-2.29000000,0.58000000,美的集团
2025-03-07,000333,326.27000000,325.03000000,326.72000000,323.04000000,314827,2228492957.34999990,1.13000000,-0.40000000,-1.31000000,0.46000000,美的集团
2025-03-10,000333,325.10000000,326.08000000,326.79000000,323.98000000,273440,1937259285.90000010,0.86000000,0.32000000,1.05000000,0.40000000,美的集团
2025-03-11,000333,323.94000000,325.55000000,327.47000000,323.19000000,252825,1788427242.07999992,1.31000000,-0.16000000,-0.53000000,0.37000000,美的集团
2025-03-12,000333,325.74000000,322.44000000,325.74000000,322.44000000,301301,2117631624.15000010,1.01000000,-0.96000000,-3.11000000,0.44000000,美的集团
2025-03-13,000333,322.10000000,322.10000000,324.50000000,321.35000000,252622,1774959974.28999996,0.98000000,-0.11000000,-0.34000000,0.37000000,美的集团
2025-03-14,000333,322.18000000,329.08000000,329.94000000,321.39000000,425450,3036261982.23000002,2.65000000,2.17000000,6.98000000,0.62000000,美的集团
2025-03-17,000333,331.52000000,329.12000000,331.52000000,328.07000000,347333,2497780791.30000019,1.05000000,0.01000000,0.04000000,0.50000000,美的集团
2025-03-18,000333,329.57000000,340.74000000,344.94000000,328.10000000,779314,5762238289.97000027,5.12000000,3.53000000,11.62000000,1.13000000,美的集团
2025-03-19,000333,349.18000000,346.48000000,351.84000000,340.93000000,1066261,8164296254.97000027,3.20000000,1.68000000,5.74000000,1.55000000,美的集团
2025-03-20,000333,346.07000000,341.45000000,347.75000000,341.19000000,585693,4434498828.14999962,1.89000000,-1.45000000,-5.03000000,0.85000000,美的集团
2025-03-21,000333,339.95000000,341.87000000,346.18000000,339.95000000,384528,2903191224.53999996,1.82000000,0.12000000,0.42000000,0.56000000,美的集团
2025-03-24,000333,340.37000000,344.79000000,346.44000000,340.14000000,387348,2945134162.09999990,1.84000000,0.85000000,2.92000000,0.56000000,美的集团
2025-03-25,000333,347.60000000,347.79000000,350.19000000,345.95000000,324186,2493718323.26999998,1.23000000,0.87000000,3.00000000,0.47000000,美的集团
2025-03-26,000333,346.33000000,347.53000000,349.82000000,344.08000000,237069,1814277210.52999997,1.65000000,-0.07000000,-0.26000000,0.34000000,美的集团
2025-03-27,000333,347.53000000,346.44000000,350.19000000,345.77000000,257215,1974042919.39000010,1.27000000,-0.31000000,-1.09000000,0.37000000,美的集团
2025-03-28,000333,345.35000000,347.83000000,348.99000000,343.37000000,249114,1909917933.76999998,1.62000000,0.40000000,1.39000000,0.36000000,美的集团
2025-03-31,000333,347.94000000,353.94000000,361.44000000,347.94000000,689684,5458996643.23999977,3.88000000,1.76000000,6.11000000,1.00000000,美的集团
2025-04-01,000333,352.44000000,342.28000000,354.99000000,341.57000000,551817,4204786522.69000006,3.79000000,-3.29000000,-11.66000000,0.80000000,美的集团
2025-04-02,000333,342.13000000,344.42000000,347.53000000,341.53000000,268536,2036925144.22000003,1.75000000,0.63000000,2.14000000,0.39000000,美的集团
2025-04-03,000333,339.32000000,334.67000000,340.18000000,333.88000000,565989,4179850012.11999989,1.83000000,-2.83000000,-9.75000000,0.82000000,美的集团
2025-04-07,000333,315.39000000,311.49000000,320.08000000,307.14000000,880897,5986991841.18000031,3.87000000,-6.93000000,-23.18000000,1.28000000,美的集团
2025-04-08,000333,314.57000000,322.93000000,323.94000000,313.78000000,744733,5151771417.97999954,3.26000000,3.67000000,11.44000000,1.08000000,美的集团
2025-04-09,000333,319.03000000,320.83000000,323.94000000,316.14000000,578840,4027838482.32000017,2.42000000,-0.65000000,-2.10000000,0.84000000,美的集团
2025-04-10,000333,324.32000000,326.15000000,328.03000000,322.55000000,450849,3199356699.55999994,1.71000000,1.66000000,5.32000000,0.65000000,美的集团
2025-04-11,000333,324.02000000,323.90000000,324.84000000,320.68000000,295626,2075657472.18000007,1.28000000,-0.69000000,-2.25000000,0.43000000,美的集团
2025-04-14,000333,324.77000000,321.77000000,325.44000000,320.98000000,348835,2447104070.34999990,1.38000000,-0.66000000,-2.13000000,0.51000000,美的集团
2025-04-15,000333,322.44000000,327.62000000,328.93000000,320.90000000,343667,2441442777.26999998,2.50000000,1.82000000,5.85000000,0.50000000,美的集团
2025-04-16,000333,326.53000000,325.82000000,327.62000000,323.45000000,266729,1890971340.38000011,1.27000000,-0.55000000,-1.80000000,0.39000000,美的集团
2025-04-17,000333,324.84000000,325.63000000,326.45000000,323.34000000,195913,1388823325.30999994,0.95000000,-0.06000000,-0.19000000,0.28000000,美的集团
2025-04-18,000333,325.63000000,325.52000000,327.05000000,323.83000000,154484,1094653675.89000010,0.99000000,-0.03000000,-0.11000000,0.22000000,美的集团
2025-04-21,000333,324.99000000,327.28000000,328.10000000,323.94000000,177514,1262930781.76999998,1.28000000,0.54000000,1.76000000,0.26000000,美的集团
2025-04-22,000333,326.94000000,328.52000000,330.43000000,326.60000000,226155,1626765493.25999999,1.17000000,0.38000000,1.24000000,0.33000000,美的集团
2025-04-23,000333,329.94000000,329.00000000,331.14000000,328.82000000,225869,1627423196.75999999,0.71000000,0.15000000,0.48000000,0.33000000,美的集团
2025-04-24,000333,331.07000000,333.13000000,334.03000000,329.42000000,231808,1684714693.45000005,1.40000000,1.26000000,4.13000000,0.34000000,美的集团
2025-04-25,000333,333.13000000,332.38000000,333.32000000,330.99000000,170972,1244078507.67000008,0.70000000,-0.23000000,-0.75000000,0.25000000,美的集团
2025-04-28,000333,334.78000000,334.18000000,335.49000000,332.57000000,239660,1755320152.20000005,0.88000000,0.54000000,1.80000000,0.35000000,美的集团
2025-04-29,000333,334.29000000,337.82000000,338.45000000,332.79000000,234974,1733740167.94000006,1.69000000,1.09000000,3.64000000,0.34000000,美的集团
2025-04-30,000333,340.82000000,335.64000000,341.27000000,335.00000000,478100,3548715614.67999983,1.86000000,-0.65000000,-2.18000000,0.69000000,美的集团
2025-05-06,000333,337.93000000,337.25000000,338.49000000,333.69000000,346412,2556249632.38999987,1.43000000,0.48000000,1.61000000,0.50000000,美的集团
2025-05-07,000333,339.95000000,338.42000000,341.49000000,337.07000000,300281,2239595605.11000013,1.31000000,0.35000000,1.17000000,0.44000000,美的集团
2025-05-08,000333,338.38000000,340.82000000,343.22000000,336.62000000,277076,2081094568.80999994,1.95000000,0.71000000,2.40000000,0.40000000,美的集团
2025-05-09,000333,340.78000000,343.82000000,344.68000000,339.73000000,245639,1861536387.72000003,1.45000000,0.88000000,3.00000000,0.36000000,美的集团
2025-05-12,000333,344.94000000,346.74000000,347.34000000,344.19000000,272239,2078979154.02999997,0.92000000,0.85000000,2.92000000,0.39000000,美的集团
2025-05-13,000333,348.32000000,348.73000000,349.07000000,346.22000000,255278,1963341232.60999990,0.82000000,0.57000000,1.99000000,0.37000000,美的集团
2025-05-14,000333,347.94000000,348.65000000,350.38000000,345.05000000,292496,2248759305.82000017,1.53000000,-0.02000000,-0.08000000,0.42000000,美的集团
2025-05-15,000333,347.04000000,346.44000000,348.58000000,345.77000000,204902,1571335905.52999997,0.81000000,-0.63000000,-2.21000000,0.30000000,美的集团
2025-05-16,000333,345.35000000,346.82000000,347.72000000,342.95000000,238660,1819974355.57999992,1.38000000,0.11000000,0.38000000,0.35000000,美的集团
2025-05-19,000333,346.22000000,350.49000000,351.02000000,345.65000000,263086,2031022753.95000005,1.55000000,1.06000000,3.67000000,0.38000000,美的集团
2025-05-20,000333,350.30000000,354.58000000,356.19000000,350.12000000,277995,2184604654.84000015,1.73000000,1.17000000,4.09000000,0.40000000,美的集团
2025-05-21,000333,353.94000000,355.07000000,357.47000000,353.83000000,205438,1619842976.40000010,1.03000000,0.14000000,0.49000000,0.30000000,美的集团
2025-05-22,000333,354.80000000,357.17000000,357.92000000,353.23000000,234034,1850376659.39000010,1.32000000,0.59000000,2.10000000,0.34000000,美的集团
2025-05-23,000333,357.17000000,355.40000000,361.37000000,354.77000000,299746,2385953117.71999979,1.85000000,-0.50000000,-1.77000000,0.43000000,美的集团
2025-05-26,000333,354.77000000,353.08000000,356.53000000,350.60000000,241689,1893696279.00999999,1.67000000,-0.65000000,-2.32000000,0.35000000,美的集团
2025-05-27,000333,352.82000000,353.87000000,355.40000000,352.14000000,206449,1620472096.75000000,0.92000000,0.22000000,0.79000000,0.30000000,美的集团
2025-05-28,000333,355.74000000,357.02000000,359.94000000,354.69000000,240449,1911343091.95000005,1.48000000,0.89000000,3.15000000,0.35000000,美的集团
2025-05-29,000333,356.08000000,355.74000000,357.65000000,353.42000000,251677,1988440748.21000004,1.18000000,-0.36000000,-1.28000000,0.36000000,美的集团
2025-05-30,000333,354.84000000,356.04000000,357.73000000,353.19000000,215733,1703126097.38000011,1.28000000,0.08000000,0.30000000,0.31000000,美的集团
2025-06-03,000333,356.00000000,344.23000000,356.00000000,343.33000000,561908,4293054876.96000004,3.56000000,-3.32000000,-11.81000000,0.81000000,美的集团
2025-06-04,000333,343.74000000,342.92000000,346.74000000,342.69000000,367554,2790934593.46000004,1.18000000,-0.38000000,-1.31000000,0.53000000,美的集团
2025-06-05,000333,342.47000000,341.75000000,344.19000000,341.00000000,235803,1776718062.86999989,0.93000000,-0.34000000,-1.17000000,0.34000000,美的集团
2025-06-06,000333,342.20000000,343.44000000,343.93000000,341.19000000,275559,2081019011.10999990,0.80000000,0.49000000,1.69000000,0.40000000,美的集团
2025-06-09,000333,341.75000000,342.32000000,342.99000000,337.33000000,466956,3500234347.92999983,1.65000000,-0.33000000,-1.12000000,0.68000000,美的集团
2025-06-10,000333,343.18000000,341.00000000,346.44000000,341.00000000,321074,2433498302.09999990,1.59000000,-0.39000000,-1.32000000,0.46000000,美的集团
2025-06-11,000333,341.57000000,342.65000000,343.82000000,340.18000000,263083,1986827773.75999999,1.07000000,0.48000000,1.65000000,0.38000000,美的集团
2025-06-12,000333,344.53000000,343.36000000,345.16000000,340.85000000,347029,2510413457.63999987,1.26000000,0.21000000,0.71000000,0.50000000,美的集团
2025-06-13,000333,341.11000000,340.66000000,343.21000000,338.86000000,300452,2148718105.13000011,1.27000000,-0.79000000,-2.70000000,0.43000000,美的集团
2025-06-16,000333,341.11000000,339.84000000,341.86000000,338.30000000,250205,1784037773.89000010,1.05000000,-0.24000000,-0.82000000,0.36000000,美的集团
2025-06-17,000333,341.86000000,342.84000000,346.66000000,341.86000000,326395,2362020250.17999983,1.41000000,0.88000000,3.00000000,0.47000000,美的集团
2025-06-18,000333,343.33000000,342.99000000,345.01000000,342.69000000,175288,1265648158.88000011,0.68000000,0.04000000,0.15000000,0.25000000,美的集团
2025-06-19,000333,343.36000000,340.10000000,344.15000000,339.35000000,211253,1512893147.77999997,1.40000000,-0.84000000,-2.89000000,0.31000000,美的集团
2025-06-20,000333,340.18000000,344.04000000,344.04000000,339.84000000,229864,1655767156.05999994,1.23000000,1.16000000,3.94000000,0.33000000,美的集团
2025-06-23,000333,342.61000000,341.56000000,343.85000000,340.59000000,210545,1510951196.45000005,0.95000000,-0.72000000,-2.48000000,0.30000000,美的集团
2025-06-24,000333,342.99000000,345.61000000,347.64000000,342.61000000,270501,1971805636.08999991,1.47000000,1.19000000,4.05000000,0.39000000,美的集团
2025-06-25,000333,345.61000000,347.04000000,347.60000000,343.74000000,243275,1772058945.75000000,1.12000000,0.41000000,1.43000000,0.35000000,美的集团
2025-06-26,000333,346.36000000,346.74000000,348.58000000,345.43000000,226726,1658102064.57999992,0.91000000,-0.09000000,-0.30000000,0.33000000,美的集团
2025-06-27,000333,346.59000000,343.66000000,347.08000000,343.44000000,223640,1623349471.54999995,1.05000000,-0.89000000,-3.08000000,0.32000000,美的集团
2025-06-30,000333,343.55000000,343.36000000,344.79000000,342.54000000,193023,1394828332.73000002,0.65000000,-0.09000000,-0.30000000,0.28000000,美的集团
2025-07-01,000333,343.66000000,343.03000000,343.93000000,341.86000000,186252,1341760454.94000006,0.60000000,-0.10000000,-0.33000000,0.27000000,美的集团
2025-07-02,000333,343.03000000,344.49000000,346.74000000,341.90000000,266155,1929453681.19000006,1.41000000,0.43000000,1.46000000,0.39000000,美的集团
2025-07-03,000333,345.58000000,345.95000000,346.18000000,343.89000000,179369,1304399831.26999998,0.66000000,0.42000000,1.46000000,0.26000000,美的集团
2025-07-04,000333,345.91000000,348.16000000,349.51000000,344.86000000,211462,1548790546.50999999,1.34000000,0.64000000,2.21000000,0.31000000,美的集团
2025-07-07,000333,347.11000000,344.68000000,348.05000000,343.85000000,215453,1567324871.40000010,1.21000000,-1.00000000,-3.48000000,0.31000000,美的集团
2025-07-08,000333,344.68000000,343.44000000,345.24000000,342.88000000,256867,1856483046.78999996,0.68000000,-0.36000000,-1.24000000,0.37000000,美的集团
2025-07-09,000333,342.88000000,341.86000000,343.93000000,341.86000000,272053,1958489419.84999990,0.60000000,-0.46000000,-1.58000000,0.39000000,美的集团
2025-07-10,000333,342.01000000,341.41000000,342.50000000,340.10000000,231514,1656983409.33999991,0.70000000,-0.13000000,-0.45000000,0.34000000,美的集团
2025-07-11,000333,341.64000000,344.41000000,345.61000000,341.45000000,320554,2324470997.69000006,1.22000000,0.88000000,3.00000000,0.46000000,美的集团
2025-07-14,000333,344.38000000,346.74000000,347.15000000,342.54000000,233739,1702246964.00000000,1.34000000,0.68000000,2.33000000,0.34000000,美的集团
2025-07-15,000333,346.78000000,347.15000000,348.24000000,345.65000000,249010,1821265542.83999991,0.75000000,0.12000000,0.41000000,0.36000000,美的集团
2025-07-16,000333,348.13000000,345.95000000,350.45000000,345.61000000,206888,1514278423.77999997,1.39000000,-0.35000000,-1.20000000,0.30000000,美的集团
2025-07-17,000333,345.43000000,344.98000000,347.98000000,344.86000000,247300,1804135156.61999989,0.90000000,-0.28000000,-0.97000000,0.36000000,美的集团
2025-07-18,000333,345.88000000,345.73000000,347.41000000,344.56000000,219512,1596482224.03999996,0.83000000,0.22000000,0.75000000,0.32000000,美的集团
2025-07-21,000333,344.90000000,344.68000000,346.21000000,344.11000000,308971,2244011062.82999992,0.61000000,-0.30000000,-1.05000000,0.45000000,美的集团
2025-07-22,000333,344.79000000,347.08000000,347.19000000,343.59000000,357204,2602924270.53999996,1.04000000,0.70000000,2.40000000,0.52000000,美的集团
2025-07-23,000333,347.11000000,348.24000000,349.55000000,347.04000000,369872,2718700800.44999981,0.72000000,0.33000000,1.16000000,0.53000000,美的集团
2025-07-24,000333,348.99000000,348.28000000,349.93000000,346.70000000,290699,2134051794.14000010,0.93000000,0.01000000,0.04000000,0.42000000,美的集团
2025-07-25,000333,347.86000000,345.46000000,347.86000000,344.68000000,244562,1780421843.02999997,0.91000000,-0.81000000,-2.82000000,0.35000000,美的集团
2025-07-28,000333,345.69000000,342.39000000,346.06000000,341.86000000,377736,2725637108.07999992,1.22000000,-0.89000000,-3.07000000,0.55000000,美的集团
2025-07-29,000333,342.39000000,339.76000000,342.88000000,338.94000000,398369,2843589787.88000011,1.15000000,-0.77000000,-2.63000000,0.58000000,美的集团
2025-07-30,000333,340.70000000,343.03000000,345.39000000,339.61000000,411325,2964849147.82999992,1.70000000,0.96000000,3.27000000,0.59000000,美的集团
2025-07-31,000333,342.61000000,335.83000000,342.69000000,334.66000000,694777,4895784249.93999958,2.34000000,-2.10000000,-7.20000000,1.00000000,美的集团
2025-08-01,000333,335.86000000,338.08000000,338.75000000,335.49000000,286447,2019147913.11999989,0.97000000,0.67000000,2.25000000,0.41000000,美的集团
2025-08-04,000333,337.18000000,338.64000000,338.86000000,335.86000000,197766,1398398727.73000002,0.89000000,0.17000000,0.56000000,0.29000000,美的集团
2025-08-05,000333,339.28000000,340.29000000,340.78000000,337.66000000,191748,1365340860.17000008,0.92000000,0.49000000,1.65000000,0.28000000,美的集团
2025-08-06,000333,340.29000000,341.49000000,341.79000000,338.83000000,221358,1583549583.56999993,0.87000000,0.35000000,1.20000000,0.32000000,美的集团
2025-08-07,000333,340.78000000,340.66000000,342.35000000,339.65000000,203616,1456650768.74000001,0.79000000,-0.24000000,-0.83000000,0.29000000,美的集团
2025-08-08,000333,340.36000000,341.04000000,341.98000000,339.95000000,201184,1439938213.20000005,0.60000000,0.11000000,0.38000000,0.29000000,美的集团
2025-08-11,000333,339.99000000,341.71000000,341.94000000,339.58000000,179124,1282650770.44000006,0.69000000,0.20000000,0.67000000,0.26000000,美的集团
2025-08-12,000333,341.68000000,342.35000000,344.26000000,341.11000000,240476,1734351323.75000000,0.92000000,0.19000000,0.64000000,0.35000000,美的集团
2025-08-13,000333,342.54000000,341.94000000,343.70000000,341.11000000,253847,1827058280.07999992,0.76000000,-0.12000000,-0.41000000,0.37000000,美的集团
2025-08-14,000333,341.86000000,343.85000000,346.55000000,341.56000000,455149,3301054397.69000006,1.46000000,0.56000000,1.91000000,0.66000000,美的集团
2025-08-15,000333,343.85000000,343.74000000,344.11000000,341.90000000,274700,1980637245.32999992,0.64000000,-0.03000000,-0.11000000,0.40000000,美的集团
2025-08-18,000333,343.78000000,342.01000000,344.71000000,341.15000000,542998,3906936963.36000013,1.04000000,-0.50000000,-1.73000000,0.78000000,美的集团
2025-08-19,000333,347.11000000,345.16000000,348.73000000,343.36000000,537603,3916336802.01000023,1.57000000,0.92000000,3.15000000,0.78000000,美的集团
2025-08-20,000333,343.40000000,343.44000000,343.81000000,340.78000000,403770,2901846346.32000017,0.88000000,-0.50000000,-1.72000000,0.58000000,美的集团
2025-08-21,000333,342.95000000,342.31000000,344.49000000,341.34000000,338014,2436115382.32999992,0.92000000,-0.33000000,-1.13000000,0.49000000,美的集团
2025-08-22,000333,342.50000000,342.95000000,343.33000000,341.30000000,391389,2814332706.15000010,0.59000000,0.19000000,0.64000000,0.57000000,美的集团
2025-08-25,000333,343.06000000,348.31000000,349.55000000,343.06000000,700234,5110086585.81000042,1.89000000,1.56000000,5.36000000,1.01000000,美的集团
2025-08-26,000333,348.31000000,349.36000000,351.16000000,347.53000000,462938,3417986335.78999996,1.04000000,0.30000000,1.05000000,0.67000000,美的集团
2025-08-27,000333,349.70000000,345.28000000,352.18000000,345.20000000,488419,3605612809.63999987,2.00000000,-1.17000000,-4.08000000,0.71000000,美的集团
2025-08-28,000333,345.28000000,348.24000000,350.00000000,344.53000000,432987,3171280840.48000002,1.58000000,0.86000000,2.96000000,0.63000000,美的集团
2025-08-29,000333,348.24000000,349.03000000,353.26000000,347.83000000,567669,4210933505.48999977,1.56000000,0.23000000,0.79000000,0.82000000,美的集团
2025-09-01,000333,353.86000000,350.23000000,357.01000000,348.31000000,776259,5792738593.77000046,2.49000000,0.34000000,1.20000000,1.12000000,美的集团
2025-09-02,000333,350.90000000,358.21000000,359.11000000,350.08000000,805909,6106472167.21000004,2.58000000,2.28000000,7.98000000,1.16000000,美的集团
2025-09-03,000333,359.68000000,356.19000000,361.89000000,353.68000000,504881,3826685199.73999977,2.29000000,-0.56000000,-2.02000000,0.73000000,美的集团
2025-09-04,000333,357.54000000,356.08000000,357.61000000,351.69000000,443539,3328858300.19000006,1.66000000,-0.03000000,-0.11000000,0.64000000,美的集团
2025-09-05,000333,356.90000000,358.44000000,360.20000000,355.51000000,464252,3530971109.13000011,1.32000000,0.66000000,2.36000000,0.67000000,美的集团
2025-09-08,000333,360.13000000,361.48000000,365.41000000,359.49000000,550294,4245832273.75000000,1.65000000,0.85000000,3.04000000,0.79000000,美的集团
2025-09-09,000333,361.44000000,362.04000000,363.61000000,358.93000000,383150,2947171766.61000013,1.29000000,0.15000000,0.56000000,0.55000000,美的集团
2025-09-10,000333,361.36000000,361.44000000,362.38000000,359.11000000,271542,2087580321.39000010,0.90000000,-0.17000000,-0.60000000,0.39000000,美的集团
2025-09-11,000333,360.99000000,361.44000000,362.38000000,357.24000000,459605,3515566425.19999981,1.42000000,0.00000000,0.00000000,0.66000000,美的集团
2025-09-12,000333,361.18000000,356.00000000,363.95000000,355.40000000,591171,4507931248.72000027,2.37000000,-1.51000000,-5.44000000,0.85000000,美的集团
2025-09-15,000333,354.61000000,354.50000000,357.43000000,351.99000000,480680,3614905665.71999979,1.53000000,-0.42000000,-1.50000000,0.69000000,美的集团
2025-09-16,000333,354.35000000,351.84000000,354.61000000,350.30000000,456028,3396155195.71999979,1.22000000,-0.75000000,-2.66000000,0.66000000,美的集团
2025-09-17,000333,351.65000000,351.43000000,355.48000000,350.75000000,577227,4303710294.27999973,1.34000000,-0.12000000,-0.41000000,0.83000000,美的集团
2025-09-18,000333,352.36000000,349.14000000,355.18000000,347.08000000,600840,4452255640.85999966,2.30000000,-0.65000000,-2.29000000,0.87000000,美的集团
2025-09-19,000333,347.90000000,351.43000000,352.33000000,347.15000000,388478,2879645242.69000006,1.48000000,0.66000000,2.29000000,0.56000000,美的集团
2025-09-22,000333,353.15000000,347.34000000,353.49000000,345.99000000,479740,3520814681.25000000,2.13000000,-1.16000000,-4.09000000,0.69000000,美的集团
2025-09-23,000333,347.30000000,348.35000000,348.80000000,345.31000000,421477,3082692694.88000011,1.00000000,0.29000000,1.01000000,0.61000000,美的集团
2025-09-24,000333,348.28000000,350.49000000,351.43000000,346.18000000,306285,2260146501.21999979,1.51000000,0.61000000,2.14000000,0.44000000,美的集团
2025-09-25,000333,347.49000000,345.76000000,349.18000000,344.68000000,478607,3487388577.73999977,1.28000000,-1.35000000,-4.73000000,0.69000000,美的集团
2025-09-26,000333,346.51000000,350.86000000,352.74000000,345.95000000,476983,3524465565.67999983,1.96000000,1.48000000,5.10000000,0.69000000,美的集团
2025-09-29,000333,351.73000000,349.10000000,352.18000000,346.55000000,465939,3431995413.21000004,1.60000000,-0.50000000,-1.76000000,0.67000000,美的集团
2025-09-30,000333,348.99000000,345.09000000,349.03000000,344.68000000,506108,3690464285.46000004,1.25000000,-1.15000000,-4.01000000,0.73000000,美的集团
2025-10-09,000333,343.93000000,344.98000000,346.25000000,340.29000000,615939,4446685218.42000008,1.73000000,-0.03000000,-0.11000000,0.89000000,美的集团
2025-10-10,000333,344.30000000,345.73000000,349.10000000,342.99000000,433305,3168138018.80999994,1.77000000,0.22000000,0.75000000,0.63000000,美的集团
2025-10-13,000333,340.29000000,341.90000000,343.03000000,338.94000000,481605,3450611699.94999981,1.18000000,-1.11000000,-3.83000000,0.69000000,美的集团
2025-10-14,000333,342.61000000,344.86000000,346.93000000,341.45000000,519095,3767793738.65000010,1.60000000,0.87000000,2.96000000,0.75000000,美的集团
2025-10-15,000333,345.61000000,346.06000000,348.20000000,344.86000000,376333,2753955979.23999977,0.97000000,0.35000000,1.20000000,0.54000000,美的集团
2025-10-16,000333,347.11000000,347.04000000,348.95000000,344.56000000,346780,2535057433.01999998,1.27000000,0.28000000,0.98000000,0.50000000,美的集团
2025-10-17,000333,345.24000000,345.61000000,348.58000000,345.01000000,276491,2017092908.00000000,1.03000000,-0.41000000,-1.43000000,0.40000000,美的集团
2025-10-20,000333,346.70000000,345.88000000,347.86000000,344.08000000,297557,2166679567.63000011,1.09000000,0.08000000,0.27000000,0.43000000,美的集团
2025-10-21,000333,345.99000000,346.03000000,347.34000000,344.79000000,283947,2070032730.89000010,0.74000000,0.04000000,0.15000000,0.41000000,美的集团
2025-10-22,000333,345.61000000,349.66000000,350.08000000,344.90000000,393298,2894112406.40999985,1.50000000,1.05000000,3.63000000,0.57000000,美的集团
2025-10-23,000333,349.36000000,353.45000000,353.68000000,348.91000000,347633,2588236880.96999979,1.36000000,1.08000000,3.79000000,0.50000000,美的集团
2025-10-24,000333,353.45000000,352.40000000,353.86000000,351.84000000,244838,1829626026.27999997,0.57000000,-0.30000000,-1.05000000,0.35000000,美的集团
2025-10-27,000333,352.89000000,353.41000000,355.18000000,351.50000000,340553,2552508383.15999985,1.04000000,0.29000000,1.01000000,0.49000000,美的集团
2025-10-28,000333,352.40000000,351.65000000,353.56000000,350.60000000,233658,1740011911.80999994,0.84000000,-0.50000000,-1.76000000,0.34000000,美的集团
2025-10-29,000333,351.05000000,351.61000000,351.69000000,348.24000000,273587,2025139820.76999998,0.98000000,-0.01000000,-0.04000000,0.39000000,美的集团
2025-10-30,000333,351.99000000,354.99000000,357.99000000,351.99000000,499653,3777679276.17000008,1.71000000,0.96000000,3.38000000,0.72000000,美的集团
2025-10-31,000333,354.61000000,359.11000000,360.73000000,354.24000000,509742,3888018216.26999998,1.83000000,1.16000000,4.12000000,0.74000000,美的集团
2025-11-03,000333,359.08000000,355.33000000,361.18000000,354.54000000,281970,2132026191.42000008,1.85000000,-1.05000000,-3.78000000,0.41000000,美的集团
2025-11-04,000333,354.31000000,354.46000000,356.83000000,353.49000000,302606,2282008180.23999977,0.94000000,-0.24000000,-0.87000000,0.44000000,美的集团
2025-11-05,000333,353.86000000,357.39000000,359.08000000,351.24000000,266151,2015978787.05999994,2.21000000,0.83000000,2.93000000,0.38000000,美的集团
2025-11-06,000333,357.39000000,361.48000000,362.98000000,357.39000000,355111,2732619897.05999994,1.56000000,1.14000000,4.09000000,0.51000000,美的集团
2025-11-07,000333,362.38000000,358.36000000,362.38000000,358.03000000,264420,2021807279.76999998,1.20000000,-0.86000000,-3.12000000,0.38000000,美的集团
2025-11-10,000333,358.59000000,362.60000000,363.43000000,357.43000000,391008,3010493958.57999992,1.67000000,1.18000000,4.24000000,0.56000000,美的集团
2025-11-11,000333,362.60000000,362.23000000,362.83000000,360.16000000,227708,1755331383.54999995,0.74000000,-0.10000000,-0.37000000,0.33000000,美的集团
2025-11-12,000333,362.23000000,370.70000000,374.68000000,362.23000000,737847,5857421168.27000046,3.44000000,2.34000000,8.47000000,1.06000000,美的集团
2025-11-13,000333,369.61000000,371.11000000,372.61000000,367.70000000,333370,2639881173.73000002,1.32000000,0.11000000,0.41000000,0.48000000,美的集团
2025-11-14,000333,370.74000000,369.73000000,374.19000000,369.05000000,273127,2181244560.26999998,1.39000000,-0.37000000,-1.38000000,0.39000000,美的集团
2025-11-17,000333,369.73000000,366.69000000,370.33000000,364.78000000,261095,2050426784.01999998,1.50000000,-0.82000000,-3.04000000,0.38000000,美的集团
2025-11-18,000333,368.04000000,364.70000000,369.43000000,363.20000000,235904,1833005279.67000008,1.70000000,-0.54000000,-1.99000000,0.34000000,美的集团
2025-11-19,000333,364.63000000,364.70000000,367.29000000,363.28000000,214415,1661622967.51999998,1.10000000,0.00000000,0.00000000,0.31000000,美的集团
2025-11-20,000333,365.08000000,366.73000000,370.25000000,363.31000000,261929,2050174662.79999995,1.90000000,0.56000000,2.03000000,0.38000000,美的集团
2025-11-21,000333,363.58000000,369.76000000,371.79000000,363.58000000,439495,3442968264.82999992,2.24000000,0.83000000,3.03000000,0.63000000,美的集团
2025-11-24,000333,369.20000000,369.05000000,372.50000000,367.89000000,367739,2903024266.26000023,1.25000000,-0.19000000,-0.71000000,0.53000000,美的集团
2025-11-25,000333,370.66000000,369.58000000,370.70000000,365.49000000,291012,2280195508.50000000,1.41000000,0.14000000,0.53000000,0.42000000,美的集团
2025-11-26,000333,369.54000000,373.70000000,374.45000000,368.49000000,320728,2538706359.90999985,1.61000000,1.11000000,4.12000000,0.46000000,美的集团
2025-11-27,000333,372.95000000,373.70000000,377.19000000,370.51000000,316461,2524590682.30000019,1.79000000,0.00000000,0.00000000,0.46000000,美的集团
2025-11-28,000333,373.70000000,373.93000000,374.71000000,371.94000000,181267,1445017043.30999994,0.74000000,0.06000000,0.23000000,0.26000000,美的集团
2025-12-01,000333,373.70000000,374.45000000,375.20000000,371.34000000,303520,2419268736.44000006,1.03000000,0.14000000,0.52000000,0.44000000,美的集团
2025-12-02,000333,374.83000000,380.30000000,380.68000000,374.49000000,378049,3071966511.53000021,1.65000000,1.56000000,5.85000000,0.55000000,美的集团
2025-12-03,000333,380.26000000,382.59000000,385.25000000,379.18000000,368660,3038100688.69999981,1.60000000,0.60000000,2.29000000,0.53000000,美的集团
2025-12-04,000333,382.44000000,381.54000000,386.34000000,381.09000000,289180,2377656054.21999979,1.37000000,-0.27000000,-1.05000000,0.42000000,美的集团
2025-12-05,000333,381.54000000,382.81000000,384.16000000,380.83000000,246165,2020996777.56999993,0.87000000,0.33000000,1.27000000,0.35000000,美的集团
2025-12-08,000333,385.70000000,381.24000000,386.08000000,378.35000000,273365,2235419968.15999985,2.02000000,-0.41000000,-1.57000000,0.39000000,美的集团
2025-12-09,000333,380.08000000,375.20000000,380.30000000,374.23000000,356479,2872571866.53000021,1.59000000,-1.58000000,-6.04000000,0.51000000,美的集团
2025-12-10,000333,374.38000000,374.71000000,376.78000000,373.33000000,245720,1970629706.25999999,0.92000000,-0.13000000,-0.49000000,0.35000000,美的集团
2025-12-11,000333,374.90000000,371.83000000,376.55000000,371.38000000,272945,2178536617.34999990,1.38000000,-0.77000000,-2.88000000,0.39000000,美的集团
2025-12-12,000333,372.01000000,371.90000000,374.38000000,371.45000000,328959,2615339990.38999987,0.79000000,0.02000000,0.07000000,0.47000000,美的集团
2025-12-15,000333,373.29000000,375.99000000,378.58000000,372.39000000,365547,2945959174.78999996,1.66000000,1.10000000,4.09000000,0.53000000,美的集团
2025-12-16,000333,375.39000000,374.30000000,377.64000000,373.85000000,214231,1718619061.35999990,1.01000000,-0.45000000,-1.69000000,0.31000000,美的集团
2025-12-17,000333,373.36000000,376.21000000,377.90000000,372.13000000,230282,1850597015.67000008,1.54000000,0.51000000,1.91000000,0.33000000,美的集团
2025-12-18,000333,375.46000000,373.81000000,376.74000000,372.61000000,214098,1710070019.19000006,1.10000000,-0.64000000,-2.40000000,0.31000000,美的集团
2025-12-19,000333,373.89000000,372.39000000,374.08000000,369.95000000,278018,2205368623.67999983,1.10000000,-0.38000000,-1.42000000,0.41000000,美的集团
2025-12-22,000333,371.83000000,371.30000000,373.66000000,370.33000000,245037,1941379877.41000009,0.89000000,-0.29000000,-1.09000000,0.36000000,美的集团
2025-12-23,000333,372.13000000,373.14000000,375.61000000,370.78000000,254680,2029842283.13000011,1.30000000,0.50000000,1.84000000,0.37000000,美的集团
2025-12-24,000333,372.31000000,369.95000000,374.23000000,369.80000000,217047,1715476083.54999995,1.19000000,-0.85000000,-3.19000000,0.32000000,美的集团
2025-12-25,000333,368.90000000,369.16000000,370.25000000,367.63000000,226758,1780124524.54999995,0.71000000,-0.21000000,-0.79000000,0.33000000,美的集团
2025-12-26,000333,369.16000000,370.21000000,370.96000000,369.01000000,214107,1688269459.89000010,0.53000000,0.28000000,1.05000000,0.31000000,美的集团
2025-12-29,000333,369.91000000,368.49000000,373.40000000,367.89000000,256974,2026008965.17000008,1.49000000,-0.46000000,-1.72000000,0.38000000,美的集团
2025-12-30,000333,367.55000000,370.14000000,372.13000000,367.40000000,213622,1681118068.35999990,1.28000000,0.45000000,1.65000000,0.31000000,美的集团
2025-12-31,000333,370.21000000,367.51000000,375.50000000,366.39000000,287758,2256598465.55000019,2.46000000,-0.71000000,-2.63000000,0.42000000,美的集团
2026-01-05,000333,374.60000000,369.50000000,376.33000000,367.89000000,442947,3501427582.28999996,2.30000000,0.54000000,1.99000000,0.65000000,美的集团
2026-01-06,000333,369.13000000,370.10000000,372.54000000,364.66000000,454525,3572813822.28999996,2.13000000,0.16000000,0.60000000,0.66000000,美的集团
2026-01-07,000333,370.66000000,372.09000000,372.88000000,367.18000000,401968,3173707530.51999998,1.54000000,0.54000000,1.99000000,0.59000000,美的集团
2026-01-08,000333,372.09000000,370.81000000,372.50000000,368.11000000,312537,2464225428.80000019,1.18000000,-0.34000000,-1.28000000,0.46000000,美的集团
2026-01-09,000333,372.95000000,373.59000000,374.26000000,371.83000000,341081,2719435078.26000023,0.66000000,0.75000000,2.78000000,0.50000000,美的集团
2026-01-12,000333,373.63000000,369.28000000,373.66000000,366.24000000,525014,4117420886.96000004,1.99000000,-1.15000000,-4.31000000,0.77000000,美的集团
2026-01-13,000333,366.58000000,360.20000000,366.95000000,359.83000000,945712,7277543658.27000046,1.93000000,-2.46000000,-9.08000000,1.38000000,美的集团
2026-01-14,000333,360.20000000,363.76000000,365.56000000,359.11000000,539684,4151813691.05000019,1.79000000,0.99000000,3.56000000,0.79000000,美的集团
2026-01-15,000333,364.93000000,364.03000000,367.14000000,362.79000000,360314,2794124458.19999981,1.20000000,0.07000000,0.27000000,0.53000000,美的集团
2026-01-16,000333,364.14000000,364.36000000,366.39000000,363.76000000,371869,2882035810.57999992,0.72000000,0.09000000,0.33000000,0.54000000,美的集团
2026-01-19,000333,364.59000000,365.53000000,367.48000000,363.39000000,336374,2609235772.07000017,1.12000000,0.32000000,1.17000000,0.49000000,美的集团
2026-01-20,000333,365.68000000,370.70000000,372.09000000,363.95000000,455358,3580248040.94999981,2.23000000,1.41000000,5.17000000,0.66000000,美的集团
2026-01-21,000333,370.55000000,366.13000000,370.55000000,365.26000000,368086,2881638097.78999996,1.43000000,-1.23000000,-4.57000000,0.54000000,美的集团
2026-01-22,000333,367.89000000,365.04000000,367.93000000,364.59000000,344041,2673285096.07000017,0.91000000,-0.30000000,-1.09000000,0.50000000,美的集团
2026-01-23,000333,365.34000000,362.38000000,366.16000000,362.11000000,373707,2879013288.11000013,1.11000000,-0.73000000,-2.66000000,0.55000000,美的集团
2026-01-26,000333,362.45000000,360.76000000,366.46000000,359.53000000,473132,3631661682.11999989,1.91000000,-0.45000000,-1.62000000,0.69000000,美的集团
2026-01-27,000333,360.95000000,359.83000000,363.58000000,359.15000000,325807,2493849776.65000010,1.23000000,-0.26000000,-0.93000000,0.48000000,美的集团
2026-01-28,000333,359.79000000,356.98000000,360.80000000,355.70000000,628937,4759175491.81000042,1.42000000,-0.79000000,-2.85000000,0.92000000,美的集团
2026-01-29,000333,358.33000000,366.50000000,367.25000000,357.46000000,622441,4784027397.59000015,2.74000000,2.67000000,9.52000000,0.91000000,美的集团
2026-01-30,000333,365.45000000,365.41000000,370.70000000,364.70000000,532508,4168550768.05999994,1.64000000,-0.30000000,-1.09000000,0.78000000,美的集团
2026-02-02,000333,365.45000000,366.39000000,368.75000000,363.20000000,345916,2696447814.44000006,1.52000000,0.27000000,0.98000000,0.51000000,美的集团
2026-02-03,000333,366.20000000,366.61000000,370.29000000,364.81000000,345037,2691523349.88000011,1.50000000,0.06000000,0.22000000,0.50000000,美的集团
2026-02-04,000333,367.33000000,373.74000000,374.00000000,366.99000000,389103,3080223022.78000021,1.91000000,1.94000000,7.13000000,0.57000000,美的集团
2026-02-05,000333,373.81000000,376.14000000,378.80000000,373.06000000,429198,3456314702.71999979,1.54000000,0.64000000,2.40000000,0.63000000,美的集团
2026-02-06,000333,376.06000000,372.73000000,377.45000000,372.20000000,312566,2494058798.96000004,1.40000000,-0.91000000,-3.41000000,0.46000000,美的集团
2026-02-09,000333,371.38000000,371.30000000,371.98000000,368.49000000,334670,2637206616.13000011,0.94000000,-0.38000000,-1.43000000,0.49000000,美的集团
2026-02-10,000333,371.49000000,375.16000000,375.50000000,370.25000000,306184,2442130413.44999981,1.41000000,1.04000000,3.86000000,0.45000000,美的集团
2026-02-11,000333,374.45000000,373.29000000,375.24000000,372.95000000,198066,1581382077.16000009,0.61000000,-0.50000000,-1.87000000,0.29000000,美的集团
2026-02-12,000333,372.43000000,373.70000000,374.68000000,371.83000000,188784,1505278310.60999990,0.76000000,0.11000000,0.41000000,0.28000000,美的集团
2026-02-13,000333,372.61000000,370.89000000,374.45000000,370.36000000,255102,2024367757.89000010,1.09000000,-0.75000000,-2.81000000,0.37000000,美的集团
2026-02-24,000333,375.20000000,372.65000000,376.70000000,372.65000000,252514,2020103221.13000011,1.09000000,0.47000000,1.76000000,0.37000000,美的集团
2026-02-25,000333,375.50000000,373.33000000,377.34000000,371.79000000,285524,2280423704.01999998,1.49000000,0.18000000,0.68000000,0.42000000,美的集团
2026-02-26,000333,375.01000000,371.64000000,375.20000000,369.76000000,253271,2011764283.83999991,1.46000000,-0.45000000,-1.69000000,0.37000000,美的集团
2026-02-27,000333,370.81000000,369.35000000,372.58000000,368.83000000,201604,1590463839.29999995,1.01000000,-0.62000000,-2.29000000,0.29000000,美的集团
2026-03-02,000333,366.95000000,364.89000000,367.18000000,362.08000000,274786,2126756400.72000003,1.38000000,-1.21000000,-4.46000000,0.40000000,美的集团
2026-03-03,000333,364.93000000,361.55000000,365.60000000,361.33000000,288000,2219134173.13999987,1.17000000,-0.92000000,-3.34000000,0.42000000,美的集团
2026-03-04,000333,359.45000000,360.05000000,361.40000000,357.09000000,284934,2165428070.73999977,1.19000000,-0.41000000,-1.50000000,0.42000000,美的集团
2026-03-05,000333,361.70000000,360.46000000,363.16000000,359.90000000,196872,1505981137.05999994,0.91000000,0.11000000,0.41000000,0.29000000,美的集团
2026-03-06,000333,360.28000000,361.40000000,362.15000000,358.55000000,206629,1576695274.05999994,1.00000000,0.26000000,0.94000000,0.30000000,美的集团
2026-03-09,000333,358.44000000,357.24000000,359.83000000,355.78000000,259478,1958550800.94000006,1.12000000,-1.15000000,-4.16000000,0.38000000,美的集团
2026-03-10,000333,358.51000000,361.70000000,362.60000000,358.51000000,209086,1598535439.79999995,1.14000000,1.25000000,4.46000000,0.31000000,美的集团
2026-03-11,000333,361.70000000,364.66000000,365.90000000,359.83000000,251358,1941618421.16000009,1.68000000,0.82000000,2.96000000,0.37000000,美的集团
2026-03-12,000333,364.33000000,364.70000000,366.01000000,362.94000000,193305,1493891519.44000006,0.84000000,0.01000000,0.04000000,0.28000000,美的集团
2026-03-13,000333,363.01000000,362.68000000,364.93000000,361.89000000,187293,1443018565.53999996,0.83000000,-0.55000000,-2.02000000,0.27000000,美的集团
2026-03-16,000333,361.40000000,361.85000000,362.75000000,358.25000000,205600,1570261576.60999990,1.24000000,-0.23000000,-0.83000000,0.30000000,美的集团
2026-03-17,000333,363.13000000,361.70000000,365.45000000,361.70000000,214075,1649202285.18000007,1.04000000,-0.04000000,-0.15000000,0.31000000,美的集团
2026-03-18,000333,362.23000000,363.43000000,364.33000000,360.58000000,200716,1544837047.70000005,1.04000000,0.48000000,1.73000000,0.29000000,美的集团
2026-03-19,000333,361.06000000,359.45000000,363.13000000,359.19000000,232729,1777663109.79999995,1.08000000,-1.10000000,-3.98000000,0.34000000,美的集团
2026-03-20,000333,359.15000000,356.15000000,360.01000000,356.15000000,219126,1657477564.33999991,1.07000000,-0.92000000,-3.30000000,0.32000000,美的集团
2026-03-23,000333,351.76000000,349.59000000,351.84000000,345.76000000,462008,3377621417.84999990,1.71000000,-1.84000000,-6.56000000,0.67000000,美的集团
2026-03-24,000333,350.94000000,352.81000000,353.53000000,347.45000000,267147,1968463614.88000011,1.74000000,0.92000000,3.22000000,0.39000000,美的集团
2026-03-25,000333,353.83000000,354.95000000,355.59000000,351.76000000,184964,1376467587.71000004,1.09000000,0.61000000,2.14000000,0.27000000,美的集团
2026-03-26,000333,355.29000000,353.15000000,357.73000000,352.63000000,177085,1325335068.75000000,1.44000000,-0.51000000,-1.80000000,0.26000000,美的集团
2026-03-27,000333,347.83000000,354.88000000,355.51000000,347.45000000,319125,2367294086.51999998,2.28000000,0.49000000,1.73000000,0.47000000,美的集团
2026-03-30,000333,349.51000000,344.83000000,351.95000000,343.59000000,456227,3304801589.86999989,2.36000000,-2.83000000,-10.05000000,0.67000000,美的集团
2026-03-31,000333,355.89000000,360.76000000,364.40000000,353.11000000,694915,5310077351.85000038,3.27000000,4.62000000,15.93000000,1.01000000,美的集团
2026-04-01,000333,361.33000000,362.60000000,364.70000000,360.73000000,273616,2100652577.86999989,1.10000000,0.51000000,1.84000000,0.40000000,美的集团
2026-04-02,000333,362.64000000,364.59000000,366.35000000,361.63000000,326318,2523387317.67000008,1.30000000,0.55000000,1.99000000,0.48000000,美的集团
2026-04-03,000333,364.33000000,360.76000000,364.51000000,360.20000000,172773,1325461933.44000006,1.18000000,-1.05000000,-3.83000000,0.25000000,美的集团
2026-04-07,000333,360.76000000,359.90000000,362.08000000,358.03000000,163826,1246113299.91000009,1.12000000,-0.24000000,-0.86000000,0.24000000,美的集团
2026-04-08,000333,363.01000000,362.19000000,364.14000000,360.76000000,286804,2200099878.86000013,0.94000000,0.64000000,2.29000000,0.42000000,美的集团
2026-04-09,000333,360.95000000,361.40000000,363.28000000,359.08000000,235024,1796387350.50000000,1.16000000,-0.22000000,-0.79000000,0.34000000,美的集团
2026-04-10,000333,361.40000000,360.99000000,362.23000000,359.68000000,258373,1971065631.96000004,0.71000000,-0.11000000,-0.41000000,0.38000000,美的集团
2026-04-13,000333,359.56000000,358.63000000,361.21000000,357.88000000,182375,1384781817.96000004,0.92000000,-0.65000000,-2.36000000,0.27000000,美的集团
2026-04-14,000333,359.68000000,361.51000000,361.51000000,357.58000000,195782,1489302845.08999991,1.10000000,0.80000000,2.88000000,0.29000000,美的集团
2026-04-15,000333,361.51000000,365.04000000,366.50000000,360.20000000,318451,2461286852.71999979,1.74000000,0.98000000,3.53000000,0.46000000,美的集团
2026-04-16,000333,366.09000000,366.58000000,368.60000000,364.70000000,238078,1853913747.86999989,1.07000000,0.42000000,1.54000000,0.35000000,美的集团
2026-04-17,000333,367.63000000,369.39000000,371.64000000,366.35000000,277352,2181684922.92999983,1.44000000,0.77000000,2.81000000,0.40000000,美的集团
2026-04-20,000333,368.45000000,372.88000000,374.08000000,367.14000000,276700,2201771534.36000013,1.88000000,0.94000000,3.49000000,0.40000000,美的集团
2026-04-21,000333,373.51000000,372.58000000,374.75000000,371.45000000,238793,1903225381.94000006,0.89000000,-0.08000000,-0.30000000,0.35000000,美的集团
2026-04-22,000333,372.58000000,371.83000000,373.06000000,370.21000000,202782,1606990584.78999996,0.76000000,-0.20000000,-0.75000000,0.30000000,美的集团
2026-04-23,000333,371.79000000,373.89000000,375.01000000,369.69000000,299432,2388456633.05000019,1.43000000,0.55000000,2.06000000,0.44000000,美的集团
2026-04-24,000333,372.80000000,373.18000000,375.20000000,372.43000000,217880,1740580503.25999999,0.74000000,-0.19000000,-0.71000000,0.32000000,美的集团
2026-04-27,000333,371.60000000,372.58000000,375.01000000,370.74000000,258512,2060818397.14000010,1.14000000,-0.16000000,-0.60000000,0.38000000,美的集团
2026-04-28,000333,372.39000000,376.14000000,377.45000000,371.38000000,304729,2450034708.23000002,1.63000000,0.96000000,3.56000000,0.44000000,美的集团
2026-04-29,000333,376.51000000,379.36000000,381.73000000,376.14000000,331108,2684108095.61000013,1.49000000,0.86000000,3.22000000,0.48000000,美的集团
2026-04-30,000333,378.20000000,378.58000000,382.51000000,376.74000000,354433,2889837730.03999996,1.52000000,-0.21000000,-0.78000000,0.52000000,美的集团
2026-05-06,000333,373.33000000,376.10000000,377.75000000,371.26000000,360419,2885237850.32999992,1.71000000,-0.66000000,-2.48000000,0.53000000,美的集团
2026-05-07,000333,374.45000000,373.74000000,378.13000000,373.59000000,372176,2988466108.94000006,1.21000000,-0.63000000,-2.36000000,0.54000000,美的集团
2026-05-08,000333,373.14000000,375.95000000,378.54000000,371.90000000,282423,2273797150.15999985,1.78000000,0.59000000,2.21000000,0.41000000,美的集团
2026-05-11,000333,374.98000000,376.96000000,383.64000000,372.88000000,436444,3540579382.26000023,2.86000000,0.27000000,1.01000000,0.64000000,美的集团
2026-05-12,000333,376.93000000,374.79000000,378.84000000,373.44000000,357756,2875768678.51000023,1.43000000,-0.58000000,-2.17000000,0.52000000,美的集团
2026-05-13,000333,374.30000000,375.88000000,378.01000000,373.06000000,328497,2636662836.82999992,1.32000000,0.29000000,1.09000000,0.48000000,美的集团
2026-05-14,000333,375.91000000,381.24000000,382.25000000,375.91000000,389267,3174393394.86000013,1.69000000,1.43000000,5.36000000,0.57000000,美的集团
2026-05-15,000333,379.89000000,384.09000000,386.83000000,377.26000000,426609,3525964211.57999992,2.51000000,0.75000000,2.85000000,0.62000000,美的集团
2026-05-18,000333,384.50000000,385.06000000,387.35000000,382.25000000,377354,3123465723.84000015,1.33000000,0.25000000,0.97000000,0.55000000,美的集团
2026-05-19,000333,385.06000000,378.20000000,385.10000000,376.33000000,335818,2725821114.42999983,2.28000000,-1.78000000,-6.86000000,0.49000000,美的集团
2026-05-20,000333,377.15000000,380.08000000,382.55000000,374.75000000,301597,2454297430.44999981,2.06000000,0.50000000,1.88000000,0.44000000,美的集团
2026-05-21,000333,382.51000000,380.08000000,386.26000000,380.08000000,311813,2562761519.28000021,1.63000000,0.00000000,0.00000000,0.45000000,美的集团
2026-05-22,000333,380.71000000,375.50000000,381.95000000,374.04000000,309848,2493884551.63999987,2.08000000,-1.21000000,-4.58000000,0.45000000,美的集团
2026-05-25,000333,374.45000000,373.74000000,374.98000000,369.91000000,231275,1842662846.41000009,1.35000000,-0.47000000,-1.76000000,0.34000000,美的集团
2026-05-26,000333,373.70000000,372.76000000,377.08000000,372.31000000,244953,1954515554.53999996,1.28000000,-0.26000000,-0.98000000,0.36000000,美的集团
2026-05-27,000333,372.69000000,374.56000000,375.50000000,370.21000000,255888,2034009882.23000002,1.42000000,0.48000000,1.80000000,0.37000000,美的集团
2026-05-28,000333,372.95000000,370.51000000,373.63000000,369.24000000,241998,1913267192.52999997,1.17000000,-1.08000000,-4.05000000,0.35000000,美的集团
2026-05-29,000333,370.40000000,377.64000000,379.18000000,368.83000000,429729,3461222697.57000017,2.79000000,1.92000000,7.13000000,0.63000000,美的集团
2026-06-01,000333,375.65000000,380.83000000,381.95000000,375.54000000,376711,3058758976.78000021,1.70000000,0.84000000,3.19000000,0.55000000,美的集团
2026-06-02,000333,379.18000000,384.20000000,384.91000000,379.03000000,263177,2162929060.26000023,1.54000000,0.88000000,3.37000000,0.38000000,美的集团
2026-06-03,000333,383.08000000,384.24000000,384.58000000,380.30000000,230326,1895269952.17000008,1.11000000,0.01000000,0.04000000,0.34000000,美的集团
2026-06-04,000333,382.14000000,383.53000000,387.50000000,381.20000000,243658,2019048244.99000001,1.64000000,-0.18000000,-0.71000000,0.36000000,美的集团
2026-06-05,000333,383.08000000,380.79000000,386.83000000,380.45000000,209494,1725517859.27999997,1.66000000,-0.71000000,-2.74000000,0.31000000,美的集团
2026-06-08,000333,379.66000000,385.14000000,388.51000000,377.75000000,367031,3034363535.42999983,2.83000000,1.14000000,4.35000000,0.53000000,美的集团
2026-06-09,000333,383.83000000,383.30000000,385.66000000,381.01000000,220992,1819542340.73000002,1.21000000,-0.48000000,-1.84000000,0.32000000,美的集团
2026-06-10,000333,383.83000000,389.08000000,392.75000000,379.96000000,386973,3242378393.65999985,3.34000000,1.51000000,5.78000000,0.56000000,美的集团
2026-06-11,000333,388.18000000,394.51000000,396.58000000,387.20000000,521437,4432709136.53999996,2.41000000,1.40000000,5.43000000,0.76000000,美的集团
2026-06-12,000333,391.33000000,386.56000000,391.93000000,384.01000000,429353,3569548761.46000004,2.01000000,-2.02000000,-7.95000000,0.63000000,美的集团
2026-06-15,000333,385.51000000,377.94000000,385.63000000,376.33000000,432926,3514282135.44999981,2.41000000,-2.23000000,-8.62000000,0.63000000,美的集团
2026-06-16,000333,378.09000000,370.55000000,378.16000000,369.05000000,415239,3291473114.57999992,2.41000000,-1.96000000,-7.39000000,0.61000000,美的集团
2026-06-17,000333,370.59000000,371.53000000,373.89000000,368.98000000,334472,2647888308.23000002,1.33000000,0.26000000,0.98000000,0.49000000,美的集团
2026-06-18,000333,371.56000000,366.95000000,372.54000000,366.20000000,363668,2850857596.05999994,1.71000000,-1.23000000,-4.58000000,0.53000000,美的集团
2026-06-22,000333,364.44000000,368.00000000,371.26000000,362.83000000,306710,2398663377.26000023,2.30000000,0.29000000,1.05000000,0.45000000,美的集团
2026-06-23,000333,367.59000000,367.21000000,373.03000000,366.28000000,360891,2832542710.23999977,1.83000000,-0.21000000,-0.79000000,0.53000000,美的集团
2026-06-24,000333,368.83000000,361.81000000,369.58000000,359.45000000,384878,2950191887.15999985,2.76000000,-1.47000000,-5.40000000,0.56000000,美的集团
2026-06-25,000333,361.85000000,361.33000000,368.34000000,360.20000000,411490,3173689872.15999985,2.25000000,-0.13000000,-0.48000000,0.60000000,美的集团
2026-06-26,000333,362.75000000,369.01000000,370.48000000,361.74000000,449534,3512507556.11999989,2.42000000,2.13000000,7.68000000,0.66000000,美的集团
2026-06-29,000333,372.62000000,378.17000000,380.87000000,370.18000000,743258,5697834978.36999989,2.90000000,2.48000000,9.16000000,1.08000000,美的集团
2026-06-30,000333,375.36000000,371.65000000,383.38000000,370.82000000,577509,4402003722.55000019,3.32000000,-1.72000000,-6.52000000,0.84000000,美的集团
2026-07-01,000333,373.45000000,378.66000000,379.41000000,364.48000000,502242,3810029158.73000002,4.02000000,1.89000000,7.01000000,0.73000000,美的集团
2026-07-02,000333,379.45000000,377.20000000,385.63000000,377.08000000,561468,4362682503.18999958,2.26000000,-0.39000000,-1.46000000,0.82000000,美的集团
2026-07-03,000333,379.03000000,380.76000000,388.03000000,378.32000000,557803,4376620902.01000023,2.57000000,0.94000000,3.56000000,0.81000000,美的集团
