trade_date,ts_code,open,close,high,low,volume,amount,amplitude_pct,pct_change,price_change,turnover_rate,stock_name
2015-01-05,000776,129.31000000,128.80000000,130.85000000,124.79000000,1497337,3880722496.00000000,4.72000000,0.40000000,0.51000000,2.53000000,广发证券
2015-01-06,000776,127.12000000,132.76000000,137.28000000,125.96000000,2107070,5614209536.00000000,8.79000000,3.07000000,3.96000000,3.56000000,广发证券
2015-01-07,000776,132.80000000,135.51000000,141.05000000,132.01000000,2214494,6167899392.00000000,6.81000000,2.07000000,2.75000000,3.74000000,广发证券
2015-01-08,000776,135.51000000,129.59000000,137.32000000,127.96000000,1547786,4112974240.00000000,6.91000000,-4.37000000,-5.92000000,2.61000000,广发证券
2015-01-09,000776,129.22000000,128.05000000,135.32000000,127.12000000,1628162,4307552512.00000000,6.33000000,-1.19000000,-1.54000000,2.75000000,广发证券
2015-01-12,000776,130.34000000,129.82000000,133.18000000,127.12000000,1578900,4170890272.00000000,4.73000000,1.38000000,1.77000000,2.67000000,广发证券
2015-01-13,000776,128.75000000,124.74000000,129.92000000,123.95000000,1150244,2939296688.00000000,4.60000000,-3.91000000,-5.08000000,1.94000000,广发证券
2015-01-14,000776,125.02000000,125.77000000,128.10000000,123.39000000,1117449,2834361760.00000000,3.78000000,0.83000000,1.03000000,1.89000000,广发证券
2015-01-15,000776,125.68000000,129.78000000,130.34000000,122.69000000,1397997,3584642880.00000000,6.08000000,3.19000000,4.01000000,2.36000000,广发证券
2015-01-16,000776,129.92000000,128.24000000,130.71000000,127.03000000,1110553,2891835792.00000000,2.84000000,-1.19000000,-1.54000000,1.88000000,广发证券
2015-01-19,000776,116.17000000,116.17000000,116.17000000,116.17000000,245190,572518656.00000000,0.00000000,-9.41000000,-12.07000000,0.41000000,广发证券
2015-01-20,000776,107.09000000,108.06000000,111.98000000,105.73000000,2303609,5003960832.00000000,5.38000000,-6.98000000,-8.11000000,3.89000000,广发证券
2015-01-21,000776,109.97000000,115.29000000,117.10000000,109.46000000,1645796,3719140128.00000000,7.07000000,6.69000000,7.23000000,2.78000000,广发证券
2015-01-22,000776,115.29000000,117.34000000,119.20000000,114.54000000,1092921,2569989328.00000000,4.04000000,1.78000000,2.05000000,1.85000000,广发证券
2015-01-23,000776,118.59000000,119.06000000,123.72000000,117.94000000,1117207,2712701728.00000000,4.93000000,1.47000000,1.72000000,1.89000000,广发证券
2015-01-26,000776,118.73000000,116.87000000,119.11000000,115.05000000,968335,2272555424.00000000,3.41000000,-1.84000000,-2.19000000,1.64000000,广发证券
2015-01-27,000776,116.31000000,115.24000000,117.71000000,112.86000000,945150,2188436688.00000000,4.15000000,-1.39000000,-1.63000000,1.60000000,广发证券
2015-01-28,000776,114.54000000,114.54000000,118.04000000,113.52000000,861349,1998575232.00000000,3.92000000,-0.61000000,-0.70000000,1.46000000,广发证券
2015-01-29,000776,111.65000000,111.33000000,112.96000000,109.93000000,864777,1927584592.00000000,2.65000000,-2.80000000,-3.21000000,1.46000000,广发证券
2015-01-30,000776,112.49000000,109.42000000,113.00000000,109.42000000,638114,1417187984.00000000,3.22000000,-1.72000000,-1.91000000,1.08000000,广发证券
2015-02-02,000776,106.20000000,106.39000000,109.00000000,104.43000000,842638,1790254896.00000000,4.18000000,-2.77000000,-3.03000000,1.42000000,广发证券
2015-02-03,000776,108.25000000,111.28000000,111.84000000,106.85000000,867408,1892767088.00000000,4.69000000,4.60000000,4.89000000,1.47000000,广发证券
2015-02-04,000776,111.65000000,110.53000000,115.29000000,110.39000000,1098651,2494558784.00000000,4.40000000,-0.67000000,-0.75000000,1.86000000,广发证券
2015-02-05,000776,115.43000000,111.37000000,115.71000000,111.28000000,1294946,2950490272.00000000,4.01000000,0.76000000,0.84000000,2.19000000,广发证券
2015-02-06,000776,109.88000000,110.86000000,113.38000000,108.11000000,715867,1594587408.00000000,4.73000000,-0.46000000,-0.51000000,1.21000000,广发证券
2015-02-09,000776,109.93000000,114.35000000,116.22000000,109.88000000,1212566,2769961152.00000000,5.72000000,3.15000000,3.49000000,2.05000000,广发证券
2015-02-10,000776,114.54000000,115.85000000,117.80000000,113.98000000,977955,2278087344.00000000,3.34000000,1.31000000,1.50000000,1.65000000,广发证券
2015-02-11,000776,116.31000000,116.40000000,117.66000000,114.73000000,676093,1578340000.00000000,2.53000000,0.47000000,0.55000000,1.14000000,广发证券
2015-02-12,000776,117.15000000,115.80000000,117.20000000,114.12000000,564972,1311313088.00000000,2.65000000,-0.52000000,-0.60000000,0.95000000,广发证券
2015-02-13,000776,116.26000000,117.62000000,120.46000000,116.26000000,1160821,2770242976.00000000,3.63000000,1.57000000,1.82000000,1.96000000,广发证券
2015-02-16,000776,116.31000000,116.03000000,117.29000000,115.05000000,921661,2147233872.00000000,1.90000000,-1.35000000,-1.59000000,1.56000000,广发证券
2015-02-17,000776,116.40000000,116.26000000,118.69000000,115.75000000,750965,1768976816.00000000,2.53000000,0.20000000,0.23000000,1.27000000,广发证券
2015-02-25,000776,116.40000000,113.70000000,116.45000000,113.61000000,596130,1371906080.00000000,2.44000000,-2.20000000,-2.56000000,1.01000000,广发证券
2015-02-26,000776,113.66000000,118.45000000,118.97000000,111.61000000,1105707,2584381216.00000000,6.47000000,4.18000000,4.75000000,1.87000000,广发证券
2015-02-27,000776,118.45000000,117.52000000,119.67000000,117.10000000,748558,1784855072.00000000,2.17000000,-0.79000000,-0.93000000,1.26000000,广发证券
2015-03-02,000776,119.85000000,120.55000000,122.74000000,118.08000000,1207858,2938009440.00000000,3.97000000,2.58000000,3.03000000,2.04000000,广发证券
2015-03-03,000776,119.62000000,115.47000000,119.67000000,115.24000000,1047187,2461294832.00000000,3.67000000,-4.21000000,-5.08000000,1.77000000,广发证券
2015-03-04,000776,115.47000000,114.68000000,116.40000000,113.84000000,634675,1462171520.00000000,2.22000000,-0.68000000,-0.79000000,1.07000000,广发证券
2015-03-05,000776,114.03000000,114.26000000,116.17000000,112.58000000,691908,1587758560.00000000,3.13000000,-0.37000000,-0.42000000,1.17000000,广发证券
2015-03-06,000776,115.57000000,114.91000000,118.18000000,114.54000000,889207,2079223152.00000000,3.19000000,0.57000000,0.65000000,1.50000000,广发证券
2015-03-09,000776,110.81000000,111.79000000,112.58000000,108.58000000,1122047,2471910128.00000000,3.48000000,-2.72000000,-3.12000000,1.90000000,广发证券
2015-03-10,000776,111.51000000,111.00000000,113.19000000,109.65000000,779325,1735715072.00000000,3.17000000,-0.71000000,-0.79000000,1.32000000,广发证券
2015-03-11,000776,111.28000000,110.72000000,113.05000000,110.44000000,584154,1307489520.00000000,2.35000000,-0.25000000,-0.28000000,0.99000000,广发证券
2015-03-12,000776,111.33000000,113.00000000,113.89000000,110.35000000,883386,1993229056.00000000,3.20000000,2.06000000,2.28000000,1.49000000,广发证券
2015-03-13,000776,113.98000000,113.61000000,116.68000000,113.00000000,821118,1889279328.00000000,3.26000000,0.54000000,0.61000000,1.39000000,广发证券
2015-03-16,000776,114.63000000,116.78000000,118.08000000,113.10000000,1039801,2423174736.00000000,4.38000000,2.79000000,3.17000000,1.76000000,广发证券
2015-03-17,000776,119.71000000,120.55000000,121.53000000,118.22000000,1637858,3962569808.00000000,2.83000000,3.23000000,3.77000000,2.77000000,广发证券
2015-03-18,000776,122.18000000,125.02000000,125.91000000,122.18000000,1696775,4260314768.00000000,3.09000000,3.71000000,4.47000000,2.87000000,广发证券
2015-03-19,000776,125.72000000,123.81000000,126.65000000,123.07000000,1137735,2864617360.00000000,2.86000000,-0.97000000,-1.21000000,1.92000000,广发证券
2015-03-20,000776,124.28000000,129.68000000,134.72000000,122.09000000,2083126,5413708288.00000000,10.20000000,4.74000000,5.87000000,3.52000000,广发证券
2015-03-23,000776,131.50000000,132.15000000,133.08000000,129.68000000,1487585,3961499040.00000000,2.62000000,1.90000000,2.47000000,2.51000000,广发证券
2015-03-24,000776,132.25000000,130.34000000,134.44000000,127.73000000,1441169,3823496352.00000000,5.08000000,-1.37000000,-1.81000000,2.43000000,广发证券
2015-03-25,000776,130.62000000,127.91000000,133.41000000,127.68000000,1342506,3536164704.00000000,4.40000000,-1.86000000,-2.43000000,2.27000000,广发证券
2015-03-26,000776,126.65000000,127.59000000,130.34000000,124.93000000,1028545,2656053504.00000000,4.23000000,-0.25000000,-0.32000000,1.74000000,广发证券
2015-03-27,000776,127.87000000,131.69000000,135.09000000,127.77000000,1551020,4160187936.00000000,5.74000000,3.21000000,4.10000000,2.62000000,广发证券
2015-03-30,000776,131.69000000,135.83000000,137.28000000,129.96000000,1816026,4934259456.00000000,5.56000000,3.14000000,4.14000000,3.07000000,广发证券
2015-03-31,000776,138.02000000,137.37000000,147.99000000,136.44000000,2121918,6119833344.00000000,8.50000000,1.13000000,1.54000000,3.58000000,广发证券
2015-04-01,000776,138.44000000,140.87000000,142.40000000,136.35000000,1420443,4030423552.00000000,4.40000000,2.55000000,3.50000000,2.40000000,广发证券
2015-04-02,000776,142.54000000,139.23000000,143.38000000,137.04000000,1307465,3710626816.00000000,4.50000000,-1.16000000,-1.64000000,2.21000000,广发证券
2015-04-03,000776,137.79000000,142.87000000,143.33000000,137.65000000,1544188,4443785472.00000000,4.08000000,2.61000000,3.64000000,2.61000000,广发证券
2015-04-07,000776,145.34000000,145.20000000,146.22000000,142.22000000,1389140,4069333392.00000000,2.80000000,1.63000000,2.33000000,2.35000000,广发证券
2015-04-08,000776,145.99000000,149.53000000,152.23000000,143.38000000,2135898,6471561984.00000000,6.10000000,2.98000000,4.33000000,3.61000000,广发证券
2015-04-09,000776,155.50000000,151.26000000,160.57000000,149.25000000,2282424,7218115584.00000000,7.57000000,1.16000000,1.73000000,3.86000000,广发证券
2015-04-10,000776,150.70000000,150.00000000,151.12000000,147.02000000,1645740,4992326400.00000000,2.71000000,-0.83000000,-1.26000000,2.78000000,广发证券
2015-04-13,000776,150.00000000,147.11000000,150.79000000,144.92000000,1703439,5098800384.00000000,3.91000000,-1.93000000,-2.89000000,2.88000000,广发证券
2015-04-14,000776,146.22000000,146.32000000,148.32000000,142.45000000,1411602,4168793664.00000000,3.99000000,-0.54000000,-0.79000000,2.38000000,广发证券
2015-04-15,000776,144.83000000,139.89000000,144.87000000,139.23000000,1142765,3323997552.00000000,3.85000000,-4.39000000,-6.43000000,1.93000000,广发证券
2015-04-16,000776,139.05000000,141.89000000,143.57000000,137.93000000,911405,2609547248.00000000,4.03000000,1.43000000,2.00000000,1.54000000,广发证券
2015-04-17,000776,143.20000000,142.36000000,145.29000000,141.10000000,1233431,3596265200.00000000,2.95000000,0.33000000,0.47000000,2.08000000,广发证券
2015-04-20,000776,142.50000000,135.74000000,142.96000000,135.46000000,1399812,3965009408.00000000,5.27000000,-4.65000000,-6.62000000,2.36000000,广发证券
2015-04-21,000776,135.97000000,141.80000000,142.96000000,135.97000000,1207454,3442610672.00000000,5.15000000,4.46000000,6.06000000,2.04000000,广发证券
2015-04-22,000776,143.20000000,149.58000000,151.72000000,141.56000000,1952365,5794865664.00000000,7.17000000,5.49000000,7.78000000,3.30000000,广发证券
2015-04-23,000776,150.18000000,146.69000000,152.98000000,145.11000000,1787092,5419474176.00000000,5.26000000,-1.93000000,-2.89000000,3.02000000,广发证券
2015-04-24,000776,143.89000000,141.10000000,144.83000000,139.00000000,1277086,3687458512.00000000,3.97000000,-3.81000000,-5.59000000,2.16000000,广发证券
2015-04-27,000776,141.56000000,142.12000000,145.06000000,140.54000000,1026220,2970066016.00000000,3.20000000,0.72000000,1.02000000,1.73000000,广发证券
2015-04-28,000776,142.36000000,140.63000000,143.80000000,140.03000000,1076800,3107714192.00000000,2.65000000,-1.05000000,-1.49000000,1.82000000,广发证券
2015-04-29,000776,140.17000000,140.40000000,141.94000000,137.88000000,804550,2288456848.00000000,2.89000000,-0.16000000,-0.23000000,1.36000000,广发证券
2015-04-30,000776,140.49000000,138.82000000,141.56000000,138.77000000,769771,2192748544.00000000,1.99000000,-1.13000000,-1.58000000,1.30000000,广发证券
2015-05-04,000776,138.58000000,137.32000000,139.70000000,136.44000000,672105,1875152704.00000000,2.35000000,-1.08000000,-1.50000000,1.14000000,广发证券
2015-05-05,000776,137.60000000,132.80000000,140.68000000,131.36000000,923601,2566225680.00000000,6.79000000,-3.29000000,-4.52000000,1.56000000,广发证券
2015-05-06,000776,133.83000000,132.94000000,137.65000000,131.69000000,767720,2096536880.00000000,4.49000000,0.11000000,0.14000000,1.30000000,广发证券
2015-05-07,000776,132.94000000,134.62000000,135.60000000,132.25000000,686847,1874118240.00000000,2.52000000,1.26000000,1.68000000,1.16000000,广发证券
2015-05-08,000776,136.44000000,135.09000000,137.74000000,132.85000000,758507,2065238176.00000000,3.63000000,0.35000000,0.47000000,1.28000000,广发证券
2015-05-11,000776,135.23000000,139.42000000,139.65000000,135.18000000,981203,2715691168.00000000,3.31000000,3.21000000,4.33000000,1.66000000,广发证券
2015-05-12,000776,139.47000000,140.73000000,144.22000000,137.00000000,1262197,3600380912.00000000,5.18000000,0.94000000,1.31000000,2.13000000,广发证券
2015-05-13,000776,140.54000000,138.16000000,140.54000000,136.44000000,829930,2312473248.00000000,2.91000000,-1.83000000,-2.57000000,1.40000000,广发证券
2015-05-14,000776,138.21000000,136.86000000,139.47000000,135.83000000,586586,1625664176.00000000,2.63000000,-0.94000000,-1.30000000,0.99000000,广发证券
2015-05-15,000776,135.97000000,131.78000000,136.39000000,131.31000000,847592,2273212528.00000000,3.71000000,-3.71000000,-5.08000000,1.43000000,广发证券
2015-05-18,000776,130.29000000,129.31000000,131.78000000,129.17000000,643345,1682402000.00000000,1.98000000,-1.87000000,-2.47000000,1.09000000,广发证券
2015-05-19,000776,129.31000000,137.70000000,141.10000000,129.31000000,1371321,3763916768.00000000,9.12000000,6.49000000,8.39000000,2.32000000,广发证券
2015-05-20,000776,138.12000000,135.88000000,138.26000000,135.04000000,918835,2525444768.00000000,2.34000000,-1.32000000,-1.82000000,1.55000000,广发证券
2015-05-21,000776,135.97000000,136.02000000,137.28000000,134.20000000,623746,1701669360.00000000,2.27000000,0.10000000,0.14000000,1.05000000,广发证券
2015-05-22,000776,137.42000000,139.93000000,141.70000000,137.37000000,1223775,3460810512.00000000,3.18000000,2.87000000,3.91000000,2.07000000,广发证券
2015-05-25,000776,140.07000000,143.85000000,146.18000000,140.07000000,1480285,4313325824.00000000,4.37000000,2.80000000,3.92000000,2.50000000,广发证券
2015-05-26,000776,144.45000000,144.31000000,145.76000000,140.87000000,1571121,4555534592.00000000,3.40000000,0.32000000,0.46000000,2.65000000,广发证券
2015-05-27,000776,144.41000000,142.64000000,145.29000000,142.50000000,1155874,3356670864.00000000,1.93000000,-1.16000000,-1.67000000,1.95000000,广发证券
2015-05-28,000776,142.40000000,129.40000000,142.50000000,129.22000000,1472095,4082929584.00000000,9.31000000,-9.28000000,-13.24000000,2.49000000,广发证券
2015-05-29,000776,131.31000000,128.66000000,132.25000000,126.42000000,1086240,2830535392.00000000,4.51000000,-0.57000000,-0.74000000,1.84000000,广发证券
2015-06-01,000776,130.85000000,135.51000000,137.37000000,128.52000000,1039771,2779598208.00000000,6.88000000,5.32000000,6.85000000,1.76000000,广发证券
2015-06-02,000776,135.41000000,135.13000000,136.25000000,133.18000000,789988,2139239680.00000000,2.27000000,-0.28000000,-0.38000000,1.33000000,广发证券
2015-06-03,000776,136.16000000,134.06000000,137.14000000,132.57000000,791918,2147091024.00000000,3.38000000,-0.79000000,-1.07000000,1.34000000,广发证券
2015-06-04,000776,134.81000000,135.74000000,137.18000000,127.12000000,1033732,2779027360.00000000,7.50000000,1.25000000,1.68000000,1.75000000,广发证券
2015-06-05,000776,140.17000000,139.19000000,141.47000000,135.74000000,1491192,4182408992.00000000,4.22000000,2.54000000,3.45000000,2.52000000,广发证券
2015-06-08,000776,139.47000000,146.88000000,147.81000000,138.91000000,2092675,6062532864.00000000,6.39000000,5.52000000,7.69000000,3.54000000,广发证券
2015-06-09,000776,147.02000000,142.87000000,148.55000000,141.56000000,1323689,3866696112.00000000,4.76000000,-2.73000000,-4.01000000,2.24000000,广发证券
2015-06-10,000776,141.24000000,140.82000000,143.06000000,139.98000000,921165,2630537920.00000000,2.16000000,-1.43000000,-2.05000000,1.56000000,广发证券
2015-06-11,000776,140.17000000,138.54000000,141.01000000,137.74000000,811260,2272533024.00000000,2.32000000,-1.62000000,-2.28000000,1.37000000,广发证券
2015-06-12,000776,138.86000000,138.58000000,141.33000000,137.84000000,830128,2335935744.00000000,2.52000000,0.03000000,0.04000000,1.40000000,广发证券
2015-06-15,000776,141.05000000,134.62000000,141.70000000,134.11000000,1006940,2799292080.00000000,5.48000000,-2.86000000,-3.96000000,1.70000000,广发证券
2015-06-16,000776,133.64000000,133.18000000,137.04000000,132.15000000,715868,1939722448.00000000,3.63000000,-1.07000000,-1.44000000,1.21000000,广发证券
2015-06-17,000776,133.92000000,134.44000000,135.46000000,130.57000000,627787,1678229552.00000000,3.67000000,0.95000000,1.26000000,1.06000000,广发证券
2015-06-18,000776,133.64000000,129.08000000,134.06000000,127.54000000,643316,1706738656.00000000,4.85000000,-3.99000000,-5.36000000,1.09000000,广发证券
2015-06-19,000776,127.73000000,124.19000000,131.59000000,124.19000000,756286,1950661920.00000000,5.73000000,-3.79000000,-4.89000000,1.28000000,广发证券
2015-06-23,000776,124.65000000,128.24000000,128.89000000,121.25000000,754865,1903794416.00000000,6.15000000,3.26000000,4.05000000,1.28000000,广发证券
2015-06-24,000776,129.26000000,128.84000000,129.40000000,126.65000000,678514,1744148288.00000000,2.14000000,0.47000000,0.60000000,1.15000000,广发证券
2015-06-25,000776,129.45000000,125.40000000,131.55000000,123.39000000,740669,1917447120.00000000,6.33000000,-2.67000000,-3.44000000,1.25000000,广发证券
2015-06-26,000776,123.58000000,113.70000000,127.59000000,113.70000000,1281500,3082390128.00000000,11.08000000,-9.33000000,-11.70000000,2.16000000,广发证券
2015-06-29,000776,116.82000000,106.15000000,117.34000000,103.17000000,1583195,3463568976.00000000,12.46000000,-6.64000000,-7.55000000,2.67000000,广发证券
2015-06-30,000776,104.80000000,113.84000000,115.10000000,101.59000000,1272407,2768409232.00000000,12.73000000,7.24000000,7.69000000,2.15000000,广发证券
2015-07-01,000776,113.14000000,106.81000000,115.61000000,105.83000000,912773,2039880720.00000000,8.59000000,-6.18000000,-7.03000000,1.54000000,广发证券
2015-07-02,000776,110.11000000,106.39000000,111.28000000,103.27000000,1149424,2457373840.00000000,7.50000000,-0.39000000,-0.42000000,1.94000000,广发证券
2015-07-03,000776,105.69000000,100.94000000,109.09000000,98.51000000,1020429,2104259424.00000000,9.94000000,-5.12000000,-5.45000000,1.72000000,广发证券
2015-07-06,000776,110.21000000,106.53000000,110.21000000,98.89000000,1334598,2780701056.00000000,11.21000000,5.54000000,5.59000000,2.25000000,广发证券
2015-07-07,000776,103.08000000,102.89000000,106.62000000,96.70000000,1648372,3280793760.00000000,9.31000000,-3.42000000,-3.64000000,2.78000000,广发证券
2015-07-08,000776,93.43000000,93.43000000,95.39000000,93.43000000,2614746,4785408000.00000000,1.90000000,-9.19000000,-9.46000000,4.42000000,广发证券
2015-07-09,000776,93.43000000,101.96000000,101.96000000,85.14000000,1880197,3556243824.00000000,18.00000000,9.13000000,8.53000000,3.18000000,广发证券
2015-07-10,000776,102.89000000,111.33000000,111.33000000,101.54000000,1953681,4238827200.00000000,9.60000000,9.19000000,9.37000000,3.30000000,广发证券
2015-07-13,000776,111.09000000,112.44000000,116.59000000,107.18000000,1719691,3822320512.00000000,8.45000000,1.00000000,1.11000000,2.91000000,广发证券
2015-07-14,000776,108.48000000,106.15000000,111.19000000,105.46000000,1206914,2591665152.00000000,5.10000000,-5.59000000,-6.29000000,2.04000000,广发证券
2015-07-15,000776,104.24000000,98.23000000,107.41000000,97.12000000,1017583,2041006720.00000000,9.69000000,-7.46000000,-7.92000000,1.72000000,广发证券
2015-07-16,000776,98.23000000,99.17000000,102.43000000,95.95000000,748097,1463804064.00000000,6.60000000,0.96000000,0.94000000,1.26000000,广发证券
2015-07-17,000776,99.72000000,104.43000000,105.64000000,99.54000000,857848,1731891440.00000000,6.15000000,5.30000000,5.26000000,1.45000000,广发证券
2015-07-20,000776,104.34000000,102.10000000,105.36000000,100.56000000,936514,1900284672.00000000,4.60000000,-2.23000000,-2.33000000,1.58000000,广发证券
2015-07-21,000776,100.80000000,102.71000000,105.32000000,99.07000000,1015431,2052385792.00000000,6.12000000,0.60000000,0.61000000,1.72000000,广发证券
2015-07-22,000776,101.91000000,101.08000000,103.22000000,100.10000000,659475,1319290112.00000000,3.04000000,-1.59000000,-1.63000000,1.11000000,广发证券
2015-07-23,000776,101.17000000,103.64000000,104.52000000,101.12000000,938721,1913276208.00000000,3.36000000,2.53000000,2.56000000,1.59000000,广发证券
2015-07-24,000776,104.24000000,100.66000000,104.99000000,100.00000000,948703,1932206496.00000000,4.81000000,-2.88000000,-2.98000000,1.60000000,广发证券
2015-07-27,000776,98.93000000,91.43000000,99.63000000,91.43000000,1182240,2221637008.00000000,8.15000000,-9.17000000,-9.23000000,2.00000000,广发证券
2015-07-28,000776,89.47000000,97.81000000,99.72000000,85.65000000,1941757,3534914160.00000000,15.39000000,6.98000000,6.38000000,3.28000000,广发证券
2015-07-29,000776,96.84000000,98.23000000,99.31000000,94.04000000,749318,1413362368.00000000,5.39000000,0.43000000,0.42000000,1.27000000,广发证券
2015-07-30,000776,97.26000000,93.71000000,99.12000000,93.20000000,515759,979638800.00000000,6.03000000,-4.60000000,-4.52000000,0.87000000,广发证券
2015-07-31,000776,92.18000000,95.21000000,95.90000000,92.18000000,613447,1134289840.00000000,3.97000000,1.60000000,1.50000000,1.04000000,广发证券
2015-08-03,000776,93.57000000,97.16000000,97.30000000,93.11000000,811057,1513745664.00000000,4.40000000,2.05000000,1.95000000,1.37000000,广发证券
2015-08-04,000776,96.84000000,98.42000000,98.89000000,95.11000000,639046,1222759392.00000000,3.89000000,1.30000000,1.26000000,1.08000000,广发证券
2015-08-05,000776,97.77000000,95.30000000,98.00000000,95.30000000,392436,744569152.00000000,2.74000000,-3.17000000,-3.12000000,0.66000000,广发证券
2015-08-06,000776,94.04000000,93.11000000,95.30000000,92.55000000,336313,617657072.00000000,2.89000000,-2.30000000,-2.19000000,0.57000000,广发证券
2015-08-07,000776,93.11000000,93.90000000,95.39000000,93.06000000,364955,672795120.00000000,2.50000000,0.85000000,0.79000000,0.62000000,广发证券
2015-08-10,000776,94.09000000,99.21000000,100.52000000,93.57000000,1074130,2055350704.00000000,7.40000000,5.65000000,5.31000000,1.81000000,广发证券
2015-08-11,000776,97.95000000,97.30000000,99.54000000,96.84000000,560136,1079587200.00000000,2.72000000,-1.93000000,-1.91000000,0.95000000,广发证券
2015-08-12,000776,96.60000000,96.37000000,99.58000000,96.14000000,496430,951719072.00000000,3.54000000,-0.96000000,-0.93000000,0.84000000,广发证券
2015-08-13,000776,96.37000000,97.53000000,97.86000000,94.97000000,418608,793566304.00000000,3.00000000,1.20000000,1.16000000,0.71000000,广发证券
2015-08-14,000776,98.19000000,98.23000000,99.17000000,97.21000000,543522,1047937296.00000000,2.01000000,0.72000000,0.70000000,0.92000000,广发证券
2015-08-17,000776,98.09000000,96.84000000,98.09000000,95.67000000,411450,781282992.00000000,2.46000000,-1.42000000,-1.39000000,0.70000000,广发证券
2015-08-18,000776,97.30000000,89.47000000,100.47000000,88.92000000,908657,1713617888.00000000,11.93000000,-7.61000000,-7.37000000,1.54000000,广发证券
2015-08-19,000776,87.52000000,90.59000000,91.11000000,85.79000000,583934,1010484448.00000000,5.95000000,1.25000000,1.12000000,0.99000000,广发证券
2015-08-20,000776,89.47000000,86.91000000,90.36000000,86.82000000,384255,661172848.00000000,3.91000000,-4.06000000,-3.68000000,0.65000000,广发证券
2015-08-21,000776,85.89000000,80.06000000,87.47000000,80.06000000,584545,946611536.00000000,8.53000000,-7.88000000,-6.85000000,0.99000000,广发证券
2015-08-24,000776,77.73000000,72.89000000,78.20000000,72.89000000,828774,1164926640.00000000,6.63000000,-8.96000000,-7.17000000,1.40000000,广发证券
2015-08-25,000776,67.34000000,66.41000000,70.65000000,66.41000000,1213041,1546116512.00000000,5.82000000,-8.89000000,-6.48000000,2.05000000,广发证券
2015-08-26,000776,65.62000000,64.08000000,69.53000000,61.89000000,1415082,1754471600.00000000,11.50000000,-3.51000000,-2.33000000,2.39000000,广发证券
2015-08-27,000776,66.04000000,68.88000000,68.88000000,64.41000000,1231667,1542902960.00000000,6.98000000,7.49000000,4.80000000,2.08000000,广发证券
2015-08-28,000776,69.58000000,71.44000000,72.14000000,68.04000000,1196906,1583233456.00000000,5.95000000,3.72000000,2.56000000,2.02000000,广发证券
2015-08-31,000776,71.44000000,71.02000000,71.44000000,67.06000000,1133530,1481514096.00000000,6.13000000,-0.59000000,-0.42000000,1.91000000,广发证券
2015-09-01,000776,69.63000000,73.03000000,73.17000000,66.22000000,1485726,1993160432.00000000,9.79000000,2.83000000,2.01000000,2.51000000,广发证券
2015-09-02,000776,69.58000000,73.96000000,74.80000000,69.35000000,1664242,2289110336.00000000,7.46000000,1.27000000,0.93000000,2.81000000,广发证券
2015-09-07,000776,73.07000000,71.21000000,75.54000000,70.93000000,718412,1008965520.00000000,6.23000000,-3.72000000,-2.75000000,1.21000000,广发证券
2015-09-08,000776,70.98000000,73.26000000,73.54000000,68.88000000,582139,783358384.00000000,6.54000000,2.88000000,2.05000000,0.98000000,广发证券
2015-09-09,000776,73.63000000,75.12000000,76.29000000,73.12000000,780541,1115530448.00000000,4.33000000,2.54000000,1.86000000,1.32000000,广发证券
2015-09-10,000776,74.01000000,73.54000000,75.22000000,73.17000000,427111,605320176.00000000,2.73000000,-2.10000000,-1.58000000,0.72000000,广发证券
2015-09-11,000776,73.49000000,73.54000000,74.43000000,73.07000000,333128,468044496.00000000,1.85000000,0.00000000,0.00000000,0.56000000,广发证券
2015-09-14,000776,73.17000000,68.93000000,73.54000000,67.02000000,819506,1080214320.00000000,8.87000000,-6.27000000,-4.61000000,1.38000000,广发证券
2015-09-15,000776,67.86000000,66.83000000,69.67000000,66.32000000,463056,591403536.00000000,4.86000000,-3.05000000,-2.10000000,0.78000000,广发证券
2015-09-16,000776,67.25000000,71.30000000,72.05000000,66.78000000,585584,759142832.00000000,7.89000000,6.69000000,4.47000000,0.99000000,广发证券
2015-09-17,000776,71.30000000,70.28000000,73.45000000,70.28000000,614523,838782352.00000000,4.45000000,-1.43000000,-1.02000000,1.04000000,广发证券
2015-09-18,000776,70.84000000,70.84000000,72.05000000,70.09000000,323120,436172912.00000000,2.79000000,0.80000000,0.56000000,0.55000000,广发证券
2015-09-21,000776,70.05000000,71.82000000,72.00000000,69.63000000,343596,462794896.00000000,3.35000000,1.38000000,0.98000000,0.58000000,广发证券
2015-09-22,000776,71.86000000,74.43000000,76.06000000,71.86000000,826085,1172063504.00000000,5.85000000,3.63000000,2.61000000,1.40000000,广发证券
2015-09-23,000776,73.21000000,71.58000000,73.77000000,71.49000000,401282,554029728.00000000,3.06000000,-3.83000000,-2.85000000,0.68000000,广发证券
2015-09-24,000776,72.28000000,71.58000000,72.84000000,70.60000000,346076,470658736.00000000,3.13000000,0.00000000,0.00000000,0.58000000,广发证券
2015-09-25,000776,70.79000000,69.11000000,71.72000000,68.41000000,287990,381061968.00000000,4.62000000,-3.45000000,-2.47000000,0.49000000,广发证券
2015-09-28,000776,69.35000000,69.53000000,69.86000000,68.46000000,208236,272467744.00000000,2.03000000,0.61000000,0.42000000,0.35000000,广发证券
2015-09-29,000776,68.51000000,69.07000000,70.51000000,67.58000000,304050,394302816.00000000,4.21000000,-0.66000000,-0.46000000,0.51000000,广发证券
2015-09-30,000776,69.35000000,69.35000000,70.88000000,68.93000000,236485,312505232.00000000,2.82000000,0.41000000,0.28000000,0.40000000,广发证券
2015-10-08,000776,73.07000000,72.38000000,74.01000000,71.72000000,591256,820487632.00000000,3.30000000,4.37000000,3.03000000,1.00000000,广发证券
2015-10-09,000776,72.24000000,74.66000000,75.22000000,72.24000000,516829,726983840.00000000,4.12000000,3.15000000,2.28000000,0.87000000,广发证券
2015-10-12,000776,75.03000000,78.43000000,80.25000000,74.29000000,866090,1289674112.00000000,7.98000000,5.05000000,3.77000000,1.46000000,广发证券
2015-10-13,000776,77.73000000,78.48000000,79.04000000,77.41000000,400707,601000288.00000000,2.08000000,0.06000000,0.05000000,0.68000000,广发证券
2015-10-14,000776,77.73000000,77.27000000,79.60000000,76.85000000,511466,767809088.00000000,3.50000000,-1.54000000,-1.21000000,0.86000000,广发证券
2015-10-15,000776,76.85000000,79.50000000,79.69000000,76.80000000,440726,666628816.00000000,3.74000000,2.89000000,2.23000000,0.74000000,广发证券
2015-10-16,000776,80.25000000,80.95000000,82.21000000,79.13000000,727613,1129677776.00000000,3.87000000,1.82000000,1.45000000,1.23000000,广发证券
2015-10-19,000776,81.32000000,82.35000000,85.33000000,80.62000000,836761,1345477840.00000000,5.82000000,1.73000000,1.40000000,1.41000000,广发证券
2015-10-20,000776,82.39000000,83.51000000,83.74000000,81.55000000,512659,819055088.00000000,2.66000000,1.41000000,1.16000000,0.87000000,广发证券
2015-10-21,000776,83.42000000,78.11000000,83.70000000,77.50000000,595574,928618368.00000000,7.42000000,-6.47000000,-5.40000000,1.01000000,广发证券
2015-10-22,000776,78.66000000,79.55000000,79.69000000,77.08000000,479460,723569008.00000000,3.34000000,1.84000000,1.44000000,0.81000000,广发证券
2015-10-23,000776,80.11000000,81.55000000,82.16000000,79.27000000,463662,719161232.00000000,3.63000000,2.51000000,2.00000000,0.78000000,广发证券
2015-10-26,000776,83.70000000,83.32000000,86.21000000,82.30000000,790504,1291887120.00000000,4.79000000,2.17000000,1.77000000,1.34000000,广发证券
2015-10-27,000776,82.39000000,82.77000000,83.04000000,79.27000000,399530,625648448.00000000,4.52000000,-0.66000000,-0.55000000,0.67000000,广发证券
2015-10-28,000776,82.07000000,80.30000000,84.02000000,80.30000000,346595,547650144.00000000,4.49000000,-2.98000000,-2.47000000,0.59000000,广发证券
2015-10-29,000776,80.44000000,80.30000000,81.93000000,80.06000000,325145,505142096.00000000,2.33000000,0.00000000,0.00000000,0.55000000,广发证券
2015-10-30,000776,80.30000000,81.27000000,84.16000000,78.57000000,735514,1151095104.00000000,6.96000000,1.21000000,0.97000000,1.24000000,广发证券
2015-11-02,000776,79.78000000,79.04000000,81.93000000,78.90000000,453567,700728896.00000000,3.73000000,-2.74000000,-2.23000000,0.77000000,广发证券
2015-11-03,000776,79.22000000,79.27000000,80.39000000,78.48000000,362220,553364416.00000000,2.42000000,0.29000000,0.23000000,0.61000000,广发证券
2015-11-04,000776,79.83000000,86.35000000,86.35000000,79.74000000,1202835,1950634384.00000000,8.34000000,8.93000000,7.08000000,2.03000000,广发证券
2015-11-05,000776,88.36000000,91.71000000,94.18000000,88.08000000,2407725,4339377408.00000000,7.06000000,6.21000000,5.36000000,4.07000000,广发证券
2015-11-06,000776,91.24000000,100.05000000,100.05000000,89.43000000,2260830,4266536656.00000000,11.58000000,9.09000000,8.34000000,3.82000000,广发证券
2015-11-09,000776,100.94000000,98.19000000,104.06000000,97.81000000,2396676,4781097984.00000000,6.25000000,-1.86000000,-1.86000000,4.05000000,广发证券
2015-11-10,000776,96.46000000,101.17000000,106.11000000,96.28000000,1692153,3370532896.00000000,10.01000000,3.03000000,2.98000000,2.86000000,广发证券
2015-11-11,000776,100.52000000,102.99000000,105.22000000,98.51000000,1160080,2312979920.00000000,6.63000000,1.80000000,1.82000000,1.96000000,广发证券
2015-11-12,000776,103.13000000,99.91000000,103.17000000,99.17000000,1061966,2113459376.00000000,3.88000000,-2.99000000,-3.08000000,1.79000000,广发证券
2015-11-13,000776,98.28000000,99.72000000,102.19000000,98.05000000,974643,1925733184.00000000,4.14000000,-0.19000000,-0.19000000,1.65000000,广发证券
2015-11-16,000776,97.53000000,98.05000000,98.28000000,96.32000000,761560,1454085664.00000000,1.97000000,-1.67000000,-1.67000000,1.29000000,广发证券
2015-11-17,000776,99.40000000,98.65000000,104.57000000,98.56000000,1482763,2966255296.00000000,6.13000000,0.61000000,0.60000000,2.50000000,广发证券
2015-11-18,000776,98.51000000,95.86000000,101.87000000,94.97000000,927760,1799119280.00000000,6.99000000,-2.83000000,-2.79000000,1.57000000,广发证券
2015-11-19,000776,96.00000000,97.21000000,97.21000000,94.97000000,570456,1073956064.00000000,2.34000000,1.41000000,1.35000000,0.96000000,广发证券
2015-11-20,000776,97.63000000,96.42000000,97.91000000,95.95000000,446878,847490800.00000000,2.02000000,-0.81000000,-0.79000000,0.75000000,广发证券
2015-11-23,000776,96.84000000,96.74000000,98.98000000,95.81000000,562671,1075766384.00000000,3.29000000,0.33000000,0.32000000,0.95000000,广发证券
2015-11-24,000776,96.18000000,98.65000000,99.77000000,96.00000000,633555,1218563200.00000000,3.90000000,1.97000000,1.91000000,1.07000000,广发证券
2015-11-25,000776,98.42000000,99.17000000,99.72000000,97.12000000,567709,1098411616.00000000,2.64000000,0.53000000,0.52000000,0.96000000,广发证券
2015-11-26,000776,100.05000000,98.23000000,102.05000000,98.14000000,587243,1155284016.00000000,3.94000000,-0.95000000,-0.94000000,0.99000000,广发证券
2015-11-27,000776,96.60000000,89.43000000,97.39000000,89.24000000,1058632,1929108384.00000000,8.30000000,-8.96000000,-8.80000000,1.79000000,广发证券
2015-11-30,000776,89.99000000,90.31000000,91.90000000,86.63000000,771920,1344195216.00000000,5.89000000,0.98000000,0.88000000,1.30000000,广发证券
2015-12-01,000776,90.22000000,91.48000000,91.62000000,89.52000000,401690,709970976.00000000,2.33000000,1.30000000,1.17000000,0.68000000,广发证券
2015-12-02,000776,91.90000000,99.82000000,99.82000000,91.52000000,1145335,2173770512.00000000,9.07000000,9.12000000,8.34000000,1.93000000,广发证券
2015-12-03,000776,101.08000000,101.96000000,106.06000000,99.17000000,1767958,3570075568.00000000,6.90000000,2.14000000,2.14000000,2.99000000,广发证券
2015-12-04,000776,100.14000000,102.57000000,104.71000000,98.37000000,1453973,2901814592.00000000,6.22000000,0.60000000,0.61000000,2.46000000,广发证券
2015-12-07,000776,101.91000000,100.66000000,102.24000000,98.98000000,871980,1722505808.00000000,3.18000000,-1.86000000,-1.91000000,1.47000000,广发证券
2015-12-08,000776,99.45000000,98.47000000,101.50000000,96.32000000,833501,1613917376.00000000,5.15000000,-2.18000000,-2.19000000,1.41000000,广发证券
2015-12-09,000776,97.77000000,98.23000000,99.40000000,96.28000000,594373,1142695136.00000000,3.17000000,-0.24000000,-0.24000000,1.00000000,广发证券
2015-12-10,000776,98.70000000,97.53000000,102.71000000,97.53000000,1010375,1994463168.00000000,5.27000000,-0.71000000,-0.70000000,1.71000000,广发证券
2015-12-11,000776,95.30000000,96.65000000,99.77000000,93.43000000,791097,1489037968.00000000,6.50000000,-0.90000000,-0.88000000,1.34000000,广发证券
2015-12-14,000776,94.97000000,105.50000000,105.50000000,94.69000000,1364859,2720433728.00000000,11.18000000,9.16000000,8.85000000,2.31000000,广发证券
2015-12-15,000776,106.11000000,102.43000000,106.11000000,102.01000000,1181713,2422719792.00000000,3.89000000,-2.91000000,-3.07000000,2.00000000,广发证券
2015-12-16,000776,103.55000000,105.22000000,108.02000000,102.94000000,1421290,2961169888.00000000,4.96000000,2.72000000,2.79000000,2.40000000,广发证券
2015-12-17,000776,106.71000000,106.85000000,110.21000000,104.99000000,1385086,2953213296.00000000,4.96000000,1.55000000,1.63000000,2.34000000,广发证券
2015-12-18,000776,106.06000000,105.78000000,108.30000000,104.99000000,816557,1710443680.00000000,3.10000000,-1.00000000,-1.07000000,1.38000000,广发证券
2015-12-21,000776,105.18000000,108.72000000,110.72000000,104.85000000,1090594,2350566416.00000000,5.55000000,2.78000000,2.94000000,1.84000000,广发证券
2015-12-22,000776,108.39000000,109.14000000,110.16000000,107.18000000,779173,1678131072.00000000,2.74000000,0.39000000,0.42000000,1.32000000,广发证券
2015-12-23,000776,109.79000000,109.88000000,117.15000000,109.09000000,2298143,5141883648.00000000,7.39000000,0.68000000,0.74000000,3.88000000,广发证券
2015-12-24,000776,107.83000000,106.25000000,109.04000000,103.87000000,1298677,2727440384.00000000,4.71000000,-3.30000000,-3.63000000,2.19000000,广发证券
2015-12-25,000776,106.11000000,105.92000000,107.18000000,104.34000000,746081,1559312864.00000000,2.67000000,-0.31000000,-0.33000000,1.26000000,广发证券
2015-12-28,000776,107.18000000,101.50000000,107.41000000,101.26000000,1385627,2833552704.00000000,5.81000000,-4.17000000,-4.42000000,2.34000000,广发证券
2015-12-29,000776,100.98000000,102.38000000,102.85000000,100.70000000,653170,1310593696.00000000,2.12000000,0.87000000,0.88000000,1.10000000,广发证券
2015-12-30,000776,102.52000000,101.12000000,103.08000000,99.40000000,867076,1727117584.00000000,3.59000000,-1.23000000,-1.26000000,1.46000000,广发证券
2015-12-31,000776,101.12000000,98.93000000,102.10000000,98.79000000,754344,1493124208.00000000,3.27000000,-2.17000000,-2.19000000,1.27000000,广发证券
2016-01-04,000776,98.23000000,89.94000000,99.03000000,89.89000000,723854,1342611280.00000000,9.24000000,-9.09000000,-8.99000000,1.22000000,广发证券
2016-01-05,000776,86.87000000,91.06000000,92.04000000,86.82000000,919061,1610673344.00000000,5.80000000,1.25000000,1.12000000,1.55000000,广发证券
2016-01-06,000776,90.97000000,92.88000000,93.53000000,89.85000000,688858,1233813280.00000000,4.04000000,2.00000000,1.82000000,1.16000000,广发证券
2016-01-07,000776,90.36000000,85.23000000,91.06000000,84.91000000,207962,354986720.00000000,6.62000000,-8.24000000,-7.65000000,0.35000000,广发证券
2016-01-08,000776,87.47000000,87.19000000,90.87000000,83.32000000,1098084,1866186400.00000000,8.86000000,2.30000000,1.96000000,1.86000000,广发证券
2016-01-11,000776,84.49000000,80.99000000,85.56000000,80.81000000,880298,1420465984.00000000,5.45000000,-7.11000000,-6.20000000,1.49000000,广发证券
2016-01-12,000776,82.86000000,82.16000000,84.40000000,80.99000000,798745,1274184512.00000000,4.21000000,1.44000000,1.17000000,1.35000000,广发证券
2016-01-13,000776,82.63000000,81.46000000,84.16000000,81.37000000,664574,1061669632.00000000,3.40000000,-0.85000000,-0.70000000,1.12000000,广发证券
2016-01-14,000776,79.18000000,84.21000000,84.40000000,78.80000000,725757,1151838512.00000000,6.87000000,3.38000000,2.75000000,1.23000000,广发证券
2016-01-15,000776,84.07000000,81.93000000,85.00000000,80.90000000,694125,1111419408.00000000,4.87000000,-2.71000000,-2.28000000,1.17000000,广发证券
2016-01-18,000776,80.06000000,82.16000000,83.42000000,80.06000000,472813,750503984.00000000,4.10000000,0.28000000,0.23000000,0.80000000,广发证券
2016-01-19,000776,82.30000000,85.00000000,85.51000000,81.60000000,678264,1101284624.00000000,4.76000000,3.46000000,2.84000000,1.15000000,广发证券
2016-01-20,000776,84.26000000,83.65000000,85.61000000,83.14000000,535421,873778400.00000000,2.91000000,-1.59000000,-1.35000000,0.90000000,广发证券
2016-01-21,000776,82.67000000,79.69000000,84.68000000,79.64000000,541118,860575712.00000000,6.03000000,-4.73000000,-3.96000000,0.91000000,广发证券
2016-01-22,000776,80.76000000,80.48000000,81.27000000,78.20000000,444779,685263504.00000000,3.85000000,0.99000000,0.79000000,0.75000000,广发证券
2016-01-25,000776,81.18000000,80.71000000,81.93000000,80.39000000,315827,493173120.00000000,1.91000000,0.29000000,0.23000000,0.53000000,广发证券
2016-01-26,000776,79.69000000,73.54000000,80.11000000,73.49000000,748943,1092561600.00000000,8.20000000,-8.88000000,-7.17000000,1.27000000,广发证券
2016-01-27,000776,73.91000000,70.98000000,74.24000000,68.97000000,891778,1211772448.00000000,7.17000000,-3.48000000,-2.56000000,1.51000000,广发证券
2016-01-28,000776,70.70000000,69.16000000,72.51000000,68.60000000,816896,1090914432.00000000,5.51000000,-2.56000000,-1.82000000,1.38000000,广发证券
2016-01-29,000776,69.49000000,72.56000000,73.21000000,69.44000000,917825,1252612000.00000000,5.45000000,4.92000000,3.40000000,1.55000000,广发证券
2016-02-01,000776,72.28000000,71.21000000,72.51000000,70.14000000,513082,694750800.00000000,3.27000000,-1.86000000,-1.35000000,0.87000000,广发证券
2016-02-02,000776,71.16000000,73.21000000,74.05000000,70.98000000,597882,831174432.00000000,4.31000000,2.81000000,2.00000000,1.01000000,广发证券
2016-02-03,000776,72.42000000,72.65000000,72.98000000,71.30000000,383513,524583872.00000000,2.29000000,-0.76000000,-0.56000000,0.65000000,广发证券
2016-02-04,000776,73.21000000,73.35000000,74.43000000,72.93000000,515803,722876144.00000000,2.06000000,0.96000000,0.70000000,0.87000000,广发证券
2016-02-05,000776,72.61000000,71.54000000,73.03000000,71.35000000,571744,781711664.00000000,2.29000000,-2.47000000,-1.81000000,0.97000000,广发证券
2016-02-15,000776,69.77000000,70.84000000,71.49000000,69.53000000,372622,496773200.00000000,2.74000000,-0.98000000,-0.70000000,0.63000000,广发证券
2016-02-16,000776,71.58000000,74.43000000,74.75000000,71.35000000,718631,1006144448.00000000,4.80000000,5.07000000,3.59000000,1.21000000,广发证券
2016-02-17,000776,74.38000000,75.03000000,75.26000000,73.59000000,551737,784446224.00000000,2.24000000,0.81000000,0.60000000,0.93000000,广发证券
2016-02-18,000776,75.78000000,74.66000000,77.59000000,74.47000000,578313,840773216.00000000,4.16000000,-0.49000000,-0.37000000,0.98000000,广发证券
2016-02-19,000776,74.66000000,74.84000000,75.40000000,74.10000000,390186,555747776.00000000,1.74000000,0.24000000,0.18000000,0.66000000,广发证券
2016-02-22,000776,76.01000000,77.03000000,78.39000000,75.31000000,649954,955130816.00000000,4.12000000,2.93000000,2.19000000,1.10000000,广发证券
2016-02-23,000776,77.13000000,75.82000000,77.13000000,74.89000000,486023,704981344.00000000,2.91000000,-1.57000000,-1.21000000,0.82000000,广发证券
2016-02-24,000776,75.45000000,76.34000000,76.52000000,74.47000000,495086,713948224.00000000,2.70000000,0.69000000,0.52000000,0.84000000,广发证券
2016-02-25,000776,75.96000000,70.28000000,76.10000000,69.58000000,686318,953112816.00000000,8.54000000,-7.94000000,-6.06000000,1.16000000,广发证券
2016-02-26,000776,71.12000000,70.65000000,71.54000000,69.16000000,613800,822838800.00000000,3.39000000,0.53000000,0.37000000,1.04000000,广发证券
2016-02-29,000776,70.28000000,67.95000000,70.32000000,66.50000000,639417,813399280.00000000,5.41000000,-3.82000000,-2.70000000,1.08000000,广发证券
2016-03-01,000776,68.14000000,70.42000000,72.56000000,67.72000000,707153,929325440.00000000,7.12000000,3.64000000,2.47000000,1.19000000,广发证券
2016-03-02,000776,71.02000000,76.61000000,76.61000000,70.70000000,1419797,2019650560.00000000,8.39000000,8.79000000,6.19000000,2.40000000,广发证券
2016-03-03,000776,76.20000000,76.01000000,77.27000000,75.50000000,1036568,1510828416.00000000,2.31000000,-0.78000000,-0.60000000,1.75000000,广发证券
2016-03-04,000776,75.64000000,75.59000000,77.17000000,74.47000000,1027722,1490047984.00000000,3.55000000,-0.55000000,-0.42000000,1.74000000,广发证券
2016-03-07,000776,76.89000000,76.10000000,77.45000000,75.78000000,764030,1120167440.00000000,2.21000000,0.67000000,0.51000000,1.29000000,广发证券
2016-03-08,000776,75.87000000,75.64000000,76.06000000,72.56000000,699094,985016608.00000000,4.60000000,-0.60000000,-0.46000000,1.18000000,广发证券
2016-03-09,000776,73.68000000,73.96000000,74.94000000,73.21000000,463422,652159632.00000000,2.29000000,-2.22000000,-1.68000000,0.78000000,广发证券
2016-03-10,000776,73.87000000,72.10000000,74.47000000,71.91000000,464856,648377760.00000000,3.46000000,-2.51000000,-1.86000000,0.79000000,广发证券
2016-03-11,000776,71.21000000,72.75000000,73.45000000,70.70000000,444604,611063440.00000000,3.81000000,0.90000000,0.65000000,0.75000000,广发证券
2016-03-14,000776,73.68000000,75.68000000,77.69000000,73.45000000,932042,1351736384.00000000,5.83000000,4.03000000,2.93000000,1.57000000,广发证券
2016-03-15,000776,75.22000000,75.08000000,75.68000000,74.10000000,486702,695912848.00000000,2.09000000,-0.79000000,-0.60000000,0.82000000,广发证券
2016-03-16,000776,75.12000000,74.84000000,76.61000000,74.38000000,570081,821601872.00000000,2.97000000,-0.32000000,-0.24000000,0.96000000,广发证券
2016-03-17,000776,75.78000000,77.36000000,78.62000000,74.98000000,985224,1451608176.00000000,4.86000000,3.37000000,2.52000000,1.66000000,广发证券
2016-03-18,000776,77.64000000,80.16000000,81.13000000,77.45000000,1118491,1711515232.00000000,4.76000000,3.62000000,2.80000000,1.89000000,广发证券
2016-03-21,000776,83.28000000,87.33000000,87.33000000,82.81000000,2153804,3610676608.00000000,5.64000000,8.94000000,7.17000000,3.64000000,广发证券
2016-03-22,000776,86.49000000,85.00000000,87.19000000,84.26000000,1300140,2161181824.00000000,3.36000000,-2.67000000,-2.33000000,2.20000000,广发证券
2016-03-23,000776,84.49000000,87.05000000,87.28000000,84.16000000,931239,1550216048.00000000,3.67000000,2.41000000,2.05000000,1.57000000,广发证券
2016-03-24,000776,85.93000000,83.51000000,86.21000000,83.51000000,933163,1536171648.00000000,3.10000000,-4.07000000,-3.54000000,1.58000000,广发证券
2016-03-25,000776,83.42000000,84.40000000,84.86000000,83.04000000,580681,942736944.00000000,2.18000000,1.07000000,0.89000000,0.98000000,广发证券
2016-03-28,000776,84.72000000,83.60000000,86.40000000,83.14000000,707376,1166174416.00000000,3.86000000,-0.95000000,-0.80000000,1.20000000,广发证券
2016-03-29,000776,83.65000000,82.90000000,84.63000000,81.65000000,624117,1005388384.00000000,3.56000000,-0.84000000,-0.70000000,1.05000000,广发证券
2016-03-30,000776,84.16000000,86.12000000,86.40000000,84.16000000,882375,1460529232.00000000,2.70000000,3.88000000,3.22000000,1.49000000,广发证券
2016-03-31,000776,86.68000000,86.21000000,88.12000000,85.28000000,907131,1521573984.00000000,3.30000000,0.10000000,0.09000000,1.53000000,广发证券
2016-04-01,000776,85.70000000,85.65000000,86.91000000,83.88000000,614095,1016318208.00000000,3.51000000,-0.65000000,-0.56000000,1.04000000,广发证券
2016-04-05,000776,85.19000000,87.24000000,88.26000000,84.91000000,838036,1414113728.00000000,3.91000000,1.86000000,1.59000000,1.42000000,广发证券
2016-04-06,000776,86.59000000,87.00000000,88.08000000,86.12000000,577652,975509456.00000000,2.25000000,-0.28000000,-0.24000000,0.98000000,广发证券
2016-04-07,000776,87.38000000,85.05000000,87.80000000,84.77000000,612117,1017916240.00000000,3.48000000,-2.24000000,-1.95000000,1.03000000,广发证券
2016-04-08,000776,84.40000000,83.51000000,84.40000000,82.39000000,634528,1020076576.00000000,2.36000000,-1.81000000,-1.54000000,1.07000000,广发证券
2016-04-11,000776,86.49000000,85.84000000,87.47000000,85.70000000,967310,1623452992.00000000,2.12000000,2.79000000,2.33000000,1.63000000,广发证券
2016-04-12,000776,84.72000000,85.28000000,85.79000000,84.30000000,467490,768326880.00000000,1.74000000,-0.65000000,-0.56000000,0.79000000,广发证券
2016-04-13,000776,86.31000000,88.54000000,90.50000000,86.26000000,1431136,2469841056.00000000,4.97000000,3.82000000,3.26000000,2.42000000,广发证券
2016-04-14,000776,89.01000000,89.33000000,89.61000000,88.22000000,673224,1164654032.00000000,1.57000000,0.89000000,0.79000000,1.14000000,广发证券
2016-04-15,000776,88.92000000,88.54000000,89.57000000,87.75000000,549677,945003216.00000000,2.04000000,-0.88000000,-0.79000000,0.93000000,广发证券
2016-04-18,000776,87.52000000,86.03000000,87.52000000,85.47000000,682638,1141044960.00000000,2.32000000,-2.83000000,-2.51000000,1.15000000,广发证券
2016-04-19,000776,86.87000000,86.59000000,87.14000000,85.61000000,486120,812219600.00000000,1.78000000,0.65000000,0.56000000,0.82000000,广发证券
2016-04-20,000776,86.59000000,83.74000000,86.73000000,81.74000000,777424,1263815760.00000000,5.76000000,-3.29000000,-2.85000000,1.31000000,广发证券
2016-04-21,000776,83.46000000,83.18000000,84.63000000,82.90000000,507352,820700512.00000000,2.07000000,-0.67000000,-0.56000000,0.86000000,广发证券
2016-04-22,000776,82.86000000,84.12000000,84.26000000,82.53000000,399414,645538912.00000000,2.08000000,1.13000000,0.94000000,0.67000000,广发证券
2016-04-25,000776,83.37000000,82.77000000,83.51000000,82.02000000,330290,527544960.00000000,1.77000000,-1.60000000,-1.35000000,0.56000000,广发证券
2016-04-26,000776,82.81000000,83.51000000,84.02000000,82.07000000,313749,503359376.00000000,2.36000000,0.89000000,0.74000000,0.53000000,广发证券
2016-04-27,000776,83.42000000,82.39000000,83.65000000,82.21000000,346890,556258880.00000000,1.72000000,-1.34000000,-1.12000000,0.59000000,广发证券
2016-04-28,000776,82.77000000,82.11000000,83.04000000,81.32000000,369912,585805840.00000000,2.09000000,-0.34000000,-0.28000000,0.62000000,广发证券
2016-04-29,000776,81.69000000,81.97000000,82.35000000,81.51000000,328686,519483040.00000000,1.02000000,-0.17000000,-0.14000000,0.56000000,广发证券
2016-05-03,000776,81.83000000,84.21000000,84.95000000,81.83000000,559313,907139392.00000000,3.81000000,2.73000000,2.24000000,0.94000000,广发证券
2016-05-04,000776,83.60000000,83.79000000,84.40000000,83.46000000,360346,584159792.00000000,1.12000000,-0.50000000,-0.42000000,0.61000000,广发证券
2016-05-05,000776,83.60000000,83.93000000,84.21000000,83.32000000,257413,416965040.00000000,1.06000000,0.17000000,0.14000000,0.43000000,广发证券
2016-05-06,000776,84.07000000,81.51000000,84.40000000,81.51000000,552273,882433888.00000000,3.44000000,-2.88000000,-2.42000000,0.93000000,广发证券
2016-05-09,000776,80.99000000,78.94000000,80.99000000,78.25000000,511607,779382944.00000000,3.36000000,-3.15000000,-2.57000000,0.86000000,广发证券
2016-05-10,000776,78.76000000,79.22000000,79.46000000,78.66000000,227360,345181840.00000000,1.01000000,0.35000000,0.28000000,0.38000000,广发证券
2016-05-11,000776,79.78000000,78.94000000,79.88000000,78.66000000,238695,363452256.00000000,1.54000000,-0.35000000,-0.28000000,0.40000000,广发证券
2016-05-12,000776,78.25000000,79.78000000,79.83000000,77.31000000,360783,544946000.00000000,3.19000000,1.06000000,0.84000000,0.61000000,广发证券
2016-05-13,000776,79.64000000,79.22000000,80.06000000,78.71000000,238700,364183936.00000000,1.69000000,-0.70000000,-0.56000000,0.40000000,广发证券
2016-05-16,000776,78.62000000,79.74000000,79.83000000,78.43000000,195218,297179696.00000000,1.77000000,0.66000000,0.52000000,0.33000000,广发证券
2016-05-17,000776,79.74000000,79.78000000,80.53000000,78.90000000,310671,475923840.00000000,2.04000000,0.05000000,0.04000000,0.52000000,广发证券
2016-05-18,000776,79.27000000,79.41000000,79.69000000,78.34000000,353269,536345872.00000000,1.69000000,-0.46000000,-0.37000000,0.60000000,广发证券
2016-05-19,000776,78.99000000,79.04000000,80.11000000,78.94000000,234051,357306928.00000000,1.47000000,-0.47000000,-0.37000000,0.40000000,广发证券
2016-05-20,000776,78.71000000,79.64000000,79.78000000,78.43000000,213675,325040000.00000000,1.71000000,0.76000000,0.60000000,0.36000000,广发证券
2016-05-23,000776,79.46000000,79.64000000,80.53000000,79.13000000,251397,386156448.00000000,1.76000000,0.00000000,0.00000000,0.42000000,广发证券
2016-05-24,000776,79.46000000,79.08000000,79.60000000,78.99000000,175608,267179748.00000000,0.77000000,-0.70000000,-0.56000000,0.30000000,广发证券
2016-05-25,000776,79.64000000,79.46000000,80.53000000,79.27000000,260984,401236688.00000000,1.59000000,0.48000000,0.38000000,0.44000000,广发证券
2016-05-26,000776,79.50000000,79.64000000,80.02000000,78.62000000,232071,353361040.00000000,1.76000000,0.23000000,0.18000000,0.39000000,广发证券
2016-05-27,000776,79.64000000,79.74000000,80.16000000,79.13000000,248651,380905920.00000000,1.29000000,0.13000000,0.10000000,0.42000000,广发证券
2016-05-30,000776,79.41000000,79.83000000,80.16000000,78.71000000,204886,313590192.00000000,1.82000000,0.11000000,0.09000000,0.35000000,广发证券
2016-05-31,000776,79.78000000,84.95000000,85.37000000,79.74000000,976125,1585487744.00000000,7.05000000,6.41000000,5.12000000,1.65000000,广发证券
2016-06-01,000776,84.72000000,83.70000000,85.33000000,83.70000000,567138,925890992.00000000,1.92000000,-1.47000000,-1.25000000,0.96000000,广发证券
2016-06-02,000776,83.98000000,84.12000000,84.44000000,83.42000000,335713,545178400.00000000,1.22000000,0.50000000,0.42000000,0.57000000,广发证券
2016-06-03,000776,84.12000000,84.68000000,85.28000000,83.74000000,547982,896583936.00000000,1.83000000,0.67000000,0.56000000,0.93000000,广发证券
2016-06-06,000776,85.09000000,83.98000000,85.23000000,83.79000000,282059,460142304.00000000,1.70000000,-0.83000000,-0.70000000,0.48000000,广发证券
2016-06-07,000776,84.26000000,84.30000000,85.05000000,84.07000000,264290,431783648.00000000,1.17000000,0.38000000,0.32000000,0.45000000,广发证券
2016-06-08,000776,84.35000000,83.93000000,84.40000000,83.23000000,299589,485770800.00000000,1.39000000,-0.44000000,-0.37000000,0.51000000,广发证券
2016-06-13,000776,82.72000000,80.34000000,82.95000000,80.34000000,417056,659593792.00000000,3.11000000,-4.28000000,-3.59000000,0.70000000,广发证券
2016-06-14,000776,80.11000000,80.58000000,81.27000000,79.74000000,299010,462911744.00000000,1.90000000,0.30000000,0.24000000,0.51000000,广发证券
2016-06-15,000776,79.50000000,81.65000000,82.72000000,79.18000000,394486,617768432.00000000,4.39000000,1.33000000,1.07000000,0.67000000,广发证券
2016-06-16,000776,81.18000000,80.16000000,81.41000000,79.97000000,326434,506004720.00000000,1.76000000,-1.82000000,-1.49000000,0.55000000,广发证券
2016-06-17,000776,80.44000000,80.85000000,82.11000000,80.39000000,367717,576094224.00000000,2.15000000,0.86000000,0.69000000,0.62000000,广发证券
2016-06-20,000776,80.99000000,81.74000000,82.02000000,80.58000000,265518,416105968.00000000,1.78000000,1.10000000,0.89000000,0.45000000,广发证券
2016-06-21,000776,82.30000000,82.49000000,85.05000000,82.02000000,616495,995809904.00000000,3.71000000,0.92000000,0.75000000,1.04000000,广发证券
2016-06-22,000776,82.21000000,84.26000000,84.49000000,82.16000000,449258,725920720.00000000,2.82000000,2.15000000,1.77000000,0.76000000,广发证券
2016-06-23,000776,84.16000000,83.88000000,84.49000000,83.00000000,318659,515783664.00000000,1.77000000,-0.45000000,-0.38000000,0.54000000,广发证券
2016-06-24,000776,84.26000000,82.81000000,85.00000000,79.97000000,609890,983988976.00000000,6.00000000,-1.28000000,-1.07000000,1.03000000,广发证券
2016-06-27,000776,82.53000000,84.91000000,85.05000000,82.35000000,513690,836986896.00000000,3.26000000,2.54000000,2.10000000,0.87000000,广发证券
2016-06-28,000776,84.44000000,86.31000000,87.24000000,83.98000000,712186,1178898512.00000000,3.84000000,1.65000000,1.40000000,1.20000000,广发证券
2016-06-29,000776,86.54000000,86.03000000,87.28000000,85.93000000,531328,891378144.00000000,1.56000000,-0.32000000,-0.28000000,0.90000000,广发证券
2016-06-30,000776,86.40000000,86.40000000,86.96000000,86.12000000,382849,643056416.00000000,0.98000000,0.43000000,0.37000000,0.65000000,广发证券
2016-07-01,000776,86.54000000,85.61000000,87.05000000,85.33000000,390566,652453536.00000000,1.99000000,-0.91000000,-0.79000000,0.66000000,广发证券
2016-07-04,000776,84.95000000,87.98000000,89.33000000,84.72000000,708251,1206832896.00000000,5.38000000,2.77000000,2.37000000,1.20000000,广发证券
2016-07-05,000776,87.94000000,88.12000000,89.05000000,87.75000000,483057,829569920.00000000,1.48000000,0.16000000,0.14000000,0.82000000,广发证券
2016-07-06,000776,88.08000000,87.98000000,88.26000000,87.14000000,390810,665419840.00000000,1.27000000,-0.16000000,-0.14000000,0.66000000,广发证券
2016-07-07,000776,88.22000000,87.98000000,88.59000000,86.87000000,385142,656732992.00000000,1.95000000,0.00000000,0.00000000,0.65000000,广发证券
2016-07-08,000776,87.70000000,87.75000000,88.45000000,87.33000000,330616,564772128.00000000,1.27000000,-0.26000000,-0.23000000,0.56000000,广发证券
2016-07-11,000776,87.75000000,87.66000000,89.15000000,87.56000000,600175,1031672128.00000000,1.81000000,-0.10000000,-0.09000000,1.01000000,广发证券
2016-07-12,000776,87.84000000,89.29000000,89.33000000,87.24000000,715431,1229786288.00000000,2.38000000,1.86000000,1.63000000,1.21000000,广发证券
2016-07-13,000776,89.47000000,89.38000000,90.92000000,88.96000000,620898,1086747808.00000000,2.20000000,0.10000000,0.09000000,1.05000000,广发证券
2016-07-14,000776,88.92000000,89.19000000,89.85000000,88.64000000,343088,595630016.00000000,1.35000000,-0.21000000,-0.19000000,0.58000000,广发证券
2016-07-15,000776,89.29000000,88.40000000,89.47000000,88.17000000,320403,552623616.00000000,1.46000000,-0.89000000,-0.79000000,0.54000000,广发证券
2016-07-18,000776,87.56000000,86.35000000,87.89000000,86.12000000,500758,843170368.00000000,2.00000000,-2.32000000,-2.05000000,0.85000000,广发证券
2016-07-19,000776,86.49000000,86.59000000,86.96000000,85.93000000,252849,424086880.00000000,1.19000000,0.28000000,0.24000000,0.43000000,广发证券
2016-07-20,000776,86.68000000,86.26000000,87.10000000,86.21000000,214462,360532400.00000000,1.03000000,-0.38000000,-0.33000000,0.36000000,广发证券
2016-07-21,000776,86.59000000,86.77000000,87.56000000,86.45000000,357474,603851488.00000000,1.29000000,0.59000000,0.51000000,0.60000000,广发证券
2016-07-22,000776,86.49000000,86.26000000,86.87000000,86.12000000,214543,359828112.00000000,0.86000000,-0.59000000,-0.51000000,0.36000000,广发证券
2016-07-25,000776,86.17000000,86.07000000,86.68000000,86.03000000,206971,346502752.00000000,0.75000000,-0.22000000,-0.19000000,0.35000000,广发证券
2016-07-26,000776,86.17000000,87.14000000,87.24000000,86.03000000,255344,430668592.00000000,1.41000000,1.24000000,1.07000000,0.43000000,广发证券
2016-07-27,000776,87.24000000,84.68000000,87.42000000,83.56000000,484538,799971984.00000000,4.43000000,-2.82000000,-2.46000000,0.82000000,广发证券
2016-07-28,000776,84.58000000,83.84000000,84.95000000,82.67000000,437985,708531712.00000000,2.69000000,-0.99000000,-0.84000000,0.74000000,广发证券
2016-07-29,000776,83.93000000,84.02000000,84.63000000,83.14000000,286806,465921904.00000000,1.78000000,0.21000000,0.18000000,0.48000000,广发证券
2016-08-01,000776,83.93000000,83.65000000,84.68000000,83.14000000,217602,352312752.00000000,1.83000000,-0.44000000,-0.37000000,0.37000000,广发证券
2016-08-02,000776,83.84000000,83.93000000,84.07000000,83.46000000,137725,223025003.00000000,0.73000000,0.33000000,0.28000000,0.23000000,广发证券
2016-08-03,000776,83.79000000,83.84000000,84.02000000,83.51000000,119765,194034057.00000000,0.61000000,-0.11000000,-0.09000000,0.20000000,广发证券
2016-08-04,000776,83.98000000,84.07000000,84.26000000,83.42000000,159973,259275558.00000000,1.00000000,0.27000000,0.23000000,0.27000000,广发证券
2016-08-05,000776,84.07000000,85.61000000,86.96000000,83.84000000,527250,874124720.00000000,3.71000000,1.83000000,1.54000000,0.89000000,广发证券
2016-08-08,000776,85.00000000,86.12000000,86.17000000,84.72000000,282319,467910000.00000000,1.69000000,0.60000000,0.51000000,0.48000000,广发证券
2016-08-09,000776,86.07000000,86.68000000,87.14000000,85.70000000,351016,588933600.00000000,1.67000000,0.65000000,0.56000000,0.59000000,广发证券
2016-08-10,000776,86.54000000,86.63000000,87.42000000,85.93000000,364603,613845792.00000000,1.72000000,-0.06000000,-0.05000000,0.62000000,广发证券
2016-08-11,000776,86.96000000,87.24000000,88.26000000,86.68000000,596735,1015390656.00000000,1.82000000,0.70000000,0.61000000,1.01000000,广发证券
2016-08-12,000776,86.82000000,88.87000000,88.87000000,86.68000000,798895,1368368992.00000000,2.51000000,1.87000000,1.63000000,1.35000000,广发证券
2016-08-15,000776,89.19000000,92.97000000,95.67000000,88.64000000,1648019,2964930304.00000000,7.91000000,4.61000000,4.10000000,2.78000000,广发证券
2016-08-16,000776,92.64000000,92.83000000,93.95000000,92.27000000,897734,1635132064.00000000,1.81000000,-0.15000000,-0.14000000,1.52000000,广发证券
2016-08-17,000776,93.81000000,93.02000000,97.30000000,92.78000000,1343643,2486955568.00000000,4.87000000,0.20000000,0.19000000,2.27000000,广发证券
2016-08-18,000776,92.18000000,92.41000000,94.18000000,91.48000000,821827,1486521888.00000000,2.90000000,-0.66000000,-0.61000000,1.39000000,广发证券
2016-08-19,000776,92.18000000,92.04000000,92.60000000,91.24000000,444441,797037088.00000000,1.47000000,-0.40000000,-0.37000000,0.75000000,广发证券
2016-08-22,000776,91.85000000,90.83000000,92.41000000,90.45000000,507057,900570736.00000000,2.13000000,-1.31000000,-1.21000000,0.86000000,广发证券
2016-08-23,000776,91.11000000,91.62000000,91.90000000,90.78000000,597456,1063060432.00000000,1.23000000,0.87000000,0.79000000,1.01000000,广发证券
2016-08-24,000776,91.24000000,90.03000000,91.29000000,89.94000000,630498,1062393008.00000000,1.47000000,-1.74000000,-1.59000000,1.07000000,广发证券
2016-08-25,000776,89.66000000,90.08000000,90.69000000,89.19000000,461355,771767664.00000000,1.67000000,0.06000000,0.05000000,0.78000000,广发证券
2016-08-26,000776,90.31000000,89.75000000,90.69000000,89.47000000,366775,614751968.00000000,1.35000000,-0.37000000,-0.33000000,0.62000000,广发证券
2016-08-29,000776,89.75000000,90.41000000,90.50000000,89.57000000,331718,555738048.00000000,1.04000000,0.74000000,0.66000000,0.56000000,广发证券
2016-08-30,000776,90.55000000,90.45000000,91.11000000,90.08000000,338323,570159872.00000000,1.14000000,0.04000000,0.04000000,0.57000000,广发证券
2016-08-31,000776,90.55000000,90.55000000,91.15000000,89.99000000,360705,608427680.00000000,1.28000000,0.11000000,0.10000000,0.61000000,广发证券
2016-09-01,000776,90.73000000,89.66000000,90.83000000,89.66000000,371783,622273088.00000000,1.29000000,-0.98000000,-0.89000000,0.63000000,广发证券
2016-09-02,000776,89.52000000,89.71000000,90.92000000,89.33000000,361575,605249376.00000000,1.77000000,0.06000000,0.05000000,0.61000000,广发证券
2016-09-05,000776,90.13000000,89.85000000,90.55000000,89.33000000,322551,539557376.00000000,1.36000000,0.16000000,0.14000000,0.54000000,广发证券
2016-09-06,000776,89.75000000,90.87000000,90.87000000,89.38000000,502019,842032112.00000000,1.66000000,1.14000000,1.02000000,0.85000000,广发证券
2016-09-07,000776,90.97000000,90.78000000,91.11000000,90.50000000,477129,807487456.00000000,0.67000000,-0.10000000,-0.09000000,0.81000000,广发证券
2016-09-08,000776,90.73000000,90.31000000,90.87000000,90.17000000,301742,507985072.00000000,0.77000000,-0.52000000,-0.47000000,0.51000000,广发证券
2016-09-09,000776,90.36000000,90.78000000,92.13000000,90.17000000,615314,1045130224.00000000,2.17000000,0.52000000,0.47000000,1.04000000,广发证券
2016-09-12,000776,89.38000000,89.01000000,89.99000000,88.73000000,639048,1061251056.00000000,1.39000000,-1.95000000,-1.77000000,1.08000000,广发证券
2016-09-13,000776,89.43000000,88.22000000,89.61000000,87.98000000,317031,520343984.00000000,1.83000000,-0.89000000,-0.79000000,0.54000000,广发证券
2016-09-14,000776,87.75000000,87.14000000,88.31000000,86.96000000,298317,483086048.00000000,1.53000000,-1.22000000,-1.08000000,0.50000000,广发证券
2016-09-19,000776,87.28000000,87.47000000,87.75000000,87.28000000,277805,450102896.00000000,0.54000000,0.38000000,0.33000000,0.47000000,广发证券
2016-09-20,000776,87.52000000,87.00000000,87.66000000,86.68000000,267774,432549536.00000000,1.12000000,-0.54000000,-0.47000000,0.45000000,广发证券
2016-09-21,000776,87.24000000,87.66000000,88.12000000,86.87000000,287440,465355184.00000000,1.44000000,0.76000000,0.66000000,0.49000000,广发证券
2016-09-22,000776,88.26000000,87.98000000,88.92000000,87.94000000,403362,660999984.00000000,1.12000000,0.37000000,0.32000000,0.68000000,广发证券
2016-09-23,000776,88.08000000,87.19000000,88.22000000,87.05000000,273872,444478752.00000000,1.33000000,-0.90000000,-0.79000000,0.46000000,广发证券
2016-09-26,000776,87.10000000,86.31000000,87.33000000,86.07000000,311438,498902048.00000000,1.45000000,-1.01000000,-0.88000000,0.53000000,广发证券
2016-09-27,000776,86.07000000,87.28000000,87.38000000,85.98000000,340220,545269072.00000000,1.62000000,1.12000000,0.97000000,0.57000000,广发证券
2016-09-28,000776,87.28000000,86.73000000,87.38000000,86.63000000,182371,293608496.00000000,0.86000000,-0.63000000,-0.55000000,0.31000000,广发证券
2016-09-29,000776,87.14000000,87.98000000,88.36000000,86.96000000,343379,559066560.00000000,1.61000000,1.44000000,1.25000000,0.58000000,广发证券
2016-09-30,000776,87.84000000,88.31000000,88.50000000,87.56000000,224544,366967392.00000000,1.07000000,0.38000000,0.33000000,0.38000000,广发证券
2016-10-10,000776,88.87000000,89.89000000,90.13000000,88.40000000,359932,597131072.00000000,1.96000000,1.79000000,1.58000000,0.61000000,广发证券
2016-10-11,000776,89.89000000,89.99000000,90.73000000,89.38000000,354043,591617552.00000000,1.50000000,0.11000000,0.10000000,0.60000000,广发证券
2016-10-12,000776,89.75000000,89.61000000,89.99000000,89.15000000,256207,426121424.00000000,0.93000000,-0.42000000,-0.38000000,0.43000000,广发证券
2016-10-13,000776,89.66000000,89.61000000,89.99000000,89.15000000,181035,301381472.00000000,0.94000000,0.00000000,0.00000000,0.31000000,广发证券
2016-10-14,000776,89.66000000,89.61000000,89.89000000,88.92000000,216199,358741168.00000000,1.08000000,0.00000000,0.00000000,0.37000000,广发证券
2016-10-17,000776,89.66000000,88.45000000,90.03000000,88.36000000,227644,377405712.00000000,1.86000000,-1.29000000,-1.16000000,0.38000000,广发证券
2016-10-18,000776,88.40000000,90.78000000,90.92000000,88.26000000,532962,890914352.00000000,3.01000000,2.63000000,2.33000000,0.90000000,广发证券
2016-10-19,000776,90.87000000,90.41000000,91.06000000,90.08000000,301018,507556976.00000000,1.08000000,-0.41000000,-0.37000000,0.51000000,广发证券
2016-10-20,000776,90.50000000,90.78000000,90.92000000,90.13000000,274840,463628240.00000000,0.87000000,0.41000000,0.37000000,0.46000000,广发证券
2016-10-21,000776,90.64000000,91.66000000,92.32000000,90.45000000,486249,827608080.00000000,2.06000000,0.97000000,0.88000000,0.82000000,广发证券
2016-10-24,000776,91.71000000,94.18000000,95.72000000,91.52000000,1028237,1807207376.00000000,4.58000000,2.75000000,2.52000000,1.74000000,广发证券
2016-10-25,000776,93.71000000,93.43000000,94.41000000,93.02000000,405220,709546032.00000000,1.48000000,-0.80000000,-0.75000000,0.68000000,广发证券
2016-10-26,000776,93.57000000,93.16000000,94.13000000,92.78000000,371058,648866816.00000000,1.44000000,-0.29000000,-0.27000000,0.63000000,广发证券
2016-10-27,000776,93.16000000,92.60000000,93.34000000,91.99000000,335502,579765680.00000000,1.45000000,-0.60000000,-0.56000000,0.57000000,广发证券
2016-10-28,000776,93.34000000,92.88000000,95.34000000,92.88000000,595889,1050867712.00000000,2.66000000,0.30000000,0.28000000,1.01000000,广发证券
2016-10-31,000776,92.18000000,93.11000000,93.85000000,91.29000000,308853,532778320.00000000,2.76000000,0.25000000,0.23000000,0.52000000,广发证券
2016-11-01,000776,93.39000000,94.09000000,94.60000000,92.97000000,331105,582397024.00000000,1.75000000,1.05000000,0.98000000,0.56000000,广发证券
2016-11-02,000776,93.95000000,93.25000000,95.07000000,93.20000000,364819,642504064.00000000,1.99000000,-0.89000000,-0.84000000,0.62000000,广发证券
2016-11-03,000776,92.83000000,94.93000000,96.84000000,92.60000000,915180,1637380304.00000000,4.55000000,1.80000000,1.68000000,1.55000000,广发证券
2016-11-04,000776,95.34000000,96.00000000,96.65000000,95.02000000,766444,1379337072.00000000,1.72000000,1.13000000,1.07000000,1.29000000,广发证券
2016-11-07,000776,96.37000000,95.39000000,96.60000000,95.07000000,480998,866717104.00000000,1.59000000,-0.64000000,-0.61000000,0.81000000,广发证券
2016-11-08,000776,96.32000000,95.86000000,97.07000000,95.48000000,411785,743069408.00000000,1.67000000,0.49000000,0.47000000,0.70000000,广发证券
2016-11-09,000776,95.67000000,94.41000000,96.18000000,93.02000000,643966,1141997120.00000000,3.30000000,-1.51000000,-1.45000000,1.09000000,广发证券
2016-11-10,000776,95.58000000,96.88000000,98.19000000,95.58000000,872295,1589381088.00000000,2.76000000,2.62000000,2.47000000,1.47000000,广发证券
2016-11-11,000776,97.26000000,99.54000000,100.38000000,96.28000000,1189927,2205316304.00000000,4.23000000,2.75000000,2.66000000,2.01000000,广发证券
2016-11-14,000776,99.12000000,100.94000000,103.36000000,98.70000000,1340916,2572037424.00000000,4.68000000,1.41000000,1.40000000,2.27000000,广发证券
2016-11-15,000776,100.47000000,100.00000000,101.31000000,99.54000000,524432,992771584.00000000,1.75000000,-0.93000000,-0.94000000,0.89000000,广发证券
2016-11-16,000776,100.24000000,101.31000000,101.91000000,99.72000000,544856,1037922192.00000000,2.19000000,1.31000000,1.31000000,0.92000000,广发证券
2016-11-17,000776,100.61000000,101.31000000,101.73000000,99.86000000,472479,898574448.00000000,1.85000000,0.00000000,0.00000000,0.80000000,广发证券
2016-11-18,000776,100.56000000,99.07000000,100.70000000,98.70000000,518545,976216192.00000000,1.97000000,-2.21000000,-2.24000000,0.88000000,广发证券
2016-11-21,000776,98.47000000,99.26000000,100.33000000,98.28000000,432215,810823200.00000000,2.07000000,0.19000000,0.19000000,0.73000000,广发证券
2016-11-22,000776,100.10000000,100.56000000,102.85000000,99.86000000,1107395,2120376144.00000000,3.01000000,1.31000000,1.30000000,1.87000000,广发证券
2016-11-23,000776,100.56000000,100.42000000,101.91000000,100.33000000,679756,1296821904.00000000,1.57000000,-0.14000000,-0.14000000,1.15000000,广发证券
2016-11-24,000776,100.10000000,103.64000000,104.66000000,99.91000000,1359257,2647005424.00000000,4.73000000,3.21000000,3.22000000,2.30000000,广发证券
2016-11-25,000776,103.08000000,104.24000000,104.48000000,101.40000000,872890,1702675856.00000000,2.97000000,0.58000000,0.60000000,1.47000000,广发证券
2016-11-28,000776,105.92000000,103.82000000,106.06000000,103.27000000,1023646,2035525376.00000000,2.68000000,-0.40000000,-0.42000000,1.73000000,广发证券
2016-11-29,000776,102.89000000,103.82000000,104.99000000,101.54000000,827481,1619196272.00000000,3.32000000,0.00000000,0.00000000,1.40000000,广发证券
2016-11-30,000776,103.36000000,103.13000000,104.10000000,102.15000000,720509,1405902400.00000000,1.88000000,-0.66000000,-0.69000000,1.22000000,广发证券
2016-12-01,000776,102.85000000,104.10000000,104.10000000,102.43000000,547776,1073676848.00000000,1.62000000,0.94000000,0.97000000,0.93000000,广发证券
2016-12-02,000776,104.06000000,102.05000000,104.43000000,101.82000000,583167,1139327296.00000000,2.51000000,-1.97000000,-2.05000000,0.99000000,广发证券
2016-12-05,000776,100.10000000,96.37000000,100.66000000,96.14000000,972532,1795903312.00000000,4.43000000,-5.57000000,-5.68000000,1.64000000,广发证券
2016-12-06,000776,96.65000000,97.86000000,98.37000000,96.60000000,573825,1053167568.00000000,1.84000000,1.55000000,1.49000000,0.97000000,广发证券
2016-12-07,000776,97.67000000,97.91000000,98.09000000,96.98000000,292666,537950272.00000000,1.13000000,0.05000000,0.05000000,0.49000000,广发证券
2016-12-08,000776,98.14000000,97.12000000,98.33000000,97.12000000,274310,503270704.00000000,1.24000000,-0.81000000,-0.79000000,0.46000000,广发证券
2016-12-09,000776,97.12000000,97.16000000,98.00000000,96.93000000,251380,460785648.00000000,1.10000000,0.04000000,0.04000000,0.42000000,广发证券
2016-12-12,000776,96.93000000,93.76000000,97.02000000,92.88000000,524770,927724800.00000000,4.26000000,-3.50000000,-3.40000000,0.89000000,广发证券
2016-12-13,000776,93.81000000,93.67000000,94.27000000,93.02000000,259072,453853808.00000000,1.33000000,-0.10000000,-0.09000000,0.44000000,广发证券
2016-12-14,000776,93.71000000,91.71000000,93.81000000,91.66000000,372476,642988912.00000000,2.30000000,-2.09000000,-1.96000000,0.63000000,广发证券
2016-12-15,000776,91.62000000,91.48000000,92.60000000,90.69000000,346459,592712240.00000000,2.08000000,-0.25000000,-0.23000000,0.59000000,广发证券
2016-12-16,000776,91.71000000,91.94000000,91.99000000,91.24000000,227666,389198464.00000000,0.82000000,0.50000000,0.46000000,0.38000000,广发证券
2016-12-19,000776,91.94000000,90.83000000,91.94000000,90.69000000,236007,400380192.00000000,1.36000000,-1.21000000,-1.11000000,0.40000000,广发证券
2016-12-20,000776,90.31000000,90.41000000,90.73000000,89.75000000,298425,500885232.00000000,1.08000000,-0.46000000,-0.42000000,0.50000000,广发证券
2016-12-21,000776,90.55000000,91.38000000,91.85000000,90.55000000,264610,450691808.00000000,1.44000000,1.07000000,0.97000000,0.45000000,广发证券
2016-12-22,000776,91.34000000,91.15000000,91.48000000,90.55000000,199096,337245600.00000000,1.02000000,-0.25000000,-0.23000000,0.34000000,广发证券
2016-12-23,000776,90.87000000,90.27000000,91.11000000,90.27000000,151587,255359669.00000000,0.92000000,-0.97000000,-0.88000000,0.26000000,广发证券
2016-12-26,000776,89.85000000,91.06000000,91.11000000,88.82000000,242398,405707232.00000000,2.54000000,0.88000000,0.79000000,0.41000000,广发证券
2016-12-27,000776,91.01000000,90.83000000,91.52000000,90.73000000,159703,271279040.00000000,0.87000000,-0.25000000,-0.23000000,0.27000000,广发证券
2016-12-28,000776,90.64000000,90.03000000,91.34000000,89.94000000,160380,269862736.00000000,1.54000000,-0.88000000,-0.80000000,0.27000000,广发证券
2016-12-29,000776,90.03000000,90.08000000,91.11000000,89.57000000,156540,262799418.00000000,1.71000000,0.06000000,0.05000000,0.26000000,广发证券
2016-12-30,000776,90.17000000,90.59000000,90.83000000,90.17000000,160501,270248256.00000000,0.73000000,0.57000000,0.51000000,0.27000000,广发证券
2017-01-03,000776,90.69000000,91.76000000,92.13000000,90.69000000,246415,421573648.00000000,1.59000000,1.29000000,1.17000000,0.42000000,广发证券
2017-01-04,000776,91.76000000,92.13000000,92.22000000,91.62000000,221303,379858288.00000000,0.65000000,0.40000000,0.37000000,0.37000000,广发证券
2017-01-05,000776,92.22000000,92.27000000,92.55000000,91.85000000,227009,390608112.00000000,0.76000000,0.15000000,0.14000000,0.38000000,广发证券
2017-01-06,000776,92.27000000,91.48000000,92.27000000,91.34000000,158589,271158688.00000000,1.01000000,-0.86000000,-0.79000000,0.27000000,广发证券
2017-01-09,000776,91.57000000,91.52000000,91.85000000,90.78000000,140490,239383623.00000000,1.17000000,0.04000000,0.04000000,0.24000000,广发证券
2017-01-10,000776,91.52000000,91.76000000,91.94000000,91.20000000,140028,239289083.00000000,0.81000000,0.26000000,0.24000000,0.24000000,广发证券
2017-01-11,000776,92.04000000,92.50000000,93.39000000,91.71000000,289370,500669824.00000000,1.83000000,0.81000000,0.74000000,0.49000000,广发证券
2017-01-12,000776,92.22000000,92.41000000,93.48000000,92.13000000,257879,447369568.00000000,1.46000000,-0.10000000,-0.09000000,0.44000000,广发证券
2017-01-13,000776,92.46000000,92.41000000,93.48000000,91.48000000,209065,361047632.00000000,2.16000000,0.00000000,0.00000000,0.35000000,广发证券
2017-01-16,000776,92.41000000,91.24000000,92.55000000,88.96000000,285267,484273552.00000000,3.88000000,-1.27000000,-1.17000000,0.48000000,广发证券
2017-01-17,000776,90.73000000,90.87000000,91.15000000,89.94000000,144442,243668924.00000000,1.33000000,-0.41000000,-0.37000000,0.24000000,广发证券
2017-01-18,000776,90.87000000,90.87000000,91.66000000,90.59000000,148696,252666080.00000000,1.18000000,0.00000000,0.00000000,0.25000000,广发证券
2017-01-19,000776,90.69000000,90.87000000,91.48000000,90.59000000,119479,202700042.00000000,0.98000000,0.00000000,0.00000000,0.20000000,广发证券
2017-01-20,000776,90.69000000,91.94000000,92.13000000,90.69000000,186092,318375152.00000000,1.58000000,1.18000000,1.07000000,0.31000000,广发证券
2017-01-23,000776,92.08000000,92.74000000,93.25000000,92.04000000,215964,374000912.00000000,1.32000000,0.87000000,0.80000000,0.36000000,广发证券
2017-01-24,000776,92.83000000,92.32000000,93.02000000,92.27000000,121698,210406532.00000000,0.81000000,-0.45000000,-0.42000000,0.21000000,广发证券
2017-01-25,000776,92.22000000,92.97000000,93.06000000,92.18000000,149369,259121345.00000000,0.95000000,0.70000000,0.65000000,0.25000000,广发证券
2017-01-26,000776,93.11000000,93.62000000,94.09000000,93.02000000,148786,260581218.00000000,1.15000000,0.70000000,0.65000000,0.25000000,广发证券
2017-02-03,000776,93.81000000,92.41000000,93.95000000,92.27000000,133206,230727618.00000000,1.79000000,-1.29000000,-1.21000000,0.23000000,广发证券
2017-02-06,000776,92.46000000,92.46000000,93.02000000,91.94000000,156712,270184208.00000000,1.17000000,0.05000000,0.05000000,0.26000000,广发证券
2017-02-07,000776,92.32000000,91.85000000,92.36000000,91.48000000,158867,272171184.00000000,0.95000000,-0.66000000,-0.61000000,0.27000000,广发证券
2017-02-08,000776,91.85000000,93.29000000,93.43000000,91.01000000,305641,526434928.00000000,2.63000000,1.57000000,1.44000000,0.52000000,广发证券
2017-02-09,000776,92.88000000,93.20000000,93.85000000,92.78000000,281644,491740816.00000000,1.15000000,-0.10000000,-0.09000000,0.48000000,广发证券
2017-02-10,000776,93.43000000,93.90000000,94.41000000,93.06000000,323478,567503712.00000000,1.45000000,0.75000000,0.70000000,0.55000000,广发证券
2017-02-13,000776,93.99000000,95.07000000,95.81000000,93.90000000,405705,723597040.00000000,2.03000000,1.25000000,1.17000000,0.69000000,广发证券
2017-02-14,000776,95.07000000,94.69000000,95.34000000,94.51000000,198228,352108384.00000000,0.87000000,-0.40000000,-0.38000000,0.33000000,广发证券
2017-02-15,000776,94.74000000,94.37000000,95.67000000,94.32000000,257008,457769264.00000000,1.43000000,-0.34000000,-0.32000000,0.43000000,广发证券
2017-02-16,000776,94.27000000,95.72000000,95.95000000,93.99000000,259694,463812288.00000000,2.08000000,1.43000000,1.35000000,0.44000000,广发证券
2017-02-17,000776,96.18000000,95.25000000,98.19000000,95.16000000,475283,863640576.00000000,3.17000000,-0.49000000,-0.47000000,0.80000000,广发证券
2017-02-20,000776,95.21000000,96.23000000,96.23000000,94.97000000,292137,525134592.00000000,1.32000000,1.03000000,0.98000000,0.49000000,广发证券
2017-02-21,000776,96.65000000,96.70000000,98.09000000,96.46000000,312521,570597200.00000000,1.69000000,0.49000000,0.47000000,0.53000000,广发证券
2017-02-22,000776,96.56000000,96.46000000,96.79000000,96.04000000,194332,351459376.00000000,0.78000000,-0.25000000,-0.24000000,0.33000000,广发证券
2017-02-23,000776,96.56000000,95.11000000,96.65000000,94.60000000,295009,527941744.00000000,2.13000000,-1.40000000,-1.35000000,0.50000000,广发证券
2017-02-24,000776,95.11000000,95.11000000,95.58000000,94.74000000,162118,289029168.00000000,0.88000000,0.00000000,0.00000000,0.27000000,广发证券
2017-02-27,000776,95.16000000,93.71000000,95.21000000,93.67000000,223745,395182944.00000000,1.62000000,-1.47000000,-1.40000000,0.38000000,广发证券
2017-02-28,000776,93.71000000,93.95000000,94.46000000,93.62000000,157813,277710400.00000000,0.90000000,0.26000000,0.24000000,0.27000000,广发证券
2017-03-01,000776,94.04000000,94.41000000,95.02000000,93.90000000,199633,353728016.00000000,1.19000000,0.49000000,0.46000000,0.34000000,广发证券
2017-03-02,000776,94.83000000,94.37000000,95.76000000,94.32000000,239458,426775152.00000000,1.53000000,-0.04000000,-0.04000000,0.40000000,广发证券
2017-03-03,000776,94.04000000,93.81000000,94.37000000,93.62000000,150139,263957944.00000000,0.79000000,-0.59000000,-0.56000000,0.25000000,广发证券
2017-03-06,000776,93.81000000,94.60000000,94.74000000,93.71000000,157780,278489536.00000000,1.10000000,0.84000000,0.79000000,0.27000000,广发证券
2017-03-07,000776,94.27000000,94.13000000,94.69000000,93.67000000,206553,363097696.00000000,1.08000000,-0.50000000,-0.47000000,0.35000000,广发证券
2017-03-08,000776,94.04000000,93.53000000,94.09000000,93.39000000,144736,253445263.00000000,0.74000000,-0.64000000,-0.60000000,0.24000000,广发证券
2017-03-09,000776,93.29000000,92.41000000,93.29000000,92.27000000,180420,312277312.00000000,1.09000000,-1.20000000,-1.12000000,0.30000000,广发证券
2017-03-10,000776,92.27000000,92.50000000,92.97000000,92.22000000,130524,225618733.00000000,0.81000000,0.10000000,0.09000000,0.22000000,广发证券
2017-03-13,000776,92.32000000,93.16000000,93.20000000,91.85000000,188297,326191680.00000000,1.46000000,0.71000000,0.66000000,0.32000000,广发证券
2017-03-14,000776,92.92000000,92.69000000,93.39000000,92.60000000,143613,249617716.00000000,0.85000000,-0.50000000,-0.47000000,0.24000000,广发证券
2017-03-15,000776,92.74000000,92.69000000,93.06000000,92.60000000,103398,179311736.00000000,0.50000000,0.00000000,0.00000000,0.17000000,广发证券
2017-03-16,000776,93.11000000,94.37000000,94.51000000,93.11000000,349573,616048608.00000000,1.51000000,1.81000000,1.68000000,0.59000000,广发证券
2017-03-17,000776,94.51000000,92.55000000,94.83000000,92.50000000,302352,528749744.00000000,2.47000000,-1.93000000,-1.82000000,0.51000000,广发证券
2017-03-20,000776,92.55000000,92.41000000,92.83000000,91.80000000,176202,303804816.00000000,1.11000000,-0.15000000,-0.14000000,0.30000000,广发证券
2017-03-21,000776,92.36000000,92.08000000,92.60000000,91.62000000,211651,363091024.00000000,1.06000000,-0.36000000,-0.33000000,0.36000000,广发证券
2017-03-22,000776,91.62000000,90.83000000,91.99000000,90.73000000,247829,421241984.00000000,1.37000000,-1.36000000,-1.25000000,0.42000000,广发证券
2017-03-23,000776,90.87000000,91.24000000,91.85000000,89.85000000,203765,346580144.00000000,2.20000000,0.45000000,0.41000000,0.34000000,广发证券
2017-03-24,000776,91.24000000,92.50000000,92.78000000,90.83000000,258073,441275568.00000000,2.14000000,1.38000000,1.26000000,0.44000000,广发证券
2017-03-27,000776,92.36000000,92.46000000,93.25000000,92.08000000,230076,398177984.00000000,1.26000000,-0.04000000,-0.04000000,0.39000000,广发证券
2017-03-28,000776,92.69000000,91.99000000,93.06000000,91.99000000,149265,257702162.00000000,1.16000000,-0.51000000,-0.47000000,0.25000000,广发证券
2017-03-29,000776,92.08000000,91.66000000,92.55000000,91.24000000,173306,297945728.00000000,1.42000000,-0.36000000,-0.33000000,0.29000000,广发证券
2017-03-30,000776,91.66000000,91.52000000,92.32000000,91.24000000,195710,335101184.00000000,1.18000000,-0.15000000,-0.14000000,0.33000000,广发证券
2017-03-31,000776,91.71000000,91.66000000,91.94000000,91.20000000,169375,289059072.00000000,0.81000000,0.15000000,0.14000000,0.29000000,广发证券
2017-04-05,000776,91.62000000,92.92000000,93.02000000,91.48000000,375770,648573952.00000000,1.68000000,1.37000000,1.26000000,0.63000000,广发证券
2017-04-06,000776,92.69000000,92.78000000,93.29000000,92.46000000,254019,440580672.00000000,0.89000000,-0.15000000,-0.14000000,0.43000000,广发证券
2017-04-07,000776,92.74000000,92.78000000,93.06000000,92.46000000,214479,371677552.00000000,0.65000000,0.00000000,0.00000000,0.36000000,广发证券
2017-04-10,000776,92.78000000,91.71000000,92.88000000,91.66000000,248663,428024368.00000000,1.31000000,-1.15000000,-1.07000000,0.42000000,广发证券
2017-04-11,000776,91.57000000,91.94000000,92.13000000,90.31000000,367061,623806064.00000000,1.98000000,0.25000000,0.23000000,0.62000000,广发证券
2017-04-12,000776,91.94000000,91.62000000,92.88000000,91.34000000,379560,653912896.00000000,1.68000000,-0.35000000,-0.32000000,0.64000000,广发证券
2017-04-13,000776,91.43000000,91.48000000,92.04000000,91.34000000,215571,368363328.00000000,0.76000000,-0.15000000,-0.14000000,0.36000000,广发证券
2017-04-14,000776,91.52000000,90.36000000,91.52000000,90.27000000,264680,446995136.00000000,1.37000000,-1.22000000,-1.12000000,0.45000000,广发证券
2017-04-17,000776,90.22000000,90.31000000,90.55000000,89.57000000,185268,310647840.00000000,1.08000000,-0.06000000,-0.05000000,0.31000000,广发证券
2017-04-18,000776,90.41000000,89.19000000,90.45000000,89.15000000,198267,330899968.00000000,1.44000000,-1.24000000,-1.12000000,0.33000000,广发证券
2017-04-19,000776,89.10000000,88.50000000,89.10000000,88.22000000,223644,367181344.00000000,0.99000000,-0.77000000,-0.69000000,0.38000000,广发证券
2017-04-20,000776,88.50000000,88.40000000,88.78000000,87.94000000,162662,266185671.00000000,0.95000000,-0.11000000,-0.10000000,0.27000000,广发证券
2017-04-21,000776,88.54000000,89.57000000,89.66000000,88.26000000,270358,447523744.00000000,1.58000000,1.32000000,1.17000000,0.46000000,广发证券
2017-04-24,000776,89.33000000,89.33000000,89.85000000,88.36000000,182956,302920048.00000000,1.66000000,-0.27000000,-0.24000000,0.31000000,广发证券
2017-04-25,000776,89.47000000,89.01000000,89.75000000,88.92000000,123027,203924562.00000000,0.93000000,-0.36000000,-0.32000000,0.21000000,广发证券
2017-04-26,000776,89.24000000,89.99000000,90.87000000,89.10000000,246567,412809952.00000000,1.99000000,1.10000000,0.98000000,0.42000000,广发证券
2017-04-27,000776,89.66000000,89.85000000,90.13000000,88.78000000,180150,299660224.00000000,1.50000000,-0.16000000,-0.14000000,0.30000000,广发证券
2017-04-28,000776,89.89000000,89.99000000,90.08000000,89.33000000,124999,208434823.00000000,0.83000000,0.16000000,0.14000000,0.21000000,广发证券
2017-05-02,000776,89.85000000,89.05000000,89.94000000,89.01000000,125312,208162937.00000000,1.03000000,-1.04000000,-0.94000000,0.21000000,广发证券
2017-05-03,000776,89.05000000,88.64000000,89.61000000,88.45000000,144179,237735085.00000000,1.30000000,-0.46000000,-0.41000000,0.24000000,广发证券
2017-05-04,000776,88.64000000,87.89000000,88.64000000,87.66000000,176448,287953008.00000000,1.11000000,-0.85000000,-0.75000000,0.30000000,广发证券
2017-05-05,000776,87.42000000,85.89000000,87.52000000,85.65000000,382423,608470288.00000000,2.13000000,-2.28000000,-2.00000000,0.65000000,广发证券
2017-05-08,000776,85.84000000,85.56000000,86.03000000,85.00000000,206883,326325696.00000000,1.20000000,-0.38000000,-0.33000000,0.35000000,广发证券
2017-05-09,000776,85.51000000,85.61000000,85.89000000,85.23000000,170580,269031296.00000000,0.77000000,0.06000000,0.05000000,0.29000000,广发证券
2017-05-10,000776,85.61000000,84.68000000,85.89000000,84.63000000,236808,372935008.00000000,1.47000000,-1.09000000,-0.93000000,0.40000000,广发证券
2017-05-11,000776,84.35000000,85.28000000,85.47000000,83.93000000,248829,388311744.00000000,1.82000000,0.71000000,0.60000000,0.42000000,广发证券
2017-05-12,000776,85.28000000,85.98000000,86.26000000,85.09000000,259798,411909856.00000000,1.37000000,0.82000000,0.70000000,0.44000000,广发证券
2017-05-15,000776,86.17000000,87.00000000,87.38000000,85.93000000,276360,443936880.00000000,1.69000000,1.19000000,1.02000000,0.47000000,广发证券
2017-05-16,000776,86.96000000,87.24000000,87.24000000,86.21000000,250658,401990960.00000000,1.18000000,0.28000000,0.24000000,0.42000000,广发证券
2017-05-17,000776,87.28000000,86.73000000,87.84000000,86.73000000,259523,418847168.00000000,1.27000000,-0.58000000,-0.51000000,0.44000000,广发证券
2017-05-18,000776,86.12000000,85.70000000,86.77000000,85.65000000,158682,252263648.00000000,1.29000000,-1.19000000,-1.03000000,0.27000000,广发证券
2017-05-19,000776,85.70000000,85.33000000,86.21000000,85.19000000,195282,308047728.00000000,1.19000000,-0.43000000,-0.37000000,0.33000000,广发证券
2017-05-22,000776,85.14000000,84.72000000,85.33000000,84.07000000,187568,292543120.00000000,1.48000000,-0.71000000,-0.61000000,0.32000000,广发证券
2017-05-23,000776,84.63000000,85.19000000,85.47000000,84.35000000,267848,419243152.00000000,1.32000000,0.55000000,0.47000000,0.45000000,广发证券
2017-05-24,000776,85.00000000,85.09000000,85.23000000,84.35000000,285123,445447840.00000000,1.03000000,-0.12000000,-0.10000000,0.48000000,广发证券
2017-05-25,000776,85.09000000,89.61000000,89.75000000,84.86000000,883703,1437898080.00000000,5.75000000,5.31000000,4.52000000,1.49000000,广发证券
2017-05-26,000776,88.87000000,89.29000000,90.22000000,88.78000000,576527,958017936.00000000,1.61000000,-0.36000000,-0.32000000,0.97000000,广发证券
2017-05-31,000776,89.85000000,89.61000000,90.45000000,88.68000000,437586,727823024.00000000,1.98000000,0.36000000,0.32000000,0.74000000,广发证券
2017-06-01,000776,89.38000000,89.01000000,89.66000000,88.82000000,251692,416555456.00000000,0.94000000,-0.67000000,-0.60000000,0.43000000,广发证券
2017-06-02,000776,89.15000000,88.82000000,89.33000000,88.12000000,252517,415648144.00000000,1.36000000,-0.21000000,-0.19000000,0.43000000,广发证券
2017-06-05,000776,88.59000000,88.92000000,89.38000000,88.08000000,231370,380861056.00000000,1.46000000,0.11000000,0.10000000,0.39000000,广发证券
2017-06-06,000776,88.92000000,89.15000000,89.52000000,88.68000000,153827,254403521.00000000,0.94000000,0.26000000,0.23000000,0.26000000,广发证券
2017-06-07,000776,88.92000000,90.03000000,90.22000000,88.82000000,314197,525109936.00000000,1.57000000,0.99000000,0.88000000,0.53000000,广发证券
2017-06-08,000776,90.08000000,90.22000000,90.50000000,89.75000000,206578,346392576.00000000,0.83000000,0.21000000,0.19000000,0.35000000,广发证券
2017-06-09,000776,90.22000000,90.27000000,91.43000000,89.75000000,312178,526922688.00000000,1.86000000,0.06000000,0.05000000,0.53000000,广发证券
2017-06-12,000776,89.85000000,88.54000000,90.59000000,88.40000000,318886,529546688.00000000,2.43000000,-1.92000000,-1.73000000,0.54000000,广发证券
2017-06-13,000776,88.64000000,89.29000000,89.89000000,88.22000000,209767,347064544.00000000,1.89000000,0.85000000,0.75000000,0.35000000,广发证券
2017-06-14,000776,89.29000000,89.47000000,89.85000000,88.82000000,163948,272145312.00000000,1.15000000,0.20000000,0.18000000,0.28000000,广发证券
2017-06-15,000776,89.52000000,90.27000000,90.69000000,89.29000000,234151,392319888.00000000,1.56000000,0.89000000,0.80000000,0.40000000,广发证券
2017-06-16,000776,90.41000000,89.80000000,90.59000000,89.66000000,136512,228585013.00000000,1.03000000,-0.52000000,-0.47000000,0.23000000,广发证券
2017-06-19,000776,89.94000000,91.38000000,91.66000000,89.94000000,363891,618229136.00000000,1.92000000,1.76000000,1.58000000,0.61000000,广发证券
2017-06-20,000776,91.48000000,91.80000000,92.27000000,91.20000000,428949,733672720.00000000,1.17000000,0.46000000,0.42000000,0.72000000,广发证券
2017-06-21,000776,92.64000000,91.48000000,93.06000000,90.83000000,396849,679424800.00000000,2.43000000,-0.35000000,-0.32000000,0.67000000,广发证券
2017-06-22,000776,91.24000000,91.76000000,93.20000000,90.97000000,577623,995031424.00000000,2.44000000,0.31000000,0.28000000,0.98000000,广发证券
2017-06-23,000776,91.71000000,91.38000000,91.94000000,90.45000000,292056,495824880.00000000,1.62000000,-0.41000000,-0.38000000,0.49000000,广发证券
2017-06-26,000776,91.43000000,92.88000000,92.97000000,91.24000000,478966,826436240.00000000,1.89000000,1.64000000,1.50000000,0.81000000,广发证券
2017-06-27,000776,92.78000000,92.46000000,93.02000000,92.18000000,234772,405378944.00000000,0.90000000,-0.45000000,-0.42000000,0.40000000,广发证券
2017-06-28,000776,92.22000000,92.04000000,92.64000000,91.66000000,240379,413208928.00000000,1.06000000,-0.45000000,-0.42000000,0.41000000,广发证券
2017-06-29,000776,92.13000000,92.36000000,92.46000000,91.76000000,165613,284539328.00000000,0.76000000,0.35000000,0.32000000,0.28000000,广发证券
2017-06-30,000776,92.04000000,92.41000000,92.46000000,91.20000000,261895,448780960.00000000,1.36000000,0.05000000,0.05000000,0.44000000,广发证券
2017-07-03,000776,92.27000000,91.85000000,92.46000000,91.38000000,223827,382748752.00000000,1.17000000,-0.61000000,-0.56000000,0.38000000,广发证券
2017-07-04,000776,91.85000000,91.24000000,91.85000000,91.06000000,267403,455162800.00000000,0.86000000,-0.66000000,-0.61000000,0.45000000,广发证券
2017-07-05,000776,91.71000000,91.80000000,91.85000000,91.15000000,309173,516098832.00000000,0.77000000,0.61000000,0.56000000,0.52000000,广发证券
2017-07-06,000776,91.66000000,92.18000000,92.22000000,91.15000000,291336,487881280.00000000,1.17000000,0.41000000,0.38000000,0.49000000,广发证券
2017-07-07,000776,91.80000000,92.78000000,93.25000000,91.29000000,353199,597174224.00000000,2.13000000,0.65000000,0.60000000,0.60000000,广发证券
2017-07-10,000776,92.69000000,93.39000000,94.18000000,92.60000000,511405,876262288.00000000,1.70000000,0.66000000,0.61000000,0.86000000,广发证券
2017-07-11,000776,93.43000000,93.76000000,94.97000000,93.43000000,673133,1163500560.00000000,1.65000000,0.40000000,0.37000000,1.14000000,广发证券
2017-07-12,000776,93.85000000,93.43000000,94.46000000,92.88000000,421432,721724448.00000000,1.69000000,-0.35000000,-0.33000000,0.71000000,广发证券
2017-07-13,000776,93.62000000,94.88000000,95.02000000,93.20000000,506468,877051472.00000000,1.95000000,1.55000000,1.45000000,0.86000000,广发证券
2017-07-14,000776,95.02000000,94.83000000,95.53000000,94.51000000,368382,642440096.00000000,1.08000000,-0.05000000,-0.05000000,0.62000000,广发证券
2017-07-17,000776,94.93000000,93.43000000,96.00000000,93.11000000,704505,1221307808.00000000,3.05000000,-1.48000000,-1.40000000,1.19000000,广发证券
2017-07-18,000776,93.20000000,92.78000000,93.62000000,91.71000000,405844,688284640.00000000,2.04000000,-0.70000000,-0.65000000,0.69000000,广发证券
2017-07-19,000776,92.69000000,97.67000000,97.86000000,91.99000000,1433155,2519746576.00000000,6.33000000,5.27000000,4.89000000,2.42000000,广发证券
2017-07-20,000776,97.95000000,97.35000000,98.51000000,96.88000000,907180,1632960992.00000000,1.67000000,-0.33000000,-0.32000000,1.53000000,广发证券
2017-07-21,000776,97.21000000,96.60000000,97.67000000,95.90000000,494521,882119952.00000000,1.82000000,-0.77000000,-0.75000000,0.84000000,广发证券
2017-07-24,000776,96.18000000,96.51000000,97.63000000,95.95000000,507319,904507072.00000000,1.74000000,-0.09000000,-0.09000000,0.86000000,广发证券
2017-07-25,000776,96.74000000,95.30000000,96.93000000,95.11000000,490316,864315568.00000000,1.89000000,-1.25000000,-1.21000000,0.83000000,广发证券
2017-07-26,000776,95.58000000,95.67000000,96.32000000,94.79000000,515536,905339968.00000000,1.61000000,0.39000000,0.37000000,0.87000000,广发证券
2017-07-27,000776,95.58000000,95.67000000,96.42000000,94.27000000,566107,992788512.00000000,2.25000000,0.00000000,0.00000000,0.96000000,广发证券
2017-07-28,000776,95.62000000,95.30000000,95.90000000,95.07000000,248848,436662272.00000000,0.87000000,-0.39000000,-0.37000000,0.42000000,广发证券
2017-07-31,000776,95.21000000,96.37000000,97.07000000,94.83000000,562523,996116528.00000000,2.35000000,1.12000000,1.07000000,0.95000000,广发证券
2017-08-01,000776,96.65000000,97.30000000,98.23000000,96.46000000,675386,1213932992.00000000,1.84000000,0.97000000,0.93000000,1.14000000,广发证券
2017-08-02,000776,97.53000000,97.53000000,98.84000000,96.65000000,775661,1401033104.00000000,2.25000000,0.24000000,0.23000000,1.31000000,广发证券
2017-08-03,000776,97.39000000,96.70000000,97.91000000,96.28000000,492177,882071952.00000000,1.67000000,-0.85000000,-0.83000000,0.83000000,广发证券
2017-08-04,000776,96.65000000,97.02000000,98.47000000,96.09000000,619764,1115520640.00000000,2.46000000,0.33000000,0.32000000,1.05000000,广发证券
2017-08-07,000776,96.51000000,95.72000000,96.65000000,95.07000000,504289,888719776.00000000,1.63000000,-1.34000000,-1.30000000,0.85000000,广发证券
2017-08-08,000776,95.48000000,95.95000000,96.51000000,94.74000000,421071,740221616.00000000,1.85000000,0.24000000,0.23000000,0.71000000,广发证券
2017-08-09,000776,95.62000000,95.34000000,95.67000000,94.74000000,295775,517468352.00000000,0.97000000,-0.64000000,-0.61000000,0.50000000,广发证券
2017-08-10,000776,94.97000000,94.83000000,96.18000000,94.27000000,373137,651749040.00000000,2.00000000,-0.53000000,-0.51000000,0.63000000,广发证券
2017-08-11,000776,94.27000000,92.50000000,94.32000000,92.36000000,491990,841638336.00000000,2.07000000,-2.46000000,-2.33000000,0.83000000,广发证券
2017-08-14,000776,92.83000000,93.48000000,93.71000000,92.36000000,302085,515486160.00000000,1.46000000,1.06000000,0.98000000,0.51000000,广发证券
2017-08-15,000776,93.67000000,93.20000000,93.90000000,92.88000000,289353,495207440.00000000,1.09000000,-0.30000000,-0.28000000,0.49000000,广发证券
2017-08-16,000776,93.06000000,93.39000000,93.99000000,92.69000000,268057,459558496.00000000,1.39000000,0.20000000,0.19000000,0.45000000,广发证券
2017-08-17,000776,93.39000000,93.85000000,93.95000000,93.20000000,215110,369208000.00000000,0.80000000,0.49000000,0.46000000,0.36000000,广发证券
2017-08-18,000776,93.57000000,93.11000000,93.57000000,92.92000000,248144,423724496.00000000,0.69000000,-0.79000000,-0.74000000,0.42000000,广发证券
2017-08-21,000776,93.02000000,93.90000000,93.90000000,93.02000000,283917,486113216.00000000,0.95000000,0.85000000,0.79000000,0.48000000,广发证券
2017-08-22,000776,93.85000000,93.57000000,94.18000000,93.29000000,210918,362586832.00000000,0.95000000,-0.35000000,-0.33000000,0.36000000,广发证券
2017-08-23,000776,93.71000000,94.23000000,95.11000000,93.39000000,327428,566540448.00000000,1.84000000,0.71000000,0.66000000,0.55000000,广发证券
2017-08-24,000776,94.04000000,93.29000000,94.37000000,93.16000000,215010,369096368.00000000,1.28000000,-1.00000000,-0.94000000,0.36000000,广发证券
2017-08-25,000776,93.29000000,95.48000000,95.72000000,93.20000000,660530,1152896384.00000000,2.70000000,2.35000000,2.19000000,1.12000000,广发证券
2017-08-28,000776,96.79000000,101.26000000,102.57000000,96.79000000,1884725,3492396656.00000000,6.05000000,6.05000000,5.78000000,3.18000000,广发证券
2017-08-29,000776,101.17000000,100.66000000,101.73000000,99.68000000,717039,1339982640.00000000,2.02000000,-0.59000000,-0.60000000,1.21000000,广发证券
2017-08-30,000776,100.66000000,100.84000000,103.45000000,100.66000000,868255,1650518800.00000000,2.77000000,0.18000000,0.18000000,1.47000000,广发证券
2017-08-31,000776,101.26000000,102.33000000,103.13000000,101.22000000,695222,1320826336.00000000,1.89000000,1.48000000,1.49000000,1.17000000,广发证券
2017-09-01,000776,102.57000000,103.96000000,104.43000000,101.96000000,894545,1723734288.00000000,2.41000000,1.59000000,1.63000000,1.51000000,广发证券
2017-09-04,000776,103.87000000,103.73000000,104.90000000,102.99000000,532232,1029743968.00000000,1.84000000,-0.22000000,-0.23000000,0.90000000,广发证券
2017-09-05,000776,104.20000000,103.59000000,105.50000000,103.31000000,558023,1084230144.00000000,2.11000000,-0.13000000,-0.14000000,0.94000000,广发证券
2017-09-06,000776,103.17000000,103.08000000,103.59000000,101.82000000,483718,924510320.00000000,1.71000000,-0.49000000,-0.51000000,0.82000000,广发证券
2017-09-07,000776,103.27000000,101.96000000,104.01000000,101.77000000,441235,846056320.00000000,2.17000000,-1.09000000,-1.12000000,0.75000000,广发证券
2017-09-08,000776,102.10000000,101.26000000,102.47000000,101.03000000,395048,745387568.00000000,1.41000000,-0.69000000,-0.70000000,0.67000000,广发证券
2017-09-11,000776,100.80000000,101.45000000,101.96000000,100.56000000,319860,601055696.00000000,1.38000000,0.19000000,0.19000000,0.54000000,广发证券
2017-09-12,000776,101.50000000,103.87000000,104.85000000,101.50000000,791536,1525192544.00000000,3.30000000,2.39000000,2.42000000,1.34000000,广发证券
2017-09-13,000776,103.87000000,102.71000000,104.66000000,102.15000000,438512,842313136.00000000,2.42000000,-1.12000000,-1.16000000,0.74000000,广发证券
2017-09-14,000776,102.80000000,101.68000000,104.34000000,101.59000000,554987,1063371152.00000000,2.68000000,-1.00000000,-1.03000000,0.94000000,广发证券
2017-09-15,000776,101.63000000,101.87000000,103.08000000,100.84000000,386072,731932096.00000000,2.20000000,0.19000000,0.19000000,0.65000000,广发证券
2017-09-18,000776,102.57000000,103.55000000,103.96000000,102.19000000,583189,1122903520.00000000,1.74000000,1.65000000,1.68000000,0.99000000,广发证券
2017-09-19,000776,103.78000000,102.10000000,103.87000000,101.40000000,399053,761294768.00000000,2.39000000,-1.40000000,-1.45000000,0.67000000,广发证券
2017-09-20,000776,101.91000000,102.33000000,102.57000000,101.59000000,271668,515792192.00000000,0.96000000,0.23000000,0.23000000,0.46000000,广发证券
2017-09-21,000776,102.47000000,102.52000000,103.92000000,102.15000000,458009,879560272.00000000,1.73000000,0.19000000,0.19000000,0.77000000,广发证券
2017-09-22,000776,102.19000000,102.33000000,102.61000000,101.03000000,331167,626547088.00000000,1.54000000,-0.19000000,-0.19000000,0.56000000,广发证券
2017-09-25,000776,102.15000000,101.54000000,102.29000000,101.26000000,254923,482163536.00000000,1.01000000,-0.77000000,-0.79000000,0.43000000,广发证券
2017-09-26,000776,101.54000000,101.59000000,101.82000000,101.17000000,203908,384399536.00000000,0.64000000,0.05000000,0.05000000,0.34000000,广发证券
2017-09-27,000776,101.40000000,101.31000000,102.01000000,101.17000000,177850,335620688.00000000,0.83000000,-0.28000000,-0.28000000,0.30000000,广发证券
2017-09-28,000776,101.31000000,100.98000000,101.54000000,100.89000000,158628,298316128.00000000,0.64000000,-0.33000000,-0.33000000,0.27000000,广发证券
2017-09-29,000776,101.45000000,102.10000000,102.99000000,101.40000000,348811,663552560.00000000,1.57000000,1.11000000,1.12000000,0.59000000,广发证券
2017-10-09,000776,104.43000000,102.57000000,104.90000000,102.33000000,539528,1039552672.00000000,2.52000000,0.46000000,0.47000000,0.91000000,广发证券
2017-10-10,000776,102.29000000,103.08000000,103.08000000,101.59000000,385613,734549744.00000000,1.45000000,0.50000000,0.51000000,0.65000000,广发证券
2017-10-11,000776,102.94000000,102.61000000,103.31000000,102.38000000,221753,424324752.00000000,0.90000000,-0.46000000,-0.47000000,0.37000000,广发证券
2017-10-12,000776,102.85000000,102.10000000,102.99000000,101.87000000,206505,392739856.00000000,1.09000000,-0.50000000,-0.51000000,0.35000000,广发证券
2017-10-13,000776,102.10000000,101.91000000,102.38000000,101.40000000,202911,384006560.00000000,0.96000000,-0.19000000,-0.19000000,0.34000000,广发证券
2017-10-16,000776,101.96000000,101.96000000,103.59000000,101.50000000,375176,717207184.00000000,2.05000000,0.05000000,0.05000000,0.63000000,广发证券
2017-10-17,000776,101.87000000,100.61000000,102.10000000,100.56000000,314568,590748320.00000000,1.51000000,-1.32000000,-1.35000000,0.53000000,广发证券
2017-10-18,000776,100.70000000,100.05000000,100.94000000,99.07000000,390867,722709504.00000000,1.86000000,-0.56000000,-0.56000000,0.66000000,广发证券
2017-10-19,000776,99.86000000,98.14000000,99.91000000,98.05000000,322833,588684032.00000000,1.86000000,-1.91000000,-1.91000000,0.55000000,广发证券
2017-10-20,000776,98.05000000,98.33000000,98.42000000,97.95000000,170307,308990304.00000000,0.48000000,0.19000000,0.19000000,0.29000000,广发证券
2017-10-23,000776,98.28000000,97.53000000,98.33000000,97.02000000,246619,443728784.00000000,1.33000000,-0.81000000,-0.80000000,0.42000000,广发证券
2017-10-24,000776,97.49000000,98.84000000,99.21000000,97.39000000,377675,687396336.00000000,1.87000000,1.34000000,1.31000000,0.64000000,广发证券
2017-10-25,000776,98.75000000,99.68000000,99.82000000,98.42000000,269983,496251392.00000000,1.42000000,0.85000000,0.84000000,0.46000000,广发证券
2017-10-26,000776,99.40000000,99.35000000,100.75000000,98.84000000,357285,659301168.00000000,1.92000000,-0.33000000,-0.33000000,0.60000000,广发证券
2017-10-27,000776,99.45000000,98.23000000,99.72000000,98.14000000,240676,439480608.00000000,1.59000000,-1.13000000,-1.12000000,0.41000000,广发证券
2017-10-30,000776,98.47000000,97.26000000,98.65000000,95.90000000,391689,698269696.00000000,2.80000000,-0.99000000,-0.97000000,0.66000000,广发证券
2017-10-31,000776,96.74000000,96.28000000,96.93000000,95.81000000,266644,472894688.00000000,1.15000000,-1.01000000,-0.98000000,0.45000000,广发证券
2017-11-01,000776,96.14000000,96.18000000,97.44000000,96.14000000,290198,517244752.00000000,1.35000000,-0.10000000,-0.10000000,0.49000000,广发证券
2017-11-02,000776,96.42000000,96.70000000,96.98000000,94.79000000,415144,733352080.00000000,2.28000000,0.54000000,0.52000000,0.70000000,广发证券
2017-11-03,000776,96.51000000,95.76000000,96.51000000,95.07000000,256324,451540112.00000000,1.49000000,-0.97000000,-0.94000000,0.43000000,广发证券
2017-11-06,000776,95.81000000,95.16000000,95.90000000,94.69000000,269353,470942944.00000000,1.26000000,-0.63000000,-0.60000000,0.46000000,广发证券
2017-11-07,000776,95.21000000,97.07000000,97.53000000,95.21000000,505908,900803104.00000000,2.44000000,2.01000000,1.91000000,0.85000000,广发证券
2017-11-08,000776,97.21000000,98.84000000,100.75000000,96.46000000,694842,1270866800.00000000,4.42000000,1.82000000,1.77000000,1.17000000,广发证券
2017-11-09,000776,98.47000000,98.79000000,99.26000000,98.00000000,310353,565576528.00000000,1.27000000,-0.05000000,-0.05000000,0.52000000,广发证券
2017-11-10,000776,98.79000000,99.40000000,100.00000000,97.91000000,328643,602241888.00000000,2.12000000,0.62000000,0.61000000,0.56000000,广发证券
2017-11-13,000776,99.63000000,98.84000000,100.75000000,98.61000000,305002,563326560.00000000,2.15000000,-0.56000000,-0.56000000,0.52000000,广发证券
2017-11-14,000776,98.51000000,97.49000000,99.12000000,97.30000000,282606,511245984.00000000,1.84000000,-1.37000000,-1.35000000,0.48000000,广发证券
2017-11-15,000776,97.26000000,96.79000000,98.23000000,96.65000000,240021,431076208.00000000,1.62000000,-0.72000000,-0.70000000,0.41000000,广发证券
2017-11-16,000776,96.79000000,95.58000000,97.16000000,95.58000000,314305,557161424.00000000,1.63000000,-1.25000000,-1.21000000,0.53000000,广发证券
2017-11-17,000776,95.58000000,96.42000000,96.65000000,95.58000000,351711,623118512.00000000,1.12000000,0.88000000,0.84000000,0.59000000,广发证券
2017-11-20,000776,95.81000000,95.34000000,95.81000000,94.23000000,308827,538293488.00000000,1.64000000,-1.12000000,-1.08000000,0.52000000,广发证券
2017-11-21,000776,95.44000000,99.12000000,100.70000000,95.21000000,939652,1721548656.00000000,5.76000000,3.96000000,3.78000000,1.59000000,广发证券
2017-11-22,000776,99.45000000,99.49000000,100.47000000,98.75000000,675979,1246705200.00000000,1.74000000,0.37000000,0.37000000,1.14000000,广发证券
2017-11-23,000776,99.49000000,96.84000000,100.56000000,96.37000000,533880,974511520.00000000,4.21000000,-2.66000000,-2.65000000,0.90000000,广发证券
2017-11-24,000776,96.65000000,97.95000000,98.05000000,95.72000000,442546,790190960.00000000,2.41000000,1.15000000,1.11000000,0.75000000,广发证券
2017-11-27,000776,97.30000000,97.44000000,98.00000000,96.42000000,394793,707554256.00000000,1.61000000,-0.52000000,-0.51000000,0.67000000,广发证券
2017-11-28,000776,97.16000000,97.07000000,97.26000000,95.90000000,301428,536411472.00000000,1.40000000,-0.38000000,-0.37000000,0.51000000,广发证券
2017-11-29,000776,96.74000000,96.88000000,97.07000000,95.67000000,276543,490689744.00000000,1.44000000,-0.20000000,-0.19000000,0.47000000,广发证券
2017-11-30,000776,96.74000000,96.51000000,98.33000000,96.18000000,401251,720366064.00000000,2.22000000,-0.38000000,-0.37000000,0.68000000,广发证券
2017-12-01,000776,96.42000000,95.67000000,97.26000000,95.48000000,299418,530131872.00000000,1.84000000,-0.87000000,-0.84000000,0.51000000,广发证券
2017-12-04,000776,95.53000000,94.93000000,96.00000000,94.93000000,256537,449492960.00000000,1.12000000,-0.77000000,-0.74000000,0.43000000,广发证券
2017-12-05,000776,94.97000000,95.72000000,96.28000000,94.83000000,396951,698892576.00000000,1.53000000,0.83000000,0.79000000,0.67000000,广发证券
2017-12-06,000776,95.44000000,95.67000000,95.86000000,94.18000000,323323,564877344.00000000,1.76000000,-0.05000000,-0.05000000,0.55000000,广发证券
2017-12-07,000776,95.44000000,94.97000000,95.76000000,94.97000000,165191,289545552.00000000,0.83000000,-0.73000000,-0.70000000,0.28000000,广发证券
2017-12-08,000776,94.93000000,95.11000000,95.62000000,94.69000000,159034,278213904.00000000,0.98000000,0.15000000,0.14000000,0.27000000,广发证券
2017-12-11,000776,94.97000000,96.18000000,96.23000000,94.79000000,273021,479627808.00000000,1.51000000,1.13000000,1.07000000,0.46000000,广发证券
2017-12-12,000776,95.72000000,94.41000000,96.04000000,94.32000000,229254,400490544.00000000,1.79000000,-1.84000000,-1.77000000,0.39000000,广发证券
2017-12-13,000776,94.51000000,94.13000000,94.83000000,93.62000000,197068,340090400.00000000,1.28000000,-0.30000000,-0.28000000,0.33000000,广发证券
2017-12-14,000776,94.27000000,93.02000000,94.46000000,92.92000000,243132,415735744.00000000,1.64000000,-1.18000000,-1.11000000,0.41000000,广发证券
2017-12-15,000776,92.88000000,92.41000000,93.20000000,92.08000000,207938,352536016.00000000,1.20000000,-0.66000000,-0.61000000,0.35000000,广发证券
2017-12-18,000776,92.64000000,92.32000000,93.25000000,91.99000000,138633,234483473.00000000,1.36000000,-0.10000000,-0.09000000,0.23000000,广发证券
2017-12-19,000776,92.41000000,93.06000000,93.20000000,92.32000000,165966,281823392.00000000,0.95000000,0.80000000,0.74000000,0.28000000,广发证券
2017-12-20,000776,93.06000000,91.57000000,93.11000000,91.48000000,213779,359612608.00000000,1.75000000,-1.60000000,-1.49000000,0.36000000,广发证券
2017-12-21,000776,91.20000000,91.90000000,92.41000000,90.78000000,271591,455417904.00000000,1.78000000,0.36000000,0.33000000,0.46000000,广发证券
2017-12-22,000776,91.94000000,91.38000000,92.18000000,90.78000000,236949,394784320.00000000,1.52000000,-0.57000000,-0.52000000,0.40000000,广发证券
2017-12-25,000776,91.24000000,91.01000000,91.80000000,90.78000000,169513,282398560.00000000,1.12000000,-0.40000000,-0.37000000,0.29000000,广发证券
2017-12-26,000776,91.06000000,91.66000000,91.71000000,90.83000000,173105,288669200.00000000,0.97000000,0.71000000,0.65000000,0.29000000,广发证券
2017-12-27,000776,91.62000000,90.55000000,91.66000000,90.22000000,224761,373091712.00000000,1.57000000,-1.21000000,-1.11000000,0.38000000,广发证券
2017-12-28,000776,90.59000000,90.87000000,91.90000000,90.41000000,223915,372493008.00000000,1.65000000,0.35000000,0.32000000,0.38000000,广发证券
2017-12-29,000776,91.01000000,91.38000000,91.66000000,90.92000000,151871,253013555.00000000,0.81000000,0.56000000,0.51000000,0.26000000,广发证券
2018-01-02,000776,91.57000000,93.39000000,93.48000000,91.38000000,394532,668361312.00000000,2.30000000,2.20000000,2.01000000,0.67000000,广发证券
2018-01-03,000776,93.06000000,94.27000000,94.69000000,92.97000000,438158,756738624.00000000,1.84000000,0.94000000,0.88000000,0.74000000,广发证券
2018-01-04,000776,94.32000000,93.90000000,94.37000000,93.62000000,217812,375400112.00000000,0.80000000,-0.39000000,-0.37000000,0.37000000,广发证券
2018-01-05,000776,93.90000000,94.18000000,94.83000000,93.43000000,292793,506243312.00000000,1.49000000,0.30000000,0.28000000,0.49000000,广发证券
2018-01-08,000776,94.04000000,96.46000000,97.77000000,93.99000000,636612,1126259936.00000000,4.01000000,2.42000000,2.28000000,1.08000000,广发证券
2018-01-09,000776,96.46000000,95.86000000,97.44000000,95.39000000,351581,623377712.00000000,2.13000000,-0.62000000,-0.60000000,0.59000000,广发证券
2018-01-10,000776,96.37000000,96.51000000,97.30000000,95.48000000,380190,674966208.00000000,1.90000000,0.68000000,0.65000000,0.64000000,广发证券
2018-01-11,000776,96.37000000,95.53000000,96.37000000,95.07000000,257757,452832576.00000000,1.35000000,-1.02000000,-0.98000000,0.44000000,广发证券
2018-01-12,000776,95.67000000,95.81000000,96.65000000,95.39000000,213281,376572464.00000000,1.32000000,0.29000000,0.28000000,0.36000000,广发证券
2018-01-15,000776,95.76000000,95.48000000,96.42000000,94.69000000,358693,631888832.00000000,1.81000000,-0.34000000,-0.33000000,0.61000000,广发证券
2018-01-16,000776,95.30000000,97.63000000,97.63000000,95.21000000,416743,736458608.00000000,2.53000000,2.25000000,2.15000000,0.70000000,广发证券
2018-01-17,000776,98.37000000,100.94000000,103.08000000,98.37000000,1366367,2566121376.00000000,4.82000000,3.39000000,3.31000000,2.31000000,广发证券
2018-01-18,000776,101.77000000,101.26000000,103.36000000,100.89000000,794058,1504404944.00000000,2.45000000,0.32000000,0.32000000,1.34000000,广发证券
2018-01-19,000776,101.31000000,102.10000000,103.55000000,100.89000000,898088,1708276880.00000000,2.63000000,0.83000000,0.84000000,1.52000000,广发证券
2018-01-22,000776,101.45000000,101.68000000,102.43000000,100.84000000,520993,982529120.00000000,1.56000000,-0.41000000,-0.42000000,0.88000000,广发证券
2018-01-23,000776,101.73000000,102.66000000,103.08000000,101.59000000,641735,1222302592.00000000,1.47000000,0.96000000,0.98000000,1.08000000,广发证券
2018-01-24,000776,103.13000000,107.60000000,108.48000000,101.96000000,1433295,2829151760.00000000,6.35000000,4.81000000,4.94000000,2.42000000,广发证券
2018-01-25,000776,106.43000000,105.78000000,107.32000000,105.60000000,643812,1280419776.00000000,1.60000000,-1.69000000,-1.82000000,1.09000000,广发证券
2018-01-26,000776,105.69000000,106.20000000,107.60000000,105.36000000,612535,1218585440.00000000,2.12000000,0.40000000,0.42000000,1.03000000,广发证券
2018-01-29,000776,106.34000000,104.57000000,108.62000000,104.15000000,750118,1492520096.00000000,4.21000000,-1.53000000,-1.63000000,1.27000000,广发证券
2018-01-30,000776,104.52000000,102.43000000,105.22000000,102.19000000,578169,1115065232.00000000,2.90000000,-2.05000000,-2.14000000,0.98000000,广发证券
2018-01-31,000776,101.96000000,101.22000000,102.66000000,100.10000000,585024,1101215216.00000000,2.50000000,-1.18000000,-1.21000000,0.99000000,广发证券
2018-02-01,000776,101.63000000,100.47000000,101.96000000,99.31000000,762593,1421211984.00000000,2.62000000,-0.74000000,-0.75000000,1.29000000,广发证券
2018-02-02,000776,99.68000000,100.42000000,100.66000000,98.51000000,514879,949866192.00000000,2.14000000,-0.05000000,-0.05000000,0.87000000,广发证券
2018-02-05,000776,98.70000000,101.03000000,101.22000000,98.51000000,586455,1083686240.00000000,2.70000000,0.61000000,0.61000000,0.99000000,广发证券
2018-02-06,000776,99.26000000,97.12000000,100.05000000,96.93000000,794280,1445149488.00000000,3.09000000,-3.87000000,-3.91000000,1.34000000,广发证券
2018-02-07,000776,98.65000000,95.11000000,98.79000000,94.83000000,636451,1137785424.00000000,4.08000000,-2.07000000,-2.01000000,1.08000000,广发证券
2018-02-08,000776,94.74000000,93.90000000,95.53000000,93.34000000,422193,732445888.00000000,2.30000000,-1.27000000,-1.21000000,0.71000000,广发证券
2018-02-09,000776,91.99000000,88.96000000,92.27000000,86.17000000,886638,1428554784.00000000,6.50000000,-5.26000000,-4.94000000,1.50000000,广发证券
2018-02-12,000776,88.92000000,88.22000000,89.61000000,87.80000000,483266,775078864.00000000,2.03000000,-0.83000000,-0.74000000,0.82000000,广发证券
2018-02-13,000776,89.01000000,89.19000000,90.64000000,88.78000000,425605,694893280.00000000,2.11000000,1.10000000,0.97000000,0.72000000,广发证券
2018-02-14,000776,89.29000000,89.15000000,89.43000000,88.59000000,195803,316980656.00000000,0.94000000,-0.04000000,-0.04000000,0.33000000,广发证券
2018-02-22,000776,90.27000000,90.22000000,91.06000000,89.52000000,356021,585633424.00000000,1.73000000,1.20000000,1.07000000,0.60000000,广发证券
2018-02-23,000776,90.41000000,90.97000000,91.76000000,89.99000000,336094,557234592.00000000,1.96000000,0.83000000,0.75000000,0.57000000,广发证券
2018-02-26,000776,91.48000000,92.83000000,93.62000000,90.50000000,425090,713878736.00000000,3.43000000,2.04000000,1.86000000,0.72000000,广发证券
2018-02-27,000776,92.92000000,91.66000000,92.92000000,91.38000000,312528,524973984.00000000,1.66000000,-1.26000000,-1.17000000,0.53000000,广发证券
2018-02-28,000776,90.97000000,91.06000000,92.22000000,89.89000000,337397,559607520.00000000,2.54000000,-0.65000000,-0.60000000,0.57000000,广发证券
2018-03-01,000776,90.45000000,91.29000000,91.62000000,90.13000000,228867,379994048.00000000,1.64000000,0.25000000,0.23000000,0.39000000,广发证券
2018-03-02,000776,90.64000000,90.27000000,91.15000000,90.22000000,202226,333719888.00000000,1.02000000,-1.12000000,-1.02000000,0.34000000,广发证券
2018-03-05,000776,90.45000000,89.94000000,90.92000000,89.75000000,171629,281756000.00000000,1.30000000,-0.37000000,-0.33000000,0.29000000,广发证券
2018-03-06,000776,90.36000000,91.57000000,91.85000000,90.08000000,351357,583672432.00000000,1.97000000,1.81000000,1.63000000,0.59000000,广发证券
2018-03-07,000776,91.38000000,90.73000000,92.18000000,90.64000000,263781,440234144.00000000,1.68000000,-0.92000000,-0.84000000,0.45000000,广发证券
2018-03-08,000776,90.64000000,91.15000000,91.24000000,90.55000000,155378,257661220.00000000,0.76000000,0.46000000,0.42000000,0.26000000,广发证券
2018-03-09,000776,91.34000000,92.74000000,92.92000000,90.97000000,380123,638813824.00000000,2.14000000,1.74000000,1.59000000,0.64000000,广发证券
2018-03-12,000776,93.20000000,93.95000000,94.23000000,92.69000000,414550,710862272.00000000,1.66000000,1.30000000,1.21000000,0.70000000,广发证券
2018-03-13,000776,93.53000000,92.41000000,93.71000000,92.41000000,257001,437178608.00000000,1.38000000,-1.64000000,-1.54000000,0.43000000,广发证券
2018-03-14,000776,91.99000000,91.80000000,92.50000000,91.71000000,173202,291388224.00000000,0.85000000,-0.66000000,-0.61000000,0.29000000,广发证券
2018-03-15,000776,91.48000000,91.85000000,92.13000000,91.20000000,166142,277946976.00000000,1.01000000,0.05000000,0.05000000,0.28000000,广发证券
2018-03-16,000776,91.85000000,89.89000000,92.36000000,89.89000000,416413,692507344.00000000,2.69000000,-2.13000000,-1.96000000,0.70000000,广发证券
2018-03-19,000776,90.31000000,90.08000000,90.78000000,89.75000000,192772,316607648.00000000,1.15000000,0.21000000,0.19000000,0.33000000,广发证券
2018-03-20,000776,89.61000000,90.31000000,90.69000000,89.38000000,158874,259992334.00000000,1.45000000,0.26000000,0.23000000,0.27000000,广发证券
2018-03-21,000776,90.31000000,90.36000000,92.32000000,90.27000000,331189,552599888.00000000,2.27000000,0.06000000,0.05000000,0.56000000,广发证券
2018-03-22,000776,90.64000000,90.41000000,91.76000000,89.99000000,234512,388016976.00000000,1.96000000,0.06000000,0.05000000,0.40000000,广发证券
2018-03-23,000776,88.22000000,88.17000000,88.87000000,85.65000000,514453,815913488.00000000,3.56000000,-2.48000000,-2.24000000,0.87000000,广发证券
2018-03-26,000776,86.77000000,87.84000000,88.08000000,86.63000000,280420,442904032.00000000,1.64000000,-0.37000000,-0.33000000,0.47000000,广发证券
2018-03-27,000776,88.92000000,89.24000000,89.38000000,88.36000000,277096,447326752.00000000,1.16000000,1.59000000,1.40000000,0.47000000,广发证券
2018-03-28,000776,88.68000000,88.82000000,89.61000000,88.36000000,226148,365271696.00000000,1.40000000,-0.47000000,-0.42000000,0.38000000,广发证券
2018-03-29,000776,89.19000000,89.99000000,90.45000000,88.17000000,312096,509170240.00000000,2.57000000,1.32000000,1.17000000,0.53000000,广发证券
2018-03-30,000776,90.45000000,90.45000000,91.34000000,90.08000000,235232,388289424.00000000,1.40000000,0.51000000,0.46000000,0.40000000,广发证券
2018-04-02,000776,90.55000000,91.11000000,92.46000000,90.45000000,370981,620327184.00000000,2.22000000,0.73000000,0.66000000,0.63000000,广发证券
2018-04-03,000776,90.45000000,90.41000000,91.11000000,89.85000000,286773,472352736.00000000,1.38000000,-0.77000000,-0.70000000,0.48000000,广发证券
2018-04-04,000776,90.83000000,89.71000000,91.71000000,89.71000000,231130,382853104.00000000,2.21000000,-0.77000000,-0.70000000,0.39000000,广发证券
2018-04-09,000776,89.61000000,89.47000000,90.03000000,88.73000000,211379,343552160.00000000,1.45000000,-0.27000000,-0.24000000,0.36000000,广发证券
2018-04-10,000776,89.80000000,91.20000000,91.24000000,89.52000000,311934,515078512.00000000,1.92000000,1.93000000,1.73000000,0.53000000,广发证券
2018-04-11,000776,90.55000000,90.64000000,91.20000000,90.31000000,311968,515945936.00000000,0.98000000,-0.61000000,-0.56000000,0.53000000,广发证券
2018-04-12,000776,90.87000000,89.99000000,91.34000000,89.99000000,231862,383464640.00000000,1.49000000,-0.72000000,-0.65000000,0.39000000,广发证券
2018-04-13,000776,90.50000000,89.19000000,90.73000000,89.19000000,162694,265998572.00000000,1.71000000,-0.89000000,-0.80000000,0.27000000,广发证券
2018-04-16,000776,88.92000000,87.38000000,89.19000000,87.38000000,240435,384510880.00000000,2.03000000,-2.03000000,-1.81000000,0.41000000,广发证券
2018-04-17,000776,87.52000000,87.05000000,88.68000000,86.87000000,200078,318520080.00000000,2.07000000,-0.38000000,-0.33000000,0.34000000,广发证券
2018-04-18,000776,88.08000000,87.98000000,88.22000000,87.05000000,195099,309990304.00000000,1.34000000,1.07000000,0.93000000,0.33000000,广发证券
2018-04-19,000776,87.98000000,88.50000000,89.01000000,87.70000000,169456,272096592.00000000,1.49000000,0.59000000,0.52000000,0.29000000,广发证券
2018-04-20,000776,88.12000000,86.40000000,88.12000000,86.40000000,194447,306910048.00000000,1.94000000,-2.37000000,-2.10000000,0.33000000,广发证券
2018-04-23,000776,86.49000000,86.96000000,87.33000000,86.31000000,124418,195283018.00000000,1.18000000,0.65000000,0.56000000,0.21000000,广发证券
2018-04-24,000776,87.05000000,88.73000000,89.15000000,87.05000000,254910,409254496.00000000,2.41000000,2.04000000,1.77000000,0.43000000,广发证券
2018-04-25,000776,88.03000000,87.66000000,88.40000000,87.38000000,183141,291720128.00000000,1.15000000,-1.21000000,-1.07000000,0.31000000,广发证券
2018-04-26,000776,87.70000000,85.93000000,88.03000000,85.89000000,202777,318422432.00000000,2.44000000,-1.97000000,-1.73000000,0.34000000,广发证券
2018-04-27,000776,86.35000000,86.45000000,87.19000000,86.07000000,157208,245808799.00000000,1.30000000,0.61000000,0.52000000,0.27000000,广发证券
2018-05-02,000776,87.28000000,86.54000000,87.56000000,86.31000000,132367,207882762.00000000,1.45000000,0.10000000,0.09000000,0.22000000,广发证券
2018-05-03,000776,86.68000000,88.03000000,88.22000000,86.45000000,272668,432258464.00000000,2.05000000,1.72000000,1.49000000,0.46000000,广发证券
2018-05-04,000776,88.12000000,87.24000000,88.22000000,87.10000000,153415,243471548.00000000,1.27000000,-0.90000000,-0.79000000,0.26000000,广发证券
2018-05-07,000776,87.70000000,88.08000000,88.12000000,87.47000000,194612,309940016.00000000,0.75000000,0.96000000,0.84000000,0.33000000,广发证券
2018-05-08,000776,87.80000000,88.54000000,88.87000000,87.61000000,250585,401565696.00000000,1.43000000,0.52000000,0.46000000,0.42000000,广发证券
2018-05-09,000776,88.26000000,87.52000000,88.26000000,87.28000000,246502,390819776.00000000,1.11000000,-1.15000000,-1.02000000,0.42000000,广发证券
2018-05-10,000776,87.66000000,87.89000000,88.03000000,87.19000000,244207,387705888.00000000,0.96000000,0.42000000,0.37000000,0.41000000,广发证券
2018-05-11,000776,87.89000000,87.00000000,87.98000000,86.82000000,199685,315414272.00000000,1.32000000,-1.01000000,-0.89000000,0.34000000,广发证券
2018-05-14,000776,87.00000000,87.28000000,87.70000000,86.96000000,258717,409022432.00000000,0.85000000,0.32000000,0.28000000,0.44000000,广发证券
2018-05-15,000776,87.24000000,86.87000000,87.38000000,85.93000000,255520,399150112.00000000,1.66000000,-0.47000000,-0.41000000,0.43000000,广发证券
2018-05-16,000776,86.49000000,86.03000000,86.82000000,85.98000000,174723,272401296.00000000,0.97000000,-0.97000000,-0.84000000,0.30000000,广发证券
2018-05-17,000776,85.98000000,85.79000000,86.26000000,85.65000000,173191,268391092.00000000,0.71000000,-0.28000000,-0.24000000,0.29000000,广发证券
2018-05-18,000776,85.65000000,86.59000000,86.63000000,85.65000000,149328,232439580.00000000,1.14000000,0.93000000,0.80000000,0.25000000,广发证券
2018-05-21,000776,87.00000000,86.82000000,87.28000000,86.63000000,194419,305847376.00000000,0.75000000,0.27000000,0.23000000,0.33000000,广发证券
2018-05-22,000776,87.00000000,86.45000000,87.00000000,85.98000000,145713,227081033.00000000,1.17000000,-0.43000000,-0.37000000,0.25000000,广发证券
2018-05-23,000776,86.40000000,85.65000000,86.40000000,85.65000000,145908,226257517.00000000,0.87000000,-0.93000000,-0.80000000,0.25000000,广发证券
2018-05-24,000776,85.61000000,84.49000000,85.89000000,84.30000000,260280,399058848.00000000,1.86000000,-1.35000000,-1.16000000,0.44000000,广发证券
2018-05-25,000776,84.58000000,83.70000000,84.77000000,83.60000000,180254,272529008.00000000,1.38000000,-0.94000000,-0.79000000,0.30000000,广发证券
2018-05-28,000776,83.79000000,83.14000000,84.21000000,83.00000000,162658,244106807.00000000,1.45000000,-0.67000000,-0.56000000,0.27000000,广发证券
2018-05-29,000776,83.09000000,82.07000000,83.46000000,81.74000000,236670,349398544.00000000,2.07000000,-1.29000000,-1.07000000,0.40000000,广发证券
2018-05-30,000776,81.46000000,79.50000000,81.51000000,79.46000000,249265,356953312.00000000,2.50000000,-3.13000000,-2.57000000,0.42000000,广发证券
2018-05-31,000776,79.83000000,80.25000000,80.30000000,79.41000000,206233,293526528.00000000,1.12000000,0.94000000,0.75000000,0.35000000,广发证券
2018-06-01,000776,80.02000000,80.16000000,80.76000000,79.41000000,247660,352474352.00000000,1.68000000,-0.11000000,-0.09000000,0.42000000,广发证券
2018-06-04,000776,80.44000000,79.83000000,80.58000000,79.78000000,136174,194396682.00000000,1.00000000,-0.41000000,-0.33000000,0.23000000,广发证券
2018-06-05,000776,80.06000000,80.34000000,80.34000000,79.64000000,131091,186607971.00000000,0.88000000,0.64000000,0.51000000,0.22000000,广发证券
2018-06-06,000776,80.30000000,80.06000000,80.48000000,79.78000000,147121,209808271.00000000,0.87000000,-0.35000000,-0.28000000,0.25000000,广发证券
2018-06-07,000776,80.53000000,80.76000000,81.79000000,80.25000000,283042,409604064.00000000,1.92000000,0.87000000,0.70000000,0.48000000,广发证券
2018-06-08,000776,80.39000000,79.46000000,80.67000000,79.18000000,190076,269394016.00000000,1.84000000,-1.61000000,-1.30000000,0.32000000,广发证券
2018-06-11,000776,79.13000000,79.46000000,79.97000000,79.04000000,106233,150126042.00000000,1.17000000,0.00000000,0.00000000,0.18000000,广发证券
2018-06-12,000776,79.64000000,79.74000000,79.83000000,79.13000000,120471,170413005.00000000,0.88000000,0.35000000,0.28000000,0.20000000,广发证券
2018-06-13,000776,79.60000000,78.62000000,79.69000000,78.62000000,142228,199897708.00000000,1.34000000,-1.40000000,-1.12000000,0.24000000,广发证券
2018-06-14,000776,78.48000000,78.66000000,79.27000000,78.43000000,130316,182150345.00000000,1.07000000,0.05000000,0.04000000,0.22000000,广发证券
2018-06-15,000776,78.76000000,78.48000000,78.94000000,77.64000000,215852,299471488.00000000,1.65000000,-0.23000000,-0.18000000,0.36000000,广发证券
2018-06-19,000776,77.87000000,77.73000000,78.43000000,72.28000000,491242,653258032.00000000,7.84000000,-0.96000000,-0.75000000,0.83000000,广发证券
2018-06-20,000776,75.73000000,76.34000000,77.45000000,74.33000000,271851,361496080.00000000,4.01000000,-1.79000000,-1.39000000,0.46000000,广发证券
2018-06-21,000776,76.10000000,74.70000000,76.20000000,74.33000000,190493,251637080.00000000,2.45000000,-2.15000000,-1.64000000,0.32000000,广发证券
2018-06-22,000776,74.19000000,74.84000000,75.12000000,73.54000000,150259,196172274.00000000,2.12000000,0.19000000,0.14000000,0.25000000,广发证券
2018-06-25,000776,75.22000000,74.52000000,75.22000000,73.87000000,186640,243292013.00000000,1.80000000,-0.43000000,-0.32000000,0.32000000,广发证券
2018-06-26,000776,73.68000000,74.47000000,74.52000000,72.93000000,190999,246977965.00000000,2.13000000,-0.07000000,-0.05000000,0.32000000,广发证券
2018-06-27,000776,74.33000000,74.56000000,74.66000000,73.54000000,182149,236439192.00000000,1.50000000,0.12000000,0.09000000,0.31000000,广发证券
2018-06-28,000776,74.19000000,74.47000000,76.10000000,74.10000000,229197,302060128.00000000,2.68000000,-0.12000000,-0.09000000,0.39000000,广发证券
2018-06-29,000776,74.52000000,75.50000000,75.64000000,74.29000000,195052,257393355.00000000,1.81000000,1.38000000,1.03000000,0.33000000,广发证券
2018-07-02,000776,75.45000000,75.40000000,75.45000000,73.77000000,325297,425965840.00000000,2.23000000,-0.13000000,-0.10000000,0.55000000,广发证券
2018-07-03,000776,74.80000000,75.82000000,76.06000000,74.33000000,268299,354225216.00000000,2.29000000,0.56000000,0.42000000,0.45000000,广发证券
2018-07-04,000776,75.54000000,75.54000000,75.73000000,74.56000000,227738,300952352.00000000,1.54000000,-0.37000000,-0.28000000,0.38000000,广发证券
2018-07-05,000776,75.22000000,75.08000000,75.87000000,74.75000000,203202,268408486.00000000,1.48000000,-0.61000000,-0.46000000,0.34000000,广发证券
2018-07-06,000776,74.89000000,74.84000000,75.87000000,73.77000000,205009,269504304.00000000,2.80000000,-0.32000000,-0.24000000,0.35000000,广发证券
2018-07-09,000776,74.89000000,75.68000000,76.01000000,74.89000000,189390,251596703.00000000,1.50000000,1.12000000,0.84000000,0.32000000,广发证券
2018-07-10,000776,75.59000000,75.68000000,76.06000000,75.36000000,131067,174308387.00000000,0.92000000,0.00000000,0.00000000,0.22000000,广发证券
2018-07-11,000776,74.47000000,74.47000000,74.94000000,73.96000000,184455,240735586.00000000,1.29000000,-1.60000000,-1.21000000,0.31000000,广发证券
2018-07-12,000776,74.47000000,75.54000000,75.96000000,74.43000000,221167,293067584.00000000,2.05000000,1.44000000,1.07000000,0.37000000,广发证券
2018-07-13,000776,75.45000000,74.89000000,75.54000000,74.84000000,172387,227049401.00000000,0.93000000,-0.86000000,-0.65000000,0.29000000,广发证券
2018-07-16,000776,74.89000000,74.66000000,75.12000000,74.43000000,85421,111871410.00000000,0.92000000,-0.31000000,-0.23000000,0.14000000,广发证券
2018-07-17,000776,74.70000000,74.38000000,74.70000000,74.15000000,89127,116034639.00000000,0.74000000,-0.38000000,-0.28000000,0.15000000,广发证券
2018-07-18,000776,74.43000000,73.87000000,74.70000000,73.87000000,98419,128015033.00000000,1.12000000,-0.69000000,-0.51000000,0.17000000,广发证券
2018-07-19,000776,73.91000000,74.01000000,74.47000000,73.40000000,109300,141041595.00000000,1.45000000,0.19000000,0.14000000,0.18000000,广发证券
2018-07-20,000776,73.77000000,75.40000000,75.96000000,73.49000000,288541,380297552.00000000,3.34000000,1.88000000,1.39000000,0.49000000,广发证券
2018-07-23,000776,74.94000000,75.96000000,76.20000000,74.61000000,275217,365220752.00000000,2.11000000,0.74000000,0.56000000,0.46000000,广发证券
2018-07-24,000776,75.96000000,77.17000000,78.11000000,75.73000000,452694,618058800.00000000,3.13000000,1.59000000,1.21000000,0.76000000,广发证券
2018-07-25,000776,76.99000000,76.89000000,77.36000000,76.71000000,167759,228046836.00000000,0.84000000,-0.36000000,-0.28000000,0.28000000,广发证券
2018-07-26,000776,77.17000000,76.66000000,77.41000000,76.24000000,180834,244728652.00000000,1.52000000,-0.30000000,-0.23000000,0.31000000,广发证券
2018-07-27,000776,76.57000000,76.38000000,76.66000000,76.01000000,112970,151911505.00000000,0.85000000,-0.37000000,-0.28000000,0.19000000,广发证券
2018-07-30,000776,76.34000000,76.10000000,76.85000000,75.73000000,126232,169391086.00000000,1.47000000,-0.37000000,-0.28000000,0.21000000,广发证券
2018-07-31,000776,76.06000000,76.06000000,76.48000000,75.82000000,65772,88134005.00000000,0.87000000,-0.05000000,-0.04000000,0.11000000,广发证券
2018-08-01,000776,76.20000000,75.40000000,76.75000000,75.08000000,166459,222092582.00000000,2.20000000,-0.87000000,-0.66000000,0.28000000,广发证券
2018-08-02,000776,75.22000000,74.24000000,75.26000000,72.93000000,239393,309462432.00000000,3.09000000,-1.54000000,-1.16000000,0.40000000,广发证券
2018-08-03,000776,73.96000000,73.96000000,74.33000000,73.45000000,107272,138621954.00000000,1.19000000,-0.38000000,-0.28000000,0.18000000,广发证券
2018-08-06,000776,74.05000000,73.31000000,74.52000000,72.61000000,186367,239157062.00000000,2.58000000,-0.88000000,-0.65000000,0.31000000,广发证券
2018-08-07,000776,73.35000000,75.36000000,75.50000000,72.98000000,226802,294531584.00000000,3.44000000,2.80000000,2.05000000,0.38000000,广发证券
2018-08-08,000776,75.03000000,75.03000000,75.26000000,74.66000000,159112,209289300.00000000,0.80000000,-0.44000000,-0.33000000,0.27000000,广发证券
2018-08-09,000776,75.12000000,75.82000000,76.20000000,74.89000000,130328,173685862.00000000,1.75000000,1.05000000,0.79000000,0.22000000,广发证券
2018-08-10,000776,75.50000000,75.68000000,76.10000000,75.45000000,69574,92699053.00000000,0.86000000,-0.18000000,-0.14000000,0.12000000,广发证券
2018-08-13,000776,75.31000000,75.64000000,75.73000000,74.70000000,121300,159918591.00000000,1.36000000,-0.05000000,-0.04000000,0.20000000,广发证券
2018-08-14,000776,75.31000000,75.54000000,75.59000000,74.98000000,130661,172796613.00000000,0.81000000,-0.13000000,-0.10000000,0.22000000,广发证券
2018-08-15,000776,75.73000000,75.50000000,75.73000000,74.94000000,165528,212295190.00000000,1.05000000,-0.05000000,-0.04000000,0.28000000,广发证券
2018-08-16,000776,74.98000000,76.75000000,76.89000000,74.52000000,208903,271008736.00000000,3.14000000,1.66000000,1.25000000,0.35000000,广发证券
2018-08-17,000776,76.85000000,76.99000000,77.13000000,76.20000000,203838,267702903.00000000,1.21000000,0.31000000,0.24000000,0.34000000,广发证券
2018-08-20,000776,76.71000000,77.92000000,77.92000000,76.52000000,208532,277032032.00000000,1.82000000,1.21000000,0.93000000,0.35000000,广发证券
2018-08-21,000776,77.92000000,77.78000000,78.62000000,77.50000000,192479,258538917.00000000,1.44000000,-0.18000000,-0.14000000,0.33000000,广发证券
2018-08-22,000776,77.78000000,77.97000000,78.20000000,77.27000000,113654,151984040.00000000,1.20000000,0.24000000,0.19000000,0.19000000,广发证券
2018-08-23,000776,77.92000000,78.11000000,78.66000000,77.50000000,122653,164904805.00000000,1.49000000,0.18000000,0.14000000,0.21000000,广发证券
2018-08-24,000776,77.92000000,78.85000000,79.08000000,77.50000000,138074,186304768.00000000,2.02000000,0.95000000,0.74000000,0.23000000,广发证券
2018-08-27,000776,78.80000000,79.13000000,79.36000000,78.62000000,130341,177733805.00000000,0.94000000,0.36000000,0.28000000,0.22000000,广发证券
2018-08-28,000776,79.18000000,78.71000000,79.27000000,78.66000000,89063,121093012.00000000,0.77000000,-0.53000000,-0.42000000,0.15000000,广发证券
2018-08-29,000776,78.66000000,78.66000000,78.76000000,77.97000000,94847,127797006.00000000,1.00000000,-0.06000000,-0.05000000,0.16000000,广发证券
2018-08-30,000776,78.15000000,78.39000000,78.53000000,77.59000000,129411,173941924.00000000,1.20000000,-0.34000000,-0.27000000,0.22000000,广发证券
2018-08-31,000776,78.11000000,78.39000000,78.48000000,77.73000000,123927,166545960.00000000,0.96000000,0.00000000,0.00000000,0.21000000,广发证券
2018-09-03,000776,78.20000000,78.39000000,78.43000000,77.59000000,76803,103103662.00000000,1.07000000,0.00000000,0.00000000,0.13000000,广发证券
2018-09-04,000776,78.39000000,78.39000000,78.71000000,77.78000000,77539,104530983.00000000,1.19000000,0.00000000,0.00000000,0.13000000,广发证券
2018-09-05,000776,78.43000000,78.15000000,78.43000000,77.64000000,100707,135065887.00000000,1.01000000,-0.31000000,-0.24000000,0.17000000,广发证券
2018-09-06,000776,77.87000000,77.97000000,78.15000000,77.59000000,72270,96645623.00000000,0.72000000,-0.23000000,-0.18000000,0.12000000,广发证券
2018-09-07,000776,77.87000000,77.97000000,78.34000000,77.59000000,63839,85510725.00000000,0.96000000,0.00000000,0.00000000,0.11000000,广发证券
2018-09-10,000776,77.45000000,77.50000000,77.87000000,76.24000000,142796,188560491.00000000,2.09000000,-0.60000000,-0.47000000,0.24000000,广发证券
2018-09-11,000776,77.13000000,77.08000000,77.41000000,76.80000000,57503,76033981.00000000,0.79000000,-0.54000000,-0.42000000,0.10000000,广发证券
2018-09-12,000776,77.08000000,76.85000000,77.50000000,76.71000000,52733,69756350.00000000,1.02000000,-0.30000000,-0.23000000,0.09000000,广发证券
2018-09-13,000776,77.36000000,77.55000000,77.83000000,76.89000000,79827,105957877.00000000,1.22000000,0.91000000,0.70000000,0.13000000,广发证券
2018-09-14,000776,77.59000000,77.55000000,77.83000000,77.41000000,52478,69911951.00000000,0.54000000,0.00000000,0.00000000,0.09000000,广发证券
2018-09-17,000776,77.55000000,77.27000000,77.59000000,76.85000000,53450,70649186.00000000,0.95000000,-0.36000000,-0.28000000,0.09000000,广发证券
2018-09-18,000776,76.80000000,77.69000000,77.83000000,76.80000000,70052,93022403.00000000,1.33000000,0.54000000,0.42000000,0.12000000,广发证券
2018-09-19,000776,77.36000000,77.97000000,78.62000000,77.36000000,94868,127454867.00000000,1.62000000,0.36000000,0.28000000,0.16000000,广发证券
2018-09-20,000776,77.97000000,78.29000000,78.34000000,77.78000000,73949,99240581.00000000,0.72000000,0.41000000,0.32000000,0.12000000,广发证券
2018-09-21,000776,78.25000000,79.36000000,79.41000000,77.97000000,157021,213540741.00000000,1.84000000,1.37000000,1.07000000,0.27000000,广发证券
2018-09-25,000776,78.85000000,79.36000000,79.36000000,78.39000000,138032,187612320.00000000,1.22000000,0.00000000,0.00000000,0.23000000,广发证券
2018-09-26,000776,79.22000000,79.83000000,80.06000000,78.90000000,145341,199979878.00000000,1.46000000,0.59000000,0.47000000,0.25000000,广发证券
2018-09-27,000776,79.60000000,79.74000000,79.83000000,79.22000000,108512,149011720.00000000,0.76000000,-0.11000000,-0.09000000,0.18000000,广发证券
2018-09-28,000776,79.69000000,80.06000000,80.34000000,79.41000000,141469,195323454.00000000,1.17000000,0.40000000,0.32000000,0.24000000,广发证券
2018-10-08,000776,78.48000000,78.85000000,79.27000000,78.20000000,129169,174923896.00000000,1.34000000,-1.51000000,-1.21000000,0.22000000,广发证券
2018-10-09,000776,78.53000000,78.76000000,78.76000000,78.20000000,101318,136885179.00000000,0.71000000,-0.11000000,-0.09000000,0.17000000,广发证券
2018-10-10,000776,78.71000000,78.80000000,78.85000000,77.64000000,139442,188182901.00000000,1.54000000,0.05000000,0.04000000,0.24000000,广发证券
2018-10-11,000776,77.50000000,76.89000000,77.73000000,74.94000000,253448,331107984.00000000,3.54000000,-2.42000000,-1.91000000,0.43000000,广发证券
2018-10-12,000776,76.06000000,75.08000000,76.34000000,75.08000000,135671,175264103.00000000,1.64000000,-2.35000000,-1.81000000,0.23000000,广发证券
2018-10-15,000776,75.54000000,73.07000000,75.54000000,73.03000000,145337,183702317.00000000,3.34000000,-2.68000000,-2.01000000,0.25000000,广发证券
2018-10-16,000776,73.07000000,69.67000000,73.49000000,69.16000000,254433,303600448.00000000,5.93000000,-4.65000000,-3.40000000,0.43000000,广发证券
2018-10-17,000776,70.05000000,69.30000000,70.65000000,68.04000000,192640,222641374.00000000,3.75000000,-0.53000000,-0.37000000,0.33000000,广发证券
2018-10-18,000776,69.11000000,66.55000000,69.11000000,66.41000000,343358,381366384.00000000,3.90000000,-3.97000000,-2.75000000,0.58000000,广发证券
2018-10-19,000776,65.53000000,66.97000000,67.72000000,64.97000000,551592,600855440.00000000,4.13000000,0.63000000,0.42000000,0.93000000,广发证券
2018-10-22,000776,68.18000000,72.10000000,72.10000000,67.81000000,1021385,1217722960.00000000,6.41000000,7.66000000,5.13000000,1.73000000,广发证券
2018-10-23,000776,73.54000000,71.30000000,74.24000000,70.14000000,1184543,1455423760.00000000,5.69000000,-1.11000000,-0.80000000,2.00000000,广发证券
2018-10-24,000776,70.51000000,71.72000000,73.31000000,68.93000000,972374,1158673280.00000000,6.14000000,0.59000000,0.42000000,1.64000000,广发证券
2018-10-25,000776,69.58000000,72.75000000,72.98000000,69.11000000,631045,752983920.00000000,5.40000000,1.44000000,1.03000000,1.07000000,广发证券
2018-10-26,000776,72.93000000,70.93000000,73.07000000,70.51000000,582290,701188160.00000000,3.52000000,-2.50000000,-1.82000000,0.98000000,广发证券
2018-10-29,000776,70.51000000,70.32000000,71.72000000,69.63000000,316984,375289552.00000000,2.95000000,-0.86000000,-0.61000000,0.54000000,广发证券
2018-10-30,000776,70.37000000,72.98000000,74.43000000,69.25000000,736310,898367216.00000000,7.37000000,3.78000000,2.66000000,1.24000000,广发证券
2018-10-31,000776,72.42000000,73.35000000,74.94000000,71.96000000,545552,676624832.00000000,4.08000000,0.51000000,0.37000000,0.92000000,广发证券
2018-11-01,000776,74.01000000,74.70000000,77.41000000,73.82000000,831952,1075044832.00000000,4.89000000,1.84000000,1.35000000,1.41000000,广发证券
2018-11-02,000776,76.10000000,77.03000000,77.13000000,75.12000000,601740,785254448.00000000,2.69000000,3.12000000,2.33000000,1.02000000,广发证券
2018-11-05,000776,76.57000000,76.06000000,76.94000000,75.08000000,482865,627169712.00000000,2.41000000,-1.26000000,-0.97000000,0.82000000,广发证券
2018-11-06,000776,76.34000000,76.10000000,77.17000000,75.22000000,337248,439017904.00000000,2.56000000,0.05000000,0.04000000,0.57000000,广发证券
2018-11-07,000776,75.82000000,74.94000000,75.82000000,74.70000000,403839,515914720.00000000,1.47000000,-1.52000000,-1.16000000,0.68000000,广发证券
2018-11-08,000776,75.54000000,74.24000000,75.68000000,74.24000000,305670,388984464.00000000,1.92000000,-0.93000000,-0.70000000,0.52000000,广发证券
2018-11-09,000776,74.01000000,74.24000000,74.84000000,73.68000000,211737,266957565.00000000,1.56000000,0.00000000,0.00000000,0.36000000,广发证券
2018-11-12,000776,74.15000000,75.64000000,75.82000000,74.05000000,286007,366731328.00000000,2.38000000,1.89000000,1.40000000,0.48000000,广发证券
2018-11-13,000776,74.80000000,76.71000000,77.73000000,74.61000000,486351,634784528.00000000,4.12000000,1.41000000,1.07000000,0.82000000,广发证券
2018-11-14,000776,76.43000000,75.78000000,77.27000000,75.78000000,323161,422777696.00000000,1.94000000,-1.21000000,-0.93000000,0.55000000,广发证券
2018-11-15,000776,75.64000000,77.59000000,78.15000000,75.59000000,505923,668568928.00000000,3.38000000,2.39000000,1.81000000,0.85000000,广发证券
2018-11-16,000776,77.55000000,80.20000000,81.32000000,77.45000000,698172,961685024.00000000,4.99000000,3.36000000,2.61000000,1.18000000,广发证券
2018-11-19,000776,80.53000000,82.11000000,82.77000000,79.83000000,566349,804890384.00000000,3.67000000,2.38000000,1.91000000,0.96000000,广发证券
2018-11-20,000776,81.69000000,79.32000000,82.30000000,79.27000000,491666,687972752.00000000,3.69000000,-3.40000000,-2.79000000,0.83000000,广发证券
2018-11-21,000776,78.90000000,79.69000000,80.06000000,78.20000000,284235,389211136.00000000,2.34000000,0.47000000,0.37000000,0.48000000,广发证券
2018-11-22,000776,79.88000000,78.43000000,80.06000000,77.97000000,303608,411923232.00000000,2.62000000,-1.58000000,-1.26000000,0.51000000,广发证券
2018-11-23,000776,78.34000000,77.08000000,79.60000000,76.61000000,279164,372550224.00000000,3.81000000,-1.72000000,-1.35000000,0.47000000,广发证券
2018-11-26,000776,77.03000000,76.94000000,77.69000000,76.66000000,157603,208314192.00000000,1.34000000,-0.18000000,-0.14000000,0.27000000,广发证券
2018-11-27,000776,77.64000000,76.61000000,77.69000000,76.34000000,147055,194156572.00000000,1.75000000,-0.43000000,-0.33000000,0.25000000,广发证券
2018-11-28,000776,76.52000000,78.29000000,78.43000000,76.34000000,273532,364835968.00000000,2.73000000,2.19000000,1.68000000,0.46000000,广发证券
2018-11-29,000776,78.66000000,77.03000000,79.41000000,76.89000000,245387,330117664.00000000,3.22000000,-1.61000000,-1.26000000,0.41000000,广发证券
2018-11-30,000776,76.75000000,78.34000000,78.62000000,76.66000000,166347,221686107.00000000,2.54000000,1.70000000,1.31000000,0.28000000,广发证券
2018-12-03,000776,80.99000000,80.06000000,82.16000000,79.88000000,473916,664998000.00000000,2.91000000,2.20000000,1.72000000,0.80000000,广发证券
2018-12-04,000776,79.97000000,80.67000000,80.99000000,79.74000000,236174,329276944.00000000,1.56000000,0.76000000,0.61000000,0.40000000,广发证券
2018-12-05,000776,79.78000000,79.78000000,80.67000000,79.36000000,202913,280610032.00000000,1.62000000,-1.10000000,-0.89000000,0.34000000,广发证券
2018-12-06,000776,79.41000000,77.92000000,79.41000000,77.73000000,199160,268830880.00000000,2.11000000,-2.33000000,-1.86000000,0.34000000,广发证券
2018-12-07,000776,78.39000000,78.01000000,78.53000000,77.78000000,119421,160461207.00000000,0.96000000,0.12000000,0.09000000,0.20000000,广发证券
2018-12-10,000776,77.50000000,76.24000000,77.73000000,76.15000000,242726,318630608.00000000,2.03000000,-2.27000000,-1.77000000,0.41000000,广发证券
2018-12-11,000776,76.61000000,76.80000000,76.85000000,76.29000000,129030,169048080.00000000,0.73000000,0.73000000,0.56000000,0.22000000,广发证券
2018-12-12,000776,76.99000000,77.13000000,77.87000000,76.80000000,134991,179009103.00000000,1.39000000,0.43000000,0.33000000,0.23000000,广发证券
2018-12-13,000776,77.50000000,77.83000000,78.48000000,77.03000000,203200,272161984.00000000,1.88000000,0.91000000,0.70000000,0.34000000,广发证券
2018-12-14,000776,77.78000000,76.24000000,77.78000000,76.10000000,177713,233823161.00000000,2.16000000,-2.04000000,-1.59000000,0.30000000,广发证券
2018-12-17,000776,75.82000000,76.75000000,76.75000000,75.64000000,147117,191771753.00000000,1.46000000,0.67000000,0.51000000,0.25000000,广发证券
2018-12-18,000776,76.24000000,75.82000000,77.03000000,75.36000000,157078,204499219.00000000,2.18000000,-1.21000000,-0.93000000,0.27000000,广发证券
2018-12-19,000776,75.92000000,75.45000000,76.29000000,75.40000000,102634,132549901.00000000,1.17000000,-0.49000000,-0.37000000,0.17000000,广发证券
2018-12-20,000776,75.26000000,75.31000000,75.82000000,74.38000000,173571,222428774.00000000,1.91000000,-0.19000000,-0.14000000,0.29000000,广发证券
2018-12-21,000776,74.84000000,74.05000000,75.12000000,73.12000000,210295,263340257.00000000,2.66000000,-1.67000000,-1.26000000,0.36000000,广发证券
2018-12-24,000776,73.59000000,73.77000000,74.61000000,73.31000000,158107,198384289.00000000,1.76000000,-0.38000000,-0.28000000,0.27000000,广发证券
2018-12-25,000776,73.07000000,73.49000000,73.77000000,71.96000000,202914,250418026.00000000,2.45000000,-0.38000000,-0.28000000,0.34000000,广发证券
2018-12-26,000776,73.40000000,72.84000000,73.77000000,72.56000000,124334,153470685.00000000,1.65000000,-0.88000000,-0.65000000,0.21000000,广发证券
2018-12-27,000776,73.96000000,73.35000000,74.33000000,73.35000000,175362,219402981.00000000,1.35000000,0.70000000,0.51000000,0.30000000,广发证券
2018-12-28,000776,73.45000000,74.61000000,75.31000000,73.45000000,173242,219679535.00000000,2.54000000,1.72000000,1.26000000,0.29000000,广发证券
2019-01-02,000776,74.70000000,72.56000000,74.94000000,72.14000000,327774,403390624.00000000,3.75000000,-2.75000000,-2.05000000,0.55000000,广发证券
2019-01-03,000776,72.38000000,72.98000000,74.98000000,72.38000000,303448,378568800.00000000,3.58000000,0.58000000,0.42000000,0.51000000,广发证券
2019-01-04,000776,72.38000000,77.13000000,77.87000000,72.19000000,577780,747017744.00000000,7.78000000,5.69000000,4.15000000,0.98000000,广发证券
2019-01-07,000776,77.27000000,77.69000000,78.20000000,76.20000000,403051,535035200.00000000,2.59000000,0.73000000,0.56000000,0.68000000,广发证券
2019-01-08,000776,77.27000000,77.41000000,78.71000000,76.80000000,222199,296313264.00000000,2.46000000,-0.36000000,-0.28000000,0.38000000,广发证券
2019-01-09,000776,77.41000000,78.20000000,79.55000000,77.13000000,369604,499910720.00000000,3.13000000,1.02000000,0.79000000,0.62000000,广发证券
2019-01-10,000776,77.97000000,77.13000000,78.66000000,77.03000000,226343,302448928.00000000,2.08000000,-1.37000000,-1.07000000,0.38000000,广发证券
2019-01-11,000776,77.41000000,78.01000000,78.25000000,76.99000000,162110,216635310.00000000,1.63000000,1.14000000,0.88000000,0.27000000,广发证券
2019-01-14,000776,78.39000000,77.73000000,78.71000000,77.45000000,132214,176811175.00000000,1.62000000,-0.36000000,-0.28000000,0.22000000,广发证券
2019-01-15,000776,77.97000000,79.60000000,79.92000000,77.92000000,351999,480946656.00000000,2.57000000,2.41000000,1.87000000,0.59000000,广发证券
2019-01-16,000776,79.83000000,79.60000000,80.11000000,79.04000000,206485,284330544.00000000,1.34000000,0.00000000,0.00000000,0.35000000,广发证券
2019-01-17,000776,79.60000000,78.85000000,80.06000000,78.48000000,185143,253014942.00000000,1.98000000,-0.94000000,-0.75000000,0.31000000,广发证券
2019-01-18,000776,79.13000000,79.88000000,80.11000000,78.90000000,183608,252819590.00000000,1.53000000,1.31000000,1.03000000,0.31000000,广发证券
2019-01-21,000776,79.83000000,78.34000000,80.39000000,77.50000000,430705,584300752.00000000,3.62000000,-1.93000000,-1.54000000,0.73000000,广发证券
2019-01-22,000776,78.06000000,76.57000000,78.43000000,76.34000000,421540,558282800.00000000,2.67000000,-2.26000000,-1.77000000,0.71000000,广发证券
2019-01-23,000776,76.71000000,76.57000000,77.13000000,76.10000000,186616,244799740.00000000,1.35000000,0.00000000,0.00000000,0.32000000,广发证券
2019-01-24,000776,76.99000000,77.59000000,78.43000000,76.66000000,337738,448632992.00000000,2.31000000,1.33000000,1.02000000,0.57000000,广发证券
2019-01-25,000776,77.50000000,77.45000000,78.29000000,77.17000000,234634,314202144.00000000,1.44000000,-0.18000000,-0.14000000,0.40000000,广发证券
2019-01-28,000776,78.06000000,75.82000000,78.80000000,75.54000000,530533,697663168.00000000,4.21000000,-2.10000000,-1.63000000,0.90000000,广发证券
2019-01-29,000776,75.50000000,74.94000000,75.68000000,74.43000000,442181,563571152.00000000,1.65000000,-1.16000000,-0.88000000,0.75000000,广发证券
2019-01-30,000776,74.70000000,74.10000000,75.36000000,74.05000000,284849,361478560.00000000,1.75000000,-1.12000000,-0.84000000,0.48000000,广发证券
2019-01-31,000776,74.33000000,74.66000000,75.54000000,73.87000000,443424,562141008.00000000,2.25000000,0.76000000,0.56000000,0.75000000,广发证券
2019-02-01,000776,75.36000000,75.96000000,75.96000000,75.03000000,511569,659207264.00000000,1.25000000,1.74000000,1.30000000,0.86000000,广发证券
2019-02-11,000776,75.96000000,77.36000000,77.41000000,75.64000000,447963,585859760.00000000,2.33000000,1.84000000,1.40000000,0.76000000,广发证券
2019-02-12,000776,77.17000000,77.50000000,78.15000000,76.89000000,462528,615209632.00000000,1.63000000,0.18000000,0.14000000,0.78000000,广发证券
2019-02-13,000776,77.50000000,79.78000000,80.11000000,77.17000000,791398,1077300160.00000000,3.79000000,2.94000000,2.28000000,1.34000000,广发证券
2019-02-14,000776,79.78000000,80.58000000,81.27000000,79.55000000,696016,970746992.00000000,2.16000000,1.00000000,0.80000000,1.18000000,广发证券
2019-02-15,000776,80.39000000,79.64000000,80.99000000,79.50000000,518588,720718528.00000000,1.85000000,-1.17000000,-0.94000000,0.88000000,广发证券
2019-02-18,000776,80.34000000,83.37000000,83.60000000,80.11000000,823828,1172098976.00000000,4.38000000,4.68000000,3.73000000,1.39000000,广发证券
2019-02-19,000776,83.56000000,84.12000000,86.31000000,83.00000000,935289,1384296768.00000000,3.97000000,0.90000000,0.75000000,1.58000000,广发证券
2019-02-20,000776,84.12000000,84.72000000,85.42000000,83.28000000,569216,840583360.00000000,2.54000000,0.71000000,0.60000000,0.96000000,广发证券
2019-02-21,000776,83.93000000,84.72000000,87.52000000,83.28000000,1025976,1534614448.00000000,5.00000000,0.00000000,0.00000000,1.73000000,广发证券
2019-02-22,000776,85.19000000,91.38000000,91.48000000,83.70000000,1648369,2545716160.00000000,9.18000000,7.86000000,6.66000000,2.78000000,广发证券
2019-02-25,000776,94.18000000,98.98000000,98.98000000,92.88000000,2209525,3822444960.00000000,6.68000000,8.32000000,7.60000000,3.73000000,广发证券
2019-02-26,000776,100.10000000,96.46000000,101.91000000,96.32000000,2005903,3585542080.00000000,5.65000000,-2.55000000,-2.52000000,3.39000000,广发证券
2019-02-27,000776,95.95000000,94.79000000,97.91000000,93.06000000,1261771,2163518544.00000000,5.03000000,-1.73000000,-1.67000000,2.13000000,广发证券
2019-02-28,000776,94.41000000,92.36000000,94.41000000,91.62000000,747308,1239380912.00000000,2.94000000,-2.56000000,-2.43000000,1.26000000,广发证券
2019-03-01,000776,93.11000000,94.27000000,95.39000000,92.27000000,901926,1513940496.00000000,3.38000000,2.07000000,1.91000000,1.52000000,广发证券
2019-03-04,000776,95.58000000,95.02000000,99.12000000,93.34000000,1371518,2360677024.00000000,6.13000000,0.80000000,0.75000000,2.32000000,广发证券
2019-03-05,000776,94.27000000,95.07000000,95.07000000,93.67000000,744225,1258345824.00000000,1.47000000,0.05000000,0.05000000,1.26000000,广发证券
2019-03-06,000776,95.11000000,98.56000000,99.58000000,94.74000000,1410657,2453425712.00000000,5.09000000,3.67000000,3.49000000,2.38000000,广发证券
2019-03-07,000776,98.47000000,99.86000000,102.57000000,96.51000000,1997111,3598562176.00000000,6.15000000,1.32000000,1.30000000,3.37000000,广发证券
2019-03-08,000776,96.37000000,91.48000000,96.79000000,91.43000000,1500480,2540212448.00000000,5.37000000,-8.39000000,-8.38000000,2.53000000,广发证券
2019-03-11,000776,91.85000000,93.76000000,94.74000000,90.41000000,780090,1295277472.00000000,4.73000000,2.49000000,2.28000000,1.32000000,广发证券
2019-03-12,000776,94.60000000,94.79000000,96.79000000,93.90000000,948593,1619780832.00000000,3.08000000,1.10000000,1.03000000,1.60000000,广发证券
2019-03-13,000776,94.97000000,93.67000000,95.34000000,92.88000000,758680,1276719632.00000000,2.60000000,-1.18000000,-1.12000000,1.28000000,广发证券
2019-03-14,000776,93.11000000,91.34000000,94.23000000,90.59000000,658521,1086722448.00000000,3.89000000,-2.49000000,-2.33000000,1.11000000,广发证券
2019-03-15,000776,91.71000000,92.32000000,93.20000000,91.38000000,508089,838064672.00000000,1.99000000,1.07000000,0.98000000,0.86000000,广发证券
2019-03-18,000776,92.36000000,93.81000000,93.99000000,90.69000000,629488,1041080032.00000000,3.57000000,1.61000000,1.49000000,1.06000000,广发证券
2019-03-19,000776,93.76000000,93.20000000,94.27000000,92.83000000,465477,780374016.00000000,1.54000000,-0.65000000,-0.61000000,0.79000000,广发证券
2019-03-20,000776,93.11000000,93.53000000,94.69000000,92.46000000,626835,1049578528.00000000,2.39000000,0.35000000,0.33000000,1.06000000,广发证券
2019-03-21,000776,93.71000000,94.32000000,95.62000000,93.06000000,877824,1488304432.00000000,2.74000000,0.84000000,0.79000000,1.48000000,广发证券
2019-03-22,000776,94.18000000,93.48000000,94.46000000,92.41000000,532139,889195840.00000000,2.17000000,-0.89000000,-0.84000000,0.90000000,广发证券
2019-03-25,000776,91.71000000,90.83000000,92.64000000,90.83000000,528632,863231088.00000000,1.94000000,-2.83000000,-2.65000000,0.89000000,广发证券
2019-03-26,000776,91.20000000,88.50000000,91.52000000,88.08000000,498693,794562000.00000000,3.79000000,-2.57000000,-2.33000000,0.84000000,广发证券
2019-03-27,000776,88.40000000,87.66000000,88.96000000,87.10000000,593647,924327936.00000000,2.10000000,-0.95000000,-0.84000000,1.00000000,广发证券
2019-03-28,000776,87.14000000,86.35000000,87.94000000,85.75000000,536390,819454368.00000000,2.50000000,-1.49000000,-1.31000000,0.91000000,广发证券
2019-03-29,000776,86.82000000,90.87000000,91.06000000,86.49000000,1094718,1734188096.00000000,5.29000000,5.23000000,4.52000000,1.85000000,广发证券
2019-04-01,000776,91.24000000,91.85000000,93.20000000,90.13000000,1017057,1662588032.00000000,3.38000000,1.08000000,0.98000000,1.72000000,广发证券
2019-04-02,000776,92.08000000,91.48000000,93.06000000,91.20000000,795894,1308641456.00000000,2.03000000,-0.40000000,-0.37000000,1.34000000,广发证券
2019-04-03,000776,90.97000000,93.85000000,94.09000000,90.59000000,1051713,1740068352.00000000,3.83000000,2.59000000,2.37000000,1.78000000,广发证券
2019-04-04,000776,94.23000000,94.41000000,94.93000000,93.11000000,933821,1573158688.00000000,1.94000000,0.60000000,0.56000000,1.58000000,广发证券
2019-04-08,000776,94.93000000,92.55000000,95.21000000,91.43000000,825606,1379280608.00000000,4.00000000,-1.97000000,-1.86000000,1.39000000,广发证券
2019-04-09,000776,92.18000000,91.94000000,93.39000000,91.11000000,590198,969901216.00000000,2.46000000,-0.66000000,-0.61000000,1.00000000,广发证券
2019-04-10,000776,92.13000000,91.48000000,92.41000000,90.08000000,662436,1075344672.00000000,2.53000000,-0.50000000,-0.46000000,1.12000000,广发证券
2019-04-11,000776,91.15000000,89.99000000,91.66000000,89.80000000,445804,717416064.00000000,2.03000000,-1.63000000,-1.49000000,0.75000000,广发证券
2019-04-12,000776,89.99000000,90.13000000,90.83000000,89.43000000,353311,565978480.00000000,1.56000000,0.16000000,0.14000000,0.60000000,广发证券
2019-04-15,000776,92.50000000,90.31000000,93.06000000,90.17000000,696553,1144516784.00000000,3.21000000,0.20000000,0.18000000,1.18000000,广发证券
2019-04-16,000776,89.43000000,92.69000000,92.88000000,89.24000000,747761,1216999216.00000000,4.03000000,2.64000000,2.38000000,1.26000000,广发证券
2019-04-17,000776,92.64000000,93.25000000,93.95000000,92.27000000,694178,1154601888.00000000,1.81000000,0.60000000,0.56000000,1.17000000,广发证券
2019-04-18,000776,93.16000000,92.27000000,93.62000000,91.94000000,492588,814540960.00000000,1.80000000,-1.05000000,-0.98000000,0.83000000,广发证券
2019-04-19,000776,92.32000000,93.39000000,93.53000000,91.99000000,478756,793837472.00000000,1.67000000,1.21000000,1.12000000,0.81000000,广发证券
2019-04-22,000776,93.76000000,91.11000000,93.99000000,90.92000000,602675,990712832.00000000,3.29000000,-2.44000000,-2.28000000,1.02000000,广发证券
2019-04-23,000776,90.83000000,90.92000000,92.41000000,90.17000000,519168,843401280.00000000,2.46000000,-0.21000000,-0.19000000,0.88000000,广发证券
2019-04-24,000776,91.06000000,91.15000000,91.76000000,90.31000000,323086,523270608.00000000,1.59000000,0.25000000,0.23000000,0.55000000,广发证券
2019-04-25,000776,90.78000000,89.05000000,91.57000000,88.82000000,477597,765739936.00000000,3.02000000,-2.30000000,-2.10000000,0.81000000,广发证券
2019-04-26,000776,88.73000000,88.92000000,90.45000000,88.59000000,424620,671951232.00000000,2.09000000,-0.15000000,-0.13000000,0.72000000,广发证券
2019-04-29,000776,89.15000000,87.28000000,89.38000000,87.10000000,422007,655896512.00000000,2.56000000,-1.84000000,-1.64000000,0.71000000,广发证券
2019-04-30,000776,87.75000000,88.03000000,89.05000000,87.52000000,337096,526022640.00000000,1.75000000,0.86000000,0.75000000,0.57000000,广发证券
2019-05-06,000776,83.09000000,80.81000000,84.40000000,80.81000000,775456,1116276832.00000000,4.08000000,-8.20000000,-7.22000000,1.31000000,广发证券
2019-05-07,000776,81.23000000,81.69000000,82.25000000,80.62000000,459380,649630176.00000000,2.02000000,1.09000000,0.88000000,0.78000000,广发证券
2019-05-08,000776,80.58000000,80.99000000,82.21000000,79.88000000,314384,443785568.00000000,2.85000000,-0.86000000,-0.70000000,0.53000000,广发证券
2019-05-09,000776,80.25000000,80.58000000,81.46000000,79.97000000,322199,450014304.00000000,1.84000000,-0.51000000,-0.41000000,0.54000000,广发证券
2019-05-10,000776,81.27000000,82.86000000,83.23000000,80.20000000,460974,660587920.00000000,3.76000000,2.83000000,2.28000000,0.78000000,广发证券
2019-05-13,000776,81.69000000,80.76000000,81.69000000,80.48000000,420377,589958000.00000000,1.46000000,-2.53000000,-2.10000000,0.71000000,广发证券
2019-05-14,000776,79.83000000,80.06000000,80.99000000,79.64000000,360824,502106352.00000000,1.67000000,-0.87000000,-0.70000000,0.61000000,广发证券
2019-05-15,000776,80.53000000,80.67000000,81.18000000,79.97000000,394594,550862432.00000000,1.51000000,0.76000000,0.61000000,0.67000000,广发证券
2019-05-16,000776,80.48000000,80.71000000,80.95000000,80.11000000,291609,407029120.00000000,1.04000000,0.05000000,0.04000000,0.49000000,广发证券
2019-05-17,000776,80.99000000,77.92000000,81.09000000,77.55000000,408617,558192608.00000000,4.39000000,-3.46000000,-2.79000000,0.69000000,广发证券
2019-05-20,000776,76.80000000,77.22000000,78.11000000,76.34000000,445198,588348800.00000000,2.27000000,-0.90000000,-0.70000000,0.75000000,广发证券
2019-05-21,000776,77.03000000,77.73000000,78.34000000,76.75000000,336156,448545056.00000000,2.06000000,0.66000000,0.51000000,0.57000000,广发证券
2019-05-22,000776,77.59000000,77.03000000,78.06000000,76.61000000,230755,306138464.00000000,1.87000000,-0.90000000,-0.70000000,0.39000000,广发证券
2019-05-23,000776,76.80000000,76.66000000,77.69000000,76.24000000,269601,355073552.00000000,1.88000000,-0.48000000,-0.37000000,0.46000000,广发证券
2019-05-24,000776,76.71000000,76.52000000,77.13000000,76.48000000,201008,263953514.00000000,0.85000000,-0.18000000,-0.14000000,0.34000000,广发证券
2019-05-27,000776,76.57000000,77.45000000,78.01000000,75.92000000,715793,945759280.00000000,2.73000000,1.22000000,0.93000000,1.21000000,广发证券
2019-05-28,000776,77.31000000,77.50000000,77.78000000,76.94000000,428903,568938688.00000000,1.08000000,0.06000000,0.05000000,0.72000000,广发证券
2019-05-29,000776,76.57000000,76.85000000,77.69000000,76.57000000,348440,460071584.00000000,1.45000000,-0.84000000,-0.65000000,0.59000000,广发证券
2019-05-30,000776,76.48000000,76.38000000,76.57000000,76.01000000,253213,329992192.00000000,0.73000000,-0.61000000,-0.47000000,0.43000000,广发证券
2019-05-31,000776,76.38000000,75.96000000,76.71000000,75.96000000,266146,347222784.00000000,0.98000000,-0.55000000,-0.42000000,0.45000000,广发证券
2019-06-03,000776,76.01000000,75.78000000,76.99000000,75.68000000,316225,411498608.00000000,1.72000000,-0.24000000,-0.18000000,0.53000000,广发证券
2019-06-04,000776,75.68000000,74.89000000,75.87000000,74.66000000,308378,394465376.00000000,1.60000000,-1.17000000,-0.89000000,0.52000000,广发证券
2019-06-05,000776,75.50000000,75.12000000,75.78000000,74.94000000,337149,432750192.00000000,1.12000000,0.31000000,0.23000000,0.57000000,广发证券
2019-06-06,000776,75.22000000,74.56000000,75.40000000,74.29000000,240434,306634464.00000000,1.48000000,-0.75000000,-0.56000000,0.41000000,广发证券
2019-06-10,000776,74.47000000,73.77000000,74.47000000,72.65000000,352331,438809760.00000000,2.44000000,-1.06000000,-0.79000000,0.60000000,广发证券
2019-06-11,000776,73.77000000,76.48000000,76.66000000,73.68000000,549232,709803472.00000000,4.04000000,3.67000000,2.71000000,0.93000000,广发证券
2019-06-12,000776,76.34000000,75.82000000,76.57000000,75.64000000,301999,392467824.00000000,1.22000000,-0.86000000,-0.66000000,0.51000000,广发证券
2019-06-13,000776,75.82000000,76.06000000,76.43000000,75.40000000,291822,378795632.00000000,1.36000000,0.32000000,0.24000000,0.49000000,广发证券
2019-06-14,000776,76.06000000,74.84000000,76.38000000,74.75000000,249998,321968928.00000000,2.14000000,-1.60000000,-1.22000000,0.42000000,广发证券
2019-06-17,000776,75.03000000,75.17000000,75.54000000,74.66000000,157704,201842463.00000000,1.18000000,0.44000000,0.33000000,0.27000000,广发证券
2019-06-18,000776,75.17000000,74.84000000,75.36000000,74.33000000,192329,244335746.00000000,1.37000000,-0.44000000,-0.33000000,0.32000000,广发证券
2019-06-19,000776,77.50000000,76.10000000,78.34000000,76.06000000,575719,759675504.00000000,3.05000000,1.68000000,1.26000000,0.97000000,广发证券
2019-06-20,000776,75.87000000,78.80000000,80.58000000,75.73000000,1321469,1776583280.00000000,6.37000000,3.55000000,2.70000000,2.23000000,广发证券
2019-06-21,000776,78.85000000,79.50000000,80.34000000,78.43000000,1063546,1459469248.00000000,2.42000000,0.89000000,0.70000000,1.80000000,广发证券
2019-06-24,000776,80.34000000,80.34000000,81.60000000,79.83000000,783470,1094679776.00000000,2.23000000,1.06000000,0.84000000,1.32000000,广发证券
2019-06-25,000776,80.25000000,80.06000000,80.85000000,78.43000000,614013,845052752.00000000,3.01000000,-0.35000000,-0.28000000,1.04000000,广发证券
2019-06-26,000776,78.76000000,78.99000000,79.64000000,78.48000000,326067,444606336.00000000,1.45000000,-1.34000000,-1.07000000,0.55000000,广发证券
2019-06-27,000776,79.55000000,80.02000000,81.04000000,79.36000000,476047,661260064.00000000,2.13000000,1.30000000,1.03000000,0.80000000,广发证券
2019-06-28,000776,80.02000000,79.55000000,80.34000000,78.99000000,315380,432999696.00000000,1.69000000,-0.59000000,-0.47000000,0.53000000,广发证券
2019-07-01,000776,81.74000000,81.69000000,82.49000000,81.09000000,804338,1144387648.00000000,1.76000000,2.69000000,2.14000000,1.36000000,广发证券
2019-07-02,000776,81.55000000,81.37000000,81.88000000,80.95000000,388146,549337552.00000000,1.14000000,-0.39000000,-0.32000000,0.66000000,广发证券
2019-07-03,000776,80.99000000,80.30000000,81.13000000,79.92000000,364028,506055712.00000000,1.49000000,-1.31000000,-1.07000000,0.61000000,广发证券
2019-07-04,000776,80.53000000,80.39000000,81.18000000,79.92000000,274073,381669232.00000000,1.57000000,0.11000000,0.09000000,0.46000000,广发证券
2019-07-05,000776,80.44000000,80.25000000,80.58000000,79.88000000,196432,272739264.00000000,0.87000000,-0.17000000,-0.14000000,0.33000000,广发证券
2019-07-08,000776,80.30000000,78.29000000,80.30000000,78.01000000,327854,446155200.00000000,2.85000000,-2.44000000,-1.96000000,0.55000000,广发证券
2019-07-09,000776,78.62000000,79.18000000,79.55000000,78.25000000,286859,390109616.00000000,1.66000000,1.14000000,0.89000000,0.48000000,广发证券
2019-07-10,000776,79.36000000,79.74000000,80.85000000,79.08000000,354908,490599456.00000000,2.24000000,0.71000000,0.56000000,0.60000000,广发证券
2019-07-11,000776,80.20000000,80.06000000,80.85000000,79.64000000,275426,382285408.00000000,1.52000000,0.40000000,0.32000000,0.47000000,广发证券
2019-07-12,000776,80.20000000,80.76000000,80.95000000,79.83000000,341907,477657664.00000000,1.40000000,0.87000000,0.70000000,0.58000000,广发证券
2019-07-15,000776,80.67000000,81.65000000,82.30000000,79.88000000,517244,729967120.00000000,3.00000000,1.10000000,0.89000000,0.87000000,广发证券
2019-07-16,000776,81.51000000,81.09000000,81.74000000,80.81000000,253661,357475872.00000000,1.14000000,-0.69000000,-0.56000000,0.43000000,广发证券
2019-07-17,000776,80.85000000,80.67000000,81.23000000,80.58000000,246456,345673632.00000000,0.80000000,-0.52000000,-0.42000000,0.42000000,广发证券
2019-07-18,000776,80.34000000,79.60000000,80.53000000,79.55000000,240564,332795760.00000000,1.21000000,-1.33000000,-1.07000000,0.41000000,广发证券
2019-07-19,000776,80.02000000,80.44000000,81.18000000,79.97000000,333630,465730176.00000000,1.52000000,1.06000000,0.84000000,0.56000000,广发证券
2019-07-22,000776,80.95000000,79.46000000,80.95000000,79.41000000,256187,354405392.00000000,1.91000000,-1.22000000,-0.98000000,0.43000000,广发证券
2019-07-23,000776,79.46000000,79.55000000,79.92000000,79.27000000,173715,238657012.00000000,0.82000000,0.11000000,0.09000000,0.29000000,广发证券
2019-07-24,000776,79.69000000,80.16000000,80.53000000,79.64000000,272502,378504848.00000000,1.12000000,0.77000000,0.61000000,0.46000000,广发证券
2019-07-25,000776,80.11000000,80.25000000,80.48000000,79.78000000,177516,246068019.00000000,0.87000000,0.11000000,0.09000000,0.30000000,广发证券
2019-07-26,000776,80.06000000,80.02000000,80.11000000,79.69000000,157692,217886709.00000000,0.52000000,-0.29000000,-0.23000000,0.27000000,广发证券
2019-07-29,000776,79.46000000,78.11000000,79.46000000,77.87000000,491733,663514960.00000000,1.99000000,-2.39000000,-1.91000000,0.83000000,广发证券
2019-07-30,000776,78.11000000,78.57000000,79.13000000,78.01000000,230764,312832912.00000000,1.43000000,0.59000000,0.46000000,0.39000000,广发证券
2019-07-31,000776,78.43000000,78.01000000,78.48000000,77.87000000,172732,231763951.00000000,0.78000000,-0.71000000,-0.56000000,0.29000000,广发证券
2019-08-01,000776,77.69000000,77.27000000,77.87000000,77.13000000,200667,266599283.00000000,0.95000000,-0.95000000,-0.74000000,0.34000000,广发证券
2019-08-02,000776,76.10000000,75.54000000,76.15000000,75.26000000,356422,459460432.00000000,1.15000000,-2.24000000,-1.73000000,0.60000000,广发证券
2019-08-05,000776,75.45000000,74.89000000,75.96000000,74.84000000,249801,320571328.00000000,1.48000000,-0.86000000,-0.65000000,0.42000000,广发证券
2019-08-06,000776,72.84000000,73.82000000,74.52000000,72.65000000,426255,528120816.00000000,2.50000000,-1.43000000,-1.07000000,0.72000000,广发证券
2019-08-07,000776,74.01000000,73.31000000,74.24000000,73.17000000,178777,222495124.00000000,1.45000000,-0.69000000,-0.51000000,0.30000000,广发证券
2019-08-08,000776,74.70000000,73.91000000,75.03000000,73.87000000,244541,308390656.00000000,1.58000000,0.82000000,0.60000000,0.41000000,广发证券
2019-08-09,000776,74.15000000,73.17000000,74.29000000,72.98000000,198634,247047120.00000000,1.77000000,-1.00000000,-0.74000000,0.34000000,广发证券
2019-08-12,000776,73.73000000,74.10000000,74.15000000,73.59000000,235834,295364544.00000000,0.77000000,1.27000000,0.93000000,0.40000000,广发证券
2019-08-13,000776,73.40000000,73.49000000,73.77000000,73.21000000,136094,169313656.00000000,0.76000000,-0.82000000,-0.61000000,0.23000000,广发证券
2019-08-14,000776,74.47000000,73.59000000,74.52000000,73.59000000,177778,223339376.00000000,1.27000000,0.14000000,0.10000000,0.30000000,广发证券
2019-08-15,000776,72.28000000,73.54000000,73.68000000,72.14000000,194495,239277557.00000000,2.09000000,-0.07000000,-0.05000000,0.33000000,广发证券
2019-08-16,000776,73.63000000,73.96000000,74.43000000,73.45000000,189910,238285442.00000000,1.33000000,0.57000000,0.42000000,0.32000000,广发证券
2019-08-19,000776,74.89000000,77.27000000,77.36000000,74.33000000,633556,823556800.00000000,4.10000000,4.48000000,3.31000000,1.07000000,广发证券
2019-08-20,000776,77.13000000,76.66000000,77.50000000,76.38000000,357605,471647360.00000000,1.45000000,-0.79000000,-0.61000000,0.60000000,广发证券
2019-08-21,000776,76.48000000,76.43000000,76.89000000,76.24000000,173775,227401356.00000000,0.85000000,-0.30000000,-0.23000000,0.29000000,广发证券
2019-08-22,000776,76.66000000,76.15000000,76.80000000,75.78000000,175950,229171763.00000000,1.33000000,-0.37000000,-0.28000000,0.30000000,广发证券
2019-08-23,000776,76.15000000,76.38000000,76.71000000,75.96000000,166464,216986280.00000000,0.98000000,0.30000000,0.23000000,0.28000000,广发证券
2019-08-26,000776,74.94000000,75.40000000,75.82000000,74.75000000,198704,255000470.00000000,1.40000000,-1.28000000,-0.98000000,0.34000000,广发证券
2019-08-27,000776,75.78000000,77.36000000,78.25000000,75.78000000,515994,684130032.00000000,3.28000000,2.60000000,1.96000000,0.87000000,广发证券
2019-08-28,000776,77.36000000,77.64000000,77.97000000,76.99000000,327018,435321632.00000000,1.27000000,0.36000000,0.28000000,0.55000000,广发证券
2019-08-29,000776,77.73000000,77.55000000,78.11000000,77.17000000,198310,264340506.00000000,1.21000000,-0.12000000,-0.09000000,0.34000000,广发证券
2019-08-30,000776,78.25000000,77.41000000,78.99000000,77.22000000,282511,378973872.00000000,2.28000000,-0.18000000,-0.14000000,0.48000000,广发证券
2019-09-02,000776,77.73000000,79.08000000,79.50000000,77.50000000,456557,619499360.00000000,2.58000000,2.16000000,1.67000000,0.77000000,广发证券
2019-09-03,000776,78.99000000,79.22000000,79.32000000,78.62000000,319804,435502800.00000000,0.89000000,0.18000000,0.14000000,0.54000000,广发证券
2019-09-04,000776,78.90000000,80.20000000,80.58000000,78.76000000,442063,610709488.00000000,2.30000000,1.24000000,0.98000000,0.75000000,广发证券
2019-09-05,000776,81.09000000,82.39000000,84.35000000,81.04000000,1066891,1540551200.00000000,4.13000000,2.73000000,2.19000000,1.80000000,广发证券
2019-09-06,000776,83.46000000,83.04000000,83.84000000,82.16000000,450687,650053744.00000000,2.04000000,0.79000000,0.65000000,0.76000000,广发证券
2019-09-09,000776,84.26000000,83.79000000,84.68000000,83.18000000,518253,761193792.00000000,1.81000000,0.90000000,0.75000000,0.88000000,广发证券
2019-09-10,000776,83.65000000,83.23000000,83.93000000,82.35000000,413958,600335104.00000000,1.89000000,-0.67000000,-0.56000000,0.70000000,广发证券
2019-09-11,000776,83.93000000,83.98000000,85.19000000,83.32000000,560972,826527552.00000000,2.25000000,0.90000000,0.75000000,0.95000000,广发证券
2019-09-12,000776,84.21000000,84.58000000,84.72000000,83.09000000,442083,650008736.00000000,1.94000000,0.71000000,0.60000000,0.75000000,广发证券
2019-09-16,000776,84.63000000,84.07000000,85.14000000,83.56000000,409509,605614992.00000000,1.87000000,-0.60000000,-0.51000000,0.69000000,广发证券
2019-09-17,000776,83.56000000,81.97000000,83.74000000,81.65000000,482641,694702688.00000000,2.49000000,-2.50000000,-2.10000000,0.82000000,广发证券
2019-09-18,000776,82.44000000,82.11000000,82.72000000,81.74000000,265722,381060672.00000000,1.20000000,0.17000000,0.14000000,0.45000000,广发证券
2019-09-19,000776,82.63000000,83.18000000,83.42000000,82.35000000,254528,367837744.00000000,1.30000000,1.30000000,1.07000000,0.43000000,广发证券
2019-09-20,000776,83.46000000,82.53000000,83.46000000,82.02000000,264242,380864288.00000000,1.73000000,-0.78000000,-0.65000000,0.45000000,广发证券
2019-09-23,000776,82.44000000,81.37000000,82.44000000,80.81000000,288046,406856240.00000000,1.98000000,-1.41000000,-1.16000000,0.49000000,广发证券
2019-09-24,000776,81.69000000,81.27000000,82.35000000,81.13000000,235368,334402032.00000000,1.50000000,-0.12000000,-0.10000000,0.40000000,广发证券
2019-09-25,000776,80.95000000,80.34000000,81.37000000,80.34000000,228823,320077616.00000000,1.27000000,-1.14000000,-0.93000000,0.39000000,广发证券
2019-09-26,000776,80.81000000,79.50000000,80.99000000,79.46000000,230088,319058112.00000000,1.90000000,-1.05000000,-0.84000000,0.39000000,广发证券
2019-09-27,000776,79.60000000,79.88000000,80.06000000,79.50000000,143260,197601109.00000000,0.70000000,0.48000000,0.38000000,0.24000000,广发证券
2019-09-30,000776,79.97000000,78.76000000,80.11000000,78.76000000,156664,215011469.00000000,1.69000000,-1.40000000,-1.12000000,0.26000000,广发证券
2019-10-08,000776,78.80000000,78.48000000,79.08000000,77.83000000,188325,254401530.00000000,1.59000000,-0.36000000,-0.28000000,0.32000000,广发证券
2019-10-09,000776,78.20000000,78.62000000,78.76000000,77.87000000,144890,195266746.00000000,1.13000000,0.18000000,0.14000000,0.24000000,广发证券
2019-10-10,000776,78.66000000,79.18000000,79.32000000,78.48000000,165881,225898264.00000000,1.07000000,0.71000000,0.56000000,0.28000000,广发证券
2019-10-11,000776,79.18000000,80.25000000,80.76000000,78.94000000,262278,362450256.00000000,2.30000000,1.35000000,1.07000000,0.44000000,广发证券
2019-10-14,000776,81.93000000,81.93000000,82.81000000,81.32000000,437702,625673232.00000000,1.86000000,2.09000000,1.68000000,0.74000000,广发证券
2019-10-15,000776,81.60000000,80.99000000,81.69000000,80.85000000,214112,301667008.00000000,1.03000000,-1.15000000,-0.94000000,0.36000000,广发证券
2019-10-16,000776,81.55000000,80.81000000,82.30000000,80.76000000,260770,369390656.00000000,1.90000000,-0.22000000,-0.18000000,0.44000000,广发证券
2019-10-17,000776,80.81000000,80.58000000,81.60000000,80.39000000,136650,191766214.00000000,1.50000000,-0.28000000,-0.23000000,0.23000000,广发证券
2019-10-18,000776,80.90000000,79.13000000,80.99000000,78.99000000,254607,351457664.00000000,2.48000000,-1.80000000,-1.45000000,0.43000000,广发证券
2019-10-21,000776,78.90000000,79.08000000,79.22000000,78.11000000,178901,242601102.00000000,1.40000000,-0.06000000,-0.05000000,0.30000000,广发证券
2019-10-22,000776,79.27000000,79.69000000,79.88000000,78.94000000,144219,197834863.00000000,1.19000000,0.77000000,0.61000000,0.24000000,广发证券
2019-10-23,000776,79.88000000,79.08000000,79.92000000,78.90000000,121280,166142121.00000000,1.28000000,-0.77000000,-0.61000000,0.20000000,广发证券
2019-10-24,000776,79.18000000,79.18000000,79.83000000,78.90000000,111970,153271661.00000000,1.18000000,0.13000000,0.10000000,0.19000000,广发证券
2019-10-25,000776,79.22000000,79.88000000,80.20000000,78.66000000,178481,245324694.00000000,1.94000000,0.88000000,0.70000000,0.30000000,广发证券
2019-10-28,000776,80.02000000,81.09000000,81.32000000,79.92000000,218191,304780528.00000000,1.75000000,1.51000000,1.21000000,0.37000000,广发证券
2019-10-29,000776,81.13000000,79.88000000,81.27000000,79.88000000,170076,236562681.00000000,1.71000000,-1.49000000,-1.21000000,0.29000000,广发证券
2019-10-30,000776,79.78000000,79.46000000,80.02000000,79.27000000,140102,192532389.00000000,0.94000000,-0.53000000,-0.42000000,0.24000000,广发证券
2019-10-31,000776,79.83000000,79.46000000,80.06000000,79.27000000,113163,155817850.00000000,0.99000000,0.00000000,0.00000000,0.19000000,广发证券
2019-11-01,000776,79.27000000,80.34000000,80.62000000,78.99000000,219584,304106912.00000000,2.05000000,1.11000000,0.88000000,0.37000000,广发证券
2019-11-04,000776,80.62000000,80.85000000,81.37000000,80.39000000,222716,312434640.00000000,1.22000000,0.63000000,0.51000000,0.38000000,广发证券
2019-11-05,000776,80.99000000,81.60000000,82.25000000,80.76000000,366291,519462096.00000000,1.84000000,0.93000000,0.75000000,0.62000000,广发证券
2019-11-06,000776,81.65000000,80.62000000,81.69000000,80.44000000,248053,348425936.00000000,1.53000000,-1.20000000,-0.98000000,0.42000000,广发证券
2019-11-07,000776,80.53000000,80.76000000,81.32000000,80.34000000,195396,273550272.00000000,1.22000000,0.17000000,0.14000000,0.33000000,广发证券
2019-11-08,000776,81.37000000,79.78000000,81.55000000,79.78000000,257212,359329856.00000000,2.19000000,-1.21000000,-0.98000000,0.43000000,广发证券
2019-11-11,000776,79.55000000,77.97000000,79.55000000,77.87000000,329466,446313552.00000000,2.11000000,-2.27000000,-1.81000000,0.56000000,广发证券
2019-11-12,000776,77.83000000,78.11000000,78.29000000,77.45000000,186928,250307996.00000000,1.08000000,0.18000000,0.14000000,0.32000000,广发证券
2019-11-13,000776,78.06000000,77.59000000,78.06000000,77.27000000,152092,202812083.00000000,1.01000000,-0.67000000,-0.52000000,0.26000000,广发证券
2019-11-14,000776,77.69000000,77.59000000,78.01000000,77.41000000,133890,178579450.00000000,0.77000000,0.00000000,0.00000000,0.23000000,广发证券
2019-11-15,000776,77.73000000,77.03000000,77.97000000,76.94000000,171642,227651339.00000000,1.33000000,-0.72000000,-0.56000000,0.29000000,广发证券
2019-11-18,000776,76.94000000,77.64000000,77.78000000,76.61000000,151205,200680746.00000000,1.52000000,0.79000000,0.61000000,0.26000000,广发证券
2019-11-19,000776,77.36000000,78.20000000,78.34000000,77.27000000,143301,191908491.00000000,1.38000000,0.72000000,0.56000000,0.24000000,广发证券
2019-11-20,000776,78.20000000,77.22000000,78.20000000,77.13000000,135715,180801952.00000000,1.37000000,-1.25000000,-0.98000000,0.23000000,广发证券
2019-11-21,000776,76.94000000,77.22000000,77.59000000,76.80000000,101263,134119529.00000000,1.02000000,0.00000000,0.00000000,0.17000000,广发证券
2019-11-22,000776,77.22000000,77.36000000,78.11000000,76.85000000,161833,214844100.00000000,1.63000000,0.18000000,0.14000000,0.27000000,广发证券
2019-11-25,000776,77.27000000,78.06000000,78.06000000,76.94000000,164880,219592247.00000000,1.45000000,0.90000000,0.70000000,0.28000000,广发证券
2019-11-26,000776,78.20000000,77.87000000,78.25000000,77.59000000,183730,245666831.00000000,0.85000000,-0.24000000,-0.19000000,0.31000000,广发证券
2019-11-27,000776,77.73000000,77.50000000,77.83000000,77.22000000,95331,126753075.00000000,0.78000000,-0.48000000,-0.37000000,0.16000000,广发证券
2019-11-28,000776,77.41000000,77.45000000,77.73000000,77.27000000,70404,93577203.00000000,0.59000000,-0.06000000,-0.05000000,0.12000000,广发证券
2019-11-29,000776,77.41000000,77.69000000,78.06000000,77.36000000,108324,144396186.00000000,0.90000000,0.31000000,0.24000000,0.18000000,广发证券
2019-12-02,000776,78.43000000,78.20000000,78.66000000,77.97000000,167573,225843838.00000000,0.89000000,0.66000000,0.51000000,0.28000000,广发证券
2019-12-03,000776,77.78000000,78.48000000,78.53000000,77.78000000,123301,165695890.00000000,0.96000000,0.36000000,0.28000000,0.21000000,广发证券
2019-12-04,000776,78.34000000,78.39000000,78.53000000,78.06000000,98422,132547956.00000000,0.60000000,-0.11000000,-0.09000000,0.17000000,广发证券
2019-12-05,000776,78.62000000,79.13000000,79.27000000,78.53000000,210778,286790976.00000000,0.94000000,0.94000000,0.74000000,0.36000000,广发证券
2019-12-06,000776,79.46000000,80.16000000,80.53000000,79.46000000,322350,445668096.00000000,1.35000000,1.30000000,1.03000000,0.54000000,广发证券
2019-12-09,000776,80.76000000,80.62000000,81.18000000,80.11000000,296150,413918896.00000000,1.33000000,0.57000000,0.46000000,0.50000000,广发证券
2019-12-10,000776,80.44000000,80.53000000,80.85000000,80.20000000,177177,247051446.00000000,0.81000000,-0.11000000,-0.09000000,0.30000000,广发证券
2019-12-11,000776,80.81000000,80.44000000,81.23000000,80.16000000,227160,317367664.00000000,1.33000000,-0.11000000,-0.09000000,0.38000000,广发证券
2019-12-12,000776,80.48000000,79.69000000,80.53000000,79.69000000,224249,309895456.00000000,1.04000000,-0.93000000,-0.75000000,0.38000000,广发证券
2019-12-13,000776,80.85000000,81.83000000,82.35000000,80.39000000,689121,960123696.00000000,2.46000000,2.69000000,2.14000000,1.16000000,广发证券
2019-12-16,000776,81.88000000,82.72000000,83.09000000,81.32000000,574089,810926112.00000000,2.16000000,1.09000000,0.89000000,0.97000000,广发证券
2019-12-17,000776,82.72000000,84.68000000,86.54000000,82.44000000,937650,1372696240.00000000,4.96000000,2.37000000,1.96000000,1.58000000,广发证券
2019-12-18,000776,84.82000000,85.56000000,86.73000000,84.54000000,879420,1310034896.00000000,2.59000000,1.04000000,0.88000000,1.49000000,广发证券
2019-12-19,000776,85.79000000,85.51000000,85.79000000,84.72000000,419842,619227824.00000000,1.25000000,-0.06000000,-0.05000000,0.71000000,广发证券
2019-12-20,000776,85.51000000,85.09000000,86.73000000,84.91000000,708259,1055174848.00000000,2.13000000,-0.49000000,-0.42000000,1.20000000,广发证券
2019-12-23,000776,85.14000000,82.95000000,85.42000000,82.81000000,599460,869754864.00000000,3.07000000,-2.51000000,-2.14000000,1.01000000,广发证券
2019-12-24,000776,83.37000000,83.60000000,83.70000000,83.00000000,289153,414849680.00000000,0.84000000,0.78000000,0.65000000,0.49000000,广发证券
2019-12-25,000776,83.51000000,83.70000000,84.35000000,82.90000000,296062,426845328.00000000,1.73000000,0.12000000,0.10000000,0.50000000,广发证券
2019-12-26,000776,83.79000000,85.51000000,85.51000000,83.79000000,384415,561058512.00000000,2.05000000,2.16000000,1.81000000,0.65000000,广发证券
2019-12-27,000776,85.51000000,84.02000000,86.45000000,84.02000000,653186,966866624.00000000,2.84000000,-1.74000000,-1.49000000,1.10000000,广发证券
2019-12-30,000776,83.79000000,87.75000000,88.40000000,83.56000000,1099303,1653565424.00000000,5.76000000,4.44000000,3.73000000,1.86000000,广发证券
2019-12-31,000776,87.28000000,87.14000000,87.84000000,86.54000000,566957,860254352.00000000,1.48000000,-0.70000000,-0.61000000,0.96000000,广发证券
2020-01-02,000776,88.68000000,88.50000000,89.38000000,87.47000000,870416,1346946896.00000000,2.19000000,1.56000000,1.36000000,1.47000000,广发证券
2020-01-03,000776,88.22000000,88.87000000,89.47000000,88.03000000,521390,809501552.00000000,1.63000000,0.42000000,0.37000000,0.88000000,广发证券
2020-01-06,000776,88.03000000,89.01000000,90.41000000,87.80000000,720775,1124074880.00000000,2.94000000,0.16000000,0.14000000,1.22000000,广发证券
2020-01-07,000776,89.24000000,89.43000000,90.03000000,88.26000000,442888,690531920.00000000,1.99000000,0.47000000,0.42000000,0.75000000,广发证券
2020-01-08,000776,88.64000000,86.77000000,88.78000000,86.59000000,604633,923091920.00000000,2.45000000,-2.97000000,-2.66000000,1.02000000,广发证券
2020-01-09,000776,88.03000000,88.26000000,88.50000000,87.56000000,395164,607187984.00000000,1.08000000,1.72000000,1.49000000,0.67000000,广发证券
2020-01-10,000776,89.15000000,88.68000000,89.75000000,88.40000000,502652,783761280.00000000,1.53000000,0.48000000,0.42000000,0.85000000,广发证券
2020-01-13,000776,88.17000000,89.29000000,89.43000000,87.05000000,479942,739176752.00000000,2.68000000,0.69000000,0.61000000,0.81000000,广发证券
2020-01-14,000776,89.29000000,88.26000000,89.66000000,88.26000000,339674,528711280.00000000,1.57000000,-1.15000000,-1.03000000,0.57000000,广发证券
2020-01-15,000776,88.22000000,87.70000000,88.50000000,87.38000000,258418,395994368.00000000,1.27000000,-0.63000000,-0.56000000,0.44000000,广发证券
2020-01-16,000776,87.98000000,87.05000000,88.03000000,86.82000000,303230,461098096.00000000,1.38000000,-0.74000000,-0.65000000,0.51000000,广发证券
2020-01-17,000776,87.33000000,87.19000000,88.17000000,86.96000000,303451,463078048.00000000,1.39000000,0.16000000,0.14000000,0.51000000,广发证券
2020-01-20,000776,87.19000000,88.64000000,88.78000000,86.96000000,351305,540214976.00000000,2.09000000,1.66000000,1.45000000,0.59000000,广发证券
2020-01-21,000776,88.73000000,88.26000000,89.43000000,87.98000000,420895,651651376.00000000,1.64000000,-0.43000000,-0.38000000,0.71000000,广发证券
2020-01-22,000776,87.84000000,88.45000000,89.10000000,86.59000000,423285,647294320.00000000,2.84000000,0.22000000,0.19000000,0.72000000,广发证券
2020-01-23,000776,87.75000000,85.47000000,87.89000000,84.82000000,553759,831149168.00000000,3.47000000,-3.37000000,-2.98000000,0.94000000,广发证券
2020-02-03,000776,78.57000000,78.57000000,78.57000000,78.57000000,171211,228224263.00000000,0.00000000,-8.07000000,-6.90000000,0.29000000,广发证券
2020-02-04,000776,77.03000000,79.64000000,80.11000000,77.03000000,721528,966603072.00000000,3.92000000,1.36000000,1.07000000,1.22000000,广发证券
2020-02-05,000776,79.88000000,80.34000000,82.02000000,79.27000000,499694,687995808.00000000,3.45000000,0.88000000,0.70000000,0.84000000,广发证券
2020-02-06,000776,80.20000000,81.83000000,82.30000000,79.88000000,478165,663800864.00000000,3.01000000,1.85000000,1.49000000,0.81000000,广发证券
2020-02-07,000776,81.55000000,81.88000000,82.11000000,80.99000000,416968,582644560.00000000,1.37000000,0.06000000,0.05000000,0.70000000,广发证券
2020-02-10,000776,81.41000000,82.63000000,82.67000000,81.27000000,363235,512931888.00000000,1.71000000,0.92000000,0.75000000,0.61000000,广发证券
2020-02-11,000776,83.18000000,82.63000000,84.54000000,82.63000000,426184,612811488.00000000,2.31000000,0.00000000,0.00000000,0.72000000,广发证券
2020-02-12,000776,82.67000000,84.02000000,84.54000000,82.58000000,423801,610021056.00000000,2.37000000,1.68000000,1.39000000,0.72000000,广发证券
2020-02-13,000776,83.79000000,82.77000000,84.12000000,82.49000000,339474,486162672.00000000,1.94000000,-1.49000000,-1.25000000,0.57000000,广发证券
2020-02-14,000776,82.86000000,84.12000000,84.86000000,82.67000000,510806,738948272.00000000,2.65000000,1.63000000,1.35000000,0.86000000,广发证券
2020-02-17,000776,85.56000000,87.05000000,87.47000000,85.05000000,734265,1098569408.00000000,2.88000000,3.48000000,2.93000000,1.24000000,广发证券
2020-02-18,000776,87.00000000,86.63000000,87.52000000,85.89000000,443479,668633632.00000000,1.87000000,-0.48000000,-0.42000000,0.75000000,广发证券
2020-02-19,000776,86.35000000,86.63000000,88.08000000,86.35000000,500438,760842576.00000000,2.00000000,0.00000000,0.00000000,0.85000000,广发证券
2020-02-20,000776,86.82000000,90.08000000,90.87000000,86.45000000,1008243,1561519760.00000000,5.10000000,3.98000000,3.45000000,1.70000000,广发证券
2020-02-21,000776,90.03000000,89.33000000,91.48000000,88.68000000,956805,1505870720.00000000,3.11000000,-0.83000000,-0.75000000,1.62000000,广发证券
2020-02-24,000776,88.59000000,88.73000000,89.57000000,88.12000000,713552,1106221360.00000000,1.62000000,-0.67000000,-0.60000000,1.21000000,广发证券
2020-02-25,000776,87.05000000,88.31000000,88.50000000,85.61000000,853687,1299741376.00000000,3.26000000,-0.47000000,-0.42000000,1.44000000,广发证券
2020-02-26,000776,87.19000000,87.75000000,89.33000000,87.00000000,744453,1148897344.00000000,2.64000000,-0.63000000,-0.56000000,1.26000000,广发证券
2020-02-27,000776,87.94000000,87.89000000,89.43000000,87.66000000,485836,749432384.00000000,2.02000000,0.16000000,0.14000000,0.82000000,广发证券
2020-02-28,000776,85.89000000,84.02000000,86.73000000,84.02000000,674377,996834160.00000000,3.08000000,-4.40000000,-3.87000000,1.14000000,广发证券
2020-03-02,000776,84.86000000,87.24000000,87.89000000,84.54000000,603799,907219456.00000000,3.99000000,3.83000000,3.22000000,1.02000000,广发证券
2020-03-03,000776,88.59000000,87.94000000,89.38000000,87.38000000,664601,1025431120.00000000,2.29000000,0.80000000,0.70000000,1.12000000,广发证券
2020-03-04,000776,87.66000000,89.15000000,89.15000000,87.38000000,644966,996150464.00000000,2.01000000,1.38000000,1.21000000,1.09000000,广发证券
2020-03-05,000776,90.27000000,90.87000000,91.76000000,88.92000000,1046943,1663476848.00000000,3.19000000,1.93000000,1.72000000,1.77000000,广发证券
2020-03-06,000776,89.47000000,88.45000000,90.08000000,87.98000000,730285,1135474544.00000000,2.31000000,-2.66000000,-2.42000000,1.23000000,广发证券
2020-03-09,000776,87.05000000,86.03000000,87.52000000,85.65000000,651356,981122032.00000000,2.11000000,-2.74000000,-2.42000000,1.10000000,广发证券
2020-03-10,000776,85.79000000,87.70000000,87.94000000,85.00000000,609965,920639952.00000000,3.42000000,1.94000000,1.67000000,1.03000000,广发证券
2020-03-11,000776,87.52000000,86.12000000,87.80000000,86.07000000,401118,606700304.00000000,1.97000000,-1.80000000,-1.58000000,0.68000000,广发证券
2020-03-12,000776,85.28000000,84.91000000,85.84000000,84.49000000,407117,599157216.00000000,1.57000000,-1.41000000,-1.21000000,0.69000000,广发证券
2020-03-13,000776,81.69000000,84.35000000,84.95000000,80.95000000,572387,815338000.00000000,4.71000000,-0.66000000,-0.56000000,0.97000000,广发证券
2020-03-16,000776,84.58000000,81.27000000,84.72000000,81.23000000,480263,685302576.00000000,4.14000000,-3.65000000,-3.08000000,0.81000000,广发证券
2020-03-17,000776,82.07000000,81.13000000,82.95000000,80.02000000,453814,630178256.00000000,3.61000000,-0.17000000,-0.14000000,0.77000000,广发证券
2020-03-18,000776,81.51000000,79.46000000,82.07000000,79.41000000,373123,516939824.00000000,3.28000000,-2.06000000,-1.67000000,0.63000000,广发证券
2020-03-19,000776,79.60000000,80.06000000,80.81000000,78.20000000,416272,563328992.00000000,3.28000000,0.76000000,0.60000000,0.70000000,广发证券
2020-03-20,000776,80.58000000,80.85000000,80.95000000,79.55000000,255460,350363552.00000000,1.75000000,0.99000000,0.79000000,0.43000000,广发证券
2020-03-23,000776,79.08000000,78.94000000,80.06000000,78.57000000,253137,341004000.00000000,1.84000000,-2.36000000,-1.91000000,0.43000000,广发证券
2020-03-24,000776,79.83000000,80.30000000,80.53000000,79.04000000,266275,362729392.00000000,1.89000000,1.72000000,1.36000000,0.45000000,广发证券
2020-03-25,000776,81.74000000,81.46000000,81.97000000,81.04000000,315821,441127440.00000000,1.16000000,1.44000000,1.16000000,0.53000000,广发证券
2020-03-26,000776,81.18000000,80.71000000,81.69000000,80.62000000,185437,257250138.00000000,1.31000000,-0.92000000,-0.75000000,0.31000000,广发证券
2020-03-27,000776,81.51000000,80.81000000,82.02000000,80.62000000,278190,386652368.00000000,1.73000000,0.12000000,0.10000000,0.47000000,广发证券
2020-03-30,000776,80.30000000,80.02000000,80.58000000,79.36000000,249474,340183840.00000000,1.51000000,-0.98000000,-0.79000000,0.42000000,广发证券
2020-03-31,000776,80.76000000,80.20000000,80.90000000,79.97000000,190393,261723645.00000000,1.16000000,0.22000000,0.18000000,0.32000000,广发证券
2020-04-01,000776,80.20000000,79.97000000,81.09000000,79.83000000,197517,271643824.00000000,1.57000000,-0.29000000,-0.23000000,0.33000000,广发证券
2020-04-02,000776,79.97000000,80.99000000,80.99000000,79.74000000,217406,298547168.00000000,1.56000000,1.28000000,1.02000000,0.37000000,广发证券
2020-04-03,000776,80.58000000,80.30000000,80.81000000,80.11000000,145671,200141931.00000000,0.86000000,-0.85000000,-0.69000000,0.25000000,广发证券
2020-04-07,000776,81.46000000,81.51000000,81.79000000,80.90000000,370411,516157248.00000000,1.11000000,1.51000000,1.21000000,0.63000000,广发证券
2020-04-08,000776,81.13000000,81.27000000,81.55000000,80.76000000,168263,233796182.00000000,0.97000000,-0.29000000,-0.24000000,0.28000000,广发证券
2020-04-09,000776,81.93000000,81.55000000,82.39000000,81.51000000,261397,367278896.00000000,1.08000000,0.34000000,0.28000000,0.44000000,广发证券
2020-04-10,000776,81.51000000,80.81000000,81.65000000,80.67000000,219396,304111472.00000000,1.20000000,-0.91000000,-0.74000000,0.37000000,广发证券
2020-04-13,000776,80.39000000,80.30000000,80.67000000,80.06000000,131945,180734264.00000000,0.75000000,-0.63000000,-0.51000000,0.22000000,广发证券
2020-04-14,000776,80.53000000,81.74000000,82.39000000,80.30000000,313268,436675040.00000000,2.60000000,1.79000000,1.44000000,0.53000000,广发证券
2020-04-15,000776,81.41000000,80.85000000,82.16000000,80.76000000,239886,334520912.00000000,1.71000000,-1.09000000,-0.89000000,0.41000000,广发证券
2020-04-16,000776,80.62000000,81.18000000,81.83000000,80.44000000,262470,365282320.00000000,1.72000000,0.41000000,0.33000000,0.44000000,广发证券
2020-04-17,000776,81.69000000,81.18000000,81.83000000,81.04000000,228713,319055728.00000000,0.97000000,0.00000000,0.00000000,0.39000000,广发证券
2020-04-20,000776,81.32000000,81.51000000,81.74000000,80.99000000,143590,200177849.00000000,0.92000000,0.41000000,0.33000000,0.24000000,广发证券
2020-04-21,000776,81.23000000,80.30000000,81.23000000,79.92000000,289589,397266800.00000000,1.61000000,-1.48000000,-1.21000000,0.49000000,广发证券
2020-04-22,000776,79.88000000,80.30000000,80.48000000,79.78000000,213046,291080144.00000000,0.87000000,0.00000000,0.00000000,0.36000000,广发证券
2020-04-23,000776,80.48000000,79.97000000,80.58000000,79.88000000,151688,207319288.00000000,0.87000000,-0.41000000,-0.33000000,0.26000000,广发证券
2020-04-24,000776,79.83000000,78.99000000,80.20000000,78.80000000,222747,300630080.00000000,1.75000000,-1.23000000,-0.98000000,0.38000000,广发证券
2020-04-27,000776,78.99000000,78.71000000,79.46000000,78.62000000,194627,261341728.00000000,1.06000000,-0.35000000,-0.28000000,0.33000000,广发证券
2020-04-28,000776,79.22000000,79.13000000,79.69000000,78.01000000,231161,310795696.00000000,2.13000000,0.53000000,0.42000000,0.39000000,广发证券
2020-04-29,000776,78.62000000,79.27000000,79.50000000,78.53000000,159659,214640839.00000000,1.23000000,0.18000000,0.14000000,0.27000000,广发证券
2020-04-30,000776,79.64000000,80.34000000,80.53000000,79.60000000,282099,385922624.00000000,1.17000000,1.35000000,1.07000000,0.48000000,广发证券
2020-05-06,000776,79.36000000,80.34000000,80.39000000,78.99000000,272337,369295216.00000000,1.74000000,0.00000000,0.00000000,0.46000000,广发证券
2020-05-07,000776,80.30000000,79.88000000,80.53000000,79.88000000,181867,248799158.00000000,0.81000000,-0.57000000,-0.46000000,0.31000000,广发证券
2020-05-08,000776,80.39000000,80.85000000,81.51000000,80.25000000,288919,399153984.00000000,1.58000000,1.21000000,0.97000000,0.49000000,广发证券
2020-05-11,000776,80.90000000,80.48000000,81.27000000,80.16000000,210744,290511424.00000000,1.37000000,-0.46000000,-0.37000000,0.36000000,广发证券
2020-05-12,000776,80.76000000,80.25000000,80.90000000,79.92000000,150994,207087278.00000000,1.22000000,-0.29000000,-0.23000000,0.26000000,广发证券
2020-05-13,000776,80.25000000,80.16000000,80.34000000,79.60000000,188834,257115197.00000000,0.92000000,-0.11000000,-0.09000000,0.32000000,广发证券
2020-05-14,000776,79.83000000,79.41000000,79.88000000,79.36000000,154419,209214562.00000000,0.65000000,-0.94000000,-0.75000000,0.26000000,广发证券
2020-05-15,000776,80.06000000,79.92000000,80.62000000,79.88000000,240647,329472384.00000000,0.93000000,0.64000000,0.51000000,0.41000000,广发证券
2020-05-18,000776,79.60000000,79.36000000,79.88000000,79.27000000,213424,288845824.00000000,0.76000000,-0.70000000,-0.56000000,0.36000000,广发证券
2020-05-19,000776,79.92000000,79.92000000,80.16000000,79.74000000,183460,249941624.00000000,0.53000000,0.71000000,0.56000000,0.31000000,广发证券
2020-05-20,000776,79.92000000,79.74000000,80.25000000,79.60000000,167356,227952241.00000000,0.81000000,-0.23000000,-0.18000000,0.28000000,广发证券
2020-05-21,000776,79.97000000,79.32000000,80.06000000,79.22000000,160592,217354963.00000000,1.05000000,-0.53000000,-0.42000000,0.27000000,广发证券
2020-05-22,000776,78.99000000,77.55000000,79.18000000,77.45000000,337946,447940848.00000000,2.18000000,-2.23000000,-1.77000000,0.57000000,广发证券
2020-05-25,000776,77.55000000,77.45000000,77.83000000,77.17000000,157537,206210439.00000000,0.85000000,-0.13000000,-0.10000000,0.27000000,广发证券
2020-05-26,000776,77.73000000,78.06000000,78.15000000,77.64000000,126636,167051401.00000000,0.66000000,0.79000000,0.61000000,0.21000000,广发证券
2020-05-27,000776,77.78000000,77.78000000,77.97000000,77.69000000,110812,145857028.00000000,0.36000000,-0.36000000,-0.28000000,0.19000000,广发证券
2020-05-28,000776,77.87000000,78.11000000,78.99000000,77.73000000,191414,253829385.00000000,1.62000000,0.42000000,0.33000000,0.32000000,广发证券
2020-05-29,000776,77.92000000,77.87000000,78.20000000,77.78000000,114012,150477861.00000000,0.54000000,-0.31000000,-0.24000000,0.19000000,广发证券
2020-06-01,000776,79.27000000,79.83000000,80.39000000,78.94000000,487908,662215936.00000000,1.86000000,2.52000000,1.96000000,0.82000000,广发证券
2020-06-02,000776,79.69000000,79.64000000,80.25000000,79.41000000,228184,309777376.00000000,1.05000000,-0.24000000,-0.19000000,0.39000000,广发证券
2020-06-03,000776,80.11000000,79.13000000,80.25000000,79.13000000,237052,321650752.00000000,1.41000000,-0.64000000,-0.51000000,0.40000000,广发证券
2020-06-04,000776,79.46000000,79.04000000,79.55000000,78.90000000,162586,218653490.00000000,0.82000000,-0.11000000,-0.09000000,0.27000000,广发证券
2020-06-05,000776,79.69000000,80.48000000,80.62000000,79.50000000,455715,622054400.00000000,1.42000000,1.82000000,1.44000000,0.77000000,广发证券
2020-06-08,000776,81.04000000,80.02000000,81.23000000,79.92000000,330503,453921568.00000000,1.63000000,-0.57000000,-0.46000000,0.56000000,广发证券
2020-06-09,000776,79.97000000,80.58000000,80.99000000,79.97000000,285134,392176256.00000000,1.27000000,0.70000000,0.56000000,0.48000000,广发证券
2020-06-10,000776,80.48000000,79.64000000,80.53000000,79.50000000,245864,334211392.00000000,1.28000000,-1.17000000,-0.94000000,0.42000000,广发证券
2020-06-11,000776,79.83000000,79.18000000,80.48000000,78.99000000,280352,380018896.00000000,1.87000000,-0.58000000,-0.46000000,0.47000000,广发证券
2020-06-12,000776,78.20000000,78.90000000,79.13000000,78.06000000,234698,313407184.00000000,1.35000000,-0.35000000,-0.28000000,0.40000000,广发证券
2020-06-15,000776,79.13000000,78.94000000,80.11000000,78.94000000,332829,450729984.00000000,1.48000000,0.05000000,0.04000000,0.56000000,广发证券
2020-06-16,000776,79.60000000,79.50000000,79.88000000,79.13000000,206934,279671792.00000000,0.95000000,0.71000000,0.56000000,0.35000000,广发证券
2020-06-17,000776,79.60000000,79.41000000,79.60000000,79.08000000,183471,247616953.00000000,0.65000000,-0.11000000,-0.09000000,0.31000000,广发证券
2020-06-18,000776,79.46000000,79.88000000,80.39000000,79.18000000,291351,396017632.00000000,1.52000000,0.59000000,0.47000000,0.49000000,广发证券
2020-06-19,000776,79.88000000,81.27000000,81.69000000,79.78000000,701185,968935040.00000000,2.39000000,1.74000000,1.39000000,1.18000000,广发证券
2020-06-22,000776,81.27000000,83.00000000,85.28000000,80.85000000,967960,1389183568.00000000,5.45000000,2.13000000,1.73000000,1.64000000,广发证券
2020-06-23,000776,82.63000000,83.42000000,83.70000000,81.93000000,547927,781209824.00000000,2.13000000,0.51000000,0.42000000,0.93000000,广发证券
2020-06-24,000776,83.56000000,83.42000000,84.72000000,83.00000000,453903,653720224.00000000,2.06000000,0.00000000,0.00000000,0.77000000,广发证券
2020-06-29,000776,82.44000000,81.13000000,82.58000000,80.85000000,568736,793453856.00000000,2.07000000,-2.75000000,-2.29000000,0.96000000,广发证券
2020-06-30,000776,81.55000000,82.25000000,83.42000000,80.81000000,782045,1098831936.00000000,3.22000000,1.38000000,1.12000000,1.32000000,广发证券
2020-07-01,000776,82.16000000,84.54000000,84.63000000,81.69000000,805209,1154234928.00000000,3.57000000,2.78000000,2.29000000,1.36000000,广发证券
2020-07-02,000776,84.35000000,88.78000000,89.43000000,84.12000000,1540141,2333403408.00000000,6.28000000,5.02000000,4.24000000,2.60000000,广发证券
2020-07-03,000776,89.52000000,93.62000000,94.41000000,88.22000000,2265745,3630573520.00000000,6.97000000,5.45000000,4.84000000,3.83000000,广发证券
2020-07-06,000776,95.72000000,101.31000000,101.31000000,94.88000000,3024466,5342044928.00000000,6.87000000,8.21000000,7.69000000,5.11000000,广发证券
2020-07-07,000776,101.26000000,97.49000000,101.26000000,96.51000000,2419571,4266957248.00000000,4.69000000,-3.77000000,-3.82000000,4.09000000,广发证券
2020-07-08,000776,97.07000000,101.17000000,104.38000000,96.84000000,2620501,4696258816.00000000,7.73000000,3.77000000,3.68000000,4.43000000,广发证券
2020-07-09,000776,102.29000000,102.43000000,104.43000000,99.86000000,2416762,4454513408.00000000,4.52000000,1.25000000,1.26000000,4.08000000,广发证券
2020-07-10,000776,99.82000000,98.70000000,101.82000000,98.47000000,1748363,3137402400.00000000,3.27000000,-3.64000000,-3.73000000,2.95000000,广发证券
2020-07-13,000776,95.67000000,97.02000000,98.89000000,92.55000000,4188967,7131154944.00000000,6.42000000,-1.70000000,-1.68000000,7.08000000,广发证券
2020-07-14,000776,95.44000000,95.44000000,96.14000000,93.43000000,2186500,3687872656.00000000,2.79000000,-1.63000000,-1.58000000,3.69000000,广发证券
2020-07-15,000776,96.32000000,93.95000000,96.84000000,93.81000000,1795719,3035539392.00000000,3.17000000,-1.56000000,-1.49000000,3.03000000,广发证券
2020-07-16,000776,94.37000000,90.59000000,95.44000000,90.03000000,1477670,2432148048.00000000,5.76000000,-3.58000000,-3.36000000,2.50000000,广发证券
2020-07-17,000776,91.24000000,87.94000000,91.52000000,86.91000000,1419935,2204158416.00000000,5.09000000,-2.93000000,-2.65000000,2.40000000,广发证券
2020-07-20,000776,89.19000000,91.20000000,91.94000000,88.78000000,1275313,2019806192.00000000,3.59000000,3.71000000,3.26000000,2.15000000,广发证券
2020-07-21,000776,91.76000000,90.27000000,91.80000000,89.66000000,835390,1325529120.00000000,2.35000000,-1.02000000,-0.93000000,1.41000000,广发证券
2020-07-22,000776,90.50000000,90.97000000,93.25000000,90.13000000,1244901,2014022448.00000000,3.46000000,0.78000000,0.70000000,2.10000000,广发证券
2020-07-23,000776,90.08000000,90.59000000,91.29000000,88.68000000,903199,1425298528.00000000,2.87000000,-0.42000000,-0.38000000,1.53000000,广发证券
2020-07-24,000776,90.08000000,87.05000000,91.15000000,86.45000000,965485,1493131216.00000000,5.19000000,-3.91000000,-3.54000000,1.63000000,广发证券
2020-07-27,000776,87.33000000,87.05000000,87.66000000,85.75000000,616533,931423152.00000000,2.19000000,0.00000000,0.00000000,1.04000000,广发证券
2020-07-28,000776,87.38000000,87.38000000,88.12000000,86.82000000,515585,784686736.00000000,1.49000000,0.38000000,0.33000000,0.87000000,广发证券
2020-07-29,000776,87.05000000,89.33000000,89.61000000,86.87000000,846532,1313133056.00000000,3.14000000,2.23000000,1.95000000,1.43000000,广发证券
2020-07-30,000776,89.61000000,88.59000000,89.66000000,88.40000000,583444,907563552.00000000,1.41000000,-0.83000000,-0.74000000,0.99000000,广发证券
2020-07-31,000776,88.22000000,89.15000000,90.41000000,88.22000000,806743,1261337440.00000000,2.47000000,0.63000000,0.56000000,1.36000000,广发证券
2020-08-03,000776,90.36000000,91.38000000,91.43000000,89.38000000,878786,1393011008.00000000,2.30000000,2.50000000,2.23000000,1.48000000,广发证券
2020-08-04,000776,91.62000000,91.85000000,93.20000000,90.73000000,955320,1548259136.00000000,2.70000000,0.51000000,0.47000000,1.61000000,广发证券
2020-08-05,000776,92.04000000,91.34000000,92.04000000,90.59000000,553205,869002128.00000000,1.58000000,-0.56000000,-0.51000000,0.93000000,广发证券
2020-08-06,000776,91.24000000,93.16000000,93.90000000,90.31000000,815547,1289923664.00000000,3.93000000,1.99000000,1.82000000,1.38000000,广发证券
2020-08-07,000776,91.62000000,90.59000000,92.13000000,89.52000000,1058894,1652931968.00000000,2.80000000,-2.76000000,-2.57000000,1.79000000,广发证券
2020-08-10,000776,90.08000000,91.57000000,92.41000000,89.61000000,833576,1307711296.00000000,3.09000000,1.08000000,0.98000000,1.41000000,广发证券
2020-08-11,000776,91.48000000,90.03000000,92.36000000,89.85000000,676006,1059955952.00000000,2.74000000,-1.68000000,-1.54000000,1.14000000,广发证券
2020-08-12,000776,89.99000000,89.89000000,90.55000000,88.82000000,516656,793748496.00000000,1.92000000,-0.16000000,-0.14000000,0.87000000,广发证券
2020-08-13,000776,90.17000000,90.22000000,90.92000000,89.52000000,439763,681117488.00000000,1.56000000,0.37000000,0.33000000,0.74000000,广发证券
2020-08-14,000776,89.89000000,91.06000000,91.15000000,89.66000000,439157,681669776.00000000,1.65000000,0.93000000,0.84000000,0.74000000,广发证券
2020-08-17,000776,92.13000000,93.90000000,95.34000000,92.08000000,1519665,2462202592.00000000,3.58000000,3.12000000,2.84000000,2.57000000,广发证券
2020-08-18,000776,93.34000000,93.02000000,94.04000000,92.55000000,694755,1120382368.00000000,1.59000000,-0.94000000,-0.88000000,1.17000000,广发证券
2020-08-19,000776,92.92000000,92.04000000,93.39000000,91.85000000,556139,889639856.00000000,1.66000000,-1.05000000,-0.98000000,0.94000000,广发证券
2020-08-20,000776,91.71000000,90.83000000,91.71000000,90.59000000,411028,644225104.00000000,1.22000000,-1.31000000,-1.21000000,0.69000000,广发证券
2020-08-21,000776,91.29000000,91.85000000,91.90000000,91.01000000,376686,593392336.00000000,0.98000000,1.12000000,1.02000000,0.64000000,广发证券
2020-08-24,000776,92.13000000,92.13000000,93.16000000,91.62000000,416664,665147952.00000000,1.68000000,0.30000000,0.28000000,0.70000000,广发证券
2020-08-25,000776,92.36000000,91.38000000,92.92000000,91.34000000,392683,623855264.00000000,1.71000000,-0.81000000,-0.75000000,0.66000000,广发证券
2020-08-26,000776,91.24000000,90.03000000,91.62000000,89.71000000,487693,757843232.00000000,2.09000000,-1.48000000,-1.35000000,0.82000000,广发证券
2020-08-27,000776,90.13000000,90.59000000,91.06000000,89.80000000,305544,474446144.00000000,1.40000000,0.62000000,0.56000000,0.52000000,广发证券
2020-08-28,000776,90.45000000,92.32000000,92.41000000,90.36000000,509684,802936912.00000000,2.26000000,1.91000000,1.73000000,0.86000000,广发证券
2020-08-31,000776,93.71000000,93.43000000,96.51000000,93.39000000,1555993,2568244688.00000000,3.38000000,1.20000000,1.11000000,2.63000000,广发证券
2020-09-01,000776,93.85000000,95.16000000,95.58000000,93.85000000,918759,1513162112.00000000,1.85000000,1.85000000,1.73000000,1.55000000,广发证券
2020-09-02,000776,95.21000000,94.93000000,95.62000000,94.32000000,761956,1258628240.00000000,1.37000000,-0.24000000,-0.23000000,1.29000000,广发证券
2020-09-03,000776,95.21000000,95.48000000,96.14000000,94.51000000,765361,1268871472.00000000,1.72000000,0.58000000,0.55000000,1.29000000,广发证券
2020-09-04,000776,94.32000000,94.04000000,94.79000000,93.43000000,601762,982056672.00000000,1.42000000,-1.51000000,-1.44000000,1.02000000,广发证券
2020-09-07,000776,93.95000000,91.94000000,94.41000000,91.85000000,598144,963831744.00000000,2.72000000,-2.23000000,-2.10000000,1.01000000,广发证券
2020-09-08,000776,92.27000000,94.79000000,95.21000000,91.76000000,884555,1437110416.00000000,3.75000000,3.10000000,2.85000000,1.49000000,广发证券
2020-09-09,000776,93.76000000,93.20000000,94.46000000,93.16000000,623793,1013104368.00000000,1.37000000,-1.68000000,-1.59000000,1.05000000,广发证券
2020-09-10,000776,94.04000000,91.90000000,94.13000000,91.76000000,594464,956237040.00000000,2.54000000,-1.39000000,-1.30000000,1.00000000,广发证券
2020-09-11,000776,91.76000000,92.64000000,92.74000000,91.06000000,433038,686432720.00000000,1.83000000,0.81000000,0.74000000,0.73000000,广发证券
2020-09-14,000776,92.74000000,92.64000000,92.92000000,92.04000000,341388,544334224.00000000,0.95000000,0.00000000,0.00000000,0.58000000,广发证券
2020-09-15,000776,92.69000000,92.36000000,92.88000000,92.04000000,315905,503942240.00000000,0.91000000,-0.30000000,-0.28000000,0.53000000,广发证券
2020-09-16,000776,92.22000000,92.08000000,93.34000000,91.76000000,400779,640587648.00000000,1.71000000,-0.30000000,-0.28000000,0.68000000,广发证券
2020-09-17,000776,92.04000000,91.52000000,92.50000000,91.06000000,379377,599041440.00000000,1.56000000,-0.61000000,-0.56000000,0.64000000,广发证券
2020-09-18,000776,91.62000000,95.16000000,95.67000000,91.43000000,1097893,1790432288.00000000,4.63000000,3.98000000,3.64000000,1.85000000,广发证券
2020-09-21,000776,96.70000000,94.65000000,97.07000000,94.55000000,961290,1600554144.00000000,2.65000000,-0.54000000,-0.51000000,1.62000000,广发证券
2020-09-22,000776,94.09000000,94.27000000,96.60000000,93.81000000,794141,1311089392.00000000,2.95000000,-0.40000000,-0.38000000,1.34000000,广发证券
2020-09-23,000776,94.60000000,93.06000000,94.83000000,92.69000000,631385,1023901264.00000000,2.27000000,-1.28000000,-1.21000000,1.07000000,广发证券
2020-09-24,000776,92.55000000,91.94000000,93.16000000,91.66000000,490772,781257568.00000000,1.61000000,-1.20000000,-1.12000000,0.83000000,广发证券
2020-09-25,000776,92.08000000,92.36000000,92.97000000,91.43000000,556607,885649488.00000000,1.68000000,0.46000000,0.42000000,0.94000000,广发证券
2020-09-28,000776,91.71000000,92.22000000,92.55000000,91.57000000,375320,596367696.00000000,1.06000000,-0.15000000,-0.14000000,0.63000000,广发证券
2020-09-29,000776,92.50000000,92.36000000,92.92000000,92.22000000,314878,503370416.00000000,0.76000000,0.15000000,0.14000000,0.53000000,广发证券
2020-09-30,000776,92.41000000,91.62000000,92.64000000,91.06000000,417866,661741328.00000000,1.71000000,-0.80000000,-0.74000000,0.71000000,广发证券
2020-10-09,000776,92.55000000,92.64000000,92.92000000,92.04000000,439394,702383824.00000000,0.96000000,1.11000000,1.02000000,0.74000000,广发证券
2020-10-12,000776,93.29000000,94.97000000,95.21000000,93.25000000,813980,1336886064.00000000,2.12000000,2.52000000,2.33000000,1.38000000,广发证券
2020-10-13,000776,94.41000000,94.04000000,94.51000000,93.57000000,478478,779169104.00000000,0.99000000,-0.98000000,-0.93000000,0.81000000,广发证券
2020-10-14,000776,93.99000000,93.90000000,94.23000000,93.48000000,318261,517291312.00000000,0.80000000,-0.15000000,-0.14000000,0.54000000,广发证券
2020-10-15,000776,94.04000000,93.85000000,94.88000000,93.81000000,372068,607851104.00000000,1.14000000,-0.05000000,-0.05000000,0.63000000,广发证券
2020-10-16,000776,93.85000000,94.18000000,94.65000000,93.76000000,367910,600764304.00000000,0.95000000,0.35000000,0.33000000,0.62000000,广发证券
2020-10-19,000776,94.83000000,93.20000000,95.21000000,93.16000000,472051,771104896.00000000,2.18000000,-1.04000000,-0.98000000,0.80000000,广发证券
2020-10-20,000776,93.16000000,93.20000000,93.34000000,92.13000000,353867,567048240.00000000,1.30000000,0.00000000,0.00000000,0.60000000,广发证券
2020-10-21,000776,93.11000000,93.11000000,93.57000000,92.41000000,245408,393846176.00000000,1.24000000,-0.10000000,-0.09000000,0.41000000,广发证券
2020-10-22,000776,93.06000000,93.16000000,93.99000000,92.55000000,297678,479519216.00000000,1.55000000,0.05000000,0.05000000,0.50000000,广发证券
2020-10-23,000776,93.20000000,92.88000000,94.27000000,92.78000000,422080,683654640.00000000,1.60000000,-0.30000000,-0.28000000,0.71000000,广发证券
2020-10-26,000776,92.78000000,91.24000000,92.78000000,91.06000000,507608,801789440.00000000,1.85000000,-1.77000000,-1.64000000,0.86000000,广发证券
2020-10-27,000776,91.20000000,90.87000000,91.52000000,90.22000000,312341,487079808.00000000,1.42000000,-0.41000000,-0.37000000,0.53000000,广发证券
2020-10-28,000776,90.83000000,91.52000000,91.90000000,90.59000000,287774,451892544.00000000,1.44000000,0.72000000,0.65000000,0.49000000,广发证券
2020-10-29,000776,90.97000000,92.08000000,92.69000000,90.64000000,357590,564946208.00000000,2.24000000,0.61000000,0.56000000,0.60000000,广发证券
2020-10-30,000776,91.85000000,89.85000000,92.46000000,89.75000000,419992,657702320.00000000,2.94000000,-2.42000000,-2.23000000,0.71000000,广发证券
2020-11-02,000776,89.85000000,89.99000000,91.06000000,89.15000000,421062,650412144.00000000,2.13000000,0.16000000,0.14000000,0.71000000,广发证券
2020-11-03,000776,90.13000000,91.66000000,92.08000000,90.13000000,420410,660275408.00000000,2.17000000,1.86000000,1.67000000,0.71000000,广发证券
2020-11-04,000776,91.71000000,91.71000000,92.32000000,91.06000000,333783,527270352.00000000,1.37000000,0.05000000,0.05000000,0.56000000,广发证券
2020-11-05,000776,92.64000000,92.83000000,93.43000000,92.41000000,444487,713349952.00000000,1.11000000,1.22000000,1.12000000,0.75000000,广发证券
2020-11-06,000776,92.88000000,92.92000000,93.76000000,92.32000000,474972,763694000.00000000,1.55000000,0.10000000,0.09000000,0.80000000,广发证券
2020-11-09,000776,94.04000000,100.42000000,100.42000000,93.90000000,1858932,3189842128.00000000,7.02000000,8.07000000,7.50000000,3.14000000,广发证券
2020-11-10,000776,103.64000000,101.45000000,104.57000000,101.03000000,2983647,5423525888.00000000,3.53000000,1.03000000,1.03000000,5.04000000,广发证券
2020-11-11,000776,101.22000000,98.00000000,102.99000000,97.67000000,1867182,3284383840.00000000,5.24000000,-3.40000000,-3.45000000,3.15000000,广发证券
2020-11-12,000776,98.05000000,97.39000000,99.07000000,96.98000000,830944,1424509056.00000000,2.13000000,-0.62000000,-0.61000000,1.40000000,广发证券
2020-11-13,000776,97.49000000,96.56000000,97.72000000,95.72000000,695262,1171577232.00000000,2.05000000,-0.85000000,-0.83000000,1.17000000,广发证券
2020-11-16,000776,97.63000000,97.35000000,97.91000000,96.42000000,715213,1212943520.00000000,1.54000000,0.82000000,0.79000000,1.21000000,广发证券
2020-11-17,000776,97.02000000,96.42000000,97.07000000,95.30000000,699672,1169591328.00000000,1.82000000,-0.96000000,-0.93000000,1.18000000,广发证券
2020-11-18,000776,96.51000000,96.23000000,98.00000000,95.81000000,819593,1383294352.00000000,2.27000000,-0.20000000,-0.19000000,1.38000000,广发证券
2020-11-19,000776,95.81000000,96.51000000,97.02000000,94.60000000,640405,1067229904.00000000,2.51000000,0.29000000,0.28000000,1.08000000,广发证券
2020-11-20,000776,96.28000000,96.37000000,96.56000000,95.53000000,433633,726246016.00000000,1.07000000,-0.15000000,-0.14000000,0.73000000,广发证券
2020-11-23,000776,96.32000000,97.44000000,99.07000000,95.67000000,1274459,2172696576.00000000,3.53000000,1.11000000,1.07000000,2.15000000,广发证券
2020-11-24,000776,97.44000000,96.70000000,97.49000000,96.42000000,609546,1030758432.00000000,1.10000000,-0.76000000,-0.74000000,1.03000000,广发证券
2020-11-25,000776,97.21000000,95.44000000,98.09000000,95.44000000,702725,1186579040.00000000,2.74000000,-1.30000000,-1.26000000,1.19000000,广发证券
2020-11-26,000776,95.39000000,95.72000000,96.18000000,94.79000000,502934,834383568.00000000,1.46000000,0.29000000,0.28000000,0.85000000,广发证券
2020-11-27,000776,95.72000000,96.98000000,96.98000000,95.44000000,563196,943041024.00000000,1.61000000,1.32000000,1.26000000,0.95000000,广发证券
2020-11-30,000776,97.49000000,96.98000000,100.33000000,96.98000000,1559720,2698836000.00000000,3.45000000,0.00000000,0.00000000,2.63000000,广发证券
2020-12-01,000776,96.74000000,99.17000000,99.96000000,96.14000000,1148699,1974089680.00000000,3.94000000,2.26000000,2.19000000,1.94000000,广发证券
2020-12-02,000776,99.17000000,98.65000000,100.33000000,98.23000000,968499,1682893664.00000000,2.12000000,-0.52000000,-0.52000000,1.64000000,广发证券
2020-12-03,000776,98.61000000,99.12000000,99.82000000,98.47000000,718276,1248617808.00000000,1.37000000,0.48000000,0.47000000,1.21000000,广发证券
2020-12-04,000776,98.56000000,97.58000000,98.84000000,97.12000000,652290,1113712112.00000000,1.74000000,-1.55000000,-1.54000000,1.10000000,广发证券
2020-12-07,000776,97.49000000,95.72000000,97.77000000,95.67000000,602336,1013897952.00000000,2.15000000,-1.91000000,-1.86000000,1.02000000,广发证券
2020-12-08,000776,96.04000000,95.53000000,96.46000000,95.48000000,378978,632881744.00000000,1.02000000,-0.20000000,-0.19000000,0.64000000,广发证券
2020-12-09,000776,95.67000000,93.39000000,96.09000000,93.25000000,566928,933804416.00000000,2.97000000,-2.24000000,-2.14000000,0.96000000,广发证券
2020-12-10,000776,93.20000000,93.34000000,93.90000000,92.64000000,448596,724298080.00000000,1.35000000,-0.05000000,-0.05000000,0.76000000,广发证券
2020-12-11,000776,93.39000000,92.13000000,93.53000000,90.87000000,653227,1038674704.00000000,2.85000000,-1.30000000,-1.21000000,1.10000000,广发证券
2020-12-14,000776,91.99000000,92.36000000,92.41000000,91.57000000,317663,504542640.00000000,0.91000000,0.25000000,0.23000000,0.54000000,广发证券
2020-12-15,000776,92.32000000,92.55000000,92.74000000,91.57000000,343071,545134752.00000000,1.27000000,0.21000000,0.19000000,0.58000000,广发证券
2020-12-16,000776,92.64000000,91.94000000,92.83000000,91.94000000,254425,405384416.00000000,0.96000000,-0.66000000,-0.61000000,0.43000000,广发证券
2020-12-17,000776,91.94000000,93.62000000,93.76000000,91.15000000,529336,847219168.00000000,2.84000000,1.83000000,1.68000000,0.89000000,广发证券
2020-12-18,000776,93.67000000,92.83000000,93.76000000,92.64000000,330359,531283504.00000000,1.20000000,-0.84000000,-0.79000000,0.56000000,广发证券
2020-12-21,000776,92.92000000,93.25000000,93.62000000,92.13000000,396419,636802416.00000000,1.61000000,0.45000000,0.42000000,0.67000000,广发证券
2020-12-22,000776,93.11000000,90.36000000,93.11000000,90.31000000,576609,910568704.00000000,3.00000000,-3.10000000,-2.89000000,0.97000000,广发证券
2020-12-23,000776,90.73000000,90.87000000,91.34000000,89.85000000,417660,650115072.00000000,1.65000000,0.56000000,0.51000000,0.71000000,广发证券
2020-12-24,000776,90.73000000,90.03000000,91.38000000,89.85000000,329772,512030752.00000000,1.68000000,-0.92000000,-0.84000000,0.56000000,广发证券
2020-12-25,000776,90.45000000,91.34000000,91.80000000,89.94000000,392934,615225168.00000000,2.07000000,1.46000000,1.31000000,0.66000000,广发证券
2020-12-28,000776,91.06000000,90.83000000,91.94000000,90.31000000,383914,601066688.00000000,1.78000000,-0.56000000,-0.51000000,0.65000000,广发证券
2020-12-29,000776,91.24000000,90.97000000,92.18000000,90.78000000,436121,686279280.00000000,1.54000000,0.15000000,0.14000000,0.74000000,广发证券
2020-12-30,000776,90.73000000,91.76000000,91.85000000,90.45000000,480258,754984640.00000000,1.54000000,0.87000000,0.79000000,0.81000000,广发证券
2020-12-31,000776,91.94000000,93.95000000,94.65000000,91.94000000,920290,1490916288.00000000,2.95000000,2.39000000,2.19000000,1.55000000,广发证券
2021-01-04,000776,94.97000000,93.99000000,95.34000000,92.97000000,851439,1386425280.00000000,2.52000000,0.04000000,0.04000000,1.44000000,广发证券
2021-01-05,000776,93.34000000,93.62000000,94.04000000,92.41000000,815742,1315628496.00000000,1.73000000,-0.39000000,-0.37000000,1.38000000,广发证券
2021-01-06,000776,93.57000000,93.39000000,94.69000000,92.69000000,705749,1142695744.00000000,2.14000000,-0.25000000,-0.23000000,1.19000000,广发证券
2021-01-07,000776,93.57000000,93.48000000,93.95000000,91.90000000,723790,1164471360.00000000,2.20000000,0.10000000,0.09000000,1.22000000,广发证券
2021-01-08,000776,93.53000000,95.16000000,96.60000000,93.11000000,1258024,2067795456.00000000,3.73000000,1.80000000,1.68000000,2.13000000,广发证券
2021-01-11,000776,95.62000000,93.39000000,96.56000000,93.06000000,1036206,1705512096.00000000,3.68000000,-1.86000000,-1.77000000,1.75000000,广发证券
2021-01-12,000776,92.97000000,97.67000000,98.70000000,92.50000000,1783027,2970269952.00000000,6.64000000,4.58000000,4.28000000,3.01000000,广发证券
2021-01-13,000776,96.84000000,95.67000000,97.49000000,95.21000000,1186996,1992834352.00000000,2.33000000,-2.05000000,-2.00000000,2.01000000,广发证券
2021-01-14,000776,95.72000000,95.62000000,97.26000000,95.07000000,1002924,1678570832.00000000,2.29000000,-0.05000000,-0.05000000,1.69000000,广发证券
2021-01-15,000776,95.76000000,96.46000000,97.53000000,95.53000000,912463,1534797488.00000000,2.09000000,0.88000000,0.84000000,1.54000000,广发证券
2021-01-18,000776,96.60000000,98.14000000,99.77000000,96.42000000,1304197,2247480928.00000000,3.47000000,1.74000000,1.68000000,2.20000000,广发证券
2021-01-19,000776,98.23000000,99.17000000,102.10000000,98.00000000,1727631,3034825680.00000000,4.18000000,1.05000000,1.03000000,2.92000000,广发证券
2021-01-20,000776,99.17000000,98.61000000,100.33000000,97.81000000,1094047,1898141856.00000000,2.54000000,-0.56000000,-0.56000000,1.85000000,广发证券
2021-01-21,000776,99.35000000,98.84000000,100.89000000,98.00000000,1231327,2145074992.00000000,2.93000000,0.23000000,0.23000000,2.08000000,广发证券
2021-01-22,000776,98.05000000,96.56000000,98.51000000,95.44000000,1195307,2018686000.00000000,3.11000000,-2.31000000,-2.28000000,2.02000000,广发证券
2021-01-25,000776,96.51000000,97.39000000,98.42000000,96.14000000,1017755,1735022144.00000000,2.36000000,0.86000000,0.83000000,1.72000000,广发证券
2021-01-26,000776,97.02000000,94.65000000,97.91000000,94.41000000,890751,1487253616.00000000,3.59000000,-2.81000000,-2.74000000,1.50000000,广发证券
2021-01-27,000776,95.07000000,94.69000000,96.04000000,94.51000000,534220,883255104.00000000,1.62000000,0.04000000,0.04000000,0.90000000,广发证券
2021-01-28,000776,93.48000000,93.67000000,94.69000000,93.20000000,602772,978507216.00000000,1.57000000,-1.08000000,-1.02000000,1.02000000,广发证券
2021-01-29,000776,94.04000000,92.04000000,94.37000000,91.15000000,642728,1026208736.00000000,3.44000000,-1.74000000,-1.63000000,1.09000000,广发证券
2021-02-01,000776,92.27000000,92.74000000,93.57000000,91.80000000,557058,892055200.00000000,1.92000000,0.76000000,0.70000000,0.94000000,广发证券
2021-02-02,000776,92.74000000,92.64000000,92.97000000,91.34000000,543850,865242464.00000000,1.76000000,-0.11000000,-0.10000000,0.92000000,广发证券
2021-02-03,000776,92.64000000,91.90000000,93.34000000,91.90000000,416161,665070912.00000000,1.55000000,-0.80000000,-0.74000000,0.70000000,广发证券
2021-02-04,000776,91.62000000,90.31000000,91.62000000,89.38000000,596337,926344240.00000000,2.44000000,-1.73000000,-1.59000000,1.01000000,广发证券
2021-02-05,000776,90.50000000,89.80000000,90.97000000,89.71000000,411910,638429920.00000000,1.40000000,-0.56000000,-0.51000000,0.70000000,广发证券
2021-02-08,000776,89.89000000,90.27000000,90.73000000,89.43000000,365094,564738480.00000000,1.45000000,0.52000000,0.47000000,0.62000000,广发证券
2021-02-09,000776,90.31000000,91.90000000,92.08000000,89.52000000,598088,936168640.00000000,2.84000000,1.81000000,1.63000000,1.01000000,广发证券
2021-02-10,000776,91.90000000,91.99000000,92.32000000,91.01000000,465282,735850976.00000000,1.43000000,0.10000000,0.09000000,0.79000000,广发证券
2021-02-18,000776,93.11000000,93.06000000,93.76000000,92.41000000,579502,931923376.00000000,1.47000000,1.16000000,1.07000000,0.98000000,广发证券
2021-02-19,000776,92.69000000,96.60000000,96.74000000,92.46000000,856229,1407186192.00000000,4.60000000,3.80000000,3.54000000,1.45000000,广发证券
2021-02-22,000776,96.84000000,95.21000000,97.86000000,95.21000000,987583,1663322816.00000000,2.74000000,-1.44000000,-1.39000000,1.67000000,广发证券
2021-02-23,000776,94.83000000,95.21000000,96.04000000,94.51000000,579203,959842256.00000000,1.61000000,0.00000000,0.00000000,0.98000000,广发证券
2021-02-24,000776,95.25000000,93.99000000,95.81000000,93.34000000,641436,1055734320.00000000,2.59000000,-1.28000000,-1.22000000,1.08000000,广发证券
2021-02-25,000776,94.18000000,94.55000000,95.90000000,93.67000000,725721,1195542288.00000000,2.37000000,0.60000000,0.56000000,1.23000000,广发证券
2021-02-26,000776,93.25000000,92.69000000,93.85000000,92.41000000,600604,967110992.00000000,1.52000000,-1.97000000,-1.86000000,1.01000000,广发证券
2021-03-01,000776,93.11000000,92.18000000,93.34000000,91.15000000,653936,1036740160.00000000,2.36000000,-0.55000000,-0.51000000,1.10000000,广发证券
2021-03-02,000776,92.22000000,91.62000000,92.55000000,91.34000000,378982,600607072.00000000,1.31000000,-0.61000000,-0.56000000,0.64000000,广发证券
2021-03-03,000776,91.29000000,92.83000000,92.88000000,91.24000000,433830,690562176.00000000,1.79000000,1.32000000,1.21000000,0.73000000,广发证券
2021-03-04,000776,92.32000000,91.34000000,92.41000000,91.06000000,531839,838880128.00000000,1.45000000,-1.61000000,-1.49000000,0.90000000,广发证券
2021-03-05,000776,90.83000000,92.69000000,93.16000000,90.78000000,686533,1093948912.00000000,2.61000000,1.48000000,1.35000000,1.16000000,广发证券
2021-03-08,000776,93.25000000,91.62000000,93.81000000,91.62000000,506316,812191184.00000000,2.36000000,-1.15000000,-1.07000000,0.86000000,广发证券
2021-03-09,000776,91.43000000,90.69000000,91.94000000,89.89000000,483014,755259376.00000000,2.24000000,-1.02000000,-0.93000000,0.82000000,广发证券
2021-03-10,000776,91.11000000,90.50000000,91.29000000,90.22000000,289724,451095840.00000000,1.18000000,-0.21000000,-0.19000000,0.49000000,广发证券
2021-03-11,000776,90.78000000,91.43000000,91.52000000,90.36000000,313143,490579648.00000000,1.28000000,1.03000000,0.93000000,0.53000000,广发证券
2021-03-12,000776,91.29000000,91.43000000,92.36000000,90.50000000,453657,712640592.00000000,2.03000000,0.00000000,0.00000000,0.77000000,广发证券
2021-03-15,000776,90.92000000,90.41000000,91.01000000,90.08000000,371268,577384768.00000000,1.02000000,-1.12000000,-1.02000000,0.63000000,广发证券
2021-03-16,000776,90.50000000,90.83000000,91.01000000,90.17000000,247353,385166672.00000000,0.93000000,0.46000000,0.42000000,0.42000000,广发证券
2021-03-17,000776,90.59000000,90.69000000,90.97000000,90.31000000,298040,463994560.00000000,0.73000000,-0.15000000,-0.14000000,0.50000000,广发证券
2021-03-18,000776,90.87000000,90.45000000,91.06000000,90.45000000,248610,387661312.00000000,0.67000000,-0.26000000,-0.24000000,0.42000000,广发证券
2021-03-19,000776,89.99000000,89.89000000,90.17000000,89.61000000,325888,501965280.00000000,0.62000000,-0.62000000,-0.56000000,0.55000000,广发证券
2021-03-22,000776,90.08000000,90.92000000,91.34000000,89.94000000,328178,510825728.00000000,1.56000000,1.15000000,1.03000000,0.55000000,广发证券
2021-03-23,000776,90.73000000,91.20000000,91.66000000,90.36000000,367804,575673408.00000000,1.43000000,0.31000000,0.28000000,0.62000000,广发证券
2021-03-24,000776,90.87000000,91.29000000,92.60000000,90.73000000,546912,863863504.00000000,2.05000000,0.10000000,0.09000000,0.92000000,广发证券
2021-03-25,000776,90.97000000,90.73000000,91.57000000,90.59000000,269931,422346784.00000000,1.07000000,-0.61000000,-0.56000000,0.46000000,广发证券
2021-03-26,000776,90.73000000,90.92000000,91.06000000,90.45000000,232720,363099168.00000000,0.67000000,0.21000000,0.19000000,0.39000000,广发证券
2021-03-29,000776,90.92000000,92.32000000,93.39000000,90.69000000,602252,957190464.00000000,2.97000000,1.54000000,1.40000000,1.02000000,广发证券
2021-03-30,000776,91.76000000,91.71000000,92.13000000,91.48000000,317119,500966752.00000000,0.70000000,-0.66000000,-0.61000000,0.54000000,广发证券
2021-03-31,000776,91.62000000,91.11000000,91.62000000,90.69000000,293245,459079280.00000000,1.01000000,-0.65000000,-0.60000000,0.50000000,广发证券
2021-04-01,000776,91.11000000,91.94000000,91.94000000,90.97000000,264958,416403824.00000000,1.06000000,0.91000000,0.83000000,0.45000000,广发证券
2021-04-02,000776,92.08000000,91.76000000,92.18000000,91.48000000,323052,510939824.00000000,0.76000000,-0.20000000,-0.18000000,0.55000000,广发证券
2021-04-06,000776,92.18000000,91.80000000,92.32000000,91.66000000,214466,339631216.00000000,0.72000000,0.04000000,0.04000000,0.36000000,广发证券
2021-04-07,000776,91.71000000,91.57000000,91.90000000,90.92000000,227334,357637264.00000000,1.07000000,-0.25000000,-0.23000000,0.38000000,广发证券
2021-04-08,000776,91.34000000,91.66000000,92.32000000,91.15000000,288672,456665616.00000000,1.28000000,0.10000000,0.09000000,0.49000000,广发证券
2021-04-09,000776,91.57000000,91.29000000,91.71000000,91.06000000,222766,350022240.00000000,0.71000000,-0.40000000,-0.37000000,0.38000000,广发证券
2021-04-12,000776,91.01000000,89.43000000,91.15000000,89.29000000,350087,542063584.00000000,2.04000000,-2.04000000,-1.86000000,0.59000000,广发证券
2021-04-13,000776,89.43000000,87.75000000,89.61000000,87.14000000,456485,687989808.00000000,2.76000000,-1.88000000,-1.68000000,0.77000000,广发证券
2021-04-14,000776,87.80000000,88.12000000,88.22000000,87.47000000,265519,397405904.00000000,0.85000000,0.42000000,0.37000000,0.45000000,广发证券
2021-04-15,000776,87.89000000,87.00000000,87.89000000,86.77000000,272541,403561024.00000000,1.27000000,-1.27000000,-1.12000000,0.46000000,广发证券
2021-04-16,000776,87.05000000,87.80000000,87.89000000,86.96000000,219687,326965744.00000000,1.07000000,0.92000000,0.80000000,0.37000000,广发证券
2021-04-19,000776,87.52000000,89.10000000,89.15000000,87.10000000,372251,561834832.00000000,2.33000000,1.48000000,1.30000000,0.63000000,广发证券
2021-04-20,000776,88.82000000,88.12000000,89.24000000,88.08000000,256634,388112480.00000000,1.30000000,-1.10000000,-0.98000000,0.43000000,广发证券
2021-04-21,000776,87.89000000,87.70000000,88.26000000,87.61000000,177002,265009048.00000000,0.74000000,-0.48000000,-0.42000000,0.30000000,广发证券
2021-04-22,000776,87.84000000,87.61000000,88.22000000,87.56000000,193251,289283328.00000000,0.75000000,-0.10000000,-0.09000000,0.33000000,广发证券
2021-04-23,000776,87.47000000,87.52000000,87.80000000,87.28000000,191388,284950736.00000000,0.59000000,-0.10000000,-0.09000000,0.32000000,广发证券
2021-04-26,000776,87.52000000,86.17000000,87.89000000,86.12000000,374620,554176224.00000000,2.02000000,-1.54000000,-1.35000000,0.63000000,广发证券
2021-04-27,000776,86.17000000,86.45000000,86.63000000,85.33000000,315953,459802848.00000000,1.51000000,0.32000000,0.28000000,0.53000000,广发证券
2021-04-28,000776,86.17000000,86.45000000,86.49000000,85.98000000,159706,233746981.00000000,0.59000000,0.00000000,0.00000000,0.27000000,广发证券
2021-04-29,000776,86.49000000,88.03000000,88.64000000,86.35000000,453789,679552320.00000000,2.65000000,1.83000000,1.58000000,0.77000000,广发证券
2021-04-30,000776,87.75000000,87.28000000,87.89000000,86.87000000,246381,365944880.00000000,1.16000000,-0.85000000,-0.75000000,0.42000000,广发证券
2021-05-06,000776,87.42000000,87.00000000,87.94000000,86.87000000,208022,309188016.00000000,1.23000000,-0.32000000,-0.28000000,0.35000000,广发证券
2021-05-07,000776,87.28000000,86.91000000,87.38000000,86.82000000,206246,305312720.00000000,0.64000000,-0.10000000,-0.09000000,0.35000000,广发证券
2021-05-10,000776,86.87000000,86.26000000,87.05000000,85.70000000,263656,385179904.00000000,1.55000000,-0.75000000,-0.65000000,0.45000000,广发证券
2021-05-11,000776,85.79000000,86.87000000,87.10000000,85.70000000,225861,331262672.00000000,1.62000000,0.71000000,0.61000000,0.38000000,广发证券
2021-05-12,000776,86.63000000,86.87000000,87.00000000,86.21000000,157714,232097020.00000000,0.91000000,0.00000000,0.00000000,0.27000000,广发证券
2021-05-13,000776,86.63000000,86.54000000,87.19000000,86.35000000,169951,250522433.00000000,0.97000000,-0.38000000,-0.33000000,0.29000000,广发证券
2021-05-14,000776,86.59000000,89.75000000,89.94000000,86.59000000,901059,1366445840.00000000,3.87000000,3.71000000,3.21000000,1.52000000,广发证券
2021-05-17,000776,88.78000000,88.26000000,89.24000000,87.98000000,489917,740764528.00000000,1.40000000,-1.66000000,-1.49000000,0.83000000,广发证券
2021-05-18,000776,88.31000000,88.31000000,88.92000000,88.03000000,242411,365903824.00000000,1.01000000,0.06000000,0.05000000,0.41000000,广发证券
2021-05-19,000776,88.22000000,87.70000000,88.45000000,87.66000000,225909,339055456.00000000,0.89000000,-0.69000000,-0.61000000,0.38000000,广发证券
2021-05-20,000776,87.75000000,88.50000000,89.10000000,87.70000000,340894,514566928.00000000,1.60000000,0.91000000,0.80000000,0.58000000,广发证券
2021-05-21,000776,88.59000000,87.89000000,88.78000000,87.84000000,197906,297703536.00000000,1.06000000,-0.69000000,-0.61000000,0.33000000,广发证券
2021-05-24,000776,88.08000000,88.73000000,89.38000000,88.08000000,361984,549572496.00000000,1.48000000,0.96000000,0.84000000,0.61000000,广发证券
2021-05-25,000776,88.87000000,90.59000000,91.06000000,88.59000000,787256,1221787856.00000000,2.78000000,2.10000000,1.86000000,1.33000000,广发证券
2021-05-26,000776,90.73000000,90.69000000,92.04000000,90.41000000,669775,1050490656.00000000,1.80000000,0.11000000,0.10000000,1.13000000,广发证券
2021-05-27,000776,90.45000000,90.50000000,91.20000000,90.22000000,390822,608115952.00000000,1.08000000,-0.21000000,-0.19000000,0.66000000,广发证券
2021-05-28,000776,90.50000000,93.39000000,95.34000000,90.41000000,1297662,2088373072.00000000,5.45000000,3.19000000,2.89000000,2.19000000,广发证券
2021-05-31,000776,93.39000000,92.64000000,93.39000000,91.80000000,714831,1140692880.00000000,1.70000000,-0.80000000,-0.75000000,1.21000000,广发证券
2021-06-01,000776,92.08000000,92.18000000,92.50000000,91.06000000,444266,702971344.00000000,1.55000000,-0.50000000,-0.46000000,0.75000000,广发证券
2021-06-02,000776,92.13000000,90.55000000,92.41000000,90.36000000,376881,590481824.00000000,2.22000000,-1.77000000,-1.63000000,0.64000000,广发证券
2021-06-03,000776,90.73000000,90.41000000,91.48000000,90.31000000,326409,510290096.00000000,1.29000000,-0.15000000,-0.14000000,0.55000000,广发证券
2021-06-04,000776,90.13000000,90.69000000,92.36000000,89.94000000,421244,659408192.00000000,2.68000000,0.31000000,0.28000000,0.71000000,广发证券
2021-06-07,000776,90.78000000,91.48000000,92.13000000,90.36000000,370642,584048272.00000000,1.95000000,0.87000000,0.79000000,0.63000000,广发证券
2021-06-08,000776,91.24000000,91.71000000,92.36000000,91.15000000,319324,505539488.00000000,1.32000000,0.25000000,0.23000000,0.54000000,广发证券
2021-06-09,000776,91.94000000,90.97000000,92.13000000,90.69000000,242931,381630528.00000000,1.57000000,-0.81000000,-0.74000000,0.41000000,广发证券
2021-06-10,000776,90.87000000,90.83000000,91.62000000,90.69000000,242591,380019936.00000000,1.02000000,-0.15000000,-0.14000000,0.41000000,广发证券
2021-06-11,000776,91.15000000,89.66000000,91.24000000,89.38000000,308416,477228240.00000000,2.05000000,-1.29000000,-1.17000000,0.52000000,广发证券
2021-06-15,000776,89.43000000,88.12000000,89.61000000,87.84000000,341291,515803472.00000000,1.97000000,-1.72000000,-1.54000000,0.58000000,广发证券
2021-06-16,000776,88.64000000,88.22000000,88.68000000,87.84000000,289046,435044592.00000000,0.95000000,0.11000000,0.10000000,0.49000000,广发证券
2021-06-17,000776,88.08000000,88.12000000,88.54000000,87.84000000,225383,338894800.00000000,0.79000000,-0.11000000,-0.10000000,0.38000000,广发证券
2021-06-18,000776,87.89000000,88.45000000,88.59000000,87.70000000,218461,328708080.00000000,1.01000000,0.37000000,0.33000000,0.37000000,广发证券
2021-06-21,000776,88.22000000,88.12000000,88.92000000,88.08000000,221606,334244512.00000000,0.95000000,-0.37000000,-0.33000000,0.37000000,广发证券
2021-06-22,000776,88.82000000,88.36000000,88.82000000,88.03000000,201241,303409664.00000000,0.90000000,0.27000000,0.24000000,0.34000000,广发证券
2021-06-23,000776,88.03000000,88.59000000,88.68000000,88.03000000,219153,330704320.00000000,0.74000000,0.26000000,0.23000000,0.37000000,广发证券
2021-06-24,000776,88.68000000,88.87000000,89.33000000,88.45000000,235596,357797888.00000000,0.99000000,0.32000000,0.28000000,0.40000000,广发证券
2021-06-25,000776,88.87000000,89.66000000,90.41000000,88.68000000,588533,904951600.00000000,1.95000000,0.89000000,0.79000000,0.99000000,广发证券
2021-06-28,000776,89.99000000,88.87000000,90.03000000,88.59000000,340836,519071856.00000000,1.61000000,-0.88000000,-0.79000000,0.58000000,广发证券
2021-06-29,000776,88.87000000,88.26000000,89.10000000,88.26000000,227857,344351184.00000000,0.95000000,-0.69000000,-0.61000000,0.38000000,广发证券
2021-06-30,000776,88.45000000,88.64000000,88.87000000,88.12000000,236085,356332160.00000000,0.85000000,0.43000000,0.38000000,0.40000000,广发证券
2021-07-01,000776,89.29000000,88.12000000,89.57000000,88.03000000,333810,505711744.00000000,1.74000000,-0.59000000,-0.52000000,0.56000000,广发证券
2021-07-02,000776,88.08000000,86.73000000,88.08000000,86.59000000,353000,523240192.00000000,1.69000000,-1.58000000,-1.39000000,0.60000000,广发证券
2021-07-05,000776,86.68000000,87.00000000,87.05000000,86.31000000,221249,325656640.00000000,0.85000000,0.31000000,0.27000000,0.37000000,广发证券
2021-07-06,000776,86.82000000,87.14000000,87.42000000,86.68000000,197261,291881296.00000000,0.85000000,0.16000000,0.14000000,0.33000000,广发证券
2021-07-07,000776,87.33000000,87.33000000,87.70000000,87.14000000,193840,279750496.00000000,0.64000000,0.22000000,0.19000000,0.33000000,广发证券
2021-07-08,000776,87.61000000,86.82000000,87.75000000,86.63000000,213197,305875728.00000000,1.28000000,-0.58000000,-0.51000000,0.36000000,广发证券
2021-07-09,000776,86.63000000,86.68000000,87.05000000,86.40000000,223092,318204320.00000000,0.75000000,-0.16000000,-0.14000000,0.38000000,广发证券
2021-07-12,000776,87.33000000,87.98000000,88.26000000,86.96000000,426893,619305984.00000000,1.50000000,1.50000000,1.30000000,0.72000000,广发证券
2021-07-13,000776,87.89000000,88.31000000,88.54000000,87.42000000,240633,349658240.00000000,1.27000000,0.38000000,0.33000000,0.41000000,广发证券
2021-07-14,000776,88.17000000,87.05000000,88.26000000,87.00000000,273014,394253760.00000000,1.43000000,-1.43000000,-1.26000000,0.46000000,广发证券
2021-07-15,000776,87.14000000,87.66000000,87.84000000,86.73000000,240465,346607168.00000000,1.28000000,0.70000000,0.61000000,0.41000000,广发证券
2021-07-16,000776,88.17000000,88.12000000,88.82000000,87.70000000,341518,498761104.00000000,1.28000000,0.52000000,0.46000000,0.58000000,广发证券
2021-07-19,000776,87.66000000,88.22000000,88.36000000,87.33000000,203720,295694352.00000000,1.17000000,0.11000000,0.10000000,0.34000000,广发证券
2021-07-20,000776,87.70000000,87.75000000,88.40000000,87.52000000,163875,237647998.00000000,1.00000000,-0.53000000,-0.47000000,0.28000000,广发证券
2021-07-21,000776,87.80000000,88.22000000,88.68000000,87.66000000,310264,452390240.00000000,1.16000000,0.54000000,0.47000000,0.52000000,广发证券
2021-07-22,000776,87.28000000,89.15000000,89.85000000,87.05000000,476140,702218336.00000000,3.17000000,1.05000000,0.93000000,0.80000000,广发证券
2021-07-23,000776,89.38000000,92.08000000,93.25000000,88.73000000,1360249,2088423088.00000000,5.07000000,3.29000000,2.93000000,2.30000000,广发证券
2021-07-26,000776,94.74000000,93.43000000,96.84000000,93.20000000,2400437,3859618528.00000000,3.95000000,1.47000000,1.35000000,4.06000000,广发证券
2021-07-27,000776,92.64000000,91.94000000,95.11000000,91.85000000,1096280,1726581456.00000000,3.49000000,-1.59000000,-1.49000000,1.85000000,广发证券
2021-07-28,000776,91.99000000,94.09000000,94.83000000,91.29000000,1275748,2003630672.00000000,3.85000000,2.34000000,2.15000000,2.16000000,广发证券
2021-07-29,000776,94.79000000,94.74000000,96.14000000,93.81000000,1079362,1732652512.00000000,2.48000000,0.69000000,0.65000000,1.82000000,广发证券
2021-07-30,000776,94.04000000,91.99000000,94.04000000,91.01000000,702275,1087274320.00000000,3.20000000,-2.90000000,-2.75000000,1.19000000,广发证券
2021-08-02,000776,91.15000000,98.00000000,99.17000000,90.03000000,2084150,3417737280.00000000,9.94000000,6.53000000,6.01000000,3.52000000,广发证券
2021-08-03,000776,96.42000000,99.03000000,103.08000000,95.95000000,2370257,4034724208.00000000,7.28000000,1.05000000,1.03000000,4.00000000,广发证券
2021-08-04,000776,98.84000000,99.31000000,100.33000000,98.00000000,1101808,1867760896.00000000,2.35000000,0.28000000,0.28000000,1.86000000,广发证券
2021-08-05,000776,98.89000000,97.77000000,99.72000000,97.44000000,770194,1290426560.00000000,2.30000000,-1.55000000,-1.54000000,1.30000000,广发证券
2021-08-06,000776,97.35000000,97.58000000,99.12000000,97.16000000,609501,1017299040.00000000,2.00000000,-0.19000000,-0.19000000,1.03000000,广发证券
2021-08-09,000776,97.63000000,103.22000000,105.32000000,97.39000000,2196677,3923475936.00000000,8.13000000,5.78000000,5.64000000,3.71000000,广发证券
2021-08-10,000776,102.57000000,103.45000000,104.57000000,101.26000000,1383631,2453215328.00000000,3.21000000,0.22000000,0.23000000,2.34000000,广发证券
2021-08-11,000776,103.13000000,105.46000000,109.28000000,102.75000000,1874803,3468512032.00000000,6.31000000,1.94000000,2.01000000,3.17000000,广发证券
2021-08-12,000776,105.41000000,104.62000000,105.83000000,103.82000000,806240,1460393200.00000000,1.91000000,-0.80000000,-0.84000000,1.36000000,广发证券
2021-08-13,000776,104.52000000,105.18000000,105.36000000,103.27000000,707143,1275929328.00000000,2.00000000,0.54000000,0.56000000,1.19000000,广发证券
2021-08-16,000776,105.46000000,105.83000000,109.18000000,104.52000000,1404371,2637261488.00000000,4.43000000,0.62000000,0.65000000,2.37000000,广发证券
2021-08-17,000776,104.57000000,104.43000000,109.60000000,104.15000000,1536352,2866055616.00000000,5.15000000,-1.32000000,-1.40000000,2.60000000,广发证券
2021-08-18,000776,103.87000000,112.86000000,112.86000000,103.68000000,2208330,4254719584.00000000,8.79000000,8.07000000,8.43000000,3.73000000,广发证券
2021-08-19,000776,117.29000000,114.73000000,121.90000000,114.31000000,3816826,8050636288.00000000,6.73000000,1.66000000,1.87000000,6.45000000,广发证券
2021-08-20,000776,114.73000000,112.58000000,116.13000000,111.05000000,1943769,3897876032.00000000,4.43000000,-1.87000000,-2.15000000,3.28000000,广发证券
2021-08-23,000776,113.84000000,116.73000000,118.87000000,113.52000000,1846599,3816010560.00000000,4.75000000,3.69000000,4.15000000,3.12000000,广发证券
2021-08-24,000776,117.34000000,118.36000000,120.92000000,115.71000000,1798429,3780620560.00000000,4.46000000,1.40000000,1.63000000,3.04000000,广发证券
2021-08-25,000776,117.01000000,117.52000000,118.08000000,115.05000000,1229250,2544014320.00000000,2.56000000,-0.71000000,-0.84000000,2.08000000,广发证券
2021-08-26,000776,115.38000000,113.70000000,115.94000000,112.44000000,1226403,2477123904.00000000,2.98000000,-3.25000000,-3.82000000,2.07000000,广发证券
2021-08-27,000776,113.89000000,114.63000000,117.06000000,112.58000000,888648,1805906016.00000000,3.94000000,0.82000000,0.93000000,1.50000000,广发证券
2021-08-30,000776,110.81000000,105.18000000,110.86000000,105.18000000,2038137,3782250240.00000000,4.96000000,-8.24000000,-9.45000000,3.44000000,广发证券
2021-08-31,000776,105.46000000,108.67000000,110.21000000,103.73000000,1579452,2928710880.00000000,6.16000000,3.32000000,3.49000000,2.67000000,广发证券
2021-09-01,000776,107.79000000,115.47000000,117.52000000,107.41000000,2712721,5496278272.00000000,9.30000000,6.26000000,6.80000000,4.58000000,广发证券
2021-09-02,000776,116.13000000,125.02000000,125.02000000,114.21000000,3465324,7557019136.00000000,9.36000000,8.27000000,9.55000000,5.85000000,广发证券
2021-09-03,000776,127.35000000,120.32000000,129.68000000,119.57000000,2863598,6316973056.00000000,8.09000000,-3.76000000,-4.70000000,4.84000000,广发证券
2021-09-06,000776,120.09000000,121.39000000,123.81000000,119.43000000,1890383,4122107552.00000000,3.64000000,0.89000000,1.07000000,3.19000000,广发证券
2021-09-07,000776,119.95000000,131.50000000,131.50000000,119.48000000,2551594,5806938112.00000000,9.90000000,8.33000000,10.11000000,4.31000000,广发证券
2021-09-08,000776,129.73000000,128.75000000,131.87000000,127.40000000,1963241,4606540544.00000000,3.40000000,-2.09000000,-2.75000000,3.32000000,广发证券
2021-09-09,000776,126.89000000,131.50000000,132.99000000,125.96000000,1603455,3749389424.00000000,5.46000000,2.14000000,2.75000000,2.71000000,广发证券
2021-09-10,000776,132.43000000,133.08000000,140.40000000,130.52000000,1988392,4912355840.00000000,7.51000000,1.20000000,1.58000000,3.36000000,广发证券
2021-09-13,000776,133.13000000,136.67000000,139.93000000,132.01000000,1376073,3413159456.00000000,5.95000000,2.70000000,3.59000000,2.32000000,广发证券
2021-09-14,000776,136.67000000,133.32000000,137.51000000,131.59000000,1379588,3382013264.00000000,4.33000000,-2.45000000,-3.35000000,2.33000000,广发证券
2021-09-15,000776,132.67000000,131.36000000,135.93000000,128.89000000,1371012,3286758784.00000000,5.28000000,-1.47000000,-1.96000000,2.32000000,广发证券
2021-09-16,000776,130.85000000,125.82000000,131.36000000,124.60000000,1572942,3625062960.00000000,5.15000000,-4.22000000,-5.54000000,2.66000000,广发证券
2021-09-17,000776,126.33000000,128.61000000,129.68000000,125.26000000,1063019,2451276368.00000000,3.51000000,2.22000000,2.79000000,1.80000000,广发证券
2021-09-22,000776,125.49000000,128.98000000,130.66000000,123.63000000,990670,2280200672.00000000,5.47000000,0.29000000,0.37000000,1.67000000,广发证券
2021-09-23,000776,129.22000000,129.45000000,131.08000000,126.79000000,1140917,2668236688.00000000,3.33000000,0.36000000,0.47000000,1.93000000,广发证券
2021-09-24,000776,129.40000000,126.47000000,130.62000000,126.42000000,776729,1801679408.00000000,3.24000000,-2.30000000,-2.98000000,1.31000000,广发证券
2021-09-27,000776,126.19000000,121.02000000,128.01000000,115.85000000,1464207,3233444560.00000000,9.61000000,-4.31000000,-5.45000000,2.47000000,广发证券
2021-09-28,000776,122.14000000,123.25000000,125.26000000,120.92000000,1015769,2254690816.00000000,3.59000000,1.84000000,2.23000000,1.72000000,广发证券
2021-09-29,000776,121.76000000,117.62000000,122.37000000,115.47000000,1331414,2805414352.00000000,5.60000000,-4.57000000,-5.63000000,2.25000000,广发证券
2021-09-30,000776,117.90000000,117.85000000,118.45000000,115.52000000,943415,1960344144.00000000,2.49000000,0.20000000,0.23000000,1.59000000,广发证券
2021-10-08,000776,119.85000000,118.50000000,120.41000000,117.15000000,874451,1847430096.00000000,2.77000000,0.55000000,0.65000000,1.48000000,广发证券
2021-10-11,000776,118.92000000,117.10000000,119.43000000,116.17000000,541077,1133426368.00000000,2.75000000,-1.18000000,-1.40000000,0.91000000,广发证券
2021-10-12,000776,117.90000000,113.38000000,117.94000000,111.28000000,1035901,2075160736.00000000,5.69000000,-3.18000000,-3.72000000,1.75000000,广发证券
2021-10-13,000776,112.16000000,112.91000000,113.84000000,110.58000000,747145,1477677120.00000000,2.88000000,-0.41000000,-0.47000000,1.26000000,广发证券
2021-10-14,000776,112.91000000,112.96000000,113.98000000,111.33000000,576101,1143841888.00000000,2.35000000,0.04000000,0.05000000,0.97000000,广发证券
2021-10-15,000776,111.89000000,112.16000000,113.14000000,111.23000000,620465,1224267456.00000000,1.69000000,-0.71000000,-0.80000000,1.05000000,广发证券
2021-10-18,000776,112.21000000,113.52000000,115.89000000,111.98000000,795561,1594226592.00000000,3.49000000,1.21000000,1.36000000,1.34000000,广发证券
2021-10-19,000776,112.91000000,117.34000000,119.53000000,112.91000000,1248484,2602211104.00000000,5.83000000,3.37000000,3.82000000,2.11000000,广发证券
2021-10-20,000776,118.50000000,118.27000000,120.78000000,117.10000000,924329,1956307360.00000000,3.14000000,0.79000000,0.93000000,1.56000000,广发证券
2021-10-21,000776,119.43000000,117.10000000,119.76000000,116.31000000,793051,1658271312.00000000,2.92000000,-0.99000000,-1.17000000,1.34000000,广发证券
2021-10-22,000776,117.15000000,118.08000000,118.50000000,116.17000000,610577,1273184896.00000000,1.99000000,0.84000000,0.98000000,1.03000000,广发证券
2021-10-25,000776,117.80000000,122.37000000,124.37000000,115.47000000,1192535,2551665504.00000000,7.54000000,3.63000000,4.29000000,2.01000000,广发证券
2021-10-26,000776,121.30000000,121.95000000,124.33000000,120.23000000,843642,1848136496.00000000,3.35000000,-0.34000000,-0.42000000,1.43000000,广发证券
2021-10-27,000776,121.34000000,118.41000000,121.95000000,118.04000000,744752,1591821408.00000000,3.21000000,-2.90000000,-3.54000000,1.26000000,广发证券
2021-10-28,000776,118.87000000,116.82000000,120.36000000,115.57000000,841924,1768678496.00000000,4.05000000,-1.34000000,-1.59000000,1.42000000,广发证券
2021-10-29,000776,114.31000000,113.94000000,114.82000000,107.37000000,1721867,3350408560.00000000,6.38000000,-2.47000000,-2.88000000,2.91000000,广发证券
2021-11-01,000776,111.51000000,112.72000000,115.47000000,111.14000000,940893,1876140720.00000000,3.80000000,-1.07000000,-1.22000000,1.59000000,广发证券
2021-11-02,000776,112.44000000,108.16000000,112.91000000,106.85000000,1200768,2293380896.00000000,5.38000000,-4.05000000,-4.56000000,2.03000000,广发证券
2021-11-03,000776,108.90000000,109.93000000,111.05000000,108.81000000,632007,1217534704.00000000,2.07000000,1.64000000,1.77000000,1.07000000,广发证券
2021-11-04,000776,111.56000000,111.61000000,113.98000000,111.28000000,676877,1338555120.00000000,2.46000000,1.53000000,1.68000000,1.14000000,广发证券
2021-11-05,000776,111.33000000,112.44000000,114.87000000,111.05000000,679879,1358553952.00000000,3.42000000,0.74000000,0.83000000,1.15000000,广发证券
2021-11-08,000776,111.89000000,113.24000000,113.80000000,110.91000000,605307,1197117200.00000000,2.57000000,0.71000000,0.80000000,1.02000000,广发证券
2021-11-09,000776,113.24000000,113.28000000,113.84000000,112.21000000,530535,1057903520.00000000,1.44000000,0.04000000,0.04000000,0.90000000,广发证券
2021-11-10,000776,112.49000000,112.12000000,112.77000000,109.42000000,655080,1278736976.00000000,2.96000000,-1.02000000,-1.16000000,1.11000000,广发证券
2021-11-11,000776,111.98000000,121.30000000,121.30000000,111.28000000,1800199,3806209504.00000000,8.94000000,8.19000000,9.18000000,3.04000000,广发证券
2021-11-12,000776,121.11000000,120.41000000,122.00000000,118.64000000,1174118,2525489552.00000000,2.77000000,-0.73000000,-0.89000000,1.98000000,广发证券
2021-11-15,000776,120.41000000,121.39000000,121.90000000,119.29000000,958466,2070753568.00000000,2.17000000,0.81000000,0.98000000,1.62000000,广发证券
2021-11-16,000776,120.88000000,122.37000000,126.47000000,119.25000000,1100272,2392947584.00000000,5.95000000,0.81000000,0.98000000,1.86000000,广发证券
2021-11-17,000776,121.48000000,120.64000000,122.60000000,118.50000000,830310,1792490080.00000000,3.35000000,-1.41000000,-1.73000000,1.40000000,广发证券
2021-11-18,000776,120.27000000,118.87000000,120.83000000,118.27000000,620748,1323186192.00000000,2.12000000,-1.47000000,-1.77000000,1.05000000,广发证券
2021-11-19,000776,118.04000000,125.02000000,127.35000000,117.62000000,1464695,3246606960.00000000,8.19000000,5.17000000,6.15000000,2.47000000,广发证券
2021-11-22,000776,122.79000000,128.94000000,130.48000000,122.74000000,1584296,3652625344.00000000,6.19000000,3.14000000,3.92000000,2.68000000,广发证券
2021-11-23,000776,128.29000000,129.12000000,133.41000000,128.01000000,1376203,3270705344.00000000,4.19000000,0.14000000,0.18000000,2.32000000,广发证券
2021-11-24,000776,128.94000000,128.94000000,132.39000000,127.91000000,975422,2299321344.00000000,3.47000000,-0.14000000,-0.18000000,1.65000000,广发证券
2021-11-25,000776,129.54000000,129.40000000,131.31000000,128.43000000,650090,1528062400.00000000,2.23000000,0.36000000,0.46000000,1.10000000,广发证券
2021-11-26,000776,130.15000000,128.94000000,131.31000000,127.45000000,578670,1359336544.00000000,2.98000000,-0.36000000,-0.46000000,0.98000000,广发证券
2021-11-29,000776,127.40000000,127.49000000,129.68000000,126.19000000,753436,1735224832.00000000,2.71000000,-1.12000000,-1.45000000,1.27000000,广发证券
2021-11-30,000776,128.29000000,128.94000000,131.78000000,127.49000000,745505,1747237312.00000000,3.36000000,1.14000000,1.45000000,1.26000000,广发证券
2021-12-01,000776,127.87000000,131.03000000,132.39000000,127.35000000,783874,1855715744.00000000,3.91000000,1.62000000,2.09000000,1.32000000,广发证券
2021-12-02,000776,130.34000000,135.09000000,137.42000000,129.96000000,1271411,3116491728.00000000,5.69000000,3.10000000,4.06000000,2.15000000,广发证券
2021-12-03,000776,134.58000000,136.67000000,137.60000000,131.69000000,1019539,2506655824.00000000,4.37000000,1.17000000,1.58000000,1.72000000,广发证券
2021-12-06,000776,137.09000000,139.28000000,147.02000000,136.72000000,1663126,4334196992.00000000,7.54000000,1.91000000,2.61000000,2.81000000,广发证券
2021-12-07,000776,141.38000000,137.51000000,142.45000000,135.74000000,1048892,2661173872.00000000,4.82000000,-1.27000000,-1.77000000,1.77000000,广发证券
2021-12-08,000776,137.51000000,141.42000000,143.15000000,135.23000000,1049511,2698054448.00000000,5.76000000,2.84000000,3.91000000,1.77000000,广发证券
2021-12-09,000776,140.49000000,140.07000000,146.27000000,139.51000000,1362091,3568735360.00000000,4.78000000,-0.95000000,-1.35000000,2.30000000,广发证券
2021-12-10,000776,137.60000000,135.13000000,139.61000000,134.39000000,1213700,3031857936.00000000,3.73000000,-3.53000000,-4.94000000,2.05000000,广发证券
2021-12-13,000776,136.91000000,136.21000000,141.80000000,134.16000000,1542823,3893341712.00000000,5.65000000,0.80000000,1.08000000,2.61000000,广发证券
2021-12-14,000776,134.62000000,136.39000000,137.70000000,133.88000000,739587,1837916560.00000000,2.80000000,0.13000000,0.18000000,1.25000000,广发证券
2021-12-15,000776,136.16000000,135.88000000,137.98000000,135.51000000,598852,1494555168.00000000,1.81000000,-0.37000000,-0.51000000,1.01000000,广发证券
2021-12-16,000776,136.67000000,138.72000000,138.86000000,134.76000000,668262,1671621120.00000000,3.02000000,2.09000000,2.84000000,1.13000000,广发证券
2021-12-17,000776,138.12000000,133.88000000,139.19000000,133.64000000,884802,2204591536.00000000,4.00000000,-3.49000000,-4.84000000,1.49000000,广发证券
2021-12-20,000776,132.94000000,131.31000000,135.04000000,130.29000000,849887,2047769184.00000000,3.55000000,-1.92000000,-2.57000000,1.44000000,广发证券
2021-12-21,000776,131.78000000,131.45000000,132.34000000,130.15000000,580171,1382313152.00000000,1.67000000,0.11000000,0.14000000,0.98000000,广发证券
2021-12-22,000776,131.41000000,130.48000000,131.97000000,129.78000000,493657,1172192656.00000000,1.67000000,-0.74000000,-0.97000000,0.83000000,广发证券
2021-12-23,000776,131.08000000,132.62000000,133.60000000,130.20000000,730574,1750893056.00000000,2.61000000,1.64000000,2.14000000,1.23000000,广发证券
2021-12-24,000776,132.29000000,130.38000000,133.64000000,129.78000000,518649,1243098768.00000000,2.91000000,-1.69000000,-2.24000000,0.88000000,广发证券
2021-12-27,000776,129.50000000,131.50000000,132.01000000,128.84000000,471247,1115383616.00000000,2.43000000,0.86000000,1.12000000,0.80000000,广发证券
2021-12-28,000776,132.90000000,133.04000000,133.64000000,131.31000000,507640,1222448320.00000000,1.77000000,1.17000000,1.54000000,0.86000000,广发证券
2021-12-29,000776,132.80000000,128.80000000,132.99000000,128.29000000,646970,1528744560.00000000,3.53000000,-3.19000000,-4.24000000,1.09000000,广发证券
2021-12-30,000776,129.54000000,132.43000000,134.81000000,128.19000000,902114,2175464096.00000000,5.14000000,2.82000000,3.63000000,1.52000000,广发证券
2021-12-31,000776,132.34000000,134.76000000,136.81000000,132.01000000,757696,1865610496.00000000,3.62000000,1.76000000,2.33000000,1.28000000,广发证券
2022-01-04,000776,136.63000000,133.64000000,137.14000000,131.55000000,649002,1584403056.00000000,4.15000000,-0.83000000,-1.12000000,1.10000000,广发证券
2022-01-05,000776,133.41000000,130.71000000,134.11000000,130.52000000,593884,1427265568.00000000,2.69000000,-2.19000000,-2.93000000,1.00000000,广发证券
2022-01-06,000776,129.78000000,126.05000000,130.38000000,124.84000000,1150421,2623309600.00000000,4.24000000,-3.57000000,-4.66000000,1.94000000,广发证券
2022-01-07,000776,126.42000000,126.33000000,129.22000000,125.82000000,792745,1819416720.00000000,2.70000000,0.22000000,0.28000000,1.34000000,广发证券
2022-01-10,000776,126.28000000,124.09000000,127.40000000,123.07000000,680537,1527672336.00000000,3.43000000,-1.77000000,-2.24000000,1.15000000,广发证券
2022-01-11,000776,124.09000000,122.09000000,125.12000000,121.48000000,780143,1721187024.00000000,2.93000000,-1.61000000,-2.00000000,1.32000000,广发证券
2022-01-12,000776,122.09000000,123.39000000,123.81000000,121.95000000,517885,1140131520.00000000,1.52000000,1.06000000,1.30000000,0.87000000,广发证券
2022-01-13,000776,124.56000000,122.37000000,125.26000000,122.00000000,583845,1293389808.00000000,2.64000000,-0.83000000,-1.02000000,0.99000000,广发证券
2022-01-14,000776,120.88000000,119.90000000,122.14000000,119.48000000,624065,1344642816.00000000,2.17000000,-2.02000000,-2.47000000,1.05000000,广发证券
2022-01-17,000776,120.18000000,121.90000000,122.51000000,118.55000000,713637,1542690432.00000000,3.30000000,1.67000000,2.00000000,1.21000000,广发证券
2022-01-18,000776,121.76000000,123.07000000,124.79000000,120.46000000,727807,1600620944.00000000,3.55000000,0.96000000,1.17000000,1.23000000,广发证券
2022-01-19,000776,124.56000000,123.95000000,127.21000000,123.30000000,878017,1972501392.00000000,3.18000000,0.72000000,0.88000000,1.48000000,广发证券
2022-01-20,000776,123.58000000,127.54000000,129.92000000,121.76000000,1377685,3157191872.00000000,6.58000000,2.90000000,3.59000000,2.33000000,广发证券
2022-01-21,000776,127.35000000,124.74000000,127.35000000,124.19000000,694067,1570422144.00000000,2.48000000,-2.20000000,-2.80000000,1.17000000,广发证券
2022-01-24,000776,123.35000000,123.86000000,125.30000000,122.60000000,549713,1225370416.00000000,2.16000000,-0.71000000,-0.88000000,0.93000000,广发证券
2022-01-25,000776,123.16000000,120.60000000,124.93000000,120.46000000,602007,1324105024.00000000,3.61000000,-2.63000000,-3.26000000,1.02000000,广发证券
2022-01-26,000776,121.53000000,123.49000000,123.95000000,118.97000000,906773,1982382288.00000000,4.13000000,2.40000000,2.89000000,1.53000000,广发证券
2022-01-27,000776,122.69000000,120.18000000,124.51000000,120.09000000,637728,1390196608.00000000,3.58000000,-2.68000000,-3.31000000,1.08000000,广发证券
2022-01-28,000776,121.06000000,117.10000000,121.44000000,115.94000000,746026,1572616368.00000000,4.58000000,-2.56000000,-3.08000000,1.26000000,广发证券
2022-02-07,000776,119.39000000,116.03000000,119.62000000,114.82000000,888447,1835928608.00000000,4.10000000,-0.91000000,-1.07000000,1.50000000,广发证券
2022-02-08,000776,115.85000000,117.20000000,117.66000000,113.66000000,649315,1332192352.00000000,3.45000000,1.01000000,1.17000000,1.10000000,广发证券
2022-02-09,000776,116.08000000,116.73000000,117.71000000,115.94000000,489391,1014487360.00000000,1.51000000,-0.40000000,-0.47000000,0.83000000,广发证券
2022-02-10,000776,116.78000000,116.03000000,117.29000000,115.24000000,434802,896622944.00000000,1.76000000,-0.60000000,-0.70000000,0.73000000,广发证券
2022-02-11,000776,115.85000000,117.15000000,120.23000000,115.47000000,934801,1965869408.00000000,4.10000000,0.97000000,1.12000000,1.58000000,广发证券
2022-02-14,000776,116.17000000,107.79000000,116.26000000,107.46000000,1825173,3519828432.00000000,7.51000000,-7.99000000,-9.36000000,3.08000000,广发证券
2022-02-15,000776,107.74000000,109.18000000,109.88000000,107.41000000,916306,1740004976.00000000,2.29000000,1.29000000,1.39000000,1.55000000,广发证券
2022-02-16,000776,109.60000000,109.23000000,110.53000000,108.76000000,474621,909742432.00000000,1.62000000,0.05000000,0.05000000,0.80000000,广发证券
2022-02-17,000776,108.72000000,108.39000000,109.28000000,108.11000000,508207,963820720.00000000,1.07000000,-0.77000000,-0.84000000,0.86000000,广发证券
2022-02-18,000776,107.51000000,108.53000000,109.00000000,107.37000000,465728,879445056.00000000,1.50000000,0.13000000,0.14000000,0.79000000,广发证券
2022-02-21,000776,108.76000000,108.30000000,108.90000000,107.23000000,521767,982617888.00000000,1.54000000,-0.21000000,-0.23000000,0.88000000,广发证券
2022-02-22,000776,107.32000000,105.60000000,107.74000000,105.08000000,841430,1549543760.00000000,2.46000000,-2.49000000,-2.70000000,1.42000000,广发证券
2022-02-23,000776,105.69000000,108.16000000,108.25000000,105.46000000,806962,1505487248.00000000,2.64000000,2.42000000,2.56000000,1.36000000,广发证券
2022-02-24,000776,107.13000000,105.92000000,109.28000000,105.13000000,960151,1790830256.00000000,3.84000000,-2.07000000,-2.24000000,1.62000000,广发证券
2022-02-25,000776,107.23000000,107.55000000,108.95000000,106.90000000,682711,1282567344.00000000,1.94000000,1.54000000,1.63000000,1.15000000,广发证券
2022-02-28,000776,107.55000000,106.90000000,108.11000000,105.92000000,544114,1009043984.00000000,2.04000000,-0.60000000,-0.65000000,0.92000000,广发证券
2022-03-01,000776,107.27000000,108.72000000,109.09000000,106.99000000,828579,1564995872.00000000,1.96000000,1.70000000,1.82000000,1.40000000,广发证券
2022-03-02,000776,107.83000000,107.88000000,108.44000000,107.23000000,439573,825890976.00000000,1.11000000,-0.77000000,-0.84000000,0.74000000,广发证券
2022-03-03,000776,108.44000000,106.99000000,108.67000000,106.90000000,465979,873832160.00000000,1.64000000,-0.82000000,-0.89000000,0.79000000,广发证券
2022-03-04,000776,106.29000000,105.27000000,106.85000000,104.43000000,823641,1505942720.00000000,2.26000000,-1.61000000,-1.72000000,1.39000000,广发证券
2022-03-07,000776,104.80000000,102.85000000,104.85000000,102.29000000,592517,1060850752.00000000,2.43000000,-2.30000000,-2.42000000,1.00000000,广发证券
2022-03-08,000776,102.89000000,101.50000000,104.15000000,100.38000000,671755,1183769824.00000000,3.67000000,-1.31000000,-1.35000000,1.13000000,广发证券
2022-03-09,000776,101.63000000,98.61000000,102.19000000,94.51000000,1054819,1769504976.00000000,7.57000000,-2.85000000,-2.89000000,1.78000000,广发证券
2022-03-10,000776,100.24000000,98.84000000,101.17000000,98.47000000,776963,1326350032.00000000,2.74000000,0.23000000,0.23000000,1.31000000,广发证券
2022-03-11,000776,97.30000000,100.05000000,100.89000000,96.18000000,1075824,1805007424.00000000,4.77000000,1.22000000,1.21000000,1.82000000,广发证券
2022-03-14,000776,98.84000000,99.21000000,101.45000000,98.56000000,677732,1159745904.00000000,2.89000000,-0.84000000,-0.84000000,1.14000000,广发证券
2022-03-15,000776,98.14000000,94.32000000,99.86000000,93.81000000,925029,1525720192.00000000,6.10000000,-4.93000000,-4.89000000,1.56000000,广发证券
2022-03-16,000776,95.67000000,101.73000000,101.73000000,95.16000000,1334940,2244147424.00000000,6.97000000,7.86000000,7.41000000,2.26000000,广发证券
2022-03-17,000776,103.82000000,101.63000000,103.96000000,100.98000000,1870770,3294180912.00000000,2.93000000,-0.10000000,-0.10000000,3.16000000,广发证券
2022-03-18,000776,101.36000000,103.45000000,104.34000000,100.80000000,1235353,2186140144.00000000,3.48000000,1.79000000,1.82000000,2.09000000,广发证券
2022-03-21,000776,102.38000000,101.96000000,103.13000000,101.45000000,822771,1445980320.00000000,1.62000000,-1.44000000,-1.49000000,1.39000000,广发证券
2022-03-22,000776,101.17000000,102.29000000,103.13000000,100.70000000,630699,1106353296.00000000,2.38000000,0.32000000,0.33000000,1.07000000,广发证券
2022-03-23,000776,102.29000000,102.66000000,102.75000000,101.45000000,590306,1038609632.00000000,1.27000000,0.36000000,0.37000000,1.00000000,广发证券
2022-03-24,000776,101.68000000,100.75000000,101.87000000,100.42000000,712055,1237541408.00000000,1.41000000,-1.86000000,-1.91000000,1.20000000,广发证券
2022-03-25,000776,101.26000000,99.31000000,101.50000000,98.79000000,649297,1111759120.00000000,2.69000000,-1.43000000,-1.44000000,1.10000000,广发证券
2022-03-28,000776,98.19000000,100.05000000,100.80000000,97.81000000,523681,891842960.00000000,3.01000000,0.75000000,0.74000000,0.88000000,广发证券
2022-03-29,000776,99.91000000,98.79000000,100.52000000,98.51000000,381554,648129440.00000000,2.01000000,-1.26000000,-1.26000000,0.64000000,广发证券
2022-03-30,000776,99.77000000,104.52000000,105.69000000,99.63000000,1541787,2747697056.00000000,6.13000000,5.80000000,5.73000000,2.60000000,广发证券
2022-03-31,000776,102.94000000,102.10000000,103.73000000,101.82000000,905208,1602014448.00000000,1.83000000,-2.32000000,-2.42000000,1.53000000,广发证券
2022-04-01,000776,101.68000000,103.78000000,104.76000000,100.70000000,1351036,2398716880.00000000,3.98000000,1.65000000,1.68000000,2.28000000,广发证券
2022-04-06,000776,102.89000000,103.36000000,105.22000000,102.61000000,980790,1756586720.00000000,2.51000000,-0.40000000,-0.42000000,1.66000000,广发证券
2022-04-07,000776,103.36000000,101.87000000,104.57000000,101.82000000,784187,1396652032.00000000,2.66000000,-1.44000000,-1.49000000,1.32000000,广发证券
2022-04-08,000776,101.73000000,103.82000000,104.43000000,101.31000000,964364,1716536896.00000000,3.06000000,1.91000000,1.95000000,1.63000000,广发证券
2022-04-11,000776,102.75000000,99.31000000,102.89000000,98.47000000,1186267,2036813824.00000000,4.26000000,-4.34000000,-4.51000000,2.00000000,广发证券
2022-04-12,000776,98.70000000,102.19000000,104.29000000,98.00000000,1282798,2236196416.00000000,6.33000000,2.90000000,2.88000000,2.17000000,广发证券
2022-04-13,000776,101.26000000,100.56000000,102.43000000,100.28000000,775850,1348019664.00000000,2.10000000,-1.60000000,-1.63000000,1.31000000,广发证券
2022-04-14,000776,101.31000000,104.10000000,104.62000000,101.03000000,1406447,2514340912.00000000,3.57000000,3.52000000,3.54000000,2.38000000,广发证券
2022-04-15,000776,103.13000000,103.50000000,105.18000000,102.61000000,917821,1648770608.00000000,2.47000000,-0.58000000,-0.60000000,1.55000000,广发证券
2022-04-18,000776,101.31000000,100.05000000,101.59000000,98.70000000,1134556,1935616384.00000000,2.79000000,-3.33000000,-3.45000000,1.92000000,广发证券
2022-04-19,000776,99.63000000,98.33000000,100.24000000,97.81000000,787974,1329728800.00000000,2.43000000,-1.72000000,-1.72000000,1.33000000,广发证券
2022-04-20,000776,98.42000000,97.02000000,98.75000000,96.79000000,588726,980042160.00000000,1.99000000,-1.33000000,-1.31000000,0.99000000,广发证券
2022-04-21,000776,96.37000000,96.93000000,98.70000000,96.18000000,767931,1270049728.00000000,2.60000000,-0.09000000,-0.09000000,1.30000000,广发证券
2022-04-22,000776,95.67000000,97.21000000,98.84000000,95.53000000,746084,1238799760.00000000,3.41000000,0.29000000,0.28000000,1.26000000,广发证券
2022-04-25,000776,95.44000000,93.11000000,96.42000000,92.64000000,972315,1552371744.00000000,3.89000000,-4.22000000,-4.10000000,1.64000000,广发证券
2022-04-26,000776,92.97000000,89.05000000,93.53000000,88.36000000,1172237,1768036832.00000000,5.55000000,-4.36000000,-4.06000000,1.98000000,广发证券
2022-04-27,000776,87.61000000,90.27000000,91.11000000,87.28000000,1039444,1543436304.00000000,4.30000000,1.37000000,1.22000000,1.76000000,广发证券
2022-04-28,000776,89.71000000,90.31000000,91.34000000,89.24000000,823657,1237076320.00000000,2.33000000,0.04000000,0.04000000,1.39000000,广发证券
2022-04-29,000776,92.88000000,95.07000000,95.86000000,90.87000000,1489027,2346146416.00000000,5.53000000,5.27000000,4.76000000,2.52000000,广发证券
2022-05-05,000776,92.18000000,92.88000000,93.34000000,91.62000000,809497,1256530752.00000000,1.81000000,-2.30000000,-2.19000000,1.37000000,广发证券
2022-05-06,000776,91.38000000,90.31000000,91.66000000,90.03000000,570902,863286096.00000000,1.75000000,-2.77000000,-2.57000000,0.96000000,广发证券
2022-05-09,000776,89.85000000,90.83000000,91.62000000,89.57000000,413732,626299280.00000000,2.27000000,0.58000000,0.52000000,0.70000000,广发证券
2022-05-10,000776,89.85000000,92.36000000,92.69000000,89.43000000,690242,1056428192.00000000,3.59000000,1.68000000,1.53000000,1.17000000,广发证券
2022-05-11,000776,92.18000000,93.20000000,95.76000000,92.13000000,1174158,1865357200.00000000,3.93000000,0.91000000,0.84000000,1.98000000,广发证券
2022-05-12,000776,92.97000000,93.16000000,94.18000000,92.04000000,563309,880830560.00000000,2.30000000,-0.04000000,-0.04000000,0.95000000,广发证券
2022-05-13,000776,93.53000000,94.18000000,94.88000000,92.88000000,584233,923565904.00000000,2.15000000,1.09000000,1.02000000,0.99000000,广发证券
2022-05-16,000776,95.11000000,93.57000000,95.16000000,93.29000000,498426,791646512.00000000,1.99000000,-0.65000000,-0.61000000,0.84000000,广发证券
2022-05-17,000776,93.34000000,94.27000000,94.88000000,92.64000000,463964,732701104.00000000,2.39000000,0.75000000,0.70000000,0.78000000,广发证券
2022-05-18,000776,94.27000000,96.09000000,97.16000000,94.04000000,954801,1556025328.00000000,3.31000000,1.93000000,1.82000000,1.61000000,广发证券
2022-05-19,000776,94.79000000,95.48000000,95.95000000,94.09000000,621981,997762640.00000000,1.94000000,-0.63000000,-0.61000000,1.05000000,广发证券
2022-05-20,000776,95.67000000,98.23000000,99.17000000,95.11000000,1132289,1878745408.00000000,4.25000000,2.88000000,2.75000000,1.91000000,广发证券
2022-05-23,000776,97.72000000,99.72000000,101.26000000,97.30000000,858438,1452698688.00000000,4.03000000,1.52000000,1.49000000,1.45000000,广发证券
2022-05-24,000776,99.54000000,97.16000000,100.14000000,97.12000000,572784,961997648.00000000,3.03000000,-2.57000000,-2.56000000,0.97000000,广发证券
2022-05-25,000776,97.07000000,97.72000000,97.86000000,96.32000000,358000,591130208.00000000,1.59000000,0.58000000,0.56000000,0.60000000,广发证券
2022-05-26,000776,97.39000000,99.45000000,100.56000000,96.65000000,696677,1178700368.00000000,4.00000000,1.77000000,1.73000000,1.18000000,广发证券
2022-05-27,000776,99.40000000,99.21000000,101.17000000,98.75000000,511322,876163920.00000000,2.43000000,-0.24000000,-0.24000000,0.86000000,广发证券
2022-05-30,000776,99.40000000,98.98000000,99.77000000,98.37000000,320223,542152496.00000000,1.41000000,-0.23000000,-0.23000000,0.54000000,广发证券
2022-05-31,000776,99.17000000,99.86000000,100.42000000,98.47000000,501183,857088656.00000000,1.97000000,0.89000000,0.88000000,0.85000000,广发证券
2022-06-01,000776,99.54000000,98.47000000,100.24000000,98.00000000,603758,1020111424.00000000,2.24000000,-1.39000000,-1.39000000,1.02000000,广发证券
2022-06-02,000776,97.91000000,98.93000000,99.35000000,97.44000000,537016,903921008.00000000,1.94000000,0.47000000,0.46000000,0.91000000,广发证券
2022-06-06,000776,98.84000000,101.73000000,101.96000000,98.05000000,857716,1484355328.00000000,3.95000000,2.83000000,2.80000000,1.45000000,广发证券
2022-06-07,000776,101.26000000,102.38000000,104.76000000,100.94000000,926832,1645528432.00000000,3.76000000,0.64000000,0.65000000,1.57000000,广发证券
2022-06-08,000776,102.47000000,104.01000000,104.76000000,101.73000000,877060,1571151248.00000000,2.96000000,1.59000000,1.63000000,1.48000000,广发证券
2022-06-09,000776,104.52000000,103.78000000,107.09000000,103.36000000,1172286,2140953952.00000000,3.59000000,-0.22000000,-0.23000000,1.98000000,广发证券
2022-06-10,000776,102.85000000,107.18000000,107.55000000,102.61000000,1053502,1935831072.00000000,4.76000000,3.28000000,3.40000000,1.78000000,广发证券
2022-06-13,000776,105.64000000,105.46000000,106.53000000,103.13000000,897471,1628914896.00000000,3.17000000,-1.60000000,-1.72000000,1.52000000,广发证券
2022-06-14,000776,103.31000000,109.65000000,111.00000000,101.31000000,1239234,2263544912.00000000,9.19000000,3.97000000,4.19000000,2.09000000,广发证券
2022-06-15,000776,109.60000000,113.38000000,117.34000000,109.60000000,2033517,4090363168.00000000,7.06000000,3.40000000,3.73000000,3.44000000,广发证券
2022-06-16,000776,113.38000000,107.32000000,113.38000000,107.18000000,1409407,2711665584.00000000,5.47000000,-5.34000000,-6.06000000,2.38000000,广发证券
2022-06-17,000776,106.39000000,106.39000000,108.44000000,104.06000000,1042834,1927783744.00000000,4.08000000,-0.87000000,-0.93000000,1.76000000,广发证券
2022-06-20,000776,106.39000000,107.23000000,109.65000000,105.83000000,761807,1428307168.00000000,3.59000000,0.79000000,0.84000000,1.29000000,广发证券
2022-06-21,000776,106.85000000,106.57000000,108.02000000,105.36000000,498209,924902976.00000000,2.48000000,-0.62000000,-0.66000000,0.84000000,广发证券
2022-06-22,000776,106.62000000,104.85000000,107.37000000,104.48000000,581686,1070757360.00000000,2.71000000,-1.61000000,-1.72000000,0.98000000,广发证券
2022-06-23,000776,104.85000000,107.65000000,108.30000000,104.80000000,826339,1536780400.00000000,3.34000000,2.67000000,2.80000000,1.40000000,广发证券
2022-06-24,000776,107.74000000,107.55000000,108.48000000,106.48000000,600803,1124428912.00000000,1.86000000,-0.09000000,-0.10000000,1.01000000,广发证券
2022-06-27,000776,108.67000000,109.23000000,111.42000000,107.55000000,878543,1681852832.00000000,3.60000000,1.56000000,1.68000000,1.48000000,广发证券
2022-06-28,000776,108.62000000,109.00000000,110.11000000,106.67000000,737833,1389954832.00000000,3.15000000,-0.21000000,-0.23000000,1.25000000,广发证券
2022-06-29,000776,108.30000000,106.11000000,109.74000000,105.97000000,759365,1431463024.00000000,3.46000000,-2.65000000,-2.89000000,1.28000000,广发证券
2022-06-30,000776,106.15000000,107.32000000,108.90000000,106.15000000,603582,1130553456.00000000,2.59000000,1.14000000,1.21000000,1.02000000,广发证券
2022-07-01,000776,107.04000000,106.29000000,108.16000000,105.92000000,425289,792162544.00000000,2.09000000,-0.96000000,-1.03000000,0.72000000,广发证券
2022-07-04,000776,105.92000000,105.50000000,105.92000000,101.68000000,783706,1411026448.00000000,3.99000000,-0.74000000,-0.79000000,1.32000000,广发证券
2022-07-05,000776,105.50000000,103.03000000,106.25000000,102.05000000,919442,1643505008.00000000,3.98000000,-2.34000000,-2.47000000,1.55000000,广发证券
2022-07-06,000776,102.43000000,102.01000000,103.36000000,101.54000000,665765,1171780432.00000000,1.77000000,-0.99000000,-1.02000000,1.12000000,广发证券
2022-07-07,000776,102.19000000,101.63000000,102.52000000,101.26000000,526435,921805376.00000000,1.24000000,-0.37000000,-0.38000000,0.89000000,广发证券
2022-07-08,000776,102.15000000,101.45000000,102.99000000,101.40000000,470515,827947824.00000000,1.56000000,-0.18000000,-0.18000000,0.79000000,广发证券
2022-07-11,000776,101.31000000,100.70000000,101.45000000,99.91000000,432935,747836816.00000000,1.52000000,-0.74000000,-0.75000000,0.73000000,广发证券
2022-07-12,000776,101.26000000,101.68000000,102.66000000,100.75000000,679751,1189296391.72000003,1.90000000,0.97000000,0.98000000,1.15000000,广发证券
2022-07-13,000776,102.33000000,101.96000000,102.94000000,101.45000000,455064,778847417.11000001,1.47000000,0.28000000,0.28000000,0.77000000,广发证券
2022-07-14,000776,101.59000000,101.54000000,102.38000000,100.56000000,382594,648496587.28999996,1.79000000,-0.41000000,-0.42000000,0.65000000,广发证券
2022-07-15,000776,100.98000000,99.21000000,102.01000000,99.21000000,565656,947210833.20000005,2.76000000,-2.29000000,-2.33000000,0.96000000,广发证券
2022-07-18,000776,99.31000000,100.10000000,101.12000000,99.07000000,439335,731742694.45000005,2.07000000,0.90000000,0.89000000,0.74000000,广发证券
2022-07-19,000776,100.28000000,101.12000000,101.50000000,99.58000000,364295,609876885.58000004,1.92000000,1.02000000,1.02000000,0.62000000,广发证券
2022-07-20,000776,101.26000000,101.12000000,101.77000000,100.70000000,341479,576608454.80999994,1.06000000,0.00000000,0.00000000,0.58000000,广发证券
2022-07-21,000776,100.80000000,99.35000000,100.89000000,99.26000000,451066,749713097.27999997,1.61000000,-1.75000000,-1.77000000,0.76000000,广发证券
2022-07-22,000776,99.35000000,98.84000000,100.28000000,97.53000000,542952,887813132.33000004,2.77000000,-0.51000000,-0.51000000,0.92000000,广发证券
2022-07-25,000776,98.84000000,97.53000000,99.17000000,97.16000000,442466,714490304.47000003,2.03000000,-1.33000000,-1.31000000,0.75000000,广发证券
2022-07-26,000776,97.67000000,97.77000000,98.42000000,97.44000000,302837,489507814.56000000,1.00000000,0.25000000,0.24000000,0.51000000,广发证券
2022-07-27,000776,97.49000000,97.86000000,98.33000000,96.93000000,294705,475407433.41000003,1.43000000,0.09000000,0.09000000,0.50000000,广发证券
2022-07-28,000776,98.33000000,98.00000000,99.54000000,97.86000000,526295,860251186.49000001,1.72000000,0.14000000,0.14000000,0.89000000,广发证券
2022-07-29,000776,98.00000000,96.70000000,98.56000000,96.37000000,452354,726236203.14999998,2.23000000,-1.33000000,-1.30000000,0.76000000,广发证券
2022-08-01,000776,96.46000000,95.76000000,96.46000000,95.11000000,445557,698353514.05999994,1.40000000,-0.97000000,-0.94000000,0.75000000,广发证券
2022-08-02,000776,95.21000000,93.67000000,95.21000000,92.88000000,583617,893615822.89999998,2.43000000,-2.18000000,-2.09000000,0.99000000,广发证券
2022-08-03,000776,93.67000000,92.92000000,94.97000000,92.83000000,513433,783244919.87000000,2.28000000,-0.80000000,-0.75000000,0.87000000,广发证券
2022-08-04,000776,93.34000000,93.16000000,93.67000000,92.55000000,405714,615055339.20000005,1.21000000,0.26000000,0.24000000,0.69000000,广发证券
2022-08-05,000776,93.29000000,95.34000000,95.58000000,92.88000000,637662,982749872.90999997,2.90000000,2.34000000,2.18000000,1.08000000,广发证券
2022-08-08,000776,94.46000000,95.53000000,95.62000000,94.32000000,320893,500588549.75000000,1.36000000,0.20000000,0.19000000,0.54000000,广发证券
2022-08-09,000776,94.69000000,95.02000000,95.11000000,94.41000000,379156,587611930.57000005,0.73000000,-0.53000000,-0.51000000,0.64000000,广发证券
2022-08-10,000776,94.88000000,94.51000000,95.90000000,94.32000000,381259,592232990.74000001,1.66000000,-0.54000000,-0.51000000,0.64000000,广发证券
2022-08-11,000776,95.02000000,98.65000000,99.17000000,94.69000000,1263962,2030216277.75000000,4.74000000,4.38000000,4.14000000,2.14000000,广发证券
2022-08-12,000776,97.81000000,98.42000000,99.12000000,97.39000000,654273,1064998500.71000004,1.75000000,-0.23000000,-0.23000000,1.11000000,广发证券
2022-08-15,000776,97.77000000,98.93000000,100.14000000,97.67000000,647795,1064472563.27999997,2.51000000,0.52000000,0.51000000,1.09000000,广发证券
2022-08-16,000776,99.26000000,98.89000000,99.77000000,98.14000000,473729,774681594.58000004,1.65000000,-0.04000000,-0.04000000,0.80000000,广发证券
2022-08-17,000776,98.65000000,99.72000000,100.52000000,98.33000000,604454,999916498.13000000,2.21000000,0.84000000,0.83000000,1.02000000,广发证券
2022-08-18,000776,99.45000000,99.31000000,100.05000000,98.75000000,382215,629694054.42999995,1.30000000,-0.41000000,-0.41000000,0.65000000,广发证券
2022-08-19,000776,99.03000000,98.65000000,99.91000000,98.47000000,360676,592533294.90999997,1.45000000,-0.66000000,-0.66000000,0.61000000,广发证券
2022-08-22,000776,98.19000000,98.51000000,99.03000000,97.81000000,315641,514967687.62000000,1.24000000,-0.14000000,-0.14000000,0.53000000,广发证券
2022-08-23,000776,98.51000000,98.65000000,100.00000000,98.14000000,409169,670565943.28999996,1.89000000,0.14000000,0.14000000,0.69000000,广发证券
2022-08-24,000776,98.65000000,97.44000000,100.52000000,97.30000000,744922,1224440379.67000008,3.26000000,-1.23000000,-1.21000000,1.26000000,广发证券
2022-08-25,000776,97.53000000,98.84000000,99.35000000,97.12000000,568876,923786033.09000003,2.29000000,1.44000000,1.40000000,0.96000000,广发证券
2022-08-26,000776,98.98000000,98.00000000,99.17000000,97.77000000,375445,610350828.59000003,1.42000000,-0.85000000,-0.84000000,0.63000000,广发证券
2022-08-29,000776,97.07000000,97.63000000,97.67000000,96.14000000,319408,510660762.94999999,1.56000000,-0.38000000,-0.37000000,0.54000000,广发证券
2022-08-30,000776,97.67000000,97.91000000,98.56000000,97.07000000,339572,548387536.85000002,1.53000000,0.29000000,0.28000000,0.57000000,广发证券
2022-08-31,000776,97.77000000,99.12000000,100.00000000,97.58000000,991113,1630774997.54999995,2.47000000,1.24000000,1.21000000,1.67000000,广发证券
2022-09-01,000776,99.07000000,98.19000000,99.40000000,97.86000000,389085,635923424.70000005,1.55000000,-0.94000000,-0.93000000,0.66000000,广发证券
2022-09-02,000776,97.95000000,97.53000000,98.79000000,96.79000000,357107,574657227.23000002,2.04000000,-0.67000000,-0.66000000,0.60000000,广发证券
2022-09-05,000776,97.26000000,97.67000000,97.86000000,96.28000000,320840,513572694.07999998,1.62000000,0.14000000,0.14000000,0.54000000,广发证券
2022-09-06,000776,98.00000000,100.61000000,100.75000000,97.72000000,952978,1574948014.16000009,3.10000000,3.01000000,2.94000000,1.61000000,广发证券
2022-09-07,000776,100.10000000,100.19000000,100.66000000,99.26000000,429788,714642031.63999999,1.39000000,-0.42000000,-0.42000000,0.73000000,广发证券
2022-09-08,000776,100.33000000,101.26000000,102.71000000,100.24000000,835370,1418381084.49000001,2.47000000,1.07000000,1.07000000,1.41000000,广发证券
2022-09-09,000776,101.26000000,102.80000000,104.71000000,100.89000000,1078887,1873275493.50000000,3.77000000,1.52000000,1.54000000,1.82000000,广发证券
2022-09-13,000776,102.66000000,103.03000000,104.29000000,101.77000000,626774,1083733602.75999999,2.45000000,0.22000000,0.23000000,1.06000000,广发证券
2022-09-14,000776,101.73000000,101.50000000,102.80000000,100.84000000,511147,867252395.34000003,1.90000000,-1.49000000,-1.53000000,0.86000000,广发证券
2022-09-15,000776,101.91000000,102.57000000,104.20000000,101.45000000,877876,1515669654.84999990,2.71000000,1.05000000,1.07000000,1.48000000,广发证券
2022-09-16,000776,102.29000000,96.60000000,102.29000000,95.48000000,1418401,2278127636.34999990,6.64000000,-5.82000000,-5.97000000,2.40000000,广发证券
2022-09-19,000776,95.81000000,94.04000000,96.37000000,93.34000000,764445,1182721189.32999992,3.14000000,-2.65000000,-2.56000000,1.29000000,广发证券
2022-09-20,000776,94.51000000,94.37000000,94.74000000,93.48000000,385243,591850985.51999998,1.34000000,0.35000000,0.33000000,0.65000000,广发证券
2022-09-21,000776,93.81000000,93.57000000,94.18000000,92.04000000,618534,936407202.36000001,2.27000000,-0.85000000,-0.80000000,1.04000000,广发证券
2022-09-22,000776,92.55000000,93.06000000,93.57000000,92.55000000,367200,555917730.94000006,1.09000000,-0.55000000,-0.51000000,0.62000000,广发证券
2022-09-23,000776,93.06000000,93.25000000,94.69000000,92.83000000,492000,750719660.57000005,2.00000000,0.20000000,0.19000000,0.83000000,广发证券
2022-09-26,000776,92.60000000,91.20000000,93.25000000,90.73000000,518541,773661799.85000002,2.70000000,-2.20000000,-2.05000000,0.88000000,广发证券
2022-09-27,000776,91.43000000,91.80000000,91.90000000,90.50000000,395662,583469296.83000004,1.54000000,0.66000000,0.60000000,0.67000000,广发证券
2022-09-28,000776,91.24000000,89.94000000,91.57000000,89.80000000,373174,545547121.61000001,1.93000000,-2.03000000,-1.86000000,0.63000000,广发证券
2022-09-29,000776,90.64000000,88.96000000,90.83000000,88.50000000,395943,570392010.90999997,2.59000000,-1.09000000,-0.98000000,0.67000000,广发证券
2022-09-30,000776,89.10000000,89.01000000,89.85000000,88.82000000,293198,420232325.27999997,1.16000000,0.06000000,0.05000000,0.50000000,广发证券
2022-10-10,000776,89.19000000,88.59000000,89.71000000,87.80000000,271751,387394591.94000000,2.15000000,-0.47000000,-0.42000000,0.46000000,广发证券
2022-10-11,000776,88.64000000,89.66000000,90.31000000,88.36000000,358768,514989406.97000003,2.20000000,1.21000000,1.07000000,0.61000000,广发证券
2022-10-12,000776,89.71000000,92.36000000,92.55000000,89.33000000,596228,878039397.39999998,3.59000000,3.01000000,2.70000000,1.01000000,广发证券
2022-10-13,000776,91.94000000,91.43000000,92.41000000,91.01000000,350107,518876473.41000003,1.52000000,-1.01000000,-0.93000000,0.59000000,广发证券
2022-10-14,000776,92.04000000,92.55000000,93.02000000,91.80000000,470027,705838984.35000002,1.33000000,1.22000000,1.12000000,0.79000000,广发证券
2022-10-17,000776,92.41000000,92.64000000,92.97000000,91.80000000,311201,466993101.77999997,1.26000000,0.10000000,0.09000000,0.53000000,广发证券
2022-10-18,000776,92.97000000,92.36000000,93.43000000,92.18000000,366797,552694775.74000001,1.35000000,-0.30000000,-0.28000000,0.62000000,广发证券
2022-10-19,000776,92.08000000,91.15000000,92.50000000,91.01000000,378578,560733807.10000002,1.61000000,-1.31000000,-1.21000000,0.64000000,广发证券
2022-10-20,000776,90.78000000,91.48000000,92.60000000,90.50000000,410660,607032418.57000005,2.30000000,0.36000000,0.33000000,0.69000000,广发证券
2022-10-21,000776,93.11000000,91.57000000,93.34000000,91.20000000,497371,745312343.15999997,2.34000000,0.10000000,0.09000000,0.84000000,广发证券
2022-10-24,000776,91.90000000,89.52000000,93.02000000,89.24000000,580881,855243494.46000004,4.13000000,-2.24000000,-2.05000000,0.98000000,广发证券
2022-10-25,000776,89.15000000,87.66000000,89.61000000,86.77000000,690027,967006949.26999998,3.17000000,-2.08000000,-1.86000000,1.17000000,广发证券
2022-10-26,000776,87.80000000,87.89000000,88.73000000,87.38000000,497279,698983233.88999999,1.54000000,0.26000000,0.23000000,0.84000000,广发证券
2022-10-27,000776,88.17000000,88.96000000,90.22000000,87.56000000,584294,833576956.10000002,3.03000000,1.22000000,1.07000000,0.99000000,广发证券
2022-10-28,000776,88.68000000,86.96000000,89.05000000,86.91000000,487663,685719494.67999995,2.41000000,-2.25000000,-2.00000000,0.82000000,广发证券
2022-10-31,000776,86.87000000,86.03000000,87.14000000,83.70000000,676005,916026363.48000002,3.96000000,-1.07000000,-0.93000000,1.14000000,广发证券
2022-11-01,000776,86.07000000,88.54000000,88.54000000,86.03000000,608061,851568469.49000001,2.92000000,2.92000000,2.51000000,1.03000000,广发证券
2022-11-02,000776,88.12000000,89.05000000,89.89000000,87.98000000,516441,735658362.52999997,2.16000000,0.58000000,0.51000000,0.87000000,广发证券
2022-11-03,000776,88.45000000,87.94000000,88.68000000,87.33000000,484323,680364759.82000005,1.52000000,-1.25000000,-1.11000000,0.82000000,广发证券
2022-11-04,000776,87.98000000,90.87000000,91.48000000,87.84000000,976460,1419680851.34999990,4.14000000,3.33000000,2.93000000,1.65000000,广发证券
2022-11-07,000776,90.17000000,91.34000000,92.08000000,89.99000000,601600,886672592.51999998,2.30000000,0.52000000,0.47000000,1.02000000,广发证券
2022-11-08,000776,91.24000000,90.92000000,91.94000000,90.41000000,327135,480046325.76999998,1.68000000,-0.46000000,-0.42000000,0.55000000,广发证券
2022-11-09,000776,90.87000000,90.13000000,91.38000000,89.94000000,409665,596803276.00000000,1.58000000,-0.87000000,-0.79000000,0.69000000,广发证券
2022-11-10,000776,89.61000000,90.64000000,91.06000000,89.57000000,362627,529011249.25000000,1.65000000,0.57000000,0.51000000,0.61000000,广发证券
2022-11-11,000776,92.46000000,93.20000000,95.07000000,91.71000000,1313216,1989801729.57999992,3.71000000,2.82000000,2.56000000,2.22000000,广发证券
2022-11-14,000776,93.76000000,93.57000000,96.04000000,93.20000000,1022386,1574471859.24000001,3.05000000,0.40000000,0.37000000,1.73000000,广发证券
2022-11-15,000776,93.11000000,97.30000000,99.31000000,92.92000000,1604350,2554108712.94999981,6.83000000,3.99000000,3.73000000,2.71000000,广发证券
2022-11-16,000776,96.65000000,95.34000000,97.21000000,95.07000000,741895,1170198081.97000003,2.20000000,-2.01000000,-1.96000000,1.25000000,广发证券
2022-11-17,000776,95.25000000,96.28000000,96.46000000,94.41000000,609416,956164207.63999999,2.15000000,0.99000000,0.94000000,1.03000000,广发证券
2022-11-18,000776,95.81000000,95.16000000,96.46000000,94.74000000,572166,894625991.13999999,1.79000000,-1.16000000,-1.12000000,0.97000000,广发证券
2022-11-21,000776,94.09000000,93.16000000,94.18000000,92.41000000,738603,1116351689.63000011,1.86000000,-2.10000000,-2.00000000,1.25000000,广发证券
2022-11-22,000776,93.11000000,94.23000000,95.30000000,93.06000000,678919,1046173739.16999996,2.40000000,1.15000000,1.07000000,1.15000000,广发证券
2022-11-23,000776,93.99000000,94.18000000,95.34000000,93.20000000,581175,895874947.92999995,2.27000000,-0.05000000,-0.05000000,0.98000000,广发证券
2022-11-24,000776,94.93000000,94.04000000,95.39000000,93.81000000,319727,493517294.04000002,1.68000000,-0.15000000,-0.14000000,0.54000000,广发证券
2022-11-25,000776,93.85000000,95.11000000,96.04000000,93.71000000,569923,887414906.86000001,2.48000000,1.14000000,1.07000000,0.96000000,广发证券
2022-11-28,000776,92.92000000,93.85000000,94.09000000,92.04000000,719744,1089388840.27999997,2.16000000,-1.32000000,-1.26000000,1.22000000,广发证券
2022-11-29,000776,94.23000000,97.21000000,98.70000000,93.99000000,1261255,2008134187.82999992,5.02000000,3.58000000,3.36000000,2.13000000,广发证券
2022-11-30,000776,97.07000000,97.12000000,98.79000000,96.65000000,679771,1096496736.29999995,2.20000000,-0.09000000,-0.09000000,1.15000000,广发证券
2022-12-01,000776,99.40000000,98.42000000,100.70000000,98.37000000,1193581,1978423261.48000002,2.40000000,1.34000000,1.30000000,2.02000000,广发证券
2022-12-02,000776,98.51000000,97.16000000,98.93000000,96.70000000,595541,959304130.08000004,2.27000000,-1.28000000,-1.26000000,1.01000000,广发证券
2022-12-05,000776,98.33000000,101.26000000,101.87000000,98.33000000,1167680,1956714212.69000006,3.64000000,4.22000000,4.10000000,1.97000000,广发证券
2022-12-06,000776,100.42000000,100.80000000,101.73000000,100.05000000,653165,1098648819.06999993,1.66000000,-0.45000000,-0.46000000,1.10000000,广发证券
2022-12-07,000776,100.42000000,98.93000000,101.03000000,98.47000000,762511,1257574828.34999990,2.54000000,-1.86000000,-1.87000000,1.29000000,广发证券
2022-12-08,000776,98.93000000,99.21000000,99.26000000,97.91000000,463366,757533855.91999996,1.36000000,0.28000000,0.28000000,0.78000000,广发证券
2022-12-09,000776,99.12000000,98.75000000,99.49000000,97.49000000,648514,1055897486.35000002,2.02000000,-0.46000000,-0.46000000,1.10000000,广发证券
2022-12-12,000776,98.33000000,96.56000000,98.37000000,96.18000000,638611,1022703808.99000001,2.22000000,-2.22000000,-2.19000000,1.08000000,广发证券
2022-12-13,000776,96.70000000,96.14000000,96.88000000,95.81000000,438374,694506622.98000002,1.11000000,-0.43000000,-0.42000000,0.74000000,广发证券
2022-12-14,000776,96.42000000,96.79000000,97.30000000,95.95000000,493879,784922639.28999996,1.40000000,0.68000000,0.65000000,0.83000000,广发证券
2022-12-15,000776,96.32000000,95.95000000,96.74000000,95.53000000,359148,565609252.14999998,1.25000000,-0.87000000,-0.84000000,0.61000000,广发证券
2022-12-16,000776,95.44000000,96.23000000,96.74000000,95.25000000,383093,605811000.92999995,1.55000000,0.29000000,0.28000000,0.65000000,广发证券
2022-12-19,000776,96.28000000,94.37000000,97.16000000,93.95000000,547463,852799810.02999997,3.34000000,-1.93000000,-1.86000000,0.92000000,广发证券
2022-12-20,000776,94.37000000,94.23000000,94.93000000,93.67000000,256614,395163764.44999999,1.34000000,-0.15000000,-0.14000000,0.43000000,广发证券
2022-12-21,000776,94.51000000,94.37000000,94.88000000,93.81000000,222865,343882794.38000000,1.14000000,0.15000000,0.14000000,0.38000000,广发证券
2022-12-22,000776,94.97000000,93.95000000,95.21000000,93.20000000,381692,589070695.10000002,2.13000000,-0.45000000,-0.42000000,0.64000000,广发证券
2022-12-23,000776,93.34000000,93.76000000,94.55000000,93.11000000,273082,417930842.42000002,1.53000000,-0.20000000,-0.19000000,0.46000000,广发证券
2022-12-26,000776,93.81000000,93.34000000,93.95000000,92.08000000,370675,560445565.09000003,1.99000000,-0.45000000,-0.42000000,0.63000000,广发证券
2022-12-27,000776,93.76000000,95.21000000,95.90000000,93.34000000,528745,820955347.59000003,2.74000000,2.00000000,1.87000000,0.89000000,广发证券
2022-12-28,000776,94.83000000,94.65000000,95.44000000,94.09000000,343573,533309947.70999998,1.42000000,-0.59000000,-0.56000000,0.58000000,广发证券
2022-12-29,000776,94.23000000,94.23000000,94.65000000,93.53000000,343302,526349572.00999999,1.18000000,-0.44000000,-0.42000000,0.58000000,广发证券
2022-12-30,000776,94.55000000,94.69000000,95.48000000,94.23000000,306276,475261068.68000001,1.33000000,0.49000000,0.46000000,0.52000000,广发证券
2023-01-03,000776,93.34000000,93.16000000,93.62000000,89.29000000,880594,1308800004.44000006,4.57000000,-1.62000000,-1.53000000,1.49000000,广发证券
2023-01-04,000776,92.83000000,93.25000000,94.23000000,92.46000000,525860,799100704.58000004,1.90000000,0.10000000,0.09000000,0.89000000,广发证券
2023-01-05,000776,93.67000000,95.34000000,96.32000000,93.67000000,852917,1328394316.70000005,2.84000000,2.24000000,2.09000000,1.44000000,广发证券
2023-01-06,000776,95.11000000,95.48000000,96.18000000,94.65000000,470351,736124794.60000002,1.60000000,0.15000000,0.14000000,0.79000000,广发证券
2023-01-09,000776,95.95000000,98.37000000,100.28000000,95.86000000,1188536,1936752178.58999991,4.63000000,3.03000000,2.89000000,2.01000000,广发证券
2023-01-10,000776,98.09000000,98.23000000,100.28000000,97.81000000,784327,1284653269.36999989,2.51000000,-0.14000000,-0.14000000,1.33000000,广发证券
2023-01-11,000776,97.12000000,94.60000000,97.63000000,93.71000000,1747118,2713937698.88000011,3.99000000,-3.70000000,-3.63000000,2.95000000,广发证券
2023-01-12,000776,94.51000000,95.34000000,96.09000000,94.27000000,975493,1519030495.86999989,1.92000000,0.78000000,0.74000000,1.65000000,广发证券
2023-01-13,000776,95.81000000,99.03000000,99.26000000,95.81000000,1524801,2457127739.05999994,3.62000000,3.87000000,3.69000000,2.58000000,广发证券
2023-01-16,000776,99.40000000,105.08000000,106.67000000,99.40000000,3043484,5350282657.50000000,7.34000000,6.11000000,6.05000000,5.14000000,广发证券
2023-01-17,000776,103.59000000,105.36000000,105.87000000,103.22000000,1350314,2384597337.05999994,2.52000000,0.27000000,0.28000000,2.28000000,广发证券
2023-01-18,000776,105.46000000,105.50000000,106.25000000,104.48000000,869962,1550117357.83999991,1.68000000,0.13000000,0.14000000,1.47000000,广发证券
2023-01-19,000776,105.36000000,107.13000000,107.55000000,104.76000000,909283,1636027882.92000008,2.64000000,1.55000000,1.63000000,1.54000000,广发证券
2023-01-20,000776,106.48000000,105.46000000,106.95000000,104.99000000,914682,1630768196.80999994,1.83000000,-1.56000000,-1.67000000,1.55000000,广发证券
2023-01-30,000776,106.76000000,104.76000000,107.32000000,104.48000000,839308,1492098848.91000009,2.69000000,-0.66000000,-0.70000000,1.42000000,广发证券
2023-01-31,000776,104.66000000,103.59000000,105.22000000,103.13000000,620864,1084582236.00000000,2.00000000,-1.12000000,-1.17000000,1.05000000,广发证券
2023-02-01,000776,103.82000000,105.83000000,105.97000000,103.13000000,831668,1461542370.55999994,2.74000000,2.16000000,2.24000000,1.41000000,广发证券
2023-02-02,000776,106.95000000,103.22000000,106.99000000,102.80000000,1203558,2102098251.38000011,3.96000000,-2.47000000,-2.61000000,2.03000000,广发证券
2023-02-03,000776,102.66000000,102.33000000,103.17000000,101.26000000,824046,1406341713.73000002,1.85000000,-0.86000000,-0.89000000,1.39000000,广发证券
2023-02-06,000776,101.50000000,100.19000000,101.63000000,99.31000000,1011512,1688069929.64000010,2.27000000,-2.09000000,-2.14000000,1.71000000,广发证券
2023-02-07,000776,100.33000000,100.33000000,100.80000000,99.77000000,494331,825148020.11000001,1.03000000,0.14000000,0.14000000,0.84000000,广发证券
2023-02-08,000776,100.10000000,99.40000000,100.42000000,99.21000000,423844,701268936.59000003,1.21000000,-0.93000000,-0.93000000,0.72000000,广发证券
2023-02-09,000776,99.40000000,100.52000000,100.66000000,99.17000000,694088,1156100563.50000000,1.50000000,1.13000000,1.12000000,1.17000000,广发证券
2023-02-10,000776,100.14000000,100.05000000,100.33000000,99.63000000,382145,635435202.34000003,0.70000000,-0.47000000,-0.47000000,0.65000000,广发证券
2023-02-13,000776,99.86000000,100.66000000,100.94000000,99.45000000,499480,834452544.59000003,1.49000000,0.61000000,0.61000000,0.84000000,广发证券
2023-02-14,000776,100.80000000,100.33000000,100.89000000,99.68000000,437358,729196598.66999996,1.20000000,-0.33000000,-0.33000000,0.74000000,广发证券
2023-02-15,000776,100.33000000,99.49000000,100.38000000,98.98000000,416197,687500101.15999997,1.40000000,-0.84000000,-0.84000000,0.70000000,广发证券
2023-02-16,000776,99.40000000,98.09000000,100.75000000,96.14000000,986527,1626368185.17000008,4.63000000,-1.41000000,-1.40000000,1.67000000,广发证券
2023-02-17,000776,97.77000000,96.79000000,98.47000000,96.60000000,571391,919610282.27999997,1.91000000,-1.33000000,-1.30000000,0.97000000,广发证券
2023-02-20,000776,97.58000000,99.72000000,99.77000000,96.74000000,945621,1543008637.66000009,3.13000000,3.03000000,2.93000000,1.60000000,广发证券
2023-02-21,000776,99.45000000,99.86000000,100.33000000,98.93000000,624754,1034162902.24000001,1.40000000,0.14000000,0.14000000,1.06000000,广发证券
2023-02-22,000776,99.31000000,99.07000000,99.86000000,98.65000000,498786,820448707.25000000,1.21000000,-0.79000000,-0.79000000,0.84000000,广发证券
2023-02-23,000776,99.40000000,99.49000000,100.70000000,99.07000000,591952,982343109.35000002,1.65000000,0.42000000,0.42000000,1.00000000,广发证券
2023-02-24,000776,99.54000000,98.42000000,99.63000000,98.00000000,457604,747182105.58000004,1.64000000,-1.08000000,-1.07000000,0.77000000,广发证券
2023-02-27,000776,97.77000000,97.86000000,98.33000000,97.49000000,329246,532222516.89999998,0.85000000,-0.57000000,-0.56000000,0.56000000,广发证券
2023-02-28,000776,98.70000000,98.61000000,98.79000000,97.72000000,332537,540191945.76999998,1.09000000,0.77000000,0.75000000,0.56000000,广发证券
2023-03-01,000776,98.42000000,99.77000000,100.00000000,97.58000000,633491,1044815639.05999994,2.45000000,1.18000000,1.16000000,1.07000000,广发证券
2023-03-02,000776,99.40000000,99.63000000,100.10000000,99.26000000,382078,632113397.19000006,0.84000000,-0.14000000,-0.14000000,0.65000000,广发证券
2023-03-03,000776,99.86000000,100.38000000,100.66000000,99.17000000,602825,1003102298.61000001,1.50000000,0.75000000,0.75000000,1.02000000,广发证券
2023-03-06,000776,100.33000000,99.21000000,100.47000000,98.93000000,488730,806157403.00000000,1.53000000,-1.17000000,-1.17000000,0.83000000,广发证券
2023-03-07,000776,98.93000000,97.07000000,99.91000000,96.60000000,984069,1596241361.96000004,3.34000000,-2.16000000,-2.14000000,1.66000000,广发证券
2023-03-08,000776,96.70000000,97.07000000,97.21000000,96.28000000,352207,561193192.99000001,0.96000000,0.00000000,0.00000000,0.60000000,广发证券
2023-03-09,000776,97.07000000,96.65000000,97.30000000,96.37000000,260410,414769981.67000002,0.96000000,-0.43000000,-0.42000000,0.44000000,广发证券
2023-03-10,000776,96.04000000,95.25000000,96.42000000,95.21000000,441535,692225511.48000002,1.25000000,-1.45000000,-1.40000000,0.75000000,广发证券
2023-03-13,000776,95.25000000,95.76000000,95.95000000,94.79000000,369317,578312719.74000001,1.22000000,0.54000000,0.51000000,0.62000000,广发证券
2023-03-14,000776,95.34000000,94.83000000,95.48000000,93.76000000,435122,673537445.84000003,1.80000000,-0.97000000,-0.93000000,0.74000000,广发证券
2023-03-15,000776,95.34000000,95.30000000,95.90000000,95.25000000,334762,524701521.86000001,0.69000000,0.50000000,0.47000000,0.57000000,广发证券
2023-03-16,000776,94.79000000,94.41000000,95.30000000,94.27000000,271689,420855934.81999999,1.08000000,-0.93000000,-0.89000000,0.46000000,广发证券
2023-03-17,000776,95.02000000,95.44000000,96.32000000,95.02000000,494604,776767975.42999995,1.38000000,1.09000000,1.03000000,0.84000000,广发证券
2023-03-20,000776,95.44000000,95.02000000,96.28000000,94.69000000,402942,630945431.73000002,1.67000000,-0.44000000,-0.42000000,0.68000000,广发证券
2023-03-21,000776,95.21000000,95.72000000,96.00000000,95.21000000,292294,458620346.47000003,0.83000000,0.74000000,0.70000000,0.49000000,广发证券
2023-03-22,000776,95.95000000,95.48000000,96.18000000,94.51000000,505182,789075326.82000005,1.74000000,-0.25000000,-0.24000000,0.85000000,广发证券
2023-03-23,000776,95.11000000,96.09000000,96.09000000,94.97000000,492717,773380150.11000001,1.17000000,0.64000000,0.61000000,0.83000000,广发证券
2023-03-24,000776,96.14000000,95.72000000,96.60000000,95.02000000,490284,769914422.25000000,1.64000000,-0.39000000,-0.37000000,0.83000000,广发证券
2023-03-27,000776,95.58000000,95.72000000,96.37000000,94.97000000,470616,739290272.19000006,1.46000000,0.00000000,0.00000000,0.80000000,广发证券
2023-03-28,000776,96.04000000,95.16000000,96.09000000,94.88000000,338288,528610721.80000001,1.26000000,-0.59000000,-0.56000000,0.57000000,广发证券
2023-03-29,000776,95.16000000,94.60000000,95.39000000,94.37000000,331568,513574405.04000002,1.07000000,-0.59000000,-0.56000000,0.56000000,广发证券
2023-03-30,000776,94.65000000,94.97000000,95.21000000,93.43000000,406457,626344409.02999997,1.88000000,0.39000000,0.37000000,0.69000000,广发证券
2023-03-31,000776,95.16000000,96.00000000,96.42000000,94.97000000,574568,905151383.07000005,1.53000000,1.08000000,1.03000000,0.97000000,广发证券
2023-04-03,000776,96.09000000,98.19000000,98.61000000,95.95000000,1055673,1702363637.47000003,2.77000000,2.28000000,2.19000000,1.78000000,广发证券
2023-04-04,000776,98.37000000,98.89000000,99.17000000,98.14000000,812647,1328482940.96000004,1.05000000,0.71000000,0.70000000,1.37000000,广发证券
2023-04-06,000776,98.56000000,98.28000000,99.03000000,98.14000000,463261,755064123.38999999,0.90000000,-0.62000000,-0.61000000,0.78000000,广发证券
2023-04-07,000776,98.14000000,99.17000000,99.49000000,98.14000000,559915,919232573.16999996,1.37000000,0.91000000,0.89000000,0.95000000,广发证券
2023-04-10,000776,100.00000000,98.93000000,100.80000000,98.65000000,795118,1319328805.60999990,2.17000000,-0.24000000,-0.24000000,1.34000000,广发证券
2023-04-11,000776,99.40000000,100.00000000,101.45000000,99.35000000,890671,1488249290.10999990,2.12000000,1.08000000,1.07000000,1.50000000,广发证券
2023-04-12,000776,99.86000000,99.82000000,100.56000000,99.49000000,502349,834921000.21000004,1.07000000,-0.18000000,-0.18000000,0.85000000,广发证券
2023-04-13,000776,99.40000000,98.89000000,99.68000000,98.47000000,381356,625728175.97000003,1.21000000,-0.93000000,-0.93000000,0.64000000,广发证券
2023-04-14,000776,99.12000000,98.89000000,99.40000000,97.81000000,445995,728533639.12000000,1.61000000,0.00000000,0.00000000,0.75000000,广发证券
2023-04-17,000776,99.17000000,101.59000000,101.73000000,98.51000000,1133856,1903683220.93000007,3.26000000,2.73000000,2.70000000,1.92000000,广发证券
2023-04-18,000776,99.68000000,99.54000000,100.14000000,98.93000000,1116942,1843553039.20000005,1.19000000,-2.02000000,-2.05000000,1.89000000,广发证券
2023-04-19,000776,99.17000000,96.74000000,99.17000000,96.14000000,1131175,1816220571.41000009,3.04000000,-2.81000000,-2.80000000,1.91000000,广发证券
2023-04-20,000776,96.32000000,96.56000000,96.79000000,95.48000000,646940,1021140611.35000002,1.35000000,-0.19000000,-0.18000000,1.09000000,广发证券
2023-04-21,000776,96.56000000,94.04000000,96.60000000,93.90000000,726399,1129354338.11999989,2.80000000,-2.61000000,-2.52000000,1.23000000,广发证券
2023-04-24,000776,93.81000000,92.69000000,94.46000000,92.22000000,751648,1138143010.53999996,2.38000000,-1.44000000,-1.35000000,1.27000000,广发证券
2023-04-25,000776,92.55000000,92.27000000,93.02000000,91.34000000,620510,926398603.27999997,1.81000000,-0.45000000,-0.42000000,1.05000000,广发证券
2023-04-26,000776,91.99000000,92.32000000,92.74000000,91.71000000,400333,598440777.90999997,1.12000000,0.05000000,0.05000000,0.68000000,广发证券
2023-04-27,000776,91.99000000,92.22000000,92.74000000,91.76000000,472966,707193738.28999996,1.06000000,-0.11000000,-0.10000000,0.80000000,广发证券
2023-04-28,000776,92.60000000,93.99000000,94.41000000,92.46000000,690974,1053894625.87000000,2.11000000,1.92000000,1.77000000,1.17000000,广发证券
2023-05-04,000776,93.53000000,94.37000000,94.51000000,92.97000000,649173,994104204.57000005,1.64000000,0.40000000,0.38000000,1.10000000,广发证券
2023-05-05,000776,94.51000000,96.51000000,98.70000000,94.41000000,1430423,2291977007.80000019,4.55000000,2.27000000,2.14000000,2.42000000,广发证券
2023-05-08,000776,96.51000000,98.33000000,99.31000000,96.00000000,1138203,1840774738.16000009,3.43000000,1.89000000,1.82000000,1.92000000,广发证券
2023-05-09,000776,98.37000000,99.21000000,102.10000000,98.05000000,2056889,3436925050.03999996,4.12000000,0.89000000,0.88000000,3.47000000,广发证券
2023-05-10,000776,98.70000000,97.35000000,99.35000000,96.88000000,913521,1474856725.67000008,2.49000000,-1.87000000,-1.86000000,1.54000000,广发证券
2023-05-11,000776,97.53000000,96.84000000,98.19000000,96.60000000,421423,676555736.64999998,1.63000000,-0.52000000,-0.51000000,0.71000000,广发证券
2023-05-12,000776,96.70000000,95.86000000,97.26000000,95.86000000,424952,673914712.21000004,1.45000000,-1.01000000,-0.98000000,0.72000000,广发证券
2023-05-15,000776,95.86000000,96.60000000,97.07000000,94.41000000,579286,909830320.39999998,2.77000000,0.77000000,0.74000000,0.98000000,广发证券
2023-05-16,000776,96.79000000,95.76000000,97.49000000,95.58000000,381599,604684269.76999998,1.98000000,-0.87000000,-0.84000000,0.64000000,广发证券
2023-05-17,000776,95.58000000,95.48000000,96.04000000,95.16000000,280587,439394737.56999999,0.92000000,-0.29000000,-0.28000000,0.47000000,广发证券
2023-05-18,000776,95.58000000,95.16000000,96.04000000,94.83000000,361092,565566591.99000001,1.27000000,-0.34000000,-0.32000000,0.61000000,广发证券
2023-05-19,000776,95.02000000,94.13000000,95.11000000,94.04000000,420875,648704662.95000005,1.12000000,-1.08000000,-1.03000000,0.71000000,广发证券
2023-05-22,000776,94.09000000,93.76000000,94.41000000,93.39000000,348508,533149504.48000002,1.08000000,-0.39000000,-0.37000000,0.59000000,广发证券
2023-05-23,000776,93.81000000,92.97000000,94.09000000,92.97000000,334546,508649624.44000000,1.19000000,-0.84000000,-0.79000000,0.57000000,广发证券
2023-05-24,000776,92.92000000,91.99000000,92.92000000,91.94000000,523058,783881258.76999998,1.05000000,-1.05000000,-0.98000000,0.88000000,广发证券
2023-05-25,000776,91.99000000,92.50000000,92.55000000,91.71000000,415531,620680281.57000005,0.91000000,0.55000000,0.51000000,0.70000000,广发证券
2023-05-26,000776,92.50000000,93.29000000,93.34000000,92.08000000,342128,516435630.35000002,1.36000000,0.85000000,0.79000000,0.58000000,广发证券
2023-05-29,000776,93.29000000,92.41000000,93.34000000,92.18000000,438911,659216573.90999997,1.24000000,-0.94000000,-0.88000000,0.74000000,广发证券
2023-05-30,000776,92.32000000,92.27000000,92.46000000,91.29000000,525992,782143012.46000004,1.27000000,-0.15000000,-0.14000000,0.89000000,广发证券
2023-05-31,000776,92.08000000,91.94000000,92.13000000,91.48000000,324233,481936016.12000000,0.70000000,-0.36000000,-0.33000000,0.55000000,广发证券
2023-06-01,000776,91.66000000,91.99000000,92.78000000,91.48000000,373212,557970439.67999995,1.41000000,0.05000000,0.05000000,0.63000000,广发证券
2023-06-02,000776,92.36000000,92.55000000,92.60000000,92.22000000,302395,453902164.83999997,0.41000000,0.61000000,0.56000000,0.51000000,广发证券
2023-06-05,000776,92.50000000,92.36000000,92.69000000,92.18000000,233196,349809174.00000000,0.55000000,-0.21000000,-0.19000000,0.39000000,广发证券
2023-06-06,000776,92.46000000,91.66000000,92.74000000,91.38000000,363651,542963276.95000005,1.47000000,-0.76000000,-0.70000000,0.61000000,广发证券
2023-06-07,000776,91.71000000,91.80000000,92.22000000,91.38000000,216647,322019708.22000003,0.92000000,0.15000000,0.14000000,0.37000000,广发证券
2023-06-08,000776,91.76000000,92.22000000,92.55000000,91.11000000,358106,532530643.44999999,1.57000000,0.46000000,0.42000000,0.60000000,广发证券
2023-06-09,000776,92.04000000,92.13000000,92.27000000,91.71000000,233631,348441907.99000001,0.61000000,-0.10000000,-0.09000000,0.39000000,广发证券
2023-06-12,000776,91.94000000,91.76000000,92.04000000,91.48000000,245377,364665943.99000001,0.61000000,-0.40000000,-0.37000000,0.41000000,广发证券
2023-06-13,000776,91.71000000,91.94000000,92.08000000,91.52000000,266797,396660817.45999998,0.61000000,0.20000000,0.18000000,0.45000000,广发证券
2023-06-14,000776,92.04000000,92.13000000,92.88000000,91.99000000,398223,597367724.39999998,0.97000000,0.21000000,0.19000000,0.67000000,广发证券
2023-06-15,000776,92.41000000,92.83000000,93.02000000,92.04000000,494332,743127376.59000003,1.06000000,0.76000000,0.70000000,0.84000000,广发证券
2023-06-16,000776,93.02000000,92.88000000,93.11000000,92.60000000,382514,577297902.66999996,0.55000000,0.05000000,0.05000000,0.65000000,广发证券
2023-06-19,000776,92.78000000,92.36000000,92.88000000,92.22000000,285415,428065883.95999998,0.71000000,-0.56000000,-0.52000000,0.48000000,广发证券
2023-06-20,000776,92.41000000,91.90000000,92.55000000,91.71000000,287397,428972333.27999997,0.91000000,-0.50000000,-0.46000000,0.49000000,广发证券
2023-06-21,000776,91.76000000,91.06000000,91.85000000,91.06000000,342228,505633253.45999998,0.86000000,-0.91000000,-0.84000000,0.58000000,广发证券
2023-06-26,000776,90.78000000,90.22000000,90.78000000,90.08000000,327294,476166172.13000000,0.77000000,-0.92000000,-0.84000000,0.55000000,广发证券
2023-06-27,000776,90.31000000,90.64000000,90.69000000,90.08000000,208425,304159319.75999999,0.68000000,0.47000000,0.42000000,0.35000000,广发证券
2023-06-28,000776,90.69000000,90.41000000,90.69000000,89.85000000,196073,284974604.57999998,0.93000000,-0.25000000,-0.23000000,0.33000000,广发证券
2023-06-29,000776,90.22000000,90.31000000,90.64000000,90.03000000,149847,217899257.74000001,0.67000000,-0.11000000,-0.10000000,0.25000000,广发证券
2023-06-30,000776,90.36000000,91.06000000,91.38000000,90.36000000,269092,395786671.39999998,1.13000000,0.83000000,0.75000000,0.45000000,广发证券
2023-07-03,000776,91.06000000,91.71000000,92.04000000,91.06000000,322950,479230518.17000002,1.08000000,0.71000000,0.65000000,0.55000000,广发证券
2023-07-04,000776,91.66000000,91.66000000,91.94000000,91.38000000,216586,321252758.67000002,0.61000000,-0.05000000,-0.05000000,0.37000000,广发证券
2023-07-05,000776,91.66000000,91.62000000,91.80000000,91.43000000,193285,286699279.42000002,0.40000000,-0.04000000,-0.04000000,0.33000000,广发证券
2023-07-06,000776,91.48000000,91.34000000,91.80000000,91.20000000,172389,254962814.59999999,0.65000000,-0.31000000,-0.28000000,0.29000000,广发证券
2023-07-07,000776,91.29000000,91.62000000,91.94000000,90.92000000,201901,298884203.85000002,1.12000000,0.31000000,0.28000000,0.34000000,广发证券
2023-07-10,000776,91.66000000,91.71000000,91.99000000,91.57000000,218771,325105556.85000002,0.46000000,0.10000000,0.09000000,0.37000000,广发证券
2023-07-11,000776,91.71000000,91.90000000,91.94000000,91.62000000,163449,243065532.21000001,0.35000000,0.21000000,0.19000000,0.28000000,广发证券
2023-07-12,000776,91.90000000,91.24000000,92.13000000,91.15000000,222427,329955334.00000000,1.07000000,-0.72000000,-0.66000000,0.38000000,广发证券
2023-07-13,000776,91.48000000,92.18000000,92.36000000,91.34000000,359228,536583335.22000003,1.12000000,1.03000000,0.94000000,0.61000000,广发证券
2023-07-14,000776,92.27000000,91.90000000,92.36000000,91.80000000,210137,313302151.69999999,0.61000000,-0.30000000,-0.28000000,0.36000000,广发证券
2023-07-17,000776,91.76000000,91.48000000,91.76000000,91.20000000,190716,281818795.31999999,0.61000000,-0.46000000,-0.42000000,0.32000000,广发证券
2023-07-18,000776,91.76000000,91.66000000,91.94000000,91.24000000,168697,250369035.38999999,0.77000000,0.20000000,0.18000000,0.28000000,广发证券
2023-07-19,000776,91.57000000,91.94000000,92.04000000,91.43000000,237780,353538056.75999999,0.67000000,0.31000000,0.28000000,0.40000000,广发证券
2023-07-20,000776,92.13000000,91.38000000,92.27000000,91.29000000,240632,357741682.82999998,1.07000000,-0.61000000,-0.56000000,0.41000000,广发证券
2023-07-21,000776,91.24000000,91.38000000,91.71000000,91.20000000,151814,224465656.56999999,0.56000000,0.00000000,0.00000000,0.26000000,广发证券
2023-07-24,000776,91.20000000,90.97000000,91.38000000,90.64000000,179125,263325642.38000000,0.81000000,-0.45000000,-0.41000000,0.30000000,广发证券
2023-07-25,000776,93.20000000,93.48000000,93.95000000,92.41000000,1233082,1871695636.18000007,1.69000000,2.76000000,2.51000000,2.08000000,广发证券
2023-07-26,000776,93.25000000,93.57000000,93.85000000,92.92000000,545362,829387853.22000003,0.99000000,0.10000000,0.09000000,0.92000000,广发证券
2023-07-27,000776,93.57000000,93.34000000,94.41000000,93.25000000,456701,698331062.65999997,1.24000000,-0.25000000,-0.23000000,0.77000000,广发证券
2023-07-28,000776,93.25000000,97.30000000,97.81000000,93.16000000,1822124,2880024157.90000010,4.98000000,4.24000000,3.96000000,3.08000000,广发证券
2023-07-31,000776,97.77000000,98.84000000,100.05000000,97.77000000,1993232,3275737865.53000021,2.34000000,1.58000000,1.54000000,3.37000000,广发证券
2023-08-01,000776,97.91000000,98.09000000,99.72000000,97.67000000,977186,1596078619.54999995,2.07000000,-0.76000000,-0.75000000,1.65000000,广发证券
2023-08-02,000776,98.14000000,97.95000000,99.72000000,97.53000000,848373,1383199190.65000010,2.23000000,-0.14000000,-0.14000000,1.43000000,广发证券
2023-08-03,000776,98.47000000,100.05000000,100.24000000,97.02000000,1323716,2172228079.84000015,3.29000000,2.14000000,2.10000000,2.24000000,广发证券
2023-08-04,000776,101.73000000,100.75000000,103.36000000,100.42000000,2238162,3813724694.94000006,2.94000000,0.70000000,0.70000000,3.78000000,广发证券
2023-08-07,000776,99.40000000,99.91000000,100.33000000,98.93000000,813881,1347564166.91000009,1.39000000,-0.83000000,-0.84000000,1.37000000,广发证券
2023-08-08,000776,99.54000000,100.14000000,101.63000000,97.91000000,950441,1579039932.96000004,3.72000000,0.23000000,0.23000000,1.61000000,广发证券
2023-08-09,000776,99.49000000,99.77000000,100.66000000,99.45000000,582964,969534426.82000005,1.21000000,-0.37000000,-0.37000000,0.98000000,广发证券
2023-08-10,000776,100.10000000,100.75000000,101.17000000,99.82000000,759983,1271706558.18000007,1.35000000,0.98000000,0.98000000,1.28000000,广发证券
2023-08-11,000776,101.08000000,99.26000000,102.75000000,99.17000000,1212367,1988212548.71000004,3.55000000,-1.48000000,-1.49000000,2.05000000,广发证券
2023-08-14,000776,97.16000000,98.56000000,99.54000000,96.65000000,773039,1232390242.10999990,2.91000000,-0.71000000,-0.70000000,1.31000000,广发证券
2023-08-15,000776,98.19000000,99.21000000,99.68000000,98.14000000,487263,782200786.09000003,1.56000000,0.66000000,0.65000000,0.82000000,广发证券
2023-08-16,000776,98.47000000,98.89000000,100.75000000,97.81000000,637979,1029899406.38000000,2.96000000,-0.32000000,-0.32000000,1.08000000,广发证券
2023-08-17,000776,99.68000000,98.61000000,99.68000000,97.39000000,676827,1077761637.88000011,2.32000000,-0.28000000,-0.28000000,1.14000000,广发证券
2023-08-18,000776,99.40000000,98.00000000,99.91000000,97.81000000,485063,777276813.76999998,2.13000000,-0.62000000,-0.61000000,0.82000000,广发证券
2023-08-21,000776,97.44000000,95.67000000,97.58000000,95.53000000,649053,1007001951.05999994,2.09000000,-2.38000000,-2.33000000,1.10000000,广发证券
2023-08-22,000776,95.72000000,95.95000000,96.60000000,95.02000000,617045,949514853.40999997,1.65000000,0.29000000,0.28000000,1.04000000,广发证券
2023-08-23,000776,95.86000000,94.60000000,95.90000000,94.51000000,450066,684627655.57000005,1.45000000,-1.41000000,-1.35000000,0.76000000,广发证券
2023-08-24,000776,95.21000000,94.88000000,96.14000000,94.79000000,505505,772402613.10000002,1.43000000,0.30000000,0.28000000,0.85000000,广发证券
2023-08-25,000776,94.55000000,95.25000000,95.86000000,94.55000000,444388,678733325.13999999,1.38000000,0.39000000,0.37000000,0.75000000,广发证券
2023-08-28,000776,102.33000000,96.65000000,102.33000000,96.56000000,1739920,2812077079.51999998,6.06000000,1.47000000,1.40000000,2.94000000,广发证券
2023-08-29,000776,95.90000000,96.65000000,97.26000000,94.74000000,929943,1434574236.53999996,2.61000000,0.00000000,0.00000000,1.57000000,广发证券
2023-08-30,000776,96.65000000,95.53000000,97.30000000,95.53000000,622098,961957925.86000001,1.83000000,-1.16000000,-1.12000000,1.05000000,广发证券
2023-08-31,000776,95.58000000,94.32000000,96.04000000,94.32000000,527613,801280335.72000003,1.80000000,-1.27000000,-1.21000000,0.89000000,广发证券
2023-09-01,000776,94.69000000,94.88000000,95.30000000,94.55000000,389794,591728997.69000006,0.80000000,0.59000000,0.56000000,0.66000000,广发证券
2023-09-04,000776,94.97000000,95.67000000,96.00000000,94.65000000,485583,743026199.95000005,1.42000000,0.83000000,0.79000000,0.82000000,广发证券
2023-09-05,000776,95.44000000,94.88000000,95.44000000,94.74000000,329559,501014439.70999998,0.73000000,-0.83000000,-0.79000000,0.56000000,广发证券
2023-09-06,000776,94.65000000,94.65000000,94.88000000,94.27000000,301697,456443195.18000001,0.64000000,-0.24000000,-0.23000000,0.51000000,广发证券
2023-09-07,000776,94.69000000,93.95000000,94.88000000,93.67000000,410019,617418503.19000006,1.28000000,-0.74000000,-0.70000000,0.69000000,广发证券
2023-09-08,000776,93.67000000,94.18000000,94.27000000,93.39000000,260277,389172411.29000002,0.94000000,0.24000000,0.23000000,0.44000000,广发证券
2023-09-11,000776,94.37000000,95.07000000,95.53000000,94.09000000,559854,850115704.41999996,1.53000000,0.94000000,0.89000000,0.95000000,广发证券
2023-09-12,000776,94.97000000,95.02000000,95.16000000,94.83000000,205571,312537981.20999998,0.35000000,-0.05000000,-0.05000000,0.35000000,广发证券
2023-09-13,000776,95.11000000,94.04000000,95.11000000,93.85000000,321348,483410576.82999998,1.33000000,-1.03000000,-0.98000000,0.54000000,广发证券
2023-09-14,000776,94.04000000,94.32000000,94.55000000,93.81000000,238821,358890676.04000002,0.79000000,0.30000000,0.28000000,0.40000000,广发证券
2023-09-15,000776,94.51000000,93.81000000,94.69000000,93.62000000,352076,528792944.64999998,1.13000000,-0.54000000,-0.51000000,0.59000000,广发证券
2023-09-18,000776,93.67000000,93.85000000,93.99000000,93.29000000,224006,334390677.00000000,0.75000000,0.04000000,0.04000000,0.38000000,广发证券
2023-09-19,000776,93.85000000,93.53000000,93.95000000,93.34000000,280827,418582896.63000000,0.65000000,-0.34000000,-0.32000000,0.47000000,广发证券
2023-09-20,000776,93.43000000,93.16000000,93.57000000,93.16000000,212347,315206456.31999999,0.44000000,-0.40000000,-0.37000000,0.36000000,广发证券
2023-09-21,000776,93.16000000,92.69000000,93.39000000,92.69000000,252426,372901097.50000000,0.75000000,-0.50000000,-0.47000000,0.43000000,广发证券
2023-09-22,000776,92.64000000,94.04000000,94.13000000,92.64000000,383860,572262567.19000006,1.61000000,1.46000000,1.35000000,0.65000000,广发证券
2023-09-25,000776,93.90000000,93.11000000,93.90000000,92.97000000,306604,454673139.70999998,0.99000000,-0.99000000,-0.93000000,0.52000000,广发证券
2023-09-26,000776,93.11000000,92.69000000,93.39000000,92.69000000,240468,354765232.85000002,0.75000000,-0.45000000,-0.42000000,0.41000000,广发证券
2023-09-27,000776,92.74000000,92.92000000,93.11000000,92.69000000,189520,279544955.74000001,0.45000000,0.25000000,0.23000000,0.32000000,广发证券
2023-09-28,000776,93.06000000,92.50000000,93.29000000,92.22000000,325620,477752932.72000003,1.15000000,-0.45000000,-0.42000000,0.55000000,广发证券
2023-10-09,000776,92.46000000,92.36000000,92.64000000,91.71000000,336028,490581557.13000000,1.01000000,-0.15000000,-0.14000000,0.57000000,广发证券
2023-10-10,000776,92.64000000,92.32000000,92.97000000,92.22000000,210477,308931721.87000000,0.81000000,-0.04000000,-0.04000000,0.36000000,广发证券
2023-10-11,000776,92.60000000,92.08000000,92.74000000,91.85000000,241199,352691952.79000002,0.96000000,-0.26000000,-0.24000000,0.41000000,广发证券
2023-10-12,000776,92.64000000,92.74000000,92.97000000,92.41000000,265933,390951420.58999997,0.61000000,0.72000000,0.66000000,0.45000000,广发证券
2023-10-13,000776,92.36000000,92.18000000,92.41000000,92.08000000,181884,265650636.03999999,0.36000000,-0.60000000,-0.56000000,0.31000000,广发证券
2023-10-16,000776,92.27000000,91.34000000,92.41000000,91.01000000,433120,627432112.11000001,1.52000000,-0.91000000,-0.84000000,0.73000000,广发证券
2023-10-17,000776,91.62000000,92.41000000,92.50000000,91.24000000,313659,457299763.22000003,1.38000000,1.17000000,1.07000000,0.53000000,广发证券
2023-10-18,000776,92.32000000,92.41000000,93.11000000,92.04000000,316196,464511413.39999998,1.16000000,0.00000000,0.00000000,0.53000000,广发证券
2023-10-19,000776,92.18000000,91.62000000,92.69000000,91.57000000,328961,479081734.60000002,1.21000000,-0.85000000,-0.79000000,0.56000000,广发证券
2023-10-20,000776,91.48000000,91.85000000,92.36000000,91.29000000,253409,368380693.72000003,1.17000000,0.25000000,0.23000000,0.43000000,广发证券
2023-10-23,000776,91.71000000,90.69000000,91.71000000,90.31000000,329193,471007095.81999999,1.52000000,-1.26000000,-1.16000000,0.56000000,广发证券
2023-10-24,000776,90.78000000,91.85000000,92.13000000,90.55000000,375348,540835190.74000001,1.74000000,1.28000000,1.16000000,0.63000000,广发证券
2023-10-25,000776,92.13000000,92.36000000,92.64000000,91.99000000,360885,528159357.18000001,0.71000000,0.56000000,0.51000000,0.61000000,广发证券
2023-10-26,000776,91.90000000,92.18000000,92.27000000,91.57000000,242620,353193085.83999997,0.76000000,-0.19000000,-0.18000000,0.41000000,广发证券
2023-10-27,000776,92.04000000,93.11000000,93.34000000,91.80000000,375824,553082359.24000001,1.67000000,1.01000000,0.93000000,0.63000000,广发证券
2023-10-30,000776,92.64000000,93.11000000,93.20000000,92.50000000,298407,439994642.79000002,0.75000000,0.00000000,0.00000000,0.50000000,广发证券
2023-10-31,000776,92.78000000,93.29000000,93.57000000,92.78000000,303686,450178056.94999999,0.85000000,0.19000000,0.18000000,0.51000000,广发证券
2023-11-01,000776,93.62000000,92.92000000,93.81000000,92.74000000,253074,374741661.18000001,1.15000000,-0.40000000,-0.37000000,0.43000000,广发证券
2023-11-02,000776,92.92000000,92.41000000,93.29000000,92.36000000,198540,292300780.12000000,1.00000000,-0.55000000,-0.51000000,0.34000000,广发证券
2023-11-03,000776,92.64000000,93.11000000,93.34000000,92.41000000,253591,374494713.44999999,1.01000000,0.76000000,0.70000000,0.43000000,广发证券
2023-11-06,000776,94.41000000,94.69000000,94.97000000,93.90000000,752448,1135673278.15000010,1.15000000,1.70000000,1.58000000,1.27000000,广发证券
2023-11-07,000776,94.37000000,94.60000000,94.79000000,94.23000000,414184,625555951.11000001,0.59000000,-0.10000000,-0.09000000,0.70000000,广发证券
2023-11-08,000776,94.60000000,93.99000000,94.65000000,93.57000000,341178,511923426.68000001,1.14000000,-0.64000000,-0.61000000,0.58000000,广发证券
2023-11-09,000776,93.90000000,93.57000000,94.09000000,93.39000000,227118,338697080.87000000,0.74000000,-0.45000000,-0.42000000,0.38000000,广发证券
2023-11-10,000776,93.34000000,93.39000000,93.81000000,93.02000000,210964,313418667.87000000,0.84000000,-0.19000000,-0.18000000,0.36000000,广发证券
2023-11-13,000776,93.39000000,93.16000000,93.53000000,92.88000000,207377,306898305.14999998,0.70000000,-0.25000000,-0.23000000,0.35000000,广发证券
2023-11-14,000776,93.25000000,93.53000000,94.37000000,93.20000000,481978,719208357.46000004,1.26000000,0.40000000,0.37000000,0.81000000,广发证券
2023-11-15,000776,94.04000000,93.57000000,94.27000000,93.43000000,381107,569661856.14999998,0.90000000,0.04000000,0.04000000,0.64000000,广发证券
2023-11-16,000776,93.57000000,93.02000000,93.99000000,93.02000000,298635,444109572.68000001,1.04000000,-0.59000000,-0.55000000,0.50000000,广发证券
2023-11-17,000776,93.11000000,93.16000000,93.29000000,92.83000000,230595,340817108.95999998,0.49000000,0.15000000,0.14000000,0.39000000,广发证券
2023-11-20,000776,93.16000000,93.25000000,93.34000000,92.46000000,258770,382184736.47000003,0.94000000,0.10000000,0.09000000,0.44000000,广发证券
2023-11-21,000776,93.29000000,93.43000000,94.27000000,93.29000000,436471,652578405.20000005,1.05000000,0.19000000,0.18000000,0.74000000,广发证券
2023-11-22,000776,93.34000000,92.78000000,93.48000000,92.69000000,238739,353138563.08999997,0.85000000,-0.70000000,-0.65000000,0.40000000,广发证券
2023-11-23,000776,93.02000000,92.64000000,93.06000000,92.08000000,339145,497472513.00000000,1.06000000,-0.15000000,-0.14000000,0.57000000,广发证券
2023-11-24,000776,92.46000000,91.99000000,92.55000000,91.85000000,262037,382374220.33999997,0.76000000,-0.70000000,-0.65000000,0.44000000,广发证券
2023-11-27,000776,91.94000000,91.71000000,91.94000000,91.15000000,259848,375565129.86000001,0.86000000,-0.30000000,-0.28000000,0.44000000,广发证券
2023-11-28,000776,91.66000000,91.76000000,91.94000000,91.43000000,159686,231545069.27000001,0.56000000,0.05000000,0.05000000,0.27000000,广发证券
2023-11-29,000776,91.71000000,91.15000000,91.94000000,90.92000000,211007,304044283.67000002,1.11000000,-0.66000000,-0.61000000,0.36000000,广发证券
2023-11-30,000776,91.06000000,91.29000000,91.52000000,91.01000000,197880,285259926.56000000,0.56000000,0.15000000,0.14000000,0.33000000,广发证券
2023-12-01,000776,91.20000000,91.76000000,91.85000000,91.15000000,217423,314404547.10000002,0.77000000,0.51000000,0.47000000,0.37000000,广发证券
2023-12-04,000776,91.76000000,91.38000000,91.90000000,91.34000000,177777,257194454.28000000,0.61000000,-0.41000000,-0.38000000,0.30000000,广发证券
2023-12-05,000776,91.24000000,90.45000000,91.29000000,90.41000000,271443,388383201.20999998,0.96000000,-1.02000000,-0.93000000,0.46000000,广发证券
2023-12-06,000776,90.41000000,90.41000000,90.69000000,90.17000000,215053,305854654.56000000,0.57000000,-0.04000000,-0.04000000,0.36000000,广发证券
2023-12-07,000776,90.41000000,90.59000000,91.01000000,90.22000000,218700,312025728.95999998,0.87000000,0.20000000,0.18000000,0.37000000,广发证券
2023-12-08,000776,90.73000000,90.41000000,90.73000000,90.36000000,160063,228073837.72000000,0.41000000,-0.20000000,-0.18000000,0.27000000,广发证券
2023-12-11,000776,90.31000000,90.97000000,91.24000000,89.57000000,315719,448673008.44000000,1.85000000,0.62000000,0.56000000,0.53000000,广发证券
2023-12-12,000776,90.87000000,90.78000000,91.11000000,90.59000000,178979,256155116.91999999,0.57000000,-0.21000000,-0.19000000,0.30000000,广发证券
2023-12-13,000776,90.78000000,90.41000000,91.06000000,90.22000000,207845,296423359.37000000,0.93000000,-0.41000000,-0.37000000,0.35000000,广发证券
2023-12-14,000776,90.78000000,90.36000000,90.97000000,90.22000000,146099,208117579.47000000,0.83000000,-0.06000000,-0.05000000,0.25000000,广发证券
2023-12-15,000776,90.41000000,90.27000000,90.83000000,90.27000000,172813,246089242.16999999,0.62000000,-0.10000000,-0.09000000,0.29000000,广发证券
2023-12-18,000776,90.17000000,89.80000000,90.45000000,89.66000000,189295,267481335.00999999,0.88000000,-0.52000000,-0.47000000,0.32000000,广发证券
2023-12-19,000776,89.80000000,90.03000000,90.27000000,89.52000000,175871,248080639.99000001,0.84000000,0.26000000,0.23000000,0.30000000,广发证券
2023-12-20,000776,89.99000000,89.29000000,90.13000000,89.15000000,248406,348863285.00000000,1.09000000,-0.82000000,-0.74000000,0.42000000,广发证券
2023-12-21,000776,89.10000000,89.66000000,89.89000000,88.96000000,170457,239012205.78999999,1.04000000,0.41000000,0.37000000,0.29000000,广发证券
2023-12-22,000776,89.75000000,90.03000000,90.55000000,89.47000000,194438,275005043.04000002,1.20000000,0.41000000,0.37000000,0.33000000,广发证券
2023-12-25,000776,89.94000000,89.94000000,90.13000000,89.75000000,98225,138675990.77000001,0.42000000,-0.10000000,-0.09000000,0.17000000,广发证券
2023-12-26,000776,89.89000000,89.24000000,89.94000000,89.19000000,132479,185494381.46000001,0.83000000,-0.78000000,-0.70000000,0.22000000,广发证券
2023-12-27,000776,89.29000000,89.52000000,89.85000000,88.59000000,180992,252787699.44000000,1.41000000,0.31000000,0.28000000,0.31000000,广发证券
2023-12-28,000776,89.38000000,90.59000000,90.92000000,89.38000000,311038,442243419.12000000,1.72000000,1.20000000,1.07000000,0.53000000,广发证券
2023-12-29,000776,90.59000000,90.73000000,90.83000000,90.41000000,170313,243133250.97000000,0.46000000,0.15000000,0.14000000,0.29000000,广发证券
2024-01-02,000776,90.78000000,90.31000000,91.06000000,90.31000000,191220,272864925.32999998,0.83000000,-0.46000000,-0.42000000,0.32000000,广发证券
2024-01-03,000776,90.22000000,90.17000000,90.50000000,89.80000000,158055,223820548.44000000,0.78000000,-0.16000000,-0.14000000,0.27000000,广发证券
2024-01-04,000776,90.03000000,89.85000000,90.41000000,89.24000000,221238,311846925.11000001,1.30000000,-0.35000000,-0.32000000,0.37000000,广发证券
2024-01-05,000776,89.80000000,89.89000000,90.50000000,89.33000000,212501,300103607.01999998,1.30000000,0.04000000,0.04000000,0.36000000,广发证券
2024-01-08,000776,89.61000000,89.10000000,89.71000000,89.01000000,183629,256626139.75999999,0.78000000,-0.88000000,-0.79000000,0.31000000,广发证券
2024-01-09,000776,89.33000000,88.92000000,89.38000000,88.68000000,144859,201729161.06000000,0.79000000,-0.20000000,-0.18000000,0.24000000,广发证券
2024-01-10,000776,88.59000000,88.54000000,89.43000000,88.22000000,213605,296018259.24000001,1.36000000,-0.43000000,-0.38000000,0.36000000,广发证券
2024-01-11,000776,88.50000000,89.10000000,89.29000000,88.45000000,126424,175894018.66000000,0.95000000,0.63000000,0.56000000,0.21000000,广发证券
2024-01-12,000776,89.05000000,88.96000000,89.52000000,88.78000000,144823,201992853.34999999,0.83000000,-0.16000000,-0.14000000,0.24000000,广发证券
2024-01-15,000776,88.73000000,88.82000000,89.38000000,88.40000000,108465,150675542.59999999,1.10000000,-0.16000000,-0.14000000,0.18000000,广发证券
2024-01-16,000776,88.82000000,88.96000000,89.05000000,88.26000000,190137,263369262.16000000,0.89000000,0.16000000,0.14000000,0.32000000,广发证券
2024-01-17,000776,89.01000000,87.84000000,89.05000000,87.84000000,221685,305810824.99000001,1.36000000,-1.26000000,-1.12000000,0.37000000,广发证券
2024-01-18,000776,87.52000000,88.54000000,88.68000000,86.54000000,326777,444398929.63999999,2.44000000,0.80000000,0.70000000,0.55000000,广发证券
2024-01-19,000776,88.31000000,87.98000000,88.36000000,87.66000000,187258,256474366.53999999,0.79000000,-0.63000000,-0.56000000,0.32000000,广发证券
2024-01-22,000776,87.89000000,86.68000000,88.17000000,86.12000000,286582,389309721.55000001,2.33000000,-1.48000000,-1.30000000,0.48000000,广发证券
2024-01-23,000776,86.73000000,87.05000000,87.70000000,85.93000000,244490,329206380.30000001,2.04000000,0.43000000,0.37000000,0.41000000,广发证券
2024-01-24,000776,87.56000000,89.05000000,89.57000000,86.49000000,465180,638700308.88000000,3.54000000,2.30000000,2.00000000,0.79000000,广发证券
2024-01-25,000776,88.64000000,89.75000000,89.94000000,88.45000000,445595,623345467.99000001,1.67000000,0.79000000,0.70000000,0.75000000,广发证券
2024-01-26,000776,89.29000000,89.80000000,90.17000000,89.19000000,386463,543991411.65999997,1.09000000,0.06000000,0.05000000,0.65000000,广发证券
2024-01-29,000776,89.71000000,89.10000000,90.08000000,89.05000000,264750,372060847.54000002,1.15000000,-0.78000000,-0.70000000,0.45000000,广发证券
2024-01-30,000776,88.87000000,88.31000000,89.47000000,88.26000000,233866,325244237.73000002,1.36000000,-0.89000000,-0.79000000,0.40000000,广发证券
2024-01-31,000776,88.36000000,87.98000000,88.82000000,87.52000000,255262,350959960.00000000,1.47000000,-0.37000000,-0.33000000,0.43000000,广发证券
2024-02-01,000776,87.98000000,87.38000000,88.45000000,87.14000000,289769,395578626.00000000,1.49000000,-0.68000000,-0.60000000,0.49000000,广发证券
2024-02-02,000776,87.47000000,86.45000000,87.66000000,84.40000000,407917,544572119.95000005,3.73000000,-1.06000000,-0.93000000,0.69000000,广发证券
2024-02-05,000776,85.65000000,85.33000000,86.54000000,83.79000000,409087,537810280.84000003,3.18000000,-1.30000000,-1.12000000,0.69000000,广发证券
2024-02-06,000776,85.09000000,88.12000000,88.45000000,84.86000000,428043,578596314.25000000,4.21000000,3.27000000,2.79000000,0.72000000,广发证券
2024-02-07,000776,87.94000000,88.78000000,89.10000000,87.80000000,425238,588258003.83000004,1.48000000,0.75000000,0.66000000,0.72000000,广发证券
2024-02-08,000776,89.05000000,89.19000000,89.89000000,88.96000000,438298,613726289.27999997,1.05000000,0.46000000,0.41000000,0.74000000,广发证券
2024-02-19,000776,89.33000000,88.92000000,89.33000000,88.36000000,360020,499961038.76999998,1.09000000,-0.30000000,-0.27000000,0.61000000,广发证券
2024-02-20,000776,88.82000000,89.24000000,89.57000000,88.45000000,341688,475855088.42000002,1.26000000,0.36000000,0.32000000,0.58000000,广发证券
2024-02-21,000776,88.92000000,89.94000000,90.73000000,88.64000000,594475,839786932.89999998,2.34000000,0.78000000,0.70000000,1.00000000,广发证券
2024-02-22,000776,89.66000000,90.31000000,90.55000000,89.52000000,364217,515394775.47000003,1.15000000,0.41000000,0.37000000,0.62000000,广发证券
2024-02-23,000776,90.36000000,90.22000000,90.59000000,90.03000000,331340,470498715.88999999,0.62000000,-0.10000000,-0.09000000,0.56000000,广发证券
2024-02-26,000776,90.13000000,89.61000000,90.41000000,89.57000000,272612,385108515.00000000,0.93000000,-0.68000000,-0.61000000,0.46000000,广发证券
2024-02-27,000776,89.94000000,90.31000000,90.31000000,89.57000000,301408,425992689.22000003,0.83000000,0.78000000,0.70000000,0.51000000,广发证券
2024-02-28,000776,90.55000000,89.24000000,91.38000000,89.24000000,610480,868644139.08000004,2.37000000,-1.18000000,-1.07000000,1.03000000,广发证券
2024-02-29,000776,89.01000000,90.22000000,90.22000000,88.96000000,540727,758387579.82000005,1.41000000,1.10000000,0.98000000,0.91000000,广发证券
2024-03-01,000776,90.08000000,90.41000000,90.64000000,89.71000000,503247,712522792.24000001,1.03000000,0.21000000,0.19000000,0.85000000,广发证券
2024-03-04,000776,90.55000000,89.89000000,90.55000000,89.61000000,259456,366276566.62000000,1.04000000,-0.58000000,-0.52000000,0.44000000,广发证券
2024-03-05,000776,89.75000000,89.61000000,89.94000000,89.29000000,294154,412984763.56999999,0.72000000,-0.31000000,-0.28000000,0.50000000,广发证券
2024-03-06,000776,89.61000000,89.24000000,89.99000000,89.01000000,286414,401300897.50000000,1.09000000,-0.41000000,-0.37000000,0.48000000,广发证券
2024-03-07,000776,89.33000000,88.92000000,89.85000000,88.78000000,347301,485351965.56999999,1.20000000,-0.36000000,-0.32000000,0.59000000,广发证券
2024-03-08,000776,89.01000000,89.01000000,89.24000000,88.50000000,224214,311326687.17000002,0.83000000,0.10000000,0.09000000,0.38000000,广发证券
2024-03-11,000776,88.96000000,89.61000000,89.61000000,88.87000000,266851,373586360.70999998,0.83000000,0.67000000,0.60000000,0.45000000,广发证券
2024-03-12,000776,89.71000000,90.03000000,90.36000000,89.61000000,336643,475553766.00999999,0.84000000,0.47000000,0.42000000,0.57000000,广发证券
2024-03-13,000776,90.03000000,89.47000000,90.08000000,89.33000000,222000,312072873.19999999,0.83000000,-0.62000000,-0.56000000,0.38000000,广发证券
2024-03-14,000776,89.33000000,89.05000000,89.61000000,88.82000000,238070,332488573.57999998,0.88000000,-0.47000000,-0.42000000,0.40000000,广发证券
2024-03-15,000776,88.92000000,89.29000000,89.38000000,88.59000000,225249,313233751.04000002,0.89000000,0.27000000,0.24000000,0.38000000,广发证券
2024-03-18,000776,89.52000000,90.36000000,90.78000000,89.47000000,455876,646228218.96000004,1.47000000,1.20000000,1.07000000,0.77000000,广发证券
2024-03-19,000776,90.31000000,89.47000000,90.31000000,89.43000000,284267,400383821.38000000,0.97000000,-0.98000000,-0.89000000,0.48000000,广发证券
2024-03-20,000776,89.47000000,89.61000000,89.71000000,89.05000000,242301,339343759.00000000,0.74000000,0.16000000,0.14000000,0.41000000,广发证券
2024-03-21,000776,89.66000000,89.66000000,90.27000000,89.52000000,249085,350999430.54000002,0.84000000,0.06000000,0.05000000,0.42000000,广发证券
2024-03-22,000776,89.47000000,88.68000000,89.61000000,88.59000000,294603,409749015.31999999,1.14000000,-1.09000000,-0.98000000,0.50000000,广发证券
2024-03-25,000776,88.03000000,87.24000000,88.12000000,87.10000000,337194,458889332.56999999,1.15000000,-1.62000000,-1.44000000,0.57000000,广发证券
2024-03-26,000776,87.10000000,87.66000000,87.75000000,87.10000000,194813,264395958.27000001,0.75000000,0.48000000,0.42000000,0.33000000,广发证券
2024-03-27,000776,87.56000000,86.82000000,87.89000000,86.77000000,199608,270736186.74000001,1.28000000,-0.96000000,-0.84000000,0.34000000,广发证券
2024-03-28,000776,86.87000000,86.68000000,87.24000000,86.21000000,288825,388042288.97000003,1.19000000,-0.16000000,-0.14000000,0.49000000,广发证券
2024-03-29,000776,86.12000000,86.35000000,86.49000000,85.84000000,256622,341466561.38000000,0.75000000,-0.38000000,-0.33000000,0.43000000,广发证券
2024-04-01,000776,87.28000000,86.87000000,87.28000000,86.63000000,285133,383488345.01999998,0.75000000,0.60000000,0.52000000,0.48000000,广发证券
2024-04-02,000776,86.87000000,86.40000000,87.10000000,86.17000000,281198,376066923.73000002,1.07000000,-0.54000000,-0.47000000,0.48000000,广发证券
2024-04-03,000776,86.31000000,85.70000000,86.40000000,85.51000000,309708,409945558.94000000,1.03000000,-0.81000000,-0.70000000,0.52000000,广发证券
2024-04-08,000776,85.37000000,85.19000000,85.70000000,84.77000000,243271,318995740.83999997,1.09000000,-0.60000000,-0.51000000,0.41000000,广发证券
2024-04-09,000776,85.23000000,85.56000000,85.56000000,85.14000000,144543,190046088.81999999,0.49000000,0.43000000,0.37000000,0.24000000,广发证券
2024-04-10,000776,85.47000000,84.91000000,85.56000000,84.63000000,217365,283962144.01999998,1.09000000,-0.76000000,-0.65000000,0.37000000,广发证券
2024-04-11,000776,84.68000000,84.58000000,85.05000000,84.44000000,207455,269960854.88000000,0.72000000,-0.39000000,-0.33000000,0.35000000,广发证券
2024-04-12,000776,84.63000000,83.51000000,84.72000000,83.42000000,328369,420895855.38999999,1.54000000,-1.27000000,-1.07000000,0.55000000,广发证券
2024-04-15,000776,83.32000000,84.21000000,84.86000000,82.86000000,368834,473558654.04000002,2.39000000,0.84000000,0.70000000,0.62000000,广发证券
2024-04-16,000776,83.79000000,83.65000000,84.30000000,83.51000000,243255,311593440.97000003,0.94000000,-0.67000000,-0.56000000,0.41000000,广发证券
2024-04-17,000776,83.65000000,84.63000000,84.68000000,83.56000000,254751,328297586.82999998,1.34000000,1.17000000,0.98000000,0.43000000,广发证券
2024-04-18,000776,84.54000000,84.91000000,85.61000000,84.40000000,311655,407436649.95999998,1.43000000,0.33000000,0.28000000,0.53000000,广发证券
2024-04-19,000776,84.63000000,84.30000000,84.95000000,84.16000000,203790,264090936.38000000,0.93000000,-0.72000000,-0.61000000,0.34000000,广发证券
2024-04-22,000776,84.40000000,84.35000000,84.82000000,84.12000000,157745,204020486.96000001,0.83000000,0.06000000,0.05000000,0.27000000,广发证券
2024-04-23,000776,84.35000000,84.26000000,84.58000000,84.16000000,143765,185577350.47999999,0.50000000,-0.11000000,-0.09000000,0.24000000,广发证券
2024-04-24,000776,84.26000000,84.26000000,84.40000000,83.84000000,135529,174346704.41000000,0.66000000,0.00000000,0.00000000,0.23000000,广发证券
2024-04-25,000776,84.12000000,84.16000000,84.49000000,83.88000000,126059,162380014.78000000,0.72000000,-0.12000000,-0.10000000,0.21000000,广发证券
2024-04-26,000776,85.05000000,86.63000000,87.00000000,84.72000000,743490,984018365.15999997,2.71000000,2.93000000,2.47000000,1.26000000,广发证券
2024-04-29,000776,86.26000000,86.73000000,87.47000000,86.12000000,674761,907642988.35000002,1.56000000,0.12000000,0.10000000,1.14000000,广发证券
2024-04-30,000776,86.54000000,85.70000000,86.59000000,85.56000000,351208,465753187.19999999,1.19000000,-1.19000000,-1.03000000,0.59000000,广发证券
2024-05-06,000776,86.45000000,86.12000000,86.87000000,85.98000000,380959,508638640.14999998,1.04000000,0.49000000,0.42000000,0.64000000,广发证券
2024-05-07,000776,86.17000000,85.98000000,86.17000000,85.61000000,257213,340958940.62000000,0.65000000,-0.16000000,-0.14000000,0.43000000,广发证券
2024-05-08,000776,85.75000000,85.23000000,85.89000000,85.19000000,229266,301697067.25000000,0.81000000,-0.87000000,-0.75000000,0.39000000,广发证券
2024-05-09,000776,85.05000000,85.51000000,85.79000000,85.00000000,264653,348342603.45999998,0.93000000,0.33000000,0.28000000,0.45000000,广发证券
2024-05-10,000776,85.37000000,85.70000000,85.89000000,85.19000000,296619,390412480.00000000,0.82000000,0.22000000,0.19000000,0.50000000,广发证券
2024-05-13,000776,85.37000000,85.61000000,85.89000000,84.91000000,265457,348991419.86000001,1.14000000,-0.11000000,-0.09000000,0.45000000,广发证券
2024-05-14,000776,85.61000000,85.70000000,85.75000000,85.33000000,192973,254272145.00999999,0.49000000,0.11000000,0.09000000,0.33000000,广发证券
2024-05-15,000776,86.03000000,84.86000000,86.07000000,84.72000000,314880,412769008.58999997,1.58000000,-0.98000000,-0.84000000,0.53000000,广发证券
2024-05-16,000776,84.86000000,84.91000000,85.19000000,84.77000000,212592,277521141.30000001,0.49000000,0.06000000,0.05000000,0.36000000,广发证券
2024-05-17,000776,84.86000000,85.79000000,85.84000000,84.77000000,280554,368449426.07999998,1.26000000,1.04000000,0.88000000,0.47000000,广发证券
2024-05-20,000776,85.79000000,86.07000000,86.63000000,85.70000000,377705,503009294.05000001,1.08000000,0.33000000,0.28000000,0.64000000,广发证券
2024-05-21,000776,85.89000000,85.75000000,86.07000000,85.47000000,183395,242352754.52000001,0.70000000,-0.37000000,-0.32000000,0.31000000,广发证券
2024-05-22,000776,85.65000000,85.75000000,85.93000000,85.37000000,165446,218565706.22999999,0.65000000,0.00000000,0.00000000,0.28000000,广发证券
2024-05-23,000776,85.65000000,84.86000000,85.65000000,84.77000000,260593,340871181.36000001,1.03000000,-1.04000000,-0.89000000,0.44000000,广发证券
2024-05-24,000776,84.77000000,84.26000000,85.00000000,84.21000000,229856,298233051.75999999,0.93000000,-0.71000000,-0.60000000,0.39000000,广发证券
2024-05-27,000776,84.30000000,84.63000000,84.72000000,84.07000000,166967,215765344.41000000,0.77000000,0.44000000,0.37000000,0.28000000,广发证券
2024-05-28,000776,84.54000000,84.12000000,84.68000000,84.07000000,156342,201789743.16999999,0.72000000,-0.60000000,-0.51000000,0.26000000,广发证券
2024-05-29,000776,84.02000000,84.26000000,84.63000000,84.02000000,132017,170452582.15000001,0.73000000,0.17000000,0.14000000,0.22000000,广发证券
2024-05-30,000776,84.12000000,84.12000000,84.40000000,83.88000000,139296,179251359.13999999,0.62000000,-0.17000000,-0.14000000,0.24000000,广发证券
2024-05-31,000776,84.12000000,84.12000000,84.40000000,83.98000000,121305,156428367.63999999,0.50000000,0.00000000,0.00000000,0.20000000,广发证券
2024-06-03,000776,84.12000000,83.79000000,84.21000000,83.46000000,185860,237740061.90000001,0.89000000,-0.39000000,-0.33000000,0.31000000,广发证券
2024-06-04,000776,83.65000000,83.93000000,84.02000000,83.65000000,127722,163686564.66999999,0.44000000,0.17000000,0.14000000,0.22000000,广发证券
2024-06-05,000776,83.93000000,83.74000000,84.12000000,83.60000000,117991,151199321.91999999,0.62000000,-0.23000000,-0.19000000,0.20000000,广发证券
2024-06-06,000776,83.74000000,82.49000000,83.93000000,82.44000000,310458,392027618.69999999,1.78000000,-1.49000000,-1.25000000,0.52000000,广发证券
2024-06-07,000776,82.53000000,82.25000000,82.95000000,81.27000000,308674,383517472.06999999,2.04000000,-0.29000000,-0.24000000,0.52000000,广发证券
2024-06-11,000776,81.88000000,82.07000000,82.63000000,81.69000000,191128,238084672.22999999,1.14000000,-0.22000000,-0.18000000,0.32000000,广发证券
2024-06-12,000776,82.02000000,82.30000000,82.44000000,81.97000000,136010,169660577.84000000,0.57000000,0.28000000,0.23000000,0.23000000,广发证券
2024-06-13,000776,82.44000000,82.67000000,83.14000000,82.35000000,208139,261828572.16999999,0.96000000,0.45000000,0.37000000,0.35000000,广发证券
2024-06-14,000776,82.63000000,83.37000000,83.88000000,82.58000000,297231,376601305.16000003,1.57000000,0.85000000,0.70000000,0.50000000,广发证券
2024-06-17,000776,83.14000000,83.42000000,83.56000000,82.90000000,161074,204667701.84000000,0.79000000,0.06000000,0.05000000,0.27000000,广发证券
2024-06-18,000776,83.42000000,83.46000000,83.88000000,83.37000000,138255,176365131.90000001,0.61000000,0.05000000,0.04000000,0.23000000,广发证券
2024-06-19,000776,83.51000000,83.00000000,83.70000000,83.00000000,109041,138416626.56000000,0.84000000,-0.55000000,-0.46000000,0.18000000,广发证券
2024-06-20,000776,82.95000000,82.35000000,83.14000000,82.25000000,153705,192772929.84999999,1.07000000,-0.78000000,-0.65000000,0.26000000,广发证券
2024-06-21,000776,82.44000000,82.30000000,82.77000000,82.21000000,111341,139229172.56000000,0.68000000,-0.06000000,-0.05000000,0.19000000,广发证券
2024-06-24,000776,82.21000000,81.93000000,82.44000000,81.88000000,144316,179517536.66000000,0.68000000,-0.45000000,-0.37000000,0.24000000,广发证券
2024-06-25,000776,81.93000000,81.23000000,82.25000000,80.76000000,203644,250172482.38000000,1.82000000,-0.85000000,-0.70000000,0.34000000,广发证券
2024-06-26,000776,81.18000000,81.69000000,81.83000000,80.81000000,149726,183678849.06000000,1.26000000,0.57000000,0.46000000,0.25000000,广发证券
2024-06-27,000776,81.55000000,81.46000000,81.97000000,81.32000000,131365,161841197.25000000,0.80000000,-0.28000000,-0.23000000,0.22000000,广发证券
2024-06-28,000776,81.41000000,80.85000000,81.97000000,80.81000000,217173,266890734.00999999,1.42000000,-0.75000000,-0.61000000,0.37000000,广发证券
2024-07-01,000776,80.76000000,80.99000000,81.23000000,80.06000000,198530,240725839.66999999,1.45000000,0.17000000,0.14000000,0.34000000,广发证券
2024-07-02,000776,80.90000000,81.09000000,81.55000000,80.85000000,144666,177230763.59999999,0.86000000,0.12000000,0.10000000,0.24000000,广发证券
2024-07-03,000776,81.64000000,81.08000000,81.64000000,80.76000000,154798,184438801.18000001,1.09000000,-0.01000000,-0.01000000,0.26000000,广发证券
2024-07-04,000776,80.99000000,80.01000000,81.32000000,79.97000000,175143,206635535.24000001,1.67000000,-1.32000000,-1.07000000,0.30000000,广发证券
2024-07-05,000776,80.11000000,79.69000000,80.20000000,79.31000000,171786,199668207.25000000,1.11000000,-0.40000000,-0.32000000,0.29000000,广发证券
2024-07-08,000776,79.69000000,77.96000000,79.69000000,77.59000000,249557,282844934.14999998,2.64000000,-2.17000000,-1.73000000,0.42000000,广发证券
2024-07-09,000776,77.96000000,78.66000000,78.80000000,77.40000000,206715,233324599.02000001,1.80000000,0.90000000,0.70000000,0.35000000,广发证券
2024-07-10,000776,78.43000000,80.01000000,80.90000000,78.34000000,328982,384274474.61000001,3.25000000,1.72000000,1.35000000,0.56000000,广发证券
2024-07-11,000776,80.48000000,80.85000000,81.22000000,80.20000000,214193,254325969.69999999,1.27000000,1.05000000,0.84000000,0.36000000,广发证券
2024-07-12,000776,80.90000000,80.62000000,80.99000000,80.29000000,124169,146744418.69000000,0.87000000,-0.28000000,-0.23000000,0.21000000,广发证券
2024-07-15,000776,80.53000000,80.71000000,80.85000000,80.34000000,111978,132553662.92000000,0.63000000,0.11000000,0.09000000,0.19000000,广发证券
2024-07-16,000776,80.80000000,81.36000000,81.36000000,80.66000000,160884,192057204.93000001,0.87000000,0.81000000,0.65000000,0.27000000,广发证券
2024-07-17,000776,81.18000000,81.83000000,82.02000000,81.18000000,192526,232071064.94000000,1.03000000,0.58000000,0.47000000,0.33000000,广发证券
2024-07-18,000776,81.74000000,81.83000000,81.92000000,81.18000000,171804,207025483.16999999,0.90000000,0.00000000,0.00000000,0.29000000,广发证券
2024-07-19,000776,81.69000000,82.44000000,82.53000000,81.55000000,210879,256320713.74000001,1.20000000,0.75000000,0.61000000,0.36000000,广发证券
2024-07-22,000776,82.62000000,82.30000000,83.04000000,81.78000000,242188,295450527.75999999,1.53000000,-0.17000000,-0.14000000,0.41000000,广发证券
2024-07-23,000776,82.11000000,81.60000000,82.67000000,81.50000000,185758,225929223.15000001,1.42000000,-0.85000000,-0.70000000,0.31000000,广发证券
2024-07-24,000776,81.60000000,81.36000000,81.88000000,81.13000000,161416,193729040.28999999,0.92000000,-0.29000000,-0.24000000,0.27000000,广发证券
2024-07-25,000776,81.22000000,81.83000000,82.06000000,81.13000000,155057,187006637.78000000,1.14000000,0.58000000,0.47000000,0.26000000,广发证券
2024-07-26,000776,81.97000000,82.53000000,82.81000000,81.97000000,161107,196675696.55000001,1.03000000,0.86000000,0.70000000,0.27000000,广发证券
2024-07-29,000776,82.30000000,82.25000000,82.85000000,82.20000000,133805,163736310.13999999,0.79000000,-0.34000000,-0.28000000,0.23000000,广发证券
2024-07-30,000776,82.20000000,82.16000000,82.58000000,81.97000000,132473,161055975.75999999,0.74000000,-0.11000000,-0.09000000,0.22000000,广发证券
2024-07-31,000776,82.16000000,84.07000000,84.67000000,82.11000000,476744,595942059.49000001,3.12000000,2.32000000,1.91000000,0.81000000,广发证券
2024-08-01,000776,83.79000000,83.88000000,84.16000000,83.41000000,268479,336157498.60000002,0.89000000,-0.23000000,-0.19000000,0.45000000,广发证券
2024-08-02,000776,83.55000000,82.85000000,83.93000000,82.71000000,208128,257627418.86000001,1.45000000,-1.23000000,-1.03000000,0.35000000,广发证券
2024-08-05,000776,82.76000000,82.44000000,83.55000000,82.44000000,266872,328558330.23000002,1.34000000,-0.49000000,-0.41000000,0.45000000,广发证券
2024-08-06,000776,82.81000000,82.20000000,83.09000000,81.83000000,179072,218100941.22999999,1.53000000,-0.29000000,-0.24000000,0.30000000,广发证券
2024-08-07,000776,82.30000000,82.11000000,82.58000000,81.97000000,116705,141797446.22000000,0.74000000,-0.11000000,-0.09000000,0.20000000,广发证券
2024-08-08,000776,81.97000000,82.11000000,82.81000000,81.88000000,150873,183592517.34999999,1.13000000,0.00000000,0.00000000,0.25000000,广发证券
2024-08-09,000776,82.39000000,81.78000000,82.58000000,81.74000000,136865,166004274.80000001,1.02000000,-0.40000000,-0.33000000,0.23000000,广发证券
2024-08-12,000776,81.60000000,81.46000000,81.74000000,81.27000000,125291,150303089.74000001,0.57000000,-0.39000000,-0.32000000,0.21000000,广发证券
2024-08-13,000776,81.46000000,81.74000000,81.78000000,81.04000000,121737,145896877.00000000,0.91000000,0.34000000,0.28000000,0.21000000,广发证券
2024-08-14,000776,81.69000000,81.18000000,81.83000000,81.13000000,87149,104420335.04000001,0.86000000,-0.69000000,-0.56000000,0.15000000,广发证券
2024-08-15,000776,81.04000000,81.60000000,81.97000000,80.90000000,180172,216788169.58000001,1.32000000,0.52000000,0.42000000,0.30000000,广发证券
2024-08-16,000776,81.50000000,81.36000000,81.74000000,81.32000000,103603,124337946.73000000,0.51000000,-0.29000000,-0.24000000,0.18000000,广发证券
2024-08-19,000776,81.27000000,81.50000000,82.02000000,81.22000000,131665,158584758.88000000,0.98000000,0.17000000,0.14000000,0.22000000,广发证券
2024-08-20,000776,81.60000000,81.08000000,81.74000000,80.99000000,142206,170032098.02000001,0.92000000,-0.52000000,-0.42000000,0.24000000,广发证券
2024-08-21,000776,80.99000000,80.62000000,81.41000000,80.53000000,134790,160076391.49000001,1.09000000,-0.57000000,-0.46000000,0.23000000,广发证券
2024-08-22,000776,80.66000000,79.78000000,80.94000000,79.59000000,152782,179160983.00000000,1.67000000,-1.04000000,-0.84000000,0.26000000,广发证券
2024-08-23,000776,79.64000000,80.25000000,80.76000000,79.59000000,126396,147998279.38000000,1.47000000,0.59000000,0.47000000,0.21000000,广发证券
2024-08-26,000776,80.29000000,80.43000000,80.85000000,80.11000000,119614,140963882.49000001,0.92000000,0.22000000,0.18000000,0.20000000,广发证券
2024-08-27,000776,80.34000000,79.73000000,80.43000000,79.36000000,125849,146282006.99000001,1.33000000,-0.87000000,-0.70000000,0.21000000,广发证券
2024-08-28,000776,79.59000000,79.22000000,79.87000000,79.13000000,132262,152991264.52000001,0.93000000,-0.64000000,-0.51000000,0.22000000,广发证券
2024-08-29,000776,79.22000000,79.27000000,79.87000000,79.13000000,184459,213729896.31000000,0.93000000,0.06000000,0.05000000,0.31000000,广发证券
2024-08-30,000776,79.27000000,80.71000000,81.08000000,79.22000000,343015,404163885.63999999,2.35000000,1.82000000,1.44000000,0.58000000,广发证券
2024-09-02,000776,82.48000000,81.88000000,83.27000000,81.78000000,576947,704753039.74000001,1.85000000,1.45000000,1.17000000,0.97000000,广发证券
2024-09-03,000776,81.92000000,83.04000000,83.04000000,81.92000000,337001,412536036.72000003,1.37000000,1.42000000,1.16000000,0.57000000,广发证券
2024-09-04,000776,82.90000000,82.58000000,83.46000000,82.44000000,224344,275980142.06000000,1.23000000,-0.55000000,-0.46000000,0.38000000,广发证券
2024-09-05,000776,82.76000000,82.90000000,82.99000000,82.44000000,178222,218882756.18000001,0.67000000,0.39000000,0.32000000,0.30000000,广发证券
2024-09-06,000776,83.79000000,82.81000000,84.02000000,82.81000000,295529,366669573.39999998,1.46000000,-0.11000000,-0.09000000,0.50000000,广发证券
2024-09-09,000776,82.44000000,82.67000000,83.23000000,82.20000000,223647,274872651.63000000,1.24000000,-0.17000000,-0.14000000,0.38000000,广发证券
2024-09-10,000776,82.67000000,82.81000000,82.99000000,82.16000000,163917,200566279.43000001,1.00000000,0.17000000,0.14000000,0.28000000,广发证券
2024-09-11,000776,82.76000000,82.76000000,83.23000000,82.48000000,137157,168578373.00000000,0.91000000,-0.06000000,-0.05000000,0.23000000,广发证券
2024-09-12,000776,82.58000000,82.81000000,83.09000000,82.53000000,130769,160709368.30000001,0.68000000,0.06000000,0.05000000,0.22000000,广发证券
2024-09-13,000776,82.99000000,83.09000000,83.46000000,82.62000000,217024,268276641.86000001,1.01000000,0.34000000,0.28000000,0.37000000,广发证券
2024-09-18,000776,82.76000000,82.81000000,83.18000000,82.20000000,171393,210169139.65000001,1.18000000,-0.34000000,-0.28000000,0.29000000,广发证券
2024-09-19,000776,83.09000000,83.18000000,83.93000000,82.62000000,268512,332725679.64999998,1.58000000,0.45000000,0.37000000,0.45000000,广发证券
2024-09-20,000776,83.09000000,83.18000000,83.37000000,82.71000000,202873,250362911.33000001,0.79000000,0.00000000,0.00000000,0.34000000,广发证券
2024-09-23,000776,83.18000000,83.60000000,83.93000000,82.85000000,225701,280748581.30000001,1.30000000,0.50000000,0.42000000,0.38000000,广发证券
2024-09-24,000776,84.35000000,86.07000000,86.30000000,83.74000000,779183,999368708.04999995,3.06000000,2.95000000,2.47000000,1.32000000,广发证券
2024-09-25,000776,87.00000000,87.65000000,89.05000000,87.00000000,1044394,1401634354.02999997,2.38000000,1.84000000,1.58000000,1.76000000,广发证券
2024-09-26,000776,87.51000000,90.40000000,90.45000000,87.28000000,978759,1332893794.19000006,3.62000000,3.14000000,2.75000000,1.65000000,广发证券
2024-09-27,000776,91.61000000,96.27000000,96.37000000,91.57000000,2012253,2948872942.07000017,5.31000000,6.49000000,5.87000000,3.40000000,广发证券
2024-09-30,000776,102.80000000,103.36000000,103.36000000,100.14000000,3044672,5030062153.46000004,3.34000000,7.36000000,7.09000000,5.14000000,广发证券
2024-10-08,000776,111.14000000,111.14000000,111.14000000,105.22000000,2180213,3985049411.15999985,5.73000000,7.53000000,7.78000000,3.68000000,广发证券
2024-10-09,000776,111.14000000,104.71000000,112.21000000,103.40000000,4127821,7306779623.97000027,7.93000000,-5.79000000,-6.43000000,6.97000000,广发证券
2024-10-10,000776,105.13000000,101.86000000,106.06000000,100.65000000,2038552,3375974667.67000008,5.17000000,-2.72000000,-2.85000000,3.44000000,广发证券
2024-10-11,000776,100.89000000,99.44000000,101.58000000,98.60000000,1441729,2306171032.78999996,2.93000000,-2.38000000,-2.42000000,2.44000000,广发证券
2024-10-14,000776,99.58000000,99.86000000,100.56000000,96.93000000,1206974,1901454107.13000011,3.65000000,0.42000000,0.42000000,2.04000000,广发证券
2024-10-15,000776,99.49000000,97.39000000,100.09000000,97.30000000,832680,1309848862.95000005,2.79000000,-2.47000000,-2.47000000,1.41000000,广发证券
2024-10-16,000776,96.37000000,97.62000000,98.93000000,96.32000000,749793,1160458835.48000002,2.68000000,0.24000000,0.23000000,1.27000000,广发证券
2024-10-17,000776,98.00000000,97.39000000,99.44000000,97.30000000,636214,994605062.29999995,2.19000000,-0.24000000,-0.23000000,1.07000000,广发证券
2024-10-18,000776,97.02000000,101.17000000,103.68000000,96.74000000,1566992,2501502062.96999979,7.13000000,3.88000000,3.78000000,2.65000000,广发证券
2024-10-21,000776,101.07000000,100.42000000,101.31000000,99.63000000,1027529,1654233486.30999994,1.66000000,-0.74000000,-0.75000000,1.74000000,广发证券
2024-10-22,000776,100.42000000,100.89000000,101.26000000,100.28000000,580448,936308163.97000003,0.98000000,0.47000000,0.47000000,0.98000000,广发证券
2024-10-23,000776,101.03000000,100.98000000,102.05000000,100.61000000,702380,1142168996.34999990,1.43000000,0.09000000,0.09000000,1.19000000,广发证券
2024-10-24,000776,100.37000000,100.33000000,100.98000000,99.63000000,468436,751281362.36000001,1.34000000,-0.64000000,-0.65000000,0.79000000,广发证券
2024-10-25,000776,100.51000000,100.89000000,101.40000000,100.28000000,552518,891805061.99000001,1.12000000,0.56000000,0.56000000,0.93000000,广发证券
2024-10-28,000776,100.89000000,100.65000000,100.89000000,100.23000000,495264,796525899.28999996,0.65000000,-0.24000000,-0.24000000,0.84000000,广发证券
2024-10-29,000776,100.70000000,99.91000000,101.72000000,99.77000000,567829,914961213.24000001,1.94000000,-0.74000000,-0.74000000,0.96000000,广发证券
2024-10-30,000776,99.72000000,100.19000000,100.61000000,99.21000000,522656,834462839.58000004,1.40000000,0.28000000,0.28000000,0.88000000,广发证券
2024-10-31,000776,100.23000000,101.07000000,102.42000000,99.95000000,1130254,1842900542.73000002,2.47000000,0.88000000,0.88000000,1.91000000,广发证券
2024-11-01,000776,100.98000000,100.61000000,102.19000000,100.47000000,889130,1443787188.02999997,1.70000000,-0.46000000,-0.46000000,1.50000000,广发证券
2024-11-04,000776,101.49000000,102.52000000,102.52000000,101.03000000,904119,1482495499.28999996,1.48000000,1.90000000,1.91000000,1.53000000,广发证券
2024-11-05,000776,102.89000000,106.52000000,106.57000000,101.82000000,1615011,2758752288.94999981,4.63000000,3.90000000,4.00000000,2.73000000,广发证券
2024-11-06,000776,107.04000000,106.38000000,109.41000000,105.96000000,1397876,2455561028.67999983,3.24000000,-0.13000000,-0.14000000,2.36000000,广发证券
2024-11-07,000776,105.45000000,111.09000000,111.60000000,104.99000000,1925612,3442251519.51999998,6.21000000,4.43000000,4.71000000,3.25000000,广发证券
2024-11-08,000776,112.67000000,108.81000000,113.14000000,108.62000000,1560069,2837442454.61999989,4.07000000,-2.05000000,-2.28000000,2.64000000,广发证券
2024-11-11,000776,107.55000000,108.53000000,108.71000000,107.08000000,933751,1650965414.30999994,1.50000000,-0.26000000,-0.28000000,1.58000000,广发证券
2024-11-12,000776,108.48000000,107.32000000,109.97000000,106.66000000,827639,1468969572.71000004,3.05000000,-1.11000000,-1.21000000,1.40000000,广发证券
2024-11-13,000776,106.85000000,107.46000000,107.92000000,106.01000000,652684,1141305197.01999998,1.78000000,0.13000000,0.14000000,1.10000000,广发证券
2024-11-14,000776,107.46000000,106.43000000,108.25000000,106.34000000,575774,1011812459.15999997,1.78000000,-0.96000000,-1.03000000,0.97000000,广发证券
2024-11-15,000776,106.34000000,103.91000000,107.04000000,103.87000000,627954,1077676026.09999990,2.98000000,-2.37000000,-2.52000000,1.06000000,广发证券
2024-11-18,000776,104.10000000,103.12000000,105.03000000,102.84000000,569547,958646699.26999998,2.11000000,-0.76000000,-0.79000000,0.96000000,广发证券
2024-11-19,000776,103.63000000,103.73000000,103.96000000,102.00000000,518742,862694827.10000002,1.90000000,0.59000000,0.61000000,0.88000000,广发证券
2024-11-20,000776,103.12000000,103.77000000,104.24000000,102.80000000,375988,629566456.98000002,1.39000000,0.04000000,0.04000000,0.64000000,广发证券
2024-11-21,000776,103.73000000,103.87000000,104.33000000,103.03000000,401366,673419664.78999996,1.25000000,0.10000000,0.10000000,0.68000000,广发证券
2024-11-22,000776,103.82000000,100.51000000,103.87000000,100.23000000,517082,850294046.09000003,3.50000000,-3.23000000,-3.36000000,0.87000000,广发证券
2024-11-25,000776,100.75000000,100.47000000,101.03000000,99.39000000,445848,715764496.28999996,1.63000000,-0.04000000,-0.04000000,0.75000000,广发证券
2024-11-26,000776,100.37000000,100.28000000,101.31000000,100.19000000,326778,526763411.36000001,1.11000000,-0.19000000,-0.19000000,0.55000000,广发证券
2024-11-27,000776,100.37000000,101.49000000,101.49000000,100.23000000,490527,793324708.39999998,1.26000000,1.21000000,1.21000000,0.83000000,广发证券
2024-11-28,000776,101.54000000,101.26000000,102.05000000,100.93000000,458645,743270093.28999996,1.10000000,-0.23000000,-0.23000000,0.77000000,广发证券
2024-11-29,000776,100.84000000,102.61000000,104.29000000,100.84000000,632320,1040346852.22000003,3.41000000,1.33000000,1.35000000,1.07000000,广发证券
2024-12-02,000776,102.33000000,103.63000000,104.24000000,101.86000000,467122,776790484.26999998,2.32000000,0.99000000,1.02000000,0.79000000,广发证券
2024-12-03,000776,103.54000000,104.01000000,104.24000000,102.84000000,372818,620163539.36000001,1.35000000,0.37000000,0.38000000,0.63000000,广发证券
2024-12-04,000776,103.54000000,103.73000000,104.66000000,103.21000000,436645,730156591.60000002,1.39000000,-0.27000000,-0.28000000,0.74000000,广发证券
2024-12-05,000776,103.45000000,104.15000000,104.98000000,103.35000000,311153,522216020.75999999,1.57000000,0.40000000,0.42000000,0.53000000,广发证券
2024-12-06,000776,104.01000000,104.84000000,105.96000000,103.87000000,628351,1064405092.13999999,2.01000000,0.66000000,0.69000000,1.06000000,广发证券
2024-12-09,000776,104.43000000,103.91000000,104.94000000,103.07000000,399715,669875283.00000000,1.78000000,-0.89000000,-0.93000000,0.68000000,广发证券
2024-12-10,000776,107.41000000,104.75000000,108.25000000,104.66000000,824711,1419386071.86999989,3.45000000,0.81000000,0.84000000,1.39000000,广发证券
2024-12-11,000776,104.43000000,104.43000000,105.12000000,104.15000000,315447,532149538.51999998,0.93000000,-0.31000000,-0.32000000,0.53000000,广发证券
2024-12-12,000776,104.47000000,105.08000000,105.73000000,104.15000000,411580,696527629.00000000,1.51000000,0.62000000,0.65000000,0.70000000,广发证券
2024-12-13,000776,104.61000000,103.17000000,104.61000000,102.89000000,544856,905159793.60000002,1.64000000,-1.82000000,-1.91000000,0.92000000,广发证券
2024-12-16,000776,103.31000000,102.42000000,103.49000000,102.14000000,308631,507294465.02999997,1.31000000,-0.73000000,-0.75000000,0.52000000,广发证券
2024-12-17,000776,102.14000000,102.33000000,102.89000000,101.82000000,318642,521574687.69999999,1.04000000,-0.09000000,-0.09000000,0.54000000,广发证券
2024-12-18,000776,102.52000000,101.96000000,102.84000000,101.86000000,240744,394273244.31999999,0.96000000,-0.36000000,-0.37000000,0.41000000,广发证券
2024-12-19,000776,101.49000000,102.24000000,102.28000000,101.21000000,221627,360503682.49000001,1.05000000,0.27000000,0.28000000,0.37000000,广发证券
2024-12-20,000776,102.19000000,102.05000000,102.61000000,101.91000000,237724,388758928.10000002,0.68000000,-0.19000000,-0.19000000,0.40000000,广发证券
2024-12-23,000776,101.72000000,101.72000000,103.03000000,101.54000000,259970,425339629.19999999,1.46000000,-0.32000000,-0.33000000,0.44000000,广发证券
2024-12-24,000776,101.58000000,102.75000000,102.84000000,101.58000000,310118,507941801.51999998,1.24000000,1.01000000,1.03000000,0.52000000,广发证券
2024-12-25,000776,102.75000000,102.79000000,103.07000000,101.49000000,421282,691148163.78999996,1.54000000,0.04000000,0.04000000,0.71000000,广发证券
2024-12-26,000776,102.66000000,102.70000000,103.07000000,102.42000000,243692,401254275.50000000,0.63000000,-0.09000000,-0.09000000,0.41000000,广发证券
2024-12-27,000776,102.79000000,103.35000000,104.10000000,102.52000000,423390,703433292.53999996,1.54000000,0.63000000,0.65000000,0.72000000,广发证券
2024-12-30,000776,103.17000000,104.75000000,104.75000000,103.03000000,452499,759305631.69000006,1.66000000,1.35000000,1.40000000,0.76000000,广发证券
2024-12-31,000776,104.75000000,101.54000000,105.08000000,101.49000000,474766,785567690.70000005,3.43000000,-3.06000000,-3.21000000,0.80000000,广发证券
2025-01-02,000776,101.40000000,97.95000000,101.40000000,97.20000000,701420,1099570127.00000000,4.14000000,-3.54000000,-3.59000000,1.18000000,广发证券
2025-01-03,000776,98.00000000,96.92000000,98.65000000,96.60000000,506916,778954945.50000000,2.09000000,-1.05000000,-1.03000000,0.86000000,广发证券
2025-01-06,000776,96.83000000,98.18000000,98.32000000,96.83000000,384993,592177704.39999998,1.54000000,1.30000000,1.26000000,0.65000000,广发证券
2025-01-07,000776,98.14000000,98.65000000,98.74000000,97.67000000,281882,437076932.48000002,1.09000000,0.48000000,0.47000000,0.48000000,广发证券
2025-01-08,000776,98.46000000,97.90000000,98.83000000,96.97000000,312197,481008914.69999999,1.89000000,-0.76000000,-0.75000000,0.53000000,广发证券
2025-01-09,000776,97.44000000,97.30000000,97.95000000,97.11000000,208329,319727851.30000001,0.86000000,-0.61000000,-0.60000000,0.35000000,广发证券
2025-01-10,000776,97.34000000,96.50000000,97.76000000,96.37000000,190967,291223088.88999999,1.43000000,-0.82000000,-0.80000000,0.32000000,广发证券
2025-01-13,000776,95.95000000,96.88000000,97.06000000,95.48000000,216788,327592459.00999999,1.64000000,0.39000000,0.38000000,0.37000000,广发证券
2025-01-14,000776,97.16000000,98.69000000,98.83000000,96.88000000,378096,585821376.22000003,2.01000000,1.87000000,1.81000000,0.64000000,广发证券
2025-01-15,000776,98.42000000,98.32000000,98.83000000,98.00000000,205779,319656071.85000002,0.84000000,-0.37000000,-0.37000000,0.35000000,广发证券
2025-01-16,000776,98.60000000,97.81000000,99.25000000,97.39000000,254009,393544743.88999999,1.89000000,-0.52000000,-0.51000000,0.43000000,广发证券
2025-01-17,000776,97.44000000,98.42000000,98.79000000,97.44000000,214338,332713722.50999999,1.38000000,0.62000000,0.61000000,0.36000000,广发证券
2025-01-20,000776,98.97000000,98.79000000,99.49000000,98.69000000,246960,387106941.99000001,0.81000000,0.38000000,0.37000000,0.42000000,广发证券
2025-01-21,000776,99.39000000,98.55000000,99.44000000,98.32000000,186585,291431045.19999999,1.13000000,-0.24000000,-0.24000000,0.32000000,广发证券
2025-01-22,000776,98.42000000,98.14000000,98.55000000,97.58000000,226899,350299509.31000000,0.98000000,-0.42000000,-0.41000000,0.38000000,广发证券
2025-01-23,000776,99.25000000,98.93000000,100.37000000,98.83000000,466592,736630084.26999998,1.57000000,0.80000000,0.79000000,0.79000000,广发证券
2025-01-24,000776,98.79000000,99.35000000,100.00000000,98.69000000,306667,483044712.33999997,1.32000000,0.42000000,0.42000000,0.52000000,广发证券
2025-01-27,000776,99.95000000,98.28000000,100.00000000,98.28000000,296369,464222517.04000002,1.73000000,-1.08000000,-1.07000000,0.50000000,广发证券
2025-02-05,000776,98.28000000,98.14000000,98.88000000,97.90000000,255327,396391994.82999998,1.00000000,-0.14000000,-0.14000000,0.43000000,广发证券
2025-02-06,000776,98.09000000,98.83000000,99.07000000,97.76000000,248370,386307537.79000002,1.33000000,0.70000000,0.69000000,0.42000000,广发证券
2025-02-07,000776,98.69000000,100.14000000,101.02000000,98.55000000,483916,768277489.09000003,2.50000000,1.33000000,1.31000000,0.82000000,广发证券
2025-02-10,000776,100.05000000,100.05000000,100.70000000,99.67000000,282847,449681120.35000002,1.03000000,-0.09000000,-0.09000000,0.48000000,广发证券
2025-02-11,000776,100.47000000,99.72000000,100.47000000,99.25000000,236344,373487444.69999999,1.22000000,-0.33000000,-0.33000000,0.40000000,广发证券
2025-02-12,000776,99.53000000,100.47000000,100.56000000,99.39000000,257023,407444994.13000000,1.17000000,0.75000000,0.75000000,0.43000000,广发证券
2025-02-13,000776,100.23000000,100.23000000,100.93000000,99.67000000,402195,641796996.95000005,1.25000000,-0.24000000,-0.24000000,0.68000000,广发证券
2025-02-14,000776,100.14000000,100.47000000,100.70000000,99.77000000,274078,436977871.81999999,0.93000000,0.24000000,0.24000000,0.46000000,广发证券
2025-02-17,000776,101.16000000,100.61000000,101.30000000,100.14000000,302636,484887684.92000002,1.15000000,0.14000000,0.14000000,0.51000000,广发证券
2025-02-18,000776,100.47000000,98.32000000,100.56000000,98.04000000,419798,659896892.34000003,2.50000000,-2.28000000,-2.29000000,0.71000000,广发证券
2025-02-19,000776,98.23000000,98.55000000,99.16000000,98.09000000,335987,523628495.23000002,1.09000000,0.23000000,0.23000000,0.57000000,广发证券
2025-02-20,000776,98.55000000,98.32000000,98.79000000,98.04000000,265185,411476079.67000002,0.76000000,-0.23000000,-0.23000000,0.45000000,广发证券
2025-02-21,000776,98.65000000,99.81000000,99.95000000,97.86000000,491278,770772636.61000001,2.13000000,1.52000000,1.49000000,0.83000000,广发证券
2025-02-24,000776,99.63000000,100.19000000,100.88000000,99.44000000,449716,717365402.60000002,1.44000000,0.38000000,0.38000000,0.76000000,广发证券
2025-02-25,000776,99.44000000,98.65000000,99.72000000,98.46000000,322641,506054081.54000002,1.26000000,-1.54000000,-1.54000000,0.55000000,广发证券
2025-02-26,000776,98.83000000,99.77000000,99.86000000,98.23000000,538261,842054280.80999994,1.65000000,1.14000000,1.12000000,0.91000000,广发证券
2025-02-27,000776,99.16000000,99.39000000,99.91000000,98.37000000,459175,720377401.40999997,1.54000000,-0.38000000,-0.38000000,0.78000000,广发证券
2025-02-28,000776,99.16000000,97.48000000,100.19000000,97.39000000,526192,819043250.69000006,2.82000000,-1.92000000,-1.91000000,0.89000000,广发证券
2025-03-03,000776,97.53000000,97.62000000,98.32000000,97.20000000,337717,520825733.31999999,1.15000000,0.14000000,0.14000000,0.57000000,广发证券
2025-03-04,000776,97.53000000,97.86000000,98.09000000,97.25000000,196928,303184255.47000003,0.86000000,0.25000000,0.24000000,0.33000000,广发证券
2025-03-05,000776,97.81000000,97.86000000,98.14000000,97.20000000,240364,369913817.13999999,0.96000000,0.00000000,0.00000000,0.41000000,广发证券
2025-03-06,000776,98.46000000,99.25000000,99.44000000,98.04000000,489412,766383658.42999995,1.43000000,1.42000000,1.39000000,0.83000000,广发证券
2025-03-07,000776,99.07000000,98.32000000,99.07000000,98.14000000,251472,391412129.68000001,0.94000000,-0.94000000,-0.93000000,0.43000000,广发证券
2025-03-10,000776,98.23000000,97.86000000,98.37000000,97.53000000,262031,403720773.01999998,0.85000000,-0.47000000,-0.46000000,0.44000000,广发证券
2025-03-11,000776,97.39000000,97.86000000,97.86000000,97.11000000,261744,401178245.85000002,0.77000000,0.00000000,0.00000000,0.44000000,广发证券
2025-03-12,000776,97.90000000,97.90000000,98.74000000,97.58000000,345236,533897416.89999998,1.19000000,0.04000000,0.04000000,0.58000000,广发证券
2025-03-13,000776,97.90000000,97.58000000,98.42000000,97.34000000,233758,359778424.43000001,1.10000000,-0.33000000,-0.32000000,0.40000000,广发证券
2025-03-14,000776,97.76000000,99.77000000,100.33000000,97.62000000,731874,1151524656.05999994,2.78000000,2.24000000,2.19000000,1.24000000,广发证券
2025-03-17,000776,99.72000000,99.77000000,100.09000000,99.35000000,356550,564116077.13000000,0.74000000,0.00000000,0.00000000,0.60000000,广发证券
2025-03-18,000776,100.05000000,100.19000000,100.74000000,100.05000000,325764,519442229.99000001,0.69000000,0.42000000,0.42000000,0.55000000,广发证券
2025-03-19,000776,100.14000000,100.51000000,100.98000000,99.91000000,312226,499125677.07999998,1.07000000,0.32000000,0.32000000,0.53000000,广发证券
2025-03-20,000776,100.33000000,99.86000000,100.70000000,99.58000000,257398,409216495.50000000,1.11000000,-0.65000000,-0.65000000,0.44000000,广发证券
2025-03-21,000776,99.58000000,98.83000000,100.00000000,98.60000000,275401,432328664.74000001,1.40000000,-1.03000000,-1.03000000,0.47000000,广发证券
2025-03-24,000776,98.74000000,99.30000000,99.63000000,98.51000000,333622,524016248.27999997,1.13000000,0.48000000,0.47000000,0.57000000,广发证券
2025-03-25,000776,99.30000000,99.67000000,99.95000000,99.07000000,279977,441799067.44000000,0.89000000,0.37000000,0.37000000,0.47000000,广发证券
2025-03-26,000776,99.63000000,99.58000000,99.77000000,99.21000000,175882,277500410.52999997,0.56000000,-0.09000000,-0.09000000,0.30000000,广发证券
2025-03-27,000776,99.53000000,101.21000000,101.40000000,99.30000000,532071,853125218.51999998,2.11000000,1.64000000,1.63000000,0.90000000,广发证券
2025-03-28,000776,101.02000000,102.42000000,103.31000000,100.93000000,680974,1115260725.54999995,2.35000000,1.20000000,1.21000000,1.15000000,广发证券
2025-03-31,000776,102.24000000,101.12000000,103.17000000,100.93000000,611749,998432797.62000000,2.19000000,-1.27000000,-1.30000000,1.04000000,广发证券
2025-04-01,000776,101.49000000,101.72000000,102.47000000,101.35000000,361453,587911407.38000000,1.11000000,0.59000000,0.60000000,0.61000000,广发证券
2025-04-02,000776,101.44000000,101.16000000,102.28000000,101.07000000,308279,499354008.52999997,1.19000000,-0.55000000,-0.56000000,0.52000000,广发证券
2025-04-03,000776,100.65000000,101.49000000,101.72000000,100.61000000,330222,533918681.06000000,1.10000000,0.33000000,0.33000000,0.56000000,广发证券
2025-04-07,000776,98.14000000,93.94000000,98.65000000,93.94000000,795091,1188066756.96000004,4.64000000,-7.44000000,-7.55000000,1.35000000,广发证券
2025-04-08,000776,94.13000000,96.27000000,96.37000000,93.10000000,797461,1182193905.05999994,3.48000000,2.48000000,2.33000000,1.35000000,广发证券
2025-04-09,000776,95.06000000,96.27000000,96.83000000,94.59000000,578619,867567556.50000000,2.33000000,0.00000000,0.00000000,0.98000000,广发证券
2025-04-10,000776,97.02000000,98.18000000,98.93000000,96.41000000,609183,940018022.96000004,2.62000000,1.98000000,1.91000000,1.03000000,广发证券
2025-04-11,000776,97.72000000,97.48000000,98.09000000,96.88000000,340495,522077570.32999998,1.23000000,-0.71000000,-0.70000000,0.58000000,广发证券
2025-04-14,000776,98.00000000,97.53000000,98.09000000,97.30000000,254781,391613554.69000000,0.81000000,0.05000000,0.05000000,0.43000000,广发证券
2025-04-15,000776,97.53000000,97.48000000,97.58000000,96.97000000,199305,304849735.00000000,0.63000000,-0.05000000,-0.05000000,0.34000000,广发证券
2025-04-16,000776,97.20000000,96.92000000,97.48000000,96.23000000,262841,398576194.01999998,1.28000000,-0.57000000,-0.56000000,0.45000000,广发证券
2025-04-17,000776,96.64000000,96.78000000,97.16000000,96.41000000,148365,225568130.25999999,0.77000000,-0.14000000,-0.14000000,0.25000000,广发证券
2025-04-18,000776,96.74000000,97.25000000,97.39000000,96.50000000,161266,245704027.00000000,0.92000000,0.49000000,0.47000000,0.27000000,广发证券
2025-04-21,000776,97.11000000,97.67000000,98.09000000,96.83000000,227136,349158506.41000003,1.30000000,0.43000000,0.42000000,0.38000000,广发证券
2025-04-22,000776,97.81000000,97.58000000,97.86000000,97.39000000,178877,274986630.10000002,0.48000000,-0.09000000,-0.09000000,0.30000000,广发证券
2025-04-23,000776,97.90000000,97.34000000,98.00000000,97.06000000,192197,294937554.31000000,0.96000000,-0.25000000,-0.24000000,0.33000000,广发证券
2025-04-24,000776,97.34000000,97.53000000,97.76000000,97.06000000,173476,266065380.44000000,0.72000000,0.20000000,0.19000000,0.29000000,广发证券
2025-04-25,000776,97.53000000,98.18000000,98.79000000,97.48000000,294654,456886132.62000000,1.34000000,0.67000000,0.65000000,0.50000000,广发证券
2025-04-28,000776,98.18000000,97.86000000,98.37000000,97.48000000,191578,295854012.31999999,0.91000000,-0.33000000,-0.32000000,0.32000000,广发证券
2025-04-29,000776,98.09000000,97.44000000,98.14000000,97.25000000,194118,298214559.00000000,0.91000000,-0.43000000,-0.42000000,0.33000000,广发证券
2025-04-30,000776,97.86000000,98.74000000,99.35000000,97.86000000,375943,587387580.17999995,1.53000000,1.33000000,1.30000000,0.64000000,广发证券
2025-05-06,000776,99.25000000,99.07000000,99.58000000,98.93000000,311344,488939643.38999999,0.66000000,0.33000000,0.33000000,0.53000000,广发证券
2025-05-07,000776,100.70000000,99.63000000,101.21000000,99.44000000,403972,642923253.25000000,1.79000000,0.57000000,0.56000000,0.68000000,广发证券
2025-05-08,000776,99.39000000,100.09000000,101.12000000,99.39000000,447055,715174917.00000000,1.74000000,0.46000000,0.46000000,0.76000000,广发证券
2025-05-09,000776,100.14000000,99.49000000,100.37000000,99.44000000,186097,294453138.25000000,0.93000000,-0.60000000,-0.60000000,0.32000000,广发证券
2025-05-12,000776,99.91000000,100.61000000,100.84000000,99.44000000,322090,513099548.73000002,1.41000000,1.13000000,1.12000000,0.55000000,广发证券
2025-05-13,000776,101.12000000,100.98000000,101.12000000,100.23000000,476185,764052914.11000001,0.88000000,0.37000000,0.37000000,0.81000000,广发证券
2025-05-14,000776,100.93000000,106.66000000,108.48000000,100.74000000,1943280,3313787690.82999992,7.66000000,5.62000000,5.68000000,3.29000000,广发证券
2025-05-15,000776,105.22000000,104.89000000,105.92000000,104.19000000,1039906,1762643372.69000006,1.62000000,-1.66000000,-1.77000000,1.76000000,广发证券
2025-05-16,000776,104.84000000,103.96000000,105.08000000,103.21000000,522543,873759516.33000004,1.78000000,-0.89000000,-0.93000000,0.89000000,广发证券
2025-05-19,000776,103.87000000,103.73000000,104.33000000,103.26000000,493075,823376449.26999998,1.03000000,-0.22000000,-0.23000000,0.84000000,广发证券
2025-05-20,000776,103.77000000,103.31000000,104.24000000,103.07000000,450748,750444254.96000004,1.13000000,-0.40000000,-0.42000000,0.76000000,广发证券
2025-05-21,000776,103.31000000,103.31000000,103.82000000,103.26000000,276057,459160602.88000000,0.54000000,0.00000000,0.00000000,0.47000000,广发证券
2025-05-22,000776,103.31000000,103.03000000,103.49000000,102.75000000,277729,459800101.04000002,0.72000000,-0.27000000,-0.28000000,0.47000000,广发证券
2025-05-23,000776,102.98000000,101.86000000,103.45000000,101.68000000,360462,592098856.45000005,1.72000000,-1.14000000,-1.17000000,0.61000000,广发证券
2025-05-26,000776,101.86000000,101.96000000,102.52000000,101.54000000,254854,415338083.56000000,0.96000000,0.10000000,0.10000000,0.43000000,广发证券
2025-05-27,000776,101.96000000,101.82000000,102.14000000,101.44000000,210069,341627363.41000003,0.69000000,-0.14000000,-0.14000000,0.36000000,广发证券
2025-05-28,000776,102.00000000,101.40000000,102.05000000,101.30000000,186344,302246883.42000002,0.74000000,-0.41000000,-0.42000000,0.32000000,广发证券
2025-05-29,000776,101.63000000,101.72000000,102.10000000,101.44000000,357269,580870635.76999998,0.65000000,0.32000000,0.32000000,0.61000000,广发证券
2025-05-30,000776,101.30000000,101.91000000,102.19000000,100.79000000,344932,558795132.19000006,1.38000000,0.19000000,0.19000000,0.58000000,广发证券
2025-06-03,000776,101.49000000,102.19000000,102.79000000,101.07000000,385943,629792342.25000000,1.69000000,0.27000000,0.28000000,0.65000000,广发证券
2025-06-04,000776,102.10000000,102.93000000,103.45000000,102.10000000,356186,587820046.62000000,1.32000000,0.72000000,0.74000000,0.60000000,广发证券
2025-06-05,000776,102.98000000,103.17000000,103.54000000,102.52000000,304415,503163618.19999999,0.99000000,0.23000000,0.24000000,0.52000000,广发证券
2025-06-06,000776,103.21000000,102.66000000,103.49000000,102.52000000,228452,376807052.19000000,0.94000000,-0.49000000,-0.51000000,0.39000000,广发证券
2025-06-09,000776,102.89000000,103.63000000,104.05000000,102.84000000,415785,692295704.41999996,1.18000000,0.94000000,0.97000000,0.70000000,广发证券
2025-06-10,000776,103.54000000,102.56000000,103.82000000,102.10000000,351111,580556022.01999998,1.66000000,-1.03000000,-1.07000000,0.59000000,广发证券
2025-06-11,000776,102.70000000,104.71000000,104.94000000,102.56000000,645128,1082894740.01999998,2.32000000,2.10000000,2.15000000,1.09000000,广发证券
2025-06-12,000776,104.33000000,104.75000000,106.01000000,104.19000000,499403,846847006.05999994,1.74000000,0.04000000,0.04000000,0.85000000,广发证券
2025-06-13,000776,104.38000000,103.63000000,104.71000000,103.35000000,435204,726925376.83000004,1.30000000,-1.07000000,-1.12000000,0.74000000,广发证券
2025-06-16,000776,103.31000000,104.61000000,104.84000000,103.17000000,296581,497107027.83999997,1.61000000,0.95000000,0.98000000,0.50000000,广发证券
2025-06-17,000776,104.57000000,104.57000000,104.75000000,104.05000000,224716,378084977.95999998,0.67000000,-0.04000000,-0.04000000,0.38000000,广发证券
2025-06-18,000776,104.57000000,103.59000000,104.84000000,102.93000000,297084,494537016.48000002,1.83000000,-0.94000000,-0.98000000,0.50000000,广发证券
2025-06-19,000776,103.17000000,101.96000000,103.54000000,101.77000000,327837,536538264.31999999,1.71000000,-1.57000000,-1.63000000,0.56000000,广发证券
2025-06-20,000776,101.96000000,102.10000000,102.52000000,101.86000000,188207,307474179.04000002,0.65000000,0.14000000,0.14000000,0.32000000,广发证券
2025-06-23,000776,101.77000000,102.75000000,103.03000000,101.77000000,273009,447022804.87000000,1.23000000,0.64000000,0.65000000,0.46000000,广发证券
2025-06-24,000776,102.98000000,104.38000000,105.17000000,102.98000000,565869,951596055.86000001,2.13000000,1.59000000,1.63000000,0.96000000,广发证券
2025-06-25,000776,104.57000000,106.89000000,107.31000000,104.43000000,916336,1572090915.30999994,2.76000000,2.40000000,2.51000000,1.55000000,广发证券
2025-06-26,000776,107.08000000,106.43000000,107.64000000,105.73000000,703276,1217574287.27999997,1.79000000,-0.43000000,-0.46000000,1.19000000,广发证券
2025-06-27,000776,106.52000000,107.31000000,110.34000000,106.34000000,1116256,1956593589.97000003,3.76000000,0.83000000,0.88000000,1.89000000,广发证券
2025-06-30,000776,106.62000000,106.20000000,106.99000000,105.50000000,641211,1078006761.15000010,1.39000000,-1.03000000,-1.11000000,1.09000000,广发证券
2025-07-01,000776,106.29000000,105.73000000,106.43000000,105.45000000,318747,532892175.25000000,0.92000000,-0.44000000,-0.47000000,0.54000000,广发证券
2025-07-02,000776,105.92000000,105.45000000,105.96000000,105.31000000,311409,519374811.51999998,0.61000000,-0.26000000,-0.28000000,0.53000000,广发证券
2025-07-03,000776,105.54000000,106.06000000,106.38000000,105.54000000,316449,530212494.61000001,0.80000000,0.58000000,0.61000000,0.54000000,广发证券
2025-07-04,000776,106.15000000,107.08000000,108.48000000,105.82000000,600364,1021507313.07000005,2.51000000,0.96000000,1.02000000,1.02000000,广发证券
2025-07-07,000776,106.71000000,107.31000000,107.59000000,106.57000000,312956,532940812.00999999,0.95000000,0.21000000,0.23000000,0.53000000,广发证券
2025-07-08,000776,107.31000000,107.78000000,107.97000000,106.94000000,427708,730690448.12000000,0.96000000,0.44000000,0.47000000,0.72000000,广发证券
2025-07-09,000776,107.78000000,107.92000000,109.46000000,107.64000000,490301,848952649.78999996,1.69000000,0.13000000,0.14000000,0.83000000,广发证券
2025-07-10,000776,107.50000000,109.22000000,109.41000000,107.36000000,583690,1014013571.63000000,1.90000000,1.20000000,1.30000000,0.99000000,广发证券
2025-07-11,000776,109.55000000,110.30000000,111.69000000,108.99000000,898730,1596159633.81999993,2.47000000,0.99000000,1.08000000,1.52000000,广发证券
2025-07-14,000776,110.58000000,110.67000000,111.27000000,110.02000000,512737,911125432.34000003,1.13000000,0.34000000,0.37000000,0.87000000,广发证券
2025-07-15,000776,110.67000000,110.81000000,111.88000000,110.20000000,624269,1114383276.64000010,1.52000000,0.13000000,0.14000000,1.06000000,广发证券
2025-07-16,000776,110.81000000,109.50000000,111.04000000,109.18000000,443088,778024442.54999995,1.68000000,-1.18000000,-1.31000000,0.75000000,广发证券
2025-07-17,000776,109.55000000,109.92000000,109.97000000,108.99000000,373011,653162169.40999997,0.89000000,0.38000000,0.42000000,0.63000000,广发证券
2025-07-18,000776,109.92000000,112.11000000,112.91000000,109.88000000,848365,1525196533.71000004,2.76000000,1.99000000,2.19000000,1.44000000,广发证券
2025-07-21,000776,111.74000000,115.00000000,115.70000000,111.27000000,1031203,1911054518.23000002,3.95000000,2.58000000,2.89000000,1.75000000,广发证券
2025-07-22,000776,114.63000000,115.42000000,115.75000000,113.60000000,639320,1191640955.59999990,1.87000000,0.37000000,0.42000000,1.08000000,广发证券
2025-07-23,000776,115.37000000,118.92000000,119.89000000,115.23000000,1585335,3083409078.05999994,4.04000000,3.03000000,3.50000000,2.69000000,广发证券
2025-07-24,000776,118.03000000,121.39000000,121.71000000,118.03000000,1272872,2535908774.26999998,3.09000000,2.08000000,2.47000000,2.16000000,广发证券
2025-07-25,000776,121.39000000,120.73000000,121.52000000,120.13000000,748978,1493683313.34999990,1.15000000,-0.54000000,-0.66000000,1.27000000,广发证券
2025-07-28,000776,120.69000000,121.15000000,122.92000000,119.89000000,899959,1802052608.35999990,2.51000000,0.35000000,0.42000000,1.52000000,广发证券
2025-07-29,000776,120.59000000,120.69000000,121.06000000,119.43000000,651293,1291105261.20000005,1.35000000,-0.38000000,-0.46000000,1.10000000,广发证券
2025-07-30,000776,120.59000000,119.94000000,121.76000000,119.01000000,632896,1256545196.72000003,2.28000000,-0.62000000,-0.75000000,1.07000000,广发证券
2025-07-31,000776,119.57000000,117.29000000,120.17000000,116.63000000,939463,1821934817.68000007,2.95000000,-2.21000000,-2.65000000,1.59000000,广发证券
2025-08-01,000776,117.38000000,117.98000000,120.55000000,116.63000000,922041,1795492241.15000010,3.34000000,0.59000000,0.69000000,1.56000000,广发证券
2025-08-04,000776,117.70000000,118.17000000,119.47000000,117.66000000,553485,1072455444.12000000,1.53000000,0.16000000,0.19000000,0.94000000,广发证券
2025-08-05,000776,118.50000000,119.34000000,119.89000000,118.03000000,664556,1297629755.01999998,1.57000000,0.99000000,1.17000000,1.13000000,广发证券
2025-08-06,000776,119.34000000,119.71000000,120.31000000,119.10000000,478947,943526384.92999995,1.01000000,0.31000000,0.37000000,0.81000000,广发证券
2025-08-07,000776,119.47000000,119.01000000,120.55000000,118.73000000,466503,917021287.64999998,1.52000000,-0.58000000,-0.70000000,0.79000000,广发证券
2025-08-08,000776,119.06000000,119.71000000,120.36000000,117.80000000,652662,1283363312.35999990,2.15000000,0.59000000,0.70000000,1.11000000,广发证券
2025-08-11,000776,119.20000000,119.71000000,120.69000000,119.20000000,531487,1050241525.70000005,1.24000000,0.00000000,0.00000000,0.90000000,广发证券
2025-08-12,000776,120.13000000,121.48000000,121.85000000,119.85000000,677801,1355343999.84999990,1.67000000,1.48000000,1.77000000,1.15000000,广发证券
2025-08-13,000776,122.08000000,123.57000000,125.02000000,121.48000000,1046489,2144960359.59999990,2.91000000,1.72000000,2.09000000,1.77000000,广发证券
2025-08-14,000776,123.57000000,124.51000000,127.35000000,123.20000000,1136197,2376946697.98000002,3.36000000,0.76000000,0.94000000,1.92000000,广发证券
2025-08-15,000776,124.27000000,127.02000000,129.31000000,123.81000000,1302409,2776612260.21000004,4.42000000,2.02000000,2.51000000,2.21000000,广发证券
2025-08-18,000776,127.40000000,125.30000000,127.44000000,124.37000000,1389938,2924472673.32000017,2.42000000,-1.35000000,-1.72000000,2.35000000,广发证券
2025-08-19,000776,124.32000000,124.37000000,125.72000000,123.95000000,573379,1190661057.85999990,1.41000000,-0.74000000,-0.93000000,0.97000000,广发证券
2025-08-20,000776,123.85000000,125.76000000,126.04000000,123.44000000,611366,1271911899.93000007,2.09000000,1.12000000,1.39000000,1.04000000,广发证券
2025-08-21,000776,126.79000000,125.25000000,127.02000000,124.65000000,589168,1240145618.97000003,1.88000000,-0.41000000,-0.51000000,1.00000000,广发证券
2025-08-22,000776,125.02000000,132.33000000,132.71000000,124.83000000,1402882,3051828421.53000021,6.29000000,5.65000000,7.08000000,2.38000000,广发证券
2025-08-25,000776,132.71000000,131.78000000,132.94000000,129.73000000,1126936,2500377831.17000008,2.43000000,-0.42000000,-0.55000000,1.91000000,广发证券
2025-08-26,000776,130.89000000,130.28000000,131.26000000,129.73000000,625916,1378724551.70000005,1.16000000,-1.14000000,-1.50000000,1.06000000,广发证券
2025-08-27,000776,130.28000000,126.60000000,130.66000000,126.51000000,928491,2010845466.74000001,3.19000000,-2.82000000,-3.68000000,1.57000000,广发证券
2025-08-28,000776,126.14000000,129.21000000,129.49000000,126.04000000,748945,1603387592.32999992,2.73000000,2.06000000,2.61000000,1.27000000,广发证券
2025-08-29,000776,129.49000000,129.82000000,130.98000000,128.84000000,839434,1839345069.48000002,1.66000000,0.47000000,0.61000000,1.42000000,广发证券
2025-09-01,000776,130.33000000,128.84000000,130.56000000,128.70000000,681238,1483112243.04999995,1.43000000,-0.75000000,-0.98000000,1.15000000,广发证券
2025-09-02,000776,129.07000000,127.16000000,129.68000000,126.28000000,617224,1321236029.60999990,2.64000000,-1.30000000,-1.68000000,1.05000000,广发证券
2025-09-03,000776,127.21000000,123.99000000,127.86000000,123.30000000,709934,1480001253.61999989,3.59000000,-2.49000000,-3.17000000,1.20000000,广发证券
2025-09-04,000776,123.99000000,122.64000000,124.69000000,121.34000000,663880,1352815895.58999991,2.70000000,-1.09000000,-1.35000000,1.12000000,广发证券
2025-09-05,000776,122.97000000,123.81000000,124.09000000,121.90000000,522401,1065787393.01999998,1.79000000,0.95000000,1.17000000,0.88000000,广发证券
2025-09-08,000776,123.99000000,122.74000000,124.46000000,121.76000000,600814,1223673770.50999999,2.18000000,-0.86000000,-1.07000000,1.02000000,广发证券
2025-09-09,000776,122.41000000,123.81000000,125.21000000,122.08000000,554257,1140133927.47000003,2.55000000,0.87000000,1.07000000,0.94000000,广发证券
2025-09-10,000776,123.67000000,123.53000000,125.11000000,123.20000000,381830,787169315.50999999,1.54000000,-0.23000000,-0.28000000,0.65000000,广发证券
2025-09-11,000776,123.30000000,126.42000000,126.74000000,123.06000000,707365,1480644300.58999991,2.98000000,2.34000000,2.89000000,1.20000000,广发证券
2025-09-12,000776,126.32000000,126.00000000,127.72000000,125.53000000,503989,1068047889.65999997,1.73000000,-0.33000000,-0.42000000,0.85000000,广发证券
2025-09-15,000776,125.95000000,126.79000000,128.56000000,125.30000000,580467,1236391594.36999989,2.59000000,0.63000000,0.79000000,0.98000000,广发证券
2025-09-16,000776,126.74000000,126.18000000,127.30000000,124.65000000,440179,924857419.33000004,2.09000000,-0.48000000,-0.61000000,0.75000000,广发证券
2025-09-17,000776,126.65000000,126.65000000,127.35000000,125.44000000,471727,997798228.07000005,1.51000000,0.37000000,0.47000000,0.80000000,广发证券
2025-09-18,000776,126.09000000,122.83000000,126.65000000,121.15000000,1006249,2075000648.98000002,4.34000000,-3.02000000,-3.82000000,1.70000000,广发证券
2025-09-19,000776,122.13000000,122.22000000,123.16000000,121.62000000,409982,831957800.08000004,1.25000000,-0.50000000,-0.61000000,0.69000000,广发证券
2025-09-22,000776,122.18000000,123.85000000,123.90000000,122.04000000,354302,722837859.85000002,1.52000000,1.33000000,1.63000000,0.60000000,广发证券
2025-09-23,000776,123.30000000,123.34000000,124.69000000,122.04000000,411614,840372246.47000003,2.14000000,-0.41000000,-0.51000000,0.70000000,广发证券
2025-09-24,000776,122.97000000,124.23000000,124.60000000,122.69000000,372293,765962056.86000001,1.55000000,0.72000000,0.89000000,0.63000000,广发证券
2025-09-25,000776,123.76000000,125.35000000,126.04000000,123.44000000,438271,916085158.67999995,2.09000000,0.90000000,1.12000000,0.74000000,广发证券
2025-09-26,000776,124.83000000,125.07000000,126.23000000,124.32000000,343020,716610441.29999995,1.52000000,-0.22000000,-0.28000000,0.58000000,广发证券
2025-09-29,000776,124.83000000,134.80000000,134.80000000,124.69000000,2007565,4500007457.72000027,8.08000000,7.78000000,9.73000000,3.40000000,广发证券
2025-09-30,000776,134.80000000,131.68000000,135.32000000,131.31000000,1670990,3777902041.78999996,2.97000000,-2.31000000,-3.12000000,2.83000000,广发证券
2025-10-09,000776,131.40000000,135.92000000,137.55000000,129.45000000,1714165,3902002186.94000006,6.15000000,3.22000000,4.24000000,2.90000000,广发证券
2025-10-10,000776,135.27000000,139.93000000,142.72000000,134.85000000,1634380,3935543679.86999989,5.79000000,2.95000000,4.01000000,2.77000000,广发证券
2025-10-13,000776,136.53000000,136.11000000,139.70000000,133.08000000,1578988,3653648959.84000015,4.73000000,-2.73000000,-3.82000000,2.67000000,广发证券
2025-10-14,000776,136.39000000,136.53000000,141.33000000,135.08000000,1521727,3598717219.13999987,4.59000000,0.31000000,0.42000000,2.58000000,广发证券
2025-10-15,000776,138.20000000,142.17000000,142.49000000,135.08000000,1854319,4430858253.14000034,5.43000000,4.13000000,5.64000000,3.14000000,广发证券
2025-10-16,000776,139.70000000,141.00000000,141.65000000,138.53000000,1389859,3338389747.63000011,2.19000000,-0.82000000,-1.17000000,2.35000000,广发证券
2025-10-17,000776,140.91000000,136.76000000,142.03000000,136.06000000,1208233,2874869429.01000023,4.23000000,-3.01000000,-4.24000000,2.05000000,广发证券
2025-10-20,000776,137.60000000,133.73000000,138.67000000,133.41000000,1214430,2791310795.96999979,3.85000000,-2.22000000,-3.03000000,2.06000000,广发证券
2025-10-21,000776,133.92000000,134.48000000,135.60000000,132.89000000,1166854,2656087109.38999987,2.03000000,0.56000000,0.75000000,1.98000000,广发证券
2025-10-22,000776,133.22000000,132.38000000,134.01000000,131.68000000,756133,1694242830.38000011,1.73000000,-1.56000000,-2.10000000,1.28000000,广发证券
2025-10-23,000776,132.43000000,134.01000000,134.57000000,131.73000000,708738,1595068943.08999991,2.15000000,1.23000000,1.63000000,1.20000000,广发证券
2025-10-24,000776,133.64000000,135.32000000,135.32000000,133.27000000,830150,1889853883.51999998,1.53000000,0.98000000,1.31000000,1.41000000,广发证券
2025-10-27,000776,136.48000000,137.41000000,139.00000000,134.94000000,1243388,2899033797.11999989,3.00000000,1.54000000,2.09000000,2.11000000,广发证券
2025-10-28,000776,136.20000000,135.41000000,137.09000000,134.94000000,796345,1836489049.08999991,1.56000000,-1.46000000,-2.00000000,1.35000000,广发证券
2025-10-29,000776,135.04000000,139.79000000,140.63000000,134.94000000,1225789,2901244715.69000006,4.20000000,3.23000000,4.38000000,2.08000000,广发证券
2025-10-30,000776,139.79000000,138.07000000,140.16000000,137.83000000,811281,1920230259.45000005,1.67000000,-1.23000000,-1.72000000,1.37000000,广发证券
2025-10-31,000776,138.58000000,133.50000000,138.76000000,133.45000000,1223770,2783556456.82000017,3.85000000,-3.31000000,-4.57000000,2.07000000,广发证券
2025-11-03,000776,133.31000000,132.80000000,133.50000000,130.52000000,744258,1651292834.16000009,2.23000000,-0.52000000,-0.70000000,1.26000000,广发证券
2025-11-04,000776,132.80000000,131.91000000,133.03000000,131.45000000,451961,1007493108.57000005,1.19000000,-0.67000000,-0.89000000,0.77000000,广发证券
2025-11-05,000776,131.03000000,131.87000000,132.43000000,130.70000000,383786,851858650.66999996,1.31000000,-0.03000000,-0.04000000,0.65000000,广发证券
2025-11-06,000776,132.43000000,136.20000000,137.27000000,132.24000000,1215562,2799061681.30999994,3.81000000,3.28000000,4.33000000,2.06000000,广发证券
2025-11-07,000776,135.50000000,134.34000000,135.69000000,134.15000000,509922,1165134456.34999990,1.13000000,-1.37000000,-1.86000000,0.86000000,广发证券
2025-11-10,000776,134.15000000,138.30000000,139.37000000,133.45000000,980462,2286379054.73000002,4.41000000,2.95000000,3.96000000,1.66000000,广发证券
2025-11-11,000776,137.55000000,136.15000000,138.53000000,135.74000000,557968,1296850267.52999997,2.02000000,-1.55000000,-2.15000000,0.95000000,广发证券
2025-11-12,000776,135.55000000,135.74000000,137.18000000,134.80000000,526842,1217025256.50999999,1.75000000,-0.30000000,-0.41000000,0.89000000,广发证券
2025-11-13,000776,135.50000000,137.69000000,138.20000000,135.36000000,625108,1459081540.66000009,2.09000000,1.44000000,1.95000000,1.06000000,广发证券
2025-11-14,000776,136.43000000,134.80000000,137.13000000,134.62000000,554490,1276386794.60999990,1.82000000,-2.10000000,-2.89000000,0.94000000,广发证券
2025-11-17,000776,134.48000000,132.85000000,134.57000000,132.38000000,460447,1034758608.25999999,1.62000000,-1.45000000,-1.95000000,0.78000000,广发证券
2025-11-18,000776,132.61000000,133.92000000,135.83000000,132.43000000,542285,1233703029.14000010,2.56000000,0.81000000,1.07000000,0.92000000,广发证券
2025-11-19,000776,133.45000000,134.38000000,135.36000000,133.31000000,351079,797898961.03999996,1.53000000,0.34000000,0.46000000,0.59000000,广发证券
2025-11-20,000776,136.85000000,131.31000000,137.13000000,131.31000000,659503,1490195207.30999994,4.33000000,-2.28000000,-3.07000000,1.12000000,广发证券
2025-11-21,000776,130.24000000,126.65000000,131.22000000,126.56000000,724945,1558944277.34999990,3.55000000,-3.55000000,-4.66000000,1.23000000,广发证券
2025-11-24,000776,127.12000000,126.93000000,128.00000000,125.63000000,426010,901043928.33000004,1.87000000,0.22000000,0.28000000,0.72000000,广发证券
2025-11-25,000776,127.12000000,126.09000000,127.54000000,125.76000000,531444,1121808909.38000011,1.40000000,-0.66000000,-0.84000000,0.90000000,广发证券
2025-11-26,000776,126.04000000,126.60000000,127.86000000,125.81000000,436173,923282041.94000006,1.63000000,0.40000000,0.51000000,0.74000000,广发证券
2025-11-27,000776,126.28000000,126.56000000,127.95000000,126.18000000,296802,628816908.45000005,1.40000000,-0.03000000,-0.04000000,0.50000000,广发证券
2025-11-28,000776,126.23000000,126.84000000,127.12000000,125.67000000,319893,673823451.25000000,1.15000000,0.22000000,0.28000000,0.54000000,广发证券
2025-12-01,000776,126.46000000,126.93000000,127.26000000,126.14000000,390043,823369314.67999995,0.88000000,0.07000000,0.09000000,0.66000000,广发证券
2025-12-02,000776,126.88000000,125.72000000,126.88000000,125.11000000,418229,874129353.62000000,1.39000000,-0.95000000,-1.21000000,0.71000000,广发证券
2025-12-03,000776,127.35000000,125.53000000,127.35000000,125.02000000,370803,777335312.50000000,1.85000000,-0.15000000,-0.19000000,0.63000000,广发证券
2025-12-04,000776,125.11000000,125.95000000,126.42000000,125.07000000,253747,531074126.89999998,1.08000000,0.33000000,0.42000000,0.43000000,广发证券
2025-12-05,000776,125.67000000,127.54000000,128.98000000,125.39000000,630412,1339749483.79999995,2.85000000,1.26000000,1.59000000,1.07000000,广发证券
2025-12-08,000776,129.40000000,129.49000000,131.68000000,128.98000000,887818,1942792060.31999993,2.12000000,1.53000000,1.95000000,1.50000000,广发证券
2025-12-09,000776,128.79000000,126.93000000,129.26000000,126.42000000,585379,1247862352.82999992,2.19000000,-1.98000000,-2.56000000,0.99000000,广发证券
2025-12-10,000776,126.42000000,126.23000000,126.84000000,125.30000000,427247,894142045.60000002,1.21000000,-0.55000000,-0.70000000,0.72000000,广发证券
2025-12-11,000776,126.28000000,124.37000000,126.42000000,124.37000000,357765,743955247.54999995,1.62000000,-1.47000000,-1.86000000,0.61000000,广发证券
2025-12-12,000776,124.41000000,125.95000000,126.32000000,124.23000000,455381,947964585.00000000,1.68000000,1.27000000,1.58000000,0.77000000,广发证券
2025-12-15,000776,125.16000000,127.77000000,129.35000000,124.88000000,643514,1375508728.09999990,3.55000000,1.45000000,1.82000000,1.09000000,广发证券
2025-12-16,000776,127.12000000,127.02000000,128.37000000,127.02000000,357930,762424465.23000002,1.06000000,-0.59000000,-0.75000000,0.61000000,广发证券
2025-12-17,000776,127.16000000,130.05000000,132.47000000,126.98000000,990936,2155008999.01000023,4.32000000,2.39000000,3.03000000,1.68000000,广发证券
2025-12-18,000776,129.59000000,129.07000000,130.33000000,128.37000000,496575,1075816885.23000002,1.51000000,-0.75000000,-0.98000000,0.84000000,广发证券
2025-12-19,000776,129.03000000,129.21000000,130.19000000,128.37000000,446908,969509910.84000003,1.41000000,0.11000000,0.14000000,0.76000000,广发证券
2025-12-22,000776,128.98000000,128.98000000,129.73000000,128.79000000,299846,648645638.86000001,0.73000000,-0.18000000,-0.23000000,0.51000000,广发证券
2025-12-23,000776,129.03000000,130.42000000,132.05000000,128.42000000,714685,1571307858.24000001,2.81000000,1.12000000,1.44000000,1.21000000,广发证券
2025-12-24,000776,130.28000000,131.31000000,131.45000000,130.00000000,425565,934317474.33000004,1.11000000,0.68000000,0.89000000,0.72000000,广发证券
2025-12-25,000776,130.98000000,130.84000000,131.78000000,130.75000000,349671,771704632.64999998,0.78000000,-0.36000000,-0.47000000,0.59000000,广发证券
2025-12-26,000776,130.84000000,131.78000000,133.45000000,130.61000000,633532,1410402495.75999999,2.17000000,0.72000000,0.94000000,1.07000000,广发证券
2025-12-29,000776,131.54000000,130.56000000,131.91000000,130.42000000,383837,845949768.94000006,1.13000000,-0.93000000,-1.22000000,0.65000000,广发证券
2025-12-30,000776,130.33000000,130.66000000,131.78000000,130.14000000,395812,869528410.60000002,1.26000000,0.08000000,0.10000000,0.67000000,广发证券
2025-12-31,000776,130.47000000,130.94000000,133.08000000,130.47000000,464152,1031235470.13999999,2.00000000,0.21000000,0.28000000,0.79000000,广发证券
2026-01-05,000776,131.22000000,134.90000000,135.78000000,131.22000000,975154,2211553871.44999981,3.48000000,3.02000000,3.96000000,1.65000000,广发证券
2026-01-06,000776,134.24000000,139.14000000,140.63000000,134.24000000,1121459,2642873615.21000004,4.74000000,3.14000000,4.24000000,1.90000000,广发证券
2026-01-07,000776,139.18000000,136.25000000,139.23000000,135.27000000,848717,1977274225.25000000,2.85000000,-2.08000000,-2.89000000,1.44000000,广发证券
2026-01-08,000776,134.94000000,132.05000000,134.94000000,131.36000000,1295057,2889256834.67999983,2.63000000,-3.08000000,-4.20000000,2.19000000,广发证券
2026-01-09,000776,131.91000000,132.29000000,132.89000000,131.31000000,747853,1664480464.79999995,1.20000000,0.18000000,0.24000000,1.27000000,广发证券
2026-01-12,000776,132.29000000,134.15000000,134.29000000,131.54000000,979913,2196495286.98999977,2.08000000,1.41000000,1.86000000,1.66000000,广发证券
2026-01-13,000776,134.34000000,134.85000000,137.74000000,133.78000000,970760,2237662574.88999987,2.95000000,0.52000000,0.70000000,1.64000000,广发证券
2026-01-14,000776,134.71000000,133.13000000,136.99000000,132.80000000,1060952,2428903631.15999985,3.11000000,-1.28000000,-1.72000000,1.80000000,广发证券
2026-01-15,000776,132.71000000,133.41000000,134.99000000,132.61000000,669078,1514257762.36999989,1.79000000,0.21000000,0.28000000,1.13000000,广发证券
2026-01-16,000776,133.87000000,133.45000000,134.94000000,132.47000000,557020,1254779593.15000010,1.85000000,0.03000000,0.04000000,0.94000000,广发证券
2026-01-19,000776,132.71000000,132.85000000,133.13000000,131.59000000,498568,1113690396.05999994,1.15000000,-0.45000000,-0.60000000,0.84000000,广发证券
2026-01-20,000776,132.61000000,134.43000000,135.13000000,132.47000000,588823,1336591876.00999999,2.00000000,1.19000000,1.58000000,1.00000000,广发证券
2026-01-21,000776,133.92000000,133.50000000,134.85000000,133.03000000,504191,1140173959.78999996,1.35000000,-0.69000000,-0.93000000,0.85000000,广发证券
2026-01-22,000776,133.45000000,133.59000000,135.04000000,133.13000000,445482,1009239866.71000004,1.43000000,0.07000000,0.09000000,0.75000000,广发证券
2026-01-23,000776,134.10000000,132.29000000,134.29000000,132.01000000,580612,1300289528.55999994,1.71000000,-0.97000000,-1.30000000,0.98000000,广发证券
2026-01-26,000776,131.87000000,134.15000000,135.27000000,131.73000000,901796,2048458734.04999995,2.68000000,1.41000000,1.86000000,1.53000000,广发证券
2026-01-27,000776,133.92000000,133.22000000,134.71000000,132.33000000,521677,1179480976.57999992,1.77000000,-0.69000000,-0.93000000,0.88000000,广发证券
2026-01-28,000776,133.17000000,133.50000000,135.13000000,133.03000000,670270,1521733608.91000009,1.58000000,0.21000000,0.28000000,1.14000000,广发证券
2026-01-29,000776,133.22000000,135.08000000,135.64000000,131.87000000,978413,2213199789.86999989,2.82000000,1.18000000,1.58000000,1.66000000,广发证券
2026-01-30,000776,134.66000000,133.13000000,135.97000000,132.66000000,665366,1507741583.14000010,2.45000000,-1.44000000,-1.95000000,1.13000000,广发证券
2026-02-02,000776,132.47000000,129.54000000,133.92000000,129.26000000,855141,1889174503.50000000,3.50000000,-2.70000000,-3.59000000,1.45000000,广发证券
2026-02-03,000776,129.91000000,128.19000000,130.19000000,126.65000000,741527,1581866866.93000007,2.73000000,-1.04000000,-1.35000000,1.26000000,广发证券
2026-02-04,000776,127.58000000,129.07000000,129.35000000,127.21000000,386302,830819290.62000000,1.67000000,0.69000000,0.88000000,0.65000000,广发证券
2026-02-05,000776,129.07000000,128.37000000,129.59000000,127.49000000,336966,723496227.99000001,1.63000000,-0.54000000,-0.70000000,0.57000000,广发证券
2026-02-06,000776,127.86000000,127.54000000,128.51000000,127.35000000,281521,601561921.20000005,0.90000000,-0.65000000,-0.83000000,0.48000000,广发证券
2026-02-09,000776,128.09000000,129.49000000,130.38000000,128.05000000,432863,937808150.48000002,1.83000000,1.53000000,1.95000000,0.73000000,广发证券
2026-02-10,000776,129.68000000,129.07000000,129.73000000,128.75000000,188230,407461876.30000001,0.76000000,-0.32000000,-0.42000000,0.32000000,广发证券
2026-02-11,000776,129.17000000,128.51000000,129.21000000,128.05000000,252795,543152100.26999998,0.90000000,-0.43000000,-0.56000000,0.43000000,广发证券
2026-02-12,000776,128.42000000,126.79000000,128.47000000,126.65000000,488927,1036830869.28999996,1.42000000,-1.34000000,-1.72000000,0.83000000,广发证券
2026-02-13,000776,127.07000000,126.79000000,127.68000000,126.65000000,318448,675326011.09000003,0.81000000,0.00000000,0.00000000,0.54000000,广发证券
2026-02-24,000776,126.70000000,126.14000000,127.26000000,125.86000000,353212,743269408.19000006,1.10000000,-0.51000000,-0.65000000,0.60000000,广发证券
2026-02-25,000776,126.18000000,125.76000000,127.26000000,125.63000000,543490,1143394874.66000009,1.29000000,-0.30000000,-0.38000000,0.92000000,广发证券
2026-02-26,000776,125.72000000,125.30000000,126.14000000,125.02000000,294128,613243201.88999999,0.89000000,-0.37000000,-0.46000000,0.50000000,广发证券
2026-02-27,000776,125.25000000,125.44000000,126.23000000,125.07000000,356003,743539459.28999996,0.93000000,0.11000000,0.14000000,0.60000000,广发证券
2026-03-02,000776,124.51000000,124.65000000,125.02000000,122.55000000,512867,1052650535.28999996,1.97000000,-0.63000000,-0.79000000,0.87000000,广发证券
2026-03-03,000776,124.65000000,123.99000000,126.23000000,123.39000000,536006,1111144934.91000009,2.28000000,-0.53000000,-0.66000000,0.91000000,广发证券
2026-03-04,000776,123.48000000,121.39000000,123.62000000,121.06000000,522930,1051393130.85000002,2.06000000,-2.10000000,-2.60000000,0.89000000,广发证券
2026-03-05,000776,122.46000000,121.15000000,122.60000000,120.92000000,348624,697076289.78999996,1.38000000,-0.20000000,-0.24000000,0.59000000,广发证券
2026-03-06,000776,120.59000000,121.85000000,122.41000000,120.45000000,270062,540449213.70000005,1.62000000,0.58000000,0.70000000,0.46000000,广发证券
2026-03-09,000776,120.59000000,118.68000000,120.59000000,118.03000000,549278,1067264757.75000000,2.10000000,-2.60000000,-3.17000000,0.93000000,广发证券
2026-03-10,000776,119.52000000,119.29000000,120.03000000,118.59000000,367021,715901325.44000006,1.21000000,0.51000000,0.61000000,0.62000000,广发证券
2026-03-11,000776,119.06000000,119.34000000,119.99000000,118.68000000,299483,585166509.09000003,1.10000000,0.04000000,0.05000000,0.51000000,广发证券
2026-03-12,000776,119.20000000,119.15000000,119.61000000,118.54000000,272629,531036580.69000000,0.90000000,-0.16000000,-0.19000000,0.46000000,广发证券
2026-03-13,000776,118.92000000,118.36000000,119.43000000,118.22000000,289737,562300283.23000002,1.02000000,-0.66000000,-0.79000000,0.49000000,广发证券
2026-03-16,000776,118.36000000,117.19000000,118.50000000,116.68000000,390596,744676892.91999996,1.54000000,-0.99000000,-1.17000000,0.66000000,广发证券
2026-03-17,000776,117.38000000,119.34000000,121.90000000,117.38000000,909683,1793115013.20000005,3.86000000,1.83000000,2.15000000,1.54000000,广发证券
2026-03-18,000776,119.29000000,119.06000000,119.38000000,118.08000000,390468,756292315.50000000,1.09000000,-0.23000000,-0.28000000,0.66000000,广发证券
2026-03-19,000776,118.22000000,117.38000000,118.40000000,117.01000000,365401,700461768.85000002,1.17000000,-1.41000000,-1.68000000,0.62000000,广发证券
2026-03-20,000776,117.80000000,117.15000000,118.40000000,117.15000000,330911,634560474.17999995,1.06000000,-0.20000000,-0.23000000,0.56000000,广发证券
2026-03-23,000776,115.47000000,113.42000000,115.75000000,112.72000000,561612,1034494141.11000001,2.59000000,-3.18000000,-3.73000000,0.95000000,广发证券
2026-03-24,000776,114.54000000,113.88000000,115.33000000,113.23000000,403232,741646683.55999994,1.85000000,0.41000000,0.46000000,0.68000000,广发证券
2026-03-25,000776,114.07000000,115.23000000,115.79000000,113.84000000,348904,648092730.58000004,1.71000000,1.19000000,1.35000000,0.59000000,广发证券
2026-03-26,000776,115.00000000,112.77000000,115.05000000,112.35000000,408747,745297264.76999998,2.34000000,-2.13000000,-2.46000000,0.69000000,广发证券
2026-03-27,000776,112.21000000,113.56000000,113.84000000,112.02000000,271846,495722949.87000000,1.61000000,0.70000000,0.79000000,0.46000000,广发证券
2026-03-30,000776,112.25000000,113.05000000,113.32000000,112.21000000,253510,459935619.62000000,0.98000000,-0.45000000,-0.51000000,0.43000000,广发证券
2026-03-31,000776,113.23000000,112.02000000,114.35000000,112.02000000,395443,719900160.66999996,2.06000000,-0.91000000,-1.03000000,0.67000000,广发证券
2026-04-01,000776,113.65000000,114.21000000,114.91000000,113.00000000,412208,758698271.12000000,1.71000000,1.96000000,2.19000000,0.70000000,广发证券
2026-04-02,000776,113.79000000,112.16000000,113.79000000,111.37000000,454844,820965572.42999995,2.12000000,-1.79000000,-2.05000000,0.77000000,广发证券
2026-04-03,000776,112.16000000,111.46000000,112.63000000,111.41000000,232662,417740015.86000001,1.09000000,-0.62000000,-0.70000000,0.39000000,广发证券
2026-04-07,000776,111.37000000,111.04000000,111.65000000,110.62000000,234795,416707576.19000000,0.92000000,-0.38000000,-0.42000000,0.40000000,广发证券
2026-04-08,000776,113.18000000,115.05000000,115.14000000,112.95000000,655628,1206348684.72000003,1.97000000,3.61000000,4.01000000,1.11000000,广发证券
2026-04-09,000776,114.07000000,112.86000000,114.21000000,112.67000000,389005,709742498.86000001,1.34000000,-1.90000000,-2.19000000,0.66000000,广发证券
2026-04-10,000776,115.84000000,116.26000000,118.54000000,115.42000000,895050,1703378791.79999995,2.76000000,3.01000000,3.40000000,1.52000000,广发证券
2026-04-13,000776,115.33000000,118.59000000,119.34000000,115.00000000,827024,1589476326.13000011,3.73000000,2.00000000,2.33000000,1.40000000,广发证券
2026-04-14,000776,119.20000000,119.80000000,121.01000000,118.68000000,914836,1796366609.83999991,1.96000000,1.02000000,1.21000000,1.55000000,广发证券
2026-04-15,000776,119.75000000,120.87000000,122.36000000,119.71000000,853765,1701315001.76999998,2.21000000,0.89000000,1.07000000,1.45000000,广发证券
2026-04-16,000776,120.83000000,120.97000000,122.13000000,120.45000000,543745,1082732824.99000001,1.39000000,0.08000000,0.10000000,0.92000000,广发证券
2026-04-17,000776,120.78000000,122.04000000,122.64000000,120.41000000,633320,1270379199.88000011,1.84000000,0.88000000,1.07000000,1.07000000,广发证券
2026-04-20,000776,121.90000000,122.13000000,122.60000000,121.06000000,480721,963359684.02999997,1.26000000,0.07000000,0.09000000,0.81000000,广发证券
2026-04-21,000776,121.66000000,120.97000000,121.76000000,120.97000000,347062,692187269.47000003,0.65000000,-0.95000000,-1.16000000,0.59000000,广发证券
2026-04-22,000776,120.97000000,123.34000000,124.51000000,120.78000000,663947,1351515116.63000011,3.08000000,1.96000000,2.37000000,1.12000000,广发证券
2026-04-23,000776,122.97000000,123.02000000,124.27000000,122.08000000,546758,1112362036.83999991,1.78000000,-0.26000000,-0.32000000,0.93000000,广发证券
2026-04-24,000776,122.22000000,120.87000000,122.83000000,119.71000000,576371,1140222931.88000011,2.54000000,-1.75000000,-2.15000000,0.98000000,广发证券
2026-04-27,000776,121.29000000,121.06000000,123.30000000,120.73000000,777049,1559072914.32999992,2.13000000,0.16000000,0.19000000,1.32000000,广发证券
2026-04-28,000776,126.23000000,126.65000000,128.33000000,123.90000000,1677400,3540159830.57999992,3.66000000,4.62000000,5.59000000,2.84000000,广发证券
2026-04-29,000776,126.60000000,127.49000000,127.81000000,125.63000000,907455,1920059774.57999992,1.72000000,0.66000000,0.84000000,1.54000000,广发证券
2026-04-30,000776,127.35000000,127.26000000,129.59000000,126.79000000,691752,1476758458.86999989,2.20000000,-0.18000000,-0.23000000,1.17000000,广发证券
2026-05-06,000776,126.74000000,127.02000000,128.47000000,126.56000000,824306,1748674176.66000009,1.50000000,-0.19000000,-0.24000000,1.40000000,广发证券
2026-05-07,000776,127.58000000,126.98000000,127.95000000,125.35000000,630771,1327298952.74000001,2.05000000,-0.03000000,-0.04000000,1.07000000,广发证券
2026-05-08,000776,126.37000000,126.00000000,126.98000000,125.49000000,453346,951131326.30999994,1.17000000,-0.77000000,-0.98000000,0.77000000,广发证券
2026-05-11,000776,123.44000000,126.32000000,126.93000000,121.99000000,1093994,2276024149.25000000,3.92000000,0.25000000,0.32000000,1.85000000,广发证券
2026-05-12,000776,126.00000000,126.32000000,127.07000000,125.49000000,543846,1143282842.88000011,1.25000000,0.00000000,0.00000000,0.92000000,广发证券
2026-05-13,000776,126.09000000,125.49000000,126.42000000,124.37000000,439636,913754988.89999998,1.62000000,-0.66000000,-0.83000000,0.74000000,广发证券
2026-05-14,000776,125.49000000,123.16000000,125.90000000,122.97000000,411711,849308597.42999995,2.33000000,-1.86000000,-2.33000000,0.70000000,广发证券
2026-05-15,000776,123.39000000,121.25000000,123.62000000,120.41000000,422708,846777066.80999994,2.61000000,-1.55000000,-1.91000000,0.72000000,广发证券
2026-05-18,000776,120.13000000,119.99000000,121.15000000,119.34000000,375990,740868080.84000003,1.49000000,-1.04000000,-1.26000000,0.64000000,广发证券
2026-05-19,000776,119.85000000,119.24000000,120.27000000,116.87000000,698645,1348692525.17000008,2.83000000,-0.63000000,-0.75000000,1.18000000,广发证券
2026-05-20,000776,119.47000000,118.87000000,119.80000000,117.84000000,315173,612748661.83000004,1.64000000,-0.31000000,-0.37000000,0.53000000,广发证券
2026-05-21,000776,119.66000000,118.36000000,122.92000000,118.36000000,847655,1687339022.19000006,3.84000000,-0.43000000,-0.51000000,1.44000000,广发证券
2026-05-22,000776,119.89000000,117.10000000,119.94000000,116.45000000,530072,1010905389.75999999,2.95000000,-1.06000000,-1.26000000,0.90000000,广发证券
2026-05-25,000776,117.56000000,116.87000000,117.94000000,116.03000000,417385,792713752.95000005,1.63000000,-0.20000000,-0.23000000,0.71000000,广发证券
2026-05-26,000776,116.21000000,117.56000000,119.80000000,115.98000000,789560,1516623532.65000010,3.27000000,0.59000000,0.69000000,1.34000000,广发证券
2026-05-27,000776,116.87000000,116.26000000,118.68000000,115.00000000,578685,1094503338.63000011,3.13000000,-1.11000000,-1.30000000,0.98000000,广发证券
2026-05-28,000776,116.31000000,114.77000000,116.54000000,113.98000000,468688,868127950.17999995,2.20000000,-1.28000000,-1.49000000,0.79000000,广发证券
2026-05-29,000776,114.96000000,116.35000000,118.08000000,114.72000000,875927,1656536331.56999993,2.93000000,1.38000000,1.58000000,1.48000000,广发证券
2026-06-01,000776,116.40000000,116.87000000,118.64000000,115.37000000,769428,1466517278.14000010,2.81000000,0.45000000,0.52000000,1.30000000,广发证券
2026-06-02,000776,116.54000000,116.82000000,117.75000000,115.28000000,687816,1300648398.47000003,2.11000000,-0.04000000,-0.05000000,1.16000000,广发证券
2026-06-03,000776,116.82000000,118.17000000,118.87000000,115.75000000,821458,1574117231.82999992,2.67000000,1.16000000,1.35000000,1.39000000,广发证券
2026-06-04,000776,117.84000000,117.56000000,119.38000000,116.54000000,564761,1080943236.19000006,2.40000000,-0.52000000,-0.61000000,0.96000000,广发证券
2026-06-05,000776,117.66000000,115.98000000,119.61000000,115.70000000,789893,1513307517.73000002,3.33000000,-1.34000000,-1.58000000,1.34000000,广发证券
2026-06-08,000776,114.54000000,115.23000000,117.10000000,114.54000000,682673,1278532868.34999990,2.21000000,-0.65000000,-0.75000000,1.16000000,广发证券
2026-06-09,000776,115.84000000,115.33000000,116.12000000,114.40000000,375698,699584003.42999995,1.49000000,0.09000000,0.10000000,0.64000000,广发证券
2026-06-10,000776,114.86000000,117.15000000,117.66000000,114.58000000,720209,1360223018.10999990,2.67000000,1.58000000,1.82000000,1.22000000,广发证券
2026-06-11,000776,116.87000000,117.56000000,119.47000000,115.98000000,692817,1330066849.75000000,2.98000000,0.35000000,0.41000000,1.17000000,广发证券
2026-06-12,000776,117.56000000,121.90000000,122.78000000,117.29000000,1253574,2488955284.63999987,4.67000000,3.69000000,4.34000000,2.12000000,广发证券
2026-06-15,000776,121.99000000,125.39000000,128.51000000,121.99000000,1365126,2860443123.00000000,5.35000000,2.86000000,3.49000000,2.31000000,广发证券
2026-06-16,000776,125.30000000,128.51000000,128.75000000,124.69000000,1159188,2469115354.78999996,3.24000000,2.49000000,3.12000000,1.96000000,广发证券
2026-06-17,000776,128.47000000,128.14000000,129.45000000,127.35000000,711954,1523558805.95000005,1.63000000,-0.29000000,-0.37000000,1.21000000,广发证券
2026-06-18,000776,127.63000000,124.51000000,128.93000000,124.32000000,1040995,2178439770.71000004,3.60000000,-2.83000000,-3.63000000,1.76000000,广发证券
2026-06-22,000776,125.07000000,134.10000000,134.10000000,124.13000000,1948458,4319620294.60999966,8.01000000,7.70000000,9.59000000,3.30000000,广发证券
2026-06-23,000776,137.83000000,136.99000000,140.72000000,136.20000000,2981827,7047474275.18999958,3.37000000,2.16000000,2.89000000,5.05000000,广发证券
2026-06-24,000776,136.29000000,133.92000000,138.62000000,132.80000000,1977817,4512532169.18999958,4.25000000,-2.24000000,-3.07000000,3.35000000,广发证券
2026-06-25,000776,133.41000000,136.15000000,138.39000000,132.01000000,1898342,4369694658.47000027,4.76000000,1.67000000,2.23000000,3.22000000,广发证券
2026-06-26,000776,135.60000000,132.47000000,137.93000000,131.87000000,1271465,2901437719.07999992,4.45000000,-2.70000000,-3.68000000,2.15000000,广发证券
2026-06-29,000776,132.99000000,136.71000000,139.51000000,132.99000000,1398661,3243467373.67000008,4.92000000,3.20000000,4.24000000,2.37000000,广发证券
2026-06-30,000776,136.15000000,137.37000000,140.16000000,136.15000000,1162439,2730253767.40000010,2.93000000,0.48000000,0.66000000,1.97000000,广发证券
2026-07-01,000776,137.27000000,144.17000000,146.82000000,135.74000000,1946514,4782356333.77999973,8.07000000,4.95000000,6.80000000,3.30000000,广发证券
2026-07-02,000776,142.91000000,139.14000000,144.36000000,138.72000000,1312368,3161054213.01999998,3.91000000,-3.49000000,-5.03000000,2.22000000,广发证券
2026-07-03,000776,139.79000000,138.86000000,140.91000000,136.90000000,933001,2205659384.42999983,2.88000000,-0.20000000,-0.28000000,1.58000000,广发证券
