trade_date,ts_code,open,close,high,low,volume,amount,amplitude_pct,pct_change,price_change,turnover_rate,stock_name
2015-01-05,600188,33.17000000,35.45000000,35.45000000,33.17000000,364983.36000000,,6.43159379,,,,兖矿能源
2015-01-06,600188,37.65000000,37.35000000,38.35000000,36.69000000,950755.61000000,,4.44444444,5.35966150,1.90000000,,兖矿能源
2015-01-07,600188,36.05000000,37.03000000,37.57000000,35.79000000,468833.71000000,,4.80691331,-0.85676037,-0.32000000,,兖矿能源
2015-01-08,600188,36.81000000,37.35000000,39.31000000,35.91000000,637915.37000000,,9.10307898,0.86416419,0.32000000,,兖矿能源
2015-01-09,600188,36.37000000,35.91000000,37.45000000,35.77000000,397560.84000000,,4.67836257,-3.85542169,-1.44000000,,兖矿能源
2015-01-12,600188,35.45000000,36.23000000,36.81000000,34.79000000,321582.00000000,,5.57548993,0.89111668,0.32000000,,兖矿能源
2015-01-13,600188,35.79000000,35.93000000,36.59000000,35.61000000,198798.83000000,,2.72752574,-0.82804306,-0.30000000,,兖矿能源
2015-01-14,600188,35.85000000,34.17000000,36.23000000,33.45000000,334627.05000000,,8.13579163,-4.89841358,-1.76000000,,兖矿能源
2015-01-15,600188,34.21000000,35.23000000,35.27000000,33.25000000,243010.74000000,,5.73374965,3.10213638,1.06000000,,兖矿能源
2015-01-16,600188,35.05000000,35.39000000,35.81000000,34.85000000,246118.98000000,,2.71263069,0.45415839,0.16000000,,兖矿能源
2015-01-19,600188,33.53000000,32.49000000,34.25000000,32.49000000,287449.46000000,,5.41705140,-8.19440520,-2.90000000,,兖矿能源
2015-01-20,600188,32.45000000,32.63000000,33.01000000,31.99000000,217310.90000000,,3.12595771,0.43090182,0.14000000,,兖矿能源
2015-01-21,600188,32.63000000,34.15000000,34.19000000,32.31000000,311760.37000000,,5.50512445,4.65828992,1.52000000,,兖矿能源
2015-01-22,600188,34.07000000,35.15000000,35.85000000,33.65000000,346425.21000000,,6.25889047,2.92825769,1.00000000,,兖矿能源
2015-01-23,600188,35.41000000,34.85000000,35.59000000,34.53000000,229222.33000000,,3.04160689,-0.85348506,-0.30000000,,兖矿能源
2015-01-26,600188,34.83000000,35.15000000,35.45000000,34.09000000,223255.18000000,,3.86913229,0.86083214,0.30000000,,兖矿能源
2015-01-27,600188,35.17000000,34.85000000,35.81000000,34.19000000,222718.21000000,,4.64849354,-0.85348506,-0.30000000,,兖矿能源
2015-01-28,600188,34.59000000,33.65000000,34.59000000,33.47000000,224755.62000000,,3.32838039,-3.44332855,-1.20000000,,兖矿能源
2015-01-29,600188,33.05000000,33.39000000,34.05000000,32.87000000,135636.36000000,,3.53399221,-0.77265973,-0.26000000,,兖矿能源
2015-01-30,600188,33.77000000,33.13000000,34.15000000,33.11000000,119795.44000000,,3.13914881,-0.77867625,-0.26000000,,兖矿能源
2015-02-02,600188,33.11000000,32.89000000,33.55000000,32.79000000,83183.82000000,,2.31073275,-0.72441896,-0.24000000,,兖矿能源
2015-02-03,600188,33.55000000,33.95000000,34.35000000,33.49000000,148664.90000000,,2.53313697,3.22286409,1.06000000,,兖矿能源
2015-02-04,600188,34.45000000,33.95000000,34.95000000,33.89000000,198888.23000000,,3.12223859,0.00000000,0.00000000,,兖矿能源
2015-02-05,600188,34.43000000,32.81000000,34.65000000,32.75000000,164532.37000000,,5.79091740,-3.35787923,-1.14000000,,兖矿能源
2015-02-06,600188,32.65000000,31.67000000,32.75000000,31.61000000,137101.86000000,,3.59962109,-3.47455044,-1.14000000,,兖矿能源
2015-02-09,600188,31.47000000,31.21000000,31.79000000,30.65000000,128308.50000000,,3.65267542,-1.45247869,-0.46000000,,兖矿能源
2015-02-10,600188,31.17000000,31.61000000,31.81000000,31.01000000,92080.40000000,,2.53084467,1.28164050,0.40000000,,兖矿能源
2015-02-11,600188,31.67000000,31.81000000,32.47000000,31.55000000,80677.55000000,,2.89217227,0.63271117,0.20000000,,兖矿能源
2015-02-12,600188,31.87000000,31.63000000,32.05000000,31.19000000,65184.92000000,,2.71893772,-0.56585979,-0.18000000,,兖矿能源
2015-02-13,600188,31.77000000,31.95000000,32.41000000,31.77000000,102618.49000000,,2.00312989,1.01169776,0.32000000,,兖矿能源
2015-02-16,600188,32.01000000,31.97000000,32.21000000,31.81000000,90267.68000000,,1.25117297,0.06259781,0.02000000,,兖矿能源
2015-02-17,600188,32.07000000,32.15000000,32.43000000,31.97000000,87156.57000000,,1.43079316,0.56302784,0.18000000,,兖矿能源
2015-02-25,600188,32.21000000,31.71000000,32.21000000,31.61000000,81583.42000000,,1.89214759,-1.36858476,-0.44000000,,兖矿能源
2015-02-26,600188,31.81000000,32.53000000,32.67000000,31.11000000,216263.03000000,,4.79557332,2.58593504,0.82000000,,兖矿能源
2015-02-27,600188,32.35000000,32.69000000,32.87000000,32.25000000,167034.89000000,,1.89660447,0.49185367,0.16000000,,兖矿能源
2015-03-02,600188,32.63000000,33.13000000,33.55000000,32.27000000,205990.84000000,,3.86356776,1.34597736,0.44000000,,兖矿能源
2015-03-03,600188,32.81000000,32.25000000,32.93000000,32.15000000,181863.66000000,,2.41860465,-2.65620284,-0.88000000,,兖矿能源
2015-03-04,600188,32.05000000,32.47000000,32.85000000,32.05000000,128324.11000000,,2.46381275,0.68217054,0.22000000,,兖矿能源
2015-03-05,600188,32.51000000,31.59000000,32.61000000,31.47000000,133140.22000000,,3.60873694,-2.71019403,-0.88000000,,兖矿能源
2015-03-06,600188,31.61000000,31.93000000,32.45000000,31.61000000,135146.21000000,,2.63075478,1.07628997,0.34000000,,兖矿能源
2015-03-09,600188,31.65000000,31.81000000,31.83000000,30.87000000,152500.79000000,,3.01791889,-0.37582211,-0.12000000,,兖矿能源
2015-03-10,600188,31.81000000,31.73000000,31.97000000,31.55000000,105318.06000000,,1.32366845,-0.25149324,-0.08000000,,兖矿能源
2015-03-11,600188,31.81000000,31.09000000,31.85000000,30.89000000,202607.75000000,,3.08780959,-2.01701859,-0.64000000,,兖矿能源
2015-03-12,600188,31.15000000,31.59000000,32.23000000,30.71000000,226203.24000000,,4.81164926,1.60823416,0.50000000,,兖矿能源
2015-03-13,600188,31.85000000,34.11000000,34.11000000,31.65000000,399437.05000000,,7.21196130,7.97720798,2.52000000,,兖矿能源
2015-03-16,600188,34.65000000,35.05000000,35.45000000,33.69000000,675086.89000000,,5.02139800,2.75579009,0.94000000,,兖矿能源
2015-03-17,600188,34.93000000,35.27000000,35.33000000,34.31000000,450752.37000000,,2.89197618,0.62767475,0.22000000,,兖矿能源
2015-03-18,600188,35.11000000,35.67000000,36.35000000,34.87000000,440110.88000000,,4.14914494,1.13410831,0.40000000,,兖矿能源
2015-03-19,600188,35.75000000,35.69000000,36.37000000,35.25000000,411262.19000000,,3.13813393,0.05606953,0.02000000,,兖矿能源
2015-03-20,600188,35.51000000,35.07000000,35.57000000,34.81000000,307960.49000000,,2.16709438,-1.73718128,-0.62000000,,兖矿能源
2015-03-23,600188,35.15000000,35.43000000,35.87000000,34.85000000,337557.71000000,,2.87891617,1.02651839,0.36000000,,兖矿能源
2015-03-24,600188,35.41000000,35.91000000,36.03000000,34.45000000,443004.56000000,,4.39988861,1.35478408,0.48000000,,兖矿能源
2015-03-25,600188,35.61000000,36.19000000,36.75000000,35.15000000,530649.41000000,,4.42111080,0.77972710,0.28000000,,兖矿能源
2015-03-26,600188,35.95000000,36.47000000,36.99000000,35.65000000,457680.56000000,,3.67425281,0.77369439,0.28000000,,兖矿能源
2015-03-27,600188,36.71000000,36.33000000,37.65000000,36.19000000,425170.16000000,,4.01871731,-0.38387716,-0.14000000,,兖矿能源
2015-03-30,600188,36.03000000,37.69000000,37.77000000,35.87000000,550499.08000000,,5.04112497,3.74346270,1.36000000,,兖矿能源
2015-03-31,600188,37.87000000,37.15000000,38.95000000,37.09000000,594025.01000000,,5.00672948,-1.43274078,-0.54000000,,兖矿能源
2015-04-01,600188,36.57000000,37.63000000,38.05000000,36.55000000,311060.73000000,,3.98618124,1.29205922,0.48000000,,兖矿能源
2015-04-02,600188,37.47000000,38.27000000,38.63000000,37.37000000,372371.99000000,,3.29239613,1.70077066,0.64000000,,兖矿能源
2015-04-03,600188,38.19000000,38.63000000,38.95000000,37.75000000,349168.00000000,,3.10639399,0.94068461,0.36000000,,兖矿能源
2015-04-07,600188,38.63000000,39.95000000,40.95000000,38.63000000,421016.40000000,,5.80725907,3.41703339,1.32000000,,兖矿能源
2015-04-08,600188,39.85000000,38.55000000,39.97000000,37.47000000,374197.55000000,,6.48508431,-3.50438048,-1.40000000,,兖矿能源
2015-04-09,600188,38.73000000,37.99000000,39.19000000,36.85000000,306139.93000000,,6.15951566,-1.45265888,-0.56000000,,兖矿能源
2015-04-10,600188,37.53000000,38.37000000,38.65000000,37.35000000,247142.96000000,,3.38806359,1.00026323,0.38000000,,兖矿能源
2015-04-13,600188,38.35000000,38.45000000,38.91000000,37.69000000,261442.30000000,,3.17295189,0.20849622,0.08000000,,兖矿能源
2015-04-14,600188,38.15000000,37.69000000,38.33000000,37.39000000,278776.74000000,,2.49403025,-1.97659298,-0.76000000,,兖矿能源
2015-04-15,600188,37.59000000,35.99000000,38.01000000,35.71000000,272890.61000000,,6.39066407,-4.51048023,-1.70000000,,兖矿能源
2015-04-16,600188,35.97000000,36.65000000,36.79000000,35.61000000,212070.46000000,,3.21964529,1.83384273,0.66000000,,兖矿能源
2015-04-17,600188,36.83000000,37.47000000,38.05000000,36.71000000,325594.80000000,,3.57619429,2.23738063,0.82000000,,兖矿能源
2015-04-20,600188,37.01000000,37.21000000,38.83000000,36.39000000,443545.21000000,,6.55737705,-0.69388844,-0.26000000,,兖矿能源
2015-04-21,600188,36.83000000,38.13000000,38.27000000,36.65000000,372160.60000000,,4.24862313,2.47245364,0.92000000,,兖矿能源
2015-04-22,600188,38.25000000,39.15000000,39.83000000,37.97000000,502398.72000000,,4.75095785,2.67505901,1.02000000,,兖矿能源
2015-04-23,600188,39.15000000,40.55000000,41.45000000,38.51000000,666864.23000000,,7.25030826,3.57598978,1.40000000,,兖矿能源
2015-04-24,600188,40.25000000,41.03000000,42.65000000,39.65000000,597395.94000000,,7.31172313,1.18372380,0.48000000,,兖矿能源
2015-04-27,600188,41.03000000,41.69000000,42.39000000,40.75000000,461656.71000000,,3.93379707,1.60857909,0.66000000,,兖矿能源
2015-04-28,600188,41.37000000,39.57000000,41.81000000,38.71000000,390749.44000000,,7.83421784,-5.08515231,-2.12000000,,兖矿能源
2015-04-29,600188,39.21000000,40.03000000,40.45000000,38.65000000,247169.32000000,,4.49662753,1.16249684,0.46000000,,兖矿能源
2015-04-30,600188,39.93000000,38.77000000,40.37000000,38.73000000,271811.72000000,,4.23007480,-3.14763927,-1.26000000,,兖矿能源
2015-05-04,600188,38.85000000,38.59000000,39.09000000,38.01000000,179393.30000000,,2.79865250,-0.46427650,-0.18000000,,兖矿能源
2015-05-05,600188,38.65000000,36.85000000,39.21000000,36.61000000,205273.75000000,,7.05563094,-4.50894014,-1.74000000,,兖矿能源
2015-05-06,600188,36.89000000,35.83000000,37.45000000,35.47000000,178264.46000000,,5.52609545,-2.76797829,-1.02000000,,兖矿能源
2015-05-07,600188,35.55000000,34.93000000,36.05000000,34.67000000,185406.96000000,,3.95075866,-2.51186157,-0.90000000,,兖矿能源
2015-05-08,600188,35.25000000,35.55000000,35.65000000,34.47000000,185212.87000000,,3.31926864,1.77497853,0.62000000,,兖矿能源
2015-05-11,600188,35.83000000,36.43000000,36.45000000,35.21000000,346640.73000000,,3.40378809,2.47538678,0.88000000,,兖矿能源
2015-05-12,600188,36.19000000,36.45000000,36.75000000,35.99000000,279541.01000000,,2.08504801,0.05489981,0.02000000,,兖矿能源
2015-05-13,600188,36.43000000,36.13000000,36.63000000,35.87000000,222319.29000000,,2.10351508,-0.87791495,-0.32000000,,兖矿能源
2015-05-14,600188,35.89000000,36.41000000,36.43000000,35.31000000,243316.85000000,,3.07607800,0.77497924,0.28000000,,兖矿能源
2015-05-15,600188,36.15000000,35.31000000,36.41000000,35.21000000,191961.72000000,,3.39847069,-3.02114804,-1.10000000,,兖矿能源
2015-05-18,600188,34.71000000,35.05000000,35.61000000,34.55000000,132411.01000000,,3.02425107,-0.73633532,-0.26000000,,兖矿能源
2015-05-19,600188,35.05000000,36.03000000,36.09000000,35.05000000,171496.52000000,,2.88648349,2.79600571,0.98000000,,兖矿能源
2015-05-20,600188,36.03000000,35.89000000,36.63000000,35.85000000,238296.10000000,,2.17330733,-0.38856508,-0.14000000,,兖矿能源
2015-05-21,600188,35.89000000,36.71000000,36.79000000,35.27000000,324076.09000000,,4.14056115,2.28475899,0.82000000,,兖矿能源
2015-05-22,600188,36.79000000,37.55000000,37.63000000,36.21000000,403392.99000000,,3.78162450,2.28820485,0.84000000,,兖矿能源
2015-05-25,600188,37.47000000,38.33000000,38.35000000,37.15000000,364116.41000000,,3.13070702,2.07723036,0.78000000,,兖矿能源
2015-05-26,600188,38.43000000,38.55000000,38.59000000,37.67000000,468336.34000000,,2.38651102,0.57396295,0.22000000,,兖矿能源
2015-05-27,600188,38.25000000,39.67000000,40.05000000,37.81000000,650500.02000000,,5.64658432,2.90531777,1.12000000,,兖矿能源
2015-05-28,600188,39.15000000,36.35000000,39.45000000,36.35000000,519060.58000000,,8.52819807,-8.36904462,-3.32000000,,兖矿能源
2015-05-29,600188,36.05000000,35.39000000,36.55000000,34.45000000,326103.71000000,,5.93387963,-2.64099037,-0.96000000,,兖矿能源
2015-06-01,600188,35.61000000,38.29000000,38.29000000,35.05000000,472556.65000000,,8.46173936,8.19440520,2.90000000,,兖矿能源
2015-06-02,600188,38.61000000,38.31000000,38.99000000,37.45000000,486683.27000000,,4.01983816,0.05223296,0.02000000,,兖矿能源
2015-06-03,600188,38.31000000,37.49000000,38.35000000,37.05000000,349693.24000000,,3.46759136,-2.14043331,-0.82000000,,兖矿能源
2015-06-04,600188,37.49000000,40.25000000,40.33000000,35.13000000,670008.59000000,,12.91925466,7.36196319,2.76000000,,兖矿能源
2015-06-05,600188,40.69000000,41.31000000,41.77000000,39.69000000,891361.75000000,,5.03510046,2.63354037,1.06000000,,兖矿能源
2015-06-08,600188,41.03000000,41.89000000,42.41000000,40.21000000,595067.46000000,,5.25185008,1.40401840,0.58000000,,兖矿能源
2015-06-09,600188,42.05000000,43.07000000,44.45000000,40.59000000,659218.53000000,,8.96215463,2.81690141,1.18000000,,兖矿能源
2015-06-10,600188,41.65000000,41.77000000,43.17000000,41.05000000,420652.29000000,,5.07541298,-3.01834223,-1.30000000,,兖矿能源
2015-06-11,600188,41.45000000,41.07000000,41.71000000,40.45000000,335367.45000000,,3.06793280,-1.67584391,-0.70000000,,兖矿能源
2015-06-12,600188,41.19000000,41.65000000,42.47000000,41.15000000,397305.81000000,,3.16926771,1.41222303,0.58000000,,兖矿能源
2015-06-15,600188,41.91000000,42.19000000,42.99000000,40.95000000,418131.58000000,,4.83526902,1.29651861,0.54000000,,兖矿能源
2015-06-16,600188,42.03000000,42.77000000,44.05000000,41.47000000,562377.22000000,,6.03226561,1.37473335,0.58000000,,兖矿能源
2015-06-17,600188,42.81000000,44.55000000,44.61000000,41.37000000,659344.92000000,,7.27272727,4.16179565,1.78000000,,兖矿能源
2015-06-18,600188,44.69000000,41.43000000,45.37000000,41.09000000,507896.30000000,,10.33067825,-7.00336700,-3.12000000,,兖矿能源
2015-06-19,600188,41.45000000,37.93000000,41.79000000,37.93000000,327808.46000000,,10.17664118,-8.44798455,-3.50000000,,兖矿能源
2015-06-23,600188,37.19000000,38.47000000,38.49000000,34.95000000,290650.92000000,,9.20197557,1.42367519,0.54000000,,兖矿能源
2015-06-24,600188,38.75000000,39.77000000,40.01000000,37.89000000,376604.45000000,,5.33065124,3.37925656,1.30000000,,兖矿能源
2015-06-25,600188,39.69000000,37.15000000,39.83000000,36.65000000,322974.84000000,,8.55989233,-6.58788031,-2.62000000,,兖矿能源
2015-06-26,600188,36.09000000,34.09000000,36.93000000,34.09000000,300052.34000000,,8.33088882,-8.23687752,-3.06000000,,兖矿能源
2015-06-29,600188,34.69000000,32.11000000,35.09000000,31.33000000,318558.40000000,,11.70974774,-5.80815488,-1.98000000,,兖矿能源
2015-06-30,600188,32.13000000,33.99000000,34.29000000,29.81000000,280738.76000000,,13.18034716,5.85487387,1.88000000,,兖矿能源
2015-07-01,600188,33.49000000,31.25000000,34.21000000,31.25000000,263622.65000000,,9.47200000,-8.06119447,-2.74000000,,兖矿能源
2015-07-02,600188,31.27000000,29.05000000,31.59000000,28.77000000,248946.44000000,,9.70740103,-7.04000000,-2.20000000,,兖矿能源
2015-07-03,600188,28.39000000,26.79000000,28.89000000,26.79000000,255780.60000000,,7.83874580,-7.77969019,-2.26000000,,兖矿能源
2015-07-06,600188,28.49000000,26.17000000,28.49000000,24.89000000,326213.90000000,,13.75620940,-2.31429638,-0.62000000,,兖矿能源
2015-07-07,600188,25.31000000,28.13000000,28.13000000,24.21000000,597510.88000000,,13.93530039,7.48949178,1.96000000,,兖矿能源
2015-07-08,600188,26.13000000,25.97000000,27.27000000,25.97000000,318301.85000000,,5.00577590,-7.67863491,-2.16000000,,兖矿能源
2015-07-09,600188,25.97000000,27.91000000,27.91000000,24.05000000,275409.51000000,,13.83016840,7.47015787,1.94000000,,兖矿能源
2015-07-10,600188,28.09000000,30.05000000,30.05000000,28.09000000,348094.76000000,,6.52246256,7.66750269,2.14000000,,兖矿能源
2015-07-13,600188,30.39000000,32.41000000,32.41000000,29.25000000,497355.24000000,,9.75007714,7.85357737,2.36000000,,兖矿能源
2015-07-14,600188,31.29000000,30.03000000,32.25000000,29.89000000,392217.38000000,,7.85880786,-7.34341253,-2.38000000,,兖矿能源
2015-07-15,600188,30.07000000,27.67000000,30.09000000,27.67000000,249942.18000000,,8.74593422,-7.85880786,-2.36000000,,兖矿能源
2015-07-16,600188,27.67000000,28.03000000,28.89000000,26.55000000,197448.22000000,,8.34819836,1.30104807,0.36000000,,兖矿能源
2015-07-17,600188,28.11000000,29.57000000,29.65000000,28.05000000,183525.56000000,,5.41088941,5.49411345,1.54000000,,兖矿能源
2015-07-20,600188,29.49000000,29.39000000,30.47000000,28.79000000,216536.51000000,,5.71623001,-0.60872506,-0.18000000,,兖矿能源
2015-07-21,600188,28.87000000,29.39000000,29.97000000,28.59000000,188370.64000000,,4.69547465,0.00000000,0.00000000,,兖矿能源
2015-07-22,600188,28.97000000,29.37000000,29.59000000,28.31000000,198291.79000000,,4.35818863,-0.06805036,-0.02000000,,兖矿能源
2015-07-23,600188,29.47000000,30.17000000,30.27000000,29.15000000,242126.10000000,,3.71229698,2.72386789,0.80000000,,兖矿能源
2015-07-24,600188,30.19000000,30.61000000,32.47000000,29.89000000,405151.72000000,,8.42861810,1.45840239,0.44000000,,兖矿能源
2015-07-27,600188,29.29000000,28.19000000,30.09000000,28.19000000,260128.54000000,,6.73997872,-7.90591310,-2.42000000,,兖矿能源
2015-07-28,600188,26.59000000,27.23000000,28.09000000,26.09000000,236301.71000000,,7.34484025,-3.40546293,-0.96000000,,兖矿能源
2015-07-29,600188,27.99000000,28.33000000,28.45000000,27.19000000,129592.45000000,,4.44758207,4.03966214,1.10000000,,兖矿能源
2015-07-30,600188,27.99000000,27.27000000,29.03000000,27.09000000,150577.66000000,,7.11404474,-3.74161666,-1.06000000,,兖矿能源
2015-07-31,600188,26.85000000,27.53000000,27.59000000,26.85000000,117914.07000000,,2.68797675,0.95342868,0.26000000,,兖矿能源
2015-08-03,600188,27.67000000,29.03000000,29.09000000,27.25000000,168060.15000000,,6.33827075,5.44860153,1.50000000,,兖矿能源
2015-08-04,600188,28.87000000,30.67000000,31.05000000,28.09000000,308789.86000000,,9.65112488,5.64932828,1.64000000,,兖矿能源
2015-08-05,600188,30.09000000,29.61000000,30.57000000,29.49000000,144723.82000000,,3.64741641,-3.45614607,-1.06000000,,兖矿能源
2015-08-06,600188,29.49000000,31.07000000,31.93000000,28.95000000,277169.56000000,,9.59124557,4.93076663,1.46000000,,兖矿能源
2015-08-07,600188,30.89000000,31.85000000,32.65000000,30.57000000,325901.70000000,,6.53061224,2.51046025,0.78000000,,兖矿能源
2015-08-10,600188,31.77000000,32.57000000,32.89000000,31.49000000,254302.78000000,,4.29843414,2.26059655,0.72000000,,兖矿能源
2015-08-11,600188,32.59000000,31.75000000,32.87000000,31.65000000,209215.04000000,,3.84251969,-2.51765428,-0.82000000,,兖矿能源
2015-08-12,600188,31.09000000,32.15000000,32.79000000,30.99000000,197478.97000000,,5.59875583,1.25984252,0.40000000,,兖矿能源
2015-08-13,600188,31.69000000,32.31000000,32.57000000,31.09000000,159442.01000000,,4.58062519,0.49766719,0.16000000,,兖矿能源
2015-08-14,600188,32.37000000,31.83000000,33.01000000,31.41000000,187880.16000000,,5.02670437,-1.48560817,-0.48000000,,兖矿能源
2015-08-17,600188,31.49000000,31.97000000,32.03000000,31.21000000,144015.03000000,,2.56490460,0.43983663,0.14000000,,兖矿能源
2015-08-18,600188,32.09000000,29.91000000,32.67000000,29.69000000,245703.99000000,,9.96322300,-6.44354082,-2.06000000,,兖矿能源
2015-08-19,600188,28.67000000,30.13000000,30.41000000,28.45000000,129741.48000000,,6.50514437,0.73553995,0.22000000,,兖矿能源
2015-08-20,600188,29.85000000,29.33000000,30.39000000,29.23000000,99289.82000000,,3.95499489,-2.65516097,-0.80000000,,兖矿能源
2015-08-21,600188,29.19000000,27.53000000,29.73000000,27.49000000,107025.22000000,,8.13657828,-6.13706103,-1.80000000,,兖矿能源
2015-08-24,600188,26.51000000,25.43000000,27.43000000,25.43000000,80728.29000000,,7.86472670,-7.62804214,-2.10000000,,兖矿能源
2015-08-25,600188,23.63000000,23.53000000,24.69000000,23.53000000,80202.00000000,,4.92987675,-7.47149037,-1.90000000,,兖矿能源
2015-08-26,600188,23.29000000,21.85000000,24.13000000,21.83000000,216165.93000000,,10.52631579,-7.13982150,-1.68000000,,兖矿能源
2015-08-27,600188,22.29000000,22.55000000,22.67000000,21.25000000,114191.95000000,,6.29711752,3.20366133,0.70000000,,兖矿能源
2015-08-28,600188,22.77000000,23.81000000,23.83000000,22.77000000,142533.36000000,,4.45191096,5.58758315,1.26000000,,兖矿能源
2015-08-31,600188,23.61000000,23.89000000,23.95000000,22.49000000,184173.56000000,,6.11134366,0.33599328,0.08000000,,兖矿能源
2015-09-01,600188,23.49000000,24.73000000,24.93000000,22.35000000,257505.16000000,,10.43267287,3.51611553,0.84000000,,兖矿能源
2015-09-02,600188,23.63000000,26.55000000,26.55000000,23.41000000,350067.90000000,,11.82674200,7.35948241,1.82000000,,兖矿能源
2015-09-07,600188,26.37000000,25.39000000,27.29000000,25.29000000,119452.31000000,,7.87711698,-4.36911488,-1.16000000,,兖矿能源
2015-09-08,600188,25.03000000,25.81000000,26.15000000,24.59000000,70104.26000000,,6.04416893,1.65419456,0.42000000,,兖矿能源
2015-09-09,600188,25.93000000,26.31000000,26.43000000,25.81000000,86005.69000000,,2.35651843,1.93723363,0.50000000,,兖矿能源
2015-09-10,600188,25.81000000,25.87000000,26.79000000,25.79000000,69195.50000000,,3.86548125,-1.67236792,-0.44000000,,兖矿能源
2015-09-11,600188,25.69000000,25.73000000,26.07000000,25.29000000,57723.58000000,,3.03148076,-0.54116738,-0.14000000,,兖矿能源
2015-09-14,600188,25.85000000,23.85000000,26.27000000,23.81000000,95051.43000000,,10.31446541,-7.30664594,-1.88000000,,兖矿能源
2015-09-15,600188,23.25000000,22.81000000,24.13000000,22.73000000,61804.56000000,,6.13765892,-4.36058700,-1.04000000,,兖矿能源
2015-09-16,600188,23.05000000,24.45000000,24.45000000,22.85000000,62073.61000000,,6.54396728,7.18982902,1.64000000,,兖矿能源
2015-09-17,600188,24.29000000,23.87000000,25.01000000,23.83000000,73093.96000000,,4.94344365,-2.37218814,-0.58000000,,兖矿能源
2015-09-18,600188,23.77000000,24.35000000,24.79000000,23.77000000,55637.06000000,,4.18891170,2.01089233,0.48000000,,兖矿能源
2015-09-21,600188,24.29000000,25.03000000,25.21000000,23.91000000,59463.45000000,,5.19376748,2.79260780,0.68000000,,兖矿能源
2015-09-22,600188,25.09000000,25.27000000,25.79000000,24.89000000,77497.88000000,,3.56153542,0.95884938,0.24000000,,兖矿能源
2015-09-23,600188,24.79000000,24.51000000,25.13000000,24.25000000,60935.68000000,,3.59037128,-3.00751880,-0.76000000,,兖矿能源
2015-09-24,600188,24.57000000,24.91000000,25.19000000,24.53000000,44300.28000000,,2.64953834,1.63198694,0.40000000,,兖矿能源
2015-09-25,600188,24.77000000,24.25000000,24.91000000,23.85000000,51807.42000000,,4.37113402,-2.64953834,-0.66000000,,兖矿能源
2015-09-28,600188,24.27000000,24.23000000,24.49000000,23.69000000,34780.19000000,,3.30169212,-0.08247423,-0.02000000,,兖矿能源
2015-09-29,600188,23.83000000,23.25000000,23.83000000,23.13000000,60267.95000000,,3.01075269,-4.04457284,-0.98000000,,兖矿能源
2015-09-30,600188,23.25000000,23.29000000,23.49000000,23.23000000,30754.18000000,,1.11635895,0.17204301,0.04000000,,兖矿能源
2015-10-08,600188,24.03000000,23.85000000,24.25000000,23.69000000,56891.33000000,,2.34800839,2.40446544,0.56000000,,兖矿能源
2015-10-09,600188,23.91000000,25.59000000,25.59000000,23.69000000,152797.37000000,,7.42477530,7.29559748,1.74000000,,兖矿能源
2015-10-12,600188,25.55000000,26.07000000,26.41000000,25.13000000,195454.58000000,,4.90985807,1.87573271,0.48000000,,兖矿能源
2015-10-13,600188,25.51000000,25.89000000,26.03000000,25.41000000,108490.90000000,,2.39474701,-0.69044879,-0.18000000,,兖矿能源
2015-10-14,600188,25.79000000,26.09000000,26.69000000,25.65000000,178690.65000000,,3.98620161,0.77249903,0.20000000,,兖矿能源
2015-10-15,600188,26.01000000,26.49000000,26.51000000,25.85000000,125402.43000000,,2.49150623,1.53315447,0.40000000,,兖矿能源
2015-10-16,600188,26.59000000,26.73000000,26.89000000,26.13000000,152677.10000000,,2.84324729,0.90600227,0.24000000,,兖矿能源
2015-10-19,600188,26.65000000,26.17000000,26.77000000,25.99000000,107610.79000000,,2.98051204,-2.09502432,-0.56000000,,兖矿能源
2015-10-20,600188,26.29000000,26.59000000,26.65000000,26.11000000,91554.33000000,,2.03083866,1.60489110,0.42000000,,兖矿能源
2015-10-21,600188,26.53000000,24.85000000,26.59000000,24.69000000,99989.12000000,,7.64587525,-6.54381346,-1.74000000,,兖矿能源
2015-10-22,600188,25.07000000,25.59000000,25.77000000,24.65000000,89204.94000000,,4.37670965,2.97786720,0.74000000,,兖矿能源
2015-10-23,600188,25.09000000,25.91000000,26.13000000,25.09000000,87014.90000000,,4.01389425,1.25048847,0.32000000,,兖矿能源
2015-10-26,600188,26.27000000,26.19000000,26.45000000,25.91000000,86329.89000000,,2.06185567,1.08066384,0.28000000,,兖矿能源
2015-10-27,600188,26.03000000,25.79000000,26.17000000,25.09000000,98191.66000000,,4.18766964,-1.52730050,-0.40000000,,兖矿能源
2015-10-28,600188,25.79000000,25.67000000,26.15000000,25.49000000,110286.53000000,,2.57109466,-0.46529663,-0.12000000,,兖矿能源
2015-10-29,600188,25.79000000,25.63000000,25.89000000,25.53000000,68472.43000000,,1.40460398,-0.15582392,-0.04000000,,兖矿能源
2015-10-30,600188,25.45000000,24.89000000,25.45000000,24.53000000,124981.68000000,,3.69626356,-2.88724151,-0.74000000,,兖矿能源
2015-11-02,600188,24.59000000,24.43000000,24.87000000,24.39000000,62376.19000000,,1.96479738,-1.84813178,-0.46000000,,兖矿能源
2015-11-03,600188,24.45000000,24.53000000,24.69000000,24.41000000,63020.68000000,,1.14145944,0.40933279,0.10000000,,兖矿能源
2015-11-04,600188,24.55000000,25.43000000,25.45000000,24.55000000,130596.82000000,,3.53912702,3.66897676,0.90000000,,兖矿能源
2015-11-05,600188,25.31000000,26.01000000,26.95000000,25.29000000,247103.85000000,,6.38216071,2.28077074,0.58000000,,兖矿能源
2015-11-06,600188,26.07000000,26.53000000,26.59000000,25.83000000,157937.43000000,,2.86468149,1.99923106,0.52000000,,兖矿能源
2015-11-09,600188,26.23000000,27.45000000,28.19000000,26.15000000,251465.17000000,,7.43169399,3.46777233,0.92000000,,兖矿能源
2015-11-10,600188,27.33000000,27.89000000,28.13000000,26.85000000,207723.23000000,,4.58945859,1.60291439,0.44000000,,兖矿能源
2015-11-11,600188,27.83000000,27.53000000,28.15000000,27.39000000,139198.50000000,,2.76062477,-1.29078523,-0.36000000,,兖矿能源
2015-11-12,600188,27.49000000,27.43000000,28.07000000,27.31000000,105893.30000000,,2.77068903,-0.36324010,-0.10000000,,兖矿能源
2015-11-13,600188,27.07000000,26.73000000,27.37000000,26.51000000,82947.17000000,,3.21735877,-2.55195042,-0.70000000,,兖矿能源
2015-11-16,600188,26.49000000,26.99000000,27.01000000,26.09000000,88716.90000000,,3.40866988,0.97268986,0.26000000,,兖矿能源
2015-11-17,600188,27.03000000,26.85000000,27.99000000,26.75000000,140600.67000000,,4.61824953,-0.51871063,-0.14000000,,兖矿能源
2015-11-18,600188,26.77000000,26.65000000,27.15000000,26.57000000,70359.01000000,,2.17636023,-0.74487896,-0.20000000,,兖矿能源
2015-11-19,600188,26.49000000,26.89000000,26.91000000,26.47000000,61633.88000000,,1.63629602,0.90056285,0.24000000,,兖矿能源
2015-11-20,600188,26.89000000,26.99000000,27.07000000,26.75000000,69981.00000000,,1.18562431,0.37188546,0.10000000,,兖矿能源
2015-11-23,600188,26.99000000,26.65000000,27.41000000,26.63000000,75393.53000000,,2.92682927,-1.25972582,-0.34000000,,兖矿能源
2015-11-24,600188,26.57000000,26.39000000,26.69000000,26.09000000,75796.34000000,,2.27358848,-0.97560976,-0.26000000,,兖矿能源
2015-11-25,600188,26.37000000,26.63000000,26.69000000,26.31000000,57022.69000000,,1.42696207,0.90943539,0.24000000,,兖矿能源
2015-11-26,600188,26.69000000,27.23000000,27.51000000,26.69000000,138608.34000000,,3.01138450,2.25309801,0.60000000,,兖矿能源
2015-11-27,600188,27.13000000,25.29000000,27.49000000,25.19000000,118007.94000000,,9.09450376,-7.12449504,-1.94000000,,兖矿能源
2015-11-30,600188,25.13000000,25.19000000,25.49000000,24.49000000,68036.41000000,,3.96982930,-0.39541321,-0.10000000,,兖矿能源
2015-12-01,600188,25.19000000,25.41000000,25.47000000,24.91000000,52907.15000000,,2.20385675,0.87336245,0.22000000,,兖矿能源
2015-12-02,600188,25.29000000,26.03000000,26.11000000,25.09000000,71842.15000000,,3.91855551,2.43998426,0.62000000,,兖矿能源
2015-12-03,600188,25.97000000,26.43000000,27.09000000,25.49000000,97989.08000000,,6.05372683,1.53668844,0.40000000,,兖矿能源
2015-12-04,600188,26.29000000,25.99000000,26.61000000,25.63000000,69386.54000000,,3.77068103,-1.66477488,-0.44000000,,兖矿能源
2015-12-07,600188,25.95000000,25.65000000,26.07000000,25.51000000,83410.62000000,,2.18323587,-1.30819546,-0.34000000,,兖矿能源
2015-12-08,600188,25.57000000,24.99000000,25.57000000,24.97000000,56655.82000000,,2.40096038,-2.57309942,-0.66000000,,兖矿能源
2015-12-09,600188,24.89000000,25.11000000,25.19000000,24.83000000,46005.10000000,,1.43369176,0.48019208,0.12000000,,兖矿能源
2015-12-10,600188,24.91000000,25.01000000,25.33000000,24.91000000,61872.23000000,,1.67932827,-0.39824771,-0.10000000,,兖矿能源
2015-12-11,600188,24.89000000,25.01000000,25.27000000,24.55000000,50814.22000000,,2.87884846,0.00000000,0.00000000,,兖矿能源
2015-12-14,600188,24.77000000,25.65000000,26.27000000,24.75000000,141150.28000000,,5.92592593,2.55897641,0.64000000,,兖矿能源
2015-12-15,600188,25.49000000,25.23000000,25.61000000,25.11000000,79845.09000000,,1.98176774,-1.63742690,-0.42000000,,兖矿能源
2015-12-16,600188,25.21000000,25.41000000,25.69000000,25.21000000,74854.39000000,,1.88902007,0.71343639,0.18000000,,兖矿能源
2015-12-17,600188,25.49000000,25.95000000,26.23000000,25.49000000,99828.29000000,,2.85163776,2.12514758,0.54000000,,兖矿能源
2015-12-18,600188,25.79000000,25.91000000,25.99000000,25.57000000,76442.04000000,,1.62099575,-0.15414258,-0.04000000,,兖矿能源
2015-12-21,600188,25.85000000,26.99000000,27.29000000,25.73000000,203771.90000000,,5.77991849,4.16827480,1.08000000,,兖矿能源
2015-12-22,600188,26.95000000,26.63000000,27.19000000,26.43000000,139498.67000000,,2.85392415,-1.33382734,-0.36000000,,兖矿能源
2015-12-23,600188,26.65000000,26.35000000,26.81000000,26.25000000,103223.22000000,,2.12523719,-1.05144574,-0.28000000,,兖矿能源
2015-12-24,600188,26.45000000,26.15000000,26.69000000,25.95000000,80663.68000000,,2.82982792,-0.75901328,-0.20000000,,兖矿能源
2015-12-25,600188,26.15000000,26.47000000,26.51000000,26.01000000,62123.22000000,,1.88893087,1.22370937,0.32000000,,兖矿能源
2015-12-28,600188,26.45000000,25.55000000,26.49000000,25.51000000,93576.85000000,,3.83561644,-3.47563279,-0.92000000,,兖矿能源
2015-12-29,600188,25.25000000,25.87000000,26.07000000,25.25000000,57635.97000000,,3.16969463,1.25244618,0.32000000,,兖矿能源
2015-12-30,600188,25.87000000,25.79000000,26.03000000,25.69000000,48898.33000000,,1.31834044,-0.30923850,-0.08000000,,兖矿能源
2015-12-31,600188,25.85000000,25.39000000,26.29000000,25.29000000,62488.18000000,,3.93855849,-1.55098876,-0.40000000,,兖矿能源
2016-01-04,600188,25.13000000,23.61000000,25.65000000,23.57000000,67224.70000000,,8.80982634,-7.01063411,-1.78000000,,兖矿能源
2016-01-05,600188,23.17000000,23.89000000,24.05000000,22.91000000,89734.01000000,,4.77187108,1.18593816,0.28000000,,兖矿能源
2016-01-06,600188,23.99000000,25.63000000,25.63000000,23.75000000,232716.59000000,,7.33515412,7.28338217,1.74000000,,兖矿能源
2016-01-07,600188,25.47000000,23.77000000,25.69000000,23.71000000,56669.65000000,,8.32982751,-7.25712056,-1.86000000,,兖矿能源
2016-01-08,600188,24.75000000,25.49000000,25.49000000,24.25000000,205739.88000000,,4.86465281,7.23601178,1.72000000,,兖矿能源
2016-01-11,600188,25.49000000,24.35000000,25.79000000,24.27000000,214537.01000000,,6.24229979,-4.47234209,-1.14000000,,兖矿能源
2016-01-12,600188,23.95000000,24.19000000,24.47000000,22.91000000,128882.37000000,,6.44894585,-0.65708419,-0.16000000,,兖矿能源
2016-01-13,600188,24.07000000,23.99000000,25.23000000,23.69000000,128818.48000000,,6.41934139,-0.82678793,-0.20000000,,兖矿能源
2016-01-14,600188,22.95000000,24.47000000,24.87000000,22.95000000,90749.85000000,,7.84634246,2.00083368,0.48000000,,兖矿能源
2016-01-15,600188,23.89000000,23.35000000,24.35000000,23.01000000,96071.15000000,,5.73875803,-4.57703310,-1.12000000,,兖矿能源
2016-01-18,600188,22.89000000,23.29000000,23.49000000,22.29000000,88752.62000000,,5.15242593,-0.25695931,-0.06000000,,兖矿能源
2016-01-19,600188,23.17000000,23.53000000,23.89000000,22.95000000,99957.70000000,,3.99490013,1.03048519,0.24000000,,兖矿能源
2016-01-20,600188,23.79000000,23.51000000,24.01000000,22.99000000,96918.29000000,,4.33857933,-0.08499788,-0.02000000,,兖矿能源
2016-01-21,600188,23.11000000,22.83000000,23.99000000,22.67000000,103058.92000000,,5.78186597,-2.89238622,-0.68000000,,兖矿能源
2016-01-22,600188,23.09000000,23.51000000,24.11000000,23.09000000,107410.28000000,,4.33857933,2.97853701,0.68000000,,兖矿能源
2016-01-25,600188,23.89000000,24.51000000,24.91000000,23.69000000,145035.55000000,,4.97756018,4.25350915,1.00000000,,兖矿能源
2016-01-26,600188,24.27000000,24.23000000,24.89000000,23.89000000,141385.75000000,,4.12711515,-1.14239086,-0.28000000,,兖矿能源
2016-01-27,600188,24.13000000,25.47000000,25.51000000,24.11000000,184778.17000000,,5.49666274,5.11762278,1.24000000,,兖矿能源
2016-01-28,600188,24.91000000,24.67000000,25.79000000,24.65000000,174509.76000000,,4.62099716,-3.14095014,-0.80000000,,兖矿能源
2016-01-29,600188,24.49000000,24.85000000,25.23000000,23.05000000,118045.38000000,,8.77263581,0.72963113,0.18000000,,兖矿能源
2016-02-01,600188,24.53000000,23.61000000,24.53000000,23.13000000,84634.17000000,,5.92969081,-4.98993964,-1.24000000,,兖矿能源
2016-02-02,600188,23.33000000,23.67000000,23.85000000,23.11000000,100227.03000000,,3.12632024,0.25412961,0.06000000,,兖矿能源
2016-02-03,600188,23.31000000,23.13000000,23.35000000,22.75000000,73098.75000000,,2.59403372,-2.28136882,-0.54000000,,兖矿能源
2016-02-04,600188,23.35000000,23.33000000,23.43000000,22.91000000,124173.64000000,,2.22888984,0.86467791,0.20000000,,兖矿能源
2016-02-05,600188,23.21000000,22.93000000,23.39000000,22.89000000,58379.90000000,,2.18054950,-1.71453065,-0.40000000,,兖矿能源
2016-02-15,600188,22.49000000,22.85000000,23.01000000,22.29000000,56794.23000000,,3.15098468,-0.34888792,-0.08000000,,兖矿能源
2016-02-16,600188,22.85000000,23.33000000,23.53000000,22.85000000,75684.63000000,,2.91470210,2.10065646,0.48000000,,兖矿能源
2016-02-17,600188,23.31000000,23.53000000,23.67000000,23.19000000,68134.13000000,,2.03994900,0.85726532,0.20000000,,兖矿能源
2016-02-18,600188,23.85000000,23.87000000,24.75000000,23.65000000,113242.93000000,,4.60829493,1.44496388,0.34000000,,兖矿能源
2016-02-19,600188,23.73000000,23.65000000,23.89000000,23.47000000,58076.36000000,,1.77589852,-0.92165899,-0.22000000,,兖矿能源
2016-02-22,600188,23.83000000,24.23000000,25.09000000,23.69000000,182087.52000000,,5.77796121,2.45243129,0.58000000,,兖矿能源
2016-02-23,600188,23.89000000,24.83000000,24.89000000,23.89000000,179153.49000000,,4.02738623,2.47626909,0.60000000,,兖矿能源
2016-02-24,600188,24.69000000,25.13000000,25.65000000,24.31000000,154769.45000000,,5.33227218,1.20821587,0.30000000,,兖矿能源
2016-02-25,600188,25.03000000,24.29000000,25.37000000,24.11000000,165153.53000000,,5.18731988,-3.34261838,-0.84000000,,兖矿能源
2016-02-26,600188,24.79000000,26.07000000,26.07000000,24.49000000,268764.86000000,,6.06060606,7.32811857,1.78000000,,兖矿能源
2016-02-29,600188,25.87000000,27.47000000,28.03000000,24.63000000,446132.85000000,,12.37713870,5.37015727,1.40000000,,兖矿能源
2016-03-02,600188,26.73000000,29.57000000,29.57000000,26.55000000,390093.36000000,,10.21305377,7.64470331,2.10000000,,兖矿能源
2016-03-03,600188,29.71000000,29.37000000,30.69000000,28.91000000,349071.18000000,,6.06060606,-0.67636118,-0.20000000,,兖矿能源
2016-03-04,600188,29.11000000,28.57000000,29.49000000,28.13000000,330088.23000000,,4.76023801,-2.72386789,-0.80000000,,兖矿能源
2016-03-07,600188,29.07000000,29.07000000,29.13000000,28.07000000,331387.61000000,,3.64637083,1.75008750,0.50000000,,兖矿能源
2016-03-08,600188,29.57000000,28.37000000,29.61000000,27.69000000,216233.08000000,,6.76771237,-2.40798074,-0.70000000,,兖矿能源
2016-03-09,600188,26.85000000,26.37000000,27.37000000,26.19000000,220347.68000000,,4.47478195,-7.04970039,-2.00000000,,兖矿能源
2016-03-10,600188,26.45000000,26.03000000,26.79000000,25.89000000,150829.30000000,,3.45754898,-1.28934395,-0.34000000,,兖矿能源
2016-03-11,600188,25.99000000,27.11000000,27.17000000,25.81000000,241814.93000000,,5.01659904,4.14905878,1.08000000,,兖矿能源
2016-03-14,600188,27.35000000,28.21000000,28.95000000,26.51000000,296362.39000000,,8.64941510,4.05754334,1.10000000,,兖矿能源
2016-03-15,600188,27.59000000,27.25000000,28.03000000,27.09000000,128667.63000000,,3.44954128,-3.40304856,-0.96000000,,兖矿能源
2016-03-16,600188,27.65000000,27.45000000,28.09000000,26.71000000,140870.48000000,,5.02732240,0.73394495,0.20000000,,兖矿能源
2016-03-17,600188,27.63000000,28.53000000,28.99000000,27.47000000,219476.36000000,,5.32772520,3.93442623,1.08000000,,兖矿能源
2016-03-18,600188,28.85000000,28.55000000,29.19000000,28.45000000,237840.33000000,,2.59194396,0.07010165,0.02000000,,兖矿能源
2016-03-21,600188,28.79000000,28.75000000,28.85000000,27.83000000,279999.35000000,,3.54782609,0.70052539,0.20000000,,兖矿能源
2016-03-22,600188,28.37000000,28.47000000,28.63000000,27.91000000,174842.86000000,,2.52897787,-0.97391304,-0.28000000,,兖矿能源
2016-03-23,600188,28.49000000,28.65000000,29.05000000,28.19000000,206842.06000000,,3.00174520,0.63224447,0.18000000,,兖矿能源
2016-03-24,600188,28.19000000,27.07000000,28.19000000,26.95000000,223184.58000000,,4.58071666,-5.51483421,-1.58000000,,兖矿能源
2016-03-25,600188,26.95000000,27.29000000,27.47000000,26.69000000,112733.28000000,,2.85818981,0.81270779,0.22000000,,兖矿能源
2016-03-28,600188,27.29000000,26.69000000,27.33000000,26.57000000,132051.10000000,,2.84750843,-2.19860755,-0.60000000,,兖矿能源
2016-03-29,600188,26.71000000,26.51000000,27.07000000,26.39000000,143331.99000000,,2.56506978,-0.67440989,-0.18000000,,兖矿能源
2016-03-30,600188,26.93000000,27.03000000,27.07000000,26.55000000,99918.73000000,,1.92378838,1.96152395,0.52000000,,兖矿能源
2016-03-31,600188,27.03000000,27.73000000,27.83000000,26.73000000,250712.47000000,,3.96682294,2.58971513,0.70000000,,兖矿能源
2016-04-01,600188,27.59000000,28.03000000,28.49000000,27.53000000,256937.69000000,,3.42490189,1.08186080,0.30000000,,兖矿能源
2016-04-05,600188,27.81000000,28.13000000,28.69000000,27.71000000,193391.90000000,,3.48382510,0.35676061,0.10000000,,兖矿能源
2016-04-06,600188,27.93000000,27.83000000,28.11000000,27.47000000,114393.34000000,,2.29967661,-1.06647707,-0.30000000,,兖矿能源
2016-04-07,600188,27.77000000,27.49000000,28.33000000,27.25000000,152216.59000000,,3.92870135,-1.22170320,-0.34000000,,兖矿能源
2016-04-08,600188,27.09000000,27.03000000,27.57000000,26.69000000,118771.48000000,,3.25564188,-1.67333576,-0.46000000,,兖矿能源
2016-04-11,600188,27.59000000,28.09000000,29.07000000,27.59000000,219644.24000000,,5.26877892,3.92156863,1.06000000,,兖矿能源
2016-04-12,600188,28.37000000,28.33000000,28.47000000,27.39000000,157894.06000000,,3.81221320,0.85439658,0.24000000,,兖矿能源
2016-04-13,600188,29.15000000,30.11000000,30.51000000,29.15000000,548883.40000000,,4.51677184,6.28309213,1.78000000,,兖矿能源
2016-04-14,600188,29.65000000,29.43000000,29.85000000,29.07000000,224157.17000000,,2.65035678,-2.25838592,-0.68000000,,兖矿能源
2016-04-15,600188,29.19000000,29.13000000,29.55000000,28.79000000,166990.86000000,,2.60899416,-1.01936799,-0.30000000,,兖矿能源
2016-04-18,600188,28.89000000,28.67000000,28.97000000,28.05000000,152104.27000000,,3.20892919,-1.57912805,-0.46000000,,兖矿能源
2016-04-19,600188,28.87000000,28.85000000,29.13000000,28.37000000,106297.10000000,,2.63431542,0.62783397,0.18000000,,兖矿能源
2016-04-20,600188,29.07000000,27.81000000,29.45000000,27.23000000,197658.20000000,,7.98274002,-3.60485269,-1.04000000,,兖矿能源
2016-04-21,600188,27.91000000,28.09000000,28.69000000,27.87000000,171667.51000000,,2.91918832,1.00683207,0.28000000,,兖矿能源
2016-04-22,600188,27.65000000,27.55000000,28.15000000,27.09000000,105621.13000000,,3.84754991,-1.92239231,-0.54000000,,兖矿能源
2016-04-25,600188,27.65000000,28.39000000,28.43000000,27.15000000,123075.81000000,,4.50862980,3.04900181,0.84000000,,兖矿能源
2016-04-26,600188,28.55000000,28.23000000,28.65000000,27.73000000,71444.33000000,,3.25894439,-0.56357872,-0.16000000,,兖矿能源
2016-04-27,600188,28.17000000,27.65000000,28.35000000,27.43000000,123111.18000000,,3.32730561,-2.05455190,-0.58000000,,兖矿能源
2016-04-28,600188,27.11000000,27.53000000,27.63000000,26.95000000,72769.82000000,,2.47003269,-0.43399638,-0.12000000,,兖矿能源
2016-04-29,600188,27.31000000,27.61000000,27.75000000,27.19000000,63645.71000000,,2.02825063,0.29059208,0.08000000,,兖矿能源
2016-05-03,600188,27.57000000,28.11000000,28.17000000,27.19000000,144950.28000000,,3.48630381,1.81093807,0.50000000,,兖矿能源
2016-05-04,600188,27.77000000,27.61000000,27.89000000,27.49000000,91678.09000000,,1.44875045,-1.77872643,-0.50000000,,兖矿能源
2016-05-05,600188,27.53000000,27.63000000,27.77000000,27.29000000,73624.91000000,,1.73724213,0.07243752,0.02000000,,兖矿能源
2016-05-06,600188,27.57000000,26.51000000,27.69000000,26.45000000,105930.78000000,,4.67748020,-4.05356497,-1.12000000,,兖矿能源
2016-05-09,600188,26.29000000,24.51000000,26.45000000,24.51000000,178708.45000000,,7.91513668,-7.54432290,-2.00000000,,兖矿能源
2016-05-10,600188,24.35000000,24.47000000,24.59000000,24.19000000,68796.71000000,,1.63465468,-0.16319869,-0.04000000,,兖矿能源
2016-05-11,600188,24.59000000,24.49000000,24.67000000,24.11000000,81433.60000000,,2.28664761,0.08173273,0.02000000,,兖矿能源
2016-05-12,600188,24.05000000,24.33000000,24.39000000,23.79000000,52398.34000000,,2.46609125,-0.65332789,-0.16000000,,兖矿能源
2016-05-13,600188,24.27000000,24.31000000,24.59000000,24.19000000,56176.84000000,,1.64541341,-0.08220304,-0.02000000,,兖矿能源
2016-05-16,600188,24.29000000,24.35000000,24.37000000,23.91000000,54797.51000000,,1.88911704,0.16454134,0.04000000,,兖矿能源
2016-05-17,600188,24.49000000,24.93000000,25.19000000,24.49000000,132138.24000000,,2.80786201,2.38193018,0.58000000,,兖矿能源
2016-05-18,600188,24.69000000,25.05000000,25.59000000,24.51000000,104747.49000000,,4.31137725,0.48134777,0.12000000,,兖矿能源
2016-05-19,600188,25.39000000,24.87000000,25.59000000,24.75000000,68697.47000000,,3.37756333,-0.71856287,-0.18000000,,兖矿能源
2016-05-20,600188,24.65000000,24.99000000,25.03000000,24.25000000,42753.06000000,,3.12124850,0.48250905,0.12000000,,兖矿能源
2016-05-23,600188,24.89000000,25.05000000,25.19000000,24.71000000,44343.79000000,,1.91616766,0.24009604,0.06000000,,兖矿能源
2016-05-24,600188,24.87000000,24.47000000,24.89000000,24.09000000,66372.60000000,,3.26930936,-2.31536926,-0.58000000,,兖矿能源
2016-05-25,600188,24.61000000,24.87000000,25.07000000,24.49000000,74488.85000000,,2.33212706,1.63465468,0.40000000,,兖矿能源
2016-05-26,600188,24.87000000,25.09000000,25.17000000,24.67000000,88046.29000000,,1.99282583,0.88459992,0.22000000,,兖矿能源
2016-05-27,600188,25.05000000,24.91000000,25.11000000,24.71000000,50009.77000000,,1.60578081,-0.71741730,-0.18000000,,兖矿能源
2016-05-30,600188,24.81000000,24.53000000,24.83000000,24.29000000,41710.63000000,,2.20138606,-1.52549177,-0.38000000,,兖矿能源
2016-05-31,600188,24.51000000,25.11000000,25.15000000,24.51000000,94722.19000000,,2.54878534,2.36445169,0.58000000,,兖矿能源
2016-06-01,600188,25.01000000,25.25000000,25.53000000,25.01000000,97545.61000000,,2.05940594,0.55754679,0.14000000,,兖矿能源
2016-06-02,600188,25.29000000,25.63000000,25.97000000,25.25000000,105822.44000000,,2.80920796,1.50495050,0.38000000,,兖矿能源
2016-06-03,600188,25.69000000,25.49000000,25.69000000,25.25000000,62537.48000000,,1.72616712,-0.54623488,-0.14000000,,兖矿能源
2016-06-06,600188,25.55000000,25.49000000,25.59000000,25.19000000,60797.45000000,,1.56924284,0.00000000,0.00000000,,兖矿能源
2016-06-07,600188,25.45000000,25.35000000,25.49000000,25.25000000,55889.88000000,,0.94674556,-0.54923499,-0.14000000,,兖矿能源
2016-06-08,600188,25.25000000,25.19000000,25.37000000,25.09000000,49774.66000000,,1.11155220,-0.63116371,-0.16000000,,兖矿能源
2016-06-13,600188,24.99000000,24.27000000,25.05000000,24.25000000,50768.84000000,,3.29625052,-3.65224295,-0.92000000,,兖矿能源
2016-06-14,600188,24.49000000,24.15000000,24.53000000,24.05000000,38966.35000000,,1.98757764,-0.49443758,-0.12000000,,兖矿能源
2016-06-15,600188,23.81000000,24.47000000,24.49000000,23.79000000,64795.30000000,,2.86064569,1.32505176,0.32000000,,兖矿能源
2016-06-16,600188,24.49000000,24.17000000,24.49000000,24.09000000,44813.78000000,,1.65494415,-1.22599101,-0.30000000,,兖矿能源
2016-06-17,600188,24.39000000,25.05000000,25.29000000,24.37000000,108547.02000000,,3.67265469,3.64087712,0.88000000,,兖矿能源
2016-06-20,600188,24.81000000,24.93000000,25.13000000,24.79000000,66253.22000000,,1.36381869,-0.47904192,-0.12000000,,兖矿能源
2016-06-21,600188,25.03000000,25.09000000,25.85000000,24.99000000,117359.94000000,,3.42766042,0.64179703,0.16000000,,兖矿能源
2016-06-22,600188,25.03000000,26.95000000,26.95000000,24.99000000,147274.93000000,,7.27272727,7.41331208,1.86000000,,兖矿能源
2016-06-23,600188,27.49000000,27.93000000,28.51000000,26.71000000,233386.36000000,,6.44468314,3.63636364,0.98000000,,兖矿能源
2016-06-24,600188,27.69000000,27.55000000,28.23000000,26.71000000,248158.21000000,,5.51724138,-1.36054422,-0.38000000,,兖矿能源
2016-06-27,600188,27.29000000,29.03000000,29.65000000,27.29000000,258288.55000000,,8.12952118,5.37205082,1.48000000,,兖矿能源
2016-06-28,600188,28.45000000,29.03000000,29.97000000,28.17000000,151153.67000000,,6.20048226,0.00000000,0.00000000,,兖矿能源
2016-06-29,600188,29.03000000,28.41000000,29.77000000,28.05000000,148497.48000000,,6.05420627,-2.13572167,-0.62000000,,兖矿能源
2016-06-30,600188,28.19000000,28.39000000,28.75000000,27.93000000,104037.05000000,,2.88834097,-0.07039775,-0.02000000,,兖矿能源
2016-07-01,600188,28.23000000,29.03000000,29.27000000,28.23000000,125399.08000000,,3.58250086,2.25431490,0.64000000,,兖矿能源
2016-07-04,600188,29.11000000,31.29000000,31.29000000,29.01000000,224597.53000000,,7.28667306,7.78504995,2.26000000,,兖矿能源
2016-07-05,600188,31.11000000,31.27000000,32.25000000,30.81000000,209428.24000000,,4.60505277,-0.06391818,-0.02000000,,兖矿能源
2016-07-06,600188,31.51000000,31.67000000,32.31000000,30.59000000,177941.88000000,,5.43100726,1.27918132,0.40000000,,兖矿能源
2016-07-07,600188,31.33000000,31.31000000,32.21000000,30.83000000,173532.39000000,,4.40753753,-1.13672245,-0.36000000,,兖矿能源
2016-07-08,600188,31.07000000,30.53000000,31.23000000,30.27000000,155485.60000000,,3.14444808,-2.49121686,-0.78000000,,兖矿能源
2016-07-11,600188,30.61000000,31.97000000,32.31000000,30.41000000,294176.34000000,,5.94307163,4.71667213,1.44000000,,兖矿能源
2016-07-12,600188,31.91000000,33.65000000,34.31000000,31.55000000,322820.38000000,,8.20208024,5.25492649,1.68000000,,兖矿能源
2016-07-13,600188,33.73000000,33.33000000,33.91000000,32.43000000,181414.52000000,,4.44044404,-0.95096582,-0.32000000,,兖矿能源
2016-07-14,600188,33.27000000,33.09000000,33.27000000,32.51000000,109905.34000000,,2.29676639,-0.72007201,-0.24000000,,兖矿能源
2016-07-15,600188,33.07000000,32.15000000,34.07000000,31.61000000,249766.14000000,,7.65163297,-2.84073738,-0.94000000,,兖矿能源
2016-07-18,600188,31.87000000,31.33000000,31.91000000,30.93000000,226242.82000000,,3.12799234,-2.55054432,-0.82000000,,兖矿能源
2016-07-19,600188,31.47000000,31.47000000,31.61000000,30.91000000,127587.06000000,,2.22434064,0.44685605,0.14000000,,兖矿能源
2016-07-20,600188,31.47000000,31.05000000,31.49000000,30.91000000,122143.14000000,,1.86795491,-1.33460439,-0.42000000,,兖矿能源
2016-07-21,600188,31.11000000,31.83000000,32.21000000,31.01000000,238006.86000000,,3.77002828,2.51207729,0.78000000,,兖矿能源
2016-07-22,600188,31.61000000,31.41000000,31.83000000,31.11000000,114962.17000000,,2.29226361,-1.31950990,-0.42000000,,兖矿能源
2016-07-25,600188,31.47000000,31.17000000,31.97000000,30.91000000,130606.30000000,,3.40070581,-0.76408787,-0.24000000,,兖矿能源
2016-07-26,600188,31.23000000,31.69000000,32.01000000,31.15000000,138356.98000000,,2.71378984,1.66827077,0.52000000,,兖矿能源
2016-07-27,600188,31.51000000,30.19000000,31.89000000,29.37000000,170098.60000000,,8.34713481,-4.73335437,-1.50000000,,兖矿能源
2016-07-28,600188,29.99000000,30.01000000,30.51000000,29.45000000,112234.34000000,,3.53215595,-0.59622392,-0.18000000,,兖矿能源
2016-07-29,600188,29.91000000,29.03000000,30.19000000,28.81000000,116500.27000000,,4.75370307,-3.26557814,-0.98000000,,兖矿能源
2016-08-01,600188,28.97000000,30.05000000,30.07000000,28.91000000,159428.23000000,,3.86023295,3.51360661,1.02000000,,兖矿能源
2016-08-02,600188,30.51000000,30.27000000,30.59000000,29.75000000,112266.47000000,,2.77502478,0.73211314,0.22000000,,兖矿能源
2016-08-03,600188,29.87000000,29.93000000,30.25000000,29.77000000,89406.04000000,,1.60374206,-1.12322431,-0.34000000,,兖矿能源
2016-08-04,600188,29.95000000,29.75000000,30.07000000,29.15000000,93357.15000000,,3.09243697,-0.60140327,-0.18000000,,兖矿能源
2016-08-05,600188,29.67000000,29.71000000,29.85000000,29.47000000,74942.16000000,,1.27903063,-0.13445378,-0.04000000,,兖矿能源
2016-08-08,600188,29.79000000,32.03000000,32.03000000,29.79000000,282687.42000000,,6.99344365,7.80881858,2.32000000,,兖矿能源
2016-08-09,600188,31.97000000,32.49000000,33.01000000,31.65000000,281624.32000000,,4.18590335,1.43615361,0.46000000,,兖矿能源
2016-08-10,600188,32.49000000,32.93000000,34.49000000,32.13000000,285884.01000000,,7.16671728,1.35426285,0.44000000,,兖矿能源
2016-08-11,600188,33.01000000,32.75000000,33.17000000,32.11000000,176846.87000000,,3.23664122,-0.54661403,-0.18000000,,兖矿能源
2016-08-12,600188,32.47000000,33.07000000,33.27000000,32.07000000,161814.58000000,,3.62866647,0.97709924,0.32000000,,兖矿能源
2016-08-15,600188,32.91000000,33.05000000,33.77000000,31.73000000,260905.69000000,,6.17246596,-0.06047777,-0.02000000,,兖矿能源
2016-08-16,600188,32.57000000,33.55000000,34.41000000,32.57000000,293022.77000000,,5.48435171,1.51285930,0.50000000,,兖矿能源
2016-08-17,600188,33.29000000,32.67000000,33.29000000,32.55000000,152703.31000000,,2.26507499,-2.62295082,-0.88000000,,兖矿能源
2016-08-18,600188,32.57000000,31.65000000,33.47000000,31.53000000,262776.03000000,,6.12954186,-3.12213039,-1.02000000,,兖矿能源
2016-08-19,600188,31.63000000,31.33000000,31.87000000,30.95000000,192237.77000000,,2.93648260,-1.01105845,-0.32000000,,兖矿能源
2016-08-22,600188,31.29000000,31.35000000,31.59000000,30.71000000,172773.46000000,,2.80701754,0.06383658,0.02000000,,兖矿能源
2016-08-23,600188,31.11000000,31.19000000,31.29000000,30.81000000,96310.89000000,,1.53895479,-0.51036683,-0.16000000,,兖矿能源
2016-08-24,600188,31.17000000,31.07000000,31.41000000,30.93000000,67768.69000000,,1.54489862,-0.38473870,-0.12000000,,兖矿能源
2016-08-25,600188,30.77000000,31.21000000,31.63000000,30.33000000,135442.74000000,,4.16533162,0.45059543,0.14000000,,兖矿能源
2016-08-26,600188,31.31000000,30.99000000,31.49000000,30.91000000,100676.72000000,,1.87157147,-0.70490227,-0.22000000,,兖矿能源
2016-08-29,600188,30.87000000,31.09000000,31.39000000,30.87000000,62878.00000000,,1.67256353,0.32268474,0.10000000,,兖矿能源
2016-08-30,600188,31.15000000,31.09000000,31.35000000,30.97000000,62425.15000000,,1.22225796,0.00000000,0.00000000,,兖矿能源
2016-08-31,600188,31.13000000,31.39000000,31.45000000,31.01000000,88772.24000000,,1.40172029,0.96494050,0.30000000,,兖矿能源
2016-09-01,600188,31.29000000,30.71000000,31.35000000,30.69000000,104119.10000000,,2.14913709,-2.16629500,-0.68000000,,兖矿能源
2016-09-02,600188,30.57000000,30.79000000,30.93000000,30.41000000,69627.56000000,,1.68886002,0.26050147,0.08000000,,兖矿能源
2016-09-05,600188,31.03000000,31.21000000,31.83000000,30.95000000,165546.96000000,,2.81960910,1.36407925,0.42000000,,兖矿能源
2016-09-06,600188,31.21000000,31.55000000,31.75000000,30.99000000,113259.55000000,,2.40887480,1.08939442,0.34000000,,兖矿能源
2016-09-07,600188,31.39000000,31.05000000,31.39000000,30.71000000,127985.16000000,,2.19001610,-1.58478605,-0.50000000,,兖矿能源
2016-09-08,600188,30.73000000,31.49000000,31.51000000,30.63000000,122519.80000000,,2.79453795,1.41706924,0.44000000,,兖矿能源
2016-09-09,600188,31.49000000,30.97000000,31.81000000,30.85000000,114322.02000000,,3.09977397,-1.65131788,-0.52000000,,兖矿能源
2016-09-12,600188,30.43000000,29.27000000,30.43000000,29.13000000,126988.09000000,,4.44140758,-5.48918308,-1.70000000,,兖矿能源
2016-09-13,600188,29.39000000,29.21000000,29.55000000,28.97000000,76280.23000000,,1.98562136,-0.20498804,-0.06000000,,兖矿能源
2016-09-14,600188,28.97000000,29.05000000,29.45000000,28.83000000,51431.67000000,,2.13425129,-0.54775762,-0.16000000,,兖矿能源
2016-09-19,600188,29.13000000,29.39000000,29.47000000,29.11000000,52377.68000000,,1.22490643,1.17039587,0.34000000,,兖矿能源
2016-09-20,600188,29.53000000,29.73000000,29.81000000,29.27000000,79973.47000000,,1.81634712,1.15685607,0.34000000,,兖矿能源
2016-09-21,600188,29.59000000,29.45000000,29.65000000,29.25000000,59981.44000000,,1.35823430,-0.94180962,-0.28000000,,兖矿能源
2016-09-22,600188,29.61000000,29.61000000,30.07000000,29.53000000,87568.01000000,,1.82370821,0.54329372,0.16000000,,兖矿能源
2016-09-23,600188,29.51000000,29.59000000,29.77000000,29.35000000,58717.79000000,,1.41939845,-0.06754475,-0.02000000,,兖矿能源
2016-09-26,600188,29.59000000,29.69000000,30.51000000,29.35000000,137181.47000000,,3.90703941,0.33795201,0.10000000,,兖矿能源
2016-09-27,600188,29.79000000,29.95000000,30.17000000,29.49000000,69653.71000000,,2.27045075,0.87571573,0.26000000,,兖矿能源
2016-09-28,600188,30.17000000,29.97000000,30.17000000,29.85000000,41943.68000000,,1.06773440,0.06677796,0.02000000,,兖矿能源
2016-09-29,600188,30.27000000,31.01000000,31.45000000,30.27000000,165216.13000000,,3.80522412,3.47013680,1.04000000,,兖矿能源
2016-09-30,600188,30.75000000,31.41000000,31.51000000,30.61000000,113532.63000000,,2.86532951,1.28990648,0.40000000,,兖矿能源
2016-10-10,600188,31.91000000,31.87000000,32.71000000,31.63000000,132048.83000000,,3.38876687,1.46450175,0.46000000,,兖矿能源
2016-10-11,600188,32.17000000,32.21000000,32.21000000,31.61000000,124494.69000000,,1.86277554,1.06683401,0.34000000,,兖矿能源
2016-10-12,600188,31.97000000,32.01000000,32.09000000,31.71000000,65541.70000000,,1.18712902,-0.62092518,-0.20000000,,兖矿能源
2016-10-13,600188,32.17000000,31.75000000,32.65000000,31.65000000,103243.25000000,,3.14960630,-0.81224617,-0.26000000,,兖矿能源
2016-10-14,600188,31.89000000,31.83000000,31.99000000,31.39000000,61437.49000000,,1.88501414,0.25196850,0.08000000,,兖矿能源
2016-10-17,600188,32.11000000,31.51000000,32.39000000,31.31000000,93632.02000000,,3.42748334,-1.00534087,-0.32000000,,兖矿能源
2016-10-18,600188,31.37000000,31.81000000,31.83000000,31.11000000,99090.73000000,,2.26343917,0.95207871,0.30000000,,兖矿能源
2016-10-19,600188,32.33000000,31.81000000,32.69000000,31.61000000,126492.79000000,,3.39515876,0.00000000,0.00000000,,兖矿能源
2016-10-20,600188,31.83000000,31.51000000,31.91000000,31.39000000,58953.61000000,,1.65026976,-0.94309965,-0.30000000,,兖矿能源
2016-10-21,600188,31.41000000,31.39000000,31.67000000,31.11000000,57729.59000000,,1.78400765,-0.38083148,-0.12000000,,兖矿能源
2016-10-24,600188,31.61000000,32.91000000,33.67000000,31.49000000,292117.98000000,,6.62412641,4.84230647,1.52000000,,兖矿能源
2016-10-25,600188,32.91000000,33.45000000,33.81000000,32.47000000,335495.83000000,,4.00597907,1.64083865,0.54000000,,兖矿能源
2016-10-26,600188,33.07000000,32.71000000,33.07000000,32.47000000,141766.40000000,,1.83430144,-2.21225710,-0.74000000,,兖矿能源
2016-10-27,600188,32.35000000,32.23000000,32.93000000,31.81000000,132261.32000000,,3.47502327,-1.46744115,-0.48000000,,兖矿能源
2016-10-28,600188,32.11000000,32.13000000,32.45000000,31.91000000,98530.66000000,,1.68067227,-0.31026993,-0.10000000,,兖矿能源
2016-10-31,600188,31.71000000,31.79000000,31.99000000,31.43000000,81314.51000000,,1.76156024,-1.05820106,-0.34000000,,兖矿能源
2016-11-01,600188,31.67000000,31.63000000,32.27000000,31.45000000,111543.15000000,,2.59247550,-0.50330293,-0.16000000,,兖矿能源
2016-11-02,600188,31.71000000,31.43000000,32.19000000,31.33000000,121659.51000000,,2.73623926,-0.63231110,-0.20000000,,兖矿能源
2016-11-03,600188,31.35000000,31.69000000,31.85000000,31.23000000,118542.35000000,,1.95645314,0.82723513,0.26000000,,兖矿能源
2016-11-04,600188,31.77000000,31.77000000,32.09000000,31.37000000,155508.94000000,,2.26628895,0.25244557,0.08000000,,兖矿能源
2016-11-07,600188,31.99000000,32.33000000,33.07000000,31.99000000,224521.41000000,,3.34055057,1.76266918,0.56000000,,兖矿能源
2016-11-08,600188,32.11000000,31.97000000,32.43000000,31.81000000,164078.74000000,,1.93931811,-1.11351686,-0.36000000,,兖矿能源
2016-11-09,600188,31.87000000,31.95000000,32.41000000,31.41000000,158871.80000000,,3.12989045,-0.06255865,-0.02000000,,兖矿能源
2016-11-10,600188,32.15000000,32.21000000,32.59000000,31.93000000,143010.08000000,,2.04905309,0.81377152,0.26000000,,兖矿能源
2016-11-11,600188,32.31000000,33.27000000,33.81000000,31.85000000,343236.29000000,,5.89119327,3.29090345,1.06000000,,兖矿能源
2016-11-14,600188,32.67000000,34.11000000,34.91000000,32.57000000,339851.06000000,,6.86015831,2.52479711,0.84000000,,兖矿能源
2016-11-15,600188,33.81000000,33.21000000,34.27000000,33.01000000,189793.50000000,,3.79403794,-2.63852243,-0.90000000,,兖矿能源
2016-11-16,600188,33.11000000,32.97000000,33.39000000,32.71000000,109693.61000000,,2.06248104,-0.72267389,-0.24000000,,兖矿能源
2016-11-17,600188,32.81000000,33.05000000,33.21000000,32.63000000,90356.28000000,,1.75491679,0.24264483,0.08000000,,兖矿能源
2016-11-18,600188,33.03000000,32.53000000,33.05000000,32.41000000,90441.79000000,,1.96741469,-1.57337368,-0.52000000,,兖矿能源
2016-11-21,600188,32.43000000,32.69000000,33.03000000,32.43000000,74036.08000000,,1.83542368,0.49185367,0.16000000,,兖矿能源
2016-11-22,600188,32.83000000,33.09000000,33.39000000,32.65000000,187201.07000000,,2.23632517,1.22361578,0.40000000,,兖矿能源
2016-11-23,600188,32.97000000,32.49000000,32.99000000,32.47000000,132328.68000000,,1.60049246,-1.81323663,-0.60000000,,兖矿能源
2016-11-24,600188,32.87000000,31.73000000,33.91000000,31.61000000,224915.28000000,,7.24866057,-2.33918129,-0.76000000,,兖矿能源
2016-11-25,600188,31.71000000,31.83000000,31.85000000,30.81000000,134322.98000000,,3.26735784,0.31515916,0.10000000,,兖矿能源
2016-11-28,600188,31.79000000,31.83000000,32.01000000,31.25000000,141940.31000000,,2.38768457,0.00000000,0.00000000,,兖矿能源
2016-11-29,600188,31.51000000,31.07000000,31.67000000,31.05000000,125610.82000000,,1.99549405,-2.38768457,-0.76000000,,兖矿能源
2016-11-30,600188,30.95000000,30.09000000,31.03000000,29.91000000,161793.49000000,,3.72216683,-3.15416801,-0.98000000,,兖矿能源
2016-12-01,600188,30.17000000,30.09000000,30.43000000,29.91000000,123032.48000000,,1.72814889,0.00000000,0.00000000,,兖矿能源
2016-12-02,600188,30.13000000,29.67000000,30.29000000,29.43000000,126928.22000000,,2.89855072,-1.39581256,-0.42000000,,兖矿能源
2016-12-05,600188,29.47000000,29.89000000,29.99000000,29.35000000,79253.58000000,,2.14118434,0.74148972,0.22000000,,兖矿能源
2016-12-06,600188,29.91000000,29.85000000,30.07000000,29.79000000,66383.32000000,,0.93802345,-0.13382402,-0.04000000,,兖矿能源
2016-12-07,600188,29.81000000,30.39000000,30.41000000,29.81000000,83520.16000000,,1.97433366,1.80904523,0.54000000,,兖矿能源
2016-12-08,600188,30.39000000,30.09000000,30.39000000,29.91000000,61733.55000000,,1.59521436,-0.98716683,-0.30000000,,兖矿能源
2016-12-09,600188,30.01000000,30.03000000,30.11000000,29.89000000,40535.43000000,,0.73260073,-0.19940179,-0.06000000,,兖矿能源
2016-12-12,600188,30.11000000,28.89000000,30.23000000,28.87000000,83061.36000000,,4.70751125,-3.79620380,-1.14000000,,兖矿能源
2016-12-13,600188,28.75000000,28.67000000,28.81000000,28.23000000,72508.12000000,,2.02302058,-0.76150917,-0.22000000,,兖矿能源
2016-12-14,600188,28.65000000,28.55000000,28.83000000,28.39000000,60876.76000000,,1.54115587,-0.41855598,-0.12000000,,兖矿能源
2016-12-15,600188,28.49000000,28.73000000,28.91000000,28.43000000,47981.04000000,,1.67072746,0.63047285,0.18000000,,兖矿能源
2016-12-16,600188,28.77000000,28.79000000,28.87000000,28.67000000,28071.00000000,,0.69468565,0.20884093,0.06000000,,兖矿能源
2016-12-19,600188,28.87000000,28.87000000,28.99000000,28.73000000,37789.18000000,,0.90058885,0.27787426,0.08000000,,兖矿能源
2016-12-20,600188,28.87000000,28.55000000,28.87000000,28.35000000,56581.55000000,,1.82136602,-1.10841704,-0.32000000,,兖矿能源
2016-12-21,600188,28.59000000,28.77000000,28.87000000,28.51000000,82189.39000000,,1.25130344,0.77057793,0.22000000,,兖矿能源
2016-12-22,600188,28.79000000,28.61000000,28.81000000,28.49000000,43572.53000000,,1.11849004,-0.55613486,-0.16000000,,兖矿能源
2016-12-23,600188,28.53000000,27.91000000,28.61000000,27.85000000,67093.88000000,,2.72303834,-2.44669696,-0.70000000,,兖矿能源
2016-12-26,600188,27.87000000,27.55000000,27.87000000,26.93000000,76445.51000000,,3.41197822,-1.28986027,-0.36000000,,兖矿能源
2016-12-27,600188,27.51000000,28.07000000,28.13000000,27.39000000,78047.09000000,,2.63626648,1.88747731,0.52000000,,兖矿能源
2016-12-28,600188,28.01000000,27.77000000,28.21000000,27.75000000,71301.55000000,,1.65646381,-1.06875668,-0.30000000,,兖矿能源
2016-12-29,600188,27.93000000,28.07000000,28.43000000,27.93000000,68798.28000000,,1.78126113,1.08030248,0.30000000,,兖矿能源
2016-12-30,600188,28.03000000,28.23000000,28.41000000,27.91000000,35316.23000000,,1.77116543,0.57000356,0.16000000,,兖矿能源
2017-01-03,600188,28.11000000,28.27000000,28.37000000,28.07000000,48971.05000000,,1.06119561,0.14169323,0.04000000,,兖矿能源
2017-01-04,600188,28.27000000,28.31000000,28.37000000,28.01000000,68352.94000000,,1.27163546,0.14149275,0.04000000,,兖矿能源
2017-01-05,600188,28.31000000,28.59000000,28.73000000,28.29000000,72000.79000000,,1.53899965,0.98904981,0.28000000,,兖矿能源
2017-01-06,600188,28.51000000,27.97000000,28.59000000,27.89000000,87334.67000000,,2.50268144,-2.16859042,-0.62000000,,兖矿能源
2017-01-09,600188,27.87000000,28.11000000,28.19000000,27.85000000,56345.81000000,,1.20953397,0.50053629,0.14000000,,兖矿能源
2017-01-10,600188,28.09000000,28.41000000,28.65000000,28.09000000,69564.25000000,,1.97113692,1.06723586,0.30000000,,兖矿能源
2017-01-11,600188,28.29000000,28.13000000,28.81000000,28.07000000,70458.98000000,,2.63064344,-0.98556846,-0.28000000,,兖矿能源
2017-01-12,600188,28.11000000,27.71000000,28.27000000,27.67000000,47173.50000000,,2.16528329,-1.49306790,-0.42000000,,兖矿能源
2017-01-13,600188,27.71000000,27.63000000,27.87000000,27.43000000,39753.33000000,,1.59247195,-0.28870444,-0.08000000,,兖矿能源
2017-01-16,600188,27.73000000,27.15000000,28.03000000,26.35000000,83271.14000000,,6.18784530,-1.73724213,-0.48000000,,兖矿能源
2017-01-17,600188,27.15000000,27.29000000,27.39000000,26.91000000,41391.89000000,,1.75888604,0.51565378,0.14000000,,兖矿能源
2017-01-18,600188,27.37000000,27.59000000,27.69000000,27.21000000,43517.33000000,,1.73976078,1.09930377,0.30000000,,兖矿能源
2017-01-19,600188,27.49000000,27.55000000,27.75000000,27.37000000,39760.48000000,,1.37931034,-0.14498007,-0.04000000,,兖矿能源
2017-01-20,600188,27.59000000,27.79000000,27.81000000,27.51000000,37933.49000000,,1.07952501,0.87114338,0.24000000,,兖矿能源
2017-01-23,600188,27.81000000,28.17000000,28.23000000,27.75000000,50048.93000000,,1.70394036,1.36739834,0.38000000,,兖矿能源
2017-01-24,600188,28.15000000,28.15000000,28.39000000,27.95000000,60953.61000000,,1.56305506,-0.07099752,-0.02000000,,兖矿能源
2017-01-25,600188,28.17000000,28.07000000,28.39000000,27.99000000,41071.77000000,,1.42500891,-0.28419183,-0.08000000,,兖矿能源
2017-01-26,600188,28.13000000,28.31000000,28.37000000,28.11000000,54228.06000000,,0.91840339,0.85500534,0.24000000,,兖矿能源
2017-02-03,600188,28.45000000,28.11000000,28.49000000,27.97000000,47840.51000000,,1.84987549,-0.70646415,-0.20000000,,兖矿能源
2017-02-06,600188,28.11000000,28.11000000,28.21000000,27.81000000,41421.88000000,,1.42298115,0.00000000,0.00000000,,兖矿能源
2017-02-07,600188,28.03000000,28.01000000,28.15000000,27.87000000,42697.02000000,,0.99964298,-0.35574529,-0.10000000,,兖矿能源
2017-02-08,600188,28.01000000,28.37000000,28.39000000,27.83000000,52673.68000000,,1.97391611,1.28525527,0.36000000,,兖矿能源
2017-02-09,600188,28.35000000,28.31000000,28.37000000,28.13000000,83192.49000000,,0.84775698,-0.21149101,-0.06000000,,兖矿能源
2017-02-10,600188,28.35000000,28.87000000,29.17000000,28.27000000,176636.19000000,,3.11742293,1.97809961,0.56000000,,兖矿能源
2017-02-13,600188,29.09000000,28.97000000,29.61000000,28.79000000,197740.08000000,,2.83051433,0.34638033,0.10000000,,兖矿能源
2017-02-14,600188,28.83000000,29.03000000,29.07000000,28.67000000,94798.94000000,,1.37788495,0.20711080,0.06000000,,兖矿能源
2017-02-15,600188,28.89000000,28.63000000,28.99000000,28.59000000,106121.83000000,,1.39713587,-1.37788495,-0.40000000,,兖矿能源
2017-02-16,600188,28.65000000,29.01000000,29.27000000,28.65000000,147058.98000000,,2.13719407,1.32727908,0.38000000,,兖矿能源
2017-02-17,600188,29.01000000,28.45000000,29.07000000,28.45000000,99968.60000000,,2.17926186,-1.93036884,-0.56000000,,兖矿能源
2017-02-20,600188,28.57000000,28.73000000,28.75000000,28.39000000,97860.44000000,,1.25304560,0.98418278,0.28000000,,兖矿能源
2017-02-21,600188,28.81000000,28.95000000,29.67000000,28.57000000,190165.64000000,,3.79965458,0.76575009,0.22000000,,兖矿能源
2017-02-22,600188,28.91000000,28.89000000,29.03000000,28.71000000,121760.82000000,,1.10764971,-0.20725389,-0.06000000,,兖矿能源
2017-02-23,600188,28.91000000,28.81000000,29.07000000,28.63000000,93071.63000000,,1.52724748,-0.27691243,-0.08000000,,兖矿能源
2017-02-24,600188,28.75000000,28.27000000,28.79000000,28.07000000,154817.86000000,,2.54686947,-1.87434918,-0.54000000,,兖矿能源
2017-02-27,600188,28.27000000,27.97000000,28.39000000,27.89000000,101741.36000000,,1.78762960,-1.06119561,-0.30000000,,兖矿能源
2017-02-28,600188,27.97000000,28.15000000,28.21000000,27.93000000,86051.90000000,,0.99467140,0.64354666,0.18000000,,兖矿能源
2017-03-01,600188,28.15000000,28.17000000,28.35000000,28.01000000,97235.29000000,,1.20695776,0.07104796,0.02000000,,兖矿能源
2017-03-02,600188,28.17000000,28.01000000,28.31000000,27.95000000,65029.60000000,,1.28525527,-0.56798012,-0.16000000,,兖矿能源
2017-03-03,600188,27.85000000,27.59000000,27.85000000,27.35000000,118871.54000000,,1.81225082,-1.49946448,-0.42000000,,兖矿能源
2017-03-06,600188,27.61000000,27.91000000,28.07000000,27.61000000,110182.72000000,,1.64815478,1.15984052,0.32000000,,兖矿能源
2017-03-07,600188,27.93000000,27.81000000,27.97000000,27.69000000,71701.51000000,,1.00683207,-0.35829452,-0.10000000,,兖矿能源
2017-03-08,600188,27.75000000,27.51000000,27.79000000,27.37000000,78818.68000000,,1.52671756,-1.07874865,-0.30000000,,兖矿能源
2017-03-09,600188,27.37000000,27.09000000,27.37000000,26.81000000,113735.97000000,,2.06718346,-1.52671756,-0.42000000,,兖矿能源
2017-03-10,600188,27.13000000,27.03000000,27.23000000,26.95000000,52282.02000000,,1.03588605,-0.22148394,-0.06000000,,兖矿能源
2017-03-13,600188,27.03000000,27.35000000,27.45000000,26.83000000,86118.57000000,,2.26691042,1.18386977,0.32000000,,兖矿能源
2017-03-14,600188,27.37000000,27.59000000,27.87000000,27.27000000,124933.02000000,,2.17470098,0.87751371,0.24000000,,兖矿能源
2017-03-15,600188,27.69000000,28.11000000,28.21000000,27.61000000,203171.42000000,,2.13447172,1.88474085,0.52000000,,兖矿能源
2017-03-16,600188,28.19000000,28.27000000,28.73000000,28.05000000,214775.34000000,,2.40537672,0.56919246,0.16000000,,兖矿能源
2017-03-17,600188,28.21000000,27.89000000,28.49000000,27.85000000,133262.50000000,,2.29472929,-1.34418111,-0.38000000,,兖矿能源
2017-03-20,600188,29.49000000,28.63000000,29.85000000,28.27000000,375734.37000000,,5.51868669,2.65328075,0.74000000,,兖矿能源
2017-03-21,600188,28.31000000,28.07000000,28.49000000,28.01000000,200227.20000000,,1.71001069,-1.95599022,-0.56000000,,兖矿能源
2017-03-22,600188,27.79000000,27.65000000,27.83000000,27.43000000,144734.95000000,,1.44665461,-1.49625935,-0.42000000,,兖矿能源
2017-03-23,600188,27.61000000,28.07000000,28.23000000,27.61000000,131134.74000000,,2.20876380,1.51898734,0.42000000,,兖矿能源
2017-03-24,600188,28.01000000,28.07000000,28.19000000,27.83000000,72942.08000000,,1.28250802,0.00000000,0.00000000,,兖矿能源
2017-03-27,600188,28.13000000,28.19000000,28.43000000,28.07000000,122852.89000000,,1.27704860,0.42750267,0.12000000,,兖矿能源
2017-03-28,600188,28.31000000,27.97000000,28.33000000,27.89000000,66161.07000000,,1.57311405,-0.78041859,-0.22000000,,兖矿能源
2017-03-29,600188,28.07000000,28.49000000,28.73000000,28.05000000,229253.96000000,,2.38680239,1.85913479,0.52000000,,兖矿能源
2017-03-30,600188,28.31000000,28.81000000,29.21000000,28.31000000,259042.52000000,,3.12391531,1.12320112,0.32000000,,兖矿能源
2017-03-31,600188,28.67000000,29.31000000,29.43000000,28.57000000,203098.87000000,,2.93415217,1.73550850,0.50000000,,兖矿能源
2017-04-05,600188,29.51000000,29.25000000,29.99000000,29.23000000,261707.42000000,,2.59829060,-0.20470829,-0.06000000,,兖矿能源
2017-04-06,600188,29.23000000,30.11000000,30.15000000,29.11000000,227372.05000000,,3.45400199,2.94017094,0.86000000,,兖矿能源
2017-04-07,600188,30.07000000,30.11000000,30.35000000,29.71000000,147000.76000000,,2.12553969,0.00000000,0.00000000,,兖矿能源
2017-04-10,600188,30.11000000,30.07000000,30.35000000,29.81000000,101060.88000000,,1.79580978,-0.13284623,-0.04000000,,兖矿能源
2017-04-11,600188,29.91000000,30.03000000,30.17000000,29.21000000,168495.07000000,,3.19680320,-0.13302295,-0.04000000,,兖矿能源
2017-04-12,600188,29.87000000,30.17000000,30.39000000,29.43000000,152528.06000000,,3.18196884,0.46620047,0.14000000,,兖矿能源
2017-04-13,600188,30.21000000,30.45000000,30.67000000,30.01000000,162300.24000000,,2.16748768,0.92807425,0.28000000,,兖矿能源
2017-04-14,600188,30.37000000,29.85000000,30.61000000,29.83000000,104801.15000000,,2.61306533,-1.97044335,-0.60000000,,兖矿能源
2017-04-17,600188,29.77000000,29.03000000,29.81000000,28.83000000,94964.89000000,,3.37581812,-2.74706868,-0.82000000,,兖矿能源
2017-04-18,600188,29.23000000,29.61000000,29.99000000,29.03000000,98817.96000000,,3.24214792,1.99793317,0.58000000,,兖矿能源
2017-04-19,600188,29.45000000,28.99000000,29.63000000,28.61000000,80369.67000000,,3.51845464,-2.09388720,-0.62000000,,兖矿能源
2017-04-20,600188,29.29000000,29.39000000,29.69000000,29.15000000,121052.50000000,,1.83735965,1.37978613,0.40000000,,兖矿能源
2017-04-21,600188,29.53000000,29.95000000,30.41000000,29.47000000,156177.08000000,,3.13856427,1.90541000,0.56000000,,兖矿能源
2017-04-24,600188,30.11000000,29.33000000,30.37000000,29.13000000,146694.41000000,,4.22775315,-2.07011686,-0.62000000,,兖矿能源
2017-04-25,600188,28.97000000,29.87000000,30.09000000,28.95000000,110810.24000000,,3.81653833,1.84111831,0.54000000,,兖矿能源
2017-04-26,600188,29.75000000,29.79000000,30.23000000,29.47000000,114243.43000000,,2.55119168,-0.26782725,-0.08000000,,兖矿能源
2017-04-27,600188,29.67000000,29.61000000,29.79000000,28.91000000,78692.54000000,,2.97196893,-0.60422961,-0.18000000,,兖矿能源
2017-04-28,600188,29.51000000,30.13000000,30.37000000,29.47000000,157939.49000000,,2.98705609,1.75616346,0.52000000,,兖矿能源
2017-05-02,600188,30.27000000,30.45000000,30.49000000,30.03000000,162625.34000000,,1.51067323,1.06206439,0.32000000,,兖矿能源
2017-05-03,600188,30.21000000,30.09000000,30.35000000,29.81000000,86670.41000000,,1.79461615,-1.18226601,-0.36000000,,兖矿能源
2017-05-04,600188,29.85000000,30.35000000,30.41000000,29.41000000,160067.74000000,,3.29489292,0.86407444,0.26000000,,兖矿能源
2017-05-05,600188,30.11000000,28.97000000,30.13000000,28.91000000,158319.28000000,,4.21125302,-4.54695222,-1.38000000,,兖矿能源
2017-05-08,600188,28.65000000,27.11000000,28.73000000,26.99000000,190850.45000000,,6.41829583,-6.42043493,-1.86000000,,兖矿能源
2017-05-09,600188,26.75000000,27.29000000,27.45000000,26.75000000,66718.34000000,,2.56504214,0.66396164,0.18000000,,兖矿能源
2017-05-10,600188,27.31000000,26.91000000,27.41000000,26.79000000,49456.13000000,,2.30397622,-1.39245145,-0.38000000,,兖矿能源
2017-05-11,600188,26.57000000,26.71000000,26.85000000,26.41000000,63122.80000000,,1.64732310,-0.74321813,-0.20000000,,兖矿能源
2017-05-12,600188,26.67000000,27.09000000,27.29000000,26.63000000,50009.67000000,,2.43632337,1.42268813,0.38000000,,兖矿能源
2017-05-15,600188,27.01000000,27.21000000,27.29000000,26.97000000,43301.10000000,,1.17603822,0.44296788,0.12000000,,兖矿能源
2017-05-16,600188,27.21000000,27.53000000,27.55000000,26.95000000,57921.97000000,,2.17944061,1.17603822,0.32000000,,兖矿能源
2017-05-17,600188,27.53000000,27.33000000,27.77000000,27.25000000,73195.84000000,,1.90267106,-0.72648020,-0.20000000,,兖矿能源
2017-05-18,600188,27.15000000,27.45000000,27.75000000,27.13000000,61094.73000000,,2.25865209,0.43907794,0.12000000,,兖矿能源
2017-05-19,600188,27.45000000,27.27000000,27.55000000,27.17000000,33602.61000000,,1.39347268,-0.65573770,-0.18000000,,兖矿能源
2017-05-22,600188,27.27000000,27.43000000,27.85000000,27.19000000,69630.89000000,,2.40612468,0.58672534,0.16000000,,兖矿能源
2017-05-23,600188,27.43000000,27.05000000,27.59000000,26.97000000,67005.10000000,,2.29205176,-1.38534451,-0.38000000,,兖矿能源
2017-05-24,600188,26.97000000,27.15000000,27.19000000,26.67000000,58223.14000000,,1.91528545,0.36968577,0.10000000,,兖矿能源
2017-05-25,600188,27.05000000,27.79000000,27.79000000,26.99000000,90051.62000000,,2.87873336,2.35727440,0.64000000,,兖矿能源
2017-05-26,600188,27.81000000,27.71000000,28.05000000,27.65000000,66398.70000000,,1.44352219,-0.28787334,-0.08000000,,兖矿能源
2017-05-31,600188,28.03000000,27.45000000,28.11000000,27.43000000,64268.00000000,,2.47723133,-0.93828943,-0.26000000,,兖矿能源
2017-06-01,600188,27.35000000,27.31000000,27.65000000,27.23000000,56241.84000000,,1.53789821,-0.51001821,-0.14000000,,兖矿能源
2017-06-02,600188,27.21000000,28.11000000,28.27000000,27.11000000,92011.94000000,,4.12664532,2.92932992,0.80000000,,兖矿能源
2017-06-05,600188,28.03000000,28.33000000,28.61000000,27.99000000,73112.25000000,,2.18849276,0.78263963,0.22000000,,兖矿能源
2017-06-06,600188,28.31000000,28.45000000,28.57000000,28.11000000,54692.72000000,,1.61687170,0.42357924,0.12000000,,兖矿能源
2017-06-07,600188,28.43000000,28.67000000,28.79000000,28.35000000,74502.87000000,,1.53470527,0.77328647,0.22000000,,兖矿能源
2017-06-08,600188,28.71000000,28.53000000,28.73000000,28.25000000,52173.88000000,,1.68243954,-0.48831531,-0.14000000,,兖矿能源
2017-06-09,600188,28.51000000,28.41000000,28.59000000,28.21000000,57559.36000000,,1.33755720,-0.42060988,-0.12000000,,兖矿能源
2017-06-12,600188,28.35000000,28.79000000,29.07000000,28.33000000,83262.69000000,,2.57033692,1.33755720,0.38000000,,兖矿能源
2017-06-13,600188,28.79000000,29.95000000,30.45000000,28.71000000,192171.95000000,,5.80968280,4.02917680,1.16000000,,兖矿能源
2017-06-14,600188,29.91000000,29.91000000,30.21000000,29.53000000,103778.56000000,,2.27348713,-0.13355593,-0.04000000,,兖矿能源
2017-06-15,600188,29.75000000,29.77000000,30.01000000,29.67000000,49925.83000000,,1.14208935,-0.46807088,-0.14000000,,兖矿能源
2017-06-16,600188,29.83000000,29.71000000,30.21000000,29.69000000,65151.01000000,,1.75025244,-0.20154518,-0.06000000,,兖矿能源
2017-06-19,600188,29.79000000,30.05000000,30.39000000,29.61000000,105674.50000000,,2.59567388,1.14439583,0.34000000,,兖矿能源
2017-06-20,600188,30.03000000,30.07000000,30.21000000,29.71000000,69554.19000000,,1.66278683,0.06655574,0.02000000,,兖矿能源
2017-06-21,600188,30.13000000,29.99000000,30.13000000,29.73000000,44382.92000000,,1.33377793,-0.26604589,-0.08000000,,兖矿能源
2017-06-22,600188,30.11000000,29.73000000,30.61000000,29.63000000,107370.85000000,,3.29633367,-0.86695565,-0.26000000,,兖矿能源
2017-06-23,600188,29.61000000,30.25000000,30.35000000,29.41000000,93876.34000000,,3.10743802,1.74907501,0.52000000,,兖矿能源
2017-06-26,600188,30.29000000,31.17000000,31.35000000,30.05000000,225052.33000000,,4.17067693,3.04132231,0.92000000,,兖矿能源
2017-06-27,600188,31.19000000,31.11000000,31.45000000,30.91000000,159683.58000000,,1.73577628,-0.19249278,-0.06000000,,兖矿能源
2017-06-28,600188,30.95000000,31.17000000,31.33000000,30.83000000,95144.57000000,,1.60410651,0.19286403,0.06000000,,兖矿能源
2017-06-29,600188,31.13000000,31.27000000,31.91000000,31.13000000,128036.12000000,,2.49440358,0.32082130,0.10000000,,兖矿能源
2017-06-30,600188,31.35000000,30.99000000,31.35000000,30.73000000,94776.29000000,,2.00064537,-0.89542693,-0.28000000,,兖矿能源
2017-07-03,600188,30.97000000,31.55000000,31.75000000,30.81000000,158726.94000000,,2.97939778,1.80703453,0.56000000,,兖矿能源
2017-07-04,600188,31.49000000,31.09000000,31.53000000,30.79000000,117438.20000000,,2.38018656,-1.45800317,-0.46000000,,兖矿能源
2017-07-05,600188,31.25000000,31.67000000,31.99000000,31.11000000,169599.95000000,,2.77865488,1.86555162,0.58000000,,兖矿能源
2017-07-06,600188,32.09000000,32.51000000,33.13000000,31.97000000,314784.17000000,,3.56813288,2.65235238,0.84000000,,兖矿能源
2017-07-07,600188,32.41000000,33.01000000,33.15000000,31.83000000,242746.22000000,,3.99878825,1.53798831,0.50000000,,兖矿能源
2017-07-10,600188,32.61000000,32.75000000,33.57000000,32.55000000,216462.45000000,,3.11450382,-0.78764011,-0.26000000,,兖矿能源
2017-07-11,600188,32.87000000,31.87000000,32.93000000,31.85000000,175123.61000000,,3.38876687,-2.68702290,-0.88000000,,兖矿能源
2017-07-12,600188,31.87000000,32.59000000,32.67000000,31.39000000,167540.80000000,,3.92758515,2.25917791,0.72000000,,兖矿能源
2017-07-13,600188,32.31000000,32.51000000,33.13000000,32.31000000,187727.46000000,,2.52230083,-0.24547407,-0.08000000,,兖矿能源
2017-07-14,600188,32.41000000,32.79000000,32.97000000,32.09000000,119536.83000000,,2.68374504,0.86127345,0.28000000,,兖矿能源
2017-07-17,600188,32.73000000,33.17000000,33.87000000,31.45000000,333556.71000000,,7.29574917,1.15888991,0.38000000,,兖矿能源
2017-07-18,600188,32.79000000,34.09000000,34.33000000,32.79000000,262124.11000000,,4.51745380,2.77359059,0.92000000,,兖矿能源
2017-07-19,600188,34.07000000,35.61000000,35.85000000,33.95000000,465657.17000000,,5.33557989,4.45878557,1.52000000,,兖矿能源
2017-07-20,600188,35.45000000,35.43000000,35.55000000,34.79000000,246891.36000000,,2.14507480,-0.50547599,-0.18000000,,兖矿能源
2017-07-21,600188,35.09000000,35.87000000,36.67000000,35.09000000,291693.15000000,,4.40479509,1.24188541,0.44000000,,兖矿能源
2017-07-24,600188,35.59000000,34.77000000,36.13000000,34.45000000,346155.01000000,,4.83175151,-3.06662950,-1.10000000,,兖矿能源
2017-07-25,600188,34.77000000,34.87000000,35.13000000,34.27000000,203786.13000000,,2.46630341,0.28760426,0.10000000,,兖矿能源
2017-07-26,600188,34.91000000,34.65000000,34.95000000,34.45000000,219446.23000000,,1.44300144,-0.63091483,-0.22000000,,兖矿能源
2017-07-27,600188,34.63000000,33.19000000,34.65000000,32.77000000,379618.52000000,,5.66435673,-4.21356421,-1.46000000,,兖矿能源
2017-07-28,600188,33.15000000,33.45000000,33.65000000,32.81000000,204645.73000000,,2.51121076,0.78336848,0.26000000,,兖矿能源
2017-07-31,600188,33.47000000,35.27000000,35.85000000,33.47000000,472040.32000000,,6.74794443,5.44095665,1.82000000,,兖矿能源
2017-08-01,600188,35.17000000,34.29000000,35.23000000,33.85000000,327408.46000000,,4.02449694,-2.77856535,-0.98000000,,兖矿能源
2017-08-02,600188,34.25000000,34.17000000,35.53000000,33.95000000,419683.78000000,,4.62393913,-0.34995626,-0.12000000,,兖矿能源
2017-08-03,600188,33.87000000,34.33000000,34.39000000,33.47000000,254720.36000000,,2.67987183,0.46824700,0.16000000,,兖矿能源
2017-08-04,600188,34.19000000,34.29000000,35.71000000,34.15000000,460547.69000000,,4.54943132,-0.11651617,-0.04000000,,兖矿能源
2017-08-07,600188,34.35000000,34.43000000,34.55000000,32.93000000,339636.32000000,,4.70519895,0.40828230,0.14000000,,兖矿能源
2017-08-08,600188,34.49000000,33.89000000,34.93000000,33.77000000,307373.10000000,,3.42283860,-1.56839965,-0.54000000,,兖矿能源
2017-08-09,600188,33.99000000,35.19000000,35.31000000,33.55000000,489769.60000000,,5.00142086,3.83593981,1.30000000,,兖矿能源
2017-08-10,600188,34.87000000,34.29000000,34.91000000,33.85000000,331857.08000000,,3.09128026,-2.55754476,-0.90000000,,兖矿能源
2017-08-11,600188,33.79000000,31.83000000,34.25000000,31.63000000,386084.37000000,,8.23122840,-7.17410324,-2.46000000,,兖矿能源
2017-08-14,600188,31.67000000,31.97000000,32.25000000,31.51000000,189844.77000000,,2.31467000,0.43983663,0.14000000,,兖矿能源
2017-08-15,600188,31.93000000,31.75000000,32.05000000,31.51000000,154898.42000000,,1.70078740,-0.68814514,-0.22000000,,兖矿能源
2017-08-16,600188,31.79000000,31.55000000,32.01000000,31.17000000,151425.28000000,,2.66244057,-0.62992126,-0.20000000,,兖矿能源
2017-08-17,600188,31.95000000,32.23000000,32.33000000,31.87000000,207877.48000000,,1.42724170,2.15530903,0.68000000,,兖矿能源
2017-08-18,600188,31.99000000,32.13000000,32.31000000,31.79000000,117122.56000000,,1.61842515,-0.31026993,-0.10000000,,兖矿能源
2017-08-21,600188,32.03000000,32.35000000,32.59000000,32.01000000,147053.71000000,,1.79289026,0.68471833,0.22000000,,兖矿能源
2017-08-22,600188,32.19000000,32.11000000,32.35000000,31.81000000,135749.86000000,,1.68171909,-0.74188563,-0.24000000,,兖矿能源
2017-08-23,600188,31.77000000,31.25000000,31.91000000,30.99000000,170917.39000000,,2.94400000,-2.67829337,-0.86000000,,兖矿能源
2017-08-24,600188,31.31000000,31.23000000,31.65000000,31.15000000,95304.40000000,,1.60102466,-0.06400000,-0.02000000,,兖矿能源
2017-08-25,600188,31.61000000,32.25000000,32.41000000,31.49000000,256344.48000000,,2.85271318,3.26609030,1.02000000,,兖矿能源
2017-08-28,600188,32.31000000,32.73000000,32.85000000,32.13000000,245729.14000000,,2.19981668,1.48837209,0.48000000,,兖矿能源
2017-08-29,600188,32.59000000,32.53000000,33.23000000,32.35000000,183067.01000000,,2.70519520,-0.61106019,-0.20000000,,兖矿能源
2017-08-30,600188,32.47000000,33.37000000,33.65000000,32.17000000,297334.29000000,,4.43512137,2.58223179,0.84000000,,兖矿能源
2017-08-31,600188,33.35000000,33.73000000,33.81000000,33.01000000,243193.16000000,,2.37177587,1.07881331,0.36000000,,兖矿能源
2017-09-01,600188,34.11000000,34.65000000,35.63000000,34.11000000,532192.94000000,,4.38672439,2.72754225,0.92000000,,兖矿能源
2017-09-04,600188,34.97000000,34.45000000,35.35000000,33.93000000,267659.53000000,,4.12191582,-0.57720058,-0.20000000,,兖矿能源
2017-09-05,600188,34.09000000,34.35000000,34.61000000,33.81000000,180544.99000000,,2.32896652,-0.29027576,-0.10000000,,兖矿能源
2017-09-06,600188,34.09000000,34.03000000,34.57000000,33.97000000,147845.25000000,,1.76315016,-0.93158661,-0.32000000,,兖矿能源
2017-09-07,600188,33.91000000,33.51000000,34.25000000,33.39000000,157722.61000000,,2.56639809,-1.52806347,-0.52000000,,兖矿能源
2017-09-08,600188,33.87000000,33.71000000,34.31000000,33.55000000,177007.77000000,,2.25452388,0.59683677,0.20000000,,兖矿能源
2017-09-11,600188,33.41000000,34.69000000,34.71000000,33.29000000,207304.90000000,,4.09339867,2.90714921,0.98000000,,兖矿能源
2017-09-12,600188,34.71000000,34.37000000,35.35000000,34.27000000,289343.21000000,,3.14227524,-0.92245604,-0.32000000,,兖矿能源
2017-09-13,600188,34.23000000,34.39000000,34.83000000,34.11000000,141470.19000000,,2.09363187,0.05819028,0.02000000,,兖矿能源
2017-09-14,600188,34.39000000,33.71000000,34.63000000,33.51000000,197764.00000000,,3.32245624,-1.97731899,-0.68000000,,兖矿能源
2017-09-15,600188,33.57000000,32.57000000,33.67000000,32.31000000,221130.35000000,,4.17562174,-3.38178582,-1.14000000,,兖矿能源
2017-09-18,600188,32.47000000,32.61000000,32.95000000,32.25000000,112628.81000000,,2.14658080,0.12281240,0.04000000,,兖矿能源
2017-09-19,600188,32.71000000,32.65000000,32.93000000,32.43000000,100365.62000000,,1.53139357,0.12266176,0.04000000,,兖矿能源
2017-09-20,600188,32.69000000,33.33000000,33.37000000,32.49000000,139216.90000000,,2.64026403,2.08269525,0.68000000,,兖矿能源
2017-09-21,600188,33.27000000,32.57000000,33.27000000,32.55000000,97383.54000000,,2.21062327,-2.28022802,-0.76000000,,兖矿能源
2017-09-22,600188,32.37000000,32.39000000,32.67000000,31.97000000,119403.44000000,,2.16116085,-0.55265582,-0.18000000,,兖矿能源
2017-09-25,600188,32.21000000,32.25000000,32.47000000,32.05000000,76745.20000000,,1.30232558,-0.43223217,-0.14000000,,兖矿能源
2017-09-26,600188,32.35000000,32.91000000,32.95000000,32.35000000,93367.23000000,,1.82315406,2.04651163,0.66000000,,兖矿能源
2017-09-27,600188,33.01000000,33.09000000,33.47000000,32.83000000,90657.72000000,,1.93411907,0.54694622,0.18000000,,兖矿能源
2017-09-28,600188,33.01000000,32.81000000,33.11000000,32.53000000,83450.95000000,,1.76775373,-0.84617709,-0.28000000,,兖矿能源
2017-09-29,600188,32.75000000,32.83000000,33.11000000,32.51000000,74738.28000000,,1.82759671,0.06095703,0.02000000,,兖矿能源
2017-10-09,600188,33.15000000,32.87000000,33.33000000,32.81000000,103010.54000000,,1.58198966,0.12183978,0.04000000,,兖矿能源
2017-10-10,600188,32.69000000,32.33000000,32.75000000,31.99000000,91308.93000000,,2.35075781,-1.64283541,-0.54000000,,兖矿能源
2017-10-11,600188,32.37000000,32.47000000,32.61000000,32.17000000,64753.36000000,,1.35509701,0.43303433,0.14000000,,兖矿能源
2017-10-12,600188,32.47000000,31.85000000,32.49000000,31.23000000,165438.43000000,,3.95604396,-1.90945488,-0.62000000,,兖矿能源
2017-10-13,600188,31.83000000,31.91000000,32.05000000,31.61000000,86068.77000000,,1.37887809,0.18838305,0.06000000,,兖矿能源
2017-10-16,600188,32.11000000,31.95000000,32.13000000,31.65000000,96917.78000000,,1.50234742,0.12535255,0.04000000,,兖矿能源
2017-10-17,600188,31.61000000,31.71000000,31.85000000,31.59000000,51402.88000000,,0.81993062,-0.75117371,-0.24000000,,兖矿能源
2017-10-18,600188,31.75000000,31.25000000,31.85000000,31.19000000,63320.53000000,,2.11200000,-1.45064648,-0.46000000,,兖矿能源
2017-10-19,600188,30.87000000,30.65000000,31.21000000,30.61000000,76969.72000000,,1.95758564,-1.92000000,-0.60000000,,兖矿能源
2017-10-20,600188,30.55000000,31.07000000,31.13000000,30.55000000,57799.25000000,,1.86675249,1.37030995,0.42000000,,兖矿能源
2017-10-23,600188,31.09000000,31.21000000,31.31000000,30.91000000,70102.63000000,,1.28164050,0.45059543,0.14000000,,兖矿能源
2017-10-24,600188,31.09000000,31.17000000,31.37000000,30.93000000,39000.14000000,,1.41161373,-0.12816405,-0.04000000,,兖矿能源
2017-10-25,600188,31.21000000,31.37000000,31.47000000,31.13000000,43112.35000000,,1.08383806,0.64164261,0.20000000,,兖矿能源
2017-10-26,600188,31.55000000,31.55000000,31.75000000,31.39000000,75823.57000000,,1.14104596,0.57379662,0.18000000,,兖矿能源
2017-10-27,600188,31.65000000,31.39000000,31.79000000,31.29000000,71075.90000000,,1.59286397,-0.50713154,-0.16000000,,兖矿能源
2017-10-30,600188,31.45000000,30.65000000,31.51000000,30.53000000,80211.37000000,,3.19738989,-2.35743867,-0.74000000,,兖矿能源
2017-10-31,600188,30.69000000,30.65000000,30.99000000,30.37000000,84966.56000000,,2.02283850,0.00000000,0.00000000,,兖矿能源
2017-11-01,600188,30.73000000,30.69000000,30.89000000,30.61000000,82271.95000000,,0.91234930,0.13050571,0.04000000,,兖矿能源
2017-11-02,600188,30.87000000,31.25000000,31.35000000,30.87000000,110791.66000000,,1.53600000,1.82469860,0.56000000,,兖矿能源
2017-11-03,600188,31.25000000,30.67000000,31.31000000,30.41000000,86989.75000000,,2.93446365,-1.85600000,-0.58000000,,兖矿能源
2017-11-06,600188,30.67000000,31.13000000,31.15000000,30.15000000,84946.19000000,,3.21233537,1.49983697,0.46000000,,兖矿能源
2017-11-07,600188,31.15000000,31.75000000,31.91000000,30.89000000,183931.33000000,,3.21259843,1.99164793,0.62000000,,兖矿能源
2017-11-08,600188,31.65000000,31.97000000,32.09000000,31.59000000,141272.44000000,,1.56396622,0.69291339,0.22000000,,兖矿能源
2017-11-09,600188,32.15000000,32.07000000,32.69000000,31.85000000,149634.57000000,,2.61927035,0.31279324,0.10000000,,兖矿能源
2017-11-10,600188,32.01000000,31.67000000,32.01000000,31.45000000,96052.68000000,,1.76823492,-1.24727159,-0.40000000,,兖矿能源
2017-11-13,600188,31.69000000,32.23000000,32.31000000,31.69000000,134560.67000000,,1.92367360,1.76823492,0.56000000,,兖矿能源
2017-11-14,600188,32.27000000,32.75000000,33.17000000,32.11000000,252140.37000000,,3.23664122,1.61340366,0.52000000,,兖矿能源
2017-11-15,600188,32.53000000,32.79000000,33.25000000,32.37000000,201375.65000000,,2.68374504,0.12213740,0.04000000,,兖矿能源
2017-11-16,600188,32.67000000,32.45000000,32.99000000,32.43000000,104546.69000000,,1.72573190,-1.03690149,-0.34000000,,兖矿能源
2017-11-17,600188,32.35000000,31.75000000,32.91000000,31.65000000,134491.20000000,,3.96850394,-2.15716487,-0.70000000,,兖矿能源
2017-11-20,600188,31.77000000,33.39000000,33.43000000,31.59000000,222902.30000000,,5.51063193,5.16535433,1.64000000,,兖矿能源
2017-11-21,600188,33.33000000,33.51000000,33.65000000,33.07000000,247885.67000000,,1.73082662,0.35938904,0.12000000,,兖矿能源
2017-11-22,600188,33.65000000,33.63000000,33.93000000,32.91000000,170967.18000000,,3.03300624,0.35810206,0.12000000,,兖矿能源
2017-11-23,600188,33.73000000,33.37000000,34.63000000,33.31000000,293196.36000000,,3.95564879,-0.77311924,-0.26000000,,兖矿能源
2017-11-24,600188,33.17000000,33.71000000,33.95000000,32.41000000,175346.73000000,,4.56837734,1.01887923,0.34000000,,兖矿能源
2017-11-27,600188,33.87000000,32.75000000,34.45000000,32.69000000,204592.40000000,,5.37404580,-2.84781964,-0.96000000,,兖矿能源
2017-11-28,600188,32.89000000,34.37000000,34.49000000,32.47000000,243479.23000000,,5.87721850,4.94656489,1.62000000,,兖矿能源
2017-11-29,600188,34.15000000,34.93000000,35.21000000,34.07000000,395533.85000000,,3.26367020,1.62932790,0.56000000,,兖矿能源
2017-11-30,600188,34.93000000,34.63000000,35.45000000,34.35000000,238194.10000000,,3.17643662,-0.85886058,-0.30000000,,兖矿能源
2017-12-01,600188,34.67000000,34.53000000,34.73000000,33.83000000,258741.94000000,,2.60642919,-0.28876697,-0.10000000,,兖矿能源
2017-12-04,600188,34.69000000,34.23000000,35.13000000,34.09000000,255343.16000000,,3.03827052,-0.86880973,-0.30000000,,兖矿能源
2017-12-05,600188,34.09000000,33.33000000,34.09000000,33.05000000,209960.88000000,,3.12031203,-2.62927257,-0.90000000,,兖矿能源
2017-12-06,600188,32.99000000,33.33000000,33.47000000,32.43000000,198436.76000000,,3.12031203,0.00000000,0.00000000,,兖矿能源
2017-12-07,600188,32.95000000,31.99000000,33.45000000,31.93000000,156774.64000000,,4.75148484,-4.02040204,-1.34000000,,兖矿能源
2017-12-08,600188,32.01000000,33.01000000,33.15000000,31.51000000,234493.08000000,,4.96819146,3.18849641,1.02000000,,兖矿能源
2017-12-11,600188,33.01000000,33.45000000,33.49000000,32.47000000,198536.58000000,,3.04932735,1.33292942,0.44000000,,兖矿能源
2017-12-12,600188,33.11000000,32.83000000,33.47000000,32.79000000,152729.31000000,,2.07127627,-1.85351271,-0.62000000,,兖矿能源
2017-12-13,600188,32.61000000,33.85000000,33.87000000,32.53000000,155186.53000000,,3.95864106,3.10691441,1.02000000,,兖矿能源
2017-12-14,600188,33.71000000,33.73000000,33.93000000,33.41000000,114463.66000000,,1.54165431,-0.35450517,-0.12000000,,兖矿能源
2017-12-15,600188,33.71000000,33.43000000,33.71000000,32.75000000,143002.01000000,,2.87167215,-0.88941595,-0.30000000,,兖矿能源
2017-12-18,600188,33.67000000,35.09000000,35.15000000,33.29000000,331426.40000000,,5.30065546,4.96559976,1.66000000,,兖矿能源
2017-12-19,600188,34.99000000,35.43000000,35.89000000,34.75000000,434750.84000000,,3.21761219,0.96893702,0.34000000,,兖矿能源
2017-12-20,600188,35.15000000,34.83000000,35.29000000,34.59000000,246737.23000000,,2.00976170,-1.69348010,-0.60000000,,兖矿能源
2017-12-21,600188,34.65000000,35.33000000,35.45000000,34.45000000,189579.94000000,,2.83045570,1.43554407,0.50000000,,兖矿能源
2017-12-22,600188,35.19000000,35.17000000,35.65000000,35.03000000,169896.76000000,,1.76286608,-0.45287291,-0.16000000,,兖矿能源
2017-12-25,600188,35.07000000,34.83000000,36.03000000,34.57000000,310096.17000000,,4.19178869,-0.96673301,-0.34000000,,兖矿能源
2017-12-26,600188,35.01000000,35.71000000,35.73000000,34.15000000,284319.31000000,,4.42453094,2.52655757,0.88000000,,兖矿能源
2017-12-27,600188,35.73000000,36.67000000,37.05000000,35.55000000,452749.22000000,,4.09053722,2.68832260,0.96000000,,兖矿能源
2017-12-28,600188,36.45000000,36.45000000,37.35000000,36.05000000,537842.94000000,,3.56652949,-0.59994546,-0.22000000,,兖矿能源
2017-12-29,600188,36.33000000,35.79000000,36.33000000,35.61000000,226443.11000000,,2.01173512,-1.81069959,-0.66000000,,兖矿能源
2018-01-02,600188,35.91000000,38.69000000,38.69000000,35.69000000,466797.65000000,,7.75394159,8.10282202,2.90000000,,兖矿能源
2018-01-03,600188,38.65000000,39.35000000,39.45000000,38.21000000,460668.41000000,,3.15120712,1.70586715,0.66000000,,兖矿能源
2018-01-04,600188,39.15000000,39.07000000,39.15000000,38.33000000,468512.90000000,,2.09879703,-0.71156290,-0.28000000,,兖矿能源
2018-01-05,600188,38.63000000,38.47000000,39.21000000,38.25000000,452724.77000000,,2.49545100,-1.53570514,-0.60000000,,兖矿能源
2018-01-08,600188,38.55000000,41.53000000,41.65000000,38.55000000,800476.15000000,,7.46448351,7.95425006,3.06000000,,兖矿能源
2018-01-09,600188,40.85000000,40.89000000,41.01000000,39.95000000,561034.72000000,,2.59232086,-1.54105466,-0.64000000,,兖矿能源
2018-01-10,600188,40.35000000,40.93000000,41.57000000,40.05000000,476601.50000000,,3.71365746,0.09782343,0.04000000,,兖矿能源
2018-01-11,600188,40.51000000,39.47000000,40.57000000,39.07000000,451501.45000000,,3.80035470,-3.56706572,-1.46000000,,兖矿能源
2018-01-12,600188,38.87000000,39.71000000,40.53000000,38.77000000,371386.57000000,,4.43213296,0.60805675,0.24000000,,兖矿能源
2018-01-15,600188,39.37000000,37.47000000,39.37000000,37.13000000,504909.27000000,,5.97811583,-5.64089650,-2.24000000,,兖矿能源
2018-01-16,600188,37.61000000,37.89000000,38.25000000,37.35000000,392422.58000000,,2.37529691,1.12089672,0.42000000,,兖矿能源
2018-01-17,600188,37.89000000,38.49000000,39.07000000,37.19000000,417258.40000000,,4.88438555,1.58353127,0.60000000,,兖矿能源
2018-01-18,600188,38.17000000,39.11000000,39.35000000,37.95000000,324225.54000000,,3.57964715,1.61080800,0.62000000,,兖矿能源
2018-01-19,600188,38.99000000,39.91000000,40.79000000,38.77000000,406622.78000000,,5.06138812,2.04551266,0.80000000,,兖矿能源
2018-01-22,600188,40.15000000,40.29000000,41.45000000,39.55000000,362596.84000000,,4.71581037,0.95214232,0.38000000,,兖矿能源
2018-01-23,600188,39.93000000,40.01000000,40.31000000,39.11000000,330859.61000000,,2.99925019,-0.69496153,-0.28000000,,兖矿能源
2018-01-24,600188,40.01000000,39.71000000,40.07000000,38.89000000,274477.41000000,,2.97154369,-0.74981255,-0.30000000,,兖矿能源
2018-01-25,600188,40.11000000,41.21000000,42.41000000,40.11000000,511793.02000000,,5.58116962,3.77738605,1.50000000,,兖矿能源
2018-01-26,600188,40.95000000,41.27000000,41.75000000,40.43000000,319697.11000000,,3.19844924,0.14559573,0.06000000,,兖矿能源
2018-01-29,600188,42.11000000,43.35000000,44.55000000,42.11000000,727751.42000000,,5.62860438,5.03998062,2.08000000,,兖矿能源
2018-01-30,600188,42.93000000,43.13000000,44.11000000,41.97000000,589870.74000000,,4.96174357,-0.50749712,-0.22000000,,兖矿能源
2018-01-31,600188,42.57000000,42.75000000,43.13000000,41.45000000,414272.75000000,,3.92982456,-0.88105727,-0.38000000,,兖矿能源
2018-02-01,600188,42.77000000,42.75000000,44.41000000,41.75000000,412530.56000000,,6.22222222,0.00000000,0.00000000,,兖矿能源
2018-02-02,600188,42.11000000,45.25000000,45.91000000,41.85000000,662652.78000000,,8.97237569,5.84795322,2.50000000,,兖矿能源
2018-02-05,600188,44.47000000,46.09000000,48.03000000,44.15000000,701968.34000000,,8.41831200,1.85635359,0.84000000,,兖矿能源
2018-02-06,600188,44.45000000,43.93000000,45.87000000,42.93000000,524154.63000000,,6.69246529,-4.68648297,-2.16000000,,兖矿能源
2018-02-07,600188,45.19000000,41.67000000,46.75000000,41.55000000,644429.32000000,,12.47900168,-5.14454814,-2.26000000,,兖矿能源
2018-02-08,600188,40.87000000,39.53000000,41.49000000,38.25000000,560055.35000000,,8.19630660,-5.13558915,-2.14000000,,兖矿能源
2018-02-09,600188,38.35000000,37.05000000,38.65000000,36.25000000,619806.66000000,,6.47773279,-6.27371616,-2.48000000,,兖矿能源
2018-02-12,600188,37.05000000,37.51000000,37.87000000,36.35000000,414242.63000000,,4.05225273,1.24156545,0.46000000,,兖矿能源
2018-02-13,600188,37.87000000,37.75000000,38.59000000,37.49000000,397027.09000000,,2.91390728,0.63982938,0.24000000,,兖矿能源
2018-02-14,600188,37.65000000,39.25000000,39.55000000,36.81000000,409371.55000000,,6.98089172,3.97350993,1.50000000,,兖矿能源
2018-02-22,600188,39.57000000,40.15000000,40.35000000,39.35000000,424876.67000000,,2.49066002,2.29299363,0.90000000,,兖矿能源
2018-02-23,600188,40.07000000,41.01000000,41.63000000,39.67000000,351647.12000000,,4.77932212,2.14196762,0.86000000,,兖矿能源
2018-02-26,600188,41.15000000,41.07000000,41.55000000,39.97000000,387119.83000000,,3.84709033,0.14630578,0.06000000,,兖矿能源
2018-02-27,600188,40.75000000,38.63000000,41.01000000,38.19000000,521816.12000000,,7.30002589,-5.94107621,-2.44000000,,兖矿能源
2018-02-28,600188,38.23000000,38.23000000,38.75000000,37.15000000,387339.15000000,,4.18519487,-1.03546466,-0.40000000,,兖矿能源
2018-03-01,600188,37.55000000,37.93000000,38.59000000,37.39000000,362904.56000000,,3.16372265,-0.78472404,-0.30000000,,兖矿能源
2018-03-02,600188,37.45000000,36.89000000,37.59000000,36.77000000,310197.75000000,,2.22282461,-2.74189296,-1.04000000,,兖矿能源
2018-03-05,600188,37.05000000,35.73000000,37.35000000,35.13000000,417827.63000000,,6.21326616,-3.14448360,-1.16000000,,兖矿能源
2018-03-06,600188,36.05000000,37.67000000,37.71000000,35.39000000,549244.05000000,,6.15874701,5.42961097,1.94000000,,兖矿能源
2018-03-07,600188,37.35000000,36.21000000,37.55000000,36.03000000,387936.16000000,,4.19773543,-3.87576321,-1.46000000,,兖矿能源
2018-03-08,600188,36.29000000,36.51000000,36.71000000,35.81000000,300676.49000000,,2.46507806,0.82850041,0.30000000,,兖矿能源
2018-03-09,600188,36.43000000,36.15000000,36.65000000,35.89000000,325860.72000000,,2.10235131,-0.98603122,-0.36000000,,兖矿能源
2018-03-12,600188,36.25000000,36.71000000,36.93000000,35.89000000,461884.89000000,,2.83301553,1.54910097,0.56000000,,兖矿能源
2018-03-13,600188,36.37000000,36.25000000,37.03000000,36.19000000,307105.98000000,,2.31724138,-1.25306456,-0.46000000,,兖矿能源
2018-03-14,600188,36.05000000,36.63000000,36.91000000,35.57000000,371272.13000000,,3.65820366,1.04827586,0.38000000,,兖矿能源
2018-03-15,600188,36.31000000,36.39000000,36.63000000,36.05000000,253283.08000000,,1.59384446,-0.65520066,-0.24000000,,兖矿能源
2018-03-16,600188,36.39000000,35.11000000,36.39000000,35.07000000,342444.60000000,,3.75961265,-3.51744985,-1.28000000,,兖矿能源
2018-03-19,600188,34.79000000,33.77000000,34.81000000,33.57000000,433421.37000000,,3.67189813,-3.81657647,-1.34000000,,兖矿能源
2018-03-20,600188,33.35000000,34.09000000,34.15000000,33.25000000,259108.01000000,,2.64007040,0.94758662,0.32000000,,兖矿能源
2018-03-21,600188,34.39000000,33.89000000,34.45000000,33.59000000,252748.61000000,,2.53762172,-0.58668231,-0.20000000,,兖矿能源
2018-03-22,600188,33.97000000,34.13000000,34.35000000,33.81000000,219450.23000000,,1.58218576,0.70817350,0.24000000,,兖矿能源
2018-03-23,600188,32.51000000,31.63000000,33.05000000,31.39000000,457897.82000000,,5.24818211,-7.32493408,-2.50000000,,兖矿能源
2018-03-26,600188,31.77000000,32.21000000,32.27000000,31.45000000,293355.63000000,,2.54579323,1.83370218,0.58000000,,兖矿能源
2018-03-27,600188,32.73000000,32.77000000,32.89000000,32.43000000,297935.48000000,,1.40372292,1.73859050,0.56000000,,兖矿能源
2018-03-28,600188,32.43000000,32.33000000,32.99000000,32.21000000,244186.31000000,,2.41261986,-1.34269149,-0.44000000,,兖矿能源
2018-03-29,600188,32.47000000,33.69000000,34.05000000,32.03000000,410824.12000000,,5.99584446,4.20661924,1.36000000,,兖矿能源
2018-03-30,600188,33.57000000,34.29000000,34.43000000,33.41000000,345301.70000000,,2.97462817,1.78094390,0.60000000,,兖矿能源
2018-04-02,600188,34.31000000,33.97000000,35.29000000,33.95000000,360606.17000000,,3.94465705,-0.93321668,-0.32000000,,兖矿能源
2018-04-03,600188,33.43000000,33.45000000,33.63000000,32.85000000,231176.67000000,,2.33183857,-1.53076244,-0.52000000,,兖矿能源
2018-04-04,600188,33.47000000,32.99000000,33.95000000,32.95000000,185799.91000000,,3.03122158,-1.37518685,-0.46000000,,兖矿能源
2018-04-09,600188,32.77000000,32.57000000,33.27000000,32.39000000,246161.52000000,,2.70187289,-1.27311306,-0.42000000,,兖矿能源
2018-04-10,600188,32.75000000,34.19000000,34.25000000,32.61000000,382888.40000000,,4.79672419,4.97390236,1.62000000,,兖矿能源
2018-04-11,600188,34.35000000,33.83000000,34.87000000,33.69000000,329405.33000000,,3.48802838,-1.05293946,-0.36000000,,兖矿能源
2018-04-12,600188,33.75000000,33.85000000,34.13000000,33.55000000,232244.34000000,,1.71344165,0.05911913,0.02000000,,兖矿能源
2018-04-13,600188,33.89000000,34.29000000,34.65000000,33.89000000,276743.36000000,,2.21638962,1.29985229,0.44000000,,兖矿能源
2018-04-16,600188,34.23000000,32.53000000,34.23000000,32.33000000,380782.46000000,,5.84076237,-5.13269175,-1.76000000,,兖矿能源
2018-04-17,600188,32.61000000,32.61000000,33.25000000,32.35000000,242473.58000000,,2.75988960,0.24592684,0.08000000,,兖矿能源
2018-04-18,600188,33.33000000,33.19000000,33.81000000,32.99000000,299085.38000000,,2.47062368,1.77859552,0.58000000,,兖矿能源
2018-04-19,600188,33.17000000,34.63000000,34.85000000,33.15000000,442548.17000000,,4.90903841,4.33865622,1.44000000,,兖矿能源
2018-04-20,600188,34.41000000,34.51000000,35.29000000,34.33000000,374879.66000000,,2.78180238,-0.34652036,-0.12000000,,兖矿能源
2018-04-23,600188,34.87000000,35.35000000,35.65000000,34.55000000,313864.74000000,,3.11173975,2.43407708,0.84000000,,兖矿能源
2018-04-24,600188,35.67000000,36.05000000,36.85000000,35.67000000,594518.52000000,,3.27323162,1.98019802,0.70000000,,兖矿能源
2018-04-25,600188,35.51000000,35.15000000,35.63000000,34.69000000,325085.76000000,,2.67425320,-2.49653259,-0.90000000,,兖矿能源
2018-04-26,600188,35.15000000,34.85000000,35.59000000,34.45000000,300066.48000000,,3.27116212,-0.85348506,-0.30000000,,兖矿能源
2018-04-27,600188,35.11000000,35.61000000,35.63000000,34.81000000,264084.41000000,,2.30272395,2.18077475,0.76000000,,兖矿能源
2018-05-02,600188,34.35000000,33.67000000,34.53000000,33.35000000,401802.21000000,,3.50460350,-5.44790789,-1.94000000,,兖矿能源
2018-05-03,600188,33.79000000,33.95000000,34.09000000,33.41000000,248835.82000000,,2.00294551,0.83160083,0.28000000,,兖矿能源
2018-05-04,600188,33.95000000,33.65000000,34.05000000,33.51000000,194516.98000000,,1.60475483,-0.88365243,-0.30000000,,兖矿能源
2018-05-07,600188,33.79000000,35.41000000,35.75000000,33.69000000,496620.86000000,,5.81756566,5.23031204,1.76000000,,兖矿能源
2018-05-08,600188,35.59000000,35.51000000,35.83000000,35.07000000,248098.56000000,,2.14024219,0.28240610,0.10000000,,兖矿能源
2018-05-09,600188,35.53000000,35.67000000,36.15000000,35.33000000,276349.51000000,,2.29885057,0.45057730,0.16000000,,兖矿能源
2018-05-10,600188,36.11000000,36.49000000,36.85000000,35.97000000,436343.31000000,,2.41161962,2.29885057,0.82000000,,兖矿能源
2018-05-11,600188,36.49000000,37.41000000,37.73000000,36.05000000,504329.35000000,,4.49077787,2.52123870,0.92000000,,兖矿能源
2018-05-14,600188,37.41000000,37.11000000,38.01000000,36.75000000,392748.25000000,,3.39531124,-0.80192462,-0.30000000,,兖矿能源
2018-05-15,600188,37.23000000,36.89000000,37.35000000,35.89000000,326977.59000000,,3.95771212,-0.59283212,-0.22000000,,兖矿能源
2018-05-16,600188,36.51000000,36.37000000,37.17000000,36.13000000,368001.78000000,,2.85949959,-1.40959610,-0.52000000,,兖矿能源
2018-05-17,600188,36.37000000,36.75000000,36.87000000,36.27000000,272508.40000000,,1.63265306,1.04481716,0.38000000,,兖矿能源
2018-05-18,600188,36.69000000,37.93000000,37.95000000,36.57000000,496250.30000000,,3.63828104,3.21088435,1.18000000,,兖矿能源
2018-05-21,600188,37.33000000,37.51000000,37.55000000,36.91000000,430578.90000000,,1.70621168,-1.10730293,-0.42000000,,兖矿能源
2018-05-22,600188,37.41000000,37.11000000,37.77000000,36.65000000,375197.00000000,,3.01805443,-1.06638230,-0.40000000,,兖矿能源
2018-05-23,600188,36.05000000,34.09000000,36.05000000,34.07000000,960446.36000000,,5.80815488,-8.13796820,-3.02000000,,兖矿能源
2018-05-24,600188,33.91000000,34.15000000,34.31000000,33.41000000,433256.86000000,,2.63543192,0.17600469,0.06000000,,兖矿能源
2018-05-25,600188,34.19000000,33.55000000,34.23000000,33.45000000,251703.15000000,,2.32488823,-1.75695461,-0.60000000,,兖矿能源
2018-05-28,600188,33.69000000,33.81000000,34.17000000,33.63000000,216074.14000000,,1.59716060,0.77496274,0.26000000,,兖矿能源
2018-05-29,600188,34.17000000,34.33000000,34.65000000,34.17000000,312630.26000000,,1.39819400,1.53800651,0.52000000,,兖矿能源
2018-05-30,600188,33.57000000,33.19000000,33.91000000,32.91000000,258854.06000000,,3.01295571,-3.32071075,-1.14000000,,兖矿能源
2018-05-31,600188,33.67000000,33.81000000,34.13000000,33.31000000,229790.53000000,,2.42531795,1.86803254,0.62000000,,兖矿能源
2018-06-01,600188,34.11000000,34.53000000,35.09000000,34.11000000,455877.21000000,,2.83811179,2.12954747,0.72000000,,兖矿能源
2018-06-04,600188,35.03000000,35.25000000,35.97000000,34.93000000,348397.87000000,,2.95035461,2.08514335,0.72000000,,兖矿能源
2018-06-05,600188,35.47000000,35.45000000,35.61000000,34.73000000,298978.28000000,,2.48236953,0.56737589,0.20000000,,兖矿能源
2018-06-06,600188,35.21000000,35.77000000,35.81000000,35.19000000,251260.83000000,,1.73329606,0.90267983,0.32000000,,兖矿能源
2018-06-07,600188,36.09000000,36.03000000,36.71000000,35.89000000,306413.65000000,,2.27588121,0.72686609,0.26000000,,兖矿能源
2018-06-08,600188,35.89000000,35.35000000,36.13000000,35.01000000,298061.86000000,,3.16831683,-1.88731613,-0.68000000,,兖矿能源
2018-06-11,600188,34.81000000,35.73000000,36.11000000,34.63000000,313114.99000000,,4.14217744,1.07496464,0.38000000,,兖矿能源
2018-06-12,600188,35.69000000,36.49000000,36.81000000,35.55000000,344301.06000000,,3.45300082,2.12706409,0.76000000,,兖矿能源
2018-06-13,600188,36.51000000,36.05000000,36.75000000,36.01000000,250991.04000000,,2.05270458,-1.20580981,-0.44000000,,兖矿能源
2018-06-14,600188,35.99000000,36.77000000,36.81000000,35.87000000,317078.41000000,,2.55643187,1.99722607,0.72000000,,兖矿能源
2018-06-15,600188,36.65000000,37.15000000,37.57000000,36.53000000,399415.08000000,,2.79946164,1.03345118,0.38000000,,兖矿能源
2018-06-19,600188,36.57000000,35.73000000,37.07000000,34.71000000,389487.83000000,,6.60509376,-3.82234186,-1.42000000,,兖矿能源
2018-06-20,600188,35.85000000,36.09000000,36.11000000,34.91000000,315642.40000000,,3.32502078,1.00755668,0.36000000,,兖矿能源
2018-06-21,600188,36.01000000,36.43000000,37.25000000,35.87000000,421731.86000000,,3.78808674,0.94208922,0.34000000,,兖矿能源
2018-06-22,600188,35.91000000,36.67000000,36.81000000,35.01000000,361828.11000000,,4.90864467,0.65879769,0.24000000,,兖矿能源
2018-06-25,600188,36.87000000,35.73000000,37.05000000,35.59000000,287195.08000000,,4.08620207,-2.56340333,-0.94000000,,兖矿能源
2018-06-26,600188,35.07000000,34.53000000,35.23000000,33.51000000,362233.58000000,,4.98117579,-3.35852225,-1.20000000,,兖矿能源
2018-06-27,600188,34.61000000,33.89000000,34.79000000,33.71000000,228563.63000000,,3.18678076,-1.85346076,-0.64000000,,兖矿能源
2018-06-28,600188,34.01000000,33.25000000,34.11000000,33.21000000,212146.24000000,,2.70676692,-1.88846267,-0.64000000,,兖矿能源
2018-06-29,600188,33.25000000,33.79000000,33.85000000,32.33000000,334275.92000000,,4.49837230,1.62406015,0.54000000,,兖矿能源
2018-07-02,600188,33.43000000,32.31000000,33.61000000,32.05000000,332836.48000000,,4.82822656,-4.37999408,-1.48000000,,兖矿能源
2018-07-03,600188,32.35000000,32.15000000,32.49000000,31.21000000,312704.82000000,,3.98133748,-0.49520272,-0.16000000,,兖矿能源
2018-07-04,600188,31.93000000,32.01000000,32.53000000,31.91000000,223875.01000000,,1.93689472,-0.43545879,-0.14000000,,兖矿能源
2018-07-05,600188,31.89000000,30.87000000,32.03000000,30.79000000,298262.72000000,,4.01684483,-3.56138707,-1.14000000,,兖矿能源
2018-07-06,600188,30.83000000,30.37000000,31.15000000,29.49000000,416967.09000000,,5.46592032,-1.61969550,-0.50000000,,兖矿能源
2018-07-09,600188,30.51000000,31.13000000,31.23000000,30.41000000,374647.81000000,,2.63411500,2.50246954,0.76000000,,兖矿能源
2018-07-10,600188,31.05000000,31.35000000,31.55000000,30.89000000,305693.72000000,,2.10526316,0.70671378,0.22000000,,兖矿能源
2018-07-11,600188,30.61000000,30.45000000,30.77000000,30.19000000,256147.46000000,,1.90476190,-2.87081340,-0.90000000,,兖矿能源
2018-07-12,600188,30.69000000,31.33000000,31.41000000,30.59000000,302376.99000000,,2.61729971,2.88998358,0.88000000,,兖矿能源
2018-07-13,600188,31.23000000,31.09000000,31.29000000,30.87000000,257518.89000000,,1.35091669,-0.76603894,-0.24000000,,兖矿能源
2018-07-16,600188,31.21000000,31.49000000,31.63000000,31.17000000,412666.27000000,,1.46078120,1.28658733,0.40000000,,兖矿能源
2018-07-17,600188,31.31000000,30.71000000,31.33000000,30.35000000,409184.66000000,,3.19114295,-2.47697682,-0.78000000,,兖矿能源
2018-07-18,600188,30.63000000,30.21000000,30.89000000,30.13000000,326198.99000000,,2.51572327,-1.62813416,-0.50000000,,兖矿能源
2018-07-19,600188,30.33000000,30.35000000,30.59000000,30.09000000,253036.65000000,,1.64744646,0.46342271,0.14000000,,兖矿能源
2018-07-20,600188,30.25000000,30.57000000,30.65000000,29.37000000,377725.14000000,,4.18711155,0.72487644,0.22000000,,兖矿能源
2018-07-23,600188,30.21000000,31.35000000,31.47000000,30.09000000,515367.26000000,,4.40191388,2.55152110,0.78000000,,兖矿能源
2018-07-24,600188,31.37000000,32.39000000,32.61000000,31.37000000,686631.89000000,,3.82834208,3.31738437,1.04000000,,兖矿能源
2018-07-25,600188,32.35000000,32.19000000,32.71000000,31.85000000,423449.24000000,,2.67163715,-0.61747453,-0.20000000,,兖矿能源
2018-07-26,600188,32.31000000,32.01000000,32.63000000,31.83000000,314097.26000000,,2.49921899,-0.55917987,-0.18000000,,兖矿能源
2018-07-27,600188,32.27000000,31.99000000,32.35000000,31.75000000,269553.15000000,,1.87558612,-0.06248047,-0.02000000,,兖矿能源
2018-07-30,600188,31.81000000,32.09000000,32.41000000,31.79000000,273144.70000000,,1.93206606,0.31259769,0.10000000,,兖矿能源
2018-07-31,600188,32.21000000,31.91000000,32.21000000,31.59000000,228731.12000000,,1.94296459,-0.56092241,-0.18000000,,兖矿能源
2018-08-01,600188,32.03000000,30.63000000,32.29000000,30.45000000,369664.77000000,,6.00718250,-4.01128173,-1.28000000,,兖矿能源
2018-08-02,600188,30.53000000,30.47000000,30.81000000,29.91000000,361241.67000000,,2.95372498,-0.52236370,-0.16000000,,兖矿能源
2018-08-03,600188,30.51000000,30.59000000,31.35000000,30.37000000,330458.07000000,,3.20366133,0.39383000,0.12000000,,兖矿能源
2018-08-06,600188,30.71000000,30.71000000,31.01000000,30.31000000,225477.15000000,,2.27938782,0.39228506,0.12000000,,兖矿能源
2018-08-07,600188,31.21000000,31.43000000,31.47000000,30.59000000,356186.52000000,,2.79987273,2.34451319,0.72000000,,兖矿能源
2018-08-08,600188,31.21000000,30.79000000,31.29000000,30.71000000,349105.36000000,,1.88372848,-2.03627108,-0.64000000,,兖矿能源
2018-08-09,600188,30.55000000,31.29000000,31.35000000,30.31000000,368879.74000000,,3.32374561,1.62390386,0.50000000,,兖矿能源
2018-08-10,600188,31.17000000,31.11000000,31.23000000,30.75000000,263334.26000000,,1.54291225,-0.57526366,-0.18000000,,兖矿能源
2018-08-13,600188,30.77000000,31.13000000,31.21000000,30.59000000,202811.69000000,,1.99164793,0.06428801,0.02000000,,兖矿能源
2018-08-14,600188,31.13000000,31.29000000,31.45000000,31.01000000,333301.63000000,,1.40620006,0.51397366,0.16000000,,兖矿能源
2018-08-15,600188,31.29000000,30.33000000,31.31000000,30.31000000,275442.83000000,,3.29706561,-3.06807287,-0.96000000,,兖矿能源
2018-08-16,600188,30.01000000,30.23000000,30.47000000,29.71000000,154721.33000000,,2.51405888,-0.32970656,-0.10000000,,兖矿能源
2018-08-17,600188,30.47000000,30.17000000,30.61000000,30.11000000,194201.99000000,,1.65727544,-0.19847833,-0.06000000,,兖矿能源
2018-08-20,600188,30.19000000,30.55000000,30.57000000,29.95000000,137811.77000000,,2.02945990,1.25952933,0.38000000,,兖矿能源
2018-08-21,600188,30.55000000,30.49000000,30.63000000,30.19000000,202111.42000000,,1.44309610,-0.19639935,-0.06000000,,兖矿能源
2018-08-22,600188,30.57000000,30.55000000,30.95000000,30.41000000,190323.93000000,,1.76759411,0.19678583,0.06000000,,兖矿能源
2018-08-23,600188,30.51000000,30.39000000,30.71000000,30.17000000,170108.54000000,,1.77690030,-0.52373159,-0.16000000,,兖矿能源
2018-08-24,600188,30.25000000,30.41000000,30.43000000,29.99000000,143314.77000000,,1.44689247,0.06581112,0.02000000,,兖矿能源
2018-08-27,600188,30.61000000,30.85000000,30.89000000,30.43000000,259317.70000000,,1.49108590,1.44689247,0.44000000,,兖矿能源
2018-08-28,600188,30.79000000,30.93000000,31.09000000,30.69000000,256354.71000000,,1.29324281,0.25931929,0.08000000,,兖矿能源
2018-08-29,600188,30.75000000,30.63000000,30.89000000,30.59000000,131397.55000000,,0.97943193,-0.96993210,-0.30000000,,兖矿能源
2018-08-30,600188,30.55000000,30.23000000,30.79000000,30.13000000,142410.88000000,,2.18326166,-1.30590924,-0.40000000,,兖矿能源
2018-08-31,600188,30.17000000,30.07000000,30.37000000,30.05000000,97165.18000000,,1.06418357,-0.52927555,-0.16000000,,兖矿能源
2018-09-03,600188,30.07000000,29.73000000,30.07000000,29.53000000,169118.85000000,,1.81634712,-1.13069504,-0.34000000,,兖矿能源
2018-09-04,600188,29.75000000,29.91000000,29.99000000,29.51000000,154003.40000000,,1.60481444,0.60544904,0.18000000,,兖矿能源
2018-09-05,600188,29.93000000,29.41000000,29.93000000,29.39000000,167575.20000000,,1.83611017,-1.67168171,-0.50000000,,兖矿能源
2018-09-06,600188,29.33000000,29.03000000,29.57000000,29.03000000,164271.75000000,,1.86014468,-1.29207752,-0.38000000,,兖矿能源
2018-09-07,600188,29.35000000,29.53000000,29.89000000,29.33000000,253822.76000000,,1.89637657,1.72235618,0.50000000,,兖矿能源
2018-09-10,600188,29.53000000,29.11000000,29.53000000,29.11000000,145984.55000000,,1.44280316,-1.42228242,-0.42000000,,兖矿能源
2018-09-11,600188,29.09000000,28.71000000,29.19000000,28.45000000,211314.75000000,,2.57749913,-1.37409825,-0.40000000,,兖矿能源
2018-09-12,600188,28.65000000,28.77000000,28.93000000,28.53000000,123019.02000000,,1.39033716,0.20898642,0.06000000,,兖矿能源
2018-09-13,600188,29.03000000,29.01000000,29.15000000,28.73000000,135480.04000000,,1.44777663,0.83420229,0.24000000,,兖矿能源
2018-09-14,600188,29.15000000,28.87000000,29.15000000,28.81000000,128610.11000000,,1.17769311,-0.48259221,-0.14000000,,兖矿能源
2018-09-17,600188,28.75000000,28.45000000,28.75000000,28.31000000,120815.23000000,,1.54657293,-1.45479737,-0.42000000,,兖矿能源
2018-09-18,600188,28.51000000,29.09000000,29.15000000,28.33000000,164609.69000000,,2.81883809,2.24956063,0.64000000,,兖矿能源
2018-09-19,600188,28.95000000,29.45000000,29.71000000,28.91000000,235310.15000000,,2.71646859,1.23753867,0.36000000,,兖矿能源
2018-09-20,600188,29.45000000,29.49000000,29.57000000,29.33000000,119635.56000000,,0.81383520,0.13582343,0.04000000,,兖矿能源
2018-09-21,600188,29.61000000,30.55000000,30.57000000,29.47000000,378964.50000000,,3.60065466,3.59443879,1.06000000,,兖矿能源
2018-09-25,600188,30.21000000,30.15000000,30.43000000,29.97000000,220643.97000000,,1.52570481,-1.30932897,-0.40000000,,兖矿能源
2018-09-26,600188,30.15000000,30.25000000,30.73000000,30.15000000,262226.37000000,,1.91735537,0.33167496,0.10000000,,兖矿能源
2018-09-27,600188,30.21000000,30.41000000,30.61000000,30.11000000,198773.51000000,,1.64419599,0.52892562,0.16000000,,兖矿能源
2018-09-28,600188,30.23000000,30.75000000,30.91000000,30.23000000,223366.22000000,,2.21138211,1.11805327,0.34000000,,兖矿能源
2018-10-08,600188,30.39000000,30.03000000,30.57000000,30.01000000,239098.48000000,,1.86480186,-2.34146341,-0.72000000,,兖矿能源
2018-10-09,600188,30.19000000,30.97000000,31.13000000,30.03000000,359976.96000000,,3.55182435,3.13020313,0.94000000,,兖矿能源
2018-10-10,600188,31.17000000,31.39000000,31.93000000,30.91000000,508509.49000000,,3.24944250,1.35615111,0.42000000,,兖矿能源
2018-10-11,600188,30.55000000,30.99000000,31.47000000,30.55000000,412541.23000000,,2.96869958,-1.27429118,-0.40000000,,兖矿能源
2018-10-12,600188,30.71000000,31.35000000,31.43000000,29.81000000,407805.73000000,,5.16746411,1.16166505,0.36000000,,兖矿能源
2018-10-15,600188,31.31000000,30.13000000,31.41000000,30.03000000,297080.28000000,,4.58015267,-3.89154705,-1.22000000,,兖矿能源
2018-10-16,600188,29.99000000,29.55000000,30.57000000,29.25000000,277164.50000000,,4.46700508,-1.92499170,-0.58000000,,兖矿能源
2018-10-17,600188,30.01000000,30.21000000,30.29000000,29.37000000,217365.82000000,,3.04534922,2.23350254,0.66000000,,兖矿能源
2018-10-18,600188,29.87000000,28.83000000,29.87000000,28.83000000,218857.74000000,,3.60735345,-4.56802383,-1.38000000,,兖矿能源
2018-10-19,600188,28.45000000,29.13000000,29.37000000,28.15000000,271866.59000000,,4.18812221,1.04058273,0.30000000,,兖矿能源
2018-10-22,600188,29.35000000,30.25000000,30.51000000,29.15000000,358016.38000000,,4.49586777,3.84483350,1.12000000,,兖矿能源
2018-10-23,600188,30.03000000,29.21000000,30.55000000,29.19000000,324706.73000000,,4.65593975,-3.43801653,-1.04000000,,兖矿能源
2018-10-24,600188,29.21000000,29.71000000,30.01000000,29.07000000,247910.30000000,,3.16391787,1.71174255,0.50000000,,兖矿能源
2018-10-25,600188,28.97000000,30.01000000,30.03000000,28.91000000,221715.85000000,,3.73208930,1.00976102,0.30000000,,兖矿能源
2018-10-26,600188,30.23000000,30.27000000,30.81000000,29.99000000,328262.68000000,,2.70895276,0.86637787,0.26000000,,兖矿能源
2018-10-29,600188,29.11000000,28.01000000,29.29000000,28.01000000,666836.16000000,,4.56979650,-7.46613809,-2.26000000,,兖矿能源
2018-10-30,600188,27.75000000,27.83000000,28.27000000,27.41000000,346078.31000000,,3.09019044,-0.64262763,-0.18000000,,兖矿能源
2018-10-31,600188,27.87000000,28.25000000,28.39000000,27.85000000,271041.80000000,,1.91150442,1.50916277,0.42000000,,兖矿能源
2018-11-01,600188,28.25000000,28.17000000,28.47000000,28.13000000,275748.90000000,,1.20695776,-0.28318584,-0.08000000,,兖矿能源
2018-11-02,600188,28.37000000,28.73000000,28.73000000,28.13000000,361277.30000000,,2.08840933,1.98793042,0.56000000,,兖矿能源
2018-11-05,600188,28.47000000,28.61000000,28.63000000,28.35000000,261404.38000000,,0.97867878,-0.41768187,-0.12000000,,兖矿能源
2018-11-06,600188,28.59000000,28.53000000,28.75000000,28.29000000,201598.52000000,,1.61233789,-0.27962251,-0.08000000,,兖矿能源
2018-11-07,600188,28.35000000,28.11000000,28.55000000,28.11000000,215503.90000000,,1.56527926,-1.47213460,-0.42000000,,兖矿能源
2018-11-08,600188,28.27000000,28.19000000,28.43000000,28.11000000,169050.16000000,,1.13515431,0.28459623,0.08000000,,兖矿能源
2018-11-09,600188,28.15000000,27.93000000,28.17000000,27.89000000,162394.17000000,,1.00250627,-0.92231288,-0.26000000,,兖矿能源
2018-11-12,600188,27.89000000,28.17000000,28.19000000,27.85000000,141088.20000000,,1.20695776,0.85929108,0.24000000,,兖矿能源
2018-11-13,600188,27.93000000,28.35000000,28.41000000,27.87000000,236890.35000000,,1.90476190,0.63897764,0.18000000,,兖矿能源
2018-11-14,600188,28.19000000,28.43000000,28.67000000,28.11000000,275681.04000000,,1.96975026,0.28218695,0.08000000,,兖矿能源
2018-11-15,600188,28.27000000,28.57000000,28.61000000,28.19000000,263126.12000000,,1.47007350,0.49243757,0.14000000,,兖矿能源
2018-11-16,600188,28.61000000,28.49000000,28.67000000,28.43000000,258421.48000000,,0.84240084,-0.28001400,-0.08000000,,兖矿能源
2018-11-19,600188,28.49000000,28.61000000,28.61000000,28.27000000,223523.99000000,,1.18839567,0.42120042,0.12000000,,兖矿能源
2018-11-20,600188,28.49000000,28.07000000,28.51000000,28.05000000,205345.28000000,,1.63876024,-1.88745194,-0.54000000,,兖矿能源
2018-11-21,600188,27.71000000,27.89000000,27.99000000,27.61000000,178186.09000000,,1.36249552,-0.64125401,-0.18000000,,兖矿能源
2018-11-22,600188,27.93000000,27.97000000,28.09000000,27.81000000,113738.80000000,,1.00107258,0.28684116,0.08000000,,兖矿能源
2018-11-23,600188,27.91000000,27.43000000,27.99000000,27.41000000,174173.44000000,,2.11447320,-1.93063997,-0.54000000,,兖矿能源
2018-11-26,600188,27.33000000,26.83000000,27.47000000,26.69000000,177415.30000000,,2.90719344,-2.18738607,-0.60000000,,兖矿能源
2018-11-27,600188,26.95000000,26.61000000,27.03000000,26.49000000,143723.27000000,,2.02931229,-0.81997764,-0.22000000,,兖矿能源
2018-11-28,600188,26.59000000,26.83000000,26.85000000,26.41000000,119625.92000000,,1.63995527,0.82675686,0.22000000,,兖矿能源
2018-11-29,600188,26.89000000,26.49000000,26.95000000,26.47000000,105561.28000000,,1.81200453,-1.26723817,-0.34000000,,兖矿能源
2018-11-30,600188,26.49000000,26.79000000,26.79000000,26.49000000,94837.01000000,,1.11982083,1.13250283,0.30000000,,兖矿能源
2018-12-03,600188,27.27000000,27.67000000,28.31000000,27.09000000,286204.02000000,,4.40910734,3.28480776,0.88000000,,兖矿能源
2018-12-04,600188,27.65000000,27.79000000,27.83000000,27.45000000,146706.90000000,,1.36739834,0.43368269,0.12000000,,兖矿能源
2018-12-05,600188,27.43000000,27.57000000,27.65000000,27.35000000,128193.96000000,,1.08813928,-0.79165167,-0.22000000,,兖矿能源
2018-12-06,600188,27.45000000,27.17000000,27.59000000,27.15000000,114391.90000000,,1.61943320,-1.45085238,-0.40000000,,兖矿能源
2018-12-07,600188,27.27000000,27.45000000,27.57000000,27.13000000,129800.41000000,,1.60291439,1.03054840,0.28000000,,兖矿能源
2018-12-10,600188,27.27000000,27.15000000,27.41000000,27.07000000,77603.96000000,,1.25230203,-1.09289617,-0.30000000,,兖矿能源
2018-12-11,600188,27.13000000,27.09000000,27.23000000,26.99000000,65490.86000000,,0.88593577,-0.22099448,-0.06000000,,兖矿能源
2018-12-12,600188,27.23000000,27.09000000,27.27000000,27.07000000,53530.51000000,,0.73827981,0.00000000,0.00000000,,兖矿能源
2018-12-13,600188,27.13000000,27.27000000,27.47000000,26.97000000,120737.14000000,,1.83351669,0.66445183,0.18000000,,兖矿能源
2018-12-14,600188,27.27000000,26.89000000,27.27000000,26.83000000,89409.27000000,,1.63629602,-1.39347268,-0.38000000,,兖矿能源
2018-12-17,600188,26.61000000,26.91000000,27.03000000,26.61000000,74695.93000000,,1.56075808,0.07437709,0.02000000,,兖矿能源
2018-12-18,600188,26.75000000,26.65000000,26.95000000,26.49000000,72222.72000000,,1.72607880,-0.96618357,-0.26000000,,兖矿能源
2018-12-19,600188,26.67000000,26.29000000,26.69000000,26.29000000,101805.65000000,,1.52149106,-1.35084428,-0.36000000,,兖矿能源
2018-12-20,600188,26.21000000,26.27000000,26.39000000,26.17000000,91146.57000000,,0.83745718,-0.07607455,-0.02000000,,兖矿能源
2018-12-21,600188,26.21000000,25.95000000,26.25000000,25.83000000,103827.23000000,,1.61849711,-1.21811953,-0.32000000,,兖矿能源
2018-12-24,600188,25.87000000,26.03000000,26.05000000,25.81000000,49740.33000000,,0.92201306,0.30828516,0.08000000,,兖矿能源
2018-12-25,600188,25.85000000,25.65000000,25.87000000,25.25000000,138381.20000000,,2.41715400,-1.45985401,-0.38000000,,兖矿能源
2018-12-26,600188,25.61000000,25.39000000,25.71000000,25.35000000,74328.94000000,,1.41788106,-1.01364522,-0.26000000,,兖矿能源
2018-12-27,600188,25.71000000,25.21000000,25.79000000,25.19000000,83916.51000000,,2.38000793,-0.70894053,-0.18000000,,兖矿能源
2018-12-28,600188,25.37000000,25.27000000,25.51000000,25.25000000,80206.67000000,,1.02888801,0.23800079,0.06000000,,兖矿能源
2019-01-02,600188,25.37000000,24.99000000,25.45000000,24.97000000,91479.38000000,,1.92076831,-1.10803324,-0.28000000,,兖矿能源
2019-01-03,600188,24.99000000,24.75000000,25.27000000,24.65000000,145154.67000000,,2.50505051,-0.96038415,-0.24000000,,兖矿能源
2019-01-04,600188,24.53000000,25.17000000,25.19000000,24.43000000,174228.12000000,,3.01946762,1.69696970,0.42000000,,兖矿能源
2019-01-07,600188,25.25000000,25.29000000,25.35000000,25.07000000,184573.05000000,,1.10715698,0.47675805,0.12000000,,兖矿能源
2019-01-08,600188,25.21000000,24.97000000,25.25000000,24.93000000,162235.11000000,,1.28153785,-1.26532226,-0.32000000,,兖矿能源
2019-01-09,600188,25.03000000,25.17000000,25.45000000,25.01000000,247460.20000000,,1.74811283,0.80096115,0.20000000,,兖矿能源
2019-01-10,600188,25.15000000,24.93000000,25.17000000,24.87000000,205894.88000000,,1.20336943,-0.95351609,-0.24000000,,兖矿能源
2019-01-11,600188,24.89000000,24.99000000,25.01000000,24.79000000,167840.65000000,,0.88035214,0.24067389,0.06000000,,兖矿能源
2019-01-14,600188,25.03000000,25.25000000,25.51000000,25.03000000,312697.24000000,,1.90099010,1.04041617,0.26000000,,兖矿能源
2019-01-15,600188,25.19000000,25.29000000,25.31000000,24.95000000,165271.77000000,,1.42348754,0.15841584,0.04000000,,兖矿能源
2019-01-16,600188,25.27000000,25.41000000,25.51000000,25.23000000,247919.81000000,,1.10192837,0.47449585,0.12000000,,兖矿能源
2019-01-17,600188,25.39000000,25.71000000,25.89000000,25.27000000,476125.47000000,,2.41151303,1.18063754,0.30000000,,兖矿能源
2019-01-18,600188,25.61000000,25.95000000,26.17000000,25.61000000,394647.44000000,,2.15799615,0.93348891,0.24000000,,兖矿能源
2019-01-21,600188,26.03000000,26.05000000,26.17000000,25.81000000,274618.49000000,,1.38195777,0.38535645,0.10000000,,兖矿能源
2019-01-22,600188,25.95000000,25.61000000,25.99000000,25.59000000,179545.30000000,,1.56188989,-1.68905950,-0.44000000,,兖矿能源
2019-01-23,600188,25.55000000,25.43000000,25.69000000,25.33000000,169167.84000000,,1.41565081,-0.70285045,-0.18000000,,兖矿能源
2019-01-24,600188,25.51000000,25.37000000,25.51000000,25.05000000,155720.04000000,,1.81316516,-0.23594180,-0.06000000,,兖矿能源
2019-01-25,600188,25.39000000,25.35000000,25.53000000,25.31000000,134245.28000000,,0.86785010,-0.07883327,-0.02000000,,兖矿能源
2019-01-28,600188,25.47000000,25.59000000,25.73000000,25.37000000,178959.85000000,,1.40679953,0.94674556,0.24000000,,兖矿能源
2019-01-29,600188,25.51000000,25.41000000,25.59000000,25.05000000,179469.90000000,,2.12514758,-0.70339977,-0.18000000,,兖矿能源
2019-01-30,600188,25.29000000,25.25000000,25.53000000,25.21000000,115323.30000000,,1.26732673,-0.62967336,-0.16000000,,兖矿能源
2019-01-31,600188,25.27000000,25.39000000,25.53000000,25.27000000,166275.41000000,,1.02402521,0.55445545,0.14000000,,兖矿能源
2019-02-01,600188,25.51000000,25.89000000,25.93000000,25.51000000,228785.82000000,,1.62224797,1.96927924,0.50000000,,兖矿能源
2019-02-11,600188,25.81000000,26.11000000,26.13000000,25.79000000,259990.38000000,,1.30218307,0.84974894,0.22000000,,兖矿能源
2019-02-12,600188,26.01000000,26.45000000,26.45000000,26.01000000,310316.94000000,,1.66351607,1.30218307,0.34000000,,兖矿能源
2019-02-13,600188,26.51000000,26.59000000,26.65000000,26.27000000,286111.28000000,,1.42910869,0.52930057,0.14000000,,兖矿能源
2019-02-14,600188,26.53000000,26.35000000,26.67000000,26.33000000,263021.77000000,,1.29032258,-0.90259496,-0.24000000,,兖矿能源
2019-02-15,600188,26.35000000,25.95000000,26.41000000,25.91000000,283054.84000000,,1.92678227,-1.51802657,-0.40000000,,兖矿能源
2019-02-18,600188,26.05000000,26.55000000,26.59000000,26.05000000,333899.96000000,,2.03389831,2.31213873,0.60000000,,兖矿能源
2019-02-19,600188,26.55000000,26.39000000,26.65000000,26.21000000,293769.32000000,,1.66729822,-0.60263653,-0.16000000,,兖矿能源
2019-02-20,600188,26.37000000,26.85000000,26.87000000,26.33000000,403160.82000000,,2.01117318,1.74308450,0.46000000,,兖矿能源
2019-02-21,600188,26.93000000,26.55000000,27.13000000,26.53000000,452980.70000000,,2.25988701,-1.11731844,-0.30000000,,兖矿能源
2019-02-22,600188,26.49000000,26.79000000,26.81000000,26.31000000,275994.79000000,,1.86636805,0.90395480,0.24000000,,兖矿能源
2019-02-25,600188,26.91000000,28.13000000,28.13000000,26.91000000,688039.09000000,,4.33700675,5.00186637,1.34000000,,兖矿能源
2019-02-26,600188,28.31000000,28.55000000,29.49000000,27.93000000,829786.78000000,,5.46409807,1.49306790,0.42000000,,兖矿能源
2019-02-27,600188,28.73000000,28.75000000,29.23000000,28.37000000,525271.17000000,,2.99130435,0.70052539,0.20000000,,兖矿能源
2019-02-28,600188,28.77000000,28.83000000,28.95000000,28.53000000,327600.15000000,,1.45681582,0.27826087,0.08000000,,兖矿能源
2019-03-01,600188,28.93000000,29.37000000,29.37000000,28.67000000,409609.22000000,,2.38338441,1.87304891,0.54000000,,兖矿能源
2019-03-04,600188,29.69000000,29.39000000,30.15000000,29.15000000,668428.54000000,,3.40251786,0.06809670,0.02000000,,兖矿能源
2019-03-05,600188,29.31000000,29.35000000,29.47000000,28.99000000,408962.73000000,,1.63543441,-0.13610071,-0.04000000,,兖矿能源
2019-03-06,600188,29.39000000,29.59000000,29.77000000,29.11000000,500591.54000000,,2.23048327,0.81771721,0.24000000,,兖矿能源
2019-03-07,600188,29.51000000,29.73000000,30.11000000,29.21000000,525779.57000000,,3.02724521,0.47313282,0.14000000,,兖矿能源
2019-03-08,600188,29.23000000,28.29000000,29.23000000,28.19000000,519381.30000000,,3.67621068,-4.84359233,-1.44000000,,兖矿能源
2019-03-11,600188,28.11000000,28.69000000,28.79000000,28.07000000,257248.08000000,,2.50958522,1.41392718,0.40000000,,兖矿能源
2019-03-12,600188,28.89000000,28.65000000,28.97000000,28.39000000,331291.69000000,,2.02443281,-0.13942140,-0.04000000,,兖矿能源
2019-03-13,600188,28.61000000,28.37000000,28.65000000,28.27000000,226828.49000000,,1.33944307,-0.97731239,-0.28000000,,兖矿能源
2019-03-14,600188,28.41000000,28.51000000,28.87000000,28.25000000,281140.25000000,,2.17467555,0.49347903,0.14000000,,兖矿能源
2019-03-15,600188,28.57000000,28.83000000,28.95000000,28.37000000,302545.33000000,,2.01179327,1.12241319,0.32000000,,兖矿能源
2019-03-18,600188,28.93000000,29.45000000,29.63000000,28.67000000,460760.25000000,,3.25976231,2.15053763,0.62000000,,兖矿能源
2019-03-19,600188,29.33000000,29.07000000,29.47000000,28.91000000,327280.44000000,,1.92638459,-1.29032258,-0.38000000,,兖矿能源
2019-03-20,600188,29.25000000,29.15000000,29.45000000,28.77000000,327824.18000000,,2.33276158,0.27519780,0.08000000,,兖矿能源
2019-03-21,600188,29.21000000,29.11000000,29.27000000,28.89000000,289323.30000000,,1.30539334,-0.13722127,-0.04000000,,兖矿能源
2019-03-22,600188,29.09000000,28.99000000,29.11000000,28.69000000,234304.66000000,,1.44877544,-0.41222947,-0.12000000,,兖矿能源
2019-03-25,600188,28.51000000,28.47000000,28.77000000,28.35000000,232012.07000000,,1.47523709,-1.79372197,-0.52000000,,兖矿能源
2019-03-26,600188,28.57000000,27.99000000,28.67000000,27.95000000,185642.42000000,,2.57234727,-1.68598525,-0.48000000,,兖矿能源
2019-03-27,600188,28.05000000,28.29000000,28.31000000,27.87000000,142536.81000000,,1.55531990,1.07181136,0.30000000,,兖矿能源
2019-03-28,600188,28.11000000,28.03000000,28.35000000,28.01000000,124995.56000000,,1.21298609,-0.91905267,-0.26000000,,兖矿能源
2019-03-29,600188,28.15000000,28.93000000,28.95000000,28.07000000,327311.39000000,,3.04182510,3.21084552,0.90000000,,兖矿能源
2019-04-01,600188,29.63000000,29.93000000,30.05000000,29.27000000,616424.83000000,,2.60608086,3.45661943,1.00000000,,兖矿能源
2019-04-02,600188,30.13000000,29.99000000,30.17000000,29.69000000,435608.70000000,,1.60053351,0.20046776,0.06000000,,兖矿能源
2019-04-03,600188,29.95000000,30.73000000,30.99000000,29.85000000,539495.97000000,,3.70972991,2.46748916,0.74000000,,兖矿能源
2019-04-04,600188,30.97000000,31.83000000,31.99000000,30.95000000,710499.80000000,,3.26735784,3.57956394,1.10000000,,兖矿能源
2019-04-08,600188,32.43000000,32.55000000,33.21000000,31.81000000,700289.67000000,,4.30107527,2.26201697,0.72000000,,兖矿能源
2019-04-09,600188,32.25000000,31.93000000,32.27000000,31.73000000,390750.70000000,,1.69119950,-1.90476190,-0.62000000,,兖矿能源
2019-04-10,600188,31.93000000,32.01000000,32.43000000,31.29000000,485018.13000000,,3.56138707,0.25054807,0.08000000,,兖矿能源
2019-04-11,600188,31.77000000,31.47000000,32.35000000,31.33000000,400062.86000000,,3.24118208,-1.68697282,-0.54000000,,兖矿能源
2019-04-12,600188,31.47000000,31.67000000,31.87000000,31.31000000,243751.96000000,,1.76823492,0.63552590,0.20000000,,兖矿能源
2019-04-15,600188,32.15000000,31.25000000,32.27000000,31.23000000,302105.81000000,,3.32800000,-1.32617619,-0.42000000,,兖矿能源
2019-04-16,600188,30.99000000,31.99000000,32.01000000,30.81000000,299358.41000000,,3.75117224,2.36800000,0.74000000,,兖矿能源
2019-04-17,600188,32.15000000,32.09000000,32.45000000,31.85000000,291506.72000000,,1.86974135,0.31259769,0.10000000,,兖矿能源
2019-04-18,600188,32.05000000,31.63000000,32.33000000,31.63000000,240714.86000000,,2.21308884,-1.43346837,-0.46000000,,兖矿能源
2019-04-19,600188,31.45000000,32.07000000,32.41000000,30.89000000,431999.24000000,,4.73963205,1.39108441,0.44000000,,兖矿能源
2019-04-22,600188,32.23000000,31.37000000,32.23000000,31.21000000,261751.81000000,,3.25151419,-2.18272529,-0.70000000,,兖矿能源
2019-04-23,600188,31.17000000,30.95000000,31.63000000,30.83000000,215572.89000000,,2.58481422,-1.33885878,-0.42000000,,兖矿能源
2019-04-24,600188,30.95000000,31.17000000,31.33000000,30.81000000,166226.11000000,,1.66827077,0.71082391,0.22000000,,兖矿能源
2019-04-25,600188,31.03000000,30.11000000,31.11000000,30.11000000,207773.17000000,,3.32115576,-3.40070581,-1.06000000,,兖矿能源
2019-04-26,600188,30.11000000,30.07000000,30.47000000,29.83000000,146395.17000000,,2.12836714,-0.13284623,-0.04000000,,兖矿能源
2019-04-29,600188,30.29000000,30.27000000,30.89000000,30.23000000,235330.03000000,,2.18037661,0.66511473,0.20000000,,兖矿能源
2019-04-30,600188,30.21000000,30.61000000,30.81000000,30.17000000,155607.48000000,,2.09081999,1.12322431,0.34000000,,兖矿能源
2019-05-06,600188,29.71000000,29.25000000,29.79000000,28.71000000,323188.90000000,,3.69230769,-4.44299249,-1.36000000,,兖矿能源
2019-05-07,600188,29.31000000,29.59000000,29.77000000,29.31000000,215259.27000000,,1.55457925,1.16239316,0.34000000,,兖矿能源
2019-05-08,600188,29.19000000,29.15000000,29.59000000,29.03000000,134684.06000000,,1.92109777,-1.48698885,-0.44000000,,兖矿能源
2019-05-09,600188,29.01000000,28.65000000,29.25000000,28.59000000,136000.66000000,,2.30366492,-1.71526587,-0.50000000,,兖矿能源
2019-05-10,600188,28.91000000,29.27000000,29.35000000,28.33000000,178135.36000000,,3.48479672,2.16404887,0.62000000,,兖矿能源
2019-05-13,600188,28.83000000,29.19000000,29.53000000,28.71000000,127961.03000000,,2.80918123,-0.27331739,-0.08000000,,兖矿能源
2019-05-14,600188,29.05000000,29.03000000,29.25000000,28.95000000,112992.54000000,,1.03341371,-0.54813292,-0.16000000,,兖矿能源
2019-05-15,600188,29.19000000,29.37000000,29.43000000,29.13000000,116153.59000000,,1.02145046,1.17120220,0.34000000,,兖矿能源
2019-05-16,600188,29.41000000,29.75000000,29.79000000,29.31000000,146262.57000000,,1.61344538,1.29383725,0.38000000,,兖矿能源
2019-05-17,600188,29.79000000,28.99000000,29.83000000,28.93000000,168099.15000000,,3.10451880,-2.55462185,-0.76000000,,兖矿能源
2019-05-20,600188,28.97000000,28.69000000,29.15000000,28.49000000,136269.91000000,,2.30045312,-1.03483960,-0.30000000,,兖矿能源
2019-05-21,600188,28.69000000,29.19000000,29.25000000,28.65000000,108833.99000000,,2.05549846,1.74276751,0.50000000,,兖矿能源
2019-05-22,600188,29.37000000,29.09000000,29.47000000,28.87000000,109439.64000000,,2.06256446,-0.34258308,-0.10000000,,兖矿能源
2019-05-23,600188,29.07000000,29.19000000,29.63000000,28.81000000,159913.75000000,,2.80918123,0.34376074,0.10000000,,兖矿能源
2019-05-24,600188,29.11000000,28.95000000,29.27000000,28.87000000,93980.30000000,,1.38169257,-0.82219938,-0.24000000,,兖矿能源
2019-05-27,600188,28.95000000,29.23000000,29.35000000,28.81000000,111759.65000000,,1.84741704,0.96718480,0.28000000,,兖矿能源
2019-05-28,600188,29.25000000,29.53000000,29.53000000,28.95000000,170836.46000000,,1.96410430,1.02634280,0.30000000,,兖矿能源
2019-05-29,600188,29.25000000,29.27000000,29.41000000,29.13000000,103892.25000000,,0.95661086,-0.88046055,-0.26000000,,兖矿能源
2019-05-30,600188,29.23000000,29.27000000,29.35000000,29.03000000,103483.54000000,,1.09326956,0.00000000,0.00000000,,兖矿能源
2019-05-31,600188,29.29000000,29.03000000,29.33000000,29.03000000,92896.72000000,,1.03341371,-0.81995217,-0.24000000,,兖矿能源
2019-06-03,600188,28.93000000,28.37000000,29.01000000,28.29000000,215136.26000000,,2.53789214,-2.27351016,-0.66000000,,兖矿能源
2019-06-04,600188,28.53000000,28.69000000,28.85000000,28.45000000,138193.85000000,,1.39421401,1.12795206,0.32000000,,兖矿能源
2019-06-05,600188,28.89000000,28.85000000,29.09000000,28.77000000,95992.32000000,,1.10918544,0.55768560,0.16000000,,兖矿能源
2019-06-06,600188,28.79000000,28.85000000,29.01000000,28.77000000,82290.95000000,,0.83188908,0.00000000,0.00000000,,兖矿能源
2019-06-10,600188,28.87000000,29.17000000,29.19000000,28.77000000,140540.51000000,,1.43983545,1.10918544,0.32000000,,兖矿能源
2019-06-11,600188,29.01000000,29.49000000,29.49000000,29.01000000,229002.77000000,,1.62767040,1.09701748,0.32000000,,兖矿能源
2019-06-12,600188,29.43000000,29.23000000,29.43000000,29.11000000,125987.65000000,,1.09476565,-0.88165480,-0.26000000,,兖矿能源
2019-06-13,600188,29.17000000,29.15000000,29.27000000,28.97000000,108020.75000000,,1.02915952,-0.27369141,-0.08000000,,兖矿能源
2019-06-14,600188,29.19000000,29.03000000,29.31000000,29.01000000,106882.32000000,,1.03341371,-0.41166381,-0.12000000,,兖矿能源
2019-06-17,600188,29.01000000,29.17000000,29.25000000,28.99000000,69124.51000000,,0.89132671,0.48225973,0.14000000,,兖矿能源
2019-06-18,600188,29.27000000,29.27000000,29.33000000,29.09000000,56342.86000000,,0.81995217,0.34281796,0.10000000,,兖矿能源
2019-06-19,600188,29.63000000,29.31000000,29.79000000,29.27000000,134053.98000000,,1.77413852,0.13665869,0.04000000,,兖矿能源
2019-06-20,600188,29.33000000,29.75000000,29.89000000,29.23000000,169995.71000000,,2.21848739,1.50119413,0.44000000,,兖矿能源
2019-06-21,600188,29.83000000,29.89000000,30.07000000,29.71000000,158875.06000000,,1.20441619,0.47058824,0.14000000,,兖矿能源
2019-06-24,600188,29.87000000,30.15000000,30.35000000,29.71000000,136989.09000000,,2.12271973,0.86985614,0.26000000,,兖矿能源
2019-06-25,600188,30.13000000,30.35000000,30.43000000,29.91000000,226682.45000000,,1.71334432,0.66334992,0.20000000,,兖矿能源
2019-06-26,600188,30.29000000,30.61000000,30.63000000,30.15000000,157931.19000000,,1.56811500,0.85667216,0.26000000,,兖矿能源
2019-06-27,600188,30.61000000,30.71000000,30.89000000,30.51000000,172845.09000000,,1.23738196,0.32669062,0.10000000,,兖矿能源
2019-06-28,600188,30.69000000,30.53000000,30.77000000,30.45000000,111211.71000000,,1.04814936,-0.58612830,-0.18000000,,兖矿能源
2019-07-01,600188,30.83000000,30.73000000,30.95000000,30.63000000,141241.95000000,,1.04132769,0.65509335,0.20000000,,兖矿能源
2019-07-02,600188,30.73000000,30.63000000,30.81000000,30.47000000,115399.71000000,,1.11002285,-0.32541490,-0.10000000,,兖矿能源
2019-07-03,600188,30.53000000,30.29000000,30.57000000,30.17000000,156779.54000000,,1.32056784,-1.11002285,-0.34000000,,兖矿能源
2019-07-04,600188,30.41000000,30.19000000,30.63000000,30.05000000,120369.84000000,,1.92116595,-0.33014196,-0.10000000,,兖矿能源
2019-07-05,600188,30.33000000,30.13000000,30.35000000,30.03000000,96950.36000000,,1.06206439,-0.19874131,-0.06000000,,兖矿能源
2019-07-08,600188,30.01000000,29.43000000,30.13000000,29.33000000,144071.00000000,,2.71831464,-2.32326585,-0.70000000,,兖矿能源
2019-07-09,600188,29.51000000,29.27000000,29.57000000,29.19000000,103838.88000000,,1.29825760,-0.54366293,-0.16000000,,兖矿能源
2019-07-10,600188,29.31000000,29.21000000,29.43000000,29.09000000,91562.95000000,,1.16398494,-0.20498804,-0.06000000,,兖矿能源
2019-07-11,600188,29.39000000,29.09000000,29.41000000,28.95000000,100005.24000000,,1.58129942,-0.41081821,-0.12000000,,兖矿能源
2019-07-12,600188,29.17000000,29.31000000,29.43000000,29.03000000,99449.12000000,,1.36472194,0.75627363,0.22000000,,兖矿能源
2019-07-15,600188,29.41000000,29.51000000,29.55000000,29.03000000,99253.81000000,,1.76211454,0.68236097,0.20000000,,兖矿能源
2019-07-16,600188,29.39000000,29.47000000,29.61000000,29.39000000,54422.92000000,,0.74652189,-0.13554727,-0.04000000,,兖矿能源
2019-07-17,600188,29.47000000,29.37000000,29.53000000,29.31000000,66182.00000000,,0.74906367,-0.33932813,-0.10000000,,兖矿能源
2019-07-18,600188,29.29000000,29.07000000,29.31000000,29.07000000,64832.27000000,,0.82559340,-1.02145046,-0.30000000,,兖矿能源
2019-07-19,600188,29.27000000,29.43000000,29.57000000,29.19000000,88128.28000000,,1.29119946,1.23839009,0.36000000,,兖矿能源
2019-07-22,600188,29.45000000,29.15000000,29.49000000,28.95000000,75621.76000000,,1.85248714,-0.95141013,-0.28000000,,兖矿能源
2019-07-23,600188,29.03000000,29.33000000,29.41000000,29.03000000,62255.81000000,,1.29560177,0.61749571,0.18000000,,兖矿能源
2019-07-24,600188,29.51000000,29.29000000,29.63000000,29.21000000,103349.37000000,,1.43393650,-0.13637913,-0.04000000,,兖矿能源
2019-07-25,600188,29.33000000,29.41000000,29.53000000,29.27000000,65731.54000000,,0.88405304,0.40969614,0.12000000,,兖矿能源
2019-07-26,600188,29.41000000,29.55000000,29.63000000,29.35000000,91197.94000000,,0.94754653,0.47602856,0.14000000,,兖矿能源
2019-07-29,600188,29.67000000,29.47000000,29.67000000,29.43000000,69334.65000000,,0.81438751,-0.27072758,-0.08000000,,兖矿能源
2019-07-30,600188,29.47000000,29.49000000,29.65000000,29.45000000,92918.76000000,,0.67819600,0.06786563,0.02000000,,兖矿能源
2019-07-31,600188,29.41000000,29.37000000,29.53000000,29.27000000,85209.69000000,,0.88525707,-0.40691760,-0.12000000,,兖矿能源
2019-08-01,600188,29.43000000,29.29000000,29.53000000,29.19000000,88236.48000000,,1.16080574,-0.27238679,-0.08000000,,兖矿能源
2019-08-02,600188,28.95000000,29.05000000,29.19000000,28.81000000,102093.99000000,,1.30808950,-0.81939228,-0.24000000,,兖矿能源
2019-08-05,600188,28.99000000,28.21000000,29.05000000,28.19000000,153796.42000000,,3.04856434,-2.89156627,-0.84000000,,兖矿能源
2019-08-06,600188,28.01000000,27.53000000,28.01000000,27.11000000,189227.41000000,,3.26916092,-2.41049273,-0.68000000,,兖矿能源
2019-08-07,600188,27.55000000,27.37000000,27.63000000,27.37000000,89303.37000000,,0.94994520,-0.58118416,-0.16000000,,兖矿能源
2019-08-08,600188,27.51000000,27.47000000,27.67000000,27.37000000,68725.88000000,,1.09210047,0.36536354,0.10000000,,兖矿能源
2019-08-09,600188,27.63000000,27.11000000,27.63000000,27.07000000,77473.00000000,,2.06565843,-1.31052057,-0.36000000,,兖矿能源
2019-08-12,600188,27.25000000,27.49000000,27.49000000,27.19000000,81369.88000000,,1.09130593,1.40169679,0.38000000,,兖矿能源
2019-08-13,600188,27.29000000,27.21000000,27.39000000,27.17000000,55696.63000000,,0.80852628,-1.01855220,-0.28000000,,兖矿能源
2019-08-14,600188,27.41000000,27.27000000,27.55000000,27.25000000,77886.31000000,,1.10011001,0.22050717,0.06000000,,兖矿能源
2019-08-15,600188,26.93000000,27.23000000,27.31000000,26.75000000,91074.96000000,,2.05655527,-0.14668133,-0.04000000,,兖矿能源
2019-08-16,600188,27.29000000,27.23000000,27.41000000,27.17000000,65156.56000000,,0.88138083,0.00000000,0.00000000,,兖矿能源
2019-08-19,600188,27.23000000,27.71000000,27.73000000,27.23000000,96638.36000000,,1.80440274,1.76276166,0.48000000,,兖矿能源
2019-08-20,600188,27.73000000,27.87000000,28.07000000,27.71000000,125979.11000000,,1.29171152,0.57740888,0.16000000,,兖矿能源
2019-08-21,600188,27.73000000,27.81000000,27.95000000,27.65000000,64287.41000000,,1.07874865,-0.21528525,-0.06000000,,兖矿能源
2019-08-22,600188,27.97000000,27.91000000,28.15000000,27.81000000,82057.59000000,,1.21820136,0.35958288,0.10000000,,兖矿能源
2019-08-23,600188,27.89000000,27.73000000,27.93000000,27.61000000,81548.54000000,,1.15398485,-0.64493013,-0.18000000,,兖矿能源
2019-08-26,600188,27.33000000,27.57000000,27.69000000,27.25000000,91289.72000000,,1.59593761,-0.57699243,-0.16000000,,兖矿能源
2019-08-27,600188,27.67000000,27.71000000,28.17000000,27.67000000,129501.04000000,,1.80440274,0.50779833,0.14000000,,兖矿能源
2019-08-28,600188,27.89000000,27.89000000,28.03000000,27.73000000,71095.21000000,,1.07565436,0.64958499,0.18000000,,兖矿能源
2019-08-29,600188,27.79000000,27.99000000,28.03000000,27.73000000,83706.92000000,,1.07181136,0.35855145,0.10000000,,兖矿能源
2019-08-30,600188,28.09000000,27.93000000,28.17000000,27.75000000,90305.92000000,,1.50375940,-0.21436227,-0.06000000,,兖矿能源
2019-09-02,600188,29.85000000,29.85000000,29.85000000,29.65000000,170092.79000000,,0.67001675,6.87432868,1.92000000,,兖矿能源
2019-09-03,600188,30.59000000,30.39000000,30.73000000,30.15000000,591135.46000000,,1.90852254,1.80904523,0.54000000,,兖矿能源
2019-09-04,600188,30.49000000,31.07000000,31.15000000,30.27000000,471422.18000000,,2.83231413,2.23757815,0.68000000,,兖矿能源
2019-09-05,600188,31.05000000,30.85000000,31.45000000,30.83000000,342054.30000000,,2.00972447,-0.70807853,-0.22000000,,兖矿能源
2019-09-06,600188,31.07000000,31.17000000,31.49000000,30.89000000,304053.93000000,,1.92492782,1.03727715,0.32000000,,兖矿能源
2019-09-09,600188,31.29000000,31.57000000,31.63000000,31.09000000,320122.78000000,,1.71048464,1.28328521,0.40000000,,兖矿能源
2019-09-10,600188,31.57000000,31.65000000,31.85000000,31.31000000,187848.58000000,,1.70616114,0.25340513,0.08000000,,兖矿能源
2019-09-11,600188,31.83000000,31.59000000,31.89000000,31.53000000,213930.94000000,,1.13960114,-0.18957346,-0.06000000,,兖矿能源
2019-09-12,600188,31.59000000,31.63000000,31.87000000,31.49000000,181254.84000000,,1.20139108,0.12662235,0.04000000,,兖矿能源
2019-09-16,600188,31.91000000,31.49000000,32.09000000,31.35000000,218828.64000000,,2.34995237,-0.44261777,-0.14000000,,兖矿能源
2019-09-17,600188,31.37000000,31.37000000,31.67000000,31.33000000,194068.17000000,,1.08383806,-0.38107336,-0.12000000,,兖矿能源
2019-09-18,600188,31.49000000,31.43000000,31.55000000,31.17000000,123652.07000000,,1.20903595,0.19126554,0.06000000,,兖矿能源
2019-09-19,600188,31.33000000,31.39000000,31.43000000,30.93000000,134959.95000000,,1.59286397,-0.12726694,-0.04000000,,兖矿能源
2019-09-20,600188,31.35000000,30.95000000,31.41000000,30.95000000,153035.82000000,,1.48626817,-1.40172029,-0.44000000,,兖矿能源
2019-09-23,600188,31.03000000,30.75000000,31.07000000,30.63000000,184590.24000000,,1.43089431,-0.64620355,-0.20000000,,兖矿能源
2019-09-24,600188,30.57000000,30.67000000,31.13000000,30.57000000,203311.61000000,,1.82588849,-0.26016260,-0.08000000,,兖矿能源
2019-09-25,600188,30.73000000,30.33000000,30.85000000,30.25000000,181107.98000000,,1.97823937,-1.10857515,-0.34000000,,兖矿能源
2019-09-26,600188,30.53000000,30.19000000,30.65000000,30.09000000,134583.17000000,,1.85491885,-0.46158919,-0.14000000,,兖矿能源
2019-09-27,600188,30.35000000,30.17000000,30.35000000,29.99000000,130061.22000000,,1.19323832,-0.06624710,-0.02000000,,兖矿能源
2019-09-30,600188,30.09000000,30.09000000,30.23000000,29.95000000,108899.59000000,,0.93054171,-0.26516407,-0.08000000,,兖矿能源
2019-10-08,600188,30.09000000,30.15000000,30.35000000,29.95000000,134614.10000000,,1.32669983,0.19940179,0.06000000,,兖矿能源
2019-10-09,600188,30.01000000,30.33000000,30.35000000,29.97000000,107675.22000000,,1.25288493,0.59701493,0.18000000,,兖矿能源
2019-10-10,600188,30.37000000,30.33000000,30.47000000,30.21000000,104654.99000000,,0.85723706,0.00000000,0.00000000,,兖矿能源
2019-10-11,600188,30.37000000,30.53000000,30.65000000,30.37000000,130100.40000000,,0.91713069,0.65941312,0.20000000,,兖矿能源
2019-10-14,600188,30.69000000,31.01000000,31.09000000,30.69000000,163748.46000000,,1.28990648,1.57222404,0.48000000,,兖矿能源
2019-10-15,600188,31.05000000,30.83000000,31.15000000,30.77000000,113237.13000000,,1.23256568,-0.58045792,-0.18000000,,兖矿能源
2019-10-16,600188,30.93000000,30.49000000,30.99000000,30.41000000,124226.37000000,,1.90226304,-1.10282193,-0.34000000,,兖矿能源
2019-10-17,600188,30.55000000,30.39000000,30.63000000,30.31000000,77194.34000000,,1.05297795,-0.32797639,-0.10000000,,兖矿能源
2019-10-18,600188,30.37000000,29.93000000,30.49000000,29.85000000,129540.39000000,,2.13832275,-1.51365581,-0.46000000,,兖矿能源
2019-10-21,600188,29.93000000,30.29000000,30.35000000,29.63000000,131116.39000000,,2.37702212,1.20280655,0.36000000,,兖矿能源
2019-10-22,600188,30.35000000,30.39000000,30.43000000,30.15000000,95707.25000000,,0.92135571,0.33014196,0.10000000,,兖矿能源
2019-10-23,600188,30.33000000,30.49000000,30.67000000,30.29000000,98122.35000000,,1.24631027,0.32905561,0.10000000,,兖矿能源
2019-10-24,600188,30.43000000,30.45000000,30.51000000,30.23000000,86593.85000000,,0.91954023,-0.13119055,-0.04000000,,兖矿能源
2019-10-25,600188,30.53000000,30.65000000,30.73000000,30.37000000,91315.16000000,,1.17455139,0.65681445,0.20000000,,兖矿能源
2019-10-28,600188,30.49000000,30.33000000,30.67000000,30.25000000,208942.86000000,,1.38476756,-1.04404568,-0.32000000,,兖矿能源
2019-10-29,600188,30.31000000,29.97000000,30.33000000,29.89000000,181157.18000000,,1.46813480,-1.18694362,-0.36000000,,兖矿能源
2019-10-30,600188,29.99000000,29.81000000,29.99000000,29.65000000,161195.94000000,,1.14055686,-0.53386720,-0.16000000,,兖矿能源
2019-10-31,600188,29.77000000,29.57000000,29.83000000,29.45000000,175553.00000000,,1.28508624,-0.80509896,-0.24000000,,兖矿能源
2019-11-01,600188,29.45000000,29.67000000,29.67000000,29.19000000,210654.11000000,,1.61779575,0.33818059,0.10000000,,兖矿能源
2019-11-04,600188,29.77000000,29.75000000,29.79000000,29.61000000,159960.68000000,,0.60504202,0.26963263,0.08000000,,兖矿能源
2019-11-05,600188,29.75000000,30.01000000,30.09000000,29.61000000,198333.87000000,,1.59946684,0.87394958,0.26000000,,兖矿能源
2019-11-06,600188,29.89000000,30.05000000,30.27000000,29.89000000,150792.84000000,,1.26455907,0.13328890,0.04000000,,兖矿能源
2019-11-07,600188,30.05000000,30.01000000,30.13000000,29.83000000,119886.06000000,,0.99966678,-0.13311148,-0.04000000,,兖矿能源
2019-11-08,600188,30.03000000,29.93000000,30.13000000,29.91000000,112238.43000000,,0.73504845,-0.26657781,-0.08000000,,兖矿能源
2019-11-11,600188,29.87000000,29.41000000,29.91000000,29.27000000,153110.40000000,,2.17613057,-1.73738724,-0.52000000,,兖矿能源
2019-11-12,600188,29.51000000,30.15000000,30.41000000,29.51000000,539288.40000000,,2.98507463,2.51615097,0.74000000,,兖矿能源
2019-11-13,600188,30.31000000,29.89000000,30.31000000,29.83000000,267956.64000000,,1.60588826,-0.86235489,-0.26000000,,兖矿能源
2019-11-14,600188,30.05000000,29.47000000,30.05000000,29.39000000,274387.52000000,,2.23956566,-1.40515222,-0.42000000,,兖矿能源
2019-11-15,600188,29.49000000,29.17000000,29.51000000,28.97000000,229113.53000000,,1.85121700,-1.01798439,-0.30000000,,兖矿能源
2019-11-18,600188,29.07000000,29.25000000,29.41000000,29.01000000,241319.85000000,,1.36752137,0.27425437,0.08000000,,兖矿能源
2019-11-19,600188,28.99000000,29.13000000,29.25000000,28.99000000,267954.93000000,,0.89255064,-0.41025641,-0.12000000,,兖矿能源
2019-11-20,600188,29.13000000,29.07000000,29.37000000,28.97000000,178823.98000000,,1.37598899,-0.20597322,-0.06000000,,兖矿能源
2019-11-21,600188,28.99000000,29.09000000,29.13000000,28.93000000,82303.84000000,,0.68752149,0.06879945,0.02000000,,兖矿能源
2019-11-22,600188,29.15000000,29.21000000,29.35000000,29.03000000,141288.69000000,,1.09551523,0.41251289,0.12000000,,兖矿能源
2019-11-25,600188,29.33000000,30.63000000,30.83000000,29.33000000,608486.03000000,,4.89715965,4.86134885,1.42000000,,兖矿能源
2019-11-26,600188,30.65000000,30.45000000,30.67000000,30.07000000,388009.96000000,,1.97044335,-0.58765916,-0.18000000,,兖矿能源
2019-11-27,600188,30.33000000,29.97000000,30.41000000,29.87000000,308888.88000000,,1.80180180,-1.57635468,-0.48000000,,兖矿能源
2019-11-28,600188,29.99000000,29.55000000,29.99000000,29.49000000,215080.05000000,,1.69204738,-1.40140140,-0.42000000,,兖矿能源
2019-11-29,600188,29.59000000,29.57000000,29.69000000,29.41000000,128313.77000000,,0.94690565,0.06768190,0.02000000,,兖矿能源
2019-12-02,600188,29.63000000,29.41000000,29.77000000,29.37000000,163887.08000000,,1.36008160,-0.54108894,-0.16000000,,兖矿能源
2019-12-03,600188,29.31000000,29.45000000,29.45000000,29.21000000,117371.56000000,,0.81494058,0.13600816,0.04000000,,兖矿能源
2019-12-04,600188,29.33000000,29.27000000,29.35000000,29.21000000,125345.21000000,,0.47830543,-0.61120543,-0.18000000,,兖矿能源
2019-12-05,600188,29.35000000,29.39000000,29.43000000,29.19000000,146442.38000000,,0.81660429,0.40997608,0.12000000,,兖矿能源
2019-12-06,600188,29.37000000,29.41000000,29.47000000,29.27000000,128223.52000000,,0.68004080,0.06805036,0.02000000,,兖矿能源
2019-12-09,600188,29.45000000,29.81000000,29.85000000,29.41000000,214586.58000000,,1.47601476,1.36008160,0.40000000,,兖矿能源
2019-12-10,600188,29.71000000,29.63000000,29.79000000,29.49000000,135895.83000000,,1.01248734,-0.60382422,-0.18000000,,兖矿能源
2019-12-11,600188,29.63000000,29.65000000,29.77000000,29.61000000,116707.61000000,,0.53962901,0.06749916,0.02000000,,兖矿能源
2019-12-12,600188,29.71000000,29.41000000,29.73000000,29.35000000,164304.22000000,,1.29207752,-0.80944351,-0.24000000,,兖矿能源
2019-12-13,600188,29.49000000,29.71000000,29.73000000,29.41000000,198265.94000000,,1.07707842,1.02006120,0.30000000,,兖矿能源
2019-12-16,600188,29.85000000,29.81000000,29.85000000,29.59000000,214651.05000000,,0.87219054,0.33658701,0.10000000,,兖矿能源
2019-12-17,600188,29.79000000,30.25000000,30.53000000,29.73000000,377310.90000000,,2.64462810,1.47601476,0.44000000,,兖矿能源
2019-12-18,600188,30.19000000,30.19000000,30.49000000,30.15000000,211891.89000000,,1.12620073,-0.19834711,-0.06000000,,兖矿能源
2019-12-19,600188,30.19000000,30.39000000,30.43000000,30.17000000,155468.19000000,,0.85554459,0.66247102,0.20000000,,兖矿能源
2019-12-20,600188,30.41000000,30.45000000,30.67000000,30.27000000,223758.68000000,,1.31362890,0.19743337,0.06000000,,兖矿能源
2019-12-23,600188,30.47000000,30.05000000,30.55000000,30.03000000,181121.14000000,,1.73044925,-1.31362890,-0.40000000,,兖矿能源
2019-12-24,600188,30.05000000,30.49000000,30.53000000,30.01000000,185959.15000000,,1.70547721,1.46422629,0.44000000,,兖矿能源
2019-12-25,600188,30.49000000,30.31000000,30.49000000,30.23000000,121631.64000000,,0.85780271,-0.59035749,-0.18000000,,兖矿能源
2019-12-26,600188,30.33000000,30.49000000,30.49000000,30.25000000,122435.74000000,,0.78714333,0.59386341,0.18000000,,兖矿能源
2019-12-27,600188,30.51000000,30.77000000,31.25000000,30.51000000,357410.27000000,,2.40493988,0.91833388,0.28000000,,兖矿能源
2019-12-30,600188,30.69000000,31.65000000,31.91000000,30.61000000,509815.90000000,,4.10742496,2.85992850,0.88000000,,兖矿能源
2019-12-31,600188,31.55000000,31.91000000,31.97000000,31.47000000,437175.03000000,,1.56690693,0.82148499,0.26000000,,兖矿能源
2020-01-02,600188,32.05000000,31.99000000,32.41000000,31.89000000,420019.44000000,,1.62550797,0.25070511,0.08000000,,兖矿能源
2020-01-03,600188,31.99000000,31.93000000,32.19000000,31.81000000,260479.88000000,,1.19010335,-0.18755861,-0.06000000,,兖矿能源
2020-01-06,600188,31.81000000,31.75000000,32.09000000,31.53000000,371557.51000000,,1.76377953,-0.56373317,-0.18000000,,兖矿能源
2020-01-07,600188,31.75000000,32.43000000,32.91000000,31.71000000,554606.54000000,,3.70027752,2.14173228,0.68000000,,兖矿能源
2020-01-08,600188,32.49000000,31.65000000,32.49000000,31.59000000,378788.17000000,,2.84360190,-2.40518039,-0.78000000,,兖矿能源
2020-01-09,600188,31.93000000,31.87000000,32.17000000,31.77000000,200810.30000000,,1.25509884,0.69510269,0.22000000,,兖矿能源
2020-01-10,600188,31.95000000,31.83000000,32.19000000,31.77000000,199123.80000000,,1.31950990,-0.12550988,-0.04000000,,兖矿能源
2020-01-13,600188,31.67000000,31.61000000,31.71000000,31.21000000,259635.11000000,,1.58177792,-0.69117185,-0.22000000,,兖矿能源
2020-01-14,600188,31.59000000,31.63000000,32.01000000,31.55000000,201859.18000000,,1.45431552,0.06327112,0.02000000,,兖矿能源
2020-01-15,600188,31.65000000,31.33000000,31.71000000,31.25000000,170809.21000000,,1.46824130,-0.94846665,-0.30000000,,兖矿能源
2020-01-16,600188,31.39000000,31.07000000,31.45000000,30.99000000,203511.42000000,,1.48052784,-0.82987552,-0.26000000,,兖矿能源
2020-01-17,600188,31.15000000,30.97000000,31.25000000,30.91000000,132858.39000000,,1.09783662,-0.32185388,-0.10000000,,兖矿能源
2020-01-20,600188,31.03000000,31.19000000,31.23000000,30.83000000,135107.81000000,,1.28246233,0.71036487,0.22000000,,兖矿能源
2020-01-21,600188,31.11000000,30.73000000,31.11000000,30.65000000,206438.12000000,,1.49690856,-1.47483168,-0.46000000,,兖矿能源
2020-01-22,600188,30.69000000,30.71000000,30.85000000,30.31000000,153936.95000000,,1.75838489,-0.06508298,-0.02000000,,兖矿能源
2020-01-23,600188,30.59000000,30.15000000,30.71000000,29.87000000,213068.44000000,,2.78606965,-1.82351026,-0.56000000,,兖矿能源
2020-02-03,600188,28.21000000,28.21000000,28.51000000,28.21000000,226579.06000000,,1.06345268,-6.43449420,-1.94000000,,兖矿能源
2020-02-04,600188,27.63000000,28.45000000,28.51000000,27.63000000,254899.04000000,,3.09314587,0.85076214,0.24000000,,兖矿能源
2020-02-05,600188,28.39000000,28.65000000,28.85000000,28.29000000,220713.67000000,,1.95462478,0.70298770,0.20000000,,兖矿能源
2020-02-06,600188,28.83000000,28.93000000,28.93000000,28.55000000,204032.70000000,,1.31351538,0.97731239,0.28000000,,兖矿能源
2020-02-07,600188,28.75000000,28.77000000,28.87000000,28.45000000,231079.90000000,,1.45985401,-0.55305911,-0.16000000,,兖矿能源
2020-02-10,600188,28.57000000,29.31000000,29.33000000,28.53000000,240014.36000000,,2.72944388,1.87695516,0.54000000,,兖矿能源
2020-02-11,600188,29.35000000,29.33000000,29.87000000,29.25000000,302280.08000000,,2.11387658,0.06823610,0.02000000,,兖矿能源
2020-02-12,600188,29.21000000,29.39000000,29.47000000,29.13000000,148858.37000000,,1.15685607,0.20456870,0.06000000,,兖矿能源
2020-02-13,600188,29.45000000,29.13000000,29.45000000,29.05000000,198660.73000000,,1.37315482,-0.88465464,-0.26000000,,兖矿能源
2020-02-14,600188,29.05000000,29.25000000,29.29000000,29.01000000,141384.54000000,,0.95726496,0.41194645,0.12000000,,兖矿能源
2020-02-17,600188,29.27000000,29.69000000,29.69000000,29.25000000,223178.95000000,,1.48198046,1.50427350,0.44000000,,兖矿能源
2020-02-18,600188,29.69000000,29.43000000,29.71000000,29.33000000,221750.02000000,,1.29119946,-0.87571573,-0.26000000,,兖矿能源
2020-02-19,600188,29.43000000,29.35000000,29.53000000,29.35000000,155413.25000000,,0.61328790,-0.27183146,-0.08000000,,兖矿能源
2020-02-20,600188,29.37000000,29.61000000,29.61000000,29.27000000,233051.46000000,,1.14826072,0.88586031,0.26000000,,兖矿能源
2020-02-21,600188,29.61000000,29.67000000,29.69000000,29.47000000,242552.49000000,,0.74148972,0.20263425,0.06000000,,兖矿能源
2020-02-24,600188,29.57000000,29.41000000,29.61000000,29.33000000,266706.23000000,,0.95205712,-0.87630603,-0.26000000,,兖矿能源
2020-02-25,600188,28.99000000,29.09000000,29.23000000,28.85000000,249590.27000000,,1.30629082,-1.08806528,-0.32000000,,兖矿能源
2020-02-26,600188,28.89000000,29.29000000,29.57000000,28.85000000,378327.67000000,,2.45817685,0.68752149,0.20000000,,兖矿能源
2020-02-27,600188,29.19000000,29.25000000,29.45000000,29.19000000,198100.04000000,,0.88888889,-0.13656538,-0.04000000,,兖矿能源
2020-02-28,600188,28.89000000,28.53000000,29.11000000,28.47000000,286970.34000000,,2.24325272,-2.46153846,-0.72000000,,兖矿能源
2020-03-02,600188,28.61000000,29.53000000,29.55000000,28.61000000,417166.70000000,,3.18320352,3.50508237,1.00000000,,兖矿能源
2020-03-03,600188,29.81000000,29.49000000,30.13000000,29.37000000,360570.77000000,,2.57714479,-0.13545547,-0.04000000,,兖矿能源
2020-03-04,600188,29.41000000,29.77000000,29.87000000,29.33000000,274117.57000000,,1.81390662,0.94947440,0.28000000,,兖矿能源
2020-03-05,600188,29.91000000,30.25000000,30.43000000,29.77000000,394738.07000000,,2.18181818,1.61236144,0.48000000,,兖矿能源
2020-03-06,600188,30.05000000,29.71000000,30.05000000,29.65000000,291250.77000000,,1.34634803,-1.78512397,-0.54000000,,兖矿能源
2020-03-09,600188,29.09000000,29.03000000,29.29000000,29.01000000,249321.13000000,,0.96451946,-2.28879165,-0.68000000,,兖矿能源
2020-03-10,600188,28.87000000,29.49000000,29.59000000,28.83000000,226017.37000000,,2.57714479,1.58456769,0.46000000,,兖矿能源
2020-03-11,600188,29.47000000,29.15000000,29.53000000,29.11000000,135226.17000000,,1.44082333,-1.15293320,-0.34000000,,兖矿能源
2020-03-12,600188,29.03000000,29.01000000,29.07000000,28.81000000,152090.00000000,,0.89624267,-0.48027444,-0.14000000,,兖矿能源
2020-03-13,600188,28.45000000,28.79000000,28.93000000,28.29000000,189047.00000000,,2.22299410,-0.75835919,-0.22000000,,兖矿能源
2020-03-16,600188,29.01000000,28.45000000,29.03000000,28.45000000,176530.94000000,,2.03866432,-1.18096561,-0.34000000,,兖矿能源
2020-03-17,600188,28.51000000,28.35000000,28.69000000,28.03000000,149311.70000000,,2.32804233,-0.35149385,-0.10000000,,兖矿能源
2020-03-18,600188,28.47000000,27.93000000,28.55000000,27.89000000,180747.04000000,,2.36305048,-1.48148148,-0.42000000,,兖矿能源
2020-03-19,600188,27.93000000,27.77000000,27.99000000,27.09000000,174999.09000000,,3.24090745,-0.57286072,-0.16000000,,兖矿能源
2020-03-20,600188,27.79000000,27.91000000,27.93000000,27.69000000,110755.41000000,,0.85990684,0.50414116,0.14000000,,兖矿能源
2020-03-23,600188,27.61000000,27.41000000,27.65000000,27.39000000,99719.12000000,,0.94855892,-1.79147259,-0.50000000,,兖矿能源
2020-03-24,600188,27.65000000,27.63000000,27.75000000,27.31000000,154977.80000000,,1.59247195,0.80262678,0.22000000,,兖矿能源
2020-03-25,600188,27.89000000,27.93000000,27.99000000,27.79000000,146270.71000000,,0.71607590,1.08577633,0.30000000,,兖矿能源
2020-03-26,600188,27.93000000,27.89000000,28.05000000,27.79000000,101692.82000000,,0.93223378,-0.14321518,-0.04000000,,兖矿能源
2020-03-27,600188,28.01000000,28.05000000,28.15000000,27.87000000,156583.33000000,,0.99821747,0.57368232,0.16000000,,兖矿能源
2020-03-30,600188,27.97000000,28.17000000,28.27000000,27.83000000,185551.25000000,,1.56194533,0.42780749,0.12000000,,兖矿能源
2020-03-31,600188,28.31000000,28.07000000,28.31000000,27.99000000,110246.90000000,,1.14000713,-0.35498758,-0.10000000,,兖矿能源
2020-04-01,600188,27.95000000,27.83000000,28.15000000,27.79000000,121407.18000000,,1.29356809,-0.85500534,-0.24000000,,兖矿能源
2020-04-02,600188,27.69000000,28.03000000,28.03000000,27.65000000,100401.33000000,,1.35569033,0.71864894,0.20000000,,兖矿能源
2020-04-03,600188,28.05000000,27.89000000,28.05000000,27.79000000,93093.99000000,,0.93223378,-0.49946486,-0.14000000,,兖矿能源
2020-04-07,600188,28.07000000,28.13000000,28.15000000,28.01000000,132687.25000000,,0.49768930,0.86052349,0.24000000,,兖矿能源
2020-04-08,600188,28.05000000,28.15000000,28.27000000,27.97000000,133685.85000000,,1.06571936,0.07109847,0.02000000,,兖矿能源
2020-04-09,600188,28.19000000,28.13000000,28.23000000,28.11000000,74379.13000000,,0.42659083,-0.07104796,-0.02000000,,兖矿能源
2020-04-10,600188,28.15000000,27.97000000,28.17000000,27.95000000,66129.00000000,,0.78655703,-0.56878777,-0.16000000,,兖矿能源
2020-04-13,600188,27.95000000,27.97000000,28.03000000,27.87000000,41862.41000000,,0.57204147,0.00000000,0.00000000,,兖矿能源
2020-04-14,600188,27.99000000,28.17000000,28.17000000,27.97000000,100253.05000000,,0.70997515,0.71505184,0.20000000,,兖矿能源
2020-04-15,600188,28.17000000,28.01000000,28.17000000,27.99000000,77010.21000000,,0.64262763,-0.56798012,-0.16000000,,兖矿能源
2020-04-16,600188,27.93000000,27.99000000,28.03000000,27.89000000,66169.67000000,,0.50017864,-0.07140307,-0.02000000,,兖矿能源
2020-04-17,600188,28.03000000,28.03000000,28.17000000,27.95000000,104152.64000000,,0.78487335,0.14290818,0.04000000,,兖矿能源
2020-04-20,600188,28.07000000,28.03000000,28.11000000,27.93000000,92745.13000000,,0.64216910,0.00000000,0.00000000,,兖矿能源
2020-04-21,600188,27.89000000,27.57000000,27.93000000,27.45000000,180230.22000000,,1.74102285,-1.64109882,-0.46000000,,兖矿能源
2020-04-22,600188,27.37000000,27.67000000,27.71000000,27.33000000,100225.50000000,,1.37332851,0.36271309,0.10000000,,兖矿能源
2020-04-23,600188,27.75000000,27.53000000,27.81000000,27.49000000,175385.56000000,,1.16236833,-0.50596314,-0.14000000,,兖矿能源
2020-04-24,600188,27.49000000,27.31000000,27.53000000,27.29000000,132138.69000000,,0.87879897,-0.79912822,-0.22000000,,兖矿能源
2020-04-27,600188,27.25000000,27.31000000,27.45000000,27.21000000,88960.36000000,,0.87879897,0.00000000,0.00000000,,兖矿能源
2020-04-28,600188,27.33000000,27.17000000,27.35000000,26.93000000,124653.79000000,,1.54582260,-0.51263274,-0.14000000,,兖矿能源
2020-04-29,600188,26.99000000,27.09000000,27.17000000,26.93000000,131959.57000000,,0.88593577,-0.29444240,-0.08000000,,兖矿能源
2020-04-30,600188,27.15000000,27.37000000,27.43000000,27.11000000,128740.44000000,,1.16916332,1.03359173,0.28000000,,兖矿能源
2020-05-06,600188,27.15000000,27.45000000,27.45000000,27.11000000,124376.14000000,,1.23861566,0.29229083,0.08000000,,兖矿能源
2020-05-07,600188,27.43000000,27.39000000,27.49000000,27.31000000,90383.45000000,,0.65717415,-0.21857923,-0.06000000,,兖矿能源
2020-05-08,600188,27.41000000,27.55000000,27.57000000,27.39000000,117927.03000000,,0.65335753,0.58415480,0.16000000,,兖矿能源
2020-05-11,600188,27.61000000,27.51000000,27.69000000,27.51000000,103521.11000000,,0.65430752,-0.14519056,-0.04000000,,兖矿能源
2020-05-12,600188,27.53000000,27.45000000,27.55000000,27.37000000,92517.46000000,,0.65573770,-0.21810251,-0.06000000,,兖矿能源
2020-05-13,600188,27.41000000,27.43000000,27.45000000,27.33000000,56719.84000000,,0.43747721,-0.07285974,-0.02000000,,兖矿能源
2020-05-14,600188,27.37000000,27.23000000,27.39000000,27.19000000,81802.09000000,,0.73448402,-0.72912869,-0.20000000,,兖矿能源
2020-05-15,600188,27.23000000,27.23000000,27.33000000,27.15000000,64430.51000000,,0.66103562,0.00000000,0.00000000,,兖矿能源
2020-05-18,600188,27.23000000,27.43000000,27.63000000,27.11000000,151406.20000000,,1.89573460,0.73448402,0.20000000,,兖矿能源
2020-05-19,600188,27.61000000,27.75000000,27.85000000,27.59000000,198304.77000000,,0.93693694,1.16660591,0.32000000,,兖矿能源
2020-05-20,600188,27.75000000,27.75000000,28.07000000,27.67000000,186120.18000000,,1.44144144,0.00000000,0.00000000,,兖矿能源
2020-05-21,600188,27.89000000,27.77000000,27.89000000,27.59000000,141408.95000000,,1.08030248,0.07207207,0.02000000,,兖矿能源
2020-05-22,600188,27.67000000,27.43000000,27.77000000,27.39000000,127365.31000000,,1.38534451,-1.22434282,-0.34000000,,兖矿能源
2020-05-25,600188,27.41000000,27.61000000,27.69000000,27.37000000,90294.63000000,,1.15900036,0.65621582,0.18000000,,兖矿能源
2020-05-26,600188,27.69000000,27.61000000,27.69000000,27.49000000,109065.19000000,,0.72437523,0.00000000,0.00000000,,兖矿能源
2020-05-27,600188,27.55000000,27.79000000,27.83000000,27.49000000,165399.73000000,,1.22346168,0.65193770,0.18000000,,兖矿能源
2020-05-28,600188,27.77000000,27.77000000,27.85000000,27.59000000,150508.74000000,,0.93626215,-0.07196833,-0.02000000,,兖矿能源
2020-05-29,600188,27.75000000,27.69000000,27.77000000,27.59000000,136388.65000000,,0.65005417,-0.28808066,-0.08000000,,兖矿能源
2020-06-01,600188,27.73000000,27.89000000,27.89000000,27.67000000,187304.54000000,,0.78881319,0.72228241,0.20000000,,兖矿能源
2020-06-02,600188,27.91000000,28.27000000,28.27000000,27.81000000,284631.60000000,,1.62716661,1.36249552,0.38000000,,兖矿能源
2020-06-03,600188,28.29000000,28.01000000,28.35000000,27.99000000,214963.53000000,,1.28525527,-0.91970287,-0.26000000,,兖矿能源
2020-06-04,600188,28.09000000,28.05000000,28.11000000,27.89000000,136595.52000000,,0.78431373,0.14280614,0.04000000,,兖矿能源
2020-06-05,600188,28.09000000,27.95000000,28.13000000,27.83000000,90837.27000000,,1.07334526,-0.35650624,-0.10000000,,兖矿能源
2020-06-08,600188,28.01000000,28.19000000,28.21000000,28.01000000,140968.55000000,,0.70947144,0.85867621,0.24000000,,兖矿能源
2020-06-09,600188,28.31000000,28.35000000,28.43000000,28.21000000,161113.01000000,,0.77601411,0.56757716,0.16000000,,兖矿能源
2020-06-10,600188,28.39000000,28.17000000,28.43000000,28.13000000,116786.28000000,,1.06496273,-0.63492063,-0.18000000,,兖矿能源
2020-06-11,600188,28.15000000,28.03000000,28.19000000,27.99000000,92928.18000000,,0.71352123,-0.49698261,-0.14000000,,兖矿能源
2020-06-12,600188,27.79000000,28.09000000,28.09000000,27.71000000,113832.23000000,,1.35279459,0.21405637,0.06000000,,兖矿能源
2020-06-15,600188,27.99000000,27.91000000,28.11000000,27.89000000,88063.20000000,,0.78824794,-0.64079744,-0.18000000,,兖矿能源
2020-06-16,600188,27.97000000,28.11000000,28.13000000,27.95000000,95174.67000000,,0.64034152,0.71658904,0.20000000,,兖矿能源
2020-06-17,600188,28.13000000,28.11000000,28.21000000,28.01000000,79541.85000000,,0.71149057,0.00000000,0.00000000,,兖矿能源
2020-06-18,600188,28.03000000,28.69000000,28.79000000,28.03000000,319931.33000000,,2.64900662,2.06332266,0.58000000,,兖矿能源
2020-06-19,600188,28.67000000,28.59000000,28.73000000,28.41000000,169975.54000000,,1.11927247,-0.34855350,-0.10000000,,兖矿能源
2020-06-22,600188,28.61000000,28.55000000,28.67000000,28.51000000,135447.07000000,,0.56042032,-0.13990906,-0.04000000,,兖矿能源
2020-06-23,600188,28.53000000,28.41000000,28.63000000,28.35000000,94357.81000000,,0.98556846,-0.49036778,-0.14000000,,兖矿能源
2020-06-24,600188,28.45000000,28.39000000,28.51000000,28.31000000,83464.98000000,,0.70447341,-0.07039775,-0.02000000,,兖矿能源
2020-06-29,600188,28.31000000,28.07000000,28.37000000,28.03000000,118851.42000000,,1.21125757,-1.12715745,-0.32000000,,兖矿能源
2020-06-30,600188,28.09000000,28.31000000,28.31000000,28.09000000,102368.69000000,,0.77711056,0.85500534,0.24000000,,兖矿能源
2020-07-01,600188,28.45000000,28.65000000,28.67000000,28.37000000,153306.46000000,,1.04712042,1.20098905,0.34000000,,兖矿能源
2020-07-02,600188,28.69000000,29.33000000,29.37000000,28.61000000,302015.01000000,,2.59120355,2.37347295,0.68000000,,兖矿能源
2020-07-03,600188,29.55000000,30.11000000,30.51000000,29.51000000,550093.45000000,,3.32115576,2.65939311,0.78000000,,兖矿能源
2020-07-06,600188,30.51000000,31.79000000,31.79000000,30.51000000,767874.73000000,,4.02642340,5.57954168,1.68000000,,兖矿能源
2020-07-07,600188,32.55000000,31.17000000,32.55000000,30.95000000,710637.30000000,,5.13314084,-1.95029884,-0.62000000,,兖矿能源
2020-07-08,600188,30.93000000,31.43000000,31.71000000,30.75000000,509019.20000000,,3.05440662,0.83413539,0.26000000,,兖矿能源
2020-07-09,600188,31.43000000,32.13000000,32.81000000,30.95000000,659118.80000000,,5.78898226,2.22717149,0.70000000,,兖矿能源
2020-07-10,600188,31.75000000,31.19000000,31.75000000,31.05000000,486340.16000000,,2.24430907,-2.92561469,-0.94000000,,兖矿能源
2020-07-13,600188,31.95000000,32.15000000,32.71000000,31.61000000,762758.57000000,,3.42146190,3.07790959,0.96000000,,兖矿能源
2020-07-14,600188,32.21000000,32.39000000,32.63000000,31.65000000,582291.76000000,,3.02562519,0.74650078,0.24000000,,兖矿能源
2020-07-15,600188,32.41000000,31.77000000,32.53000000,31.69000000,366822.33000000,,2.64400378,-1.91417104,-0.62000000,,兖矿能源
2020-07-16,600188,31.81000000,30.89000000,31.85000000,30.81000000,358377.15000000,,3.36678537,-2.76990872,-0.88000000,,兖矿能源
2020-07-17,600188,30.87000000,30.41000000,30.95000000,30.29000000,318384.60000000,,2.17033870,-1.55390094,-0.48000000,,兖矿能源
2020-07-20,600188,30.53000000,31.25000000,31.35000000,30.37000000,437654.95000000,,3.13600000,2.76224926,0.84000000,,兖矿能源
2020-07-21,600188,31.25000000,30.85000000,31.27000000,30.71000000,292321.04000000,,1.81523501,-1.28000000,-0.40000000,,兖矿能源
2020-07-22,600188,30.93000000,30.85000000,31.13000000,30.77000000,254643.36000000,,1.16693679,0.00000000,0.00000000,,兖矿能源
2020-07-23,600188,30.67000000,30.65000000,30.79000000,30.21000000,235114.48000000,,1.89233279,-0.64829822,-0.20000000,,兖矿能源
2020-07-24,600188,30.63000000,30.15000000,30.91000000,29.95000000,251545.35000000,,3.18407960,-1.63132137,-0.50000000,,兖矿能源
2020-07-27,600188,30.11000000,30.25000000,30.27000000,29.77000000,151011.62000000,,1.65289256,0.33167496,0.10000000,,兖矿能源
2020-07-28,600188,30.29000000,30.39000000,30.67000000,30.23000000,170097.09000000,,1.44784469,0.46280992,0.14000000,,兖矿能源
2020-07-29,600188,30.19000000,30.49000000,30.49000000,29.95000000,180719.27000000,,1.77107248,0.32905561,0.10000000,,兖矿能源
2020-07-30,600188,30.59000000,30.35000000,30.69000000,30.35000000,132832.30000000,,1.12026359,-0.45916694,-0.14000000,,兖矿能源
2020-07-31,600188,30.29000000,30.35000000,30.57000000,30.17000000,144170.17000000,,1.31795717,0.00000000,0.00000000,,兖矿能源
2020-08-03,600188,30.43000000,30.69000000,30.69000000,30.39000000,247445.23000000,,0.97751711,1.12026359,0.34000000,,兖矿能源
2020-08-04,600188,30.73000000,30.67000000,30.83000000,30.53000000,202069.38000000,,0.97815455,-0.06516781,-0.02000000,,兖矿能源
2020-08-05,600188,30.67000000,30.47000000,30.67000000,30.29000000,178866.80000000,,1.24712832,-0.65210303,-0.20000000,,兖矿能源
2020-08-06,600188,30.49000000,30.35000000,30.57000000,30.19000000,200602.02000000,,1.25205931,-0.39383000,-0.12000000,,兖矿能源
2020-08-07,600188,30.37000000,30.07000000,30.45000000,30.01000000,229335.09000000,,1.46325241,-0.92257002,-0.28000000,,兖矿能源
2020-08-10,600188,30.05000000,30.19000000,30.29000000,30.05000000,127630.88000000,,0.79496522,0.39906884,0.12000000,,兖矿能源
2020-08-11,600188,30.25000000,29.95000000,30.35000000,29.91000000,166526.76000000,,1.46911519,-0.79496522,-0.24000000,,兖矿能源
2020-08-12,600188,29.85000000,29.87000000,29.97000000,29.63000000,170053.45000000,,1.13826582,-0.26711185,-0.08000000,,兖矿能源
2020-08-13,600188,29.93000000,30.05000000,30.23000000,29.93000000,130202.68000000,,0.99833611,0.60261132,0.18000000,,兖矿能源
2020-08-14,600188,30.05000000,30.21000000,30.23000000,29.93000000,115444.05000000,,0.99304866,0.53244592,0.16000000,,兖矿能源
2020-08-17,600188,30.29000000,30.61000000,30.67000000,30.27000000,254062.78000000,,1.30676250,1.32406488,0.40000000,,兖矿能源
2020-08-18,600188,30.61000000,30.69000000,31.03000000,30.51000000,292916.29000000,,1.69436298,0.26135250,0.08000000,,兖矿能源
2020-08-19,600188,30.63000000,30.79000000,30.97000000,30.45000000,269447.33000000,,1.68886002,0.32583904,0.10000000,,兖矿能源
2020-08-20,600188,30.83000000,30.49000000,31.15000000,30.39000000,203631.02000000,,2.49262053,-0.97434232,-0.30000000,,兖矿能源
2020-08-21,600188,30.49000000,30.47000000,30.55000000,30.31000000,153477.95000000,,0.78765999,-0.06559528,-0.02000000,,兖矿能源
2020-08-24,600188,30.37000000,30.37000000,30.51000000,30.29000000,109063.46000000,,0.72439908,-0.32819166,-0.10000000,,兖矿能源
2020-08-25,600188,30.31000000,30.11000000,30.41000000,30.07000000,127113.71000000,,1.12919296,-0.85610800,-0.26000000,,兖矿能源
2020-08-26,600188,30.11000000,30.01000000,30.25000000,29.91000000,118569.76000000,,1.13295568,-0.33211558,-0.10000000,,兖矿能源
2020-08-27,600188,30.03000000,30.17000000,30.17000000,30.01000000,76768.93000000,,0.53032814,0.53315561,0.16000000,,兖矿能源
2020-08-28,600188,30.19000000,30.39000000,30.39000000,30.09000000,112877.66000000,,0.98716683,0.72920119,0.22000000,,兖矿能源
2020-08-31,600188,30.55000000,30.51000000,30.77000000,30.43000000,235943.03000000,,1.11438873,0.39486673,0.12000000,,兖矿能源
2020-09-01,600188,30.45000000,30.69000000,30.69000000,30.39000000,167810.38000000,,0.97751711,0.58997050,0.18000000,,兖矿能源
2020-09-02,600188,30.73000000,30.49000000,30.73000000,30.39000000,133933.45000000,,1.11511971,-0.65167807,-0.20000000,,兖矿能源
2020-09-03,600188,30.49000000,30.61000000,30.77000000,30.49000000,167072.46000000,,0.91473375,0.39357166,0.12000000,,兖矿能源
2020-09-04,600188,30.35000000,30.33000000,30.47000000,30.19000000,160477.10000000,,0.92317837,-0.91473375,-0.28000000,,兖矿能源
2020-09-07,600188,30.35000000,30.35000000,30.71000000,30.27000000,179920.08000000,,1.44975288,0.06594131,0.02000000,,兖矿能源
2020-09-08,600188,30.29000000,30.71000000,30.73000000,30.27000000,230907.87000000,,1.49788343,1.18616145,0.36000000,,兖矿能源
2020-09-09,600188,30.55000000,30.57000000,30.89000000,30.47000000,242887.91000000,,1.37389598,-0.45587756,-0.14000000,,兖矿能源
2020-09-10,600188,30.71000000,30.81000000,30.95000000,30.59000000,302690.38000000,,1.16845180,0.78508342,0.24000000,,兖矿能源
2020-09-11,600188,30.75000000,30.23000000,30.75000000,29.99000000,287542.89000000,,2.51405888,-1.88250568,-0.58000000,,兖矿能源
2020-09-14,600188,30.19000000,30.19000000,30.25000000,30.05000000,142678.09000000,,0.66247102,-0.13231889,-0.04000000,,兖矿能源
2020-09-15,600188,30.21000000,30.09000000,30.25000000,29.99000000,111514.55000000,,0.86407444,-0.33123551,-0.10000000,,兖矿能源
2020-09-16,600188,30.09000000,30.09000000,30.27000000,29.97000000,118740.59000000,,0.99700897,0.00000000,0.00000000,,兖矿能源
2020-09-17,600188,30.07000000,30.15000000,30.31000000,30.05000000,148068.29000000,,0.86235489,0.19940179,0.06000000,,兖矿能源
2020-09-18,600188,30.15000000,31.63000000,31.93000000,30.11000000,789943.65000000,,5.75403098,4.90878939,1.48000000,,兖矿能源
2020-09-21,600188,31.69000000,32.27000000,32.51000000,31.45000000,796023.78000000,,3.28478463,2.02339551,0.64000000,,兖矿能源
2020-09-22,600188,32.09000000,31.63000000,32.15000000,31.55000000,391134.69000000,,1.89693329,-1.98326619,-0.64000000,,兖矿能源
2020-09-23,600188,31.77000000,31.33000000,31.85000000,31.19000000,279712.71000000,,2.10660709,-0.94846665,-0.30000000,,兖矿能源
2020-09-24,600188,31.23000000,31.01000000,31.29000000,30.85000000,256561.71000000,,1.41889713,-1.02138525,-0.32000000,,兖矿能源
2020-09-25,600188,31.21000000,30.79000000,31.43000000,30.65000000,304316.42000000,,2.53329003,-0.70944856,-0.22000000,,兖矿能源
2020-09-28,600188,31.11000000,31.23000000,31.71000000,30.97000000,358164.62000000,,2.36951649,1.42903540,0.44000000,,兖矿能源
2020-09-29,600188,31.33000000,31.07000000,31.35000000,30.91000000,252639.34000000,,1.41615706,-0.51232789,-0.16000000,,兖矿能源
2020-09-30,600188,31.01000000,30.47000000,31.01000000,30.37000000,305460.78000000,,2.10042665,-1.93112327,-0.60000000,,兖矿能源
2020-10-09,600188,30.47000000,31.11000000,31.27000000,30.39000000,371332.42000000,,2.82867245,2.10042665,0.64000000,,兖矿能源
2020-10-12,600188,31.09000000,31.37000000,31.49000000,30.97000000,401299.84000000,,1.65763468,0.83574413,0.26000000,,兖矿能源
2020-10-13,600188,31.41000000,31.45000000,31.61000000,31.17000000,297546.75000000,,1.39904610,0.25502072,0.08000000,,兖矿能源
2020-10-14,600188,31.39000000,31.09000000,31.39000000,31.01000000,241505.48000000,,1.22225796,-1.14467409,-0.36000000,,兖矿能源
2020-10-15,600188,31.11000000,31.65000000,32.07000000,30.95000000,527111.16000000,,3.53870458,1.80122226,0.56000000,,兖矿能源
2020-10-16,600188,31.65000000,31.93000000,32.35000000,31.41000000,737071.03000000,,2.94393987,0.88467615,0.28000000,,兖矿能源
2020-10-19,600188,31.79000000,31.01000000,31.79000000,30.91000000,716915.95000000,,2.83779426,-2.88130285,-0.92000000,,兖矿能源
2020-10-20,600188,30.91000000,30.99000000,30.99000000,30.65000000,269959.57000000,,1.09712811,-0.06449532,-0.02000000,,兖矿能源
2020-10-21,600188,30.97000000,30.81000000,30.97000000,30.67000000,207680.56000000,,0.97370983,-0.58083253,-0.18000000,,兖矿能源
2020-10-22,600188,30.77000000,30.87000000,31.05000000,30.69000000,190958.88000000,,1.16618076,0.19474197,0.06000000,,兖矿能源
2020-10-23,600188,30.75000000,30.71000000,30.91000000,30.63000000,178232.50000000,,0.91175513,-0.51830256,-0.16000000,,兖矿能源
2020-10-26,600188,30.65000000,30.91000000,30.93000000,30.39000000,213377.51000000,,1.74700744,0.65125366,0.20000000,,兖矿能源
2020-10-27,600188,30.77000000,30.85000000,30.99000000,30.67000000,166469.52000000,,1.03727715,-0.19411194,-0.06000000,,兖矿能源
2020-10-28,600188,30.81000000,30.67000000,30.83000000,30.49000000,168213.71000000,,1.10857515,-0.58346840,-0.18000000,,兖矿能源
2020-10-29,600188,30.35000000,30.45000000,30.57000000,30.31000000,175921.43000000,,0.85385878,-0.71731334,-0.22000000,,兖矿能源
2020-10-30,600188,30.49000000,29.97000000,30.59000000,29.95000000,277934.31000000,,2.13546880,-1.57635468,-0.48000000,,兖矿能源
2020-11-02,600188,30.01000000,30.09000000,30.17000000,29.93000000,166246.53000000,,0.79760718,0.40040040,0.12000000,,兖矿能源
2020-11-03,600188,30.13000000,30.37000000,30.39000000,30.13000000,159915.02000000,,0.85610800,0.93054171,0.28000000,,兖矿能源
2020-11-04,600188,30.45000000,30.41000000,30.57000000,30.27000000,164573.48000000,,0.98651759,0.13170892,0.04000000,,兖矿能源
2020-11-05,600188,30.49000000,30.47000000,30.55000000,30.31000000,191528.58000000,,0.78765999,0.19730352,0.06000000,,兖矿能源
2020-11-06,600188,30.45000000,30.55000000,30.67000000,30.41000000,197832.46000000,,0.85106383,0.26255333,0.08000000,,兖矿能源
2020-11-09,600188,30.67000000,30.83000000,30.91000000,30.61000000,285894.15000000,,0.97307817,0.91653028,0.28000000,,兖矿能源
2020-11-10,600188,30.93000000,30.59000000,31.03000000,30.47000000,238383.49000000,,1.83066362,-0.77846254,-0.24000000,,兖矿能源
2020-11-11,600188,30.47000000,31.15000000,31.43000000,30.47000000,571991.57000000,,3.08186196,1.83066362,0.56000000,,兖矿能源
2020-11-12,600188,31.05000000,31.11000000,31.23000000,30.91000000,258672.72000000,,1.02860816,-0.12841091,-0.04000000,,兖矿能源
2020-11-13,600188,31.03000000,30.83000000,31.15000000,30.73000000,210037.98000000,,1.36230944,-0.90003214,-0.28000000,,兖矿能源
2020-11-16,600188,30.79000000,31.59000000,31.75000000,30.77000000,550797.42000000,,3.10224755,2.46513137,0.76000000,,兖矿能源
2020-11-17,600188,31.59000000,31.51000000,32.01000000,31.41000000,627916.76000000,,1.90415741,-0.25324470,-0.08000000,,兖矿能源
2020-11-18,600188,31.49000000,31.75000000,31.93000000,31.31000000,374106.80000000,,1.95275591,0.76166296,0.24000000,,兖矿能源
2020-11-19,600188,31.71000000,31.69000000,31.99000000,31.37000000,273916.21000000,,1.95645314,-0.18897638,-0.06000000,,兖矿能源
2020-11-20,600188,31.63000000,32.03000000,32.11000000,31.39000000,480113.99000000,,2.24789260,1.07289366,0.34000000,,兖矿能源
2020-11-23,600188,32.09000000,34.03000000,34.03000000,32.09000000,1180159.42000000,,5.70085219,6.24414611,2.00000000,,兖矿能源
2020-11-24,600188,34.47000000,34.65000000,35.15000000,33.77000000,1323183.43000000,,3.98268398,1.82192183,0.62000000,,兖矿能源
2020-11-25,600188,34.61000000,34.45000000,35.71000000,34.19000000,1148809.50000000,,4.41219158,-0.57720058,-0.20000000,,兖矿能源
2020-11-26,600188,34.35000000,34.55000000,34.81000000,33.97000000,663586.70000000,,2.43125904,0.29027576,0.10000000,,兖矿能源
2020-11-27,600188,34.83000000,34.67000000,35.03000000,33.61000000,796218.36000000,,4.09576002,0.34732272,0.12000000,,兖矿能源
2020-11-30,600188,34.75000000,34.67000000,35.33000000,34.41000000,763949.70000000,,2.65359100,0.00000000,0.00000000,,兖矿能源
2020-12-01,600188,34.75000000,34.95000000,35.01000000,34.23000000,510493.45000000,,2.23175966,0.80761465,0.28000000,,兖矿能源
2020-12-02,600188,35.01000000,35.09000000,35.63000000,34.71000000,642356.96000000,,2.62182958,0.40057225,0.14000000,,兖矿能源
2020-12-03,600188,34.67000000,34.09000000,34.71000000,33.77000000,599331.46000000,,2.75740686,-2.84981476,-1.00000000,,兖矿能源
2020-12-04,600188,34.19000000,34.23000000,34.31000000,33.65000000,328187.10000000,,1.92813322,0.41067762,0.14000000,,兖矿能源
2020-12-07,600188,34.29000000,34.05000000,34.85000000,34.05000000,406401.16000000,,2.34948605,-0.52585451,-0.18000000,,兖矿能源
2020-12-08,600188,34.07000000,33.69000000,34.33000000,33.59000000,358484.19000000,,2.19649748,-1.05726872,-0.36000000,,兖矿能源
2020-12-09,600188,34.01000000,33.73000000,34.51000000,33.73000000,573670.38000000,,2.31248147,0.11872959,0.04000000,,兖矿能源
2020-12-10,600188,33.93000000,33.77000000,34.19000000,33.55000000,497710.42000000,,1.89517323,0.11858879,0.04000000,,兖矿能源
2020-12-11,600188,34.35000000,33.35000000,34.61000000,33.25000000,763614.65000000,,4.07796102,-1.24370743,-0.42000000,,兖矿能源
2020-12-14,600188,32.97000000,32.37000000,32.99000000,32.09000000,649512.60000000,,2.78035218,-2.93853073,-0.98000000,,兖矿能源
2020-12-15,600188,32.39000000,32.23000000,32.45000000,32.03000000,321038.26000000,,1.30313373,-0.43249923,-0.14000000,,兖矿能源
2020-12-16,600188,32.43000000,32.31000000,32.71000000,32.23000000,260425.48000000,,1.48560817,0.24821595,0.08000000,,兖矿能源
2020-12-17,600188,31.53000000,32.27000000,32.55000000,31.37000000,488386.79000000,,3.65664704,-0.12380068,-0.04000000,,兖矿能源
2020-12-18,600188,32.85000000,33.53000000,33.93000000,32.71000000,660227.44000000,,3.63853266,3.90455531,1.26000000,,兖矿能源
2020-12-21,600188,33.53000000,33.31000000,33.65000000,32.97000000,424600.72000000,,2.04142900,-0.65612884,-0.22000000,,兖矿能源
2020-12-22,600188,33.03000000,31.93000000,33.07000000,31.87000000,547565.00000000,,3.75822111,-4.14290003,-1.38000000,,兖矿能源
2020-12-23,600188,31.75000000,32.29000000,32.51000000,31.75000000,326359.69000000,,2.35366987,1.12746633,0.36000000,,兖矿能源
2020-12-24,600188,32.35000000,32.39000000,32.61000000,32.11000000,272437.88000000,,1.54368632,0.30969340,0.10000000,,兖矿能源
2020-12-25,600188,32.45000000,32.95000000,33.15000000,32.15000000,317136.05000000,,3.03490137,1.72892868,0.56000000,,兖矿能源
2020-12-28,600188,33.05000000,33.01000000,33.53000000,32.71000000,422903.13000000,,2.48409573,0.18209408,0.06000000,,兖矿能源
2020-12-29,600188,33.03000000,32.01000000,33.19000000,31.87000000,419272.02000000,,4.12371134,-3.02938503,-1.00000000,,兖矿能源
2020-12-30,600188,31.99000000,32.19000000,32.59000000,31.75000000,298123.99000000,,2.60950606,0.56232427,0.18000000,,兖矿能源
2020-12-31,600188,32.25000000,32.09000000,32.35000000,31.73000000,330913.50000000,,1.93206606,-0.31065548,-0.10000000,,兖矿能源
2021-01-04,600188,32.07000000,32.33000000,32.45000000,31.85000000,364928.81000000,,1.85586143,0.74789654,0.24000000,,兖矿能源
2021-01-05,600188,32.25000000,32.05000000,32.25000000,31.67000000,418225.26000000,,1.80967239,-0.86606867,-0.28000000,,兖矿能源
2021-01-06,600188,32.07000000,31.93000000,32.29000000,31.81000000,300644.13000000,,1.50328844,-0.37441498,-0.12000000,,兖矿能源
2021-01-07,600188,32.03000000,32.33000000,32.71000000,31.91000000,529184.32000000,,2.47448191,1.25274037,0.40000000,,兖矿能源
2021-01-08,600188,32.37000000,32.59000000,32.97000000,32.15000000,438017.28000000,,2.51610924,0.80420662,0.26000000,,兖矿能源
2021-01-11,600188,32.43000000,31.79000000,32.45000000,31.67000000,387742.87000000,,2.45360176,-2.45474072,-0.80000000,,兖矿能源
2021-01-12,600188,31.71000000,31.95000000,32.05000000,31.61000000,256464.05000000,,1.37715180,0.50330293,0.16000000,,兖矿能源
2021-01-13,600188,31.95000000,32.09000000,32.41000000,31.77000000,299246.76000000,,1.99439078,0.43818466,0.14000000,,兖矿能源
2021-01-14,600188,32.19000000,31.73000000,32.21000000,31.73000000,262548.50000000,,1.51276395,-1.12184481,-0.36000000,,兖矿能源
2021-01-15,600188,31.95000000,31.95000000,32.19000000,31.85000000,230080.23000000,,1.06416275,0.69335014,0.22000000,,兖矿能源
2021-01-18,600188,32.03000000,32.27000000,32.47000000,31.93000000,297359.06000000,,1.67338085,1.00156495,0.32000000,,兖矿能源
2021-01-19,600188,32.13000000,32.27000000,32.95000000,32.09000000,377927.42000000,,2.66501394,0.00000000,0.00000000,,兖矿能源
2021-01-20,600188,32.25000000,31.99000000,32.25000000,31.89000000,245803.60000000,,1.12535167,-0.86767896,-0.28000000,,兖矿能源
2021-01-21,600188,32.13000000,32.45000000,32.77000000,32.03000000,415978.33000000,,2.28043143,1.43794936,0.46000000,,兖矿能源
2021-01-22,600188,32.35000000,31.73000000,32.35000000,31.67000000,384419.07000000,,2.14308226,-2.21879815,-0.72000000,,兖矿能源
2021-01-25,600188,31.65000000,30.53000000,31.71000000,30.37000000,441366.68000000,,4.38912545,-3.78190986,-1.20000000,,兖矿能源
2021-01-26,600188,30.61000000,30.55000000,30.85000000,30.43000000,201603.95000000,,1.37479542,0.06550934,0.02000000,,兖矿能源
2021-01-27,600188,30.51000000,30.35000000,30.79000000,30.29000000,190117.32000000,,1.64744646,-0.65466448,-0.20000000,,兖矿能源
2021-01-28,600188,30.15000000,29.87000000,30.23000000,29.87000000,195254.66000000,,1.20522263,-1.58154860,-0.48000000,,兖矿能源
2021-01-29,600188,29.89000000,29.33000000,30.07000000,29.21000000,249147.00000000,,2.93215138,-1.80783395,-0.54000000,,兖矿能源
2021-02-01,600188,29.37000000,29.45000000,29.59000000,29.13000000,162246.00000000,,1.56196944,0.40913740,0.12000000,,兖矿能源
2021-02-02,600188,29.49000000,29.25000000,29.51000000,29.17000000,138692.05000000,,1.16239316,-0.67911715,-0.20000000,,兖矿能源
2021-02-03,600188,29.21000000,29.15000000,29.39000000,28.97000000,122819.97000000,,1.44082333,-0.34188034,-0.10000000,,兖矿能源
2021-02-04,600188,29.23000000,29.03000000,29.45000000,28.81000000,181204.48000000,,2.20461591,-0.41166381,-0.12000000,,兖矿能源
2021-02-05,600188,29.03000000,29.01000000,29.19000000,28.85000000,127390.41000000,,1.17200965,-0.06889425,-0.02000000,,兖矿能源
2021-02-08,600188,28.99000000,29.25000000,29.33000000,28.89000000,131112.88000000,,1.50427350,0.82730093,0.24000000,,兖矿能源
2021-02-09,600188,29.29000000,29.45000000,29.53000000,29.21000000,177811.65000000,,1.08658744,0.68376068,0.20000000,,兖矿能源
2021-02-10,600188,29.41000000,29.71000000,29.87000000,29.33000000,188435.05000000,,1.81756984,0.88285229,0.26000000,,兖矿能源
2021-02-18,600188,29.97000000,30.49000000,30.65000000,29.97000000,342908.10000000,,2.23023942,2.62537866,0.78000000,,兖矿能源
2021-02-19,600188,30.51000000,30.95000000,31.07000000,30.29000000,336454.92000000,,2.52019386,1.50869137,0.46000000,,兖矿能源
2021-02-22,600188,30.95000000,31.63000000,32.45000000,30.95000000,541104.25000000,,4.74233323,2.19709208,0.68000000,,兖矿能源
2021-02-23,600188,31.45000000,30.99000000,31.47000000,30.77000000,371175.02000000,,2.25879316,-2.02339551,-0.64000000,,兖矿能源
2021-02-24,600188,30.97000000,30.97000000,31.39000000,30.71000000,231044.31000000,,2.19567323,-0.06453695,-0.02000000,,兖矿能源
2021-02-25,600188,31.23000000,31.63000000,31.75000000,31.23000000,316223.92000000,,1.64400885,2.13109461,0.66000000,,兖矿能源
2021-02-26,600188,31.17000000,31.23000000,31.63000000,31.03000000,209587.95000000,,1.92122959,-1.26462219,-0.40000000,,兖矿能源
2021-03-01,600188,31.17000000,32.85000000,33.15000000,31.03000000,872212.87000000,,6.45357686,5.18731988,1.62000000,,兖矿能源
2021-03-02,600188,33.91000000,34.73000000,34.95000000,33.37000000,1343127.77000000,,4.54938094,5.72298326,1.88000000,,兖矿能源
2021-03-03,600188,34.35000000,36.35000000,36.93000000,33.95000000,1208909.28000000,,8.19807428,4.66455514,1.62000000,,兖矿能源
2021-03-04,600188,37.07000000,37.37000000,38.07000000,36.89000000,1057897.96000000,,3.15761306,2.80605227,1.02000000,,兖矿能源
2021-03-05,600188,36.51000000,35.71000000,36.71000000,35.25000000,771589.33000000,,4.08849062,-4.44206583,-1.66000000,,兖矿能源
2021-03-08,600188,35.91000000,35.45000000,36.35000000,35.33000000,599394.64000000,,2.87729196,-0.72808737,-0.26000000,,兖矿能源
2021-03-09,600188,35.65000000,35.31000000,36.03000000,34.61000000,557182.19000000,,4.02152365,-0.39492243,-0.14000000,,兖矿能源
2021-03-10,600188,35.33000000,35.45000000,36.05000000,35.19000000,408016.25000000,,2.42595205,0.39648825,0.14000000,,兖矿能源
2021-03-11,600188,35.31000000,36.11000000,36.47000000,35.15000000,483377.31000000,,3.65549709,1.86177715,0.66000000,,兖矿能源
2021-03-12,600188,36.37000000,38.53000000,38.53000000,36.11000000,835622.37000000,,6.28082014,6.70174467,2.42000000,,兖矿能源
2021-03-15,600188,37.97000000,38.73000000,39.57000000,37.75000000,676932.30000000,,4.69919959,0.51907604,0.20000000,,兖矿能源
2021-03-16,600188,38.67000000,37.13000000,38.83000000,36.77000000,581249.07000000,,5.54807433,-4.13116447,-1.60000000,,兖矿能源
2021-03-17,600188,36.99000000,37.35000000,37.51000000,36.39000000,453790.35000000,,2.99866131,0.59251279,0.22000000,,兖矿能源
2021-03-18,600188,36.89000000,37.27000000,37.49000000,35.95000000,477558.66000000,,4.13200966,-0.21419009,-0.08000000,,兖矿能源
2021-03-19,600188,36.45000000,37.63000000,38.31000000,36.21000000,413229.36000000,,5.58065373,0.96592434,0.36000000,,兖矿能源
2021-03-22,600188,37.61000000,37.69000000,38.31000000,37.01000000,271171.37000000,,3.44919077,0.15944725,0.06000000,,兖矿能源
2021-03-23,600188,37.57000000,37.03000000,37.87000000,36.35000000,319788.10000000,,4.10477991,-1.75112762,-0.66000000,,兖矿能源
2021-03-24,600188,36.79000000,36.11000000,37.01000000,35.69000000,369184.56000000,,3.65549709,-2.48447205,-0.92000000,,兖矿能源
2021-03-25,600188,36.23000000,37.69000000,38.13000000,36.11000000,496796.02000000,,5.35951181,4.37551925,1.58000000,,兖矿能源
2021-03-26,600188,37.59000000,38.31000000,38.57000000,36.97000000,392422.95000000,,4.17645523,1.64499867,0.62000000,,兖矿能源
2021-03-29,600188,39.15000000,40.85000000,40.95000000,38.89000000,657345.97000000,,5.04283966,6.63012268,2.54000000,,兖矿能源
2021-03-30,600188,39.83000000,38.95000000,39.83000000,38.45000000,584520.46000000,,3.54300385,-4.65116279,-1.90000000,,兖矿能源
2021-03-31,600188,38.85000000,38.41000000,39.11000000,38.21000000,307296.42000000,,2.34313981,-1.38639281,-0.54000000,,兖矿能源
2021-04-01,600188,38.35000000,38.97000000,39.33000000,37.71000000,284620.13000000,,4.15704388,1.45795366,0.56000000,,兖矿能源
2021-04-02,600188,38.91000000,38.73000000,39.09000000,38.35000000,198452.01000000,,1.91066357,-0.61585835,-0.24000000,,兖矿能源
2021-04-06,600188,38.45000000,38.31000000,38.71000000,37.97000000,176664.00000000,,1.93161055,-1.08443067,-0.42000000,,兖矿能源
2021-04-07,600188,38.29000000,39.05000000,39.29000000,37.51000000,349480.06000000,,4.55825864,1.93161055,0.74000000,,兖矿能源
2021-04-08,600188,39.95000000,39.31000000,40.35000000,38.55000000,349003.71000000,,4.57898753,0.66581306,0.26000000,,兖矿能源
2021-04-09,600188,38.57000000,39.11000000,39.39000000,38.45000000,175482.28000000,,2.40347737,-0.50877639,-0.20000000,,兖矿能源
2021-04-12,600188,39.07000000,38.81000000,39.41000000,38.45000000,178206.66000000,,2.47358928,-0.76706725,-0.30000000,,兖矿能源
2021-04-13,600188,38.63000000,38.43000000,38.85000000,38.25000000,109811.90000000,,1.56128025,-0.97912909,-0.38000000,,兖矿能源
2021-04-14,600188,38.55000000,38.91000000,39.05000000,37.81000000,188073.10000000,,3.18684143,1.24902420,0.48000000,,兖矿能源
2021-04-15,600188,38.91000000,39.31000000,40.05000000,38.53000000,226860.78000000,,3.86670059,1.02801336,0.40000000,,兖矿能源
2021-04-16,600188,39.85000000,41.89000000,42.05000000,39.85000000,498541.55000000,,5.25185008,6.56321547,2.58000000,,兖矿能源
2021-04-19,600188,41.35000000,40.63000000,41.85000000,40.55000000,299330.82000000,,3.19960620,-3.00787778,-1.26000000,,兖矿能源
2021-04-20,600188,40.43000000,40.11000000,40.87000000,39.99000000,249867.36000000,,2.19396659,-1.27984248,-0.52000000,,兖矿能源
2021-04-21,600188,39.83000000,40.03000000,40.43000000,39.25000000,260754.15000000,,2.94778916,-0.19945151,-0.08000000,,兖矿能源
2021-04-22,600188,40.33000000,39.79000000,41.01000000,39.71000000,280995.98000000,,3.26715255,-0.59955034,-0.24000000,,兖矿能源
2021-04-23,600188,39.35000000,39.51000000,39.85000000,38.85000000,206717.95000000,,2.53100481,-0.70369440,-0.28000000,,兖矿能源
2021-04-26,600188,39.83000000,39.95000000,40.19000000,39.57000000,235422.52000000,,1.55193992,1.11364212,0.44000000,,兖矿能源
2021-04-27,600188,39.83000000,39.25000000,40.03000000,38.45000000,200624.68000000,,4.02547771,-1.75219024,-0.70000000,,兖矿能源
2021-04-28,600188,39.09000000,40.35000000,40.43000000,38.95000000,235165.99000000,,3.66790582,2.80254777,1.10000000,,兖矿能源
2021-04-29,600188,40.09000000,40.79000000,41.17000000,39.61000000,224683.29000000,,3.82446678,1.09045849,0.44000000,,兖矿能源
2021-04-30,600188,38.37000000,37.93000000,39.07000000,37.91000000,621421.52000000,,3.05826523,-7.01152243,-2.86000000,,兖矿能源
2021-05-06,600188,37.85000000,39.69000000,40.13000000,37.85000000,401359.18000000,,5.74452003,4.64012655,1.76000000,,兖矿能源
2021-05-07,600188,39.95000000,41.73000000,41.95000000,39.15000000,644194.10000000,,6.70980110,5.13983371,2.04000000,,兖矿能源
2021-05-10,600188,41.73000000,42.71000000,43.15000000,41.31000000,544377.18000000,,4.30812456,2.34843039,0.98000000,,兖矿能源
2021-05-11,600188,41.81000000,41.61000000,41.97000000,40.55000000,523219.63000000,,3.41264119,-2.57550925,-1.10000000,,兖矿能源
2021-05-12,600188,41.77000000,41.85000000,42.29000000,40.97000000,257145.04000000,,3.15412186,0.57678443,0.24000000,,兖矿能源
2021-05-13,600188,41.05000000,40.21000000,41.33000000,39.95000000,233140.34000000,,3.43198209,-3.91875747,-1.64000000,,兖矿能源
2021-05-14,600188,40.35000000,39.19000000,40.35000000,38.65000000,307910.14000000,,4.33784129,-2.53668242,-1.02000000,,兖矿能源
2021-05-17,600188,39.19000000,38.97000000,39.89000000,38.89000000,274167.35000000,,2.56607647,-0.56136770,-0.22000000,,兖矿能源
2021-05-18,600188,39.39000000,40.03000000,40.37000000,39.27000000,233091.38000000,,2.74793905,2.72004106,1.06000000,,兖矿能源
2021-05-19,600188,39.75000000,39.19000000,39.85000000,38.75000000,165150.57000000,,2.80683848,-2.09842618,-0.84000000,,兖矿能源
2021-05-20,600188,37.87000000,37.03000000,37.87000000,36.47000000,433205.63000000,,3.78071834,-5.51161010,-2.16000000,,兖矿能源
2021-05-21,600188,37.01000000,38.51000000,38.63000000,36.79000000,360084.60000000,,4.77797975,3.99675938,1.48000000,,兖矿能源
2021-05-24,600188,38.51000000,38.23000000,38.85000000,37.91000000,167312.48000000,,2.45880199,-0.72708387,-0.28000000,,兖矿能源
2021-05-25,600188,38.49000000,38.29000000,38.81000000,37.31000000,230055.07000000,,3.91747192,0.15694481,0.06000000,,兖矿能源
2021-05-26,600188,38.31000000,38.51000000,38.71000000,37.99000000,121053.72000000,,1.86964425,0.57456255,0.22000000,,兖矿能源
2021-05-27,600188,38.33000000,38.87000000,39.29000000,38.33000000,179704.59000000,,2.46977103,0.93482212,0.36000000,,兖矿能源
2021-05-28,600188,38.89000000,38.63000000,39.51000000,38.45000000,149240.02000000,,2.74398136,-0.61744276,-0.24000000,,兖矿能源
2021-05-31,600188,38.89000000,39.03000000,39.15000000,38.45000000,167517.99000000,,1.79349219,1.03546466,0.40000000,,兖矿能源
2021-06-01,600188,39.03000000,40.15000000,40.37000000,38.35000000,255085.34000000,,5.03113325,2.86958750,1.12000000,,兖矿能源
2021-06-02,600188,39.93000000,39.81000000,40.89000000,39.73000000,290093.23000000,,2.91384074,-0.84682441,-0.34000000,,兖矿能源
2021-06-03,600188,40.25000000,41.05000000,41.71000000,40.25000000,314838.77000000,,3.55663825,3.11479528,1.24000000,,兖矿能源
2021-06-04,600188,40.15000000,40.95000000,41.21000000,39.57000000,240871.96000000,,4.00488400,-0.24360536,-0.10000000,,兖矿能源
2021-06-07,600188,41.13000000,41.11000000,42.05000000,40.97000000,252607.48000000,,2.62709803,0.39072039,0.16000000,,兖矿能源
2021-06-08,600188,40.91000000,40.87000000,41.25000000,40.43000000,160786.78000000,,2.00636163,-0.58379956,-0.24000000,,兖矿能源
2021-06-09,600188,41.09000000,42.83000000,43.45000000,40.65000000,347803.00000000,,6.53747373,4.79569366,1.96000000,,兖矿能源
2021-06-10,600188,42.49000000,41.87000000,42.63000000,41.65000000,300634.19000000,,2.34057798,-2.24141957,-0.96000000,,兖矿能源
2021-06-11,600188,42.11000000,41.81000000,42.59000000,41.73000000,196138.35000000,,2.05692418,-0.14330069,-0.06000000,,兖矿能源
2021-06-15,600188,42.35000000,42.35000000,42.83000000,41.53000000,220276.18000000,,3.06965762,1.29155704,0.54000000,,兖矿能源
2021-06-16,600188,42.19000000,42.41000000,43.41000000,42.01000000,239584.21000000,,3.30110823,0.14167651,0.06000000,,兖矿能源
2021-06-17,600188,41.63000000,42.35000000,42.87000000,41.15000000,237242.30000000,,4.06139315,-0.14147607,-0.06000000,,兖矿能源
2021-06-18,600188,42.45000000,41.55000000,42.45000000,41.35000000,212899.19000000,,2.64741276,-1.88902007,-0.80000000,,兖矿能源
2021-06-21,600188,40.95000000,41.23000000,41.67000000,40.31000000,192766.46000000,,3.29856900,-0.77015644,-0.32000000,,兖矿能源
2021-06-22,600188,41.69000000,40.95000000,41.69000000,40.61000000,148924.62000000,,2.63736264,-0.67911715,-0.28000000,,兖矿能源
2021-06-23,600188,41.23000000,43.07000000,43.33000000,40.99000000,306027.60000000,,5.43301602,5.17704518,2.12000000,,兖矿能源
2021-06-24,600188,43.17000000,43.23000000,44.51000000,42.39000000,307460.69000000,,4.90400185,0.37148827,0.16000000,,兖矿能源
2021-06-25,600188,44.13000000,44.07000000,44.53000000,43.49000000,239529.79000000,,2.35988201,1.94309507,0.84000000,,兖矿能源
2021-06-28,600188,42.81000000,41.95000000,42.95000000,41.55000000,333917.58000000,,3.33730632,-4.81052870,-2.12000000,,兖矿能源
2021-06-29,600188,42.01000000,41.51000000,42.17000000,41.47000000,174537.24000000,,1.68634064,-1.04886770,-0.44000000,,兖矿能源
2021-06-30,600188,41.63000000,42.67000000,43.71000000,41.63000000,241027.37000000,,4.87461917,2.79450735,1.16000000,,兖矿能源
2021-07-01,600188,42.55000000,41.65000000,43.01000000,41.55000000,132676.04000000,,3.50540216,-2.39043825,-1.02000000,,兖矿能源
2021-07-02,600188,41.59000000,41.41000000,41.95000000,41.29000000,102617.22000000,,1.59381792,-0.57623049,-0.24000000,,兖矿能源
2021-07-05,600188,41.73000000,42.05000000,42.43000000,41.53000000,184762.59000000,,2.14030916,1.54552041,0.64000000,,兖矿能源
2021-07-06,600188,42.09000000,41.87000000,42.41000000,41.47000000,162145.96000000,,2.24504418,-0.42806183,-0.18000000,,兖矿能源
2021-07-07,600188,41.49000000,41.23000000,41.79000000,40.59000000,231917.14000000,,2.91050206,-1.52854072,-0.64000000,,兖矿能源
2021-07-08,600188,40.67000000,39.17000000,41.01000000,38.85000000,344983.56000000,,5.51442430,-4.99636187,-2.06000000,,兖矿能源
2021-07-09,600188,39.37000000,41.25000000,41.25000000,39.35000000,254114.59000000,,4.60606061,5.31018637,2.08000000,,兖矿能源
2021-07-12,600188,41.05000000,40.49000000,41.17000000,40.25000000,268513.37000000,,2.27216597,-1.84242424,-0.76000000,,兖矿能源
2021-07-13,600188,40.51000000,42.73000000,43.13000000,39.99000000,351255.19000000,,7.34846712,5.53223018,2.24000000,,兖矿能源
2021-07-14,600188,42.83000000,45.81000000,45.81000000,42.77000000,361908.04000000,,6.63610565,7.20805055,3.08000000,,兖矿能源
2021-07-15,600188,46.75000000,46.23000000,46.75000000,44.89000000,465733.37000000,,4.02336145,0.91683039,0.42000000,,兖矿能源
2021-07-16,600188,46.45000000,47.75000000,48.31000000,46.45000000,396489.19000000,,3.89528796,3.28790828,1.52000000,,兖矿能源
2021-07-19,600188,48.85000000,48.59000000,50.75000000,48.19000000,436311.94000000,,5.26857378,1.75916230,0.84000000,,兖矿能源
2021-07-20,600188,49.65000000,47.57000000,49.93000000,47.25000000,293956.77000000,,5.63380282,-2.09919737,-1.02000000,,兖矿能源
2021-07-21,600188,48.05000000,46.43000000,48.53000000,46.27000000,427526.07000000,,4.86754254,-2.39646836,-1.14000000,,兖矿能源
2021-07-22,600188,46.77000000,47.95000000,48.25000000,45.45000000,514447.17000000,,5.83941606,3.27374542,1.52000000,,兖矿能源
2021-07-23,600188,47.95000000,48.15000000,50.07000000,47.71000000,399567.92000000,,4.90134995,0.41710115,0.20000000,,兖矿能源
2021-07-26,600188,48.47000000,48.03000000,49.09000000,47.15000000,263232.59000000,,4.03914220,-0.24922118,-0.12000000,,兖矿能源
2021-07-27,600188,48.15000000,49.81000000,51.43000000,48.15000000,493322.71000000,,6.58502309,3.70601707,1.78000000,,兖矿能源
2021-07-28,600188,47.55000000,50.61000000,51.47000000,47.55000000,469711.88000000,,7.74550484,1.60610319,0.80000000,,兖矿能源
2021-07-29,600188,51.31000000,51.17000000,52.27000000,50.21000000,340188.64000000,,4.02579637,1.10650069,0.56000000,,兖矿能源
2021-07-30,600188,52.35000000,51.55000000,52.57000000,50.39000000,402529.49000000,,4.22890398,0.74262263,0.38000000,,兖矿能源
2021-08-02,600188,49.35000000,47.83000000,49.51000000,47.79000000,461123.81000000,,3.59606941,-7.21629486,-3.72000000,,兖矿能源
2021-08-03,600188,47.65000000,46.55000000,49.07000000,46.33000000,367009.07000000,,5.88614393,-2.67614468,-1.28000000,,兖矿能源
2021-08-04,600188,47.39000000,48.09000000,48.27000000,46.71000000,361740.38000000,,3.24391765,3.30827068,1.54000000,,兖矿能源
2021-08-05,600188,47.69000000,47.35000000,48.65000000,46.95000000,200453.50000000,,3.59028511,-1.53878145,-0.74000000,,兖矿能源
2021-08-06,600188,47.35000000,49.05000000,49.39000000,46.77000000,270048.58000000,,5.34148828,3.59028511,1.70000000,,兖矿能源
2021-08-09,600188,48.75000000,48.51000000,49.53000000,47.79000000,233704.80000000,,3.58688930,-1.10091743,-0.54000000,,兖矿能源
2021-08-10,600188,48.19000000,46.95000000,48.63000000,46.55000000,350239.24000000,,4.43024494,-3.21583179,-1.56000000,,兖矿能源
2021-08-11,600188,47.17000000,48.89000000,49.27000000,47.07000000,330203.31000000,,4.49989773,4.13205538,1.94000000,,兖矿能源
2021-08-12,600188,48.35000000,51.47000000,52.05000000,47.51000000,534584.89000000,,8.82067224,5.27715279,2.58000000,,兖矿能源
2021-08-13,600188,51.31000000,50.75000000,51.31000000,49.35000000,310071.19000000,,3.86206897,-1.39887313,-0.72000000,,兖矿能源
2021-08-16,600188,50.63000000,47.83000000,50.73000000,47.79000000,346961.64000000,,6.14676981,-5.75369458,-2.92000000,,兖矿能源
2021-08-17,600188,47.83000000,47.01000000,48.13000000,46.75000000,304248.38000000,,2.93554563,-1.71440519,-0.82000000,,兖矿能源
2021-08-18,600188,47.09000000,46.53000000,47.73000000,46.09000000,280473.41000000,,3.52460778,-1.02105935,-0.48000000,,兖矿能源
2021-08-19,600188,46.51000000,47.27000000,47.53000000,45.85000000,318757.08000000,,3.55405120,1.59037180,0.74000000,,兖矿能源
2021-08-20,600188,46.67000000,47.47000000,47.61000000,45.75000000,186044.65000000,,3.91826417,0.42310133,0.20000000,,兖矿能源
2021-08-23,600188,47.91000000,48.41000000,49.45000000,47.91000000,302675.78000000,,3.18116092,1.98019802,0.94000000,,兖矿能源
2021-08-24,600188,49.07000000,48.15000000,49.27000000,47.49000000,255060.95000000,,3.69678089,-0.53707912,-0.26000000,,兖矿能源
2021-08-25,600188,48.15000000,49.39000000,49.77000000,47.79000000,311577.83000000,,4.00890869,2.57528557,1.24000000,,兖矿能源
2021-08-26,600188,49.27000000,52.93000000,52.93000000,49.15000000,643522.06000000,,7.14150765,7.16744280,3.54000000,,兖矿能源
2021-08-27,600188,51.61000000,56.69000000,56.73000000,51.05000000,678226.08000000,,10.01940377,7.10372190,3.76000000,,兖矿能源
2021-08-30,600188,55.97000000,60.37000000,60.91000000,55.57000000,446575.03000000,,8.84545304,6.49144470,3.68000000,,兖矿能源
2021-08-31,600188,60.13000000,65.01000000,65.01000000,59.37000000,453482.47000000,,8.67558837,7.68593672,4.64000000,,兖矿能源
2021-09-01,600188,67.55000000,64.31000000,67.55000000,62.47000000,524847.92000000,,7.89923807,-1.07675742,-0.70000000,,兖矿能源
2021-09-02,600188,65.35000000,67.55000000,67.91000000,63.85000000,499470.56000000,,6.01036269,5.03809672,3.24000000,,兖矿能源
2021-09-03,600188,64.75000000,65.75000000,67.71000000,64.45000000,392745.07000000,,4.95817490,-2.66469282,-1.80000000,,兖矿能源
2021-09-06,600188,66.53000000,66.35000000,67.95000000,63.81000000,435549.72000000,,6.23963828,0.91254753,0.60000000,,兖矿能源
2021-09-07,600188,66.89000000,67.85000000,71.25000000,65.45000000,447067.17000000,,8.54826824,2.26073851,1.50000000,,兖矿能源
2021-09-08,600188,67.85000000,67.47000000,71.05000000,66.33000000,390071.83000000,,6.99570179,-0.56005895,-0.38000000,,兖矿能源
2021-09-09,600188,67.51000000,72.83000000,72.83000000,66.95000000,551715.40000000,,8.07359605,7.94427153,5.36000000,,兖矿能源
2021-09-10,600188,71.95000000,72.59000000,76.61000000,69.35000000,495167.08000000,,10.00137760,-0.32953453,-0.24000000,,兖矿能源
2021-09-13,600188,72.77000000,78.45000000,78.45000000,72.77000000,335093.44000000,,7.24028043,8.07273729,5.86000000,,兖矿能源
2021-09-14,600188,77.95000000,80.55000000,83.21000000,75.97000000,426757.19000000,,8.98820608,2.67686424,2.10000000,,兖矿能源
2021-09-15,600188,78.95000000,78.83000000,81.37000000,76.35000000,383597.35000000,,6.36813396,-2.13531968,-1.72000000,,兖矿能源
2021-09-16,600188,80.95000000,83.31000000,85.31000000,80.95000000,480542.94000000,,5.23346537,5.68311557,4.48000000,,兖矿能源
2021-09-17,600188,80.91000000,76.41000000,87.85000000,76.37000000,460055.55000000,,15.02421149,-8.28231905,-6.90000000,,兖矿能源
2021-09-22,600188,76.41000000,82.65000000,82.65000000,75.35000000,339540.11000000,,8.83242589,8.16647036,6.24000000,,兖矿能源
2021-09-23,600188,85.95000000,78.23000000,86.15000000,76.75000000,515362.96000000,,12.01585070,-5.34785239,-4.42000000,,兖矿能源
2021-09-24,600188,77.95000000,72.15000000,78.19000000,71.85000000,677884.20000000,,8.78724879,-7.77195449,-6.08000000,,兖矿能源
2021-09-27,600188,73.55000000,72.93000000,74.35000000,69.23000000,534373.71000000,,7.02043055,1.08108108,0.78000000,,兖矿能源
2021-09-28,600188,72.93000000,78.57000000,78.57000000,72.03000000,551186.04000000,,8.32378771,7.73344303,5.64000000,,兖矿能源
2021-09-29,600188,78.57000000,72.11000000,80.81000000,72.11000000,471323.72000000,,12.06490085,-8.22196767,-6.46000000,,兖矿能源
2021-09-30,600188,69.99000000,71.93000000,72.29000000,66.29000000,638241.63000000,,8.34144307,-0.24961864,-0.18000000,,兖矿能源
2021-10-08,600188,72.57000000,68.35000000,73.07000000,67.07000000,501861.06000000,,8.77834674,-4.97706103,-3.58000000,,兖矿能源
2021-10-11,600188,68.35000000,73.79000000,73.79000000,67.87000000,464236.62000000,,8.02276731,7.95903438,5.44000000,,兖矿能源
2021-10-12,600188,74.53000000,74.95000000,79.11000000,70.83000000,520707.00000000,,11.04736491,1.57202873,1.16000000,,兖矿能源
2021-10-13,600188,74.71000000,70.75000000,74.71000000,68.85000000,400248.29000000,,8.28268551,-5.60373582,-4.20000000,,兖矿能源
2021-10-14,600188,69.95000000,69.95000000,72.59000000,67.35000000,349042.29000000,,7.49106505,-1.13074205,-0.80000000,,兖矿能源
2021-10-15,600188,70.13000000,74.25000000,74.95000000,68.85000000,362676.34000000,,8.21548822,6.14724803,4.30000000,,兖矿能源
2021-10-18,600188,74.23000000,79.85000000,80.25000000,72.55000000,481590.92000000,,9.64308078,7.54208754,5.60000000,,兖矿能源
2021-10-19,600188,79.35000000,79.33000000,82.23000000,76.95000000,454309.60000000,,6.65574184,-0.65122104,-0.52000000,,兖矿能源
2021-10-20,600188,72.79000000,72.79000000,72.79000000,72.79000000,73269.00000000,,0.00000000,-8.24404387,-6.54000000,,兖矿能源
2021-10-21,600188,68.97000000,75.95000000,77.39000000,68.97000000,555345.29000000,,11.08624095,4.34125567,3.16000000,,兖矿能源
2021-10-22,600188,75.35000000,70.61000000,77.75000000,69.75000000,478789.47000000,,11.32983997,-7.03094141,-5.34000000,,兖矿能源
2021-10-25,600188,71.39000000,70.73000000,72.95000000,69.21000000,357352.05000000,,5.28771384,0.16994760,0.12000000,,兖矿能源
2021-10-26,600188,70.69000000,69.95000000,71.39000000,67.99000000,294185.62000000,,4.86061472,-1.10278524,-0.78000000,,兖矿能源
2021-10-27,600188,67.95000000,65.25000000,68.93000000,64.63000000,607596.72000000,,6.59003831,-6.71908506,-4.70000000,,兖矿能源
2021-10-28,600188,63.25000000,60.13000000,63.65000000,60.13000000,602775.35000000,,5.85398304,-7.84674330,-5.12000000,,兖矿能源
2021-10-29,600188,60.25000000,59.11000000,60.55000000,58.43000000,504888.80000000,,3.58653358,-1.69632463,-1.02000000,,兖矿能源
2021-11-01,600188,58.95000000,59.61000000,60.25000000,58.17000000,490421.94000000,,3.48934742,0.84588056,0.50000000,,兖矿能源
2021-11-02,600188,59.53000000,59.31000000,60.53000000,57.37000000,388687.69000000,,5.32793795,-0.50327126,-0.30000000,,兖矿能源
2021-11-03,600188,59.77000000,63.85000000,63.85000000,59.55000000,598946.55000000,,6.73453406,7.65469567,4.54000000,,兖矿能源
2021-11-04,600188,63.93000000,63.03000000,64.31000000,61.75000000,508237.68000000,,4.06155799,-1.28425998,-0.82000000,,兖矿能源
2021-11-05,600188,63.35000000,60.11000000,63.47000000,60.11000000,371142.98000000,,5.58975212,-4.63271458,-2.92000000,,兖矿能源
2021-11-08,600188,60.77000000,61.35000000,63.03000000,60.33000000,421542.95000000,,4.40097800,2.06288471,1.24000000,,兖矿能源
2021-11-09,600188,61.81000000,59.77000000,61.85000000,59.09000000,304519.08000000,,4.61770119,-2.57538712,-1.58000000,,兖矿能源
2021-11-10,600188,59.07000000,58.19000000,59.19000000,56.95000000,341988.22000000,,3.84945867,-2.64346662,-1.58000000,,兖矿能源
2021-11-11,600188,58.67000000,60.35000000,60.77000000,58.21000000,428860.63000000,,4.24192212,3.71197800,2.16000000,,兖矿能源
2021-11-12,600188,59.15000000,59.87000000,61.21000000,58.89000000,271844.21000000,,3.87506264,-0.79536040,-0.48000000,,兖矿能源
2021-11-15,600188,58.79000000,58.31000000,60.01000000,58.05000000,243279.09000000,,3.36134454,-2.60564557,-1.56000000,,兖矿能源
2021-11-16,600188,58.77000000,57.81000000,58.85000000,57.41000000,210764.73000000,,2.49091853,-0.85748585,-0.50000000,,兖矿能源
2021-11-17,600188,57.95000000,57.99000000,58.25000000,57.25000000,194574.76000000,,1.72443525,0.31136482,0.18000000,,兖矿能源
2021-11-18,600188,58.79000000,58.93000000,59.65000000,57.63000000,445576.70000000,,3.42779569,1.62096913,0.94000000,,兖矿能源
2021-11-19,600188,58.85000000,59.47000000,60.31000000,57.21000000,349261.91000000,,5.21271229,0.91634142,0.54000000,,兖矿能源
2021-11-22,600188,59.57000000,59.99000000,61.75000000,59.25000000,424374.54000000,,4.16736123,0.87439045,0.52000000,,兖矿能源
2021-11-23,600188,60.65000000,60.87000000,62.57000000,60.15000000,407746.50000000,,3.97568589,1.46691115,0.88000000,,兖矿能源
2021-11-24,600188,62.33000000,64.13000000,64.43000000,61.71000000,502159.95000000,,4.24138469,5.35567603,3.26000000,,兖矿能源
2021-11-25,600188,64.33000000,63.55000000,65.63000000,61.05000000,462703.96000000,,7.20692368,-0.90441291,-0.58000000,,兖矿能源
2021-11-26,600188,61.83000000,60.49000000,62.05000000,59.61000000,358894.39000000,,4.03372458,-4.81510622,-3.06000000,,兖矿能源
2021-11-29,600188,58.75000000,59.89000000,60.15000000,57.69000000,292674.66000000,,4.10753047,-0.99189949,-0.60000000,,兖矿能源
2021-11-30,600188,59.75000000,59.39000000,61.51000000,59.27000000,308401.80000000,,3.77167873,-0.83486392,-0.50000000,,兖矿能源
2021-12-01,600188,59.91000000,61.39000000,62.29000000,58.63000000,361763.36000000,,5.96188304,3.36757030,2.00000000,,兖矿能源
2021-12-02,600188,60.59000000,62.85000000,63.15000000,60.55000000,336820.37000000,,4.13683373,2.37823750,1.46000000,,兖矿能源
2021-12-03,600188,62.85000000,64.75000000,67.55000000,61.17000000,506762.84000000,,9.85328185,3.02307080,1.90000000,,兖矿能源
2021-12-06,600188,63.95000000,63.51000000,66.59000000,63.39000000,364164.12000000,,5.03857660,-1.91505792,-1.24000000,,兖矿能源
2021-12-07,600188,64.17000000,63.59000000,64.45000000,61.31000000,279656.54000000,,4.93788331,0.12596442,0.08000000,,兖矿能源
2021-12-08,600188,62.79000000,61.95000000,63.41000000,61.45000000,345462.48000000,,3.16384181,-2.57902186,-1.64000000,,兖矿能源
2021-12-09,600188,62.05000000,59.87000000,62.07000000,59.55000000,516314.55000000,,4.20911976,-3.35754641,-2.08000000,,兖矿能源
2021-12-10,600188,59.57000000,59.47000000,59.59000000,58.43000000,516287.25000000,,1.95056331,-0.66811425,-0.40000000,,兖矿能源
2021-12-13,600188,59.33000000,59.73000000,60.45000000,58.79000000,544310.01000000,,2.77917294,0.43719522,0.26000000,,兖矿能源
2021-12-14,600188,59.49000000,58.35000000,59.93000000,58.15000000,449939.40000000,,3.05055698,-2.31039679,-1.38000000,,兖矿能源
2021-12-15,600188,58.39000000,62.79000000,62.79000000,58.11000000,1072971.71000000,,7.45341615,7.60925450,4.44000000,,兖矿能源
2021-12-16,600188,65.15000000,67.67000000,67.67000000,64.01000000,726204.34000000,,5.40860056,7.77193821,4.88000000,,兖矿能源
2021-12-17,600188,70.95000000,67.91000000,71.71000000,65.75000000,1430801.74000000,,8.77632160,0.35466233,0.24000000,,兖矿能源
2021-12-20,600188,67.85000000,63.63000000,68.95000000,62.95000000,889050.51000000,,9.42951438,-6.30245914,-4.28000000,,兖矿能源
2021-12-21,600188,63.37000000,64.77000000,66.55000000,63.17000000,664229.23000000,,5.21846534,1.79160773,1.14000000,,兖矿能源
2021-12-22,600188,64.47000000,65.15000000,65.75000000,63.01000000,506645.41000000,,4.20567920,0.58669137,0.38000000,,兖矿能源
2021-12-23,600188,64.55000000,67.91000000,68.75000000,64.29000000,713857.50000000,,6.56751583,4.23637759,2.76000000,,兖矿能源
2021-12-24,600188,67.01000000,65.75000000,68.11000000,65.35000000,409245.69000000,,4.19771863,-3.18068031,-2.16000000,,兖矿能源
2021-12-27,600188,65.43000000,66.13000000,67.69000000,65.11000000,402696.96000000,,3.90140632,0.57794677,0.38000000,,兖矿能源
2021-12-28,600188,66.61000000,63.15000000,66.61000000,62.35000000,558434.24000000,,6.74584323,-4.50627552,-2.98000000,,兖矿能源
2021-12-29,600188,62.83000000,60.75000000,63.55000000,60.67000000,569069.71000000,,4.74074074,-3.80047506,-2.40000000,,兖矿能源
2021-12-30,600188,60.51000000,60.63000000,61.25000000,60.07000000,487265.10000000,,1.94623124,-0.19753086,-0.12000000,,兖矿能源
2021-12-31,600188,60.67000000,61.01000000,61.55000000,59.27000000,456864.19000000,,3.73709228,0.62675243,0.38000000,,兖矿能源
2022-01-04,600188,63.05000000,61.89000000,64.91000000,61.21000000,777152.60000000,,5.97834868,1.44238649,0.88000000,,兖矿能源
2022-01-05,600188,60.77000000,61.03000000,61.97000000,59.43000000,518558.86000000,,4.16188760,-1.38956213,-0.86000000,,兖矿能源
2022-01-06,600188,61.05000000,61.55000000,62.65000000,60.61000000,441212.46000000,,3.31437855,0.85203998,0.52000000,,兖矿能源
2022-01-07,600188,60.95000000,60.15000000,61.51000000,60.03000000,367150.89000000,,2.46051538,-2.27457352,-1.40000000,,兖矿能源
2022-01-10,600188,60.25000000,61.17000000,61.19000000,59.63000000,338874.07000000,,2.55026974,1.69576060,1.02000000,,兖矿能源
2022-01-11,600188,60.47000000,59.75000000,60.61000000,59.33000000,334976.91000000,,2.14225941,-2.32139938,-1.42000000,,兖矿能源
2022-01-12,600188,59.83000000,59.95000000,60.11000000,59.59000000,210101.91000000,,0.86738949,0.33472803,0.20000000,,兖矿能源
2022-01-13,600188,60.11000000,60.79000000,61.87000000,60.03000000,557054.00000000,,3.02681362,1.40116764,0.84000000,,兖矿能源
2022-01-14,600188,59.95000000,59.13000000,59.95000000,58.69000000,369131.82000000,,2.13089802,-2.73071229,-1.66000000,,兖矿能源
2022-01-17,600188,59.15000000,59.11000000,59.35000000,58.19000000,224714.75000000,,1.96244290,-0.03382378,-0.02000000,,兖矿能源
2022-01-18,600188,58.95000000,60.71000000,61.07000000,58.59000000,400264.95000000,,4.08499423,2.70681780,1.60000000,,兖矿能源
2022-01-19,600188,61.31000000,61.67000000,64.33000000,61.31000000,548810.22000000,,4.89703259,1.58128809,0.96000000,,兖矿能源
2022-01-20,600188,61.11000000,62.55000000,63.23000000,60.31000000,417863.22000000,,4.66826539,1.42694989,0.88000000,,兖矿能源
2022-01-21,600188,62.73000000,64.03000000,64.77000000,62.73000000,599400.23000000,,3.18600656,2.36610711,1.48000000,,兖矿能源
2022-01-24,600188,63.51000000,64.39000000,64.75000000,61.99000000,376750.05000000,,4.28637987,0.56223645,0.36000000,,兖矿能源
2022-01-25,600188,63.91000000,62.57000000,64.27000000,62.47000000,292699.43000000,,2.87677801,-2.82652586,-1.82000000,,兖矿能源
2022-01-26,600188,61.27000000,62.27000000,62.89000000,59.09000000,435870.76000000,,6.10245704,-0.47946300,-0.30000000,,兖矿能源
2022-01-27,600188,62.35000000,62.99000000,65.25000000,61.99000000,340464.38000000,,5.17542467,1.15625502,0.72000000,,兖矿能源
2022-01-28,600188,63.19000000,60.17000000,63.87000000,59.81000000,270924.39000000,,6.74754861,-4.47690110,-2.82000000,,兖矿能源
2022-02-07,600188,61.41000000,63.81000000,64.51000000,61.15000000,350243.26000000,,5.26563235,6.04952634,3.64000000,,兖矿能源
2022-02-08,600188,65.93000000,66.13000000,67.75000000,64.91000000,434564.15000000,,4.29457130,3.63579376,2.32000000,,兖矿能源
2022-02-09,600188,66.15000000,68.57000000,68.95000000,65.07000000,481232.83000000,,5.65845122,3.68970210,2.44000000,,兖矿能源
2022-02-10,600188,66.59000000,70.95000000,71.85000000,65.15000000,424656.32000000,,9.44326991,3.47090564,2.38000000,,兖矿能源
2022-02-11,600188,70.55000000,73.93000000,76.65000000,69.77000000,474290.38000000,,9.30610037,4.20014094,2.98000000,,兖矿能源
2022-02-14,600188,74.05000000,73.29000000,76.51000000,72.55000000,272908.81000000,,5.40319280,-0.86568375,-0.64000000,,兖矿能源
2022-02-15,600188,73.27000000,71.75000000,73.27000000,69.55000000,438053.01000000,,5.18466899,-2.10124164,-1.54000000,,兖矿能源
2022-02-16,600188,71.27000000,71.75000000,72.41000000,69.33000000,392111.63000000,,4.29268293,0.00000000,0.00000000,,兖矿能源
2022-02-17,600188,70.95000000,72.17000000,73.01000000,70.95000000,229871.35000000,,2.85437162,0.58536585,0.42000000,,兖矿能源
2022-02-18,600188,72.59000000,74.15000000,75.27000000,71.95000000,283021.40000000,,4.47741065,2.74352224,1.98000000,,兖矿能源
2022-02-21,600188,74.19000000,74.97000000,76.15000000,73.47000000,275640.22000000,,3.57476324,1.10586649,0.82000000,,兖矿能源
2022-02-22,600188,74.01000000,77.29000000,77.57000000,73.51000000,296875.59000000,,5.25294346,3.09457116,2.32000000,,兖矿能源
2022-02-23,600188,76.01000000,75.27000000,77.29000000,73.75000000,296162.91000000,,4.70306895,-2.61353345,-2.02000000,,兖矿能源
2022-02-24,600188,74.63000000,76.35000000,79.19000000,73.85000000,319390.86000000,,6.99410609,1.43483460,1.08000000,,兖矿能源
2022-02-25,600188,75.09000000,75.39000000,77.49000000,71.69000000,456573.97000000,,7.69332803,-1.25736739,-0.96000000,,兖矿能源
2022-02-28,600188,74.33000000,77.35000000,77.45000000,73.95000000,260190.66000000,,4.52488688,2.59981430,1.96000000,,兖矿能源
2022-03-01,600188,78.35000000,79.53000000,80.11000000,77.01000000,290487.34000000,,3.89790016,2.81835811,2.18000000,,兖矿能源
2022-03-02,600188,80.95000000,85.23000000,85.55000000,79.91000000,398480.17000000,,6.61738824,7.16710675,5.70000000,,兖矿能源
2022-03-03,600188,84.55000000,84.15000000,87.99000000,83.65000000,318215.57000000,,5.15745692,-1.26715945,-1.08000000,,兖矿能源
2022-03-04,600188,83.55000000,84.97000000,87.73000000,81.83000000,311478.33000000,,6.94362716,0.97445039,0.82000000,,兖矿能源
2022-03-07,600188,87.15000000,84.15000000,88.53000000,82.03000000,410605.68000000,,7.72430184,-0.96504649,-0.82000000,,兖矿能源
2022-03-08,600188,82.95000000,78.01000000,83.69000000,77.35000000,446000.73000000,,8.12716318,-7.29649436,-6.14000000,,兖矿能源
2022-03-09,600188,78.11000000,79.35000000,81.09000000,76.47000000,382941.56000000,,5.82230624,1.71772850,1.34000000,,兖矿能源
2022-03-10,600188,76.95000000,79.51000000,80.35000000,75.15000000,317928.42000000,,6.54005785,0.20163831,0.16000000,,兖矿能源
2022-03-11,600188,78.93000000,79.93000000,82.77000000,78.15000000,377535.61000000,,5.78005755,0.52823544,0.42000000,,兖矿能源
2022-03-14,600188,78.17000000,79.41000000,82.61000000,77.93000000,327054.38000000,,5.89346430,-0.65056925,-0.52000000,,兖矿能源
2022-03-15,600188,78.31000000,75.35000000,79.31000000,74.15000000,348922.65000000,,6.84804247,-5.11270621,-4.06000000,,兖矿能源
2022-03-16,600188,76.61000000,76.79000000,77.27000000,73.37000000,262867.69000000,,5.07878630,1.91108162,1.44000000,,兖矿能源
2022-03-17,600188,77.65000000,77.91000000,79.17000000,75.29000000,256289.00000000,,4.98010525,1.45852325,1.12000000,,兖矿能源
2022-03-18,600188,79.47000000,80.53000000,82.13000000,78.21000000,315908.86000000,,4.86775115,3.36285458,2.62000000,,兖矿能源
2022-03-21,600188,80.25000000,82.73000000,83.11000000,79.37000000,242525.63000000,,4.52073009,2.73190115,2.20000000,,兖矿能源
2022-03-22,600188,82.51000000,86.05000000,87.47000000,82.17000000,262992.18000000,,6.15920976,4.01305451,3.32000000,,兖矿能源
2022-03-23,600188,85.75000000,85.31000000,86.37000000,83.67000000,171997.98000000,,3.16492791,-0.85996514,-0.74000000,,兖矿能源
2022-03-24,600188,85.37000000,88.67000000,88.75000000,85.37000000,206315.01000000,,3.81188677,3.93857695,3.36000000,,兖矿能源
2022-03-25,600188,88.67000000,89.11000000,90.91000000,86.95000000,148851.49000000,,4.44394569,0.49622195,0.44000000,,兖矿能源
2022-03-28,600188,89.11000000,94.63000000,94.93000000,87.87000000,308639.47000000,,7.46063616,6.19459095,5.52000000,,兖矿能源
2022-03-29,600188,93.05000000,94.11000000,95.35000000,90.75000000,227455.49000000,,4.88789714,-0.54950861,-0.52000000,,兖矿能源
2022-03-30,600188,91.95000000,89.87000000,93.53000000,86.67000000,406153.50000000,,7.63324802,-4.50536606,-4.24000000,,兖矿能源
2022-03-31,600188,91.95000000,90.63000000,93.55000000,88.19000000,328013.37000000,,5.91415646,0.84566596,0.76000000,,兖矿能源
2022-04-01,600188,89.37000000,89.93000000,93.33000000,87.95000000,351619.00000000,,5.98243078,-0.77237118,-0.70000000,,兖矿能源
2022-04-06,600188,89.35000000,87.71000000,90.31000000,84.15000000,311866.00000000,,7.02314445,-2.46858668,-2.22000000,,兖矿能源
2022-04-07,600188,87.05000000,87.97000000,89.45000000,86.11000000,237666.00000000,,3.79674889,0.29643142,0.26000000,,兖矿能源
2022-04-08,600188,88.29000000,90.15000000,91.17000000,87.55000000,261764.00000000,,4.01552967,2.47811754,2.18000000,,兖矿能源
2022-04-11,600188,89.45000000,89.35000000,92.55000000,88.15000000,319152.00000000,,4.92445439,-0.88740987,-0.80000000,,兖矿能源
2022-04-12,600188,89.21000000,86.55000000,90.35000000,85.55000000,316704.00000000,,5.54592721,-3.13374370,-2.80000000,,兖矿能源
2022-04-13,600188,86.69000000,89.95000000,91.15000000,86.41000000,407306.00000000,,5.26959422,3.92836511,3.40000000,,兖矿能源
2022-04-14,600188,89.95000000,93.75000000,94.01000000,87.91000000,345561.00000000,,6.50666667,4.22456921,3.80000000,,兖矿能源
2022-04-15,600188,95.45000000,88.15000000,95.71000000,86.91000000,565532.00000000,,9.98298355,-5.97333333,-5.60000000,,兖矿能源
2022-04-18,600188,84.75000000,82.75000000,85.89000000,80.95000000,574149.00000000,,5.96978852,-6.12592172,-5.40000000,,兖矿能源
2022-04-19,600188,83.53000000,88.45000000,88.53000000,82.09000000,467229.00000000,,7.28094969,6.88821752,5.70000000,,兖矿能源
2022-04-20,600188,87.01000000,82.85000000,87.75000000,82.75000000,352082.00000000,,6.03500302,-6.33126060,-5.60000000,,兖矿能源
2022-04-21,600188,84.21000000,83.09000000,85.69000000,81.97000000,276925.00000000,,4.47707305,0.28968014,0.24000000,,兖矿能源
2022-04-22,600188,81.41000000,82.89000000,84.95000000,81.11000000,193332.00000000,,4.63264567,-0.24070285,-0.20000000,,兖矿能源
2022-04-25,600188,81.15000000,79.35000000,81.77000000,77.31000000,355858.00000000,,5.62066793,-4.27072023,-3.54000000,,兖矿能源
2022-04-26,600188,79.33000000,76.01000000,79.75000000,75.55000000,292247.00000000,,5.52558874,-4.20919975,-3.34000000,,兖矿能源
2022-04-27,600188,75.13000000,77.73000000,77.79000000,74.65000000,276414.00000000,,4.03962434,2.26286015,1.72000000,,兖矿能源
2022-04-28,600188,77.93000000,82.17000000,82.83000000,77.93000000,281260.00000000,,5.96324693,5.71208028,4.44000000,,兖矿能源
2022-04-29,600188,83.11000000,83.41000000,83.69000000,80.03000000,248543.00000000,,4.38796307,1.50906657,1.24000000,,兖矿能源
2022-05-05,600188,83.95000000,83.55000000,85.53000000,81.35000000,216007.00000000,,5.00299222,0.16784558,0.14000000,,兖矿能源
2022-05-06,600188,81.55000000,81.05000000,84.69000000,80.95000000,162283.00000000,,4.61443553,-2.99222023,-2.50000000,,兖矿能源
2022-05-09,600188,79.95000000,78.95000000,80.29000000,76.75000000,239171.00000000,,4.48385054,-2.59099321,-2.10000000,,兖矿能源
2022-05-10,600188,77.23000000,77.91000000,78.55000000,75.61000000,298464.00000000,,3.77358491,-1.31728942,-1.04000000,,兖矿能源
2022-05-11,600188,77.89000000,80.31000000,80.95000000,77.17000000,221719.00000000,,4.70676130,3.08047747,2.40000000,,兖矿能源
2022-05-12,600188,81.63000000,79.67000000,82.75000000,79.27000000,190386.00000000,,4.36801807,-0.79691197,-0.64000000,,兖矿能源
2022-05-13,600188,79.39000000,83.05000000,83.27000000,79.17000000,194614.00000000,,4.93678507,4.24250031,3.38000000,,兖矿能源
2022-05-16,600188,84.21000000,84.95000000,85.49000000,82.53000000,188185.00000000,,3.48440259,2.28777845,1.90000000,,兖矿能源
2022-05-17,600188,84.99000000,86.11000000,86.69000000,84.59000000,165354.00000000,,2.43874115,1.36550912,1.16000000,,兖矿能源
2022-05-18,600188,85.75000000,84.81000000,87.29000000,83.75000000,149750.00000000,,4.17403608,-1.50969690,-1.30000000,,兖矿能源
2022-05-19,600188,83.13000000,84.05000000,84.65000000,82.55000000,122273.00000000,,2.49851279,-0.89612074,-0.76000000,,兖矿能源
2022-05-20,600188,84.15000000,87.27000000,87.65000000,83.75000000,237026.00000000,,4.46888965,3.83105294,3.22000000,,兖矿能源
2022-05-23,600188,87.35000000,87.07000000,89.73000000,85.97000000,184343.00000000,,4.31836453,-0.22917383,-0.20000000,,兖矿能源
2022-05-24,600188,86.25000000,88.81000000,92.07000000,86.25000000,251338.00000000,,6.55331607,1.99839210,1.74000000,,兖矿能源
2022-05-25,600188,88.83000000,89.85000000,91.27000000,87.43000000,199059.00000000,,4.27378965,1.17103930,1.04000000,,兖矿能源
2022-05-26,600188,91.15000000,93.43000000,94.71000000,89.91000000,226747.00000000,,5.13753612,3.98441848,3.58000000,,兖矿能源
2022-05-27,600188,93.75000000,92.89000000,94.77000000,92.01000000,200024.00000000,,2.97125632,-0.57797281,-0.54000000,,兖矿能源
2022-05-30,600188,93.79000000,91.55000000,94.95000000,90.55000000,165931.00000000,,4.80611688,-1.44256648,-1.34000000,,兖矿能源
2022-05-31,600188,91.63000000,91.23000000,93.73000000,90.37000000,160988.00000000,,3.68299901,-0.34953577,-0.32000000,,兖矿能源
2022-06-01,600188,90.81000000,94.35000000,94.49000000,90.39000000,163013.00000000,,4.34552199,3.41992766,3.12000000,,兖矿能源
2022-06-02,600188,93.65000000,91.13000000,93.65000000,89.99000000,172080.00000000,,4.01624054,-3.41282459,-3.22000000,,兖矿能源
2022-06-06,600188,92.47000000,92.35000000,93.65000000,91.17000000,275347.00000000,,2.68543584,1.33874685,1.22000000,,兖矿能源
2022-06-07,600188,92.05000000,91.43000000,94.05000000,90.25000000,260018.00000000,,4.15618506,-0.99621007,-0.92000000,,兖矿能源
2022-06-08,600188,91.63000000,99.17000000,99.17000000,91.63000000,397349.00000000,,7.60310578,8.46549273,7.74000000,,兖矿能源
2022-06-09,600188,99.85000000,99.31000000,101.03000000,97.39000000,316713.00000000,,3.66529050,0.14117173,0.14000000,,兖矿能源
2022-06-10,600188,98.85000000,99.55000000,100.41000000,97.17000000,326150.00000000,,3.25464591,0.24166751,0.24000000,,兖矿能源
2022-06-13,600188,98.95000000,98.13000000,99.73000000,95.53000000,261588.00000000,,4.28003669,-1.42641888,-1.42000000,,兖矿能源
2022-06-14,600188,96.79000000,100.65000000,102.13000000,96.15000000,231571.00000000,,5.94138102,2.56802201,2.52000000,,兖矿能源
2022-06-15,600188,99.95000000,97.57000000,101.93000000,97.39000000,198757.00000000,,4.65306959,-3.06010929,-3.08000000,,兖矿能源
2022-06-16,600188,96.31000000,92.49000000,98.31000000,91.55000000,344344.00000000,,7.30889826,-5.20651840,-5.08000000,,兖矿能源
2022-06-17,600188,91.95000000,92.15000000,92.91000000,90.65000000,235445.00000000,,2.45252306,-0.36760731,-0.34000000,,兖矿能源
2022-06-20,600188,89.95000000,85.43000000,89.95000000,85.15000000,425749.00000000,,5.61863514,-7.29245795,-6.72000000,,兖矿能源
2022-06-21,600188,85.37000000,86.33000000,87.05000000,85.37000000,268191.00000000,,1.94602108,1.05349409,0.90000000,,兖矿能源
2022-06-22,600188,87.05000000,84.41000000,87.77000000,83.85000000,230391.00000000,,4.64399953,-2.22402409,-1.92000000,,兖矿能源
2022-06-23,600188,84.17000000,86.09000000,86.39000000,82.05000000,276621.00000000,,5.04123592,1.99028551,1.68000000,,兖矿能源
2022-06-24,600188,85.37000000,85.01000000,86.97000000,84.05000000,185290.00000000,,3.43489001,-1.25450110,-1.08000000,,兖矿能源
2022-06-27,600188,86.01000000,90.01000000,90.51000000,85.27000000,295572.00000000,,5.82157538,5.88166098,5.00000000,,兖矿能源
2022-06-28,600188,90.25000000,92.85000000,93.27000000,90.25000000,262716.00000000,,3.25255789,3.15520498,2.84000000,,兖矿能源
2022-06-29,600188,92.29000000,92.63000000,95.99000000,91.69000000,195496.00000000,,4.64212458,-0.23694130,-0.22000000,,兖矿能源
2022-06-30,600188,92.55000000,92.91000000,94.51000000,91.57000000,167722.00000000,,3.16435260,0.30227788,0.28000000,,兖矿能源
2022-07-01,600188,91.95000000,92.75000000,93.31000000,88.49000000,212227.00000000,,5.19676550,-0.17220967,-0.16000000,,兖矿能源
2022-07-04,600188,92.41000000,91.53000000,94.03000000,90.67000000,177856.00000000,,3.67092756,-1.31536388,-1.22000000,,兖矿能源
2022-07-05,600188,92.01000000,94.33000000,95.69000000,91.71000000,223245.00000000,,4.21923036,3.05910630,2.80000000,,兖矿能源
2022-07-06,600188,91.75000000,88.51000000,91.75000000,87.17000000,293654.00000000,,5.17455655,-6.16982932,-5.82000000,,兖矿能源
2022-07-07,600188,88.39000000,89.47000000,89.65000000,86.17000000,191443.00000000,,3.88957192,1.08462321,0.96000000,,兖矿能源
2022-07-08,600188,91.31000000,89.41000000,91.63000000,89.35000000,154068.00000000,,2.55005033,-0.06706158,-0.06000000,,兖矿能源
2022-07-11,600188,89.39000000,86.87000000,89.39000000,86.25000000,164189.00000000,,3.61459652,-2.84084554,-2.54000000,,兖矿能源
2022-07-12,600188,87.35000000,87.99000000,88.97000000,86.85000000,172966.00000000,,2.40936470,1.28928284,1.12000000,,兖矿能源
2022-07-13,600188,88.27000000,85.83000000,88.33000000,84.77000000,212268.00000000,,4.14773389,-2.45482441,-2.16000000,,兖矿能源
2022-07-14,600188,85.75000000,86.35000000,87.27000000,85.15000000,169317.00000000,,2.45512449,0.60584877,0.52000000,,兖矿能源
2022-07-15,600188,87.95000000,89.01000000,92.81000000,87.13000000,330311.00000000,,6.38130547,3.08048639,2.66000000,,兖矿能源
2022-07-18,600188,89.63000000,92.83000000,94.33000000,89.55000000,291224.00000000,,5.14919746,4.29165262,3.82000000,,兖矿能源
2022-07-19,600188,93.73000000,94.03000000,94.79000000,91.79000000,196779.00000000,,3.19047113,1.29268555,1.20000000,,兖矿能源
2022-07-20,600188,94.03000000,94.69000000,96.39000000,93.05000000,191070.00000000,,3.52729961,0.70190365,0.66000000,,兖矿能源
2022-07-21,600188,94.69000000,91.31000000,94.69000000,90.95000000,229905.00000000,,4.09593692,-3.56954272,-3.38000000,,兖矿能源
2022-07-22,600188,91.03000000,90.19000000,92.25000000,89.45000000,126730.00000000,,3.10455705,-1.22659073,-1.12000000,,兖矿能源
2022-07-25,600188,90.13000000,90.67000000,92.31000000,89.57000000,119881.00000000,,3.02194772,0.53220978,0.48000000,,兖矿能源
2022-07-26,600188,90.39000000,92.41000000,93.15000000,90.09000000,131610.00000000,,3.31132994,1.91904709,1.74000000,,兖矿能源
2022-07-27,600188,91.59000000,91.99000000,92.71000000,90.55000000,99095.00000000,,2.34808131,-0.45449627,-0.42000000,,兖矿能源
2022-07-28,600188,93.13000000,93.75000000,93.95000000,91.63000000,197419.00000000,,2.47466667,1.91325144,1.76000000,,兖矿能源
2022-07-29,600188,93.03000000,91.23000000,94.69000000,91.13000000,146584.00000000,,3.90222515,-2.68800000,-2.52000000,,兖矿能源
2022-08-01,600188,91.21000000,94.47000000,95.19000000,90.73000000,174277.00000000,,4.72107547,3.55146333,3.24000000,,兖矿能源
2022-08-02,600188,93.65000000,93.31000000,95.21000000,91.79000000,169850.00000000,,3.66520201,-1.22790304,-1.16000000,,兖矿能源
2022-08-03,600188,93.55000000,93.17000000,94.69000000,91.73000000,147318.00000000,,3.17698830,-0.15003751,-0.14000000,,兖矿能源
2022-08-04,600188,92.79000000,92.59000000,93.79000000,91.21000000,146291.00000000,,2.78647802,-0.62251798,-0.58000000,,兖矿能源
2022-08-05,600188,93.39000000,89.87000000,93.65000000,88.95000000,256790.00000000,,5.22977634,-2.93768226,-2.72000000,,兖矿能源
2022-08-08,600188,89.15000000,95.43000000,95.91000000,88.67000000,290282.00000000,,7.58671277,6.18671414,5.56000000,,兖矿能源
2022-08-09,600188,95.81000000,99.51000000,99.89000000,95.15000000,290006.00000000,,4.76334037,4.27538510,4.08000000,,兖矿能源
2022-08-10,600188,98.79000000,99.53000000,101.15000000,97.71000000,180473.00000000,,3.45624435,0.02009848,0.02000000,,兖矿能源
2022-08-11,600188,100.27000000,99.89000000,101.71000000,98.75000000,116336.00000000,,2.96325959,0.36169999,0.36000000,,兖矿能源
2022-08-12,600188,100.27000000,102.67000000,103.43000000,100.27000000,148703.00000000,,3.07782215,2.78306137,2.78000000,,兖矿能源
2022-08-15,600188,102.67000000,105.61000000,108.63000000,102.13000000,277698.00000000,,6.15472020,2.86354339,2.94000000,,兖矿能源
2022-08-16,600188,105.11000000,103.71000000,105.83000000,103.13000000,229091.00000000,,2.60341336,-1.79907206,-1.90000000,,兖矿能源
2022-08-17,600188,103.93000000,103.17000000,105.11000000,102.03000000,166956.00000000,,2.98536396,-0.52068267,-0.54000000,,兖矿能源
2022-08-18,600188,103.35000000,103.35000000,105.15000000,102.41000000,135038.00000000,,2.65118529,0.17446932,0.18000000,,兖矿能源
2022-08-19,600188,104.45000000,107.21000000,107.95000000,104.11000000,247735.00000000,,3.58175543,3.73488147,3.86000000,,兖矿能源
2022-08-22,600188,107.35000000,108.33000000,109.07000000,106.39000000,216724.00000000,,2.47392227,1.04467867,1.12000000,,兖矿能源
2022-08-23,600188,108.35000000,110.63000000,113.75000000,107.19000000,237599.00000000,,5.92967549,2.12314225,2.30000000,,兖矿能源
2022-08-24,600188,111.95000000,109.85000000,112.23000000,108.95000000,191308.00000000,,2.98588985,-0.70505288,-0.78000000,,兖矿能源
2022-08-25,600188,110.61000000,119.05000000,119.05000000,110.15000000,286584.00000000,,7.47585048,8.37505690,9.20000000,,兖矿能源
2022-08-26,600188,117.23000000,117.83000000,119.97000000,115.53000000,283426.00000000,,3.76814054,-1.02477950,-1.22000000,,兖矿能源
2022-08-29,600188,116.39000000,120.53000000,122.15000000,113.03000000,418492.00000000,,7.56658093,2.29143682,2.70000000,,兖矿能源
2022-08-30,600188,119.51000000,114.57000000,119.91000000,112.49000000,292753.00000000,,6.47638998,-4.94482701,-5.96000000,,兖矿能源
2022-08-31,600188,115.27000000,113.95000000,115.91000000,112.95000000,215757.00000000,,2.59763054,-0.54115388,-0.62000000,,兖矿能源
2022-09-01,600188,113.95000000,117.35000000,119.93000000,113.83000000,222595.00000000,,5.19812527,2.98376481,3.40000000,,兖矿能源
2022-09-02,600188,116.25000000,116.53000000,119.07000000,113.99000000,174626.00000000,,4.35939243,-0.69876438,-0.82000000,,兖矿能源
2022-09-05,600188,119.81000000,126.37000000,126.39000000,117.49000000,337568.00000000,,7.04281079,8.44417747,9.84000000,,兖矿能源
2022-09-06,600188,126.63000000,127.67000000,128.15000000,123.71000000,251896.00000000,,3.47771599,1.02872517,1.30000000,,兖矿能源
2022-09-07,600188,125.71000000,128.53000000,130.23000000,124.83000000,207667.00000000,,4.20135377,0.67361166,0.86000000,,兖矿能源
2022-09-08,600188,125.41000000,125.95000000,128.19000000,122.79000000,221547.00000000,,4.28741564,-2.00731347,-2.58000000,,兖矿能源
2022-09-09,600188,126.63000000,125.79000000,128.33000000,123.75000000,163374.00000000,,3.64098895,-0.12703454,-0.16000000,,兖矿能源
2022-09-13,600188,126.29000000,126.49000000,127.53000000,123.35000000,144033.00000000,,3.30460906,0.55648303,0.70000000,,兖矿能源
2022-09-14,600188,124.59000000,124.79000000,129.27000000,123.75000000,164539.00000000,,4.42343136,-1.34397976,-1.70000000,,兖矿能源
2022-09-15,600188,126.93000000,122.85000000,128.15000000,119.75000000,289093.00000000,,6.83760684,-1.55461175,-1.94000000,,兖矿能源
2022-09-16,600188,120.45000000,117.87000000,123.21000000,116.97000000,322119.00000000,,5.29396793,-4.05372405,-4.98000000,,兖矿能源
2022-09-19,600188,116.79000000,120.53000000,122.41000000,116.79000000,226177.00000000,,4.66273957,2.25672351,2.66000000,,兖矿能源
2022-09-20,600188,121.49000000,120.75000000,122.39000000,118.51000000,146164.00000000,,3.21325052,0.18252717,0.22000000,,兖矿能源
2022-09-21,600188,120.29000000,122.41000000,123.51000000,120.15000000,150631.00000000,,2.74487378,1.37474120,1.66000000,,兖矿能源
2022-09-22,600188,121.05000000,124.51000000,125.45000000,120.95000000,205046.00000000,,3.61416754,1.71554612,2.10000000,,兖矿能源
2022-09-23,600188,122.95000000,120.13000000,124.69000000,119.83000000,160538.00000000,,4.04561725,-3.51778974,-4.38000000,,兖矿能源
2022-09-26,600188,118.49000000,118.85000000,121.79000000,117.49000000,167366.00000000,,3.61800589,-1.06551236,-1.28000000,,兖矿能源
2022-09-27,600188,119.33000000,117.69000000,119.89000000,111.27000000,231885.00000000,,7.32432662,-0.97602019,-1.16000000,,兖矿能源
2022-09-28,600188,118.61000000,117.67000000,120.15000000,116.79000000,133311.00000000,,2.85544319,-0.01699380,-0.02000000,,兖矿能源
2022-09-29,600188,119.41000000,118.79000000,121.47000000,118.03000000,136927.00000000,,2.89586666,0.95181440,1.12000000,,兖矿能源
2022-09-30,600188,118.67000000,118.29000000,120.05000000,117.15000000,104163.00000000,,2.45160200,-0.42091085,-0.50000000,,兖矿能源
2022-10-10,600188,119.89000000,119.57000000,124.51000000,118.55000000,153342.00000000,,4.98452789,1.08208640,1.28000000,,兖矿能源
2022-10-11,600188,119.35000000,116.89000000,119.73000000,116.23000000,152830.00000000,,2.99426812,-2.24136489,-2.68000000,,兖矿能源
2022-10-12,600188,116.93000000,117.41000000,117.95000000,114.75000000,135569.00000000,,2.72549187,0.44486269,0.52000000,,兖矿能源
2022-10-13,600188,116.31000000,112.49000000,117.35000000,110.95000000,231333.00000000,,5.68939461,-4.19044374,-4.92000000,,兖矿能源
2022-10-14,600188,113.71000000,113.87000000,115.33000000,111.99000000,165266.00000000,,2.93316940,1.22677571,1.38000000,,兖矿能源
2022-10-17,600188,112.59000000,111.93000000,112.95000000,108.63000000,205923.00000000,,3.85955508,-1.70369720,-1.94000000,,兖矿能源
2022-10-18,600188,112.35000000,112.25000000,113.95000000,111.63000000,129703.00000000,,2.06681514,0.28589297,0.32000000,,兖矿能源
2022-10-19,600188,111.93000000,111.19000000,114.65000000,110.65000000,175145.00000000,,3.59744581,-0.94432071,-1.06000000,,兖矿能源
2022-10-20,600188,109.79000000,108.91000000,110.09000000,106.99000000,183460.00000000,,2.84638692,-2.05054411,-2.28000000,,兖矿能源
2022-10-21,600188,108.87000000,110.15000000,110.95000000,107.95000000,101129.00000000,,2.72355878,1.13855477,1.24000000,,兖矿能源
2022-10-24,600188,110.15000000,107.65000000,110.75000000,107.37000000,148480.00000000,,3.13980492,-2.26963232,-2.50000000,,兖矿能源
2022-10-25,600188,108.17000000,107.69000000,108.53000000,105.75000000,115519.00000000,,2.58148389,0.03715745,0.04000000,,兖矿能源
2022-10-26,600188,108.11000000,104.29000000,108.35000000,103.21000000,249736.00000000,,4.92856458,-3.15721051,-3.40000000,,兖矿能源
2022-10-27,600188,104.31000000,104.95000000,106.47000000,103.95000000,145838.00000000,,2.40114340,0.63285070,0.66000000,,兖矿能源
2022-10-28,600188,104.15000000,105.15000000,107.55000000,103.79000000,200004.00000000,,3.57584403,0.19056694,0.20000000,,兖矿能源
2022-10-31,600188,104.95000000,99.15000000,107.15000000,99.05000000,342459.00000000,,8.16944024,-5.70613409,-6.00000000,,兖矿能源
2022-11-01,600188,99.51000000,98.41000000,101.41000000,94.57000000,469886.00000000,,6.95051316,-0.74634392,-0.74000000,,兖矿能源
2022-11-02,600188,97.91000000,102.23000000,103.35000000,97.77000000,282648.00000000,,5.45828035,3.88171934,3.82000000,,兖矿能源
2022-11-03,600188,100.95000000,101.45000000,103.33000000,100.01000000,144566.00000000,,3.27254805,-0.76298543,-0.78000000,,兖矿能源
2022-11-04,600188,101.95000000,105.05000000,106.95000000,101.23000000,220615.00000000,,5.44502618,3.54854608,3.60000000,,兖矿能源
2022-11-07,600188,105.09000000,106.35000000,107.75000000,104.45000000,200357.00000000,,3.10296192,1.23750595,1.30000000,,兖矿能源
2022-11-08,600188,105.65000000,104.25000000,106.91000000,103.31000000,170589.00000000,,3.45323741,-1.97461213,-2.10000000,,兖矿能源
2022-11-09,600188,103.93000000,102.27000000,104.35000000,101.71000000,123529.00000000,,2.58140217,-1.89928058,-1.98000000,,兖矿能源
2022-11-10,600188,101.11000000,104.19000000,104.35000000,99.27000000,179209.00000000,,4.87570784,1.87738340,1.92000000,,兖矿能源
2022-11-11,600188,105.15000000,105.97000000,107.35000000,103.35000000,227757.00000000,,3.77465320,1.70841731,1.78000000,,兖矿能源
2022-11-14,600188,106.17000000,100.55000000,106.67000000,99.95000000,257207.00000000,,6.68324217,-5.11465509,-5.42000000,,兖矿能源
2022-11-15,600188,99.27000000,99.85000000,100.53000000,98.51000000,299741.00000000,,2.02303455,-0.69617106,-0.70000000,,兖矿能源
2022-11-16,600188,99.83000000,100.81000000,101.91000000,99.37000000,163720.00000000,,2.51959131,0.96144216,0.96000000,,兖矿能源
2022-11-17,600188,100.09000000,95.73000000,100.15000000,94.61000000,352234.00000000,,5.78710958,-5.03918262,-5.08000000,,兖矿能源
2022-11-18,600188,95.67000000,95.01000000,96.35000000,94.71000000,146800.00000000,,1.72613409,-0.75211532,-0.72000000,,兖矿能源
2022-11-21,600188,93.85000000,94.53000000,94.81000000,92.49000000,148880.00000000,,2.45424733,-0.50520998,-0.48000000,,兖矿能源
2022-11-22,600188,94.71000000,95.13000000,96.51000000,94.19000000,150956.00000000,,2.43876800,0.63471914,0.60000000,,兖矿能源
2022-11-23,600188,95.79000000,95.89000000,97.53000000,95.37000000,176340.00000000,,2.25258108,0.79890676,0.76000000,,兖矿能源
2022-11-24,600188,96.33000000,96.13000000,97.27000000,94.73000000,169666.00000000,,2.64225528,0.25028679,0.24000000,,兖矿能源
2022-11-25,600188,96.19000000,98.03000000,98.25000000,94.47000000,232256.00000000,,3.85596246,1.97649017,1.90000000,,兖矿能源
2022-11-28,600188,96.41000000,96.59000000,98.91000000,95.51000000,186058.00000000,,3.52003313,-1.46893808,-1.44000000,,兖矿能源
2022-11-29,600188,96.61000000,97.75000000,98.13000000,96.11000000,165542.00000000,,2.06649616,1.20095248,1.16000000,,兖矿能源
2022-11-30,600188,97.23000000,99.11000000,101.15000000,97.23000000,296140.00000000,,3.95520129,1.39130435,1.36000000,,兖矿能源
2022-12-01,600188,100.37000000,97.95000000,100.95000000,97.67000000,227116.00000000,,3.34864727,-1.17041671,-1.16000000,,兖矿能源
2022-12-02,600188,97.31000000,96.53000000,98.47000000,95.65000000,184268.00000000,,2.92137159,-1.44971924,-1.42000000,,兖矿能源
2022-12-05,600188,97.15000000,97.29000000,98.35000000,96.63000000,194281.00000000,,1.76791037,0.78732000,0.76000000,,兖矿能源
2022-12-06,600188,96.73000000,98.05000000,98.95000000,95.27000000,178094.00000000,,3.75318715,0.78116970,0.76000000,,兖矿能源
2022-12-07,600188,97.77000000,96.11000000,98.73000000,95.57000000,218583.00000000,,3.28789928,-1.97858236,-1.94000000,,兖矿能源
2022-12-08,600188,96.57000000,94.71000000,96.59000000,94.21000000,193552.00000000,,2.51293422,-1.45666424,-1.40000000,,兖矿能源
2022-12-09,600188,94.71000000,95.43000000,95.43000000,93.87000000,275037.00000000,,1.63470607,0.76021539,0.72000000,,兖矿能源
2022-12-12,600188,95.19000000,92.23000000,95.35000000,91.99000000,290734.00000000,,3.64306625,-3.35324321,-3.20000000,,兖矿能源
2022-12-13,600188,92.63000000,93.59000000,94.37000000,92.15000000,178243.00000000,,2.37204830,1.47457443,1.36000000,,兖矿能源
2022-12-14,600188,93.75000000,94.71000000,95.31000000,92.75000000,187186.00000000,,2.70298807,1.19670905,1.12000000,,兖矿能源
2022-12-15,600188,94.73000000,92.65000000,94.91000000,92.21000000,142665.00000000,,2.91419320,-2.17506071,-2.06000000,,兖矿能源
2022-12-16,600188,92.09000000,93.49000000,94.33000000,92.07000000,126517.00000000,,2.41737084,0.90663788,0.84000000,,兖矿能源
2022-12-19,600188,92.77000000,91.35000000,93.33000000,90.75000000,138618.00000000,,2.82430213,-2.28901487,-2.14000000,,兖矿能源
2022-12-20,600188,91.15000000,90.79000000,91.59000000,89.71000000,106380.00000000,,2.07071263,-0.61302682,-0.56000000,,兖矿能源
2022-12-21,600188,91.09000000,90.21000000,91.67000000,89.89000000,90800.00000000,,1.97317371,-0.63883688,-0.58000000,,兖矿能源
2022-12-22,600188,90.81000000,87.51000000,91.01000000,87.47000000,159068.00000000,,4.04525197,-2.99301630,-2.70000000,,兖矿能源
2022-12-23,600188,87.05000000,87.23000000,87.85000000,85.59000000,135366.00000000,,2.59085177,-0.31996343,-0.28000000,,兖矿能源
2022-12-26,600188,87.21000000,87.55000000,87.61000000,86.15000000,133740.00000000,,1.66761850,0.36684627,0.32000000,,兖矿能源
2022-12-27,600188,87.75000000,88.01000000,88.63000000,87.45000000,136127.00000000,,1.34075673,0.52541405,0.46000000,,兖矿能源
2022-12-28,600188,87.79000000,87.35000000,88.13000000,86.23000000,122214.00000000,,2.17515741,-0.74991478,-0.66000000,,兖矿能源
2022-12-29,600188,86.87000000,85.75000000,87.29000000,85.45000000,117833.00000000,,2.14577259,-1.83171151,-1.60000000,,兖矿能源
2022-12-30,600188,86.35000000,85.11000000,86.55000000,85.07000000,137435.00000000,,1.73892610,-0.74635569,-0.64000000,,兖矿能源
2023-01-03,600188,85.27000000,85.43000000,85.59000000,83.65000000,192078.00000000,,2.27086504,0.37598402,0.32000000,,兖矿能源
2023-01-04,600188,84.97000000,82.95000000,85.07000000,82.17000000,230672.00000000,,3.49608198,-2.90296149,-2.48000000,,兖矿能源
2023-01-05,600188,82.89000000,82.89000000,83.31000000,81.83000000,187777.00000000,,1.78549885,-0.07233273,-0.06000000,,兖矿能源
2023-01-06,600188,82.95000000,83.81000000,84.03000000,82.77000000,194297.00000000,,1.50340055,1.10990469,0.92000000,,兖矿能源
2023-01-09,600188,84.27000000,84.15000000,84.51000000,81.55000000,274008.00000000,,3.51752822,0.40567951,0.34000000,,兖矿能源
2023-01-10,600188,83.69000000,83.99000000,84.89000000,82.47000000,242518.00000000,,2.88129539,-0.19013666,-0.16000000,,兖矿能源
2023-01-11,600188,84.51000000,89.11000000,90.09000000,84.17000000,602896.00000000,,6.64347436,6.09596381,5.12000000,,兖矿能源
2023-01-12,600188,88.11000000,88.27000000,88.75000000,86.55000000,335471.00000000,,2.49235301,-0.94265515,-0.84000000,,兖矿能源
2023-01-13,600188,88.05000000,88.23000000,90.17000000,87.39000000,249201.00000000,,3.15085572,-0.04531551,-0.04000000,,兖矿能源
2023-01-16,600188,88.23000000,88.45000000,88.69000000,87.39000000,222934.00000000,,1.46975692,0.24934829,0.22000000,,兖矿能源
2023-01-17,600188,88.45000000,87.75000000,89.05000000,87.17000000,175204.00000000,,2.14245014,-0.79140757,-0.70000000,,兖矿能源
2023-01-18,600188,87.75000000,88.95000000,90.65000000,87.71000000,250702.00000000,,3.30522766,1.36752137,1.20000000,,兖矿能源
2023-01-19,600188,89.45000000,88.11000000,90.55000000,87.77000000,215862.00000000,,3.15514698,-0.94435076,-0.84000000,,兖矿能源
2023-01-20,600188,87.97000000,90.33000000,90.65000000,87.77000000,283387.00000000,,3.18830953,2.51957780,2.22000000,,兖矿能源
2023-01-30,600188,89.53000000,86.11000000,89.55000000,85.63000000,576114.00000000,,4.55231680,-4.67175911,-4.22000000,,兖矿能源
2023-01-31,600188,85.71000000,86.61000000,87.71000000,85.65000000,288677.00000000,,2.37847824,0.58065265,0.50000000,,兖矿能源
2023-02-01,600188,86.61000000,86.77000000,86.81000000,85.73000000,236991.00000000,,1.24466982,0.18473617,0.16000000,,兖矿能源
2023-02-02,600188,86.43000000,89.05000000,90.19000000,86.07000000,413395.00000000,,4.62661426,2.62763628,2.28000000,,兖矿能源
2023-02-03,600188,88.71000000,87.43000000,88.75000000,86.61000000,248884.00000000,,2.44767242,-1.81920270,-1.62000000,,兖矿能源
2023-02-06,600188,86.75000000,86.47000000,87.05000000,85.79000000,176276.00000000,,1.45715277,-1.09802127,-0.96000000,,兖矿能源
2023-02-07,600188,86.47000000,87.03000000,89.45000000,86.47000000,278304.00000000,,3.42410663,0.64762345,0.56000000,,兖矿能源
2023-02-08,600188,87.23000000,86.11000000,87.61000000,85.95000000,160698.00000000,,1.92776681,-1.05710674,-0.92000000,,兖矿能源
2023-02-09,600188,86.13000000,86.17000000,86.49000000,85.07000000,166803.00000000,,1.64790530,0.06967832,0.06000000,,兖矿能源
2023-02-10,600188,86.19000000,84.49000000,86.19000000,84.27000000,241226.00000000,,2.27245828,-1.94963444,-1.68000000,,兖矿能源
2023-02-13,600188,84.55000000,83.85000000,84.63000000,80.33000000,274142.00000000,,5.12820513,-0.75748609,-0.64000000,,兖矿能源
2023-02-14,600188,84.01000000,82.73000000,84.09000000,82.65000000,208194.00000000,,1.74060196,-1.33571855,-1.12000000,,兖矿能源
2023-02-15,600188,82.73000000,81.89000000,83.15000000,81.77000000,163580.00000000,,1.68518745,-1.01535114,-0.84000000,,兖矿能源
2023-02-16,600188,81.77000000,80.91000000,82.45000000,80.49000000,164165.00000000,,2.42244469,-1.19672732,-0.98000000,,兖矿能源
2023-02-17,600188,80.47000000,82.55000000,83.25000000,80.47000000,274803.00000000,,3.36765597,2.02694352,1.64000000,,兖矿能源
2023-02-20,600188,83.13000000,84.15000000,84.21000000,82.97000000,301747.00000000,,1.47355912,1.93821926,1.60000000,,兖矿能源
2023-02-21,600188,84.49000000,86.31000000,87.37000000,83.99000000,386630.00000000,,3.91611632,2.56684492,2.16000000,,兖矿能源
2023-02-22,600188,86.09000000,86.63000000,87.75000000,85.15000000,266067.00000000,,3.00126977,0.37075658,0.32000000,,兖矿能源
2023-02-23,600188,89.33000000,89.25000000,90.55000000,88.85000000,564270.00000000,,1.90476190,3.02435646,2.62000000,,兖矿能源
2023-02-24,600188,88.83000000,89.15000000,90.09000000,87.85000000,246338.00000000,,2.51261918,-0.11204482,-0.10000000,,兖矿能源
2023-02-27,600188,89.31000000,90.45000000,91.91000000,89.31000000,321068.00000000,,2.87451631,1.45821649,1.30000000,,兖矿能源
2023-02-28,600188,90.09000000,89.35000000,90.09000000,88.57000000,225701.00000000,,1.70117515,-1.21614151,-1.10000000,,兖矿能源
2023-03-01,600188,88.91000000,89.25000000,90.13000000,88.55000000,186994.00000000,,1.77030812,-0.11191942,-0.10000000,,兖矿能源
2023-03-02,600188,89.31000000,88.01000000,89.87000000,87.87000000,208829.00000000,,2.27246904,-1.38935574,-1.24000000,,兖矿能源
2023-03-03,600188,87.99000000,87.75000000,88.39000000,86.91000000,139583.00000000,,1.68660969,-0.29542097,-0.26000000,,兖矿能源
2023-03-06,600188,87.35000000,85.25000000,87.53000000,84.85000000,249395.00000000,,3.14369501,-2.84900285,-2.50000000,,兖矿能源
2023-03-07,600188,85.81000000,86.75000000,88.51000000,85.55000000,272840.00000000,,3.41210375,1.75953079,1.50000000,,兖矿能源
2023-03-08,600188,86.17000000,84.67000000,86.33000000,84.11000000,202798.00000000,,2.62194402,-2.39769452,-2.08000000,,兖矿能源
2023-03-09,600188,84.35000000,84.05000000,85.85000000,83.87000000,166004.00000000,,2.35574063,-0.73225464,-0.62000000,,兖矿能源
2023-03-10,600188,84.07000000,82.87000000,84.37000000,82.69000000,131710.00000000,,2.02727163,-1.40392623,-1.18000000,,兖矿能源
2023-03-13,600188,82.65000000,83.55000000,83.55000000,82.25000000,160557.00000000,,1.55595452,0.82056233,0.68000000,,兖矿能源
2023-03-14,600188,83.55000000,82.79000000,85.23000000,82.51000000,198845.00000000,,3.28542094,-0.90963495,-0.76000000,,兖矿能源
2023-03-15,600188,82.97000000,81.99000000,82.97000000,81.77000000,199201.00000000,,1.46359312,-0.96630028,-0.80000000,,兖矿能源
2023-03-16,600188,80.97000000,79.41000000,81.33000000,79.17000000,258358.00000000,,2.72006045,-3.14672521,-2.58000000,,兖矿能源
2023-03-17,600188,79.87000000,80.51000000,81.43000000,79.61000000,176851.00000000,,2.26058875,1.38521597,1.10000000,,兖矿能源
2023-03-20,600188,80.67000000,79.75000000,81.19000000,79.59000000,167139.00000000,,2.00626959,-0.94398211,-0.76000000,,兖矿能源
2023-03-21,600188,80.11000000,79.49000000,80.13000000,78.55000000,165806.00000000,,1.98767141,-0.32601881,-0.26000000,,兖矿能源
2023-03-22,600188,79.57000000,80.33000000,80.99000000,79.55000000,190298.00000000,,1.79260550,1.05673670,0.84000000,,兖矿能源
2023-03-23,600188,80.27000000,81.21000000,81.31000000,79.85000000,200263.00000000,,1.79780815,1.09548114,0.88000000,,兖矿能源
2023-03-24,600188,81.21000000,80.65000000,81.21000000,79.25000000,244996.00000000,,2.43025418,-0.68957025,-0.56000000,,兖矿能源
2023-03-27,600188,83.95000000,86.93000000,86.93000000,82.97000000,744022.00000000,,4.55538939,7.78673280,6.28000000,,兖矿能源
2023-03-28,600188,87.95000000,86.65000000,88.13000000,86.45000000,471467.00000000,,1.93883439,-0.32209824,-0.28000000,,兖矿能源
2023-03-29,600188,86.43000000,86.37000000,87.41000000,86.13000000,238851.00000000,,1.48199606,-0.32313907,-0.28000000,,兖矿能源
2023-03-30,600188,86.75000000,89.11000000,89.69000000,85.69000000,421865.00000000,,4.48883403,3.17239782,2.74000000,,兖矿能源
2023-03-31,600188,89.13000000,89.09000000,89.67000000,88.35000000,224553.00000000,,1.48164777,-0.02244417,-0.02000000,,兖矿能源
2023-04-03,600188,89.15000000,88.97000000,90.63000000,88.75000000,301096.00000000,,2.11307182,-0.13469525,-0.12000000,,兖矿能源
2023-04-04,600188,88.61000000,88.85000000,89.39000000,88.27000000,235761.00000000,,1.26055149,-0.13487692,-0.12000000,,兖矿能源
2023-04-06,600188,88.55000000,86.47000000,88.63000000,86.05000000,288702.00000000,,2.98369377,-2.67867192,-2.38000000,,兖矿能源
2023-04-07,600188,86.35000000,86.13000000,87.29000000,85.87000000,160899.00000000,,1.64867061,-0.39319995,-0.34000000,,兖矿能源
2023-04-10,600188,86.19000000,84.97000000,86.21000000,84.91000000,140749.00000000,,1.52995175,-1.34680135,-1.16000000,,兖矿能源
2023-04-11,600188,84.97000000,84.07000000,85.11000000,83.37000000,197180.00000000,,2.06970382,-1.05919736,-0.90000000,,兖矿能源
2023-04-12,600188,84.09000000,84.63000000,84.99000000,83.93000000,167719.00000000,,1.25251093,0.66611157,0.56000000,,兖矿能源
2023-04-13,600188,84.35000000,84.09000000,85.07000000,83.95000000,163758.00000000,,1.33190629,-0.63807161,-0.54000000,,兖矿能源
2023-04-14,600188,84.11000000,83.75000000,84.35000000,83.17000000,165145.00000000,,1.40895522,-0.40432870,-0.34000000,,兖矿能源
2023-04-17,600188,83.95000000,86.33000000,87.15000000,83.57000000,352481.00000000,,4.14687826,3.08059701,2.58000000,,兖矿能源
2023-04-18,600188,86.47000000,87.85000000,87.91000000,86.01000000,331433.00000000,,2.16277746,1.76068574,1.52000000,,兖矿能源
2023-04-19,600188,87.85000000,87.77000000,88.65000000,87.25000000,263330.00000000,,1.59507804,-0.09106431,-0.08000000,,兖矿能源
2023-04-20,600188,87.37000000,87.97000000,88.49000000,85.75000000,283855.00000000,,3.11469819,0.22786829,0.20000000,,兖矿能源
2023-04-21,600188,87.71000000,86.51000000,88.09000000,86.39000000,145166.00000000,,1.96509074,-1.65965670,-1.46000000,,兖矿能源
2023-04-24,600188,86.51000000,85.31000000,86.95000000,84.95000000,198954.00000000,,2.34439104,-1.38712288,-1.20000000,,兖矿能源
2023-04-25,600188,85.31000000,84.65000000,85.67000000,83.73000000,168860.00000000,,2.29178972,-0.77364904,-0.66000000,,兖矿能源
2023-04-26,600188,84.17000000,86.11000000,86.55000000,83.97000000,166245.00000000,,2.99616769,1.72474897,1.46000000,,兖矿能源
2023-04-27,600188,86.55000000,85.41000000,87.15000000,83.61000000,245733.00000000,,4.14471373,-0.81291372,-0.70000000,,兖矿能源
2023-04-28,600188,85.15000000,86.73000000,87.13000000,84.85000000,215487.00000000,,2.62884815,1.54548648,1.32000000,,兖矿能源
2023-05-04,600188,85.55000000,85.63000000,86.19000000,83.55000000,239057.00000000,,3.08303165,-1.26830393,-1.10000000,,兖矿能源
2023-05-05,600188,85.55000000,85.39000000,86.51000000,84.47000000,161209.00000000,,2.38903853,-0.28027560,-0.24000000,,兖矿能源
2023-05-08,600188,85.25000000,88.35000000,88.57000000,85.17000000,361445.00000000,,3.84833050,3.46644806,2.96000000,,兖矿能源
2023-05-09,600188,88.47000000,88.17000000,89.59000000,87.97000000,327279.00000000,,1.83735965,-0.20373514,-0.18000000,,兖矿能源
2023-05-10,600188,87.87000000,87.35000000,88.19000000,86.65000000,169860.00000000,,1.76302232,-0.93002155,-0.82000000,,兖矿能源
2023-05-11,600188,87.39000000,88.59000000,88.91000000,86.35000000,184450.00000000,,2.88971667,1.41957642,1.24000000,,兖矿能源
2023-05-12,600188,88.33000000,86.13000000,88.53000000,85.75000000,242271.00000000,,3.22767909,-2.77683711,-2.46000000,,兖矿能源
2023-05-15,600188,85.97000000,88.93000000,88.95000000,85.57000000,353301.00000000,,3.80074216,3.25089980,2.80000000,,兖矿能源
2023-05-16,600188,88.91000000,88.35000000,89.71000000,88.07000000,194817.00000000,,1.85625354,-0.65219836,-0.58000000,,兖矿能源
2023-05-17,600188,88.07000000,87.67000000,88.39000000,87.33000000,142992.00000000,,1.20907950,-0.76966610,-0.68000000,,兖矿能源
2023-05-18,600188,87.67000000,87.79000000,88.61000000,87.55000000,135800.00000000,,1.20742681,0.13687692,0.12000000,,兖矿能源
2023-05-19,600188,87.31000000,88.21000000,89.21000000,86.41000000,194548.00000000,,3.17424328,0.47841440,0.42000000,,兖矿能源
2023-05-22,600188,87.95000000,87.15000000,88.07000000,86.85000000,184560.00000000,,1.39988526,-1.20167781,-1.06000000,,兖矿能源
2023-05-23,600188,87.11000000,85.99000000,87.41000000,85.95000000,159671.00000000,,1.69787185,-1.33103844,-1.16000000,,兖矿能源
2023-05-24,600188,85.77000000,84.99000000,85.93000000,84.95000000,120838.00000000,,1.15307683,-1.16292592,-1.00000000,,兖矿能源
2023-05-25,600188,84.55000000,83.59000000,84.73000000,82.65000000,208808.00000000,,2.48833593,-1.64725262,-1.40000000,,兖矿能源
2023-05-26,600188,82.95000000,80.51000000,83.03000000,80.25000000,298380.00000000,,3.45298721,-3.68465127,-3.08000000,,兖矿能源
2023-05-29,600188,80.51000000,78.75000000,80.51000000,78.55000000,291148.00000000,,2.48888889,-2.18606384,-1.76000000,,兖矿能源
2023-05-30,600188,78.59000000,77.73000000,78.99000000,77.07000000,234883.00000000,,2.47008877,-1.29523810,-1.02000000,,兖矿能源
2023-05-31,600188,77.19000000,72.21000000,77.25000000,71.77000000,670362.00000000,,7.58897660,-7.10150521,-5.52000000,,兖矿能源
2023-06-01,600188,72.09000000,71.97000000,72.85000000,71.45000000,315028.00000000,,1.94525497,-0.33236394,-0.24000000,,兖矿能源
2023-06-02,600188,71.95000000,73.17000000,73.21000000,71.89000000,217968.00000000,,1.80401804,1.66736140,1.20000000,,兖矿能源
2023-06-05,600188,73.27000000,73.69000000,73.93000000,72.95000000,179808.00000000,,1.32989551,0.71067377,0.52000000,,兖矿能源
2023-06-06,600188,73.75000000,73.85000000,74.67000000,73.09000000,249314.00000000,,2.13947190,0.21712580,0.16000000,,兖矿能源
2023-06-07,600188,73.85000000,73.31000000,73.91000000,72.75000000,122891.00000000,,1.58232165,-0.73121192,-0.54000000,,兖矿能源
2023-06-08,600188,73.35000000,74.73000000,74.77000000,73.33000000,182103.00000000,,1.92693697,1.93697995,1.42000000,,兖矿能源
2023-06-09,600188,74.83000000,74.39000000,74.97000000,74.23000000,119455.00000000,,0.99475736,-0.45497123,-0.34000000,,兖矿能源
2023-06-12,600188,74.39000000,74.91000000,75.19000000,74.21000000,132459.00000000,,1.30823655,0.69901869,0.52000000,,兖矿能源
2023-06-13,600188,74.75000000,74.31000000,74.97000000,73.95000000,129800.00000000,,1.37262818,-0.80096115,-0.60000000,,兖矿能源
2023-06-14,600188,74.31000000,74.25000000,74.69000000,74.11000000,99339.00000000,,0.78114478,-0.08074283,-0.06000000,,兖矿能源
2023-06-15,600188,74.37000000,74.95000000,74.97000000,73.67000000,157082.00000000,,1.73448966,0.94276094,0.70000000,,兖矿能源
2023-06-16,600188,74.89000000,75.47000000,76.37000000,74.57000000,168726.00000000,,2.38505366,0.69379586,0.52000000,,兖矿能源
2023-06-19,600188,75.75000000,75.53000000,76.49000000,75.15000000,145264.00000000,,1.77412948,0.07950179,0.06000000,,兖矿能源
2023-06-20,600188,75.49000000,75.11000000,75.69000000,75.05000000,94460.00000000,,0.85208361,-0.55607044,-0.42000000,,兖矿能源
2023-06-21,600188,75.03000000,74.49000000,75.31000000,74.47000000,85674.00000000,,1.12766814,-0.82545600,-0.62000000,,兖矿能源
2023-06-26,600188,74.25000000,74.55000000,74.89000000,73.97000000,81325.00000000,,1.23407109,0.08054772,0.06000000,,兖矿能源
2023-06-27,600188,74.37000000,75.55000000,75.67000000,74.37000000,95471.00000000,,1.72071476,1.34138162,1.00000000,,兖矿能源
2023-06-28,600188,75.71000000,77.25000000,77.55000000,75.35000000,242394.00000000,,2.84789644,2.25016545,1.70000000,,兖矿能源
2023-06-29,600188,77.05000000,76.47000000,77.23000000,76.11000000,130491.00000000,,1.46462665,-1.00970874,-0.78000000,,兖矿能源
2023-06-30,600188,76.49000000,77.79000000,77.89000000,76.49000000,154483.00000000,,1.79971719,1.72616712,1.32000000,,兖矿能源
2023-07-03,600188,78.17000000,78.95000000,79.05000000,78.17000000,182720.00000000,,1.11462951,1.49119424,1.16000000,,兖矿能源
2023-07-04,600188,78.99000000,79.29000000,79.55000000,78.57000000,163367.00000000,,1.23596923,0.43065231,0.34000000,,兖矿能源
2023-07-05,600188,79.39000000,81.21000000,81.51000000,79.31000000,236372.00000000,,2.70902598,2.42149073,1.92000000,,兖矿能源
2023-07-06,600188,80.99000000,81.85000000,81.87000000,80.63000000,181460.00000000,,1.51496640,0.78808029,0.64000000,,兖矿能源
2023-07-07,600188,81.85000000,84.13000000,84.19000000,81.51000000,265510.00000000,,3.18554618,2.78558338,2.28000000,,兖矿能源
2023-07-10,600188,85.93000000,85.13000000,85.93000000,84.33000000,261436.00000000,,1.87947844,1.18863663,1.00000000,,兖矿能源
2023-07-11,600188,85.11000000,81.99000000,85.11000000,81.65000000,312149.00000000,,4.22002683,-3.68847645,-3.14000000,,兖矿能源
2023-07-12,600188,82.43000000,83.99000000,84.55000000,81.77000000,267303.00000000,,3.30991785,2.43932187,2.00000000,,兖矿能源
2023-07-13,600188,83.67000000,84.03000000,84.55000000,83.55000000,209918.00000000,,1.19005117,0.04762472,0.04000000,,兖矿能源
2023-07-14,600188,84.09000000,85.69000000,85.73000000,84.07000000,312170.00000000,,1.93721554,1.97548495,1.66000000,,兖矿能源
2023-07-17,600188,85.62000000,82.80000000,85.62000000,82.08000000,468097.00000000,,4.27536232,-3.37262224,-2.89000000,,兖矿能源
2023-07-18,600188,82.89000000,82.56000000,83.67000000,82.05000000,271258.00000000,,1.96220930,-0.28985507,-0.24000000,,兖矿能源
2023-07-19,600188,82.56000000,81.45000000,82.56000000,81.15000000,321051.00000000,,1.73112339,-1.34447674,-1.11000000,,兖矿能源
2023-07-20,600188,81.48000000,81.24000000,82.47000000,81.18000000,162534.00000000,,1.58788774,-0.25782689,-0.21000000,,兖矿能源
2023-07-21,600188,81.15000000,80.28000000,81.33000000,79.98000000,215598.00000000,,1.68161435,-1.18168390,-0.96000000,,兖矿能源
2023-07-24,600188,80.22000000,79.38000000,80.40000000,79.08000000,211556.00000000,,1.66288738,-1.12107623,-0.90000000,,兖矿能源
2023-07-25,600188,79.77000000,80.19000000,80.70000000,79.71000000,203270.00000000,,1.23456790,1.02040816,0.81000000,,兖矿能源
2023-07-26,600188,80.34000000,80.34000000,81.03000000,80.10000000,178090.00000000,,1.15758028,0.18705574,0.15000000,,兖矿能源
2023-07-27,600188,80.34000000,79.50000000,80.37000000,79.38000000,174678.00000000,,1.24528302,-1.04555639,-0.84000000,,兖矿能源
2023-07-28,600188,79.35000000,79.83000000,80.01000000,79.05000000,193308.00000000,,1.20255543,0.41509434,0.33000000,,兖矿能源
2023-07-31,600188,79.89000000,79.77000000,81.30000000,79.53000000,318233.00000000,,2.21887928,-0.07515971,-0.06000000,,兖矿能源
2023-08-01,600188,79.80000000,79.53000000,79.95000000,79.35000000,192963.00000000,,0.75443229,-0.30086499,-0.24000000,,兖矿能源
2023-08-02,600188,79.53000000,78.15000000,79.65000000,77.91000000,368670.00000000,,2.22648752,-1.73519427,-1.38000000,,兖矿能源
2023-08-03,600188,78.00000000,78.12000000,78.33000000,77.76000000,126121.00000000,,0.72964670,-0.03838772,-0.03000000,,兖矿能源
2023-08-04,600188,78.27000000,77.88000000,78.90000000,77.85000000,222057.00000000,,1.34822804,-0.30721966,-0.24000000,,兖矿能源
2023-08-07,600188,77.76000000,78.18000000,78.36000000,77.40000000,189694.00000000,,1.22793553,0.38520801,0.30000000,,兖矿能源
2023-08-08,600188,78.18000000,78.69000000,78.96000000,77.88000000,196303.00000000,,1.37247427,0.65234075,0.51000000,,兖矿能源
2023-08-09,600188,78.48000000,78.00000000,78.63000000,77.79000000,136500.00000000,,1.07692308,-0.87685856,-0.69000000,,兖矿能源
2023-08-10,600188,78.12000000,80.85000000,81.30000000,78.12000000,587349.00000000,,3.93320965,3.65384615,2.85000000,,兖矿能源
2023-08-11,600188,80.34000000,79.59000000,81.30000000,79.44000000,306700.00000000,,2.33697701,-1.55844156,-1.26000000,,兖矿能源
2023-08-14,600188,79.17000000,78.54000000,79.56000000,78.12000000,186786.00000000,,1.83346066,-1.31926121,-1.05000000,,兖矿能源
2023-08-15,600188,78.75000000,78.42000000,79.05000000,78.06000000,142793.00000000,,1.26243305,-0.15278839,-0.12000000,,兖矿能源
2023-08-16,600188,78.21000000,77.67000000,78.60000000,77.55000000,210874.00000000,,1.35187331,-0.95638868,-0.75000000,,兖矿能源
2023-08-17,600188,77.43000000,77.85000000,77.97000000,76.47000000,161957.00000000,,1.92678227,0.23174971,0.18000000,,兖矿能源
2023-08-18,600188,78.09000000,77.07000000,78.24000000,77.07000000,144662.00000000,,1.51810043,-1.00192678,-0.78000000,,兖矿能源
2023-08-21,600188,77.04000000,76.14000000,77.07000000,76.05000000,141877.00000000,,1.33963751,-1.20669521,-0.93000000,,兖矿能源
2023-08-22,600188,76.11000000,77.13000000,77.22000000,76.02000000,159177.00000000,,1.55581486,1.30023641,0.99000000,,兖矿能源
2023-08-23,600188,77.13000000,77.79000000,78.81000000,76.95000000,266045.00000000,,2.39105283,0.85569817,0.66000000,,兖矿能源
2023-08-24,600188,77.76000000,76.71000000,78.21000000,76.71000000,202668.00000000,,1.95541650,-1.38835326,-1.08000000,,兖矿能源
2023-08-25,600188,76.20000000,76.29000000,77.07000000,76.08000000,141008.00000000,,1.29767991,-0.54751662,-0.42000000,,兖矿能源
2023-08-28,600188,78.63000000,78.75000000,80.52000000,78.09000000,711956.00000000,,3.08571429,3.22453795,2.46000000,,兖矿能源
2023-08-29,600188,78.72000000,77.79000000,78.72000000,77.67000000,467079.00000000,,1.34978789,-1.21904762,-0.96000000,,兖矿能源
2023-08-30,600188,77.97000000,77.94000000,78.15000000,77.07000000,349745.00000000,,1.38568129,0.19282684,0.15000000,,兖矿能源
2023-08-31,600188,77.76000000,78.24000000,78.48000000,77.55000000,350259.00000000,,1.18865031,0.38491147,0.30000000,,兖矿能源
2023-09-01,600188,78.75000000,82.02000000,82.41000000,78.72000000,975794.00000000,,4.49890271,4.83128834,3.78000000,,兖矿能源
2023-09-04,600188,82.74000000,83.76000000,84.78000000,82.35000000,887826.00000000,,2.90114613,2.12143380,1.74000000,,兖矿能源
2023-09-05,600188,83.94000000,84.06000000,84.57000000,82.95000000,458199.00000000,,1.92719486,0.35816619,0.30000000,,兖矿能源
2023-09-06,600188,83.76000000,85.59000000,85.92000000,83.76000000,575688.00000000,,2.52365931,1.82012848,1.53000000,,兖矿能源
2023-09-07,600188,85.62000000,85.68000000,87.00000000,85.20000000,525620.00000000,,2.10084034,0.10515247,0.09000000,,兖矿能源
2023-09-08,600188,85.35000000,84.27000000,85.53000000,84.24000000,356717.00000000,,1.53079388,-1.64565826,-1.41000000,,兖矿能源
2023-09-11,600188,84.57000000,84.69000000,87.03000000,84.51000000,498308.00000000,,2.97555792,0.49839801,0.42000000,,兖矿能源
2023-09-12,600188,84.96000000,84.00000000,85.47000000,83.91000000,308323.00000000,,1.85714286,-0.81473610,-0.69000000,,兖矿能源
2023-09-13,600188,84.03000000,85.08000000,85.92000000,83.85000000,365973.00000000,,2.43300423,1.28571429,1.08000000,,兖矿能源
2023-09-14,600188,85.35000000,88.20000000,88.44000000,84.81000000,903919.00000000,,4.11564626,3.66713681,3.12000000,,兖矿能源
2023-09-15,600188,88.20000000,88.32000000,89.40000000,87.69000000,510525.00000000,,1.93614130,0.13605442,0.12000000,,兖矿能源
2023-09-18,600188,88.92000000,89.67000000,89.70000000,88.20000000,534950.00000000,,1.67280027,1.52853261,1.35000000,,兖矿能源
2023-09-19,600188,90.15000000,92.10000000,92.55000000,90.15000000,784166.00000000,,2.60586319,2.70993643,2.43000000,,兖矿能源
2023-09-20,600188,91.05000000,90.87000000,91.89000000,90.03000000,525812.00000000,,2.04688016,-1.33550489,-1.23000000,,兖矿能源
2023-09-21,600188,90.09000000,90.15000000,91.02000000,89.85000000,395193.00000000,,1.29783694,-0.79234071,-0.72000000,,兖矿能源
2023-09-22,600188,90.21000000,88.38000000,90.30000000,87.99000000,719362.00000000,,2.61371351,-1.96339434,-1.77000000,,兖矿能源
2023-09-25,600188,88.23000000,88.44000000,89.55000000,87.69000000,322602.00000000,,2.10312076,0.06788866,0.06000000,,兖矿能源
2023-09-26,600188,88.05000000,87.75000000,88.80000000,87.60000000,286712.00000000,,1.36752137,-0.78018996,-0.69000000,,兖矿能源
2023-09-27,600188,87.66000000,87.06000000,88.05000000,86.91000000,243832.00000000,,1.30944176,-0.78632479,-0.69000000,,兖矿能源
2023-09-28,600188,88.26000000,87.30000000,88.53000000,87.06000000,322933.00000000,,1.68384880,0.27567195,0.24000000,,兖矿能源
2023-10-09,600188,87.15000000,88.95000000,90.33000000,86.70000000,506380.00000000,,4.08094435,1.89003436,1.65000000,,兖矿能源
2023-10-10,600188,88.38000000,87.27000000,88.68000000,87.15000000,279252.00000000,,1.75317979,-1.88870152,-1.68000000,,兖矿能源
2023-10-11,600188,86.97000000,86.25000000,87.39000000,85.71000000,310670.00000000,,1.94782609,-1.16878652,-1.02000000,,兖矿能源
2023-10-12,600188,86.07000000,85.83000000,86.61000000,85.68000000,263266.00000000,,1.08353722,-0.48695652,-0.42000000,,兖矿能源
2023-10-13,600188,85.56000000,86.28000000,86.85000000,85.08000000,251111.00000000,,2.05146036,0.52429221,0.45000000,,兖矿能源
2023-10-16,600188,86.70000000,87.75000000,87.81000000,85.80000000,428029.00000000,,2.29059829,1.70375522,1.47000000,,兖矿能源
2023-10-17,600188,87.15000000,87.90000000,88.20000000,86.49000000,327742.00000000,,1.94539249,0.17094017,0.15000000,,兖矿能源
2023-10-18,600188,87.63000000,87.72000000,89.01000000,87.30000000,241588.00000000,,1.94938440,-0.20477816,-0.18000000,,兖矿能源
2023-10-19,600188,87.54000000,85.92000000,87.60000000,85.92000000,275121.00000000,,1.95530726,-2.05198358,-1.80000000,,兖矿能源
2023-10-20,600188,85.71000000,86.07000000,86.61000000,85.59000000,191751.00000000,,1.18508191,0.17458101,0.15000000,,兖矿能源
2023-10-23,600188,85.80000000,85.29000000,86.19000000,84.75000000,187704.00000000,,1.68835737,-0.90623911,-0.78000000,,兖矿能源
2023-10-24,600188,85.47000000,86.10000000,86.28000000,84.66000000,203726.00000000,,1.88153310,0.94970102,0.81000000,,兖矿能源
2023-10-25,600188,86.52000000,87.18000000,87.90000000,86.31000000,271587.00000000,,1.82381280,1.25435540,1.08000000,,兖矿能源
2023-10-26,600188,86.70000000,85.83000000,87.09000000,84.93000000,185821.00000000,,2.51660259,-1.54852030,-1.35000000,,兖矿能源
2023-10-27,600188,84.99000000,85.02000000,85.92000000,84.45000000,248000.00000000,,1.72900494,-0.94372597,-0.81000000,,兖矿能源
2023-10-30,600188,84.33000000,84.21000000,85.20000000,84.06000000,261587.00000000,,1.35375846,-0.95271701,-0.81000000,,兖矿能源
2023-10-31,600188,83.88000000,85.11000000,85.65000000,83.70000000,233554.00000000,,2.29115263,1.06875668,0.90000000,,兖矿能源
2023-11-01,600188,84.81000000,84.12000000,85.26000000,83.55000000,177351.00000000,,2.03281027,-1.16320056,-0.99000000,,兖矿能源
2023-11-02,600188,84.15000000,84.42000000,84.93000000,83.97000000,134868.00000000,,1.13717129,0.35663338,0.30000000,,兖矿能源
2023-11-03,600188,84.72000000,84.42000000,85.47000000,84.24000000,187339.00000000,,1.45700071,0.00000000,0.00000000,,兖矿能源
2023-11-06,600188,84.57000000,82.83000000,84.87000000,82.50000000,412475.00000000,,2.86128214,-1.88343994,-1.59000000,,兖矿能源
2023-11-07,600188,82.68000000,83.13000000,83.25000000,82.17000000,251908.00000000,,1.29916997,0.36218761,0.30000000,,兖矿能源
2023-11-08,600188,83.04000000,82.56000000,83.37000000,82.29000000,217648.00000000,,1.30813953,-0.68567304,-0.57000000,,兖矿能源
2023-11-09,600188,82.56000000,85.62000000,85.65000000,82.53000000,636248.00000000,,3.64400841,3.70639535,3.06000000,,兖矿能源
2023-11-10,600188,85.56000000,85.71000000,86.07000000,84.69000000,290867.00000000,,1.61008050,0.10511563,0.09000000,,兖矿能源
2023-11-13,600188,85.98000000,85.74000000,86.13000000,84.45000000,228557.00000000,,1.95941218,0.03500175,0.03000000,,兖矿能源
2023-11-14,600188,85.20000000,84.93000000,85.53000000,84.51000000,178469.00000000,,1.20098905,-0.94471659,-0.81000000,,兖矿能源
2023-11-15,600188,85.11000000,85.38000000,85.68000000,84.87000000,183356.00000000,,0.94869993,0.52984811,0.45000000,,兖矿能源
2023-11-16,600188,85.20000000,86.10000000,86.25000000,84.66000000,268862.00000000,,1.84668990,0.84328883,0.72000000,,兖矿能源
2023-11-17,600188,85.68000000,85.71000000,86.43000000,85.50000000,184028.00000000,,1.08505425,-0.45296167,-0.39000000,,兖矿能源
2023-11-20,600188,85.86000000,85.89000000,85.95000000,85.08000000,136377.00000000,,1.01292351,0.21001050,0.18000000,,兖矿能源
2023-11-21,600188,85.71000000,85.65000000,86.49000000,85.50000000,191562.00000000,,1.15586690,-0.27942717,-0.24000000,,兖矿能源
2023-11-22,600188,85.35000000,85.44000000,86.13000000,84.87000000,129343.00000000,,1.47471910,-0.24518389,-0.21000000,,兖矿能源
2023-11-23,600188,85.65000000,85.80000000,85.92000000,85.14000000,126881.00000000,,0.90909091,0.42134831,0.36000000,,兖矿能源
2023-11-24,600188,85.65000000,86.76000000,87.39000000,85.65000000,332899.00000000,,2.00553250,1.11888112,0.96000000,,兖矿能源
2023-11-27,600188,87.06000000,87.93000000,87.99000000,87.03000000,361084.00000000,,1.09177755,1.34854772,1.17000000,,兖矿能源
2023-11-28,600188,87.63000000,87.78000000,87.99000000,86.91000000,189548.00000000,,1.23034860,-0.17059024,-0.15000000,,兖矿能源
2023-11-29,600188,87.69000000,88.35000000,88.92000000,87.63000000,243953.00000000,,1.46010187,0.64935065,0.57000000,,兖矿能源
2023-11-30,600188,88.65000000,88.20000000,88.71000000,87.75000000,212481.00000000,,1.08843537,-0.16977929,-0.15000000,,兖矿能源
2023-12-01,600188,88.20000000,88.56000000,88.74000000,88.08000000,189665.00000000,,0.74525745,0.40816327,0.36000000,,兖矿能源
2023-12-04,600188,88.41000000,89.07000000,89.10000000,87.99000000,235590.00000000,,1.24621085,0.57588076,0.51000000,,兖矿能源
2023-12-05,600188,88.74000000,87.18000000,89.16000000,87.09000000,227106.00000000,,2.37439780,-2.12192657,-1.89000000,,兖矿能源
2023-12-06,600188,86.88000000,87.03000000,87.45000000,86.31000000,171193.00000000,,1.30989314,-0.17205781,-0.15000000,,兖矿能源
2023-12-07,600188,87.00000000,86.22000000,87.00000000,86.04000000,176810.00000000,,1.11343076,-0.93071355,-0.81000000,,兖矿能源
2023-12-08,600188,86.04000000,85.11000000,86.07000000,84.51000000,256363.00000000,,1.83292210,-1.28740431,-1.11000000,,兖矿能源
2023-12-11,600188,85.08000000,87.09000000,87.09000000,84.27000000,259463.00000000,,3.23802962,2.32640113,1.98000000,,兖矿能源
2023-12-12,600188,87.09000000,87.36000000,87.48000000,86.31000000,150499.00000000,,1.33928571,0.31002411,0.27000000,,兖矿能源
2023-12-13,600188,87.21000000,86.61000000,87.33000000,86.40000000,162974.00000000,,1.07377901,-0.85851648,-0.75000000,,兖矿能源
2023-12-14,600188,87.00000000,86.94000000,87.39000000,86.31000000,151588.00000000,,1.24223602,0.38101836,0.33000000,,兖矿能源
2023-12-15,600188,86.76000000,86.58000000,87.36000000,86.55000000,184236.00000000,,0.93555094,-0.41407867,-0.36000000,,兖矿能源
2023-12-18,600188,86.19000000,86.91000000,87.69000000,85.68000000,147966.00000000,,2.31273731,0.38115038,0.33000000,,兖矿能源
2023-12-19,600188,86.91000000,86.88000000,87.33000000,86.19000000,118772.00000000,,1.31215470,-0.03451847,-0.03000000,,兖矿能源
2023-12-20,600188,87.06000000,86.70000000,88.05000000,86.67000000,193188.00000000,,1.59169550,-0.20718232,-0.18000000,,兖矿能源
2023-12-21,600188,86.58000000,86.97000000,87.18000000,86.31000000,156380.00000000,,1.00034495,0.31141869,0.27000000,,兖矿能源
2023-12-22,600188,87.15000000,88.50000000,89.55000000,87.12000000,356060.00000000,,2.74576271,1.75922732,1.53000000,,兖矿能源
2023-12-25,600188,88.53000000,88.65000000,89.10000000,87.21000000,213889.00000000,,2.13197970,0.16949153,0.15000000,,兖矿能源
2023-12-26,600188,88.89000000,88.05000000,90.90000000,87.90000000,367264.00000000,,3.40715503,-0.67681895,-0.60000000,,兖矿能源
2023-12-27,600188,87.78000000,88.05000000,88.53000000,87.15000000,233117.00000000,,1.56729131,0.00000000,0.00000000,,兖矿能源
2023-12-28,600188,88.11000000,86.55000000,88.38000000,85.71000000,463474.00000000,,3.08492201,-1.70357751,-1.50000000,,兖矿能源
2023-12-29,600188,86.10000000,85.98000000,86.70000000,85.26000000,340670.00000000,,1.67480809,-0.65857886,-0.57000000,,兖矿能源
2024-01-02,600188,85.95000000,88.14000000,88.80000000,85.74000000,596330.00000000,,3.47174949,2.51221214,2.16000000,,兖矿能源
2024-01-03,600188,88.11000000,90.00000000,90.15000000,88.05000000,527467.00000000,,2.33333333,2.11027910,1.86000000,,兖矿能源
2024-01-04,600188,90.18000000,91.83000000,92.10000000,89.85000000,648388.00000000,,2.45017968,2.03333333,1.83000000,,兖矿能源
2024-01-05,600188,91.95000000,92.25000000,92.85000000,91.32000000,478812.00000000,,1.65853659,0.45736687,0.42000000,,兖矿能源
2024-01-08,600188,91.74000000,90.96000000,92.37000000,90.72000000,426635.00000000,,1.81398417,-1.39837398,-1.29000000,,兖矿能源
2024-01-09,600188,90.81000000,92.88000000,93.12000000,90.12000000,430751.00000000,,3.22997416,2.11081794,1.92000000,,兖矿能源
2024-01-10,600188,92.55000000,91.56000000,93.39000000,91.32000000,388268.00000000,,2.26081258,-1.42118863,-1.32000000,,兖矿能源
2024-01-11,600188,91.17000000,90.45000000,91.56000000,90.12000000,310910.00000000,,1.59203980,-1.21231979,-1.11000000,,兖矿能源
2024-01-12,600188,90.45000000,90.81000000,91.35000000,90.27000000,190792.00000000,,1.18929633,0.39800995,0.36000000,,兖矿能源
2024-01-15,600188,90.57000000,91.23000000,91.44000000,90.09000000,268768.00000000,,1.47977639,0.46250413,0.42000000,,兖矿能源
2024-01-16,600188,91.05000000,91.98000000,92.40000000,90.75000000,238726.00000000,,1.79386823,0.82209799,0.75000000,,兖矿能源
2024-01-17,600188,91.98000000,91.05000000,92.79000000,91.02000000,230500.00000000,,1.94398682,-1.01108937,-0.93000000,,兖矿能源
2024-01-18,600188,90.39000000,91.11000000,91.17000000,88.98000000,310526.00000000,,2.40368785,0.06589786,0.06000000,,兖矿能源
2024-01-19,600188,90.48000000,89.49000000,90.90000000,88.95000000,246838.00000000,,2.17901442,-1.77807046,-1.62000000,,兖矿能源
2024-01-22,600188,89.79000000,88.20000000,89.97000000,87.87000000,251450.00000000,,2.38095238,-1.44150184,-1.29000000,,兖矿能源
2024-01-23,600188,88.68000000,89.13000000,89.79000000,87.66000000,239182.00000000,,2.38976775,1.05442177,0.93000000,,兖矿能源
2024-01-24,600188,89.16000000,91.23000000,91.44000000,89.07000000,366839.00000000,,2.59782966,2.35610905,2.10000000,,兖矿能源
2024-01-25,600188,91.35000000,93.39000000,93.63000000,91.35000000,374996.00000000,,2.44137488,2.36764222,2.16000000,,兖矿能源
2024-01-26,600188,93.21000000,94.71000000,94.95000000,92.91000000,363675.00000000,,2.15394362,1.41342756,1.32000000,,兖矿能源
2024-01-29,600188,94.98000000,95.79000000,96.90000000,93.99000000,480778.00000000,,3.03789540,1.14032309,1.08000000,,兖矿能源
2024-01-30,600188,95.55000000,95.28000000,96.03000000,94.35000000,267270.00000000,,1.76322418,-0.53241466,-0.51000000,,兖矿能源
2024-01-31,600188,94.20000000,95.10000000,96.48000000,93.75000000,326370.00000000,,2.87066246,-0.18891688,-0.18000000,,兖矿能源
2024-02-01,600188,95.10000000,94.50000000,95.79000000,93.75000000,269392.00000000,,2.15873016,-0.63091483,-0.60000000,,兖矿能源
2024-02-02,600188,94.35000000,94.62000000,95.52000000,93.39000000,344258.00000000,,2.25110970,0.12698413,0.12000000,,兖矿能源
2024-02-05,600188,94.83000000,96.96000000,97.56000000,94.80000000,466607.00000000,,2.84653465,2.47305010,2.34000000,,兖矿能源
2024-02-06,600188,96.45000000,95.70000000,97.80000000,95.07000000,390648.00000000,,2.85266458,-1.29950495,-1.26000000,,兖矿能源
2024-02-07,600188,95.52000000,96.30000000,96.45000000,93.60000000,401556.00000000,,2.95950156,0.62695925,0.60000000,,兖矿能源
2024-02-08,600188,95.58000000,95.07000000,95.58000000,94.02000000,310452.00000000,,1.64089618,-1.27725857,-1.23000000,,兖矿能源
2024-02-19,600188,95.04000000,101.91000000,101.91000000,94.35000000,695850.00000000,,7.41831027,7.19469864,6.84000000,,兖矿能源
2024-02-20,600188,101.91000000,105.45000000,106.17000000,101.40000000,579602.00000000,,4.52347084,3.47365322,3.54000000,,兖矿能源
2024-02-21,600188,104.40000000,103.71000000,105.84000000,102.87000000,517568.00000000,,2.86375470,-1.65007112,-1.74000000,,兖矿能源
2024-02-22,600188,103.05000000,108.78000000,108.84000000,102.93000000,525042.00000000,,5.43298400,4.88863176,5.07000000,,兖矿能源
2024-02-23,600188,108.81000000,108.24000000,109.74000000,107.01000000,442818.00000000,,2.52217295,-0.49641478,-0.54000000,,兖矿能源
2024-02-26,600188,106.83000000,105.81000000,109.53000000,104.49000000,575764.00000000,,4.76325489,-2.24501109,-2.43000000,,兖矿能源
2024-02-27,600188,104.85000000,105.63000000,106.17000000,104.07000000,320266.00000000,,1.98807157,-0.17011625,-0.18000000,,兖矿能源
2024-02-28,600188,105.09000000,104.70000000,106.05000000,103.05000000,499604.00000000,,2.86532951,-0.88043170,-0.93000000,,兖矿能源
2024-02-29,600188,104.25000000,104.19000000,104.91000000,103.08000000,375997.00000000,,1.75640656,-0.48710602,-0.51000000,,兖矿能源
2024-03-01,600188,103.59000000,104.52000000,105.45000000,103.38000000,381816.00000000,,1.98048220,0.31672905,0.33000000,,兖矿能源
2024-03-04,600188,104.52000000,107.64000000,108.30000000,104.16000000,512171.00000000,,3.84615385,2.98507463,3.12000000,,兖矿能源
2024-03-05,600188,107.13000000,107.49000000,109.23000000,106.50000000,385610.00000000,,2.53977114,-0.13935340,-0.15000000,,兖矿能源
2024-03-06,600188,107.79000000,108.12000000,109.53000000,106.95000000,381713.00000000,,2.38623751,0.58610103,0.63000000,,兖矿能源
2024-03-07,600188,107.52000000,108.96000000,110.25000000,107.52000000,342510.00000000,,2.50550661,0.77691454,0.84000000,,兖矿能源
2024-03-08,600188,108.15000000,107.31000000,108.78000000,105.81000000,384564.00000000,,2.76768242,-1.51431718,-1.65000000,,兖矿能源
2024-03-11,600188,106.83000000,104.55000000,107.28000000,103.56000000,461671.00000000,,3.55810617,-2.57198770,-2.76000000,,兖矿能源
2024-03-12,600188,103.65000000,100.50000000,104.43000000,99.93000000,682782.00000000,,4.47761194,-3.87374462,-4.05000000,,兖矿能源
2024-03-13,600188,99.78000000,100.14000000,100.32000000,98.19000000,396126.00000000,,2.12702217,-0.35820896,-0.36000000,,兖矿能源
2024-03-14,600188,99.45000000,100.08000000,100.71000000,99.21000000,347526.00000000,,1.49880096,-0.05991612,-0.06000000,,兖矿能源
2024-03-15,600188,99.72000000,98.70000000,99.87000000,96.48000000,506012.00000000,,3.43465046,-1.37889688,-1.38000000,,兖矿能源
2024-03-18,600188,97.65000000,97.35000000,97.95000000,95.91000000,572573.00000000,,2.09553159,-1.36778116,-1.35000000,,兖矿能源
2024-03-19,600188,96.78000000,97.62000000,99.45000000,96.78000000,535358.00000000,,2.73509527,0.27734977,0.27000000,,兖矿能源
2024-03-20,600188,97.35000000,98.19000000,99.15000000,97.11000000,354837.00000000,,2.07760464,0.58389674,0.57000000,,兖矿能源
2024-03-21,600188,97.68000000,98.10000000,98.70000000,96.66000000,283081.00000000,,2.07951070,-0.09165903,-0.09000000,,兖矿能源
2024-03-22,600188,98.46000000,98.61000000,99.21000000,98.13000000,343545.00000000,,1.09522361,0.51987768,0.51000000,,兖矿能源
2024-03-25,600188,97.89000000,99.00000000,100.35000000,97.20000000,430912.00000000,,3.18181818,0.39549741,0.39000000,,兖矿能源
2024-03-26,600188,98.55000000,96.30000000,99.30000000,95.55000000,476478.00000000,,3.89408100,-2.72727273,-2.70000000,,兖矿能源
2024-03-27,600188,96.24000000,95.58000000,97.47000000,95.40000000,321289.00000000,,2.16572505,-0.74766355,-0.72000000,,兖矿能源
2024-03-28,600188,95.58000000,95.79000000,96.39000000,94.65000000,287524.00000000,,1.81647354,0.21971124,0.21000000,,兖矿能源
2024-03-29,600188,96.39000000,97.92000000,98.07000000,94.41000000,427623.00000000,,3.73774510,2.22361416,2.13000000,,兖矿能源
2024-04-01,600188,97.53000000,98.01000000,98.10000000,96.63000000,333502.00000000,,1.49984695,0.09191176,0.09000000,,兖矿能源
2024-04-02,600188,97.80000000,97.14000000,98.91000000,96.69000000,352262.00000000,,2.28536133,-0.88766452,-0.87000000,,兖矿能源
2024-04-03,600188,96.66000000,99.75000000,99.99000000,96.63000000,510271.00000000,,3.36842105,2.68684373,2.61000000,,兖矿能源
2024-04-08,600188,98.88000000,100.20000000,101.01000000,98.37000000,476280.00000000,,2.63473054,0.45112782,0.45000000,,兖矿能源
2024-04-09,600188,100.11000000,99.72000000,100.95000000,99.09000000,261024.00000000,,1.86522262,-0.47904192,-0.48000000,,兖矿能源
2024-04-10,600188,99.36000000,101.25000000,101.85000000,99.24000000,406946.00000000,,2.57777778,1.53429603,1.53000000,,兖矿能源
2024-04-11,600188,100.65000000,101.67000000,102.75000000,99.69000000,363542.00000000,,3.00973739,0.41481481,0.42000000,,兖矿能源
2024-04-12,600188,101.25000000,101.22000000,102.33000000,100.95000000,241800.00000000,,1.36336692,-0.44260844,-0.45000000,,兖矿能源
2024-04-15,600188,101.40000000,103.08000000,103.08000000,100.95000000,371650.00000000,,2.06635623,1.83758151,1.86000000,,兖矿能源
2024-04-16,600188,103.05000000,103.05000000,104.37000000,101.55000000,372852.00000000,,2.73653566,-0.02910361,-0.03000000,,兖矿能源
2024-04-17,600188,102.60000000,103.41000000,103.56000000,101.58000000,280310.00000000,,1.91470844,0.34934498,0.36000000,,兖矿能源
2024-04-18,600188,103.20000000,103.02000000,104.85000000,102.66000000,272171.00000000,,2.12580082,-0.37713954,-0.39000000,,兖矿能源
2024-04-19,600188,102.66000000,102.33000000,103.80000000,102.24000000,347881.00000000,,1.52447962,-0.66977286,-0.69000000,,兖矿能源
2024-04-22,600188,102.15000000,98.76000000,102.75000000,98.10000000,563120.00000000,,4.70838396,-3.48871299,-3.57000000,,兖矿能源
2024-04-23,600188,97.86000000,97.47000000,98.55000000,96.12000000,337763.00000000,,2.49307479,-1.30619684,-1.29000000,,兖矿能源
2024-04-24,600188,97.47000000,96.54000000,97.74000000,95.85000000,287457.00000000,,1.95773773,-0.95413974,-0.93000000,,兖矿能源
2024-04-25,600188,96.06000000,97.44000000,97.65000000,96.06000000,250807.00000000,,1.63177340,0.93225606,0.90000000,,兖矿能源
2024-04-26,600188,97.35000000,96.24000000,98.13000000,96.06000000,370910.00000000,,2.15087282,-1.23152709,-1.20000000,,兖矿能源
2024-04-29,600188,95.52000000,94.98000000,95.52000000,92.64000000,666050.00000000,,3.03221731,-1.30922693,-1.26000000,,兖矿能源
2024-04-30,600188,94.50000000,95.85000000,96.45000000,94.35000000,363852.00000000,,2.19092332,0.91598231,0.87000000,,兖矿能源
2024-05-06,600188,95.85000000,97.20000000,97.35000000,94.95000000,380166.00000000,,2.46913580,1.40845070,1.35000000,,兖矿能源
2024-05-07,600188,97.23000000,97.80000000,98.04000000,96.69000000,255049.00000000,,1.38036810,0.61728395,0.60000000,,兖矿能源
2024-05-08,600188,98.10000000,100.50000000,101.43000000,97.89000000,539291.00000000,,3.52238806,2.76073620,2.70000000,,兖矿能源
2024-05-09,600188,100.38000000,100.53000000,101.61000000,99.96000000,270657.00000000,,1.64130110,0.02985075,0.03000000,,兖矿能源
2024-05-10,600188,100.65000000,100.92000000,101.64000000,100.20000000,264456.00000000,,1.42687277,0.38794390,0.39000000,,兖矿能源
2024-05-13,600188,100.89000000,99.30000000,100.89000000,98.85000000,297307.00000000,,2.05438066,-1.60523187,-1.62000000,,兖矿能源
2024-05-14,600188,99.03000000,97.35000000,99.42000000,96.63000000,388829.00000000,,2.86594761,-1.96374622,-1.95000000,,兖矿能源
2024-05-15,600188,96.90000000,97.95000000,98.43000000,96.75000000,198461.00000000,,1.71516080,0.61633282,0.60000000,,兖矿能源
2024-05-16,600188,97.89000000,98.13000000,99.06000000,97.71000000,232370.00000000,,1.37572608,0.18376723,0.18000000,,兖矿能源
2024-05-17,600188,98.13000000,98.52000000,98.73000000,97.41000000,141392.00000000,,1.33982948,0.39743198,0.39000000,,兖矿能源
2024-05-20,600188,98.70000000,101.07000000,101.55000000,97.98000000,420897.00000000,,3.53220540,2.58830694,2.55000000,,兖矿能源
2024-05-21,600188,100.95000000,101.55000000,101.79000000,100.65000000,236943.00000000,,1.12259970,0.47491837,0.48000000,,兖矿能源
2024-05-22,600188,101.61000000,101.58000000,103.29000000,101.34000000,303003.00000000,,1.91966923,0.02954210,0.03000000,,兖矿能源
2024-05-23,600188,101.43000000,101.40000000,102.12000000,100.86000000,174412.00000000,,1.24260355,-0.17720024,-0.18000000,,兖矿能源
2024-05-24,600188,101.46000000,101.19000000,102.57000000,101.10000000,159853.00000000,,1.45271272,-0.20710059,-0.21000000,,兖矿能源
2024-05-27,600188,101.79000000,103.23000000,104.46000000,101.79000000,348340.00000000,,2.58645743,2.01600949,2.04000000,,兖矿能源
2024-05-28,600188,103.23000000,103.38000000,104.16000000,102.75000000,213525.00000000,,1.36390017,0.14530660,0.15000000,,兖矿能源
2024-05-29,600188,103.05000000,103.89000000,104.55000000,102.45000000,202780.00000000,,2.02136876,0.49332559,0.51000000,,兖矿能源
2024-05-30,600188,103.44000000,101.85000000,103.86000000,101.61000000,256808.00000000,,2.20913108,-1.96361536,-2.04000000,,兖矿能源
2024-05-31,600188,102.45000000,102.12000000,103.05000000,101.73000000,139327.00000000,,1.29259694,0.26509573,0.27000000,,兖矿能源
2024-06-03,600188,102.45000000,101.28000000,102.60000000,100.80000000,200959.00000000,,1.77725118,-0.82256169,-0.84000000,,兖矿能源
2024-06-04,600188,97.98000000,97.59000000,98.55000000,95.55000000,638867.00000000,,3.07408546,-3.64336493,-3.69000000,,兖矿能源
2024-06-05,600188,97.44000000,97.26000000,98.49000000,97.05000000,258171.00000000,,1.48056755,-0.33814940,-0.33000000,,兖矿能源
2024-06-06,600188,97.26000000,98.04000000,99.45000000,97.05000000,311334.00000000,,2.44798042,0.80197409,0.78000000,,兖矿能源
2024-06-07,600188,98.16000000,98.16000000,98.82000000,97.53000000,195543.00000000,,1.31418093,0.12239902,0.12000000,,兖矿能源
2024-06-11,600188,98.25000000,97.56000000,98.70000000,96.72000000,235607.00000000,,2.02952030,-0.61124694,-0.60000000,,兖矿能源
2024-06-12,600188,97.53000000,100.14000000,100.80000000,97.26000000,306024.00000000,,3.53505093,2.64452645,2.58000000,,兖矿能源
2024-06-13,600188,100.20000000,99.15000000,100.68000000,98.79000000,187060.00000000,,1.90620272,-0.98861594,-0.99000000,,兖矿能源
2024-06-14,600188,99.60000000,98.01000000,99.63000000,97.53000000,207028.00000000,,2.14263851,-1.14977307,-1.14000000,,兖矿能源
2024-06-17,600188,97.95000000,96.90000000,98.19000000,96.30000000,213909.00000000,,1.95046440,-1.13253750,-1.11000000,,兖矿能源
2024-06-18,600188,96.90000000,96.72000000,97.20000000,95.64000000,176913.00000000,,1.61290323,-0.18575851,-0.18000000,,兖矿能源
2024-06-19,600188,96.84000000,96.93000000,97.62000000,96.75000000,159975.00000000,,0.89755494,0.21712159,0.21000000,,兖矿能源
2024-06-20,600188,96.75000000,97.05000000,97.59000000,96.63000000,179808.00000000,,0.98918083,0.12380068,0.12000000,,兖矿能源
2024-06-21,600188,96.99000000,96.63000000,96.99000000,94.95000000,294215.00000000,,2.11114561,-0.43276662,-0.42000000,,兖矿能源
2024-06-24,600188,95.61000000,93.54000000,95.91000000,93.15000000,363595.00000000,,2.95060936,-3.19776467,-3.09000000,,兖矿能源
2024-06-25,600188,93.54000000,93.75000000,94.17000000,92.67000000,212914.00000000,,1.60000000,0.22450289,0.21000000,,兖矿能源
2024-06-26,600188,93.45000000,93.66000000,94.05000000,92.70000000,171385.00000000,,1.44138373,-0.09600000,-0.09000000,,兖矿能源
2024-06-27,600188,93.60000000,93.99000000,94.62000000,93.30000000,201668.00000000,,1.40440472,0.35233824,0.33000000,,兖矿能源
2024-06-28,600188,93.54000000,94.74000000,95.07000000,93.42000000,180246.00000000,,1.74160861,0.79795723,0.75000000,,兖矿能源
2024-07-01,600188,95.01000000,96.90000000,97.29000000,94.95000000,228377.00000000,,2.41486068,2.27992400,2.16000000,,兖矿能源
2024-07-02,600188,97.20000000,97.14000000,97.77000000,96.03000000,189025.00000000,,1.79122915,0.24767802,0.24000000,,兖矿能源
2024-07-03,600188,97.14000000,96.87000000,97.62000000,96.60000000,143420.00000000,,1.05295757,-0.27794935,-0.27000000,,兖矿能源
2024-07-04,600188,96.60000000,96.96000000,97.32000000,96.57000000,196743.00000000,,0.77351485,0.09290802,0.09000000,,兖矿能源
2024-07-05,600188,96.96000000,96.48000000,97.17000000,95.49000000,246338.00000000,,1.74129353,-0.49504950,-0.48000000,,兖矿能源
2024-07-08,600188,95.76000000,94.82000000,95.76000000,94.62000000,299861.00000000,,1.20227800,-1.72056385,-1.66000000,,兖矿能源
2024-07-09,600188,94.98000000,94.31000000,94.98000000,93.53000000,255662.00000000,,1.53748277,-0.53786121,-0.51000000,,兖矿能源
2024-07-10,600188,93.73000000,89.98000000,94.12000000,89.52000000,592328.00000000,,5.11224717,-4.59124165,-4.33000000,,兖矿能源
2024-07-11,600188,89.98000000,90.02000000,91.15000000,89.59000000,373309.00000000,,1.73294823,0.04445432,0.04000000,,兖矿能源
2024-07-12,600188,89.87000000,88.66000000,90.53000000,87.88000000,419408.00000000,,2.98894654,-1.51077538,-1.36000000,,兖矿能源
2024-07-15,600188,88.70000000,92.09000000,92.91000000,88.07000000,573825.00000000,,5.25572809,3.86871193,3.43000000,,兖矿能源
2024-07-16,600188,92.40000000,92.32000000,92.56000000,91.23000000,236838.00000000,,1.44064125,0.24975567,0.23000000,,兖矿能源
2024-07-17,600188,92.25000000,91.27000000,92.48000000,90.69000000,214084.00000000,,1.96121398,-1.13734835,-1.05000000,,兖矿能源
2024-07-18,600188,91.27000000,91.50000000,91.66000000,90.41000000,176474.00000000,,1.36612022,0.25199956,0.23000000,,兖矿能源
2024-07-19,600188,91.70000000,91.43000000,92.09000000,91.04000000,180448.00000000,,1.14841956,-0.07650273,-0.07000000,,兖矿能源
2024-07-22,600188,91.47000000,91.62000000,91.78000000,89.55000000,277942.00000000,,2.43396638,0.20780925,0.19000000,,兖矿能源
2024-07-23,600188,91.08000000,89.94000000,91.58000000,89.83000000,204610.00000000,,1.94574161,-1.83366077,-1.68000000,,兖矿能源
2024-07-24,600188,89.98000000,89.63000000,90.22000000,88.66000000,202147.00000000,,1.74048868,-0.34467423,-0.31000000,,兖矿能源
2024-07-25,600188,89.13000000,88.46000000,89.48000000,88.03000000,211935.00000000,,1.63915894,-1.30536651,-1.17000000,,兖矿能源
2024-07-26,600188,88.42000000,89.13000000,89.83000000,88.35000000,147734.00000000,,1.66049590,0.75740448,0.67000000,,兖矿能源
2024-07-29,600188,89.13000000,88.35000000,89.44000000,87.92000000,163259.00000000,,1.72043011,-0.87512622,-0.78000000,,兖矿能源
2024-07-30,600188,88.35000000,87.60000000,88.38000000,87.21000000,176064.00000000,,1.33561644,-0.84889643,-0.75000000,,兖矿能源
2024-07-31,600188,87.60000000,89.52000000,89.75000000,87.37000000,299487.00000000,,2.65862377,2.19178082,1.92000000,,兖矿能源
2024-08-01,600188,90.69000000,88.89000000,90.69000000,88.62000000,202908.00000000,,2.32872089,-0.70375335,-0.63000000,,兖矿能源
2024-08-02,600188,88.54000000,88.27000000,88.93000000,88.03000000,141265.00000000,,1.01959896,-0.69749128,-0.62000000,,兖矿能源
2024-08-05,600188,88.03000000,87.21000000,88.27000000,86.98000000,193900.00000000,,1.47918817,-1.20086099,-1.06000000,,兖矿能源
2024-08-06,600188,87.49000000,87.45000000,87.76000000,86.79000000,169425.00000000,,1.10920526,0.27519780,0.24000000,,兖矿能源
2024-08-07,600188,87.25000000,87.45000000,88.11000000,86.75000000,193357.00000000,,1.55517439,0.00000000,0.00000000,,兖矿能源
2024-08-08,600188,87.21000000,86.47000000,87.80000000,86.28000000,211290.00000000,,1.75783509,-1.12064037,-0.98000000,,兖矿能源
2024-08-09,600188,86.67000000,86.24000000,87.21000000,86.20000000,268640.00000000,,1.17115028,-0.26598820,-0.23000000,,兖矿能源
2024-08-12,600188,86.24000000,87.72000000,88.38000000,85.54000000,344276.00000000,,3.23757410,1.71614100,1.48000000,,兖矿能源
2024-08-13,600188,87.92000000,87.37000000,87.92000000,86.79000000,168558.00000000,,1.29335012,-0.39899681,-0.35000000,,兖矿能源
2024-08-14,600188,87.02000000,86.63000000,87.33000000,86.43000000,120532.00000000,,1.03890107,-0.84697265,-0.74000000,,兖矿能源
2024-08-15,600188,86.90000000,87.57000000,88.35000000,86.51000000,253604.00000000,,2.10117620,1.08507445,0.94000000,,兖矿能源
2024-08-16,600188,87.92000000,87.84000000,88.35000000,87.49000000,213856.00000000,,0.97905282,0.30832477,0.27000000,,兖矿能源
2024-08-19,600188,87.76000000,88.35000000,89.59000000,87.68000000,260588.00000000,,2.16185625,0.58060109,0.51000000,,兖矿能源
2024-08-20,600188,88.31000000,84.95000000,88.46000000,84.72000000,555266.00000000,,4.40258976,-3.84833050,-3.40000000,,兖矿能源
2024-08-21,600188,85.07000000,85.54000000,85.85000000,84.33000000,309091.00000000,,1.77694646,0.69452619,0.59000000,,兖矿能源
2024-08-22,600188,85.85000000,84.99000000,85.85000000,84.68000000,211074.00000000,,1.37663255,-0.64297405,-0.55000000,,兖矿能源
2024-08-23,600188,84.80000000,85.15000000,86.01000000,84.45000000,205274.00000000,,1.83206107,0.18825744,0.16000000,,兖矿能源
2024-08-26,600188,85.54000000,85.34000000,85.58000000,84.56000000,146998.00000000,,1.19521912,0.22313564,0.19000000,,兖矿能源
2024-08-27,600188,85.23000000,85.93000000,86.32000000,84.87000000,244782.00000000,,1.68741999,0.69135224,0.59000000,,兖矿能源
2024-08-28,600188,85.89000000,86.01000000,86.59000000,85.58000000,204747.00000000,,1.17428206,0.09309903,0.08000000,,兖矿能源
2024-08-29,600188,85.93000000,85.69000000,86.08000000,85.03000000,187247.00000000,,1.22534718,-0.37204976,-0.32000000,,兖矿能源
2024-08-30,600188,85.65000000,86.40000000,87.10000000,85.03000000,378580.00000000,,2.39583333,0.82856809,0.71000000,,兖矿能源
2024-09-02,600188,86.24000000,88.07000000,89.09000000,85.58000000,561197.00000000,,3.98546611,1.93287037,1.67000000,,兖矿能源
2024-09-03,600188,87.76000000,87.53000000,89.01000000,87.25000000,300535.00000000,,2.01073918,-0.61314863,-0.54000000,,兖矿能源
2024-09-04,600188,86.98000000,86.71000000,87.18000000,85.81000000,242640.00000000,,1.57997924,-0.93682166,-0.82000000,,兖矿能源
2024-09-05,600188,86.75000000,85.93000000,87.88000000,85.62000000,279995.00000000,,2.63004771,-0.89955022,-0.78000000,,兖矿能源
2024-09-06,600188,85.93000000,85.19000000,86.08000000,85.07000000,183704.00000000,,1.18558516,-0.86116607,-0.74000000,,兖矿能源
2024-09-09,600188,85.19000000,82.14000000,85.19000000,81.83000000,526146.00000000,,4.09057706,-3.58023242,-3.05000000,,兖矿能源
2024-09-10,600188,82.46000000,81.64000000,82.50000000,81.09000000,287824.00000000,,1.72709456,-0.60871682,-0.50000000,,兖矿能源
2024-09-11,600188,81.21000000,81.05000000,81.36000000,80.12000000,297105.00000000,,1.52991980,-0.72268496,-0.59000000,,兖矿能源
2024-09-12,600188,81.33000000,81.99000000,82.61000000,81.13000000,327989.00000000,,1.80509818,1.15977791,0.94000000,,兖矿能源
2024-09-13,600188,82.07000000,80.94000000,82.18000000,80.86000000,201626.00000000,,1.63083766,-1.28064398,-1.05000000,,兖矿能源
2024-09-18,600188,80.94000000,82.50000000,82.89000000,80.90000000,256045.00000000,,2.41212121,1.92735360,1.56000000,,兖矿能源
2024-09-19,600188,82.53000000,82.85000000,83.08000000,81.72000000,224637.00000000,,1.64152082,0.42424242,0.35000000,,兖矿能源
2024-09-20,600188,82.85000000,83.39000000,83.67000000,82.53000000,212673.00000000,,1.36707039,0.65178033,0.54000000,,兖矿能源
2024-09-23,600188,83.24000000,85.58000000,85.89000000,83.08000000,337496.00000000,,3.28347745,2.62621417,2.19000000,,兖矿能源
2024-09-24,600188,85.89000000,87.92000000,87.96000000,85.73000000,407074.00000000,,2.53639672,2.73428371,2.34000000,,兖矿能源
2024-09-25,600188,88.27000000,88.23000000,89.91000000,87.92000000,513535.00000000,,2.25546866,0.35259327,0.31000000,,兖矿能源
2024-09-26,600188,87.92000000,90.33000000,90.33000000,87.60000000,427812.00000000,,3.02225174,2.38014281,2.10000000,,兖矿能源
2024-09-27,600188,90.76000000,91.27000000,91.82000000,89.79000000,390306.00000000,,2.22417004,1.04062881,0.94000000,,兖矿能源
2024-09-30,600188,93.38000000,96.15000000,96.65000000,92.36000000,921579.00000000,,4.46177847,5.34677331,4.88000000,,兖矿能源
2024-10-08,600188,102.54000000,95.72000000,102.66000000,92.99000000,1338828.00000000,,10.10238195,-0.44721789,-0.43000000,,兖矿能源
2024-10-09,600188,95.72000000,90.49000000,95.72000000,90.26000000,692067.00000000,,6.03381589,-5.46385290,-5.23000000,,兖矿能源
2024-10-10,600188,90.49000000,95.91000000,96.46000000,90.49000000,1338795.00000000,,6.22458555,5.98961211,5.42000000,,兖矿能源
2024-10-11,600188,95.95000000,92.32000000,95.99000000,91.74000000,804422.00000000,,4.60355286,-3.74309248,-3.59000000,,兖矿能源
2024-10-14,600188,93.03000000,93.88000000,94.43000000,91.89000000,496185.00000000,,2.70558159,1.68977470,1.56000000,,兖矿能源
2024-10-15,600188,93.45000000,92.67000000,94.43000000,92.48000000,376747.00000000,,2.10424085,-1.28887942,-1.21000000,,兖矿能源
2024-10-16,600188,92.44000000,91.97000000,92.99000000,91.54000000,301607.00000000,,1.57660107,-0.75536851,-0.70000000,,兖矿能源
2024-10-17,600188,92.09000000,91.66000000,93.42000000,91.54000000,299959.00000000,,2.05105826,-0.33706643,-0.31000000,,兖矿能源
2024-10-18,600188,91.66000000,92.83000000,93.42000000,90.92000000,407440.00000000,,2.69309490,1.27645647,1.17000000,,兖矿能源
2024-10-21,600188,92.60000000,93.96000000,94.74000000,92.56000000,458401.00000000,,2.32013623,1.21727890,1.13000000,,兖矿能源
2024-10-22,600188,93.96000000,94.16000000,94.31000000,93.30000000,319917.00000000,,1.07264231,0.21285653,0.20000000,,兖矿能源
2024-10-23,600188,94.27000000,93.88000000,94.43000000,93.30000000,341327.00000000,,1.20366425,-0.29736619,-0.28000000,,兖矿能源
2024-10-24,600188,93.49000000,93.06000000,93.92000000,92.95000000,220057.00000000,,1.04233828,-0.87345548,-0.82000000,,兖矿能源
2024-10-25,600188,92.99000000,92.99000000,93.30000000,92.67000000,258158.00000000,,0.67749220,-0.07522029,-0.07000000,,兖矿能源
2024-10-28,600188,93.03000000,93.61000000,93.61000000,92.56000000,360423.00000000,,1.12167503,0.66673836,0.62000000,,兖矿能源
2024-10-29,600188,93.57000000,91.82000000,93.61000000,91.70000000,428869.00000000,,2.08015683,-1.91218887,-1.79000000,,兖矿能源
2024-10-30,600188,91.47000000,91.47000000,92.09000000,90.96000000,250220.00000000,,1.23537772,-0.38118057,-0.35000000,,兖矿能源
2024-10-31,600188,91.19000000,91.19000000,91.62000000,90.69000000,226612.00000000,,1.01984867,-0.30611129,-0.28000000,,兖矿能源
2024-11-01,600188,91.19000000,91.74000000,92.44000000,91.19000000,325067.00000000,,1.36254633,0.60313631,0.55000000,,兖矿能源
2024-11-04,600188,91.86000000,92.25000000,92.40000000,91.11000000,252597.00000000,,1.39837398,0.55591890,0.51000000,,兖矿能源
2024-11-05,600188,92.28000000,92.91000000,92.91000000,91.19000000,344735.00000000,,1.85125390,0.71544715,0.66000000,,兖矿能源
2024-11-06,600188,93.03000000,92.40000000,93.57000000,92.21000000,377544.00000000,,1.47186147,-0.54891831,-0.51000000,,兖矿能源
2024-11-07,600188,92.56000000,93.92000000,93.92000000,91.89000000,505626.00000000,,2.16141397,1.64502165,1.52000000,,兖矿能源
2024-11-08,600188,94.20000000,93.88000000,94.94000000,93.53000000,505296.00000000,,1.50191734,-0.04258944,-0.04000000,,兖矿能源
2024-11-11,600188,93.73000000,92.87000000,93.73000000,92.17000000,430740.00000000,,1.67976742,-1.07584150,-1.01000000,,兖矿能源
2024-11-12,600188,92.36000000,93.06000000,93.88000000,92.36000000,374947.00000000,,1.63335482,0.20458706,0.19000000,,兖矿能源
2024-11-13,600188,92.67000000,92.91000000,93.38000000,92.44000000,266225.00000000,,1.01173178,-0.16118633,-0.15000000,,兖矿能源
2024-11-14,600188,92.95000000,92.01000000,93.18000000,92.01000000,262340.00000000,,1.27160091,-0.96867937,-0.90000000,,兖矿能源
2024-11-15,600188,91.97000000,91.97000000,92.44000000,91.43000000,275318.00000000,,1.09818419,-0.04347354,-0.04000000,,兖矿能源
2024-11-18,600188,91.93000000,92.32000000,93.53000000,91.93000000,383467.00000000,,1.73310225,0.38055888,0.35000000,,兖矿能源
2024-11-19,600188,92.32000000,92.64000000,92.64000000,91.23000000,292903.00000000,,1.52202073,0.34662045,0.32000000,,兖矿能源
2024-11-20,600188,92.36000000,92.36000000,92.75000000,91.97000000,184999.00000000,,0.84452144,-0.30224525,-0.28000000,,兖矿能源
2024-11-21,600188,92.40000000,92.52000000,93.03000000,92.21000000,179203.00000000,,0.88629486,0.17323517,0.16000000,,兖矿能源
2024-11-22,600188,92.60000000,90.76000000,92.75000000,90.76000000,317382.00000000,,2.19259586,-1.90229140,-1.76000000,,兖矿能源
2024-11-25,600188,90.80000000,89.75000000,91.00000000,89.13000000,320973.00000000,,2.08356546,-1.11282503,-1.01000000,,兖矿能源
2024-11-26,600188,89.79000000,88.97000000,89.91000000,88.89000000,210665.00000000,,1.14645386,-0.86908078,-0.78000000,,兖矿能源
2024-11-27,600188,88.81000000,89.59000000,89.63000000,88.15000000,210410.00000000,,1.65197009,0.69686411,0.62000000,,兖矿能源
2024-11-28,600188,89.63000000,88.77000000,89.63000000,88.74000000,202833.00000000,,1.00259097,-0.91528072,-0.82000000,,兖矿能源
2024-11-29,600188,88.46000000,88.85000000,89.40000000,88.46000000,229513.00000000,,1.05796286,0.09012054,0.08000000,,兖矿能源
2024-12-02,600188,88.81000000,89.16000000,89.28000000,88.35000000,293507.00000000,,1.04306864,0.34890264,0.31000000,,兖矿能源
2024-12-03,600188,89.13000000,89.63000000,89.75000000,88.89000000,276466.00000000,,0.95950017,0.52714222,0.47000000,,兖矿能源
2024-12-04,600188,89.44000000,90.41000000,90.72000000,89.09000000,361243.00000000,,1.80289791,0.87024434,0.78000000,,兖矿能源
2024-12-05,600188,90.22000000,89.79000000,90.22000000,89.63000000,247884.00000000,,0.65708876,-0.68576485,-0.62000000,,兖矿能源
2024-12-06,600188,89.79000000,90.14000000,90.22000000,89.44000000,231237.00000000,,0.86532061,0.38979842,0.35000000,,兖矿能源
2024-12-09,600188,90.14000000,90.45000000,90.65000000,89.55000000,262266.00000000,,1.21614151,0.34390947,0.31000000,,兖矿能源
2024-12-10,600188,91.19000000,90.14000000,91.58000000,90.02000000,348816.00000000,,1.73064122,-0.34273079,-0.31000000,,兖矿能源
2024-12-11,600188,89.83000000,90.84000000,90.84000000,89.79000000,276397.00000000,,1.15587847,0.77656978,0.70000000,,兖矿能源
2024-12-12,600188,90.76000000,90.65000000,90.96000000,90.37000000,239366.00000000,,0.65085494,-0.20915896,-0.19000000,,兖矿能源
2024-12-13,600188,90.49000000,88.89000000,90.49000000,88.85000000,477192.00000000,,1.84497694,-1.94153337,-1.76000000,,兖矿能源
2024-12-16,600188,88.77000000,88.81000000,89.67000000,88.70000000,250154.00000000,,1.09221934,-0.08999888,-0.08000000,,兖矿能源
2024-12-17,600188,88.93000000,88.50000000,89.52000000,88.31000000,302165.00000000,,1.36723164,-0.34905979,-0.31000000,,兖矿能源
2024-12-18,600188,88.50000000,88.62000000,89.40000000,88.50000000,218356.00000000,,1.01557211,0.13559322,0.12000000,,兖矿能源
2024-12-19,600188,88.46000000,87.64000000,88.54000000,87.37000000,252101.00000000,,1.33500685,-1.10584518,-0.98000000,,兖矿能源
2024-12-20,600188,87.64000000,86.28000000,87.84000000,86.04000000,444756.00000000,,2.08623088,-1.55180283,-1.36000000,,兖矿能源
2024-12-23,600188,86.28000000,86.04000000,86.82000000,85.89000000,312859.00000000,,1.08089261,-0.27816412,-0.24000000,,兖矿能源
2024-12-24,600188,86.04000000,86.28000000,86.36000000,85.62000000,239381.00000000,,0.85767269,0.27894003,0.24000000,,兖矿能源
2024-12-25,600188,86.28000000,87.68000000,87.88000000,85.89000000,412045.00000000,,2.26961679,1.62262401,1.40000000,,兖矿能源
2024-12-26,600188,87.41000000,86.82000000,87.45000000,86.79000000,232422.00000000,,0.76019350,-0.98083942,-0.86000000,,兖矿能源
2024-12-27,600188,86.79000000,86.51000000,86.98000000,86.40000000,209000.00000000,,0.67044272,-0.35706059,-0.31000000,,兖矿能源
2024-12-30,600188,86.51000000,87.21000000,88.07000000,86.51000000,388008.00000000,,1.78878569,0.80915501,0.70000000,,兖矿能源
2024-12-31,600188,87.18000000,87.18000000,87.99000000,87.10000000,310798.00000000,,1.02087635,-0.03439972,-0.03000000,,兖矿能源
2025-01-02,600188,87.14000000,85.62000000,87.37000000,85.42000000,365267.00000000,,2.27750526,-1.78940124,-1.56000000,,兖矿能源
2025-01-03,600188,85.89000000,85.81000000,86.79000000,85.58000000,284672.00000000,,1.41009206,0.22191077,0.19000000,,兖矿能源
2025-01-06,600188,85.73000000,85.89000000,86.08000000,84.80000000,250274.00000000,,1.49027826,0.09322923,0.08000000,,兖矿能源
2025-01-07,600188,85.77000000,85.34000000,86.04000000,84.80000000,226494.00000000,,1.45301148,-0.64035394,-0.55000000,,兖矿能源
2025-01-08,600188,85.30000000,84.72000000,85.46000000,84.45000000,236575.00000000,,1.19216242,-0.72650574,-0.62000000,,兖矿能源
2025-01-09,600188,84.56000000,84.13000000,84.56000000,83.70000000,227576.00000000,,1.02222751,-0.69641171,-0.59000000,,兖矿能源
2025-01-10,600188,84.02000000,83.08000000,84.29000000,83.04000000,259758.00000000,,1.50457390,-1.24806847,-1.05000000,,兖矿能源
2025-01-13,600188,83.08000000,83.08000000,83.31000000,82.61000000,198981.00000000,,0.84256139,0.00000000,0.00000000,,兖矿能源
2025-01-14,600188,83.08000000,84.21000000,84.21000000,82.89000000,223199.00000000,,1.56750980,1.36013481,1.13000000,,兖矿能源
2025-01-15,600188,84.13000000,84.02000000,84.45000000,83.78000000,181155.00000000,,0.79742918,-0.22562641,-0.19000000,,兖矿能源
2025-01-16,600188,84.17000000,84.41000000,85.11000000,84.17000000,232116.00000000,,1.11361213,0.46417520,0.39000000,,兖矿能源
2025-01-17,600188,84.45000000,84.41000000,84.72000000,84.17000000,137346.00000000,,0.65158157,0.00000000,0.00000000,,兖矿能源
2025-01-20,600188,84.45000000,83.78000000,84.64000000,83.67000000,208199.00000000,,1.15779422,-0.74635707,-0.63000000,,兖矿能源
2025-01-21,600188,83.98000000,83.31000000,84.02000000,83.00000000,169529.00000000,,1.22434282,-0.56099308,-0.47000000,,兖矿能源
2025-01-22,600188,83.39000000,83.00000000,83.47000000,82.89000000,133357.00000000,,0.69879518,-0.37210419,-0.31000000,,兖矿能源
2025-01-23,600188,83.28000000,83.39000000,83.86000000,83.28000000,169926.00000000,,0.69552704,0.46987952,0.39000000,,兖矿能源
2025-01-24,600188,83.47000000,84.02000000,84.17000000,83.12000000,190898.00000000,,1.24970245,0.75548627,0.63000000,,兖矿能源
2025-01-27,600188,84.06000000,84.45000000,84.64000000,84.02000000,192973.00000000,,0.73416223,0.51178291,0.43000000,,兖矿能源
2025-02-05,600188,84.76000000,83.82000000,84.84000000,83.63000000,208305.00000000,,1.44356955,-0.74600355,-0.63000000,,兖矿能源
2025-02-06,600188,83.67000000,83.67000000,83.90000000,83.24000000,177827.00000000,,0.78881319,-0.17895490,-0.15000000,,兖矿能源
2025-02-07,600188,83.51000000,84.29000000,84.48000000,83.28000000,268475.00000000,,1.42365642,0.74100633,0.62000000,,兖矿能源
2025-02-10,600188,84.29000000,83.94000000,84.37000000,83.51000000,237694.00000000,,1.02454134,-0.41523312,-0.35000000,,兖矿能源
2025-02-11,600188,83.94000000,83.63000000,84.25000000,83.51000000,193824.00000000,,0.88484993,-0.36931141,-0.31000000,,兖矿能源
2025-02-12,600188,83.55000000,83.24000000,83.59000000,82.92000000,311232.00000000,,0.80490149,-0.46633983,-0.39000000,,兖矿能源
2025-02-13,600188,83.28000000,84.13000000,84.37000000,83.24000000,401173.00000000,,1.34315940,1.06919750,0.89000000,,兖矿能源
2025-02-14,600188,84.13000000,83.94000000,84.45000000,83.63000000,228460.00000000,,0.97688825,-0.22584096,-0.19000000,,兖矿能源
2025-02-17,600188,83.82000000,83.39000000,83.82000000,83.24000000,272251.00000000,,0.69552704,-0.65522993,-0.55000000,,兖矿能源
2025-02-18,600188,83.35000000,82.89000000,83.47000000,82.69000000,269238.00000000,,0.94100615,-0.59959228,-0.50000000,,兖矿能源
2025-02-19,600188,82.73000000,82.73000000,82.89000000,82.46000000,246044.00000000,,0.51976308,-0.19302690,-0.16000000,,兖矿能源
2025-02-20,600188,82.65000000,82.81000000,83.12000000,82.50000000,141401.00000000,,0.74870185,0.09670011,0.08000000,,兖矿能源
2025-02-21,600188,82.81000000,82.81000000,83.08000000,82.69000000,171248.00000000,,0.47095761,0.00000000,0.00000000,,兖矿能源
2025-02-24,600188,82.65000000,83.74000000,84.02000000,82.26000000,375713.00000000,,2.10174349,1.12305277,0.93000000,,兖矿能源
2025-02-25,600188,83.47000000,84.29000000,85.73000000,83.31000000,646694.00000000,,2.87104046,0.65679484,0.55000000,,兖矿能源
2025-02-26,600188,84.33000000,84.25000000,85.30000000,83.78000000,299847.00000000,,1.80415430,-0.04745521,-0.04000000,,兖矿能源
2025-02-27,600188,84.25000000,84.09000000,84.45000000,83.70000000,205716.00000000,,0.89190153,-0.18991098,-0.16000000,,兖矿能源
2025-02-28,600188,83.98000000,83.67000000,84.45000000,83.59000000,236793.00000000,,1.02784750,-0.49946486,-0.42000000,,兖矿能源
2025-03-03,600188,83.86000000,84.02000000,84.37000000,83.67000000,208455.00000000,,0.83313497,0.41831003,0.35000000,,兖矿能源
2025-03-04,600188,84.02000000,83.04000000,84.02000000,82.81000000,238026.00000000,,1.45712909,-1.16638896,-0.98000000,,兖矿能源
2025-03-05,600188,83.08000000,83.12000000,83.24000000,82.65000000,131757.00000000,,0.70981713,0.09633911,0.08000000,,兖矿能源
2025-03-06,600188,83.12000000,83.20000000,83.28000000,82.73000000,179919.00000000,,0.66105769,0.09624639,0.08000000,,兖矿能源
2025-03-07,600188,83.00000000,83.43000000,84.37000000,82.89000000,319711.00000000,,1.77394223,0.27644231,0.23000000,,兖矿能源
2025-03-10,600188,83.55000000,84.17000000,84.37000000,83.31000000,255234.00000000,,1.25935607,0.88697111,0.74000000,,兖矿能源
2025-03-11,600188,83.90000000,84.37000000,84.45000000,83.78000000,247668.00000000,,0.79412113,0.23761435,0.20000000,,兖矿能源
2025-03-12,600188,84.37000000,83.82000000,84.45000000,83.78000000,214216.00000000,,0.79933190,-0.65189048,-0.55000000,,兖矿能源
2025-03-13,600188,83.94000000,85.15000000,85.34000000,83.86000000,645677.00000000,,1.73810922,1.58673348,1.33000000,,兖矿能源
2025-03-14,600188,84.99000000,85.07000000,85.26000000,84.68000000,348950.00000000,,0.68179147,-0.09395185,-0.08000000,,兖矿能源
2025-03-17,600188,84.99000000,85.34000000,85.50000000,84.84000000,302952.00000000,,0.77337708,0.31738568,0.27000000,,兖矿能源
2025-03-18,600188,85.30000000,84.76000000,85.46000000,84.56000000,250754.00000000,,1.06182161,-0.67963440,-0.58000000,,兖矿能源
2025-03-19,600188,84.68000000,84.56000000,85.03000000,84.29000000,169857.00000000,,0.87511826,-0.23596036,-0.20000000,,兖矿能源
2025-03-20,600188,84.60000000,84.76000000,85.46000000,84.56000000,256360.00000000,,1.06182161,0.23651845,0.20000000,,兖矿能源
2025-03-21,600188,84.64000000,84.91000000,85.46000000,84.41000000,294860.00000000,,1.23660346,0.17697027,0.15000000,,兖矿能源
2025-03-24,600188,84.95000000,85.15000000,85.42000000,84.64000000,253707.00000000,,0.91603053,0.28265222,0.24000000,,兖矿能源
2025-03-25,600188,85.19000000,86.40000000,86.79000000,84.95000000,585802.00000000,,2.12962963,1.46799765,1.25000000,,兖矿能源
2025-03-26,600188,86.43000000,86.24000000,86.59000000,85.73000000,336426.00000000,,0.99721707,-0.18518519,-0.16000000,,兖矿能源
2025-03-27,600188,86.12000000,86.16000000,86.51000000,85.77000000,254783.00000000,,0.85886722,-0.09276438,-0.08000000,,兖矿能源
2025-03-28,600188,86.08000000,84.99000000,86.32000000,84.95000000,268666.00000000,,1.61195435,-1.35793872,-1.17000000,,兖矿能源
2025-03-31,600188,84.52000000,83.86000000,84.80000000,83.78000000,329819.00000000,,1.21631290,-1.32956818,-1.13000000,,兖矿能源
2025-04-01,600188,83.86000000,84.33000000,84.56000000,83.86000000,214055.00000000,,0.83007233,0.56045791,0.47000000,,兖矿能源
2025-04-02,600188,84.29000000,83.70000000,84.29000000,83.51000000,224294.00000000,,0.93189964,-0.74706510,-0.63000000,,兖矿能源
2025-04-03,600188,83.43000000,83.43000000,83.86000000,83.31000000,183433.00000000,,0.65923529,-0.32258065,-0.27000000,,兖矿能源
2025-04-07,600188,82.26000000,79.06000000,82.42000000,78.32000000,596179.00000000,,5.18593473,-5.23792401,-4.37000000,,兖矿能源
2025-04-08,600188,79.26000000,81.29000000,81.29000000,79.22000000,393197.00000000,,2.54643868,2.82064255,2.23000000,,兖矿能源
2025-04-09,600188,81.05000000,81.25000000,81.25000000,79.92000000,282204.00000000,,1.63692308,-0.04920654,-0.04000000,,兖矿能源
2025-04-10,600188,82.57000000,81.56000000,82.57000000,80.97000000,257486.00000000,,1.96174595,0.38153846,0.31000000,,兖矿能源
2025-04-11,600188,81.60000000,81.21000000,81.60000000,80.94000000,178338.00000000,,0.81270779,-0.42913193,-0.35000000,,兖矿能源
2025-04-14,600188,81.40000000,82.30000000,82.42000000,81.36000000,249746.00000000,,1.28797084,1.34219924,1.09000000,,兖矿能源
2025-04-15,600188,82.30000000,81.83000000,82.30000000,81.56000000,160363.00000000,,0.90431382,-0.57108141,-0.47000000,,兖矿能源
2025-04-16,600188,81.83000000,82.11000000,82.11000000,81.25000000,176360.00000000,,1.04737547,0.34217280,0.28000000,,兖矿能源
2025-04-17,600188,81.75000000,82.03000000,82.07000000,81.60000000,111976.00000000,,0.57296111,-0.09743028,-0.08000000,,兖矿能源
2025-04-18,600188,81.83000000,81.36000000,81.91000000,81.25000000,148390.00000000,,0.81120944,-0.81677435,-0.67000000,,兖矿能源
2025-04-21,600188,81.44000000,80.90000000,81.44000000,80.74000000,175384.00000000,,0.86526576,-0.56538840,-0.46000000,,兖矿能源
2025-04-22,600188,80.86000000,80.51000000,81.25000000,80.47000000,169603.00000000,,0.96882375,-0.48207664,-0.39000000,,兖矿能源
2025-04-23,600188,80.51000000,80.27000000,80.74000000,80.19000000,142384.00000000,,0.68518749,-0.29809961,-0.24000000,,兖矿能源
2025-04-24,600188,80.43000000,80.27000000,80.58000000,80.23000000,134690.00000000,,0.43602840,0.00000000,0.00000000,,兖矿能源
2025-04-25,600188,80.27000000,80.39000000,80.43000000,79.69000000,129527.00000000,,0.92051250,0.14949545,0.12000000,,兖矿能源
2025-04-28,600188,79.84000000,79.80000000,79.92000000,79.34000000,211411.00000000,,0.72681704,-0.73392213,-0.59000000,,兖矿能源
2025-04-29,600188,79.84000000,79.69000000,80.04000000,79.57000000,108922.00000000,,0.58978542,-0.13784461,-0.11000000,,兖矿能源
2025-04-30,600188,79.69000000,79.49000000,79.92000000,79.45000000,153167.00000000,,0.59126934,-0.25097252,-0.20000000,,兖矿能源
2025-05-06,600188,79.53000000,80.55000000,80.55000000,79.53000000,253535.00000000,,1.26629423,1.33350107,1.06000000,,兖矿能源
2025-05-07,600188,80.86000000,80.58000000,80.90000000,80.16000000,177888.00000000,,0.91834202,0.03724395,0.03000000,,兖矿能源
2025-05-08,600188,80.31000000,80.43000000,80.58000000,80.16000000,136727.00000000,,0.52219321,-0.18615041,-0.15000000,,兖矿能源
2025-05-09,600188,80.62000000,80.27000000,80.62000000,80.23000000,98052.00000000,,0.48586022,-0.19893075,-0.16000000,,兖矿能源
2025-05-12,600188,80.43000000,80.31000000,80.43000000,79.96000000,146613.00000000,,0.58523223,0.04983182,0.04000000,,兖矿能源
2025-05-13,600188,80.43000000,81.17000000,82.18000000,80.31000000,436715.00000000,,2.30380683,1.07085045,0.86000000,,兖矿能源
2025-05-14,600188,81.17000000,82.46000000,82.46000000,80.94000000,379787.00000000,,1.84331797,1.58925711,1.29000000,,兖矿能源
2025-05-15,600188,82.42000000,82.11000000,82.92000000,82.03000000,264416.00000000,,1.08391183,-0.42444822,-0.35000000,,兖矿能源
2025-05-16,600188,81.99000000,81.60000000,82.18000000,81.29000000,228040.00000000,,1.09068627,-0.62111801,-0.51000000,,兖矿能源
2025-05-19,600188,81.68000000,81.36000000,81.83000000,81.25000000,130167.00000000,,0.71288102,-0.29411765,-0.24000000,,兖矿能源
2025-05-20,600188,81.52000000,81.48000000,81.60000000,81.17000000,119925.00000000,,0.52773687,0.14749263,0.12000000,,兖矿能源
2025-05-21,600188,81.52000000,82.96000000,83.35000000,81.52000000,462014.00000000,,2.20588235,1.81639666,1.48000000,,兖矿能源
2025-05-22,600188,82.96000000,82.73000000,83.16000000,82.61000000,163705.00000000,,0.66481325,-0.27724204,-0.23000000,,兖矿能源
2025-05-23,600188,83.04000000,82.22000000,83.59000000,82.18000000,208423.00000000,,1.71491121,-0.61646319,-0.51000000,,兖矿能源
2025-05-26,600188,81.99000000,82.14000000,82.69000000,81.95000000,163183.00000000,,0.90090090,-0.09729993,-0.08000000,,兖矿能源
2025-05-27,600188,82.14000000,81.56000000,82.30000000,81.33000000,171224.00000000,,1.18930848,-0.70611152,-0.58000000,,兖矿能源
2025-05-28,600188,81.60000000,82.22000000,82.38000000,81.33000000,159373.00000000,,1.27706154,0.80922021,0.66000000,,兖矿能源
2025-05-29,600188,82.14000000,82.42000000,82.77000000,81.87000000,135725.00000000,,1.09196797,0.24324982,0.20000000,,兖矿能源
2025-05-30,600188,82.34000000,82.11000000,82.50000000,81.91000000,132156.00000000,,0.71854829,-0.37612230,-0.31000000,,兖矿能源
2025-06-03,600188,81.99000000,81.64000000,82.18000000,81.44000000,223378.00000000,,0.90641842,-0.57240287,-0.47000000,,兖矿能源
2025-06-04,600188,81.64000000,82.03000000,82.11000000,81.48000000,151541.00000000,,0.76801170,0.47770701,0.39000000,,兖矿能源
2025-06-05,600188,81.91000000,81.40000000,82.26000000,81.36000000,171457.00000000,,1.10565111,-0.76801170,-0.63000000,,兖矿能源
2025-06-06,600188,81.52000000,81.05000000,81.91000000,81.05000000,209204.00000000,,1.06107341,-0.42997543,-0.35000000,,兖矿能源
2025-06-09,600188,81.05000000,81.09000000,81.48000000,80.74000000,165875.00000000,,0.91256628,0.04935225,0.04000000,,兖矿能源
2025-06-10,600188,81.44000000,81.79000000,82.73000000,81.33000000,417578.00000000,,1.71170070,0.86323838,0.70000000,,兖矿能源
2025-06-11,600188,81.91000000,82.42000000,82.57000000,81.64000000,247550.00000000,,1.12836690,0.77026531,0.63000000,,兖矿能源
2025-06-12,600188,82.42000000,82.03000000,82.61000000,81.99000000,166239.00000000,,0.75582104,-0.47318612,-0.39000000,,兖矿能源
2025-06-13,600188,82.22000000,82.53000000,82.96000000,82.18000000,350812.00000000,,0.94511087,0.60953310,0.50000000,,兖矿能源
2025-06-16,600188,82.81000000,82.22000000,82.92000000,81.99000000,260262.00000000,,1.13111165,-0.37562099,-0.31000000,,兖矿能源
2025-06-17,600188,82.03000000,82.65000000,82.81000000,81.99000000,273349.00000000,,0.99213551,0.52298711,0.43000000,,兖矿能源
2025-06-18,600188,82.77000000,81.79000000,82.85000000,81.40000000,366735.00000000,,1.77283286,-1.04053237,-0.86000000,,兖矿能源
2025-06-19,600188,81.64000000,81.09000000,81.75000000,81.01000000,215869.00000000,,0.91256628,-0.85585035,-0.70000000,,兖矿能源
2025-06-20,600188,81.29000000,81.56000000,81.79000000,81.21000000,159961.00000000,,0.71113291,0.57960291,0.47000000,,兖矿能源
2025-06-23,600188,81.56000000,81.83000000,82.18000000,80.82000000,251713.00000000,,1.66198216,0.33104463,0.27000000,,兖矿能源
2025-06-24,600188,81.79000000,81.72000000,81.99000000,81.25000000,178804.00000000,,0.90553108,-0.13442503,-0.11000000,,兖矿能源
2025-06-25,600188,81.72000000,81.68000000,81.72000000,81.33000000,150169.00000000,,0.47747307,-0.04894763,-0.04000000,,兖矿能源
2025-06-26,600188,81.60000000,81.44000000,82.11000000,81.40000000,208524.00000000,,0.87180747,-0.29382958,-0.24000000,,兖矿能源
2025-06-27,600188,81.52000000,81.48000000,81.95000000,81.25000000,222417.00000000,,0.85910653,0.04911591,0.04000000,,兖矿能源
2025-06-30,600188,81.52000000,81.48000000,81.56000000,81.33000000,178923.00000000,,0.28227786,0.00000000,0.00000000,,兖矿能源
2025-07-01,600188,81.48000000,81.36000000,81.52000000,81.21000000,201664.00000000,,0.38102262,-0.14727541,-0.12000000,,兖矿能源
2025-07-02,600188,81.36000000,82.18000000,82.18000000,81.21000000,356957.00000000,,1.18033585,1.00786627,0.82000000,,兖矿能源
2025-07-03,600188,82.14000000,81.95000000,82.46000000,81.72000000,207351.00000000,,0.90298963,-0.27987345,-0.23000000,,兖矿能源
2025-07-04,600188,81.99000000,81.95000000,82.34000000,81.79000000,194631.00000000,,0.67114094,0.00000000,0.00000000,,兖矿能源
2025-07-07,600188,82.07000000,82.11000000,82.14000000,81.56000000,161102.00000000,,0.70636950,0.19524100,0.16000000,,兖矿能源
2025-07-08,600188,82.11000000,82.26000000,82.42000000,82.03000000,177031.00000000,,0.47410649,0.18268177,0.15000000,,兖矿能源
2025-07-09,600188,82.34000000,82.11000000,82.38000000,82.07000000,145904.00000000,,0.37754232,-0.18234865,-0.15000000,,兖矿能源
2025-07-10,600188,82.22000000,82.65000000,82.81000000,82.18000000,343068.00000000,,0.76225045,0.65765437,0.54000000,,兖矿能源
2025-07-11,600188,82.77000000,82.11000000,83.16000000,82.11000000,465202.00000000,,1.27877238,-0.65335753,-0.54000000,,兖矿能源
2025-07-14,600188,82.03000000,82.34000000,82.73000000,82.03000000,263624.00000000,,0.85013359,0.28011204,0.23000000,,兖矿能源
2025-07-15,600188,82.46000000,81.68000000,82.53000000,81.60000000,291523.00000000,,1.13858962,-0.80155453,-0.66000000,,兖矿能源
2025-07-16,600188,81.72000000,81.75000000,81.87000000,81.60000000,140650.00000000,,0.33027523,0.08570029,0.07000000,,兖矿能源
2025-07-17,600188,81.75000000,81.79000000,81.83000000,81.56000000,140962.00000000,,0.33011371,0.04892966,0.04000000,,兖矿能源
2025-07-18,600188,81.91000000,82.18000000,82.42000000,81.87000000,248583.00000000,,0.66926259,0.47683091,0.39000000,,兖矿能源
2025-07-21,600188,82.30000000,83.78000000,84.06000000,82.22000000,668249.00000000,,2.19622822,1.94694573,1.60000000,,兖矿能源
2025-07-22,600188,83.94000000,86.90000000,87.49000000,83.43000000,1375675.00000000,,4.67203682,3.72403915,3.12000000,,兖矿能源
2025-07-23,600188,87.84000000,86.08000000,88.23000000,85.58000000,958363.00000000,,3.07853160,-0.94361335,-0.82000000,,兖矿能源
2025-07-24,600188,85.85000000,86.79000000,86.98000000,85.26000000,733677.00000000,,1.98179514,0.82481413,0.71000000,,兖矿能源
2025-07-25,600188,86.90000000,85.93000000,86.94000000,85.77000000,483727.00000000,,1.36157337,-0.99089757,-0.86000000,,兖矿能源
2025-07-28,600188,84.80000000,84.45000000,85.30000000,84.13000000,463972.00000000,,1.38543517,-1.72233213,-1.48000000,,兖矿能源
2025-07-29,600188,84.37000000,84.52000000,84.72000000,83.94000000,310304.00000000,,0.92285850,0.08288928,0.07000000,,兖矿能源
2025-07-30,600188,85.07000000,84.72000000,85.65000000,84.41000000,382984.00000000,,1.46364495,0.23663038,0.20000000,,兖矿能源
2025-07-31,600188,84.29000000,83.24000000,84.33000000,82.77000000,511551.00000000,,1.87409899,-1.74693107,-1.48000000,,兖矿能源
2025-08-01,600188,83.20000000,83.51000000,83.63000000,83.12000000,247881.00000000,,0.61070530,0.32436329,0.27000000,,兖矿能源
2025-08-04,600188,83.28000000,84.06000000,84.09000000,83.00000000,302142.00000000,,1.29669284,0.65860376,0.55000000,,兖矿能源
2025-08-05,600188,84.06000000,84.64000000,84.80000000,83.90000000,296639.00000000,,1.06332703,0.68998335,0.58000000,,兖矿能源
2025-08-06,600188,84.64000000,85.93000000,86.01000000,84.48000000,572774.00000000,,1.78051903,1.52410208,1.29000000,,兖矿能源
2025-08-07,600188,85.81000000,87.02000000,87.29000000,85.65000000,718974.00000000,,1.88462422,1.26847434,1.09000000,,兖矿能源
2025-08-08,600188,87.02000000,86.40000000,87.29000000,86.08000000,408492.00000000,,1.40046296,-0.71247989,-0.62000000,,兖矿能源
2025-08-11,600188,86.63000000,85.93000000,86.79000000,85.81000000,319070.00000000,,1.14046317,-0.54398148,-0.47000000,,兖矿能源
2025-08-12,600188,86.16000000,86.43000000,87.29000000,85.89000000,401099.00000000,,1.61980794,0.58186896,0.50000000,,兖矿能源
2025-08-13,600188,86.40000000,85.81000000,86.43000000,85.73000000,372034.00000000,,0.81575574,-0.71734351,-0.62000000,,兖矿能源
2025-08-14,600188,85.30000000,84.99000000,85.81000000,84.99000000,342504.00000000,,0.96481939,-0.95559958,-0.82000000,,兖矿能源
2025-08-15,600188,84.91000000,84.91000000,85.58000000,84.72000000,427038.00000000,,1.01283712,-0.09412872,-0.08000000,,兖矿能源
2025-08-18,600188,85.42000000,84.45000000,85.65000000,84.33000000,500799.00000000,,1.56305506,-0.54175009,-0.46000000,,兖矿能源
2025-08-19,600188,84.41000000,84.21000000,84.64000000,84.13000000,361984.00000000,,0.60562879,-0.28419183,-0.24000000,,兖矿能源
2025-08-20,600188,84.13000000,84.25000000,84.41000000,83.94000000,318932.00000000,,0.55786350,0.04750030,0.04000000,,兖矿能源
2025-08-21,600188,84.33000000,85.58000000,86.01000000,84.33000000,643870.00000000,,1.96307548,1.57863501,1.33000000,,兖矿能源
2025-08-22,600188,85.58000000,85.38000000,85.62000000,84.84000000,375433.00000000,,0.91356290,-0.23369946,-0.20000000,,兖矿能源
2025-08-25,600188,85.65000000,86.36000000,86.51000000,85.34000000,536853.00000000,,1.35479389,1.14780979,0.98000000,,兖矿能源
2025-08-26,600188,86.36000000,85.85000000,86.40000000,85.77000000,356901.00000000,,0.73383809,-0.59055118,-0.51000000,,兖矿能源
2025-08-27,600188,85.81000000,84.56000000,85.89000000,84.56000000,476964.00000000,,1.57284768,-1.50262085,-1.29000000,,兖矿能源
2025-08-28,600188,84.48000000,84.68000000,84.87000000,83.94000000,300052.00000000,,1.09825224,0.14191107,0.12000000,,兖矿能源
2025-08-29,600188,84.72000000,84.52000000,85.23000000,84.41000000,260992.00000000,,0.97018457,-0.18894662,-0.16000000,,兖矿能源
2025-09-01,600188,84.52000000,84.99000000,85.23000000,84.06000000,323594.00000000,,1.37663255,0.55608140,0.47000000,,兖矿能源
2025-09-02,600188,85.07000000,84.68000000,85.26000000,84.48000000,286466.00000000,,0.92111479,-0.36474879,-0.31000000,,兖矿能源
2025-09-03,600188,84.68000000,84.17000000,85.07000000,83.94000000,250595.00000000,,1.34252109,-0.60226736,-0.51000000,,兖矿能源
2025-09-04,600188,84.06000000,84.02000000,84.25000000,83.24000000,302648.00000000,,1.20209474,-0.17821076,-0.15000000,,兖矿能源
2025-09-05,600188,83.98000000,84.68000000,84.84000000,83.78000000,269414.00000000,,1.25177137,0.78552726,0.66000000,,兖矿能源
2025-09-08,600188,84.60000000,85.50000000,85.69000000,84.37000000,397940.00000000,,1.54385965,0.96835144,0.82000000,,兖矿能源
2025-09-09,600188,85.54000000,85.42000000,85.73000000,85.19000000,253108.00000000,,0.63217045,-0.09356725,-0.08000000,,兖矿能源
2025-09-10,600188,85.34000000,84.91000000,85.38000000,84.84000000,185854.00000000,,0.63596749,-0.59704987,-0.51000000,,兖矿能源
2025-09-11,600188,85.07000000,85.11000000,85.26000000,84.64000000,222430.00000000,,0.72846904,0.23554352,0.20000000,,兖矿能源
2025-09-12,600188,85.11000000,85.26000000,85.50000000,84.80000000,288355.00000000,,0.82101806,0.17624251,0.15000000,,兖矿能源
2025-09-15,600188,85.38000000,86.24000000,86.40000000,85.11000000,582996.00000000,,1.49582560,1.14942529,0.98000000,,兖矿能源
2025-09-16,600188,86.43000000,86.75000000,86.90000000,86.01000000,469534.00000000,,1.02593660,0.59137291,0.51000000,,兖矿能源
2025-09-17,600188,86.51000000,87.84000000,87.96000000,86.40000000,685082.00000000,,1.77595628,1.25648415,1.09000000,,兖矿能源
2025-09-18,600188,87.72000000,85.73000000,87.80000000,85.42000000,643915.00000000,,2.77615770,-2.40209472,-2.11000000,,兖矿能源
2025-09-19,600188,85.73000000,87.64000000,87.88000000,85.73000000,672700.00000000,,2.45321771,2.22792488,1.91000000,,兖矿能源
2025-09-22,600188,87.64000000,87.14000000,88.07000000,86.94000000,341723.00000000,,1.29676383,-0.57051575,-0.50000000,,兖矿能源
2025-09-23,600188,87.14000000,88.46000000,88.62000000,86.59000000,686815.00000000,,2.29482252,1.51480376,1.32000000,,兖矿能源
2025-09-24,600188,88.19000000,88.07000000,88.38000000,87.49000000,458151.00000000,,1.01055978,-0.44087723,-0.39000000,,兖矿能源
2025-09-25,600188,87.80000000,88.23000000,88.74000000,87.57000000,516350.00000000,,1.32607956,0.18167367,0.16000000,,兖矿能源
2025-09-26,600188,88.23000000,87.68000000,88.50000000,87.68000000,299457.00000000,,0.93521898,-0.62337074,-0.55000000,,兖矿能源
2025-09-29,600188,87.37000000,87.02000000,87.37000000,86.51000000,356104.00000000,,0.98827856,-0.75273723,-0.66000000,,兖矿能源
2025-09-30,600188,87.06000000,86.63000000,87.10000000,86.43000000,245773.00000000,,0.77340413,-0.44817283,-0.39000000,,兖矿能源
2025-10-09,600188,86.63000000,87.96000000,87.96000000,86.36000000,528696.00000000,,1.81900864,1.53526492,1.33000000,,兖矿能源
2025-10-10,600188,87.96000000,89.48000000,90.18000000,87.37000000,836873.00000000,,3.14036656,1.72805821,1.52000000,,兖矿能源
2025-10-13,600188,88.23000000,89.20000000,89.40000000,88.11000000,574027.00000000,,1.44618834,-0.31291909,-0.28000000,,兖矿能源
2025-10-14,600188,89.20000000,90.72000000,91.08000000,88.89000000,1051311.00000000,,2.41402116,1.70403587,1.52000000,,兖矿能源
2025-10-15,600188,90.84000000,90.37000000,91.00000000,90.02000000,626878.00000000,,1.08443067,-0.38580247,-0.35000000,,兖矿能源
2025-10-16,600188,90.69000000,92.44000000,92.52000000,90.41000000,1017058.00000000,,2.28256166,2.29058316,2.07000000,,兖矿能源
2025-10-17,600188,92.44000000,93.34000000,94.82000000,91.86000000,1254679.00000000,,3.17120206,0.97360450,0.90000000,,兖矿能源
2025-10-20,600188,93.42000000,95.13000000,95.56000000,92.09000000,1243247.00000000,,3.64764007,1.91772016,1.79000000,,兖矿能源
2025-10-21,600188,94.20000000,93.26000000,94.20000000,91.97000000,1095080.00000000,,2.39116449,-1.96573110,-1.87000000,,兖矿能源
2025-10-22,600188,92.48000000,92.28000000,92.87000000,91.58000000,594892.00000000,,1.39791938,-1.05082565,-0.98000000,,兖矿能源
2025-10-23,600188,92.17000000,92.71000000,93.49000000,92.13000000,669632.00000000,,1.46693992,0.46597313,0.43000000,,兖矿能源
2025-10-24,600188,92.17000000,92.99000000,93.73000000,91.89000000,806033.00000000,,1.97870739,0.30201704,0.28000000,,兖矿能源
2025-10-27,600188,92.48000000,93.49000000,94.59000000,91.23000000,756911.00000000,,3.59396727,0.53769222,0.50000000,,兖矿能源
2025-10-28,600188,93.26000000,92.01000000,93.69000000,91.93000000,441062.00000000,,1.91283556,-1.58305701,-1.48000000,,兖矿能源
2025-10-29,600188,92.01000000,92.79000000,93.06000000,91.62000000,348357.00000000,,1.55189137,0.84773394,0.78000000,,兖矿能源
2025-10-30,600188,92.67000000,92.32000000,93.30000000,92.21000000,382331.00000000,,1.18067591,-0.50652010,-0.47000000,,兖矿能源
2025-10-31,600188,92.13000000,92.13000000,92.44000000,91.62000000,333848.00000000,,0.89004667,-0.20580589,-0.19000000,,兖矿能源
2025-11-03,600188,92.56000000,94.16000000,94.59000000,92.52000000,784384.00000000,,2.19838573,2.20340823,2.03000000,,兖矿能源
2025-11-04,600188,94.16000000,94.16000000,94.90000000,93.73000000,521353.00000000,,1.24256585,0.00000000,0.00000000,,兖矿能源
2025-11-05,600188,93.81000000,95.13000000,96.34000000,93.45000000,652552.00000000,,3.03794807,1.03016143,0.97000000,,兖矿能源
2025-11-06,600188,95.21000000,95.33000000,95.68000000,94.55000000,415961.00000000,,1.18535613,0.21023862,0.20000000,,兖矿能源
2025-11-07,600188,95.37000000,94.94000000,96.15000000,94.59000000,343851.00000000,,1.64314304,-0.40910521,-0.39000000,,兖矿能源
2025-11-10,600188,94.86000000,96.07000000,96.77000000,94.51000000,542309.00000000,,2.35245134,1.19022541,1.13000000,,兖矿能源
2025-11-11,600188,95.95000000,93.84000000,95.95000000,92.91000000,767495.00000000,,3.23955669,-2.32122411,-2.23000000,,兖矿能源
2025-11-12,600188,93.49000000,93.03000000,94.00000000,92.91000000,334415.00000000,,1.17166505,-0.86317136,-0.81000000,,兖矿能源
2025-11-13,600188,92.91000000,93.22000000,93.53000000,92.13000000,328324.00000000,,1.50182364,0.20423519,0.19000000,,兖矿能源
2025-11-14,600188,93.22000000,91.86000000,93.61000000,91.78000000,371517.00000000,,1.99216199,-1.45891440,-1.36000000,,兖矿能源
2025-11-17,600188,92.25000000,92.64000000,93.14000000,91.35000000,387812.00000000,,1.93221071,0.84911822,0.78000000,,兖矿能源
2025-11-18,600188,92.17000000,90.84000000,92.25000000,90.72000000,370961.00000000,,1.68428005,-1.94300518,-1.80000000,,兖矿能源
2025-11-19,600188,90.61000000,91.47000000,91.86000000,90.49000000,241476.00000000,,1.49775883,0.69352708,0.63000000,,兖矿能源
2025-11-20,600188,91.31000000,90.06000000,91.82000000,89.83000000,364217.00000000,,2.20963802,-1.54148901,-1.41000000,,兖矿能源
2025-11-21,600188,89.91000000,89.16000000,90.30000000,89.05000000,317317.00000000,,1.40197398,-0.99933378,-0.90000000,,兖矿能源
2025-11-24,600188,89.16000000,88.77000000,89.52000000,87.96000000,344258.00000000,,1.75735046,-0.43741588,-0.39000000,,兖矿能源
2025-11-25,600188,88.93000000,88.77000000,89.13000000,88.46000000,229914.00000000,,0.75475949,0.00000000,0.00000000,,兖矿能源
2025-11-26,600188,88.62000000,88.46000000,89.05000000,88.27000000,260048.00000000,,0.88175447,-0.34921708,-0.31000000,,兖矿能源
2025-11-27,600188,88.46000000,89.32000000,89.67000000,88.15000000,313382.00000000,,1.70174653,0.97219082,0.86000000,,兖矿能源
2025-11-28,600188,89.36000000,88.97000000,89.55000000,88.62000000,219314.00000000,,1.04529617,-0.39184953,-0.35000000,,兖矿能源
2025-12-01,600188,89.01000000,89.24000000,89.59000000,88.89000000,237997.00000000,,0.78440161,0.30347308,0.27000000,,兖矿能源
2025-12-02,600188,89.32000000,89.05000000,89.55000000,88.70000000,171678.00000000,,0.95451993,-0.21290901,-0.19000000,,兖矿能源
2025-12-03,600188,89.13000000,89.13000000,89.94000000,88.93000000,244075.00000000,,1.13317626,0.08983717,0.08000000,,兖矿能源
2025-12-04,600188,88.97000000,89.09000000,89.40000000,88.66000000,179999.00000000,,0.83062072,-0.04487827,-0.04000000,,兖矿能源
2025-12-05,600188,89.01000000,88.89000000,89.01000000,87.76000000,277533.00000000,,1.40623242,-0.22449209,-0.20000000,,兖矿能源
2025-12-08,600188,88.35000000,87.45000000,88.35000000,87.10000000,444187.00000000,,1.42938822,-1.61997975,-1.44000000,,兖矿能源
2025-12-09,600188,87.37000000,87.10000000,87.68000000,87.02000000,285069.00000000,,0.75774971,-0.40022870,-0.35000000,,兖矿能源
2025-12-10,600188,86.98000000,87.18000000,87.37000000,86.94000000,165609.00000000,,0.49323239,0.09184845,0.08000000,,兖矿能源
2025-12-11,600188,87.10000000,87.06000000,87.96000000,87.02000000,217925.00000000,,1.07971514,-0.13764625,-0.12000000,,兖矿能源
2025-12-12,600188,87.18000000,86.59000000,87.68000000,86.40000000,394144.00000000,,1.47823074,-0.53985757,-0.47000000,,兖矿能源
2025-12-15,600188,86.59000000,86.47000000,87.25000000,86.36000000,273757.00000000,,1.02925870,-0.13858413,-0.12000000,,兖矿能源
2025-12-16,600188,86.36000000,85.93000000,86.40000000,85.73000000,193184.00000000,,0.77970441,-0.62449404,-0.54000000,,兖矿能源
2025-12-17,600188,86.08000000,86.32000000,86.51000000,85.50000000,238656.00000000,,1.17006487,0.45385779,0.39000000,,兖矿能源
2025-12-18,600188,86.55000000,88.23000000,88.38000000,86.55000000,495075.00000000,,2.07412445,2.21269694,1.91000000,,兖矿能源
2025-12-19,600188,87.84000000,87.60000000,88.03000000,87.25000000,255915.00000000,,0.89041096,-0.71404284,-0.63000000,,兖矿能源
2025-12-22,600188,87.57000000,87.33000000,87.68000000,86.82000000,239944.00000000,,0.98477041,-0.30821918,-0.27000000,,兖矿能源
2025-12-23,600188,87.29000000,87.18000000,87.88000000,87.10000000,200918.00000000,,0.89470062,-0.17176228,-0.15000000,,兖矿能源
2025-12-24,600188,87.06000000,87.25000000,87.41000000,86.40000000,285942.00000000,,1.15759312,0.08029365,0.07000000,,兖矿能源
2025-12-25,600188,87.02000000,86.75000000,87.18000000,86.51000000,196157.00000000,,0.77233429,-0.57306590,-0.50000000,,兖矿能源
2025-12-26,600188,86.51000000,87.10000000,87.53000000,86.47000000,266877.00000000,,1.21699196,0.40345821,0.35000000,,兖矿能源
2025-12-29,600188,87.14000000,87.21000000,88.23000000,86.98000000,320398.00000000,,1.43332187,0.12629162,0.11000000,,兖矿能源
2025-12-30,600188,86.98000000,86.40000000,87.06000000,86.01000000,346225.00000000,,1.21527778,-0.92879257,-0.81000000,,兖矿能源
2025-12-31,600188,86.40000000,86.01000000,86.51000000,85.58000000,239122.00000000,,1.08126962,-0.45138889,-0.39000000,,兖矿能源
2026-01-05,600188,86.01000000,86.36000000,86.75000000,85.89000000,315732.00000000,,0.99583140,0.40692943,0.35000000,,兖矿能源
2026-01-06,600188,86.36000000,87.60000000,87.76000000,86.16000000,515695.00000000,,1.82648402,1.43584993,1.24000000,,兖矿能源
2026-01-07,600188,88.19000000,89.52000000,89.63000000,87.41000000,830807.00000000,,2.47989276,2.19178082,1.92000000,,兖矿能源
2026-01-08,600188,89.91000000,90.30000000,90.96000000,88.93000000,778732.00000000,,2.24806202,0.87131367,0.78000000,,兖矿能源
2026-01-09,600188,89.75000000,90.30000000,90.53000000,89.32000000,405471.00000000,,1.33997785,0.00000000,0.00000000,,兖矿能源
2026-01-12,600188,89.91000000,90.06000000,90.76000000,89.67000000,369546.00000000,,1.21030424,-0.26578073,-0.24000000,,兖矿能源
2026-01-13,600188,89.91000000,89.36000000,90.26000000,89.20000000,274998.00000000,,1.18621307,-0.77725960,-0.70000000,,兖矿能源
2026-01-14,600188,89.59000000,89.32000000,89.87000000,89.05000000,372861.00000000,,0.91804747,-0.04476276,-0.04000000,,兖矿能源
2026-01-15,600188,89.28000000,88.97000000,89.71000000,88.81000000,230906.00000000,,1.01157694,-0.39184953,-0.35000000,,兖矿能源
2026-01-16,600188,88.97000000,88.19000000,89.24000000,87.76000000,298841.00000000,,1.67819481,-0.87670001,-0.78000000,,兖矿能源
2026-01-19,600188,88.35000000,88.77000000,89.09000000,88.15000000,243202.00000000,,1.05891630,0.65767094,0.58000000,,兖矿能源
2026-01-20,600188,88.70000000,89.28000000,89.79000000,88.31000000,302224.00000000,,1.65770609,0.57451842,0.51000000,,兖矿能源
2026-01-21,600188,89.24000000,88.70000000,89.24000000,88.35000000,353642.00000000,,1.00338219,-0.64964158,-0.58000000,,兖矿能源
2026-01-22,600188,88.74000000,89.52000000,89.83000000,88.62000000,357096.00000000,,1.35165326,0.92446449,0.82000000,,兖矿能源
2026-01-23,600188,89.71000000,88.74000000,89.91000000,88.54000000,377061.00000000,,1.54383593,-0.87131367,-0.78000000,,兖矿能源
2026-01-26,600188,88.74000000,90.53000000,90.92000000,88.58000000,795266.00000000,,2.58477853,2.01712869,1.79000000,,兖矿能源
2026-01-27,600188,90.53000000,88.97000000,91.74000000,88.89000000,604610.00000000,,3.20332696,-1.72318568,-1.56000000,,兖矿能源
2026-01-28,600188,88.85000000,91.04000000,91.86000000,88.81000000,1066512.00000000,,3.35017575,2.32662695,2.07000000,,兖矿能源
2026-01-29,600188,91.66000000,91.97000000,92.75000000,91.00000000,951528.00000000,,1.90279439,1.02152900,0.93000000,,兖矿能源
2026-01-30,600188,92.17000000,91.82000000,93.81000000,91.27000000,940451.00000000,,2.76628186,-0.16309666,-0.15000000,,兖矿能源
2026-02-02,600188,90.88000000,88.66000000,90.88000000,88.54000000,635043.00000000,,2.63929619,-3.44151601,-3.16000000,,兖矿能源
2026-02-03,600188,89.16000000,88.85000000,89.52000000,88.27000000,313359.00000000,,1.40686550,0.21430183,0.19000000,,兖矿能源
2026-02-04,600188,89.32000000,94.27000000,94.27000000,88.89000000,1139166.00000000,,5.70701177,6.10016882,5.42000000,,兖矿能源
2026-02-05,600188,94.27000000,94.94000000,95.83000000,93.61000000,1902588.00000000,,2.33831894,0.71072451,0.67000000,,兖矿能源
2026-02-06,600188,94.35000000,95.44000000,96.34000000,93.42000000,1225135.00000000,,3.05951383,0.52664841,0.50000000,,兖矿能源
2026-02-09,600188,94.90000000,96.69000000,97.04000000,94.82000000,989750.00000000,,2.29599752,1.30972339,1.25000000,,兖矿能源
2026-02-10,600188,97.28000000,96.69000000,97.47000000,96.07000000,624791.00000000,,1.44792636,0.00000000,0.00000000,,兖矿能源
2026-02-11,600188,95.95000000,99.66000000,99.97000000,95.87000000,1120775.00000000,,4.11398756,3.07167235,2.97000000,,兖矿能源
2026-02-12,600188,99.69000000,103.01000000,103.32000000,99.07000000,1193373.00000000,,4.12581303,3.36142886,3.35000000,,兖矿能源
2026-02-13,600188,101.92000000,102.39000000,104.45000000,100.86000000,929118.00000000,,3.50620178,-0.60188331,-0.62000000,,兖矿能源
2026-02-24,600188,103.75000000,103.71000000,104.80000000,102.35000000,804716.00000000,,2.36235657,1.28918840,1.32000000,,兖矿能源
2026-02-25,600188,103.32000000,101.80000000,104.26000000,101.37000000,794181.00000000,,2.83889980,-1.84167390,-1.91000000,,兖矿能源
2026-02-26,600188,101.37000000,100.98000000,102.78000000,100.08000000,777604.00000000,,2.67379679,-0.80550098,-0.82000000,,兖矿能源
2026-02-27,600188,100.94000000,103.83000000,103.83000000,100.44000000,823950.00000000,,3.26495233,2.82234106,2.85000000,,兖矿能源
2026-03-02,600188,107.88000000,108.24000000,108.43000000,105.39000000,1452221.00000000,,2.80857354,4.24732736,4.41000000,,兖矿能源
2026-03-03,600188,109.21000000,114.67000000,115.61000000,106.99000000,1926764.00000000,,7.51722334,5.94050259,6.43000000,,兖矿能源
2026-03-04,600188,111.12000000,110.77000000,113.07000000,106.68000000,1463462.00000000,,5.76870994,-3.40106392,-3.90000000,,兖矿能源
2026-03-05,600188,108.04000000,113.23000000,114.75000000,106.52000000,1210127.00000000,,7.26839177,2.22081791,2.46000000,,兖矿能源
2026-03-06,600188,111.75000000,109.91000000,112.14000000,108.94000000,779731.00000000,,2.91147302,-2.93208514,-3.32000000,,兖矿能源
2026-03-09,600188,115.80000000,113.81000000,117.44000000,113.11000000,1567505.00000000,,3.80458659,3.54835775,3.90000000,,兖矿能源
2026-03-10,600188,109.52000000,110.69000000,112.33000000,108.39000000,1040777.00000000,,3.55949047,-2.74141112,-3.12000000,,兖矿能源
2026-03-11,600188,109.33000000,113.31000000,114.24000000,109.29000000,977234.00000000,,4.36854647,2.36697082,2.62000000,,兖矿能源
2026-03-12,600188,114.67000000,121.18000000,121.18000000,113.50000000,1253741.00000000,,6.33767949,6.94554761,7.87000000,,兖矿能源
2026-03-13,600188,121.34000000,119.62000000,123.80000000,118.77000000,1397384.00000000,,4.20498244,-1.28734115,-1.56000000,,兖矿能源
2026-03-16,600188,119.27000000,116.23000000,120.56000000,115.76000000,986960.00000000,,4.12974275,-2.83397425,-3.39000000,,兖矿能源
2026-03-17,600188,114.40000000,112.72000000,116.43000000,112.25000000,921037.00000000,,3.70830376,-3.01987439,-3.51000000,,兖矿能源
2026-03-18,600188,112.68000000,112.45000000,115.26000000,110.69000000,772485.00000000,,4.06402846,-0.23953158,-0.27000000,,兖矿能源
2026-03-19,600188,115.45000000,115.29000000,116.58000000,113.66000000,1108488.00000000,,2.53274352,2.52556692,2.84000000,,兖矿能源
2026-03-20,600188,112.72000000,116.85000000,117.60000000,112.68000000,879423.00000000,,4.21052632,1.35310955,1.56000000,,兖矿能源
2026-03-23,600188,118.57000000,115.68000000,120.52000000,115.06000000,1122283.00000000,,4.71991701,-1.00128370,-1.17000000,,兖矿能源
2026-03-24,600188,113.66000000,114.79000000,115.68000000,113.46000000,658108.00000000,,1.93396637,-0.76936376,-0.89000000,,兖矿能源
2026-03-25,600188,111.94000000,111.51000000,112.37000000,109.64000000,1036012.00000000,,2.44821092,-2.85739176,-3.28000000,,兖矿能源
2026-03-26,600188,111.28000000,114.75000000,115.45000000,110.89000000,843429.00000000,,3.97385621,2.90556901,3.24000000,,兖矿能源
2026-03-27,600188,113.70000000,114.24000000,115.45000000,113.31000000,432774.00000000,,1.87324930,-0.44444444,-0.51000000,,兖矿能源
2026-03-30,600188,114.09000000,113.31000000,116.62000000,112.99000000,665204.00000000,,3.20360074,-0.81407563,-0.93000000,,兖矿能源
2026-03-31,600188,112.45000000,110.19000000,114.24000000,109.99000000,768151.00000000,,3.85697432,-2.75350808,-3.12000000,,兖矿能源
2026-04-01,600188,108.82000000,108.86000000,111.43000000,107.81000000,864865.00000000,,3.32537204,-1.20700608,-1.33000000,,兖矿能源
2026-04-02,600188,109.60000000,110.22000000,111.08000000,109.02000000,475880.00000000,,1.86898929,1.24931104,1.36000000,,兖矿能源
2026-04-03,600188,110.15000000,109.60000000,110.26000000,108.90000000,289498.00000000,,1.24087591,-0.56251134,-0.62000000,,兖矿能源
2026-04-07,600188,109.41000000,112.21000000,112.95000000,108.70000000,509089.00000000,,3.78754122,2.38138686,2.61000000,,兖矿能源
2026-04-08,600188,107.77000000,108.98000000,109.41000000,106.64000000,889574.00000000,,2.54175078,-2.87853133,-3.23000000,,兖矿能源
2026-04-09,600188,108.59000000,108.63000000,109.56000000,107.85000000,576235.00000000,,1.57415079,-0.32115985,-0.35000000,,兖矿能源
2026-04-10,600188,108.31000000,110.03000000,110.38000000,107.96000000,532565.00000000,,2.19940016,1.28877842,1.40000000,,兖矿能源
2026-04-13,600188,112.29000000,112.25000000,112.72000000,110.19000000,690150.00000000,,2.25389755,2.01763156,2.22000000,,兖矿能源
2026-04-14,600188,111.16000000,110.73000000,111.78000000,109.83000000,539271.00000000,,1.76104037,-1.35412027,-1.52000000,,兖矿能源
2026-04-15,600188,110.73000000,109.56000000,110.73000000,105.74000000,687599.00000000,,4.55458196,-1.05662422,-1.17000000,,兖矿能源
2026-04-16,600188,109.99000000,110.26000000,110.73000000,108.90000000,426006.00000000,,1.65971340,0.63891931,0.70000000,,兖矿能源
2026-04-17,600188,110.30000000,108.82000000,110.58000000,107.77000000,421651.00000000,,2.58224591,-1.30600399,-1.44000000,,兖矿能源
2026-04-20,600188,109.05000000,107.88000000,109.95000000,106.87000000,487036.00000000,,2.85502410,-0.86381180,-0.94000000,,兖矿能源
2026-04-21,600188,107.77000000,110.85000000,112.68000000,107.65000000,628610.00000000,,4.53766351,2.75305895,2.97000000,,兖矿能源
2026-04-22,600188,111.20000000,112.25000000,113.77000000,110.85000000,640366.00000000,,2.60133630,1.26296797,1.40000000,,兖矿能源
2026-04-23,600188,112.25000000,115.18000000,116.58000000,112.25000000,728445.00000000,,3.75933322,2.61024499,2.93000000,,兖矿能源
2026-04-24,600188,115.18000000,115.37000000,117.09000000,114.40000000,582483.00000000,,2.33162867,0.16495919,0.19000000,,兖矿能源
2026-04-27,600188,114.67000000,115.84000000,117.75000000,114.20000000,654281.00000000,,3.06457182,0.40738494,0.47000000,,兖矿能源
2026-04-28,600188,115.68000000,118.41000000,118.88000000,115.18000000,529001.00000000,,3.12473609,2.21857735,2.57000000,,兖矿能源
2026-04-29,600188,117.13000000,125.08000000,126.76000000,117.13000000,949435.00000000,,7.69907259,5.63297019,6.67000000,,兖矿能源
2026-04-30,600188,125.08000000,123.84000000,126.29000000,122.51000000,631709.00000000,,3.05232558,-0.99136553,-1.24000000,,兖矿能源
2026-05-06,600188,120.52000000,123.99000000,124.62000000,120.52000000,587390.00000000,,3.30671828,0.12112403,0.15000000,,兖矿能源
2026-05-07,600188,122.43000000,118.34000000,122.43000000,117.01000000,795749.00000000,,4.58002366,-4.55681910,-5.65000000,,兖矿能源
2026-05-08,600188,118.77000000,118.34000000,119.74000000,117.01000000,466777.00000000,,2.30691229,0.00000000,0.00000000,,兖矿能源
2026-05-11,600188,118.88000000,118.22000000,121.50000000,117.99000000,716956.00000000,,2.96904077,-0.10140274,-0.12000000,,兖矿能源
2026-05-12,600188,118.49000000,116.78000000,120.09000000,116.31000000,494107.00000000,,3.23685563,-1.21806801,-1.44000000,,兖矿能源
2026-05-13,600188,116.82000000,115.72000000,118.14000000,114.94000000,450566.00000000,,2.76529554,-0.90768967,-1.06000000,,兖矿能源
2026-05-14,600188,115.14000000,113.97000000,116.74000000,113.85000000,350369.00000000,,2.53575502,-1.51227100,-1.75000000,,兖矿能源
2026-05-15,600188,113.93000000,117.21000000,118.53000000,113.27000000,666148.00000000,,4.48767170,2.84285338,3.24000000,,兖矿能源
2026-05-18,600188,118.22000000,120.68000000,120.79000000,115.88000000,749463.00000000,,4.06861120,2.96049825,3.47000000,,兖矿能源
2026-05-19,600188,119.74000000,119.55000000,121.14000000,118.96000000,405007.00000000,,1.82350481,-0.93636062,-1.13000000,,兖矿能源
2026-05-20,600188,119.55000000,118.14000000,121.11000000,118.02000000,394204.00000000,,2.61554088,-1.17942284,-1.41000000,,兖矿能源
2026-05-21,600188,115.53000000,113.97000000,117.40000000,113.81000000,528127.00000000,,3.14995174,-3.52971051,-4.17000000,,兖矿能源
2026-05-22,600188,113.66000000,112.76000000,114.16000000,111.63000000,420454.00000000,,2.24370344,-1.06168290,-1.21000000,,兖矿能源
2026-05-25,600188,117.40000000,115.72000000,118.96000000,113.58000000,730121.00000000,,4.64915313,2.62504434,2.96000000,,兖矿能源
2026-05-26,600188,113.58000000,115.26000000,117.09000000,113.58000000,337865.00000000,,3.04528891,-0.39751123,-0.46000000,,兖矿能源
2026-05-27,600188,115.26000000,117.21000000,118.18000000,113.03000000,473768.00000000,,4.39382305,1.69182717,1.95000000,,兖矿能源
2026-05-28,600188,116.54000000,118.57000000,121.30000000,116.23000000,638434.00000000,,4.27595513,1.16031055,1.36000000,,兖矿能源
2026-05-29,600188,117.79000000,119.74000000,121.07000000,117.40000000,551319.00000000,,3.06497411,0.98675888,1.17000000,,兖矿能源
2026-06-01,600188,119.86000000,128.24000000,128.24000000,118.96000000,1038012.00000000,,7.23643169,7.09871388,8.50000000,,兖矿能源
2026-06-02,600188,130.23000000,127.77000000,136.12000000,125.55000000,1063124.00000000,,8.27267747,-0.36650031,-0.47000000,,兖矿能源
2026-06-03,600188,125.59000000,136.00000000,137.10000000,124.65000000,1055346.00000000,,9.15441176,6.44126164,8.23000000,,兖矿能源
2026-06-04,600188,132.22000000,141.07000000,143.14000000,129.30000000,1157979.00000000,,9.81073226,3.72794118,5.07000000,,兖矿能源
2026-06-05,600188,137.45000000,132.42000000,141.58000000,131.05000000,929008.00000000,,7.95197100,-6.13170766,-8.65000000,,兖矿能源
2026-06-08,600188,129.72000000,133.00000000,136.63000000,128.94000000,759971.00000000,,5.78195489,0.43800030,0.58000000,,兖矿能源
2026-06-09,600188,128.75000000,131.05000000,132.14000000,127.54000000,649033.00000000,,3.51011064,-1.46616541,-1.95000000,,兖矿能源
2026-06-10,600188,130.50000000,126.33000000,132.22000000,125.08000000,776820.00000000,,5.65186417,-3.60167875,-4.72000000,,兖矿能源
2026-06-11,600188,126.84000000,124.81000000,128.52000000,124.15000000,487930.00000000,,3.50132201,-1.20319797,-1.52000000,,兖矿能源
2026-06-12,600188,122.51000000,124.23000000,126.02000000,121.96000000,631009.00000000,,3.26813169,-0.46470635,-0.58000000,,兖矿能源
2026-06-15,600188,121.61000000,116.93000000,121.61000000,116.31000000,982398.00000000,,4.53262636,-5.87619738,-7.30000000,,兖矿能源
2026-06-16,600188,115.65000000,115.92000000,117.13000000,113.66000000,818294.00000000,,2.99344375,-0.86376465,-1.01000000,,兖矿能源
2026-06-17,600188,115.26000000,112.92000000,115.88000000,112.49000000,616409.00000000,,3.00212540,-2.58799172,-3.00000000,,兖矿能源
2026-06-18,600188,111.94000000,110.30000000,112.60000000,110.11000000,514306.00000000,,2.25747960,-2.32022671,-2.62000000,,兖矿能源
2026-06-22,600188,110.81000000,112.10000000,113.54000000,110.22000000,639478.00000000,,2.96164139,1.63191296,1.80000000,,兖矿能源
2026-06-23,600188,111.55000000,109.83000000,113.38000000,109.25000000,608406.00000000,,3.76035692,-2.02497770,-2.27000000,,兖矿能源
2026-06-24,600188,109.83000000,107.96000000,109.99000000,107.85000000,498390.00000000,,1.98221564,-1.70263134,-1.87000000,,兖矿能源
2026-06-25,600188,106.87000000,105.58000000,107.77000000,104.96000000,565930.00000000,,2.66148892,-2.20452019,-2.38000000,,兖矿能源
2026-06-26,600188,106.32000000,104.84000000,106.99000000,104.80000000,389205.00000000,,2.08889737,-0.70089032,-0.74000000,,兖矿能源
2026-06-29,600188,104.84000000,106.56000000,106.83000000,103.28000000,527053.00000000,,3.33145646,1.64059519,1.72000000,,兖矿能源
2026-06-30,600188,106.29000000,104.02000000,106.44000000,102.74000000,576780.00000000,,3.55700827,-2.38363363,-2.54000000,,兖矿能源
2026-07-01,600188,104.73000000,105.04000000,106.68000000,102.15000000,567960.00000000,,4.31264280,0.98058066,1.02000000,,兖矿能源
2026-07-02,600188,104.49000000,104.22000000,105.86000000,103.36000000,868485.00000000,,2.39877183,-0.78065499,-0.82000000,,兖矿能源
2026-07-03,600188,104.69000000,104.14000000,105.82000000,103.71000000,629432.00000000,,2.02611869,-0.07676070,-0.08000000,,兖矿能源
